player,team,market,line,over_price,under_price,book,event,game_time,home_team,away_team,is_ladder
AJ Barner,,Anytime TD,,265,,draftkings,Los Angeles Rams @ Seattle Seahawks,2025-12-19T01:15:00Z,Seattle Seahawks,Los Angeles Rams,False
Aaron Rodgers,,Anytime TD,,2500,,draftkings,Pittsburgh Steelers @ Detroit Lions,2025-12-21T21:25:00Z,Detroit Lions,Pittsburgh Steelers,False
Adam Prentice,,Anytime TD,,1900,,draftkings,Jacksonville Jaguars @ Denver Broncos,2025-12-21T21:05:00Z,Denver Broncos,Jacksonville Jaguars,False
Adam Thielen,,Anytime TD,,1000,,draftkings,Pittsburgh Steelers @ Detroit Lions,2025-12-21T21:25:00Z,Detroit Lions,Pittsburgh Steelers,False
Adam Trautman,,Anytime TD,,900,,draftkings,Jacksonville Jaguars @ Denver Broncos,2025-12-21T21:05:00Z,Denver Broncos,Jacksonville Jaguars,False
Alec Pierce,,Anytime TD,,450,,draftkings,San Francisco 49ers @ Indianapolis Colts,2025-12-23T01:15:00Z,Indianapolis Colts,San Francisco 49ers,False
Alex Bachman,,Anytime TD,,3500,,draftkings,Las Vegas Raiders @ Houston Texans,2025-12-21T21:25:00Z,Houston Texans,Las Vegas Raiders,False
Ameer Abdullah,,Anytime TD,,650,,draftkings,San Francisco 49ers @ Indianapolis Colts,2025-12-23T01:15:00Z,Indianapolis Colts,San Francisco 49ers,False
Amon-Ra St. Brown,,Anytime TD,,-105,,draftkings,Pittsburgh Steelers @ Detroit Lions,2025-12-21T21:25:00Z,Detroit Lions,Pittsburgh Steelers,False
Anthony Firkser,,Anytime TD,,850,,draftkings,Pittsburgh Steelers @ Detroit Lions,2025-12-21T21:25:00Z,Detroit Lions,Pittsburgh Steelers,False
Anthony Gould,,Anytime TD,,2400,,betonlineag,San Francisco 49ers @ Indianapolis Colts,2025-12-23T01:15:00Z,Indianapolis Colts,San Francisco 49ers,False
Arizona Cardinals D/ST,,Anytime TD,,525,,draftkings,Atlanta Falcons @ Arizona Cardinals,2025-12-21T21:05:00Z,Arizona Cardinals,Atlanta Falcons,False
Arizona Cardinals Defense,,Anytime TD,,1000,,fanduel,Atlanta Falcons @ Arizona Cardinals,2025-12-21T21:05:00Z,Arizona Cardinals,Atlanta Falcons,False
Ashton Jeanty,,Anytime TD,,265,,draftkings,Las Vegas Raiders @ Houston Texans,2025-12-21T21:25:00Z,Houston Texans,Las Vegas Raiders,False
Atlanta Falcons D/ST,,Anytime TD,,490,,draftkings,Atlanta Falcons @ Arizona Cardinals,2025-12-21T21:05:00Z,Arizona Cardinals,Atlanta Falcons,False
Atlanta Falcons Defense,,Anytime TD,,950,,fanduel,Atlanta Falcons @ Arizona Cardinals,2025-12-21T21:05:00Z,Arizona Cardinals,Atlanta Falcons,False
Austin Hooper,,Anytime TD,,1000,,draftkings,New England Patriots @ Baltimore Ravens,2025-12-22T01:20:00Z,Baltimore Ravens,New England Patriots,False
Baltimore Ravens D/ST,,Anytime TD,,550,,draftkings,New England Patriots @ Baltimore Ravens,2025-12-22T01:20:00Z,Baltimore Ravens,New England Patriots,False
Baltimore Ravens Defense,,Anytime TD,,750,,fanduel,New England Patriots @ Baltimore Ravens,2025-12-22T01:20:00Z,Baltimore Ravens,New England Patriots,False
Ben Skowronek,,Anytime TD,,3300,,draftkings,Pittsburgh Steelers @ Detroit Lions,2025-12-21T21:25:00Z,Detroit Lions,Pittsburgh Steelers,False
Bijan Robinson,,Anytime TD,,-200,,draftkings,Atlanta Falcons @ Arizona Cardinals,2025-12-21T21:05:00Z,Arizona Cardinals,Atlanta Falcons,False
Blake Corum,,Anytime TD,,305,,draftkings,Los Angeles Rams @ Seattle Seahawks,2025-12-19T01:15:00Z,Seattle Seahawks,Los Angeles Rams,False
Bo Melton,,Anytime TD,,2200,,draftkings,Green Bay Packers @ Chicago Bears,2025-12-21T01:20:00Z,Chicago Bears,Green Bay Packers,False
Bo Nix,,Anytime TD,,400,,draftkings,Jacksonville Jaguars @ Denver Broncos,2025-12-21T21:05:00Z,Denver Broncos,Jacksonville Jaguars,False
Brady Russell,,Anytime TD,,3500,,draftkings,Los Angeles Rams @ Seattle Seahawks,2025-12-19T01:15:00Z,Seattle Seahawks,Los Angeles Rams,False
Braxton Berrios,,Anytime TD,,900,,betonlineag,Las Vegas Raiders @ Houston Texans,2025-12-21T21:25:00Z,Houston Texans,Las Vegas Raiders,False
Brenton Strange,,Anytime TD,,360,,draftkings,Jacksonville Jaguars @ Denver Broncos,2025-12-21T21:05:00Z,Denver Broncos,Jacksonville Jaguars,False
Brian Robinson Jr.,,Anytime TD,,430,,draftkings,San Francisco 49ers @ Indianapolis Colts,2025-12-23T01:15:00Z,Indianapolis Colts,San Francisco 49ers,False
Brian Thomas Jr,,Anytime TD,,265,,draftkings,Jacksonville Jaguars @ Denver Broncos,2025-12-21T21:05:00Z,Denver Broncos,Jacksonville Jaguars,False
British Brooks,,Anytime TD,,1400,,draftkings,Las Vegas Raiders @ Houston Texans,2025-12-21T21:25:00Z,Houston Texans,Las Vegas Raiders,False
Brittain Brown,,Anytime TD,,2500,,betrivers,Green Bay Packers @ Chicago Bears,2025-12-21T01:20:00Z,Chicago Bears,Green Bay Packers,False
Brock Bowers,,Anytime TD,,295,,draftkings,Las Vegas Raiders @ Houston Texans,2025-12-21T21:25:00Z,Houston Texans,Las Vegas Raiders,False
Brock Purdy,,Anytime TD,,650,,draftkings,San Francisco 49ers @ Indianapolis Colts,2025-12-23T01:15:00Z,Indianapolis Colts,San Francisco 49ers,False
C.J. Stroud,,Anytime TD,,750,,draftkings,Las Vegas Raiders @ Houston Texans,2025-12-21T21:25:00Z,Houston Texans,Las Vegas Raiders,False
CJ Dippre,,Anytime TD,,2500,,betonlineag,New England Patriots @ Baltimore Ravens,2025-12-22T01:20:00Z,Baltimore Ravens,New England Patriots,False
Cade Stover,,Anytime TD,,700,,draftkings,Las Vegas Raiders @ Houston Texans,2025-12-21T21:25:00Z,Houston Texans,Las Vegas Raiders,False
Caleb Williams,,Anytime TD,,500,,draftkings,Green Bay Packers @ Chicago Bears,2025-12-21T01:20:00Z,Chicago Bears,Green Bay Packers,False
Calvin Austin III,,Anytime TD,,950,,draftkings,Pittsburgh Steelers @ Detroit Lions,2025-12-21T21:25:00Z,Detroit Lions,Pittsburgh Steelers,False
Cam Akers,,Anytime TD,,4000,,draftkings,Los Angeles Rams @ Seattle Seahawks,2025-12-19T01:15:00Z,Seattle Seahawks,Los Angeles Rams,False
Carter Runyon,,Anytime TD,,3500,,draftkings,Las Vegas Raiders @ Houston Texans,2025-12-21T21:25:00Z,Houston Texans,Las Vegas Raiders,False
Casey Washington,,Anytime TD,,2000,,betonlineag,Atlanta Falcons @ Arizona Cardinals,2025-12-21T21:05:00Z,Arizona Cardinals,Atlanta Falcons,False
Charlie Kolar,,Anytime TD,,1050,,draftkings,New England Patriots @ Baltimore Ravens,2025-12-22T01:20:00Z,Baltimore Ravens,New England Patriots,False
Charlie Woerner,,Anytime TD,,1500,,draftkings,Atlanta Falcons @ Arizona Cardinals,2025-12-21T21:05:00Z,Arizona Cardinals,Atlanta Falcons,False
Chicago Bears D/ST,,Anytime TD,,500,,draftkings,Green Bay Packers @ Chicago Bears,2025-12-21T01:20:00Z,Chicago Bears,Green Bay Packers,False
Chicago Bears Defense,,Anytime TD,,950,,fanduel,Green Bay Packers @ Chicago Bears,2025-12-21T01:20:00Z,Chicago Bears,Green Bay Packers,False
Chris Blair,,Anytime TD,,3000,,draftkings,Atlanta Falcons @ Arizona Cardinals,2025-12-21T21:05:00Z,Arizona Cardinals,Atlanta Falcons,False
Chris Brooks,,Anytime TD,,1700,,draftkings,Green Bay Packers @ Chicago Bears,2025-12-21T01:20:00Z,Chicago Bears,Green Bay Packers,False
Christian Kirk,,Anytime TD,,600,,draftkings,Las Vegas Raiders @ Houston Texans,2025-12-21T21:25:00Z,Houston Texans,Las Vegas Raiders,False
Christian McCaffrey,,Anytime TD,,-185,,draftkings,San Francisco 49ers @ Indianapolis Colts,2025-12-23T01:15:00Z,Indianapolis Colts,San Francisco 49ers,False
Christian Watson,,Anytime TD,,210,,draftkings,Green Bay Packers @ Chicago Bears,2025-12-21T01:20:00Z,Chicago Bears,Green Bay Packers,False
Cody Schrader,,Anytime TD,,1400,,betonlineag,Jacksonville Jaguars @ Denver Broncos,2025-12-21T21:05:00Z,Denver Broncos,Jacksonville Jaguars,False
Cody White,,Anytime TD,,2800,,draftkings,Los Angeles Rams @ Seattle Seahawks,2025-12-19T01:15:00Z,Seattle Seahawks,Los Angeles Rams,False
Colby Parkinson,,Anytime TD,,230,,draftkings,Los Angeles Rams @ Seattle Seahawks,2025-12-19T01:15:00Z,Seattle Seahawks,Los Angeles Rams,False
Cole Kmet,,Anytime TD,,400,,draftkings,Green Bay Packers @ Chicago Bears,2025-12-21T01:20:00Z,Chicago Bears,Green Bay Packers,False
Colston Loveland,,Anytime TD,,210,,draftkings,Green Bay Packers @ Chicago Bears,2025-12-21T01:20:00Z,Chicago Bears,Green Bay Packers,False
Connor Heyward,,Anytime TD,,900,,draftkings,Pittsburgh Steelers @ Detroit Lions,2025-12-21T21:25:00Z,Detroit Lions,Pittsburgh Steelers,False
Cooper Kupp,,Anytime TD,,440,,draftkings,Los Angeles Rams @ Seattle Seahawks,2025-12-19T01:15:00Z,Seattle Seahawks,Los Angeles Rams,False
Corey Kiner,,Anytime TD,,1100,,draftkings,Atlanta Falcons @ Arizona Cardinals,2025-12-21T21:05:00Z,Arizona Cardinals,Atlanta Falcons,False
Courtland Sutton,,Anytime TD,,180,,draftkings,Jacksonville Jaguars @ Denver Broncos,2025-12-21T21:05:00Z,Denver Broncos,Jacksonville Jaguars,False
D'Andre Swift,,Anytime TD,,185,,draftkings,Green Bay Packers @ Chicago Bears,2025-12-21T01:20:00Z,Chicago Bears,Green Bay Packers,False
D'Ernest Johnson,,Anytime TD,,2500,,draftkings,New England Patriots @ Baltimore Ravens,2025-12-22T01:20:00Z,Baltimore Ravens,New England Patriots,False
DJ Giddens,,Anytime TD,,1900,,betonlineag,San Francisco 49ers @ Indianapolis Colts,2025-12-23T01:15:00Z,Indianapolis Colts,San Francisco 49ers,False
DJ Moore,,Anytime TD,,160,,draftkings,Green Bay Packers @ Chicago Bears,2025-12-21T01:20:00Z,Chicago Bears,Green Bay Packers,False
DK Metcalf,,Anytime TD,,170,,draftkings,Pittsburgh Steelers @ Detroit Lions,2025-12-21T21:25:00Z,Detroit Lions,Pittsburgh Steelers,False
Dalton Schultz,,Anytime TD,,205,,draftkings,Las Vegas Raiders @ Houston Texans,2025-12-21T21:25:00Z,Houston Texans,Las Vegas Raiders,False
Dare Ogunbowale,,Anytime TD,,650,,draftkings,Las Vegas Raiders @ Houston Texans,2025-12-21T21:25:00Z,Houston Texans,Las Vegas Raiders,False
Dareke Young,,Anytime TD,,3000,,draftkings,Los Angeles Rams @ Seattle Seahawks,2025-12-19T01:15:00Z,Seattle Seahawks,Los Angeles Rams,False
Darnell Mooney,,Anytime TD,,425,,draftkings,Atlanta Falcons @ Arizona Cardinals,2025-12-21T21:05:00Z,Arizona Cardinals,Atlanta Falcons,False
Darnell Washington,,Anytime TD,,460,,draftkings,Pittsburgh Steelers @ Detroit Lions,2025-12-21T21:25:00Z,Detroit Lions,Pittsburgh Steelers,False
David Montgomery,,Anytime TD,,108,,draftkings,Pittsburgh Steelers @ Detroit Lions,2025-12-21T21:25:00Z,Detroit Lions,Pittsburgh Steelers,False
David Sills V,,Anytime TD,,725,,draftkings,Atlanta Falcons @ Arizona Cardinals,2025-12-21T21:05:00Z,Arizona Cardinals,Atlanta Falcons,False
Davis Allen,,Anytime TD,,750,,draftkings,Los Angeles Rams @ Seattle Seahawks,2025-12-19T01:15:00Z,Seattle Seahawks,Los Angeles Rams,False
DeAndre Hopkins,,Anytime TD,,600,,draftkings,New England Patriots @ Baltimore Ravens,2025-12-22T01:20:00Z,Baltimore Ravens,New England Patriots,False
DeMario Douglas,,Anytime TD,,750,,draftkings,New England Patriots @ Baltimore Ravens,2025-12-22T01:20:00Z,Baltimore Ravens,New England Patriots,False
DeeJay Dallas,,Anytime TD,,1600,,draftkings,Jacksonville Jaguars @ Denver Broncos,2025-12-21T21:05:00Z,Denver Broncos,Jacksonville Jaguars,False
Demarcus Robinson,,Anytime TD,,600,,draftkings,San Francisco 49ers @ Indianapolis Colts,2025-12-23T01:15:00Z,Indianapolis Colts,San Francisco 49ers,False
Denver Broncos D/ST,,Anytime TD,,490,,draftkings,Jacksonville Jaguars @ Denver Broncos,2025-12-21T21:05:00Z,Denver Broncos,Jacksonville Jaguars,False
Denver Broncos Defense,,Anytime TD,,800,,fanduel,Jacksonville Jaguars @ Denver Broncos,2025-12-21T21:05:00Z,Denver Broncos,Jacksonville Jaguars,False
Derrick Henry,,Anytime TD,,-136,,draftkings,New England Patriots @ Baltimore Ravens,2025-12-22T01:20:00Z,Baltimore Ravens,New England Patriots,False
Detroit Lions D/ST,,Anytime TD,,500,,draftkings,Pittsburgh Steelers @ Detroit Lions,2025-12-21T21:25:00Z,Detroit Lions,Pittsburgh Steelers,False
Detroit Lions Defense,,Anytime TD,,650,,fanduel,Pittsburgh Steelers @ Detroit Lions,2025-12-21T21:25:00Z,Detroit Lions,Pittsburgh Steelers,False
Deven Thompkins,,Anytime TD,,3000,,draftkings,Atlanta Falcons @ Arizona Cardinals,2025-12-21T21:05:00Z,Arizona Cardinals,Atlanta Falcons,False
Devin Duvernay,,Anytime TD,,800,,draftkings,Green Bay Packers @ Chicago Bears,2025-12-21T01:20:00Z,Chicago Bears,Green Bay Packers,False
Devontez Walker,,Anytime TD,,1700,,draftkings,New England Patriots @ Baltimore Ravens,2025-12-22T01:20:00Z,Baltimore Ravens,New England Patriots,False
Dominic Lovett,,Anytime TD,,1600,,betonlineag,Pittsburgh Steelers @ Detroit Lions,2025-12-21T21:25:00Z,Detroit Lions,Pittsburgh Steelers,False
Dont'e Thornton Jr.,,Anytime TD,,2800,,draftkings,Las Vegas Raiders @ Houston Texans,2025-12-21T21:25:00Z,Houston Texans,Las Vegas Raiders,False
Dontayvion Wicks,,Anytime TD,,750,,draftkings,Green Bay Packers @ Chicago Bears,2025-12-21T01:20:00Z,Chicago Bears,Green Bay Packers,False
Drake London,,Anytime TD,,135,,draftkings,Atlanta Falcons @ Arizona Cardinals,2025-12-21T21:05:00Z,Arizona Cardinals,Atlanta Falcons,False
Drake Maye,,Anytime TD,,425,,draftkings,New England Patriots @ Baltimore Ravens,2025-12-22T01:20:00Z,Baltimore Ravens,New England Patriots,False
Drew Ogletree,,Anytime TD,,2800,,draftkings,San Francisco 49ers @ Indianapolis Colts,2025-12-23T01:15:00Z,Indianapolis Colts,San Francisco 49ers,False
Durham Smythe,,Anytime TD,,1800,,draftkings,Green Bay Packers @ Chicago Bears,2025-12-21T01:20:00Z,Chicago Bears,Green Bay Packers,False
Dyami Brown,,Anytime TD,,4000,,draftkings,Jacksonville Jaguars @ Denver Broncos,2025-12-21T21:05:00Z,Denver Broncos,Jacksonville Jaguars,False
Dylan Drummond,,Anytime TD,,2000,,draftkings,Atlanta Falcons @ Arizona Cardinals,2025-12-21T21:05:00Z,Arizona Cardinals,Atlanta Falcons,False
Dylan Laube,,Anytime TD,,4000,,draftkings,Las Vegas Raiders @ Houston Texans,2025-12-21T21:25:00Z,Houston Texans,Las Vegas Raiders,False
Efton Chism III,,Anytime TD,,2800,,betonlineag,New England Patriots @ Baltimore Ravens,2025-12-22T01:20:00Z,Baltimore Ravens,New England Patriots,False
Elijah Higgins,,Anytime TD,,725,,draftkings,Atlanta Falcons @ Arizona Cardinals,2025-12-21T21:05:00Z,Arizona Cardinals,Atlanta Falcons,False
Emanuel Wilson,,Anytime TD,,440,,draftkings,Green Bay Packers @ Chicago Bears,2025-12-21T01:20:00Z,Chicago Bears,Green Bay Packers,False
Emari Demercado,,Anytime TD,,470,,draftkings,Atlanta Falcons @ Arizona Cardinals,2025-12-21T21:05:00Z,Arizona Cardinals,Atlanta Falcons,False
Eric Saubert,,Anytime TD,,2200,,draftkings,Los Angeles Rams @ Seattle Seahawks,2025-12-19T01:15:00Z,Seattle Seahawks,Los Angeles Rams,False
Evan Engram,,Anytime TD,,400,,draftkings,Jacksonville Jaguars @ Denver Broncos,2025-12-21T21:05:00Z,Denver Broncos,Jacksonville Jaguars,False
Feleipe Franks,,Anytime TD,,3300,,draftkings,Atlanta Falcons @ Arizona Cardinals,2025-12-21T21:05:00Z,Arizona Cardinals,Atlanta Falcons,False
Geno Smith,,Anytime TD,,2200,,draftkings,Las Vegas Raiders @ Houston Texans,2025-12-21T21:25:00Z,Houston Texans,Las Vegas Raiders,False
George Kittle,,Anytime TD,,120,,draftkings,San Francisco 49ers @ Indianapolis Colts,2025-12-23T01:15:00Z,Indianapolis Colts,San Francisco 49ers,False
Giovanni Ricci,,Anytime TD,,2000,,draftkings,Pittsburgh Steelers @ Detroit Lions,2025-12-21T21:25:00Z,Detroit Lions,Pittsburgh Steelers,False
Green Bay Packers D/ST,,Anytime TD,,510,,draftkings,Green Bay Packers @ Chicago Bears,2025-12-21T01:20:00Z,Chicago Bears,Green Bay Packers,False
Green Bay Packers Defense,,Anytime TD,,950,,fanduel,Green Bay Packers @ Chicago Bears,2025-12-21T01:20:00Z,Chicago Bears,Green Bay Packers,False
Harrison Bryant,,Anytime TD,,1200,,draftkings,Las Vegas Raiders @ Houston Texans,2025-12-21T21:25:00Z,Houston Texans,Las Vegas Raiders,False
Houston Texans D/ST,,Anytime TD,,475,,draftkings,Las Vegas Raiders @ Houston Texans,2025-12-21T21:25:00Z,Houston Texans,Las Vegas Raiders,False
Houston Texans Defense,,Anytime TD,,650,,fanduel,Las Vegas Raiders @ Houston Texans,2025-12-21T21:25:00Z,Houston Texans,Las Vegas Raiders,False
Hunter Henry,,Anytime TD,,225,,draftkings,New England Patriots @ Baltimore Ravens,2025-12-22T01:20:00Z,Baltimore Ravens,New England Patriots,False
Hunter Long,,Anytime TD,,1700,,betonlineag,Jacksonville Jaguars @ Denver Broncos,2025-12-21T21:05:00Z,Denver Broncos,Jacksonville Jaguars,False
Ian Thomas,,Anytime TD,,1900,,betonlineag,Las Vegas Raiders @ Houston Texans,2025-12-21T21:25:00Z,Houston Texans,Las Vegas Raiders,False
Indianapolis Colts D/ST,,Anytime TD,,600,,draftkings,San Francisco 49ers @ Indianapolis Colts,2025-12-23T01:15:00Z,Indianapolis Colts,San Francisco 49ers,False
Indianapolis Colts Defense,,Anytime TD,,1000,,fanduel,San Francisco 49ers @ Indianapolis Colts,2025-12-23T01:15:00Z,Indianapolis Colts,San Francisco 49ers,False
Isaac Guerendo,,Anytime TD,,1900,,betonlineag,San Francisco 49ers @ Indianapolis Colts,2025-12-23T01:15:00Z,Indianapolis Colts,San Francisco 49ers,False
Isaac TeSlaa,,Anytime TD,,395,,draftkings,Pittsburgh Steelers @ Detroit Lions,2025-12-21T21:25:00Z,Detroit Lions,Pittsburgh Steelers,False
Isaiah Likely,,Anytime TD,,305,,draftkings,New England Patriots @ Baltimore Ravens,2025-12-22T01:20:00Z,Baltimore Ravens,New England Patriots,False
Jack Bech,,Anytime TD,,950,,draftkings,Las Vegas Raiders @ Houston Texans,2025-12-21T21:25:00Z,Houston Texans,Las Vegas Raiders,False
Jack Westover,,Anytime TD,,2800,,draftkings,New England Patriots @ Baltimore Ravens,2025-12-22T01:20:00Z,Baltimore Ravens,New England Patriots,False
Jacksonville Jaguars D/ST,,Anytime TD,,550,,draftkings,Jacksonville Jaguars @ Denver Broncos,2025-12-21T21:05:00Z,Denver Broncos,Jacksonville Jaguars,False
Jacksonville Jaguars Defense,,Anytime TD,,950,,fanduel,Jacksonville Jaguars @ Denver Broncos,2025-12-21T21:05:00Z,Denver Broncos,Jacksonville Jaguars,False
Jacob Saylors,,Anytime TD,,3000,,draftkings,Pittsburgh Steelers @ Detroit Lions,2025-12-21T21:25:00Z,Detroit Lions,Pittsburgh Steelers,False
Jacoby Brissett,,Anytime TD,,575,,draftkings,Atlanta Falcons @ Arizona Cardinals,2025-12-21T21:05:00Z,Arizona Cardinals,Atlanta Falcons,False
Jahdae Walker,,Anytime TD,,1700,,draftkings,Green Bay Packers @ Chicago Bears,2025-12-21T01:20:00Z,Chicago Bears,Green Bay Packers,False
Jahmyr Gibbs,,Anytime TD,,-265,,draftkings,Pittsburgh Steelers @ Detroit Lions,2025-12-21T21:25:00Z,Detroit Lions,Pittsburgh Steelers,False
Jake Bobo,,Anytime TD,,1700,,bovada,Los Angeles Rams @ Seattle Seahawks,2025-12-19T01:15:00Z,Seattle Seahawks,Los Angeles Rams,False
Jake Tonges,,Anytime TD,,2700,,draftkings,San Francisco 49ers @ Indianapolis Colts,2025-12-23T01:15:00Z,Indianapolis Colts,San Francisco 49ers,False
Jakobi Meyers,,Anytime TD,,235,,draftkings,Jacksonville Jaguars @ Denver Broncos,2025-12-21T21:05:00Z,Denver Broncos,Jacksonville Jaguars,False
Jaleel McLaughlin,,Anytime TD,,510,,draftkings,Jacksonville Jaguars @ Denver Broncos,2025-12-21T21:05:00Z,Denver Broncos,Jacksonville Jaguars,False
Jalen Brooks,,Anytime TD,,1100,,draftkings,Atlanta Falcons @ Arizona Cardinals,2025-12-21T21:05:00Z,Arizona Cardinals,Atlanta Falcons,False
James Jordan,,Anytime TD,,2700,,draftkings,San Francisco 49ers @ Indianapolis Colts,2025-12-23T01:15:00Z,Indianapolis Colts,San Francisco 49ers,False
Jameson Williams,,Anytime TD,,170,,draftkings,Pittsburgh Steelers @ Detroit Lions,2025-12-21T21:25:00Z,Detroit Lions,Pittsburgh Steelers,False
Jared Goff,,Anytime TD,,1800,,draftkings,Pittsburgh Steelers @ Detroit Lions,2025-12-21T21:25:00Z,Detroit Lions,Pittsburgh Steelers,False
Jarquez Hunter,,Anytime TD,,4000,,bovada,Los Angeles Rams @ Seattle Seahawks,2025-12-19T01:15:00Z,Seattle Seahawks,Los Angeles Rams,False
Jauan Jennings,,Anytime TD,,150,,draftkings,San Francisco 49ers @ Indianapolis Colts,2025-12-23T01:15:00Z,Indianapolis Colts,San Francisco 49ers,False
Jawhar Jordan,,Anytime TD,,210,,draftkings,Las Vegas Raiders @ Houston Texans,2025-12-21T21:25:00Z,Houston Texans,Las Vegas Raiders,False
Jaxon Smith-Njigba,,Anytime TD,,125,,draftkings,Los Angeles Rams @ Seattle Seahawks,2025-12-19T01:15:00Z,Seattle Seahawks,Los Angeles Rams,False
Jayden Higgins,,Anytime TD,,310,,draftkings,Las Vegas Raiders @ Houston Texans,2025-12-21T21:25:00Z,Houston Texans,Las Vegas Raiders,False
Jayden Reed,,Anytime TD,,265,,draftkings,Green Bay Packers @ Chicago Bears,2025-12-21T01:20:00Z,Chicago Bears,Green Bay Packers,False
Jaylen Warren,,Anytime TD,,160,,draftkings,Pittsburgh Steelers @ Detroit Lions,2025-12-21T21:25:00Z,Detroit Lions,Pittsburgh Steelers,False
Jaylin Noel,,Anytime TD,,850,,draftkings,Las Vegas Raiders @ Houston Texans,2025-12-21T21:25:00Z,Houston Texans,Las Vegas Raiders,False
John FitzPatrick,,Anytime TD,,850,,draftkings,Green Bay Packers @ Chicago Bears,2025-12-21T01:20:00Z,Chicago Bears,Green Bay Packers,False
Johnny Mundt,,Anytime TD,,1900,,draftkings,Jacksonville Jaguars @ Denver Broncos,2025-12-21T21:05:00Z,Denver Broncos,Jacksonville Jaguars,False
Jonathan Taylor,,Anytime TD,,-200,,draftkings,San Francisco 49ers @ Indianapolis Colts,2025-12-23T01:15:00Z,Indianapolis Colts,San Francisco 49ers,False
Jonnu Smith,,Anytime TD,,525,,draftkings,Pittsburgh Steelers @ Detroit Lions,2025-12-21T21:25:00Z,Detroit Lions,Pittsburgh Steelers,False
Jordan Love,,Anytime TD,,1000,,draftkings,Green Bay Packers @ Chicago Bears,2025-12-21T01:20:00Z,Chicago Bears,Green Bay Packers,False
Jordan Watkins,,Anytime TD,,2700,,draftkings,San Francisco 49ers @ Indianapolis Colts,2025-12-23T01:15:00Z,Indianapolis Colts,San Francisco 49ers,False
Jordan Whittington,,Anytime TD,,1900,,draftkings,Los Angeles Rams @ Seattle Seahawks,2025-12-19T01:15:00Z,Seattle Seahawks,Los Angeles Rams,False
Josh Downs,,Anytime TD,,425,,draftkings,San Francisco 49ers @ Indianapolis Colts,2025-12-23T01:15:00Z,Indianapolis Colts,San Francisco 49ers,False
Josh Jacobs,,Anytime TD,,105,,draftkings,Green Bay Packers @ Chicago Bears,2025-12-21T01:20:00Z,Chicago Bears,Green Bay Packers,False
Josiah Deguara,,Anytime TD,,1700,,draftkings,Atlanta Falcons @ Arizona Cardinals,2025-12-21T21:05:00Z,Arizona Cardinals,Atlanta Falcons,False
Kaleb Johnson,,Anytime TD,,1400,,betonlineag,Pittsburgh Steelers @ Detroit Lions,2025-12-21T21:25:00Z,Detroit Lions,Pittsburgh Steelers,False
Kalif Raymond,,Anytime TD,,700,,draftkings,Pittsburgh Steelers @ Detroit Lions,2025-12-21T21:25:00Z,Detroit Lions,Pittsburgh Steelers,False
Kayshon Boutte,,Anytime TD,,340,,draftkings,New England Patriots @ Baltimore Ravens,2025-12-22T01:20:00Z,Baltimore Ravens,New England Patriots,False
Keaton Mitchell,,Anytime TD,,480,,draftkings,New England Patriots @ Baltimore Ravens,2025-12-22T01:20:00Z,Baltimore Ravens,New England Patriots,False
Kendrick Bourne,,Anytime TD,,470,,draftkings,San Francisco 49ers @ Indianapolis Colts,2025-12-23T01:15:00Z,Indianapolis Colts,San Francisco 49ers,False
Kenneth Gainwell,,Anytime TD,,140,,draftkings,Pittsburgh Steelers @ Detroit Lions,2025-12-21T21:25:00Z,Detroit Lions,Pittsburgh Steelers,False
Kenneth Walker III,,Anytime TD,,200,,draftkings,Los Angeles Rams @ Seattle Seahawks,2025-12-19T01:15:00Z,Seattle Seahawks,Los Angeles Rams,False
Kirk Cousins,,Anytime TD,,2500,,draftkings,Atlanta Falcons @ Arizona Cardinals,2025-12-21T21:05:00Z,Arizona Cardinals,Atlanta Falcons,False
Konata Mumpfield,,Anytime TD,,600,,draftkings,Los Angeles Rams @ Seattle Seahawks,2025-12-19T01:15:00Z,Seattle Seahawks,Los Angeles Rams,False
Kyle Juszczyk,,Anytime TD,,950,,draftkings,San Francisco 49ers @ Indianapolis Colts,2025-12-23T01:15:00Z,Indianapolis Colts,San Francisco 49ers,False
Kyle Monangai,,Anytime TD,,195,,draftkings,Green Bay Packers @ Chicago Bears,2025-12-21T01:20:00Z,Chicago Bears,Green Bay Packers,False
Kyle Pitts,,Anytime TD,,205,,draftkings,Atlanta Falcons @ Arizona Cardinals,2025-12-21T21:05:00Z,Arizona Cardinals,Atlanta Falcons,False
Kyle Williams,,Anytime TD,,1300,,draftkings,New England Patriots @ Baltimore Ravens,2025-12-22T01:20:00Z,Baltimore Ravens,New England Patriots,False
Kyren Williams,,Anytime TD,,145,,draftkings,Los Angeles Rams @ Seattle Seahawks,2025-12-19T01:15:00Z,Seattle Seahawks,Los Angeles Rams,False
LaJohntay Wester,,Anytime TD,,2200,,draftkings,New England Patriots @ Baltimore Ravens,2025-12-22T01:20:00Z,Baltimore Ravens,New England Patriots,False
Lamar Jackson,,Anytime TD,,305,,draftkings,New England Patriots @ Baltimore Ravens,2025-12-22T01:20:00Z,Baltimore Ravens,New England Patriots,False
Laquon Treadwell,,Anytime TD,,3000,,draftkings,San Francisco 49ers @ Indianapolis Colts,2025-12-23T01:15:00Z,Indianapolis Colts,San Francisco 49ers,False
Las Vegas Raiders D/ST,,Anytime TD,,650,,draftkings,Las Vegas Raiders @ Houston Texans,2025-12-21T21:25:00Z,Houston Texans,Las Vegas Raiders,False
Las Vegas Raiders Defense,,Anytime TD,,1600,,fanduel,Las Vegas Raiders @ Houston Texans,2025-12-21T21:25:00Z,Houston Texans,Las Vegas Raiders,False
LeQuint Allen Jr.,,Anytime TD,,600,,draftkings,Jacksonville Jaguars @ Denver Broncos,2025-12-21T21:05:00Z,Denver Broncos,Jacksonville Jaguars,False
Lil'Jordan Humphrey,,Anytime TD,,850,,draftkings,Jacksonville Jaguars @ Denver Broncos,2025-12-21T21:05:00Z,Denver Broncos,Jacksonville Jaguars,False
Los Angeles Rams D/ST,,Anytime TD,,500,,draftkings,Los Angeles Rams @ Seattle Seahawks,2025-12-19T01:15:00Z,Seattle Seahawks,Los Angeles Rams,False
Los Angeles Rams Defense,,Anytime TD,,900,,fanduel,Los Angeles Rams @ Seattle Seahawks,2025-12-19T01:15:00Z,Seattle Seahawks,Los Angeles Rams,False
Luke Farrell,,Anytime TD,,1550,,draftkings,San Francisco 49ers @ Indianapolis Colts,2025-12-23T01:15:00Z,Indianapolis Colts,San Francisco 49ers,False
Luke Musgrave,,Anytime TD,,650,,draftkings,Green Bay Packers @ Chicago Bears,2025-12-21T01:20:00Z,Chicago Bears,Green Bay Packers,False
Mack Hollins,,Anytime TD,,370,,draftkings,New England Patriots @ Baltimore Ravens,2025-12-22T01:20:00Z,Baltimore Ravens,New England Patriots,False
Malik Heath,,Anytime TD,,1500,,betonlineag,Atlanta Falcons @ Arizona Cardinals,2025-12-21T21:05:00Z,Arizona Cardinals,Atlanta Falcons,False
Mark Andrews,,Anytime TD,,160,,draftkings,New England Patriots @ Baltimore Ravens,2025-12-22T01:20:00Z,Baltimore Ravens,New England Patriots,False
Marquez Valdes-Scantling,,Anytime TD,,800,,draftkings,Pittsburgh Steelers @ Detroit Lions,2025-12-21T21:25:00Z,Detroit Lions,Pittsburgh Steelers,False
Marvin Harrison Jr.,,Anytime TD,,265,,draftkings,Atlanta Falcons @ Arizona Cardinals,2025-12-21T21:05:00Z,Arizona Cardinals,Atlanta Falcons,False
Marvin Mims Jr.,,Anytime TD,,600,,draftkings,Jacksonville Jaguars @ Denver Broncos,2025-12-21T21:05:00Z,Denver Broncos,Jacksonville Jaguars,False
Matthew Golden,,Anytime TD,,700,,draftkings,Green Bay Packers @ Chicago Bears,2025-12-21T01:20:00Z,Chicago Bears,Green Bay Packers,False
Matthew Stafford,,Anytime TD,,4000,,draftkings,Los Angeles Rams @ Seattle Seahawks,2025-12-19T01:15:00Z,Seattle Seahawks,Los Angeles Rams,False
Michael Carter,,Anytime TD,,125,,draftkings,Atlanta Falcons @ Arizona Cardinals,2025-12-21T21:05:00Z,Arizona Cardinals,Atlanta Falcons,False
Michael Mayer,,Anytime TD,,850,,draftkings,Las Vegas Raiders @ Houston Texans,2025-12-21T21:25:00Z,Houston Texans,Las Vegas Raiders,False
Michael Pittman Jr.,,Anytime TD,,350,,draftkings,San Francisco 49ers @ Indianapolis Colts,2025-12-23T01:15:00Z,Indianapolis Colts,San Francisco 49ers,False
Michael Wilson,,Anytime TD,,195,,draftkings,Atlanta Falcons @ Arizona Cardinals,2025-12-21T21:05:00Z,Arizona Cardinals,Atlanta Falcons,False
Mo Alie-Cox,,Anytime TD,,1800,,draftkings,San Francisco 49ers @ Indianapolis Colts,2025-12-23T01:15:00Z,Indianapolis Colts,San Francisco 49ers,False
Nate Adkins,,Anytime TD,,1700,,draftkings,Jacksonville Jaguars @ Denver Broncos,2025-12-21T21:05:00Z,Denver Broncos,Jacksonville Jaguars,False
Nathan Carter,,Anytime TD,,5000,,betonlineag,Atlanta Falcons @ Arizona Cardinals,2025-12-21T21:05:00Z,Arizona Cardinals,Atlanta Falcons,False
New England Patriots D/ST,,Anytime TD,,600,,draftkings,New England Patriots @ Baltimore Ravens,2025-12-22T01:20:00Z,Baltimore Ravens,New England Patriots,False
New England Patriots Defense,,Anytime TD,,900,,fanduel,New England Patriots @ Baltimore Ravens,2025-12-22T01:20:00Z,Baltimore Ravens,New England Patriots,False
Nick Chubb,,Anytime TD,,145,,draftkings,Las Vegas Raiders @ Houston Texans,2025-12-21T21:25:00Z,Houston Texans,Las Vegas Raiders,False
Nick Kallerup,,Anytime TD,,3500,,draftkings,Los Angeles Rams @ Seattle Seahawks,2025-12-19T01:15:00Z,Seattle Seahawks,Los Angeles Rams,False
Nick Vannett,,Anytime TD,,3500,,draftkings,Los Angeles Rams @ Seattle Seahawks,2025-12-19T01:15:00Z,Seattle Seahawks,Los Angeles Rams,False
Nico Collins,,Anytime TD,,110,,draftkings,Las Vegas Raiders @ Houston Texans,2025-12-21T21:25:00Z,Houston Texans,Las Vegas Raiders,False
Olamide Zaccheaus,,Anytime TD,,375,,draftkings,Green Bay Packers @ Chicago Bears,2025-12-21T01:20:00Z,Chicago Bears,Green Bay Packers,False
Parker Washington,,Anytime TD,,390,,draftkings,Jacksonville Jaguars @ Denver Broncos,2025-12-21T21:05:00Z,Denver Broncos,Jacksonville Jaguars,False
Pat Bryant,,Anytime TD,,305,,draftkings,Jacksonville Jaguars @ Denver Broncos,2025-12-21T21:05:00Z,Denver Broncos,Jacksonville Jaguars,False
Pat Freiermuth,,Anytime TD,,470,,draftkings,Pittsburgh Steelers @ Detroit Lions,2025-12-21T21:25:00Z,Detroit Lions,Pittsburgh Steelers,False
Patrick Ricard,,Anytime TD,,3500,,draftkings,New England Patriots @ Baltimore Ravens,2025-12-22T01:20:00Z,Baltimore Ravens,New England Patriots,False
Pharaoh Brown,,Anytime TD,,2000,,draftkings,Atlanta Falcons @ Arizona Cardinals,2025-12-21T21:05:00Z,Arizona Cardinals,Atlanta Falcons,False
Philip Rivers,,Anytime TD,,3300,,draftkings,San Francisco 49ers @ Indianapolis Colts,2025-12-23T01:15:00Z,Indianapolis Colts,San Francisco 49ers,False
Pittsburgh Steelers D/ST,,Anytime TD,,550,,draftkings,Pittsburgh Steelers @ Detroit Lions,2025-12-21T21:25:00Z,Detroit Lions,Pittsburgh Steelers,False
Pittsburgh Steelers Defense,,Anytime TD,,1100,,fanduel,Pittsburgh Steelers @ Detroit Lions,2025-12-21T21:25:00Z,Detroit Lions,Pittsburgh Steelers,False
Puka Nacua,,Anytime TD,,135,,draftkings,Los Angeles Rams @ Seattle Seahawks,2025-12-19T01:15:00Z,Seattle Seahawks,Los Angeles Rams,False
Quintin Morris,,Anytime TD,,1700,,draftkings,Jacksonville Jaguars @ Denver Broncos,2025-12-21T21:05:00Z,Denver Broncos,Jacksonville Jaguars,False
RJ Harvey,,Anytime TD,,-110,,draftkings,Jacksonville Jaguars @ Denver Broncos,2025-12-21T21:05:00Z,Denver Broncos,Jacksonville Jaguars,False
Raheem Mostert,,Anytime TD,,1800,,draftkings,Las Vegas Raiders @ Houston Texans,2025-12-21T21:25:00Z,Houston Texans,Las Vegas Raiders,False
Rasheen Ali,,Anytime TD,,775,,draftkings,New England Patriots @ Baltimore Ravens,2025-12-22T01:20:00Z,Baltimore Ravens,New England Patriots,False
Rashid Shaheed,,Anytime TD,,380,,draftkings,Los Angeles Rams @ Seattle Seahawks,2025-12-19T01:15:00Z,Seattle Seahawks,Los Angeles Rams,False
Rashod Bateman,,Anytime TD,,480,,draftkings,New England Patriots @ Baltimore Ravens,2025-12-22T01:20:00Z,Baltimore Ravens,New England Patriots,False
Rhamondre Stevenson,,Anytime TD,,250,,draftkings,New England Patriots @ Baltimore Ravens,2025-12-22T01:20:00Z,Baltimore Ravens,New England Patriots,False
Robbie Ouzts,,Anytime TD,,2500,,draftkings,Los Angeles Rams @ Seattle Seahawks,2025-12-19T01:15:00Z,Seattle Seahawks,Los Angeles Rams,False
Roman Wilson,,Anytime TD,,825,,betonlineag,Pittsburgh Steelers @ Detroit Lions,2025-12-21T21:25:00Z,Detroit Lions,Pittsburgh Steelers,False
Romeo Doubs,,Anytime TD,,250,,draftkings,Green Bay Packers @ Chicago Bears,2025-12-21T01:20:00Z,Chicago Bears,Green Bay Packers,False
Ronnie Rivers,,Anytime TD,,5500,,draftkings,Los Angeles Rams @ Seattle Seahawks,2025-12-19T01:15:00Z,Seattle Seahawks,Los Angeles Rams,False
Sam Darnold,,Anytime TD,,1500,,draftkings,Los Angeles Rams @ Seattle Seahawks,2025-12-19T01:15:00Z,Seattle Seahawks,Los Angeles Rams,False
San Francisco 49ers D/ST,,Anytime TD,,510,,draftkings,San Francisco 49ers @ Indianapolis Colts,2025-12-23T01:15:00Z,Indianapolis Colts,San Francisco 49ers,False
San Francisco 49ers Defense,,Anytime TD,,800,,fanduel,San Francisco 49ers @ Indianapolis Colts,2025-12-23T01:15:00Z,Indianapolis Colts,San Francisco 49ers,False
Savion Williams,,Anytime TD,,2500,,draftkings,Green Bay Packers @ Chicago Bears,2025-12-21T01:20:00Z,Chicago Bears,Green Bay Packers,False
Scott Miller,,Anytime TD,,2700,,draftkings,Pittsburgh Steelers @ Detroit Lions,2025-12-21T21:25:00Z,Detroit Lions,Pittsburgh Steelers,False
Seattle Seahawks D/ST,,Anytime TD,,500,,draftkings,Los Angeles Rams @ Seattle Seahawks,2025-12-19T01:15:00Z,Seattle Seahawks,Los Angeles Rams,False
Seattle Seahawks Defense,,Anytime TD,,900,,fanduel,Los Angeles Rams @ Seattle Seahawks,2025-12-19T01:15:00Z,Seattle Seahawks,Los Angeles Rams,False
Shane Zylstra,,Anytime TD,,650,,draftkings,Pittsburgh Steelers @ Detroit Lions,2025-12-21T21:25:00Z,Detroit Lions,Pittsburgh Steelers,False
Sione Vaki,,Anytime TD,,2700,,draftkings,Pittsburgh Steelers @ Detroit Lions,2025-12-21T21:25:00Z,Detroit Lions,Pittsburgh Steelers,False
Skyy Moore,,Anytime TD,,1600,,draftkings,San Francisco 49ers @ Indianapolis Colts,2025-12-23T01:15:00Z,Indianapolis Colts,San Francisco 49ers,False
Stefon Diggs,,Anytime TD,,230,,draftkings,New England Patriots @ Baltimore Ravens,2025-12-22T01:20:00Z,Baltimore Ravens,New England Patriots,False
Teagan Quitoriano,,Anytime TD,,3000,,draftkings,Atlanta Falcons @ Arizona Cardinals,2025-12-21T21:05:00Z,Arizona Cardinals,Atlanta Falcons,False
Terrance Ferguson,,Anytime TD,,530,,draftkings,Los Angeles Rams @ Seattle Seahawks,2025-12-19T01:15:00Z,Seattle Seahawks,Los Angeles Rams,False
Tim Patrick,,Anytime TD,,900,,draftkings,Jacksonville Jaguars @ Denver Broncos,2025-12-21T21:05:00Z,Denver Broncos,Jacksonville Jaguars,False
Tom Kennedy,,Anytime TD,,1900,,draftkings,Pittsburgh Steelers @ Detroit Lions,2025-12-21T21:25:00Z,Detroit Lions,Pittsburgh Steelers,False
Travis Etienne Jr.,,Anytime TD,,-110,,draftkings,Jacksonville Jaguars @ Denver Broncos,2025-12-21T21:05:00Z,Denver Broncos,Jacksonville Jaguars,False
Travis Homer,,Anytime TD,,1900,,draftkings,Green Bay Packers @ Chicago Bears,2025-12-21T01:20:00Z,Chicago Bears,Green Bay Packers,False
Tre Tucker,,Anytime TD,,650,,draftkings,Las Vegas Raiders @ Houston Texans,2025-12-21T21:25:00Z,Houston Texans,Las Vegas Raiders,False
TreVeyon Henderson,,Anytime TD,,130,,draftkings,New England Patriots @ Baltimore Ravens,2025-12-22T01:20:00Z,Baltimore Ravens,New England Patriots,False
Trevor Lawrence,,Anytime TD,,460,,draftkings,Jacksonville Jaguars @ Denver Broncos,2025-12-21T21:05:00Z,Denver Broncos,Jacksonville Jaguars,False
Trey McBride,,Anytime TD,,120,,draftkings,Atlanta Falcons @ Arizona Cardinals,2025-12-21T21:05:00Z,Arizona Cardinals,Atlanta Falcons,False
Troy Franklin,,Anytime TD,,250,,draftkings,Jacksonville Jaguars @ Denver Broncos,2025-12-21T21:05:00Z,Denver Broncos,Jacksonville Jaguars,False
Tutu Atwell,,Anytime TD,,1100,,draftkings,Los Angeles Rams @ Seattle Seahawks,2025-12-19T01:15:00Z,Seattle Seahawks,Los Angeles Rams,False
Tylan Wallace,,Anytime TD,,2500,,betonlineag,New England Patriots @ Baltimore Ravens,2025-12-22T01:20:00Z,Baltimore Ravens,New England Patriots,False
Tyler Allgeier,,Anytime TD,,160,,draftkings,Atlanta Falcons @ Arizona Cardinals,2025-12-21T21:05:00Z,Arizona Cardinals,Atlanta Falcons,False
Tyler Badie,,Anytime TD,,800,,draftkings,Jacksonville Jaguars @ Denver Broncos,2025-12-21T21:05:00Z,Denver Broncos,Jacksonville Jaguars,False
Tyler Goodson,,Anytime TD,,2200,,draftkings,San Francisco 49ers @ Indianapolis Colts,2025-12-23T01:15:00Z,Indianapolis Colts,San Francisco 49ers,False
Tyler Lockett,,Anytime TD,,1100,,draftkings,Las Vegas Raiders @ Houston Texans,2025-12-21T21:25:00Z,Houston Texans,Las Vegas Raiders,False
Tyler Warren,,Anytime TD,,240,,draftkings,San Francisco 49ers @ Indianapolis Colts,2025-12-23T01:15:00Z,Indianapolis Colts,San Francisco 49ers,False
Velus Jones Jr.,,Anytime TD,,2500,,betrivers,Los Angeles Rams @ Seattle Seahawks,2025-12-19T01:15:00Z,Seattle Seahawks,Los Angeles Rams,False
Will Mallory,,Anytime TD,,1900,,betonlineag,San Francisco 49ers @ Indianapolis Colts,2025-12-23T01:15:00Z,Indianapolis Colts,San Francisco 49ers,False
Xavier Hutchinson,,Anytime TD,,600,,draftkings,Las Vegas Raiders @ Houston Texans,2025-12-21T21:25:00Z,Houston Texans,Las Vegas Raiders,False
Xavier Smith,,Anytime TD,,1900,,draftkings,Los Angeles Rams @ Seattle Seahawks,2025-12-19T01:15:00Z,Seattle Seahawks,Los Angeles Rams,False
Xavier Weaver,,Anytime TD,,900,,draftkings,Atlanta Falcons @ Arizona Cardinals,2025-12-21T21:05:00Z,Arizona Cardinals,Atlanta Falcons,False
Zach Charbonnet,,Anytime TD,,190,,draftkings,Los Angeles Rams @ Seattle Seahawks,2025-12-19T01:15:00Z,Seattle Seahawks,Los Angeles Rams,False
Zamir White,,Anytime TD,,1900,,betonlineag,Las Vegas Raiders @ Houston Texans,2025-12-21T21:25:00Z,Houston Texans,Las Vegas Raiders,False
Zay Flowers,,Anytime TD,,180,,draftkings,New England Patriots @ Baltimore Ravens,2025-12-22T01:20:00Z,Baltimore Ravens,New England Patriots,False
Aaron Rodgers,,Interceptions,0.5,115,-129.0,draftkings,Pittsburgh Steelers @ Detroit Lions,2025-12-21T21:25:00Z,Detroit Lions,Pittsburgh Steelers,False
Bo Nix,,Interceptions,0.5,-125,102.0,draftkings,Jacksonville Jaguars @ Denver Broncos,2025-12-21T21:05:00Z,Denver Broncos,Jacksonville Jaguars,False
Brock Purdy,,Interceptions,0.5,-130,108.0,draftkings,San Francisco 49ers @ Indianapolis Colts,2025-12-23T01:15:00Z,Indianapolis Colts,San Francisco 49ers,False
C.J. Stroud,,Interceptions,0.5,131,-140.0,draftkings,Las Vegas Raiders @ Houston Texans,2025-12-21T21:25:00Z,Houston Texans,Las Vegas Raiders,False
Caleb Williams,,Interceptions,0.5,122,-146.0,draftkings,Green Bay Packers @ Chicago Bears,2025-12-21T01:20:00Z,Chicago Bears,Green Bay Packers,False
Drake Maye,,Interceptions,0.5,111,-117.0,draftkings,New England Patriots @ Baltimore Ravens,2025-12-22T01:20:00Z,Baltimore Ravens,New England Patriots,False
Geno Smith,,Interceptions,0.5,-187,155.0,draftkings,Las Vegas Raiders @ Houston Texans,2025-12-21T21:25:00Z,Houston Texans,Las Vegas Raiders,False
Jacoby Brissett,,Interceptions,0.5,100,-125.0,draftkings,Atlanta Falcons @ Arizona Cardinals,2025-12-21T21:05:00Z,Arizona Cardinals,Atlanta Falcons,False
Jared Goff,,Interceptions,0.5,130,-159.0,draftkings,Pittsburgh Steelers @ Detroit Lions,2025-12-21T21:25:00Z,Detroit Lions,Pittsburgh Steelers,False
Jordan Love,,Interceptions,0.5,-106,-112.0,draftkings,Green Bay Packers @ Chicago Bears,2025-12-21T01:20:00Z,Chicago Bears,Green Bay Packers,False
Kirk Cousins,,Interceptions,0.5,-102,-114.0,draftkings,Atlanta Falcons @ Arizona Cardinals,2025-12-21T21:05:00Z,Arizona Cardinals,Atlanta Falcons,False
Lamar Jackson,,Interceptions,0.5,130,-150.0,draftkings,New England Patriots @ Baltimore Ravens,2025-12-22T01:20:00Z,Baltimore Ravens,New England Patriots,False
Matthew Stafford,,Interceptions,0.5,105,-126.0,draftkings,Los Angeles Rams @ Seattle Seahawks,2025-12-19T01:15:00Z,Seattle Seahawks,Los Angeles Rams,False
Philip Rivers,,Interceptions,0.5,-105,105.0,draftkings,San Francisco 49ers @ Indianapolis Colts,2025-12-23T01:15:00Z,Indianapolis Colts,San Francisco 49ers,False
Sam Darnold,,Interceptions,0.5,-139,112.0,draftkings,Los Angeles Rams @ Seattle Seahawks,2025-12-19T01:15:00Z,Seattle Seahawks,Los Angeles Rams,False
Trevor Lawrence,,Interceptions,0.5,-118,100.0,draftkings,Jacksonville Jaguars @ Denver Broncos,2025-12-21T21:05:00Z,Denver Broncos,Jacksonville Jaguars,False
Aaron Rodgers,,Passing Attempts,32.5,-108,-105.0,fanduel,Pittsburgh Steelers @ Detroit Lions,2025-12-21T21:25:00Z,Detroit Lions,Pittsburgh Steelers,False
Aaron Rodgers,,Passing Attempts,33.5,-105,-113.0,draftkings,Pittsburgh Steelers @ Detroit Lions,2025-12-21T21:25:00Z,Detroit Lions,Pittsburgh Steelers,False
Bo Nix,,Passing Attempts,35.5,-103,-129.0,betrivers,Jacksonville Jaguars @ Denver Broncos,2025-12-21T21:05:00Z,Denver Broncos,Jacksonville Jaguars,False
Bo Nix,,Passing Attempts,36.5,-102,-114.0,draftkings,Jacksonville Jaguars @ Denver Broncos,2025-12-21T21:05:00Z,Denver Broncos,Jacksonville Jaguars,False
Brock Purdy,,Passing Attempts,31.5,-120,-110.0,betmgm,San Francisco 49ers @ Indianapolis Colts,2025-12-23T01:15:00Z,Indianapolis Colts,San Francisco 49ers,False
Brock Purdy,,Passing Attempts,32.5,-103,-101.0,draftkings,San Francisco 49ers @ Indianapolis Colts,2025-12-23T01:15:00Z,Indianapolis Colts,San Francisco 49ers,False
Brock Purdy,,Passing Attempts,33.5,120,-160.0,bovada,San Francisco 49ers @ Indianapolis Colts,2025-12-23T01:15:00Z,Indianapolis Colts,San Francisco 49ers,False
C.J. Stroud,,Passing Attempts,29.5,-115,-108.0,draftkings,Las Vegas Raiders @ Houston Texans,2025-12-21T21:25:00Z,Houston Texans,Las Vegas Raiders,False
C.J. Stroud,,Passing Attempts,30.5,102,-125.0,fanduel,Las Vegas Raiders @ Houston Texans,2025-12-21T21:25:00Z,Houston Texans,Las Vegas Raiders,False
C.J. Stroud,,Passing Attempts,31.5,115,-150.0,bovada,Las Vegas Raiders @ Houston Texans,2025-12-21T21:25:00Z,Houston Texans,Las Vegas Raiders,False
Caleb Williams,,Passing Attempts,30.5,-118,-103.0,draftkings,Green Bay Packers @ Chicago Bears,2025-12-21T01:20:00Z,Chicago Bears,Green Bay Packers,False
Caleb Williams,,Passing Attempts,31.5,102,-130.0,fanduel,Green Bay Packers @ Chicago Bears,2025-12-21T01:20:00Z,Chicago Bears,Green Bay Packers,False
Drake Maye,,Passing Attempts,30.5,-120,106.0,fanduel,New England Patriots @ Baltimore Ravens,2025-12-22T01:20:00Z,Baltimore Ravens,New England Patriots,False
Drake Maye,,Passing Attempts,32.5,-105,-118.0,draftkings,New England Patriots @ Baltimore Ravens,2025-12-22T01:20:00Z,Baltimore Ravens,New England Patriots,False
Geno Smith,,Passing Attempts,31.5,102,-109.0,fanduel,Las Vegas Raiders @ Houston Texans,2025-12-21T21:25:00Z,Houston Texans,Las Vegas Raiders,False
Geno Smith,,Passing Attempts,32.5,-111,-115.0,draftkings,Las Vegas Raiders @ Houston Texans,2025-12-21T21:25:00Z,Houston Texans,Las Vegas Raiders,False
Jacoby Brissett,,Passing Attempts,36.5,-121,100.0,betrivers,Atlanta Falcons @ Arizona Cardinals,2025-12-21T21:05:00Z,Arizona Cardinals,Atlanta Falcons,False
Jacoby Brissett,,Passing Attempts,37.5,-105,-102.0,draftkings,Atlanta Falcons @ Arizona Cardinals,2025-12-21T21:05:00Z,Arizona Cardinals,Atlanta Falcons,False
Jacoby Brissett,,Passing Attempts,38.5,-108,-120.0,betonlineag,Atlanta Falcons @ Arizona Cardinals,2025-12-21T21:05:00Z,Arizona Cardinals,Atlanta Falcons,False
Jared Goff,,Passing Attempts,32.5,-107,105.0,draftkings,Pittsburgh Steelers @ Detroit Lions,2025-12-21T21:25:00Z,Detroit Lions,Pittsburgh Steelers,False
Jared Goff,,Passing Attempts,33.5,-110,-120.0,betmgm,Pittsburgh Steelers @ Detroit Lions,2025-12-21T21:25:00Z,Detroit Lions,Pittsburgh Steelers,False
Jordan Love,,Passing Attempts,30.5,-115,100.0,draftkings,Green Bay Packers @ Chicago Bears,2025-12-21T01:20:00Z,Chicago Bears,Green Bay Packers,False
Jordan Love,,Passing Attempts,31.5,105,-140.0,betmgm,Green Bay Packers @ Chicago Bears,2025-12-21T01:20:00Z,Chicago Bears,Green Bay Packers,False
Kirk Cousins,,Passing Attempts,30.5,-114,-106.0,draftkings,Atlanta Falcons @ Arizona Cardinals,2025-12-21T21:05:00Z,Arizona Cardinals,Atlanta Falcons,False
Kirk Cousins,,Passing Attempts,31.5,-106,-118.0,fanduel,Atlanta Falcons @ Arizona Cardinals,2025-12-21T21:05:00Z,Arizona Cardinals,Atlanta Falcons,False
Lamar Jackson,,Passing Attempts,27.5,-108,-105.0,draftkings,New England Patriots @ Baltimore Ravens,2025-12-22T01:20:00Z,Baltimore Ravens,New England Patriots,False
Matthew Stafford,,Passing Attempts,33.5,-120,100.0,draftkings,Los Angeles Rams @ Seattle Seahawks,2025-12-19T01:15:00Z,Seattle Seahawks,Los Angeles Rams,False
Matthew Stafford,,Passing Attempts,34.5,-105,-125.0,betmgm,Los Angeles Rams @ Seattle Seahawks,2025-12-19T01:15:00Z,Seattle Seahawks,Los Angeles Rams,False
Philip Rivers,,Passing Attempts,27.5,-117,115.0,betrivers,San Francisco 49ers @ Indianapolis Colts,2025-12-23T01:15:00Z,Indianapolis Colts,San Francisco 49ers,False
Philip Rivers,,Passing Attempts,28.5,112,-124.0,draftkings,San Francisco 49ers @ Indianapolis Colts,2025-12-23T01:15:00Z,Indianapolis Colts,San Francisco 49ers,False
Sam Darnold,,Passing Attempts,30.5,-106,-115.0,draftkings,Los Angeles Rams @ Seattle Seahawks,2025-12-19T01:15:00Z,Seattle Seahawks,Los Angeles Rams,False
Trevor Lawrence,,Passing Attempts,32.5,-114,-111.0,draftkings,Jacksonville Jaguars @ Denver Broncos,2025-12-21T21:05:00Z,Denver Broncos,Jacksonville Jaguars,False
Trevor Lawrence,,Passing Attempts,33.5,104,-125.0,fanduel,Jacksonville Jaguars @ Denver Broncos,2025-12-21T21:05:00Z,Denver Broncos,Jacksonville Jaguars,False
Trevor Lawrence,,Passing Attempts,34.5,105,-145.0,betmgm,Jacksonville Jaguars @ Denver Broncos,2025-12-21T21:05:00Z,Denver Broncos,Jacksonville Jaguars,False
Aaron Rodgers,,Passing TDs,1.5,114,-125.0,draftkings,Pittsburgh Steelers @ Detroit Lions,2025-12-21T21:25:00Z,Detroit Lions,Pittsburgh Steelers,False
Bo Nix,,Passing TDs,1.5,-125,106.0,draftkings,Jacksonville Jaguars @ Denver Broncos,2025-12-21T21:05:00Z,Denver Broncos,Jacksonville Jaguars,False
Brock Purdy,,Passing TDs,1.5,-150,124.0,draftkings,San Francisco 49ers @ Indianapolis Colts,2025-12-23T01:15:00Z,Indianapolis Colts,San Francisco 49ers,False
C.J. Stroud,,Passing TDs,1.5,-145,135.0,draftkings,Las Vegas Raiders @ Houston Texans,2025-12-21T21:25:00Z,Houston Texans,Las Vegas Raiders,False
Caleb Williams,,Passing TDs,1.5,118,-132.0,draftkings,Green Bay Packers @ Chicago Bears,2025-12-21T01:20:00Z,Chicago Bears,Green Bay Packers,False
Drake Maye,,Passing TDs,1.5,104,-115.0,draftkings,New England Patriots @ Baltimore Ravens,2025-12-22T01:20:00Z,Baltimore Ravens,New England Patriots,False
Geno Smith,,Passing TDs,0.5,-150,140.0,draftkings,Las Vegas Raiders @ Houston Texans,2025-12-21T21:25:00Z,Houston Texans,Las Vegas Raiders,False
Jacoby Brissett,,Passing TDs,1.5,-118,105.0,draftkings,Atlanta Falcons @ Arizona Cardinals,2025-12-21T21:05:00Z,Arizona Cardinals,Atlanta Falcons,False
Jared Goff,,Passing TDs,1.5,-190,163.0,williamhill_us,Pittsburgh Steelers @ Detroit Lions,2025-12-21T21:25:00Z,Detroit Lions,Pittsburgh Steelers,False
Jared Goff,,Passing TDs,2.5,165,-213.0,draftkings,Pittsburgh Steelers @ Detroit Lions,2025-12-21T21:25:00Z,Detroit Lions,Pittsburgh Steelers,False
Jordan Love,,Passing TDs,1.5,113,100.0,draftkings,Green Bay Packers @ Chicago Bears,2025-12-21T01:20:00Z,Chicago Bears,Green Bay Packers,False
Kirk Cousins,,Passing TDs,1.5,112,-128.0,draftkings,Atlanta Falcons @ Arizona Cardinals,2025-12-21T21:05:00Z,Arizona Cardinals,Atlanta Falcons,False
Lamar Jackson,,Passing TDs,1.5,-120,102.0,draftkings,New England Patriots @ Baltimore Ravens,2025-12-22T01:20:00Z,Baltimore Ravens,New England Patriots,False
Matthew Stafford,,Passing TDs,1.5,116,-114.0,draftkings,Los Angeles Rams @ Seattle Seahawks,2025-12-19T01:15:00Z,Seattle Seahawks,Los Angeles Rams,False
Philip Rivers,,Passing TDs,0.5,-190,180.0,draftkings,San Francisco 49ers @ Indianapolis Colts,2025-12-23T01:15:00Z,Indianapolis Colts,San Francisco 49ers,False
Sam Darnold,,Passing TDs,1.5,130,-147.0,draftkings,Los Angeles Rams @ Seattle Seahawks,2025-12-19T01:15:00Z,Seattle Seahawks,Los Angeles Rams,False
Trevor Lawrence,,Passing TDs,1.5,145,-150.0,draftkings,Jacksonville Jaguars @ Denver Broncos,2025-12-21T21:05:00Z,Denver Broncos,Jacksonville Jaguars,False
Aaron Rodgers,,Passing Yards,227.5,-115,-115.0,betrivers,Pittsburgh Steelers @ Detroit Lions,2025-12-21T21:25:00Z,Detroit Lions,Pittsburgh Steelers,False
Aaron Rodgers,,Passing Yards,230.5,-125,-105.0,bovada,Pittsburgh Steelers @ Detroit Lions,2025-12-21T21:25:00Z,Detroit Lions,Pittsburgh Steelers,False
Aaron Rodgers,,Passing Yards,232.5,-111,-113.0,draftkings,Pittsburgh Steelers @ Detroit Lions,2025-12-21T21:25:00Z,Detroit Lions,Pittsburgh Steelers,False
Aaron Rodgers,,Passing Yards,233.5,-114,-114.0,williamhill_us,Pittsburgh Steelers @ Detroit Lions,2025-12-21T21:25:00Z,Detroit Lions,Pittsburgh Steelers,False
Aaron Rodgers,,Passing Yards,234.5,-112,-112.0,fanduel,Pittsburgh Steelers @ Detroit Lions,2025-12-21T21:25:00Z,Detroit Lions,Pittsburgh Steelers,False
Bo Nix,,Passing Yards,236.5,-125,-105.0,bovada,Jacksonville Jaguars @ Denver Broncos,2025-12-21T21:05:00Z,Denver Broncos,Jacksonville Jaguars,False
Bo Nix,,Passing Yards,240.5,-112,-112.0,fanduel,Jacksonville Jaguars @ Denver Broncos,2025-12-21T21:05:00Z,Denver Broncos,Jacksonville Jaguars,False
Bo Nix,,Passing Yards,241.5,-113,-111.0,draftkings,Jacksonville Jaguars @ Denver Broncos,2025-12-21T21:05:00Z,Denver Broncos,Jacksonville Jaguars,False
Bo Nix,,Passing Yards,244.5,-114,-115.0,betrivers,Jacksonville Jaguars @ Denver Broncos,2025-12-21T21:05:00Z,Denver Broncos,Jacksonville Jaguars,False
Bo Nix,,Passing Yards,247.5,-114,-114.0,betonlineag,Jacksonville Jaguars @ Denver Broncos,2025-12-21T21:05:00Z,Denver Broncos,Jacksonville Jaguars,False
Brock Purdy,,Passing Yards,243.5,-135,105.0,bovada,San Francisco 49ers @ Indianapolis Colts,2025-12-23T01:15:00Z,Indianapolis Colts,San Francisco 49ers,False
Brock Purdy,,Passing Yards,245.5,-115,-115.0,betmgm,San Francisco 49ers @ Indianapolis Colts,2025-12-23T01:15:00Z,Indianapolis Colts,San Francisco 49ers,False
Brock Purdy,,Passing Yards,247.5,-130,-102.0,williamhill_us,San Francisco 49ers @ Indianapolis Colts,2025-12-23T01:15:00Z,Indianapolis Colts,San Francisco 49ers,False
Brock Purdy,,Passing Yards,248.5,-111,-112.0,draftkings,San Francisco 49ers @ Indianapolis Colts,2025-12-23T01:15:00Z,Indianapolis Colts,San Francisco 49ers,False
Brock Purdy,,Passing Yards,249.5,-114,-114.0,betonlineag,San Francisco 49ers @ Indianapolis Colts,2025-12-23T01:15:00Z,Indianapolis Colts,San Francisco 49ers,False
C.J. Stroud,,Passing Yards,221.5,-115,-115.0,betmgm,Las Vegas Raiders @ Houston Texans,2025-12-21T21:25:00Z,Houston Texans,Las Vegas Raiders,False
C.J. Stroud,,Passing Yards,226.5,-111,-121.0,williamhill_us,Las Vegas Raiders @ Houston Texans,2025-12-21T21:25:00Z,Houston Texans,Las Vegas Raiders,False
C.J. Stroud,,Passing Yards,227.5,-112,100.0,draftkings,Las Vegas Raiders @ Houston Texans,2025-12-21T21:25:00Z,Houston Texans,Las Vegas Raiders,False
C.J. Stroud,,Passing Yards,230.5,-125,-103.0,betonlineag,Las Vegas Raiders @ Houston Texans,2025-12-21T21:25:00Z,Houston Texans,Las Vegas Raiders,False
Caleb Williams,,Passing Yards,200.5,-111,-113.0,draftkings,Green Bay Packers @ Chicago Bears,2025-12-21T01:20:00Z,Chicago Bears,Green Bay Packers,False
Caleb Williams,,Passing Yards,201.5,-114,-114.0,betonlineag,Green Bay Packers @ Chicago Bears,2025-12-21T01:20:00Z,Chicago Bears,Green Bay Packers,False
Caleb Williams,,Passing Yards,203.5,-110,-125.0,williamhill_us,Green Bay Packers @ Chicago Bears,2025-12-21T01:20:00Z,Chicago Bears,Green Bay Packers,False
Caleb Williams,,Passing Yards,205.5,-112,-112.0,fanduel,Green Bay Packers @ Chicago Bears,2025-12-21T01:20:00Z,Chicago Bears,Green Bay Packers,False
Caleb Williams,,Passing Yards,207.5,105,-135.0,bovada,Green Bay Packers @ Chicago Bears,2025-12-21T01:20:00Z,Chicago Bears,Green Bay Packers,False
Drake Maye,,Passing Yards,236.5,-115,-115.0,betrivers,New England Patriots @ Baltimore Ravens,2025-12-22T01:20:00Z,Baltimore Ravens,New England Patriots,False
Drake Maye,,Passing Yards,239.5,-115,-115.0,bovada,New England Patriots @ Baltimore Ravens,2025-12-22T01:20:00Z,Baltimore Ravens,New England Patriots,False
Drake Maye,,Passing Yards,240.5,-115,-115.0,betmgm,New England Patriots @ Baltimore Ravens,2025-12-22T01:20:00Z,Baltimore Ravens,New England Patriots,False
Drake Maye,,Passing Yards,245.5,-145,108.0,williamhill_us,New England Patriots @ Baltimore Ravens,2025-12-22T01:20:00Z,Baltimore Ravens,New England Patriots,False
Drake Maye,,Passing Yards,246.5,-112,-112.0,fanduel,New England Patriots @ Baltimore Ravens,2025-12-22T01:20:00Z,Baltimore Ravens,New England Patriots,False
Drake Maye,,Passing Yards,247.5,-111,-113.0,draftkings,New England Patriots @ Baltimore Ravens,2025-12-22T01:20:00Z,Baltimore Ravens,New England Patriots,False
Geno Smith,,Passing Yards,179.5,-125,-105.0,bovada,Las Vegas Raiders @ Houston Texans,2025-12-21T21:25:00Z,Houston Texans,Las Vegas Raiders,False
Geno Smith,,Passing Yards,180.5,-112,-112.0,fanduel,Las Vegas Raiders @ Houston Texans,2025-12-21T21:25:00Z,Houston Texans,Las Vegas Raiders,False
Geno Smith,,Passing Yards,183.5,-107,-115.0,williamhill_us,Las Vegas Raiders @ Houston Texans,2025-12-21T21:25:00Z,Houston Texans,Las Vegas Raiders,False
Geno Smith,,Passing Yards,186.5,-115,-115.0,betmgm,Las Vegas Raiders @ Houston Texans,2025-12-21T21:25:00Z,Houston Texans,Las Vegas Raiders,False
Geno Smith,,Passing Yards,188.5,-111,-113.0,draftkings,Las Vegas Raiders @ Houston Texans,2025-12-21T21:25:00Z,Houston Texans,Las Vegas Raiders,False
Jacoby Brissett,,Passing Yards,254.5,-115,-105.0,betrivers,Atlanta Falcons @ Arizona Cardinals,2025-12-21T21:05:00Z,Arizona Cardinals,Atlanta Falcons,False
Jacoby Brissett,,Passing Yards,257.5,-112,-107.0,draftkings,Atlanta Falcons @ Arizona Cardinals,2025-12-21T21:05:00Z,Arizona Cardinals,Atlanta Falcons,False
Jacoby Brissett,,Passing Yards,258.5,-112,-112.0,fanduel,Atlanta Falcons @ Arizona Cardinals,2025-12-21T21:05:00Z,Arizona Cardinals,Atlanta Falcons,False
Jacoby Brissett,,Passing Yards,260.5,-125,-103.0,betonlineag,Atlanta Falcons @ Arizona Cardinals,2025-12-21T21:05:00Z,Arizona Cardinals,Atlanta Falcons,False
Jared Goff,,Passing Yards,264.5,-120,-110.0,bovada,Pittsburgh Steelers @ Detroit Lions,2025-12-21T21:25:00Z,Detroit Lions,Pittsburgh Steelers,False
Jared Goff,,Passing Yards,267.5,-112,-112.0,fanduel,Pittsburgh Steelers @ Detroit Lions,2025-12-21T21:25:00Z,Detroit Lions,Pittsburgh Steelers,False
Jared Goff,,Passing Yards,268.5,-114,-111.0,williamhill_us,Pittsburgh Steelers @ Detroit Lions,2025-12-21T21:25:00Z,Detroit Lions,Pittsburgh Steelers,False
Jared Goff,,Passing Yards,269.5,-111,-113.0,draftkings,Pittsburgh Steelers @ Detroit Lions,2025-12-21T21:25:00Z,Detroit Lions,Pittsburgh Steelers,False
Jared Goff,,Passing Yards,270.5,-115,-115.0,betmgm,Pittsburgh Steelers @ Detroit Lions,2025-12-21T21:25:00Z,Detroit Lions,Pittsburgh Steelers,False
Jordan Love,,Passing Yards,229.5,-115,-115.0,betmgm,Green Bay Packers @ Chicago Bears,2025-12-21T01:20:00Z,Chicago Bears,Green Bay Packers,False
Jordan Love,,Passing Yards,232.5,-115,-115.0,betrivers,Green Bay Packers @ Chicago Bears,2025-12-21T01:20:00Z,Chicago Bears,Green Bay Packers,False
Jordan Love,,Passing Yards,233.5,-112,-112.0,draftkings,Green Bay Packers @ Chicago Bears,2025-12-21T01:20:00Z,Chicago Bears,Green Bay Packers,False
Jordan Love,,Passing Yards,234.5,-114,-114.0,betonlineag,Green Bay Packers @ Chicago Bears,2025-12-21T01:20:00Z,Chicago Bears,Green Bay Packers,False
Jordan Love,,Passing Yards,236.5,-115,-114.0,williamhill_us,Green Bay Packers @ Chicago Bears,2025-12-21T01:20:00Z,Chicago Bears,Green Bay Packers,False
Jordan Love,,Passing Yards,239.5,-112,-112.0,bovada,Green Bay Packers @ Chicago Bears,2025-12-21T01:20:00Z,Chicago Bears,Green Bay Packers,False
Kirk Cousins,,Passing Yards,225.5,-115,-118.0,betmgm,Atlanta Falcons @ Arizona Cardinals,2025-12-21T21:05:00Z,Arizona Cardinals,Atlanta Falcons,False
Kirk Cousins,,Passing Yards,227.5,-110,-120.0,bovada,Atlanta Falcons @ Arizona Cardinals,2025-12-21T21:05:00Z,Arizona Cardinals,Atlanta Falcons,False
Kirk Cousins,,Passing Yards,229.5,-112,-112.0,draftkings,Atlanta Falcons @ Arizona Cardinals,2025-12-21T21:05:00Z,Arizona Cardinals,Atlanta Falcons,False
Kirk Cousins,,Passing Yards,230.5,-114,-115.0,williamhill_us,Atlanta Falcons @ Arizona Cardinals,2025-12-21T21:05:00Z,Arizona Cardinals,Atlanta Falcons,False
Kirk Cousins,,Passing Yards,231.5,-112,-112.0,fanduel,Atlanta Falcons @ Arizona Cardinals,2025-12-21T21:05:00Z,Arizona Cardinals,Atlanta Falcons,False
Kirk Cousins,,Passing Yards,232.5,-114,-114.0,betonlineag,Atlanta Falcons @ Arizona Cardinals,2025-12-21T21:05:00Z,Arizona Cardinals,Atlanta Falcons,False
Lamar Jackson,,Passing Yards,207.5,-115,-115.0,betrivers,New England Patriots @ Baltimore Ravens,2025-12-22T01:20:00Z,Baltimore Ravens,New England Patriots,False
Lamar Jackson,,Passing Yards,208.5,-115,-115.0,betmgm,New England Patriots @ Baltimore Ravens,2025-12-22T01:20:00Z,Baltimore Ravens,New England Patriots,False
Lamar Jackson,,Passing Yards,211.5,-115,-115.0,bovada,New England Patriots @ Baltimore Ravens,2025-12-22T01:20:00Z,Baltimore Ravens,New England Patriots,False
Lamar Jackson,,Passing Yards,212.5,-112,-111.0,draftkings,New England Patriots @ Baltimore Ravens,2025-12-22T01:20:00Z,Baltimore Ravens,New England Patriots,False
Matthew Stafford,,Passing Yards,228.5,-125,-105.0,bovada,Los Angeles Rams @ Seattle Seahawks,2025-12-19T01:15:00Z,Seattle Seahawks,Los Angeles Rams,False
Matthew Stafford,,Passing Yards,230.5,-114,-115.0,betrivers,Los Angeles Rams @ Seattle Seahawks,2025-12-19T01:15:00Z,Seattle Seahawks,Los Angeles Rams,False
Matthew Stafford,,Passing Yards,231.5,-112,-112.0,fanduel,Los Angeles Rams @ Seattle Seahawks,2025-12-19T01:15:00Z,Seattle Seahawks,Los Angeles Rams,False
Matthew Stafford,,Passing Yards,232.5,-111,-114.0,williamhill_us,Los Angeles Rams @ Seattle Seahawks,2025-12-19T01:15:00Z,Seattle Seahawks,Los Angeles Rams,False
Matthew Stafford,,Passing Yards,234.5,-111,-113.0,draftkings,Los Angeles Rams @ Seattle Seahawks,2025-12-19T01:15:00Z,Seattle Seahawks,Los Angeles Rams,False
Matthew Stafford,,Passing Yards,237.5,-115,-115.0,betmgm,Los Angeles Rams @ Seattle Seahawks,2025-12-19T01:15:00Z,Seattle Seahawks,Los Angeles Rams,False
Philip Rivers,,Passing Yards,157.5,-135,105.0,bovada,San Francisco 49ers @ Indianapolis Colts,2025-12-23T01:15:00Z,Indianapolis Colts,San Francisco 49ers,False
Philip Rivers,,Passing Yards,160.5,-135,100.0,betmgm,San Francisco 49ers @ Indianapolis Colts,2025-12-23T01:15:00Z,Indianapolis Colts,San Francisco 49ers,False
Philip Rivers,,Passing Yards,162.5,-112,-112.0,fanduel,San Francisco 49ers @ Indianapolis Colts,2025-12-23T01:15:00Z,Indianapolis Colts,San Francisco 49ers,False
Philip Rivers,,Passing Yards,163.5,-122,-110.0,williamhill_us,San Francisco 49ers @ Indianapolis Colts,2025-12-23T01:15:00Z,Indianapolis Colts,San Francisco 49ers,False
Philip Rivers,,Passing Yards,164.5,-112,-106.0,draftkings,San Francisco 49ers @ Indianapolis Colts,2025-12-23T01:15:00Z,Indianapolis Colts,San Francisco 49ers,False
Philip Rivers,,Passing Yards,165.5,-114,-117.0,betrivers,San Francisco 49ers @ Indianapolis Colts,2025-12-23T01:15:00Z,Indianapolis Colts,San Francisco 49ers,False
Sam Darnold,,Passing Yards,223.5,-112,-112.0,fanduel,Los Angeles Rams @ Seattle Seahawks,2025-12-19T01:15:00Z,Seattle Seahawks,Los Angeles Rams,False
Sam Darnold,,Passing Yards,224.5,-119,-109.0,betonlineag,Los Angeles Rams @ Seattle Seahawks,2025-12-19T01:15:00Z,Seattle Seahawks,Los Angeles Rams,False
Sam Darnold,,Passing Yards,225.5,100,-121.0,williamhill_us,Los Angeles Rams @ Seattle Seahawks,2025-12-19T01:15:00Z,Seattle Seahawks,Los Angeles Rams,False
Sam Darnold,,Passing Yards,227.5,-111,-113.0,draftkings,Los Angeles Rams @ Seattle Seahawks,2025-12-19T01:15:00Z,Seattle Seahawks,Los Angeles Rams,False
Trevor Lawrence,,Passing Yards,220.5,-130,100.0,bovada,Jacksonville Jaguars @ Denver Broncos,2025-12-21T21:05:00Z,Denver Broncos,Jacksonville Jaguars,False
Trevor Lawrence,,Passing Yards,223.5,-113,-111.0,draftkings,Jacksonville Jaguars @ Denver Broncos,2025-12-21T21:05:00Z,Denver Broncos,Jacksonville Jaguars,False
Trevor Lawrence,,Passing Yards,225.5,-112,-112.0,fanduel,Jacksonville Jaguars @ Denver Broncos,2025-12-21T21:05:00Z,Denver Broncos,Jacksonville Jaguars,False
Trevor Lawrence,,Passing Yards,226.5,-114,-115.0,williamhill_us,Jacksonville Jaguars @ Denver Broncos,2025-12-21T21:05:00Z,Denver Broncos,Jacksonville Jaguars,False
Trevor Lawrence,,Passing Yards,227.5,-114,-117.0,betrivers,Jacksonville Jaguars @ Denver Broncos,2025-12-21T21:05:00Z,Denver Broncos,Jacksonville Jaguars,False
AJ Barner,,Receiving Yards,28.5,-118,-113.0,betrivers,Los Angeles Rams @ Seattle Seahawks,2025-12-19T01:15:00Z,Seattle Seahawks,Los Angeles Rams,False
AJ Barner,,Receiving Yards,30.5,-110,-112.0,williamhill_us,Los Angeles Rams @ Seattle Seahawks,2025-12-19T01:15:00Z,Seattle Seahawks,Los Angeles Rams,False
AJ Barner,,Receiving Yards,31.5,-110,-114.0,draftkings,Los Angeles Rams @ Seattle Seahawks,2025-12-19T01:15:00Z,Seattle Seahawks,Los Angeles Rams,False
Adam Thielen,,Receiving Yards,8.5,-120,-112.0,betrivers,Pittsburgh Steelers @ Detroit Lions,2025-12-21T21:25:00Z,Detroit Lions,Pittsburgh Steelers,False
Adam Thielen,,Receiving Yards,9.5,-113,-105.0,draftkings,Pittsburgh Steelers @ Detroit Lions,2025-12-21T21:25:00Z,Detroit Lions,Pittsburgh Steelers,False
Adam Thielen,,Receiving Yards,10.5,-110,-118.0,betmgm,Pittsburgh Steelers @ Detroit Lions,2025-12-21T21:25:00Z,Detroit Lions,Pittsburgh Steelers,False
Adam Trautman,,Receiving Yards,3.5,-110,-118.0,betmgm,Jacksonville Jaguars @ Denver Broncos,2025-12-21T21:05:00Z,Denver Broncos,Jacksonville Jaguars,False
Alec Pierce,,Receiving Yards,19.5,-112,-112.0,draftkings,San Francisco 49ers @ Indianapolis Colts,2025-12-23T01:15:00Z,Indianapolis Colts,San Francisco 49ers,False
Alec Pierce,,Receiving Yards,20.5,105,-114.0,betonlineag,San Francisco 49ers @ Indianapolis Colts,2025-12-23T01:15:00Z,Indianapolis Colts,San Francisco 49ers,False
Ameer Abdullah,,Receiving Yards,8.5,-112,-112.0,williamhill_us,San Francisco 49ers @ Indianapolis Colts,2025-12-23T01:15:00Z,Indianapolis Colts,San Francisco 49ers,False
Ameer Abdullah,,Receiving Yards,9.5,-106,-119.0,draftkings,San Francisco 49ers @ Indianapolis Colts,2025-12-23T01:15:00Z,Indianapolis Colts,San Francisco 49ers,False
Amon-Ra St. Brown,,Receiving Yards,82.5,-115,-115.0,bovada,Pittsburgh Steelers @ Detroit Lions,2025-12-21T21:25:00Z,Detroit Lions,Pittsburgh Steelers,False
Amon-Ra St. Brown,,Receiving Yards,85.5,-112,-107.0,williamhill_us,Pittsburgh Steelers @ Detroit Lions,2025-12-21T21:25:00Z,Detroit Lions,Pittsburgh Steelers,False
Amon-Ra St. Brown,,Receiving Yards,86.5,-112,-112.0,draftkings,Pittsburgh Steelers @ Detroit Lions,2025-12-21T21:25:00Z,Detroit Lions,Pittsburgh Steelers,False
Anthony Firkser,,Receiving Yards,8.5,-110,-120.0,betmgm,Pittsburgh Steelers @ Detroit Lions,2025-12-21T21:25:00Z,Detroit Lions,Pittsburgh Steelers,False
Ashton Jeanty,,Receiving Yards,21.5,-112,-110.0,williamhill_us,Las Vegas Raiders @ Houston Texans,2025-12-21T21:25:00Z,Houston Texans,Las Vegas Raiders,False
Ashton Jeanty,,Receiving Yards,22.5,-117,-107.0,draftkings,Las Vegas Raiders @ Houston Texans,2025-12-21T21:25:00Z,Houston Texans,Las Vegas Raiders,False
Austin Hooper,,Receiving Yards,6.5,-110,-118.0,betmgm,New England Patriots @ Baltimore Ravens,2025-12-22T01:20:00Z,Baltimore Ravens,New England Patriots,False
Austin Hooper,,Receiving Yards,7.5,-117,-107.0,draftkings,New England Patriots @ Baltimore Ravens,2025-12-22T01:20:00Z,Baltimore Ravens,New England Patriots,False
Austin Hooper,,Receiving Yards,8.5,-108,-118.0,fanduel,New England Patriots @ Baltimore Ravens,2025-12-22T01:20:00Z,Baltimore Ravens,New England Patriots,False
Bijan Robinson,,Receiving Yards,35.5,-115,-115.0,betmgm,Atlanta Falcons @ Arizona Cardinals,2025-12-21T21:05:00Z,Arizona Cardinals,Atlanta Falcons,False
Bijan Robinson,,Receiving Yards,37.5,-112,100.0,draftkings,Atlanta Falcons @ Arizona Cardinals,2025-12-21T21:05:00Z,Arizona Cardinals,Atlanta Falcons,False
Bijan Robinson,,Receiving Yards,40.5,-112,-120.0,betrivers,Atlanta Falcons @ Arizona Cardinals,2025-12-21T21:05:00Z,Arizona Cardinals,Atlanta Falcons,False
Brenton Strange,,Receiving Yards,36.5,-140,105.0,betmgm,Jacksonville Jaguars @ Denver Broncos,2025-12-21T21:05:00Z,Denver Broncos,Jacksonville Jaguars,False
Brenton Strange,,Receiving Yards,37.5,-115,-109.0,draftkings,Jacksonville Jaguars @ Denver Broncos,2025-12-21T21:05:00Z,Denver Broncos,Jacksonville Jaguars,False
Brenton Strange,,Receiving Yards,38.5,-118,-113.0,williamhill_us,Jacksonville Jaguars @ Denver Broncos,2025-12-21T21:05:00Z,Denver Broncos,Jacksonville Jaguars,False
Brenton Strange,,Receiving Yards,39.5,-112,100.0,fanduel,Jacksonville Jaguars @ Denver Broncos,2025-12-21T21:05:00Z,Denver Broncos,Jacksonville Jaguars,False
Brenton Strange,,Receiving Yards,40.5,-114,-117.0,betrivers,Jacksonville Jaguars @ Denver Broncos,2025-12-21T21:05:00Z,Denver Broncos,Jacksonville Jaguars,False
Brenton Strange,,Receiving Yards,41.5,-114,-114.0,betonlineag,Jacksonville Jaguars @ Denver Broncos,2025-12-21T21:05:00Z,Denver Broncos,Jacksonville Jaguars,False
Brian Thomas Jr,,Receiving Yards,41.5,-114,-110.0,draftkings,Jacksonville Jaguars @ Denver Broncos,2025-12-21T21:05:00Z,Denver Broncos,Jacksonville Jaguars,False
Brian Thomas Jr,,Receiving Yards,43.5,-112,-110.0,williamhill_us,Jacksonville Jaguars @ Denver Broncos,2025-12-21T21:05:00Z,Denver Broncos,Jacksonville Jaguars,False
Brian Thomas Jr,,Receiving Yards,46.5,-117,-114.0,betrivers,Jacksonville Jaguars @ Denver Broncos,2025-12-21T21:05:00Z,Denver Broncos,Jacksonville Jaguars,False
Brian Thomas Jr,,Receiving Yards,47.5,-110,-118.0,betmgm,Jacksonville Jaguars @ Denver Broncos,2025-12-21T21:05:00Z,Denver Broncos,Jacksonville Jaguars,False
Brock Bowers,,Receiving Yards,51.5,-117,-114.0,betrivers,Las Vegas Raiders @ Houston Texans,2025-12-21T21:25:00Z,Houston Texans,Las Vegas Raiders,False
Brock Bowers,,Receiving Yards,52.5,-112,-105.0,williamhill_us,Las Vegas Raiders @ Houston Texans,2025-12-21T21:25:00Z,Houston Texans,Las Vegas Raiders,False
Brock Bowers,,Receiving Yards,54.5,-111,-113.0,draftkings,Las Vegas Raiders @ Houston Texans,2025-12-21T21:25:00Z,Houston Texans,Las Vegas Raiders,False
Cade Stover,,Receiving Yards,6.5,115,-155.0,betmgm,Las Vegas Raiders @ Houston Texans,2025-12-21T21:25:00Z,Houston Texans,Las Vegas Raiders,False
Calvin Austin III,,Receiving Yards,8.5,-130,100.0,betmgm,Pittsburgh Steelers @ Detroit Lions,2025-12-21T21:25:00Z,Detroit Lions,Pittsburgh Steelers,False
Charlie Kolar,,Receiving Yards,0.5,125,-160.0,betmgm,New England Patriots @ Baltimore Ravens,2025-12-22T01:20:00Z,Baltimore Ravens,New England Patriots,False
Charlie Woerner,,Receiving Yards,0.5,-105,-130.0,betmgm,Atlanta Falcons @ Arizona Cardinals,2025-12-21T21:05:00Z,Arizona Cardinals,Atlanta Falcons,False
Chris Brooks,,Receiving Yards,4.5,-118,-110.0,betmgm,Green Bay Packers @ Chicago Bears,2025-12-21T01:20:00Z,Chicago Bears,Green Bay Packers,False
Christian Kirk,,Receiving Yards,8.5,-115,-115.0,betmgm,Las Vegas Raiders @ Houston Texans,2025-12-21T21:25:00Z,Houston Texans,Las Vegas Raiders,False
Christian McCaffrey,,Receiving Yards,37.5,-145,110.0,betmgm,San Francisco 49ers @ Indianapolis Colts,2025-12-23T01:15:00Z,Indianapolis Colts,San Francisco 49ers,False
Christian McCaffrey,,Receiving Yards,38.5,-145,110.0,bovada,San Francisco 49ers @ Indianapolis Colts,2025-12-23T01:15:00Z,Indianapolis Colts,San Francisco 49ers,False
Christian McCaffrey,,Receiving Yards,39.5,-118,-113.0,betrivers,San Francisco 49ers @ Indianapolis Colts,2025-12-23T01:15:00Z,Indianapolis Colts,San Francisco 49ers,False
Christian McCaffrey,,Receiving Yards,40.5,-112,-107.0,williamhill_us,San Francisco 49ers @ Indianapolis Colts,2025-12-23T01:15:00Z,Indianapolis Colts,San Francisco 49ers,False
Christian McCaffrey,,Receiving Yards,41.5,-110,-114.0,draftkings,San Francisco 49ers @ Indianapolis Colts,2025-12-23T01:15:00Z,Indianapolis Colts,San Francisco 49ers,False
Christian Watson,,Receiving Yards,52.5,-111,-110.0,draftkings,Green Bay Packers @ Chicago Bears,2025-12-21T01:20:00Z,Chicago Bears,Green Bay Packers,False
Christian Watson,,Receiving Yards,54.5,-115,-115.0,bovada,Green Bay Packers @ Chicago Bears,2025-12-21T01:20:00Z,Chicago Bears,Green Bay Packers,False
Colby Parkinson,,Receiving Yards,39.5,-110,-113.0,betrivers,Los Angeles Rams @ Seattle Seahawks,2025-12-19T01:15:00Z,Seattle Seahawks,Los Angeles Rams,False
Colby Parkinson,,Receiving Yards,40.5,-111,-110.0,draftkings,Los Angeles Rams @ Seattle Seahawks,2025-12-19T01:15:00Z,Seattle Seahawks,Los Angeles Rams,False
Cole Kmet,,Receiving Yards,21.5,-111,-113.0,draftkings,Green Bay Packers @ Chicago Bears,2025-12-21T01:20:00Z,Chicago Bears,Green Bay Packers,False
Cole Kmet,,Receiving Yards,22.5,-125,-103.0,bovada,Green Bay Packers @ Chicago Bears,2025-12-21T01:20:00Z,Chicago Bears,Green Bay Packers,False
Cole Kmet,,Receiving Yards,23.5,-110,-112.0,williamhill_us,Green Bay Packers @ Chicago Bears,2025-12-21T01:20:00Z,Chicago Bears,Green Bay Packers,False
Colston Loveland,,Receiving Yards,42.5,-114,-115.0,betrivers,Green Bay Packers @ Chicago Bears,2025-12-21T01:20:00Z,Chicago Bears,Green Bay Packers,False
Colston Loveland,,Receiving Yards,43.5,-112,-112.0,draftkings,Green Bay Packers @ Chicago Bears,2025-12-21T01:20:00Z,Chicago Bears,Green Bay Packers,False
Colston Loveland,,Receiving Yards,44.5,-120,100.0,williamhill_us,Green Bay Packers @ Chicago Bears,2025-12-21T01:20:00Z,Chicago Bears,Green Bay Packers,False
Colston Loveland,,Receiving Yards,46.5,-118,-108.0,betonlineag,Green Bay Packers @ Chicago Bears,2025-12-21T01:20:00Z,Chicago Bears,Green Bay Packers,False
Cooper Kupp,,Receiving Yards,31.5,-115,-115.0,betrivers,Los Angeles Rams @ Seattle Seahawks,2025-12-19T01:15:00Z,Seattle Seahawks,Los Angeles Rams,False
Cooper Kupp,,Receiving Yards,32.5,-109,-112.0,draftkings,Los Angeles Rams @ Seattle Seahawks,2025-12-19T01:15:00Z,Seattle Seahawks,Los Angeles Rams,False
Cooper Kupp,,Receiving Yards,33.5,-105,-114.0,betonlineag,Los Angeles Rams @ Seattle Seahawks,2025-12-19T01:15:00Z,Seattle Seahawks,Los Angeles Rams,False
Courtland Sutton,,Receiving Yards,58.5,-135,105.0,bovada,Jacksonville Jaguars @ Denver Broncos,2025-12-21T21:05:00Z,Denver Broncos,Jacksonville Jaguars,False
Courtland Sutton,,Receiving Yards,60.5,-112,-112.0,fanduel,Jacksonville Jaguars @ Denver Broncos,2025-12-21T21:05:00Z,Denver Broncos,Jacksonville Jaguars,False
Courtland Sutton,,Receiving Yards,61.5,-115,-108.0,williamhill_us,Jacksonville Jaguars @ Denver Broncos,2025-12-21T21:05:00Z,Denver Broncos,Jacksonville Jaguars,False
Courtland Sutton,,Receiving Yards,64.5,-111,-113.0,draftkings,Jacksonville Jaguars @ Denver Broncos,2025-12-21T21:05:00Z,Denver Broncos,Jacksonville Jaguars,False
D'Andre Swift,,Receiving Yards,14.5,-107,-111.0,draftkings,Green Bay Packers @ Chicago Bears,2025-12-21T01:20:00Z,Chicago Bears,Green Bay Packers,False
D'Andre Swift,,Receiving Yards,15.5,-110,-120.0,betrivers,Green Bay Packers @ Chicago Bears,2025-12-21T01:20:00Z,Chicago Bears,Green Bay Packers,False
D'Andre Swift,,Receiving Yards,16.5,-105,-125.0,betmgm,Green Bay Packers @ Chicago Bears,2025-12-21T01:20:00Z,Chicago Bears,Green Bay Packers,False
DJ Moore,,Receiving Yards,42.5,-112,-112.0,draftkings,Green Bay Packers @ Chicago Bears,2025-12-21T01:20:00Z,Chicago Bears,Green Bay Packers,False
DJ Moore,,Receiving Yards,43.5,-112,-112.0,fanduel,Green Bay Packers @ Chicago Bears,2025-12-21T01:20:00Z,Chicago Bears,Green Bay Packers,False
DJ Moore,,Receiving Yards,44.5,-115,-114.0,williamhill_us,Green Bay Packers @ Chicago Bears,2025-12-21T01:20:00Z,Chicago Bears,Green Bay Packers,False
DJ Moore,,Receiving Yards,45.5,-115,-115.0,bovada,Green Bay Packers @ Chicago Bears,2025-12-21T01:20:00Z,Chicago Bears,Green Bay Packers,False
DJ Moore,,Receiving Yards,46.5,-120,-106.0,betonlineag,Green Bay Packers @ Chicago Bears,2025-12-21T01:20:00Z,Chicago Bears,Green Bay Packers,False
DK Metcalf,,Receiving Yards,58.5,-145,110.0,bovada,Pittsburgh Steelers @ Detroit Lions,2025-12-21T21:25:00Z,Detroit Lions,Pittsburgh Steelers,False
DK Metcalf,,Receiving Yards,60.5,-113,-118.0,betrivers,Pittsburgh Steelers @ Detroit Lions,2025-12-21T21:25:00Z,Detroit Lions,Pittsburgh Steelers,False
DK Metcalf,,Receiving Yards,61.5,-113,-111.0,draftkings,Pittsburgh Steelers @ Detroit Lions,2025-12-21T21:25:00Z,Detroit Lions,Pittsburgh Steelers,False
DK Metcalf,,Receiving Yards,63.5,-112,-111.0,williamhill_us,Pittsburgh Steelers @ Detroit Lions,2025-12-21T21:25:00Z,Detroit Lions,Pittsburgh Steelers,False
DK Metcalf,,Receiving Yards,64.5,-125,-103.0,betonlineag,Pittsburgh Steelers @ Detroit Lions,2025-12-21T21:25:00Z,Detroit Lions,Pittsburgh Steelers,False
DK Metcalf,,Receiving Yards,67.5,-115,-115.0,betmgm,Pittsburgh Steelers @ Detroit Lions,2025-12-21T21:25:00Z,Detroit Lions,Pittsburgh Steelers,False
Dalton Schultz,,Receiving Yards,40.5,-110,-112.0,draftkings,Las Vegas Raiders @ Houston Texans,2025-12-21T21:25:00Z,Houston Texans,Las Vegas Raiders,False
Dalton Schultz,,Receiving Yards,43.5,-118,-112.0,betrivers,Las Vegas Raiders @ Houston Texans,2025-12-21T21:25:00Z,Houston Texans,Las Vegas Raiders,False
Darnell Mooney,,Receiving Yards,25.5,-112,-109.0,draftkings,Atlanta Falcons @ Arizona Cardinals,2025-12-21T21:05:00Z,Arizona Cardinals,Atlanta Falcons,False
Darnell Washington,,Receiving Yards,22.5,-115,-109.0,draftkings,Pittsburgh Steelers @ Detroit Lions,2025-12-21T21:25:00Z,Detroit Lions,Pittsburgh Steelers,False
Darnell Washington,,Receiving Yards,23.5,-112,-112.0,williamhill_us,Pittsburgh Steelers @ Detroit Lions,2025-12-21T21:25:00Z,Detroit Lions,Pittsburgh Steelers,False
Darnell Washington,,Receiving Yards,25.5,-114,-114.0,betonlineag,Pittsburgh Steelers @ Detroit Lions,2025-12-21T21:25:00Z,Detroit Lions,Pittsburgh Steelers,False
David Montgomery,,Receiving Yards,9.5,-113,-111.0,draftkings,Pittsburgh Steelers @ Detroit Lions,2025-12-21T21:25:00Z,Detroit Lions,Pittsburgh Steelers,False
David Montgomery,,Receiving Yards,10.5,-114,-117.0,betrivers,Pittsburgh Steelers @ Detroit Lions,2025-12-21T21:25:00Z,Detroit Lions,Pittsburgh Steelers,False
David Sills V,,Receiving Yards,14.5,-118,-110.0,betmgm,Atlanta Falcons @ Arizona Cardinals,2025-12-21T21:05:00Z,Arizona Cardinals,Atlanta Falcons,False
Davis Allen,,Receiving Yards,15.5,-111,-112.0,draftkings,Los Angeles Rams @ Seattle Seahawks,2025-12-19T01:15:00Z,Seattle Seahawks,Los Angeles Rams,False
Davis Allen,,Receiving Yards,16.5,-120,-112.0,betrivers,Los Angeles Rams @ Seattle Seahawks,2025-12-19T01:15:00Z,Seattle Seahawks,Los Angeles Rams,False
DeAndre Hopkins,,Receiving Yards,10.5,-120,-105.0,betrivers,New England Patriots @ Baltimore Ravens,2025-12-22T01:20:00Z,Baltimore Ravens,New England Patriots,False
DeAndre Hopkins,,Receiving Yards,11.5,-110,-105.0,draftkings,New England Patriots @ Baltimore Ravens,2025-12-22T01:20:00Z,Baltimore Ravens,New England Patriots,False
DeAndre Hopkins,,Receiving Yards,12.5,-114,-114.0,betonlineag,New England Patriots @ Baltimore Ravens,2025-12-22T01:20:00Z,Baltimore Ravens,New England Patriots,False
DeMario Douglas,,Receiving Yards,14.5,-112,-109.0,draftkings,New England Patriots @ Baltimore Ravens,2025-12-22T01:20:00Z,Baltimore Ravens,New England Patriots,False
Demarcus Robinson,,Receiving Yards,16.5,-114,-108.0,draftkings,San Francisco 49ers @ Indianapolis Colts,2025-12-23T01:15:00Z,Indianapolis Colts,San Francisco 49ers,False
Demarcus Robinson,,Receiving Yards,17.5,-112,-112.0,williamhill_us,San Francisco 49ers @ Indianapolis Colts,2025-12-23T01:15:00Z,Indianapolis Colts,San Francisco 49ers,False
Demarcus Robinson,,Receiving Yards,18.5,100,-110.0,betmgm,San Francisco 49ers @ Indianapolis Colts,2025-12-23T01:15:00Z,Indianapolis Colts,San Francisco 49ers,False
Derrick Henry,,Receiving Yards,7.5,-115,-108.0,williamhill_us,New England Patriots @ Baltimore Ravens,2025-12-22T01:20:00Z,Baltimore Ravens,New England Patriots,False
Derrick Henry,,Receiving Yards,8.5,-108,-115.0,draftkings,New England Patriots @ Baltimore Ravens,2025-12-22T01:20:00Z,Baltimore Ravens,New England Patriots,False
Devin Duvernay,,Receiving Yards,8.5,-114,-110.0,draftkings,Green Bay Packers @ Chicago Bears,2025-12-21T01:20:00Z,Chicago Bears,Green Bay Packers,False
Devin Duvernay,,Receiving Yards,9.5,-110,-112.0,williamhill_us,Green Bay Packers @ Chicago Bears,2025-12-21T01:20:00Z,Chicago Bears,Green Bay Packers,False
Dontayvion Wicks,,Receiving Yards,12.5,-110,-107.0,draftkings,Green Bay Packers @ Chicago Bears,2025-12-21T01:20:00Z,Chicago Bears,Green Bay Packers,False
Dontayvion Wicks,,Receiving Yards,13.5,-112,-112.0,bovada,Green Bay Packers @ Chicago Bears,2025-12-21T01:20:00Z,Chicago Bears,Green Bay Packers,False
Drake London,,Receiving Yards,66.5,-115,-118.0,betmgm,Atlanta Falcons @ Arizona Cardinals,2025-12-21T21:05:00Z,Arizona Cardinals,Atlanta Falcons,False
Drake London,,Receiving Yards,67.5,-112,-105.0,fanduel,Atlanta Falcons @ Arizona Cardinals,2025-12-21T21:05:00Z,Arizona Cardinals,Atlanta Falcons,False
Drake London,,Receiving Yards,68.5,-113,-118.0,williamhill_us,Atlanta Falcons @ Arizona Cardinals,2025-12-21T21:05:00Z,Arizona Cardinals,Atlanta Falcons,False
Drake London,,Receiving Yards,69.5,-114,-115.0,betrivers,Atlanta Falcons @ Arizona Cardinals,2025-12-21T21:05:00Z,Arizona Cardinals,Atlanta Falcons,False
Drake London,,Receiving Yards,70.5,-113,-111.0,draftkings,Atlanta Falcons @ Arizona Cardinals,2025-12-21T21:05:00Z,Arizona Cardinals,Atlanta Falcons,False
Elijah Higgins,,Receiving Yards,8.5,-109,-114.0,betonlineag,Atlanta Falcons @ Arizona Cardinals,2025-12-21T21:05:00Z,Arizona Cardinals,Atlanta Falcons,False
Elijah Higgins,,Receiving Yards,9.5,-107,-114.0,draftkings,Atlanta Falcons @ Arizona Cardinals,2025-12-21T21:05:00Z,Arizona Cardinals,Atlanta Falcons,False
Emari Demercado,,Receiving Yards,11.5,-115,-118.0,betmgm,Atlanta Falcons @ Arizona Cardinals,2025-12-21T21:05:00Z,Arizona Cardinals,Atlanta Falcons,False
Evan Engram,,Receiving Yards,25.5,-112,-110.0,williamhill_us,Jacksonville Jaguars @ Denver Broncos,2025-12-21T21:05:00Z,Denver Broncos,Jacksonville Jaguars,False
Evan Engram,,Receiving Yards,26.5,-113,-110.0,draftkings,Jacksonville Jaguars @ Denver Broncos,2025-12-21T21:05:00Z,Denver Broncos,Jacksonville Jaguars,False
Evan Engram,,Receiving Yards,28.5,-110,-120.0,betmgm,Jacksonville Jaguars @ Denver Broncos,2025-12-21T21:05:00Z,Denver Broncos,Jacksonville Jaguars,False
George Kittle,,Receiving Yards,66.5,-112,-105.0,williamhill_us,San Francisco 49ers @ Indianapolis Colts,2025-12-23T01:15:00Z,Indianapolis Colts,San Francisco 49ers,False
George Kittle,,Receiving Yards,67.5,-113,-111.0,draftkings,San Francisco 49ers @ Indianapolis Colts,2025-12-23T01:15:00Z,Indianapolis Colts,San Francisco 49ers,False
George Kittle,,Receiving Yards,69.5,-116,-111.0,betonlineag,San Francisco 49ers @ Indianapolis Colts,2025-12-23T01:15:00Z,Indianapolis Colts,San Francisco 49ers,False
Hunter Henry,,Receiving Yards,39.5,-114,-115.0,betrivers,New England Patriots @ Baltimore Ravens,2025-12-22T01:20:00Z,Baltimore Ravens,New England Patriots,False
Hunter Henry,,Receiving Yards,40.5,-111,-112.0,draftkings,New England Patriots @ Baltimore Ravens,2025-12-22T01:20:00Z,Baltimore Ravens,New England Patriots,False
Hunter Henry,,Receiving Yards,41.5,-115,-115.0,betmgm,New England Patriots @ Baltimore Ravens,2025-12-22T01:20:00Z,Baltimore Ravens,New England Patriots,False
Isaac TeSlaa,,Receiving Yards,8.5,-115,-115.0,betmgm,Pittsburgh Steelers @ Detroit Lions,2025-12-21T21:25:00Z,Detroit Lions,Pittsburgh Steelers,False
Isaac TeSlaa,,Receiving Yards,9.5,-114,-114.0,betonlineag,Pittsburgh Steelers @ Detroit Lions,2025-12-21T21:25:00Z,Detroit Lions,Pittsburgh Steelers,False
Isaac TeSlaa,,Receiving Yards,10.5,-109,-113.0,draftkings,Pittsburgh Steelers @ Detroit Lions,2025-12-21T21:25:00Z,Detroit Lions,Pittsburgh Steelers,False
Isaac TeSlaa,,Receiving Yards,12.5,-114,-117.0,betrivers,Pittsburgh Steelers @ Detroit Lions,2025-12-21T21:25:00Z,Detroit Lions,Pittsburgh Steelers,False
Isaiah Likely,,Receiving Yards,24.5,-125,-105.0,bovada,New England Patriots @ Baltimore Ravens,2025-12-22T01:20:00Z,Baltimore Ravens,New England Patriots,False
Isaiah Likely,,Receiving Yards,25.5,-113,-118.0,betrivers,New England Patriots @ Baltimore Ravens,2025-12-22T01:20:00Z,Baltimore Ravens,New England Patriots,False
Isaiah Likely,,Receiving Yards,26.5,-111,-112.0,draftkings,New England Patriots @ Baltimore Ravens,2025-12-22T01:20:00Z,Baltimore Ravens,New England Patriots,False
Jack Bech,,Receiving Yards,16.5,-118,-110.0,betmgm,Las Vegas Raiders @ Houston Texans,2025-12-21T21:25:00Z,Houston Texans,Las Vegas Raiders,False
Jack Bech,,Receiving Yards,17.5,-120,-112.0,betrivers,Las Vegas Raiders @ Houston Texans,2025-12-21T21:25:00Z,Houston Texans,Las Vegas Raiders,False
Jack Bech,,Receiving Yards,18.5,-123,-104.0,betonlineag,Las Vegas Raiders @ Houston Texans,2025-12-21T21:25:00Z,Houston Texans,Las Vegas Raiders,False
Jack Bech,,Receiving Yards,19.5,-112,-112.0,williamhill_us,Las Vegas Raiders @ Houston Texans,2025-12-21T21:25:00Z,Houston Texans,Las Vegas Raiders,False
Jack Bech,,Receiving Yards,20.5,-111,-113.0,draftkings,Las Vegas Raiders @ Houston Texans,2025-12-21T21:25:00Z,Houston Texans,Las Vegas Raiders,False
Jahmyr Gibbs,,Receiving Yards,38.5,-115,-115.0,bovada,Pittsburgh Steelers @ Detroit Lions,2025-12-21T21:25:00Z,Detroit Lions,Pittsburgh Steelers,False
Jahmyr Gibbs,,Receiving Yards,39.5,-111,-111.0,draftkings,Pittsburgh Steelers @ Detroit Lions,2025-12-21T21:25:00Z,Detroit Lions,Pittsburgh Steelers,False
Jahmyr Gibbs,,Receiving Yards,40.5,-112,-112.0,williamhill_us,Pittsburgh Steelers @ Detroit Lions,2025-12-21T21:25:00Z,Detroit Lions,Pittsburgh Steelers,False
Jakobi Meyers,,Receiving Yards,52.5,-114,-110.0,draftkings,Jacksonville Jaguars @ Denver Broncos,2025-12-21T21:05:00Z,Denver Broncos,Jacksonville Jaguars,False
Jakobi Meyers,,Receiving Yards,54.5,-113,-115.0,williamhill_us,Jacksonville Jaguars @ Denver Broncos,2025-12-21T21:05:00Z,Denver Broncos,Jacksonville Jaguars,False
Jakobi Meyers,,Receiving Yards,55.5,-110,-112.0,fanduel,Jacksonville Jaguars @ Denver Broncos,2025-12-21T21:05:00Z,Denver Broncos,Jacksonville Jaguars,False
Jakobi Meyers,,Receiving Yards,56.5,-115,-115.0,betrivers,Jacksonville Jaguars @ Denver Broncos,2025-12-21T21:05:00Z,Denver Broncos,Jacksonville Jaguars,False
Jameson Williams,,Receiving Yards,67.5,-115,-115.0,bovada,Pittsburgh Steelers @ Detroit Lions,2025-12-21T21:25:00Z,Detroit Lions,Pittsburgh Steelers,False
Jameson Williams,,Receiving Yards,68.5,-112,-112.0,fanduel,Pittsburgh Steelers @ Detroit Lions,2025-12-21T21:25:00Z,Detroit Lions,Pittsburgh Steelers,False
Jameson Williams,,Receiving Yards,69.5,-113,-108.0,draftkings,Pittsburgh Steelers @ Detroit Lions,2025-12-21T21:25:00Z,Detroit Lions,Pittsburgh Steelers,False
Jameson Williams,,Receiving Yards,70.5,-115,-115.0,betmgm,Pittsburgh Steelers @ Detroit Lions,2025-12-21T21:25:00Z,Detroit Lions,Pittsburgh Steelers,False
Jameson Williams,,Receiving Yards,71.5,-115,-115.0,betrivers,Pittsburgh Steelers @ Detroit Lions,2025-12-21T21:25:00Z,Detroit Lions,Pittsburgh Steelers,False
Jauan Jennings,,Receiving Yards,54.5,-114,100.0,betrivers,San Francisco 49ers @ Indianapolis Colts,2025-12-23T01:15:00Z,Indianapolis Colts,San Francisco 49ers,False
Jauan Jennings,,Receiving Yards,55.5,-112,-112.0,draftkings,San Francisco 49ers @ Indianapolis Colts,2025-12-23T01:15:00Z,Indianapolis Colts,San Francisco 49ers,False
Jauan Jennings,,Receiving Yards,56.5,-115,100.0,williamhill_us,San Francisco 49ers @ Indianapolis Colts,2025-12-23T01:15:00Z,Indianapolis Colts,San Francisco 49ers,False
Jawhar Jordan,,Receiving Yards,5.5,-110,-120.0,betmgm,Las Vegas Raiders @ Houston Texans,2025-12-21T21:25:00Z,Houston Texans,Las Vegas Raiders,False
Jaxon Smith-Njigba,,Receiving Yards,87.5,-112,-112.0,williamhill_us,Los Angeles Rams @ Seattle Seahawks,2025-12-19T01:15:00Z,Seattle Seahawks,Los Angeles Rams,False
Jaxon Smith-Njigba,,Receiving Yards,88.5,-118,-110.0,betmgm,Los Angeles Rams @ Seattle Seahawks,2025-12-19T01:15:00Z,Seattle Seahawks,Los Angeles Rams,False
Jaxon Smith-Njigba,,Receiving Yards,89.5,-110,-114.0,draftkings,Los Angeles Rams @ Seattle Seahawks,2025-12-19T01:15:00Z,Seattle Seahawks,Los Angeles Rams,False
Jaxon Smith-Njigba,,Receiving Yards,92.5,-114,-114.0,betonlineag,Los Angeles Rams @ Seattle Seahawks,2025-12-19T01:15:00Z,Seattle Seahawks,Los Angeles Rams,False
Jayden Higgins,,Receiving Yards,34.5,-112,-109.0,draftkings,Las Vegas Raiders @ Houston Texans,2025-12-21T21:25:00Z,Houston Texans,Las Vegas Raiders,False
Jayden Higgins,,Receiving Yards,35.5,-115,-118.0,betmgm,Las Vegas Raiders @ Houston Texans,2025-12-21T21:25:00Z,Houston Texans,Las Vegas Raiders,False
Jayden Higgins,,Receiving Yards,36.5,-117,-114.0,betrivers,Las Vegas Raiders @ Houston Texans,2025-12-21T21:25:00Z,Houston Texans,Las Vegas Raiders,False
Jayden Reed,,Receiving Yards,35.5,-130,100.0,betmgm,Green Bay Packers @ Chicago Bears,2025-12-21T01:20:00Z,Chicago Bears,Green Bay Packers,False
Jayden Reed,,Receiving Yards,37.5,-114,-110.0,draftkings,Green Bay Packers @ Chicago Bears,2025-12-21T01:20:00Z,Chicago Bears,Green Bay Packers,False
Jayden Reed,,Receiving Yards,39.5,-112,-107.0,williamhill_us,Green Bay Packers @ Chicago Bears,2025-12-21T01:20:00Z,Chicago Bears,Green Bay Packers,False
Jayden Reed,,Receiving Yards,40.5,-120,-108.0,betonlineag,Green Bay Packers @ Chicago Bears,2025-12-21T01:20:00Z,Chicago Bears,Green Bay Packers,False
Jaylen Warren,,Receiving Yards,11.5,-110,-112.0,williamhill_us,Pittsburgh Steelers @ Detroit Lions,2025-12-21T21:25:00Z,Detroit Lions,Pittsburgh Steelers,False
Jaylen Warren,,Receiving Yards,12.5,-111,-109.0,draftkings,Pittsburgh Steelers @ Detroit Lions,2025-12-21T21:25:00Z,Detroit Lions,Pittsburgh Steelers,False
Jaylin Noel,,Receiving Yards,2.5,-118,-110.0,betmgm,Las Vegas Raiders @ Houston Texans,2025-12-21T21:25:00Z,Houston Texans,Las Vegas Raiders,False
John FitzPatrick,,Receiving Yards,10.5,-112,-109.0,draftkings,Green Bay Packers @ Chicago Bears,2025-12-21T01:20:00Z,Chicago Bears,Green Bay Packers,False
John FitzPatrick,,Receiving Yards,11.5,-115,-111.0,bovada,Green Bay Packers @ Chicago Bears,2025-12-21T01:20:00Z,Chicago Bears,Green Bay Packers,False
Jonathan Taylor,,Receiving Yards,19.5,-110,105.0,williamhill_us,San Francisco 49ers @ Indianapolis Colts,2025-12-23T01:15:00Z,Indianapolis Colts,San Francisco 49ers,False
Jonathan Taylor,,Receiving Yards,20.5,-113,-111.0,draftkings,San Francisco 49ers @ Indianapolis Colts,2025-12-23T01:15:00Z,Indianapolis Colts,San Francisco 49ers,False
Jonnu Smith,,Receiving Yards,10.5,-116,-108.0,draftkings,Pittsburgh Steelers @ Detroit Lions,2025-12-21T21:25:00Z,Detroit Lions,Pittsburgh Steelers,False
Jonnu Smith,,Receiving Yards,11.5,-109,-112.0,williamhill_us,Pittsburgh Steelers @ Detroit Lions,2025-12-21T21:25:00Z,Detroit Lions,Pittsburgh Steelers,False
Josh Downs,,Receiving Yards,23.5,-118,-110.0,betmgm,San Francisco 49ers @ Indianapolis Colts,2025-12-23T01:15:00Z,Indianapolis Colts,San Francisco 49ers,False
Josh Downs,,Receiving Yards,25.5,-112,-112.0,fanduel,San Francisco 49ers @ Indianapolis Colts,2025-12-23T01:15:00Z,Indianapolis Colts,San Francisco 49ers,False
Josh Downs,,Receiving Yards,26.5,-115,-109.0,draftkings,San Francisco 49ers @ Indianapolis Colts,2025-12-23T01:15:00Z,Indianapolis Colts,San Francisco 49ers,False
Josh Downs,,Receiving Yards,27.5,-113,-114.0,betonlineag,San Francisco 49ers @ Indianapolis Colts,2025-12-23T01:15:00Z,Indianapolis Colts,San Francisco 49ers,False
Josh Jacobs,,Receiving Yards,9.5,-119,-106.0,draftkings,Green Bay Packers @ Chicago Bears,2025-12-21T01:20:00Z,Chicago Bears,Green Bay Packers,False
Josh Jacobs,,Receiving Yards,10.5,-112,-112.0,bovada,Green Bay Packers @ Chicago Bears,2025-12-21T01:20:00Z,Chicago Bears,Green Bay Packers,False
Kalif Raymond,,Receiving Yards,7.5,-115,-115.0,betmgm,Pittsburgh Steelers @ Detroit Lions,2025-12-21T21:25:00Z,Detroit Lions,Pittsburgh Steelers,False
Kayshon Boutte,,Receiving Yards,32.5,-115,-114.0,betrivers,New England Patriots @ Baltimore Ravens,2025-12-22T01:20:00Z,Baltimore Ravens,New England Patriots,False
Kayshon Boutte,,Receiving Yards,33.5,-110,-112.0,williamhill_us,New England Patriots @ Baltimore Ravens,2025-12-22T01:20:00Z,Baltimore Ravens,New England Patriots,False
Kayshon Boutte,,Receiving Yards,34.5,-110,-114.0,draftkings,New England Patriots @ Baltimore Ravens,2025-12-22T01:20:00Z,Baltimore Ravens,New England Patriots,False
Keaton Mitchell,,Receiving Yards,0.5,-118,-110.0,betmgm,New England Patriots @ Baltimore Ravens,2025-12-22T01:20:00Z,Baltimore Ravens,New England Patriots,False
Kendrick Bourne,,Receiving Yards,22.5,-145,110.0,bovada,San Francisco 49ers @ Indianapolis Colts,2025-12-23T01:15:00Z,Indianapolis Colts,San Francisco 49ers,False
Kendrick Bourne,,Receiving Yards,23.5,-118,-113.0,betrivers,San Francisco 49ers @ Indianapolis Colts,2025-12-23T01:15:00Z,Indianapolis Colts,San Francisco 49ers,False
Kendrick Bourne,,Receiving Yards,24.5,-110,-118.0,betmgm,San Francisco 49ers @ Indianapolis Colts,2025-12-23T01:15:00Z,Indianapolis Colts,San Francisco 49ers,False
Kendrick Bourne,,Receiving Yards,25.5,-112,-107.0,williamhill_us,San Francisco 49ers @ Indianapolis Colts,2025-12-23T01:15:00Z,Indianapolis Colts,San Francisco 49ers,False
Kendrick Bourne,,Receiving Yards,26.5,-114,-110.0,draftkings,San Francisco 49ers @ Indianapolis Colts,2025-12-23T01:15:00Z,Indianapolis Colts,San Francisco 49ers,False
Kenneth Gainwell,,Receiving Yards,24.5,-118,-110.0,betmgm,Pittsburgh Steelers @ Detroit Lions,2025-12-21T21:25:00Z,Detroit Lions,Pittsburgh Steelers,False
Kenneth Gainwell,,Receiving Yards,27.5,-112,-106.0,williamhill_us,Pittsburgh Steelers @ Detroit Lions,2025-12-21T21:25:00Z,Detroit Lions,Pittsburgh Steelers,False
Kenneth Gainwell,,Receiving Yards,28.5,-111,-113.0,draftkings,Pittsburgh Steelers @ Detroit Lions,2025-12-21T21:25:00Z,Detroit Lions,Pittsburgh Steelers,False
Kenneth Walker III,,Receiving Yards,10.5,-115,-109.0,williamhill_us,Los Angeles Rams @ Seattle Seahawks,2025-12-19T01:15:00Z,Seattle Seahawks,Los Angeles Rams,False
Kenneth Walker III,,Receiving Yards,11.5,-105,-112.0,draftkings,Los Angeles Rams @ Seattle Seahawks,2025-12-19T01:15:00Z,Seattle Seahawks,Los Angeles Rams,False
Konata Mumpfield,,Receiving Yards,13.5,-114,-117.0,betrivers,Los Angeles Rams @ Seattle Seahawks,2025-12-19T01:15:00Z,Seattle Seahawks,Los Angeles Rams,False
Konata Mumpfield,,Receiving Yards,14.5,-110,-110.0,draftkings,Los Angeles Rams @ Seattle Seahawks,2025-12-19T01:15:00Z,Seattle Seahawks,Los Angeles Rams,False
Konata Mumpfield,,Receiving Yards,16.5,-114,-114.0,betonlineag,Los Angeles Rams @ Seattle Seahawks,2025-12-19T01:15:00Z,Seattle Seahawks,Los Angeles Rams,False
Kyle Juszczyk,,Receiving Yards,5.5,-120,-112.0,betrivers,San Francisco 49ers @ Indianapolis Colts,2025-12-23T01:15:00Z,Indianapolis Colts,San Francisco 49ers,False
Kyle Juszczyk,,Receiving Yards,6.5,-110,-118.0,betmgm,San Francisco 49ers @ Indianapolis Colts,2025-12-23T01:15:00Z,Indianapolis Colts,San Francisco 49ers,False
Kyle Juszczyk,,Receiving Yards,7.5,-112,-111.0,draftkings,San Francisco 49ers @ Indianapolis Colts,2025-12-23T01:15:00Z,Indianapolis Colts,San Francisco 49ers,False
Kyle Juszczyk,,Receiving Yards,8.5,-114,-114.0,betonlineag,San Francisco 49ers @ Indianapolis Colts,2025-12-23T01:15:00Z,Indianapolis Colts,San Francisco 49ers,False
Kyle Monangai,,Receiving Yards,2.5,-114,-110.0,draftkings,Green Bay Packers @ Chicago Bears,2025-12-21T01:20:00Z,Chicago Bears,Green Bay Packers,False
Kyle Monangai,,Receiving Yards,3.5,-120,-105.0,williamhill_us,Green Bay Packers @ Chicago Bears,2025-12-21T01:20:00Z,Chicago Bears,Green Bay Packers,False
Kyle Monangai,,Receiving Yards,4.5,-112,-112.0,fanduel,Green Bay Packers @ Chicago Bears,2025-12-21T01:20:00Z,Chicago Bears,Green Bay Packers,False
Kyle Pitts,,Receiving Yards,50.5,-125,-105.0,bovada,Atlanta Falcons @ Arizona Cardinals,2025-12-21T21:05:00Z,Arizona Cardinals,Atlanta Falcons,False
Kyle Pitts,,Receiving Yards,51.5,-114,-110.0,draftkings,Atlanta Falcons @ Arizona Cardinals,2025-12-21T21:05:00Z,Arizona Cardinals,Atlanta Falcons,False
Kyle Pitts,,Receiving Yards,52.5,-112,-111.0,williamhill_us,Atlanta Falcons @ Arizona Cardinals,2025-12-21T21:05:00Z,Arizona Cardinals,Atlanta Falcons,False
Kyle Pitts,,Receiving Yards,54.5,-115,-115.0,betmgm,Atlanta Falcons @ Arizona Cardinals,2025-12-21T21:05:00Z,Arizona Cardinals,Atlanta Falcons,False
Kyren Williams,,Receiving Yards,9.5,-115,-115.0,bovada,Los Angeles Rams @ Seattle Seahawks,2025-12-19T01:15:00Z,Seattle Seahawks,Los Angeles Rams,False
Kyren Williams,,Receiving Yards,10.5,-110,-120.0,betmgm,Los Angeles Rams @ Seattle Seahawks,2025-12-19T01:15:00Z,Seattle Seahawks,Los Angeles Rams,False
Kyren Williams,,Receiving Yards,11.5,-110,-111.0,draftkings,Los Angeles Rams @ Seattle Seahawks,2025-12-19T01:15:00Z,Seattle Seahawks,Los Angeles Rams,False
LeQuint Allen Jr.,,Receiving Yards,0.5,105,-140.0,betmgm,Jacksonville Jaguars @ Denver Broncos,2025-12-21T21:05:00Z,Denver Broncos,Jacksonville Jaguars,False
Lil'Jordan Humphrey,,Receiving Yards,7.5,-115,-115.0,betmgm,Jacksonville Jaguars @ Denver Broncos,2025-12-21T21:05:00Z,Denver Broncos,Jacksonville Jaguars,False
Luke Musgrave,,Receiving Yards,18.5,-112,-108.0,draftkings,Green Bay Packers @ Chicago Bears,2025-12-21T01:20:00Z,Chicago Bears,Green Bay Packers,False
Luke Musgrave,,Receiving Yards,19.5,-110,-114.0,williamhill_us,Green Bay Packers @ Chicago Bears,2025-12-21T01:20:00Z,Chicago Bears,Green Bay Packers,False
Luke Musgrave,,Receiving Yards,20.5,-110,-120.0,betmgm,Green Bay Packers @ Chicago Bears,2025-12-21T01:20:00Z,Chicago Bears,Green Bay Packers,False
Mack Hollins,,Receiving Yards,35.5,-118,-113.0,betrivers,New England Patriots @ Baltimore Ravens,2025-12-22T01:20:00Z,Baltimore Ravens,New England Patriots,False
Mack Hollins,,Receiving Yards,36.5,100,-112.0,draftkings,New England Patriots @ Baltimore Ravens,2025-12-22T01:20:00Z,Baltimore Ravens,New England Patriots,False
Mack Hollins,,Receiving Yards,37.5,-110,-107.0,williamhill_us,New England Patriots @ Baltimore Ravens,2025-12-22T01:20:00Z,Baltimore Ravens,New England Patriots,False
Mark Andrews,,Receiving Yards,30.5,-110,-118.0,betmgm,New England Patriots @ Baltimore Ravens,2025-12-22T01:20:00Z,Baltimore Ravens,New England Patriots,False
Mark Andrews,,Receiving Yards,31.5,-112,-118.0,betrivers,New England Patriots @ Baltimore Ravens,2025-12-22T01:20:00Z,Baltimore Ravens,New England Patriots,False
Mark Andrews,,Receiving Yards,32.5,-115,-112.0,betonlineag,New England Patriots @ Baltimore Ravens,2025-12-22T01:20:00Z,Baltimore Ravens,New England Patriots,False
Mark Andrews,,Receiving Yards,33.5,-111,-112.0,draftkings,New England Patriots @ Baltimore Ravens,2025-12-22T01:20:00Z,Baltimore Ravens,New England Patriots,False
Marquez Valdes-Scantling,,Receiving Yards,11.5,-107,-114.0,williamhill_us,Pittsburgh Steelers @ Detroit Lions,2025-12-21T21:25:00Z,Detroit Lions,Pittsburgh Steelers,False
Marquez Valdes-Scantling,,Receiving Yards,12.5,-109,-115.0,draftkings,Pittsburgh Steelers @ Detroit Lions,2025-12-21T21:25:00Z,Detroit Lions,Pittsburgh Steelers,False
Marquez Valdes-Scantling,,Receiving Yards,13.5,-114,-117.0,betrivers,Pittsburgh Steelers @ Detroit Lions,2025-12-21T21:25:00Z,Detroit Lions,Pittsburgh Steelers,False
Marquez Valdes-Scantling,,Receiving Yards,15.5,-105,-125.0,betmgm,Pittsburgh Steelers @ Detroit Lions,2025-12-21T21:25:00Z,Detroit Lions,Pittsburgh Steelers,False
Marvin Harrison Jr.,,Receiving Yards,44.5,-115,-118.0,betmgm,Atlanta Falcons @ Arizona Cardinals,2025-12-21T21:05:00Z,Arizona Cardinals,Atlanta Falcons,False
Marvin Harrison Jr.,,Receiving Yards,47.5,-110,-112.0,draftkings,Atlanta Falcons @ Arizona Cardinals,2025-12-21T21:05:00Z,Arizona Cardinals,Atlanta Falcons,False
Marvin Harrison Jr.,,Receiving Yards,49.5,-113,-118.0,betrivers,Atlanta Falcons @ Arizona Cardinals,2025-12-21T21:05:00Z,Arizona Cardinals,Atlanta Falcons,False
Marvin Harrison Jr.,,Receiving Yards,52.5,110,-145.0,bovada,Atlanta Falcons @ Arizona Cardinals,2025-12-21T21:05:00Z,Arizona Cardinals,Atlanta Falcons,False
Marvin Mims Jr.,,Receiving Yards,13.5,-112,-112.0,fanduel,Jacksonville Jaguars @ Denver Broncos,2025-12-21T21:05:00Z,Denver Broncos,Jacksonville Jaguars,False
Marvin Mims Jr.,,Receiving Yards,14.5,-112,-120.0,williamhill_us,Jacksonville Jaguars @ Denver Broncos,2025-12-21T21:05:00Z,Denver Broncos,Jacksonville Jaguars,False
Marvin Mims Jr.,,Receiving Yards,15.5,-107,-110.0,draftkings,Jacksonville Jaguars @ Denver Broncos,2025-12-21T21:05:00Z,Denver Broncos,Jacksonville Jaguars,False
Matthew Golden,,Receiving Yards,15.5,-109,-110.0,draftkings,Green Bay Packers @ Chicago Bears,2025-12-21T01:20:00Z,Chicago Bears,Green Bay Packers,False
Matthew Golden,,Receiving Yards,16.5,-110,-120.0,bovada,Green Bay Packers @ Chicago Bears,2025-12-21T01:20:00Z,Chicago Bears,Green Bay Packers,False
Michael Carter,,Receiving Yards,20.5,-110,-118.0,betmgm,Atlanta Falcons @ Arizona Cardinals,2025-12-21T21:05:00Z,Arizona Cardinals,Atlanta Falcons,False
Michael Mayer,,Receiving Yards,11.5,-109,-105.0,draftkings,Las Vegas Raiders @ Houston Texans,2025-12-21T21:25:00Z,Houston Texans,Las Vegas Raiders,False
Michael Pittman Jr.,,Receiving Yards,30.5,-135,100.0,betmgm,San Francisco 49ers @ Indianapolis Colts,2025-12-23T01:15:00Z,Indianapolis Colts,San Francisco 49ers,False
Michael Pittman Jr.,,Receiving Yards,31.5,-112,-105.0,fanduel,San Francisco 49ers @ Indianapolis Colts,2025-12-23T01:15:00Z,Indianapolis Colts,San Francisco 49ers,False
Michael Pittman Jr.,,Receiving Yards,32.5,-118,-113.0,williamhill_us,San Francisco 49ers @ Indianapolis Colts,2025-12-23T01:15:00Z,Indianapolis Colts,San Francisco 49ers,False
Michael Pittman Jr.,,Receiving Yards,33.5,-115,-108.0,betonlineag,San Francisco 49ers @ Indianapolis Colts,2025-12-23T01:15:00Z,Indianapolis Colts,San Francisco 49ers,False
Michael Pittman Jr.,,Receiving Yards,34.5,-110,-114.0,draftkings,San Francisco 49ers @ Indianapolis Colts,2025-12-23T01:15:00Z,Indianapolis Colts,San Francisco 49ers,False
Michael Wilson,,Receiving Yards,54.5,-112,-106.0,fanduel,Atlanta Falcons @ Arizona Cardinals,2025-12-21T21:05:00Z,Arizona Cardinals,Atlanta Falcons,False
Michael Wilson,,Receiving Yards,55.5,-110,-122.0,williamhill_us,Atlanta Falcons @ Arizona Cardinals,2025-12-21T21:05:00Z,Arizona Cardinals,Atlanta Falcons,False
Michael Wilson,,Receiving Yards,56.5,-114,-110.0,draftkings,Atlanta Falcons @ Arizona Cardinals,2025-12-21T21:05:00Z,Arizona Cardinals,Atlanta Falcons,False
Michael Wilson,,Receiving Yards,57.5,-115,-118.0,betmgm,Atlanta Falcons @ Arizona Cardinals,2025-12-21T21:05:00Z,Arizona Cardinals,Atlanta Falcons,False
Michael Wilson,,Receiving Yards,58.5,-114,-115.0,betrivers,Atlanta Falcons @ Arizona Cardinals,2025-12-21T21:05:00Z,Arizona Cardinals,Atlanta Falcons,False
Nick Chubb,,Receiving Yards,0.5,-118,-110.0,betmgm,Las Vegas Raiders @ Houston Texans,2025-12-21T21:25:00Z,Houston Texans,Las Vegas Raiders,False
Nico Collins,,Receiving Yards,65.5,-112,-112.0,fanduel,Las Vegas Raiders @ Houston Texans,2025-12-21T21:25:00Z,Houston Texans,Las Vegas Raiders,False
Nico Collins,,Receiving Yards,66.5,-110,-108.0,williamhill_us,Las Vegas Raiders @ Houston Texans,2025-12-21T21:25:00Z,Houston Texans,Las Vegas Raiders,False
Nico Collins,,Receiving Yards,67.5,-110,-113.0,draftkings,Las Vegas Raiders @ Houston Texans,2025-12-21T21:25:00Z,Houston Texans,Las Vegas Raiders,False
Nico Collins,,Receiving Yards,69.5,-114,-114.0,betonlineag,Las Vegas Raiders @ Houston Texans,2025-12-21T21:25:00Z,Houston Texans,Las Vegas Raiders,False
Olamide Zaccheaus,,Receiving Yards,25.5,-114,-110.0,draftkings,Green Bay Packers @ Chicago Bears,2025-12-21T01:20:00Z,Chicago Bears,Green Bay Packers,False
Olamide Zaccheaus,,Receiving Yards,26.5,-113,-117.0,betrivers,Green Bay Packers @ Chicago Bears,2025-12-21T01:20:00Z,Chicago Bears,Green Bay Packers,False
Olamide Zaccheaus,,Receiving Yards,27.5,-112,-110.0,williamhill_us,Green Bay Packers @ Chicago Bears,2025-12-21T01:20:00Z,Chicago Bears,Green Bay Packers,False
Parker Washington,,Receiving Yards,29.5,-110,-120.0,bovada,Jacksonville Jaguars @ Denver Broncos,2025-12-21T21:05:00Z,Denver Broncos,Jacksonville Jaguars,False
Parker Washington,,Receiving Yards,30.5,-110,-118.0,betmgm,Jacksonville Jaguars @ Denver Broncos,2025-12-21T21:05:00Z,Denver Broncos,Jacksonville Jaguars,False
Parker Washington,,Receiving Yards,31.5,-114,100.0,williamhill_us,Jacksonville Jaguars @ Denver Broncos,2025-12-21T21:05:00Z,Denver Broncos,Jacksonville Jaguars,False
Parker Washington,,Receiving Yards,32.5,-110,-112.0,draftkings,Jacksonville Jaguars @ Denver Broncos,2025-12-21T21:05:00Z,Denver Broncos,Jacksonville Jaguars,False
Pat Bryant,,Receiving Yards,33.5,-115,-115.0,betmgm,Jacksonville Jaguars @ Denver Broncos,2025-12-21T21:05:00Z,Denver Broncos,Jacksonville Jaguars,False
Pat Bryant,,Receiving Yards,36.5,-111,-110.0,williamhill_us,Jacksonville Jaguars @ Denver Broncos,2025-12-21T21:05:00Z,Denver Broncos,Jacksonville Jaguars,False
Pat Bryant,,Receiving Yards,37.5,-110,-114.0,draftkings,Jacksonville Jaguars @ Denver Broncos,2025-12-21T21:05:00Z,Denver Broncos,Jacksonville Jaguars,False
Pat Freiermuth,,Receiving Yards,19.5,-109,-113.0,draftkings,Pittsburgh Steelers @ Detroit Lions,2025-12-21T21:25:00Z,Detroit Lions,Pittsburgh Steelers,False
Pat Freiermuth,,Receiving Yards,20.5,-113,-110.0,betrivers,Pittsburgh Steelers @ Detroit Lions,2025-12-21T21:25:00Z,Detroit Lions,Pittsburgh Steelers,False
Puka Nacua,,Receiving Yards,90.5,-115,-115.0,betmgm,Los Angeles Rams @ Seattle Seahawks,2025-12-19T01:15:00Z,Seattle Seahawks,Los Angeles Rams,False
Puka Nacua,,Receiving Yards,91.5,-114,-112.0,williamhill_us,Los Angeles Rams @ Seattle Seahawks,2025-12-19T01:15:00Z,Seattle Seahawks,Los Angeles Rams,False
Puka Nacua,,Receiving Yards,92.5,-111,-113.0,draftkings,Los Angeles Rams @ Seattle Seahawks,2025-12-19T01:15:00Z,Seattle Seahawks,Los Angeles Rams,False
Puka Nacua,,Receiving Yards,93.5,-112,-112.0,fanduel,Los Angeles Rams @ Seattle Seahawks,2025-12-19T01:15:00Z,Seattle Seahawks,Los Angeles Rams,False
RJ Harvey,,Receiving Yards,15.5,-111,-112.0,draftkings,Jacksonville Jaguars @ Denver Broncos,2025-12-21T21:05:00Z,Denver Broncos,Jacksonville Jaguars,False
RJ Harvey,,Receiving Yards,17.5,-113,-110.0,betrivers,Jacksonville Jaguars @ Denver Broncos,2025-12-21T21:05:00Z,Denver Broncos,Jacksonville Jaguars,False
Rasheen Ali,,Receiving Yards,5.5,-110,-120.0,betmgm,New England Patriots @ Baltimore Ravens,2025-12-22T01:20:00Z,Baltimore Ravens,New England Patriots,False
Rashid Shaheed,,Receiving Yards,34.5,-112,-112.0,fanduel,Los Angeles Rams @ Seattle Seahawks,2025-12-19T01:15:00Z,Seattle Seahawks,Los Angeles Rams,False
Rashid Shaheed,,Receiving Yards,35.5,-120,110.0,williamhill_us,Los Angeles Rams @ Seattle Seahawks,2025-12-19T01:15:00Z,Seattle Seahawks,Los Angeles Rams,False
Rashid Shaheed,,Receiving Yards,36.5,-113,-111.0,draftkings,Los Angeles Rams @ Seattle Seahawks,2025-12-19T01:15:00Z,Seattle Seahawks,Los Angeles Rams,False
Rashid Shaheed,,Receiving Yards,38.5,-114,-114.0,betonlineag,Los Angeles Rams @ Seattle Seahawks,2025-12-19T01:15:00Z,Seattle Seahawks,Los Angeles Rams,False
Rashod Bateman,,Receiving Yards,19.5,-116,-108.0,draftkings,New England Patriots @ Baltimore Ravens,2025-12-22T01:20:00Z,Baltimore Ravens,New England Patriots,False
Rashod Bateman,,Receiving Yards,20.5,-112,-112.0,williamhill_us,New England Patriots @ Baltimore Ravens,2025-12-22T01:20:00Z,Baltimore Ravens,New England Patriots,False
Rashod Bateman,,Receiving Yards,21.5,-110,-118.0,betonlineag,New England Patriots @ Baltimore Ravens,2025-12-22T01:20:00Z,Baltimore Ravens,New England Patriots,False
Rashod Bateman,,Receiving Yards,22.5,-115,-115.0,betmgm,New England Patriots @ Baltimore Ravens,2025-12-22T01:20:00Z,Baltimore Ravens,New England Patriots,False
Rhamondre Stevenson,,Receiving Yards,14.5,-110,-105.0,williamhill_us,New England Patriots @ Baltimore Ravens,2025-12-22T01:20:00Z,Baltimore Ravens,New England Patriots,False
Rhamondre Stevenson,,Receiving Yards,15.5,-107,-118.0,draftkings,New England Patriots @ Baltimore Ravens,2025-12-22T01:20:00Z,Baltimore Ravens,New England Patriots,False
Romeo Doubs,,Receiving Yards,30.5,-115,-109.0,draftkings,Green Bay Packers @ Chicago Bears,2025-12-21T01:20:00Z,Chicago Bears,Green Bay Packers,False
Romeo Doubs,,Receiving Yards,31.5,-110,-118.0,betmgm,Green Bay Packers @ Chicago Bears,2025-12-21T01:20:00Z,Chicago Bears,Green Bay Packers,False
Romeo Doubs,,Receiving Yards,32.5,-112,-112.0,williamhill_us,Green Bay Packers @ Chicago Bears,2025-12-21T01:20:00Z,Chicago Bears,Green Bay Packers,False
Shane Zylstra,,Receiving Yards,6.5,-110,-118.0,betmgm,Pittsburgh Steelers @ Detroit Lions,2025-12-21T21:25:00Z,Detroit Lions,Pittsburgh Steelers,False
Stefon Diggs,,Receiving Yards,39.5,-113,-118.0,betrivers,New England Patriots @ Baltimore Ravens,2025-12-22T01:20:00Z,Baltimore Ravens,New England Patriots,False
Stefon Diggs,,Receiving Yards,40.5,-125,-105.0,bovada,New England Patriots @ Baltimore Ravens,2025-12-22T01:20:00Z,Baltimore Ravens,New England Patriots,False
Stefon Diggs,,Receiving Yards,42.5,-107,-112.0,draftkings,New England Patriots @ Baltimore Ravens,2025-12-22T01:20:00Z,Baltimore Ravens,New England Patriots,False
Terrance Ferguson,,Receiving Yards,19.5,-112,-110.0,williamhill_us,Los Angeles Rams @ Seattle Seahawks,2025-12-19T01:15:00Z,Seattle Seahawks,Los Angeles Rams,False
Terrance Ferguson,,Receiving Yards,20.5,-110,-114.0,draftkings,Los Angeles Rams @ Seattle Seahawks,2025-12-19T01:15:00Z,Seattle Seahawks,Los Angeles Rams,False
Terrance Ferguson,,Receiving Yards,21.5,-114,-114.0,betonlineag,Los Angeles Rams @ Seattle Seahawks,2025-12-19T01:15:00Z,Seattle Seahawks,Los Angeles Rams,False
Tim Patrick,,Receiving Yards,7.5,-115,-115.0,betmgm,Jacksonville Jaguars @ Denver Broncos,2025-12-21T21:05:00Z,Denver Broncos,Jacksonville Jaguars,False
Tim Patrick,,Receiving Yards,9.5,-105,-112.0,draftkings,Jacksonville Jaguars @ Denver Broncos,2025-12-21T21:05:00Z,Denver Broncos,Jacksonville Jaguars,False
Travis Etienne Jr.,,Receiving Yards,12.5,-115,-115.0,betmgm,Jacksonville Jaguars @ Denver Broncos,2025-12-21T21:05:00Z,Denver Broncos,Jacksonville Jaguars,False
Travis Etienne Jr.,,Receiving Yards,13.5,-111,100.0,draftkings,Jacksonville Jaguars @ Denver Broncos,2025-12-21T21:05:00Z,Denver Broncos,Jacksonville Jaguars,False
Travis Etienne Jr.,,Receiving Yards,14.5,-118,-113.0,betrivers,Jacksonville Jaguars @ Denver Broncos,2025-12-21T21:05:00Z,Denver Broncos,Jacksonville Jaguars,False
Tre Tucker,,Receiving Yards,27.5,-110,100.0,betonlineag,Las Vegas Raiders @ Houston Texans,2025-12-21T21:25:00Z,Houston Texans,Las Vegas Raiders,False
Tre Tucker,,Receiving Yards,28.5,-112,-112.0,williamhill_us,Las Vegas Raiders @ Houston Texans,2025-12-21T21:25:00Z,Houston Texans,Las Vegas Raiders,False
Tre Tucker,,Receiving Yards,29.5,-113,-118.0,betrivers,Las Vegas Raiders @ Houston Texans,2025-12-21T21:25:00Z,Houston Texans,Las Vegas Raiders,False
Tre Tucker,,Receiving Yards,30.5,-110,-114.0,draftkings,Las Vegas Raiders @ Houston Texans,2025-12-21T21:25:00Z,Houston Texans,Las Vegas Raiders,False
TreVeyon Henderson,,Receiving Yards,13.5,-112,-104.0,draftkings,New England Patriots @ Baltimore Ravens,2025-12-22T01:20:00Z,Baltimore Ravens,New England Patriots,False
TreVeyon Henderson,,Receiving Yards,14.5,-110,-120.0,betmgm,New England Patriots @ Baltimore Ravens,2025-12-22T01:20:00Z,Baltimore Ravens,New England Patriots,False
Trey McBride,,Receiving Yards,70.5,-112,-112.0,fanduel,Atlanta Falcons @ Arizona Cardinals,2025-12-21T21:05:00Z,Arizona Cardinals,Atlanta Falcons,False
Trey McBride,,Receiving Yards,71.5,-113,-117.0,williamhill_us,Atlanta Falcons @ Arizona Cardinals,2025-12-21T21:05:00Z,Arizona Cardinals,Atlanta Falcons,False
Trey McBride,,Receiving Yards,72.5,-111,-110.0,draftkings,Atlanta Falcons @ Arizona Cardinals,2025-12-21T21:05:00Z,Arizona Cardinals,Atlanta Falcons,False
Trey McBride,,Receiving Yards,76.5,-110,-120.0,betmgm,Atlanta Falcons @ Arizona Cardinals,2025-12-21T21:05:00Z,Arizona Cardinals,Atlanta Falcons,False
Troy Franklin,,Receiving Yards,27.5,-114,-115.0,betrivers,Jacksonville Jaguars @ Denver Broncos,2025-12-21T21:05:00Z,Denver Broncos,Jacksonville Jaguars,False
Troy Franklin,,Receiving Yards,28.5,-114,-108.0,draftkings,Jacksonville Jaguars @ Denver Broncos,2025-12-21T21:05:00Z,Denver Broncos,Jacksonville Jaguars,False
Troy Franklin,,Receiving Yards,29.5,-111,-112.0,williamhill_us,Jacksonville Jaguars @ Denver Broncos,2025-12-21T21:05:00Z,Denver Broncos,Jacksonville Jaguars,False
Tutu Atwell,,Receiving Yards,11.5,-115,-115.0,betmgm,Los Angeles Rams @ Seattle Seahawks,2025-12-19T01:15:00Z,Seattle Seahawks,Los Angeles Rams,False
Tyler Allgeier,,Receiving Yards,1.5,-118,-110.0,betmgm,Atlanta Falcons @ Arizona Cardinals,2025-12-21T21:05:00Z,Arizona Cardinals,Atlanta Falcons,False
Tyler Badie,,Receiving Yards,3.5,-115,-115.0,betmgm,Jacksonville Jaguars @ Denver Broncos,2025-12-21T21:05:00Z,Denver Broncos,Jacksonville Jaguars,False
Tyler Lockett,,Receiving Yards,17.5,-110,-120.0,betmgm,Las Vegas Raiders @ Houston Texans,2025-12-21T21:25:00Z,Houston Texans,Las Vegas Raiders,False
Tyler Lockett,,Receiving Yards,18.5,-114,-117.0,betrivers,Las Vegas Raiders @ Houston Texans,2025-12-21T21:25:00Z,Houston Texans,Las Vegas Raiders,False
Tyler Lockett,,Receiving Yards,19.5,-112,-112.0,williamhill_us,Las Vegas Raiders @ Houston Texans,2025-12-21T21:25:00Z,Houston Texans,Las Vegas Raiders,False
Tyler Lockett,,Receiving Yards,20.5,100,-113.0,draftkings,Las Vegas Raiders @ Houston Texans,2025-12-21T21:25:00Z,Houston Texans,Las Vegas Raiders,False
Tyler Warren,,Receiving Yards,33.5,-145,110.0,bovada,San Francisco 49ers @ Indianapolis Colts,2025-12-23T01:15:00Z,Indianapolis Colts,San Francisco 49ers,False
Tyler Warren,,Receiving Yards,35.5,-112,-112.0,fanduel,San Francisco 49ers @ Indianapolis Colts,2025-12-23T01:15:00Z,Indianapolis Colts,San Francisco 49ers,False
Tyler Warren,,Receiving Yards,36.5,-115,-108.0,draftkings,San Francisco 49ers @ Indianapolis Colts,2025-12-23T01:15:00Z,Indianapolis Colts,San Francisco 49ers,False
Tyler Warren,,Receiving Yards,38.5,-116,-111.0,betonlineag,San Francisco 49ers @ Indianapolis Colts,2025-12-23T01:15:00Z,Indianapolis Colts,San Francisco 49ers,False
Xavier Hutchinson,,Receiving Yards,12.5,-118,-115.0,betmgm,Las Vegas Raiders @ Houston Texans,2025-12-21T21:25:00Z,Houston Texans,Las Vegas Raiders,False
Zach Charbonnet,,Receiving Yards,3.5,-110,-120.0,betmgm,Los Angeles Rams @ Seattle Seahawks,2025-12-19T01:15:00Z,Seattle Seahawks,Los Angeles Rams,False
Zay Flowers,,Receiving Yards,61.5,-113,-111.0,draftkings,New England Patriots @ Baltimore Ravens,2025-12-22T01:20:00Z,Baltimore Ravens,New England Patriots,False
Zay Flowers,,Receiving Yards,62.5,-115,-104.0,betonlineag,New England Patriots @ Baltimore Ravens,2025-12-22T01:20:00Z,Baltimore Ravens,New England Patriots,False
Zay Flowers,,Receiving Yards,63.5,-110,-113.0,williamhill_us,New England Patriots @ Baltimore Ravens,2025-12-22T01:20:00Z,Baltimore Ravens,New England Patriots,False
Zay Flowers,,Receiving Yards,64.5,-112,-112.0,fanduel,New England Patriots @ Baltimore Ravens,2025-12-22T01:20:00Z,Baltimore Ravens,New England Patriots,False
AJ Barner,,Receptions,3.5,-115,-105.0,draftkings,Los Angeles Rams @ Seattle Seahawks,2025-12-19T01:15:00Z,Seattle Seahawks,Los Angeles Rams,False
Adam Thielen,,Receptions,1.5,152,-156.0,draftkings,Pittsburgh Steelers @ Detroit Lions,2025-12-21T21:25:00Z,Detroit Lions,Pittsburgh Steelers,False
Adam Trautman,,Receptions,0.5,-165,125.0,betmgm,Jacksonville Jaguars @ Denver Broncos,2025-12-21T21:05:00Z,Denver Broncos,Jacksonville Jaguars,False
Alec Pierce,,Receptions,1.5,-129,110.0,draftkings,San Francisco 49ers @ Indianapolis Colts,2025-12-23T01:15:00Z,Indianapolis Colts,San Francisco 49ers,False
Amon-Ra St. Brown,,Receptions,7.5,102,-110.0,draftkings,Pittsburgh Steelers @ Detroit Lions,2025-12-21T21:25:00Z,Detroit Lions,Pittsburgh Steelers,False
Anthony Firkser,,Receptions,1.5,170,-225.0,betmgm,Pittsburgh Steelers @ Detroit Lions,2025-12-21T21:25:00Z,Detroit Lions,Pittsburgh Steelers,False
Ashton Jeanty,,Receptions,3.5,-142,112.0,williamhill_us,Las Vegas Raiders @ Houston Texans,2025-12-21T21:25:00Z,Houston Texans,Las Vegas Raiders,False
Ashton Jeanty,,Receptions,4.5,128,-165.0,draftkings,Las Vegas Raiders @ Houston Texans,2025-12-21T21:25:00Z,Houston Texans,Las Vegas Raiders,False
Austin Hooper,,Receptions,0.5,-156,140.0,betonlineag,New England Patriots @ Baltimore Ravens,2025-12-22T01:20:00Z,Baltimore Ravens,New England Patriots,False
Austin Hooper,,Receptions,1.5,165,,betrivers,New England Patriots @ Baltimore Ravens,2025-12-22T01:20:00Z,Baltimore Ravens,New England Patriots,False
Bijan Robinson,,Receptions,4.5,120,-130.0,draftkings,Atlanta Falcons @ Arizona Cardinals,2025-12-21T21:05:00Z,Arizona Cardinals,Atlanta Falcons,False
Blake Corum,,Receptions,0.5,-105,-130.0,betmgm,Los Angeles Rams @ Seattle Seahawks,2025-12-19T01:15:00Z,Seattle Seahawks,Los Angeles Rams,False
Brenton Strange,,Receptions,3.5,-118,120.0,draftkings,Jacksonville Jaguars @ Denver Broncos,2025-12-21T21:05:00Z,Denver Broncos,Jacksonville Jaguars,False
Brian Thomas Jr,,Receptions,3.5,106,-110.0,draftkings,Jacksonville Jaguars @ Denver Broncos,2025-12-21T21:05:00Z,Denver Broncos,Jacksonville Jaguars,False
Brock Bowers,,Receptions,5.5,117,-129.0,draftkings,Las Vegas Raiders @ Houston Texans,2025-12-21T21:25:00Z,Houston Texans,Las Vegas Raiders,False
Cade Stover,,Receptions,0.5,-165,125.0,betmgm,Las Vegas Raiders @ Houston Texans,2025-12-21T21:25:00Z,Houston Texans,Las Vegas Raiders,False
Calvin Austin III,,Receptions,0.5,-275,195.0,betmgm,Pittsburgh Steelers @ Detroit Lions,2025-12-21T21:25:00Z,Detroit Lions,Pittsburgh Steelers,False
Charlie Kolar,,Receptions,0.5,120,-160.0,betmgm,New England Patriots @ Baltimore Ravens,2025-12-22T01:20:00Z,Baltimore Ravens,New England Patriots,False
Charlie Woerner,,Receptions,0.5,-110,-118.0,betmgm,Atlanta Falcons @ Arizona Cardinals,2025-12-21T21:05:00Z,Arizona Cardinals,Atlanta Falcons,False
Chris Brooks,,Receptions,0.5,-250,180.0,betmgm,Green Bay Packers @ Chicago Bears,2025-12-21T01:20:00Z,Chicago Bears,Green Bay Packers,False
Christian Kirk,,Receptions,1.5,165,-220.0,betmgm,Las Vegas Raiders @ Houston Texans,2025-12-21T21:25:00Z,Houston Texans,Las Vegas Raiders,False
Christian McCaffrey,,Receptions,4.5,-125,128.0,draftkings,San Francisco 49ers @ Indianapolis Colts,2025-12-23T01:15:00Z,Indianapolis Colts,San Francisco 49ers,False
Christian Watson,,Receptions,3.5,120,-135.0,draftkings,Green Bay Packers @ Chicago Bears,2025-12-21T01:20:00Z,Chicago Bears,Green Bay Packers,False
Colby Parkinson,,Receptions,4.5,115,-140.0,draftkings,Los Angeles Rams @ Seattle Seahawks,2025-12-19T01:15:00Z,Seattle Seahawks,Los Angeles Rams,False
Cole Kmet,,Receptions,2.5,108,-120.0,draftkings,Green Bay Packers @ Chicago Bears,2025-12-21T01:20:00Z,Chicago Bears,Green Bay Packers,False
Colston Loveland,,Receptions,3.5,-152,129.0,draftkings,Green Bay Packers @ Chicago Bears,2025-12-21T01:20:00Z,Chicago Bears,Green Bay Packers,False
Colston Loveland,,Receptions,4.5,144,-150.0,bovada,Green Bay Packers @ Chicago Bears,2025-12-21T01:20:00Z,Chicago Bears,Green Bay Packers,False
Cooper Kupp,,Receptions,2.5,-175,137.0,draftkings,Los Angeles Rams @ Seattle Seahawks,2025-12-19T01:15:00Z,Seattle Seahawks,Los Angeles Rams,False
Cooper Kupp,,Receptions,3.5,136,-165.0,williamhill_us,Los Angeles Rams @ Seattle Seahawks,2025-12-19T01:15:00Z,Seattle Seahawks,Los Angeles Rams,False
Courtland Sutton,,Receptions,4.5,-135,108.0,draftkings,Jacksonville Jaguars @ Denver Broncos,2025-12-21T21:05:00Z,Denver Broncos,Jacksonville Jaguars,False
D'Andre Swift,,Receptions,2.5,145,-160.0,draftkings,Green Bay Packers @ Chicago Bears,2025-12-21T01:20:00Z,Chicago Bears,Green Bay Packers,False
DJ Moore,,Receptions,3.5,-138,135.0,draftkings,Green Bay Packers @ Chicago Bears,2025-12-21T01:20:00Z,Chicago Bears,Green Bay Packers,False
DK Metcalf,,Receptions,4.5,104,-110.0,draftkings,Pittsburgh Steelers @ Detroit Lions,2025-12-21T21:25:00Z,Detroit Lions,Pittsburgh Steelers,False
Dalton Schultz,,Receptions,4.5,100,-115.0,draftkings,Las Vegas Raiders @ Houston Texans,2025-12-21T21:25:00Z,Houston Texans,Las Vegas Raiders,False
Darnell Mooney,,Receptions,1.5,-186,152.0,williamhill_us,Atlanta Falcons @ Arizona Cardinals,2025-12-21T21:05:00Z,Arizona Cardinals,Atlanta Falcons,False
Darnell Mooney,,Receptions,2.5,143,-184.0,draftkings,Atlanta Falcons @ Arizona Cardinals,2025-12-21T21:05:00Z,Arizona Cardinals,Atlanta Falcons,False
Darnell Washington,,Receptions,2.5,102,-115.0,draftkings,Pittsburgh Steelers @ Detroit Lions,2025-12-21T21:25:00Z,Detroit Lions,Pittsburgh Steelers,False
David Montgomery,,Receptions,1.5,125,-130.0,draftkings,Pittsburgh Steelers @ Detroit Lions,2025-12-21T21:25:00Z,Detroit Lions,Pittsburgh Steelers,False
David Sills V,,Receptions,1.5,-105,-125.0,betmgm,Atlanta Falcons @ Arizona Cardinals,2025-12-21T21:05:00Z,Arizona Cardinals,Atlanta Falcons,False
Davis Allen,,Receptions,1.5,-143,125.0,draftkings,Los Angeles Rams @ Seattle Seahawks,2025-12-19T01:15:00Z,Seattle Seahawks,Los Angeles Rams,False
DeAndre Hopkins,,Receptions,1.5,155,-165.0,draftkings,New England Patriots @ Baltimore Ravens,2025-12-22T01:20:00Z,Baltimore Ravens,New England Patriots,False
DeMario Douglas,,Receptions,1.5,-101,-118.0,draftkings,New England Patriots @ Baltimore Ravens,2025-12-22T01:20:00Z,Baltimore Ravens,New England Patriots,False
Demarcus Robinson,,Receptions,1.5,102,-110.0,draftkings,San Francisco 49ers @ Indianapolis Colts,2025-12-23T01:15:00Z,Indianapolis Colts,San Francisco 49ers,False
Derrick Henry,,Receptions,1.5,146,-182.0,draftkings,New England Patriots @ Baltimore Ravens,2025-12-22T01:20:00Z,Baltimore Ravens,New England Patriots,False
Devin Duvernay,,Receptions,1.5,167,-190.0,draftkings,Green Bay Packers @ Chicago Bears,2025-12-21T01:20:00Z,Chicago Bears,Green Bay Packers,False
Dontayvion Wicks,,Receptions,1.5,140,-154.0,draftkings,Green Bay Packers @ Chicago Bears,2025-12-21T01:20:00Z,Chicago Bears,Green Bay Packers,False
Drake London,,Receptions,5.5,112,-125.0,draftkings,Atlanta Falcons @ Arizona Cardinals,2025-12-21T21:05:00Z,Arizona Cardinals,Atlanta Falcons,False
Elijah Higgins,,Receptions,1.5,145,-180.0,draftkings,Atlanta Falcons @ Arizona Cardinals,2025-12-21T21:05:00Z,Arizona Cardinals,Atlanta Falcons,False
Emari Demercado,,Receptions,1.5,-190,140.0,betmgm,Atlanta Falcons @ Arizona Cardinals,2025-12-21T21:05:00Z,Arizona Cardinals,Atlanta Falcons,False
Evan Engram,,Receptions,2.5,-170,130.0,betrivers,Jacksonville Jaguars @ Denver Broncos,2025-12-21T21:05:00Z,Denver Broncos,Jacksonville Jaguars,False
Evan Engram,,Receptions,3.5,132,-168.0,draftkings,Jacksonville Jaguars @ Denver Broncos,2025-12-21T21:05:00Z,Denver Broncos,Jacksonville Jaguars,False
George Kittle,,Receptions,5.5,-126,115.0,draftkings,San Francisco 49ers @ Indianapolis Colts,2025-12-23T01:15:00Z,Indianapolis Colts,San Francisco 49ers,False
Hunter Henry,,Receptions,3.5,-110,105.0,draftkings,New England Patriots @ Baltimore Ravens,2025-12-22T01:20:00Z,Baltimore Ravens,New England Patriots,False
Isaac TeSlaa,,Receptions,0.5,-250,180.0,betmgm,Pittsburgh Steelers @ Detroit Lions,2025-12-21T21:25:00Z,Detroit Lions,Pittsburgh Steelers,False
Isaac TeSlaa,,Receptions,1.5,178,-238.0,betonlineag,Pittsburgh Steelers @ Detroit Lions,2025-12-21T21:25:00Z,Detroit Lions,Pittsburgh Steelers,False
Isaiah Likely,,Receptions,2.5,108,-122.0,draftkings,New England Patriots @ Baltimore Ravens,2025-12-22T01:20:00Z,Baltimore Ravens,New England Patriots,False
Jack Bech,,Receptions,1.5,-160,120.0,betmgm,Las Vegas Raiders @ Houston Texans,2025-12-21T21:25:00Z,Houston Texans,Las Vegas Raiders,False
Jack Bech,,Receptions,2.5,128,-153.0,draftkings,Las Vegas Raiders @ Houston Texans,2025-12-21T21:25:00Z,Houston Texans,Las Vegas Raiders,False
Jahmyr Gibbs,,Receptions,4.5,-152,120.0,fanduel,Pittsburgh Steelers @ Detroit Lions,2025-12-21T21:25:00Z,Detroit Lions,Pittsburgh Steelers,False
Jahmyr Gibbs,,Receptions,5.5,125,-135.0,draftkings,Pittsburgh Steelers @ Detroit Lions,2025-12-21T21:25:00Z,Detroit Lions,Pittsburgh Steelers,False
Jakobi Meyers,,Receptions,4.5,-139,115.0,draftkings,Jacksonville Jaguars @ Denver Broncos,2025-12-21T21:05:00Z,Denver Broncos,Jacksonville Jaguars,False
Jakobi Meyers,,Receptions,5.5,135,-168.0,fanduel,Jacksonville Jaguars @ Denver Broncos,2025-12-21T21:05:00Z,Denver Broncos,Jacksonville Jaguars,False
Jaleel McLaughlin,,Receptions,0.5,115,-155.0,betmgm,Jacksonville Jaguars @ Denver Broncos,2025-12-21T21:05:00Z,Denver Broncos,Jacksonville Jaguars,False
Jameson Williams,,Receptions,4.5,110,-120.0,draftkings,Pittsburgh Steelers @ Detroit Lions,2025-12-21T21:25:00Z,Detroit Lions,Pittsburgh Steelers,False
Jauan Jennings,,Receptions,4.5,-115,-102.0,draftkings,San Francisco 49ers @ Indianapolis Colts,2025-12-23T01:15:00Z,Indianapolis Colts,San Francisco 49ers,False
Jawhar Jordan,,Receptions,1.5,175,-235.0,betmgm,Las Vegas Raiders @ Houston Texans,2025-12-21T21:25:00Z,Houston Texans,Las Vegas Raiders,False
Jaxon Smith-Njigba,,Receptions,6.5,-102,100.0,draftkings,Los Angeles Rams @ Seattle Seahawks,2025-12-19T01:15:00Z,Seattle Seahawks,Los Angeles Rams,False
Jayden Higgins,,Receptions,2.5,-175,130.0,betmgm,Las Vegas Raiders @ Houston Texans,2025-12-21T21:25:00Z,Houston Texans,Las Vegas Raiders,False
Jayden Higgins,,Receptions,3.5,130,-160.0,draftkings,Las Vegas Raiders @ Houston Texans,2025-12-21T21:25:00Z,Houston Texans,Las Vegas Raiders,False
Jayden Reed,,Receptions,3.5,100,-105.0,draftkings,Green Bay Packers @ Chicago Bears,2025-12-21T01:20:00Z,Chicago Bears,Green Bay Packers,False
Jaylen Warren,,Receptions,1.5,-200,150.0,betmgm,Pittsburgh Steelers @ Detroit Lions,2025-12-21T21:25:00Z,Detroit Lions,Pittsburgh Steelers,False
Jaylen Warren,,Receptions,2.5,142,-180.0,draftkings,Pittsburgh Steelers @ Detroit Lions,2025-12-21T21:25:00Z,Detroit Lions,Pittsburgh Steelers,False
John FitzPatrick,,Receptions,1.5,-107,-105.0,draftkings,Green Bay Packers @ Chicago Bears,2025-12-21T01:20:00Z,Chicago Bears,Green Bay Packers,False
Jonathan Taylor,,Receptions,2.5,-165,140.0,betonlineag,San Francisco 49ers @ Indianapolis Colts,2025-12-23T01:15:00Z,Indianapolis Colts,San Francisco 49ers,False
Jonathan Taylor,,Receptions,3.5,130,-160.0,draftkings,San Francisco 49ers @ Indianapolis Colts,2025-12-23T01:15:00Z,Indianapolis Colts,San Francisco 49ers,False
Jonnu Smith,,Receptions,1.5,110,-132.0,draftkings,Pittsburgh Steelers @ Detroit Lions,2025-12-21T21:25:00Z,Detroit Lions,Pittsburgh Steelers,False
Josh Downs,,Receptions,3.5,120,-130.0,draftkings,San Francisco 49ers @ Indianapolis Colts,2025-12-23T01:15:00Z,Indianapolis Colts,San Francisco 49ers,False
Josh Jacobs,,Receptions,1.5,-155,138.0,draftkings,Green Bay Packers @ Chicago Bears,2025-12-21T01:20:00Z,Chicago Bears,Green Bay Packers,False
Kalif Raymond,,Receptions,0.5,-210,160.0,betmgm,Pittsburgh Steelers @ Detroit Lions,2025-12-21T21:25:00Z,Detroit Lions,Pittsburgh Steelers,False
Kayshon Boutte,,Receptions,2.5,125,-139.0,draftkings,New England Patriots @ Baltimore Ravens,2025-12-22T01:20:00Z,Baltimore Ravens,New England Patriots,False
Keaton Mitchell,,Receptions,0.5,-145,110.0,betmgm,New England Patriots @ Baltimore Ravens,2025-12-22T01:20:00Z,Baltimore Ravens,New England Patriots,False
Kendrick Bourne,,Receptions,1.5,-200,,betrivers,San Francisco 49ers @ Indianapolis Colts,2025-12-23T01:15:00Z,Indianapolis Colts,San Francisco 49ers,False
Kendrick Bourne,,Receptions,2.5,140,-155.0,draftkings,San Francisco 49ers @ Indianapolis Colts,2025-12-23T01:15:00Z,Indianapolis Colts,San Francisco 49ers,False
Kenneth Gainwell,,Receptions,4.5,105,-115.0,draftkings,Pittsburgh Steelers @ Detroit Lions,2025-12-21T21:25:00Z,Detroit Lions,Pittsburgh Steelers,False
Kenneth Walker III,,Receptions,1.5,-152,130.0,draftkings,Los Angeles Rams @ Seattle Seahawks,2025-12-19T01:15:00Z,Seattle Seahawks,Los Angeles Rams,False
Konata Mumpfield,,Receptions,1.5,106,-124.0,draftkings,Los Angeles Rams @ Seattle Seahawks,2025-12-19T01:15:00Z,Seattle Seahawks,Los Angeles Rams,False
Kyle Juszczyk,,Receptions,1.5,180,-250.0,betmgm,San Francisco 49ers @ Indianapolis Colts,2025-12-23T01:15:00Z,Indianapolis Colts,San Francisco 49ers,False
Kyle Monangai,,Receptions,0.5,-220,165.0,betmgm,Green Bay Packers @ Chicago Bears,2025-12-21T01:20:00Z,Chicago Bears,Green Bay Packers,False
Kyle Pitts,,Receptions,4.5,-142,120.0,draftkings,Atlanta Falcons @ Arizona Cardinals,2025-12-21T21:05:00Z,Arizona Cardinals,Atlanta Falcons,False
Kyle Pitts,,Receptions,5.5,105,-140.0,betmgm,Atlanta Falcons @ Arizona Cardinals,2025-12-21T21:05:00Z,Arizona Cardinals,Atlanta Falcons,False
Kyren Williams,,Receptions,1.5,-145,128.0,draftkings,Los Angeles Rams @ Seattle Seahawks,2025-12-19T01:15:00Z,Seattle Seahawks,Los Angeles Rams,False
LeQuint Allen Jr.,,Receptions,0.5,-125,-105.0,betmgm,Jacksonville Jaguars @ Denver Broncos,2025-12-21T21:05:00Z,Denver Broncos,Jacksonville Jaguars,False
Lil'Jordan Humphrey,,Receptions,0.5,-235,175.0,betmgm,Jacksonville Jaguars @ Denver Broncos,2025-12-21T21:05:00Z,Denver Broncos,Jacksonville Jaguars,False
Luke Musgrave,,Receptions,2.5,135,-165.0,draftkings,Green Bay Packers @ Chicago Bears,2025-12-21T01:20:00Z,Chicago Bears,Green Bay Packers,False
Mack Hollins,,Receptions,3.5,135,-156.0,draftkings,New England Patriots @ Baltimore Ravens,2025-12-22T01:20:00Z,Baltimore Ravens,New England Patriots,False
Mark Andrews,,Receptions,3.5,135,-136.0,draftkings,New England Patriots @ Baltimore Ravens,2025-12-22T01:20:00Z,Baltimore Ravens,New England Patriots,False
Marquez Valdes-Scantling,,Receptions,1.5,168,-206.0,draftkings,Pittsburgh Steelers @ Detroit Lions,2025-12-21T21:25:00Z,Detroit Lions,Pittsburgh Steelers,False
Marvin Harrison Jr.,,Receptions,3.5,-105,-107.0,draftkings,Atlanta Falcons @ Arizona Cardinals,2025-12-21T21:05:00Z,Arizona Cardinals,Atlanta Falcons,False
Marvin Mims Jr.,,Receptions,1.5,-105,-105.0,draftkings,Jacksonville Jaguars @ Denver Broncos,2025-12-21T21:05:00Z,Denver Broncos,Jacksonville Jaguars,False
Matthew Golden,,Receptions,1.5,100,-122.0,draftkings,Green Bay Packers @ Chicago Bears,2025-12-21T01:20:00Z,Chicago Bears,Green Bay Packers,False
Michael Carter,,Receptions,3.5,115,-150.0,betmgm,Atlanta Falcons @ Arizona Cardinals,2025-12-21T21:05:00Z,Arizona Cardinals,Atlanta Falcons,False
Michael Mayer,,Receptions,1.5,-127,120.0,draftkings,Las Vegas Raiders @ Houston Texans,2025-12-21T21:25:00Z,Houston Texans,Las Vegas Raiders,False
Michael Mayer,,Receptions,2.5,170,-230.0,bovada,Las Vegas Raiders @ Houston Texans,2025-12-21T21:25:00Z,Houston Texans,Las Vegas Raiders,False
Michael Pittman Jr.,,Receptions,3.5,-110,106.0,draftkings,San Francisco 49ers @ Indianapolis Colts,2025-12-23T01:15:00Z,Indianapolis Colts,San Francisco 49ers,False
Michael Wilson,,Receptions,4.5,-131,120.0,draftkings,Atlanta Falcons @ Arizona Cardinals,2025-12-21T21:05:00Z,Arizona Cardinals,Atlanta Falcons,False
Michael Wilson,,Receptions,5.5,130,-160.0,fanduel,Atlanta Falcons @ Arizona Cardinals,2025-12-21T21:05:00Z,Arizona Cardinals,Atlanta Falcons,False
Nick Chubb,,Receptions,0.5,-150,110.0,betmgm,Las Vegas Raiders @ Houston Texans,2025-12-21T21:25:00Z,Houston Texans,Las Vegas Raiders,False
Nico Collins,,Receptions,4.5,-120,105.0,draftkings,Las Vegas Raiders @ Houston Texans,2025-12-21T21:25:00Z,Houston Texans,Las Vegas Raiders,False
Olamide Zaccheaus,,Receptions,2.5,-145,134.0,draftkings,Green Bay Packers @ Chicago Bears,2025-12-21T01:20:00Z,Chicago Bears,Green Bay Packers,False
Olamide Zaccheaus,,Receptions,3.5,135,-154.0,williamhill_us,Green Bay Packers @ Chicago Bears,2025-12-21T01:20:00Z,Chicago Bears,Green Bay Packers,False
Parker Washington,,Receptions,2.5,-130,122.0,draftkings,Jacksonville Jaguars @ Denver Broncos,2025-12-21T21:05:00Z,Denver Broncos,Jacksonville Jaguars,False
Pat Bryant,,Receptions,2.5,-159,136.0,williamhill_us,Jacksonville Jaguars @ Denver Broncos,2025-12-21T21:05:00Z,Denver Broncos,Jacksonville Jaguars,False
Pat Bryant,,Receptions,3.5,136,-175.0,draftkings,Jacksonville Jaguars @ Denver Broncos,2025-12-21T21:05:00Z,Denver Broncos,Jacksonville Jaguars,False
Pat Freiermuth,,Receptions,1.5,-200,,betrivers,Pittsburgh Steelers @ Detroit Lions,2025-12-21T21:25:00Z,Detroit Lions,Pittsburgh Steelers,False
Pat Freiermuth,,Receptions,2.5,144,-182.0,draftkings,Pittsburgh Steelers @ Detroit Lions,2025-12-21T21:25:00Z,Detroit Lions,Pittsburgh Steelers,False
Puka Nacua,,Receptions,7.5,-124,110.0,draftkings,Los Angeles Rams @ Seattle Seahawks,2025-12-19T01:15:00Z,Seattle Seahawks,Los Angeles Rams,False
RJ Harvey,,Receptions,2.5,-125,100.0,draftkings,Jacksonville Jaguars @ Denver Broncos,2025-12-21T21:05:00Z,Denver Broncos,Jacksonville Jaguars,False
RJ Harvey,,Receptions,3.5,145,-200.0,betmgm,Jacksonville Jaguars @ Denver Broncos,2025-12-21T21:05:00Z,Denver Broncos,Jacksonville Jaguars,False
Rasheen Ali,,Receptions,1.5,135,-175.0,betmgm,New England Patriots @ Baltimore Ravens,2025-12-22T01:20:00Z,Baltimore Ravens,New England Patriots,False
Rashid Shaheed,,Receptions,2.5,-134,125.0,draftkings,Los Angeles Rams @ Seattle Seahawks,2025-12-19T01:15:00Z,Seattle Seahawks,Los Angeles Rams,False
Rashod Bateman,,Receptions,1.5,-135,122.0,draftkings,New England Patriots @ Baltimore Ravens,2025-12-22T01:20:00Z,Baltimore Ravens,New England Patriots,False
Rhamondre Stevenson,,Receptions,2.5,121,-152.0,draftkings,New England Patriots @ Baltimore Ravens,2025-12-22T01:20:00Z,Baltimore Ravens,New England Patriots,False
Romeo Doubs,,Receptions,2.5,-125,115.0,draftkings,Green Bay Packers @ Chicago Bears,2025-12-21T01:20:00Z,Chicago Bears,Green Bay Packers,False
Shane Zylstra,,Receptions,0.5,-185,135.0,betmgm,Pittsburgh Steelers @ Detroit Lions,2025-12-21T21:25:00Z,Detroit Lions,Pittsburgh Steelers,False
Stefon Diggs,,Receptions,3.5,-150,115.0,betmgm,New England Patriots @ Baltimore Ravens,2025-12-22T01:20:00Z,Baltimore Ravens,New England Patriots,False
Stefon Diggs,,Receptions,4.5,135,-150.0,draftkings,New England Patriots @ Baltimore Ravens,2025-12-22T01:20:00Z,Baltimore Ravens,New England Patriots,False
Terrance Ferguson,,Receptions,1.5,-148,128.0,draftkings,Los Angeles Rams @ Seattle Seahawks,2025-12-19T01:15:00Z,Seattle Seahawks,Los Angeles Rams,False
Tim Patrick,,Receptions,0.5,-210,150.0,betmgm,Jacksonville Jaguars @ Denver Broncos,2025-12-21T21:05:00Z,Denver Broncos,Jacksonville Jaguars,False
Tim Patrick,,Receptions,1.5,178,-238.0,betonlineag,Jacksonville Jaguars @ Denver Broncos,2025-12-21T21:05:00Z,Denver Broncos,Jacksonville Jaguars,False
Travis Etienne Jr.,,Receptions,1.5,-200,147.0,williamhill_us,Jacksonville Jaguars @ Denver Broncos,2025-12-21T21:05:00Z,Denver Broncos,Jacksonville Jaguars,False
Travis Etienne Jr.,,Receptions,2.5,155,-185.0,draftkings,Jacksonville Jaguars @ Denver Broncos,2025-12-21T21:05:00Z,Denver Broncos,Jacksonville Jaguars,False
Tre Tucker,,Receptions,2.5,-120,105.0,draftkings,Las Vegas Raiders @ Houston Texans,2025-12-21T21:25:00Z,Houston Texans,Las Vegas Raiders,False
TreVeyon Henderson,,Receptions,2.5,145,-155.0,draftkings,New England Patriots @ Baltimore Ravens,2025-12-22T01:20:00Z,Baltimore Ravens,New England Patriots,False
Trey McBride,,Receptions,6.5,-134,106.0,fanduel,Atlanta Falcons @ Arizona Cardinals,2025-12-21T21:05:00Z,Arizona Cardinals,Atlanta Falcons,False
Trey McBride,,Receptions,7.5,135,-143.0,draftkings,Atlanta Falcons @ Arizona Cardinals,2025-12-21T21:05:00Z,Arizona Cardinals,Atlanta Falcons,False
Troy Franklin,,Receptions,2.5,-120,105.0,draftkings,Jacksonville Jaguars @ Denver Broncos,2025-12-21T21:05:00Z,Denver Broncos,Jacksonville Jaguars,False
Tutu Atwell,,Receptions,1.5,135,-185.0,betmgm,Los Angeles Rams @ Seattle Seahawks,2025-12-19T01:15:00Z,Seattle Seahawks,Los Angeles Rams,False
Tyler Allgeier,,Receptions,0.5,-160,120.0,betmgm,Atlanta Falcons @ Arizona Cardinals,2025-12-21T21:05:00Z,Arizona Cardinals,Atlanta Falcons,False
Tyler Badie,,Receptions,1.5,175,-235.0,betmgm,Jacksonville Jaguars @ Denver Broncos,2025-12-21T21:05:00Z,Denver Broncos,Jacksonville Jaguars,False
Tyler Lockett,,Receptions,1.5,-175,135.0,betmgm,Las Vegas Raiders @ Houston Texans,2025-12-21T21:25:00Z,Houston Texans,Las Vegas Raiders,False
Tyler Lockett,,Receptions,2.5,135,-144.0,draftkings,Las Vegas Raiders @ Houston Texans,2025-12-21T21:25:00Z,Houston Texans,Las Vegas Raiders,False
Tyler Warren,,Receptions,3.5,-160,135.0,betrivers,San Francisco 49ers @ Indianapolis Colts,2025-12-23T01:15:00Z,Indianapolis Colts,San Francisco 49ers,False
Tyler Warren,,Receptions,4.5,120,-145.0,draftkings,San Francisco 49ers @ Indianapolis Colts,2025-12-23T01:15:00Z,Indianapolis Colts,San Francisco 49ers,False
Xavier Hutchinson,,Receptions,1.5,115,-155.0,betmgm,Las Vegas Raiders @ Houston Texans,2025-12-21T21:25:00Z,Houston Texans,Las Vegas Raiders,False
Zach Charbonnet,,Receptions,0.5,-190,145.0,betmgm,Los Angeles Rams @ Seattle Seahawks,2025-12-19T01:15:00Z,Seattle Seahawks,Los Angeles Rams,False
Zay Flowers,,Receptions,4.5,-145,114.0,draftkings,New England Patriots @ Baltimore Ravens,2025-12-22T01:20:00Z,Baltimore Ravens,New England Patriots,False
Zay Flowers,,Receptions,5.5,126,-160.0,fanduel,New England Patriots @ Baltimore Ravens,2025-12-22T01:20:00Z,Baltimore Ravens,New England Patriots,False
Ashton Jeanty,,Rushing Attempts,14.5,-108,-110.0,draftkings,Las Vegas Raiders @ Houston Texans,2025-12-21T21:25:00Z,Houston Texans,Las Vegas Raiders,False
Bijan Robinson,,Rushing Attempts,18.5,-106,100.0,draftkings,Atlanta Falcons @ Arizona Cardinals,2025-12-21T21:05:00Z,Arizona Cardinals,Atlanta Falcons,False
Blake Corum,,Rushing Attempts,9.5,105,-110.0,draftkings,Los Angeles Rams @ Seattle Seahawks,2025-12-19T01:15:00Z,Seattle Seahawks,Los Angeles Rams,False
Bo Nix,,Rushing Attempts,4.5,105,-140.0,betmgm,Jacksonville Jaguars @ Denver Broncos,2025-12-21T21:05:00Z,Denver Broncos,Jacksonville Jaguars,False
Brian Robinson Jr.,,Rushing Attempts,5.5,-125,-105.0,betmgm,San Francisco 49ers @ Indianapolis Colts,2025-12-23T01:15:00Z,Indianapolis Colts,San Francisco 49ers,False
Brock Purdy,,Rushing Attempts,3.5,-105,-130.0,betmgm,San Francisco 49ers @ Indianapolis Colts,2025-12-23T01:15:00Z,Indianapolis Colts,San Francisco 49ers,False
C.J. Stroud,,Rushing Attempts,3.5,-125,-105.0,betmgm,Las Vegas Raiders @ Houston Texans,2025-12-21T21:25:00Z,Houston Texans,Las Vegas Raiders,False
Caleb Williams,,Rushing Attempts,4.5,100,-135.0,betmgm,Green Bay Packers @ Chicago Bears,2025-12-21T01:20:00Z,Chicago Bears,Green Bay Packers,False
Christian McCaffrey,,Rushing Attempts,16.5,-148,112.0,fanduel,San Francisco 49ers @ Indianapolis Colts,2025-12-23T01:15:00Z,Indianapolis Colts,San Francisco 49ers,False
Christian McCaffrey,,Rushing Attempts,17.5,105,-110.0,draftkings,San Francisco 49ers @ Indianapolis Colts,2025-12-23T01:15:00Z,Indianapolis Colts,San Francisco 49ers,False
D'Andre Swift,,Rushing Attempts,12.5,-136,,betrivers,Green Bay Packers @ Chicago Bears,2025-12-21T01:20:00Z,Chicago Bears,Green Bay Packers,False
D'Andre Swift,,Rushing Attempts,13.5,105,-120.0,draftkings,Green Bay Packers @ Chicago Bears,2025-12-21T01:20:00Z,Chicago Bears,Green Bay Packers,False
David Montgomery,,Rushing Attempts,8.5,-110,-120.0,betmgm,Pittsburgh Steelers @ Detroit Lions,2025-12-21T21:25:00Z,Detroit Lions,Pittsburgh Steelers,False
Derrick Henry,,Rushing Attempts,16.5,-114,-101.0,draftkings,New England Patriots @ Baltimore Ravens,2025-12-22T01:20:00Z,Baltimore Ravens,New England Patriots,False
Derrick Henry,,Rushing Attempts,17.5,110,-145.0,betrivers,New England Patriots @ Baltimore Ravens,2025-12-22T01:20:00Z,Baltimore Ravens,New England Patriots,False
Drake Maye,,Rushing Attempts,4.5,-160,120.0,betmgm,New England Patriots @ Baltimore Ravens,2025-12-22T01:20:00Z,Baltimore Ravens,New England Patriots,False
Emanuel Wilson,,Rushing Attempts,5.5,100,-135.0,betmgm,Green Bay Packers @ Chicago Bears,2025-12-21T01:20:00Z,Chicago Bears,Green Bay Packers,False
Emari Demercado,,Rushing Attempts,4.5,-115,-115.0,betmgm,Atlanta Falcons @ Arizona Cardinals,2025-12-21T21:05:00Z,Arizona Cardinals,Atlanta Falcons,False
Geno Smith,,Rushing Attempts,2.5,-150,110.0,betmgm,Las Vegas Raiders @ Houston Texans,2025-12-21T21:25:00Z,Houston Texans,Las Vegas Raiders,False
Jacoby Brissett,,Rushing Attempts,2.5,-160,120.0,betmgm,Atlanta Falcons @ Arizona Cardinals,2025-12-21T21:05:00Z,Arizona Cardinals,Atlanta Falcons,False
Jahmyr Gibbs,,Rushing Attempts,15.5,-105,-105.0,draftkings,Pittsburgh Steelers @ Detroit Lions,2025-12-21T21:25:00Z,Detroit Lions,Pittsburgh Steelers,False
Jaleel McLaughlin,,Rushing Attempts,3.5,-125,-105.0,betmgm,Jacksonville Jaguars @ Denver Broncos,2025-12-21T21:05:00Z,Denver Broncos,Jacksonville Jaguars,False
Jawhar Jordan,,Rushing Attempts,10.5,-105,-130.0,betmgm,Las Vegas Raiders @ Houston Texans,2025-12-21T21:25:00Z,Houston Texans,Las Vegas Raiders,False
Jaylen Warren,,Rushing Attempts,10.5,-105,-105.0,draftkings,Pittsburgh Steelers @ Detroit Lions,2025-12-21T21:25:00Z,Detroit Lions,Pittsburgh Steelers,False
Jonathan Taylor,,Rushing Attempts,22.5,-113,-106.0,draftkings,San Francisco 49ers @ Indianapolis Colts,2025-12-23T01:15:00Z,Indianapolis Colts,San Francisco 49ers,False
Jonathan Taylor,,Rushing Attempts,23.5,110,-125.0,betmgm,San Francisco 49ers @ Indianapolis Colts,2025-12-23T01:15:00Z,Indianapolis Colts,San Francisco 49ers,False
Jordan Love,,Rushing Attempts,2.5,-150,110.0,betmgm,Green Bay Packers @ Chicago Bears,2025-12-21T01:20:00Z,Chicago Bears,Green Bay Packers,False
Josh Jacobs,,Rushing Attempts,14.5,-120,-104.0,draftkings,Green Bay Packers @ Chicago Bears,2025-12-21T01:20:00Z,Chicago Bears,Green Bay Packers,False
Josh Jacobs,,Rushing Attempts,15.5,110,-145.0,betmgm,Green Bay Packers @ Chicago Bears,2025-12-21T01:20:00Z,Chicago Bears,Green Bay Packers,False
Keaton Mitchell,,Rushing Attempts,5.5,100,-135.0,betmgm,New England Patriots @ Baltimore Ravens,2025-12-22T01:20:00Z,Baltimore Ravens,New England Patriots,False
Kenneth Gainwell,,Rushing Attempts,7.5,-124,105.0,draftkings,Pittsburgh Steelers @ Detroit Lions,2025-12-21T21:25:00Z,Detroit Lions,Pittsburgh Steelers,False
Kenneth Gainwell,,Rushing Attempts,8.5,112,,betrivers,Pittsburgh Steelers @ Detroit Lions,2025-12-21T21:25:00Z,Detroit Lions,Pittsburgh Steelers,False
Kenneth Walker III,,Rushing Attempts,11.5,-135,100.0,betmgm,Los Angeles Rams @ Seattle Seahawks,2025-12-19T01:15:00Z,Seattle Seahawks,Los Angeles Rams,False
Kenneth Walker III,,Rushing Attempts,12.5,106,-126.0,draftkings,Los Angeles Rams @ Seattle Seahawks,2025-12-19T01:15:00Z,Seattle Seahawks,Los Angeles Rams,False
Kyle Monangai,,Rushing Attempts,10.5,-135,100.0,betmgm,Green Bay Packers @ Chicago Bears,2025-12-21T01:20:00Z,Chicago Bears,Green Bay Packers,False
Kyle Monangai,,Rushing Attempts,11.5,-108,100.0,draftkings,Green Bay Packers @ Chicago Bears,2025-12-21T01:20:00Z,Chicago Bears,Green Bay Packers,False
Kyren Williams,,Rushing Attempts,13.5,100,-115.0,draftkings,Los Angeles Rams @ Seattle Seahawks,2025-12-19T01:15:00Z,Seattle Seahawks,Los Angeles Rams,False
Lamar Jackson,,Rushing Attempts,6.5,110,-120.0,draftkings,New England Patriots @ Baltimore Ravens,2025-12-22T01:20:00Z,Baltimore Ravens,New England Patriots,False
LeQuint Allen Jr.,,Rushing Attempts,2.5,-155,115.0,betmgm,Jacksonville Jaguars @ Denver Broncos,2025-12-21T21:05:00Z,Denver Broncos,Jacksonville Jaguars,False
Matthew Stafford,,Rushing Attempts,1.5,140,-190.0,betmgm,Los Angeles Rams @ Seattle Seahawks,2025-12-19T01:15:00Z,Seattle Seahawks,Los Angeles Rams,False
Michael Carter,,Rushing Attempts,12.5,-114,100.0,draftkings,Atlanta Falcons @ Arizona Cardinals,2025-12-21T21:05:00Z,Arizona Cardinals,Atlanta Falcons,False
Michael Carter,,Rushing Attempts,13.5,105,-145.0,betrivers,Atlanta Falcons @ Arizona Cardinals,2025-12-21T21:05:00Z,Arizona Cardinals,Atlanta Falcons,False
Nick Chubb,,Rushing Attempts,12.5,-135,100.0,betmgm,Las Vegas Raiders @ Houston Texans,2025-12-21T21:25:00Z,Houston Texans,Las Vegas Raiders,False
RJ Harvey,,Rushing Attempts,14.5,-102,100.0,draftkings,Jacksonville Jaguars @ Denver Broncos,2025-12-21T21:05:00Z,Denver Broncos,Jacksonville Jaguars,False
Rhamondre Stevenson,,Rushing Attempts,8.5,110,-145.0,betmgm,New England Patriots @ Baltimore Ravens,2025-12-22T01:20:00Z,Baltimore Ravens,New England Patriots,False
Sam Darnold,,Rushing Attempts,1.5,-190,140.0,betmgm,Los Angeles Rams @ Seattle Seahawks,2025-12-19T01:15:00Z,Seattle Seahawks,Los Angeles Rams,False
Travis Etienne Jr.,,Rushing Attempts,15.5,-103,-110.0,draftkings,Jacksonville Jaguars @ Denver Broncos,2025-12-21T21:05:00Z,Denver Broncos,Jacksonville Jaguars,False
Travis Etienne Jr.,,Rushing Attempts,16.5,110,-145.0,betmgm,Jacksonville Jaguars @ Denver Broncos,2025-12-21T21:05:00Z,Denver Broncos,Jacksonville Jaguars,False
TreVeyon Henderson,,Rushing Attempts,11.5,-114,-104.0,draftkings,New England Patriots @ Baltimore Ravens,2025-12-22T01:20:00Z,Baltimore Ravens,New England Patriots,False
TreVeyon Henderson,,Rushing Attempts,12.5,-105,-125.0,betmgm,New England Patriots @ Baltimore Ravens,2025-12-22T01:20:00Z,Baltimore Ravens,New England Patriots,False
Trevor Lawrence,,Rushing Attempts,4.5,-135,100.0,betmgm,Jacksonville Jaguars @ Denver Broncos,2025-12-21T21:05:00Z,Denver Broncos,Jacksonville Jaguars,False
Tyler Allgeier,,Rushing Attempts,7.5,-140,105.0,betmgm,Atlanta Falcons @ Arizona Cardinals,2025-12-21T21:05:00Z,Arizona Cardinals,Atlanta Falcons,False
Zach Charbonnet,,Rushing Attempts,9.5,-120,-102.0,draftkings,Los Angeles Rams @ Seattle Seahawks,2025-12-19T01:15:00Z,Seattle Seahawks,Los Angeles Rams,False
Zach Charbonnet,,Rushing Attempts,10.5,-102,-130.0,fanduel,Los Angeles Rams @ Seattle Seahawks,2025-12-19T01:15:00Z,Seattle Seahawks,Los Angeles Rams,False
AJ Barner,,Rushing Yards,0.5,120,-160.0,betmgm,Los Angeles Rams @ Seattle Seahawks,2025-12-19T01:15:00Z,Seattle Seahawks,Los Angeles Rams,False
Aaron Rodgers,,Rushing Yards,0.5,115,-120.0,draftkings,Pittsburgh Steelers @ Detroit Lions,2025-12-21T21:25:00Z,Detroit Lions,Pittsburgh Steelers,False
Ameer Abdullah,,Rushing Yards,10.5,-112,-109.0,draftkings,San Francisco 49ers @ Indianapolis Colts,2025-12-23T01:15:00Z,Indianapolis Colts,San Francisco 49ers,False
Ashton Jeanty,,Rushing Yards,44.5,-114,-108.0,draftkings,Las Vegas Raiders @ Houston Texans,2025-12-21T21:25:00Z,Houston Texans,Las Vegas Raiders,False
Ashton Jeanty,,Rushing Yards,45.5,-112,-112.0,fanduel,Las Vegas Raiders @ Houston Texans,2025-12-21T21:25:00Z,Houston Texans,Las Vegas Raiders,False
Ashton Jeanty,,Rushing Yards,46.5,-105,-125.0,williamhill_us,Las Vegas Raiders @ Houston Texans,2025-12-21T21:25:00Z,Houston Texans,Las Vegas Raiders,False
Bijan Robinson,,Rushing Yards,87.5,-118,-113.0,betrivers,Atlanta Falcons @ Arizona Cardinals,2025-12-21T21:05:00Z,Arizona Cardinals,Atlanta Falcons,False
Bijan Robinson,,Rushing Yards,88.5,-115,-115.0,betmgm,Atlanta Falcons @ Arizona Cardinals,2025-12-21T21:05:00Z,Arizona Cardinals,Atlanta Falcons,False
Bijan Robinson,,Rushing Yards,90.5,-112,-105.0,draftkings,Atlanta Falcons @ Arizona Cardinals,2025-12-21T21:05:00Z,Arizona Cardinals,Atlanta Falcons,False
Bijan Robinson,,Rushing Yards,92.5,-120,-108.0,betonlineag,Atlanta Falcons @ Arizona Cardinals,2025-12-21T21:05:00Z,Arizona Cardinals,Atlanta Falcons,False
Blake Corum,,Rushing Yards,35.5,-115,-114.0,betrivers,Los Angeles Rams @ Seattle Seahawks,2025-12-19T01:15:00Z,Seattle Seahawks,Los Angeles Rams,False
Blake Corum,,Rushing Yards,36.5,-112,-112.0,fanduel,Los Angeles Rams @ Seattle Seahawks,2025-12-19T01:15:00Z,Seattle Seahawks,Los Angeles Rams,False
Blake Corum,,Rushing Yards,37.5,-114,-110.0,draftkings,Los Angeles Rams @ Seattle Seahawks,2025-12-19T01:15:00Z,Seattle Seahawks,Los Angeles Rams,False
Blake Corum,,Rushing Yards,38.5,-110,-118.0,betmgm,Los Angeles Rams @ Seattle Seahawks,2025-12-19T01:15:00Z,Seattle Seahawks,Los Angeles Rams,False
Blake Corum,,Rushing Yards,39.5,-114,-114.0,betonlineag,Los Angeles Rams @ Seattle Seahawks,2025-12-19T01:15:00Z,Seattle Seahawks,Los Angeles Rams,False
Bo Nix,,Rushing Yards,17.5,-112,-107.0,draftkings,Jacksonville Jaguars @ Denver Broncos,2025-12-21T21:05:00Z,Denver Broncos,Jacksonville Jaguars,False
Bo Nix,,Rushing Yards,18.5,-115,-115.0,betmgm,Jacksonville Jaguars @ Denver Broncos,2025-12-21T21:05:00Z,Denver Broncos,Jacksonville Jaguars,False
Brian Robinson Jr.,,Rushing Yards,21.5,-118,-110.0,betmgm,San Francisco 49ers @ Indianapolis Colts,2025-12-23T01:15:00Z,Indianapolis Colts,San Francisco 49ers,False
Brian Robinson Jr.,,Rushing Yards,22.5,-112,-105.0,draftkings,San Francisco 49ers @ Indianapolis Colts,2025-12-23T01:15:00Z,Indianapolis Colts,San Francisco 49ers,False
Brian Robinson Jr.,,Rushing Yards,24.5,-110,-121.0,betrivers,San Francisco 49ers @ Indianapolis Colts,2025-12-23T01:15:00Z,Indianapolis Colts,San Francisco 49ers,False
Brock Purdy,,Rushing Yards,9.5,-135,105.0,betmgm,San Francisco 49ers @ Indianapolis Colts,2025-12-23T01:15:00Z,Indianapolis Colts,San Francisco 49ers,False
Brock Purdy,,Rushing Yards,11.5,-112,105.0,williamhill_us,San Francisco 49ers @ Indianapolis Colts,2025-12-23T01:15:00Z,Indianapolis Colts,San Francisco 49ers,False
Brock Purdy,,Rushing Yards,12.5,-113,-103.0,draftkings,San Francisco 49ers @ Indianapolis Colts,2025-12-23T01:15:00Z,Indianapolis Colts,San Francisco 49ers,False
C.J. Stroud,,Rushing Yards,9.5,-115,-115.0,betmgm,Las Vegas Raiders @ Houston Texans,2025-12-21T21:25:00Z,Houston Texans,Las Vegas Raiders,False
C.J. Stroud,,Rushing Yards,10.5,-112,-109.0,williamhill_us,Las Vegas Raiders @ Houston Texans,2025-12-21T21:25:00Z,Houston Texans,Las Vegas Raiders,False
C.J. Stroud,,Rushing Yards,11.5,-113,-106.0,draftkings,Las Vegas Raiders @ Houston Texans,2025-12-21T21:25:00Z,Houston Texans,Las Vegas Raiders,False
Caleb Williams,,Rushing Yards,16.5,-118,-107.0,draftkings,Green Bay Packers @ Chicago Bears,2025-12-21T01:20:00Z,Chicago Bears,Green Bay Packers,False
Caleb Williams,,Rushing Yards,17.5,-112,-110.0,williamhill_us,Green Bay Packers @ Chicago Bears,2025-12-21T01:20:00Z,Chicago Bears,Green Bay Packers,False
Caleb Williams,,Rushing Yards,18.5,-114,-114.0,betonlineag,Green Bay Packers @ Chicago Bears,2025-12-21T01:20:00Z,Chicago Bears,Green Bay Packers,False
Caleb Williams,,Rushing Yards,19.5,-110,-118.0,betrivers,Green Bay Packers @ Chicago Bears,2025-12-21T01:20:00Z,Chicago Bears,Green Bay Packers,False
Christian McCaffrey,,Rushing Yards,59.5,-135,105.0,bovada,San Francisco 49ers @ Indianapolis Colts,2025-12-23T01:15:00Z,Indianapolis Colts,San Francisco 49ers,False
Christian McCaffrey,,Rushing Yards,61.5,-112,-112.0,fanduel,San Francisco 49ers @ Indianapolis Colts,2025-12-23T01:15:00Z,Indianapolis Colts,San Francisco 49ers,False
Christian McCaffrey,,Rushing Yards,62.5,-113,-111.0,draftkings,San Francisco 49ers @ Indianapolis Colts,2025-12-23T01:15:00Z,Indianapolis Colts,San Francisco 49ers,False
Christian McCaffrey,,Rushing Yards,63.5,-115,-108.0,betonlineag,San Francisco 49ers @ Indianapolis Colts,2025-12-23T01:15:00Z,Indianapolis Colts,San Francisco 49ers,False
D'Andre Swift,,Rushing Yards,52.5,-113,-111.0,draftkings,Green Bay Packers @ Chicago Bears,2025-12-21T01:20:00Z,Chicago Bears,Green Bay Packers,False
D'Andre Swift,,Rushing Yards,53.5,-115,-115.0,bovada,Green Bay Packers @ Chicago Bears,2025-12-21T01:20:00Z,Chicago Bears,Green Bay Packers,False
D'Andre Swift,,Rushing Yards,54.5,-110,-110.0,williamhill_us,Green Bay Packers @ Chicago Bears,2025-12-21T01:20:00Z,Chicago Bears,Green Bay Packers,False
D'Andre Swift,,Rushing Yards,56.5,-113,-114.0,betonlineag,Green Bay Packers @ Chicago Bears,2025-12-21T01:20:00Z,Chicago Bears,Green Bay Packers,False
David Montgomery,,Rushing Yards,32.5,-115,-115.0,betmgm,Pittsburgh Steelers @ Detroit Lions,2025-12-21T21:25:00Z,Detroit Lions,Pittsburgh Steelers,False
David Montgomery,,Rushing Yards,35.5,100,-110.0,draftkings,Pittsburgh Steelers @ Detroit Lions,2025-12-21T21:25:00Z,Detroit Lions,Pittsburgh Steelers,False
David Montgomery,,Rushing Yards,36.5,100,-130.0,bovada,Pittsburgh Steelers @ Detroit Lions,2025-12-21T21:25:00Z,Detroit Lions,Pittsburgh Steelers,False
Derrick Henry,,Rushing Yards,76.5,-112,-112.0,fanduel,New England Patriots @ Baltimore Ravens,2025-12-22T01:20:00Z,Baltimore Ravens,New England Patriots,False
Derrick Henry,,Rushing Yards,77.5,-115,110.0,betrivers,New England Patriots @ Baltimore Ravens,2025-12-22T01:20:00Z,Baltimore Ravens,New England Patriots,False
Derrick Henry,,Rushing Yards,78.5,-115,-115.0,williamhill_us,New England Patriots @ Baltimore Ravens,2025-12-22T01:20:00Z,Baltimore Ravens,New England Patriots,False
Derrick Henry,,Rushing Yards,79.5,-110,-118.0,betonlineag,New England Patriots @ Baltimore Ravens,2025-12-22T01:20:00Z,Baltimore Ravens,New England Patriots,False
Derrick Henry,,Rushing Yards,80.5,-110,-110.0,draftkings,New England Patriots @ Baltimore Ravens,2025-12-22T01:20:00Z,Baltimore Ravens,New England Patriots,False
Drake Maye,,Rushing Yards,19.5,-118,-113.0,betrivers,New England Patriots @ Baltimore Ravens,2025-12-22T01:20:00Z,Baltimore Ravens,New England Patriots,False
Drake Maye,,Rushing Yards,21.5,-112,100.0,fanduel,New England Patriots @ Baltimore Ravens,2025-12-22T01:20:00Z,Baltimore Ravens,New England Patriots,False
Drake Maye,,Rushing Yards,22.5,-110,-114.0,draftkings,New England Patriots @ Baltimore Ravens,2025-12-22T01:20:00Z,Baltimore Ravens,New England Patriots,False
Drake Maye,,Rushing Yards,25.5,110,-145.0,betmgm,New England Patriots @ Baltimore Ravens,2025-12-22T01:20:00Z,Baltimore Ravens,New England Patriots,False
Emanuel Wilson,,Rushing Yards,20.5,-110,-118.0,betmgm,Green Bay Packers @ Chicago Bears,2025-12-21T01:20:00Z,Chicago Bears,Green Bay Packers,False
Emanuel Wilson,,Rushing Yards,22.5,-112,-112.0,fanduel,Green Bay Packers @ Chicago Bears,2025-12-21T01:20:00Z,Chicago Bears,Green Bay Packers,False
Emanuel Wilson,,Rushing Yards,23.5,-114,-108.0,draftkings,Green Bay Packers @ Chicago Bears,2025-12-21T01:20:00Z,Chicago Bears,Green Bay Packers,False
Emari Demercado,,Rushing Yards,15.5,-120,-110.0,betmgm,Atlanta Falcons @ Arizona Cardinals,2025-12-21T21:05:00Z,Arizona Cardinals,Atlanta Falcons,False
Geno Smith,,Rushing Yards,7.5,-109,-110.0,betrivers,Las Vegas Raiders @ Houston Texans,2025-12-21T21:25:00Z,Houston Texans,Las Vegas Raiders,False
Geno Smith,,Rushing Yards,8.5,-106,-112.0,draftkings,Las Vegas Raiders @ Houston Texans,2025-12-21T21:25:00Z,Houston Texans,Las Vegas Raiders,False
Jacoby Brissett,,Rushing Yards,10.5,-120,-110.0,betmgm,Atlanta Falcons @ Arizona Cardinals,2025-12-21T21:05:00Z,Arizona Cardinals,Atlanta Falcons,False
Jacoby Brissett,,Rushing Yards,12.5,-112,-108.0,draftkings,Atlanta Falcons @ Arizona Cardinals,2025-12-21T21:05:00Z,Arizona Cardinals,Atlanta Falcons,False
Jahmyr Gibbs,,Rushing Yards,74.5,-110,-118.0,betmgm,Pittsburgh Steelers @ Detroit Lions,2025-12-21T21:25:00Z,Detroit Lions,Pittsburgh Steelers,False
Jahmyr Gibbs,,Rushing Yards,75.5,-112,-107.0,williamhill_us,Pittsburgh Steelers @ Detroit Lions,2025-12-21T21:25:00Z,Detroit Lions,Pittsburgh Steelers,False
Jahmyr Gibbs,,Rushing Yards,77.5,-113,-111.0,draftkings,Pittsburgh Steelers @ Detroit Lions,2025-12-21T21:25:00Z,Detroit Lions,Pittsburgh Steelers,False
Jahmyr Gibbs,,Rushing Yards,78.5,-114,-114.0,betonlineag,Pittsburgh Steelers @ Detroit Lions,2025-12-21T21:25:00Z,Detroit Lions,Pittsburgh Steelers,False
Jaleel McLaughlin,,Rushing Yards,9.5,-125,-105.0,bovada,Jacksonville Jaguars @ Denver Broncos,2025-12-21T21:05:00Z,Denver Broncos,Jacksonville Jaguars,False
Jaleel McLaughlin,,Rushing Yards,11.5,-115,-118.0,betmgm,Jacksonville Jaguars @ Denver Broncos,2025-12-21T21:05:00Z,Denver Broncos,Jacksonville Jaguars,False
Jaleel McLaughlin,,Rushing Yards,15.5,-110,-120.0,betrivers,Jacksonville Jaguars @ Denver Broncos,2025-12-21T21:05:00Z,Denver Broncos,Jacksonville Jaguars,False
Jaleel McLaughlin,,Rushing Yards,16.5,-112,-112.0,fanduel,Jacksonville Jaguars @ Denver Broncos,2025-12-21T21:05:00Z,Denver Broncos,Jacksonville Jaguars,False
Jaleel McLaughlin,,Rushing Yards,17.5,-114,-102.0,williamhill_us,Jacksonville Jaguars @ Denver Broncos,2025-12-21T21:05:00Z,Denver Broncos,Jacksonville Jaguars,False
Jaleel McLaughlin,,Rushing Yards,18.5,-109,-115.0,draftkings,Jacksonville Jaguars @ Denver Broncos,2025-12-21T21:05:00Z,Denver Broncos,Jacksonville Jaguars,False
Jameson Williams,,Rushing Yards,0.5,105,-140.0,betmgm,Pittsburgh Steelers @ Detroit Lions,2025-12-21T21:25:00Z,Detroit Lions,Pittsburgh Steelers,False
Jared Goff,,Rushing Yards,0.5,151,-175.0,draftkings,Pittsburgh Steelers @ Detroit Lions,2025-12-21T21:25:00Z,Detroit Lions,Pittsburgh Steelers,False
Jawhar Jordan,,Rushing Yards,40.5,-118,-110.0,betonlineag,Las Vegas Raiders @ Houston Texans,2025-12-21T21:25:00Z,Houston Texans,Las Vegas Raiders,False
Jawhar Jordan,,Rushing Yards,42.5,-115,-109.0,draftkings,Las Vegas Raiders @ Houston Texans,2025-12-21T21:25:00Z,Houston Texans,Las Vegas Raiders,False
Jawhar Jordan,,Rushing Yards,43.5,-125,-108.0,williamhill_us,Las Vegas Raiders @ Houston Texans,2025-12-21T21:25:00Z,Houston Texans,Las Vegas Raiders,False
Jawhar Jordan,,Rushing Yards,44.5,-112,-112.0,fanduel,Las Vegas Raiders @ Houston Texans,2025-12-21T21:25:00Z,Houston Texans,Las Vegas Raiders,False
Jaxon Smith-Njigba,,Rushing Yards,0.5,165,-225.0,betmgm,Los Angeles Rams @ Seattle Seahawks,2025-12-19T01:15:00Z,Seattle Seahawks,Los Angeles Rams,False
Jayden Reed,,Rushing Yards,0.5,-115,-115.0,betmgm,Green Bay Packers @ Chicago Bears,2025-12-21T01:20:00Z,Chicago Bears,Green Bay Packers,False
Jaylen Warren,,Rushing Yards,40.5,-110,-109.0,fanduel,Pittsburgh Steelers @ Detroit Lions,2025-12-21T21:25:00Z,Detroit Lions,Pittsburgh Steelers,False
Jaylen Warren,,Rushing Yards,41.5,-109,-113.0,draftkings,Pittsburgh Steelers @ Detroit Lions,2025-12-21T21:25:00Z,Detroit Lions,Pittsburgh Steelers,False
Jaylen Warren,,Rushing Yards,44.5,-117,-114.0,betrivers,Pittsburgh Steelers @ Detroit Lions,2025-12-21T21:25:00Z,Detroit Lions,Pittsburgh Steelers,False
Jonathan Taylor,,Rushing Yards,97.5,-150,115.0,bovada,San Francisco 49ers @ Indianapolis Colts,2025-12-23T01:15:00Z,Indianapolis Colts,San Francisco 49ers,False
Jonathan Taylor,,Rushing Yards,98.5,-112,-112.0,fanduel,San Francisco 49ers @ Indianapolis Colts,2025-12-23T01:15:00Z,Indianapolis Colts,San Francisco 49ers,False
Jonathan Taylor,,Rushing Yards,99.5,-111,-108.0,draftkings,San Francisco 49ers @ Indianapolis Colts,2025-12-23T01:15:00Z,Indianapolis Colts,San Francisco 49ers,False
Jonathan Taylor,,Rushing Yards,101.5,-114,-117.0,betrivers,San Francisco 49ers @ Indianapolis Colts,2025-12-23T01:15:00Z,Indianapolis Colts,San Francisco 49ers,False
Jonathan Taylor,,Rushing Yards,104.5,-115,,betmgm,San Francisco 49ers @ Indianapolis Colts,2025-12-23T01:15:00Z,Indianapolis Colts,San Francisco 49ers,False
Jordan Love,,Rushing Yards,7.5,-114,-117.0,betrivers,Green Bay Packers @ Chicago Bears,2025-12-21T01:20:00Z,Chicago Bears,Green Bay Packers,False
Jordan Love,,Rushing Yards,8.5,-112,100.0,draftkings,Green Bay Packers @ Chicago Bears,2025-12-21T01:20:00Z,Chicago Bears,Green Bay Packers,False
Jordan Love,,Rushing Yards,9.5,-109,-110.0,williamhill_us,Green Bay Packers @ Chicago Bears,2025-12-21T01:20:00Z,Chicago Bears,Green Bay Packers,False
Josh Jacobs,,Rushing Yards,57.5,-110,-114.0,draftkings,Green Bay Packers @ Chicago Bears,2025-12-21T01:20:00Z,Chicago Bears,Green Bay Packers,False
Josh Jacobs,,Rushing Yards,58.5,-112,-112.0,fanduel,Green Bay Packers @ Chicago Bears,2025-12-21T01:20:00Z,Chicago Bears,Green Bay Packers,False
Josh Jacobs,,Rushing Yards,59.5,-114,-114.0,betonlineag,Green Bay Packers @ Chicago Bears,2025-12-21T01:20:00Z,Chicago Bears,Green Bay Packers,False
Josh Jacobs,,Rushing Yards,60.5,-115,-115.0,betmgm,Green Bay Packers @ Chicago Bears,2025-12-21T01:20:00Z,Chicago Bears,Green Bay Packers,False
Keaton Mitchell,,Rushing Yards,22.5,-135,105.0,bovada,New England Patriots @ Baltimore Ravens,2025-12-22T01:20:00Z,Baltimore Ravens,New England Patriots,False
Keaton Mitchell,,Rushing Yards,23.5,-115,-115.0,betrivers,New England Patriots @ Baltimore Ravens,2025-12-22T01:20:00Z,Baltimore Ravens,New England Patriots,False
Keaton Mitchell,,Rushing Yards,24.5,-115,-112.0,williamhill_us,New England Patriots @ Baltimore Ravens,2025-12-22T01:20:00Z,Baltimore Ravens,New England Patriots,False
Keaton Mitchell,,Rushing Yards,25.5,-110,-112.0,draftkings,New England Patriots @ Baltimore Ravens,2025-12-22T01:20:00Z,Baltimore Ravens,New England Patriots,False
Kenneth Gainwell,,Rushing Yards,28.5,-112,-112.0,draftkings,Pittsburgh Steelers @ Detroit Lions,2025-12-21T21:25:00Z,Detroit Lions,Pittsburgh Steelers,False
Kenneth Gainwell,,Rushing Yards,29.5,-110,-121.0,williamhill_us,Pittsburgh Steelers @ Detroit Lions,2025-12-21T21:25:00Z,Detroit Lions,Pittsburgh Steelers,False
Kenneth Gainwell,,Rushing Yards,31.5,100,-110.0,betonlineag,Pittsburgh Steelers @ Detroit Lions,2025-12-21T21:25:00Z,Detroit Lions,Pittsburgh Steelers,False
Kenneth Walker III,,Rushing Yards,44.5,-115,-115.0,betmgm,Los Angeles Rams @ Seattle Seahawks,2025-12-19T01:15:00Z,Seattle Seahawks,Los Angeles Rams,False
Kenneth Walker III,,Rushing Yards,45.5,-112,-112.0,williamhill_us,Los Angeles Rams @ Seattle Seahawks,2025-12-19T01:15:00Z,Seattle Seahawks,Los Angeles Rams,False
Kenneth Walker III,,Rushing Yards,46.5,-112,-112.0,draftkings,Los Angeles Rams @ Seattle Seahawks,2025-12-19T01:15:00Z,Seattle Seahawks,Los Angeles Rams,False
Kirk Cousins,,Rushing Yards,0.5,166,-190.0,draftkings,Atlanta Falcons @ Arizona Cardinals,2025-12-21T21:05:00Z,Arizona Cardinals,Atlanta Falcons,False
Kyle Monangai,,Rushing Yards,46.5,-118,-110.0,betmgm,Green Bay Packers @ Chicago Bears,2025-12-21T01:20:00Z,Chicago Bears,Green Bay Packers,False
Kyle Monangai,,Rushing Yards,47.5,-114,-110.0,draftkings,Green Bay Packers @ Chicago Bears,2025-12-21T01:20:00Z,Chicago Bears,Green Bay Packers,False
Kyle Monangai,,Rushing Yards,48.5,-112,-111.0,williamhill_us,Green Bay Packers @ Chicago Bears,2025-12-21T01:20:00Z,Chicago Bears,Green Bay Packers,False
Kyle Monangai,,Rushing Yards,51.5,-114,-114.0,betonlineag,Green Bay Packers @ Chicago Bears,2025-12-21T01:20:00Z,Chicago Bears,Green Bay Packers,False
Kyren Williams,,Rushing Yards,54.5,-112,-112.0,fanduel,Los Angeles Rams @ Seattle Seahawks,2025-12-19T01:15:00Z,Seattle Seahawks,Los Angeles Rams,False
Kyren Williams,,Rushing Yards,55.5,-114,-110.0,draftkings,Los Angeles Rams @ Seattle Seahawks,2025-12-19T01:15:00Z,Seattle Seahawks,Los Angeles Rams,False
Kyren Williams,,Rushing Yards,56.5,-115,-115.0,betrivers,Los Angeles Rams @ Seattle Seahawks,2025-12-19T01:15:00Z,Seattle Seahawks,Los Angeles Rams,False
Kyren Williams,,Rushing Yards,58.5,-114,-114.0,betonlineag,Los Angeles Rams @ Seattle Seahawks,2025-12-19T01:15:00Z,Seattle Seahawks,Los Angeles Rams,False
Lamar Jackson,,Rushing Yards,33.5,-115,-115.0,bovada,New England Patriots @ Baltimore Ravens,2025-12-22T01:20:00Z,Baltimore Ravens,New England Patriots,False
Lamar Jackson,,Rushing Yards,36.5,-117,-114.0,betrivers,New England Patriots @ Baltimore Ravens,2025-12-22T01:20:00Z,Baltimore Ravens,New England Patriots,False
Lamar Jackson,,Rushing Yards,37.5,-110,-108.0,draftkings,New England Patriots @ Baltimore Ravens,2025-12-22T01:20:00Z,Baltimore Ravens,New England Patriots,False
LeQuint Allen Jr.,,Rushing Yards,8.5,-125,-105.0,betmgm,Jacksonville Jaguars @ Denver Broncos,2025-12-21T21:05:00Z,Denver Broncos,Jacksonville Jaguars,False
Marvin Mims Jr.,,Rushing Yards,3.5,-110,-120.0,betmgm,Jacksonville Jaguars @ Denver Broncos,2025-12-21T21:05:00Z,Denver Broncos,Jacksonville Jaguars,False
Matthew Stafford,,Rushing Yards,0.5,180,-219.0,draftkings,Los Angeles Rams @ Seattle Seahawks,2025-12-19T01:15:00Z,Seattle Seahawks,Los Angeles Rams,False
Michael Carter,,Rushing Yards,48.5,-112,-112.0,fanduel,Atlanta Falcons @ Arizona Cardinals,2025-12-21T21:05:00Z,Arizona Cardinals,Atlanta Falcons,False
Michael Carter,,Rushing Yards,49.5,-111,-112.0,draftkings,Atlanta Falcons @ Arizona Cardinals,2025-12-21T21:05:00Z,Arizona Cardinals,Atlanta Falcons,False
Michael Carter,,Rushing Yards,50.5,-110,-118.0,betmgm,Atlanta Falcons @ Arizona Cardinals,2025-12-21T21:05:00Z,Arizona Cardinals,Atlanta Falcons,False
Nick Chubb,,Rushing Yards,42.5,-112,-112.0,fanduel,Las Vegas Raiders @ Houston Texans,2025-12-21T21:25:00Z,Houston Texans,Las Vegas Raiders,False
Nick Chubb,,Rushing Yards,43.5,-113,-118.0,betrivers,Las Vegas Raiders @ Houston Texans,2025-12-21T21:25:00Z,Houston Texans,Las Vegas Raiders,False
Nick Chubb,,Rushing Yards,44.5,-109,-115.0,draftkings,Las Vegas Raiders @ Houston Texans,2025-12-21T21:25:00Z,Houston Texans,Las Vegas Raiders,False
Nick Chubb,,Rushing Yards,46.5,-115,-115.0,betmgm,Las Vegas Raiders @ Houston Texans,2025-12-21T21:25:00Z,Houston Texans,Las Vegas Raiders,False
Philip Rivers,,Rushing Yards,0.5,219,-280.0,draftkings,San Francisco 49ers @ Indianapolis Colts,2025-12-23T01:15:00Z,Indianapolis Colts,San Francisco 49ers,False
Puka Nacua,,Rushing Yards,0.5,-110,-109.0,draftkings,Los Angeles Rams @ Seattle Seahawks,2025-12-19T01:15:00Z,Seattle Seahawks,Los Angeles Rams,False
Puka Nacua,,Rushing Yards,1.5,-102,-124.0,fanduel,Los Angeles Rams @ Seattle Seahawks,2025-12-19T01:15:00Z,Seattle Seahawks,Los Angeles Rams,False
RJ Harvey,,Rushing Yards,48.5,-114,-110.0,draftkings,Jacksonville Jaguars @ Denver Broncos,2025-12-21T21:05:00Z,Denver Broncos,Jacksonville Jaguars,False
RJ Harvey,,Rushing Yards,49.5,-112,100.0,fanduel,Jacksonville Jaguars @ Denver Broncos,2025-12-21T21:05:00Z,Denver Broncos,Jacksonville Jaguars,False
RJ Harvey,,Rushing Yards,50.5,-102,-128.0,williamhill_us,Jacksonville Jaguars @ Denver Broncos,2025-12-21T21:05:00Z,Denver Broncos,Jacksonville Jaguars,False
Raheem Mostert,,Rushing Yards,4.5,-105,-125.0,betmgm,Las Vegas Raiders @ Houston Texans,2025-12-21T21:25:00Z,Houston Texans,Las Vegas Raiders,False
Rashid Shaheed,,Rushing Yards,1.5,-115,-115.0,betmgm,Los Angeles Rams @ Seattle Seahawks,2025-12-19T01:15:00Z,Seattle Seahawks,Los Angeles Rams,False
Rhamondre Stevenson,,Rushing Yards,26.5,-112,-112.0,fanduel,New England Patriots @ Baltimore Ravens,2025-12-22T01:20:00Z,Baltimore Ravens,New England Patriots,False
Rhamondre Stevenson,,Rushing Yards,27.5,-110,-114.0,draftkings,New England Patriots @ Baltimore Ravens,2025-12-22T01:20:00Z,Baltimore Ravens,New England Patriots,False
Rhamondre Stevenson,,Rushing Yards,29.5,-110,-115.0,betmgm,New England Patriots @ Baltimore Ravens,2025-12-22T01:20:00Z,Baltimore Ravens,New England Patriots,False
Sam Darnold,,Rushing Yards,3.5,-118,-108.0,fanduel,Los Angeles Rams @ Seattle Seahawks,2025-12-19T01:15:00Z,Seattle Seahawks,Los Angeles Rams,False
Sam Darnold,,Rushing Yards,4.5,-110,-112.0,draftkings,Los Angeles Rams @ Seattle Seahawks,2025-12-19T01:15:00Z,Seattle Seahawks,Los Angeles Rams,False
Travis Etienne Jr.,,Rushing Yards,60.5,-110,-112.0,draftkings,Jacksonville Jaguars @ Denver Broncos,2025-12-21T21:05:00Z,Denver Broncos,Jacksonville Jaguars,False
Travis Etienne Jr.,,Rushing Yards,61.5,-110,-114.0,betrivers,Jacksonville Jaguars @ Denver Broncos,2025-12-21T21:05:00Z,Denver Broncos,Jacksonville Jaguars,False
TreVeyon Henderson,,Rushing Yards,49.5,-112,-112.0,fanduel,New England Patriots @ Baltimore Ravens,2025-12-22T01:20:00Z,Baltimore Ravens,New England Patriots,False
TreVeyon Henderson,,Rushing Yards,50.5,-125,-105.0,bovada,New England Patriots @ Baltimore Ravens,2025-12-22T01:20:00Z,Baltimore Ravens,New England Patriots,False
TreVeyon Henderson,,Rushing Yards,51.5,-107,-112.0,draftkings,New England Patriots @ Baltimore Ravens,2025-12-22T01:20:00Z,Baltimore Ravens,New England Patriots,False
TreVeyon Henderson,,Rushing Yards,52.5,-110,-118.0,betmgm,New England Patriots @ Baltimore Ravens,2025-12-22T01:20:00Z,Baltimore Ravens,New England Patriots,False
Trevor Lawrence,,Rushing Yards,18.5,-112,-112.0,fanduel,Jacksonville Jaguars @ Denver Broncos,2025-12-21T21:05:00Z,Denver Broncos,Jacksonville Jaguars,False
Trevor Lawrence,,Rushing Yards,19.5,-107,-112.0,draftkings,Jacksonville Jaguars @ Denver Broncos,2025-12-21T21:05:00Z,Denver Broncos,Jacksonville Jaguars,False
Trevor Lawrence,,Rushing Yards,20.5,105,-140.0,betmgm,Jacksonville Jaguars @ Denver Broncos,2025-12-21T21:05:00Z,Denver Broncos,Jacksonville Jaguars,False
Tyler Allgeier,,Rushing Yards,29.5,-113,-111.0,draftkings,Atlanta Falcons @ Arizona Cardinals,2025-12-21T21:05:00Z,Arizona Cardinals,Atlanta Falcons,False
Tyler Allgeier,,Rushing Yards,30.5,-115,-110.0,betonlineag,Atlanta Falcons @ Arizona Cardinals,2025-12-21T21:05:00Z,Arizona Cardinals,Atlanta Falcons,False
Tyler Allgeier,,Rushing Yards,31.5,-112,-112.0,williamhill_us,Atlanta Falcons @ Arizona Cardinals,2025-12-21T21:05:00Z,Arizona Cardinals,Atlanta Falcons,False
Zach Charbonnet,,Rushing Yards,31.5,-118,-110.0,betmgm,Los Angeles Rams @ Seattle Seahawks,2025-12-19T01:15:00Z,Seattle Seahawks,Los Angeles Rams,False
Zach Charbonnet,,Rushing Yards,33.5,-108,-111.0,draftkings,Los Angeles Rams @ Seattle Seahawks,2025-12-19T01:15:00Z,Seattle Seahawks,Los Angeles Rams,False
Zach Charbonnet,,Rushing Yards,34.5,-114,-113.0,williamhill_us,Los Angeles Rams @ Seattle Seahawks,2025-12-19T01:15:00Z,Seattle Seahawks,Los Angeles Rams,False
Zach Charbonnet,,Rushing Yards,35.5,-112,-112.0,fanduel,Los Angeles Rams @ Seattle Seahawks,2025-12-19T01:15:00Z,Seattle Seahawks,Los Angeles Rams,False
