gamePk,date,team,player_id,player,primary_position,role,shots,goals,assists,blocked,timeOnIce,saves,shotsAgainst,decision
2025030126,2026-05-01T23:00:00Z,Montréal Canadiens,8475848,{'default': 'B. Gallagher'},R,skater,,0.0,0.0,0.0,05:39,,,
2025030126,2026-05-01T23:00:00Z,Montréal Canadiens,8481540,{'default': 'C. Caufield'},R,skater,4.0,0.0,0.0,0.0,19:41,,,
2025030126,2026-05-01T23:00:00Z,Montréal Canadiens,8480018,{'default': 'N. Suzuki'},C,skater,,0.0,0.0,1.0,24:55,,,
2025030126,2026-05-01T23:00:00Z,Montréal Canadiens,8481618,{'default': 'A. Newhook'},C,skater,1.0,0.0,0.0,1.0,14:31,,,
2025030126,2026-05-01T23:00:00Z,Montréal Canadiens,8476981,{'default': 'J. Anderson'},R,skater,3.0,0.0,0.0,0.0,18:53,,,
2025030126,2026-05-01T23:00:00Z,Montréal Canadiens,8483515,{'default': 'J. Slafkovský'},L,skater,2.0,0.0,0.0,2.0,22:31,,,
2025030126,2026-05-01T23:00:00Z,Montréal Canadiens,8476479,{'default': 'P. Danault'},C,skater,2.0,0.0,0.0,1.0,19:31,,,
2025030126,2026-05-01T23:00:00Z,Montréal Canadiens,8478133,{'default': 'J. Evans'},C,skater,2.0,0.0,0.0,2.0,16:08,,,
2025030126,2026-05-01T23:00:00Z,Montréal Canadiens,8482737,{'default': 'Z. Bolduc'},R,skater,3.0,0.0,0.0,1.0,15:39,,,
2025030126,2026-05-01T23:00:00Z,Montréal Canadiens,8481523,{'default': 'K. Dach'},C,skater,1.0,0.0,0.0,0.0,12:09,,,
2025030126,2026-05-01T23:00:00Z,Montréal Canadiens,8480074,{'default': 'A. Texier'},L,skater,3.0,0.0,0.0,1.0,17:05,,,
2025030126,2026-05-01T23:00:00Z,Montréal Canadiens,8484984,{'default': 'I. Demidov'},R,skater,5.0,0.0,0.0,1.0,17:38,,,
2025030126,2026-05-01T23:00:00Z,Montréal Canadiens,8476875,{'default': 'M. Matheson'},D,skater,,0.0,0.0,4.0,28:47,,,
2025030126,2026-05-01T23:00:00Z,Montréal Canadiens,8482087,{'default': 'K. Guhle'},D,skater,1.0,0.0,0.0,2.0,24:14,,,
2025030126,2026-05-01T23:00:00Z,Montréal Canadiens,8478851,{'default': 'A. Carrier'},D,skater,,0.0,0.0,3.0,24:29,,,
2025030126,2026-05-01T23:00:00Z,Montréal Canadiens,8481593,{'default': 'J. Struble'},D,skater,,0.0,0.0,0.0,12:53,,,
2025030126,2026-05-01T23:00:00Z,Montréal Canadiens,8483457,{'default': 'L. Hutson'},D,skater,2.0,0.0,0.0,2.0,30:46,,,
2025030126,2026-05-01T23:00:00Z,Montréal Canadiens,8482964,{'default': 'A. Xhekaj'},D,skater,1.0,0.0,0.0,1.0,11:46,,,
2025030126,2026-05-01T23:00:00Z,Montréal Canadiens,8484170,{'default': 'J. Fowler'},G,goalie,,,,,00:00,0.0,,
2025030126,2026-05-01T23:00:00Z,Montréal Canadiens,8482487,{'default': 'J. Dobes'},G,goalie,,,,,69:03,32.0,33.0,L
2025030126,2026-05-01T23:00:00Z,Tampa Bay Lightning,8470621,{'default': 'C. Perry'},R,skater,,0.0,0.0,0.0,09:43,,,
2025030126,2026-05-01T23:00:00Z,Tampa Bay Lightning,8483752,{'default': 'D. James'},C,skater,3.0,0.0,1.0,0.0,13:36,,,
2025030126,2026-05-01T23:00:00Z,Tampa Bay Lightning,8477426,{'default': 'N. Paul'},L,skater,,0.0,0.0,1.0,12:25,,,
2025030126,2026-05-01T23:00:00Z,Tampa Bay Lightning,8478010,{'default': 'B. Point'},C,skater,1.0,0.0,0.0,1.0,17:21,,,
2025030126,2026-05-01T23:00:00Z,Tampa Bay Lightning,8477416,{'default': 'O. Bjorkstrand'},R,skater,,0.0,0.0,1.0,12:24,,,
2025030126,2026-05-01T23:00:00Z,Tampa Bay Lightning,8476878,{'default': 'Z. Girgensons'},C,skater,,0.0,0.0,1.0,12:44,,,
2025030126,2026-05-01T23:00:00Z,Tampa Bay Lightning,8476826,{'default': 'Y. Gourde'},C,skater,2.0,0.0,0.0,0.0,13:53,,,
2025030126,2026-05-01T23:00:00Z,Tampa Bay Lightning,8479542,{'default': 'B. Hagel'},L,skater,3.0,0.0,1.0,1.0,29:05,,,
2025030126,2026-05-01T23:00:00Z,Tampa Bay Lightning,8477404,{'default': 'J. Guentzel'},C,skater,3.0,0.0,0.0,0.0,20:55,,,
2025030126,2026-05-01T23:00:00Z,Tampa Bay Lightning,8478519,{'default': 'A. Cirelli'},C,skater,,0.0,0.0,0.0,23:11,,,
2025030126,2026-05-01T23:00:00Z,Tampa Bay Lightning,8476453,"{'default': 'N. Kucherov', 'cs': 'N. Kučerov', 'fi': 'N. Kutsherov', 'sk': 'N. Kučerov'}",R,skater,6.0,0.0,0.0,0.0,22:50,,,
2025030126,2026-05-01T23:00:00Z,Tampa Bay Lightning,8482201,{'default': 'G. Goncalves'},C,skater,2.0,1.0,0.0,0.0,15:26,,,
2025030126,2026-05-01T23:00:00Z,Tampa Bay Lightning,8474151,{'default': 'R. McDonagh'},D,skater,,0.0,0.0,5.0,21:52,,,
2025030126,2026-05-01T23:00:00Z,Tampa Bay Lightning,8478178,{'default': 'D. Raddysh'},D,skater,6.0,0.0,0.0,0.0,28:11,,,
2025030126,2026-05-01T23:00:00Z,Tampa Bay Lightning,8480426,"{'default': ""C. D'Astous""}",D,skater,4.0,0.0,0.0,2.0,18:29,,,
2025030126,2026-05-01T23:00:00Z,Tampa Bay Lightning,8482929,{'default': 'E. Lilleberg'},D,skater,,0.0,0.0,0.0,16:26,,,
2025030126,2026-05-01T23:00:00Z,Tampa Bay Lightning,8478416,"{'default': 'E. Cernak', 'cs': 'E. Černák', 'sk': 'E. Černák'}",D,skater,2.0,0.0,0.0,1.0,23:10,,,
2025030126,2026-05-01T23:00:00Z,Tampa Bay Lightning,8482655,{'default': 'J. Moser'},D,skater,1.0,0.0,0.0,0.0,25:34,,,
2025030126,2026-05-01T23:00:00Z,Tampa Bay Lightning,8477992,{'default': 'J. Johansson'},G,goalie,,,,,00:00,0.0,,
2025030126,2026-05-01T23:00:00Z,Tampa Bay Lightning,8476883,"{'default': 'A. Vasilevskiy', 'cs': 'A. Vasilevskij', 'fi': 'A. Vasilevski', 'sk': 'A. Vasilevskij'}",G,goalie,,,,,69:03,30.0,30.0,W
2025030116,2026-05-01T23:30:00Z,Boston Bruins,8479999,{'default': 'C. Mittelstadt'},C,skater,1.0,0.0,0.0,1.0,17:24,,,
2025030116,2026-05-01T23:30:00Z,Boston Bruins,8478401,{'default': 'P. Zacha'},C,skater,1.0,0.0,1.0,0.0,18:21,,,
2025030116,2026-05-01T23:30:00Z,Boston Bruins,8482634,{'default': 'A. Steeves'},C,skater,2.0,0.0,0.0,0.0,12:46,,,
2025030116,2026-05-01T23:30:00Z,Boston Bruins,8477496,{'default': 'E. Lindholm'},C,skater,2.0,0.0,0.0,0.0,17:22,,,
2025030116,2026-05-01T23:30:00Z,Boston Bruins,8479987,{'default': 'M. Geekie'},C,skater,4.0,0.0,0.0,1.0,18:57,,,
2025030116,2026-05-01T23:30:00Z,Boston Bruins,8480355,{'default': 'M. Kastelic'},C,skater,,0.0,0.0,0.0,09:40,,,
2025030116,2026-05-01T23:30:00Z,Boston Bruins,8476374,{'default': 'S. Kuraly'},C,skater,,0.0,0.0,0.0,09:40,,,
2025030116,2026-05-01T23:30:00Z,Boston Bruins,8479591,{'default': 'M. Eyssimont'},C,skater,2.0,0.0,0.0,0.0,11:04,,,
2025030116,2026-05-01T23:30:00Z,Boston Bruins,8479661,{'default': 'T. Jeannot'},L,skater,1.0,0.0,0.0,0.0,10:48,,,
2025030116,2026-05-01T23:30:00Z,Boston Bruins,8477956,"{'default': 'D. Pastrnak', 'cs': 'D. Pastrňák', 'sk': 'D. Pastrňák'}",R,skater,5.0,1.0,0.0,0.0,18:35,,,
2025030116,2026-05-01T23:30:00Z,Boston Bruins,8482177,"{'default': 'M. Khusnutdinov', 'cs': 'M. Chusnutdinov', 'fi': 'M. Husnutdinov', 'sk': 'M. Chusnutdinov'}",C,skater,1.0,0.0,0.0,0.0,15:15,,,
2025030116,2026-05-01T23:30:00Z,Boston Bruins,8483489,{'default': 'F. Minten'},C,skater,1.0,0.0,0.0,0.0,14:59,,,
2025030116,2026-05-01T23:30:00Z,Boston Bruins,8480035,{'default': 'H. Jokiharju'},D,skater,2.0,0.0,0.0,1.0,14:12,,,
2025030116,2026-05-01T23:30:00Z,Boston Bruins,8479369,{'default': 'A. Peeke'},D,skater,1.0,0.0,0.0,3.0,20:04,,,
2025030116,2026-05-01T23:30:00Z,Boston Bruins,8476854,{'default': 'H. Lindholm'},D,skater,,0.0,1.0,2.0,23:13,,,
2025030116,2026-05-01T23:30:00Z,Boston Bruins,8481219,{'default': 'J. Aspirot'},D,skater,1.0,0.0,0.0,0.0,15:00,,,
2025030116,2026-05-01T23:30:00Z,Boston Bruins,8479325,{'default': 'C. McAvoy'},D,skater,2.0,0.0,0.0,0.0,25:09,,,
2025030116,2026-05-01T23:30:00Z,Boston Bruins,8477507,{'default': 'N. Zadorov'},D,skater,,0.0,0.0,1.0,21:52,,,
2025030116,2026-05-01T23:30:00Z,Boston Bruins,8480280,{'default': 'J. Swayman'},G,goalie,,,,,58:08,22.0,25.0,L
2025030116,2026-05-01T23:30:00Z,Boston Bruins,8476914,{'default': 'J. Korpisalo'},G,goalie,,,,,00:00,0.0,,
2025030116,2026-05-01T23:30:00Z,Buffalo Sabres,8484145,{'default': 'Z. Benson'},L,skater,1.0,1.0,1.0,1.0,16:47,,,
2025030116,2026-05-01T23:30:00Z,Buffalo Sabres,8480064,{'default': 'J. Norris'},C,skater,2.0,1.0,0.0,0.0,16:45,,,
2025030116,2026-05-01T23:30:00Z,Buffalo Sabres,8478413,{'default': 'J. Greenway'},L,skater,,0.0,0.0,0.0,10:58,,,
2025030116,2026-05-01T23:30:00Z,Buffalo Sabres,8475722,{'default': 'J. Zucker'},L,skater,1.0,0.0,0.0,2.0,15:25,,,
2025030116,2026-05-01T23:30:00Z,Buffalo Sabres,8481522,{'default': 'P. Krebs'},C,skater,,0.0,1.0,3.0,16:58,,,
2025030116,2026-05-01T23:30:00Z,Buffalo Sabres,8482097,{'default': 'J. Quinn'},R,skater,,0.0,0.0,0.0,13:52,,,
2025030116,2026-05-01T23:30:00Z,Buffalo Sabres,8479359,{'default': 'B. Malenstyn'},L,skater,1.0,0.0,0.0,0.0,10:36,,,
2025030116,2026-05-01T23:30:00Z,Buffalo Sabres,8482896,{'default': 'T. Kozak'},C,skater,,0.0,0.0,2.0,11:01,,,
2025030116,2026-05-01T23:30:00Z,Buffalo Sabres,8480802,{'default': 'R. McLeod'},C,skater,1.0,0.0,0.0,0.0,14:38,,,
2025030116,2026-05-01T23:30:00Z,Buffalo Sabres,8479420,{'default': 'T. Thompson'},C,skater,5.0,0.0,2.0,1.0,21:54,,,
2025030116,2026-05-01T23:30:00Z,Buffalo Sabres,8477949,{'default': 'A. Tuch'},R,skater,2.0,1.0,0.0,2.0,20:36,,,
2025030116,2026-05-01T23:30:00Z,Buffalo Sabres,8482659,{'default': 'J. Doan'},R,skater,5.0,0.0,1.0,0.0,15:51,,,
2025030116,2026-05-01T23:30:00Z,Buffalo Sabres,8481524,{'default': 'B. Byram'},D,skater,1.0,0.0,0.0,3.0,24:05,,,
2025030116,2026-05-01T23:30:00Z,Buffalo Sabres,8480891,{'default': 'M. Kesselring'},D,skater,,0.0,0.0,0.0,04:25,,,
2025030116,2026-05-01T23:30:00Z,Buffalo Sabres,8479982,{'default': 'C. Timmins'},D,skater,,0.0,0.0,1.0,18:39,,,
2025030116,2026-05-01T23:30:00Z,Buffalo Sabres,8480807,{'default': 'M. Samuelsson'},D,skater,2.0,1.0,0.0,2.0,22:36,,,
2025030116,2026-05-01T23:30:00Z,Buffalo Sabres,8482671,{'default': 'O. Power'},D,skater,,0.0,0.0,0.0,21:24,,,
2025030116,2026-05-01T23:30:00Z,Buffalo Sabres,8480839,{'default': 'R. Dahlin'},D,skater,5.0,0.0,2.0,2.0,23:48,,,
2025030116,2026-05-01T23:30:00Z,Buffalo Sabres,8480045,{'default': 'U. Luukkonen'},G,goalie,,,,,00:00,0.0,,
2025030116,2026-05-01T23:30:00Z,Buffalo Sabres,8479312,{'default': 'A. Lyon'},G,goalie,,,,,59:42,25.0,26.0,W
2025030176,2026-05-02T02:00:00Z,Utah Mammoth,8477951,{'default': 'N. Schmaltz'},C,skater,,0.0,0.0,0.0,20:37,,,
2025030176,2026-05-02T02:00:00Z,Utah Mammoth,8479343,{'default': 'C. Keller'},R,skater,7.0,0.0,0.0,2.0,20:40,,,
2025030176,2026-05-02T02:00:00Z,Utah Mammoth,8482699,{'default': 'D. Guenther'},R,skater,1.0,0.0,0.0,0.0,17:11,,,
2025030176,2026-05-02T02:00:00Z,Utah Mammoth,8479293,{'default': 'B. Tanev'},L,skater,1.0,0.0,0.0,1.0,09:24,,,
2025030176,2026-05-02T02:00:00Z,Utah Mammoth,8477021,{'default': 'A. Kerfoot'},C,skater,1.0,0.0,0.0,0.0,15:01,,,
2025030176,2026-05-02T02:00:00Z,Utah Mammoth,8480855,{'default': 'J. McBain'},C,skater,1.0,0.0,0.0,0.0,09:42,,,
2025030176,2026-05-02T02:00:00Z,Utah Mammoth,8479619,{'default': 'M. Carcone'},L,skater,1.0,0.0,0.0,1.0,17:01,,,
2025030176,2026-05-02T02:00:00Z,Utah Mammoth,8479977,{'default': 'K. Yamamoto'},R,skater,2.0,1.0,0.0,0.0,09:42,,,
2025030176,2026-05-02T02:00:00Z,Utah Mammoth,8478474,{'default': 'L. Crouse'},L,skater,,0.0,0.0,1.0,18:00,,,
2025030176,2026-05-02T02:00:00Z,Utah Mammoth,8482175,{'default': 'J. Peterka'},R,skater,,0.0,0.0,0.0,15:36,,,
2025030176,2026-05-02T02:00:00Z,Utah Mammoth,8478831,{'default': 'K. Stenlund'},C,skater,2.0,0.0,0.0,2.0,14:42,,,
2025030176,2026-05-02T02:00:00Z,Utah Mammoth,8483431,{'default': 'L. Cooley'},C,skater,1.0,0.0,0.0,0.0,17:19,,,
2025030176,2026-05-02T02:00:00Z,Utah Mammoth,8478507,{'default': 'J. Marino'},D,skater,,0.0,0.0,2.0,19:43,,,
2025030176,2026-05-02T02:00:00Z,Utah Mammoth,8474013,{'default': 'I. Cole'},D,skater,2.0,0.0,0.0,1.0,17:51,,,
2025030176,2026-05-02T02:00:00Z,Utah Mammoth,8480434,{'default': 'S. Durzi'},D,skater,1.0,0.0,0.0,2.0,15:42,,,
2025030176,2026-05-02T02:00:00Z,Utah Mammoth,8477346,{'default': 'M. Weegar'},D,skater,,0.0,1.0,1.0,19:12,,,
2025030176,2026-05-02T02:00:00Z,Utah Mammoth,8477220,{'default': 'N. Schmidt'},D,skater,1.0,0.0,0.0,0.0,18:33,,,
2025030176,2026-05-02T02:00:00Z,Utah Mammoth,8479410,"{'default': 'M. Sergachev', 'cs': 'M. Sergačov', 'fi': 'M. Sergatshov', 'sk': 'M. Sergačov'}",D,skater,2.0,0.0,1.0,2.0,22:28,,,
2025030176,2026-05-02T02:00:00Z,Utah Mammoth,8477970,"{'default': 'V. Vanecek', 'cs': 'V. Vaněček', 'sk': 'V. Vaněček'}",G,goalie,,,,,00:00,0.0,,
2025030176,2026-05-02T02:00:00Z,Utah Mammoth,8478872,{'default': 'K. Vejmelka'},G,goalie,,,,,59:21,21.0,25.0,L
2025030176,2026-05-02T02:00:00Z,Vegas Golden Knights,8478403,{'default': 'J. Eichel'},C,skater,,0.0,1.0,0.0,17:13,,,
2025030176,2026-05-02T02:00:00Z,Vegas Golden Knights,8476925,{'default': 'C. Sissons'},C,skater,1.0,1.0,0.0,0.0,15:54,,,
2025030176,2026-05-02T02:00:00Z,Vegas Golden Knights,8481604,"{'default': 'P. Dorofeyev', 'cs': 'P. Dorofejev', 'fi': 'P. Dorofejev', 'sk': 'P. Dorofejev'}",R,skater,1.0,0.0,0.0,0.0,17:13,,,
2025030176,2026-05-02T02:00:00Z,Vegas Golden Knights,8475191,{'default': 'R. Smith'},R,skater,1.0,0.0,0.0,0.0,09:26,,,
2025030176,2026-05-02T02:00:00Z,Vegas Golden Knights,8479353,{'default': 'B. Howden'},C,skater,2.0,1.0,0.0,1.0,14:18,,,
2025030176,2026-05-02T02:00:00Z,Vegas Golden Knights,8482062,{'default': 'C. Smith'},R,skater,1.0,1.0,0.0,0.0,15:56,,,
2025030176,2026-05-02T02:00:00Z,Vegas Golden Knights,8475343,{'default': 'N. Dowd'},C,skater,2.0,0.0,0.0,2.0,15:11,,,
2025030176,2026-05-02T02:00:00Z,Vegas Golden Knights,8476881,{'default': 'T. Hertl'},C,skater,2.0,0.0,0.0,1.0,10:23,,,
2025030176,2026-05-02T02:00:00Z,Vegas Golden Knights,8477964,"{'default': 'I. Barbashev', 'cs': 'I. Barbašev', 'fi': 'I. Barbashov', 'sk': 'I. Barbašev'}",L,skater,2.0,0.0,1.0,1.0,17:04,,,
2025030176,2026-05-02T02:00:00Z,Vegas Golden Knights,8478434,{'default': 'K. Kolesar'},R,skater,,0.0,0.0,2.0,10:05,,,
2025030176,2026-05-02T02:00:00Z,Vegas Golden Knights,8475913,{'default': 'M. Stone'},R,skater,1.0,0.0,1.0,0.0,15:14,,,
2025030176,2026-05-02T02:00:00Z,Vegas Golden Knights,8478483,{'default': 'M. Marner'},R,skater,7.0,2.0,1.0,1.0,17:19,,,
2025030176,2026-05-02T02:00:00Z,Vegas Golden Knights,8475188,{'default': 'B. McNabb'},D,skater,3.0,0.0,1.0,2.0,24:47,,,
2025030176,2026-05-02T02:00:00Z,Vegas Golden Knights,8478397,{'default': 'R. Andersson'},D,skater,1.0,0.0,0.0,3.0,20:55,,,
2025030176,2026-05-02T02:00:00Z,Vegas Golden Knights,8478468,{'default': 'J. Lauzon'},D,skater,,0.0,0.0,0.0,13:42,,,
2025030176,2026-05-02T02:00:00Z,Vegas Golden Knights,8481527,{'default': 'K. Korczak'},D,skater,1.0,0.0,1.0,0.0,11:42,,,
2025030176,2026-05-02T02:00:00Z,Vegas Golden Knights,8478396,{'default': 'N. Hanifin'},D,skater,,0.0,1.0,0.0,23:36,,,
2025030176,2026-05-02T02:00:00Z,Vegas Golden Knights,8477447,{'default': 'S. Theodore'},D,skater,1.0,0.0,1.0,4.0,24:30,,,
2025030176,2026-05-02T02:00:00Z,Vegas Golden Knights,8478499,{'default': 'A. Hill'},G,goalie,,,,,00:00,0.0,,
2025030176,2026-05-02T02:00:00Z,Vegas Golden Knights,8479394,{'default': 'C. Hart'},G,goalie,,,,,59:32,22.0,23.0,W
2025030221,2026-05-03T00:00:00Z,Carolina Hurricanes,8473533,{'default': 'J. Staal'},C,skater,,0.0,0.0,0.0,17:19,,,
2025030221,2026-05-03T00:00:00Z,Carolina Hurricanes,8478427,{'default': 'S. Aho'},C,skater,1.0,0.0,0.0,1.0,19:59,,,
2025030221,2026-05-03T00:00:00Z,Carolina Hurricanes,8482702,{'default': 'L. Stankoven'},C,skater,5.0,2.0,0.0,0.0,13:17,,,
2025030221,2026-05-03T00:00:00Z,Carolina Hurricanes,8482093,{'default': 'S. Jarvis'},R,skater,2.0,0.0,1.0,0.0,19:24,,,
2025030221,2026-05-03T00:00:00Z,Carolina Hurricanes,8477940,{'default': 'N. Ehlers'},L,skater,3.0,0.0,0.0,1.0,18:17,,,
2025030221,2026-05-03T00:00:00Z,Carolina Hurricanes,8477478,{'default': 'W. Carrier'},L,skater,,0.0,0.0,1.0,08:51,,,
2025030221,2026-05-03T00:00:00Z,Carolina Hurricanes,8480830,"{'default': 'A. Svechnikov', 'cs': 'A. Svečnikov', 'fi': 'A. Svetshnikov', 'sk': 'A. Svečnikov'}",R,skater,1.0,0.0,1.0,0.0,17:52,,,
2025030221,2026-05-03T00:00:00Z,Carolina Hurricanes,8476921,{'default': 'J. Martinook'},L,skater,,0.0,0.0,2.0,13:48,,,
2025030221,2026-05-03T00:00:00Z,Carolina Hurricanes,8480762,{'default': 'E. Robinson'},L,skater,1.0,0.0,0.0,0.0,10:46,,,
2025030221,2026-05-03T00:00:00Z,Carolina Hurricanes,8482809,{'default': 'J. Blake'},R,skater,2.0,1.0,1.0,0.0,14:36,,,
2025030221,2026-05-03T00:00:00Z,Carolina Hurricanes,8475791,{'default': 'T. Hall'},L,skater,,0.0,1.0,0.0,11:43,,,
2025030221,2026-05-03T00:00:00Z,Carolina Hurricanes,8476873,{'default': 'M. Jankowski'},L,skater,2.0,0.0,0.0,1.0,11:56,,,
2025030221,2026-05-03T00:00:00Z,Carolina Hurricanes,8476906,{'default': 'S. Gostisbehere'},D,skater,3.0,0.0,0.0,1.0,17:58,,,
2025030221,2026-05-03T00:00:00Z,Carolina Hurricanes,8478970,{'default': 'J. Chatfield'},D,skater,2.0,0.0,0.0,0.0,20:30,,,
2025030221,2026-05-03T00:00:00Z,Carolina Hurricanes,8476422,{'default': 'M. Reilly'},D,skater,,0.0,2.0,0.0,11:28,,,
2025030221,2026-05-03T00:00:00Z,Carolina Hurricanes,8480817,{'default': 'K. Miller'},D,skater,,0.0,0.0,2.0,20:56,,,
2025030221,2026-05-03T00:00:00Z,Carolina Hurricanes,8480336,{'default': 'S. Walker'},D,skater,1.0,0.0,0.0,4.0,19:36,,,
2025030221,2026-05-03T00:00:00Z,Carolina Hurricanes,8476958,{'default': 'J. Slavin'},D,skater,,0.0,0.0,4.0,21:44,,,
2025030221,2026-05-03T00:00:00Z,Carolina Hurricanes,8475883,{'default': 'F. Andersen'},G,goalie,,,,,60:00,19.0,19.0,W
2025030221,2026-05-03T00:00:00Z,Carolina Hurricanes,8483548,{'default': 'B. Bussi'},G,goalie,,,,,00:00,0.0,,
2025030221,2026-05-03T00:00:00Z,Philadelphia Flyers,8478439,{'default': 'T. Konecny'},R,skater,2.0,0.0,0.0,1.0,19:48,,,
2025030221,2026-05-03T00:00:00Z,Philadelphia Flyers,8476461,{'default': 'S. Couturier'},C,skater,5.0,0.0,0.0,0.0,15:42,,,
2025030221,2026-05-03T00:00:00Z,Philadelphia Flyers,8477903,{'default': 'G. Hathaway'},R,skater,2.0,0.0,0.0,1.0,09:31,,,
2025030221,2026-05-03T00:00:00Z,Philadelphia Flyers,8483731,{'default': 'A. Bump'},L,skater,1.0,0.0,0.0,0.0,12:43,,,
2025030221,2026-05-03T00:00:00Z,Philadelphia Flyers,8477989,{'default': 'C. Dvorak'},C,skater,,0.0,0.0,0.0,18:37,,,
2025030221,2026-05-03T00:00:00Z,Philadelphia Flyers,8480220,{'default': 'N. Cates'},L,skater,1.0,0.0,0.0,0.0,15:51,,,
2025030221,2026-05-03T00:00:00Z,Philadelphia Flyers,8484387,"{'default': 'M. Michkov', 'cs': 'M. Mičkov', 'fi': 'M. Mitshkov', 'sk': 'M. Mičkov'}",R,skater,,0.0,0.0,1.0,12:08,,,
2025030221,2026-05-03T00:00:00Z,Philadelphia Flyers,8476822,{'default': 'L. Glendening'},C,skater,,0.0,0.0,1.0,13:37,,,
2025030221,2026-05-03T00:00:00Z,Philadelphia Flyers,8481533,{'default': 'T. Zegras'},C,skater,,0.0,0.0,0.0,16:31,,,
2025030221,2026-05-03T00:00:00Z,Philadelphia Flyers,8484142,{'default': 'D. Barkey'},C,skater,1.0,0.0,0.0,0.0,15:13,,,
2025030221,2026-05-03T00:00:00Z,Philadelphia Flyers,8482159,{'default': 'T. Foerster'},R,skater,1.0,0.0,0.0,1.0,16:29,,,
2025030221,2026-05-03T00:00:00Z,Philadelphia Flyers,8485406,{'default': 'P. Martone'},R,skater,,0.0,0.0,0.0,16:03,,,
2025030221,2026-05-03T00:00:00Z,Philadelphia Flyers,8477948,{'default': 'T. Sanheim'},D,skater,2.0,0.0,0.0,2.0,23:29,,,
2025030221,2026-05-03T00:00:00Z,Philadelphia Flyers,8481546,{'default': 'C. York'},D,skater,1.0,0.0,0.0,1.0,19:59,,,
2025030221,2026-05-03T00:00:00Z,Philadelphia Flyers,8482142,{'default': 'J. Drysdale'},D,skater,,0.0,0.0,2.0,21:13,,,
2025030221,2026-05-03T00:00:00Z,Philadelphia Flyers,8476372,{'default': 'N. Seeler'},D,skater,,0.0,0.0,2.0,13:15,,,
2025030221,2026-05-03T00:00:00Z,Philadelphia Flyers,8478454,{'default': 'N. Juulsen'},D,skater,,0.0,0.0,0.0,10:42,,,
2025030221,2026-05-03T00:00:00Z,Philadelphia Flyers,8477499,{'default': 'R. Ristolainen'},D,skater,3.0,0.0,0.0,2.0,23:57,,,
2025030221,2026-05-03T00:00:00Z,Philadelphia Flyers,8481035,{'default': 'S. Ersson'},G,goalie,,,,,00:00,0.0,,
2025030221,2026-05-03T00:00:00Z,Philadelphia Flyers,8478435,"{'default': 'D. Vladar', 'cs': 'D. Vladař', 'sk': 'D. Vladař'}",G,goalie,,,,,55:12,20.0,23.0,L
2025030127,2026-05-03T22:00:00Z,Tampa Bay Lightning,8470621,{'default': 'C. Perry'},R,skater,,0.0,0.0,0.0,08:58,,,
2025030127,2026-05-03T22:00:00Z,Tampa Bay Lightning,8483752,{'default': 'D. James'},C,skater,4.0,1.0,0.0,0.0,13:27,,,
2025030127,2026-05-03T22:00:00Z,Tampa Bay Lightning,8477426,{'default': 'N. Paul'},L,skater,2.0,0.0,0.0,1.0,12:38,,,
2025030127,2026-05-03T22:00:00Z,Tampa Bay Lightning,8478010,{'default': 'B. Point'},C,skater,2.0,0.0,0.0,0.0,15:06,,,
2025030127,2026-05-03T22:00:00Z,Tampa Bay Lightning,8477416,{'default': 'O. Bjorkstrand'},R,skater,3.0,0.0,0.0,1.0,12:12,,,
2025030127,2026-05-03T22:00:00Z,Tampa Bay Lightning,8476878,{'default': 'Z. Girgensons'},C,skater,,0.0,0.0,3.0,14:00,,,
2025030127,2026-05-03T22:00:00Z,Tampa Bay Lightning,8476826,{'default': 'Y. Gourde'},C,skater,,0.0,0.0,1.0,16:01,,,
2025030127,2026-05-03T22:00:00Z,Tampa Bay Lightning,8479542,{'default': 'B. Hagel'},L,skater,3.0,0.0,0.0,1.0,21:53,,,
2025030127,2026-05-03T22:00:00Z,Tampa Bay Lightning,8477404,{'default': 'J. Guentzel'},C,skater,4.0,0.0,0.0,0.0,16:22,,,
2025030127,2026-05-03T22:00:00Z,Tampa Bay Lightning,8478519,{'default': 'A. Cirelli'},C,skater,,0.0,0.0,1.0,17:50,,,
2025030127,2026-05-03T22:00:00Z,Tampa Bay Lightning,8476453,"{'default': 'N. Kucherov', 'cs': 'N. Kučerov', 'fi': 'N. Kutsherov', 'sk': 'N. Kučerov'}",R,skater,3.0,0.0,0.0,1.0,20:16,,,
2025030127,2026-05-03T22:00:00Z,Tampa Bay Lightning,8482201,{'default': 'G. Goncalves'},C,skater,3.0,0.0,1.0,1.0,14:33,,,
2025030127,2026-05-03T22:00:00Z,Tampa Bay Lightning,8474151,{'default': 'R. McDonagh'},D,skater,1.0,0.0,0.0,1.0,16:17,,,
2025030127,2026-05-03T22:00:00Z,Tampa Bay Lightning,8478178,{'default': 'D. Raddysh'},D,skater,2.0,0.0,0.0,1.0,26:07,,,
2025030127,2026-05-03T22:00:00Z,Tampa Bay Lightning,8480426,"{'default': ""C. D'Astous""}",D,skater,1.0,0.0,1.0,0.0,17:41,,,
2025030127,2026-05-03T22:00:00Z,Tampa Bay Lightning,8482929,{'default': 'E. Lilleberg'},D,skater,1.0,0.0,0.0,1.0,15:42,,,
2025030127,2026-05-03T22:00:00Z,Tampa Bay Lightning,8478416,"{'default': 'E. Cernak', 'cs': 'E. Černák', 'sk': 'E. Černák'}",D,skater,,0.0,0.0,1.0,17:18,,,
2025030127,2026-05-03T22:00:00Z,Tampa Bay Lightning,8482655,{'default': 'J. Moser'},D,skater,,0.0,0.0,1.0,22:12,,,
2025030127,2026-05-03T22:00:00Z,Tampa Bay Lightning,8477992,{'default': 'J. Johansson'},G,goalie,,,,,00:00,0.0,,
2025030127,2026-05-03T22:00:00Z,Tampa Bay Lightning,8476883,"{'default': 'A. Vasilevskiy', 'cs': 'A. Vasilevskij', 'fi': 'A. Vasilevski', 'sk': 'A. Vasilevskij'}",G,goalie,,,,,57:30,7.0,9.0,L
2025030127,2026-05-03T22:00:00Z,Montréal Canadiens,8475848,{'default': 'B. Gallagher'},R,skater,,0.0,0.0,0.0,06:48,,,
2025030127,2026-05-03T22:00:00Z,Montréal Canadiens,8481540,{'default': 'C. Caufield'},R,skater,1.0,0.0,0.0,0.0,14:29,,,
2025030127,2026-05-03T22:00:00Z,Montréal Canadiens,8480018,{'default': 'N. Suzuki'},C,skater,3.0,1.0,0.0,3.0,22:48,,,
2025030127,2026-05-03T22:00:00Z,Montréal Canadiens,8481618,{'default': 'A. Newhook'},C,skater,1.0,1.0,0.0,1.0,16:09,,,
2025030127,2026-05-03T22:00:00Z,Montréal Canadiens,8476981,{'default': 'J. Anderson'},R,skater,,0.0,1.0,0.0,15:33,,,
2025030127,2026-05-03T22:00:00Z,Montréal Canadiens,8483515,{'default': 'J. Slafkovský'},L,skater,1.0,0.0,0.0,0.0,21:25,,,
2025030127,2026-05-03T22:00:00Z,Montréal Canadiens,8476479,{'default': 'P. Danault'},C,skater,,0.0,0.0,0.0,17:56,,,
2025030127,2026-05-03T22:00:00Z,Montréal Canadiens,8478133,{'default': 'J. Evans'},C,skater,,0.0,0.0,0.0,16:46,,,
2025030127,2026-05-03T22:00:00Z,Montréal Canadiens,8482737,{'default': 'Z. Bolduc'},R,skater,,0.0,0.0,1.0,08:51,,,
2025030127,2026-05-03T22:00:00Z,Montréal Canadiens,8481523,{'default': 'K. Dach'},C,skater,,0.0,0.0,1.0,11:02,,,
2025030127,2026-05-03T22:00:00Z,Montréal Canadiens,8480074,{'default': 'A. Texier'},L,skater,1.0,0.0,0.0,0.0,11:15,,,
2025030127,2026-05-03T22:00:00Z,Montréal Canadiens,8484984,{'default': 'I. Demidov'},R,skater,,0.0,0.0,1.0,17:50,,,
2025030127,2026-05-03T22:00:00Z,Montréal Canadiens,8476875,{'default': 'M. Matheson'},D,skater,,0.0,0.0,1.0,25:22,,,
2025030127,2026-05-03T22:00:00Z,Montréal Canadiens,8482087,{'default': 'K. Guhle'},D,skater,1.0,0.0,2.0,2.0,20:56,,,
2025030127,2026-05-03T22:00:00Z,Montréal Canadiens,8478851,{'default': 'A. Carrier'},D,skater,1.0,0.0,0.0,2.0,22:39,,,
2025030127,2026-05-03T22:00:00Z,Montréal Canadiens,8481593,{'default': 'J. Struble'},D,skater,,0.0,0.0,0.0,05:06,,,
2025030127,2026-05-03T22:00:00Z,Montréal Canadiens,8483457,{'default': 'L. Hutson'},D,skater,,0.0,1.0,0.0,23:27,,,
2025030127,2026-05-03T22:00:00Z,Montréal Canadiens,8480865,{'default': 'N. Dobson'},D,skater,,0.0,0.0,2.0,18:37,,,
2025030127,2026-05-03T22:00:00Z,Montréal Canadiens,8484170,{'default': 'J. Fowler'},G,goalie,,,,,00:00,0.0,,
2025030127,2026-05-03T22:00:00Z,Montréal Canadiens,8482487,{'default': 'J. Dobes'},G,goalie,,,,,60:00,28.0,29.0,W
2025030231,2026-05-04T01:00:00Z,Colorado Avalanche,8478462,{'default': 'N. Roy'},C,skater,,0.0,0.0,1.0,10:05,,,
2025030231,2026-05-04T01:00:00Z,Colorado Avalanche,8475754,{'default': 'B. Nelson'},C,skater,4.0,0.0,0.0,1.0,17:16,,,
2025030231,2026-05-04T01:00:00Z,Colorado Avalanche,8477501,"{'default': 'V. Nichushkin', 'cs': 'V. Ničuškin', 'fi': 'V. Nitshushkin', 'sk': 'V. Ničuškin'}",R,skater,2.0,0.0,2.0,0.0,15:24,,,
2025030231,2026-05-04T01:00:00Z,Colorado Avalanche,8480448,{'default': 'P. Kelly'},C,skater,2.0,0.0,0.0,0.0,13:04,,,
2025030231,2026-05-04T01:00:00Z,Colorado Avalanche,8480835,{'default': 'J. Drury'},C,skater,1.0,1.0,0.0,0.0,12:28,,,
2025030231,2026-05-04T01:00:00Z,Colorado Avalanche,8479525,{'default': 'R. Colton'},C,skater,1.0,0.0,1.0,1.0,10:23,,,
2025030231,2026-05-04T01:00:00Z,Colorado Avalanche,8481186,"{'default': ""L. O'Connor""}",R,skater,5.0,0.0,1.0,0.0,13:08,,,
2025030231,2026-05-04T01:00:00Z,Colorado Avalanche,8477492,{'default': 'N. MacKinnon'},C,skater,4.0,1.0,2.0,0.0,19:06,,,
2025030231,2026-05-04T01:00:00Z,Colorado Avalanche,8477476,{'default': 'A. Lehkonen'},L,skater,3.0,1.0,1.0,1.0,19:20,,,
2025030231,2026-05-04T01:00:00Z,Colorado Avalanche,8480039,"{'default': 'M. Necas', 'cs': 'M. Nečas', 'sk': 'M. Nečas'}",C,skater,3.0,0.0,3.0,0.0,18:38,,,
2025030231,2026-05-04T01:00:00Z,Colorado Avalanche,8475172,{'default': 'N. Kadri'},C,skater,8.0,1.0,0.0,0.0,13:51,,,
2025030231,2026-05-04T01:00:00Z,Colorado Avalanche,8476455,{'default': 'G. Landeskog'},L,skater,1.0,0.0,1.0,2.0,13:00,,,
2025030231,2026-05-04T01:00:00Z,Colorado Avalanche,8478038,{'default': 'D. Toews'},D,skater,1.0,1.0,3.0,1.0,27:35,,,
2025030231,2026-05-04T01:00:00Z,Colorado Avalanche,8480069,{'default': 'C. Makar'},D,skater,3.0,2.0,1.0,2.0,17:11,,,
2025030231,2026-05-04T01:00:00Z,Colorado Avalanche,8476967,{'default': 'B. Kulak'},D,skater,1.0,0.0,0.0,1.0,25:01,,,
2025030231,2026-05-04T01:00:00Z,Colorado Avalanche,8483565,{'default': 'N. Blankenburg'},D,skater,2.0,1.0,0.0,0.0,10:06,,,
2025030231,2026-05-04T01:00:00Z,Colorado Avalanche,8484258,{'default': 'S. Malinski'},D,skater,2.0,1.0,1.0,0.0,20:15,,,
2025030231,2026-05-04T01:00:00Z,Colorado Avalanche,8470613,{'default': 'B. Burns'},D,skater,,0.0,0.0,1.0,18:09,,,
2025030231,2026-05-04T01:00:00Z,Colorado Avalanche,8478406,{'default': 'M. Blackwood'},G,goalie,,,,,00:00,0.0,,
2025030231,2026-05-04T01:00:00Z,Colorado Avalanche,8475809,{'default': 'S. Wedgewood'},G,goalie,,,,,60:00,30.0,36.0,W
2025030231,2026-05-04T01:00:00Z,Minnesota Wild,8481557,{'default': 'M. Boldy'},L,skater,3.0,0.0,1.0,2.0,20:27,,,
2025030231,2026-05-04T01:00:00Z,Minnesota Wild,8478508,"{'default': 'Y. Trenin', 'cs': 'J. Trenin', 'fi': 'J. Trenin', 'sk': 'J. Trenin'}",C,skater,1.0,0.0,1.0,0.0,11:40,,,
2025030231,2026-05-04T01:00:00Z,Minnesota Wild,8475220,{'default': 'M. Foligno'},L,skater,3.0,1.0,0.0,0.0,10:38,,,
2025030231,2026-05-04T01:00:00Z,Minnesota Wild,8483525,{'default': 'D. Yurov'},R,skater,,0.0,1.0,0.0,11:10,,,
2025030231,2026-05-04T01:00:00Z,Minnesota Wild,8475692,{'default': 'M. Zuccarello'},R,skater,2.0,1.0,0.0,0.0,19:45,,,
2025030231,2026-05-04T01:00:00Z,Minnesota Wild,8477451,{'default': 'R. Hartman'},R,skater,7.0,1.0,0.0,0.0,16:00,,,
2025030231,2026-05-04T01:00:00Z,Minnesota Wild,8477446,{'default': 'M. McCarron'},C,skater,2.0,0.0,1.0,2.0,14:22,,,
2025030231,2026-05-04T01:00:00Z,Minnesota Wild,8473422,{'default': 'N. Foligno'},L,skater,1.0,0.0,0.0,0.0,12:03,,,
2025030231,2026-05-04T01:00:00Z,Minnesota Wild,8481477,{'default': 'N. Sturm'},C,skater,2.0,0.0,0.0,1.0,11:15,,,
2025030231,2026-05-04T01:00:00Z,Minnesota Wild,8475149,{'default': 'M. Johansson'},L,skater,1.0,1.0,0.0,0.0,13:35,,,
2025030231,2026-05-04T01:00:00Z,Minnesota Wild,8475765,{'default': 'V. Tarasenko'},R,skater,2.0,1.0,0.0,1.0,16:25,,,
2025030231,2026-05-04T01:00:00Z,Minnesota Wild,8478864,{'default': 'K. Kaprizov'},L,skater,1.0,0.0,1.0,1.0,21:46,,,
2025030231,2026-05-04T01:00:00Z,Minnesota Wild,8478136,{'default': 'J. Middleton'},D,skater,2.0,0.0,0.0,1.0,16:42,,,
2025030231,2026-05-04T01:00:00Z,Minnesota Wild,8482122,{'default': 'B. Faber'},D,skater,5.0,0.0,0.0,0.0,25:31,,,
2025030231,2026-05-04T01:00:00Z,Minnesota Wild,8474567,{'default': 'Z. Bogosian'},D,skater,,0.0,0.0,0.0,15:02,,,
2025030231,2026-05-04T01:00:00Z,Minnesota Wild,8480800,{'default': 'Q. Hughes'},D,skater,2.0,1.0,2.0,1.0,28:57,,,
2025030231,2026-05-04T01:00:00Z,Minnesota Wild,8474716,{'default': 'J. Spurgeon'},D,skater,1.0,0.0,0.0,1.0,18:11,,,
2025030231,2026-05-04T01:00:00Z,Minnesota Wild,8482094,{'default': 'D. Hunt'},D,skater,1.0,0.0,0.0,2.0,14:14,,,
2025030231,2026-05-04T01:00:00Z,Minnesota Wild,8482661,{'default': 'J. Wallstedt'},G,goalie,,,,,59:28,34.0,42.0,L
2025030231,2026-05-04T01:00:00Z,Minnesota Wild,8479406,{'default': 'F. Gustavsson'},G,goalie,,,,,00:00,0.0,,
2025030222,2026-05-04T23:00:00Z,Carolina Hurricanes,8473533,{'default': 'J. Staal'},C,skater,,0.0,1.0,1.0,21:12,,,
2025030222,2026-05-04T23:00:00Z,Carolina Hurricanes,8478427,{'default': 'S. Aho'},C,skater,1.0,0.0,0.0,0.0,25:18,,,
2025030222,2026-05-04T23:00:00Z,Carolina Hurricanes,8482702,{'default': 'L. Stankoven'},C,skater,4.0,0.0,0.0,0.0,21:40,,,
2025030222,2026-05-04T23:00:00Z,Carolina Hurricanes,8482093,{'default': 'S. Jarvis'},R,skater,4.0,1.0,0.0,1.0,23:47,,,
2025030222,2026-05-04T23:00:00Z,Carolina Hurricanes,8477940,{'default': 'N. Ehlers'},L,skater,1.0,1.0,1.0,0.0,21:35,,,
2025030222,2026-05-04T23:00:00Z,Carolina Hurricanes,8477478,{'default': 'W. Carrier'},L,skater,1.0,0.0,0.0,1.0,12:17,,,
2025030222,2026-05-04T23:00:00Z,Carolina Hurricanes,8480830,"{'default': 'A. Svechnikov', 'cs': 'A. Svečnikov', 'fi': 'A. Svetshnikov', 'sk': 'A. Svečnikov'}",R,skater,1.0,0.0,0.0,0.0,20:51,,,
2025030222,2026-05-04T23:00:00Z,Carolina Hurricanes,8476921,{'default': 'J. Martinook'},L,skater,3.0,0.0,0.0,0.0,19:08,,,
2025030222,2026-05-04T23:00:00Z,Carolina Hurricanes,8480762,{'default': 'E. Robinson'},L,skater,6.0,0.0,0.0,0.0,11:59,,,
2025030222,2026-05-04T23:00:00Z,Carolina Hurricanes,8482809,{'default': 'J. Blake'},R,skater,4.0,0.0,2.0,0.0,22:40,,,
2025030222,2026-05-04T23:00:00Z,Carolina Hurricanes,8475791,{'default': 'T. Hall'},L,skater,3.0,1.0,0.0,2.0,21:04,,,
2025030222,2026-05-04T23:00:00Z,Carolina Hurricanes,8476873,{'default': 'M. Jankowski'},L,skater,,0.0,0.0,0.0,12:54,,,
2025030222,2026-05-04T23:00:00Z,Carolina Hurricanes,8476906,{'default': 'S. Gostisbehere'},D,skater,2.0,0.0,0.0,0.0,22:45,,,
2025030222,2026-05-04T23:00:00Z,Carolina Hurricanes,8478970,{'default': 'J. Chatfield'},D,skater,,0.0,0.0,1.0,29:07,,,
2025030222,2026-05-04T23:00:00Z,Carolina Hurricanes,8476422,{'default': 'M. Reilly'},D,skater,2.0,0.0,0.0,0.0,14:21,,,
2025030222,2026-05-04T23:00:00Z,Carolina Hurricanes,8480817,{'default': 'K. Miller'},D,skater,2.0,0.0,1.0,0.0,28:39,,,
2025030222,2026-05-04T23:00:00Z,Carolina Hurricanes,8480336,{'default': 'S. Walker'},D,skater,4.0,0.0,1.0,1.0,23:27,,,
2025030222,2026-05-04T23:00:00Z,Carolina Hurricanes,8476958,{'default': 'J. Slavin'},D,skater,4.0,0.0,0.0,1.0,27:14,,,
2025030222,2026-05-04T23:00:00Z,Carolina Hurricanes,8475883,{'default': 'F. Andersen'},G,goalie,,,,,78:49,34.0,36.0,W
2025030222,2026-05-04T23:00:00Z,Carolina Hurricanes,8483548,{'default': 'B. Bussi'},G,goalie,,,,,00:00,0.0,,
2025030222,2026-05-04T23:00:00Z,Philadelphia Flyers,8478439,{'default': 'T. Konecny'},R,skater,1.0,0.0,0.0,0.0,23:58,,,
2025030222,2026-05-04T23:00:00Z,Philadelphia Flyers,8476461,{'default': 'S. Couturier'},C,skater,5.0,1.0,0.0,0.0,24:51,,,
2025030222,2026-05-04T23:00:00Z,Philadelphia Flyers,8483731,{'default': 'A. Bump'},L,skater,,0.0,0.0,1.0,14:01,,,
2025030222,2026-05-04T23:00:00Z,Philadelphia Flyers,8477989,{'default': 'C. Dvorak'},C,skater,4.0,0.0,0.0,0.0,22:04,,,
2025030222,2026-05-04T23:00:00Z,Philadelphia Flyers,8480220,{'default': 'N. Cates'},L,skater,1.0,0.0,0.0,2.0,20:53,,,
2025030222,2026-05-04T23:00:00Z,Philadelphia Flyers,8484387,"{'default': 'M. Michkov', 'cs': 'M. Mičkov', 'fi': 'M. Mitshkov', 'sk': 'M. Mičkov'}",R,skater,4.0,0.0,0.0,0.0,15:10,,,
2025030222,2026-05-04T23:00:00Z,Philadelphia Flyers,8476822,{'default': 'L. Glendening'},C,skater,1.0,0.0,0.0,1.0,16:27,,,
2025030222,2026-05-04T23:00:00Z,Philadelphia Flyers,8481533,{'default': 'T. Zegras'},C,skater,4.0,0.0,0.0,0.0,23:36,,,
2025030222,2026-05-04T23:00:00Z,Philadelphia Flyers,8484142,{'default': 'D. Barkey'},C,skater,2.0,0.0,0.0,0.0,17:15,,,
2025030222,2026-05-04T23:00:00Z,Philadelphia Flyers,8482159,{'default': 'T. Foerster'},R,skater,1.0,0.0,0.0,0.0,23:53,,,
2025030222,2026-05-04T23:00:00Z,Philadelphia Flyers,8479336,"{'default': 'C. Grundstrom', 'cs': 'C. Grundström', 'fi': 'C. Grundström', 'sk': 'C. Grundström', 'sv': 'C. Grundström'}",R,skater,2.0,0.0,1.0,0.0,13:45,,,
2025030222,2026-05-04T23:00:00Z,Philadelphia Flyers,8485406,{'default': 'P. Martone'},R,skater,1.0,0.0,0.0,0.0,17:37,,,
2025030222,2026-05-04T23:00:00Z,Philadelphia Flyers,8477948,{'default': 'T. Sanheim'},D,skater,2.0,0.0,0.0,5.0,31:19,,,
2025030222,2026-05-04T23:00:00Z,Philadelphia Flyers,8481546,{'default': 'C. York'},D,skater,2.0,0.0,0.0,2.0,27:43,,,
2025030222,2026-05-04T23:00:00Z,Philadelphia Flyers,8482142,{'default': 'J. Drysdale'},D,skater,4.0,1.0,0.0,1.0,29:12,,,
2025030222,2026-05-04T23:00:00Z,Philadelphia Flyers,8476372,{'default': 'N. Seeler'},D,skater,,0.0,0.0,2.0,17:54,,,
2025030222,2026-05-04T23:00:00Z,Philadelphia Flyers,8482126,{'default': 'E. Andrae'},D,skater,,0.0,0.0,0.0,12:40,,,
2025030222,2026-05-04T23:00:00Z,Philadelphia Flyers,8477499,{'default': 'R. Ristolainen'},D,skater,2.0,0.0,0.0,1.0,28:16,,,
2025030222,2026-05-04T23:00:00Z,Philadelphia Flyers,8481035,{'default': 'S. Ersson'},G,goalie,,,,,00:00,0.0,,
2025030222,2026-05-04T23:00:00Z,Philadelphia Flyers,8478435,"{'default': 'D. Vladar', 'cs': 'D. Vladař', 'sk': 'D. Vladař'}",G,goalie,,,,,78:54,39.0,42.0,L
2025030241,2026-05-05T01:30:00Z,Vegas Golden Knights,8478403,{'default': 'J. Eichel'},C,skater,1.0,0.0,0.0,1.0,20:57,,,
2025030241,2026-05-05T01:30:00Z,Vegas Golden Knights,8476925,{'default': 'C. Sissons'},C,skater,,0.0,0.0,2.0,11:52,,,
2025030241,2026-05-05T01:30:00Z,Vegas Golden Knights,8481604,"{'default': 'P. Dorofeyev', 'cs': 'P. Dorofejev', 'fi': 'P. Dorofejev', 'sk': 'P. Dorofejev'}",R,skater,1.0,0.0,1.0,0.0,14:10,,,
2025030241,2026-05-05T01:30:00Z,Vegas Golden Knights,8479353,{'default': 'B. Howden'},C,skater,2.0,1.0,0.0,0.0,14:45,,,
2025030241,2026-05-05T01:30:00Z,Vegas Golden Knights,8482062,{'default': 'C. Smith'},R,skater,,0.0,0.0,0.0,10:47,,,
2025030241,2026-05-05T01:30:00Z,Vegas Golden Knights,8475343,{'default': 'N. Dowd'},C,skater,1.0,0.0,0.0,1.0,13:39,,,
2025030241,2026-05-05T01:30:00Z,Vegas Golden Knights,8476881,{'default': 'T. Hertl'},C,skater,3.0,0.0,0.0,0.0,10:04,,,
2025030241,2026-05-05T01:30:00Z,Vegas Golden Knights,8477964,"{'default': 'I. Barbashev', 'cs': 'I. Barbašev', 'fi': 'I. Barbashov', 'sk': 'I. Barbašev'}",L,skater,1.0,1.0,0.0,0.0,16:04,,,
2025030241,2026-05-05T01:30:00Z,Vegas Golden Knights,8478434,{'default': 'K. Kolesar'},R,skater,1.0,0.0,0.0,0.0,11:47,,,
2025030241,2026-05-05T01:30:00Z,Vegas Golden Knights,8475913,{'default': 'M. Stone'},R,skater,2.0,0.0,0.0,0.0,19:25,,,
2025030241,2026-05-05T01:30:00Z,Vegas Golden Knights,8476448,{'default': 'W. Karlsson'},C,skater,1.0,0.0,0.0,0.0,11:09,,,
2025030241,2026-05-05T01:30:00Z,Vegas Golden Knights,8478483,{'default': 'M. Marner'},R,skater,3.0,1.0,1.0,0.0,18:12,,,
2025030241,2026-05-05T01:30:00Z,Vegas Golden Knights,8475188,{'default': 'B. McNabb'},D,skater,1.0,0.0,0.0,3.0,25:09,,,
2025030241,2026-05-05T01:30:00Z,Vegas Golden Knights,8478397,{'default': 'R. Andersson'},D,skater,1.0,0.0,1.0,1.0,21:39,,,
2025030241,2026-05-05T01:30:00Z,Vegas Golden Knights,8481527,{'default': 'K. Korczak'},D,skater,,0.0,0.0,1.0,13:14,,,
2025030241,2026-05-05T01:30:00Z,Vegas Golden Knights,8478396,{'default': 'N. Hanifin'},D,skater,2.0,0.0,0.0,1.0,22:46,,,
2025030241,2026-05-05T01:30:00Z,Vegas Golden Knights,8477018,{'default': 'B. Hutton'},D,skater,1.0,0.0,0.0,1.0,08:47,,,
2025030241,2026-05-05T01:30:00Z,Vegas Golden Knights,8477447,{'default': 'S. Theodore'},D,skater,1.0,0.0,0.0,5.0,25:48,,,
2025030241,2026-05-05T01:30:00Z,Vegas Golden Knights,8478499,{'default': 'A. Hill'},G,goalie,,,,,00:00,0.0,,
2025030241,2026-05-05T01:30:00Z,Vegas Golden Knights,8479394,{'default': 'C. Hart'},G,goalie,,,,,59:46,33.0,34.0,W
2025030241,2026-05-05T01:30:00Z,Anaheim Ducks,8473986,{'default': 'A. Killorn'},L,skater,,0.0,0.0,0.0,17:27,,,
2025030241,2026-05-05T01:30:00Z,Anaheim Ducks,8478873,{'default': 'T. Terry'},R,skater,4.0,0.0,0.0,0.0,20:54,,,
2025030241,2026-05-05T01:30:00Z,Anaheim Ducks,8475184,{'default': 'C. Kreider'},L,skater,1.0,0.0,0.0,0.0,18:31,,,
2025030241,2026-05-05T01:30:00Z,Anaheim Ducks,8482745,{'default': 'M. McTavish'},C,skater,2.0,0.0,0.0,1.0,09:09,,,
2025030241,2026-05-05T01:30:00Z,Anaheim Ducks,8480068,{'default': 'R. Poehling'},C,skater,2.0,0.0,0.0,0.0,09:38,,,
2025030241,2026-05-05T01:30:00Z,Anaheim Ducks,8479705,{'default': 'J. Viel'},L,skater,2.0,0.0,0.0,0.0,13:06,,,
2025030241,2026-05-05T01:30:00Z,Anaheim Ducks,8485512,{'default': 'T. Washe'},C,skater,,0.0,0.0,1.0,12:15,,,
2025030241,2026-05-05T01:30:00Z,Anaheim Ducks,8484762,{'default': 'B. Sennecke'},R,skater,2.0,0.0,0.0,0.0,16:45,,,
2025030241,2026-05-05T01:30:00Z,Anaheim Ducks,8483445,{'default': 'C. Gauthier'},L,skater,2.0,0.0,0.0,0.0,14:04,,,
2025030241,2026-05-05T01:30:00Z,Anaheim Ducks,8475798,{'default': 'M. Granlund'},C,skater,2.0,1.0,0.0,2.0,22:17,,,
2025030241,2026-05-05T01:30:00Z,Anaheim Ducks,8484153,{'default': 'L. Carlsson'},C,skater,4.0,0.0,0.0,0.0,21:03,,,
2025030241,2026-05-05T01:30:00Z,Anaheim Ducks,8481605,{'default': 'J. LaCombe'},D,skater,2.0,0.0,1.0,0.0,28:07,,,
2025030241,2026-05-05T01:30:00Z,Anaheim Ducks,8482178,{'default': 'I. Moore'},D,skater,3.0,0.0,0.0,0.0,09:51,,,
2025030241,2026-05-05T01:30:00Z,Anaheim Ducks,8481563,{'default': 'D. Helleson'},D,skater,1.0,0.0,0.0,0.0,08:18,,,
2025030241,2026-05-05T01:30:00Z,Anaheim Ducks,8482731,{'default': 'T. Hinds'},D,skater,,0.0,0.0,2.0,08:45,,,
2025030241,2026-05-05T01:30:00Z,Anaheim Ducks,8476885,{'default': 'J. Trouba'},D,skater,4.0,0.0,0.0,2.0,22:08,,,
2025030241,2026-05-05T01:30:00Z,Anaheim Ducks,8474590,{'default': 'J. Carlson'},D,skater,2.0,0.0,1.0,2.0,24:43,,,
2025030241,2026-05-05T01:30:00Z,Anaheim Ducks,8483490,"{'default': 'P. Mintyukov', 'cs': 'P. Mintjukov', 'fi': 'P. Mintjukov', 'sk': 'P. Mintjukov'}",D,skater,1.0,0.0,0.0,0.0,18:49,,,
2025030241,2026-05-05T01:30:00Z,Anaheim Ducks,8480843,"{'default': 'L. Dostal', 'cs': 'L. Dostál', 'sk': 'L. Dostál'}",G,goalie,,,,,58:10,19.0,21.0,L
2025030241,2026-05-05T01:30:00Z,Anaheim Ducks,8478024,{'default': 'V. Husso'},G,goalie,,,,,00:00,0.0,,
2025030232,2026-05-06T00:00:00Z,Colorado Avalanche,8478462,{'default': 'N. Roy'},C,skater,1.0,1.0,0.0,0.0,09:37,,,
2025030232,2026-05-06T00:00:00Z,Colorado Avalanche,8475754,{'default': 'B. Nelson'},C,skater,,0.0,1.0,0.0,18:42,,,
2025030232,2026-05-06T00:00:00Z,Colorado Avalanche,8477501,"{'default': 'V. Nichushkin', 'cs': 'V. Ničuškin', 'fi': 'V. Nitshushkin', 'sk': 'V. Ničuškin'}",R,skater,1.0,1.0,0.0,1.0,17:56,,,
2025030232,2026-05-06T00:00:00Z,Colorado Avalanche,8480448,{'default': 'P. Kelly'},C,skater,1.0,0.0,0.0,0.0,10:05,,,
2025030232,2026-05-06T00:00:00Z,Colorado Avalanche,8480835,{'default': 'J. Drury'},C,skater,1.0,0.0,0.0,0.0,09:57,,,
2025030232,2026-05-06T00:00:00Z,Colorado Avalanche,8479525,{'default': 'R. Colton'},C,skater,,0.0,1.0,1.0,09:29,,,
2025030232,2026-05-06T00:00:00Z,Colorado Avalanche,8481186,"{'default': ""L. O'Connor""}",R,skater,1.0,0.0,0.0,0.0,10:02,,,
2025030232,2026-05-06T00:00:00Z,Colorado Avalanche,8477492,{'default': 'N. MacKinnon'},C,skater,5.0,1.0,2.0,0.0,22:06,,,
2025030232,2026-05-06T00:00:00Z,Colorado Avalanche,8477476,{'default': 'A. Lehkonen'},L,skater,,0.0,0.0,1.0,19:29,,,
2025030232,2026-05-06T00:00:00Z,Colorado Avalanche,8480039,"{'default': 'M. Necas', 'cs': 'M. Nečas', 'sk': 'M. Nečas'}",C,skater,3.0,1.0,1.0,0.0,19:02,,,
2025030232,2026-05-06T00:00:00Z,Colorado Avalanche,8475172,{'default': 'N. Kadri'},C,skater,4.0,0.0,1.0,0.0,15:24,,,
2025030232,2026-05-06T00:00:00Z,Colorado Avalanche,8476455,{'default': 'G. Landeskog'},L,skater,1.0,1.0,1.0,0.0,19:54,,,
2025030232,2026-05-06T00:00:00Z,Colorado Avalanche,8478038,{'default': 'D. Toews'},D,skater,1.0,0.0,0.0,2.0,23:26,,,
2025030232,2026-05-06T00:00:00Z,Colorado Avalanche,8480069,{'default': 'C. Makar'},D,skater,1.0,0.0,0.0,1.0,24:06,,,
2025030232,2026-05-06T00:00:00Z,Colorado Avalanche,8476967,{'default': 'B. Kulak'},D,skater,1.0,0.0,2.0,2.0,21:04,,,
2025030232,2026-05-06T00:00:00Z,Colorado Avalanche,8483565,{'default': 'N. Blankenburg'},D,skater,,0.0,0.0,0.0,07:08,,,
2025030232,2026-05-06T00:00:00Z,Colorado Avalanche,8484258,{'default': 'S. Malinski'},D,skater,1.0,0.0,0.0,2.0,20:57,,,
2025030232,2026-05-06T00:00:00Z,Colorado Avalanche,8470613,{'default': 'B. Burns'},D,skater,1.0,0.0,1.0,1.0,17:36,,,
2025030232,2026-05-06T00:00:00Z,Colorado Avalanche,8478406,{'default': 'M. Blackwood'},G,goalie,,,,,00:00,0.0,,
2025030232,2026-05-06T00:00:00Z,Colorado Avalanche,8475809,{'default': 'S. Wedgewood'},G,goalie,,,,,60:00,29.0,31.0,W
2025030232,2026-05-06T00:00:00Z,Minnesota Wild,8481557,{'default': 'M. Boldy'},L,skater,1.0,0.0,0.0,0.0,19:53,,,
2025030232,2026-05-06T00:00:00Z,Minnesota Wild,8478508,"{'default': 'Y. Trenin', 'cs': 'J. Trenin', 'fi': 'J. Trenin', 'sk': 'J. Trenin'}",C,skater,,0.0,0.0,1.0,12:57,,,
2025030232,2026-05-06T00:00:00Z,Minnesota Wild,8475220,{'default': 'M. Foligno'},L,skater,1.0,0.0,0.0,0.0,12:24,,,
2025030232,2026-05-06T00:00:00Z,Minnesota Wild,8483525,{'default': 'D. Yurov'},R,skater,2.0,0.0,1.0,0.0,10:04,,,
2025030232,2026-05-06T00:00:00Z,Minnesota Wild,8475692,{'default': 'M. Zuccarello'},R,skater,3.0,0.0,1.0,0.0,19:04,,,
2025030232,2026-05-06T00:00:00Z,Minnesota Wild,8477451,{'default': 'R. Hartman'},R,skater,5.0,0.0,1.0,1.0,18:21,,,
2025030232,2026-05-06T00:00:00Z,Minnesota Wild,8477446,{'default': 'M. McCarron'},C,skater,2.0,0.0,0.0,2.0,15:48,,,
2025030232,2026-05-06T00:00:00Z,Minnesota Wild,8473422,{'default': 'N. Foligno'},L,skater,,0.0,0.0,0.0,09:42,,,
2025030232,2026-05-06T00:00:00Z,Minnesota Wild,8481477,{'default': 'N. Sturm'},C,skater,,0.0,0.0,0.0,12:43,,,
2025030232,2026-05-06T00:00:00Z,Minnesota Wild,8475149,{'default': 'M. Johansson'},L,skater,4.0,1.0,0.0,0.0,12:20,,,
2025030232,2026-05-06T00:00:00Z,Minnesota Wild,8475765,{'default': 'V. Tarasenko'},R,skater,2.0,0.0,0.0,0.0,11:25,,,
2025030232,2026-05-06T00:00:00Z,Minnesota Wild,8478864,{'default': 'K. Kaprizov'},L,skater,4.0,1.0,0.0,1.0,23:12,,,
2025030232,2026-05-06T00:00:00Z,Minnesota Wild,8473507,{'default': 'J. Petry'},D,skater,1.0,0.0,0.0,1.0,09:28,,,
2025030232,2026-05-06T00:00:00Z,Minnesota Wild,8478136,{'default': 'J. Middleton'},D,skater,1.0,0.0,0.0,2.0,18:09,,,
2025030232,2026-05-06T00:00:00Z,Minnesota Wild,8482122,{'default': 'B. Faber'},D,skater,2.0,0.0,0.0,4.0,28:31,,,
2025030232,2026-05-06T00:00:00Z,Minnesota Wild,8480800,{'default': 'Q. Hughes'},D,skater,,0.0,0.0,0.0,28:07,,,
2025030232,2026-05-06T00:00:00Z,Minnesota Wild,8474716,{'default': 'J. Spurgeon'},D,skater,2.0,0.0,0.0,1.0,19:56,,,
2025030232,2026-05-06T00:00:00Z,Minnesota Wild,8482094,{'default': 'D. Hunt'},D,skater,1.0,0.0,1.0,0.0,13:04,,,
2025030232,2026-05-06T00:00:00Z,Minnesota Wild,8482661,{'default': 'J. Wallstedt'},G,goalie,,,,,00:00,0.0,,
2025030232,2026-05-06T00:00:00Z,Minnesota Wild,8479406,{'default': 'F. Gustavsson'},G,goalie,,,,,57:08,18.0,22.0,L
2025030211,2026-05-06T23:00:00Z,Buffalo Sabres,8484145,{'default': 'Z. Benson'},L,skater,1.0,0.0,2.0,0.0,16:56,,,
2025030211,2026-05-06T23:00:00Z,Buffalo Sabres,8480064,{'default': 'J. Norris'},C,skater,,0.0,0.0,0.0,17:08,,,
2025030211,2026-05-06T23:00:00Z,Buffalo Sabres,8478413,{'default': 'J. Greenway'},L,skater,1.0,1.0,0.0,0.0,13:03,,,
2025030211,2026-05-06T23:00:00Z,Buffalo Sabres,8475722,{'default': 'J. Zucker'},L,skater,,0.0,0.0,1.0,14:15,,,
2025030211,2026-05-06T23:00:00Z,Buffalo Sabres,8481522,{'default': 'P. Krebs'},C,skater,,0.0,0.0,0.0,14:02,,,
2025030211,2026-05-06T23:00:00Z,Buffalo Sabres,8482097,{'default': 'J. Quinn'},R,skater,1.0,0.0,0.0,0.0,15:19,,,
2025030211,2026-05-06T23:00:00Z,Buffalo Sabres,8479359,{'default': 'B. Malenstyn'},L,skater,,0.0,0.0,1.0,10:36,,,
2025030211,2026-05-06T23:00:00Z,Buffalo Sabres,8482896,{'default': 'T. Kozak'},C,skater,1.0,0.0,0.0,0.0,10:56,,,
2025030211,2026-05-06T23:00:00Z,Buffalo Sabres,8480802,{'default': 'R. McLeod'},C,skater,2.0,1.0,1.0,0.0,14:33,,,
2025030211,2026-05-06T23:00:00Z,Buffalo Sabres,8479420,{'default': 'T. Thompson'},C,skater,,0.0,0.0,0.0,18:28,,,
2025030211,2026-05-06T23:00:00Z,Buffalo Sabres,8477949,{'default': 'A. Tuch'},R,skater,1.0,0.0,0.0,1.0,19:16,,,
2025030211,2026-05-06T23:00:00Z,Buffalo Sabres,8482659,{'default': 'J. Doan'},R,skater,3.0,1.0,1.0,0.0,17:26,,,
2025030211,2026-05-06T23:00:00Z,Buffalo Sabres,8481524,{'default': 'B. Byram'},D,skater,2.0,1.0,0.0,0.0,21:13,,,
2025030211,2026-05-06T23:00:00Z,Buffalo Sabres,8479982,{'default': 'C. Timmins'},D,skater,,0.0,0.0,3.0,19:39,,,
2025030211,2026-05-06T23:00:00Z,Buffalo Sabres,8480807,{'default': 'M. Samuelsson'},D,skater,,0.0,1.0,0.0,21:35,,,
2025030211,2026-05-06T23:00:00Z,Buffalo Sabres,8482671,{'default': 'O. Power'},D,skater,,0.0,0.0,2.0,18:41,,,
2025030211,2026-05-06T23:00:00Z,Buffalo Sabres,8480839,{'default': 'R. Dahlin'},D,skater,4.0,0.0,0.0,3.0,21:04,,,
2025030211,2026-05-06T23:00:00Z,Buffalo Sabres,8479378,{'default': 'L. Stanley'},D,skater,,0.0,0.0,2.0,12:52,,,
2025030211,2026-05-06T23:00:00Z,Buffalo Sabres,8480045,{'default': 'U. Luukkonen'},G,goalie,,,,,00:00,0.0,,
2025030211,2026-05-06T23:00:00Z,Buffalo Sabres,8479312,{'default': 'A. Lyon'},G,goalie,,,,,59:40,26.0,28.0,W
2025030211,2026-05-06T23:00:00Z,Montréal Canadiens,8481540,{'default': 'C. Caufield'},R,skater,2.0,0.0,0.0,0.0,19:08,,,
2025030211,2026-05-06T23:00:00Z,Montréal Canadiens,8480018,{'default': 'N. Suzuki'},C,skater,3.0,1.0,0.0,0.0,21:02,,,
2025030211,2026-05-06T23:00:00Z,Montréal Canadiens,8481618,{'default': 'A. Newhook'},C,skater,4.0,0.0,0.0,0.0,16:52,,,
2025030211,2026-05-06T23:00:00Z,Montréal Canadiens,8476981,{'default': 'J. Anderson'},R,skater,,0.0,0.0,0.0,15:46,,,
2025030211,2026-05-06T23:00:00Z,Montréal Canadiens,8483515,{'default': 'J. Slafkovský'},L,skater,4.0,0.0,1.0,0.0,19:41,,,
2025030211,2026-05-06T23:00:00Z,Montréal Canadiens,8476479,{'default': 'P. Danault'},C,skater,1.0,0.0,0.0,0.0,15:20,,,
2025030211,2026-05-06T23:00:00Z,Montréal Canadiens,8478133,{'default': 'J. Evans'},C,skater,2.0,0.0,0.0,1.0,15:49,,,
2025030211,2026-05-06T23:00:00Z,Montréal Canadiens,8482737,{'default': 'Z. Bolduc'},R,skater,,0.0,1.0,0.0,08:53,,,
2025030211,2026-05-06T23:00:00Z,Montréal Canadiens,8481523,{'default': 'K. Dach'},C,skater,1.0,1.0,0.0,0.0,09:46,,,
2025030211,2026-05-06T23:00:00Z,Montréal Canadiens,8480074,{'default': 'A. Texier'},L,skater,1.0,0.0,0.0,0.0,11:44,,,
2025030211,2026-05-06T23:00:00Z,Montréal Canadiens,8480813,{'default': 'J. Veleno'},C,skater,1.0,0.0,0.0,0.0,08:33,,,
2025030211,2026-05-06T23:00:00Z,Montréal Canadiens,8484984,{'default': 'I. Demidov'},R,skater,2.0,0.0,1.0,0.0,18:19,,,
2025030211,2026-05-06T23:00:00Z,Montréal Canadiens,8476875,{'default': 'M. Matheson'},D,skater,1.0,0.0,0.0,3.0,21:00,,,
2025030211,2026-05-06T23:00:00Z,Montréal Canadiens,8482087,{'default': 'K. Guhle'},D,skater,,0.0,0.0,3.0,18:22,,,
2025030211,2026-05-06T23:00:00Z,Montréal Canadiens,8478851,{'default': 'A. Carrier'},D,skater,,0.0,0.0,0.0,18:45,,,
2025030211,2026-05-06T23:00:00Z,Montréal Canadiens,8483457,{'default': 'L. Hutson'},D,skater,4.0,0.0,0.0,2.0,26:42,,,
2025030211,2026-05-06T23:00:00Z,Montréal Canadiens,8480865,{'default': 'N. Dobson'},D,skater,2.0,0.0,0.0,2.0,24:09,,,
2025030211,2026-05-06T23:00:00Z,Montréal Canadiens,8482964,{'default': 'A. Xhekaj'},D,skater,,0.0,0.0,1.0,07:42,,,
2025030211,2026-05-06T23:00:00Z,Montréal Canadiens,8484170,{'default': 'J. Fowler'},G,goalie,,,,,00:00,0.0,,
2025030211,2026-05-06T23:00:00Z,Montréal Canadiens,8482487,{'default': 'J. Dobes'},G,goalie,,,,,56:48,12.0,16.0,L
2025030242,2026-05-07T01:30:00Z,Vegas Golden Knights,8478403,{'default': 'J. Eichel'},C,skater,2.0,0.0,1.0,1.0,19:05,,,
2025030242,2026-05-07T01:30:00Z,Vegas Golden Knights,8476925,{'default': 'C. Sissons'},C,skater,,0.0,0.0,1.0,12:18,,,
2025030242,2026-05-07T01:30:00Z,Vegas Golden Knights,8481604,"{'default': 'P. Dorofeyev', 'cs': 'P. Dorofejev', 'fi': 'P. Dorofejev', 'sk': 'P. Dorofejev'}",R,skater,1.0,0.0,0.0,0.0,13:20,,,
2025030242,2026-05-07T01:30:00Z,Vegas Golden Knights,8479353,{'default': 'B. Howden'},C,skater,2.0,0.0,0.0,0.0,15:05,,,
2025030242,2026-05-07T01:30:00Z,Vegas Golden Knights,8482062,{'default': 'C. Smith'},R,skater,,0.0,0.0,1.0,13:48,,,
2025030242,2026-05-07T01:30:00Z,Vegas Golden Knights,8475343,{'default': 'N. Dowd'},C,skater,1.0,0.0,0.0,1.0,16:50,,,
2025030242,2026-05-07T01:30:00Z,Vegas Golden Knights,8476881,{'default': 'T. Hertl'},C,skater,,0.0,0.0,1.0,11:52,,,
2025030242,2026-05-07T01:30:00Z,Vegas Golden Knights,8477964,"{'default': 'I. Barbashev', 'cs': 'I. Barbašev', 'fi': 'I. Barbashov', 'sk': 'I. Barbašev'}",L,skater,5.0,0.0,0.0,0.0,17:33,,,
2025030242,2026-05-07T01:30:00Z,Vegas Golden Knights,8478434,{'default': 'K. Kolesar'},R,skater,,0.0,0.0,0.0,08:57,,,
2025030242,2026-05-07T01:30:00Z,Vegas Golden Knights,8475913,{'default': 'M. Stone'},R,skater,1.0,1.0,0.0,0.0,17:35,,,
2025030242,2026-05-07T01:30:00Z,Vegas Golden Knights,8476448,{'default': 'W. Karlsson'},C,skater,1.0,0.0,0.0,0.0,13:19,,,
2025030242,2026-05-07T01:30:00Z,Vegas Golden Knights,8478483,{'default': 'M. Marner'},R,skater,2.0,0.0,0.0,0.0,16:31,,,
2025030242,2026-05-07T01:30:00Z,Vegas Golden Knights,8475188,{'default': 'B. McNabb'},D,skater,1.0,0.0,0.0,5.0,22:25,,,
2025030242,2026-05-07T01:30:00Z,Vegas Golden Knights,8478397,{'default': 'R. Andersson'},D,skater,3.0,0.0,0.0,2.0,24:41,,,
2025030242,2026-05-07T01:30:00Z,Vegas Golden Knights,8481527,{'default': 'K. Korczak'},D,skater,,0.0,0.0,1.0,11:31,,,
2025030242,2026-05-07T01:30:00Z,Vegas Golden Knights,8478396,{'default': 'N. Hanifin'},D,skater,,0.0,0.0,4.0,20:22,,,
2025030242,2026-05-07T01:30:00Z,Vegas Golden Knights,8477018,{'default': 'B. Hutton'},D,skater,1.0,0.0,0.0,1.0,11:03,,,
2025030242,2026-05-07T01:30:00Z,Vegas Golden Knights,8477447,{'default': 'S. Theodore'},D,skater,2.0,0.0,1.0,1.0,24:09,,,
2025030242,2026-05-07T01:30:00Z,Vegas Golden Knights,8478499,{'default': 'A. Hill'},G,goalie,,,,,00:00,0.0,,
2025030242,2026-05-07T01:30:00Z,Vegas Golden Knights,8479394,{'default': 'C. Hart'},G,goalie,,,,,59:36,25.0,27.0,L
2025030242,2026-05-07T01:30:00Z,Anaheim Ducks,8473986,{'default': 'A. Killorn'},L,skater,3.0,0.0,0.0,1.0,19:27,,,
2025030242,2026-05-07T01:30:00Z,Anaheim Ducks,8478873,{'default': 'T. Terry'},R,skater,2.0,0.0,1.0,1.0,20:18,,,
2025030242,2026-05-07T01:30:00Z,Anaheim Ducks,8475184,{'default': 'C. Kreider'},L,skater,2.0,0.0,1.0,1.0,19:46,,,
2025030242,2026-05-07T01:30:00Z,Anaheim Ducks,8478424,{'default': 'J. Harkins'},C,skater,1.0,1.0,0.0,0.0,09:44,,,
2025030242,2026-05-07T01:30:00Z,Anaheim Ducks,8480068,{'default': 'R. Poehling'},C,skater,,0.0,1.0,1.0,14:14,,,
2025030242,2026-05-07T01:30:00Z,Anaheim Ducks,8479705,{'default': 'J. Viel'},L,skater,,0.0,1.0,0.0,09:15,,,
2025030242,2026-05-07T01:30:00Z,Anaheim Ducks,8485512,{'default': 'T. Washe'},C,skater,,0.0,0.0,0.0,13:55,,,
2025030242,2026-05-07T01:30:00Z,Anaheim Ducks,8477527,{'default': 'R. Johnston'},L,skater,2.0,0.0,0.0,1.0,08:50,,,
2025030242,2026-05-07T01:30:00Z,Anaheim Ducks,8484762,{'default': 'B. Sennecke'},R,skater,1.0,1.0,0.0,0.0,11:03,,,
2025030242,2026-05-07T01:30:00Z,Anaheim Ducks,8483445,{'default': 'C. Gauthier'},L,skater,4.0,0.0,0.0,1.0,16:42,,,
2025030242,2026-05-07T01:30:00Z,Anaheim Ducks,8475798,{'default': 'M. Granlund'},C,skater,2.0,0.0,0.0,1.0,17:07,,,
2025030242,2026-05-07T01:30:00Z,Anaheim Ducks,8484153,{'default': 'L. Carlsson'},C,skater,4.0,1.0,0.0,1.0,21:03,,,
2025030242,2026-05-07T01:30:00Z,Anaheim Ducks,8481605,{'default': 'J. LaCombe'},D,skater,,0.0,0.0,0.0,22:23,,,
2025030242,2026-05-07T01:30:00Z,Anaheim Ducks,8481563,{'default': 'D. Helleson'},D,skater,,0.0,0.0,0.0,10:27,,,
2025030242,2026-05-07T01:30:00Z,Anaheim Ducks,8482731,{'default': 'T. Hinds'},D,skater,1.0,0.0,0.0,0.0,12:31,,,
2025030242,2026-05-07T01:30:00Z,Anaheim Ducks,8476885,{'default': 'J. Trouba'},D,skater,2.0,0.0,0.0,3.0,22:18,,,
2025030242,2026-05-07T01:30:00Z,Anaheim Ducks,8474590,{'default': 'J. Carlson'},D,skater,2.0,0.0,0.0,1.0,24:53,,,
2025030242,2026-05-07T01:30:00Z,Anaheim Ducks,8483490,"{'default': 'P. Mintyukov', 'cs': 'P. Mintjukov', 'fi': 'P. Mintjukov', 'sk': 'P. Mintjukov'}",D,skater,2.0,0.0,0.0,2.0,19:55,,,
2025030242,2026-05-07T01:30:00Z,Anaheim Ducks,8480843,"{'default': 'L. Dostal', 'cs': 'L. Dostál', 'sk': 'L. Dostál'}",G,goalie,,,,,60:00,21.0,22.0,W
2025030242,2026-05-07T01:30:00Z,Anaheim Ducks,8478024,{'default': 'V. Husso'},G,goalie,,,,,00:00,0.0,,
2025030223,2026-05-08T00:00:00Z,Philadelphia Flyers,8478439,{'default': 'T. Konecny'},R,skater,2.0,0.0,0.0,0.0,16:17,,,
2025030223,2026-05-08T00:00:00Z,Philadelphia Flyers,8476461,{'default': 'S. Couturier'},C,skater,1.0,0.0,0.0,1.0,18:43,,,
2025030223,2026-05-08T00:00:00Z,Philadelphia Flyers,8477903,{'default': 'G. Hathaway'},R,skater,1.0,0.0,0.0,0.0,10:47,,,
2025030223,2026-05-08T00:00:00Z,Philadelphia Flyers,8483731,{'default': 'A. Bump'},L,skater,2.0,0.0,0.0,1.0,11:48,,,
2025030223,2026-05-08T00:00:00Z,Philadelphia Flyers,8477989,{'default': 'C. Dvorak'},C,skater,1.0,0.0,0.0,0.0,14:30,,,
2025030223,2026-05-08T00:00:00Z,Philadelphia Flyers,8484387,"{'default': 'M. Michkov', 'cs': 'M. Mičkov', 'fi': 'M. Mitshkov', 'sk': 'M. Mičkov'}",R,skater,2.0,0.0,0.0,1.0,09:29,,,
2025030223,2026-05-08T00:00:00Z,Philadelphia Flyers,8476822,{'default': 'L. Glendening'},C,skater,,0.0,0.0,1.0,15:42,,,
2025030223,2026-05-08T00:00:00Z,Philadelphia Flyers,8481533,{'default': 'T. Zegras'},C,skater,2.0,1.0,0.0,0.0,16:28,,,
2025030223,2026-05-08T00:00:00Z,Philadelphia Flyers,8484142,{'default': 'D. Barkey'},C,skater,,0.0,0.0,0.0,12:33,,,
2025030223,2026-05-08T00:00:00Z,Philadelphia Flyers,8482159,{'default': 'T. Foerster'},R,skater,2.0,0.0,0.0,1.0,16:40,,,
2025030223,2026-05-08T00:00:00Z,Philadelphia Flyers,8479336,"{'default': 'C. Grundstrom', 'cs': 'C. Grundström', 'fi': 'C. Grundström', 'sk': 'C. Grundström', 'sv': 'C. Grundström'}",R,skater,1.0,0.0,0.0,0.0,11:03,,,
2025030223,2026-05-08T00:00:00Z,Philadelphia Flyers,8485406,{'default': 'P. Martone'},R,skater,2.0,0.0,1.0,0.0,15:07,,,
2025030223,2026-05-08T00:00:00Z,Philadelphia Flyers,8477948,{'default': 'T. Sanheim'},D,skater,1.0,0.0,0.0,3.0,24:41,,,
2025030223,2026-05-08T00:00:00Z,Philadelphia Flyers,8481546,{'default': 'C. York'},D,skater,2.0,0.0,0.0,4.0,24:15,,,
2025030223,2026-05-08T00:00:00Z,Philadelphia Flyers,8482142,{'default': 'J. Drysdale'},D,skater,,0.0,0.0,1.0,17:33,,,
2025030223,2026-05-08T00:00:00Z,Philadelphia Flyers,8476372,{'default': 'N. Seeler'},D,skater,,0.0,0.0,2.0,17:36,,,
2025030223,2026-05-08T00:00:00Z,Philadelphia Flyers,8482126,{'default': 'E. Andrae'},D,skater,,0.0,1.0,2.0,10:59,,,
2025030223,2026-05-08T00:00:00Z,Philadelphia Flyers,8477499,{'default': 'R. Ristolainen'},D,skater,,0.0,0.0,0.0,20:09,,,
2025030223,2026-05-08T00:00:00Z,Philadelphia Flyers,8481035,{'default': 'S. Ersson'},G,goalie,,,,,00:00,0.0,,
2025030223,2026-05-08T00:00:00Z,Philadelphia Flyers,8478435,"{'default': 'D. Vladar', 'cs': 'D. Vladař', 'sk': 'D. Vladař'}",G,goalie,,,,,59:54,27.0,31.0,L
2025030223,2026-05-08T00:00:00Z,Carolina Hurricanes,8473533,{'default': 'J. Staal'},C,skater,2.0,1.0,1.0,1.0,15:26,,,
2025030223,2026-05-08T00:00:00Z,Carolina Hurricanes,8478427,{'default': 'S. Aho'},C,skater,,0.0,1.0,0.0,20:10,,,
2025030223,2026-05-08T00:00:00Z,Carolina Hurricanes,8482702,{'default': 'L. Stankoven'},C,skater,2.0,0.0,0.0,1.0,14:38,,,
2025030223,2026-05-08T00:00:00Z,Carolina Hurricanes,8482093,{'default': 'S. Jarvis'},R,skater,3.0,0.0,0.0,0.0,19:47,,,
2025030223,2026-05-08T00:00:00Z,Carolina Hurricanes,8477940,{'default': 'N. Ehlers'},L,skater,2.0,1.0,0.0,0.0,17:30,,,
2025030223,2026-05-08T00:00:00Z,Carolina Hurricanes,8477478,{'default': 'W. Carrier'},L,skater,1.0,0.0,0.0,0.0,09:43,,,
2025030223,2026-05-08T00:00:00Z,Carolina Hurricanes,8480830,"{'default': 'A. Svechnikov', 'cs': 'A. Svečnikov', 'fi': 'A. Svetshnikov', 'sk': 'A. Svečnikov'}",R,skater,3.0,1.0,1.0,0.0,17:26,,,
2025030223,2026-05-08T00:00:00Z,Carolina Hurricanes,8476921,{'default': 'J. Martinook'},L,skater,1.0,0.0,2.0,0.0,15:11,,,
2025030223,2026-05-08T00:00:00Z,Carolina Hurricanes,8480762,{'default': 'E. Robinson'},L,skater,2.0,0.0,0.0,1.0,07:41,,,
2025030223,2026-05-08T00:00:00Z,Carolina Hurricanes,8482809,{'default': 'J. Blake'},R,skater,1.0,0.0,0.0,0.0,15:15,,,
2025030223,2026-05-08T00:00:00Z,Carolina Hurricanes,8475791,{'default': 'T. Hall'},L,skater,3.0,0.0,0.0,0.0,13:54,,,
2025030223,2026-05-08T00:00:00Z,Carolina Hurricanes,8476873,{'default': 'M. Jankowski'},L,skater,,0.0,0.0,0.0,10:03,,,
2025030223,2026-05-08T00:00:00Z,Carolina Hurricanes,8476906,{'default': 'S. Gostisbehere'},D,skater,2.0,0.0,2.0,1.0,17:46,,,
2025030223,2026-05-08T00:00:00Z,Carolina Hurricanes,8478970,{'default': 'J. Chatfield'},D,skater,5.0,1.0,0.0,2.0,18:00,,,
2025030223,2026-05-08T00:00:00Z,Carolina Hurricanes,8480817,{'default': 'K. Miller'},D,skater,,0.0,1.0,0.0,21:45,,,
2025030223,2026-05-08T00:00:00Z,Carolina Hurricanes,8482100,{'default': 'A. Nikishin'},D,skater,,0.0,0.0,0.0,13:55,,,
2025030223,2026-05-08T00:00:00Z,Carolina Hurricanes,8480336,{'default': 'S. Walker'},D,skater,2.0,0.0,0.0,1.0,20:26,,,
2025030223,2026-05-08T00:00:00Z,Carolina Hurricanes,8476958,{'default': 'J. Slavin'},D,skater,2.0,0.0,0.0,2.0,19:24,,,
2025030223,2026-05-08T00:00:00Z,Carolina Hurricanes,8475883,{'default': 'F. Andersen'},G,goalie,,,,,60:00,18.0,19.0,W
2025030223,2026-05-08T00:00:00Z,Carolina Hurricanes,8483548,{'default': 'B. Bussi'},G,goalie,,,,,00:00,0.0,,
2025030212,2026-05-08T23:00:00Z,Buffalo Sabres,8484145,{'default': 'Z. Benson'},L,skater,1.0,1.0,0.0,0.0,19:25,,,
2025030212,2026-05-08T23:00:00Z,Buffalo Sabres,8480064,{'default': 'J. Norris'},C,skater,3.0,0.0,0.0,0.0,17:39,,,
2025030212,2026-05-08T23:00:00Z,Buffalo Sabres,8478413,{'default': 'J. Greenway'},L,skater,1.0,0.0,0.0,0.0,12:55,,,
2025030212,2026-05-08T23:00:00Z,Buffalo Sabres,8475722,{'default': 'J. Zucker'},L,skater,2.0,0.0,0.0,0.0,11:08,,,
2025030212,2026-05-08T23:00:00Z,Buffalo Sabres,8481522,{'default': 'P. Krebs'},C,skater,1.0,0.0,0.0,1.0,12:25,,,
2025030212,2026-05-08T23:00:00Z,Buffalo Sabres,8482097,{'default': 'J. Quinn'},R,skater,,0.0,0.0,1.0,14:30,,,
2025030212,2026-05-08T23:00:00Z,Buffalo Sabres,8479359,{'default': 'B. Malenstyn'},L,skater,,0.0,0.0,0.0,07:11,,,
2025030212,2026-05-08T23:00:00Z,Buffalo Sabres,8482896,{'default': 'T. Kozak'},C,skater,1.0,0.0,0.0,0.0,10:02,,,
2025030212,2026-05-08T23:00:00Z,Buffalo Sabres,8480802,{'default': 'R. McLeod'},C,skater,2.0,0.0,0.0,0.0,17:17,,,
2025030212,2026-05-08T23:00:00Z,Buffalo Sabres,8479420,{'default': 'T. Thompson'},C,skater,1.0,0.0,0.0,0.0,18:38,,,
2025030212,2026-05-08T23:00:00Z,Buffalo Sabres,8477949,{'default': 'A. Tuch'},R,skater,6.0,0.0,0.0,1.0,20:19,,,
2025030212,2026-05-08T23:00:00Z,Buffalo Sabres,8482659,{'default': 'J. Doan'},R,skater,4.0,0.0,1.0,0.0,16:28,,,
2025030212,2026-05-08T23:00:00Z,Buffalo Sabres,8481524,{'default': 'B. Byram'},D,skater,1.0,0.0,0.0,0.0,21:27,,,
2025030212,2026-05-08T23:00:00Z,Buffalo Sabres,8479982,{'default': 'C. Timmins'},D,skater,,0.0,1.0,4.0,18:08,,,
2025030212,2026-05-08T23:00:00Z,Buffalo Sabres,8480807,{'default': 'M. Samuelsson'},D,skater,,0.0,0.0,3.0,19:47,,,
2025030212,2026-05-08T23:00:00Z,Buffalo Sabres,8482671,{'default': 'O. Power'},D,skater,,0.0,0.0,1.0,20:18,,,
2025030212,2026-05-08T23:00:00Z,Buffalo Sabres,8480839,{'default': 'R. Dahlin'},D,skater,5.0,0.0,0.0,0.0,22:17,,,
2025030212,2026-05-08T23:00:00Z,Buffalo Sabres,8479378,{'default': 'L. Stanley'},D,skater,1.0,0.0,0.0,0.0,10:27,,,
2025030212,2026-05-08T23:00:00Z,Buffalo Sabres,8480045,{'default': 'U. Luukkonen'},G,goalie,,,,,00:00,0.0,,
2025030212,2026-05-08T23:00:00Z,Buffalo Sabres,8479312,{'default': 'A. Lyon'},G,goalie,,,,,58:13,23.0,27.0,L
2025030212,2026-05-08T23:00:00Z,Montréal Canadiens,8481540,{'default': 'C. Caufield'},R,skater,2.0,0.0,0.0,0.0,17:06,,,
2025030212,2026-05-08T23:00:00Z,Montréal Canadiens,8480018,{'default': 'N. Suzuki'},C,skater,4.0,1.0,0.0,0.0,20:03,,,
2025030212,2026-05-08T23:00:00Z,Montréal Canadiens,8481618,{'default': 'A. Newhook'},C,skater,4.0,2.0,0.0,1.0,16:46,,,
2025030212,2026-05-08T23:00:00Z,Montréal Canadiens,8476981,{'default': 'J. Anderson'},R,skater,,0.0,1.0,0.0,14:29,,,
2025030212,2026-05-08T23:00:00Z,Montréal Canadiens,8483515,{'default': 'J. Slafkovský'},L,skater,1.0,0.0,0.0,2.0,17:56,,,
2025030212,2026-05-08T23:00:00Z,Montréal Canadiens,8476479,{'default': 'P. Danault'},C,skater,,0.0,1.0,2.0,14:33,,,
2025030212,2026-05-08T23:00:00Z,Montréal Canadiens,8478133,{'default': 'J. Evans'},C,skater,2.0,0.0,1.0,0.0,16:32,,,
2025030212,2026-05-08T23:00:00Z,Montréal Canadiens,8482737,{'default': 'Z. Bolduc'},R,skater,1.0,0.0,0.0,0.0,12:02,,,
2025030212,2026-05-08T23:00:00Z,Montréal Canadiens,8481523,{'default': 'K. Dach'},C,skater,,0.0,0.0,0.0,11:18,,,
2025030212,2026-05-08T23:00:00Z,Montréal Canadiens,8480074,{'default': 'A. Texier'},L,skater,,0.0,0.0,0.0,09:21,,,
2025030212,2026-05-08T23:00:00Z,Montréal Canadiens,8480813,{'default': 'J. Veleno'},C,skater,1.0,0.0,0.0,0.0,10:32,,,
2025030212,2026-05-08T23:00:00Z,Montréal Canadiens,8484984,{'default': 'I. Demidov'},R,skater,,0.0,0.0,1.0,13:18,,,
2025030212,2026-05-08T23:00:00Z,Montréal Canadiens,8476875,{'default': 'M. Matheson'},D,skater,3.0,1.0,0.0,3.0,26:44,,,
2025030212,2026-05-08T23:00:00Z,Montréal Canadiens,8482087,{'default': 'K. Guhle'},D,skater,1.0,0.0,1.0,2.0,20:56,,,
2025030212,2026-05-08T23:00:00Z,Montréal Canadiens,8478851,{'default': 'A. Carrier'},D,skater,1.0,1.0,0.0,1.0,19:38,,,
2025030212,2026-05-08T23:00:00Z,Montréal Canadiens,8483457,{'default': 'L. Hutson'},D,skater,3.0,0.0,1.0,1.0,20:54,,,
2025030212,2026-05-08T23:00:00Z,Montréal Canadiens,8480865,{'default': 'N. Dobson'},D,skater,5.0,0.0,1.0,5.0,16:20,,,
2025030212,2026-05-08T23:00:00Z,Montréal Canadiens,8482964,{'default': 'A. Xhekaj'},D,skater,,0.0,0.0,0.0,09:32,,,
2025030212,2026-05-08T23:00:00Z,Montréal Canadiens,8484170,{'default': 'J. Fowler'},G,goalie,,,,,00:00,0.0,,
2025030212,2026-05-08T23:00:00Z,Montréal Canadiens,8482487,{'default': 'J. Dobes'},G,goalie,,,,,60:00,28.0,29.0,W
2025030243,2026-05-09T01:30:00Z,Anaheim Ducks,8473986,{'default': 'A. Killorn'},L,skater,3.0,0.0,1.0,0.0,16:36,,,
2025030243,2026-05-09T01:30:00Z,Anaheim Ducks,8478873,{'default': 'T. Terry'},R,skater,2.0,0.0,1.0,0.0,18:34,,,
2025030243,2026-05-09T01:30:00Z,Anaheim Ducks,8475184,{'default': 'C. Kreider'},L,skater,3.0,1.0,0.0,0.0,17:09,,,
2025030243,2026-05-09T01:30:00Z,Anaheim Ducks,8478424,{'default': 'J. Harkins'},C,skater,3.0,0.0,0.0,1.0,11:48,,,
2025030243,2026-05-09T01:30:00Z,Anaheim Ducks,8480068,{'default': 'R. Poehling'},C,skater,,0.0,0.0,0.0,18:06,,,
2025030243,2026-05-09T01:30:00Z,Anaheim Ducks,8479705,{'default': 'J. Viel'},L,skater,1.0,0.0,0.0,0.0,11:01,,,
2025030243,2026-05-09T01:30:00Z,Anaheim Ducks,8485512,{'default': 'T. Washe'},C,skater,1.0,0.0,0.0,0.0,11:58,,,
2025030243,2026-05-09T01:30:00Z,Anaheim Ducks,8477527,{'default': 'R. Johnston'},L,skater,1.0,0.0,0.0,0.0,11:28,,,
2025030243,2026-05-09T01:30:00Z,Anaheim Ducks,8484762,{'default': 'B. Sennecke'},R,skater,3.0,1.0,0.0,0.0,15:34,,,
2025030243,2026-05-09T01:30:00Z,Anaheim Ducks,8483445,{'default': 'C. Gauthier'},L,skater,2.0,0.0,0.0,1.0,15:49,,,
2025030243,2026-05-09T01:30:00Z,Anaheim Ducks,8475798,{'default': 'M. Granlund'},C,skater,2.0,0.0,1.0,1.0,15:55,,,
2025030243,2026-05-09T01:30:00Z,Anaheim Ducks,8484153,{'default': 'L. Carlsson'},C,skater,3.0,0.0,1.0,0.0,18:34,,,
2025030243,2026-05-09T01:30:00Z,Anaheim Ducks,8481605,{'default': 'J. LaCombe'},D,skater,1.0,0.0,0.0,0.0,22:49,,,
2025030243,2026-05-09T01:30:00Z,Anaheim Ducks,8481563,{'default': 'D. Helleson'},D,skater,,0.0,0.0,0.0,12:18,,,
2025030243,2026-05-09T01:30:00Z,Anaheim Ducks,8482731,{'default': 'T. Hinds'},D,skater,,0.0,0.0,0.0,14:35,,,
2025030243,2026-05-09T01:30:00Z,Anaheim Ducks,8476885,{'default': 'J. Trouba'},D,skater,3.0,0.0,0.0,0.0,23:09,,,
2025030243,2026-05-09T01:30:00Z,Anaheim Ducks,8474590,{'default': 'J. Carlson'},D,skater,3.0,0.0,0.0,0.0,21:02,,,
2025030243,2026-05-09T01:30:00Z,Anaheim Ducks,8483490,"{'default': 'P. Mintyukov', 'cs': 'P. Mintjukov', 'fi': 'P. Mintjukov', 'sk': 'P. Mintjukov'}",D,skater,2.0,0.0,0.0,3.0,20:20,,,
2025030243,2026-05-09T01:30:00Z,Anaheim Ducks,8480843,"{'default': 'L. Dostal', 'cs': 'L. Dostál', 'sk': 'L. Dostál'}",G,goalie,,,,,20:00,5.0,8.0,L
2025030243,2026-05-09T01:30:00Z,Anaheim Ducks,8478024,{'default': 'V. Husso'},G,goalie,,,,,37:49,17.0,19.0,
2025030243,2026-05-09T01:30:00Z,Vegas Golden Knights,8478403,{'default': 'J. Eichel'},C,skater,4.0,0.0,1.0,1.0,20:59,,,
2025030243,2026-05-09T01:30:00Z,Vegas Golden Knights,8476925,{'default': 'C. Sissons'},C,skater,3.0,0.0,1.0,3.0,16:52,,,
2025030243,2026-05-09T01:30:00Z,Vegas Golden Knights,8481604,"{'default': 'P. Dorofeyev', 'cs': 'P. Dorofejev', 'fi': 'P. Dorofejev', 'sk': 'P. Dorofejev'}",R,skater,1.0,0.0,1.0,0.0,15:45,,,
2025030243,2026-05-09T01:30:00Z,Vegas Golden Knights,8479353,{'default': 'B. Howden'},C,skater,1.0,1.0,1.0,0.0,17:37,,,
2025030243,2026-05-09T01:30:00Z,Vegas Golden Knights,8482062,{'default': 'C. Smith'},R,skater,1.0,0.0,0.0,1.0,12:06,,,
2025030243,2026-05-09T01:30:00Z,Vegas Golden Knights,8475343,{'default': 'N. Dowd'},C,skater,1.0,0.0,0.0,2.0,12:42,,,
2025030243,2026-05-09T01:30:00Z,Vegas Golden Knights,8476881,{'default': 'T. Hertl'},C,skater,1.0,0.0,0.0,0.0,12:23,,,
2025030243,2026-05-09T01:30:00Z,Vegas Golden Knights,8477964,"{'default': 'I. Barbashev', 'cs': 'I. Barbašev', 'fi': 'I. Barbashov', 'sk': 'I. Barbašev'}",L,skater,2.0,0.0,1.0,0.0,16:31,,,
2025030243,2026-05-09T01:30:00Z,Vegas Golden Knights,8478434,{'default': 'K. Kolesar'},R,skater,1.0,0.0,0.0,0.0,11:24,,,
2025030243,2026-05-09T01:30:00Z,Vegas Golden Knights,8475913,{'default': 'M. Stone'},R,skater,,0.0,1.0,0.0,04:24,,,
2025030243,2026-05-09T01:30:00Z,Vegas Golden Knights,8476448,{'default': 'W. Karlsson'},C,skater,2.0,0.0,1.0,1.0,19:20,,,
2025030243,2026-05-09T01:30:00Z,Vegas Golden Knights,8478483,{'default': 'M. Marner'},R,skater,5.0,3.0,1.0,0.0,23:07,,,
2025030243,2026-05-09T01:30:00Z,Vegas Golden Knights,8475188,{'default': 'B. McNabb'},D,skater,1.0,1.0,0.0,3.0,19:31,,,
2025030243,2026-05-09T01:30:00Z,Vegas Golden Knights,8478397,{'default': 'R. Andersson'},D,skater,1.0,0.0,0.0,0.0,20:16,,,
2025030243,2026-05-09T01:30:00Z,Vegas Golden Knights,8478396,{'default': 'N. Hanifin'},D,skater,,0.0,0.0,4.0,18:53,,,
2025030243,2026-05-09T01:30:00Z,Vegas Golden Knights,8477018,{'default': 'B. Hutton'},D,skater,1.0,0.0,0.0,1.0,16:33,,,
2025030243,2026-05-09T01:30:00Z,Vegas Golden Knights,8477447,{'default': 'S. Theodore'},D,skater,2.0,1.0,1.0,4.0,21:20,,,
2025030243,2026-05-09T01:30:00Z,Vegas Golden Knights,8479639,{'default': 'D. Coghlan'},D,skater,1.0,0.0,0.0,0.0,16:17,,,
2025030243,2026-05-09T01:30:00Z,Vegas Golden Knights,8478499,{'default': 'A. Hill'},G,goalie,,,,,00:00,0.0,,
2025030243,2026-05-09T01:30:00Z,Vegas Golden Knights,8479394,{'default': 'C. Hart'},G,goalie,,,,,60:00,31.0,33.0,W
2025030224,2026-05-09T22:00:00Z,Philadelphia Flyers,8478439,{'default': 'T. Konecny'},R,skater,1.0,0.0,1.0,2.0,16:33,,,
2025030224,2026-05-09T22:00:00Z,Philadelphia Flyers,8476461,{'default': 'S. Couturier'},C,skater,,0.0,0.0,1.0,20:32,,,
2025030224,2026-05-09T22:00:00Z,Philadelphia Flyers,8484779,{'default': 'J. Luchanko'},C,skater,,0.0,0.0,1.0,12:31,,,
2025030224,2026-05-09T22:00:00Z,Philadelphia Flyers,8477903,{'default': 'G. Hathaway'},R,skater,2.0,0.0,0.0,0.0,15:21,,,
2025030224,2026-05-09T22:00:00Z,Philadelphia Flyers,8483731,{'default': 'A. Bump'},L,skater,1.0,1.0,0.0,1.0,14:06,,,
2025030224,2026-05-09T22:00:00Z,Philadelphia Flyers,8477989,{'default': 'C. Dvorak'},C,skater,,0.0,1.0,1.0,16:49,,,
2025030224,2026-05-09T22:00:00Z,Philadelphia Flyers,8476822,{'default': 'L. Glendening'},C,skater,,0.0,0.0,1.0,14:59,,,
2025030224,2026-05-09T22:00:00Z,Philadelphia Flyers,8481533,{'default': 'T. Zegras'},C,skater,,0.0,1.0,0.0,18:31,,,
2025030224,2026-05-09T22:00:00Z,Philadelphia Flyers,8484142,{'default': 'D. Barkey'},C,skater,,0.0,0.0,1.0,13:51,,,
2025030224,2026-05-09T22:00:00Z,Philadelphia Flyers,8482159,{'default': 'T. Foerster'},R,skater,2.0,1.0,0.0,0.0,19:20,,,
2025030224,2026-05-09T22:00:00Z,Philadelphia Flyers,8479336,"{'default': 'C. Grundstrom', 'cs': 'C. Grundström', 'fi': 'C. Grundström', 'sk': 'C. Grundström', 'sv': 'C. Grundström'}",R,skater,1.0,0.0,0.0,0.0,14:02,,,
2025030224,2026-05-09T22:00:00Z,Philadelphia Flyers,8485406,{'default': 'P. Martone'},R,skater,5.0,0.0,1.0,1.0,17:37,,,
2025030224,2026-05-09T22:00:00Z,Philadelphia Flyers,8477948,{'default': 'T. Sanheim'},D,skater,2.0,0.0,0.0,1.0,28:46,,,
2025030224,2026-05-09T22:00:00Z,Philadelphia Flyers,8481546,{'default': 'C. York'},D,skater,,0.0,0.0,8.0,24:35,,,
2025030224,2026-05-09T22:00:00Z,Philadelphia Flyers,8482142,{'default': 'J. Drysdale'},D,skater,1.0,0.0,0.0,4.0,22:41,,,
2025030224,2026-05-09T22:00:00Z,Philadelphia Flyers,8476372,{'default': 'N. Seeler'},D,skater,1.0,0.0,0.0,1.0,15:11,,,
2025030224,2026-05-09T22:00:00Z,Philadelphia Flyers,8477499,{'default': 'R. Ristolainen'},D,skater,1.0,0.0,0.0,1.0,23:34,,,
2025030224,2026-05-09T22:00:00Z,Philadelphia Flyers,8484148,{'default': 'O. Bonk'},D,skater,,0.0,0.0,0.0,12:36,,,
2025030224,2026-05-09T22:00:00Z,Philadelphia Flyers,8481035,{'default': 'S. Ersson'},G,goalie,,,,,00:00,0.0,,
2025030224,2026-05-09T22:00:00Z,Philadelphia Flyers,8478435,"{'default': 'D. Vladar', 'cs': 'D. Vladař', 'sk': 'D. Vladař'}",G,goalie,,,,,65:31,37.0,40.0,L
2025030224,2026-05-09T22:00:00Z,Carolina Hurricanes,8473533,{'default': 'J. Staal'},C,skater,2.0,0.0,0.0,0.0,17:05,,,
2025030224,2026-05-09T22:00:00Z,Carolina Hurricanes,8478427,{'default': 'S. Aho'},C,skater,2.0,0.0,0.0,1.0,21:18,,,
2025030224,2026-05-09T22:00:00Z,Carolina Hurricanes,8482702,{'default': 'L. Stankoven'},C,skater,2.0,1.0,0.0,0.0,16:12,,,
2025030224,2026-05-09T22:00:00Z,Carolina Hurricanes,8482093,{'default': 'S. Jarvis'},R,skater,4.0,0.0,0.0,0.0,20:07,,,
2025030224,2026-05-09T22:00:00Z,Carolina Hurricanes,8477940,{'default': 'N. Ehlers'},L,skater,1.0,0.0,0.0,0.0,18:31,,,
2025030224,2026-05-09T22:00:00Z,Carolina Hurricanes,8477478,{'default': 'W. Carrier'},L,skater,1.0,0.0,0.0,0.0,11:34,,,
2025030224,2026-05-09T22:00:00Z,Carolina Hurricanes,8480830,"{'default': 'A. Svechnikov', 'cs': 'A. Svečnikov', 'fi': 'A. Svetshnikov', 'sk': 'A. Svečnikov'}",R,skater,3.0,0.0,0.0,0.0,17:17,,,
2025030224,2026-05-09T22:00:00Z,Carolina Hurricanes,8476921,{'default': 'J. Martinook'},L,skater,3.0,0.0,0.0,0.0,14:26,,,
2025030224,2026-05-09T22:00:00Z,Carolina Hurricanes,8480762,{'default': 'E. Robinson'},L,skater,1.0,0.0,0.0,0.0,11:29,,,
2025030224,2026-05-09T22:00:00Z,Carolina Hurricanes,8482809,{'default': 'J. Blake'},R,skater,3.0,2.0,1.0,1.0,17:29,,,
2025030224,2026-05-09T22:00:00Z,Carolina Hurricanes,8475791,{'default': 'T. Hall'},L,skater,3.0,0.0,3.0,1.0,16:36,,,
2025030224,2026-05-09T22:00:00Z,Carolina Hurricanes,8476873,{'default': 'M. Jankowski'},L,skater,1.0,0.0,0.0,2.0,14:04,,,
2025030224,2026-05-09T22:00:00Z,Carolina Hurricanes,8476906,{'default': 'S. Gostisbehere'},D,skater,6.0,0.0,0.0,0.0,18:57,,,
2025030224,2026-05-09T22:00:00Z,Carolina Hurricanes,8478970,{'default': 'J. Chatfield'},D,skater,1.0,0.0,0.0,0.0,22:42,,,
2025030224,2026-05-09T22:00:00Z,Carolina Hurricanes,8480817,{'default': 'K. Miller'},D,skater,2.0,0.0,1.0,1.0,24:30,,,
2025030224,2026-05-09T22:00:00Z,Carolina Hurricanes,8482100,{'default': 'A. Nikishin'},D,skater,,0.0,0.0,0.0,15:08,,,
2025030224,2026-05-09T22:00:00Z,Carolina Hurricanes,8480336,{'default': 'S. Walker'},D,skater,2.0,0.0,0.0,0.0,23:13,,,
2025030224,2026-05-09T22:00:00Z,Carolina Hurricanes,8476958,{'default': 'J. Slavin'},D,skater,3.0,0.0,1.0,1.0,21:09,,,
2025030224,2026-05-09T22:00:00Z,Carolina Hurricanes,8475883,{'default': 'F. Andersen'},G,goalie,,,,,65:19,15.0,17.0,W
2025030224,2026-05-09T22:00:00Z,Carolina Hurricanes,8483548,{'default': 'B. Bussi'},G,goalie,,,,,00:00,0.0,,
2025030233,2026-05-10T01:00:00Z,Minnesota Wild,8481557,{'default': 'M. Boldy'},L,skater,5.0,1.0,0.0,1.0,21:03,,,
2025030233,2026-05-10T01:00:00Z,Minnesota Wild,8478508,"{'default': 'Y. Trenin', 'cs': 'J. Trenin', 'fi': 'J. Trenin', 'sk': 'J. Trenin'}",C,skater,,0.0,0.0,1.0,11:14,,,
2025030233,2026-05-10T01:00:00Z,Minnesota Wild,8475220,{'default': 'M. Foligno'},L,skater,,0.0,0.0,0.0,09:01,,,
2025030233,2026-05-10T01:00:00Z,Minnesota Wild,8483525,{'default': 'D. Yurov'},R,skater,1.0,0.0,0.0,0.0,14:23,,,
2025030233,2026-05-10T01:00:00Z,Minnesota Wild,8475692,{'default': 'M. Zuccarello'},R,skater,3.0,0.0,2.0,0.0,17:27,,,
2025030233,2026-05-10T01:00:00Z,Minnesota Wild,8477451,{'default': 'R. Hartman'},R,skater,3.0,1.0,0.0,2.0,21:14,,,
2025030233,2026-05-10T01:00:00Z,Minnesota Wild,8477446,{'default': 'M. McCarron'},C,skater,,0.0,1.0,0.0,13:30,,,
2025030233,2026-05-10T01:00:00Z,Minnesota Wild,8473422,{'default': 'N. Foligno'},L,skater,,0.0,0.0,1.0,11:37,,,
2025030233,2026-05-10T01:00:00Z,Minnesota Wild,8481477,{'default': 'N. Sturm'},C,skater,1.0,0.0,0.0,0.0,08:45,,,
2025030233,2026-05-10T01:00:00Z,Minnesota Wild,8475149,{'default': 'M. Johansson'},L,skater,,0.0,0.0,0.0,10:57,,,
2025030233,2026-05-10T01:00:00Z,Minnesota Wild,8475765,{'default': 'V. Tarasenko'},R,skater,2.0,0.0,1.0,1.0,12:27,,,
2025030233,2026-05-10T01:00:00Z,Minnesota Wild,8478864,{'default': 'K. Kaprizov'},L,skater,4.0,1.0,2.0,2.0,23:27,,,
2025030233,2026-05-10T01:00:00Z,Minnesota Wild,8478136,{'default': 'J. Middleton'},D,skater,,0.0,0.0,0.0,14:26,,,
2025030233,2026-05-10T01:00:00Z,Minnesota Wild,8482122,{'default': 'B. Faber'},D,skater,4.0,1.0,2.0,2.0,29:37,,,
2025030233,2026-05-10T01:00:00Z,Minnesota Wild,8474567,{'default': 'Z. Bogosian'},D,skater,1.0,0.0,0.0,0.0,13:18,,,
2025030233,2026-05-10T01:00:00Z,Minnesota Wild,8480800,{'default': 'Q. Hughes'},D,skater,1.0,1.0,1.0,1.0,28:32,,,
2025030233,2026-05-10T01:00:00Z,Minnesota Wild,8474716,{'default': 'J. Spurgeon'},D,skater,1.0,0.0,0.0,3.0,17:36,,,
2025030233,2026-05-10T01:00:00Z,Minnesota Wild,8482094,{'default': 'D. Hunt'},D,skater,,0.0,0.0,1.0,14:34,,,
2025030233,2026-05-10T01:00:00Z,Minnesota Wild,8482661,{'default': 'J. Wallstedt'},G,goalie,,,,,59:57,35.0,36.0,W
2025030233,2026-05-10T01:00:00Z,Minnesota Wild,8479406,{'default': 'F. Gustavsson'},G,goalie,,,,,00:00,0.0,,
2025030233,2026-05-10T01:00:00Z,Colorado Avalanche,8478462,{'default': 'N. Roy'},C,skater,1.0,0.0,0.0,0.0,12:39,,,
2025030233,2026-05-10T01:00:00Z,Colorado Avalanche,8475754,{'default': 'B. Nelson'},C,skater,3.0,0.0,0.0,1.0,19:52,,,
2025030233,2026-05-10T01:00:00Z,Colorado Avalanche,8477501,"{'default': 'V. Nichushkin', 'cs': 'V. Ničuškin', 'fi': 'V. Nitshushkin', 'sk': 'V. Ničuškin'}",R,skater,1.0,0.0,0.0,0.0,13:25,,,
2025030233,2026-05-10T01:00:00Z,Colorado Avalanche,8480448,{'default': 'P. Kelly'},C,skater,4.0,0.0,0.0,0.0,08:54,,,
2025030233,2026-05-10T01:00:00Z,Colorado Avalanche,8480835,{'default': 'J. Drury'},C,skater,1.0,0.0,0.0,0.0,08:47,,,
2025030233,2026-05-10T01:00:00Z,Colorado Avalanche,8479525,{'default': 'R. Colton'},C,skater,1.0,0.0,0.0,0.0,08:08,,,
2025030233,2026-05-10T01:00:00Z,Colorado Avalanche,8481186,"{'default': ""L. O'Connor""}",R,skater,,0.0,0.0,0.0,08:06,,,
2025030233,2026-05-10T01:00:00Z,Colorado Avalanche,8477492,{'default': 'N. MacKinnon'},C,skater,4.0,1.0,0.0,0.0,23:51,,,
2025030233,2026-05-10T01:00:00Z,Colorado Avalanche,8477476,{'default': 'A. Lehkonen'},L,skater,,0.0,0.0,1.0,15:30,,,
2025030233,2026-05-10T01:00:00Z,Colorado Avalanche,8480039,"{'default': 'M. Necas', 'cs': 'M. Nečas', 'sk': 'M. Nečas'}",C,skater,3.0,0.0,0.0,0.0,24:52,,,
2025030233,2026-05-10T01:00:00Z,Colorado Avalanche,8475172,{'default': 'N. Kadri'},C,skater,3.0,0.0,1.0,1.0,21:07,,,
2025030233,2026-05-10T01:00:00Z,Colorado Avalanche,8476455,{'default': 'G. Landeskog'},L,skater,7.0,0.0,1.0,0.0,20:40,,,
2025030233,2026-05-10T01:00:00Z,Colorado Avalanche,8478038,{'default': 'D. Toews'},D,skater,1.0,0.0,0.0,0.0,22:34,,,
2025030233,2026-05-10T01:00:00Z,Colorado Avalanche,8480069,{'default': 'C. Makar'},D,skater,3.0,0.0,0.0,2.0,29:06,,,
2025030233,2026-05-10T01:00:00Z,Colorado Avalanche,8476967,{'default': 'B. Kulak'},D,skater,1.0,0.0,0.0,2.0,17:25,,,
2025030233,2026-05-10T01:00:00Z,Colorado Avalanche,8483565,{'default': 'N. Blankenburg'},D,skater,,0.0,0.0,0.0,07:54,,,
2025030233,2026-05-10T01:00:00Z,Colorado Avalanche,8484258,{'default': 'S. Malinski'},D,skater,2.0,0.0,0.0,1.0,18:56,,,
2025030233,2026-05-10T01:00:00Z,Colorado Avalanche,8470613,{'default': 'B. Burns'},D,skater,1.0,0.0,0.0,0.0,15:48,,,
2025030233,2026-05-10T01:00:00Z,Colorado Avalanche,8478406,{'default': 'M. Blackwood'},G,goalie,,,,,32:27,12.0,13.0,
2025030233,2026-05-10T01:00:00Z,Colorado Avalanche,8475809,{'default': 'S. Wedgewood'},G,goalie,,,,,24:23,9.0,12.0,L
2025030213,2026-05-10T23:00:00Z,Montréal Canadiens,8481540,{'default': 'C. Caufield'},R,skater,3.0,1.0,1.0,0.0,17:17,,,
2025030213,2026-05-10T23:00:00Z,Montréal Canadiens,8480018,{'default': 'N. Suzuki'},C,skater,4.0,0.0,1.0,1.0,19:44,,,
2025030213,2026-05-10T23:00:00Z,Montréal Canadiens,8481618,{'default': 'A. Newhook'},C,skater,4.0,2.0,0.0,0.0,16:43,,,
2025030213,2026-05-10T23:00:00Z,Montréal Canadiens,8476981,{'default': 'J. Anderson'},R,skater,4.0,0.0,0.0,1.0,15:26,,,
2025030213,2026-05-10T23:00:00Z,Montréal Canadiens,8483515,{'default': 'J. Slafkovský'},L,skater,4.0,1.0,0.0,1.0,18:12,,,
2025030213,2026-05-10T23:00:00Z,Montréal Canadiens,8476479,{'default': 'P. Danault'},C,skater,3.0,0.0,1.0,0.0,14:39,,,
2025030213,2026-05-10T23:00:00Z,Montréal Canadiens,8478133,{'default': 'J. Evans'},C,skater,3.0,0.0,2.0,0.0,13:12,,,
2025030213,2026-05-10T23:00:00Z,Montréal Canadiens,8482737,{'default': 'Z. Bolduc'},R,skater,1.0,1.0,0.0,0.0,10:43,,,
2025030213,2026-05-10T23:00:00Z,Montréal Canadiens,8481523,{'default': 'K. Dach'},C,skater,4.0,1.0,0.0,0.0,12:12,,,
2025030213,2026-05-10T23:00:00Z,Montréal Canadiens,8480074,{'default': 'A. Texier'},L,skater,,0.0,1.0,0.0,13:38,,,
2025030213,2026-05-10T23:00:00Z,Montréal Canadiens,8480813,{'default': 'J. Veleno'},C,skater,1.0,0.0,1.0,0.0,12:18,,,
2025030213,2026-05-10T23:00:00Z,Montréal Canadiens,8484984,{'default': 'I. Demidov'},R,skater,1.0,0.0,1.0,1.0,14:52,,,
2025030213,2026-05-10T23:00:00Z,Montréal Canadiens,8476875,{'default': 'M. Matheson'},D,skater,,0.0,0.0,2.0,25:06,,,
2025030213,2026-05-10T23:00:00Z,Montréal Canadiens,8482087,{'default': 'K. Guhle'},D,skater,,0.0,0.0,2.0,17:48,,,
2025030213,2026-05-10T23:00:00Z,Montréal Canadiens,8478851,{'default': 'A. Carrier'},D,skater,,0.0,1.0,4.0,24:31,,,
2025030213,2026-05-10T23:00:00Z,Montréal Canadiens,8483457,{'default': 'L. Hutson'},D,skater,1.0,0.0,2.0,0.0,20:35,,,
2025030213,2026-05-10T23:00:00Z,Montréal Canadiens,8480865,{'default': 'N. Dobson'},D,skater,1.0,0.0,0.0,2.0,17:45,,,
2025030213,2026-05-10T23:00:00Z,Montréal Canadiens,8482964,{'default': 'A. Xhekaj'},D,skater,2.0,0.0,0.0,0.0,07:10,,,
2025030213,2026-05-10T23:00:00Z,Montréal Canadiens,8484170,{'default': 'J. Fowler'},G,goalie,,,,,00:00,0.0,,
2025030213,2026-05-10T23:00:00Z,Montréal Canadiens,8482487,{'default': 'J. Dobes'},G,goalie,,,,,59:53,26.0,28.0,W
2025030213,2026-05-10T23:00:00Z,Buffalo Sabres,8484145,{'default': 'Z. Benson'},L,skater,3.0,0.0,0.0,1.0,18:07,,,
2025030213,2026-05-10T23:00:00Z,Buffalo Sabres,8480064,{'default': 'J. Norris'},C,skater,2.0,0.0,0.0,1.0,13:45,,,
2025030213,2026-05-10T23:00:00Z,Buffalo Sabres,8475842,{'default': 'S. Carrick'},C,skater,2.0,0.0,0.0,0.0,06:17,,,
2025030213,2026-05-10T23:00:00Z,Buffalo Sabres,8478413,{'default': 'J. Greenway'},L,skater,,0.0,0.0,1.0,13:31,,,
2025030213,2026-05-10T23:00:00Z,Buffalo Sabres,8475722,{'default': 'J. Zucker'},L,skater,,0.0,0.0,0.0,06:47,,,
2025030213,2026-05-10T23:00:00Z,Buffalo Sabres,8481522,{'default': 'P. Krebs'},C,skater,1.0,0.0,0.0,0.0,16:53,,,
2025030213,2026-05-10T23:00:00Z,Buffalo Sabres,8482097,{'default': 'J. Quinn'},R,skater,1.0,0.0,0.0,0.0,15:28,,,
2025030213,2026-05-10T23:00:00Z,Buffalo Sabres,8479359,{'default': 'B. Malenstyn'},L,skater,,0.0,0.0,2.0,12:15,,,
2025030213,2026-05-10T23:00:00Z,Buffalo Sabres,8480802,{'default': 'R. McLeod'},C,skater,2.0,0.0,0.0,1.0,13:51,,,
2025030213,2026-05-10T23:00:00Z,Buffalo Sabres,8479420,{'default': 'T. Thompson'},C,skater,3.0,1.0,1.0,2.0,21:06,,,
2025030213,2026-05-10T23:00:00Z,Buffalo Sabres,8477949,{'default': 'A. Tuch'},R,skater,4.0,0.0,0.0,1.0,20:06,,,
2025030213,2026-05-10T23:00:00Z,Buffalo Sabres,8482659,{'default': 'J. Doan'},R,skater,4.0,0.0,1.0,0.0,15:32,,,
2025030213,2026-05-10T23:00:00Z,Buffalo Sabres,8481524,{'default': 'B. Byram'},D,skater,2.0,0.0,0.0,1.0,20:32,,,
2025030213,2026-05-10T23:00:00Z,Buffalo Sabres,8479982,{'default': 'C. Timmins'},D,skater,,0.0,0.0,1.0,17:22,,,
2025030213,2026-05-10T23:00:00Z,Buffalo Sabres,8480807,{'default': 'M. Samuelsson'},D,skater,1.0,0.0,0.0,2.0,23:05,,,
2025030213,2026-05-10T23:00:00Z,Buffalo Sabres,8482671,{'default': 'O. Power'},D,skater,,0.0,0.0,0.0,19:42,,,
2025030213,2026-05-10T23:00:00Z,Buffalo Sabres,8480839,{'default': 'R. Dahlin'},D,skater,3.0,1.0,1.0,0.0,23:04,,,
2025030213,2026-05-10T23:00:00Z,Buffalo Sabres,8479378,{'default': 'L. Stanley'},D,skater,,0.0,0.0,2.0,11:51,,,
2025030213,2026-05-10T23:00:00Z,Buffalo Sabres,8480045,{'default': 'U. Luukkonen'},G,goalie,,,,,00:00,0.0,,
2025030213,2026-05-10T23:00:00Z,Buffalo Sabres,8479312,{'default': 'A. Lyon'},G,goalie,,,,,58:39,31.0,36.0,L
2025030244,2026-05-11T01:30:00Z,Anaheim Ducks,8473986,{'default': 'A. Killorn'},L,skater,2.0,1.0,1.0,0.0,20:19,,,
2025030244,2026-05-11T01:30:00Z,Anaheim Ducks,8478873,{'default': 'T. Terry'},R,skater,,0.0,0.0,0.0,16:17,,,
2025030244,2026-05-11T01:30:00Z,Anaheim Ducks,8475184,{'default': 'C. Kreider'},L,skater,,0.0,0.0,0.0,15:00,,,
2025030244,2026-05-11T01:30:00Z,Anaheim Ducks,8482745,{'default': 'M. McTavish'},C,skater,3.0,0.0,0.0,0.0,11:25,,,
2025030244,2026-05-11T01:30:00Z,Anaheim Ducks,8480068,{'default': 'R. Poehling'},C,skater,1.0,0.0,0.0,0.0,11:39,,,
2025030244,2026-05-11T01:30:00Z,Anaheim Ducks,8479705,{'default': 'J. Viel'},L,skater,2.0,0.0,1.0,1.0,12:56,,,
2025030244,2026-05-11T01:30:00Z,Anaheim Ducks,8485512,{'default': 'T. Washe'},C,skater,,0.0,0.0,2.0,16:33,,,
2025030244,2026-05-11T01:30:00Z,Anaheim Ducks,8477527,{'default': 'R. Johnston'},L,skater,,0.0,0.0,1.0,12:59,,,
2025030244,2026-05-11T01:30:00Z,Anaheim Ducks,8484762,{'default': 'B. Sennecke'},R,skater,2.0,1.0,1.0,0.0,15:53,,,
2025030244,2026-05-11T01:30:00Z,Anaheim Ducks,8483445,{'default': 'C. Gauthier'},L,skater,4.0,0.0,3.0,0.0,12:39,,,
2025030244,2026-05-11T01:30:00Z,Anaheim Ducks,8475798,{'default': 'M. Granlund'},C,skater,2.0,1.0,0.0,0.0,19:29,,,
2025030244,2026-05-11T01:30:00Z,Anaheim Ducks,8484153,{'default': 'L. Carlsson'},C,skater,,0.0,0.0,0.0,16:01,,,
2025030244,2026-05-11T01:30:00Z,Anaheim Ducks,8481605,{'default': 'J. LaCombe'},D,skater,,0.0,0.0,2.0,26:53,,,
2025030244,2026-05-11T01:30:00Z,Anaheim Ducks,8482178,{'default': 'I. Moore'},D,skater,3.0,1.0,0.0,2.0,08:27,,,
2025030244,2026-05-11T01:30:00Z,Anaheim Ducks,8482803,{'default': 'O. Zellweger'},D,skater,,0.0,1.0,3.0,11:52,,,
2025030244,2026-05-11T01:30:00Z,Anaheim Ducks,8476885,{'default': 'J. Trouba'},D,skater,3.0,0.0,0.0,0.0,26:11,,,
2025030244,2026-05-11T01:30:00Z,Anaheim Ducks,8474590,{'default': 'J. Carlson'},D,skater,1.0,0.0,0.0,0.0,21:39,,,
2025030244,2026-05-11T01:30:00Z,Anaheim Ducks,8483490,"{'default': 'P. Mintyukov', 'cs': 'P. Mintjukov', 'fi': 'P. Mintjukov', 'sk': 'P. Mintjukov'}",D,skater,,0.0,0.0,2.0,18:48,,,
2025030244,2026-05-11T01:30:00Z,Anaheim Ducks,8480843,"{'default': 'L. Dostal', 'cs': 'L. Dostál', 'sk': 'L. Dostál'}",G,goalie,,,,,59:53,18.0,21.0,W
2025030244,2026-05-11T01:30:00Z,Anaheim Ducks,8478024,{'default': 'V. Husso'},G,goalie,,,,,00:00,0.0,,
2025030244,2026-05-11T01:30:00Z,Vegas Golden Knights,8478403,{'default': 'J. Eichel'},C,skater,,0.0,2.0,0.0,22:10,,,
2025030244,2026-05-11T01:30:00Z,Vegas Golden Knights,8476925,{'default': 'C. Sissons'},C,skater,1.0,0.0,0.0,2.0,10:57,,,
2025030244,2026-05-11T01:30:00Z,Vegas Golden Knights,8481604,"{'default': 'P. Dorofeyev', 'cs': 'P. Dorofejev', 'fi': 'P. Dorofejev', 'sk': 'P. Dorofejev'}",R,skater,4.0,1.0,0.0,0.0,18:32,,,
2025030244,2026-05-11T01:30:00Z,Vegas Golden Knights,8476438,{'default': 'B. Saad'},L,skater,,0.0,0.0,0.0,07:20,,,
2025030244,2026-05-11T01:30:00Z,Vegas Golden Knights,8479353,{'default': 'B. Howden'},C,skater,1.0,1.0,0.0,0.0,16:43,,,
2025030244,2026-05-11T01:30:00Z,Vegas Golden Knights,8482062,{'default': 'C. Smith'},R,skater,,0.0,0.0,1.0,10:55,,,
2025030244,2026-05-11T01:30:00Z,Vegas Golden Knights,8475343,{'default': 'N. Dowd'},C,skater,1.0,0.0,0.0,0.0,14:46,,,
2025030244,2026-05-11T01:30:00Z,Vegas Golden Knights,8476881,{'default': 'T. Hertl'},C,skater,1.0,1.0,0.0,0.0,13:09,,,
2025030244,2026-05-11T01:30:00Z,Vegas Golden Knights,8477964,"{'default': 'I. Barbashev', 'cs': 'I. Barbašev', 'fi': 'I. Barbashov', 'sk': 'I. Barbašev'}",L,skater,3.0,0.0,0.0,2.0,15:12,,,
2025030244,2026-05-11T01:30:00Z,Vegas Golden Knights,8478434,{'default': 'K. Kolesar'},R,skater,,0.0,0.0,0.0,08:22,,,
2025030244,2026-05-11T01:30:00Z,Vegas Golden Knights,8476448,{'default': 'W. Karlsson'},C,skater,2.0,0.0,1.0,0.0,18:47,,,
2025030244,2026-05-11T01:30:00Z,Vegas Golden Knights,8478483,{'default': 'M. Marner'},R,skater,2.0,0.0,3.0,0.0,24:08,,,
2025030244,2026-05-11T01:30:00Z,Vegas Golden Knights,8475188,{'default': 'B. McNabb'},D,skater,2.0,0.0,0.0,2.0,17:05,,,
2025030244,2026-05-11T01:30:00Z,Vegas Golden Knights,8478397,{'default': 'R. Andersson'},D,skater,,0.0,0.0,1.0,19:09,,,
2025030244,2026-05-11T01:30:00Z,Vegas Golden Knights,8478396,{'default': 'N. Hanifin'},D,skater,1.0,0.0,0.0,2.0,22:56,,,
2025030244,2026-05-11T01:30:00Z,Vegas Golden Knights,8477018,{'default': 'B. Hutton'},D,skater,,0.0,0.0,2.0,14:56,,,
2025030244,2026-05-11T01:30:00Z,Vegas Golden Knights,8477447,{'default': 'S. Theodore'},D,skater,3.0,0.0,0.0,2.0,24:50,,,
2025030244,2026-05-11T01:30:00Z,Vegas Golden Knights,8479639,{'default': 'D. Coghlan'},D,skater,,0.0,0.0,0.0,15:43,,,
2025030244,2026-05-11T01:30:00Z,Vegas Golden Knights,8478499,{'default': 'A. Hill'},G,goalie,,,,,00:00,0.0,,
2025030244,2026-05-11T01:30:00Z,Vegas Golden Knights,8479394,{'default': 'C. Hart'},G,goalie,,,,,57:43,19.0,23.0,L
2025030234,2026-05-12T00:00:00Z,Minnesota Wild,8481557,{'default': 'M. Boldy'},L,skater,1.0,0.0,0.0,0.0,23:51,,,
2025030234,2026-05-12T00:00:00Z,Minnesota Wild,8478508,"{'default': 'Y. Trenin', 'cs': 'J. Trenin', 'fi': 'J. Trenin', 'sk': 'J. Trenin'}",C,skater,,0.0,0.0,0.0,12:22,,,
2025030234,2026-05-12T00:00:00Z,Minnesota Wild,8475220,{'default': 'M. Foligno'},L,skater,,0.0,0.0,0.0,08:38,,,
2025030234,2026-05-12T00:00:00Z,Minnesota Wild,8483525,{'default': 'D. Yurov'},R,skater,2.0,1.0,0.0,1.0,13:06,,,
2025030234,2026-05-12T00:00:00Z,Minnesota Wild,8475692,{'default': 'M. Zuccarello'},R,skater,2.0,0.0,0.0,1.0,19:54,,,
2025030234,2026-05-12T00:00:00Z,Minnesota Wild,8477451,{'default': 'R. Hartman'},R,skater,3.0,0.0,0.0,2.0,22:35,,,
2025030234,2026-05-12T00:00:00Z,Minnesota Wild,8477446,{'default': 'M. McCarron'},C,skater,2.0,0.0,0.0,3.0,14:15,,,
2025030234,2026-05-12T00:00:00Z,Minnesota Wild,8473422,{'default': 'N. Foligno'},L,skater,2.0,0.0,0.0,0.0,09:13,,,
2025030234,2026-05-12T00:00:00Z,Minnesota Wild,8481477,{'default': 'N. Sturm'},C,skater,3.0,1.0,0.0,1.0,08:25,,,
2025030234,2026-05-12T00:00:00Z,Minnesota Wild,8475149,{'default': 'M. Johansson'},L,skater,1.0,0.0,0.0,2.0,12:40,,,
2025030234,2026-05-12T00:00:00Z,Minnesota Wild,8475765,{'default': 'V. Tarasenko'},R,skater,1.0,0.0,1.0,2.0,12:22,,,
2025030234,2026-05-12T00:00:00Z,Minnesota Wild,8478864,{'default': 'K. Kaprizov'},L,skater,1.0,0.0,0.0,2.0,24:27,,,
2025030234,2026-05-12T00:00:00Z,Minnesota Wild,8478136,{'default': 'J. Middleton'},D,skater,,0.0,0.0,0.0,12:43,,,
2025030234,2026-05-12T00:00:00Z,Minnesota Wild,8482122,{'default': 'B. Faber'},D,skater,1.0,0.0,1.0,2.0,29:19,,,
2025030234,2026-05-12T00:00:00Z,Minnesota Wild,8474567,{'default': 'Z. Bogosian'},D,skater,,0.0,0.0,0.0,09:26,,,
2025030234,2026-05-12T00:00:00Z,Minnesota Wild,8480800,{'default': 'Q. Hughes'},D,skater,2.0,0.0,1.0,2.0,34:13,,,
2025030234,2026-05-12T00:00:00Z,Minnesota Wild,8474716,{'default': 'J. Spurgeon'},D,skater,,0.0,0.0,0.0,16:37,,,
2025030234,2026-05-12T00:00:00Z,Minnesota Wild,8482094,{'default': 'D. Hunt'},D,skater,,0.0,0.0,4.0,13:17,,,
2025030234,2026-05-12T00:00:00Z,Minnesota Wild,8482661,{'default': 'J. Wallstedt'},G,goalie,,,,,58:30,29.0,32.0,L
2025030234,2026-05-12T00:00:00Z,Minnesota Wild,8479406,{'default': 'F. Gustavsson'},G,goalie,,,,,00:00,0.0,,
2025030234,2026-05-12T00:00:00Z,Colorado Avalanche,8478462,{'default': 'N. Roy'},C,skater,2.0,0.0,1.0,0.0,10:29,,,
2025030234,2026-05-12T00:00:00Z,Colorado Avalanche,8475754,{'default': 'B. Nelson'},C,skater,3.0,1.0,0.0,0.0,17:00,,,
2025030234,2026-05-12T00:00:00Z,Colorado Avalanche,8477501,"{'default': 'V. Nichushkin', 'cs': 'V. Ničuškin', 'fi': 'V. Nitshushkin', 'sk': 'V. Ničuškin'}",R,skater,3.0,0.0,0.0,2.0,19:09,,,
2025030234,2026-05-12T00:00:00Z,Colorado Avalanche,8480448,{'default': 'P. Kelly'},C,skater,1.0,1.0,0.0,0.0,08:13,,,
2025030234,2026-05-12T00:00:00Z,Colorado Avalanche,8480835,{'default': 'J. Drury'},C,skater,,0.0,1.0,0.0,08:46,,,
2025030234,2026-05-12T00:00:00Z,Colorado Avalanche,8479525,{'default': 'R. Colton'},C,skater,4.0,1.0,0.0,0.0,08:39,,,
2025030234,2026-05-12T00:00:00Z,Colorado Avalanche,8481186,"{'default': ""L. O'Connor""}",R,skater,1.0,0.0,0.0,1.0,14:23,,,
2025030234,2026-05-12T00:00:00Z,Colorado Avalanche,8477492,{'default': 'N. MacKinnon'},C,skater,2.0,1.0,0.0,0.0,20:48,,,
2025030234,2026-05-12T00:00:00Z,Colorado Avalanche,8480039,"{'default': 'M. Necas', 'cs': 'M. Nečas', 'sk': 'M. Nečas'}",C,skater,1.0,0.0,2.0,0.0,21:32,,,
2025030234,2026-05-12T00:00:00Z,Colorado Avalanche,8475172,{'default': 'N. Kadri'},C,skater,5.0,1.0,0.0,0.0,16:13,,,
2025030234,2026-05-12T00:00:00Z,Colorado Avalanche,8476455,{'default': 'G. Landeskog'},L,skater,2.0,0.0,0.0,1.0,19:20,,,
2025030234,2026-05-12T00:00:00Z,Colorado Avalanche,8481641,{'default': 'J. Kiviranta'},L,skater,1.0,0.0,0.0,0.0,09:00,,,
2025030234,2026-05-12T00:00:00Z,Colorado Avalanche,8478038,{'default': 'D. Toews'},D,skater,1.0,0.0,0.0,2.0,28:25,,,
2025030234,2026-05-12T00:00:00Z,Colorado Avalanche,8480069,{'default': 'C. Makar'},D,skater,3.0,0.0,0.0,1.0,26:09,,,
2025030234,2026-05-12T00:00:00Z,Colorado Avalanche,8482072,{'default': 'J. Ahcan'},D,skater,,0.0,0.0,3.0,07:07,,,
2025030234,2026-05-12T00:00:00Z,Colorado Avalanche,8476967,{'default': 'B. Kulak'},D,skater,1.0,0.0,0.0,0.0,21:42,,,
2025030234,2026-05-12T00:00:00Z,Colorado Avalanche,8476312,{'default': 'J. Manson'},D,skater,2.0,0.0,0.0,0.0,14:39,,,
2025030234,2026-05-12T00:00:00Z,Colorado Avalanche,8470613,{'default': 'B. Burns'},D,skater,2.0,0.0,0.0,2.0,19:47,,,
2025030234,2026-05-12T00:00:00Z,Colorado Avalanche,8478406,{'default': 'M. Blackwood'},G,goalie,,,,,60:00,19.0,21.0,W
2025030234,2026-05-12T00:00:00Z,Colorado Avalanche,8475809,{'default': 'S. Wedgewood'},G,goalie,,,,,00:00,0.0,,
2025030214,2026-05-12T23:00:00Z,Montréal Canadiens,8481540,{'default': 'C. Caufield'},R,skater,5.0,1.0,0.0,0.0,21:21,,,
2025030214,2026-05-12T23:00:00Z,Montréal Canadiens,8480018,{'default': 'N. Suzuki'},C,skater,2.0,0.0,0.0,0.0,24:34,,,
2025030214,2026-05-12T23:00:00Z,Montréal Canadiens,8481618,{'default': 'A. Newhook'},C,skater,5.0,1.0,0.0,0.0,14:26,,,
2025030214,2026-05-12T23:00:00Z,Montréal Canadiens,8476981,{'default': 'J. Anderson'},R,skater,3.0,0.0,0.0,0.0,16:35,,,
2025030214,2026-05-12T23:00:00Z,Montréal Canadiens,8483515,{'default': 'J. Slafkovský'},L,skater,5.0,0.0,1.0,0.0,23:10,,,
2025030214,2026-05-12T23:00:00Z,Montréal Canadiens,8476479,{'default': 'P. Danault'},C,skater,,0.0,0.0,0.0,14:42,,,
2025030214,2026-05-12T23:00:00Z,Montréal Canadiens,8478133,{'default': 'J. Evans'},C,skater,,0.0,1.0,0.0,12:47,,,
2025030214,2026-05-12T23:00:00Z,Montréal Canadiens,8482737,{'default': 'Z. Bolduc'},R,skater,,0.0,0.0,1.0,09:39,,,
2025030214,2026-05-12T23:00:00Z,Montréal Canadiens,8481523,{'default': 'K. Dach'},C,skater,1.0,0.0,0.0,0.0,08:51,,,
2025030214,2026-05-12T23:00:00Z,Montréal Canadiens,8480074,{'default': 'A. Texier'},L,skater,2.0,0.0,0.0,0.0,12:59,,,
2025030214,2026-05-12T23:00:00Z,Montréal Canadiens,8480813,{'default': 'J. Veleno'},C,skater,,0.0,0.0,0.0,06:42,,,
2025030214,2026-05-12T23:00:00Z,Montréal Canadiens,8484984,{'default': 'I. Demidov'},R,skater,2.0,0.0,1.0,0.0,18:45,,,
2025030214,2026-05-12T23:00:00Z,Montréal Canadiens,8476875,{'default': 'M. Matheson'},D,skater,3.0,0.0,0.0,2.0,22:01,,,
2025030214,2026-05-12T23:00:00Z,Montréal Canadiens,8482087,{'default': 'K. Guhle'},D,skater,1.0,0.0,0.0,0.0,15:16,,,
2025030214,2026-05-12T23:00:00Z,Montréal Canadiens,8478851,{'default': 'A. Carrier'},D,skater,,0.0,0.0,1.0,17:00,,,
2025030214,2026-05-12T23:00:00Z,Montréal Canadiens,8483457,{'default': 'L. Hutson'},D,skater,,0.0,1.0,0.0,28:02,,,
2025030214,2026-05-12T23:00:00Z,Montréal Canadiens,8480865,{'default': 'N. Dobson'},D,skater,2.0,0.0,0.0,2.0,24:09,,,
2025030214,2026-05-12T23:00:00Z,Montréal Canadiens,8482964,{'default': 'A. Xhekaj'},D,skater,,0.0,0.0,0.0,03:46,,,
2025030214,2026-05-12T23:00:00Z,Montréal Canadiens,8484170,{'default': 'J. Fowler'},G,goalie,,,,,00:00,0.0,,
2025030214,2026-05-12T23:00:00Z,Montréal Canadiens,8482487,{'default': 'J. Dobes'},G,goalie,,,,,57:17,19.0,22.0,L
2025030214,2026-05-12T23:00:00Z,Buffalo Sabres,8484145,{'default': 'Z. Benson'},L,skater,1.0,1.0,0.0,2.0,14:21,,,
2025030214,2026-05-12T23:00:00Z,Buffalo Sabres,8480064,{'default': 'J. Norris'},C,skater,,0.0,1.0,1.0,12:41,,,
2025030214,2026-05-12T23:00:00Z,Buffalo Sabres,8478413,{'default': 'J. Greenway'},L,skater,,0.0,0.0,1.0,09:58,,,
2025030214,2026-05-12T23:00:00Z,Buffalo Sabres,8475722,{'default': 'J. Zucker'},L,skater,1.0,0.0,0.0,1.0,12:14,,,
2025030214,2026-05-12T23:00:00Z,Buffalo Sabres,8481522,{'default': 'P. Krebs'},C,skater,,0.0,0.0,0.0,15:47,,,
2025030214,2026-05-12T23:00:00Z,Buffalo Sabres,8482097,{'default': 'J. Quinn'},R,skater,3.0,0.0,0.0,0.0,14:06,,,
2025030214,2026-05-12T23:00:00Z,Buffalo Sabres,8479359,{'default': 'B. Malenstyn'},L,skater,2.0,0.0,0.0,0.0,10:52,,,
2025030214,2026-05-12T23:00:00Z,Buffalo Sabres,8480802,{'default': 'R. McLeod'},C,skater,,0.0,0.0,1.0,09:35,,,
2025030214,2026-05-12T23:00:00Z,Buffalo Sabres,8479420,{'default': 'T. Thompson'},C,skater,2.0,1.0,1.0,0.0,19:14,,,
2025030214,2026-05-12T23:00:00Z,Buffalo Sabres,8477949,{'default': 'A. Tuch'},R,skater,4.0,0.0,0.0,0.0,21:58,,,
2025030214,2026-05-12T23:00:00Z,Buffalo Sabres,8482659,{'default': 'J. Doan'},R,skater,,0.0,2.0,1.0,15:30,,,
2025030214,2026-05-12T23:00:00Z,Buffalo Sabres,8484797,{'default': 'K. Helenius'},C,skater,3.0,0.0,0.0,1.0,12:53,,,
2025030214,2026-05-12T23:00:00Z,Buffalo Sabres,8481524,{'default': 'B. Byram'},D,skater,2.0,0.0,0.0,1.0,20:42,,,
2025030214,2026-05-12T23:00:00Z,Buffalo Sabres,8474568,{'default': 'L. Schenn'},D,skater,,0.0,0.0,2.0,07:04,,,
2025030214,2026-05-12T23:00:00Z,Buffalo Sabres,8479982,{'default': 'C. Timmins'},D,skater,,0.0,0.0,5.0,21:38,,,
2025030214,2026-05-12T23:00:00Z,Buffalo Sabres,8480807,{'default': 'M. Samuelsson'},D,skater,2.0,1.0,0.0,6.0,23:47,,,
2025030214,2026-05-12T23:00:00Z,Buffalo Sabres,8482671,{'default': 'O. Power'},D,skater,,0.0,0.0,1.0,23:43,,,
2025030214,2026-05-12T23:00:00Z,Buffalo Sabres,8480839,{'default': 'R. Dahlin'},D,skater,2.0,0.0,1.0,4.0,19:29,,,
2025030214,2026-05-12T23:00:00Z,Buffalo Sabres,8480045,{'default': 'U. Luukkonen'},G,goalie,,,,,60:00,29.0,31.0,W
2025030214,2026-05-12T23:00:00Z,Buffalo Sabres,8479312,{'default': 'A. Lyon'},G,goalie,,,,,00:00,0.0,,
2025030245,2026-05-13T01:30:00Z,Vegas Golden Knights,8478403,{'default': 'J. Eichel'},C,skater,6.0,0.0,2.0,1.0,23:04,,,
2025030245,2026-05-13T01:30:00Z,Vegas Golden Knights,8476925,{'default': 'C. Sissons'},C,skater,,0.0,0.0,0.0,14:13,,,
2025030245,2026-05-13T01:30:00Z,Vegas Golden Knights,8481604,"{'default': 'P. Dorofeyev', 'cs': 'P. Dorofejev', 'fi': 'P. Dorofejev', 'sk': 'P. Dorofejev'}",R,skater,4.0,2.0,0.0,2.0,16:30,,,
2025030245,2026-05-13T01:30:00Z,Vegas Golden Knights,8476438,{'default': 'B. Saad'},L,skater,2.0,0.0,1.0,0.0,11:38,,,
2025030245,2026-05-13T01:30:00Z,Vegas Golden Knights,8479353,{'default': 'B. Howden'},C,skater,,0.0,0.0,1.0,18:45,,,
2025030245,2026-05-13T01:30:00Z,Vegas Golden Knights,8482062,{'default': 'C. Smith'},R,skater,,0.0,0.0,0.0,10:54,,,
2025030245,2026-05-13T01:30:00Z,Vegas Golden Knights,8475343,{'default': 'N. Dowd'},C,skater,,0.0,0.0,0.0,10:39,,,
2025030245,2026-05-13T01:30:00Z,Vegas Golden Knights,8476881,{'default': 'T. Hertl'},C,skater,1.0,1.0,1.0,0.0,14:41,,,
2025030245,2026-05-13T01:30:00Z,Vegas Golden Knights,8477964,"{'default': 'I. Barbashev', 'cs': 'I. Barbašev', 'fi': 'I. Barbashov', 'sk': 'I. Barbašev'}",L,skater,1.0,0.0,0.0,0.0,18:20,,,
2025030245,2026-05-13T01:30:00Z,Vegas Golden Knights,8478434,{'default': 'K. Kolesar'},R,skater,3.0,0.0,0.0,0.0,12:03,,,
2025030245,2026-05-13T01:30:00Z,Vegas Golden Knights,8476448,{'default': 'W. Karlsson'},C,skater,1.0,0.0,0.0,3.0,17:08,,,
2025030245,2026-05-13T01:30:00Z,Vegas Golden Knights,8478483,{'default': 'M. Marner'},R,skater,1.0,0.0,0.0,1.0,20:52,,,
2025030245,2026-05-13T01:30:00Z,Vegas Golden Knights,8475188,{'default': 'B. McNabb'},D,skater,,0.0,0.0,0.0,03:17,,,
2025030245,2026-05-13T01:30:00Z,Vegas Golden Knights,8478397,{'default': 'R. Andersson'},D,skater,3.0,0.0,1.0,1.0,26:37,,,
2025030245,2026-05-13T01:30:00Z,Vegas Golden Knights,8478396,{'default': 'N. Hanifin'},D,skater,3.0,0.0,0.0,2.0,28:01,,,
2025030245,2026-05-13T01:30:00Z,Vegas Golden Knights,8477018,{'default': 'B. Hutton'},D,skater,3.0,0.0,0.0,1.0,19:03,,,
2025030245,2026-05-13T01:30:00Z,Vegas Golden Knights,8477447,{'default': 'S. Theodore'},D,skater,2.0,0.0,0.0,4.0,30:00,,,
2025030245,2026-05-13T01:30:00Z,Vegas Golden Knights,8479639,{'default': 'D. Coghlan'},D,skater,2.0,0.0,0.0,2.0,20:05,,,
2025030245,2026-05-13T01:30:00Z,Vegas Golden Knights,8478499,{'default': 'A. Hill'},G,goalie,,,,,00:00,0.0,,
2025030245,2026-05-13T01:30:00Z,Vegas Golden Knights,8479394,{'default': 'C. Hart'},G,goalie,,,,,64:10,34.0,36.0,W
2025030245,2026-05-13T01:30:00Z,Anaheim Ducks,8473986,{'default': 'A. Killorn'},L,skater,3.0,0.0,0.0,1.0,22:24,,,
2025030245,2026-05-13T01:30:00Z,Anaheim Ducks,8478873,{'default': 'T. Terry'},R,skater,2.0,0.0,0.0,0.0,14:17,,,
2025030245,2026-05-13T01:30:00Z,Anaheim Ducks,8475184,{'default': 'C. Kreider'},L,skater,,0.0,0.0,0.0,14:51,,,
2025030245,2026-05-13T01:30:00Z,Anaheim Ducks,8482745,{'default': 'M. McTavish'},C,skater,6.0,0.0,2.0,0.0,14:31,,,
2025030245,2026-05-13T01:30:00Z,Anaheim Ducks,8480068,{'default': 'R. Poehling'},C,skater,2.0,0.0,0.0,0.0,02:20,,,
2025030245,2026-05-13T01:30:00Z,Anaheim Ducks,8479705,{'default': 'J. Viel'},L,skater,2.0,0.0,0.0,0.0,13:39,,,
2025030245,2026-05-13T01:30:00Z,Anaheim Ducks,8485512,{'default': 'T. Washe'},C,skater,1.0,0.0,0.0,1.0,16:52,,,
2025030245,2026-05-13T01:30:00Z,Anaheim Ducks,8477527,{'default': 'R. Johnston'},L,skater,,0.0,0.0,0.0,10:50,,,
2025030245,2026-05-13T01:30:00Z,Anaheim Ducks,8484762,{'default': 'B. Sennecke'},R,skater,4.0,1.0,0.0,0.0,24:13,,,
2025030245,2026-05-13T01:30:00Z,Anaheim Ducks,8483445,{'default': 'C. Gauthier'},L,skater,4.0,0.0,2.0,1.0,20:05,,,
2025030245,2026-05-13T01:30:00Z,Anaheim Ducks,8475798,{'default': 'M. Granlund'},C,skater,,0.0,0.0,0.0,22:36,,,
2025030245,2026-05-13T01:30:00Z,Anaheim Ducks,8484153,{'default': 'L. Carlsson'},C,skater,2.0,0.0,0.0,1.0,19:09,,,
2025030245,2026-05-13T01:30:00Z,Anaheim Ducks,8481605,{'default': 'J. LaCombe'},D,skater,1.0,0.0,0.0,0.0,30:47,,,
2025030245,2026-05-13T01:30:00Z,Anaheim Ducks,8482178,{'default': 'I. Moore'},D,skater,,0.0,0.0,1.0,09:52,,,
2025030245,2026-05-13T01:30:00Z,Anaheim Ducks,8482803,{'default': 'O. Zellweger'},D,skater,1.0,1.0,0.0,0.0,16:33,,,
2025030245,2026-05-13T01:30:00Z,Anaheim Ducks,8476885,{'default': 'J. Trouba'},D,skater,1.0,0.0,0.0,0.0,25:49,,,
2025030245,2026-05-13T01:30:00Z,Anaheim Ducks,8474590,{'default': 'J. Carlson'},D,skater,3.0,0.0,0.0,2.0,26:16,,,
2025030245,2026-05-13T01:30:00Z,Anaheim Ducks,8483490,"{'default': 'P. Mintyukov', 'cs': 'P. Mintjukov', 'fi': 'P. Mintjukov', 'sk': 'P. Mintjukov'}",D,skater,4.0,0.0,0.0,1.0,14:12,,,
2025030245,2026-05-13T01:30:00Z,Anaheim Ducks,8480843,"{'default': 'L. Dostal', 'cs': 'L. Dostál', 'sk': 'L. Dostál'}",G,goalie,,,,,64:10,29.0,32.0,L
2025030245,2026-05-13T01:30:00Z,Anaheim Ducks,8478024,{'default': 'V. Husso'},G,goalie,,,,,00:00,0.0,,
2025030235,2026-05-14T00:00:00Z,Colorado Avalanche,8478462,{'default': 'N. Roy'},C,skater,1.0,0.0,1.0,2.0,14:33,,,
2025030235,2026-05-14T00:00:00Z,Colorado Avalanche,8475754,{'default': 'B. Nelson'},C,skater,,0.0,0.0,1.0,16:17,,,
2025030235,2026-05-14T00:00:00Z,Colorado Avalanche,8477501,"{'default': 'V. Nichushkin', 'cs': 'V. Ničuškin', 'fi': 'V. Nitshushkin', 'sk': 'V. Ničuškin'}",R,skater,2.0,0.0,0.0,0.0,15:32,,,
2025030235,2026-05-14T00:00:00Z,Colorado Avalanche,8480448,{'default': 'P. Kelly'},C,skater,1.0,1.0,1.0,1.0,11:09,,,
2025030235,2026-05-14T00:00:00Z,Colorado Avalanche,8480835,{'default': 'J. Drury'},C,skater,4.0,1.0,0.0,0.0,12:02,,,
2025030235,2026-05-14T00:00:00Z,Colorado Avalanche,8479525,{'default': 'R. Colton'},C,skater,3.0,0.0,0.0,0.0,13:05,,,
2025030235,2026-05-14T00:00:00Z,Colorado Avalanche,8481186,"{'default': ""L. O'Connor""}",R,skater,,0.0,0.0,0.0,12:56,,,
2025030235,2026-05-14T00:00:00Z,Colorado Avalanche,8477492,{'default': 'N. MacKinnon'},C,skater,9.0,1.0,0.0,0.0,23:01,,,
2025030235,2026-05-14T00:00:00Z,Colorado Avalanche,8480039,"{'default': 'M. Necas', 'cs': 'M. Nečas', 'sk': 'M. Nečas'}",C,skater,3.0,0.0,2.0,1.0,23:17,,,
2025030235,2026-05-14T00:00:00Z,Colorado Avalanche,8475172,{'default': 'N. Kadri'},C,skater,1.0,0.0,0.0,0.0,16:30,,,
2025030235,2026-05-14T00:00:00Z,Colorado Avalanche,8476455,{'default': 'G. Landeskog'},L,skater,4.0,0.0,0.0,1.0,24:44,,,
2025030235,2026-05-14T00:00:00Z,Colorado Avalanche,8481641,{'default': 'J. Kiviranta'},L,skater,1.0,0.0,0.0,1.0,09:42,,,
2025030235,2026-05-14T00:00:00Z,Colorado Avalanche,8478038,{'default': 'D. Toews'},D,skater,,0.0,1.0,0.0,29:45,,,
2025030235,2026-05-14T00:00:00Z,Colorado Avalanche,8480069,{'default': 'C. Makar'},D,skater,,0.0,0.0,1.0,25:50,,,
2025030235,2026-05-14T00:00:00Z,Colorado Avalanche,8482072,{'default': 'J. Ahcan'},D,skater,,0.0,0.0,2.0,03:35,,,
2025030235,2026-05-14T00:00:00Z,Colorado Avalanche,8476967,{'default': 'B. Kulak'},D,skater,1.0,1.0,1.0,1.0,26:54,,,
2025030235,2026-05-14T00:00:00Z,Colorado Avalanche,8476312,{'default': 'J. Manson'},D,skater,1.0,0.0,0.0,0.0,19:19,,,
2025030235,2026-05-14T00:00:00Z,Colorado Avalanche,8470613,{'default': 'B. Burns'},D,skater,3.0,0.0,2.0,0.0,19:47,,,
2025030235,2026-05-14T00:00:00Z,Colorado Avalanche,8478406,{'default': 'M. Blackwood'},G,goalie,,,,,20:00,10.0,13.0,
2025030235,2026-05-14T00:00:00Z,Colorado Avalanche,8475809,{'default': 'S. Wedgewood'},G,goalie,,,,,43:14,7.0,7.0,W
2025030235,2026-05-14T00:00:00Z,Minnesota Wild,8481557,{'default': 'M. Boldy'},L,skater,5.0,0.0,2.0,0.0,22:55,,,
2025030235,2026-05-14T00:00:00Z,Minnesota Wild,8478508,"{'default': 'Y. Trenin', 'cs': 'J. Trenin', 'fi': 'J. Trenin', 'sk': 'J. Trenin'}",C,skater,1.0,0.0,0.0,0.0,12:34,,,
2025030235,2026-05-14T00:00:00Z,Minnesota Wild,8475220,{'default': 'M. Foligno'},L,skater,,0.0,0.0,2.0,11:59,,,
2025030235,2026-05-14T00:00:00Z,Minnesota Wild,8483525,{'default': 'D. Yurov'},R,skater,1.0,0.0,0.0,0.0,13:08,,,
2025030235,2026-05-14T00:00:00Z,Minnesota Wild,8475692,{'default': 'M. Zuccarello'},R,skater,,0.0,0.0,2.0,18:57,,,
2025030235,2026-05-14T00:00:00Z,Minnesota Wild,8477451,{'default': 'R. Hartman'},R,skater,3.0,0.0,0.0,0.0,18:34,,,
2025030235,2026-05-14T00:00:00Z,Minnesota Wild,8477446,{'default': 'M. McCarron'},C,skater,,0.0,0.0,1.0,17:31,,,
2025030235,2026-05-14T00:00:00Z,Minnesota Wild,8473422,{'default': 'N. Foligno'},L,skater,3.0,2.0,0.0,1.0,12:45,,,
2025030235,2026-05-14T00:00:00Z,Minnesota Wild,8481477,{'default': 'N. Sturm'},C,skater,2.0,0.0,2.0,1.0,12:54,,,
2025030235,2026-05-14T00:00:00Z,Minnesota Wild,8475149,{'default': 'M. Johansson'},L,skater,1.0,1.0,0.0,1.0,16:15,,,
2025030235,2026-05-14T00:00:00Z,Minnesota Wild,8475765,{'default': 'V. Tarasenko'},R,skater,1.0,0.0,0.0,1.0,11:03,,,
2025030235,2026-05-14T00:00:00Z,Minnesota Wild,8478864,{'default': 'K. Kaprizov'},L,skater,,0.0,1.0,2.0,22:36,,,
2025030235,2026-05-14T00:00:00Z,Minnesota Wild,8473507,{'default': 'J. Petry'},D,skater,,0.0,0.0,0.0,09:03,,,
2025030235,2026-05-14T00:00:00Z,Minnesota Wild,8478136,{'default': 'J. Middleton'},D,skater,,0.0,0.0,3.0,21:55,,,
2025030235,2026-05-14T00:00:00Z,Minnesota Wild,8482122,{'default': 'B. Faber'},D,skater,,0.0,0.0,2.0,32:06,,,
2025030235,2026-05-14T00:00:00Z,Minnesota Wild,8480800,{'default': 'Q. Hughes'},D,skater,2.0,0.0,1.0,2.0,30:35,,,
2025030235,2026-05-14T00:00:00Z,Minnesota Wild,8474716,{'default': 'J. Spurgeon'},D,skater,1.0,0.0,0.0,4.0,22:48,,,
2025030235,2026-05-14T00:00:00Z,Minnesota Wild,8482094,{'default': 'D. Hunt'},D,skater,,0.0,0.0,1.0,10:13,,,
2025030235,2026-05-14T00:00:00Z,Minnesota Wild,8482661,{'default': 'J. Wallstedt'},G,goalie,,,,,63:21,30.0,34.0,L
2025030235,2026-05-14T00:00:00Z,Minnesota Wild,8479406,{'default': 'F. Gustavsson'},G,goalie,,,,,00:00,0.0,,
2025030215,2026-05-14T23:00:00Z,Buffalo Sabres,8484145,{'default': 'Z. Benson'},L,skater,1.0,0.0,0.0,1.0,21:04,,,
2025030215,2026-05-14T23:00:00Z,Buffalo Sabres,8480064,{'default': 'J. Norris'},C,skater,4.0,0.0,0.0,0.0,20:32,,,
2025030215,2026-05-14T23:00:00Z,Buffalo Sabres,8478413,{'default': 'J. Greenway'},L,skater,1.0,0.0,0.0,1.0,10:03,,,
2025030215,2026-05-14T23:00:00Z,Buffalo Sabres,8475722,{'default': 'J. Zucker'},L,skater,2.0,1.0,0.0,0.0,13:35,,,
2025030215,2026-05-14T23:00:00Z,Buffalo Sabres,8481522,{'default': 'P. Krebs'},C,skater,1.0,0.0,0.0,0.0,14:46,,,
2025030215,2026-05-14T23:00:00Z,Buffalo Sabres,8482097,{'default': 'J. Quinn'},R,skater,3.0,0.0,1.0,0.0,16:10,,,
2025030215,2026-05-14T23:00:00Z,Buffalo Sabres,8479359,{'default': 'B. Malenstyn'},L,skater,,0.0,0.0,1.0,09:21,,,
2025030215,2026-05-14T23:00:00Z,Buffalo Sabres,8480802,{'default': 'R. McLeod'},C,skater,1.0,0.0,0.0,0.0,13:23,,,
2025030215,2026-05-14T23:00:00Z,Buffalo Sabres,8479420,{'default': 'T. Thompson'},C,skater,3.0,0.0,0.0,0.0,20:05,,,
2025030215,2026-05-14T23:00:00Z,Buffalo Sabres,8477949,{'default': 'A. Tuch'},R,skater,2.0,0.0,0.0,2.0,16:59,,,
2025030215,2026-05-14T23:00:00Z,Buffalo Sabres,8482659,{'default': 'J. Doan'},R,skater,3.0,1.0,0.0,0.0,21:32,,,
2025030215,2026-05-14T23:00:00Z,Buffalo Sabres,8484797,{'default': 'K. Helenius'},C,skater,2.0,1.0,0.0,0.0,11:47,,,
2025030215,2026-05-14T23:00:00Z,Buffalo Sabres,8481524,{'default': 'B. Byram'},D,skater,4.0,0.0,0.0,2.0,21:47,,,
2025030215,2026-05-14T23:00:00Z,Buffalo Sabres,8474568,{'default': 'L. Schenn'},D,skater,,0.0,0.0,0.0,08:01,,,
2025030215,2026-05-14T23:00:00Z,Buffalo Sabres,8479982,{'default': 'C. Timmins'},D,skater,1.0,0.0,1.0,0.0,10:56,,,
2025030215,2026-05-14T23:00:00Z,Buffalo Sabres,8480807,{'default': 'M. Samuelsson'},D,skater,5.0,0.0,1.0,3.0,25:27,,,
2025030215,2026-05-14T23:00:00Z,Buffalo Sabres,8482671,{'default': 'O. Power'},D,skater,,0.0,1.0,1.0,21:52,,,
2025030215,2026-05-14T23:00:00Z,Buffalo Sabres,8480839,{'default': 'R. Dahlin'},D,skater,3.0,0.0,1.0,0.0,27:28,,,
2025030215,2026-05-14T23:00:00Z,Buffalo Sabres,8480045,{'default': 'U. Luukkonen'},G,goalie,,,,,40:00,18.0,23.0,L
2025030215,2026-05-14T23:00:00Z,Buffalo Sabres,8479312,{'default': 'A. Lyon'},G,goalie,,,,,13:39,2.0,3.0,
2025030215,2026-05-14T23:00:00Z,Montréal Canadiens,8481540,{'default': 'C. Caufield'},R,skater,3.0,1.0,0.0,0.0,16:48,,,
2025030215,2026-05-14T23:00:00Z,Montréal Canadiens,8480018,{'default': 'N. Suzuki'},C,skater,1.0,1.0,2.0,2.0,20:45,,,
2025030215,2026-05-14T23:00:00Z,Montréal Canadiens,8481618,{'default': 'A. Newhook'},C,skater,,0.0,1.0,1.0,16:15,,,
2025030215,2026-05-14T23:00:00Z,Montréal Canadiens,8476981,{'default': 'J. Anderson'},R,skater,1.0,1.0,0.0,1.0,14:29,,,
2025030215,2026-05-14T23:00:00Z,Montréal Canadiens,8483515,{'default': 'J. Slafkovský'},L,skater,2.0,0.0,3.0,1.0,19:17,,,
2025030215,2026-05-14T23:00:00Z,Montréal Canadiens,8476479,{'default': 'P. Danault'},C,skater,,0.0,2.0,1.0,16:00,,,
2025030215,2026-05-14T23:00:00Z,Montréal Canadiens,8478133,{'default': 'J. Evans'},C,skater,1.0,1.0,0.0,1.0,17:50,,,
2025030215,2026-05-14T23:00:00Z,Montréal Canadiens,8482737,{'default': 'Z. Bolduc'},R,skater,,0.0,0.0,0.0,09:52,,,
2025030215,2026-05-14T23:00:00Z,Montréal Canadiens,8481523,{'default': 'K. Dach'},C,skater,4.0,0.0,0.0,0.0,09:05,,,
2025030215,2026-05-14T23:00:00Z,Montréal Canadiens,8480074,{'default': 'A. Texier'},L,skater,3.0,1.0,0.0,0.0,12:27,,,
2025030215,2026-05-14T23:00:00Z,Montréal Canadiens,8480813,{'default': 'J. Veleno'},C,skater,1.0,0.0,0.0,0.0,09:56,,,
2025030215,2026-05-14T23:00:00Z,Montréal Canadiens,8484984,{'default': 'I. Demidov'},R,skater,5.0,1.0,1.0,1.0,14:44,,,
2025030215,2026-05-14T23:00:00Z,Montréal Canadiens,8476875,{'default': 'M. Matheson'},D,skater,1.0,0.0,0.0,4.0,26:18,,,
2025030215,2026-05-14T23:00:00Z,Montréal Canadiens,8482087,{'default': 'K. Guhle'},D,skater,1.0,0.0,0.0,5.0,20:38,,,
2025030215,2026-05-14T23:00:00Z,Montréal Canadiens,8478851,{'default': 'A. Carrier'},D,skater,1.0,0.0,1.0,4.0,23:27,,,
2025030215,2026-05-14T23:00:00Z,Montréal Canadiens,8483457,{'default': 'L. Hutson'},D,skater,1.0,0.0,2.0,0.0,20:33,,,
2025030215,2026-05-14T23:00:00Z,Montréal Canadiens,8480865,{'default': 'N. Dobson'},D,skater,1.0,0.0,0.0,3.0,20:20,,,
2025030215,2026-05-14T23:00:00Z,Montréal Canadiens,8482964,{'default': 'A. Xhekaj'},D,skater,,0.0,0.0,1.0,07:16,,,
2025030215,2026-05-14T23:00:00Z,Montréal Canadiens,8484170,{'default': 'J. Fowler'},G,goalie,,,,,00:00,0.0,,
2025030215,2026-05-14T23:00:00Z,Montréal Canadiens,8482487,{'default': 'J. Dobes'},G,goalie,,,,,60:00,33.0,36.0,W
2025030246,2026-05-15T01:30:00Z,Anaheim Ducks,8473986,{'default': 'A. Killorn'},L,skater,,0.0,0.0,0.0,21:11,,,
2025030246,2026-05-15T01:30:00Z,Anaheim Ducks,8478873,{'default': 'T. Terry'},R,skater,2.0,0.0,1.0,1.0,20:27,,,
2025030246,2026-05-15T01:30:00Z,Anaheim Ducks,8475184,{'default': 'C. Kreider'},L,skater,1.0,0.0,0.0,0.0,15:49,,,
2025030246,2026-05-15T01:30:00Z,Anaheim Ducks,8482745,{'default': 'M. McTavish'},C,skater,2.0,0.0,0.0,0.0,12:20,,,
2025030246,2026-05-15T01:30:00Z,Anaheim Ducks,8478424,{'default': 'J. Harkins'},C,skater,1.0,0.0,0.0,0.0,06:04,,,
2025030246,2026-05-15T01:30:00Z,Anaheim Ducks,8479705,{'default': 'J. Viel'},L,skater,,0.0,0.0,0.0,11:35,,,
2025030246,2026-05-15T01:30:00Z,Anaheim Ducks,8485512,{'default': 'T. Washe'},C,skater,1.0,0.0,0.0,1.0,14:17,,,
2025030246,2026-05-15T01:30:00Z,Anaheim Ducks,8477527,{'default': 'R. Johnston'},L,skater,1.0,0.0,0.0,0.0,08:46,,,
2025030246,2026-05-15T01:30:00Z,Anaheim Ducks,8484762,{'default': 'B. Sennecke'},R,skater,5.0,0.0,0.0,0.0,20:03,,,
2025030246,2026-05-15T01:30:00Z,Anaheim Ducks,8483445,{'default': 'C. Gauthier'},L,skater,2.0,0.0,0.0,0.0,17:34,,,
2025030246,2026-05-15T01:30:00Z,Anaheim Ducks,8475798,{'default': 'M. Granlund'},C,skater,4.0,1.0,0.0,0.0,24:09,,,
2025030246,2026-05-15T01:30:00Z,Anaheim Ducks,8484153,{'default': 'L. Carlsson'},C,skater,,0.0,1.0,0.0,16:45,,,
2025030246,2026-05-15T01:30:00Z,Anaheim Ducks,8481605,{'default': 'J. LaCombe'},D,skater,3.0,0.0,0.0,4.0,29:36,,,
2025030246,2026-05-15T01:30:00Z,Anaheim Ducks,8482178,{'default': 'I. Moore'},D,skater,1.0,0.0,0.0,0.0,09:30,,,
2025030246,2026-05-15T01:30:00Z,Anaheim Ducks,8482803,{'default': 'O. Zellweger'},D,skater,2.0,0.0,0.0,0.0,13:28,,,
2025030246,2026-05-15T01:30:00Z,Anaheim Ducks,8476885,{'default': 'J. Trouba'},D,skater,3.0,0.0,0.0,1.0,22:09,,,
2025030246,2026-05-15T01:30:00Z,Anaheim Ducks,8474590,{'default': 'J. Carlson'},D,skater,3.0,0.0,0.0,1.0,23:02,,,
2025030246,2026-05-15T01:30:00Z,Anaheim Ducks,8483490,"{'default': 'P. Mintyukov', 'cs': 'P. Mintjukov', 'fi': 'P. Mintjukov', 'sk': 'P. Mintjukov'}",D,skater,1.0,0.0,0.0,3.0,13:39,,,
2025030246,2026-05-15T01:30:00Z,Anaheim Ducks,8480843,"{'default': 'L. Dostal', 'cs': 'L. Dostál', 'sk': 'L. Dostál'}",G,goalie,,,,,55:31,16.0,21.0,L
2025030246,2026-05-15T01:30:00Z,Anaheim Ducks,8478024,{'default': 'V. Husso'},G,goalie,,,,,00:00,0.0,,
2025030246,2026-05-15T01:30:00Z,Vegas Golden Knights,8478403,{'default': 'J. Eichel'},C,skater,4.0,0.0,0.0,1.0,20:25,,,
2025030246,2026-05-15T01:30:00Z,Vegas Golden Knights,8476925,{'default': 'C. Sissons'},C,skater,,0.0,0.0,1.0,11:26,,,
2025030246,2026-05-15T01:30:00Z,Vegas Golden Knights,8481604,"{'default': 'P. Dorofeyev', 'cs': 'P. Dorofejev', 'fi': 'P. Dorofejev', 'sk': 'P. Dorofejev'}",R,skater,3.0,2.0,0.0,0.0,16:43,,,
2025030246,2026-05-15T01:30:00Z,Vegas Golden Knights,8476438,{'default': 'B. Saad'},L,skater,1.0,0.0,0.0,0.0,07:01,,,
2025030246,2026-05-15T01:30:00Z,Vegas Golden Knights,8479353,{'default': 'B. Howden'},C,skater,3.0,1.0,0.0,0.0,16:13,,,
2025030246,2026-05-15T01:30:00Z,Vegas Golden Knights,8482062,{'default': 'C. Smith'},R,skater,,0.0,0.0,1.0,10:44,,,
2025030246,2026-05-15T01:30:00Z,Vegas Golden Knights,8475343,{'default': 'N. Dowd'},C,skater,1.0,0.0,0.0,3.0,14:58,,,
2025030246,2026-05-15T01:30:00Z,Vegas Golden Knights,8476881,{'default': 'T. Hertl'},C,skater,1.0,0.0,1.0,0.0,09:05,,,
2025030246,2026-05-15T01:30:00Z,Vegas Golden Knights,8477964,"{'default': 'I. Barbashev', 'cs': 'I. Barbašev', 'fi': 'I. Barbashov', 'sk': 'I. Barbašev'}",L,skater,,0.0,1.0,0.0,17:01,,,
2025030246,2026-05-15T01:30:00Z,Vegas Golden Knights,8478434,{'default': 'K. Kolesar'},R,skater,,0.0,0.0,0.0,10:54,,,
2025030246,2026-05-15T01:30:00Z,Vegas Golden Knights,8476448,{'default': 'W. Karlsson'},C,skater,,0.0,1.0,0.0,17:32,,,
2025030246,2026-05-15T01:30:00Z,Vegas Golden Knights,8478483,{'default': 'M. Marner'},R,skater,1.0,1.0,1.0,0.0,18:11,,,
2025030246,2026-05-15T01:30:00Z,Vegas Golden Knights,8478397,{'default': 'R. Andersson'},D,skater,1.0,0.0,1.0,0.0,26:04,,,
2025030246,2026-05-15T01:30:00Z,Vegas Golden Knights,8481527,{'default': 'K. Korczak'},D,skater,,0.0,0.0,1.0,10:26,,,
2025030246,2026-05-15T01:30:00Z,Vegas Golden Knights,8478396,{'default': 'N. Hanifin'},D,skater,2.0,0.0,1.0,1.0,25:55,,,
2025030246,2026-05-15T01:30:00Z,Vegas Golden Knights,8477018,{'default': 'B. Hutton'},D,skater,1.0,0.0,0.0,1.0,12:27,,,
2025030246,2026-05-15T01:30:00Z,Vegas Golden Knights,8477447,{'default': 'S. Theodore'},D,skater,1.0,1.0,1.0,2.0,24:38,,,
2025030246,2026-05-15T01:30:00Z,Vegas Golden Knights,8479639,{'default': 'D. Coghlan'},D,skater,2.0,0.0,0.0,2.0,19:30,,,
2025030246,2026-05-15T01:30:00Z,Vegas Golden Knights,8478499,{'default': 'A. Hill'},G,goalie,,,,,00:00,0.0,,
2025030246,2026-05-15T01:30:00Z,Vegas Golden Knights,8479394,{'default': 'C. Hart'},G,goalie,,,,,60:00,31.0,32.0,W
2025030216,2026-05-17T00:00:00Z,Montréal Canadiens,8481540,{'default': 'C. Caufield'},R,skater,2.0,0.0,1.0,0.0,16:01,,,
2025030216,2026-05-17T00:00:00Z,Montréal Canadiens,8480018,{'default': 'N. Suzuki'},C,skater,2.0,0.0,0.0,0.0,19:20,,,
2025030216,2026-05-17T00:00:00Z,Montréal Canadiens,8481618,{'default': 'A. Newhook'},C,skater,3.0,0.0,0.0,1.0,16:32,,,
2025030216,2026-05-17T00:00:00Z,Montréal Canadiens,8476981,{'default': 'J. Anderson'},R,skater,1.0,0.0,0.0,0.0,14:03,,,
2025030216,2026-05-17T00:00:00Z,Montréal Canadiens,8483515,{'default': 'J. Slafkovský'},L,skater,3.0,0.0,0.0,1.0,17:46,,,
2025030216,2026-05-17T00:00:00Z,Montréal Canadiens,8476479,{'default': 'P. Danault'},C,skater,,0.0,0.0,1.0,12:06,,,
2025030216,2026-05-17T00:00:00Z,Montréal Canadiens,8478133,{'default': 'J. Evans'},C,skater,1.0,1.0,1.0,1.0,16:13,,,
2025030216,2026-05-17T00:00:00Z,Montréal Canadiens,8482737,{'default': 'Z. Bolduc'},R,skater,,0.0,0.0,0.0,13:39,,,
2025030216,2026-05-17T00:00:00Z,Montréal Canadiens,8481523,{'default': 'K. Dach'},C,skater,2.0,0.0,0.0,0.0,11:24,,,
2025030216,2026-05-17T00:00:00Z,Montréal Canadiens,8480074,{'default': 'A. Texier'},L,skater,,0.0,0.0,0.0,13:04,,,
2025030216,2026-05-17T00:00:00Z,Montréal Canadiens,8480813,{'default': 'J. Veleno'},C,skater,,0.0,0.0,0.0,09:59,,,
2025030216,2026-05-17T00:00:00Z,Montréal Canadiens,8484984,{'default': 'I. Demidov'},R,skater,5.0,1.0,0.0,0.0,17:14,,,
2025030216,2026-05-17T00:00:00Z,Montréal Canadiens,8476875,{'default': 'M. Matheson'},D,skater,,0.0,1.0,1.0,22:05,,,
2025030216,2026-05-17T00:00:00Z,Montréal Canadiens,8482087,{'default': 'K. Guhle'},D,skater,,0.0,0.0,0.0,19:27,,,
2025030216,2026-05-17T00:00:00Z,Montréal Canadiens,8478851,{'default': 'A. Carrier'},D,skater,,0.0,0.0,0.0,17:32,,,
2025030216,2026-05-17T00:00:00Z,Montréal Canadiens,8483457,{'default': 'L. Hutson'},D,skater,1.0,0.0,1.0,2.0,24:28,,,
2025030216,2026-05-17T00:00:00Z,Montréal Canadiens,8480865,{'default': 'N. Dobson'},D,skater,1.0,0.0,0.0,1.0,25:22,,,
2025030216,2026-05-17T00:00:00Z,Montréal Canadiens,8482964,{'default': 'A. Xhekaj'},D,skater,1.0,1.0,0.0,1.0,07:12,,,
2025030216,2026-05-17T00:00:00Z,Montréal Canadiens,8484170,{'default': 'J. Fowler'},G,goalie,,,,,08:23,1.0,2.0,
2025030216,2026-05-17T00:00:00Z,Montréal Canadiens,8482487,{'default': 'J. Dobes'},G,goalie,,,,,49:58,27.0,33.0,L
2025030216,2026-05-17T00:00:00Z,Buffalo Sabres,8484145,{'default': 'Z. Benson'},L,skater,6.0,1.0,1.0,2.0,20:04,,,
2025030216,2026-05-17T00:00:00Z,Buffalo Sabres,8480064,{'default': 'J. Norris'},C,skater,2.0,0.0,1.0,0.0,15:27,,,
2025030216,2026-05-17T00:00:00Z,Buffalo Sabres,8478413,{'default': 'J. Greenway'},L,skater,,0.0,0.0,1.0,08:15,,,
2025030216,2026-05-17T00:00:00Z,Buffalo Sabres,8475722,{'default': 'J. Zucker'},L,skater,2.0,1.0,1.0,0.0,13:29,,,
2025030216,2026-05-17T00:00:00Z,Buffalo Sabres,8481522,{'default': 'P. Krebs'},C,skater,,0.0,0.0,0.0,06:25,,,
2025030216,2026-05-17T00:00:00Z,Buffalo Sabres,8482097,{'default': 'J. Quinn'},R,skater,3.0,2.0,1.0,1.0,18:18,,,
2025030216,2026-05-17T00:00:00Z,Buffalo Sabres,8479359,{'default': 'B. Malenstyn'},L,skater,1.0,0.0,0.0,0.0,08:22,,,
2025030216,2026-05-17T00:00:00Z,Buffalo Sabres,8480802,{'default': 'R. McLeod'},C,skater,1.0,0.0,1.0,1.0,21:56,,,
2025030216,2026-05-17T00:00:00Z,Buffalo Sabres,8479420,{'default': 'T. Thompson'},C,skater,6.0,1.0,3.0,0.0,18:14,,,
2025030216,2026-05-17T00:00:00Z,Buffalo Sabres,8477949,{'default': 'A. Tuch'},R,skater,4.0,0.0,0.0,1.0,19:10,,,
2025030216,2026-05-17T00:00:00Z,Buffalo Sabres,8482659,{'default': 'J. Doan'},R,skater,2.0,0.0,0.0,0.0,16:31,,,
2025030216,2026-05-17T00:00:00Z,Buffalo Sabres,8484797,{'default': 'K. Helenius'},C,skater,2.0,1.0,0.0,2.0,12:36,,,
2025030216,2026-05-17T00:00:00Z,Buffalo Sabres,8481524,{'default': 'B. Byram'},D,skater,2.0,0.0,1.0,1.0,19:53,,,
2025030216,2026-05-17T00:00:00Z,Buffalo Sabres,8479982,{'default': 'C. Timmins'},D,skater,,0.0,0.0,5.0,17:26,,,
2025030216,2026-05-17T00:00:00Z,Buffalo Sabres,8480807,{'default': 'M. Samuelsson'},D,skater,1.0,0.0,1.0,1.0,22:53,,,
2025030216,2026-05-17T00:00:00Z,Buffalo Sabres,8482671,{'default': 'O. Power'},D,skater,,0.0,0.0,2.0,22:22,,,
2025030216,2026-05-17T00:00:00Z,Buffalo Sabres,8480839,{'default': 'R. Dahlin'},D,skater,3.0,1.0,4.0,0.0,19:56,,,
2025030216,2026-05-17T00:00:00Z,Buffalo Sabres,8484305,{'default': 'Z. Metsa'},D,skater,1.0,1.0,0.0,1.0,12:19,,,
2025030216,2026-05-17T00:00:00Z,Buffalo Sabres,8480045,{'default': 'U. Luukkonen'},G,goalie,,,,,49:41,18.0,18.0,W
2025030216,2026-05-17T00:00:00Z,Buffalo Sabres,8479312,{'default': 'A. Lyon'},G,goalie,,,,,10:14,1.0,4.0,
2025030217,2026-05-18T23:30:00Z,Buffalo Sabres,8484145,{'default': 'Z. Benson'},L,skater,2.0,0.0,0.0,0.0,24:07,,,
2025030217,2026-05-18T23:30:00Z,Buffalo Sabres,8480064,{'default': 'J. Norris'},C,skater,1.0,0.0,0.0,0.0,21:37,,,
2025030217,2026-05-18T23:30:00Z,Buffalo Sabres,8478413,{'default': 'J. Greenway'},L,skater,2.0,1.0,0.0,0.0,11:11,,,
2025030217,2026-05-18T23:30:00Z,Buffalo Sabres,8475722,{'default': 'J. Zucker'},L,skater,,0.0,0.0,1.0,16:39,,,
2025030217,2026-05-18T23:30:00Z,Buffalo Sabres,8481522,{'default': 'P. Krebs'},C,skater,1.0,0.0,0.0,2.0,11:13,,,
2025030217,2026-05-18T23:30:00Z,Buffalo Sabres,8482097,{'default': 'J. Quinn'},R,skater,2.0,0.0,0.0,0.0,19:12,,,
2025030217,2026-05-18T23:30:00Z,Buffalo Sabres,8479359,{'default': 'B. Malenstyn'},L,skater,1.0,0.0,1.0,0.0,10:42,,,
2025030217,2026-05-18T23:30:00Z,Buffalo Sabres,8480802,{'default': 'R. McLeod'},C,skater,2.0,0.0,1.0,0.0,20:39,,,
2025030217,2026-05-18T23:30:00Z,Buffalo Sabres,8479420,{'default': 'T. Thompson'},C,skater,5.0,0.0,0.0,0.0,21:56,,,
2025030217,2026-05-18T23:30:00Z,Buffalo Sabres,8477949,{'default': 'A. Tuch'},R,skater,5.0,0.0,0.0,2.0,21:25,,,
2025030217,2026-05-18T23:30:00Z,Buffalo Sabres,8482659,{'default': 'J. Doan'},R,skater,3.0,0.0,0.0,1.0,18:38,,,
2025030217,2026-05-18T23:30:00Z,Buffalo Sabres,8484797,{'default': 'K. Helenius'},C,skater,3.0,0.0,0.0,1.0,16:37,,,
2025030217,2026-05-18T23:30:00Z,Buffalo Sabres,8481524,{'default': 'B. Byram'},D,skater,1.0,0.0,0.0,1.0,28:18,,,
2025030217,2026-05-18T23:30:00Z,Buffalo Sabres,8479982,{'default': 'C. Timmins'},D,skater,3.0,0.0,0.0,0.0,18:43,,,
2025030217,2026-05-18T23:30:00Z,Buffalo Sabres,8480807,{'default': 'M. Samuelsson'},D,skater,2.0,0.0,1.0,2.0,28:35,,,
2025030217,2026-05-18T23:30:00Z,Buffalo Sabres,8482671,{'default': 'O. Power'},D,skater,1.0,0.0,1.0,0.0,28:47,,,
2025030217,2026-05-18T23:30:00Z,Buffalo Sabres,8480839,{'default': 'R. Dahlin'},D,skater,5.0,1.0,0.0,1.0,33:11,,,
2025030217,2026-05-18T23:30:00Z,Buffalo Sabres,8484305,{'default': 'Z. Metsa'},D,skater,,0.0,0.0,0.0,03:25,,,
2025030217,2026-05-18T23:30:00Z,Buffalo Sabres,8480045,{'default': 'U. Luukkonen'},G,goalie,,,,,71:22,22.0,25.0,L
2025030217,2026-05-18T23:30:00Z,Buffalo Sabres,8479312,{'default': 'A. Lyon'},G,goalie,,,,,00:00,0.0,,
2025030217,2026-05-18T23:30:00Z,Montréal Canadiens,8481540,{'default': 'C. Caufield'},R,skater,5.0,0.0,0.0,1.0,21:16,,,
2025030217,2026-05-18T23:30:00Z,Montréal Canadiens,8480018,{'default': 'N. Suzuki'},C,skater,1.0,0.0,1.0,2.0,29:30,,,
2025030217,2026-05-18T23:30:00Z,Montréal Canadiens,8481618,{'default': 'A. Newhook'},C,skater,2.0,1.0,0.0,0.0,19:52,,,
2025030217,2026-05-18T23:30:00Z,Montréal Canadiens,8476981,{'default': 'J. Anderson'},R,skater,3.0,0.0,0.0,1.0,17:10,,,
2025030217,2026-05-18T23:30:00Z,Montréal Canadiens,8483515,{'default': 'J. Slafkovský'},L,skater,3.0,0.0,0.0,0.0,23:07,,,
2025030217,2026-05-18T23:30:00Z,Montréal Canadiens,8476479,{'default': 'P. Danault'},C,skater,2.0,1.0,0.0,1.0,17:16,,,
2025030217,2026-05-18T23:30:00Z,Montréal Canadiens,8478133,{'default': 'J. Evans'},C,skater,,0.0,0.0,0.0,22:33,,,
2025030217,2026-05-18T23:30:00Z,Montréal Canadiens,8482737,{'default': 'Z. Bolduc'},R,skater,2.0,1.0,0.0,1.0,09:11,,,
2025030217,2026-05-18T23:30:00Z,Montréal Canadiens,8481523,{'default': 'K. Dach'},C,skater,1.0,0.0,0.0,1.0,08:58,,,
2025030217,2026-05-18T23:30:00Z,Montréal Canadiens,8480074,{'default': 'A. Texier'},L,skater,,0.0,1.0,0.0,17:51,,,
2025030217,2026-05-18T23:30:00Z,Montréal Canadiens,8482775,{'default': 'O. Kapanen'},C,skater,1.0,0.0,0.0,0.0,04:45,,,
2025030217,2026-05-18T23:30:00Z,Montréal Canadiens,8484984,{'default': 'I. Demidov'},R,skater,,0.0,0.0,0.0,22:19,,,
2025030217,2026-05-18T23:30:00Z,Montréal Canadiens,8476875,{'default': 'M. Matheson'},D,skater,1.0,0.0,0.0,2.0,31:28,,,
2025030217,2026-05-18T23:30:00Z,Montréal Canadiens,8482087,{'default': 'K. Guhle'},D,skater,1.0,0.0,1.0,4.0,22:52,,,
2025030217,2026-05-18T23:30:00Z,Montréal Canadiens,8478851,{'default': 'A. Carrier'},D,skater,1.0,0.0,1.0,5.0,27:03,,,
2025030217,2026-05-18T23:30:00Z,Montréal Canadiens,8483457,{'default': 'L. Hutson'},D,skater,1.0,0.0,1.0,3.0,31:17,,,
2025030217,2026-05-18T23:30:00Z,Montréal Canadiens,8480865,{'default': 'N. Dobson'},D,skater,1.0,0.0,0.0,1.0,26:30,,,
2025030217,2026-05-18T23:30:00Z,Montréal Canadiens,8482964,{'default': 'A. Xhekaj'},D,skater,,0.0,0.0,0.0,01:52,,,
2025030217,2026-05-18T23:30:00Z,Montréal Canadiens,8484170,{'default': 'J. Fowler'},G,goalie,,,,,00:00,0.0,,
2025030217,2026-05-18T23:30:00Z,Montréal Canadiens,8482487,{'default': 'J. Dobes'},G,goalie,,,,,71:22,37.0,39.0,W
2025030321,2026-05-21T00:00:00Z,Colorado Avalanche,8478462,{'default': 'N. Roy'},C,skater,1.0,0.0,0.0,0.0,12:40,,,
2025030321,2026-05-21T00:00:00Z,Colorado Avalanche,8475754,{'default': 'B. Nelson'},C,skater,4.0,0.0,0.0,1.0,18:15,,,
2025030321,2026-05-21T00:00:00Z,Colorado Avalanche,8477501,"{'default': 'V. Nichushkin', 'cs': 'V. Ničuškin', 'fi': 'V. Nitshushkin', 'sk': 'V. Ničuškin'}",R,skater,3.0,1.0,0.0,0.0,13:39,,,
2025030321,2026-05-21T00:00:00Z,Colorado Avalanche,8480448,{'default': 'P. Kelly'},C,skater,1.0,0.0,0.0,0.0,08:57,,,
2025030321,2026-05-21T00:00:00Z,Colorado Avalanche,8480835,{'default': 'J. Drury'},C,skater,1.0,0.0,0.0,0.0,09:55,,,
2025030321,2026-05-21T00:00:00Z,Colorado Avalanche,8479525,{'default': 'R. Colton'},C,skater,3.0,0.0,1.0,1.0,09:55,,,
2025030321,2026-05-21T00:00:00Z,Colorado Avalanche,8481186,"{'default': ""L. O'Connor""}",R,skater,2.0,0.0,0.0,0.0,10:16,,,
2025030321,2026-05-21T00:00:00Z,Colorado Avalanche,8477492,{'default': 'N. MacKinnon'},C,skater,3.0,0.0,1.0,0.0,21:32,,,
2025030321,2026-05-21T00:00:00Z,Colorado Avalanche,8477476,{'default': 'A. Lehkonen'},L,skater,1.0,0.0,0.0,0.0,15:42,,,
2025030321,2026-05-21T00:00:00Z,Colorado Avalanche,8480039,"{'default': 'M. Necas', 'cs': 'M. Nečas', 'sk': 'M. Nečas'}",C,skater,3.0,0.0,0.0,0.0,23:41,,,
2025030321,2026-05-21T00:00:00Z,Colorado Avalanche,8475172,{'default': 'N. Kadri'},C,skater,5.0,0.0,0.0,0.0,19:26,,,
2025030321,2026-05-21T00:00:00Z,Colorado Avalanche,8476455,{'default': 'G. Landeskog'},L,skater,3.0,1.0,0.0,0.0,21:21,,,
2025030321,2026-05-21T00:00:00Z,Colorado Avalanche,8478038,{'default': 'D. Toews'},D,skater,2.0,0.0,1.0,1.0,27:32,,,
2025030321,2026-05-21T00:00:00Z,Colorado Avalanche,8482072,{'default': 'J. Ahcan'},D,skater,,0.0,0.0,2.0,07:34,,,
2025030321,2026-05-21T00:00:00Z,Colorado Avalanche,8476967,{'default': 'B. Kulak'},D,skater,1.0,0.0,0.0,0.0,23:06,,,
2025030321,2026-05-21T00:00:00Z,Colorado Avalanche,8476312,{'default': 'J. Manson'},D,skater,2.0,0.0,0.0,2.0,19:02,,,
2025030321,2026-05-21T00:00:00Z,Colorado Avalanche,8484258,{'default': 'S. Malinski'},D,skater,1.0,0.0,0.0,1.0,20:31,,,
2025030321,2026-05-21T00:00:00Z,Colorado Avalanche,8470613,{'default': 'B. Burns'},D,skater,2.0,0.0,0.0,3.0,16:55,,,
2025030321,2026-05-21T00:00:00Z,Colorado Avalanche,8478406,{'default': 'M. Blackwood'},G,goalie,,,,,00:00,0.0,,
2025030321,2026-05-21T00:00:00Z,Colorado Avalanche,8475809,{'default': 'S. Wedgewood'},G,goalie,,,,,57:15,24.0,27.0,L
2025030321,2026-05-21T00:00:00Z,Vegas Golden Knights,8478403,{'default': 'J. Eichel'},C,skater,3.0,0.0,1.0,1.0,19:32,,,
2025030321,2026-05-21T00:00:00Z,Vegas Golden Knights,8476925,{'default': 'C. Sissons'},C,skater,1.0,0.0,1.0,2.0,11:28,,,
2025030321,2026-05-21T00:00:00Z,Vegas Golden Knights,8481604,"{'default': 'P. Dorofeyev', 'cs': 'P. Dorofejev', 'fi': 'P. Dorofejev', 'sk': 'P. Dorofejev'}",R,skater,3.0,1.0,0.0,0.0,14:21,,,
2025030321,2026-05-21T00:00:00Z,Vegas Golden Knights,8476438,{'default': 'B. Saad'},L,skater,,0.0,1.0,0.0,08:10,,,
2025030321,2026-05-21T00:00:00Z,Vegas Golden Knights,8479353,{'default': 'B. Howden'},C,skater,4.0,1.0,0.0,1.0,18:11,,,
2025030321,2026-05-21T00:00:00Z,Vegas Golden Knights,8482062,{'default': 'C. Smith'},R,skater,,0.0,0.0,0.0,11:56,,,
2025030321,2026-05-21T00:00:00Z,Vegas Golden Knights,8475343,{'default': 'N. Dowd'},C,skater,1.0,1.0,0.0,2.0,13:18,,,
2025030321,2026-05-21T00:00:00Z,Vegas Golden Knights,8476881,{'default': 'T. Hertl'},C,skater,1.0,0.0,1.0,0.0,10:45,,,
2025030321,2026-05-21T00:00:00Z,Vegas Golden Knights,8477964,"{'default': 'I. Barbashev', 'cs': 'I. Barbašev', 'fi': 'I. Barbashov', 'sk': 'I. Barbašev'}",L,skater,2.0,0.0,0.0,0.0,16:25,,,
2025030321,2026-05-21T00:00:00Z,Vegas Golden Knights,8478434,{'default': 'K. Kolesar'},R,skater,1.0,0.0,0.0,0.0,10:02,,,
2025030321,2026-05-21T00:00:00Z,Vegas Golden Knights,8476448,{'default': 'W. Karlsson'},C,skater,1.0,0.0,0.0,4.0,21:11,,,
2025030321,2026-05-21T00:00:00Z,Vegas Golden Knights,8478483,{'default': 'M. Marner'},R,skater,2.0,0.0,1.0,0.0,21:35,,,
2025030321,2026-05-21T00:00:00Z,Vegas Golden Knights,8475188,{'default': 'B. McNabb'},D,skater,1.0,0.0,0.0,3.0,25:42,,,
2025030321,2026-05-21T00:00:00Z,Vegas Golden Knights,8478397,{'default': 'R. Andersson'},D,skater,,0.0,1.0,2.0,23:32,,,
2025030321,2026-05-21T00:00:00Z,Vegas Golden Knights,8478396,{'default': 'N. Hanifin'},D,skater,1.0,0.0,0.0,1.0,23:29,,,
2025030321,2026-05-21T00:00:00Z,Vegas Golden Knights,8477018,{'default': 'B. Hutton'},D,skater,1.0,0.0,1.0,0.0,10:01,,,
2025030321,2026-05-21T00:00:00Z,Vegas Golden Knights,8477447,{'default': 'S. Theodore'},D,skater,5.0,0.0,0.0,7.0,27:22,,,
2025030321,2026-05-21T00:00:00Z,Vegas Golden Knights,8479639,{'default': 'D. Coghlan'},D,skater,1.0,1.0,0.0,0.0,08:13,,,
2025030321,2026-05-21T00:00:00Z,Vegas Golden Knights,8478499,{'default': 'A. Hill'},G,goalie,,,,,00:00,0.0,,
2025030321,2026-05-21T00:00:00Z,Vegas Golden Knights,8479394,{'default': 'C. Hart'},G,goalie,,,,,60:00,36.0,38.0,W
2025030311,2026-05-22T00:00:00Z,Carolina Hurricanes,8473533,{'default': 'J. Staal'},C,skater,,0.0,0.0,0.0,13:33,,,
2025030311,2026-05-22T00:00:00Z,Carolina Hurricanes,8478427,{'default': 'S. Aho'},C,skater,3.0,0.0,1.0,1.0,16:38,,,
2025030311,2026-05-22T00:00:00Z,Carolina Hurricanes,8482702,{'default': 'L. Stankoven'},C,skater,2.0,0.0,0.0,0.0,17:21,,,
2025030311,2026-05-22T00:00:00Z,Carolina Hurricanes,8482093,{'default': 'S. Jarvis'},R,skater,5.0,1.0,0.0,0.0,15:31,,,
2025030311,2026-05-22T00:00:00Z,Carolina Hurricanes,8477940,{'default': 'N. Ehlers'},L,skater,1.0,0.0,0.0,0.0,17:46,,,
2025030311,2026-05-22T00:00:00Z,Carolina Hurricanes,8477478,{'default': 'W. Carrier'},L,skater,1.0,0.0,1.0,0.0,09:37,,,
2025030311,2026-05-22T00:00:00Z,Carolina Hurricanes,8480830,"{'default': 'A. Svechnikov', 'cs': 'A. Svečnikov', 'fi': 'A. Svetshnikov', 'sk': 'A. Svečnikov'}",R,skater,2.0,0.0,1.0,1.0,14:36,,,
2025030311,2026-05-22T00:00:00Z,Carolina Hurricanes,8476921,{'default': 'J. Martinook'},L,skater,2.0,0.0,0.0,1.0,12:46,,,
2025030311,2026-05-22T00:00:00Z,Carolina Hurricanes,8480762,{'default': 'E. Robinson'},L,skater,1.0,1.0,0.0,1.0,10:35,,,
2025030311,2026-05-22T00:00:00Z,Carolina Hurricanes,8482809,{'default': 'J. Blake'},R,skater,4.0,0.0,0.0,0.0,19:46,,,
2025030311,2026-05-22T00:00:00Z,Carolina Hurricanes,8475791,{'default': 'T. Hall'},L,skater,1.0,0.0,0.0,1.0,17:05,,,
2025030311,2026-05-22T00:00:00Z,Carolina Hurricanes,8476873,{'default': 'M. Jankowski'},L,skater,1.0,0.0,0.0,0.0,11:45,,,
2025030311,2026-05-22T00:00:00Z,Carolina Hurricanes,8476906,{'default': 'S. Gostisbehere'},D,skater,,0.0,0.0,0.0,18:41,,,
2025030311,2026-05-22T00:00:00Z,Carolina Hurricanes,8478970,{'default': 'J. Chatfield'},D,skater,2.0,0.0,0.0,2.0,18:58,,,
2025030311,2026-05-22T00:00:00Z,Carolina Hurricanes,8480817,{'default': 'K. Miller'},D,skater,1.0,0.0,0.0,1.0,21:17,,,
2025030311,2026-05-22T00:00:00Z,Carolina Hurricanes,8482100,{'default': 'A. Nikishin'},D,skater,1.0,0.0,0.0,0.0,17:25,,,
2025030311,2026-05-22T00:00:00Z,Carolina Hurricanes,8480336,{'default': 'S. Walker'},D,skater,1.0,0.0,0.0,1.0,20:40,,,
2025030311,2026-05-22T00:00:00Z,Carolina Hurricanes,8476958,{'default': 'J. Slavin'},D,skater,,0.0,0.0,3.0,20:49,,,
2025030311,2026-05-22T00:00:00Z,Carolina Hurricanes,8475883,{'default': 'F. Andersen'},G,goalie,,,,,57:11,16.0,21.0,L
2025030311,2026-05-22T00:00:00Z,Carolina Hurricanes,8483548,{'default': 'B. Bussi'},G,goalie,,,,,00:00,0.0,,
2025030311,2026-05-22T00:00:00Z,Montréal Canadiens,8481540,{'default': 'C. Caufield'},R,skater,1.0,1.0,1.0,0.0,15:19,,,
2025030311,2026-05-22T00:00:00Z,Montréal Canadiens,8480018,{'default': 'N. Suzuki'},C,skater,4.0,0.0,3.0,1.0,18:30,,,
2025030311,2026-05-22T00:00:00Z,Montréal Canadiens,8481618,{'default': 'A. Newhook'},C,skater,,0.0,1.0,1.0,17:45,,,
2025030311,2026-05-22T00:00:00Z,Montréal Canadiens,8476981,{'default': 'J. Anderson'},R,skater,,0.0,0.0,0.0,14:36,,,
2025030311,2026-05-22T00:00:00Z,Montréal Canadiens,8483515,{'default': 'J. Slafkovský'},L,skater,4.0,2.0,1.0,1.0,16:41,,,
2025030311,2026-05-22T00:00:00Z,Montréal Canadiens,8476479,{'default': 'P. Danault'},C,skater,2.0,1.0,1.0,4.0,15:49,,,
2025030311,2026-05-22T00:00:00Z,Montréal Canadiens,8478133,{'default': 'J. Evans'},C,skater,,0.0,1.0,2.0,17:06,,,
2025030311,2026-05-22T00:00:00Z,Montréal Canadiens,8482737,{'default': 'Z. Bolduc'},R,skater,1.0,0.0,0.0,1.0,11:30,,,
2025030311,2026-05-22T00:00:00Z,Montréal Canadiens,8481523,{'default': 'K. Dach'},C,skater,1.0,0.0,0.0,0.0,10:39,,,
2025030311,2026-05-22T00:00:00Z,Montréal Canadiens,8480074,{'default': 'A. Texier'},L,skater,2.0,1.0,0.0,0.0,14:23,,,
2025030311,2026-05-22T00:00:00Z,Montréal Canadiens,8482775,{'default': 'O. Kapanen'},C,skater,,0.0,0.0,0.0,08:59,,,
2025030311,2026-05-22T00:00:00Z,Montréal Canadiens,8484984,{'default': 'I. Demidov'},R,skater,3.0,1.0,0.0,1.0,12:16,,,
2025030311,2026-05-22T00:00:00Z,Montréal Canadiens,8476875,{'default': 'M. Matheson'},D,skater,1.0,0.0,0.0,2.0,21:04,,,
2025030311,2026-05-22T00:00:00Z,Montréal Canadiens,8482087,{'default': 'K. Guhle'},D,skater,,0.0,1.0,2.0,18:48,,,
2025030311,2026-05-22T00:00:00Z,Montréal Canadiens,8478851,{'default': 'A. Carrier'},D,skater,,0.0,1.0,3.0,19:14,,,
2025030311,2026-05-22T00:00:00Z,Montréal Canadiens,8481593,{'default': 'J. Struble'},D,skater,1.0,0.0,0.0,3.0,14:10,,,
2025030311,2026-05-22T00:00:00Z,Montréal Canadiens,8483457,{'default': 'L. Hutson'},D,skater,1.0,0.0,0.0,5.0,22:36,,,
2025030311,2026-05-22T00:00:00Z,Montréal Canadiens,8480865,{'default': 'N. Dobson'},D,skater,1.0,0.0,0.0,3.0,22:35,,,
2025030311,2026-05-22T00:00:00Z,Montréal Canadiens,8484170,{'default': 'J. Fowler'},G,goalie,,,,,00:00,0.0,,
2025030311,2026-05-22T00:00:00Z,Montréal Canadiens,8482487,{'default': 'J. Dobes'},G,goalie,,,,,60:00,26.0,28.0,W
2025030322,2026-05-23T00:00:00Z,Colorado Avalanche,8478462,{'default': 'N. Roy'},C,skater,1.0,0.0,0.0,0.0,11:39,,,
2025030322,2026-05-23T00:00:00Z,Colorado Avalanche,8475754,{'default': 'B. Nelson'},C,skater,1.0,0.0,0.0,2.0,18:06,,,
2025030322,2026-05-23T00:00:00Z,Colorado Avalanche,8477501,"{'default': 'V. Nichushkin', 'cs': 'V. Ničuškin', 'fi': 'V. Nitshushkin', 'sk': 'V. Ničuškin'}",R,skater,2.0,0.0,0.0,0.0,15:07,,,
2025030322,2026-05-23T00:00:00Z,Colorado Avalanche,8480448,{'default': 'P. Kelly'},C,skater,,0.0,0.0,0.0,09:52,,,
2025030322,2026-05-23T00:00:00Z,Colorado Avalanche,8480835,{'default': 'J. Drury'},C,skater,,0.0,0.0,2.0,09:56,,,
2025030322,2026-05-23T00:00:00Z,Colorado Avalanche,8479525,{'default': 'R. Colton'},C,skater,1.0,1.0,0.0,0.0,08:18,,,
2025030322,2026-05-23T00:00:00Z,Colorado Avalanche,8481186,"{'default': ""L. O'Connor""}",R,skater,1.0,0.0,0.0,0.0,09:35,,,
2025030322,2026-05-23T00:00:00Z,Colorado Avalanche,8477492,{'default': 'N. MacKinnon'},C,skater,1.0,0.0,0.0,2.0,22:30,,,
2025030322,2026-05-23T00:00:00Z,Colorado Avalanche,8477476,{'default': 'A. Lehkonen'},L,skater,3.0,0.0,0.0,2.0,16:23,,,
2025030322,2026-05-23T00:00:00Z,Colorado Avalanche,8480039,"{'default': 'M. Necas', 'cs': 'M. Nečas', 'sk': 'M. Nečas'}",C,skater,2.0,0.0,0.0,0.0,21:05,,,
2025030322,2026-05-23T00:00:00Z,Colorado Avalanche,8475172,{'default': 'N. Kadri'},C,skater,2.0,0.0,1.0,0.0,17:48,,,
2025030322,2026-05-23T00:00:00Z,Colorado Avalanche,8476455,{'default': 'G. Landeskog'},L,skater,3.0,0.0,0.0,0.0,20:16,,,
2025030322,2026-05-23T00:00:00Z,Colorado Avalanche,8478038,{'default': 'D. Toews'},D,skater,3.0,0.0,0.0,4.0,28:59,,,
2025030322,2026-05-23T00:00:00Z,Colorado Avalanche,8476967,{'default': 'B. Kulak'},D,skater,1.0,0.0,0.0,4.0,20:07,,,
2025030322,2026-05-23T00:00:00Z,Colorado Avalanche,8483565,{'default': 'N. Blankenburg'},D,skater,,0.0,0.0,0.0,09:21,,,
2025030322,2026-05-23T00:00:00Z,Colorado Avalanche,8476312,{'default': 'J. Manson'},D,skater,2.0,0.0,0.0,1.0,16:45,,,
2025030322,2026-05-23T00:00:00Z,Colorado Avalanche,8484258,{'default': 'S. Malinski'},D,skater,3.0,0.0,0.0,1.0,20:40,,,
2025030322,2026-05-23T00:00:00Z,Colorado Avalanche,8470613,{'default': 'B. Burns'},D,skater,5.0,0.0,1.0,2.0,20:01,,,
2025030322,2026-05-23T00:00:00Z,Colorado Avalanche,8478406,{'default': 'M. Blackwood'},G,goalie,,,,,00:00,0.0,,
2025030322,2026-05-23T00:00:00Z,Colorado Avalanche,8475809,{'default': 'S. Wedgewood'},G,goalie,,,,,55:32,22.0,24.0,L
2025030322,2026-05-23T00:00:00Z,Vegas Golden Knights,8478403,{'default': 'J. Eichel'},C,skater,2.0,1.0,1.0,2.0,19:06,,,
2025030322,2026-05-23T00:00:00Z,Vegas Golden Knights,8476925,{'default': 'C. Sissons'},C,skater,1.0,0.0,0.0,0.0,13:43,,,
2025030322,2026-05-23T00:00:00Z,Vegas Golden Knights,8481604,"{'default': 'P. Dorofeyev', 'cs': 'P. Dorofejev', 'fi': 'P. Dorofejev', 'sk': 'P. Dorofejev'}",R,skater,2.0,0.0,2.0,1.0,17:56,,,
2025030322,2026-05-23T00:00:00Z,Vegas Golden Knights,8476438,{'default': 'B. Saad'},L,skater,2.0,0.0,0.0,0.0,09:18,,,
2025030322,2026-05-23T00:00:00Z,Vegas Golden Knights,8479353,{'default': 'B. Howden'},C,skater,1.0,0.0,0.0,1.0,17:09,,,
2025030322,2026-05-23T00:00:00Z,Vegas Golden Knights,8482062,{'default': 'C. Smith'},R,skater,1.0,0.0,0.0,1.0,09:48,,,
2025030322,2026-05-23T00:00:00Z,Vegas Golden Knights,8475343,{'default': 'N. Dowd'},C,skater,1.0,0.0,0.0,0.0,13:03,,,
2025030322,2026-05-23T00:00:00Z,Vegas Golden Knights,8476881,{'default': 'T. Hertl'},C,skater,1.0,0.0,0.0,1.0,13:23,,,
2025030322,2026-05-23T00:00:00Z,Vegas Golden Knights,8477964,"{'default': 'I. Barbashev', 'cs': 'I. Barbašev', 'fi': 'I. Barbashov', 'sk': 'I. Barbašev'}",L,skater,3.0,2.0,1.0,0.0,16:15,,,
2025030322,2026-05-23T00:00:00Z,Vegas Golden Knights,8478434,{'default': 'K. Kolesar'},R,skater,,0.0,0.0,0.0,09:13,,,
2025030322,2026-05-23T00:00:00Z,Vegas Golden Knights,8476448,{'default': 'W. Karlsson'},C,skater,2.0,0.0,0.0,0.0,17:42,,,
2025030322,2026-05-23T00:00:00Z,Vegas Golden Knights,8478483,{'default': 'M. Marner'},R,skater,4.0,0.0,0.0,1.0,21:02,,,
2025030322,2026-05-23T00:00:00Z,Vegas Golden Knights,8475188,{'default': 'B. McNabb'},D,skater,1.0,0.0,0.0,2.0,12:13,,,
2025030322,2026-05-23T00:00:00Z,Vegas Golden Knights,8478397,{'default': 'R. Andersson'},D,skater,1.0,0.0,1.0,0.0,26:41,,,
2025030322,2026-05-23T00:00:00Z,Vegas Golden Knights,8481527,{'default': 'K. Korczak'},D,skater,,0.0,0.0,2.0,11:13,,,
2025030322,2026-05-23T00:00:00Z,Vegas Golden Knights,8478396,{'default': 'N. Hanifin'},D,skater,1.0,0.0,0.0,3.0,24:01,,,
2025030322,2026-05-23T00:00:00Z,Vegas Golden Knights,8477447,{'default': 'S. Theodore'},D,skater,1.0,0.0,0.0,0.0,25:32,,,
2025030322,2026-05-23T00:00:00Z,Vegas Golden Knights,8479639,{'default': 'D. Coghlan'},D,skater,1.0,0.0,0.0,2.0,16:42,,,
2025030322,2026-05-23T00:00:00Z,Vegas Golden Knights,8478499,{'default': 'A. Hill'},G,goalie,,,,,00:00,0.0,,
2025030322,2026-05-23T00:00:00Z,Vegas Golden Knights,8479394,{'default': 'C. Hart'},G,goalie,,,,,60:00,30.0,31.0,W
2025030312,2026-05-23T23:00:00Z,Carolina Hurricanes,8473533,{'default': 'J. Staal'},C,skater,,0.0,0.0,1.0,16:39,,,
2025030312,2026-05-23T23:00:00Z,Carolina Hurricanes,8478427,{'default': 'S. Aho'},C,skater,2.0,0.0,0.0,0.0,20:35,,,
2025030312,2026-05-23T23:00:00Z,Carolina Hurricanes,8482702,{'default': 'L. Stankoven'},C,skater,1.0,0.0,0.0,0.0,16:11,,,
2025030312,2026-05-23T23:00:00Z,Carolina Hurricanes,8482093,{'default': 'S. Jarvis'},R,skater,4.0,0.0,0.0,1.0,20:29,,,
2025030312,2026-05-23T23:00:00Z,Carolina Hurricanes,8477940,{'default': 'N. Ehlers'},L,skater,5.0,2.0,0.0,0.0,18:39,,,
2025030312,2026-05-23T23:00:00Z,Carolina Hurricanes,8477478,{'default': 'W. Carrier'},L,skater,,0.0,1.0,1.0,09:39,,,
2025030312,2026-05-23T23:00:00Z,Carolina Hurricanes,8480830,"{'default': 'A. Svechnikov', 'cs': 'A. Svečnikov', 'fi': 'A. Svetshnikov', 'sk': 'A. Svečnikov'}",R,skater,3.0,0.0,0.0,1.0,17:57,,,
2025030312,2026-05-23T23:00:00Z,Carolina Hurricanes,8476921,{'default': 'J. Martinook'},L,skater,2.0,0.0,0.0,1.0,16:10,,,
2025030312,2026-05-23T23:00:00Z,Carolina Hurricanes,8480762,{'default': 'E. Robinson'},L,skater,2.0,1.0,0.0,0.0,10:12,,,
2025030312,2026-05-23T23:00:00Z,Carolina Hurricanes,8482809,{'default': 'J. Blake'},R,skater,,0.0,0.0,5.0,17:32,,,
2025030312,2026-05-23T23:00:00Z,Carolina Hurricanes,8475791,{'default': 'T. Hall'},L,skater,1.0,0.0,0.0,0.0,15:33,,,
2025030312,2026-05-23T23:00:00Z,Carolina Hurricanes,8476873,{'default': 'M. Jankowski'},L,skater,1.0,0.0,2.0,0.0,12:08,,,
2025030312,2026-05-23T23:00:00Z,Carolina Hurricanes,8476906,{'default': 'S. Gostisbehere'},D,skater,1.0,0.0,0.0,2.0,18:45,,,
2025030312,2026-05-23T23:00:00Z,Carolina Hurricanes,8478970,{'default': 'J. Chatfield'},D,skater,2.0,0.0,2.0,2.0,23:22,,,
2025030312,2026-05-23T23:00:00Z,Carolina Hurricanes,8480817,{'default': 'K. Miller'},D,skater,,0.0,0.0,0.0,23:05,,,
2025030312,2026-05-23T23:00:00Z,Carolina Hurricanes,8482100,{'default': 'A. Nikishin'},D,skater,1.0,0.0,0.0,2.0,13:36,,,
2025030312,2026-05-23T23:00:00Z,Carolina Hurricanes,8480336,{'default': 'S. Walker'},D,skater,1.0,0.0,0.0,3.0,20:32,,,
2025030312,2026-05-23T23:00:00Z,Carolina Hurricanes,8476958,{'default': 'J. Slavin'},D,skater,,0.0,1.0,1.0,22:21,,,
2025030312,2026-05-23T23:00:00Z,Carolina Hurricanes,8475883,{'default': 'F. Andersen'},G,goalie,,,,,63:29,10.0,12.0,W
2025030312,2026-05-23T23:00:00Z,Carolina Hurricanes,8483548,{'default': 'B. Bussi'},G,goalie,,,,,00:00,0.0,,
2025030312,2026-05-23T23:00:00Z,Montréal Canadiens,8481540,{'default': 'C. Caufield'},R,skater,1.0,0.0,0.0,0.0,17:53,,,
2025030312,2026-05-23T23:00:00Z,Montréal Canadiens,8480018,{'default': 'N. Suzuki'},C,skater,2.0,0.0,0.0,0.0,19:45,,,
2025030312,2026-05-23T23:00:00Z,Montréal Canadiens,8481618,{'default': 'A. Newhook'},C,skater,1.0,0.0,0.0,0.0,19:15,,,
2025030312,2026-05-23T23:00:00Z,Montréal Canadiens,8476981,{'default': 'J. Anderson'},R,skater,2.0,2.0,0.0,1.0,14:33,,,
2025030312,2026-05-23T23:00:00Z,Montréal Canadiens,8483515,{'default': 'J. Slafkovský'},L,skater,1.0,0.0,0.0,1.0,18:51,,,
2025030312,2026-05-23T23:00:00Z,Montréal Canadiens,8476479,{'default': 'P. Danault'},C,skater,,0.0,2.0,2.0,14:33,,,
2025030312,2026-05-23T23:00:00Z,Montréal Canadiens,8478133,{'default': 'J. Evans'},C,skater,1.0,0.0,0.0,1.0,19:47,,,
2025030312,2026-05-23T23:00:00Z,Montréal Canadiens,8482737,{'default': 'Z. Bolduc'},R,skater,,0.0,0.0,0.0,12:53,,,
2025030312,2026-05-23T23:00:00Z,Montréal Canadiens,8481523,{'default': 'K. Dach'},C,skater,,0.0,0.0,1.0,11:22,,,
2025030312,2026-05-23T23:00:00Z,Montréal Canadiens,8480074,{'default': 'A. Texier'},L,skater,1.0,0.0,0.0,1.0,13:01,,,
2025030312,2026-05-23T23:00:00Z,Montréal Canadiens,8482775,{'default': 'O. Kapanen'},C,skater,,0.0,0.0,0.0,10:01,,,
2025030312,2026-05-23T23:00:00Z,Montréal Canadiens,8484984,{'default': 'I. Demidov'},R,skater,1.0,0.0,0.0,0.0,15:42,,,
2025030312,2026-05-23T23:00:00Z,Montréal Canadiens,8476875,{'default': 'M. Matheson'},D,skater,1.0,0.0,0.0,3.0,20:50,,,
2025030312,2026-05-23T23:00:00Z,Montréal Canadiens,8482087,{'default': 'K. Guhle'},D,skater,,0.0,1.0,0.0,19:23,,,
2025030312,2026-05-23T23:00:00Z,Montréal Canadiens,8478851,{'default': 'A. Carrier'},D,skater,1.0,0.0,1.0,4.0,22:14,,,
2025030312,2026-05-23T23:00:00Z,Montréal Canadiens,8481593,{'default': 'J. Struble'},D,skater,,0.0,0.0,1.0,11:56,,,
2025030312,2026-05-23T23:00:00Z,Montréal Canadiens,8483457,{'default': 'L. Hutson'},D,skater,,0.0,0.0,3.0,24:52,,,
2025030312,2026-05-23T23:00:00Z,Montréal Canadiens,8480865,{'default': 'N. Dobson'},D,skater,,0.0,0.0,1.0,24:34,,,
2025030312,2026-05-23T23:00:00Z,Montréal Canadiens,8484170,{'default': 'J. Fowler'},G,goalie,,,,,00:00,0.0,,
2025030312,2026-05-23T23:00:00Z,Montréal Canadiens,8482487,{'default': 'J. Dobes'},G,goalie,,,,,63:29,23.0,26.0,L
2025030323,2026-05-25T00:00:00Z,Vegas Golden Knights,8478403,{'default': 'J. Eichel'},C,skater,1.0,0.0,0.0,2.0,23:02,,,
2025030323,2026-05-25T00:00:00Z,Vegas Golden Knights,8476925,{'default': 'C. Sissons'},C,skater,1.0,0.0,0.0,0.0,12:27,,,
2025030323,2026-05-25T00:00:00Z,Vegas Golden Knights,8481604,"{'default': 'P. Dorofeyev', 'cs': 'P. Dorofejev', 'fi': 'P. Dorofejev', 'sk': 'P. Dorofejev'}",R,skater,3.0,0.0,0.0,0.0,17:09,,,
2025030323,2026-05-25T00:00:00Z,Vegas Golden Knights,8479353,{'default': 'B. Howden'},C,skater,2.0,1.0,0.0,0.0,17:03,,,
2025030323,2026-05-25T00:00:00Z,Vegas Golden Knights,8482062,{'default': 'C. Smith'},R,skater,,0.0,0.0,0.0,06:08,,,
2025030323,2026-05-25T00:00:00Z,Vegas Golden Knights,8475343,{'default': 'N. Dowd'},C,skater,,0.0,0.0,0.0,10:20,,,
2025030323,2026-05-25T00:00:00Z,Vegas Golden Knights,8476881,{'default': 'T. Hertl'},C,skater,3.0,1.0,1.0,0.0,13:23,,,
2025030323,2026-05-25T00:00:00Z,Vegas Golden Knights,8477964,"{'default': 'I. Barbashev', 'cs': 'I. Barbašev', 'fi': 'I. Barbashov', 'sk': 'I. Barbašev'}",L,skater,,0.0,0.0,1.0,15:57,,,
2025030323,2026-05-25T00:00:00Z,Vegas Golden Knights,8478434,{'default': 'K. Kolesar'},R,skater,1.0,1.0,0.0,1.0,05:19,,,
2025030323,2026-05-25T00:00:00Z,Vegas Golden Knights,8475913,{'default': 'M. Stone'},R,skater,3.0,1.0,1.0,0.0,15:45,,,
2025030323,2026-05-25T00:00:00Z,Vegas Golden Knights,8476448,{'default': 'W. Karlsson'},C,skater,2.0,1.0,1.0,1.0,17:22,,,
2025030323,2026-05-25T00:00:00Z,Vegas Golden Knights,8478483,{'default': 'M. Marner'},R,skater,2.0,0.0,2.0,0.0,23:59,,,
2025030323,2026-05-25T00:00:00Z,Vegas Golden Knights,8475188,{'default': 'B. McNabb'},D,skater,,0.0,0.0,3.0,23:45,,,
2025030323,2026-05-25T00:00:00Z,Vegas Golden Knights,8478397,{'default': 'R. Andersson'},D,skater,,0.0,0.0,4.0,21:06,,,
2025030323,2026-05-25T00:00:00Z,Vegas Golden Knights,8481527,{'default': 'K. Korczak'},D,skater,,0.0,2.0,1.0,09:38,,,
2025030323,2026-05-25T00:00:00Z,Vegas Golden Knights,8478396,{'default': 'N. Hanifin'},D,skater,2.0,0.0,0.0,5.0,23:17,,,
2025030323,2026-05-25T00:00:00Z,Vegas Golden Knights,8477447,{'default': 'S. Theodore'},D,skater,,0.0,1.0,2.0,23:32,,,
2025030323,2026-05-25T00:00:00Z,Vegas Golden Knights,8479639,{'default': 'D. Coghlan'},D,skater,3.0,0.0,1.0,2.0,11:04,,,
2025030323,2026-05-25T00:00:00Z,Vegas Golden Knights,8478499,{'default': 'A. Hill'},G,goalie,,,,,00:00,0.0,,
2025030323,2026-05-25T00:00:00Z,Vegas Golden Knights,8479394,{'default': 'C. Hart'},G,goalie,,,,,59:44,32.0,35.0,W
2025030323,2026-05-25T00:00:00Z,Colorado Avalanche,8478462,{'default': 'N. Roy'},C,skater,1.0,0.0,0.0,1.0,11:17,,,
2025030323,2026-05-25T00:00:00Z,Colorado Avalanche,8475754,{'default': 'B. Nelson'},C,skater,,0.0,0.0,1.0,19:02,,,
2025030323,2026-05-25T00:00:00Z,Colorado Avalanche,8477501,"{'default': 'V. Nichushkin', 'cs': 'V. Ničuškin', 'fi': 'V. Nitshushkin', 'sk': 'V. Ničuškin'}",R,skater,2.0,0.0,0.0,0.0,08:34,,,
2025030323,2026-05-25T00:00:00Z,Colorado Avalanche,8480448,{'default': 'P. Kelly'},C,skater,,0.0,1.0,0.0,12:52,,,
2025030323,2026-05-25T00:00:00Z,Colorado Avalanche,8480835,{'default': 'J. Drury'},C,skater,1.0,1.0,0.0,0.0,11:04,,,
2025030323,2026-05-25T00:00:00Z,Colorado Avalanche,8479525,{'default': 'R. Colton'},C,skater,1.0,0.0,0.0,0.0,08:29,,,
2025030323,2026-05-25T00:00:00Z,Colorado Avalanche,8481186,"{'default': ""L. O'Connor""}",R,skater,2.0,0.0,0.0,0.0,12:02,,,
2025030323,2026-05-25T00:00:00Z,Colorado Avalanche,8477492,{'default': 'N. MacKinnon'},C,skater,5.0,0.0,1.0,1.0,18:02,,,
2025030323,2026-05-25T00:00:00Z,Colorado Avalanche,8477476,{'default': 'A. Lehkonen'},L,skater,1.0,0.0,0.0,0.0,17:15,,,
2025030323,2026-05-25T00:00:00Z,Colorado Avalanche,8480039,"{'default': 'M. Necas', 'cs': 'M. Nečas', 'sk': 'M. Nečas'}",C,skater,2.0,0.0,1.0,0.0,21:18,,,
2025030323,2026-05-25T00:00:00Z,Colorado Avalanche,8475172,{'default': 'N. Kadri'},C,skater,3.0,1.0,0.0,0.0,19:19,,,
2025030323,2026-05-25T00:00:00Z,Colorado Avalanche,8476455,{'default': 'G. Landeskog'},L,skater,6.0,1.0,0.0,0.0,24:04,,,
2025030323,2026-05-25T00:00:00Z,Colorado Avalanche,8478038,{'default': 'D. Toews'},D,skater,2.0,0.0,2.0,0.0,23:14,,,
2025030323,2026-05-25T00:00:00Z,Colorado Avalanche,8480069,{'default': 'C. Makar'},D,skater,3.0,0.0,0.0,6.0,27:14,,,
2025030323,2026-05-25T00:00:00Z,Colorado Avalanche,8476967,{'default': 'B. Kulak'},D,skater,2.0,0.0,0.0,1.0,15:04,,,
2025030323,2026-05-25T00:00:00Z,Colorado Avalanche,8476312,{'default': 'J. Manson'},D,skater,,0.0,1.0,1.0,16:20,,,
2025030323,2026-05-25T00:00:00Z,Colorado Avalanche,8484258,{'default': 'S. Malinski'},D,skater,2.0,0.0,0.0,0.0,12:57,,,
2025030323,2026-05-25T00:00:00Z,Colorado Avalanche,8470613,{'default': 'B. Burns'},D,skater,2.0,0.0,0.0,0.0,16:38,,,
2025030323,2026-05-25T00:00:00Z,Colorado Avalanche,8478406,{'default': 'M. Blackwood'},G,goalie,,,,,00:00,0.0,,
2025030323,2026-05-25T00:00:00Z,Colorado Avalanche,8475809,{'default': 'S. Wedgewood'},G,goalie,,,,,58:15,18.0,22.0,L
2025030313,2026-05-26T00:00:00Z,Montréal Canadiens,8481540,{'default': 'C. Caufield'},R,skater,2.0,0.0,1.0,1.0,19:33,,,
2025030313,2026-05-26T00:00:00Z,Montréal Canadiens,8480018,{'default': 'N. Suzuki'},C,skater,1.0,0.0,0.0,2.0,25:37,,,
2025030313,2026-05-26T00:00:00Z,Montréal Canadiens,8481618,{'default': 'A. Newhook'},C,skater,1.0,0.0,0.0,1.0,21:42,,,
2025030313,2026-05-26T00:00:00Z,Montréal Canadiens,8476981,{'default': 'J. Anderson'},R,skater,,0.0,0.0,2.0,20:04,,,
2025030313,2026-05-26T00:00:00Z,Montréal Canadiens,8483515,{'default': 'J. Slafkovský'},L,skater,2.0,0.0,0.0,2.0,21:35,,,
2025030313,2026-05-26T00:00:00Z,Montréal Canadiens,8476479,{'default': 'P. Danault'},C,skater,,0.0,0.0,3.0,20:01,,,
2025030313,2026-05-26T00:00:00Z,Montréal Canadiens,8478133,{'default': 'J. Evans'},C,skater,,0.0,1.0,2.0,21:39,,,
2025030313,2026-05-26T00:00:00Z,Montréal Canadiens,8482737,{'default': 'Z. Bolduc'},R,skater,1.0,0.0,0.0,0.0,10:44,,,
2025030313,2026-05-26T00:00:00Z,Montréal Canadiens,8481523,{'default': 'K. Dach'},C,skater,,0.0,0.0,1.0,08:03,,,
2025030313,2026-05-26T00:00:00Z,Montréal Canadiens,8480074,{'default': 'A. Texier'},L,skater,,0.0,0.0,1.0,16:01,,,
2025030313,2026-05-26T00:00:00Z,Montréal Canadiens,8480813,{'default': 'J. Veleno'},C,skater,,0.0,0.0,0.0,08:26,,,
2025030313,2026-05-26T00:00:00Z,Montréal Canadiens,8484984,{'default': 'I. Demidov'},R,skater,,0.0,1.0,1.0,22:23,,,
2025030313,2026-05-26T00:00:00Z,Montréal Canadiens,8476875,{'default': 'M. Matheson'},D,skater,1.0,1.0,0.0,2.0,29:23,,,
2025030313,2026-05-26T00:00:00Z,Montréal Canadiens,8482087,{'default': 'K. Guhle'},D,skater,,0.0,0.0,5.0,22:23,,,
2025030313,2026-05-26T00:00:00Z,Montréal Canadiens,8478851,{'default': 'A. Carrier'},D,skater,,0.0,0.0,3.0,24:59,,,
2025030313,2026-05-26T00:00:00Z,Montréal Canadiens,8481593,{'default': 'J. Struble'},D,skater,1.0,0.0,0.0,0.0,15:28,,,
2025030313,2026-05-26T00:00:00Z,Montréal Canadiens,8483457,{'default': 'L. Hutson'},D,skater,1.0,1.0,0.0,5.0,28:55,,,
2025030313,2026-05-26T00:00:00Z,Montréal Canadiens,8480865,{'default': 'N. Dobson'},D,skater,3.0,0.0,0.0,2.0,25:34,,,
2025030313,2026-05-26T00:00:00Z,Montréal Canadiens,8484170,{'default': 'J. Fowler'},G,goalie,,,,,00:00,0.0,,
2025030313,2026-05-26T00:00:00Z,Montréal Canadiens,8482487,{'default': 'J. Dobes'},G,goalie,,,,,74:06,36.0,39.0,L
2025030313,2026-05-26T00:00:00Z,Carolina Hurricanes,8473533,{'default': 'J. Staal'},C,skater,1.0,0.0,0.0,0.0,18:36,,,
2025030313,2026-05-26T00:00:00Z,Carolina Hurricanes,8478427,{'default': 'S. Aho'},C,skater,2.0,0.0,0.0,1.0,21:49,,,
2025030313,2026-05-26T00:00:00Z,Carolina Hurricanes,8482702,{'default': 'L. Stankoven'},C,skater,1.0,0.0,0.0,1.0,20:03,,,
2025030313,2026-05-26T00:00:00Z,Carolina Hurricanes,8482093,{'default': 'S. Jarvis'},R,skater,1.0,0.0,1.0,1.0,20:56,,,
2025030313,2026-05-26T00:00:00Z,Carolina Hurricanes,8477940,{'default': 'N. Ehlers'},L,skater,2.0,0.0,0.0,0.0,22:48,,,
2025030313,2026-05-26T00:00:00Z,Carolina Hurricanes,8477478,{'default': 'W. Carrier'},L,skater,,0.0,0.0,0.0,11:37,,,
2025030313,2026-05-26T00:00:00Z,Carolina Hurricanes,8480830,"{'default': 'A. Svechnikov', 'cs': 'A. Svečnikov', 'fi': 'A. Svetshnikov', 'sk': 'A. Svečnikov'}",R,skater,5.0,1.0,0.0,0.0,21:25,,,
2025030313,2026-05-26T00:00:00Z,Carolina Hurricanes,8476921,{'default': 'J. Martinook'},L,skater,,0.0,0.0,0.0,17:33,,,
2025030313,2026-05-26T00:00:00Z,Carolina Hurricanes,8480762,{'default': 'E. Robinson'},L,skater,,0.0,1.0,0.0,12:52,,,
2025030313,2026-05-26T00:00:00Z,Carolina Hurricanes,8482809,{'default': 'J. Blake'},R,skater,3.0,0.0,1.0,1.0,22:25,,,
2025030313,2026-05-26T00:00:00Z,Carolina Hurricanes,8475791,{'default': 'T. Hall'},L,skater,7.0,1.0,0.0,2.0,20:06,,,
2025030313,2026-05-26T00:00:00Z,Carolina Hurricanes,8476873,{'default': 'M. Jankowski'},L,skater,,0.0,1.0,0.0,13:17,,,
2025030313,2026-05-26T00:00:00Z,Carolina Hurricanes,8476906,{'default': 'S. Gostisbehere'},D,skater,2.0,1.0,0.0,0.0,20:56,,,
2025030313,2026-05-26T00:00:00Z,Carolina Hurricanes,8478970,{'default': 'J. Chatfield'},D,skater,1.0,0.0,0.0,2.0,22:54,,,
2025030313,2026-05-26T00:00:00Z,Carolina Hurricanes,8480817,{'default': 'K. Miller'},D,skater,5.0,0.0,1.0,2.0,30:07,,,
2025030313,2026-05-26T00:00:00Z,Carolina Hurricanes,8482100,{'default': 'A. Nikishin'},D,skater,3.0,0.0,0.0,0.0,16:45,,,
2025030313,2026-05-26T00:00:00Z,Carolina Hurricanes,8480336,{'default': 'S. Walker'},D,skater,3.0,0.0,0.0,4.0,27:26,,,
2025030313,2026-05-26T00:00:00Z,Carolina Hurricanes,8476958,{'default': 'J. Slavin'},D,skater,3.0,0.0,0.0,4.0,24:38,,,
2025030313,2026-05-26T00:00:00Z,Carolina Hurricanes,8475883,{'default': 'F. Andersen'},G,goalie,,,,,73:58,11.0,13.0,W
2025030313,2026-05-26T00:00:00Z,Carolina Hurricanes,8483548,{'default': 'B. Bussi'},G,goalie,,,,,00:00,0.0,,
2025030324,2026-05-27T01:00:00Z,Vegas Golden Knights,8478403,{'default': 'J. Eichel'},C,skater,1.0,0.0,0.0,1.0,21:12,,,
2025030324,2026-05-27T01:00:00Z,Vegas Golden Knights,8476925,{'default': 'C. Sissons'},C,skater,1.0,0.0,0.0,2.0,11:53,,,
2025030324,2026-05-27T01:00:00Z,Vegas Golden Knights,8481604,"{'default': 'P. Dorofeyev', 'cs': 'P. Dorofejev', 'fi': 'P. Dorofejev', 'sk': 'P. Dorofejev'}",R,skater,2.0,0.0,0.0,2.0,19:07,,,
2025030324,2026-05-27T01:00:00Z,Vegas Golden Knights,8479353,{'default': 'B. Howden'},C,skater,1.0,0.0,0.0,0.0,18:19,,,
2025030324,2026-05-27T01:00:00Z,Vegas Golden Knights,8482062,{'default': 'C. Smith'},R,skater,2.0,1.0,0.0,0.0,09:20,,,
2025030324,2026-05-27T01:00:00Z,Vegas Golden Knights,8475343,{'default': 'N. Dowd'},C,skater,2.0,0.0,1.0,0.0,10:57,,,
2025030324,2026-05-27T01:00:00Z,Vegas Golden Knights,8476881,{'default': 'T. Hertl'},C,skater,3.0,0.0,0.0,0.0,15:15,,,
2025030324,2026-05-27T01:00:00Z,Vegas Golden Knights,8477964,"{'default': 'I. Barbashev', 'cs': 'I. Barbašev', 'fi': 'I. Barbashov', 'sk': 'I. Barbašev'}",L,skater,1.0,0.0,0.0,2.0,15:36,,,
2025030324,2026-05-27T01:00:00Z,Vegas Golden Knights,8478434,{'default': 'K. Kolesar'},R,skater,,0.0,0.0,0.0,07:43,,,
2025030324,2026-05-27T01:00:00Z,Vegas Golden Knights,8475913,{'default': 'M. Stone'},R,skater,2.0,1.0,0.0,1.0,15:42,,,
2025030324,2026-05-27T01:00:00Z,Vegas Golden Knights,8476448,{'default': 'W. Karlsson'},C,skater,4.0,0.0,0.0,0.0,17:34,,,
2025030324,2026-05-27T01:00:00Z,Vegas Golden Knights,8478483,{'default': 'M. Marner'},R,skater,2.0,0.0,0.0,2.0,22:22,,,
2025030324,2026-05-27T01:00:00Z,Vegas Golden Knights,8475188,{'default': 'B. McNabb'},D,skater,,0.0,1.0,1.0,23:56,,,
2025030324,2026-05-27T01:00:00Z,Vegas Golden Knights,8478397,{'default': 'R. Andersson'},D,skater,,0.0,0.0,1.0,20:31,,,
2025030324,2026-05-27T01:00:00Z,Vegas Golden Knights,8481527,{'default': 'K. Korczak'},D,skater,,0.0,0.0,0.0,11:28,,,
2025030324,2026-05-27T01:00:00Z,Vegas Golden Knights,8478396,{'default': 'N. Hanifin'},D,skater,4.0,0.0,0.0,0.0,20:26,,,
2025030324,2026-05-27T01:00:00Z,Vegas Golden Knights,8477447,{'default': 'S. Theodore'},D,skater,,0.0,1.0,2.0,23:31,,,
2025030324,2026-05-27T01:00:00Z,Vegas Golden Knights,8479639,{'default': 'D. Coghlan'},D,skater,1.0,0.0,1.0,0.0,13:08,,,
2025030324,2026-05-27T01:00:00Z,Vegas Golden Knights,8478499,{'default': 'A. Hill'},G,goalie,,,,,00:00,0.0,,
2025030324,2026-05-27T01:00:00Z,Vegas Golden Knights,8479394,{'default': 'C. Hart'},G,goalie,,,,,60:00,20.0,21.0,W
2025030324,2026-05-27T01:00:00Z,Colorado Avalanche,8478462,{'default': 'N. Roy'},C,skater,1.0,0.0,0.0,0.0,11:39,,,
2025030324,2026-05-27T01:00:00Z,Colorado Avalanche,8475754,{'default': 'B. Nelson'},C,skater,3.0,0.0,0.0,1.0,19:18,,,
2025030324,2026-05-27T01:00:00Z,Colorado Avalanche,8480448,{'default': 'P. Kelly'},C,skater,2.0,0.0,0.0,0.0,11:48,,,
2025030324,2026-05-27T01:00:00Z,Colorado Avalanche,8480835,{'default': 'J. Drury'},C,skater,,0.0,0.0,0.0,10:24,,,
2025030324,2026-05-27T01:00:00Z,Colorado Avalanche,8479525,{'default': 'R. Colton'},C,skater,1.0,0.0,0.0,0.0,08:50,,,
2025030324,2026-05-27T01:00:00Z,Colorado Avalanche,8481186,"{'default': ""L. O'Connor""}",R,skater,,0.0,0.0,1.0,11:05,,,
2025030324,2026-05-27T01:00:00Z,Colorado Avalanche,8477492,{'default': 'N. MacKinnon'},C,skater,2.0,0.0,0.0,0.0,22:10,,,
2025030324,2026-05-27T01:00:00Z,Colorado Avalanche,8477476,{'default': 'A. Lehkonen'},L,skater,1.0,0.0,0.0,0.0,17:30,,,
2025030324,2026-05-27T01:00:00Z,Colorado Avalanche,8480039,"{'default': 'M. Necas', 'cs': 'M. Nečas', 'sk': 'M. Nečas'}",C,skater,,0.0,1.0,0.0,20:06,,,
2025030324,2026-05-27T01:00:00Z,Colorado Avalanche,8475172,{'default': 'N. Kadri'},C,skater,,0.0,1.0,0.0,18:42,,,
2025030324,2026-05-27T01:00:00Z,Colorado Avalanche,8476455,{'default': 'G. Landeskog'},L,skater,2.0,1.0,0.0,1.0,19:48,,,
2025030324,2026-05-27T01:00:00Z,Colorado Avalanche,8481641,{'default': 'J. Kiviranta'},L,skater,,0.0,0.0,0.0,10:15,,,
2025030324,2026-05-27T01:00:00Z,Colorado Avalanche,8478038,{'default': 'D. Toews'},D,skater,3.0,0.0,0.0,2.0,24:31,,,
2025030324,2026-05-27T01:00:00Z,Colorado Avalanche,8480069,{'default': 'C. Makar'},D,skater,4.0,0.0,0.0,1.0,27:30,,,
2025030324,2026-05-27T01:00:00Z,Colorado Avalanche,8476967,{'default': 'B. Kulak'},D,skater,,0.0,0.0,0.0,16:37,,,
2025030324,2026-05-27T01:00:00Z,Colorado Avalanche,8476312,{'default': 'J. Manson'},D,skater,,0.0,0.0,1.0,14:58,,,
2025030324,2026-05-27T01:00:00Z,Colorado Avalanche,8484258,{'default': 'S. Malinski'},D,skater,2.0,0.0,0.0,2.0,14:16,,,
2025030324,2026-05-27T01:00:00Z,Colorado Avalanche,8470613,{'default': 'B. Burns'},D,skater,,0.0,0.0,2.0,18:39,,,
2025030324,2026-05-27T01:00:00Z,Colorado Avalanche,8478406,{'default': 'M. Blackwood'},G,goalie,,,,,57:54,24.0,26.0,L
2025030324,2026-05-27T01:00:00Z,Colorado Avalanche,8475809,{'default': 'S. Wedgewood'},G,goalie,,,,,00:00,0.0,,
2025030314,2026-05-28T00:00:00Z,Montréal Canadiens,8481540,{'default': 'C. Caufield'},R,skater,2.0,0.0,0.0,0.0,19:14,,,
2025030314,2026-05-28T00:00:00Z,Montréal Canadiens,8480018,{'default': 'N. Suzuki'},C,skater,3.0,0.0,0.0,0.0,22:59,,,
2025030314,2026-05-28T00:00:00Z,Montréal Canadiens,8481618,{'default': 'A. Newhook'},C,skater,1.0,0.0,0.0,0.0,18:17,,,
2025030314,2026-05-28T00:00:00Z,Montréal Canadiens,8476981,{'default': 'J. Anderson'},R,skater,2.0,0.0,0.0,3.0,11:09,,,
2025030314,2026-05-28T00:00:00Z,Montréal Canadiens,8483515,{'default': 'J. Slafkovský'},L,skater,,0.0,0.0,3.0,17:18,,,
2025030314,2026-05-28T00:00:00Z,Montréal Canadiens,8476479,{'default': 'P. Danault'},C,skater,1.0,0.0,0.0,1.0,14:16,,,
2025030314,2026-05-28T00:00:00Z,Montréal Canadiens,8478133,{'default': 'J. Evans'},C,skater,1.0,0.0,0.0,0.0,18:29,,,
2025030314,2026-05-28T00:00:00Z,Montréal Canadiens,8482737,{'default': 'Z. Bolduc'},R,skater,2.0,0.0,0.0,1.0,11:27,,,
2025030314,2026-05-28T00:00:00Z,Montréal Canadiens,8481523,{'default': 'K. Dach'},C,skater,,0.0,0.0,1.0,08:45,,,
2025030314,2026-05-28T00:00:00Z,Montréal Canadiens,8480074,{'default': 'A. Texier'},L,skater,,0.0,0.0,0.0,06:30,,,
2025030314,2026-05-28T00:00:00Z,Montréal Canadiens,8480813,{'default': 'J. Veleno'},C,skater,,0.0,0.0,0.0,06:05,,,
2025030314,2026-05-28T00:00:00Z,Montréal Canadiens,8484984,{'default': 'I. Demidov'},R,skater,1.0,0.0,0.0,0.0,18:52,,,
2025030314,2026-05-28T00:00:00Z,Montréal Canadiens,8476875,{'default': 'M. Matheson'},D,skater,2.0,0.0,0.0,0.0,23:05,,,
2025030314,2026-05-28T00:00:00Z,Montréal Canadiens,8482087,{'default': 'K. Guhle'},D,skater,,0.0,0.0,3.0,17:27,,,
2025030314,2026-05-28T00:00:00Z,Montréal Canadiens,8478851,{'default': 'A. Carrier'},D,skater,,0.0,0.0,7.0,23:22,,,
2025030314,2026-05-28T00:00:00Z,Montréal Canadiens,8481593,{'default': 'J. Struble'},D,skater,,0.0,0.0,2.0,11:54,,,
2025030314,2026-05-28T00:00:00Z,Montréal Canadiens,8483457,{'default': 'L. Hutson'},D,skater,1.0,0.0,0.0,0.0,21:04,,,
2025030314,2026-05-28T00:00:00Z,Montréal Canadiens,8480865,{'default': 'N. Dobson'},D,skater,2.0,0.0,0.0,2.0,20:05,,,
2025030314,2026-05-28T00:00:00Z,Montréal Canadiens,8484170,{'default': 'J. Fowler'},G,goalie,,,,,00:00,0.0,,
2025030314,2026-05-28T00:00:00Z,Montréal Canadiens,8482487,{'default': 'J. Dobes'},G,goalie,,,,,59:01,40.0,43.0,L
2025030314,2026-05-28T00:00:00Z,Carolina Hurricanes,8473533,{'default': 'J. Staal'},C,skater,1.0,1.0,0.0,0.0,16:21,,,
2025030314,2026-05-28T00:00:00Z,Carolina Hurricanes,8478427,{'default': 'S. Aho'},C,skater,2.0,1.0,0.0,0.0,20:20,,,
2025030314,2026-05-28T00:00:00Z,Carolina Hurricanes,8482702,{'default': 'L. Stankoven'},C,skater,7.0,1.0,0.0,0.0,14:16,,,
2025030314,2026-05-28T00:00:00Z,Carolina Hurricanes,8482093,{'default': 'S. Jarvis'},R,skater,3.0,0.0,0.0,0.0,17:34,,,
2025030314,2026-05-28T00:00:00Z,Carolina Hurricanes,8477940,{'default': 'N. Ehlers'},L,skater,1.0,0.0,2.0,2.0,17:05,,,
2025030314,2026-05-28T00:00:00Z,Carolina Hurricanes,8477478,{'default': 'W. Carrier'},L,skater,5.0,0.0,0.0,0.0,11:27,,,
2025030314,2026-05-28T00:00:00Z,Carolina Hurricanes,8480830,"{'default': 'A. Svechnikov', 'cs': 'A. Svečnikov', 'fi': 'A. Svetshnikov', 'sk': 'A. Svečnikov'}",R,skater,6.0,1.0,0.0,0.0,17:18,,,
2025030314,2026-05-28T00:00:00Z,Carolina Hurricanes,8476921,{'default': 'J. Martinook'},L,skater,1.0,0.0,0.0,2.0,15:21,,,
2025030314,2026-05-28T00:00:00Z,Carolina Hurricanes,8480762,{'default': 'E. Robinson'},L,skater,1.0,0.0,0.0,0.0,10:43,,,
2025030314,2026-05-28T00:00:00Z,Carolina Hurricanes,8482809,{'default': 'J. Blake'},R,skater,4.0,0.0,1.0,1.0,16:46,,,
2025030314,2026-05-28T00:00:00Z,Carolina Hurricanes,8475791,{'default': 'T. Hall'},L,skater,3.0,0.0,0.0,1.0,15:33,,,
2025030314,2026-05-28T00:00:00Z,Carolina Hurricanes,8476873,{'default': 'M. Jankowski'},L,skater,2.0,0.0,0.0,2.0,10:41,,,
2025030314,2026-05-28T00:00:00Z,Carolina Hurricanes,8476906,{'default': 'S. Gostisbehere'},D,skater,1.0,0.0,2.0,3.0,16:08,,,
2025030314,2026-05-28T00:00:00Z,Carolina Hurricanes,8478970,{'default': 'J. Chatfield'},D,skater,2.0,0.0,1.0,2.0,18:44,,,
2025030314,2026-05-28T00:00:00Z,Carolina Hurricanes,8480817,{'default': 'K. Miller'},D,skater,2.0,0.0,1.0,4.0,24:41,,,
2025030314,2026-05-28T00:00:00Z,Carolina Hurricanes,8482100,{'default': 'A. Nikishin'},D,skater,,0.0,0.0,0.0,12:41,,,
2025030314,2026-05-28T00:00:00Z,Carolina Hurricanes,8480336,{'default': 'S. Walker'},D,skater,2.0,0.0,0.0,0.0,20:40,,,
2025030314,2026-05-28T00:00:00Z,Carolina Hurricanes,8476958,{'default': 'J. Slavin'},D,skater,1.0,0.0,0.0,1.0,19:41,,,
2025030314,2026-05-28T00:00:00Z,Carolina Hurricanes,8475883,{'default': 'F. Andersen'},G,goalie,,,,,60:00,18.0,18.0,W
2025030314,2026-05-28T00:00:00Z,Carolina Hurricanes,8483548,{'default': 'B. Bussi'},G,goalie,,,,,00:00,0.0,,
2025030315,2026-05-30T00:00:00Z,Carolina Hurricanes,8473533,{'default': 'J. Staal'},C,skater,2.0,0.0,0.0,2.0,15:05,,,
2025030315,2026-05-30T00:00:00Z,Carolina Hurricanes,8478427,{'default': 'S. Aho'},C,skater,3.0,0.0,1.0,0.0,18:44,,,
2025030315,2026-05-30T00:00:00Z,Carolina Hurricanes,8482702,{'default': 'L. Stankoven'},C,skater,4.0,1.0,2.0,0.0,16:00,,,
2025030315,2026-05-30T00:00:00Z,Carolina Hurricanes,8482093,{'default': 'S. Jarvis'},R,skater,2.0,1.0,1.0,0.0,18:04,,,
2025030315,2026-05-30T00:00:00Z,Carolina Hurricanes,8477940,{'default': 'N. Ehlers'},L,skater,2.0,0.0,1.0,0.0,16:20,,,
2025030315,2026-05-30T00:00:00Z,Carolina Hurricanes,8477478,{'default': 'W. Carrier'},L,skater,,0.0,1.0,0.0,10:12,,,
2025030315,2026-05-30T00:00:00Z,Carolina Hurricanes,8480830,"{'default': 'A. Svechnikov', 'cs': 'A. Svečnikov', 'fi': 'A. Svetshnikov', 'sk': 'A. Svečnikov'}",R,skater,1.0,0.0,1.0,0.0,14:18,,,
2025030315,2026-05-30T00:00:00Z,Carolina Hurricanes,8476921,{'default': 'J. Martinook'},L,skater,4.0,0.0,0.0,1.0,13:33,,,
2025030315,2026-05-30T00:00:00Z,Carolina Hurricanes,8480762,{'default': 'E. Robinson'},L,skater,3.0,1.0,0.0,0.0,12:21,,,
2025030315,2026-05-30T00:00:00Z,Carolina Hurricanes,8482809,{'default': 'J. Blake'},R,skater,2.0,1.0,1.0,0.0,15:53,,,
2025030315,2026-05-30T00:00:00Z,Carolina Hurricanes,8475791,{'default': 'T. Hall'},L,skater,2.0,1.0,2.0,0.0,15:26,,,
2025030315,2026-05-30T00:00:00Z,Carolina Hurricanes,8476873,{'default': 'M. Jankowski'},L,skater,2.0,0.0,0.0,1.0,12:28,,,
2025030315,2026-05-30T00:00:00Z,Carolina Hurricanes,8476906,{'default': 'S. Gostisbehere'},D,skater,1.0,1.0,0.0,0.0,16:53,,,
2025030315,2026-05-30T00:00:00Z,Carolina Hurricanes,8478970,{'default': 'J. Chatfield'},D,skater,1.0,0.0,0.0,4.0,21:26,,,
2025030315,2026-05-30T00:00:00Z,Carolina Hurricanes,8480817,{'default': 'K. Miller'},D,skater,,0.0,0.0,1.0,21:55,,,
2025030315,2026-05-30T00:00:00Z,Carolina Hurricanes,8482100,{'default': 'A. Nikishin'},D,skater,1.0,0.0,1.0,0.0,12:14,,,
2025030315,2026-05-30T00:00:00Z,Carolina Hurricanes,8480336,{'default': 'S. Walker'},D,skater,,0.0,0.0,0.0,19:01,,,
2025030315,2026-05-30T00:00:00Z,Carolina Hurricanes,8476958,{'default': 'J. Slavin'},D,skater,,0.0,0.0,3.0,21:00,,,
2025030315,2026-05-30T00:00:00Z,Carolina Hurricanes,8475883,{'default': 'F. Andersen'},G,goalie,,,,,60:00,23.0,24.0,W
2025030315,2026-05-30T00:00:00Z,Carolina Hurricanes,8483548,{'default': 'B. Bussi'},G,goalie,,,,,00:00,0.0,,
2025030315,2026-05-30T00:00:00Z,Montréal Canadiens,8481540,{'default': 'C. Caufield'},R,skater,3.0,1.0,0.0,0.0,18:19,,,
2025030315,2026-05-30T00:00:00Z,Montréal Canadiens,8480018,{'default': 'N. Suzuki'},C,skater,3.0,0.0,0.0,1.0,21:04,,,
2025030315,2026-05-30T00:00:00Z,Montréal Canadiens,8481618,{'default': 'A. Newhook'},C,skater,1.0,0.0,0.0,0.0,18:43,,,
2025030315,2026-05-30T00:00:00Z,Montréal Canadiens,8476981,{'default': 'J. Anderson'},R,skater,3.0,0.0,0.0,0.0,13:42,,,
2025030315,2026-05-30T00:00:00Z,Montréal Canadiens,8483515,{'default': 'J. Slafkovský'},L,skater,1.0,0.0,0.0,0.0,18:05,,,
2025030315,2026-05-30T00:00:00Z,Montréal Canadiens,8476479,{'default': 'P. Danault'},C,skater,2.0,0.0,0.0,0.0,15:46,,,
2025030315,2026-05-30T00:00:00Z,Montréal Canadiens,8478133,{'default': 'J. Evans'},C,skater,2.0,0.0,0.0,0.0,17:28,,,
2025030315,2026-05-30T00:00:00Z,Montréal Canadiens,8482737,{'default': 'Z. Bolduc'},R,skater,,0.0,0.0,0.0,12:28,,,
2025030315,2026-05-30T00:00:00Z,Montréal Canadiens,8481523,{'default': 'K. Dach'},C,skater,,0.0,0.0,0.0,10:23,,,
2025030315,2026-05-30T00:00:00Z,Montréal Canadiens,8480074,{'default': 'A. Texier'},L,skater,,0.0,0.0,0.0,10:04,,,
2025030315,2026-05-30T00:00:00Z,Montréal Canadiens,8480813,{'default': 'J. Veleno'},C,skater,,0.0,0.0,0.0,06:33,,,
2025030315,2026-05-30T00:00:00Z,Montréal Canadiens,8484984,{'default': 'I. Demidov'},R,skater,1.0,0.0,0.0,0.0,18:19,,,
2025030315,2026-05-30T00:00:00Z,Montréal Canadiens,8476875,{'default': 'M. Matheson'},D,skater,2.0,0.0,0.0,0.0,21:41,,,
2025030315,2026-05-30T00:00:00Z,Montréal Canadiens,8482087,{'default': 'K. Guhle'},D,skater,,0.0,0.0,1.0,16:39,,,
2025030315,2026-05-30T00:00:00Z,Montréal Canadiens,8478851,{'default': 'A. Carrier'},D,skater,1.0,0.0,0.0,0.0,19:13,,,
2025030315,2026-05-30T00:00:00Z,Montréal Canadiens,8481593,{'default': 'J. Struble'},D,skater,1.0,0.0,0.0,0.0,11:12,,,
2025030315,2026-05-30T00:00:00Z,Montréal Canadiens,8483457,{'default': 'L. Hutson'},D,skater,2.0,0.0,1.0,0.0,21:59,,,
2025030315,2026-05-30T00:00:00Z,Montréal Canadiens,8480865,{'default': 'N. Dobson'},D,skater,2.0,0.0,0.0,1.0,20:37,,,
2025030315,2026-05-30T00:00:00Z,Montréal Canadiens,8484170,{'default': 'J. Fowler'},G,goalie,,,,,00:00,0.0,,
2025030315,2026-05-30T00:00:00Z,Montréal Canadiens,8482487,{'default': 'J. Dobes'},G,goalie,,,,,58:22,24.0,29.0,L
2025030411,2026-06-03T00:00:00Z,Carolina Hurricanes,8473533,{'default': 'J. Staal'},C,skater,3.0,1.0,0.0,0.0,19:12,,,
2025030411,2026-06-03T00:00:00Z,Carolina Hurricanes,8478427,{'default': 'S. Aho'},C,skater,1.0,0.0,0.0,0.0,17:31,,,
2025030411,2026-06-03T00:00:00Z,Carolina Hurricanes,8482702,{'default': 'L. Stankoven'},C,skater,2.0,0.0,0.0,0.0,15:37,,,
2025030411,2026-06-03T00:00:00Z,Carolina Hurricanes,8482093,{'default': 'S. Jarvis'},R,skater,3.0,0.0,0.0,1.0,17:40,,,
2025030411,2026-06-03T00:00:00Z,Carolina Hurricanes,8477940,{'default': 'N. Ehlers'},L,skater,2.0,2.0,0.0,0.0,16:16,,,
2025030411,2026-06-03T00:00:00Z,Carolina Hurricanes,8477478,{'default': 'W. Carrier'},L,skater,1.0,0.0,0.0,0.0,10:48,,,
2025030411,2026-06-03T00:00:00Z,Carolina Hurricanes,8480830,"{'default': 'A. Svechnikov', 'cs': 'A. Svečnikov', 'fi': 'A. Svetshnikov', 'sk': 'A. Svečnikov'}",R,skater,1.0,0.0,0.0,1.0,15:24,,,
2025030411,2026-06-03T00:00:00Z,Carolina Hurricanes,8476921,{'default': 'J. Martinook'},L,skater,2.0,0.0,0.0,0.0,16:35,,,
2025030411,2026-06-03T00:00:00Z,Carolina Hurricanes,8480762,{'default': 'E. Robinson'},L,skater,1.0,0.0,0.0,0.0,11:02,,,
2025030411,2026-06-03T00:00:00Z,Carolina Hurricanes,8482809,{'default': 'J. Blake'},R,skater,2.0,0.0,0.0,0.0,15:22,,,
2025030411,2026-06-03T00:00:00Z,Carolina Hurricanes,8475791,{'default': 'T. Hall'},L,skater,2.0,0.0,0.0,0.0,14:02,,,
2025030411,2026-06-03T00:00:00Z,Carolina Hurricanes,8476873,{'default': 'M. Jankowski'},L,skater,,0.0,0.0,1.0,10:33,,,
2025030411,2026-06-03T00:00:00Z,Carolina Hurricanes,8476906,{'default': 'S. Gostisbehere'},D,skater,2.0,1.0,0.0,2.0,15:30,,,
2025030411,2026-06-03T00:00:00Z,Carolina Hurricanes,8478970,{'default': 'J. Chatfield'},D,skater,1.0,0.0,2.0,3.0,19:24,,,
2025030411,2026-06-03T00:00:00Z,Carolina Hurricanes,8480817,{'default': 'K. Miller'},D,skater,2.0,0.0,1.0,4.0,23:51,,,
2025030411,2026-06-03T00:00:00Z,Carolina Hurricanes,8482100,{'default': 'A. Nikishin'},D,skater,1.0,0.0,0.0,0.0,12:48,,,
2025030411,2026-06-03T00:00:00Z,Carolina Hurricanes,8480336,{'default': 'S. Walker'},D,skater,2.0,0.0,0.0,1.0,22:19,,,
2025030411,2026-06-03T00:00:00Z,Carolina Hurricanes,8476958,{'default': 'J. Slavin'},D,skater,1.0,0.0,1.0,0.0,21:52,,,
2025030411,2026-06-03T00:00:00Z,Carolina Hurricanes,8475883,{'default': 'F. Andersen'},G,goalie,,,,,58:14,18.0,23.0,L
2025030411,2026-06-03T00:00:00Z,Carolina Hurricanes,8483548,{'default': 'B. Bussi'},G,goalie,,,,,00:00,0.0,,
2025030411,2026-06-03T00:00:00Z,Vegas Golden Knights,8478403,{'default': 'J. Eichel'},C,skater,3.0,0.0,1.0,0.0,20:33,,,
2025030411,2026-06-03T00:00:00Z,Vegas Golden Knights,8476925,{'default': 'C. Sissons'},C,skater,2.0,0.0,1.0,2.0,14:01,,,
2025030411,2026-06-03T00:00:00Z,Vegas Golden Knights,8481604,"{'default': 'P. Dorofeyev', 'cs': 'P. Dorofejev', 'fi': 'P. Dorofejev', 'sk': 'P. Dorofejev'}",R,skater,3.0,0.0,0.0,0.0,17:19,,,
2025030411,2026-06-03T00:00:00Z,Vegas Golden Knights,8479353,{'default': 'B. Howden'},C,skater,2.0,1.0,1.0,0.0,14:51,,,
2025030411,2026-06-03T00:00:00Z,Vegas Golden Knights,8482062,{'default': 'C. Smith'},R,skater,1.0,0.0,1.0,0.0,11:11,,,
2025030411,2026-06-03T00:00:00Z,Vegas Golden Knights,8475343,{'default': 'N. Dowd'},C,skater,,0.0,0.0,1.0,13:14,,,
2025030411,2026-06-03T00:00:00Z,Vegas Golden Knights,8476881,{'default': 'T. Hertl'},C,skater,2.0,1.0,0.0,0.0,15:10,,,
2025030411,2026-06-03T00:00:00Z,Vegas Golden Knights,8477964,"{'default': 'I. Barbashev', 'cs': 'I. Barbašev', 'fi': 'I. Barbashov', 'sk': 'I. Barbašev'}",L,skater,3.0,1.0,0.0,0.0,16:49,,,
2025030411,2026-06-03T00:00:00Z,Vegas Golden Knights,8478434,{'default': 'K. Kolesar'},R,skater,,0.0,0.0,0.0,06:43,,,
2025030411,2026-06-03T00:00:00Z,Vegas Golden Knights,8475913,{'default': 'M. Stone'},R,skater,,0.0,0.0,0.0,16:59,,,
2025030411,2026-06-03T00:00:00Z,Vegas Golden Knights,8476448,{'default': 'W. Karlsson'},C,skater,2.0,1.0,0.0,1.0,18:05,,,
2025030411,2026-06-03T00:00:00Z,Vegas Golden Knights,8478483,{'default': 'M. Marner'},R,skater,1.0,0.0,1.0,1.0,20:54,,,
2025030411,2026-06-03T00:00:00Z,Vegas Golden Knights,8475188,{'default': 'B. McNabb'},D,skater,,0.0,3.0,2.0,21:13,,,
2025030411,2026-06-03T00:00:00Z,Vegas Golden Knights,8478397,{'default': 'R. Andersson'},D,skater,2.0,0.0,0.0,0.0,23:18,,,
2025030411,2026-06-03T00:00:00Z,Vegas Golden Knights,8478468,{'default': 'J. Lauzon'},D,skater,,0.0,0.0,2.0,13:32,,,
2025030411,2026-06-03T00:00:00Z,Vegas Golden Knights,8478396,{'default': 'N. Hanifin'},D,skater,,0.0,0.0,4.0,21:15,,,
2025030411,2026-06-03T00:00:00Z,Vegas Golden Knights,8477447,{'default': 'S. Theodore'},D,skater,2.0,1.0,2.0,2.0,23:00,,,
2025030411,2026-06-03T00:00:00Z,Vegas Golden Knights,8479639,{'default': 'D. Coghlan'},D,skater,,0.0,0.0,1.0,08:23,,,
2025030411,2026-06-03T00:00:00Z,Vegas Golden Knights,8478499,{'default': 'A. Hill'},G,goalie,,,,,00:00,0.0,,
2025030411,2026-06-03T00:00:00Z,Vegas Golden Knights,8479394,{'default': 'C. Hart'},G,goalie,,,,,59:30,25.0,29.0,W
2025030412,2026-06-05T00:00:00Z,Carolina Hurricanes,8473533,{'default': 'J. Staal'},C,skater,2.0,1.0,0.0,1.0,16:54,,,
2025030412,2026-06-05T00:00:00Z,Carolina Hurricanes,8478427,{'default': 'S. Aho'},C,skater,4.0,0.0,1.0,1.0,21:37,,,
2025030412,2026-06-05T00:00:00Z,Carolina Hurricanes,8482702,{'default': 'L. Stankoven'},C,skater,2.0,1.0,0.0,0.0,17:04,,,
2025030412,2026-06-05T00:00:00Z,Carolina Hurricanes,8482093,{'default': 'S. Jarvis'},R,skater,2.0,1.0,0.0,0.0,20:04,,,
2025030412,2026-06-05T00:00:00Z,Carolina Hurricanes,8477940,{'default': 'N. Ehlers'},L,skater,4.0,0.0,0.0,0.0,17:52,,,
2025030412,2026-06-05T00:00:00Z,Carolina Hurricanes,8477478,{'default': 'W. Carrier'},L,skater,,0.0,1.0,1.0,08:49,,,
2025030412,2026-06-05T00:00:00Z,Carolina Hurricanes,8480830,"{'default': 'A. Svechnikov', 'cs': 'A. Svečnikov', 'fi': 'A. Svetshnikov', 'sk': 'A. Svečnikov'}",R,skater,,0.0,1.0,0.0,15:28,,,
2025030412,2026-06-05T00:00:00Z,Carolina Hurricanes,8476921,{'default': 'J. Martinook'},L,skater,3.0,0.0,0.0,0.0,16:25,,,
2025030412,2026-06-05T00:00:00Z,Carolina Hurricanes,8480762,{'default': 'E. Robinson'},L,skater,2.0,0.0,1.0,0.0,10:23,,,
2025030412,2026-06-05T00:00:00Z,Carolina Hurricanes,8482809,{'default': 'J. Blake'},R,skater,,0.0,0.0,1.0,16:58,,,
2025030412,2026-06-05T00:00:00Z,Carolina Hurricanes,8475791,{'default': 'T. Hall'},L,skater,4.0,0.0,0.0,1.0,17:09,,,
2025030412,2026-06-05T00:00:00Z,Carolina Hurricanes,8476873,{'default': 'M. Jankowski'},L,skater,1.0,1.0,0.0,0.0,09:47,,,
2025030412,2026-06-05T00:00:00Z,Carolina Hurricanes,8476906,{'default': 'S. Gostisbehere'},D,skater,,0.0,2.0,0.0,15:55,,,
2025030412,2026-06-05T00:00:00Z,Carolina Hurricanes,8478970,{'default': 'J. Chatfield'},D,skater,1.0,0.0,0.0,3.0,24:25,,,
2025030412,2026-06-05T00:00:00Z,Carolina Hurricanes,8480817,{'default': 'K. Miller'},D,skater,,0.0,0.0,0.0,21:51,,,
2025030412,2026-06-05T00:00:00Z,Carolina Hurricanes,8482100,{'default': 'A. Nikishin'},D,skater,1.0,0.0,0.0,0.0,16:18,,,
2025030412,2026-06-05T00:00:00Z,Carolina Hurricanes,8480336,{'default': 'S. Walker'},D,skater,,0.0,0.0,2.0,20:32,,,
2025030412,2026-06-05T00:00:00Z,Carolina Hurricanes,8476958,{'default': 'J. Slavin'},D,skater,,0.0,0.0,1.0,24:09,,,
2025030412,2026-06-05T00:00:00Z,Carolina Hurricanes,8475883,{'default': 'F. Andersen'},G,goalie,,,,,63:56,23.0,26.0,W
2025030412,2026-06-05T00:00:00Z,Carolina Hurricanes,8483548,{'default': 'B. Bussi'},G,goalie,,,,,00:00,0.0,,
2025030412,2026-06-05T00:00:00Z,Vegas Golden Knights,8478403,{'default': 'J. Eichel'},C,skater,,0.0,0.0,1.0,22:22,,,
2025030412,2026-06-05T00:00:00Z,Vegas Golden Knights,8476925,{'default': 'C. Sissons'},C,skater,,0.0,0.0,1.0,14:22,,,
2025030412,2026-06-05T00:00:00Z,Vegas Golden Knights,8481604,"{'default': 'P. Dorofeyev', 'cs': 'P. Dorofejev', 'fi': 'P. Dorofejev', 'sk': 'P. Dorofejev'}",R,skater,1.0,0.0,0.0,0.0,19:55,,,
2025030412,2026-06-05T00:00:00Z,Vegas Golden Knights,8479353,{'default': 'B. Howden'},C,skater,3.0,2.0,0.0,3.0,15:35,,,
2025030412,2026-06-05T00:00:00Z,Vegas Golden Knights,8482062,{'default': 'C. Smith'},R,skater,2.0,0.0,0.0,0.0,09:35,,,
2025030412,2026-06-05T00:00:00Z,Vegas Golden Knights,8475343,{'default': 'N. Dowd'},C,skater,2.0,0.0,0.0,1.0,12:06,,,
2025030412,2026-06-05T00:00:00Z,Vegas Golden Knights,8476881,{'default': 'T. Hertl'},C,skater,,0.0,1.0,1.0,16:19,,,
2025030412,2026-06-05T00:00:00Z,Vegas Golden Knights,8477964,"{'default': 'I. Barbashev', 'cs': 'I. Barbašev', 'fi': 'I. Barbashov', 'sk': 'I. Barbašev'}",L,skater,5.0,0.0,1.0,3.0,16:55,,,
2025030412,2026-06-05T00:00:00Z,Vegas Golden Knights,8478434,{'default': 'K. Kolesar'},R,skater,2.0,0.0,0.0,1.0,09:07,,,
2025030412,2026-06-05T00:00:00Z,Vegas Golden Knights,8475913,{'default': 'M. Stone'},R,skater,3.0,1.0,0.0,2.0,19:57,,,
2025030412,2026-06-05T00:00:00Z,Vegas Golden Knights,8476448,{'default': 'W. Karlsson'},C,skater,2.0,0.0,0.0,1.0,19:07,,,
2025030412,2026-06-05T00:00:00Z,Vegas Golden Knights,8478483,{'default': 'M. Marner'},R,skater,3.0,0.0,2.0,0.0,22:37,,,
2025030412,2026-06-05T00:00:00Z,Vegas Golden Knights,8475188,{'default': 'B. McNabb'},D,skater,,0.0,0.0,0.0,05:39,,,
2025030412,2026-06-05T00:00:00Z,Vegas Golden Knights,8478397,{'default': 'R. Andersson'},D,skater,2.0,0.0,0.0,2.0,21:00,,,
2025030412,2026-06-05T00:00:00Z,Vegas Golden Knights,8478468,{'default': 'J. Lauzon'},D,skater,,0.0,0.0,2.0,21:08,,,
2025030412,2026-06-05T00:00:00Z,Vegas Golden Knights,8478396,{'default': 'N. Hanifin'},D,skater,,0.0,1.0,4.0,24:15,,,
2025030412,2026-06-05T00:00:00Z,Vegas Golden Knights,8477447,{'default': 'S. Theodore'},D,skater,1.0,0.0,0.0,1.0,28:30,,,
2025030412,2026-06-05T00:00:00Z,Vegas Golden Knights,8479639,{'default': 'D. Coghlan'},D,skater,,0.0,0.0,2.0,16:31,,,
2025030412,2026-06-05T00:00:00Z,Vegas Golden Knights,8478499,{'default': 'A. Hill'},G,goalie,,,,,00:00,0.0,,
2025030412,2026-06-05T00:00:00Z,Vegas Golden Knights,8479394,{'default': 'C. Hart'},G,goalie,,,,,63:32,22.0,26.0,L
2025030413,2026-06-07T00:00:00Z,Vegas Golden Knights,8478403,{'default': 'J. Eichel'},C,skater,1.0,0.0,1.0,4.0,26:43,,,
2025030413,2026-06-07T00:00:00Z,Vegas Golden Knights,8476925,{'default': 'C. Sissons'},C,skater,1.0,0.0,0.0,1.0,17:47,,,
2025030413,2026-06-07T00:00:00Z,Vegas Golden Knights,8481604,"{'default': 'P. Dorofeyev', 'cs': 'P. Dorofejev', 'fi': 'P. Dorofejev', 'sk': 'P. Dorofejev'}",R,skater,1.0,0.0,0.0,1.0,17:40,,,
2025030413,2026-06-07T00:00:00Z,Vegas Golden Knights,8479353,{'default': 'B. Howden'},C,skater,3.0,0.0,1.0,1.0,21:31,,,
2025030413,2026-06-07T00:00:00Z,Vegas Golden Knights,8482062,{'default': 'C. Smith'},R,skater,1.0,0.0,0.0,1.0,19:19,,,
2025030413,2026-06-07T00:00:00Z,Vegas Golden Knights,8475343,{'default': 'N. Dowd'},C,skater,1.0,0.0,0.0,2.0,19:40,,,
2025030413,2026-06-07T00:00:00Z,Vegas Golden Knights,8476881,{'default': 'T. Hertl'},C,skater,2.0,1.0,1.0,1.0,15:20,,,
2025030413,2026-06-07T00:00:00Z,Vegas Golden Knights,8477964,"{'default': 'I. Barbashev', 'cs': 'I. Barbašev', 'fi': 'I. Barbashov', 'sk': 'I. Barbašev'}",L,skater,1.0,0.0,0.0,0.0,23:25,,,
2025030413,2026-06-07T00:00:00Z,Vegas Golden Knights,8478434,{'default': 'K. Kolesar'},R,skater,,0.0,0.0,0.0,15:49,,,
2025030413,2026-06-07T00:00:00Z,Vegas Golden Knights,8475913,{'default': 'M. Stone'},R,skater,3.0,0.0,0.0,4.0,27:03,,,
2025030413,2026-06-07T00:00:00Z,Vegas Golden Knights,8476448,{'default': 'W. Karlsson'},C,skater,2.0,0.0,1.0,1.0,24:09,,,
2025030413,2026-06-07T00:00:00Z,Vegas Golden Knights,8478483,{'default': 'M. Marner'},R,skater,10.0,3.0,1.0,0.0,27:00,,,
2025030413,2026-06-07T00:00:00Z,Vegas Golden Knights,8475188,{'default': 'B. McNabb'},D,skater,1.0,0.0,2.0,0.0,35:47,,,
2025030413,2026-06-07T00:00:00Z,Vegas Golden Knights,8478397,{'default': 'R. Andersson'},D,skater,4.0,0.0,0.0,2.0,30:56,,,
2025030413,2026-06-07T00:00:00Z,Vegas Golden Knights,8478468,{'default': 'J. Lauzon'},D,skater,,0.0,0.0,6.0,25:08,,,
2025030413,2026-06-07T00:00:00Z,Vegas Golden Knights,8478396,{'default': 'N. Hanifin'},D,skater,,0.0,0.0,2.0,20:53,,,
2025030413,2026-06-07T00:00:00Z,Vegas Golden Knights,8477447,{'default': 'S. Theodore'},D,skater,3.0,1.0,1.0,3.0,39:09,,,
2025030413,2026-06-07T00:00:00Z,Vegas Golden Knights,8479639,{'default': 'D. Coghlan'},D,skater,1.0,0.0,0.0,1.0,17:38,,,
2025030413,2026-06-07T00:00:00Z,Vegas Golden Knights,8478499,{'default': 'A. Hill'},G,goalie,,,,,00:00,0.0,,
2025030413,2026-06-07T00:00:00Z,Vegas Golden Knights,8479394,{'default': 'C. Hart'},G,goalie,,,,,85:38,29.0,33.0,W
2025030413,2026-06-07T00:00:00Z,Carolina Hurricanes,8473533,{'default': 'J. Staal'},C,skater,5.0,1.0,1.0,0.0,23:16,,,
2025030413,2026-06-07T00:00:00Z,Carolina Hurricanes,8478427,{'default': 'S. Aho'},C,skater,,0.0,2.0,1.0,24:51,,,
2025030413,2026-06-07T00:00:00Z,Carolina Hurricanes,8482702,{'default': 'L. Stankoven'},C,skater,,0.0,1.0,0.0,23:50,,,
2025030413,2026-06-07T00:00:00Z,Carolina Hurricanes,8482093,{'default': 'S. Jarvis'},R,skater,1.0,0.0,1.0,0.0,27:22,,,
2025030413,2026-06-07T00:00:00Z,Carolina Hurricanes,8477940,{'default': 'N. Ehlers'},L,skater,2.0,0.0,0.0,0.0,24:36,,,
2025030413,2026-06-07T00:00:00Z,Carolina Hurricanes,8477478,{'default': 'W. Carrier'},L,skater,,0.0,0.0,0.0,06:51,,,
2025030413,2026-06-07T00:00:00Z,Carolina Hurricanes,8480830,"{'default': 'A. Svechnikov', 'cs': 'A. Svečnikov', 'fi': 'A. Svetshnikov', 'sk': 'A. Svečnikov'}",R,skater,3.0,1.0,0.0,1.0,25:49,,,
2025030413,2026-06-07T00:00:00Z,Carolina Hurricanes,8476921,{'default': 'J. Martinook'},L,skater,3.0,1.0,0.0,1.0,20:41,,,
2025030413,2026-06-07T00:00:00Z,Carolina Hurricanes,8480762,{'default': 'E. Robinson'},L,skater,1.0,0.0,1.0,1.0,18:44,,,
2025030413,2026-06-07T00:00:00Z,Carolina Hurricanes,8482809,{'default': 'J. Blake'},R,skater,2.0,0.0,1.0,1.0,24:10,,,
2025030413,2026-06-07T00:00:00Z,Carolina Hurricanes,8475791,{'default': 'T. Hall'},L,skater,3.0,1.0,0.0,1.0,22:57,,,
2025030413,2026-06-07T00:00:00Z,Carolina Hurricanes,8476873,{'default': 'M. Jankowski'},L,skater,2.0,0.0,0.0,0.0,15:10,,,
2025030413,2026-06-07T00:00:00Z,Carolina Hurricanes,8476906,{'default': 'S. Gostisbehere'},D,skater,1.0,0.0,0.0,1.0,22:43,,,
2025030413,2026-06-07T00:00:00Z,Carolina Hurricanes,8478970,{'default': 'J. Chatfield'},D,skater,3.0,0.0,0.0,4.0,28:15,,,
2025030413,2026-06-07T00:00:00Z,Carolina Hurricanes,8480817,{'default': 'K. Miller'},D,skater,1.0,0.0,0.0,1.0,33:25,,,
2025030413,2026-06-07T00:00:00Z,Carolina Hurricanes,8482100,{'default': 'A. Nikishin'},D,skater,3.0,0.0,0.0,0.0,19:16,,,
2025030413,2026-06-07T00:00:00Z,Carolina Hurricanes,8480336,{'default': 'S. Walker'},D,skater,3.0,0.0,0.0,1.0,34:20,,,
2025030413,2026-06-07T00:00:00Z,Carolina Hurricanes,8476958,{'default': 'J. Slavin'},D,skater,,0.0,1.0,1.0,29:56,,,
2025030413,2026-06-07T00:00:00Z,Carolina Hurricanes,8475883,{'default': 'F. Andersen'},G,goalie,,,,,40:00,12.0,16.0,
2025030413,2026-06-07T00:00:00Z,Carolina Hurricanes,8483548,{'default': 'B. Bussi'},G,goalie,,,,,45:26,18.0,19.0,L
2025030414,2026-06-10T00:00:00Z,Vegas Golden Knights,8478403,{'default': 'J. Eichel'},C,skater,3.0,0.0,0.0,0.0,20:44,,,
2025030414,2026-06-10T00:00:00Z,Vegas Golden Knights,8476925,{'default': 'C. Sissons'},C,skater,2.0,0.0,1.0,0.0,12:33,,,
2025030414,2026-06-10T00:00:00Z,Vegas Golden Knights,8481604,"{'default': 'P. Dorofeyev', 'cs': 'P. Dorofejev', 'fi': 'P. Dorofejev', 'sk': 'P. Dorofejev'}",R,skater,2.0,0.0,0.0,0.0,16:09,,,
2025030414,2026-06-10T00:00:00Z,Vegas Golden Knights,8479353,{'default': 'B. Howden'},C,skater,1.0,1.0,0.0,0.0,15:40,,,
2025030414,2026-06-10T00:00:00Z,Vegas Golden Knights,8482062,{'default': 'C. Smith'},R,skater,,0.0,0.0,0.0,09:50,,,
2025030414,2026-06-10T00:00:00Z,Vegas Golden Knights,8475343,{'default': 'N. Dowd'},C,skater,,0.0,0.0,0.0,10:33,,,
2025030414,2026-06-10T00:00:00Z,Vegas Golden Knights,8476881,{'default': 'T. Hertl'},C,skater,2.0,0.0,0.0,0.0,13:55,,,
2025030414,2026-06-10T00:00:00Z,Vegas Golden Knights,8477964,"{'default': 'I. Barbashev', 'cs': 'I. Barbašev', 'fi': 'I. Barbashov', 'sk': 'I. Barbašev'}",L,skater,1.0,0.0,0.0,0.0,17:01,,,
2025030414,2026-06-10T00:00:00Z,Vegas Golden Knights,8478434,{'default': 'K. Kolesar'},R,skater,,0.0,0.0,1.0,06:17,,,
2025030414,2026-06-10T00:00:00Z,Vegas Golden Knights,8475913,{'default': 'M. Stone'},R,skater,5.0,1.0,0.0,0.0,21:34,,,
2025030414,2026-06-10T00:00:00Z,Vegas Golden Knights,8476448,{'default': 'W. Karlsson'},C,skater,1.0,1.0,1.0,0.0,16:53,,,
2025030414,2026-06-10T00:00:00Z,Vegas Golden Knights,8478483,{'default': 'M. Marner'},R,skater,,0.0,1.0,0.0,23:58,,,
2025030414,2026-06-10T00:00:00Z,Vegas Golden Knights,8475188,{'default': 'B. McNabb'},D,skater,,0.0,1.0,1.0,20:46,,,
2025030414,2026-06-10T00:00:00Z,Vegas Golden Knights,8478397,{'default': 'R. Andersson'},D,skater,1.0,0.0,1.0,3.0,21:35,,,
2025030414,2026-06-10T00:00:00Z,Vegas Golden Knights,8478468,{'default': 'J. Lauzon'},D,skater,,0.0,0.0,1.0,12:11,,,
2025030414,2026-06-10T00:00:00Z,Vegas Golden Knights,8478396,{'default': 'N. Hanifin'},D,skater,1.0,0.0,0.0,3.0,20:20,,,
2025030414,2026-06-10T00:00:00Z,Vegas Golden Knights,8477447,{'default': 'S. Theodore'},D,skater,2.0,0.0,1.0,3.0,25:00,,,
2025030414,2026-06-10T00:00:00Z,Vegas Golden Knights,8479639,{'default': 'D. Coghlan'},D,skater,,0.0,0.0,0.0,10:25,,,
2025030414,2026-06-10T00:00:00Z,Vegas Golden Knights,8478499,{'default': 'A. Hill'},G,goalie,,,,,00:00,0.0,,
2025030414,2026-06-10T00:00:00Z,Vegas Golden Knights,8479394,{'default': 'C. Hart'},G,goalie,,,,,58:15,23.0,27.0,L
2025030414,2026-06-10T00:00:00Z,Carolina Hurricanes,8473533,{'default': 'J. Staal'},C,skater,4.0,2.0,0.0,1.0,16:34,,,
2025030414,2026-06-10T00:00:00Z,Carolina Hurricanes,8478427,{'default': 'S. Aho'},C,skater,3.0,0.0,1.0,2.0,18:14,,,
2025030414,2026-06-10T00:00:00Z,Carolina Hurricanes,8482702,{'default': 'L. Stankoven'},C,skater,3.0,1.0,0.0,0.0,16:54,,,
2025030414,2026-06-10T00:00:00Z,Carolina Hurricanes,8482093,{'default': 'S. Jarvis'},R,skater,2.0,0.0,0.0,2.0,18:30,,,
2025030414,2026-06-10T00:00:00Z,Carolina Hurricanes,8477940,{'default': 'N. Ehlers'},L,skater,3.0,1.0,2.0,0.0,19:09,,,
2025030414,2026-06-10T00:00:00Z,Carolina Hurricanes,8477478,{'default': 'W. Carrier'},L,skater,,0.0,0.0,1.0,08:23,,,
2025030414,2026-06-10T00:00:00Z,Carolina Hurricanes,8480830,"{'default': 'A. Svechnikov', 'cs': 'A. Svečnikov', 'fi': 'A. Svetshnikov', 'sk': 'A. Svečnikov'}",R,skater,,0.0,0.0,0.0,12:56,,,
2025030414,2026-06-10T00:00:00Z,Carolina Hurricanes,8476921,{'default': 'J. Martinook'},L,skater,1.0,0.0,0.0,0.0,13:48,,,
2025030414,2026-06-10T00:00:00Z,Carolina Hurricanes,8480762,{'default': 'E. Robinson'},L,skater,,0.0,0.0,0.0,10:18,,,
2025030414,2026-06-10T00:00:00Z,Carolina Hurricanes,8482809,{'default': 'J. Blake'},R,skater,3.0,1.0,1.0,0.0,15:14,,,
2025030414,2026-06-10T00:00:00Z,Carolina Hurricanes,8475791,{'default': 'T. Hall'},L,skater,3.0,0.0,1.0,2.0,16:33,,,
2025030414,2026-06-10T00:00:00Z,Carolina Hurricanes,8476873,{'default': 'M. Jankowski'},L,skater,,0.0,0.0,0.0,09:38,,,
2025030414,2026-06-10T00:00:00Z,Carolina Hurricanes,8476906,{'default': 'S. Gostisbehere'},D,skater,1.0,0.0,1.0,1.0,13:02,,,
2025030414,2026-06-10T00:00:00Z,Carolina Hurricanes,8478970,{'default': 'J. Chatfield'},D,skater,1.0,0.0,1.0,0.0,22:51,,,
2025030414,2026-06-10T00:00:00Z,Carolina Hurricanes,8480817,{'default': 'K. Miller'},D,skater,1.0,0.0,0.0,1.0,22:45,,,
2025030414,2026-06-10T00:00:00Z,Carolina Hurricanes,8482100,{'default': 'A. Nikishin'},D,skater,,0.0,0.0,2.0,10:13,,,
2025030414,2026-06-10T00:00:00Z,Carolina Hurricanes,8480336,{'default': 'S. Walker'},D,skater,1.0,0.0,0.0,3.0,22:17,,,
2025030414,2026-06-10T00:00:00Z,Carolina Hurricanes,8476958,{'default': 'J. Slavin'},D,skater,2.0,0.0,0.0,1.0,24:41,,,
2025030414,2026-06-10T00:00:00Z,Carolina Hurricanes,8483548,{'default': 'B. Bussi'},G,goalie,,,,,60:00,18.0,21.0,W
2025030414,2026-06-10T00:00:00Z,Carolina Hurricanes,8481611,"{'default': 'P. Kochetkov', 'fi': 'P. Kotshetkov'}",G,goalie,,,,,00:00,0.0,,
2025030415,2026-06-12T00:00:00Z,Carolina Hurricanes,8473533,{'default': 'J. Staal'},C,skater,3.0,1.0,0.0,1.0,17:22,,,
2025030415,2026-06-12T00:00:00Z,Carolina Hurricanes,8478427,{'default': 'S. Aho'},C,skater,2.0,1.0,0.0,0.0,19:01,,,
2025030415,2026-06-12T00:00:00Z,Carolina Hurricanes,8482702,{'default': 'L. Stankoven'},C,skater,1.0,0.0,0.0,0.0,17:46,,,
2025030415,2026-06-12T00:00:00Z,Carolina Hurricanes,8482093,{'default': 'S. Jarvis'},R,skater,4.0,0.0,1.0,1.0,19:51,,,
2025030415,2026-06-12T00:00:00Z,Carolina Hurricanes,8477940,{'default': 'N. Ehlers'},L,skater,,0.0,3.0,0.0,17:47,,,
2025030415,2026-06-12T00:00:00Z,Carolina Hurricanes,8477478,{'default': 'W. Carrier'},L,skater,1.0,0.0,0.0,0.0,09:48,,,
2025030415,2026-06-12T00:00:00Z,Carolina Hurricanes,8480830,"{'default': 'A. Svechnikov', 'cs': 'A. Svečnikov', 'fi': 'A. Svetshnikov', 'sk': 'A. Svečnikov'}",R,skater,3.0,2.0,0.0,0.0,16:23,,,
2025030415,2026-06-12T00:00:00Z,Carolina Hurricanes,8476921,{'default': 'J. Martinook'},L,skater,,0.0,1.0,1.0,14:29,,,
2025030415,2026-06-12T00:00:00Z,Carolina Hurricanes,8480762,{'default': 'E. Robinson'},L,skater,1.0,0.0,0.0,0.0,09:13,,,
2025030415,2026-06-12T00:00:00Z,Carolina Hurricanes,8482809,{'default': 'J. Blake'},R,skater,2.0,0.0,0.0,0.0,16:19,,,
2025030415,2026-06-12T00:00:00Z,Carolina Hurricanes,8475791,{'default': 'T. Hall'},L,skater,4.0,0.0,0.0,1.0,14:55,,,
2025030415,2026-06-12T00:00:00Z,Carolina Hurricanes,8476873,{'default': 'M. Jankowski'},L,skater,,0.0,0.0,1.0,09:19,,,
2025030415,2026-06-12T00:00:00Z,Carolina Hurricanes,8476906,{'default': 'S. Gostisbehere'},D,skater,,0.0,2.0,0.0,15:14,,,
2025030415,2026-06-12T00:00:00Z,Carolina Hurricanes,8478970,{'default': 'J. Chatfield'},D,skater,1.0,0.0,0.0,1.0,21:04,,,
2025030415,2026-06-12T00:00:00Z,Carolina Hurricanes,8480817,{'default': 'K. Miller'},D,skater,,0.0,0.0,4.0,21:00,,,
2025030415,2026-06-12T00:00:00Z,Carolina Hurricanes,8482100,{'default': 'A. Nikishin'},D,skater,,0.0,0.0,0.0,14:01,,,
2025030415,2026-06-12T00:00:00Z,Carolina Hurricanes,8480336,{'default': 'S. Walker'},D,skater,,0.0,1.0,1.0,20:05,,,
2025030415,2026-06-12T00:00:00Z,Carolina Hurricanes,8476958,{'default': 'J. Slavin'},D,skater,2.0,0.0,0.0,1.0,21:55,,,
2025030415,2026-06-12T00:00:00Z,Carolina Hurricanes,8483548,{'default': 'B. Bussi'},G,goalie,,,,,60:00,23.0,25.0,W
2025030415,2026-06-12T00:00:00Z,Carolina Hurricanes,8481611,"{'default': 'P. Kochetkov', 'fi': 'P. Kotshetkov'}",G,goalie,,,,,00:00,0.0,,
2025030415,2026-06-12T00:00:00Z,Vegas Golden Knights,8478403,{'default': 'J. Eichel'},C,skater,1.0,0.0,2.0,4.0,23:31,,,
2025030415,2026-06-12T00:00:00Z,Vegas Golden Knights,8476925,{'default': 'C. Sissons'},C,skater,1.0,0.0,0.0,0.0,12:43,,,
2025030415,2026-06-12T00:00:00Z,Vegas Golden Knights,8481604,"{'default': 'P. Dorofeyev', 'cs': 'P. Dorofejev', 'fi': 'P. Dorofejev', 'sk': 'P. Dorofejev'}",R,skater,3.0,2.0,0.0,0.0,17:53,,,
2025030415,2026-06-12T00:00:00Z,Vegas Golden Knights,8479353,{'default': 'B. Howden'},C,skater,3.0,0.0,0.0,0.0,14:32,,,
2025030415,2026-06-12T00:00:00Z,Vegas Golden Knights,8482062,{'default': 'C. Smith'},R,skater,,0.0,0.0,0.0,11:39,,,
2025030415,2026-06-12T00:00:00Z,Vegas Golden Knights,8475343,{'default': 'N. Dowd'},C,skater,2.0,0.0,0.0,0.0,15:05,,,
2025030415,2026-06-12T00:00:00Z,Vegas Golden Knights,8476881,{'default': 'T. Hertl'},C,skater,3.0,0.0,1.0,0.0,13:26,,,
2025030415,2026-06-12T00:00:00Z,Vegas Golden Knights,8477964,"{'default': 'I. Barbashev', 'cs': 'I. Barbašev', 'fi': 'I. Barbashov', 'sk': 'I. Barbašev'}",L,skater,2.0,0.0,0.0,0.0,12:03,,,
2025030415,2026-06-12T00:00:00Z,Vegas Golden Knights,8478434,{'default': 'K. Kolesar'},R,skater,,0.0,0.0,0.0,09:54,,,
2025030415,2026-06-12T00:00:00Z,Vegas Golden Knights,8475913,{'default': 'M. Stone'},R,skater,1.0,0.0,0.0,0.0,21:47,,,
2025030415,2026-06-12T00:00:00Z,Vegas Golden Knights,8476448,{'default': 'W. Karlsson'},C,skater,1.0,0.0,0.0,0.0,08:43,,,
2025030415,2026-06-12T00:00:00Z,Vegas Golden Knights,8478483,{'default': 'M. Marner'},R,skater,1.0,0.0,0.0,2.0,21:38,,,
2025030415,2026-06-12T00:00:00Z,Vegas Golden Knights,8475188,{'default': 'B. McNabb'},D,skater,,0.0,0.0,3.0,20:29,,,
2025030415,2026-06-12T00:00:00Z,Vegas Golden Knights,8478397,{'default': 'R. Andersson'},D,skater,3.0,0.0,0.0,3.0,21:52,,,
2025030415,2026-06-12T00:00:00Z,Vegas Golden Knights,8478468,{'default': 'J. Lauzon'},D,skater,,0.0,0.0,1.0,12:36,,,
2025030415,2026-06-12T00:00:00Z,Vegas Golden Knights,8478396,{'default': 'N. Hanifin'},D,skater,1.0,0.0,0.0,0.0,22:23,,,
2025030415,2026-06-12T00:00:00Z,Vegas Golden Knights,8477447,{'default': 'S. Theodore'},D,skater,2.0,0.0,1.0,3.0,23:42,,,
2025030415,2026-06-12T00:00:00Z,Vegas Golden Knights,8479639,{'default': 'D. Coghlan'},D,skater,1.0,0.0,0.0,2.0,11:26,,,
2025030415,2026-06-12T00:00:00Z,Vegas Golden Knights,8478499,{'default': 'A. Hill'},G,goalie,,,,,00:00,0.0,,
2025030415,2026-06-12T00:00:00Z,Vegas Golden Knights,8479394,{'default': 'C. Hart'},G,goalie,,,,,57:07,20.0,24.0,L
2025030416,2026-06-15T00:00:00Z,Vegas Golden Knights,8478403,{'default': 'J. Eichel'},C,skater,2.0,0.0,0.0,2.0,24:07,,,
2025030416,2026-06-15T00:00:00Z,Vegas Golden Knights,8476925,{'default': 'C. Sissons'},C,skater,1.0,0.0,0.0,1.0,13:11,,,
2025030416,2026-06-15T00:00:00Z,Vegas Golden Knights,8481604,"{'default': 'P. Dorofeyev', 'cs': 'P. Dorofejev', 'fi': 'P. Dorofejev', 'sk': 'P. Dorofejev'}",R,skater,6.0,0.0,0.0,0.0,17:50,,,
2025030416,2026-06-15T00:00:00Z,Vegas Golden Knights,8475191,{'default': 'R. Smith'},R,skater,,0.0,0.0,0.0,09:21,,,
2025030416,2026-06-15T00:00:00Z,Vegas Golden Knights,8479353,{'default': 'B. Howden'},C,skater,1.0,0.0,0.0,0.0,14:52,,,
2025030416,2026-06-15T00:00:00Z,Vegas Golden Knights,8482062,{'default': 'C. Smith'},R,skater,,0.0,0.0,0.0,10:43,,,
2025030416,2026-06-15T00:00:00Z,Vegas Golden Knights,8475343,{'default': 'N. Dowd'},C,skater,,0.0,0.0,1.0,11:29,,,
2025030416,2026-06-15T00:00:00Z,Vegas Golden Knights,8483890,{'default': 'B. Bowman'},R,skater,,0.0,0.0,0.0,09:12,,,
2025030416,2026-06-15T00:00:00Z,Vegas Golden Knights,8476881,{'default': 'T. Hertl'},C,skater,3.0,0.0,0.0,0.0,17:00,,,
2025030416,2026-06-15T00:00:00Z,Vegas Golden Knights,8477964,"{'default': 'I. Barbashev', 'cs': 'I. Barbašev', 'fi': 'I. Barbashov', 'sk': 'I. Barbašev'}",L,skater,2.0,0.0,0.0,0.0,11:48,,,
2025030416,2026-06-15T00:00:00Z,Vegas Golden Knights,8475913,{'default': 'M. Stone'},R,skater,2.0,0.0,0.0,0.0,23:49,,,
2025030416,2026-06-15T00:00:00Z,Vegas Golden Knights,8478483,{'default': 'M. Marner'},R,skater,3.0,0.0,0.0,0.0,22:58,,,
2025030416,2026-06-15T00:00:00Z,Vegas Golden Knights,8475188,{'default': 'B. McNabb'},D,skater,,0.0,0.0,0.0,20:12,,,
2025030416,2026-06-15T00:00:00Z,Vegas Golden Knights,8478397,{'default': 'R. Andersson'},D,skater,,0.0,0.0,1.0,19:11,,,
2025030416,2026-06-15T00:00:00Z,Vegas Golden Knights,8478468,{'default': 'J. Lauzon'},D,skater,1.0,0.0,0.0,0.0,15:27,,,
2025030416,2026-06-15T00:00:00Z,Vegas Golden Knights,8481527,{'default': 'K. Korczak'},D,skater,,0.0,0.0,0.0,13:58,,,
2025030416,2026-06-15T00:00:00Z,Vegas Golden Knights,8478396,{'default': 'N. Hanifin'},D,skater,,0.0,0.0,2.0,16:33,,,
2025030416,2026-06-15T00:00:00Z,Vegas Golden Knights,8477447,{'default': 'S. Theodore'},D,skater,1.0,0.0,0.0,0.0,24:17,,,
2025030416,2026-06-15T00:00:00Z,Vegas Golden Knights,8478499,{'default': 'A. Hill'},G,goalie,,,,,00:00,0.0,,
2025030416,2026-06-15T00:00:00Z,Vegas Golden Knights,8479394,{'default': 'C. Hart'},G,goalie,,,,,58:02,20.0,22.0,L
2025030416,2026-06-15T00:00:00Z,Carolina Hurricanes,8473533,{'default': 'J. Staal'},C,skater,1.0,0.0,0.0,0.0,17:02,,,
2025030416,2026-06-15T00:00:00Z,Carolina Hurricanes,8478427,{'default': 'S. Aho'},C,skater,1.0,0.0,0.0,0.0,20:14,,,
2025030416,2026-06-15T00:00:00Z,Carolina Hurricanes,8482702,{'default': 'L. Stankoven'},C,skater,1.0,0.0,1.0,0.0,16:15,,,
2025030416,2026-06-15T00:00:00Z,Carolina Hurricanes,8482093,{'default': 'S. Jarvis'},R,skater,2.0,0.0,0.0,1.0,18:44,,,
2025030416,2026-06-15T00:00:00Z,Carolina Hurricanes,8477940,{'default': 'N. Ehlers'},L,skater,3.0,1.0,0.0,0.0,15:28,,,
2025030416,2026-06-15T00:00:00Z,Carolina Hurricanes,8477478,{'default': 'W. Carrier'},L,skater,1.0,0.0,0.0,0.0,10:26,,,
2025030416,2026-06-15T00:00:00Z,Carolina Hurricanes,8480830,"{'default': 'A. Svechnikov', 'cs': 'A. Svečnikov', 'fi': 'A. Svetshnikov', 'sk': 'A. Svečnikov'}",R,skater,3.0,0.0,0.0,0.0,16:26,,,
2025030416,2026-06-15T00:00:00Z,Carolina Hurricanes,8476921,{'default': 'J. Martinook'},L,skater,3.0,0.0,0.0,1.0,16:01,,,
2025030416,2026-06-15T00:00:00Z,Carolina Hurricanes,8480762,{'default': 'E. Robinson'},L,skater,1.0,0.0,0.0,0.0,08:53,,,
2025030416,2026-06-15T00:00:00Z,Carolina Hurricanes,8482809,{'default': 'J. Blake'},R,skater,3.0,1.0,1.0,2.0,14:32,,,
2025030416,2026-06-15T00:00:00Z,Carolina Hurricanes,8475791,{'default': 'T. Hall'},L,skater,2.0,1.0,0.0,0.0,14:38,,,
2025030416,2026-06-15T00:00:00Z,Carolina Hurricanes,8476873,{'default': 'M. Jankowski'},L,skater,,0.0,0.0,1.0,08:50,,,
2025030416,2026-06-15T00:00:00Z,Carolina Hurricanes,8476906,{'default': 'S. Gostisbehere'},D,skater,2.0,0.0,0.0,0.0,11:54,,,
2025030416,2026-06-15T00:00:00Z,Carolina Hurricanes,8478970,{'default': 'J. Chatfield'},D,skater,,0.0,0.0,4.0,23:37,,,
2025030416,2026-06-15T00:00:00Z,Carolina Hurricanes,8480817,{'default': 'K. Miller'},D,skater,,0.0,0.0,1.0,22:59,,,
2025030416,2026-06-15T00:00:00Z,Carolina Hurricanes,8482100,{'default': 'A. Nikishin'},D,skater,,0.0,0.0,0.0,11:40,,,
2025030416,2026-06-15T00:00:00Z,Carolina Hurricanes,8480336,{'default': 'S. Walker'},D,skater,,0.0,0.0,0.0,23:50,,,
2025030416,2026-06-15T00:00:00Z,Carolina Hurricanes,8476958,{'default': 'J. Slavin'},D,skater,,0.0,1.0,2.0,22:31,,,
2025030416,2026-06-15T00:00:00Z,Carolina Hurricanes,8483548,{'default': 'B. Bussi'},G,goalie,,,,,60:00,22.0,22.0,W
2025030416,2026-06-15T00:00:00Z,Carolina Hurricanes,8481611,"{'default': 'P. Kochetkov', 'fi': 'P. Kotshetkov'}",G,goalie,,,,,00:00,0.0,,
