snapshot_ts,event_id,commence_time,bookmaker,bookmaker_title,market,outcome_name,player_name,point,price,last_update,home_team,away_team
2026-06-02T13:03:13.722885+00:00,b84399295651497ab1b5785ed039e360,2026-06-02T23:30:00Z,fanduel,FanDuel,player_assists,Over,Jordin Canada,5.5,-158,2026-06-02T13:01:54Z,Atlanta Dream,Connecticut Sun
2026-06-02T13:03:13.722885+00:00,b84399295651497ab1b5785ed039e360,2026-06-02T23:30:00Z,fanduel,FanDuel,player_assists,Under,Jordin Canada,5.5,118,2026-06-02T13:01:54Z,Atlanta Dream,Connecticut Sun
2026-06-02T13:03:13.722885+00:00,b84399295651497ab1b5785ed039e360,2026-06-02T23:30:00Z,fanduel,FanDuel,player_assists,Over,Angel Reese,3.5,106,2026-06-02T13:01:54Z,Atlanta Dream,Connecticut Sun
2026-06-02T13:03:13.722885+00:00,b84399295651497ab1b5785ed039e360,2026-06-02T23:30:00Z,fanduel,FanDuel,player_assists,Under,Angel Reese,3.5,-140,2026-06-02T13:01:54Z,Atlanta Dream,Connecticut Sun
2026-06-02T13:03:13.722885+00:00,b84399295651497ab1b5785ed039e360,2026-06-02T23:30:00Z,fanduel,FanDuel,player_assists,Over,Leïla Lacan,4.5,-138,2026-06-02T13:01:54Z,Atlanta Dream,Connecticut Sun
2026-06-02T13:03:13.722885+00:00,b84399295651497ab1b5785ed039e360,2026-06-02T23:30:00Z,fanduel,FanDuel,player_assists,Under,Leïla Lacan,4.5,104,2026-06-02T13:01:54Z,Atlanta Dream,Connecticut Sun
2026-06-02T13:03:13.722885+00:00,b84399295651497ab1b5785ed039e360,2026-06-02T23:30:00Z,fanduel,FanDuel,player_assists,Over,Rhyne Howard,4.5,-102,2026-06-02T13:01:54Z,Atlanta Dream,Connecticut Sun
2026-06-02T13:03:13.722885+00:00,b84399295651497ab1b5785ed039e360,2026-06-02T23:30:00Z,fanduel,FanDuel,player_assists,Under,Rhyne Howard,4.5,-130,2026-06-02T13:01:54Z,Atlanta Dream,Connecticut Sun
2026-06-02T13:03:13.722885+00:00,b84399295651497ab1b5785ed039e360,2026-06-02T23:30:00Z,fanduel,FanDuel,player_double_double,Yes,Angel Reese,,-190,2026-06-02T13:01:54Z,Atlanta Dream,Connecticut Sun
2026-06-02T13:03:13.722885+00:00,b84399295651497ab1b5785ed039e360,2026-06-02T23:30:00Z,fanduel,FanDuel,player_double_double,Yes,Aneesah Morrow,,125,2026-06-02T13:01:54Z,Atlanta Dream,Connecticut Sun
2026-06-02T13:03:13.722885+00:00,b84399295651497ab1b5785ed039e360,2026-06-02T23:30:00Z,fanduel,FanDuel,player_double_double,Yes,Brittney Griner,,1200,2026-06-02T13:01:54Z,Atlanta Dream,Connecticut Sun
2026-06-02T13:03:13.722885+00:00,b84399295651497ab1b5785ed039e360,2026-06-02T23:30:00Z,fanduel,FanDuel,player_double_double,Yes,Jordin Canada,,1200,2026-06-02T13:01:54Z,Atlanta Dream,Connecticut Sun
2026-06-02T13:03:13.722885+00:00,b84399295651497ab1b5785ed039e360,2026-06-02T23:30:00Z,fanduel,FanDuel,player_double_double,Yes,Leïla Lacan,,2000,2026-06-02T13:01:54Z,Atlanta Dream,Connecticut Sun
2026-06-02T13:03:13.722885+00:00,b84399295651497ab1b5785ed039e360,2026-06-02T23:30:00Z,fanduel,FanDuel,player_double_double,Yes,Naz Hillmon,,2000,2026-06-02T13:01:54Z,Atlanta Dream,Connecticut Sun
2026-06-02T13:03:13.722885+00:00,b84399295651497ab1b5785ed039e360,2026-06-02T23:30:00Z,fanduel,FanDuel,player_points,Over,Jordin Canada,10.5,-102,2026-06-02T13:01:54Z,Atlanta Dream,Connecticut Sun
2026-06-02T13:03:13.722885+00:00,b84399295651497ab1b5785ed039e360,2026-06-02T23:30:00Z,fanduel,FanDuel,player_points,Under,Jordin Canada,10.5,-128,2026-06-02T13:01:54Z,Atlanta Dream,Connecticut Sun
2026-06-02T13:03:13.722885+00:00,b84399295651497ab1b5785ed039e360,2026-06-02T23:30:00Z,fanduel,FanDuel,player_points,Over,Naz Hillmon,9.5,-115,2026-06-02T13:01:54Z,Atlanta Dream,Connecticut Sun
2026-06-02T13:03:13.722885+00:00,b84399295651497ab1b5785ed039e360,2026-06-02T23:30:00Z,fanduel,FanDuel,player_points,Under,Naz Hillmon,9.5,-113,2026-06-02T13:01:54Z,Atlanta Dream,Connecticut Sun
2026-06-02T13:03:13.722885+00:00,b84399295651497ab1b5785ed039e360,2026-06-02T23:30:00Z,fanduel,FanDuel,player_points,Over,Rhyne Howard,15.5,-114,2026-06-02T13:01:54Z,Atlanta Dream,Connecticut Sun
2026-06-02T13:03:13.722885+00:00,b84399295651497ab1b5785ed039e360,2026-06-02T23:30:00Z,fanduel,FanDuel,player_points,Under,Rhyne Howard,15.5,-114,2026-06-02T13:01:54Z,Atlanta Dream,Connecticut Sun
2026-06-02T13:03:13.722885+00:00,b84399295651497ab1b5785ed039e360,2026-06-02T23:30:00Z,fanduel,FanDuel,player_points,Over,Angel Reese,14.5,100,2026-06-02T13:01:54Z,Atlanta Dream,Connecticut Sun
2026-06-02T13:03:13.722885+00:00,b84399295651497ab1b5785ed039e360,2026-06-02T23:30:00Z,fanduel,FanDuel,player_points,Under,Angel Reese,14.5,-130,2026-06-02T13:01:54Z,Atlanta Dream,Connecticut Sun
2026-06-02T13:03:13.722885+00:00,b84399295651497ab1b5785ed039e360,2026-06-02T23:30:00Z,fanduel,FanDuel,player_points,Over,Brittney Griner,11.5,-125,2026-06-02T13:01:54Z,Atlanta Dream,Connecticut Sun
2026-06-02T13:03:13.722885+00:00,b84399295651497ab1b5785ed039e360,2026-06-02T23:30:00Z,fanduel,FanDuel,player_points,Under,Brittney Griner,11.5,-104,2026-06-02T13:01:54Z,Atlanta Dream,Connecticut Sun
2026-06-02T13:03:13.722885+00:00,b84399295651497ab1b5785ed039e360,2026-06-02T23:30:00Z,fanduel,FanDuel,player_points,Over,Leïla Lacan,11.5,-130,2026-06-02T13:01:54Z,Atlanta Dream,Connecticut Sun
2026-06-02T13:03:13.722885+00:00,b84399295651497ab1b5785ed039e360,2026-06-02T23:30:00Z,fanduel,FanDuel,player_points,Under,Leïla Lacan,11.5,100,2026-06-02T13:01:54Z,Atlanta Dream,Connecticut Sun
2026-06-02T13:03:13.722885+00:00,b84399295651497ab1b5785ed039e360,2026-06-02T23:30:00Z,fanduel,FanDuel,player_points,Over,Aneesah Morrow,12.5,-108,2026-06-02T13:01:54Z,Atlanta Dream,Connecticut Sun
2026-06-02T13:03:13.722885+00:00,b84399295651497ab1b5785ed039e360,2026-06-02T23:30:00Z,fanduel,FanDuel,player_points,Under,Aneesah Morrow,12.5,-120,2026-06-02T13:01:54Z,Atlanta Dream,Connecticut Sun
2026-06-02T13:03:13.722885+00:00,b84399295651497ab1b5785ed039e360,2026-06-02T23:30:00Z,fanduel,FanDuel,player_points,Over,Allisha Gray,19.5,-125,2026-06-02T13:01:54Z,Atlanta Dream,Connecticut Sun
2026-06-02T13:03:13.722885+00:00,b84399295651497ab1b5785ed039e360,2026-06-02T23:30:00Z,fanduel,FanDuel,player_points,Under,Allisha Gray,19.5,-104,2026-06-02T13:01:54Z,Atlanta Dream,Connecticut Sun
2026-06-02T13:03:13.722885+00:00,b84399295651497ab1b5785ed039e360,2026-06-02T23:30:00Z,fanduel,FanDuel,player_points_assists,Over,Leïla Lacan,16.5,-132,2026-06-02T13:01:54Z,Atlanta Dream,Connecticut Sun
2026-06-02T13:03:13.722885+00:00,b84399295651497ab1b5785ed039e360,2026-06-02T23:30:00Z,fanduel,FanDuel,player_points_assists,Under,Leïla Lacan,16.5,100,2026-06-02T13:01:54Z,Atlanta Dream,Connecticut Sun
2026-06-02T13:03:13.722885+00:00,b84399295651497ab1b5785ed039e360,2026-06-02T23:30:00Z,fanduel,FanDuel,player_points_assists,Over,Jordin Canada,16.5,-112,2026-06-02T13:01:54Z,Atlanta Dream,Connecticut Sun
2026-06-02T13:03:13.722885+00:00,b84399295651497ab1b5785ed039e360,2026-06-02T23:30:00Z,fanduel,FanDuel,player_points_assists,Under,Jordin Canada,16.5,-118,2026-06-02T13:01:54Z,Atlanta Dream,Connecticut Sun
2026-06-02T13:03:13.722885+00:00,b84399295651497ab1b5785ed039e360,2026-06-02T23:30:00Z,fanduel,FanDuel,player_points_assists,Over,Rhyne Howard,20.5,-102,2026-06-02T13:01:54Z,Atlanta Dream,Connecticut Sun
2026-06-02T13:03:13.722885+00:00,b84399295651497ab1b5785ed039e360,2026-06-02T23:30:00Z,fanduel,FanDuel,player_points_assists,Under,Rhyne Howard,20.5,-130,2026-06-02T13:01:54Z,Atlanta Dream,Connecticut Sun
2026-06-02T13:03:13.722885+00:00,b84399295651497ab1b5785ed039e360,2026-06-02T23:30:00Z,fanduel,FanDuel,player_points_assists,Over,Angel Reese,17.5,-118,2026-06-02T13:01:54Z,Atlanta Dream,Connecticut Sun
2026-06-02T13:03:13.722885+00:00,b84399295651497ab1b5785ed039e360,2026-06-02T23:30:00Z,fanduel,FanDuel,player_points_assists,Under,Angel Reese,17.5,-112,2026-06-02T13:01:54Z,Atlanta Dream,Connecticut Sun
2026-06-02T13:03:13.722885+00:00,b84399295651497ab1b5785ed039e360,2026-06-02T23:30:00Z,fanduel,FanDuel,player_points_rebounds,Over,Naz Hillmon,15.5,100,2026-06-02T13:01:54Z,Atlanta Dream,Connecticut Sun
2026-06-02T13:03:13.722885+00:00,b84399295651497ab1b5785ed039e360,2026-06-02T23:30:00Z,fanduel,FanDuel,player_points_rebounds,Under,Naz Hillmon,15.5,-132,2026-06-02T13:01:54Z,Atlanta Dream,Connecticut Sun
2026-06-02T13:03:13.722885+00:00,b84399295651497ab1b5785ed039e360,2026-06-02T23:30:00Z,fanduel,FanDuel,player_points_rebounds,Over,Brittney Griner,17.5,-102,2026-06-02T13:01:54Z,Atlanta Dream,Connecticut Sun
2026-06-02T13:03:13.722885+00:00,b84399295651497ab1b5785ed039e360,2026-06-02T23:30:00Z,fanduel,FanDuel,player_points_rebounds,Under,Brittney Griner,17.5,-130,2026-06-02T13:01:54Z,Atlanta Dream,Connecticut Sun
2026-06-02T13:03:13.722885+00:00,b84399295651497ab1b5785ed039e360,2026-06-02T23:30:00Z,fanduel,FanDuel,player_points_rebounds,Over,Aneesah Morrow,21.5,-130,2026-06-02T13:01:54Z,Atlanta Dream,Connecticut Sun
2026-06-02T13:03:13.722885+00:00,b84399295651497ab1b5785ed039e360,2026-06-02T23:30:00Z,fanduel,FanDuel,player_points_rebounds,Under,Aneesah Morrow,21.5,-102,2026-06-02T13:01:54Z,Atlanta Dream,Connecticut Sun
2026-06-02T13:03:13.722885+00:00,b84399295651497ab1b5785ed039e360,2026-06-02T23:30:00Z,fanduel,FanDuel,player_points_rebounds,Over,Rhyne Howard,19.5,-112,2026-06-02T13:01:54Z,Atlanta Dream,Connecticut Sun
2026-06-02T13:03:13.722885+00:00,b84399295651497ab1b5785ed039e360,2026-06-02T23:30:00Z,fanduel,FanDuel,player_points_rebounds,Under,Rhyne Howard,19.5,-118,2026-06-02T13:01:54Z,Atlanta Dream,Connecticut Sun
2026-06-02T13:03:13.722885+00:00,b84399295651497ab1b5785ed039e360,2026-06-02T23:30:00Z,fanduel,FanDuel,player_points_rebounds,Over,Angel Reese,25.5,-125,2026-06-02T13:01:54Z,Atlanta Dream,Connecticut Sun
2026-06-02T13:03:13.722885+00:00,b84399295651497ab1b5785ed039e360,2026-06-02T23:30:00Z,fanduel,FanDuel,player_points_rebounds,Under,Angel Reese,25.5,-106,2026-06-02T13:01:54Z,Atlanta Dream,Connecticut Sun
2026-06-02T13:03:13.722885+00:00,b84399295651497ab1b5785ed039e360,2026-06-02T23:30:00Z,fanduel,FanDuel,player_points_rebounds,Over,Allisha Gray,24.5,-112,2026-06-02T13:01:54Z,Atlanta Dream,Connecticut Sun
2026-06-02T13:03:13.722885+00:00,b84399295651497ab1b5785ed039e360,2026-06-02T23:30:00Z,fanduel,FanDuel,player_points_rebounds,Under,Allisha Gray,24.5,-118,2026-06-02T13:01:54Z,Atlanta Dream,Connecticut Sun
2026-06-02T13:03:13.722885+00:00,b84399295651497ab1b5785ed039e360,2026-06-02T23:30:00Z,fanduel,FanDuel,player_points_rebounds_assists,Over,Jordin Canada,19.5,-128,2026-06-02T13:01:54Z,Atlanta Dream,Connecticut Sun
2026-06-02T13:03:13.722885+00:00,b84399295651497ab1b5785ed039e360,2026-06-02T23:30:00Z,fanduel,FanDuel,player_points_rebounds_assists,Under,Jordin Canada,19.5,-104,2026-06-02T13:01:54Z,Atlanta Dream,Connecticut Sun
2026-06-02T13:03:13.722885+00:00,b84399295651497ab1b5785ed039e360,2026-06-02T23:30:00Z,fanduel,FanDuel,player_points_rebounds_assists,Over,Leïla Lacan,19.5,-112,2026-06-02T13:01:54Z,Atlanta Dream,Connecticut Sun
2026-06-02T13:03:13.722885+00:00,b84399295651497ab1b5785ed039e360,2026-06-02T23:30:00Z,fanduel,FanDuel,player_points_rebounds_assists,Under,Leïla Lacan,19.5,-118,2026-06-02T13:01:54Z,Atlanta Dream,Connecticut Sun
2026-06-02T13:03:13.722885+00:00,b84399295651497ab1b5785ed039e360,2026-06-02T23:30:00Z,fanduel,FanDuel,player_points_rebounds_assists,Over,Rhyne Howard,23.5,-130,2026-06-02T13:01:54Z,Atlanta Dream,Connecticut Sun
2026-06-02T13:03:13.722885+00:00,b84399295651497ab1b5785ed039e360,2026-06-02T23:30:00Z,fanduel,FanDuel,player_points_rebounds_assists,Under,Rhyne Howard,23.5,-102,2026-06-02T13:01:54Z,Atlanta Dream,Connecticut Sun
2026-06-02T13:03:13.722885+00:00,b84399295651497ab1b5785ed039e360,2026-06-02T23:30:00Z,fanduel,FanDuel,player_points_rebounds_assists,Over,Angel Reese,29.5,-108,2026-06-02T13:01:54Z,Atlanta Dream,Connecticut Sun
2026-06-02T13:03:13.722885+00:00,b84399295651497ab1b5785ed039e360,2026-06-02T23:30:00Z,fanduel,FanDuel,player_points_rebounds_assists,Under,Angel Reese,29.5,-122,2026-06-02T13:01:54Z,Atlanta Dream,Connecticut Sun
2026-06-02T13:03:13.722885+00:00,b84399295651497ab1b5785ed039e360,2026-06-02T23:30:00Z,fanduel,FanDuel,player_rebounds,Over,Jordin Canada,3.5,116,2026-06-02T13:01:54Z,Atlanta Dream,Connecticut Sun
2026-06-02T13:03:13.722885+00:00,b84399295651497ab1b5785ed039e360,2026-06-02T23:30:00Z,fanduel,FanDuel,player_rebounds,Under,Jordin Canada,3.5,-154,2026-06-02T13:01:54Z,Atlanta Dream,Connecticut Sun
2026-06-02T13:03:13.722885+00:00,b84399295651497ab1b5785ed039e360,2026-06-02T23:30:00Z,fanduel,FanDuel,player_rebounds,Over,Naz Hillmon,5.5,100,2026-06-02T13:01:54Z,Atlanta Dream,Connecticut Sun
2026-06-02T13:03:13.722885+00:00,b84399295651497ab1b5785ed039e360,2026-06-02T23:30:00Z,fanduel,FanDuel,player_rebounds,Under,Naz Hillmon,5.5,-132,2026-06-02T13:01:54Z,Atlanta Dream,Connecticut Sun
2026-06-02T13:03:13.722885+00:00,b84399295651497ab1b5785ed039e360,2026-06-02T23:30:00Z,fanduel,FanDuel,player_rebounds,Over,Angel Reese,11.5,-125,2026-06-02T13:01:54Z,Atlanta Dream,Connecticut Sun
2026-06-02T13:03:13.722885+00:00,b84399295651497ab1b5785ed039e360,2026-06-02T23:30:00Z,fanduel,FanDuel,player_rebounds,Under,Angel Reese,11.5,-106,2026-06-02T13:01:54Z,Atlanta Dream,Connecticut Sun
2026-06-02T13:03:13.722885+00:00,b84399295651497ab1b5785ed039e360,2026-06-02T23:30:00Z,fanduel,FanDuel,player_rebounds,Over,Rhyne Howard,3.5,-152,2026-06-02T13:01:54Z,Atlanta Dream,Connecticut Sun
2026-06-02T13:03:13.722885+00:00,b84399295651497ab1b5785ed039e360,2026-06-02T23:30:00Z,fanduel,FanDuel,player_rebounds,Under,Rhyne Howard,3.5,116,2026-06-02T13:01:54Z,Atlanta Dream,Connecticut Sun
2026-06-02T13:03:13.722885+00:00,b84399295651497ab1b5785ed039e360,2026-06-02T23:30:00Z,fanduel,FanDuel,player_rebounds,Over,Brittney Griner,5.5,118,2026-06-02T13:01:54Z,Atlanta Dream,Connecticut Sun
2026-06-02T13:03:13.722885+00:00,b84399295651497ab1b5785ed039e360,2026-06-02T23:30:00Z,fanduel,FanDuel,player_rebounds,Under,Brittney Griner,5.5,-158,2026-06-02T13:01:54Z,Atlanta Dream,Connecticut Sun
2026-06-02T13:03:13.722885+00:00,b84399295651497ab1b5785ed039e360,2026-06-02T23:30:00Z,fanduel,FanDuel,player_rebounds,Over,Aneesah Morrow,9.5,-122,2026-06-02T13:01:54Z,Atlanta Dream,Connecticut Sun
2026-06-02T13:03:13.722885+00:00,b84399295651497ab1b5785ed039e360,2026-06-02T23:30:00Z,fanduel,FanDuel,player_rebounds,Under,Aneesah Morrow,9.5,-108,2026-06-02T13:01:54Z,Atlanta Dream,Connecticut Sun
2026-06-02T13:03:13.722885+00:00,b84399295651497ab1b5785ed039e360,2026-06-02T23:30:00Z,fanduel,FanDuel,player_rebounds,Over,Allisha Gray,4.5,106,2026-06-02T13:01:54Z,Atlanta Dream,Connecticut Sun
2026-06-02T13:03:13.722885+00:00,b84399295651497ab1b5785ed039e360,2026-06-02T23:30:00Z,fanduel,FanDuel,player_rebounds,Under,Allisha Gray,4.5,-140,2026-06-02T13:01:54Z,Atlanta Dream,Connecticut Sun
2026-06-02T13:03:13.722885+00:00,b84399295651497ab1b5785ed039e360,2026-06-02T23:30:00Z,fanduel,FanDuel,player_rebounds_assists,Over,Jordin Canada,9.5,-102,2026-06-02T13:01:54Z,Atlanta Dream,Connecticut Sun
2026-06-02T13:03:13.722885+00:00,b84399295651497ab1b5785ed039e360,2026-06-02T23:30:00Z,fanduel,FanDuel,player_rebounds_assists,Under,Jordin Canada,9.5,-130,2026-06-02T13:01:54Z,Atlanta Dream,Connecticut Sun
2026-06-02T13:03:13.722885+00:00,b84399295651497ab1b5785ed039e360,2026-06-02T23:30:00Z,fanduel,FanDuel,player_rebounds_assists,Over,Rhyne Howard,8.5,-102,2026-06-02T13:01:54Z,Atlanta Dream,Connecticut Sun
2026-06-02T13:03:13.722885+00:00,b84399295651497ab1b5785ed039e360,2026-06-02T23:30:00Z,fanduel,FanDuel,player_rebounds_assists,Under,Rhyne Howard,8.5,-130,2026-06-02T13:01:54Z,Atlanta Dream,Connecticut Sun
2026-06-02T13:03:13.722885+00:00,b84399295651497ab1b5785ed039e360,2026-06-02T23:30:00Z,fanduel,FanDuel,player_rebounds_assists,Over,Angel Reese,15.5,102,2026-06-02T13:01:54Z,Atlanta Dream,Connecticut Sun
2026-06-02T13:03:13.722885+00:00,b84399295651497ab1b5785ed039e360,2026-06-02T23:30:00Z,fanduel,FanDuel,player_rebounds_assists,Under,Angel Reese,15.5,-136,2026-06-02T13:01:54Z,Atlanta Dream,Connecticut Sun
2026-06-02T13:03:13.722885+00:00,b84399295651497ab1b5785ed039e360,2026-06-02T23:30:00Z,fanduel,FanDuel,player_threes,Over,Allisha Gray,1.5,-188,2026-06-02T13:01:54Z,Atlanta Dream,Connecticut Sun
2026-06-02T13:03:13.722885+00:00,b84399295651497ab1b5785ed039e360,2026-06-02T23:30:00Z,fanduel,FanDuel,player_threes,Under,Allisha Gray,1.5,140,2026-06-02T13:01:54Z,Atlanta Dream,Connecticut Sun
2026-06-02T13:03:13.722885+00:00,b84399295651497ab1b5785ed039e360,2026-06-02T23:30:00Z,fanduel,FanDuel,player_threes,Over,Rhyne Howard,2.5,-180,2026-06-02T13:01:54Z,Atlanta Dream,Connecticut Sun
2026-06-02T13:03:13.722885+00:00,b84399295651497ab1b5785ed039e360,2026-06-02T23:30:00Z,fanduel,FanDuel,player_threes,Under,Rhyne Howard,2.5,134,2026-06-02T13:01:54Z,Atlanta Dream,Connecticut Sun
2026-06-02T13:03:13.722885+00:00,b84399295651497ab1b5785ed039e360,2026-06-02T23:30:00Z,draftkings,DraftKings,player_assists,Over,Jordin Canada,5.5,-160,2026-06-02T13:02:42Z,Atlanta Dream,Connecticut Sun
2026-06-02T13:03:13.722885+00:00,b84399295651497ab1b5785ed039e360,2026-06-02T23:30:00Z,draftkings,DraftKings,player_assists,Under,Jordin Canada,5.5,117,2026-06-02T13:02:42Z,Atlanta Dream,Connecticut Sun
2026-06-02T13:03:13.722885+00:00,b84399295651497ab1b5785ed039e360,2026-06-02T23:30:00Z,draftkings,DraftKings,player_assists,Over,Leïla Lacan,4.5,-138,2026-06-02T13:02:42Z,Atlanta Dream,Connecticut Sun
2026-06-02T13:03:13.722885+00:00,b84399295651497ab1b5785ed039e360,2026-06-02T23:30:00Z,draftkings,DraftKings,player_assists,Under,Leïla Lacan,4.5,102,2026-06-02T13:02:42Z,Atlanta Dream,Connecticut Sun
2026-06-02T13:03:13.722885+00:00,b84399295651497ab1b5785ed039e360,2026-06-02T23:30:00Z,draftkings,DraftKings,player_assists,Over,Rhyne Howard,4.5,101,2026-06-02T13:02:42Z,Atlanta Dream,Connecticut Sun
2026-06-02T13:03:13.722885+00:00,b84399295651497ab1b5785ed039e360,2026-06-02T23:30:00Z,draftkings,DraftKings,player_assists,Under,Rhyne Howard,4.5,-137,2026-06-02T13:02:42Z,Atlanta Dream,Connecticut Sun
2026-06-02T13:03:13.722885+00:00,b84399295651497ab1b5785ed039e360,2026-06-02T23:30:00Z,draftkings,DraftKings,player_assists,Over,Angel Reese,3.5,104,2026-06-02T13:02:42Z,Atlanta Dream,Connecticut Sun
2026-06-02T13:03:13.722885+00:00,b84399295651497ab1b5785ed039e360,2026-06-02T23:30:00Z,draftkings,DraftKings,player_assists,Under,Angel Reese,3.5,-141,2026-06-02T13:02:42Z,Atlanta Dream,Connecticut Sun
2026-06-02T13:03:13.722885+00:00,b84399295651497ab1b5785ed039e360,2026-06-02T23:30:00Z,draftkings,DraftKings,player_double_double,Yes,Angel Reese,,-179,2026-06-02T13:02:42Z,Atlanta Dream,Connecticut Sun
2026-06-02T13:03:13.722885+00:00,b84399295651497ab1b5785ed039e360,2026-06-02T23:30:00Z,draftkings,DraftKings,player_double_double,Yes,Brittney Griner,,1220,2026-06-02T13:02:42Z,Atlanta Dream,Connecticut Sun
2026-06-02T13:03:13.722885+00:00,b84399295651497ab1b5785ed039e360,2026-06-02T23:30:00Z,draftkings,DraftKings,player_double_double,Yes,Jordin Canada,,1340,2026-06-02T13:02:42Z,Atlanta Dream,Connecticut Sun
2026-06-02T13:03:13.722885+00:00,b84399295651497ab1b5785ed039e360,2026-06-02T23:30:00Z,draftkings,DraftKings,player_double_double,Yes,Leïla Lacan,,1940,2026-06-02T13:02:42Z,Atlanta Dream,Connecticut Sun
2026-06-02T13:03:13.722885+00:00,b84399295651497ab1b5785ed039e360,2026-06-02T23:30:00Z,draftkings,DraftKings,player_points,Over,Allisha Gray,19.5,-117,2026-06-02T13:02:42Z,Atlanta Dream,Connecticut Sun
2026-06-02T13:03:13.722885+00:00,b84399295651497ab1b5785ed039e360,2026-06-02T23:30:00Z,draftkings,DraftKings,player_points,Under,Allisha Gray,19.5,-113,2026-06-02T13:02:42Z,Atlanta Dream,Connecticut Sun
2026-06-02T13:03:13.722885+00:00,b84399295651497ab1b5785ed039e360,2026-06-02T23:30:00Z,draftkings,DraftKings,player_points,Over,Rhyne Howard,15.5,-114,2026-06-02T13:02:42Z,Atlanta Dream,Connecticut Sun
2026-06-02T13:03:13.722885+00:00,b84399295651497ab1b5785ed039e360,2026-06-02T23:30:00Z,draftkings,DraftKings,player_points,Under,Rhyne Howard,15.5,-116,2026-06-02T13:02:42Z,Atlanta Dream,Connecticut Sun
2026-06-02T13:03:13.722885+00:00,b84399295651497ab1b5785ed039e360,2026-06-02T23:30:00Z,draftkings,DraftKings,player_points,Over,Angel Reese,14.5,-101,2026-06-02T13:02:42Z,Atlanta Dream,Connecticut Sun
2026-06-02T13:03:13.722885+00:00,b84399295651497ab1b5785ed039e360,2026-06-02T23:30:00Z,draftkings,DraftKings,player_points,Under,Angel Reese,14.5,-131,2026-06-02T13:02:42Z,Atlanta Dream,Connecticut Sun
2026-06-02T13:03:13.722885+00:00,b84399295651497ab1b5785ed039e360,2026-06-02T23:30:00Z,draftkings,DraftKings,player_points,Over,Aneesah Morrow,12.5,-112,2026-06-02T13:02:42Z,Atlanta Dream,Connecticut Sun
2026-06-02T13:03:13.722885+00:00,b84399295651497ab1b5785ed039e360,2026-06-02T23:30:00Z,draftkings,DraftKings,player_points,Under,Aneesah Morrow,12.5,-119,2026-06-02T13:02:42Z,Atlanta Dream,Connecticut Sun
2026-06-02T13:03:13.722885+00:00,b84399295651497ab1b5785ed039e360,2026-06-02T23:30:00Z,draftkings,DraftKings,player_points,Over,Leïla Lacan,12.5,-101,2026-06-02T13:02:42Z,Atlanta Dream,Connecticut Sun
2026-06-02T13:03:13.722885+00:00,b84399295651497ab1b5785ed039e360,2026-06-02T23:30:00Z,draftkings,DraftKings,player_points,Under,Leïla Lacan,12.5,-131,2026-06-02T13:02:42Z,Atlanta Dream,Connecticut Sun
2026-06-02T13:03:13.722885+00:00,b84399295651497ab1b5785ed039e360,2026-06-02T23:30:00Z,draftkings,DraftKings,player_points,Over,Brittney Griner,11.5,-134,2026-06-02T13:02:42Z,Atlanta Dream,Connecticut Sun
2026-06-02T13:03:13.722885+00:00,b84399295651497ab1b5785ed039e360,2026-06-02T23:30:00Z,draftkings,DraftKings,player_points,Under,Brittney Griner,11.5,101,2026-06-02T13:02:42Z,Atlanta Dream,Connecticut Sun
2026-06-02T13:03:13.722885+00:00,b84399295651497ab1b5785ed039e360,2026-06-02T23:30:00Z,draftkings,DraftKings,player_points,Over,Jordin Canada,9.5,-120,2026-06-02T13:02:42Z,Atlanta Dream,Connecticut Sun
2026-06-02T13:03:13.722885+00:00,b84399295651497ab1b5785ed039e360,2026-06-02T23:30:00Z,draftkings,DraftKings,player_points,Under,Jordin Canada,9.5,-111,2026-06-02T13:02:42Z,Atlanta Dream,Connecticut Sun
2026-06-02T13:03:13.722885+00:00,b84399295651497ab1b5785ed039e360,2026-06-02T23:30:00Z,draftkings,DraftKings,player_points,Over,Naz Hillmon,9.5,-108,2026-06-02T13:02:42Z,Atlanta Dream,Connecticut Sun
2026-06-02T13:03:13.722885+00:00,b84399295651497ab1b5785ed039e360,2026-06-02T23:30:00Z,draftkings,DraftKings,player_points,Under,Naz Hillmon,9.5,-123,2026-06-02T13:02:42Z,Atlanta Dream,Connecticut Sun
2026-06-02T13:03:13.722885+00:00,b84399295651497ab1b5785ed039e360,2026-06-02T23:30:00Z,draftkings,DraftKings,player_points_assists,Over,Rhyne Howard,19.5,-130,2026-06-02T13:02:42Z,Atlanta Dream,Connecticut Sun
2026-06-02T13:03:13.722885+00:00,b84399295651497ab1b5785ed039e360,2026-06-02T23:30:00Z,draftkings,DraftKings,player_points_assists,Under,Rhyne Howard,19.5,-105,2026-06-02T13:02:42Z,Atlanta Dream,Connecticut Sun
2026-06-02T13:03:13.722885+00:00,b84399295651497ab1b5785ed039e360,2026-06-02T23:30:00Z,draftkings,DraftKings,player_points_assists,Over,Angel Reese,17.5,-119,2026-06-02T13:02:42Z,Atlanta Dream,Connecticut Sun
2026-06-02T13:03:13.722885+00:00,b84399295651497ab1b5785ed039e360,2026-06-02T23:30:00Z,draftkings,DraftKings,player_points_assists,Under,Angel Reese,17.5,-114,2026-06-02T13:02:42Z,Atlanta Dream,Connecticut Sun
2026-06-02T13:03:13.722885+00:00,b84399295651497ab1b5785ed039e360,2026-06-02T23:30:00Z,draftkings,DraftKings,player_points_assists,Over,Leïla Lacan,17.5,-106,2026-06-02T13:02:42Z,Atlanta Dream,Connecticut Sun
2026-06-02T13:03:13.722885+00:00,b84399295651497ab1b5785ed039e360,2026-06-02T23:30:00Z,draftkings,DraftKings,player_points_assists,Under,Leïla Lacan,17.5,-128,2026-06-02T13:02:42Z,Atlanta Dream,Connecticut Sun
2026-06-02T13:03:13.722885+00:00,b84399295651497ab1b5785ed039e360,2026-06-02T23:30:00Z,draftkings,DraftKings,player_points_assists,Over,Jordin Canada,15.5,-130,2026-06-02T13:02:42Z,Atlanta Dream,Connecticut Sun
2026-06-02T13:03:13.722885+00:00,b84399295651497ab1b5785ed039e360,2026-06-02T23:30:00Z,draftkings,DraftKings,player_points_assists,Under,Jordin Canada,15.5,-105,2026-06-02T13:02:42Z,Atlanta Dream,Connecticut Sun
2026-06-02T13:03:13.722885+00:00,b84399295651497ab1b5785ed039e360,2026-06-02T23:30:00Z,draftkings,DraftKings,player_points_rebounds,Over,Angel Reese,25.5,-129,2026-06-02T13:02:42Z,Atlanta Dream,Connecticut Sun
2026-06-02T13:03:13.722885+00:00,b84399295651497ab1b5785ed039e360,2026-06-02T23:30:00Z,draftkings,DraftKings,player_points_rebounds,Under,Angel Reese,25.5,-105,2026-06-02T13:02:42Z,Atlanta Dream,Connecticut Sun
2026-06-02T13:03:13.722885+00:00,b84399295651497ab1b5785ed039e360,2026-06-02T23:30:00Z,draftkings,DraftKings,player_points_rebounds,Over,Allisha Gray,24.5,-105,2026-06-02T13:02:42Z,Atlanta Dream,Connecticut Sun
2026-06-02T13:03:13.722885+00:00,b84399295651497ab1b5785ed039e360,2026-06-02T23:30:00Z,draftkings,DraftKings,player_points_rebounds,Under,Allisha Gray,24.5,-129,2026-06-02T13:02:42Z,Atlanta Dream,Connecticut Sun
2026-06-02T13:03:13.722885+00:00,b84399295651497ab1b5785ed039e360,2026-06-02T23:30:00Z,draftkings,DraftKings,player_points_rebounds,Over,Aneesah Morrow,22.5,-117,2026-06-02T13:02:42Z,Atlanta Dream,Connecticut Sun
2026-06-02T13:03:13.722885+00:00,b84399295651497ab1b5785ed039e360,2026-06-02T23:30:00Z,draftkings,DraftKings,player_points_rebounds,Under,Aneesah Morrow,22.5,-116,2026-06-02T13:02:42Z,Atlanta Dream,Connecticut Sun
2026-06-02T13:03:13.722885+00:00,b84399295651497ab1b5785ed039e360,2026-06-02T23:30:00Z,draftkings,DraftKings,player_points_rebounds,Over,Rhyne Howard,19.5,-115,2026-06-02T13:02:42Z,Atlanta Dream,Connecticut Sun
2026-06-02T13:03:13.722885+00:00,b84399295651497ab1b5785ed039e360,2026-06-02T23:30:00Z,draftkings,DraftKings,player_points_rebounds,Under,Rhyne Howard,19.5,-119,2026-06-02T13:02:42Z,Atlanta Dream,Connecticut Sun
2026-06-02T13:03:13.722885+00:00,b84399295651497ab1b5785ed039e360,2026-06-02T23:30:00Z,draftkings,DraftKings,player_points_rebounds,Over,Brittney Griner,17.5,-107,2026-06-02T13:02:42Z,Atlanta Dream,Connecticut Sun
2026-06-02T13:03:13.722885+00:00,b84399295651497ab1b5785ed039e360,2026-06-02T23:30:00Z,draftkings,DraftKings,player_points_rebounds,Under,Brittney Griner,17.5,-127,2026-06-02T13:02:42Z,Atlanta Dream,Connecticut Sun
2026-06-02T13:03:13.722885+00:00,b84399295651497ab1b5785ed039e360,2026-06-02T23:30:00Z,draftkings,DraftKings,player_points_rebounds,Over,Naz Hillmon,15.5,-101,2026-06-02T13:02:42Z,Atlanta Dream,Connecticut Sun
2026-06-02T13:03:13.722885+00:00,b84399295651497ab1b5785ed039e360,2026-06-02T23:30:00Z,draftkings,DraftKings,player_points_rebounds,Under,Naz Hillmon,15.5,-134,2026-06-02T13:02:42Z,Atlanta Dream,Connecticut Sun
2026-06-02T13:03:13.722885+00:00,b84399295651497ab1b5785ed039e360,2026-06-02T23:30:00Z,draftkings,DraftKings,player_points_rebounds,Over,Leïla Lacan,14.5,-113,2026-06-02T13:02:42Z,Atlanta Dream,Connecticut Sun
2026-06-02T13:03:13.722885+00:00,b84399295651497ab1b5785ed039e360,2026-06-02T23:30:00Z,draftkings,DraftKings,player_points_rebounds,Under,Leïla Lacan,14.5,-120,2026-06-02T13:02:42Z,Atlanta Dream,Connecticut Sun
2026-06-02T13:03:13.722885+00:00,b84399295651497ab1b5785ed039e360,2026-06-02T23:30:00Z,draftkings,DraftKings,player_points_rebounds,Over,Jordin Canada,13.5,100,2026-06-02T13:02:42Z,Atlanta Dream,Connecticut Sun
2026-06-02T13:03:13.722885+00:00,b84399295651497ab1b5785ed039e360,2026-06-02T23:30:00Z,draftkings,DraftKings,player_points_rebounds,Under,Jordin Canada,13.5,-136,2026-06-02T13:02:42Z,Atlanta Dream,Connecticut Sun
2026-06-02T13:03:13.722885+00:00,b84399295651497ab1b5785ed039e360,2026-06-02T23:30:00Z,draftkings,DraftKings,player_points_rebounds_assists,Over,Angel Reese,29.5,-118,2026-06-02T13:02:42Z,Atlanta Dream,Connecticut Sun
2026-06-02T13:03:13.722885+00:00,b84399295651497ab1b5785ed039e360,2026-06-02T23:30:00Z,draftkings,DraftKings,player_points_rebounds_assists,Under,Angel Reese,29.5,-115,2026-06-02T13:02:42Z,Atlanta Dream,Connecticut Sun
2026-06-02T13:03:13.722885+00:00,b84399295651497ab1b5785ed039e360,2026-06-02T23:30:00Z,draftkings,DraftKings,player_points_rebounds_assists,Over,Rhyne Howard,23.5,-128,2026-06-02T13:02:42Z,Atlanta Dream,Connecticut Sun
2026-06-02T13:03:13.722885+00:00,b84399295651497ab1b5785ed039e360,2026-06-02T23:30:00Z,draftkings,DraftKings,player_points_rebounds_assists,Under,Rhyne Howard,23.5,-106,2026-06-02T13:02:42Z,Atlanta Dream,Connecticut Sun
2026-06-02T13:03:13.722885+00:00,b84399295651497ab1b5785ed039e360,2026-06-02T23:30:00Z,draftkings,DraftKings,player_points_rebounds_assists,Over,Leïla Lacan,19.5,-115,2026-06-02T13:02:42Z,Atlanta Dream,Connecticut Sun
2026-06-02T13:03:13.722885+00:00,b84399295651497ab1b5785ed039e360,2026-06-02T23:30:00Z,draftkings,DraftKings,player_points_rebounds_assists,Under,Leïla Lacan,19.5,-118,2026-06-02T13:02:42Z,Atlanta Dream,Connecticut Sun
2026-06-02T13:03:13.722885+00:00,b84399295651497ab1b5785ed039e360,2026-06-02T23:30:00Z,draftkings,DraftKings,player_points_rebounds_assists,Over,Jordin Canada,19.5,-104,2026-06-02T13:02:42Z,Atlanta Dream,Connecticut Sun
2026-06-02T13:03:13.722885+00:00,b84399295651497ab1b5785ed039e360,2026-06-02T23:30:00Z,draftkings,DraftKings,player_points_rebounds_assists,Under,Jordin Canada,19.5,-131,2026-06-02T13:02:42Z,Atlanta Dream,Connecticut Sun
2026-06-02T13:03:13.722885+00:00,b84399295651497ab1b5785ed039e360,2026-06-02T23:30:00Z,draftkings,DraftKings,player_rebounds,Over,Angel Reese,11.5,-128,2026-06-02T13:02:42Z,Atlanta Dream,Connecticut Sun
2026-06-02T13:03:13.722885+00:00,b84399295651497ab1b5785ed039e360,2026-06-02T23:30:00Z,draftkings,DraftKings,player_rebounds,Under,Angel Reese,11.5,-106,2026-06-02T13:02:42Z,Atlanta Dream,Connecticut Sun
2026-06-02T13:03:13.722885+00:00,b84399295651497ab1b5785ed039e360,2026-06-02T23:30:00Z,draftkings,DraftKings,player_rebounds,Over,Aneesah Morrow,10.5,106,2026-06-02T13:02:42Z,Atlanta Dream,Connecticut Sun
2026-06-02T13:03:13.722885+00:00,b84399295651497ab1b5785ed039e360,2026-06-02T23:30:00Z,draftkings,DraftKings,player_rebounds,Under,Aneesah Morrow,10.5,-144,2026-06-02T13:02:42Z,Atlanta Dream,Connecticut Sun
2026-06-02T13:03:13.722885+00:00,b84399295651497ab1b5785ed039e360,2026-06-02T23:30:00Z,draftkings,DraftKings,player_rebounds,Over,Naz Hillmon,5.5,-114,2026-06-02T13:02:42Z,Atlanta Dream,Connecticut Sun
2026-06-02T13:03:13.722885+00:00,b84399295651497ab1b5785ed039e360,2026-06-02T23:30:00Z,draftkings,DraftKings,player_rebounds,Under,Naz Hillmon,5.5,-119,2026-06-02T13:02:42Z,Atlanta Dream,Connecticut Sun
2026-06-02T13:03:13.722885+00:00,b84399295651497ab1b5785ed039e360,2026-06-02T23:30:00Z,draftkings,DraftKings,player_rebounds,Over,Brittney Griner,5.5,115,2026-06-02T13:02:42Z,Atlanta Dream,Connecticut Sun
2026-06-02T13:03:13.722885+00:00,b84399295651497ab1b5785ed039e360,2026-06-02T23:30:00Z,draftkings,DraftKings,player_rebounds,Under,Brittney Griner,5.5,-157,2026-06-02T13:02:42Z,Atlanta Dream,Connecticut Sun
2026-06-02T13:03:13.722885+00:00,b84399295651497ab1b5785ed039e360,2026-06-02T23:30:00Z,draftkings,DraftKings,player_rebounds,Over,Allisha Gray,4.5,104,2026-06-02T13:02:42Z,Atlanta Dream,Connecticut Sun
2026-06-02T13:03:13.722885+00:00,b84399295651497ab1b5785ed039e360,2026-06-02T23:30:00Z,draftkings,DraftKings,player_rebounds,Under,Allisha Gray,4.5,-142,2026-06-02T13:02:42Z,Atlanta Dream,Connecticut Sun
2026-06-02T13:03:13.722885+00:00,b84399295651497ab1b5785ed039e360,2026-06-02T23:30:00Z,draftkings,DraftKings,player_rebounds,Over,Rhyne Howard,3.5,-142,2026-06-02T13:02:42Z,Atlanta Dream,Connecticut Sun
2026-06-02T13:03:13.722885+00:00,b84399295651497ab1b5785ed039e360,2026-06-02T23:30:00Z,draftkings,DraftKings,player_rebounds,Under,Rhyne Howard,3.5,104,2026-06-02T13:02:42Z,Atlanta Dream,Connecticut Sun
2026-06-02T13:03:13.722885+00:00,b84399295651497ab1b5785ed039e360,2026-06-02T23:30:00Z,draftkings,DraftKings,player_rebounds,Over,Jordin Canada,3.5,114,2026-06-02T13:02:42Z,Atlanta Dream,Connecticut Sun
2026-06-02T13:03:13.722885+00:00,b84399295651497ab1b5785ed039e360,2026-06-02T23:30:00Z,draftkings,DraftKings,player_rebounds,Under,Jordin Canada,3.5,-155,2026-06-02T13:02:42Z,Atlanta Dream,Connecticut Sun
2026-06-02T13:03:13.722885+00:00,b84399295651497ab1b5785ed039e360,2026-06-02T23:30:00Z,draftkings,DraftKings,player_rebounds,Over,Leïla Lacan,2.5,121,2026-06-02T13:02:42Z,Atlanta Dream,Connecticut Sun
2026-06-02T13:03:13.722885+00:00,b84399295651497ab1b5785ed039e360,2026-06-02T23:30:00Z,draftkings,DraftKings,player_rebounds,Under,Leïla Lacan,2.5,-165,2026-06-02T13:02:42Z,Atlanta Dream,Connecticut Sun
2026-06-02T13:03:13.722885+00:00,b84399295651497ab1b5785ed039e360,2026-06-02T23:30:00Z,draftkings,DraftKings,player_rebounds_assists,Over,Angel Reese,15.5,-102,2026-06-02T13:02:42Z,Atlanta Dream,Connecticut Sun
2026-06-02T13:03:13.722885+00:00,b84399295651497ab1b5785ed039e360,2026-06-02T23:30:00Z,draftkings,DraftKings,player_rebounds_assists,Under,Angel Reese,15.5,-133,2026-06-02T13:02:42Z,Atlanta Dream,Connecticut Sun
2026-06-02T13:03:13.722885+00:00,b84399295651497ab1b5785ed039e360,2026-06-02T23:30:00Z,draftkings,DraftKings,player_rebounds_assists,Over,Jordin Canada,9.5,-104,2026-06-02T13:02:42Z,Atlanta Dream,Connecticut Sun
2026-06-02T13:03:13.722885+00:00,b84399295651497ab1b5785ed039e360,2026-06-02T23:30:00Z,draftkings,DraftKings,player_rebounds_assists,Under,Jordin Canada,9.5,-131,2026-06-02T13:02:42Z,Atlanta Dream,Connecticut Sun
2026-06-02T13:03:13.722885+00:00,b84399295651497ab1b5785ed039e360,2026-06-02T23:30:00Z,draftkings,DraftKings,player_rebounds_assists,Over,Rhyne Howard,8.5,101,2026-06-02T13:02:42Z,Atlanta Dream,Connecticut Sun
2026-06-02T13:03:13.722885+00:00,b84399295651497ab1b5785ed039e360,2026-06-02T23:30:00Z,draftkings,DraftKings,player_rebounds_assists,Under,Rhyne Howard,8.5,-137,2026-06-02T13:02:42Z,Atlanta Dream,Connecticut Sun
2026-06-02T13:03:13.722885+00:00,b84399295651497ab1b5785ed039e360,2026-06-02T23:30:00Z,draftkings,DraftKings,player_threes,Over,Rhyne Howard,2.5,-177,2026-06-02T13:02:42Z,Atlanta Dream,Connecticut Sun
2026-06-02T13:03:13.722885+00:00,b84399295651497ab1b5785ed039e360,2026-06-02T23:30:00Z,draftkings,DraftKings,player_threes,Under,Rhyne Howard,2.5,130,2026-06-02T13:02:42Z,Atlanta Dream,Connecticut Sun
2026-06-02T13:03:13.722885+00:00,b84399295651497ab1b5785ed039e360,2026-06-02T23:30:00Z,draftkings,DraftKings,player_threes,Over,Allisha Gray,1.5,-184,2026-06-02T13:02:42Z,Atlanta Dream,Connecticut Sun
2026-06-02T13:03:13.722885+00:00,b84399295651497ab1b5785ed039e360,2026-06-02T23:30:00Z,draftkings,DraftKings,player_threes,Under,Allisha Gray,1.5,135,2026-06-02T13:02:42Z,Atlanta Dream,Connecticut Sun
2026-06-02T13:03:13.722885+00:00,b84399295651497ab1b5785ed039e360,2026-06-02T23:30:00Z,fanatics,Fanatics,player_double_double,Yes,Rhyne Howard,,2000,2026-06-02T13:02:31Z,Atlanta Dream,Connecticut Sun
2026-06-02T13:03:13.722885+00:00,b84399295651497ab1b5785ed039e360,2026-06-02T23:30:00Z,fanatics,Fanatics,player_double_double,Yes,Angel Reese,,-160,2026-06-02T13:02:31Z,Atlanta Dream,Connecticut Sun
2026-06-02T13:03:13.722885+00:00,b84399295651497ab1b5785ed039e360,2026-06-02T23:30:00Z,fanatics,Fanatics,player_double_double,Yes,Jordin Canada,,1000,2026-06-02T13:02:31Z,Atlanta Dream,Connecticut Sun
2026-06-02T13:03:13.722885+00:00,b84399295651497ab1b5785ed039e360,2026-06-02T23:30:00Z,williamhill_us,Caesars,player_assists,Over,Rhyne Howard,4.5,102,2026-06-02T13:02:05Z,Atlanta Dream,Connecticut Sun
2026-06-02T13:03:13.722885+00:00,b84399295651497ab1b5785ed039e360,2026-06-02T23:30:00Z,williamhill_us,Caesars,player_assists,Under,Rhyne Howard,4.5,-136,2026-06-02T13:02:05Z,Atlanta Dream,Connecticut Sun
2026-06-02T13:03:13.722885+00:00,b84399295651497ab1b5785ed039e360,2026-06-02T23:30:00Z,williamhill_us,Caesars,player_assists,Over,Leïla Lacan,4.5,-134,2026-06-02T13:02:05Z,Atlanta Dream,Connecticut Sun
2026-06-02T13:03:13.722885+00:00,b84399295651497ab1b5785ed039e360,2026-06-02T23:30:00Z,williamhill_us,Caesars,player_assists,Under,Leïla Lacan,4.5,101,2026-06-02T13:02:05Z,Atlanta Dream,Connecticut Sun
2026-06-02T13:03:13.722885+00:00,b84399295651497ab1b5785ed039e360,2026-06-02T23:30:00Z,williamhill_us,Caesars,player_assists,Over,Angel Reese,3.5,108,2026-06-02T13:02:05Z,Atlanta Dream,Connecticut Sun
2026-06-02T13:03:13.722885+00:00,b84399295651497ab1b5785ed039e360,2026-06-02T23:30:00Z,williamhill_us,Caesars,player_assists,Under,Angel Reese,3.5,-145,2026-06-02T13:02:05Z,Atlanta Dream,Connecticut Sun
2026-06-02T13:03:13.722885+00:00,b84399295651497ab1b5785ed039e360,2026-06-02T23:30:00Z,williamhill_us,Caesars,player_assists,Over,Jordin Canada,5.5,-159,2026-06-02T13:02:05Z,Atlanta Dream,Connecticut Sun
2026-06-02T13:03:13.722885+00:00,b84399295651497ab1b5785ed039e360,2026-06-02T23:30:00Z,williamhill_us,Caesars,player_assists,Under,Jordin Canada,5.5,118,2026-06-02T13:02:05Z,Atlanta Dream,Connecticut Sun
2026-06-02T13:03:13.722885+00:00,b84399295651497ab1b5785ed039e360,2026-06-02T23:30:00Z,williamhill_us,Caesars,player_double_double,Yes,Leïla Lacan,,1900,2026-06-02T13:02:05Z,Atlanta Dream,Connecticut Sun
2026-06-02T13:03:13.722885+00:00,b84399295651497ab1b5785ed039e360,2026-06-02T23:30:00Z,williamhill_us,Caesars,player_double_double,Yes,Angel Reese,,-190,2026-06-02T13:02:05Z,Atlanta Dream,Connecticut Sun
2026-06-02T13:03:13.722885+00:00,b84399295651497ab1b5785ed039e360,2026-06-02T23:30:00Z,williamhill_us,Caesars,player_double_double,Yes,Jordin Canada,,1100,2026-06-02T13:02:05Z,Atlanta Dream,Connecticut Sun
2026-06-02T13:03:13.722885+00:00,b84399295651497ab1b5785ed039e360,2026-06-02T23:30:00Z,williamhill_us,Caesars,player_points,Over,Naz Hillmon,9.5,-110,2026-06-02T13:02:05Z,Atlanta Dream,Connecticut Sun
2026-06-02T13:03:13.722885+00:00,b84399295651497ab1b5785ed039e360,2026-06-02T23:30:00Z,williamhill_us,Caesars,player_points,Under,Naz Hillmon,9.5,-121,2026-06-02T13:02:05Z,Atlanta Dream,Connecticut Sun
2026-06-02T13:03:13.722885+00:00,b84399295651497ab1b5785ed039e360,2026-06-02T23:30:00Z,williamhill_us,Caesars,player_points,Over,Jordin Canada,9.5,-130,2026-06-02T13:02:05Z,Atlanta Dream,Connecticut Sun
2026-06-02T13:03:13.722885+00:00,b84399295651497ab1b5785ed039e360,2026-06-02T23:30:00Z,williamhill_us,Caesars,player_points,Under,Jordin Canada,9.5,-103,2026-06-02T13:02:05Z,Atlanta Dream,Connecticut Sun
2026-06-02T13:03:13.722885+00:00,b84399295651497ab1b5785ed039e360,2026-06-02T23:30:00Z,williamhill_us,Caesars,player_points,Over,Leïla Lacan,11.5,-136,2026-06-02T13:02:05Z,Atlanta Dream,Connecticut Sun
2026-06-02T13:03:13.722885+00:00,b84399295651497ab1b5785ed039e360,2026-06-02T23:30:00Z,williamhill_us,Caesars,player_points,Under,Leïla Lacan,11.5,102,2026-06-02T13:02:05Z,Atlanta Dream,Connecticut Sun
2026-06-02T13:03:13.722885+00:00,b84399295651497ab1b5785ed039e360,2026-06-02T23:30:00Z,williamhill_us,Caesars,player_points,Over,Aneesah Morrow,12.5,-115,2026-06-02T13:02:05Z,Atlanta Dream,Connecticut Sun
2026-06-02T13:03:13.722885+00:00,b84399295651497ab1b5785ed039e360,2026-06-02T23:30:00Z,williamhill_us,Caesars,player_points,Under,Aneesah Morrow,12.5,-115,2026-06-02T13:02:05Z,Atlanta Dream,Connecticut Sun
2026-06-02T13:03:13.722885+00:00,b84399295651497ab1b5785ed039e360,2026-06-02T23:30:00Z,williamhill_us,Caesars,player_points,Over,Allisha Gray,19.5,-122,2026-06-02T13:02:05Z,Atlanta Dream,Connecticut Sun
2026-06-02T13:03:13.722885+00:00,b84399295651497ab1b5785ed039e360,2026-06-02T23:30:00Z,williamhill_us,Caesars,player_points,Under,Allisha Gray,19.5,-109,2026-06-02T13:02:05Z,Atlanta Dream,Connecticut Sun
2026-06-02T13:03:13.722885+00:00,b84399295651497ab1b5785ed039e360,2026-06-02T23:30:00Z,williamhill_us,Caesars,player_points,Over,Rhyne Howard,15.5,-122,2026-06-02T13:02:05Z,Atlanta Dream,Connecticut Sun
2026-06-02T13:03:13.722885+00:00,b84399295651497ab1b5785ed039e360,2026-06-02T23:30:00Z,williamhill_us,Caesars,player_points,Under,Rhyne Howard,15.5,-110,2026-06-02T13:02:05Z,Atlanta Dream,Connecticut Sun
2026-06-02T13:03:13.722885+00:00,b84399295651497ab1b5785ed039e360,2026-06-02T23:30:00Z,williamhill_us,Caesars,player_points,Over,Angel Reese,14.5,-102,2026-06-02T13:02:05Z,Atlanta Dream,Connecticut Sun
2026-06-02T13:03:13.722885+00:00,b84399295651497ab1b5785ed039e360,2026-06-02T23:30:00Z,williamhill_us,Caesars,player_points,Under,Angel Reese,14.5,-132,2026-06-02T13:02:05Z,Atlanta Dream,Connecticut Sun
2026-06-02T13:03:13.722885+00:00,b84399295651497ab1b5785ed039e360,2026-06-02T23:30:00Z,williamhill_us,Caesars,player_rebounds,Over,Aneesah Morrow,9.5,-128,2026-06-02T13:02:05Z,Atlanta Dream,Connecticut Sun
2026-06-02T13:03:13.722885+00:00,b84399295651497ab1b5785ed039e360,2026-06-02T23:30:00Z,williamhill_us,Caesars,player_rebounds,Under,Aneesah Morrow,9.5,-107,2026-06-02T13:02:05Z,Atlanta Dream,Connecticut Sun
2026-06-02T13:03:13.722885+00:00,b84399295651497ab1b5785ed039e360,2026-06-02T23:30:00Z,williamhill_us,Caesars,player_rebounds,Over,Rhyne Howard,3.5,-141,2026-06-02T13:02:05Z,Atlanta Dream,Connecticut Sun
2026-06-02T13:03:13.722885+00:00,b84399295651497ab1b5785ed039e360,2026-06-02T23:30:00Z,williamhill_us,Caesars,player_rebounds,Under,Rhyne Howard,3.5,106,2026-06-02T13:02:05Z,Atlanta Dream,Connecticut Sun
2026-06-02T13:03:13.722885+00:00,b84399295651497ab1b5785ed039e360,2026-06-02T23:30:00Z,williamhill_us,Caesars,player_rebounds,Over,Allisha Gray,4.5,108,2026-06-02T13:02:05Z,Atlanta Dream,Connecticut Sun
2026-06-02T13:03:13.722885+00:00,b84399295651497ab1b5785ed039e360,2026-06-02T23:30:00Z,williamhill_us,Caesars,player_rebounds,Under,Allisha Gray,4.5,-143,2026-06-02T13:02:05Z,Atlanta Dream,Connecticut Sun
2026-06-02T13:03:13.722885+00:00,b84399295651497ab1b5785ed039e360,2026-06-02T23:30:00Z,williamhill_us,Caesars,player_rebounds,Over,Angel Reese,11.5,-122,2026-06-02T13:02:05Z,Atlanta Dream,Connecticut Sun
2026-06-02T13:03:13.722885+00:00,b84399295651497ab1b5785ed039e360,2026-06-02T23:30:00Z,williamhill_us,Caesars,player_rebounds,Under,Angel Reese,11.5,-108,2026-06-02T13:02:05Z,Atlanta Dream,Connecticut Sun
2026-06-02T13:03:13.722885+00:00,b84399295651497ab1b5785ed039e360,2026-06-02T23:30:00Z,williamhill_us,Caesars,player_rebounds,Over,Jordin Canada,3.5,112,2026-06-02T13:02:05Z,Atlanta Dream,Connecticut Sun
2026-06-02T13:03:13.722885+00:00,b84399295651497ab1b5785ed039e360,2026-06-02T23:30:00Z,williamhill_us,Caesars,player_rebounds,Under,Jordin Canada,3.5,-150,2026-06-02T13:02:05Z,Atlanta Dream,Connecticut Sun
2026-06-02T13:03:13.722885+00:00,b84399295651497ab1b5785ed039e360,2026-06-02T23:30:00Z,williamhill_us,Caesars,player_rebounds,Over,Naz Hillmon,5.5,-106,2026-06-02T13:02:05Z,Atlanta Dream,Connecticut Sun
2026-06-02T13:03:13.722885+00:00,b84399295651497ab1b5785ed039e360,2026-06-02T23:30:00Z,williamhill_us,Caesars,player_rebounds,Under,Naz Hillmon,5.5,-127,2026-06-02T13:02:05Z,Atlanta Dream,Connecticut Sun
2026-06-02T13:03:13.722885+00:00,b84399295651497ab1b5785ed039e360,2026-06-02T23:30:00Z,williamhill_us,Caesars,player_threes,Over,Allisha Gray,1.5,-182,2026-06-02T13:02:05Z,Atlanta Dream,Connecticut Sun
2026-06-02T13:03:13.722885+00:00,b84399295651497ab1b5785ed039e360,2026-06-02T23:30:00Z,williamhill_us,Caesars,player_threes,Under,Allisha Gray,1.5,136,2026-06-02T13:02:05Z,Atlanta Dream,Connecticut Sun
2026-06-02T13:03:13.722885+00:00,b84399295651497ab1b5785ed039e360,2026-06-02T23:30:00Z,williamhill_us,Caesars,player_threes,Over,Rhyne Howard,2.5,-176,2026-06-02T13:02:05Z,Atlanta Dream,Connecticut Sun
2026-06-02T13:03:13.722885+00:00,b84399295651497ab1b5785ed039e360,2026-06-02T23:30:00Z,williamhill_us,Caesars,player_threes,Under,Rhyne Howard,2.5,130,2026-06-02T13:02:05Z,Atlanta Dream,Connecticut Sun
2026-06-02T13:03:13.722885+00:00,759f97a0437a8ff763e5f24897639896,2026-06-02T23:30:00Z,fanduel,FanDuel,player_assists,Over,Natasha Cloud,5.5,130,2026-06-02T13:01:36Z,Washington Mystics,Chicago Sky
2026-06-02T13:03:13.722885+00:00,759f97a0437a8ff763e5f24897639896,2026-06-02T23:30:00Z,fanduel,FanDuel,player_assists,Under,Natasha Cloud,5.5,-174,2026-06-02T13:01:36Z,Washington Mystics,Chicago Sky
2026-06-02T13:03:13.722885+00:00,759f97a0437a8ff763e5f24897639896,2026-06-02T23:30:00Z,fanduel,FanDuel,player_assists,Over,Skylar Diggins-Smith,5.5,-154,2026-06-02T13:01:36Z,Washington Mystics,Chicago Sky
2026-06-02T13:03:13.722885+00:00,759f97a0437a8ff763e5f24897639896,2026-06-02T23:30:00Z,fanduel,FanDuel,player_assists,Under,Skylar Diggins-Smith,5.5,116,2026-06-02T13:01:36Z,Washington Mystics,Chicago Sky
2026-06-02T13:03:13.722885+00:00,759f97a0437a8ff763e5f24897639896,2026-06-02T23:30:00Z,fanduel,FanDuel,player_double_double,Yes,Kiki Iriafen,,110,2026-06-02T13:01:36Z,Washington Mystics,Chicago Sky
2026-06-02T13:03:13.722885+00:00,759f97a0437a8ff763e5f24897639896,2026-06-02T23:30:00Z,fanduel,FanDuel,player_double_double,Yes,Kamilla Cardoso,,130,2026-06-02T13:01:36Z,Washington Mystics,Chicago Sky
2026-06-02T13:03:13.722885+00:00,759f97a0437a8ff763e5f24897639896,2026-06-02T23:30:00Z,fanduel,FanDuel,player_double_double,Yes,Shakira Austin,,175,2026-06-02T13:01:36Z,Washington Mystics,Chicago Sky
2026-06-02T13:03:13.722885+00:00,759f97a0437a8ff763e5f24897639896,2026-06-02T23:30:00Z,fanduel,FanDuel,player_double_double,Yes,Skylar Diggins-Smith,,750,2026-06-02T13:01:36Z,Washington Mystics,Chicago Sky
2026-06-02T13:03:13.722885+00:00,759f97a0437a8ff763e5f24897639896,2026-06-02T23:30:00Z,fanduel,FanDuel,player_double_double,Yes,Natasha Cloud,,1800,2026-06-02T13:01:36Z,Washington Mystics,Chicago Sky
2026-06-02T13:03:13.722885+00:00,759f97a0437a8ff763e5f24897639896,2026-06-02T23:30:00Z,fanduel,FanDuel,player_points,Over,Natasha Cloud,10.5,-114,2026-06-02T13:01:36Z,Washington Mystics,Chicago Sky
2026-06-02T13:03:13.722885+00:00,759f97a0437a8ff763e5f24897639896,2026-06-02T23:30:00Z,fanduel,FanDuel,player_points,Under,Natasha Cloud,10.5,-114,2026-06-02T13:01:36Z,Washington Mystics,Chicago Sky
2026-06-02T13:03:13.722885+00:00,759f97a0437a8ff763e5f24897639896,2026-06-02T23:30:00Z,fanduel,FanDuel,player_points,Over,Kamilla Cardoso,13.5,-108,2026-06-02T13:01:36Z,Washington Mystics,Chicago Sky
2026-06-02T13:03:13.722885+00:00,759f97a0437a8ff763e5f24897639896,2026-06-02T23:30:00Z,fanduel,FanDuel,player_points,Under,Kamilla Cardoso,13.5,-120,2026-06-02T13:01:36Z,Washington Mystics,Chicago Sky
2026-06-02T13:03:13.722885+00:00,759f97a0437a8ff763e5f24897639896,2026-06-02T23:30:00Z,fanduel,FanDuel,player_points,Over,Skylar Diggins-Smith,16.5,100,2026-06-02T13:01:36Z,Washington Mystics,Chicago Sky
2026-06-02T13:03:13.722885+00:00,759f97a0437a8ff763e5f24897639896,2026-06-02T23:30:00Z,fanduel,FanDuel,player_points,Under,Skylar Diggins-Smith,16.5,-130,2026-06-02T13:01:36Z,Washington Mystics,Chicago Sky
2026-06-02T13:03:13.722885+00:00,759f97a0437a8ff763e5f24897639896,2026-06-02T23:30:00Z,fanduel,FanDuel,player_points,Over,Shakira Austin,16.5,-110,2026-06-02T13:01:36Z,Washington Mystics,Chicago Sky
2026-06-02T13:03:13.722885+00:00,759f97a0437a8ff763e5f24897639896,2026-06-02T23:30:00Z,fanduel,FanDuel,player_points,Under,Shakira Austin,16.5,-118,2026-06-02T13:01:36Z,Washington Mystics,Chicago Sky
2026-06-02T13:03:13.722885+00:00,759f97a0437a8ff763e5f24897639896,2026-06-02T23:30:00Z,fanduel,FanDuel,player_points,Over,Azura Stevens,7.5,-114,2026-06-02T13:01:36Z,Washington Mystics,Chicago Sky
2026-06-02T13:03:13.722885+00:00,759f97a0437a8ff763e5f24897639896,2026-06-02T23:30:00Z,fanduel,FanDuel,player_points,Under,Azura Stevens,7.5,-114,2026-06-02T13:01:36Z,Washington Mystics,Chicago Sky
2026-06-02T13:03:13.722885+00:00,759f97a0437a8ff763e5f24897639896,2026-06-02T23:30:00Z,fanduel,FanDuel,player_points,Over,Kiki Iriafen,14.5,-132,2026-06-02T13:01:36Z,Washington Mystics,Chicago Sky
2026-06-02T13:03:13.722885+00:00,759f97a0437a8ff763e5f24897639896,2026-06-02T23:30:00Z,fanduel,FanDuel,player_points,Under,Kiki Iriafen,14.5,102,2026-06-02T13:01:36Z,Washington Mystics,Chicago Sky
2026-06-02T13:03:13.722885+00:00,759f97a0437a8ff763e5f24897639896,2026-06-02T23:30:00Z,fanduel,FanDuel,player_points_assists,Over,Natasha Cloud,15.5,-125,2026-06-02T13:01:36Z,Washington Mystics,Chicago Sky
2026-06-02T13:03:13.722885+00:00,759f97a0437a8ff763e5f24897639896,2026-06-02T23:30:00Z,fanduel,FanDuel,player_points_assists,Under,Natasha Cloud,15.5,-106,2026-06-02T13:01:36Z,Washington Mystics,Chicago Sky
2026-06-02T13:03:13.722885+00:00,759f97a0437a8ff763e5f24897639896,2026-06-02T23:30:00Z,fanduel,FanDuel,player_points_assists,Over,Skylar Diggins-Smith,22.5,-104,2026-06-02T13:01:36Z,Washington Mystics,Chicago Sky
2026-06-02T13:03:13.722885+00:00,759f97a0437a8ff763e5f24897639896,2026-06-02T23:30:00Z,fanduel,FanDuel,player_points_assists,Under,Skylar Diggins-Smith,22.5,-128,2026-06-02T13:01:36Z,Washington Mystics,Chicago Sky
2026-06-02T13:03:13.722885+00:00,759f97a0437a8ff763e5f24897639896,2026-06-02T23:30:00Z,fanduel,FanDuel,player_points_rebounds,Over,Shakira Austin,24.5,-122,2026-06-02T13:01:36Z,Washington Mystics,Chicago Sky
2026-06-02T13:03:13.722885+00:00,759f97a0437a8ff763e5f24897639896,2026-06-02T23:30:00Z,fanduel,FanDuel,player_points_rebounds,Under,Shakira Austin,24.5,-108,2026-06-02T13:01:36Z,Washington Mystics,Chicago Sky
2026-06-02T13:03:13.722885+00:00,759f97a0437a8ff763e5f24897639896,2026-06-02T23:30:00Z,fanduel,FanDuel,player_points_rebounds,Over,Kamilla Cardoso,22.5,-120,2026-06-02T13:01:36Z,Washington Mystics,Chicago Sky
2026-06-02T13:03:13.722885+00:00,759f97a0437a8ff763e5f24897639896,2026-06-02T23:30:00Z,fanduel,FanDuel,player_points_rebounds,Under,Kamilla Cardoso,22.5,-110,2026-06-02T13:01:36Z,Washington Mystics,Chicago Sky
2026-06-02T13:03:13.722885+00:00,759f97a0437a8ff763e5f24897639896,2026-06-02T23:30:00Z,fanduel,FanDuel,player_points_rebounds,Over,Azura Stevens,10.5,-125,2026-06-02T13:01:36Z,Washington Mystics,Chicago Sky
2026-06-02T13:03:13.722885+00:00,759f97a0437a8ff763e5f24897639896,2026-06-02T23:30:00Z,fanduel,FanDuel,player_points_rebounds,Under,Azura Stevens,10.5,-106,2026-06-02T13:01:36Z,Washington Mystics,Chicago Sky
2026-06-02T13:03:13.722885+00:00,759f97a0437a8ff763e5f24897639896,2026-06-02T23:30:00Z,fanduel,FanDuel,player_points_rebounds,Over,Kiki Iriafen,24.5,-112,2026-06-02T13:01:36Z,Washington Mystics,Chicago Sky
2026-06-02T13:03:13.722885+00:00,759f97a0437a8ff763e5f24897639896,2026-06-02T23:30:00Z,fanduel,FanDuel,player_points_rebounds,Under,Kiki Iriafen,24.5,-118,2026-06-02T13:01:36Z,Washington Mystics,Chicago Sky
2026-06-02T13:03:13.722885+00:00,759f97a0437a8ff763e5f24897639896,2026-06-02T23:30:00Z,fanduel,FanDuel,player_points_rebounds,Over,Skylar Diggins-Smith,19.5,-114,2026-06-02T13:01:36Z,Washington Mystics,Chicago Sky
2026-06-02T13:03:13.722885+00:00,759f97a0437a8ff763e5f24897639896,2026-06-02T23:30:00Z,fanduel,FanDuel,player_points_rebounds,Under,Skylar Diggins-Smith,19.5,-114,2026-06-02T13:01:36Z,Washington Mystics,Chicago Sky
2026-06-02T13:03:13.722885+00:00,759f97a0437a8ff763e5f24897639896,2026-06-02T23:30:00Z,fanduel,FanDuel,player_points_rebounds_assists,Over,Natasha Cloud,20.5,100,2026-06-02T13:01:36Z,Washington Mystics,Chicago Sky
2026-06-02T13:03:13.722885+00:00,759f97a0437a8ff763e5f24897639896,2026-06-02T23:30:00Z,fanduel,FanDuel,player_points_rebounds_assists,Under,Natasha Cloud,20.5,-132,2026-06-02T13:01:36Z,Washington Mystics,Chicago Sky
2026-06-02T13:03:13.722885+00:00,759f97a0437a8ff763e5f24897639896,2026-06-02T23:30:00Z,fanduel,FanDuel,player_points_rebounds_assists,Over,Skylar Diggins-Smith,25.5,-122,2026-06-02T13:01:36Z,Washington Mystics,Chicago Sky
2026-06-02T13:03:13.722885+00:00,759f97a0437a8ff763e5f24897639896,2026-06-02T23:30:00Z,fanduel,FanDuel,player_points_rebounds_assists,Under,Skylar Diggins-Smith,25.5,-108,2026-06-02T13:01:36Z,Washington Mystics,Chicago Sky
2026-06-02T13:03:13.722885+00:00,759f97a0437a8ff763e5f24897639896,2026-06-02T23:30:00Z,fanduel,FanDuel,player_rebounds,Over,Natasha Cloud,4.5,128,2026-06-02T13:01:36Z,Washington Mystics,Chicago Sky
2026-06-02T13:03:13.722885+00:00,759f97a0437a8ff763e5f24897639896,2026-06-02T23:30:00Z,fanduel,FanDuel,player_rebounds,Under,Natasha Cloud,4.5,-172,2026-06-02T13:01:36Z,Washington Mystics,Chicago Sky
2026-06-02T13:03:13.722885+00:00,759f97a0437a8ff763e5f24897639896,2026-06-02T23:30:00Z,fanduel,FanDuel,player_rebounds,Over,Shakira Austin,8.5,116,2026-06-02T13:01:36Z,Washington Mystics,Chicago Sky
2026-06-02T13:03:13.722885+00:00,759f97a0437a8ff763e5f24897639896,2026-06-02T23:30:00Z,fanduel,FanDuel,player_rebounds,Under,Shakira Austin,8.5,-154,2026-06-02T13:01:36Z,Washington Mystics,Chicago Sky
2026-06-02T13:03:13.722885+00:00,759f97a0437a8ff763e5f24897639896,2026-06-02T23:30:00Z,fanduel,FanDuel,player_rebounds,Over,Kiki Iriafen,9.5,-106,2026-06-02T13:01:36Z,Washington Mystics,Chicago Sky
2026-06-02T13:03:13.722885+00:00,759f97a0437a8ff763e5f24897639896,2026-06-02T23:30:00Z,fanduel,FanDuel,player_rebounds,Under,Kiki Iriafen,9.5,-125,2026-06-02T13:01:36Z,Washington Mystics,Chicago Sky
2026-06-02T13:03:13.722885+00:00,759f97a0437a8ff763e5f24897639896,2026-06-02T23:30:00Z,fanduel,FanDuel,player_rebounds,Over,Azura Stevens,3.5,130,2026-06-02T13:01:36Z,Washington Mystics,Chicago Sky
2026-06-02T13:03:13.722885+00:00,759f97a0437a8ff763e5f24897639896,2026-06-02T23:30:00Z,fanduel,FanDuel,player_rebounds,Under,Azura Stevens,3.5,-174,2026-06-02T13:01:36Z,Washington Mystics,Chicago Sky
2026-06-02T13:03:13.722885+00:00,759f97a0437a8ff763e5f24897639896,2026-06-02T23:30:00Z,fanduel,FanDuel,player_rebounds,Over,Skylar Diggins-Smith,3.5,104,2026-06-02T13:01:36Z,Washington Mystics,Chicago Sky
2026-06-02T13:03:13.722885+00:00,759f97a0437a8ff763e5f24897639896,2026-06-02T23:30:00Z,fanduel,FanDuel,player_rebounds,Under,Skylar Diggins-Smith,3.5,-138,2026-06-02T13:01:36Z,Washington Mystics,Chicago Sky
2026-06-02T13:03:13.722885+00:00,759f97a0437a8ff763e5f24897639896,2026-06-02T23:30:00Z,fanduel,FanDuel,player_rebounds,Over,Kamilla Cardoso,8.5,-140,2026-06-02T13:01:36Z,Washington Mystics,Chicago Sky
2026-06-02T13:03:13.722885+00:00,759f97a0437a8ff763e5f24897639896,2026-06-02T23:30:00Z,fanduel,FanDuel,player_rebounds,Under,Kamilla Cardoso,8.5,106,2026-06-02T13:01:36Z,Washington Mystics,Chicago Sky
2026-06-02T13:03:13.722885+00:00,759f97a0437a8ff763e5f24897639896,2026-06-02T23:30:00Z,fanduel,FanDuel,player_rebounds_assists,Over,Natasha Cloud,9.5,104,2026-06-02T13:01:36Z,Washington Mystics,Chicago Sky
2026-06-02T13:03:13.722885+00:00,759f97a0437a8ff763e5f24897639896,2026-06-02T23:30:00Z,fanduel,FanDuel,player_rebounds_assists,Under,Natasha Cloud,9.5,-138,2026-06-02T13:01:36Z,Washington Mystics,Chicago Sky
2026-06-02T13:03:13.722885+00:00,759f97a0437a8ff763e5f24897639896,2026-06-02T23:30:00Z,fanduel,FanDuel,player_rebounds_assists,Over,Skylar Diggins-Smith,9.5,-110,2026-06-02T13:01:36Z,Washington Mystics,Chicago Sky
2026-06-02T13:03:13.722885+00:00,759f97a0437a8ff763e5f24897639896,2026-06-02T23:30:00Z,fanduel,FanDuel,player_rebounds_assists,Under,Skylar Diggins-Smith,9.5,-120,2026-06-02T13:01:36Z,Washington Mystics,Chicago Sky
2026-06-02T13:03:13.722885+00:00,759f97a0437a8ff763e5f24897639896,2026-06-02T23:30:00Z,fanduel,FanDuel,player_threes,Over,Skylar Diggins-Smith,1.5,162,2026-06-02T13:01:36Z,Washington Mystics,Chicago Sky
2026-06-02T13:03:13.722885+00:00,759f97a0437a8ff763e5f24897639896,2026-06-02T23:30:00Z,fanduel,FanDuel,player_threes,Under,Skylar Diggins-Smith,1.5,-220,2026-06-02T13:01:36Z,Washington Mystics,Chicago Sky
2026-06-02T13:03:13.722885+00:00,759f97a0437a8ff763e5f24897639896,2026-06-02T23:30:00Z,draftkings,DraftKings,player_assists,Over,Skylar Diggins-Smith,5.5,-135,2026-06-02T13:02:06Z,Washington Mystics,Chicago Sky
2026-06-02T13:03:13.722885+00:00,759f97a0437a8ff763e5f24897639896,2026-06-02T23:30:00Z,draftkings,DraftKings,player_assists,Under,Skylar Diggins-Smith,5.5,-101,2026-06-02T13:02:06Z,Washington Mystics,Chicago Sky
2026-06-02T13:03:13.722885+00:00,759f97a0437a8ff763e5f24897639896,2026-06-02T23:30:00Z,draftkings,DraftKings,player_assists,Over,Natasha Cloud,4.5,-124,2026-06-02T13:02:06Z,Washington Mystics,Chicago Sky
2026-06-02T13:03:13.722885+00:00,759f97a0437a8ff763e5f24897639896,2026-06-02T23:30:00Z,draftkings,DraftKings,player_assists,Under,Natasha Cloud,4.5,-109,2026-06-02T13:02:06Z,Washington Mystics,Chicago Sky
2026-06-02T13:03:13.722885+00:00,759f97a0437a8ff763e5f24897639896,2026-06-02T23:30:00Z,draftkings,DraftKings,player_assists,Over,Georgia Amoore,4.5,-101,2026-06-02T13:02:06Z,Washington Mystics,Chicago Sky
2026-06-02T13:03:13.722885+00:00,759f97a0437a8ff763e5f24897639896,2026-06-02T23:30:00Z,draftkings,DraftKings,player_assists,Under,Georgia Amoore,4.5,-134,2026-06-02T13:02:06Z,Washington Mystics,Chicago Sky
2026-06-02T13:03:13.722885+00:00,759f97a0437a8ff763e5f24897639896,2026-06-02T23:30:00Z,draftkings,DraftKings,player_double_double,Yes,Kiki Iriafen,,117,2026-06-02T13:02:06Z,Washington Mystics,Chicago Sky
2026-06-02T13:03:13.722885+00:00,759f97a0437a8ff763e5f24897639896,2026-06-02T23:30:00Z,draftkings,DraftKings,player_double_double,Yes,Kamilla Cardoso,,162,2026-06-02T13:02:06Z,Washington Mystics,Chicago Sky
2026-06-02T13:03:13.722885+00:00,759f97a0437a8ff763e5f24897639896,2026-06-02T23:30:00Z,draftkings,DraftKings,player_double_double,Yes,Shakira Austin,,202,2026-06-02T13:02:06Z,Washington Mystics,Chicago Sky
2026-06-02T13:03:13.722885+00:00,759f97a0437a8ff763e5f24897639896,2026-06-02T23:30:00Z,draftkings,DraftKings,player_double_double,Yes,Skylar Diggins-Smith,,950,2026-06-02T13:02:06Z,Washington Mystics,Chicago Sky
2026-06-02T13:03:13.722885+00:00,759f97a0437a8ff763e5f24897639896,2026-06-02T23:30:00Z,draftkings,DraftKings,player_double_double,Yes,Natasha Cloud,,2200,2026-06-02T13:02:06Z,Washington Mystics,Chicago Sky
2026-06-02T13:03:13.722885+00:00,759f97a0437a8ff763e5f24897639896,2026-06-02T23:30:00Z,draftkings,DraftKings,player_double_double,Yes,Georgia Amoore,,2700,2026-06-02T13:02:06Z,Washington Mystics,Chicago Sky
2026-06-02T13:03:13.722885+00:00,759f97a0437a8ff763e5f24897639896,2026-06-02T23:30:00Z,draftkings,DraftKings,player_points,Over,Shakira Austin,16.5,-110,2026-06-02T13:02:06Z,Washington Mystics,Chicago Sky
2026-06-02T13:03:13.722885+00:00,759f97a0437a8ff763e5f24897639896,2026-06-02T23:30:00Z,draftkings,DraftKings,player_points,Under,Shakira Austin,16.5,-120,2026-06-02T13:02:06Z,Washington Mystics,Chicago Sky
2026-06-02T13:03:13.722885+00:00,759f97a0437a8ff763e5f24897639896,2026-06-02T23:30:00Z,draftkings,DraftKings,player_points,Over,Skylar Diggins-Smith,15.5,-121,2026-06-02T13:02:06Z,Washington Mystics,Chicago Sky
2026-06-02T13:03:13.722885+00:00,759f97a0437a8ff763e5f24897639896,2026-06-02T23:30:00Z,draftkings,DraftKings,player_points,Under,Skylar Diggins-Smith,15.5,-109,2026-06-02T13:02:06Z,Washington Mystics,Chicago Sky
2026-06-02T13:03:13.722885+00:00,759f97a0437a8ff763e5f24897639896,2026-06-02T23:30:00Z,draftkings,DraftKings,player_points,Over,Kiki Iriafen,14.5,-124,2026-06-02T13:02:06Z,Washington Mystics,Chicago Sky
2026-06-02T13:03:13.722885+00:00,759f97a0437a8ff763e5f24897639896,2026-06-02T23:30:00Z,draftkings,DraftKings,player_points,Under,Kiki Iriafen,14.5,-107,2026-06-02T13:02:06Z,Washington Mystics,Chicago Sky
2026-06-02T13:03:13.722885+00:00,759f97a0437a8ff763e5f24897639896,2026-06-02T23:30:00Z,draftkings,DraftKings,player_points,Over,Kamilla Cardoso,13.5,-104,2026-06-02T13:02:06Z,Washington Mystics,Chicago Sky
2026-06-02T13:03:13.722885+00:00,759f97a0437a8ff763e5f24897639896,2026-06-02T23:30:00Z,draftkings,DraftKings,player_points,Under,Kamilla Cardoso,13.5,-127,2026-06-02T13:02:06Z,Washington Mystics,Chicago Sky
2026-06-02T13:03:13.722885+00:00,759f97a0437a8ff763e5f24897639896,2026-06-02T23:30:00Z,draftkings,DraftKings,player_points,Over,Natasha Cloud,10.5,-103,2026-06-02T13:02:06Z,Washington Mystics,Chicago Sky
2026-06-02T13:03:13.722885+00:00,759f97a0437a8ff763e5f24897639896,2026-06-02T23:30:00Z,draftkings,DraftKings,player_points,Under,Natasha Cloud,10.5,-128,2026-06-02T13:02:06Z,Washington Mystics,Chicago Sky
2026-06-02T13:03:13.722885+00:00,759f97a0437a8ff763e5f24897639896,2026-06-02T23:30:00Z,draftkings,DraftKings,player_points,Over,Michaela Onyenwere,8.5,-128,2026-06-02T13:02:06Z,Washington Mystics,Chicago Sky
2026-06-02T13:03:13.722885+00:00,759f97a0437a8ff763e5f24897639896,2026-06-02T23:30:00Z,draftkings,DraftKings,player_points,Under,Michaela Onyenwere,8.5,-103,2026-06-02T13:02:06Z,Washington Mystics,Chicago Sky
2026-06-02T13:03:13.722885+00:00,759f97a0437a8ff763e5f24897639896,2026-06-02T23:30:00Z,draftkings,DraftKings,player_points,Over,Georgia Amoore,8.5,-123,2026-06-02T13:02:06Z,Washington Mystics,Chicago Sky
2026-06-02T13:03:13.722885+00:00,759f97a0437a8ff763e5f24897639896,2026-06-02T23:30:00Z,draftkings,DraftKings,player_points,Under,Georgia Amoore,8.5,-108,2026-06-02T13:02:06Z,Washington Mystics,Chicago Sky
2026-06-02T13:03:13.722885+00:00,759f97a0437a8ff763e5f24897639896,2026-06-02T23:30:00Z,draftkings,DraftKings,player_points,Over,Azura Stevens,7.5,-119,2026-06-02T13:02:06Z,Washington Mystics,Chicago Sky
2026-06-02T13:03:13.722885+00:00,759f97a0437a8ff763e5f24897639896,2026-06-02T23:30:00Z,draftkings,DraftKings,player_points,Under,Azura Stevens,7.5,-111,2026-06-02T13:02:06Z,Washington Mystics,Chicago Sky
2026-06-02T13:03:13.722885+00:00,759f97a0437a8ff763e5f24897639896,2026-06-02T23:30:00Z,draftkings,DraftKings,player_points_assists,Over,Skylar Diggins-Smith,21.5,-121,2026-06-02T13:02:06Z,Washington Mystics,Chicago Sky
2026-06-02T13:03:13.722885+00:00,759f97a0437a8ff763e5f24897639896,2026-06-02T23:30:00Z,draftkings,DraftKings,player_points_assists,Under,Skylar Diggins-Smith,21.5,-112,2026-06-02T13:02:06Z,Washington Mystics,Chicago Sky
2026-06-02T13:03:13.722885+00:00,759f97a0437a8ff763e5f24897639896,2026-06-02T23:30:00Z,draftkings,DraftKings,player_points_assists,Over,Natasha Cloud,14.5,-133,2026-06-02T13:02:06Z,Washington Mystics,Chicago Sky
2026-06-02T13:03:13.722885+00:00,759f97a0437a8ff763e5f24897639896,2026-06-02T23:30:00Z,draftkings,DraftKings,player_points_assists,Under,Natasha Cloud,14.5,-102,2026-06-02T13:02:06Z,Washington Mystics,Chicago Sky
2026-06-02T13:03:13.722885+00:00,759f97a0437a8ff763e5f24897639896,2026-06-02T23:30:00Z,draftkings,DraftKings,player_points_assists,Over,Georgia Amoore,13.5,-109,2026-06-02T13:02:06Z,Washington Mystics,Chicago Sky
2026-06-02T13:03:13.722885+00:00,759f97a0437a8ff763e5f24897639896,2026-06-02T23:30:00Z,draftkings,DraftKings,player_points_assists,Under,Georgia Amoore,13.5,-124,2026-06-02T13:02:06Z,Washington Mystics,Chicago Sky
2026-06-02T13:03:13.722885+00:00,759f97a0437a8ff763e5f24897639896,2026-06-02T23:30:00Z,draftkings,DraftKings,player_points_rebounds,Over,Shakira Austin,24.5,-117,2026-06-02T13:02:06Z,Washington Mystics,Chicago Sky
2026-06-02T13:03:13.722885+00:00,759f97a0437a8ff763e5f24897639896,2026-06-02T23:30:00Z,draftkings,DraftKings,player_points_rebounds,Under,Shakira Austin,24.5,-116,2026-06-02T13:02:06Z,Washington Mystics,Chicago Sky
2026-06-02T13:03:13.722885+00:00,759f97a0437a8ff763e5f24897639896,2026-06-02T23:30:00Z,draftkings,DraftKings,player_points_rebounds,Over,Kiki Iriafen,24.5,-116,2026-06-02T13:02:06Z,Washington Mystics,Chicago Sky
2026-06-02T13:03:13.722885+00:00,759f97a0437a8ff763e5f24897639896,2026-06-02T23:30:00Z,draftkings,DraftKings,player_points_rebounds,Under,Kiki Iriafen,24.5,-117,2026-06-02T13:02:06Z,Washington Mystics,Chicago Sky
2026-06-02T13:03:13.722885+00:00,759f97a0437a8ff763e5f24897639896,2026-06-02T23:30:00Z,draftkings,DraftKings,player_points_rebounds,Over,Kamilla Cardoso,22.5,-110,2026-06-02T13:02:06Z,Washington Mystics,Chicago Sky
2026-06-02T13:03:13.722885+00:00,759f97a0437a8ff763e5f24897639896,2026-06-02T23:30:00Z,draftkings,DraftKings,player_points_rebounds,Under,Kamilla Cardoso,22.5,-123,2026-06-02T13:02:06Z,Washington Mystics,Chicago Sky
2026-06-02T13:03:13.722885+00:00,759f97a0437a8ff763e5f24897639896,2026-06-02T23:30:00Z,draftkings,DraftKings,player_points_rebounds,Over,Skylar Diggins-Smith,19.5,-107,2026-06-02T13:02:06Z,Washington Mystics,Chicago Sky
2026-06-02T13:03:13.722885+00:00,759f97a0437a8ff763e5f24897639896,2026-06-02T23:30:00Z,draftkings,DraftKings,player_points_rebounds,Under,Skylar Diggins-Smith,19.5,-127,2026-06-02T13:02:06Z,Washington Mystics,Chicago Sky
2026-06-02T13:03:13.722885+00:00,759f97a0437a8ff763e5f24897639896,2026-06-02T23:30:00Z,draftkings,DraftKings,player_points_rebounds,Over,Natasha Cloud,14.5,-115,2026-06-02T13:02:06Z,Washington Mystics,Chicago Sky
2026-06-02T13:03:13.722885+00:00,759f97a0437a8ff763e5f24897639896,2026-06-02T23:30:00Z,draftkings,DraftKings,player_points_rebounds,Under,Natasha Cloud,14.5,-118,2026-06-02T13:02:06Z,Washington Mystics,Chicago Sky
2026-06-02T13:03:13.722885+00:00,759f97a0437a8ff763e5f24897639896,2026-06-02T23:30:00Z,draftkings,DraftKings,player_points_rebounds,Over,Azura Stevens,10.5,-134,2026-06-02T13:02:06Z,Washington Mystics,Chicago Sky
2026-06-02T13:03:13.722885+00:00,759f97a0437a8ff763e5f24897639896,2026-06-02T23:30:00Z,draftkings,DraftKings,player_points_rebounds,Under,Azura Stevens,10.5,-101,2026-06-02T13:02:06Z,Washington Mystics,Chicago Sky
2026-06-02T13:03:13.722885+00:00,759f97a0437a8ff763e5f24897639896,2026-06-02T23:30:00Z,draftkings,DraftKings,player_points_rebounds_assists,Over,Skylar Diggins-Smith,25.5,-109,2026-06-02T13:02:06Z,Washington Mystics,Chicago Sky
2026-06-02T13:03:13.722885+00:00,759f97a0437a8ff763e5f24897639896,2026-06-02T23:30:00Z,draftkings,DraftKings,player_points_rebounds_assists,Under,Skylar Diggins-Smith,25.5,-124,2026-06-02T13:02:06Z,Washington Mystics,Chicago Sky
2026-06-02T13:03:13.722885+00:00,759f97a0437a8ff763e5f24897639896,2026-06-02T23:30:00Z,draftkings,DraftKings,player_points_rebounds_assists,Over,Natasha Cloud,19.5,-110,2026-06-02T13:02:06Z,Washington Mystics,Chicago Sky
2026-06-02T13:03:13.722885+00:00,759f97a0437a8ff763e5f24897639896,2026-06-02T23:30:00Z,draftkings,DraftKings,player_points_rebounds_assists,Under,Natasha Cloud,19.5,-123,2026-06-02T13:02:06Z,Washington Mystics,Chicago Sky
2026-06-02T13:03:13.722885+00:00,759f97a0437a8ff763e5f24897639896,2026-06-02T23:30:00Z,draftkings,DraftKings,player_rebounds,Over,Kiki Iriafen,9.5,-107,2026-06-02T13:02:02Z,Washington Mystics,Chicago Sky
2026-06-02T13:03:13.722885+00:00,759f97a0437a8ff763e5f24897639896,2026-06-02T23:30:00Z,draftkings,DraftKings,player_rebounds,Under,Kiki Iriafen,9.5,-127,2026-06-02T13:02:02Z,Washington Mystics,Chicago Sky
2026-06-02T13:03:13.722885+00:00,759f97a0437a8ff763e5f24897639896,2026-06-02T23:30:00Z,draftkings,DraftKings,player_rebounds,Over,Kamilla Cardoso,8.5,-144,2026-06-02T13:02:02Z,Washington Mystics,Chicago Sky
2026-06-02T13:03:13.722885+00:00,759f97a0437a8ff763e5f24897639896,2026-06-02T23:30:00Z,draftkings,DraftKings,player_rebounds,Under,Kamilla Cardoso,8.5,106,2026-06-02T13:02:02Z,Washington Mystics,Chicago Sky
2026-06-02T13:03:13.722885+00:00,759f97a0437a8ff763e5f24897639896,2026-06-02T23:30:00Z,draftkings,DraftKings,player_rebounds,Over,Shakira Austin,7.5,-145,2026-06-02T13:02:02Z,Washington Mystics,Chicago Sky
2026-06-02T13:03:13.722885+00:00,759f97a0437a8ff763e5f24897639896,2026-06-02T23:30:00Z,draftkings,DraftKings,player_rebounds,Under,Shakira Austin,7.5,106,2026-06-02T13:02:02Z,Washington Mystics,Chicago Sky
2026-06-02T13:03:13.722885+00:00,759f97a0437a8ff763e5f24897639896,2026-06-02T23:30:00Z,draftkings,DraftKings,player_rebounds,Over,Natasha Cloud,4.5,116,2026-06-02T13:02:02Z,Washington Mystics,Chicago Sky
2026-06-02T13:03:13.722885+00:00,759f97a0437a8ff763e5f24897639896,2026-06-02T23:30:00Z,draftkings,DraftKings,player_rebounds,Under,Natasha Cloud,4.5,-159,2026-06-02T13:02:02Z,Washington Mystics,Chicago Sky
2026-06-02T13:03:13.722885+00:00,759f97a0437a8ff763e5f24897639896,2026-06-02T23:30:00Z,draftkings,DraftKings,player_rebounds,Over,Skylar Diggins-Smith,3.5,-107,2026-06-02T13:02:02Z,Washington Mystics,Chicago Sky
2026-06-02T13:03:13.722885+00:00,759f97a0437a8ff763e5f24897639896,2026-06-02T23:30:00Z,draftkings,DraftKings,player_rebounds,Under,Skylar Diggins-Smith,3.5,-127,2026-06-02T13:02:02Z,Washington Mystics,Chicago Sky
2026-06-02T13:03:13.722885+00:00,759f97a0437a8ff763e5f24897639896,2026-06-02T23:30:00Z,draftkings,DraftKings,player_rebounds,Over,Azura Stevens,3.5,112,2026-06-02T13:02:02Z,Washington Mystics,Chicago Sky
2026-06-02T13:03:13.722885+00:00,759f97a0437a8ff763e5f24897639896,2026-06-02T23:30:00Z,draftkings,DraftKings,player_rebounds,Under,Azura Stevens,3.5,-153,2026-06-02T13:02:02Z,Washington Mystics,Chicago Sky
2026-06-02T13:03:13.722885+00:00,759f97a0437a8ff763e5f24897639896,2026-06-02T23:30:00Z,draftkings,DraftKings,player_rebounds_assists,Over,Skylar Diggins-Smith,9.5,-103,2026-06-02T13:02:06Z,Washington Mystics,Chicago Sky
2026-06-02T13:03:13.722885+00:00,759f97a0437a8ff763e5f24897639896,2026-06-02T23:30:00Z,draftkings,DraftKings,player_rebounds_assists,Under,Skylar Diggins-Smith,9.5,-132,2026-06-02T13:02:06Z,Washington Mystics,Chicago Sky
2026-06-02T13:03:13.722885+00:00,759f97a0437a8ff763e5f24897639896,2026-06-02T23:30:00Z,draftkings,DraftKings,player_rebounds_assists,Over,Natasha Cloud,8.5,-136,2026-06-02T13:02:06Z,Washington Mystics,Chicago Sky
2026-06-02T13:03:13.722885+00:00,759f97a0437a8ff763e5f24897639896,2026-06-02T23:30:00Z,draftkings,DraftKings,player_rebounds_assists,Under,Natasha Cloud,8.5,100,2026-06-02T13:02:06Z,Washington Mystics,Chicago Sky
2026-06-02T13:03:13.722885+00:00,759f97a0437a8ff763e5f24897639896,2026-06-02T23:30:00Z,draftkings,DraftKings,player_threes,Over,Skylar Diggins-Smith,0.5,-223,2026-06-02T13:02:06Z,Washington Mystics,Chicago Sky
2026-06-02T13:03:13.722885+00:00,759f97a0437a8ff763e5f24897639896,2026-06-02T23:30:00Z,draftkings,DraftKings,player_threes,Under,Skylar Diggins-Smith,0.5,162,2026-06-02T13:02:06Z,Washington Mystics,Chicago Sky
2026-06-02T13:03:13.722885+00:00,759f97a0437a8ff763e5f24897639896,2026-06-02T23:30:00Z,fanatics,Fanatics,player_double_double,Yes,Skylar Diggins-Smith,,800,2026-06-02T13:02:40Z,Washington Mystics,Chicago Sky
2026-06-02T13:03:13.722885+00:00,759f97a0437a8ff763e5f24897639896,2026-06-02T23:30:00Z,williamhill_us,Caesars,player_assists,Over,Skylar Diggins-Smith,5.5,-136,2026-06-02T13:01:41Z,Washington Mystics,Chicago Sky
2026-06-02T13:03:13.722885+00:00,759f97a0437a8ff763e5f24897639896,2026-06-02T23:30:00Z,williamhill_us,Caesars,player_assists,Under,Skylar Diggins-Smith,5.5,102,2026-06-02T13:01:41Z,Washington Mystics,Chicago Sky
2026-06-02T13:03:13.722885+00:00,759f97a0437a8ff763e5f24897639896,2026-06-02T23:30:00Z,williamhill_us,Caesars,player_assists,Over,Georgia Amoore,4.5,101,2026-06-02T13:01:41Z,Washington Mystics,Chicago Sky
2026-06-02T13:03:13.722885+00:00,759f97a0437a8ff763e5f24897639896,2026-06-02T23:30:00Z,williamhill_us,Caesars,player_assists,Under,Georgia Amoore,4.5,-136,2026-06-02T13:01:41Z,Washington Mystics,Chicago Sky
2026-06-02T13:03:13.722885+00:00,759f97a0437a8ff763e5f24897639896,2026-06-02T23:30:00Z,williamhill_us,Caesars,player_assists,Over,Natasha Cloud,4.5,-129,2026-06-02T13:01:41Z,Washington Mystics,Chicago Sky
2026-06-02T13:03:13.722885+00:00,759f97a0437a8ff763e5f24897639896,2026-06-02T23:30:00Z,williamhill_us,Caesars,player_assists,Under,Natasha Cloud,4.5,-104,2026-06-02T13:01:41Z,Washington Mystics,Chicago Sky
2026-06-02T13:03:13.722885+00:00,759f97a0437a8ff763e5f24897639896,2026-06-02T23:30:00Z,williamhill_us,Caesars,player_double_double,Yes,Kiki Iriafen,,118,2026-06-02T13:01:41Z,Washington Mystics,Chicago Sky
2026-06-02T13:03:13.722885+00:00,759f97a0437a8ff763e5f24897639896,2026-06-02T23:30:00Z,williamhill_us,Caesars,player_double_double,Yes,Kamilla Cardoso,,149,2026-06-02T13:01:41Z,Washington Mystics,Chicago Sky
2026-06-02T13:03:13.722885+00:00,759f97a0437a8ff763e5f24897639896,2026-06-02T23:30:00Z,williamhill_us,Caesars,player_double_double,Yes,Shakira Austin,,188,2026-06-02T13:01:41Z,Washington Mystics,Chicago Sky
2026-06-02T13:03:13.722885+00:00,759f97a0437a8ff763e5f24897639896,2026-06-02T23:30:00Z,williamhill_us,Caesars,player_double_double,Yes,Skylar Diggins-Smith,,850,2026-06-02T13:01:41Z,Washington Mystics,Chicago Sky
2026-06-02T13:03:13.722885+00:00,759f97a0437a8ff763e5f24897639896,2026-06-02T23:30:00Z,williamhill_us,Caesars,player_double_double,Yes,Natasha Cloud,,2000,2026-06-02T13:01:41Z,Washington Mystics,Chicago Sky
2026-06-02T13:03:13.722885+00:00,759f97a0437a8ff763e5f24897639896,2026-06-02T23:30:00Z,williamhill_us,Caesars,player_points,Over,Azura Stevens,7.5,-120,2026-06-02T13:01:41Z,Washington Mystics,Chicago Sky
2026-06-02T13:03:13.722885+00:00,759f97a0437a8ff763e5f24897639896,2026-06-02T23:30:00Z,williamhill_us,Caesars,player_points,Under,Azura Stevens,7.5,-112,2026-06-02T13:01:41Z,Washington Mystics,Chicago Sky
2026-06-02T13:03:13.722885+00:00,759f97a0437a8ff763e5f24897639896,2026-06-02T23:30:00Z,williamhill_us,Caesars,player_points,Over,Shakira Austin,16.5,-114,2026-06-02T13:01:41Z,Washington Mystics,Chicago Sky
2026-06-02T13:03:13.722885+00:00,759f97a0437a8ff763e5f24897639896,2026-06-02T23:30:00Z,williamhill_us,Caesars,player_points,Under,Shakira Austin,16.5,-117,2026-06-02T13:01:41Z,Washington Mystics,Chicago Sky
2026-06-02T13:03:13.722885+00:00,759f97a0437a8ff763e5f24897639896,2026-06-02T23:30:00Z,williamhill_us,Caesars,player_points,Over,Skylar Diggins-Smith,16.5,102,2026-06-02T13:01:41Z,Washington Mystics,Chicago Sky
2026-06-02T13:03:13.722885+00:00,759f97a0437a8ff763e5f24897639896,2026-06-02T23:30:00Z,williamhill_us,Caesars,player_points,Under,Skylar Diggins-Smith,16.5,-136,2026-06-02T13:01:41Z,Washington Mystics,Chicago Sky
2026-06-02T13:03:13.722885+00:00,759f97a0437a8ff763e5f24897639896,2026-06-02T23:30:00Z,williamhill_us,Caesars,player_points,Over,Kiki Iriafen,14.5,-132,2026-06-02T13:01:41Z,Washington Mystics,Chicago Sky
2026-06-02T13:03:13.722885+00:00,759f97a0437a8ff763e5f24897639896,2026-06-02T23:30:00Z,williamhill_us,Caesars,player_points,Under,Kiki Iriafen,14.5,-102,2026-06-02T13:01:41Z,Washington Mystics,Chicago Sky
2026-06-02T13:03:13.722885+00:00,759f97a0437a8ff763e5f24897639896,2026-06-02T23:30:00Z,williamhill_us,Caesars,player_points,Over,Kamilla Cardoso,13.5,107,2026-06-02T13:01:41Z,Washington Mystics,Chicago Sky
2026-06-02T13:03:13.722885+00:00,759f97a0437a8ff763e5f24897639896,2026-06-02T23:30:00Z,williamhill_us,Caesars,player_points,Under,Kamilla Cardoso,13.5,-138,2026-06-02T13:01:41Z,Washington Mystics,Chicago Sky
2026-06-02T13:03:13.722885+00:00,759f97a0437a8ff763e5f24897639896,2026-06-02T23:30:00Z,williamhill_us,Caesars,player_points,Over,Michaela Onyenwere,8.5,-130,2026-06-02T13:01:41Z,Washington Mystics,Chicago Sky
2026-06-02T13:03:13.722885+00:00,759f97a0437a8ff763e5f24897639896,2026-06-02T23:30:00Z,williamhill_us,Caesars,player_points,Under,Michaela Onyenwere,8.5,-103,2026-06-02T13:01:41Z,Washington Mystics,Chicago Sky
2026-06-02T13:03:13.722885+00:00,759f97a0437a8ff763e5f24897639896,2026-06-02T23:30:00Z,williamhill_us,Caesars,player_points,Over,Georgia Amoore,8.5,-120,2026-06-02T13:01:41Z,Washington Mystics,Chicago Sky
2026-06-02T13:03:13.722885+00:00,759f97a0437a8ff763e5f24897639896,2026-06-02T23:30:00Z,williamhill_us,Caesars,player_points,Under,Georgia Amoore,8.5,-112,2026-06-02T13:01:41Z,Washington Mystics,Chicago Sky
2026-06-02T13:03:13.722885+00:00,759f97a0437a8ff763e5f24897639896,2026-06-02T23:30:00Z,williamhill_us,Caesars,player_points,Over,Natasha Cloud,10.5,-113,2026-06-02T13:01:41Z,Washington Mystics,Chicago Sky
2026-06-02T13:03:13.722885+00:00,759f97a0437a8ff763e5f24897639896,2026-06-02T23:30:00Z,williamhill_us,Caesars,player_points,Under,Natasha Cloud,10.5,-118,2026-06-02T13:01:41Z,Washington Mystics,Chicago Sky
2026-06-02T13:03:13.722885+00:00,759f97a0437a8ff763e5f24897639896,2026-06-02T23:30:00Z,williamhill_us,Caesars,player_rebounds,Over,Kiki Iriafen,9.5,-103,2026-06-02T13:01:41Z,Washington Mystics,Chicago Sky
2026-06-02T13:03:13.722885+00:00,759f97a0437a8ff763e5f24897639896,2026-06-02T23:30:00Z,williamhill_us,Caesars,player_rebounds,Under,Kiki Iriafen,9.5,-130,2026-06-02T13:01:41Z,Washington Mystics,Chicago Sky
2026-06-02T13:03:13.722885+00:00,759f97a0437a8ff763e5f24897639896,2026-06-02T23:30:00Z,williamhill_us,Caesars,player_rebounds,Over,Azura Stevens,3.5,115,2026-06-02T13:01:41Z,Washington Mystics,Chicago Sky
2026-06-02T13:03:13.722885+00:00,759f97a0437a8ff763e5f24897639896,2026-06-02T23:30:00Z,williamhill_us,Caesars,player_rebounds,Under,Azura Stevens,3.5,-154,2026-06-02T13:01:41Z,Washington Mystics,Chicago Sky
2026-06-02T13:03:13.722885+00:00,759f97a0437a8ff763e5f24897639896,2026-06-02T23:30:00Z,williamhill_us,Caesars,player_rebounds,Over,Shakira Austin,7.5,-143,2026-06-02T13:01:41Z,Washington Mystics,Chicago Sky
2026-06-02T13:03:13.722885+00:00,759f97a0437a8ff763e5f24897639896,2026-06-02T23:30:00Z,williamhill_us,Caesars,player_rebounds,Under,Shakira Austin,7.5,107,2026-06-02T13:01:41Z,Washington Mystics,Chicago Sky
2026-06-02T13:03:13.722885+00:00,759f97a0437a8ff763e5f24897639896,2026-06-02T23:30:00Z,williamhill_us,Caesars,player_rebounds,Over,Kamilla Cardoso,8.5,-141,2026-06-02T13:01:41Z,Washington Mystics,Chicago Sky
2026-06-02T13:03:13.722885+00:00,759f97a0437a8ff763e5f24897639896,2026-06-02T23:30:00Z,williamhill_us,Caesars,player_rebounds,Under,Kamilla Cardoso,8.5,106,2026-06-02T13:01:41Z,Washington Mystics,Chicago Sky
2026-06-02T13:03:13.722885+00:00,759f97a0437a8ff763e5f24897639896,2026-06-02T23:30:00Z,williamhill_us,Caesars,player_rebounds,Over,Natasha Cloud,4.5,122,2026-06-02T13:01:41Z,Washington Mystics,Chicago Sky
2026-06-02T13:03:13.722885+00:00,759f97a0437a8ff763e5f24897639896,2026-06-02T23:30:00Z,williamhill_us,Caesars,player_rebounds,Under,Natasha Cloud,4.5,-164,2026-06-02T13:01:41Z,Washington Mystics,Chicago Sky
2026-06-02T13:03:13.722885+00:00,759f97a0437a8ff763e5f24897639896,2026-06-02T23:30:00Z,williamhill_us,Caesars,player_rebounds,Over,Skylar Diggins-Smith,3.5,100,2026-06-02T13:01:41Z,Washington Mystics,Chicago Sky
2026-06-02T13:03:13.722885+00:00,759f97a0437a8ff763e5f24897639896,2026-06-02T23:30:00Z,williamhill_us,Caesars,player_rebounds,Under,Skylar Diggins-Smith,3.5,-134,2026-06-02T13:01:41Z,Washington Mystics,Chicago Sky
2026-06-02T13:03:13.722885+00:00,759f97a0437a8ff763e5f24897639896,2026-06-02T23:30:00Z,williamhill_us,Caesars,player_threes,Over,Skylar Diggins-Smith,1.5,162,2026-06-02T13:01:41Z,Washington Mystics,Chicago Sky
2026-06-02T13:03:13.722885+00:00,759f97a0437a8ff763e5f24897639896,2026-06-02T23:30:00Z,williamhill_us,Caesars,player_threes,Under,Skylar Diggins-Smith,1.5,-225,2026-06-02T13:01:41Z,Washington Mystics,Chicago Sky
2026-06-02T13:03:13.722885+00:00,6f8192d89fec2aeb42878b8706254d5d,2026-06-03T02:00:00Z,draftkings,DraftKings,player_assists,Over,Veronica Burton,5.5,-144,2026-06-02T13:00:21Z,Golden State Valkyries,Portland Fire
2026-06-02T13:03:13.722885+00:00,6f8192d89fec2aeb42878b8706254d5d,2026-06-03T02:00:00Z,draftkings,DraftKings,player_assists,Under,Veronica Burton,5.5,106,2026-06-02T13:00:21Z,Golden State Valkyries,Portland Fire
2026-06-02T13:03:13.722885+00:00,6f8192d89fec2aeb42878b8706254d5d,2026-06-03T02:00:00Z,draftkings,DraftKings,player_assists,Over,Carla Leite,4.5,112,2026-06-02T13:00:21Z,Golden State Valkyries,Portland Fire
2026-06-02T13:03:13.722885+00:00,6f8192d89fec2aeb42878b8706254d5d,2026-06-03T02:00:00Z,draftkings,DraftKings,player_assists,Under,Carla Leite,4.5,-153,2026-06-02T13:00:21Z,Golden State Valkyries,Portland Fire
2026-06-02T13:03:13.722885+00:00,6f8192d89fec2aeb42878b8706254d5d,2026-06-03T02:00:00Z,draftkings,DraftKings,player_assists,Over,Gabby Williams,3.5,-149,2026-06-02T13:00:21Z,Golden State Valkyries,Portland Fire
2026-06-02T13:03:13.722885+00:00,6f8192d89fec2aeb42878b8706254d5d,2026-06-03T02:00:00Z,draftkings,DraftKings,player_assists,Under,Gabby Williams,3.5,110,2026-06-02T13:00:21Z,Golden State Valkyries,Portland Fire
2026-06-02T13:03:13.722885+00:00,6f8192d89fec2aeb42878b8706254d5d,2026-06-03T02:00:00Z,draftkings,DraftKings,player_assists,Over,Bridget Carleton,2.5,138,2026-06-02T13:00:21Z,Golden State Valkyries,Portland Fire
2026-06-02T13:03:13.722885+00:00,6f8192d89fec2aeb42878b8706254d5d,2026-06-03T02:00:00Z,draftkings,DraftKings,player_assists,Under,Bridget Carleton,2.5,-189,2026-06-02T13:00:21Z,Golden State Valkyries,Portland Fire
2026-06-02T13:03:13.722885+00:00,6f8192d89fec2aeb42878b8706254d5d,2026-06-03T02:00:00Z,draftkings,DraftKings,player_double_double,Yes,Veronica Burton,,840,2026-06-02T13:01:33Z,Golden State Valkyries,Portland Fire
2026-06-02T13:03:13.722885+00:00,6f8192d89fec2aeb42878b8706254d5d,2026-06-03T02:00:00Z,draftkings,DraftKings,player_points,Over,Gabby Williams,14.5,-120,2026-06-02T13:01:33Z,Golden State Valkyries,Portland Fire
2026-06-02T13:03:13.722885+00:00,6f8192d89fec2aeb42878b8706254d5d,2026-06-03T02:00:00Z,draftkings,DraftKings,player_points,Under,Gabby Williams,14.5,-110,2026-06-02T13:01:33Z,Golden State Valkyries,Portland Fire
2026-06-02T13:03:13.722885+00:00,6f8192d89fec2aeb42878b8706254d5d,2026-06-03T02:00:00Z,draftkings,DraftKings,player_points,Over,Carla Leite,14.5,-104,2026-06-02T13:01:33Z,Golden State Valkyries,Portland Fire
2026-06-02T13:03:13.722885+00:00,6f8192d89fec2aeb42878b8706254d5d,2026-06-03T02:00:00Z,draftkings,DraftKings,player_points,Under,Carla Leite,14.5,-128,2026-06-02T13:01:33Z,Golden State Valkyries,Portland Fire
2026-06-02T13:03:13.722885+00:00,6f8192d89fec2aeb42878b8706254d5d,2026-06-03T02:00:00Z,draftkings,DraftKings,player_points,Over,Veronica Burton,13.5,-116,2026-06-02T13:01:33Z,Golden State Valkyries,Portland Fire
2026-06-02T13:03:13.722885+00:00,6f8192d89fec2aeb42878b8706254d5d,2026-06-03T02:00:00Z,draftkings,DraftKings,player_points,Under,Veronica Burton,13.5,-114,2026-06-02T13:01:33Z,Golden State Valkyries,Portland Fire
2026-06-02T13:03:13.722885+00:00,6f8192d89fec2aeb42878b8706254d5d,2026-06-03T02:00:00Z,draftkings,DraftKings,player_points,Over,Bridget Carleton,13.5,-113,2026-06-02T13:01:33Z,Golden State Valkyries,Portland Fire
2026-06-02T13:03:13.722885+00:00,6f8192d89fec2aeb42878b8706254d5d,2026-06-03T02:00:00Z,draftkings,DraftKings,player_points,Under,Bridget Carleton,13.5,-118,2026-06-02T13:01:33Z,Golden State Valkyries,Portland Fire
2026-06-02T13:03:13.722885+00:00,6f8192d89fec2aeb42878b8706254d5d,2026-06-03T02:00:00Z,draftkings,DraftKings,player_points,Over,Janelle Salaun,12.5,-106,2026-06-02T13:01:33Z,Golden State Valkyries,Portland Fire
2026-06-02T13:03:13.722885+00:00,6f8192d89fec2aeb42878b8706254d5d,2026-06-03T02:00:00Z,draftkings,DraftKings,player_points,Under,Janelle Salaun,12.5,-125,2026-06-02T13:01:33Z,Golden State Valkyries,Portland Fire
2026-06-02T13:03:13.722885+00:00,6f8192d89fec2aeb42878b8706254d5d,2026-06-03T02:00:00Z,draftkings,DraftKings,player_points,Over,Kayla Thornton,9.5,-123,2026-06-02T13:01:33Z,Golden State Valkyries,Portland Fire
2026-06-02T13:03:13.722885+00:00,6f8192d89fec2aeb42878b8706254d5d,2026-06-03T02:00:00Z,draftkings,DraftKings,player_points,Under,Kayla Thornton,9.5,-108,2026-06-02T13:01:33Z,Golden State Valkyries,Portland Fire
2026-06-02T13:03:13.722885+00:00,6f8192d89fec2aeb42878b8706254d5d,2026-06-03T02:00:00Z,draftkings,DraftKings,player_points,Over,Megan Gustafson,9.5,-107,2026-06-02T13:01:33Z,Golden State Valkyries,Portland Fire
2026-06-02T13:03:13.722885+00:00,6f8192d89fec2aeb42878b8706254d5d,2026-06-03T02:00:00Z,draftkings,DraftKings,player_points,Under,Megan Gustafson,9.5,-124,2026-06-02T13:01:33Z,Golden State Valkyries,Portland Fire
2026-06-02T13:03:13.722885+00:00,6f8192d89fec2aeb42878b8706254d5d,2026-06-03T02:00:00Z,draftkings,DraftKings,player_points,Over,Emily Engstler,8.5,-104,2026-06-02T13:01:33Z,Golden State Valkyries,Portland Fire
2026-06-02T13:03:13.722885+00:00,6f8192d89fec2aeb42878b8706254d5d,2026-06-03T02:00:00Z,draftkings,DraftKings,player_points,Under,Emily Engstler,8.5,-128,2026-06-02T13:01:33Z,Golden State Valkyries,Portland Fire
2026-06-02T13:03:13.722885+00:00,6f8192d89fec2aeb42878b8706254d5d,2026-06-03T02:00:00Z,draftkings,DraftKings,player_points,Over,Cecilia Zandalasini,7.5,-120,2026-06-02T13:01:33Z,Golden State Valkyries,Portland Fire
2026-06-02T13:03:13.722885+00:00,6f8192d89fec2aeb42878b8706254d5d,2026-06-03T02:00:00Z,draftkings,DraftKings,player_points,Under,Cecilia Zandalasini,7.5,-110,2026-06-02T13:01:33Z,Golden State Valkyries,Portland Fire
2026-06-02T13:03:13.722885+00:00,6f8192d89fec2aeb42878b8706254d5d,2026-06-03T02:00:00Z,draftkings,DraftKings,player_points_assists,Over,Veronica Burton,19.5,-120,2026-06-02T13:01:33Z,Golden State Valkyries,Portland Fire
2026-06-02T13:03:13.722885+00:00,6f8192d89fec2aeb42878b8706254d5d,2026-06-03T02:00:00Z,draftkings,DraftKings,player_points_assists,Under,Veronica Burton,19.5,-113,2026-06-02T13:01:33Z,Golden State Valkyries,Portland Fire
2026-06-02T13:03:13.722885+00:00,6f8192d89fec2aeb42878b8706254d5d,2026-06-03T02:00:00Z,draftkings,DraftKings,player_points_assists,Over,Gabby Williams,18.5,-128,2026-06-02T13:01:33Z,Golden State Valkyries,Portland Fire
2026-06-02T13:03:13.722885+00:00,6f8192d89fec2aeb42878b8706254d5d,2026-06-03T02:00:00Z,draftkings,DraftKings,player_points_assists,Under,Gabby Williams,18.5,-106,2026-06-02T13:01:33Z,Golden State Valkyries,Portland Fire
2026-06-02T13:03:13.722885+00:00,6f8192d89fec2aeb42878b8706254d5d,2026-06-03T02:00:00Z,draftkings,DraftKings,player_points_assists,Over,Carla Leite,18.5,-116,2026-06-02T13:01:33Z,Golden State Valkyries,Portland Fire
2026-06-02T13:03:13.722885+00:00,6f8192d89fec2aeb42878b8706254d5d,2026-06-03T02:00:00Z,draftkings,DraftKings,player_points_assists,Under,Carla Leite,18.5,-117,2026-06-02T13:01:33Z,Golden State Valkyries,Portland Fire
2026-06-02T13:03:13.722885+00:00,6f8192d89fec2aeb42878b8706254d5d,2026-06-03T02:00:00Z,draftkings,DraftKings,player_points_assists,Over,Bridget Carleton,15.5,-121,2026-06-02T13:01:33Z,Golden State Valkyries,Portland Fire
2026-06-02T13:03:13.722885+00:00,6f8192d89fec2aeb42878b8706254d5d,2026-06-03T02:00:00Z,draftkings,DraftKings,player_points_assists,Under,Bridget Carleton,15.5,-112,2026-06-02T13:01:33Z,Golden State Valkyries,Portland Fire
2026-06-02T13:03:13.722885+00:00,6f8192d89fec2aeb42878b8706254d5d,2026-06-03T02:00:00Z,draftkings,DraftKings,player_points_rebounds,Over,Gabby Williams,18.5,-130,2026-06-02T13:01:33Z,Golden State Valkyries,Portland Fire
2026-06-02T13:03:13.722885+00:00,6f8192d89fec2aeb42878b8706254d5d,2026-06-03T02:00:00Z,draftkings,DraftKings,player_points_rebounds,Under,Gabby Williams,18.5,-104,2026-06-02T13:01:33Z,Golden State Valkyries,Portland Fire
2026-06-02T13:03:13.722885+00:00,6f8192d89fec2aeb42878b8706254d5d,2026-06-03T02:00:00Z,draftkings,DraftKings,player_points_rebounds,Over,Veronica Burton,17.5,-103,2026-06-02T13:01:33Z,Golden State Valkyries,Portland Fire
2026-06-02T13:03:13.722885+00:00,6f8192d89fec2aeb42878b8706254d5d,2026-06-03T02:00:00Z,draftkings,DraftKings,player_points_rebounds,Under,Veronica Burton,17.5,-132,2026-06-02T13:01:33Z,Golden State Valkyries,Portland Fire
2026-06-02T13:03:13.722885+00:00,6f8192d89fec2aeb42878b8706254d5d,2026-06-03T02:00:00Z,draftkings,DraftKings,player_points_rebounds,Over,Bridget Carleton,16.5,-131,2026-06-02T13:01:33Z,Golden State Valkyries,Portland Fire
2026-06-02T13:03:13.722885+00:00,6f8192d89fec2aeb42878b8706254d5d,2026-06-03T02:00:00Z,draftkings,DraftKings,player_points_rebounds,Under,Bridget Carleton,16.5,-104,2026-06-02T13:01:33Z,Golden State Valkyries,Portland Fire
2026-06-02T13:03:13.722885+00:00,6f8192d89fec2aeb42878b8706254d5d,2026-06-03T02:00:00Z,draftkings,DraftKings,player_points_rebounds,Over,Janelle Salaun,16.5,-122,2026-06-02T13:01:33Z,Golden State Valkyries,Portland Fire
2026-06-02T13:03:13.722885+00:00,6f8192d89fec2aeb42878b8706254d5d,2026-06-03T02:00:00Z,draftkings,DraftKings,player_points_rebounds,Under,Janelle Salaun,16.5,-111,2026-06-02T13:01:33Z,Golden State Valkyries,Portland Fire
2026-06-02T13:03:13.722885+00:00,6f8192d89fec2aeb42878b8706254d5d,2026-06-03T02:00:00Z,draftkings,DraftKings,player_points_rebounds,Over,Kayla Thornton,14.5,-123,2026-06-02T13:01:33Z,Golden State Valkyries,Portland Fire
2026-06-02T13:03:13.722885+00:00,6f8192d89fec2aeb42878b8706254d5d,2026-06-03T02:00:00Z,draftkings,DraftKings,player_points_rebounds,Under,Kayla Thornton,14.5,-110,2026-06-02T13:01:33Z,Golden State Valkyries,Portland Fire
2026-06-02T13:03:13.722885+00:00,6f8192d89fec2aeb42878b8706254d5d,2026-06-03T02:00:00Z,draftkings,DraftKings,player_points_rebounds,Over,Megan Gustafson,12.5,-134,2026-06-02T13:01:33Z,Golden State Valkyries,Portland Fire
2026-06-02T13:03:13.722885+00:00,6f8192d89fec2aeb42878b8706254d5d,2026-06-03T02:00:00Z,draftkings,DraftKings,player_points_rebounds,Under,Megan Gustafson,12.5,-102,2026-06-02T13:01:33Z,Golden State Valkyries,Portland Fire
2026-06-02T13:03:13.722885+00:00,6f8192d89fec2aeb42878b8706254d5d,2026-06-03T02:00:00Z,draftkings,DraftKings,player_points_rebounds,Over,Emily Engstler,12.5,-121,2026-06-02T13:01:33Z,Golden State Valkyries,Portland Fire
2026-06-02T13:03:13.722885+00:00,6f8192d89fec2aeb42878b8706254d5d,2026-06-03T02:00:00Z,draftkings,DraftKings,player_points_rebounds,Under,Emily Engstler,12.5,-112,2026-06-02T13:01:33Z,Golden State Valkyries,Portland Fire
2026-06-02T13:03:13.722885+00:00,6f8192d89fec2aeb42878b8706254d5d,2026-06-03T02:00:00Z,draftkings,DraftKings,player_points_rebounds_assists,Over,Veronica Burton,23.5,-106,2026-06-02T13:01:33Z,Golden State Valkyries,Portland Fire
2026-06-02T13:03:13.722885+00:00,6f8192d89fec2aeb42878b8706254d5d,2026-06-03T02:00:00Z,draftkings,DraftKings,player_points_rebounds_assists,Under,Veronica Burton,23.5,-128,2026-06-02T13:01:33Z,Golden State Valkyries,Portland Fire
2026-06-02T13:03:13.722885+00:00,6f8192d89fec2aeb42878b8706254d5d,2026-06-03T02:00:00Z,draftkings,DraftKings,player_points_rebounds_assists,Over,Gabby Williams,23.5,-104,2026-06-02T13:01:33Z,Golden State Valkyries,Portland Fire
2026-06-02T13:03:13.722885+00:00,6f8192d89fec2aeb42878b8706254d5d,2026-06-03T02:00:00Z,draftkings,DraftKings,player_points_rebounds_assists,Under,Gabby Williams,23.5,-131,2026-06-02T13:01:33Z,Golden State Valkyries,Portland Fire
2026-06-02T13:03:13.722885+00:00,6f8192d89fec2aeb42878b8706254d5d,2026-06-03T02:00:00Z,draftkings,DraftKings,player_points_rebounds_assists,Over,Bridget Carleton,19.5,-107,2026-06-02T13:01:33Z,Golden State Valkyries,Portland Fire
2026-06-02T13:03:13.722885+00:00,6f8192d89fec2aeb42878b8706254d5d,2026-06-03T02:00:00Z,draftkings,DraftKings,player_points_rebounds_assists,Under,Bridget Carleton,19.5,-127,2026-06-02T13:01:33Z,Golden State Valkyries,Portland Fire
2026-06-02T13:03:13.722885+00:00,6f8192d89fec2aeb42878b8706254d5d,2026-06-03T02:00:00Z,draftkings,DraftKings,player_rebounds,Over,Kayla Thornton,4.5,-143,2026-06-02T13:01:33Z,Golden State Valkyries,Portland Fire
2026-06-02T13:03:13.722885+00:00,6f8192d89fec2aeb42878b8706254d5d,2026-06-03T02:00:00Z,draftkings,DraftKings,player_rebounds,Under,Kayla Thornton,4.5,105,2026-06-02T13:01:33Z,Golden State Valkyries,Portland Fire
2026-06-02T13:03:13.722885+00:00,6f8192d89fec2aeb42878b8706254d5d,2026-06-03T02:00:00Z,draftkings,DraftKings,player_rebounds,Over,Janelle Salaun,4.5,100,2026-06-02T13:01:33Z,Golden State Valkyries,Portland Fire
2026-06-02T13:03:13.722885+00:00,6f8192d89fec2aeb42878b8706254d5d,2026-06-03T02:00:00Z,draftkings,DraftKings,player_rebounds,Under,Janelle Salaun,4.5,-135,2026-06-02T13:01:33Z,Golden State Valkyries,Portland Fire
2026-06-02T13:03:13.722885+00:00,6f8192d89fec2aeb42878b8706254d5d,2026-06-03T02:00:00Z,draftkings,DraftKings,player_rebounds,Over,Emily Engstler,4.5,108,2026-06-02T13:01:33Z,Golden State Valkyries,Portland Fire
2026-06-02T13:03:13.722885+00:00,6f8192d89fec2aeb42878b8706254d5d,2026-06-03T02:00:00Z,draftkings,DraftKings,player_rebounds,Under,Emily Engstler,4.5,-147,2026-06-02T13:01:33Z,Golden State Valkyries,Portland Fire
2026-06-02T13:03:13.722885+00:00,6f8192d89fec2aeb42878b8706254d5d,2026-06-03T02:00:00Z,draftkings,DraftKings,player_rebounds,Over,Gabby Williams,4.5,118,2026-06-02T13:01:33Z,Golden State Valkyries,Portland Fire
2026-06-02T13:03:13.722885+00:00,6f8192d89fec2aeb42878b8706254d5d,2026-06-03T02:00:00Z,draftkings,DraftKings,player_rebounds,Under,Gabby Williams,4.5,-161,2026-06-02T13:01:33Z,Golden State Valkyries,Portland Fire
2026-06-02T13:03:13.722885+00:00,6f8192d89fec2aeb42878b8706254d5d,2026-06-03T02:00:00Z,draftkings,DraftKings,player_rebounds,Over,Megan Gustafson,3.5,-118,2026-06-02T13:01:33Z,Golden State Valkyries,Portland Fire
2026-06-02T13:03:13.722885+00:00,6f8192d89fec2aeb42878b8706254d5d,2026-06-03T02:00:00Z,draftkings,DraftKings,player_rebounds,Under,Megan Gustafson,3.5,-115,2026-06-02T13:01:33Z,Golden State Valkyries,Portland Fire
2026-06-02T13:03:13.722885+00:00,6f8192d89fec2aeb42878b8706254d5d,2026-06-03T02:00:00Z,draftkings,DraftKings,player_rebounds,Over,Veronica Burton,3.5,103,2026-06-02T13:01:33Z,Golden State Valkyries,Portland Fire
2026-06-02T13:03:13.722885+00:00,6f8192d89fec2aeb42878b8706254d5d,2026-06-03T02:00:00Z,draftkings,DraftKings,player_rebounds,Under,Veronica Burton,3.5,-140,2026-06-02T13:01:33Z,Golden State Valkyries,Portland Fire
2026-06-02T13:03:13.722885+00:00,6f8192d89fec2aeb42878b8706254d5d,2026-06-03T02:00:00Z,draftkings,DraftKings,player_rebounds,Over,Bridget Carleton,3.5,104,2026-06-02T13:01:33Z,Golden State Valkyries,Portland Fire
2026-06-02T13:03:13.722885+00:00,6f8192d89fec2aeb42878b8706254d5d,2026-06-03T02:00:00Z,draftkings,DraftKings,player_rebounds,Under,Bridget Carleton,3.5,-141,2026-06-02T13:01:33Z,Golden State Valkyries,Portland Fire
2026-06-02T13:03:13.722885+00:00,6f8192d89fec2aeb42878b8706254d5d,2026-06-03T02:00:00Z,draftkings,DraftKings,player_rebounds_assists,Over,Veronica Burton,9.5,-105,2026-06-02T13:01:33Z,Golden State Valkyries,Portland Fire
2026-06-02T13:03:13.722885+00:00,6f8192d89fec2aeb42878b8706254d5d,2026-06-03T02:00:00Z,draftkings,DraftKings,player_rebounds_assists,Under,Veronica Burton,9.5,-129,2026-06-02T13:01:33Z,Golden State Valkyries,Portland Fire
2026-06-02T13:03:13.722885+00:00,6f8192d89fec2aeb42878b8706254d5d,2026-06-03T02:00:00Z,draftkings,DraftKings,player_rebounds_assists,Over,Gabby Williams,8.5,103,2026-06-02T13:01:33Z,Golden State Valkyries,Portland Fire
2026-06-02T13:03:13.722885+00:00,6f8192d89fec2aeb42878b8706254d5d,2026-06-03T02:00:00Z,draftkings,DraftKings,player_rebounds_assists,Under,Gabby Williams,8.5,-140,2026-06-02T13:01:33Z,Golden State Valkyries,Portland Fire
2026-06-02T13:03:13.722885+00:00,6f8192d89fec2aeb42878b8706254d5d,2026-06-03T02:00:00Z,draftkings,DraftKings,player_threes,Over,Janelle Salaun,2.5,140,2026-06-02T13:01:33Z,Golden State Valkyries,Portland Fire
2026-06-02T13:03:13.722885+00:00,6f8192d89fec2aeb42878b8706254d5d,2026-06-03T02:00:00Z,draftkings,DraftKings,player_threes,Under,Janelle Salaun,2.5,-192,2026-06-02T13:01:33Z,Golden State Valkyries,Portland Fire
2026-06-02T13:03:13.722885+00:00,6f8192d89fec2aeb42878b8706254d5d,2026-06-03T02:00:00Z,draftkings,DraftKings,player_threes,Over,Gabby Williams,1.5,-197,2026-06-02T13:01:33Z,Golden State Valkyries,Portland Fire
2026-06-02T13:03:13.722885+00:00,6f8192d89fec2aeb42878b8706254d5d,2026-06-03T02:00:00Z,draftkings,DraftKings,player_threes,Under,Gabby Williams,1.5,143,2026-06-02T13:01:33Z,Golden State Valkyries,Portland Fire
2026-06-02T13:03:13.722885+00:00,6f8192d89fec2aeb42878b8706254d5d,2026-06-03T02:00:00Z,draftkings,DraftKings,player_threes,Over,Bridget Carleton,1.5,-196,2026-06-02T13:01:33Z,Golden State Valkyries,Portland Fire
2026-06-02T13:03:13.722885+00:00,6f8192d89fec2aeb42878b8706254d5d,2026-06-03T02:00:00Z,draftkings,DraftKings,player_threes,Under,Bridget Carleton,1.5,143,2026-06-02T13:01:33Z,Golden State Valkyries,Portland Fire
2026-06-02T13:03:13.722885+00:00,6f8192d89fec2aeb42878b8706254d5d,2026-06-03T02:00:00Z,draftkings,DraftKings,player_threes,Over,Cecilia Zandalasini,1.5,-117,2026-06-02T13:01:33Z,Golden State Valkyries,Portland Fire
2026-06-02T13:03:13.722885+00:00,6f8192d89fec2aeb42878b8706254d5d,2026-06-03T02:00:00Z,draftkings,DraftKings,player_threes,Under,Cecilia Zandalasini,1.5,-116,2026-06-02T13:01:33Z,Golden State Valkyries,Portland Fire
2026-06-02T13:03:13.722885+00:00,6f8192d89fec2aeb42878b8706254d5d,2026-06-03T02:00:00Z,draftkings,DraftKings,player_threes,Over,Veronica Burton,1.5,115,2026-06-02T13:01:33Z,Golden State Valkyries,Portland Fire
2026-06-02T13:03:13.722885+00:00,6f8192d89fec2aeb42878b8706254d5d,2026-06-03T02:00:00Z,draftkings,DraftKings,player_threes,Under,Veronica Burton,1.5,-157,2026-06-02T13:01:33Z,Golden State Valkyries,Portland Fire
2026-06-02T13:03:13.722885+00:00,6f8192d89fec2aeb42878b8706254d5d,2026-06-03T02:00:00Z,draftkings,DraftKings,player_threes,Over,Kayla Thornton,1.5,143,2026-06-02T13:01:33Z,Golden State Valkyries,Portland Fire
2026-06-02T13:03:13.722885+00:00,6f8192d89fec2aeb42878b8706254d5d,2026-06-03T02:00:00Z,draftkings,DraftKings,player_threes,Under,Kayla Thornton,1.5,-196,2026-06-02T13:01:33Z,Golden State Valkyries,Portland Fire
2026-06-02T13:03:13.722885+00:00,6f8192d89fec2aeb42878b8706254d5d,2026-06-03T02:00:00Z,williamhill_us,Caesars,player_assists,Over,Veronica Burton,5.5,-148,2026-06-02T13:01:37Z,Golden State Valkyries,Portland Fire
2026-06-02T13:03:13.722885+00:00,6f8192d89fec2aeb42878b8706254d5d,2026-06-03T02:00:00Z,williamhill_us,Caesars,player_assists,Under,Veronica Burton,5.5,111,2026-06-02T13:01:37Z,Golden State Valkyries,Portland Fire
2026-06-02T13:03:13.722885+00:00,6f8192d89fec2aeb42878b8706254d5d,2026-06-03T02:00:00Z,williamhill_us,Caesars,player_assists,Over,Carla Leite,4.5,115,2026-06-02T13:01:37Z,Golden State Valkyries,Portland Fire
2026-06-02T13:03:13.722885+00:00,6f8192d89fec2aeb42878b8706254d5d,2026-06-03T02:00:00Z,williamhill_us,Caesars,player_assists,Under,Carla Leite,4.5,-154,2026-06-02T13:01:37Z,Golden State Valkyries,Portland Fire
2026-06-02T13:03:13.722885+00:00,6f8192d89fec2aeb42878b8706254d5d,2026-06-03T02:00:00Z,williamhill_us,Caesars,player_assists,Over,Gabby Williams,3.5,-157,2026-06-02T13:01:37Z,Golden State Valkyries,Portland Fire
2026-06-02T13:03:13.722885+00:00,6f8192d89fec2aeb42878b8706254d5d,2026-06-03T02:00:00Z,williamhill_us,Caesars,player_assists,Under,Gabby Williams,3.5,117,2026-06-02T13:01:37Z,Golden State Valkyries,Portland Fire
2026-06-02T13:03:13.722885+00:00,6f8192d89fec2aeb42878b8706254d5d,2026-06-03T02:00:00Z,williamhill_us,Caesars,player_double_double,Yes,Veronica Burton,,800,2026-06-02T12:49:56Z,Golden State Valkyries,Portland Fire
2026-06-02T13:03:13.722885+00:00,6f8192d89fec2aeb42878b8706254d5d,2026-06-03T02:00:00Z,williamhill_us,Caesars,player_points,Over,Gabby Williams,14.5,-120,2026-06-02T13:01:37Z,Golden State Valkyries,Portland Fire
2026-06-02T13:03:13.722885+00:00,6f8192d89fec2aeb42878b8706254d5d,2026-06-03T02:00:00Z,williamhill_us,Caesars,player_points,Under,Gabby Williams,14.5,-112,2026-06-02T13:01:37Z,Golden State Valkyries,Portland Fire
2026-06-02T13:03:13.722885+00:00,6f8192d89fec2aeb42878b8706254d5d,2026-06-03T02:00:00Z,williamhill_us,Caesars,player_points,Over,Megan Gustafson,9.5,-108,2026-06-02T13:01:37Z,Golden State Valkyries,Portland Fire
2026-06-02T13:03:13.722885+00:00,6f8192d89fec2aeb42878b8706254d5d,2026-06-03T02:00:00Z,williamhill_us,Caesars,player_points,Under,Megan Gustafson,9.5,-124,2026-06-02T13:01:37Z,Golden State Valkyries,Portland Fire
2026-06-02T13:03:13.722885+00:00,6f8192d89fec2aeb42878b8706254d5d,2026-06-03T02:00:00Z,williamhill_us,Caesars,player_points,Over,Bridget Carleton,13.5,-118,2026-06-02T13:01:37Z,Golden State Valkyries,Portland Fire
2026-06-02T13:03:13.722885+00:00,6f8192d89fec2aeb42878b8706254d5d,2026-06-03T02:00:00Z,williamhill_us,Caesars,player_points,Under,Bridget Carleton,13.5,-113,2026-06-02T13:01:37Z,Golden State Valkyries,Portland Fire
2026-06-02T13:03:13.722885+00:00,6f8192d89fec2aeb42878b8706254d5d,2026-06-03T02:00:00Z,williamhill_us,Caesars,player_points,Over,Cecilia Zandalasini,8.5,-105,2026-06-02T13:01:37Z,Golden State Valkyries,Portland Fire
2026-06-02T13:03:13.722885+00:00,6f8192d89fec2aeb42878b8706254d5d,2026-06-03T02:00:00Z,williamhill_us,Caesars,player_points,Under,Cecilia Zandalasini,8.5,-128,2026-06-02T13:01:37Z,Golden State Valkyries,Portland Fire
2026-06-02T13:03:13.722885+00:00,6f8192d89fec2aeb42878b8706254d5d,2026-06-03T02:00:00Z,williamhill_us,Caesars,player_points,Over,Veronica Burton,13.5,-115,2026-06-02T13:01:37Z,Golden State Valkyries,Portland Fire
2026-06-02T13:03:13.722885+00:00,6f8192d89fec2aeb42878b8706254d5d,2026-06-03T02:00:00Z,williamhill_us,Caesars,player_points,Under,Veronica Burton,13.5,-115,2026-06-02T13:01:37Z,Golden State Valkyries,Portland Fire
2026-06-02T13:03:13.722885+00:00,6f8192d89fec2aeb42878b8706254d5d,2026-06-03T02:00:00Z,williamhill_us,Caesars,player_points,Over,Janelle Salaun,12.5,-114,2026-06-02T13:01:37Z,Golden State Valkyries,Portland Fire
2026-06-02T13:03:13.722885+00:00,6f8192d89fec2aeb42878b8706254d5d,2026-06-03T02:00:00Z,williamhill_us,Caesars,player_points,Under,Janelle Salaun,12.5,-117,2026-06-02T13:01:37Z,Golden State Valkyries,Portland Fire
2026-06-02T13:03:13.722885+00:00,6f8192d89fec2aeb42878b8706254d5d,2026-06-03T02:00:00Z,williamhill_us,Caesars,player_points,Over,Emily Engstler,8.5,-106,2026-06-02T13:01:37Z,Golden State Valkyries,Portland Fire
2026-06-02T13:03:13.722885+00:00,6f8192d89fec2aeb42878b8706254d5d,2026-06-03T02:00:00Z,williamhill_us,Caesars,player_points,Under,Emily Engstler,8.5,-127,2026-06-02T13:01:37Z,Golden State Valkyries,Portland Fire
2026-06-02T13:03:13.722885+00:00,6f8192d89fec2aeb42878b8706254d5d,2026-06-03T02:00:00Z,williamhill_us,Caesars,player_points,Over,Kayla Thornton,9.5,-118,2026-06-02T13:01:37Z,Golden State Valkyries,Portland Fire
2026-06-02T13:03:13.722885+00:00,6f8192d89fec2aeb42878b8706254d5d,2026-06-03T02:00:00Z,williamhill_us,Caesars,player_points,Under,Kayla Thornton,9.5,-113,2026-06-02T13:01:37Z,Golden State Valkyries,Portland Fire
2026-06-02T13:03:13.722885+00:00,6f8192d89fec2aeb42878b8706254d5d,2026-06-03T02:00:00Z,williamhill_us,Caesars,player_points,Over,Carla Leite,14.5,-120,2026-06-02T13:01:37Z,Golden State Valkyries,Portland Fire
2026-06-02T13:03:13.722885+00:00,6f8192d89fec2aeb42878b8706254d5d,2026-06-03T02:00:00Z,williamhill_us,Caesars,player_points,Under,Carla Leite,14.5,-112,2026-06-02T13:01:37Z,Golden State Valkyries,Portland Fire
2026-06-02T13:03:13.722885+00:00,6f8192d89fec2aeb42878b8706254d5d,2026-06-03T02:00:00Z,williamhill_us,Caesars,player_rebounds,Over,Emily Engstler,4.5,114,2026-06-02T13:01:37Z,Golden State Valkyries,Portland Fire
2026-06-02T13:03:13.722885+00:00,6f8192d89fec2aeb42878b8706254d5d,2026-06-03T02:00:00Z,williamhill_us,Caesars,player_rebounds,Under,Emily Engstler,4.5,-152,2026-06-02T13:01:37Z,Golden State Valkyries,Portland Fire
2026-06-02T13:03:13.722885+00:00,6f8192d89fec2aeb42878b8706254d5d,2026-06-03T02:00:00Z,williamhill_us,Caesars,player_rebounds,Over,Kayla Thornton,4.5,-134,2026-06-02T13:01:37Z,Golden State Valkyries,Portland Fire
2026-06-02T13:03:13.722885+00:00,6f8192d89fec2aeb42878b8706254d5d,2026-06-03T02:00:00Z,williamhill_us,Caesars,player_rebounds,Under,Kayla Thornton,4.5,100,2026-06-02T13:01:37Z,Golden State Valkyries,Portland Fire
2026-06-02T13:03:13.722885+00:00,6f8192d89fec2aeb42878b8706254d5d,2026-06-03T02:00:00Z,williamhill_us,Caesars,player_rebounds,Over,Gabby Williams,4.5,126,2026-06-02T13:01:37Z,Golden State Valkyries,Portland Fire
2026-06-02T13:03:13.722885+00:00,6f8192d89fec2aeb42878b8706254d5d,2026-06-03T02:00:00Z,williamhill_us,Caesars,player_rebounds,Under,Gabby Williams,4.5,-170,2026-06-02T13:01:37Z,Golden State Valkyries,Portland Fire
2026-06-02T13:03:13.722885+00:00,6f8192d89fec2aeb42878b8706254d5d,2026-06-03T02:00:00Z,williamhill_us,Caesars,player_rebounds,Over,Megan Gustafson,3.5,-121,2026-06-02T13:01:37Z,Golden State Valkyries,Portland Fire
2026-06-02T13:03:13.722885+00:00,6f8192d89fec2aeb42878b8706254d5d,2026-06-03T02:00:00Z,williamhill_us,Caesars,player_rebounds,Under,Megan Gustafson,3.5,-110,2026-06-02T13:01:37Z,Golden State Valkyries,Portland Fire
2026-06-02T13:03:13.722885+00:00,6f8192d89fec2aeb42878b8706254d5d,2026-06-03T02:00:00Z,williamhill_us,Caesars,player_rebounds,Over,Bridget Carleton,3.5,109,2026-06-02T13:01:37Z,Golden State Valkyries,Portland Fire
2026-06-02T13:03:13.722885+00:00,6f8192d89fec2aeb42878b8706254d5d,2026-06-03T02:00:00Z,williamhill_us,Caesars,player_rebounds,Under,Bridget Carleton,3.5,-145,2026-06-02T13:01:37Z,Golden State Valkyries,Portland Fire
2026-06-02T13:03:13.722885+00:00,6f8192d89fec2aeb42878b8706254d5d,2026-06-03T02:00:00Z,williamhill_us,Caesars,player_rebounds,Over,Veronica Burton,3.5,106,2026-06-02T13:01:37Z,Golden State Valkyries,Portland Fire
2026-06-02T13:03:13.722885+00:00,6f8192d89fec2aeb42878b8706254d5d,2026-06-03T02:00:00Z,williamhill_us,Caesars,player_rebounds,Under,Veronica Burton,3.5,-141,2026-06-02T13:01:37Z,Golden State Valkyries,Portland Fire
2026-06-02T13:03:13.722885+00:00,6f8192d89fec2aeb42878b8706254d5d,2026-06-03T02:00:00Z,williamhill_us,Caesars,player_threes,Over,Janelle Salaun,2.5,155,2026-06-02T13:01:37Z,Golden State Valkyries,Portland Fire
2026-06-02T13:03:13.722885+00:00,6f8192d89fec2aeb42878b8706254d5d,2026-06-03T02:00:00Z,williamhill_us,Caesars,player_threes,Under,Janelle Salaun,2.5,-210,2026-06-02T13:01:37Z,Golden State Valkyries,Portland Fire
2026-06-02T13:03:13.722885+00:00,6f8192d89fec2aeb42878b8706254d5d,2026-06-03T02:00:00Z,williamhill_us,Caesars,player_threes,Over,Kayla Thornton,1.5,155,2026-06-02T13:01:37Z,Golden State Valkyries,Portland Fire
2026-06-02T13:03:13.722885+00:00,6f8192d89fec2aeb42878b8706254d5d,2026-06-03T02:00:00Z,williamhill_us,Caesars,player_threes,Under,Kayla Thornton,1.5,-213,2026-06-02T13:01:37Z,Golden State Valkyries,Portland Fire
2026-06-02T13:03:13.722885+00:00,6f8192d89fec2aeb42878b8706254d5d,2026-06-03T02:00:00Z,williamhill_us,Caesars,player_threes,Over,Cecilia Zandalasini,1.5,-115,2026-06-02T13:01:37Z,Golden State Valkyries,Portland Fire
2026-06-02T13:03:13.722885+00:00,6f8192d89fec2aeb42878b8706254d5d,2026-06-03T02:00:00Z,williamhill_us,Caesars,player_threes,Under,Cecilia Zandalasini,1.5,-115,2026-06-02T13:01:37Z,Golden State Valkyries,Portland Fire
2026-06-02T13:03:13.722885+00:00,6f8192d89fec2aeb42878b8706254d5d,2026-06-03T02:00:00Z,williamhill_us,Caesars,player_threes,Over,Bridget Carleton,1.5,-193,2026-06-02T13:01:37Z,Golden State Valkyries,Portland Fire
2026-06-02T13:03:13.722885+00:00,6f8192d89fec2aeb42878b8706254d5d,2026-06-03T02:00:00Z,williamhill_us,Caesars,player_threes,Under,Bridget Carleton,1.5,143,2026-06-02T13:01:37Z,Golden State Valkyries,Portland Fire
2026-06-02T13:03:13.722885+00:00,6f8192d89fec2aeb42878b8706254d5d,2026-06-03T02:00:00Z,williamhill_us,Caesars,player_threes,Over,Veronica Burton,1.5,111,2026-06-02T13:01:37Z,Golden State Valkyries,Portland Fire
2026-06-02T13:03:13.722885+00:00,6f8192d89fec2aeb42878b8706254d5d,2026-06-03T02:00:00Z,williamhill_us,Caesars,player_threes,Under,Veronica Burton,1.5,-148,2026-06-02T13:01:37Z,Golden State Valkyries,Portland Fire
2026-06-02T13:03:13.722885+00:00,6f8192d89fec2aeb42878b8706254d5d,2026-06-03T02:00:00Z,williamhill_us,Caesars,player_threes,Over,Gabby Williams,1.5,-190,2026-06-02T13:01:37Z,Golden State Valkyries,Portland Fire
2026-06-02T13:03:13.722885+00:00,6f8192d89fec2aeb42878b8706254d5d,2026-06-03T02:00:00Z,williamhill_us,Caesars,player_threes,Under,Gabby Williams,1.5,140,2026-06-02T13:01:37Z,Golden State Valkyries,Portland Fire
2026-06-02T13:03:13.722885+00:00,6f8192d89fec2aeb42878b8706254d5d,2026-06-03T02:00:00Z,fanduel,FanDuel,player_assists,Over,Gabby Williams,3.5,-158,2026-06-02T13:01:35Z,Golden State Valkyries,Portland Fire
2026-06-02T13:03:13.722885+00:00,6f8192d89fec2aeb42878b8706254d5d,2026-06-03T02:00:00Z,fanduel,FanDuel,player_assists,Under,Gabby Williams,3.5,118,2026-06-02T13:01:35Z,Golden State Valkyries,Portland Fire
2026-06-02T13:03:13.722885+00:00,6f8192d89fec2aeb42878b8706254d5d,2026-06-03T02:00:00Z,fanduel,FanDuel,player_assists,Over,Carla Leite,4.5,118,2026-06-02T13:01:35Z,Golden State Valkyries,Portland Fire
2026-06-02T13:03:13.722885+00:00,6f8192d89fec2aeb42878b8706254d5d,2026-06-03T02:00:00Z,fanduel,FanDuel,player_assists,Under,Carla Leite,4.5,-158,2026-06-02T13:01:35Z,Golden State Valkyries,Portland Fire
2026-06-02T13:03:13.722885+00:00,6f8192d89fec2aeb42878b8706254d5d,2026-06-03T02:00:00Z,fanduel,FanDuel,player_assists,Over,Veronica Burton,6.5,122,2026-06-02T13:01:35Z,Golden State Valkyries,Portland Fire
2026-06-02T13:03:13.722885+00:00,6f8192d89fec2aeb42878b8706254d5d,2026-06-03T02:00:00Z,fanduel,FanDuel,player_assists,Under,Veronica Burton,6.5,-162,2026-06-02T13:01:35Z,Golden State Valkyries,Portland Fire
2026-06-02T13:03:13.722885+00:00,6f8192d89fec2aeb42878b8706254d5d,2026-06-03T02:00:00Z,fanduel,FanDuel,player_double_double,Yes,Veronica Burton,,850,2026-06-02T13:01:35Z,Golden State Valkyries,Portland Fire
2026-06-02T13:03:13.722885+00:00,6f8192d89fec2aeb42878b8706254d5d,2026-06-03T02:00:00Z,fanduel,FanDuel,player_double_double,Yes,Kayla Thornton,,2200,2026-06-02T13:01:35Z,Golden State Valkyries,Portland Fire
2026-06-02T13:03:13.722885+00:00,6f8192d89fec2aeb42878b8706254d5d,2026-06-03T02:00:00Z,fanduel,FanDuel,player_points,Over,Megan Gustafson,9.5,-108,2026-06-02T13:01:35Z,Golden State Valkyries,Portland Fire
2026-06-02T13:03:13.722885+00:00,6f8192d89fec2aeb42878b8706254d5d,2026-06-03T02:00:00Z,fanduel,FanDuel,player_points,Under,Megan Gustafson,9.5,-120,2026-06-02T13:01:35Z,Golden State Valkyries,Portland Fire
2026-06-02T13:03:13.722885+00:00,6f8192d89fec2aeb42878b8706254d5d,2026-06-03T02:00:00Z,fanduel,FanDuel,player_points,Over,Veronica Burton,13.5,-106,2026-06-02T13:01:35Z,Golden State Valkyries,Portland Fire
2026-06-02T13:03:13.722885+00:00,6f8192d89fec2aeb42878b8706254d5d,2026-06-03T02:00:00Z,fanduel,FanDuel,player_points,Under,Veronica Burton,13.5,-122,2026-06-02T13:01:35Z,Golden State Valkyries,Portland Fire
2026-06-02T13:03:13.722885+00:00,6f8192d89fec2aeb42878b8706254d5d,2026-06-03T02:00:00Z,fanduel,FanDuel,player_points,Over,Janelle Salaun,12.5,-114,2026-06-02T13:01:35Z,Golden State Valkyries,Portland Fire
2026-06-02T13:03:13.722885+00:00,6f8192d89fec2aeb42878b8706254d5d,2026-06-03T02:00:00Z,fanduel,FanDuel,player_points,Under,Janelle Salaun,12.5,-114,2026-06-02T13:01:35Z,Golden State Valkyries,Portland Fire
2026-06-02T13:03:13.722885+00:00,6f8192d89fec2aeb42878b8706254d5d,2026-06-03T02:00:00Z,fanduel,FanDuel,player_points,Over,Emily Engstler,8.5,-106,2026-06-02T13:01:35Z,Golden State Valkyries,Portland Fire
2026-06-02T13:03:13.722885+00:00,6f8192d89fec2aeb42878b8706254d5d,2026-06-03T02:00:00Z,fanduel,FanDuel,player_points,Under,Emily Engstler,8.5,-122,2026-06-02T13:01:35Z,Golden State Valkyries,Portland Fire
2026-06-02T13:03:13.722885+00:00,6f8192d89fec2aeb42878b8706254d5d,2026-06-03T02:00:00Z,fanduel,FanDuel,player_points,Over,Gabby Williams,14.5,-115,2026-06-02T13:01:35Z,Golden State Valkyries,Portland Fire
2026-06-02T13:03:13.722885+00:00,6f8192d89fec2aeb42878b8706254d5d,2026-06-03T02:00:00Z,fanduel,FanDuel,player_points,Under,Gabby Williams,14.5,-113,2026-06-02T13:01:35Z,Golden State Valkyries,Portland Fire
2026-06-02T13:03:13.722885+00:00,6f8192d89fec2aeb42878b8706254d5d,2026-06-03T02:00:00Z,fanduel,FanDuel,player_points,Over,Carla Leite,14.5,-128,2026-06-02T13:01:35Z,Golden State Valkyries,Portland Fire
2026-06-02T13:03:13.722885+00:00,6f8192d89fec2aeb42878b8706254d5d,2026-06-03T02:00:00Z,fanduel,FanDuel,player_points,Under,Carla Leite,14.5,-102,2026-06-02T13:01:35Z,Golden State Valkyries,Portland Fire
2026-06-02T13:03:13.722885+00:00,6f8192d89fec2aeb42878b8706254d5d,2026-06-03T02:00:00Z,fanduel,FanDuel,player_points,Over,Bridget Carleton,13.5,-118,2026-06-02T13:01:35Z,Golden State Valkyries,Portland Fire
2026-06-02T13:03:13.722885+00:00,6f8192d89fec2aeb42878b8706254d5d,2026-06-03T02:00:00Z,fanduel,FanDuel,player_points,Under,Bridget Carleton,13.5,-110,2026-06-02T13:01:35Z,Golden State Valkyries,Portland Fire
2026-06-02T13:03:13.722885+00:00,6f8192d89fec2aeb42878b8706254d5d,2026-06-03T02:00:00Z,fanduel,FanDuel,player_points,Over,Kayla Thornton,9.5,-114,2026-06-02T13:01:35Z,Golden State Valkyries,Portland Fire
2026-06-02T13:03:13.722885+00:00,6f8192d89fec2aeb42878b8706254d5d,2026-06-03T02:00:00Z,fanduel,FanDuel,player_points,Under,Kayla Thornton,9.5,-114,2026-06-02T13:01:35Z,Golden State Valkyries,Portland Fire
2026-06-02T13:03:13.722885+00:00,6f8192d89fec2aeb42878b8706254d5d,2026-06-03T02:00:00Z,fanduel,FanDuel,player_points,Over,Cecilia Zandalasini,8.5,104,2026-06-02T13:01:35Z,Golden State Valkyries,Portland Fire
2026-06-02T13:03:13.722885+00:00,6f8192d89fec2aeb42878b8706254d5d,2026-06-03T02:00:00Z,fanduel,FanDuel,player_points,Under,Cecilia Zandalasini,8.5,-135,2026-06-02T13:01:35Z,Golden State Valkyries,Portland Fire
2026-06-02T13:03:13.722885+00:00,6f8192d89fec2aeb42878b8706254d5d,2026-06-03T02:00:00Z,fanduel,FanDuel,player_points_assists,Over,Bridget Carleton,15.5,-132,2026-06-02T13:01:35Z,Golden State Valkyries,Portland Fire
2026-06-02T13:03:13.722885+00:00,6f8192d89fec2aeb42878b8706254d5d,2026-06-03T02:00:00Z,fanduel,FanDuel,player_points_assists,Under,Bridget Carleton,15.5,100,2026-06-02T13:01:35Z,Golden State Valkyries,Portland Fire
2026-06-02T13:03:13.722885+00:00,6f8192d89fec2aeb42878b8706254d5d,2026-06-03T02:00:00Z,fanduel,FanDuel,player_points_assists,Over,Carla Leite,19.5,-110,2026-06-02T13:01:35Z,Golden State Valkyries,Portland Fire
2026-06-02T13:03:13.722885+00:00,6f8192d89fec2aeb42878b8706254d5d,2026-06-03T02:00:00Z,fanduel,FanDuel,player_points_assists,Under,Carla Leite,19.5,-120,2026-06-02T13:01:35Z,Golden State Valkyries,Portland Fire
2026-06-02T13:03:13.722885+00:00,6f8192d89fec2aeb42878b8706254d5d,2026-06-03T02:00:00Z,fanduel,FanDuel,player_points_assists,Over,Veronica Burton,19.5,-114,2026-06-02T13:01:35Z,Golden State Valkyries,Portland Fire
2026-06-02T13:03:13.722885+00:00,6f8192d89fec2aeb42878b8706254d5d,2026-06-03T02:00:00Z,fanduel,FanDuel,player_points_assists,Under,Veronica Burton,19.5,-114,2026-06-02T13:01:35Z,Golden State Valkyries,Portland Fire
2026-06-02T13:03:13.722885+00:00,6f8192d89fec2aeb42878b8706254d5d,2026-06-03T02:00:00Z,fanduel,FanDuel,player_points_assists,Over,Gabby Williams,18.5,-120,2026-06-02T13:01:35Z,Golden State Valkyries,Portland Fire
2026-06-02T13:03:13.722885+00:00,6f8192d89fec2aeb42878b8706254d5d,2026-06-03T02:00:00Z,fanduel,FanDuel,player_points_assists,Under,Gabby Williams,18.5,-110,2026-06-02T13:01:35Z,Golden State Valkyries,Portland Fire
2026-06-02T13:03:13.722885+00:00,6f8192d89fec2aeb42878b8706254d5d,2026-06-03T02:00:00Z,fanduel,FanDuel,player_points_rebounds,Over,Gabby Williams,18.5,-128,2026-06-02T13:01:35Z,Golden State Valkyries,Portland Fire
2026-06-02T13:03:13.722885+00:00,6f8192d89fec2aeb42878b8706254d5d,2026-06-03T02:00:00Z,fanduel,FanDuel,player_points_rebounds,Under,Gabby Williams,18.5,-104,2026-06-02T13:01:35Z,Golden State Valkyries,Portland Fire
2026-06-02T13:03:13.722885+00:00,6f8192d89fec2aeb42878b8706254d5d,2026-06-03T02:00:00Z,fanduel,FanDuel,player_points_rebounds,Over,Bridget Carleton,16.5,-130,2026-06-02T13:01:35Z,Golden State Valkyries,Portland Fire
2026-06-02T13:03:13.722885+00:00,6f8192d89fec2aeb42878b8706254d5d,2026-06-03T02:00:00Z,fanduel,FanDuel,player_points_rebounds,Under,Bridget Carleton,16.5,-102,2026-06-02T13:01:35Z,Golden State Valkyries,Portland Fire
2026-06-02T13:03:13.722885+00:00,6f8192d89fec2aeb42878b8706254d5d,2026-06-03T02:00:00Z,fanduel,FanDuel,player_points_rebounds,Over,Kayla Thornton,14.5,-108,2026-06-02T13:01:35Z,Golden State Valkyries,Portland Fire
2026-06-02T13:03:13.722885+00:00,6f8192d89fec2aeb42878b8706254d5d,2026-06-03T02:00:00Z,fanduel,FanDuel,player_points_rebounds,Under,Kayla Thornton,14.5,-122,2026-06-02T13:01:35Z,Golden State Valkyries,Portland Fire
2026-06-02T13:03:13.722885+00:00,6f8192d89fec2aeb42878b8706254d5d,2026-06-03T02:00:00Z,fanduel,FanDuel,player_points_rebounds,Over,Veronica Burton,16.5,-122,2026-06-02T13:01:35Z,Golden State Valkyries,Portland Fire
2026-06-02T13:03:13.722885+00:00,6f8192d89fec2aeb42878b8706254d5d,2026-06-03T02:00:00Z,fanduel,FanDuel,player_points_rebounds,Under,Veronica Burton,16.5,-108,2026-06-02T13:01:35Z,Golden State Valkyries,Portland Fire
2026-06-02T13:03:13.722885+00:00,6f8192d89fec2aeb42878b8706254d5d,2026-06-03T02:00:00Z,fanduel,FanDuel,player_points_rebounds,Over,Megan Gustafson,13.5,-102,2026-06-02T13:01:35Z,Golden State Valkyries,Portland Fire
2026-06-02T13:03:13.722885+00:00,6f8192d89fec2aeb42878b8706254d5d,2026-06-03T02:00:00Z,fanduel,FanDuel,player_points_rebounds,Under,Megan Gustafson,13.5,-130,2026-06-02T13:01:35Z,Golden State Valkyries,Portland Fire
2026-06-02T13:03:13.722885+00:00,6f8192d89fec2aeb42878b8706254d5d,2026-06-03T02:00:00Z,fanduel,FanDuel,player_points_rebounds,Over,Emily Engstler,12.5,-112,2026-06-02T13:01:35Z,Golden State Valkyries,Portland Fire
2026-06-02T13:03:13.722885+00:00,6f8192d89fec2aeb42878b8706254d5d,2026-06-03T02:00:00Z,fanduel,FanDuel,player_points_rebounds,Under,Emily Engstler,12.5,-118,2026-06-02T13:01:35Z,Golden State Valkyries,Portland Fire
2026-06-02T13:03:13.722885+00:00,6f8192d89fec2aeb42878b8706254d5d,2026-06-03T02:00:00Z,fanduel,FanDuel,player_points_rebounds,Over,Janelle Salaun,16.5,-125,2026-06-02T13:01:35Z,Golden State Valkyries,Portland Fire
2026-06-02T13:03:13.722885+00:00,6f8192d89fec2aeb42878b8706254d5d,2026-06-03T02:00:00Z,fanduel,FanDuel,player_points_rebounds,Under,Janelle Salaun,16.5,-106,2026-06-02T13:01:35Z,Golden State Valkyries,Portland Fire
2026-06-02T13:03:13.722885+00:00,6f8192d89fec2aeb42878b8706254d5d,2026-06-03T02:00:00Z,fanduel,FanDuel,player_points_rebounds_assists,Over,Veronica Burton,22.5,-130,2026-06-02T13:01:35Z,Golden State Valkyries,Portland Fire
2026-06-02T13:03:13.722885+00:00,6f8192d89fec2aeb42878b8706254d5d,2026-06-03T02:00:00Z,fanduel,FanDuel,player_points_rebounds_assists,Under,Veronica Burton,22.5,-102,2026-06-02T13:01:35Z,Golden State Valkyries,Portland Fire
2026-06-02T13:03:13.722885+00:00,6f8192d89fec2aeb42878b8706254d5d,2026-06-03T02:00:00Z,fanduel,FanDuel,player_points_rebounds_assists,Over,Bridget Carleton,19.5,-108,2026-06-02T13:01:35Z,Golden State Valkyries,Portland Fire
2026-06-02T13:03:13.722885+00:00,6f8192d89fec2aeb42878b8706254d5d,2026-06-03T02:00:00Z,fanduel,FanDuel,player_points_rebounds_assists,Under,Bridget Carleton,19.5,-122,2026-06-02T13:01:35Z,Golden State Valkyries,Portland Fire
2026-06-02T13:03:13.722885+00:00,6f8192d89fec2aeb42878b8706254d5d,2026-06-03T02:00:00Z,fanduel,FanDuel,player_points_rebounds_assists,Over,Gabby Williams,22.5,-130,2026-06-02T13:01:35Z,Golden State Valkyries,Portland Fire
2026-06-02T13:03:13.722885+00:00,6f8192d89fec2aeb42878b8706254d5d,2026-06-03T02:00:00Z,fanduel,FanDuel,player_points_rebounds_assists,Under,Gabby Williams,22.5,-102,2026-06-02T13:01:35Z,Golden State Valkyries,Portland Fire
2026-06-02T13:03:13.722885+00:00,6f8192d89fec2aeb42878b8706254d5d,2026-06-03T02:00:00Z,fanduel,FanDuel,player_rebounds,Over,Emily Engstler,3.5,-172,2026-06-02T13:01:35Z,Golden State Valkyries,Portland Fire
2026-06-02T13:03:13.722885+00:00,6f8192d89fec2aeb42878b8706254d5d,2026-06-03T02:00:00Z,fanduel,FanDuel,player_rebounds,Under,Emily Engstler,3.5,128,2026-06-02T13:01:35Z,Golden State Valkyries,Portland Fire
2026-06-02T13:03:13.722885+00:00,6f8192d89fec2aeb42878b8706254d5d,2026-06-03T02:00:00Z,fanduel,FanDuel,player_rebounds,Over,Kayla Thornton,4.5,-120,2026-06-02T13:01:35Z,Golden State Valkyries,Portland Fire
2026-06-02T13:03:13.722885+00:00,6f8192d89fec2aeb42878b8706254d5d,2026-06-03T02:00:00Z,fanduel,FanDuel,player_rebounds,Under,Kayla Thornton,4.5,-110,2026-06-02T13:01:35Z,Golden State Valkyries,Portland Fire
2026-06-02T13:03:13.722885+00:00,6f8192d89fec2aeb42878b8706254d5d,2026-06-03T02:00:00Z,fanduel,FanDuel,player_rebounds,Over,Gabby Williams,4.5,128,2026-06-02T13:01:35Z,Golden State Valkyries,Portland Fire
2026-06-02T13:03:13.722885+00:00,6f8192d89fec2aeb42878b8706254d5d,2026-06-03T02:00:00Z,fanduel,FanDuel,player_rebounds,Under,Gabby Williams,4.5,-172,2026-06-02T13:01:35Z,Golden State Valkyries,Portland Fire
2026-06-02T13:03:13.722885+00:00,6f8192d89fec2aeb42878b8706254d5d,2026-06-03T02:00:00Z,fanduel,FanDuel,player_rebounds,Over,Bridget Carleton,3.5,116,2026-06-02T13:01:35Z,Golden State Valkyries,Portland Fire
2026-06-02T13:03:13.722885+00:00,6f8192d89fec2aeb42878b8706254d5d,2026-06-03T02:00:00Z,fanduel,FanDuel,player_rebounds,Under,Bridget Carleton,3.5,-154,2026-06-02T13:01:35Z,Golden State Valkyries,Portland Fire
2026-06-02T13:03:13.722885+00:00,6f8192d89fec2aeb42878b8706254d5d,2026-06-03T02:00:00Z,fanduel,FanDuel,player_rebounds,Over,Janelle Salaun,4.5,122,2026-06-02T13:01:35Z,Golden State Valkyries,Portland Fire
2026-06-02T13:03:13.722885+00:00,6f8192d89fec2aeb42878b8706254d5d,2026-06-03T02:00:00Z,fanduel,FanDuel,player_rebounds,Under,Janelle Salaun,4.5,-162,2026-06-02T13:01:35Z,Golden State Valkyries,Portland Fire
2026-06-02T13:03:13.722885+00:00,6f8192d89fec2aeb42878b8706254d5d,2026-06-03T02:00:00Z,fanduel,FanDuel,player_rebounds,Over,Veronica Burton,3.5,110,2026-06-02T13:01:35Z,Golden State Valkyries,Portland Fire
2026-06-02T13:03:13.722885+00:00,6f8192d89fec2aeb42878b8706254d5d,2026-06-03T02:00:00Z,fanduel,FanDuel,player_rebounds,Under,Veronica Burton,3.5,-146,2026-06-02T13:01:35Z,Golden State Valkyries,Portland Fire
2026-06-02T13:03:13.722885+00:00,6f8192d89fec2aeb42878b8706254d5d,2026-06-03T02:00:00Z,fanduel,FanDuel,player_rebounds,Over,Megan Gustafson,3.5,-125,2026-06-02T13:01:35Z,Golden State Valkyries,Portland Fire
2026-06-02T13:03:13.722885+00:00,6f8192d89fec2aeb42878b8706254d5d,2026-06-03T02:00:00Z,fanduel,FanDuel,player_rebounds,Under,Megan Gustafson,3.5,-106,2026-06-02T13:01:35Z,Golden State Valkyries,Portland Fire
2026-06-02T13:03:13.722885+00:00,6f8192d89fec2aeb42878b8706254d5d,2026-06-03T02:00:00Z,fanduel,FanDuel,player_rebounds_assists,Over,Gabby Williams,8.5,114,2026-06-02T13:01:35Z,Golden State Valkyries,Portland Fire
2026-06-02T13:03:13.722885+00:00,6f8192d89fec2aeb42878b8706254d5d,2026-06-03T02:00:00Z,fanduel,FanDuel,player_rebounds_assists,Under,Gabby Williams,8.5,-152,2026-06-02T13:01:35Z,Golden State Valkyries,Portland Fire
2026-06-02T13:03:13.722885+00:00,6f8192d89fec2aeb42878b8706254d5d,2026-06-03T02:00:00Z,fanduel,FanDuel,player_rebounds_assists,Over,Bridget Carleton,5.5,-110,2026-06-02T13:01:35Z,Golden State Valkyries,Portland Fire
2026-06-02T13:03:13.722885+00:00,6f8192d89fec2aeb42878b8706254d5d,2026-06-03T02:00:00Z,fanduel,FanDuel,player_rebounds_assists,Under,Bridget Carleton,5.5,-118,2026-06-02T13:01:35Z,Golden State Valkyries,Portland Fire
2026-06-02T13:03:13.722885+00:00,6f8192d89fec2aeb42878b8706254d5d,2026-06-03T02:00:00Z,fanduel,FanDuel,player_rebounds_assists,Over,Veronica Burton,9.5,-104,2026-06-02T13:01:35Z,Golden State Valkyries,Portland Fire
2026-06-02T13:03:13.722885+00:00,6f8192d89fec2aeb42878b8706254d5d,2026-06-03T02:00:00Z,fanduel,FanDuel,player_rebounds_assists,Under,Veronica Burton,9.5,-128,2026-06-02T13:01:35Z,Golden State Valkyries,Portland Fire
2026-06-02T13:03:13.722885+00:00,6f8192d89fec2aeb42878b8706254d5d,2026-06-03T02:00:00Z,fanduel,FanDuel,player_threes,Over,Veronica Burton,1.5,108,2026-06-02T13:01:35Z,Golden State Valkyries,Portland Fire
2026-06-02T13:03:13.722885+00:00,6f8192d89fec2aeb42878b8706254d5d,2026-06-03T02:00:00Z,fanduel,FanDuel,player_threes,Under,Veronica Burton,1.5,-144,2026-06-02T13:01:35Z,Golden State Valkyries,Portland Fire
2026-06-02T13:03:13.722885+00:00,6f8192d89fec2aeb42878b8706254d5d,2026-06-03T02:00:00Z,fanduel,FanDuel,player_threes,Over,Bridget Carleton,2.5,154,2026-06-02T13:01:35Z,Golden State Valkyries,Portland Fire
2026-06-02T13:03:13.722885+00:00,6f8192d89fec2aeb42878b8706254d5d,2026-06-03T02:00:00Z,fanduel,FanDuel,player_threes,Under,Bridget Carleton,2.5,-210,2026-06-02T13:01:35Z,Golden State Valkyries,Portland Fire
2026-06-02T13:03:13.722885+00:00,6f8192d89fec2aeb42878b8706254d5d,2026-06-03T02:00:00Z,fanduel,FanDuel,player_threes,Over,Cecilia Zandalasini,1.5,-114,2026-06-02T13:01:35Z,Golden State Valkyries,Portland Fire
2026-06-02T13:03:13.722885+00:00,6f8192d89fec2aeb42878b8706254d5d,2026-06-03T02:00:00Z,fanduel,FanDuel,player_threes,Under,Cecilia Zandalasini,1.5,-114,2026-06-02T13:01:35Z,Golden State Valkyries,Portland Fire
2026-06-02T13:03:13.722885+00:00,6f8192d89fec2aeb42878b8706254d5d,2026-06-03T02:00:00Z,fanduel,FanDuel,player_threes,Over,Kayla Thornton,1.5,162,2026-06-02T13:01:35Z,Golden State Valkyries,Portland Fire
2026-06-02T13:03:13.722885+00:00,6f8192d89fec2aeb42878b8706254d5d,2026-06-03T02:00:00Z,fanduel,FanDuel,player_threes,Under,Kayla Thornton,1.5,-220,2026-06-02T13:01:35Z,Golden State Valkyries,Portland Fire
2026-06-02T13:03:13.722885+00:00,6f8192d89fec2aeb42878b8706254d5d,2026-06-03T02:00:00Z,fanduel,FanDuel,player_threes,Over,Janelle Salaun,2.5,154,2026-06-02T13:01:35Z,Golden State Valkyries,Portland Fire
2026-06-02T13:03:13.722885+00:00,6f8192d89fec2aeb42878b8706254d5d,2026-06-03T02:00:00Z,fanduel,FanDuel,player_threes,Under,Janelle Salaun,2.5,-210,2026-06-02T13:01:35Z,Golden State Valkyries,Portland Fire
2026-06-02T13:03:13.722885+00:00,6f8192d89fec2aeb42878b8706254d5d,2026-06-03T02:00:00Z,fanduel,FanDuel,player_threes,Over,Gabby Williams,1.5,-188,2026-06-02T13:01:35Z,Golden State Valkyries,Portland Fire
2026-06-02T13:03:13.722885+00:00,6f8192d89fec2aeb42878b8706254d5d,2026-06-03T02:00:00Z,fanduel,FanDuel,player_threes,Under,Gabby Williams,1.5,140,2026-06-02T13:01:35Z,Golden State Valkyries,Portland Fire
2026-06-02T13:03:13.722885+00:00,6f8192d89fec2aeb42878b8706254d5d,2026-06-03T02:00:00Z,fanatics,Fanatics,player_double_double,Yes,Gabby Williams,,2200,2026-06-02T13:03:12Z,Golden State Valkyries,Portland Fire
2026-06-02T13:03:13.722885+00:00,6f8192d89fec2aeb42878b8706254d5d,2026-06-03T02:00:00Z,fanatics,Fanatics,player_double_double,Yes,Veronica Burton,,800,2026-06-02T13:03:12Z,Golden State Valkyries,Portland Fire
2026-06-02T13:03:13.722885+00:00,185804ff5ba81d1b76a30f51bcaa1d96,2026-06-03T02:10:00Z,draftkings,DraftKings,player_assists,Over,Erica Wheeler,6.5,110,2026-06-02T13:02:49Z,Los Angeles Sparks,Las Vegas Aces
2026-06-02T13:03:13.722885+00:00,185804ff5ba81d1b76a30f51bcaa1d96,2026-06-03T02:10:00Z,draftkings,DraftKings,player_assists,Under,Erica Wheeler,6.5,-150,2026-06-02T13:02:49Z,Los Angeles Sparks,Las Vegas Aces
2026-06-02T13:03:13.722885+00:00,185804ff5ba81d1b76a30f51bcaa1d96,2026-06-03T02:10:00Z,draftkings,DraftKings,player_assists,Over,Chelsea Gray,5.5,-162,2026-06-02T13:02:49Z,Los Angeles Sparks,Las Vegas Aces
2026-06-02T13:03:13.722885+00:00,185804ff5ba81d1b76a30f51bcaa1d96,2026-06-03T02:10:00Z,draftkings,DraftKings,player_assists,Under,Chelsea Gray,5.5,119,2026-06-02T13:02:49Z,Los Angeles Sparks,Las Vegas Aces
2026-06-02T13:03:13.722885+00:00,185804ff5ba81d1b76a30f51bcaa1d96,2026-06-03T02:10:00Z,draftkings,DraftKings,player_assists,Over,Jackie Young,5.5,-117,2026-06-02T13:02:49Z,Los Angeles Sparks,Las Vegas Aces
2026-06-02T13:03:13.722885+00:00,185804ff5ba81d1b76a30f51bcaa1d96,2026-06-03T02:10:00Z,draftkings,DraftKings,player_assists,Under,Jackie Young,5.5,-116,2026-06-02T13:02:49Z,Los Angeles Sparks,Las Vegas Aces
2026-06-02T13:03:13.722885+00:00,185804ff5ba81d1b76a30f51bcaa1d96,2026-06-03T02:10:00Z,draftkings,DraftKings,player_assists,Over,Dearica Hamby,3.5,-123,2026-06-02T13:02:49Z,Los Angeles Sparks,Las Vegas Aces
2026-06-02T13:03:13.722885+00:00,185804ff5ba81d1b76a30f51bcaa1d96,2026-06-03T02:10:00Z,draftkings,DraftKings,player_assists,Under,Dearica Hamby,3.5,-111,2026-06-02T13:02:49Z,Los Angeles Sparks,Las Vegas Aces
2026-06-02T13:03:13.722885+00:00,185804ff5ba81d1b76a30f51bcaa1d96,2026-06-03T02:10:00Z,draftkings,DraftKings,player_assists,Over,A'ja Wilson,2.5,-176,2026-06-02T13:02:49Z,Los Angeles Sparks,Las Vegas Aces
2026-06-02T13:03:13.722885+00:00,185804ff5ba81d1b76a30f51bcaa1d96,2026-06-03T02:10:00Z,draftkings,DraftKings,player_assists,Under,A'ja Wilson,2.5,129,2026-06-02T13:02:49Z,Los Angeles Sparks,Las Vegas Aces
2026-06-02T13:03:13.722885+00:00,185804ff5ba81d1b76a30f51bcaa1d96,2026-06-03T02:10:00Z,draftkings,DraftKings,player_assists,Over,Ariel Atkins,2.5,-122,2026-06-02T13:02:49Z,Los Angeles Sparks,Las Vegas Aces
2026-06-02T13:03:13.722885+00:00,185804ff5ba81d1b76a30f51bcaa1d96,2026-06-03T02:10:00Z,draftkings,DraftKings,player_assists,Under,Ariel Atkins,2.5,-111,2026-06-02T13:02:49Z,Los Angeles Sparks,Las Vegas Aces
2026-06-02T13:03:13.722885+00:00,185804ff5ba81d1b76a30f51bcaa1d96,2026-06-03T02:10:00Z,draftkings,DraftKings,player_assists,Over,Nneka Ogwumike,2.5,140,2026-06-02T13:02:49Z,Los Angeles Sparks,Las Vegas Aces
2026-06-02T13:03:13.722885+00:00,185804ff5ba81d1b76a30f51bcaa1d96,2026-06-03T02:10:00Z,draftkings,DraftKings,player_assists,Under,Nneka Ogwumike,2.5,-192,2026-06-02T13:02:49Z,Los Angeles Sparks,Las Vegas Aces
2026-06-02T13:03:13.722885+00:00,185804ff5ba81d1b76a30f51bcaa1d96,2026-06-03T02:10:00Z,draftkings,DraftKings,player_double_double,Yes,A'ja Wilson,,-102,2026-06-02T13:02:49Z,Los Angeles Sparks,Las Vegas Aces
2026-06-02T13:03:13.722885+00:00,185804ff5ba81d1b76a30f51bcaa1d96,2026-06-03T02:10:00Z,draftkings,DraftKings,player_double_double,Yes,Dearica Hamby,,301,2026-06-02T13:02:49Z,Los Angeles Sparks,Las Vegas Aces
2026-06-02T13:03:13.722885+00:00,185804ff5ba81d1b76a30f51bcaa1d96,2026-06-03T02:10:00Z,draftkings,DraftKings,player_double_double,Yes,Nneka Ogwumike,,386,2026-06-02T13:02:49Z,Los Angeles Sparks,Las Vegas Aces
2026-06-02T13:03:13.722885+00:00,185804ff5ba81d1b76a30f51bcaa1d96,2026-06-03T02:10:00Z,draftkings,DraftKings,player_double_double,Yes,NaLyssa Smith,,562,2026-06-02T13:02:49Z,Los Angeles Sparks,Las Vegas Aces
2026-06-02T13:03:13.722885+00:00,185804ff5ba81d1b76a30f51bcaa1d96,2026-06-03T02:10:00Z,draftkings,DraftKings,player_double_double,Yes,Erica Wheeler,,810,2026-06-02T13:02:49Z,Los Angeles Sparks,Las Vegas Aces
2026-06-02T13:03:13.722885+00:00,185804ff5ba81d1b76a30f51bcaa1d96,2026-06-03T02:10:00Z,draftkings,DraftKings,player_double_double,Yes,Jackie Young,,900,2026-06-02T13:02:49Z,Los Angeles Sparks,Las Vegas Aces
2026-06-02T13:03:13.722885+00:00,185804ff5ba81d1b76a30f51bcaa1d96,2026-06-03T02:10:00Z,draftkings,DraftKings,player_double_double,Yes,Chelsea Gray,,1160,2026-06-02T13:02:49Z,Los Angeles Sparks,Las Vegas Aces
2026-06-02T13:03:13.722885+00:00,185804ff5ba81d1b76a30f51bcaa1d96,2026-06-03T02:10:00Z,draftkings,DraftKings,player_points,Over,A'ja Wilson,25.5,-114,2026-06-02T13:02:49Z,Los Angeles Sparks,Las Vegas Aces
2026-06-02T13:03:13.722885+00:00,185804ff5ba81d1b76a30f51bcaa1d96,2026-06-03T02:10:00Z,draftkings,DraftKings,player_points,Under,A'ja Wilson,25.5,-116,2026-06-02T13:02:49Z,Los Angeles Sparks,Las Vegas Aces
2026-06-02T13:03:13.722885+00:00,185804ff5ba81d1b76a30f51bcaa1d96,2026-06-03T02:10:00Z,draftkings,DraftKings,player_points,Over,Dearica Hamby,17.5,-103,2026-06-02T13:02:49Z,Los Angeles Sparks,Las Vegas Aces
2026-06-02T13:03:13.722885+00:00,185804ff5ba81d1b76a30f51bcaa1d96,2026-06-03T02:10:00Z,draftkings,DraftKings,player_points,Under,Dearica Hamby,17.5,-129,2026-06-02T13:02:49Z,Los Angeles Sparks,Las Vegas Aces
2026-06-02T13:03:13.722885+00:00,185804ff5ba81d1b76a30f51bcaa1d96,2026-06-03T02:10:00Z,draftkings,DraftKings,player_points,Over,Jackie Young,16.5,-116,2026-06-02T13:02:49Z,Los Angeles Sparks,Las Vegas Aces
2026-06-02T13:03:13.722885+00:00,185804ff5ba81d1b76a30f51bcaa1d96,2026-06-03T02:10:00Z,draftkings,DraftKings,player_points,Under,Jackie Young,16.5,-114,2026-06-02T13:02:49Z,Los Angeles Sparks,Las Vegas Aces
2026-06-02T13:03:13.722885+00:00,185804ff5ba81d1b76a30f51bcaa1d96,2026-06-03T02:10:00Z,draftkings,DraftKings,player_points,Over,Nneka Ogwumike,16.5,-116,2026-06-02T13:02:49Z,Los Angeles Sparks,Las Vegas Aces
2026-06-02T13:03:13.722885+00:00,185804ff5ba81d1b76a30f51bcaa1d96,2026-06-03T02:10:00Z,draftkings,DraftKings,player_points,Under,Nneka Ogwumike,16.5,-115,2026-06-02T13:02:49Z,Los Angeles Sparks,Las Vegas Aces
2026-06-02T13:03:13.722885+00:00,185804ff5ba81d1b76a30f51bcaa1d96,2026-06-03T02:10:00Z,draftkings,DraftKings,player_points,Over,Chennedy Carter,15.5,-119,2026-06-02T13:02:49Z,Los Angeles Sparks,Las Vegas Aces
2026-06-02T13:03:13.722885+00:00,185804ff5ba81d1b76a30f51bcaa1d96,2026-06-03T02:10:00Z,draftkings,DraftKings,player_points,Under,Chennedy Carter,15.5,-112,2026-06-02T13:02:49Z,Los Angeles Sparks,Las Vegas Aces
2026-06-02T13:03:13.722885+00:00,185804ff5ba81d1b76a30f51bcaa1d96,2026-06-03T02:10:00Z,draftkings,DraftKings,player_points,Over,Erica Wheeler,11.5,-115,2026-06-02T13:02:49Z,Los Angeles Sparks,Las Vegas Aces
2026-06-02T13:03:13.722885+00:00,185804ff5ba81d1b76a30f51bcaa1d96,2026-06-03T02:10:00Z,draftkings,DraftKings,player_points,Under,Erica Wheeler,11.5,-116,2026-06-02T13:02:49Z,Los Angeles Sparks,Las Vegas Aces
2026-06-02T13:03:13.722885+00:00,185804ff5ba81d1b76a30f51bcaa1d96,2026-06-03T02:10:00Z,draftkings,DraftKings,player_points,Over,Ariel Atkins,11.5,-107,2026-06-02T13:02:49Z,Los Angeles Sparks,Las Vegas Aces
2026-06-02T13:03:13.722885+00:00,185804ff5ba81d1b76a30f51bcaa1d96,2026-06-03T02:10:00Z,draftkings,DraftKings,player_points,Under,Ariel Atkins,11.5,-124,2026-06-02T13:02:49Z,Los Angeles Sparks,Las Vegas Aces
2026-06-02T13:03:13.722885+00:00,185804ff5ba81d1b76a30f51bcaa1d96,2026-06-03T02:10:00Z,draftkings,DraftKings,player_points,Over,Chelsea Gray,10.5,-115,2026-06-02T13:02:49Z,Los Angeles Sparks,Las Vegas Aces
2026-06-02T13:03:13.722885+00:00,185804ff5ba81d1b76a30f51bcaa1d96,2026-06-03T02:10:00Z,draftkings,DraftKings,player_points,Under,Chelsea Gray,10.5,-115,2026-06-02T13:02:49Z,Los Angeles Sparks,Las Vegas Aces
2026-06-02T13:03:13.722885+00:00,185804ff5ba81d1b76a30f51bcaa1d96,2026-06-03T02:10:00Z,draftkings,DraftKings,player_points,Over,NaLyssa Smith,9.5,-107,2026-06-02T13:02:49Z,Los Angeles Sparks,Las Vegas Aces
2026-06-02T13:03:13.722885+00:00,185804ff5ba81d1b76a30f51bcaa1d96,2026-06-03T02:10:00Z,draftkings,DraftKings,player_points,Under,NaLyssa Smith,9.5,-124,2026-06-02T13:02:49Z,Los Angeles Sparks,Las Vegas Aces
2026-06-02T13:03:13.722885+00:00,185804ff5ba81d1b76a30f51bcaa1d96,2026-06-03T02:10:00Z,draftkings,DraftKings,player_points,Over,Rae Burrell,9.5,100,2026-06-02T13:02:49Z,Los Angeles Sparks,Las Vegas Aces
2026-06-02T13:03:13.722885+00:00,185804ff5ba81d1b76a30f51bcaa1d96,2026-06-03T02:10:00Z,draftkings,DraftKings,player_points,Under,Rae Burrell,9.5,-133,2026-06-02T13:02:49Z,Los Angeles Sparks,Las Vegas Aces
2026-06-02T13:03:13.722885+00:00,185804ff5ba81d1b76a30f51bcaa1d96,2026-06-03T02:10:00Z,draftkings,DraftKings,player_points,Over,Cameron Brink,8.5,-130,2026-06-02T13:02:49Z,Los Angeles Sparks,Las Vegas Aces
2026-06-02T13:03:13.722885+00:00,185804ff5ba81d1b76a30f51bcaa1d96,2026-06-03T02:10:00Z,draftkings,DraftKings,player_points,Under,Cameron Brink,8.5,-102,2026-06-02T13:02:49Z,Los Angeles Sparks,Las Vegas Aces
2026-06-02T13:03:13.722885+00:00,185804ff5ba81d1b76a30f51bcaa1d96,2026-06-03T02:10:00Z,draftkings,DraftKings,player_points_assists,Over,A'ja Wilson,28.5,-122,2026-06-02T13:02:49Z,Los Angeles Sparks,Las Vegas Aces
2026-06-02T13:03:13.722885+00:00,185804ff5ba81d1b76a30f51bcaa1d96,2026-06-03T02:10:00Z,draftkings,DraftKings,player_points_assists,Under,A'ja Wilson,28.5,-112,2026-06-02T13:02:49Z,Los Angeles Sparks,Las Vegas Aces
2026-06-02T13:03:13.722885+00:00,185804ff5ba81d1b76a30f51bcaa1d96,2026-06-03T02:10:00Z,draftkings,DraftKings,player_points_assists,Over,Jackie Young,22.5,-110,2026-06-02T13:02:49Z,Los Angeles Sparks,Las Vegas Aces
2026-06-02T13:03:13.722885+00:00,185804ff5ba81d1b76a30f51bcaa1d96,2026-06-03T02:10:00Z,draftkings,DraftKings,player_points_assists,Under,Jackie Young,22.5,-123,2026-06-02T13:02:49Z,Los Angeles Sparks,Las Vegas Aces
2026-06-02T13:03:13.722885+00:00,185804ff5ba81d1b76a30f51bcaa1d96,2026-06-03T02:10:00Z,draftkings,DraftKings,player_points_assists,Over,Dearica Hamby,20.5,-129,2026-06-02T13:02:49Z,Los Angeles Sparks,Las Vegas Aces
2026-06-02T13:03:13.722885+00:00,185804ff5ba81d1b76a30f51bcaa1d96,2026-06-03T02:10:00Z,draftkings,DraftKings,player_points_assists,Under,Dearica Hamby,20.5,-105,2026-06-02T13:02:49Z,Los Angeles Sparks,Las Vegas Aces
2026-06-02T13:03:13.722885+00:00,185804ff5ba81d1b76a30f51bcaa1d96,2026-06-03T02:10:00Z,draftkings,DraftKings,player_points_assists,Over,Nneka Ogwumike,18.5,-125,2026-06-02T13:02:49Z,Los Angeles Sparks,Las Vegas Aces
2026-06-02T13:03:13.722885+00:00,185804ff5ba81d1b76a30f51bcaa1d96,2026-06-03T02:10:00Z,draftkings,DraftKings,player_points_assists,Under,Nneka Ogwumike,18.5,-108,2026-06-02T13:02:49Z,Los Angeles Sparks,Las Vegas Aces
2026-06-02T13:03:13.722885+00:00,185804ff5ba81d1b76a30f51bcaa1d96,2026-06-03T02:10:00Z,draftkings,DraftKings,player_points_assists,Over,Erica Wheeler,17.5,-127,2026-06-02T13:02:49Z,Los Angeles Sparks,Las Vegas Aces
2026-06-02T13:03:13.722885+00:00,185804ff5ba81d1b76a30f51bcaa1d96,2026-06-03T02:10:00Z,draftkings,DraftKings,player_points_assists,Under,Erica Wheeler,17.5,-107,2026-06-02T13:02:49Z,Los Angeles Sparks,Las Vegas Aces
2026-06-02T13:03:13.722885+00:00,185804ff5ba81d1b76a30f51bcaa1d96,2026-06-03T02:10:00Z,draftkings,DraftKings,player_points_assists,Over,Chelsea Gray,16.5,-123,2026-06-02T13:02:49Z,Los Angeles Sparks,Las Vegas Aces
2026-06-02T13:03:13.722885+00:00,185804ff5ba81d1b76a30f51bcaa1d96,2026-06-03T02:10:00Z,draftkings,DraftKings,player_points_assists,Under,Chelsea Gray,16.5,-110,2026-06-02T13:02:49Z,Los Angeles Sparks,Las Vegas Aces
2026-06-02T13:03:13.722885+00:00,185804ff5ba81d1b76a30f51bcaa1d96,2026-06-03T02:10:00Z,draftkings,DraftKings,player_points_assists,Over,Ariel Atkins,14.5,-103,2026-06-02T13:02:49Z,Los Angeles Sparks,Las Vegas Aces
2026-06-02T13:03:13.722885+00:00,185804ff5ba81d1b76a30f51bcaa1d96,2026-06-03T02:10:00Z,draftkings,DraftKings,player_points_assists,Under,Ariel Atkins,14.5,-132,2026-06-02T13:02:49Z,Los Angeles Sparks,Las Vegas Aces
2026-06-02T13:03:13.722885+00:00,185804ff5ba81d1b76a30f51bcaa1d96,2026-06-03T02:10:00Z,draftkings,DraftKings,player_points_rebounds,Over,A'ja Wilson,35.5,-107,2026-06-02T13:02:49Z,Los Angeles Sparks,Las Vegas Aces
2026-06-02T13:03:13.722885+00:00,185804ff5ba81d1b76a30f51bcaa1d96,2026-06-03T02:10:00Z,draftkings,DraftKings,player_points_rebounds,Under,A'ja Wilson,35.5,-127,2026-06-02T13:02:49Z,Los Angeles Sparks,Las Vegas Aces
2026-06-02T13:03:13.722885+00:00,185804ff5ba81d1b76a30f51bcaa1d96,2026-06-03T02:10:00Z,draftkings,DraftKings,player_points_rebounds,Over,Dearica Hamby,24.5,-117,2026-06-02T13:02:49Z,Los Angeles Sparks,Las Vegas Aces
2026-06-02T13:03:13.722885+00:00,185804ff5ba81d1b76a30f51bcaa1d96,2026-06-03T02:10:00Z,draftkings,DraftKings,player_points_rebounds,Under,Dearica Hamby,24.5,-116,2026-06-02T13:02:49Z,Los Angeles Sparks,Las Vegas Aces
2026-06-02T13:03:13.722885+00:00,185804ff5ba81d1b76a30f51bcaa1d96,2026-06-03T02:10:00Z,draftkings,DraftKings,player_points_rebounds,Over,Nneka Ogwumike,23.5,-119,2026-06-02T13:02:49Z,Los Angeles Sparks,Las Vegas Aces
2026-06-02T13:03:13.722885+00:00,185804ff5ba81d1b76a30f51bcaa1d96,2026-06-03T02:10:00Z,draftkings,DraftKings,player_points_rebounds,Under,Nneka Ogwumike,23.5,-114,2026-06-02T13:02:49Z,Los Angeles Sparks,Las Vegas Aces
2026-06-02T13:03:13.722885+00:00,185804ff5ba81d1b76a30f51bcaa1d96,2026-06-03T02:10:00Z,draftkings,DraftKings,player_points_rebounds,Over,Jackie Young,21.5,-105,2026-06-02T13:02:49Z,Los Angeles Sparks,Las Vegas Aces
2026-06-02T13:03:13.722885+00:00,185804ff5ba81d1b76a30f51bcaa1d96,2026-06-03T02:10:00Z,draftkings,DraftKings,player_points_rebounds,Under,Jackie Young,21.5,-129,2026-06-02T13:02:49Z,Los Angeles Sparks,Las Vegas Aces
2026-06-02T13:03:13.722885+00:00,185804ff5ba81d1b76a30f51bcaa1d96,2026-06-03T02:10:00Z,draftkings,DraftKings,player_points_rebounds,Over,NaLyssa Smith,16.5,-113,2026-06-02T13:02:49Z,Los Angeles Sparks,Las Vegas Aces
2026-06-02T13:03:13.722885+00:00,185804ff5ba81d1b76a30f51bcaa1d96,2026-06-03T02:10:00Z,draftkings,DraftKings,player_points_rebounds,Under,NaLyssa Smith,16.5,-120,2026-06-02T13:02:49Z,Los Angeles Sparks,Las Vegas Aces
2026-06-02T13:03:13.722885+00:00,185804ff5ba81d1b76a30f51bcaa1d96,2026-06-03T02:10:00Z,draftkings,DraftKings,player_points_rebounds,Over,Ariel Atkins,14.5,-115,2026-06-02T13:02:49Z,Los Angeles Sparks,Las Vegas Aces
2026-06-02T13:03:13.722885+00:00,185804ff5ba81d1b76a30f51bcaa1d96,2026-06-03T02:10:00Z,draftkings,DraftKings,player_points_rebounds,Under,Ariel Atkins,14.5,-118,2026-06-02T13:02:49Z,Los Angeles Sparks,Las Vegas Aces
2026-06-02T13:03:13.722885+00:00,185804ff5ba81d1b76a30f51bcaa1d96,2026-06-03T02:10:00Z,draftkings,DraftKings,player_points_rebounds,Over,Chelsea Gray,13.5,-131,2026-06-02T13:02:49Z,Los Angeles Sparks,Las Vegas Aces
2026-06-02T13:03:13.722885+00:00,185804ff5ba81d1b76a30f51bcaa1d96,2026-06-03T02:10:00Z,draftkings,DraftKings,player_points_rebounds,Under,Chelsea Gray,13.5,-103,2026-06-02T13:02:49Z,Los Angeles Sparks,Las Vegas Aces
2026-06-02T13:03:13.722885+00:00,185804ff5ba81d1b76a30f51bcaa1d96,2026-06-03T02:10:00Z,draftkings,DraftKings,player_points_rebounds,Over,Cameron Brink,13.5,-116,2026-06-02T13:02:49Z,Los Angeles Sparks,Las Vegas Aces
2026-06-02T13:03:13.722885+00:00,185804ff5ba81d1b76a30f51bcaa1d96,2026-06-03T02:10:00Z,draftkings,DraftKings,player_points_rebounds,Under,Cameron Brink,13.5,-117,2026-06-02T13:02:49Z,Los Angeles Sparks,Las Vegas Aces
2026-06-02T13:03:13.722885+00:00,185804ff5ba81d1b76a30f51bcaa1d96,2026-06-03T02:10:00Z,draftkings,DraftKings,player_points_rebounds,Over,Rae Burrell,12.5,100,2026-06-02T13:02:49Z,Los Angeles Sparks,Las Vegas Aces
2026-06-02T13:03:13.722885+00:00,185804ff5ba81d1b76a30f51bcaa1d96,2026-06-03T02:10:00Z,draftkings,DraftKings,player_points_rebounds,Under,Rae Burrell,12.5,-136,2026-06-02T13:02:49Z,Los Angeles Sparks,Las Vegas Aces
2026-06-02T13:03:13.722885+00:00,185804ff5ba81d1b76a30f51bcaa1d96,2026-06-03T02:10:00Z,draftkings,DraftKings,player_points_rebounds_assists,Over,A'ja Wilson,38.5,-112,2026-06-02T13:02:49Z,Los Angeles Sparks,Las Vegas Aces
2026-06-02T13:03:13.722885+00:00,185804ff5ba81d1b76a30f51bcaa1d96,2026-06-03T02:10:00Z,draftkings,DraftKings,player_points_rebounds_assists,Under,A'ja Wilson,38.5,-122,2026-06-02T13:02:49Z,Los Angeles Sparks,Las Vegas Aces
2026-06-02T13:03:13.722885+00:00,185804ff5ba81d1b76a30f51bcaa1d96,2026-06-03T02:10:00Z,draftkings,DraftKings,player_points_rebounds_assists,Over,Dearica Hamby,28.5,-114,2026-06-02T13:02:49Z,Los Angeles Sparks,Las Vegas Aces
2026-06-02T13:03:13.722885+00:00,185804ff5ba81d1b76a30f51bcaa1d96,2026-06-03T02:10:00Z,draftkings,DraftKings,player_points_rebounds_assists,Under,Dearica Hamby,28.5,-120,2026-06-02T13:02:49Z,Los Angeles Sparks,Las Vegas Aces
2026-06-02T13:03:13.722885+00:00,185804ff5ba81d1b76a30f51bcaa1d96,2026-06-03T02:10:00Z,draftkings,DraftKings,player_points_rebounds_assists,Over,Jackie Young,26.5,-122,2026-06-02T13:02:49Z,Los Angeles Sparks,Las Vegas Aces
2026-06-02T13:03:13.722885+00:00,185804ff5ba81d1b76a30f51bcaa1d96,2026-06-03T02:10:00Z,draftkings,DraftKings,player_points_rebounds_assists,Under,Jackie Young,26.5,-112,2026-06-02T13:02:49Z,Los Angeles Sparks,Las Vegas Aces
2026-06-02T13:03:13.722885+00:00,185804ff5ba81d1b76a30f51bcaa1d96,2026-06-03T02:10:00Z,draftkings,DraftKings,player_points_rebounds_assists,Over,Nneka Ogwumike,25.5,-128,2026-06-02T13:02:49Z,Los Angeles Sparks,Las Vegas Aces
2026-06-02T13:03:13.722885+00:00,185804ff5ba81d1b76a30f51bcaa1d96,2026-06-03T02:10:00Z,draftkings,DraftKings,player_points_rebounds_assists,Under,Nneka Ogwumike,25.5,-106,2026-06-02T13:02:49Z,Los Angeles Sparks,Las Vegas Aces
2026-06-02T13:03:13.722885+00:00,185804ff5ba81d1b76a30f51bcaa1d96,2026-06-03T02:10:00Z,draftkings,DraftKings,player_points_rebounds_assists,Over,Chelsea Gray,20.5,-106,2026-06-02T13:02:49Z,Los Angeles Sparks,Las Vegas Aces
2026-06-02T13:03:13.722885+00:00,185804ff5ba81d1b76a30f51bcaa1d96,2026-06-03T02:10:00Z,draftkings,DraftKings,player_points_rebounds_assists,Under,Chelsea Gray,20.5,-128,2026-06-02T13:02:49Z,Los Angeles Sparks,Las Vegas Aces
2026-06-02T13:03:13.722885+00:00,185804ff5ba81d1b76a30f51bcaa1d96,2026-06-03T02:10:00Z,draftkings,DraftKings,player_points_rebounds_assists,Over,Ariel Atkins,17.5,-111,2026-06-02T13:02:49Z,Los Angeles Sparks,Las Vegas Aces
2026-06-02T13:03:13.722885+00:00,185804ff5ba81d1b76a30f51bcaa1d96,2026-06-03T02:10:00Z,draftkings,DraftKings,player_points_rebounds_assists,Under,Ariel Atkins,17.5,-123,2026-06-02T13:02:49Z,Los Angeles Sparks,Las Vegas Aces
2026-06-02T13:03:13.722885+00:00,185804ff5ba81d1b76a30f51bcaa1d96,2026-06-03T02:10:00Z,draftkings,DraftKings,player_rebounds,Over,A'ja Wilson,9.5,-102,2026-06-02T13:02:49Z,Los Angeles Sparks,Las Vegas Aces
2026-06-02T13:03:13.722885+00:00,185804ff5ba81d1b76a30f51bcaa1d96,2026-06-03T02:10:00Z,draftkings,DraftKings,player_rebounds,Under,A'ja Wilson,9.5,-133,2026-06-02T13:02:49Z,Los Angeles Sparks,Las Vegas Aces
2026-06-02T13:03:13.722885+00:00,185804ff5ba81d1b76a30f51bcaa1d96,2026-06-03T02:10:00Z,draftkings,DraftKings,player_rebounds,Over,Dearica Hamby,7.5,107,2026-06-02T13:02:49Z,Los Angeles Sparks,Las Vegas Aces
2026-06-02T13:03:13.722885+00:00,185804ff5ba81d1b76a30f51bcaa1d96,2026-06-03T02:10:00Z,draftkings,DraftKings,player_rebounds,Under,Dearica Hamby,7.5,-145,2026-06-02T13:02:49Z,Los Angeles Sparks,Las Vegas Aces
2026-06-02T13:03:13.722885+00:00,185804ff5ba81d1b76a30f51bcaa1d96,2026-06-03T02:10:00Z,draftkings,DraftKings,player_rebounds,Over,NaLyssa Smith,6.5,-145,2026-06-02T13:02:49Z,Los Angeles Sparks,Las Vegas Aces
2026-06-02T13:03:13.722885+00:00,185804ff5ba81d1b76a30f51bcaa1d96,2026-06-03T02:10:00Z,draftkings,DraftKings,player_rebounds,Under,NaLyssa Smith,6.5,107,2026-06-02T13:02:49Z,Los Angeles Sparks,Las Vegas Aces
2026-06-02T13:03:13.722885+00:00,185804ff5ba81d1b76a30f51bcaa1d96,2026-06-03T02:10:00Z,draftkings,DraftKings,player_rebounds,Over,Nneka Ogwumike,6.5,-140,2026-06-02T13:02:49Z,Los Angeles Sparks,Las Vegas Aces
2026-06-02T13:03:13.722885+00:00,185804ff5ba81d1b76a30f51bcaa1d96,2026-06-03T02:10:00Z,draftkings,DraftKings,player_rebounds,Under,Nneka Ogwumike,6.5,103,2026-06-02T13:02:49Z,Los Angeles Sparks,Las Vegas Aces
2026-06-02T13:03:13.722885+00:00,185804ff5ba81d1b76a30f51bcaa1d96,2026-06-03T02:10:00Z,draftkings,DraftKings,player_rebounds,Over,Cameron Brink,4.5,-109,2026-06-02T13:02:49Z,Los Angeles Sparks,Las Vegas Aces
2026-06-02T13:03:13.722885+00:00,185804ff5ba81d1b76a30f51bcaa1d96,2026-06-03T02:10:00Z,draftkings,DraftKings,player_rebounds,Under,Cameron Brink,4.5,-124,2026-06-02T13:02:49Z,Los Angeles Sparks,Las Vegas Aces
2026-06-02T13:03:13.722885+00:00,185804ff5ba81d1b76a30f51bcaa1d96,2026-06-03T02:10:00Z,draftkings,DraftKings,player_rebounds,Over,Jackie Young,4.5,104,2026-06-02T13:02:49Z,Los Angeles Sparks,Las Vegas Aces
2026-06-02T13:03:13.722885+00:00,185804ff5ba81d1b76a30f51bcaa1d96,2026-06-03T02:10:00Z,draftkings,DraftKings,player_rebounds,Under,Jackie Young,4.5,-142,2026-06-02T13:02:49Z,Los Angeles Sparks,Las Vegas Aces
2026-06-02T13:03:13.722885+00:00,185804ff5ba81d1b76a30f51bcaa1d96,2026-06-03T02:10:00Z,draftkings,DraftKings,player_rebounds,Over,Chelsea Gray,3.5,110,2026-06-02T13:02:49Z,Los Angeles Sparks,Las Vegas Aces
2026-06-02T13:03:13.722885+00:00,185804ff5ba81d1b76a30f51bcaa1d96,2026-06-03T02:10:00Z,draftkings,DraftKings,player_rebounds,Under,Chelsea Gray,3.5,-150,2026-06-02T13:02:49Z,Los Angeles Sparks,Las Vegas Aces
2026-06-02T13:03:13.722885+00:00,185804ff5ba81d1b76a30f51bcaa1d96,2026-06-03T02:10:00Z,draftkings,DraftKings,player_rebounds,Over,Ariel Atkins,2.5,-180,2026-06-02T13:02:49Z,Los Angeles Sparks,Las Vegas Aces
2026-06-02T13:03:13.722885+00:00,185804ff5ba81d1b76a30f51bcaa1d96,2026-06-03T02:10:00Z,draftkings,DraftKings,player_rebounds,Under,Ariel Atkins,2.5,131,2026-06-02T13:02:49Z,Los Angeles Sparks,Las Vegas Aces
2026-06-02T13:03:13.722885+00:00,185804ff5ba81d1b76a30f51bcaa1d96,2026-06-03T02:10:00Z,draftkings,DraftKings,player_rebounds,Over,Rae Burrell,2.5,-136,2026-06-02T13:02:49Z,Los Angeles Sparks,Las Vegas Aces
2026-06-02T13:03:13.722885+00:00,185804ff5ba81d1b76a30f51bcaa1d96,2026-06-03T02:10:00Z,draftkings,DraftKings,player_rebounds,Under,Rae Burrell,2.5,100,2026-06-02T13:02:49Z,Los Angeles Sparks,Las Vegas Aces
2026-06-02T13:03:13.722885+00:00,185804ff5ba81d1b76a30f51bcaa1d96,2026-06-03T02:10:00Z,draftkings,DraftKings,player_rebounds_assists,Over,A'ja Wilson,12.5,-111,2026-06-02T13:02:49Z,Los Angeles Sparks,Las Vegas Aces
2026-06-02T13:03:13.722885+00:00,185804ff5ba81d1b76a30f51bcaa1d96,2026-06-03T02:10:00Z,draftkings,DraftKings,player_rebounds_assists,Under,A'ja Wilson,12.5,-122,2026-06-02T13:02:49Z,Los Angeles Sparks,Las Vegas Aces
2026-06-02T13:03:13.722885+00:00,185804ff5ba81d1b76a30f51bcaa1d96,2026-06-03T02:10:00Z,draftkings,DraftKings,player_rebounds_assists,Over,Dearica Hamby,10.5,-134,2026-06-02T13:02:49Z,Los Angeles Sparks,Las Vegas Aces
2026-06-02T13:03:13.722885+00:00,185804ff5ba81d1b76a30f51bcaa1d96,2026-06-03T02:10:00Z,draftkings,DraftKings,player_rebounds_assists,Under,Dearica Hamby,10.5,-101,2026-06-02T13:02:49Z,Los Angeles Sparks,Las Vegas Aces
2026-06-02T13:03:13.722885+00:00,185804ff5ba81d1b76a30f51bcaa1d96,2026-06-03T02:10:00Z,draftkings,DraftKings,player_rebounds_assists,Over,Jackie Young,9.5,-138,2026-06-02T13:02:49Z,Los Angeles Sparks,Las Vegas Aces
2026-06-02T13:03:13.722885+00:00,185804ff5ba81d1b76a30f51bcaa1d96,2026-06-03T02:10:00Z,draftkings,DraftKings,player_rebounds_assists,Under,Jackie Young,9.5,102,2026-06-02T13:02:49Z,Los Angeles Sparks,Las Vegas Aces
2026-06-02T13:03:13.722885+00:00,185804ff5ba81d1b76a30f51bcaa1d96,2026-06-03T02:10:00Z,draftkings,DraftKings,player_rebounds_assists,Over,Chelsea Gray,9.5,-107,2026-06-02T13:02:49Z,Los Angeles Sparks,Las Vegas Aces
2026-06-02T13:03:13.722885+00:00,185804ff5ba81d1b76a30f51bcaa1d96,2026-06-03T02:10:00Z,draftkings,DraftKings,player_rebounds_assists,Under,Chelsea Gray,9.5,-127,2026-06-02T13:02:49Z,Los Angeles Sparks,Las Vegas Aces
2026-06-02T13:03:13.722885+00:00,185804ff5ba81d1b76a30f51bcaa1d96,2026-06-03T02:10:00Z,draftkings,DraftKings,player_rebounds_assists,Over,Nneka Ogwumike,9.5,107,2026-06-02T13:02:49Z,Los Angeles Sparks,Las Vegas Aces
2026-06-02T13:03:13.722885+00:00,185804ff5ba81d1b76a30f51bcaa1d96,2026-06-03T02:10:00Z,draftkings,DraftKings,player_rebounds_assists,Under,Nneka Ogwumike,9.5,-146,2026-06-02T13:02:49Z,Los Angeles Sparks,Las Vegas Aces
2026-06-02T13:03:13.722885+00:00,185804ff5ba81d1b76a30f51bcaa1d96,2026-06-03T02:10:00Z,draftkings,DraftKings,player_threes,Over,Jackie Young,1.5,-145,2026-06-02T13:02:49Z,Los Angeles Sparks,Las Vegas Aces
2026-06-02T13:03:13.722885+00:00,185804ff5ba81d1b76a30f51bcaa1d96,2026-06-03T02:10:00Z,draftkings,DraftKings,player_threes,Under,Jackie Young,1.5,106,2026-06-02T13:02:49Z,Los Angeles Sparks,Las Vegas Aces
2026-06-02T13:03:13.722885+00:00,185804ff5ba81d1b76a30f51bcaa1d96,2026-06-03T02:10:00Z,draftkings,DraftKings,player_threes,Over,Chelsea Gray,1.5,-104,2026-06-02T13:02:49Z,Los Angeles Sparks,Las Vegas Aces
2026-06-02T13:03:13.722885+00:00,185804ff5ba81d1b76a30f51bcaa1d96,2026-06-03T02:10:00Z,draftkings,DraftKings,player_threes,Under,Chelsea Gray,1.5,-130,2026-06-02T13:02:49Z,Los Angeles Sparks,Las Vegas Aces
2026-06-02T13:03:13.722885+00:00,185804ff5ba81d1b76a30f51bcaa1d96,2026-06-03T02:10:00Z,draftkings,DraftKings,player_threes,Over,Ariel Atkins,1.5,125,2026-06-02T13:02:49Z,Los Angeles Sparks,Las Vegas Aces
2026-06-02T13:03:13.722885+00:00,185804ff5ba81d1b76a30f51bcaa1d96,2026-06-03T02:10:00Z,draftkings,DraftKings,player_threes,Under,Ariel Atkins,1.5,-171,2026-06-02T13:02:49Z,Los Angeles Sparks,Las Vegas Aces
2026-06-02T13:03:13.722885+00:00,185804ff5ba81d1b76a30f51bcaa1d96,2026-06-03T02:10:00Z,draftkings,DraftKings,player_threes,Over,Erica Wheeler,1.5,141,2026-06-02T13:02:49Z,Los Angeles Sparks,Las Vegas Aces
2026-06-02T13:03:13.722885+00:00,185804ff5ba81d1b76a30f51bcaa1d96,2026-06-03T02:10:00Z,draftkings,DraftKings,player_threes,Under,Erica Wheeler,1.5,-194,2026-06-02T13:02:49Z,Los Angeles Sparks,Las Vegas Aces
2026-06-02T13:03:13.722885+00:00,185804ff5ba81d1b76a30f51bcaa1d96,2026-06-03T02:10:00Z,williamhill_us,Caesars,player_assists,Over,Erica Wheeler,6.5,110,2026-06-02T13:02:07Z,Los Angeles Sparks,Las Vegas Aces
2026-06-02T13:03:13.722885+00:00,185804ff5ba81d1b76a30f51bcaa1d96,2026-06-03T02:10:00Z,williamhill_us,Caesars,player_assists,Under,Erica Wheeler,6.5,-145,2026-06-02T13:02:07Z,Los Angeles Sparks,Las Vegas Aces
2026-06-02T13:03:13.722885+00:00,185804ff5ba81d1b76a30f51bcaa1d96,2026-06-03T02:10:00Z,williamhill_us,Caesars,player_assists,Over,A'ja Wilson,3.5,129,2026-06-02T13:02:07Z,Los Angeles Sparks,Las Vegas Aces
2026-06-02T13:03:13.722885+00:00,185804ff5ba81d1b76a30f51bcaa1d96,2026-06-03T02:10:00Z,williamhill_us,Caesars,player_assists,Under,A'ja Wilson,3.5,-173,2026-06-02T13:02:07Z,Los Angeles Sparks,Las Vegas Aces
2026-06-02T13:03:13.722885+00:00,185804ff5ba81d1b76a30f51bcaa1d96,2026-06-03T02:10:00Z,williamhill_us,Caesars,player_assists,Over,Chelsea Gray,5.5,-157,2026-06-02T13:02:07Z,Los Angeles Sparks,Las Vegas Aces
2026-06-02T13:03:13.722885+00:00,185804ff5ba81d1b76a30f51bcaa1d96,2026-06-03T02:10:00Z,williamhill_us,Caesars,player_assists,Under,Chelsea Gray,5.5,117,2026-06-02T13:02:07Z,Los Angeles Sparks,Las Vegas Aces
2026-06-02T13:03:13.722885+00:00,185804ff5ba81d1b76a30f51bcaa1d96,2026-06-03T02:10:00Z,williamhill_us,Caesars,player_assists,Over,Jackie Young,5.5,-117,2026-06-02T13:02:07Z,Los Angeles Sparks,Las Vegas Aces
2026-06-02T13:03:13.722885+00:00,185804ff5ba81d1b76a30f51bcaa1d96,2026-06-03T02:10:00Z,williamhill_us,Caesars,player_assists,Under,Jackie Young,5.5,-115,2026-06-02T13:02:07Z,Los Angeles Sparks,Las Vegas Aces
2026-06-02T13:03:13.722885+00:00,185804ff5ba81d1b76a30f51bcaa1d96,2026-06-03T02:10:00Z,williamhill_us,Caesars,player_assists,Over,Dearica Hamby,3.5,-129,2026-06-02T13:02:07Z,Los Angeles Sparks,Las Vegas Aces
2026-06-02T13:03:13.722885+00:00,185804ff5ba81d1b76a30f51bcaa1d96,2026-06-03T02:10:00Z,williamhill_us,Caesars,player_assists,Under,Dearica Hamby,3.5,-104,2026-06-02T13:02:07Z,Los Angeles Sparks,Las Vegas Aces
2026-06-02T13:03:13.722885+00:00,185804ff5ba81d1b76a30f51bcaa1d96,2026-06-03T02:10:00Z,williamhill_us,Caesars,player_double_double,Yes,A'ja Wilson,,-104,2026-06-02T13:02:07Z,Los Angeles Sparks,Las Vegas Aces
2026-06-02T13:03:13.722885+00:00,185804ff5ba81d1b76a30f51bcaa1d96,2026-06-03T02:10:00Z,williamhill_us,Caesars,player_double_double,Yes,Dearica Hamby,,265,2026-06-02T13:02:07Z,Los Angeles Sparks,Las Vegas Aces
2026-06-02T13:03:13.722885+00:00,185804ff5ba81d1b76a30f51bcaa1d96,2026-06-03T02:10:00Z,williamhill_us,Caesars,player_double_double,Yes,Nneka Ogwumike,,350,2026-06-02T13:02:07Z,Los Angeles Sparks,Las Vegas Aces
2026-06-02T13:03:13.722885+00:00,185804ff5ba81d1b76a30f51bcaa1d96,2026-06-03T02:10:00Z,williamhill_us,Caesars,player_double_double,Yes,NaLyssa Smith,,500,2026-06-02T13:02:07Z,Los Angeles Sparks,Las Vegas Aces
2026-06-02T13:03:13.722885+00:00,185804ff5ba81d1b76a30f51bcaa1d96,2026-06-03T02:10:00Z,williamhill_us,Caesars,player_double_double,Yes,Erica Wheeler,,800,2026-06-02T13:02:07Z,Los Angeles Sparks,Las Vegas Aces
2026-06-02T13:03:13.722885+00:00,185804ff5ba81d1b76a30f51bcaa1d96,2026-06-03T02:10:00Z,williamhill_us,Caesars,player_double_double,Yes,Jackie Young,,850,2026-06-02T13:02:07Z,Los Angeles Sparks,Las Vegas Aces
2026-06-02T13:03:13.722885+00:00,185804ff5ba81d1b76a30f51bcaa1d96,2026-06-03T02:10:00Z,williamhill_us,Caesars,player_double_double,Yes,Chelsea Gray,,1100,2026-06-02T13:02:07Z,Los Angeles Sparks,Las Vegas Aces
2026-06-02T13:03:13.722885+00:00,185804ff5ba81d1b76a30f51bcaa1d96,2026-06-03T02:10:00Z,williamhill_us,Caesars,player_points,Over,Chennedy Carter,15.5,-112,2026-06-02T13:02:07Z,Los Angeles Sparks,Las Vegas Aces
2026-06-02T13:03:13.722885+00:00,185804ff5ba81d1b76a30f51bcaa1d96,2026-06-03T02:10:00Z,williamhill_us,Caesars,player_points,Under,Chennedy Carter,15.5,-120,2026-06-02T13:02:07Z,Los Angeles Sparks,Las Vegas Aces
2026-06-02T13:03:13.722885+00:00,185804ff5ba81d1b76a30f51bcaa1d96,2026-06-03T02:10:00Z,williamhill_us,Caesars,player_points,Over,Dearica Hamby,16.5,-132,2026-06-02T13:02:07Z,Los Angeles Sparks,Las Vegas Aces
2026-06-02T13:03:13.722885+00:00,185804ff5ba81d1b76a30f51bcaa1d96,2026-06-03T02:10:00Z,williamhill_us,Caesars,player_points,Under,Dearica Hamby,16.5,-102,2026-06-02T13:02:07Z,Los Angeles Sparks,Las Vegas Aces
2026-06-02T13:03:13.722885+00:00,185804ff5ba81d1b76a30f51bcaa1d96,2026-06-03T02:10:00Z,williamhill_us,Caesars,player_points,Over,Cameron Brink,8.5,-134,2026-06-02T13:02:07Z,Los Angeles Sparks,Las Vegas Aces
2026-06-02T13:03:13.722885+00:00,185804ff5ba81d1b76a30f51bcaa1d96,2026-06-03T02:10:00Z,williamhill_us,Caesars,player_points,Under,Cameron Brink,8.5,101,2026-06-02T13:02:07Z,Los Angeles Sparks,Las Vegas Aces
2026-06-02T13:03:13.722885+00:00,185804ff5ba81d1b76a30f51bcaa1d96,2026-06-03T02:10:00Z,williamhill_us,Caesars,player_points,Over,Chelsea Gray,10.5,-110,2026-06-02T13:02:07Z,Los Angeles Sparks,Las Vegas Aces
2026-06-02T13:03:13.722885+00:00,185804ff5ba81d1b76a30f51bcaa1d96,2026-06-03T02:10:00Z,williamhill_us,Caesars,player_points,Under,Chelsea Gray,10.5,-121,2026-06-02T13:02:07Z,Los Angeles Sparks,Las Vegas Aces
2026-06-02T13:03:13.722885+00:00,185804ff5ba81d1b76a30f51bcaa1d96,2026-06-03T02:10:00Z,williamhill_us,Caesars,player_points,Over,Nneka Ogwumike,16.5,-118,2026-06-02T13:02:07Z,Los Angeles Sparks,Las Vegas Aces
2026-06-02T13:03:13.722885+00:00,185804ff5ba81d1b76a30f51bcaa1d96,2026-06-03T02:10:00Z,williamhill_us,Caesars,player_points,Under,Nneka Ogwumike,16.5,-113,2026-06-02T13:02:07Z,Los Angeles Sparks,Las Vegas Aces
2026-06-02T13:03:13.722885+00:00,185804ff5ba81d1b76a30f51bcaa1d96,2026-06-03T02:10:00Z,williamhill_us,Caesars,player_points,Over,A'ja Wilson,25.5,-113,2026-06-02T13:02:07Z,Los Angeles Sparks,Las Vegas Aces
2026-06-02T13:03:13.722885+00:00,185804ff5ba81d1b76a30f51bcaa1d96,2026-06-03T02:10:00Z,williamhill_us,Caesars,player_points,Under,A'ja Wilson,25.5,-120,2026-06-02T13:02:07Z,Los Angeles Sparks,Las Vegas Aces
2026-06-02T13:03:13.722885+00:00,185804ff5ba81d1b76a30f51bcaa1d96,2026-06-03T02:10:00Z,williamhill_us,Caesars,player_points,Over,Jackie Young,16.5,-118,2026-06-02T13:02:07Z,Los Angeles Sparks,Las Vegas Aces
2026-06-02T13:03:13.722885+00:00,185804ff5ba81d1b76a30f51bcaa1d96,2026-06-03T02:10:00Z,williamhill_us,Caesars,player_points,Under,Jackie Young,16.5,-113,2026-06-02T13:02:07Z,Los Angeles Sparks,Las Vegas Aces
2026-06-02T13:03:13.722885+00:00,185804ff5ba81d1b76a30f51bcaa1d96,2026-06-03T02:10:00Z,williamhill_us,Caesars,player_points,Over,Ariel Atkins,11.5,-117,2026-06-02T13:02:07Z,Los Angeles Sparks,Las Vegas Aces
2026-06-02T13:03:13.722885+00:00,185804ff5ba81d1b76a30f51bcaa1d96,2026-06-03T02:10:00Z,williamhill_us,Caesars,player_points,Under,Ariel Atkins,11.5,-114,2026-06-02T13:02:07Z,Los Angeles Sparks,Las Vegas Aces
2026-06-02T13:03:13.722885+00:00,185804ff5ba81d1b76a30f51bcaa1d96,2026-06-03T02:10:00Z,williamhill_us,Caesars,player_points,Over,Rae Burrell,9.5,-105,2026-06-02T13:02:07Z,Los Angeles Sparks,Las Vegas Aces
2026-06-02T13:03:13.722885+00:00,185804ff5ba81d1b76a30f51bcaa1d96,2026-06-03T02:10:00Z,williamhill_us,Caesars,player_points,Under,Rae Burrell,9.5,-127,2026-06-02T13:02:07Z,Los Angeles Sparks,Las Vegas Aces
2026-06-02T13:03:13.722885+00:00,185804ff5ba81d1b76a30f51bcaa1d96,2026-06-03T02:10:00Z,williamhill_us,Caesars,player_points,Over,Erica Wheeler,11.5,-118,2026-06-02T13:02:07Z,Los Angeles Sparks,Las Vegas Aces
2026-06-02T13:03:13.722885+00:00,185804ff5ba81d1b76a30f51bcaa1d96,2026-06-03T02:10:00Z,williamhill_us,Caesars,player_points,Under,Erica Wheeler,11.5,-113,2026-06-02T13:02:07Z,Los Angeles Sparks,Las Vegas Aces
2026-06-02T13:03:13.722885+00:00,185804ff5ba81d1b76a30f51bcaa1d96,2026-06-03T02:10:00Z,williamhill_us,Caesars,player_points,Over,NaLyssa Smith,9.5,-107,2026-06-02T13:02:07Z,Los Angeles Sparks,Las Vegas Aces
2026-06-02T13:03:13.722885+00:00,185804ff5ba81d1b76a30f51bcaa1d96,2026-06-03T02:10:00Z,williamhill_us,Caesars,player_points,Under,NaLyssa Smith,9.5,-125,2026-06-02T13:02:07Z,Los Angeles Sparks,Las Vegas Aces
2026-06-02T13:03:13.722885+00:00,185804ff5ba81d1b76a30f51bcaa1d96,2026-06-03T02:10:00Z,williamhill_us,Caesars,player_rebounds,Over,Dearica Hamby,7.5,-103,2026-06-02T13:02:07Z,Los Angeles Sparks,Las Vegas Aces
2026-06-02T13:03:13.722885+00:00,185804ff5ba81d1b76a30f51bcaa1d96,2026-06-03T02:10:00Z,williamhill_us,Caesars,player_rebounds,Under,Dearica Hamby,7.5,-130,2026-06-02T13:02:07Z,Los Angeles Sparks,Las Vegas Aces
2026-06-02T13:03:13.722885+00:00,185804ff5ba81d1b76a30f51bcaa1d96,2026-06-03T02:10:00Z,williamhill_us,Caesars,player_rebounds,Over,Jackie Young,4.5,111,2026-06-02T13:02:07Z,Los Angeles Sparks,Las Vegas Aces
2026-06-02T13:03:13.722885+00:00,185804ff5ba81d1b76a30f51bcaa1d96,2026-06-03T02:10:00Z,williamhill_us,Caesars,player_rebounds,Under,Jackie Young,4.5,-148,2026-06-02T13:02:07Z,Los Angeles Sparks,Las Vegas Aces
2026-06-02T13:03:13.722885+00:00,185804ff5ba81d1b76a30f51bcaa1d96,2026-06-03T02:10:00Z,williamhill_us,Caesars,player_rebounds,Over,Cameron Brink,4.5,102,2026-06-02T13:02:07Z,Los Angeles Sparks,Las Vegas Aces
2026-06-02T13:03:13.722885+00:00,185804ff5ba81d1b76a30f51bcaa1d96,2026-06-03T02:10:00Z,williamhill_us,Caesars,player_rebounds,Under,Cameron Brink,4.5,-136,2026-06-02T13:02:07Z,Los Angeles Sparks,Las Vegas Aces
2026-06-02T13:03:13.722885+00:00,185804ff5ba81d1b76a30f51bcaa1d96,2026-06-03T02:10:00Z,williamhill_us,Caesars,player_rebounds,Over,NaLyssa Smith,7.5,104,2026-06-02T13:02:07Z,Los Angeles Sparks,Las Vegas Aces
2026-06-02T13:03:13.722885+00:00,185804ff5ba81d1b76a30f51bcaa1d96,2026-06-03T02:10:00Z,williamhill_us,Caesars,player_rebounds,Under,NaLyssa Smith,7.5,-137,2026-06-02T13:02:07Z,Los Angeles Sparks,Las Vegas Aces
2026-06-02T13:03:13.722885+00:00,185804ff5ba81d1b76a30f51bcaa1d96,2026-06-03T02:10:00Z,williamhill_us,Caesars,player_rebounds,Over,Chelsea Gray,3.5,110,2026-06-02T13:02:07Z,Los Angeles Sparks,Las Vegas Aces
2026-06-02T13:03:13.722885+00:00,185804ff5ba81d1b76a30f51bcaa1d96,2026-06-03T02:10:00Z,williamhill_us,Caesars,player_rebounds,Under,Chelsea Gray,3.5,-148,2026-06-02T13:02:07Z,Los Angeles Sparks,Las Vegas Aces
2026-06-02T13:03:13.722885+00:00,185804ff5ba81d1b76a30f51bcaa1d96,2026-06-03T02:10:00Z,williamhill_us,Caesars,player_rebounds,Over,A'ja Wilson,9.5,103,2026-06-02T13:02:07Z,Los Angeles Sparks,Las Vegas Aces
2026-06-02T13:03:13.722885+00:00,185804ff5ba81d1b76a30f51bcaa1d96,2026-06-03T02:10:00Z,williamhill_us,Caesars,player_rebounds,Under,A'ja Wilson,9.5,-137,2026-06-02T13:02:07Z,Los Angeles Sparks,Las Vegas Aces
2026-06-02T13:03:13.722885+00:00,185804ff5ba81d1b76a30f51bcaa1d96,2026-06-03T02:10:00Z,williamhill_us,Caesars,player_rebounds,Over,Nneka Ogwumike,6.5,-143,2026-06-02T13:02:07Z,Los Angeles Sparks,Las Vegas Aces
2026-06-02T13:03:13.722885+00:00,185804ff5ba81d1b76a30f51bcaa1d96,2026-06-03T02:10:00Z,williamhill_us,Caesars,player_rebounds,Under,Nneka Ogwumike,6.5,108,2026-06-02T13:02:07Z,Los Angeles Sparks,Las Vegas Aces
2026-06-02T13:03:13.722885+00:00,185804ff5ba81d1b76a30f51bcaa1d96,2026-06-03T02:10:00Z,williamhill_us,Caesars,player_threes,Over,Chelsea Gray,1.5,-105,2026-06-02T13:02:07Z,Los Angeles Sparks,Las Vegas Aces
2026-06-02T13:03:13.722885+00:00,185804ff5ba81d1b76a30f51bcaa1d96,2026-06-03T02:10:00Z,williamhill_us,Caesars,player_threes,Under,Chelsea Gray,1.5,-127,2026-06-02T13:02:07Z,Los Angeles Sparks,Las Vegas Aces
2026-06-02T13:03:13.722885+00:00,185804ff5ba81d1b76a30f51bcaa1d96,2026-06-03T02:10:00Z,williamhill_us,Caesars,player_threes,Over,Jackie Young,1.5,-143,2026-06-02T13:02:07Z,Los Angeles Sparks,Las Vegas Aces
2026-06-02T13:03:13.722885+00:00,185804ff5ba81d1b76a30f51bcaa1d96,2026-06-03T02:10:00Z,williamhill_us,Caesars,player_threes,Under,Jackie Young,1.5,107,2026-06-02T13:02:07Z,Los Angeles Sparks,Las Vegas Aces
2026-06-02T13:03:13.722885+00:00,185804ff5ba81d1b76a30f51bcaa1d96,2026-06-03T02:10:00Z,williamhill_us,Caesars,player_threes,Over,Erica Wheeler,1.5,139,2026-06-02T13:02:07Z,Los Angeles Sparks,Las Vegas Aces
2026-06-02T13:03:13.722885+00:00,185804ff5ba81d1b76a30f51bcaa1d96,2026-06-03T02:10:00Z,williamhill_us,Caesars,player_threes,Under,Erica Wheeler,1.5,-190,2026-06-02T13:02:07Z,Los Angeles Sparks,Las Vegas Aces
2026-06-02T13:03:13.722885+00:00,185804ff5ba81d1b76a30f51bcaa1d96,2026-06-03T02:10:00Z,williamhill_us,Caesars,player_threes,Over,Ariel Atkins,1.5,126,2026-06-02T13:02:07Z,Los Angeles Sparks,Las Vegas Aces
2026-06-02T13:03:13.722885+00:00,185804ff5ba81d1b76a30f51bcaa1d96,2026-06-03T02:10:00Z,williamhill_us,Caesars,player_threes,Under,Ariel Atkins,1.5,-170,2026-06-02T13:02:07Z,Los Angeles Sparks,Las Vegas Aces
2026-06-02T13:03:13.722885+00:00,185804ff5ba81d1b76a30f51bcaa1d96,2026-06-03T02:10:00Z,fanduel,FanDuel,player_assists,Over,Dearica Hamby,3.5,-125,2026-06-02T13:01:35Z,Los Angeles Sparks,Las Vegas Aces
2026-06-02T13:03:13.722885+00:00,185804ff5ba81d1b76a30f51bcaa1d96,2026-06-03T02:10:00Z,fanduel,FanDuel,player_assists,Under,Dearica Hamby,3.5,-106,2026-06-02T13:01:35Z,Los Angeles Sparks,Las Vegas Aces
2026-06-02T13:03:13.722885+00:00,185804ff5ba81d1b76a30f51bcaa1d96,2026-06-03T02:10:00Z,fanduel,FanDuel,player_assists,Over,Erica Wheeler,6.5,104,2026-06-02T13:01:35Z,Los Angeles Sparks,Las Vegas Aces
2026-06-02T13:03:13.722885+00:00,185804ff5ba81d1b76a30f51bcaa1d96,2026-06-03T02:10:00Z,fanduel,FanDuel,player_assists,Under,Erica Wheeler,6.5,-138,2026-06-02T13:01:35Z,Los Angeles Sparks,Las Vegas Aces
2026-06-02T13:03:13.722885+00:00,185804ff5ba81d1b76a30f51bcaa1d96,2026-06-03T02:10:00Z,fanduel,FanDuel,player_assists,Over,A'ja Wilson,3.5,130,2026-06-02T13:01:35Z,Los Angeles Sparks,Las Vegas Aces
2026-06-02T13:03:13.722885+00:00,185804ff5ba81d1b76a30f51bcaa1d96,2026-06-03T02:10:00Z,fanduel,FanDuel,player_assists,Under,A'ja Wilson,3.5,-174,2026-06-02T13:01:35Z,Los Angeles Sparks,Las Vegas Aces
2026-06-02T13:03:13.722885+00:00,185804ff5ba81d1b76a30f51bcaa1d96,2026-06-03T02:10:00Z,fanduel,FanDuel,player_assists,Over,Ariel Atkins,2.5,-114,2026-06-02T13:01:35Z,Los Angeles Sparks,Las Vegas Aces
2026-06-02T13:03:13.722885+00:00,185804ff5ba81d1b76a30f51bcaa1d96,2026-06-03T02:10:00Z,fanduel,FanDuel,player_assists,Under,Ariel Atkins,2.5,-114,2026-06-02T13:01:35Z,Los Angeles Sparks,Las Vegas Aces
2026-06-02T13:03:13.722885+00:00,185804ff5ba81d1b76a30f51bcaa1d96,2026-06-03T02:10:00Z,fanduel,FanDuel,player_assists,Over,Nneka Ogwumike,2.5,158,2026-06-02T13:01:35Z,Los Angeles Sparks,Las Vegas Aces
2026-06-02T13:03:13.722885+00:00,185804ff5ba81d1b76a30f51bcaa1d96,2026-06-03T02:10:00Z,fanduel,FanDuel,player_assists,Under,Nneka Ogwumike,2.5,-215,2026-06-02T13:01:35Z,Los Angeles Sparks,Las Vegas Aces
2026-06-02T13:03:13.722885+00:00,185804ff5ba81d1b76a30f51bcaa1d96,2026-06-03T02:10:00Z,fanduel,FanDuel,player_assists,Over,Jackie Young,5.5,-125,2026-06-02T13:01:35Z,Los Angeles Sparks,Las Vegas Aces
2026-06-02T13:03:13.722885+00:00,185804ff5ba81d1b76a30f51bcaa1d96,2026-06-03T02:10:00Z,fanduel,FanDuel,player_assists,Under,Jackie Young,5.5,-106,2026-06-02T13:01:35Z,Los Angeles Sparks,Las Vegas Aces
2026-06-02T13:03:13.722885+00:00,185804ff5ba81d1b76a30f51bcaa1d96,2026-06-03T02:10:00Z,fanduel,FanDuel,player_assists,Over,Chelsea Gray,5.5,-158,2026-06-02T13:01:35Z,Los Angeles Sparks,Las Vegas Aces
2026-06-02T13:03:13.722885+00:00,185804ff5ba81d1b76a30f51bcaa1d96,2026-06-03T02:10:00Z,fanduel,FanDuel,player_assists,Under,Chelsea Gray,5.5,118,2026-06-02T13:01:35Z,Los Angeles Sparks,Las Vegas Aces
2026-06-02T13:03:13.722885+00:00,185804ff5ba81d1b76a30f51bcaa1d96,2026-06-03T02:10:00Z,fanduel,FanDuel,player_double_double,Yes,A'ja Wilson,,-105,2026-06-02T13:01:35Z,Los Angeles Sparks,Las Vegas Aces
2026-06-02T13:03:13.722885+00:00,185804ff5ba81d1b76a30f51bcaa1d96,2026-06-03T02:10:00Z,fanduel,FanDuel,player_double_double,Yes,Dearica Hamby,,230,2026-06-02T13:01:35Z,Los Angeles Sparks,Las Vegas Aces
2026-06-02T13:03:13.722885+00:00,185804ff5ba81d1b76a30f51bcaa1d96,2026-06-03T02:10:00Z,fanduel,FanDuel,player_double_double,Yes,Nneka Ogwumike,,300,2026-06-02T13:01:35Z,Los Angeles Sparks,Las Vegas Aces
2026-06-02T13:03:13.722885+00:00,185804ff5ba81d1b76a30f51bcaa1d96,2026-06-03T02:10:00Z,fanduel,FanDuel,player_double_double,Yes,NaLyssa Smith,,460,2026-06-02T13:01:35Z,Los Angeles Sparks,Las Vegas Aces
2026-06-02T13:03:13.722885+00:00,185804ff5ba81d1b76a30f51bcaa1d96,2026-06-03T02:10:00Z,fanduel,FanDuel,player_double_double,Yes,Erica Wheeler,,800,2026-06-02T13:01:35Z,Los Angeles Sparks,Las Vegas Aces
2026-06-02T13:03:13.722885+00:00,185804ff5ba81d1b76a30f51bcaa1d96,2026-06-03T02:10:00Z,fanduel,FanDuel,player_double_double,Yes,Jackie Young,,850,2026-06-02T13:01:35Z,Los Angeles Sparks,Las Vegas Aces
2026-06-02T13:03:13.722885+00:00,185804ff5ba81d1b76a30f51bcaa1d96,2026-06-03T02:10:00Z,fanduel,FanDuel,player_double_double,Yes,Chelsea Gray,,1300,2026-06-02T13:01:35Z,Los Angeles Sparks,Las Vegas Aces
2026-06-02T13:03:13.722885+00:00,185804ff5ba81d1b76a30f51bcaa1d96,2026-06-03T02:10:00Z,fanduel,FanDuel,player_double_double,Yes,Cameron Brink,,2200,2026-06-02T13:01:35Z,Los Angeles Sparks,Las Vegas Aces
2026-06-02T13:03:13.722885+00:00,185804ff5ba81d1b76a30f51bcaa1d96,2026-06-03T02:10:00Z,fanduel,FanDuel,player_points,Over,Erica Wheeler,11.5,-114,2026-06-02T13:01:35Z,Los Angeles Sparks,Las Vegas Aces
2026-06-02T13:03:13.722885+00:00,185804ff5ba81d1b76a30f51bcaa1d96,2026-06-03T02:10:00Z,fanduel,FanDuel,player_points,Under,Erica Wheeler,11.5,-114,2026-06-02T13:01:35Z,Los Angeles Sparks,Las Vegas Aces
2026-06-02T13:03:13.722885+00:00,185804ff5ba81d1b76a30f51bcaa1d96,2026-06-03T02:10:00Z,fanduel,FanDuel,player_points,Over,Dearica Hamby,16.5,-120,2026-06-02T13:01:35Z,Los Angeles Sparks,Las Vegas Aces
2026-06-02T13:03:13.722885+00:00,185804ff5ba81d1b76a30f51bcaa1d96,2026-06-03T02:10:00Z,fanduel,FanDuel,player_points,Under,Dearica Hamby,16.5,-108,2026-06-02T13:01:35Z,Los Angeles Sparks,Las Vegas Aces
2026-06-02T13:03:13.722885+00:00,185804ff5ba81d1b76a30f51bcaa1d96,2026-06-03T02:10:00Z,fanduel,FanDuel,player_points,Over,Ariel Atkins,11.5,-118,2026-06-02T13:01:35Z,Los Angeles Sparks,Las Vegas Aces
2026-06-02T13:03:13.722885+00:00,185804ff5ba81d1b76a30f51bcaa1d96,2026-06-03T02:10:00Z,fanduel,FanDuel,player_points,Under,Ariel Atkins,11.5,-110,2026-06-02T13:01:35Z,Los Angeles Sparks,Las Vegas Aces
2026-06-02T13:03:13.722885+00:00,185804ff5ba81d1b76a30f51bcaa1d96,2026-06-03T02:10:00Z,fanduel,FanDuel,player_points,Over,Rae Burrell,9.5,-102,2026-06-02T13:01:35Z,Los Angeles Sparks,Las Vegas Aces
2026-06-02T13:03:13.722885+00:00,185804ff5ba81d1b76a30f51bcaa1d96,2026-06-03T02:10:00Z,fanduel,FanDuel,player_points,Under,Rae Burrell,9.5,-128,2026-06-02T13:01:35Z,Los Angeles Sparks,Las Vegas Aces
2026-06-02T13:03:13.722885+00:00,185804ff5ba81d1b76a30f51bcaa1d96,2026-06-03T02:10:00Z,fanduel,FanDuel,player_points,Over,Nneka Ogwumike,16.5,-113,2026-06-02T13:01:35Z,Los Angeles Sparks,Las Vegas Aces
2026-06-02T13:03:13.722885+00:00,185804ff5ba81d1b76a30f51bcaa1d96,2026-06-03T02:10:00Z,fanduel,FanDuel,player_points,Under,Nneka Ogwumike,16.5,-115,2026-06-02T13:01:35Z,Los Angeles Sparks,Las Vegas Aces
2026-06-02T13:03:13.722885+00:00,185804ff5ba81d1b76a30f51bcaa1d96,2026-06-03T02:10:00Z,fanduel,FanDuel,player_points,Over,Chelsea Gray,10.5,-104,2026-06-02T13:01:35Z,Los Angeles Sparks,Las Vegas Aces
2026-06-02T13:03:13.722885+00:00,185804ff5ba81d1b76a30f51bcaa1d96,2026-06-03T02:10:00Z,fanduel,FanDuel,player_points,Under,Chelsea Gray,10.5,-125,2026-06-02T13:01:35Z,Los Angeles Sparks,Las Vegas Aces
2026-06-02T13:03:13.722885+00:00,185804ff5ba81d1b76a30f51bcaa1d96,2026-06-03T02:10:00Z,fanduel,FanDuel,player_points,Over,Chennedy Carter,15.5,-114,2026-06-02T13:01:35Z,Los Angeles Sparks,Las Vegas Aces
2026-06-02T13:03:13.722885+00:00,185804ff5ba81d1b76a30f51bcaa1d96,2026-06-03T02:10:00Z,fanduel,FanDuel,player_points,Under,Chennedy Carter,15.5,-114,2026-06-02T13:01:35Z,Los Angeles Sparks,Las Vegas Aces
2026-06-02T13:03:13.722885+00:00,185804ff5ba81d1b76a30f51bcaa1d96,2026-06-03T02:10:00Z,fanduel,FanDuel,player_points,Over,Jackie Young,16.5,-128,2026-06-02T13:01:35Z,Los Angeles Sparks,Las Vegas Aces
2026-06-02T13:03:13.722885+00:00,185804ff5ba81d1b76a30f51bcaa1d96,2026-06-03T02:10:00Z,fanduel,FanDuel,player_points,Under,Jackie Young,16.5,-102,2026-06-02T13:01:35Z,Los Angeles Sparks,Las Vegas Aces
2026-06-02T13:03:13.722885+00:00,185804ff5ba81d1b76a30f51bcaa1d96,2026-06-03T02:10:00Z,fanduel,FanDuel,player_points,Over,A'ja Wilson,25.5,-110,2026-06-02T13:01:35Z,Los Angeles Sparks,Las Vegas Aces
2026-06-02T13:03:13.722885+00:00,185804ff5ba81d1b76a30f51bcaa1d96,2026-06-03T02:10:00Z,fanduel,FanDuel,player_points,Under,A'ja Wilson,25.5,-118,2026-06-02T13:01:35Z,Los Angeles Sparks,Las Vegas Aces
2026-06-02T13:03:13.722885+00:00,185804ff5ba81d1b76a30f51bcaa1d96,2026-06-03T02:10:00Z,fanduel,FanDuel,player_points,Over,Cameron Brink,8.5,-130,2026-06-02T13:01:35Z,Los Angeles Sparks,Las Vegas Aces
2026-06-02T13:03:13.722885+00:00,185804ff5ba81d1b76a30f51bcaa1d96,2026-06-03T02:10:00Z,fanduel,FanDuel,player_points,Under,Cameron Brink,8.5,100,2026-06-02T13:01:35Z,Los Angeles Sparks,Las Vegas Aces
2026-06-02T13:03:13.722885+00:00,185804ff5ba81d1b76a30f51bcaa1d96,2026-06-03T02:10:00Z,fanduel,FanDuel,player_points,Over,NaLyssa Smith,9.5,-102,2026-06-02T13:01:35Z,Los Angeles Sparks,Las Vegas Aces
2026-06-02T13:03:13.722885+00:00,185804ff5ba81d1b76a30f51bcaa1d96,2026-06-03T02:10:00Z,fanduel,FanDuel,player_points,Under,NaLyssa Smith,9.5,-128,2026-06-02T13:01:35Z,Los Angeles Sparks,Las Vegas Aces
2026-06-02T13:03:13.722885+00:00,185804ff5ba81d1b76a30f51bcaa1d96,2026-06-03T02:10:00Z,fanduel,FanDuel,player_points_assists,Over,Erica Wheeler,18.5,-102,2026-06-02T13:01:35Z,Los Angeles Sparks,Las Vegas Aces
2026-06-02T13:03:13.722885+00:00,185804ff5ba81d1b76a30f51bcaa1d96,2026-06-03T02:10:00Z,fanduel,FanDuel,player_points_assists,Under,Erica Wheeler,18.5,-130,2026-06-02T13:01:35Z,Los Angeles Sparks,Las Vegas Aces
2026-06-02T13:03:13.722885+00:00,185804ff5ba81d1b76a30f51bcaa1d96,2026-06-03T02:10:00Z,fanduel,FanDuel,player_points_assists,Over,Jackie Young,22.5,-122,2026-06-02T13:01:35Z,Los Angeles Sparks,Las Vegas Aces
2026-06-02T13:03:13.722885+00:00,185804ff5ba81d1b76a30f51bcaa1d96,2026-06-03T02:10:00Z,fanduel,FanDuel,player_points_assists,Under,Jackie Young,22.5,-108,2026-06-02T13:01:35Z,Los Angeles Sparks,Las Vegas Aces
2026-06-02T13:03:13.722885+00:00,185804ff5ba81d1b76a30f51bcaa1d96,2026-06-03T02:10:00Z,fanduel,FanDuel,player_points_assists,Over,Ariel Atkins,14.5,-108,2026-06-02T13:01:35Z,Los Angeles Sparks,Las Vegas Aces
2026-06-02T13:03:13.722885+00:00,185804ff5ba81d1b76a30f51bcaa1d96,2026-06-03T02:10:00Z,fanduel,FanDuel,player_points_assists,Under,Ariel Atkins,14.5,-122,2026-06-02T13:01:35Z,Los Angeles Sparks,Las Vegas Aces
2026-06-02T13:03:13.722885+00:00,185804ff5ba81d1b76a30f51bcaa1d96,2026-06-03T02:10:00Z,fanduel,FanDuel,player_points_assists,Over,Chelsea Gray,16.5,-114,2026-06-02T13:01:35Z,Los Angeles Sparks,Las Vegas Aces
2026-06-02T13:03:13.722885+00:00,185804ff5ba81d1b76a30f51bcaa1d96,2026-06-03T02:10:00Z,fanduel,FanDuel,player_points_assists,Under,Chelsea Gray,16.5,-118,2026-06-02T13:01:35Z,Los Angeles Sparks,Las Vegas Aces
2026-06-02T13:03:13.722885+00:00,185804ff5ba81d1b76a30f51bcaa1d96,2026-06-03T02:10:00Z,fanduel,FanDuel,player_points_assists,Over,A'ja Wilson,28.5,-118,2026-06-02T13:01:35Z,Los Angeles Sparks,Las Vegas Aces
2026-06-02T13:03:13.722885+00:00,185804ff5ba81d1b76a30f51bcaa1d96,2026-06-03T02:10:00Z,fanduel,FanDuel,player_points_assists,Under,A'ja Wilson,28.5,-112,2026-06-02T13:01:35Z,Los Angeles Sparks,Las Vegas Aces
2026-06-02T13:03:13.722885+00:00,185804ff5ba81d1b76a30f51bcaa1d96,2026-06-03T02:10:00Z,fanduel,FanDuel,player_points_assists,Over,Dearica Hamby,20.5,-118,2026-06-02T13:01:35Z,Los Angeles Sparks,Las Vegas Aces
2026-06-02T13:03:13.722885+00:00,185804ff5ba81d1b76a30f51bcaa1d96,2026-06-03T02:10:00Z,fanduel,FanDuel,player_points_assists,Under,Dearica Hamby,20.5,-112,2026-06-02T13:01:35Z,Los Angeles Sparks,Las Vegas Aces
2026-06-02T13:03:13.722885+00:00,185804ff5ba81d1b76a30f51bcaa1d96,2026-06-03T02:10:00Z,fanduel,FanDuel,player_points_assists,Over,Nneka Ogwumike,18.5,-118,2026-06-02T13:01:35Z,Los Angeles Sparks,Las Vegas Aces
2026-06-02T13:03:13.722885+00:00,185804ff5ba81d1b76a30f51bcaa1d96,2026-06-03T02:10:00Z,fanduel,FanDuel,player_points_assists,Under,Nneka Ogwumike,18.5,-114,2026-06-02T13:01:35Z,Los Angeles Sparks,Las Vegas Aces
2026-06-02T13:03:13.722885+00:00,185804ff5ba81d1b76a30f51bcaa1d96,2026-06-03T02:10:00Z,fanduel,FanDuel,player_points_rebounds,Over,Cameron Brink,13.5,-114,2026-06-02T13:01:35Z,Los Angeles Sparks,Las Vegas Aces
2026-06-02T13:03:13.722885+00:00,185804ff5ba81d1b76a30f51bcaa1d96,2026-06-03T02:10:00Z,fanduel,FanDuel,player_points_rebounds,Under,Cameron Brink,13.5,-114,2026-06-02T13:01:35Z,Los Angeles Sparks,Las Vegas Aces
2026-06-02T13:03:13.722885+00:00,185804ff5ba81d1b76a30f51bcaa1d96,2026-06-03T02:10:00Z,fanduel,FanDuel,player_points_rebounds,Over,Jackie Young,21.5,-112,2026-06-02T13:01:35Z,Los Angeles Sparks,Las Vegas Aces
2026-06-02T13:03:13.722885+00:00,185804ff5ba81d1b76a30f51bcaa1d96,2026-06-03T02:10:00Z,fanduel,FanDuel,player_points_rebounds,Under,Jackie Young,21.5,-118,2026-06-02T13:01:35Z,Los Angeles Sparks,Las Vegas Aces
2026-06-02T13:03:13.722885+00:00,185804ff5ba81d1b76a30f51bcaa1d96,2026-06-03T02:10:00Z,fanduel,FanDuel,player_points_rebounds,Over,Dearica Hamby,24.5,-114,2026-06-02T13:01:35Z,Los Angeles Sparks,Las Vegas Aces
2026-06-02T13:03:13.722885+00:00,185804ff5ba81d1b76a30f51bcaa1d96,2026-06-03T02:10:00Z,fanduel,FanDuel,player_points_rebounds,Under,Dearica Hamby,24.5,-114,2026-06-02T13:01:35Z,Los Angeles Sparks,Las Vegas Aces
2026-06-02T13:03:13.722885+00:00,185804ff5ba81d1b76a30f51bcaa1d96,2026-06-03T02:10:00Z,fanduel,FanDuel,player_points_rebounds,Over,Ariel Atkins,14.5,-120,2026-06-02T13:01:35Z,Los Angeles Sparks,Las Vegas Aces
2026-06-02T13:03:13.722885+00:00,185804ff5ba81d1b76a30f51bcaa1d96,2026-06-03T02:10:00Z,fanduel,FanDuel,player_points_rebounds,Under,Ariel Atkins,14.5,-110,2026-06-02T13:01:35Z,Los Angeles Sparks,Las Vegas Aces
2026-06-02T13:03:13.722885+00:00,185804ff5ba81d1b76a30f51bcaa1d96,2026-06-03T02:10:00Z,fanduel,FanDuel,player_points_rebounds,Over,Chelsea Gray,13.5,-118,2026-06-02T13:01:35Z,Los Angeles Sparks,Las Vegas Aces
2026-06-02T13:03:13.722885+00:00,185804ff5ba81d1b76a30f51bcaa1d96,2026-06-03T02:10:00Z,fanduel,FanDuel,player_points_rebounds,Under,Chelsea Gray,13.5,-112,2026-06-02T13:01:35Z,Los Angeles Sparks,Las Vegas Aces
2026-06-02T13:03:13.722885+00:00,185804ff5ba81d1b76a30f51bcaa1d96,2026-06-03T02:10:00Z,fanduel,FanDuel,player_points_rebounds,Over,Nneka Ogwumike,23.5,-122,2026-06-02T13:01:35Z,Los Angeles Sparks,Las Vegas Aces
2026-06-02T13:03:13.722885+00:00,185804ff5ba81d1b76a30f51bcaa1d96,2026-06-03T02:10:00Z,fanduel,FanDuel,player_points_rebounds,Under,Nneka Ogwumike,23.5,-108,2026-06-02T13:01:35Z,Los Angeles Sparks,Las Vegas Aces
2026-06-02T13:03:13.722885+00:00,185804ff5ba81d1b76a30f51bcaa1d96,2026-06-03T02:10:00Z,fanduel,FanDuel,player_points_rebounds,Over,Rae Burrell,12.5,-102,2026-06-02T13:01:35Z,Los Angeles Sparks,Las Vegas Aces
2026-06-02T13:03:13.722885+00:00,185804ff5ba81d1b76a30f51bcaa1d96,2026-06-03T02:10:00Z,fanduel,FanDuel,player_points_rebounds,Under,Rae Burrell,12.5,-130,2026-06-02T13:01:35Z,Los Angeles Sparks,Las Vegas Aces
2026-06-02T13:03:13.722885+00:00,185804ff5ba81d1b76a30f51bcaa1d96,2026-06-03T02:10:00Z,fanduel,FanDuel,player_points_rebounds,Over,A'ja Wilson,34.5,-118,2026-06-02T13:01:35Z,Los Angeles Sparks,Las Vegas Aces
2026-06-02T13:03:13.722885+00:00,185804ff5ba81d1b76a30f51bcaa1d96,2026-06-03T02:10:00Z,fanduel,FanDuel,player_points_rebounds,Under,A'ja Wilson,34.5,-112,2026-06-02T13:01:35Z,Los Angeles Sparks,Las Vegas Aces
2026-06-02T13:03:13.722885+00:00,185804ff5ba81d1b76a30f51bcaa1d96,2026-06-03T02:10:00Z,fanduel,FanDuel,player_points_rebounds_assists,Over,A'ja Wilson,37.5,-125,2026-06-02T13:01:35Z,Los Angeles Sparks,Las Vegas Aces
2026-06-02T13:03:13.722885+00:00,185804ff5ba81d1b76a30f51bcaa1d96,2026-06-03T02:10:00Z,fanduel,FanDuel,player_points_rebounds_assists,Under,A'ja Wilson,37.5,-106,2026-06-02T13:01:35Z,Los Angeles Sparks,Las Vegas Aces
2026-06-02T13:03:13.722885+00:00,185804ff5ba81d1b76a30f51bcaa1d96,2026-06-03T02:10:00Z,fanduel,FanDuel,player_points_rebounds_assists,Over,Ariel Atkins,17.5,-112,2026-06-02T13:01:35Z,Los Angeles Sparks,Las Vegas Aces
2026-06-02T13:03:13.722885+00:00,185804ff5ba81d1b76a30f51bcaa1d96,2026-06-03T02:10:00Z,fanduel,FanDuel,player_points_rebounds_assists,Under,Ariel Atkins,17.5,-118,2026-06-02T13:01:35Z,Los Angeles Sparks,Las Vegas Aces
2026-06-02T13:03:13.722885+00:00,185804ff5ba81d1b76a30f51bcaa1d96,2026-06-03T02:10:00Z,fanduel,FanDuel,player_points_rebounds_assists,Over,Dearica Hamby,28.5,-110,2026-06-02T13:01:35Z,Los Angeles Sparks,Las Vegas Aces
2026-06-02T13:03:13.722885+00:00,185804ff5ba81d1b76a30f51bcaa1d96,2026-06-03T02:10:00Z,fanduel,FanDuel,player_points_rebounds_assists,Under,Dearica Hamby,28.5,-122,2026-06-02T13:01:35Z,Los Angeles Sparks,Las Vegas Aces
2026-06-02T13:03:13.722885+00:00,185804ff5ba81d1b76a30f51bcaa1d96,2026-06-03T02:10:00Z,fanduel,FanDuel,player_points_rebounds_assists,Over,Nneka Ogwumike,25.5,-130,2026-06-02T13:01:35Z,Los Angeles Sparks,Las Vegas Aces
2026-06-02T13:03:13.722885+00:00,185804ff5ba81d1b76a30f51bcaa1d96,2026-06-03T02:10:00Z,fanduel,FanDuel,player_points_rebounds_assists,Under,Nneka Ogwumike,25.5,-102,2026-06-02T13:01:35Z,Los Angeles Sparks,Las Vegas Aces
2026-06-02T13:03:13.722885+00:00,185804ff5ba81d1b76a30f51bcaa1d96,2026-06-03T02:10:00Z,fanduel,FanDuel,player_points_rebounds_assists,Over,Chelsea Gray,19.5,-128,2026-06-02T13:01:35Z,Los Angeles Sparks,Las Vegas Aces
2026-06-02T13:03:13.722885+00:00,185804ff5ba81d1b76a30f51bcaa1d96,2026-06-03T02:10:00Z,fanduel,FanDuel,player_points_rebounds_assists,Under,Chelsea Gray,19.5,-104,2026-06-02T13:01:35Z,Los Angeles Sparks,Las Vegas Aces
2026-06-02T13:03:13.722885+00:00,185804ff5ba81d1b76a30f51bcaa1d96,2026-06-03T02:10:00Z,fanduel,FanDuel,player_points_rebounds_assists,Over,Jackie Young,27.5,-108,2026-06-02T13:01:35Z,Los Angeles Sparks,Las Vegas Aces
2026-06-02T13:03:13.722885+00:00,185804ff5ba81d1b76a30f51bcaa1d96,2026-06-03T02:10:00Z,fanduel,FanDuel,player_points_rebounds_assists,Under,Jackie Young,27.5,-122,2026-06-02T13:01:35Z,Los Angeles Sparks,Las Vegas Aces
2026-06-02T13:03:13.722885+00:00,185804ff5ba81d1b76a30f51bcaa1d96,2026-06-03T02:10:00Z,fanduel,FanDuel,player_rebounds,Over,Jackie Young,4.5,110,2026-06-02T13:01:35Z,Los Angeles Sparks,Las Vegas Aces
2026-06-02T13:03:13.722885+00:00,185804ff5ba81d1b76a30f51bcaa1d96,2026-06-03T02:10:00Z,fanduel,FanDuel,player_rebounds,Under,Jackie Young,4.5,-146,2026-06-02T13:01:35Z,Los Angeles Sparks,Las Vegas Aces
2026-06-02T13:03:13.722885+00:00,185804ff5ba81d1b76a30f51bcaa1d96,2026-06-03T02:10:00Z,fanduel,FanDuel,player_rebounds,Over,Chelsea Gray,3.5,118,2026-06-02T13:01:35Z,Los Angeles Sparks,Las Vegas Aces
2026-06-02T13:03:13.722885+00:00,185804ff5ba81d1b76a30f51bcaa1d96,2026-06-03T02:10:00Z,fanduel,FanDuel,player_rebounds,Under,Chelsea Gray,3.5,-158,2026-06-02T13:01:35Z,Los Angeles Sparks,Las Vegas Aces
2026-06-02T13:03:13.722885+00:00,185804ff5ba81d1b76a30f51bcaa1d96,2026-06-03T02:10:00Z,fanduel,FanDuel,player_rebounds,Over,Ariel Atkins,2.5,-174,2026-06-02T13:01:35Z,Los Angeles Sparks,Las Vegas Aces
2026-06-02T13:03:13.722885+00:00,185804ff5ba81d1b76a30f51bcaa1d96,2026-06-03T02:10:00Z,fanduel,FanDuel,player_rebounds,Under,Ariel Atkins,2.5,130,2026-06-02T13:01:35Z,Los Angeles Sparks,Las Vegas Aces
2026-06-02T13:03:13.722885+00:00,185804ff5ba81d1b76a30f51bcaa1d96,2026-06-03T02:10:00Z,fanduel,FanDuel,player_rebounds,Over,Dearica Hamby,7.5,-108,2026-06-02T13:01:35Z,Los Angeles Sparks,Las Vegas Aces
2026-06-02T13:03:13.722885+00:00,185804ff5ba81d1b76a30f51bcaa1d96,2026-06-03T02:10:00Z,fanduel,FanDuel,player_rebounds,Under,Dearica Hamby,7.5,-122,2026-06-02T13:01:35Z,Los Angeles Sparks,Las Vegas Aces
2026-06-02T13:03:13.722885+00:00,185804ff5ba81d1b76a30f51bcaa1d96,2026-06-03T02:10:00Z,fanduel,FanDuel,player_rebounds,Over,Rae Burrell,2.5,-148,2026-06-02T13:01:35Z,Los Angeles Sparks,Las Vegas Aces
2026-06-02T13:03:13.722885+00:00,185804ff5ba81d1b76a30f51bcaa1d96,2026-06-03T02:10:00Z,fanduel,FanDuel,player_rebounds,Under,Rae Burrell,2.5,112,2026-06-02T13:01:35Z,Los Angeles Sparks,Las Vegas Aces
2026-06-02T13:03:13.722885+00:00,185804ff5ba81d1b76a30f51bcaa1d96,2026-06-03T02:10:00Z,fanduel,FanDuel,player_rebounds,Over,A'ja Wilson,9.5,104,2026-06-02T13:01:35Z,Los Angeles Sparks,Las Vegas Aces
2026-06-02T13:03:13.722885+00:00,185804ff5ba81d1b76a30f51bcaa1d96,2026-06-03T02:10:00Z,fanduel,FanDuel,player_rebounds,Under,A'ja Wilson,9.5,-138,2026-06-02T13:01:35Z,Los Angeles Sparks,Las Vegas Aces
2026-06-02T13:03:13.722885+00:00,185804ff5ba81d1b76a30f51bcaa1d96,2026-06-03T02:10:00Z,fanduel,FanDuel,player_rebounds,Over,Nneka Ogwumike,6.5,-154,2026-06-02T13:01:35Z,Los Angeles Sparks,Las Vegas Aces
2026-06-02T13:03:13.722885+00:00,185804ff5ba81d1b76a30f51bcaa1d96,2026-06-03T02:10:00Z,fanduel,FanDuel,player_rebounds,Under,Nneka Ogwumike,6.5,116,2026-06-02T13:01:35Z,Los Angeles Sparks,Las Vegas Aces
2026-06-02T13:03:13.722885+00:00,185804ff5ba81d1b76a30f51bcaa1d96,2026-06-03T02:10:00Z,fanduel,FanDuel,player_rebounds,Over,Cameron Brink,4.5,108,2026-06-02T13:01:35Z,Los Angeles Sparks,Las Vegas Aces
2026-06-02T13:03:13.722885+00:00,185804ff5ba81d1b76a30f51bcaa1d96,2026-06-03T02:10:00Z,fanduel,FanDuel,player_rebounds,Under,Cameron Brink,4.5,-144,2026-06-02T13:01:35Z,Los Angeles Sparks,Las Vegas Aces
2026-06-02T13:03:13.722885+00:00,185804ff5ba81d1b76a30f51bcaa1d96,2026-06-03T02:10:00Z,fanduel,FanDuel,player_rebounds,Over,NaLyssa Smith,7.5,100,2026-06-02T13:01:35Z,Los Angeles Sparks,Las Vegas Aces
2026-06-02T13:03:13.722885+00:00,185804ff5ba81d1b76a30f51bcaa1d96,2026-06-03T02:10:00Z,fanduel,FanDuel,player_rebounds,Under,NaLyssa Smith,7.5,-132,2026-06-02T13:01:35Z,Los Angeles Sparks,Las Vegas Aces
2026-06-02T13:03:13.722885+00:00,185804ff5ba81d1b76a30f51bcaa1d96,2026-06-03T02:10:00Z,fanduel,FanDuel,player_rebounds_assists,Over,Jackie Young,9.5,-152,2026-06-02T13:01:35Z,Los Angeles Sparks,Las Vegas Aces
2026-06-02T13:03:13.722885+00:00,185804ff5ba81d1b76a30f51bcaa1d96,2026-06-03T02:10:00Z,fanduel,FanDuel,player_rebounds_assists,Under,Jackie Young,9.5,114,2026-06-02T13:01:35Z,Los Angeles Sparks,Las Vegas Aces
2026-06-02T13:03:13.722885+00:00,185804ff5ba81d1b76a30f51bcaa1d96,2026-06-03T02:10:00Z,fanduel,FanDuel,player_rebounds_assists,Over,Dearica Hamby,11.5,100,2026-06-02T13:01:35Z,Los Angeles Sparks,Las Vegas Aces
2026-06-02T13:03:13.722885+00:00,185804ff5ba81d1b76a30f51bcaa1d96,2026-06-03T02:10:00Z,fanduel,FanDuel,player_rebounds_assists,Under,Dearica Hamby,11.5,-132,2026-06-02T13:01:35Z,Los Angeles Sparks,Las Vegas Aces
2026-06-02T13:03:13.722885+00:00,185804ff5ba81d1b76a30f51bcaa1d96,2026-06-03T02:10:00Z,fanduel,FanDuel,player_rebounds_assists,Over,Ariel Atkins,5.5,-118,2026-06-02T13:01:35Z,Los Angeles Sparks,Las Vegas Aces
2026-06-02T13:03:13.722885+00:00,185804ff5ba81d1b76a30f51bcaa1d96,2026-06-03T02:10:00Z,fanduel,FanDuel,player_rebounds_assists,Under,Ariel Atkins,5.5,-112,2026-06-02T13:01:35Z,Los Angeles Sparks,Las Vegas Aces
2026-06-02T13:03:13.722885+00:00,185804ff5ba81d1b76a30f51bcaa1d96,2026-06-03T02:10:00Z,fanduel,FanDuel,player_rebounds_assists,Over,A'ja Wilson,12.5,-104,2026-06-02T13:01:35Z,Los Angeles Sparks,Las Vegas Aces
2026-06-02T13:03:13.722885+00:00,185804ff5ba81d1b76a30f51bcaa1d96,2026-06-03T02:10:00Z,fanduel,FanDuel,player_rebounds_assists,Under,A'ja Wilson,12.5,-128,2026-06-02T13:01:35Z,Los Angeles Sparks,Las Vegas Aces
2026-06-02T13:03:13.722885+00:00,185804ff5ba81d1b76a30f51bcaa1d96,2026-06-03T02:10:00Z,fanduel,FanDuel,player_rebounds_assists,Over,Nneka Ogwumike,9.5,104,2026-06-02T13:01:35Z,Los Angeles Sparks,Las Vegas Aces
2026-06-02T13:03:13.722885+00:00,185804ff5ba81d1b76a30f51bcaa1d96,2026-06-03T02:10:00Z,fanduel,FanDuel,player_rebounds_assists,Under,Nneka Ogwumike,9.5,-138,2026-06-02T13:01:35Z,Los Angeles Sparks,Las Vegas Aces
2026-06-02T13:03:13.722885+00:00,185804ff5ba81d1b76a30f51bcaa1d96,2026-06-03T02:10:00Z,fanduel,FanDuel,player_rebounds_assists,Over,Chelsea Gray,9.5,100,2026-06-02T13:01:35Z,Los Angeles Sparks,Las Vegas Aces
2026-06-02T13:03:13.722885+00:00,185804ff5ba81d1b76a30f51bcaa1d96,2026-06-03T02:10:00Z,fanduel,FanDuel,player_rebounds_assists,Under,Chelsea Gray,9.5,-132,2026-06-02T13:01:35Z,Los Angeles Sparks,Las Vegas Aces
2026-06-02T13:03:13.722885+00:00,185804ff5ba81d1b76a30f51bcaa1d96,2026-06-03T02:10:00Z,fanduel,FanDuel,player_threes,Over,Erica Wheeler,1.5,138,2026-06-02T13:01:35Z,Los Angeles Sparks,Las Vegas Aces
2026-06-02T13:03:13.722885+00:00,185804ff5ba81d1b76a30f51bcaa1d96,2026-06-03T02:10:00Z,fanduel,FanDuel,player_threes,Under,Erica Wheeler,1.5,-186,2026-06-02T13:01:35Z,Los Angeles Sparks,Las Vegas Aces
2026-06-02T13:03:13.722885+00:00,185804ff5ba81d1b76a30f51bcaa1d96,2026-06-03T02:10:00Z,fanduel,FanDuel,player_threes,Over,Ariel Atkins,1.5,124,2026-06-02T13:01:35Z,Los Angeles Sparks,Las Vegas Aces
2026-06-02T13:03:13.722885+00:00,185804ff5ba81d1b76a30f51bcaa1d96,2026-06-03T02:10:00Z,fanduel,FanDuel,player_threes,Under,Ariel Atkins,1.5,-166,2026-06-02T13:01:35Z,Los Angeles Sparks,Las Vegas Aces
2026-06-02T13:03:13.722885+00:00,185804ff5ba81d1b76a30f51bcaa1d96,2026-06-03T02:10:00Z,fanduel,FanDuel,player_threes,Over,Jackie Young,1.5,-154,2026-06-02T13:01:35Z,Los Angeles Sparks,Las Vegas Aces
2026-06-02T13:03:13.722885+00:00,185804ff5ba81d1b76a30f51bcaa1d96,2026-06-03T02:10:00Z,fanduel,FanDuel,player_threes,Under,Jackie Young,1.5,116,2026-06-02T13:01:35Z,Los Angeles Sparks,Las Vegas Aces
2026-06-02T13:03:13.722885+00:00,185804ff5ba81d1b76a30f51bcaa1d96,2026-06-03T02:10:00Z,fanduel,FanDuel,player_threes,Over,Chelsea Gray,1.5,-114,2026-06-02T13:01:35Z,Los Angeles Sparks,Las Vegas Aces
2026-06-02T13:03:13.722885+00:00,185804ff5ba81d1b76a30f51bcaa1d96,2026-06-03T02:10:00Z,fanduel,FanDuel,player_threes,Under,Chelsea Gray,1.5,-114,2026-06-02T13:01:35Z,Los Angeles Sparks,Las Vegas Aces
2026-06-02T13:03:13.722885+00:00,185804ff5ba81d1b76a30f51bcaa1d96,2026-06-03T02:10:00Z,fanatics,Fanatics,player_double_double,Yes,Dearica Hamby,,310,2026-06-02T13:03:12Z,Los Angeles Sparks,Las Vegas Aces
2026-06-02T13:03:13.722885+00:00,185804ff5ba81d1b76a30f51bcaa1d96,2026-06-03T02:10:00Z,fanatics,Fanatics,player_double_double,Yes,Nneka Ogwumike,,425,2026-06-02T13:03:12Z,Los Angeles Sparks,Las Vegas Aces
2026-06-02T13:03:13.722885+00:00,185804ff5ba81d1b76a30f51bcaa1d96,2026-06-03T02:10:00Z,fanatics,Fanatics,player_double_double,Yes,A'ja Wilson,,110,2026-06-02T13:03:12Z,Los Angeles Sparks,Las Vegas Aces
2026-06-02T13:03:13.722885+00:00,185804ff5ba81d1b76a30f51bcaa1d96,2026-06-03T02:10:00Z,fanatics,Fanatics,player_double_double,Yes,Jackie Young,,800,2026-06-02T13:03:12Z,Los Angeles Sparks,Las Vegas Aces
2026-06-02T13:03:13.722885+00:00,185804ff5ba81d1b76a30f51bcaa1d96,2026-06-03T02:10:00Z,fanatics,Fanatics,player_double_double,Yes,Chelsea Gray,,900,2026-06-02T13:03:12Z,Los Angeles Sparks,Las Vegas Aces
