player_id,player_name,team,asof_date,is_home,days_rest,games_last7,games_last14,season_game_number,lag1_pts,lag1_reb,lag1_ast,lag1_threes,lag1_fg3a,lag1_stl,lag1_blk,lag1_tov,lag1_fgm,lag1_fga,lag1_fg_pct,lag1_ftm,lag1_fta,lag1_ft_pct,lag1_oreb,lag1_dreb,lag1_pf,lag1_plus_minus,lag1_min,lag1_pts_per_min,lag1_reb_per_min,lag1_ast_per_min,lag1_fg3m_per_min,lag1_fg3a_per_min,lag1_fga_per_min,lag1_fta_per_min,lag1_tov_per_min,lag1_usage_per_min,b2b,roll3_min,roll3_min_std,roll3_pts,roll3_reb,roll3_ast,roll3_threes,roll3_fg3a,roll3_stl,roll3_blk,roll3_tov,roll3_fgm,roll3_fga,roll3_fg_pct,roll3_ftm,roll3_fta,roll3_ft_pct,roll3_oreb,roll3_dreb,roll3_pf,roll3_plus_minus,roll3_pts_per_min,roll3_pts_per_min_std,roll3_reb_per_min,roll3_reb_per_min_std,roll3_ast_per_min,roll3_ast_per_min_std,roll3_fg3m_per_min,roll3_fg3m_per_min_std,roll3_fg3a_per_min,roll3_fg3a_per_min_std,roll3_fga_per_min,roll3_fga_per_min_std,roll3_fta_per_min,roll3_fta_per_min_std,roll3_tov_per_min,roll3_tov_per_min_std,roll3_usage_per_min,roll3_usage_per_min_std,roll5_min,roll5_min_std,roll5_pts,roll5_reb,roll5_ast,roll5_threes,roll5_fg3a,roll5_stl,roll5_blk,roll5_tov,roll5_fgm,roll5_fga,roll5_fg_pct,roll5_ftm,roll5_fta,roll5_ft_pct,roll5_oreb,roll5_dreb,roll5_pf,roll5_plus_minus,roll5_pts_per_min,roll5_pts_per_min_std,roll5_reb_per_min,roll5_reb_per_min_std,roll5_ast_per_min,roll5_ast_per_min_std,roll5_fg3m_per_min,roll5_fg3m_per_min_std,roll5_fg3a_per_min,roll5_fg3a_per_min_std,roll5_fga_per_min,roll5_fga_per_min_std,roll5_fta_per_min,roll5_fta_per_min_std,roll5_tov_per_min,roll5_tov_per_min_std,roll5_usage_per_min,roll5_usage_per_min_std,roll10_min,roll10_min_std,roll10_pts,roll10_reb,roll10_ast,roll10_threes,roll10_fg3a,roll10_stl,roll10_blk,roll10_tov,roll10_fgm,roll10_fga,roll10_fg_pct,roll10_ftm,roll10_fta,roll10_ft_pct,roll10_oreb,roll10_dreb,roll10_pf,roll10_plus_minus,roll10_pts_per_min,roll10_pts_per_min_std,roll10_reb_per_min,roll10_reb_per_min_std,roll10_ast_per_min,roll10_ast_per_min_std,roll10_fg3m_per_min,roll10_fg3m_per_min_std,roll10_fg3a_per_min,roll10_fg3a_per_min_std,roll10_fga_per_min,roll10_fga_per_min_std,roll10_fta_per_min,roll10_fta_per_min_std,roll10_tov_per_min,roll10_tov_per_min_std,roll10_usage_per_min,roll10_usage_per_min_std,pred_min,pred_pts,pred_reb,pred_ast,pred_threes,pred_stl,pred_blk,pred_tov,pred_pra,pred_pr,pred_pa,pred_ra,pred_stocks,mean_pts,mean_reb,mean_ast,mean_threes,mean_pra,mean_stl,mean_blk,mean_tov
3058895,Brionna Jones,ATL,2026-05-25,0.0,1.0,6.0,6.0,10.0,0,0,0,0,0,0,0,0,0,0,,0,0,,0,0,0,0,0.0,,,,,,,,,,0.0,0.0,0.0,0.0,0.0,0.0,0.0,0.0,0.0,0.0,0.0,0.0,0.0,,0.0,0.0,,0.0,0.0,0.0,0.0,,,,,,,,,,,,,,,,,,,0.0,0.0,0.0,0.0,0.0,0.0,0.0,0.0,0.0,0.0,0.0,0.0,,0.0,0.0,,0.0,0.0,0.0,0.0,,,,,,,,,,,,,,,,,,,0.0,0.0,0.0,0.0,0.0,0.0,0.0,0.0,0.0,0.0,0.0,0.0,,0.0,0.0,,0.0,0.0,0.0,0.0,,,,,,,,,,,,,,,,,,,8.0,0.0,0.0,0.0,0.0,0.176,0.144,0.48,0.0,0.0,0.0,0.0,0.3199999999999999,0.0,0.0,0.0,0.0,0.0,0.176,0.144,0.48
3058901,Allisha Gray,ATL,2026-05-25,0.0,1.0,6.0,12.0,22.0,18,1,0,2,5,1,0,3,7,15,,2,3,,0,1,1,7,36.0,0.5,0.0277777777777777,0.0,0.0555555555555555,0.1388888888888889,0.4166666666666667,0.0833333333333333,0.0833333333333333,0.5366666666666666,0.0,36.0,0.0,18.0,1.0,0.0,2.0,5.0,1.0,0.0,3.0,7.0,15.0,,2.0,3.0,,0.0,1.0,1.0,7.0,0.5,0.0,0.0277777777777777,0.0,0.0,0.0,0.0555555555555555,0.0,0.1388888888888889,0.0,0.4166666666666667,0.0,0.0833333333333333,0.0,0.0833333333333333,0.0,0.5366666666666666,0.0,35.2,1.0954451150103206,17.2,2.2,0.4,1.2,4.2,1.0,0.4,2.2,7.0,14.6,,2.0,2.6,,0.4,1.8,1.0,9.0,0.488235294117647,0.0161094869854462,0.0637254901960784,0.0492234324555296,0.0117647058823529,0.016109486985446,0.0333333333333333,0.0304290309725092,0.1186274509803921,0.0277441164749351,0.4147058823529412,0.0026849144975857,0.0735294117647058,0.013424572487872,0.0617647058823529,0.0295340594733179,0.5088235294117647,0.0381257858655572,35.5,1.3540064007726285,20.3,4.6,0.6,1.3,4.8,0.6,0.7,1.8,7.5,16.1,,4.0,5.2,,0.6,4.0,2.0,6.9,0.5703497615262321,0.1134113944235911,0.128365129835718,0.0884457757217444,0.0169316375198728,0.014604918456381,0.0365394806571277,0.0364236397777278,0.1351483836777954,0.0510224722205489,0.4532988871224165,0.0584171850170401,0.1436009538950715,0.107496509486287,0.0500397456279809,0.0281942663528544,0.566523052464229,0.0886437240952979,35.333,20.55233448275862,4.023786206896551,0.7131896551724137,1.6067034482758622,0.8122528735632185,0.8122528735632185,2.030632183908046,25.289310344827584,24.57612068965517,21.265524137931035,4.736975862068965,1.624505747126437,20.55233448275862,4.023786206896551,0.7131896551724137,1.6067034482758622,25.289310344827584,0.8122528735632185,0.8122528735632185,2.030632183908046
3142250,Jordin Canada,ATL,2026-05-25,0.0,1.0,6.0,12.0,22.0,11,7,14,0,2,3,1,1,4,8,,3,5,,0,7,4,12,31.0,0.3548387096774194,0.2258064516129032,0.4516129032258064,0.0,0.064516129032258,0.2580645161290322,0.1612903225806451,0.032258064516129,0.3612903225806451,0.0,31.0,0.0,11.0,7.0,14.0,0.0,2.0,3.0,1.0,1.0,4.0,8.0,,3.0,5.0,,0.0,7.0,4.0,12.0,0.3548387096774194,0.0,0.2258064516129032,0.0,0.4516129032258064,0.0,0.0,0.0,0.064516129032258,0.0,0.2580645161290322,0.0,0.1612903225806451,0.0,0.032258064516129,0.0,0.3612903225806451,0.0,30.6,0.5477225575051625,10.2,6.2,10.8,0.4,2.0,2.2,0.6,1.0,4.0,8.4,,1.8,3.0,,0.4,5.8,3.2,12.4,0.3329032258064516,0.0300363983147996,0.2021505376344086,0.0323921942610582,0.3509677419354838,0.1378140628561386,0.0133333333333333,0.0182574185835055,0.0653763440860215,0.001177897973129,0.2748387096774193,0.022969010476023,0.0967741935483871,0.0883423479847042,0.0326881720430107,0.0005889489865681,0.3501075268817204,0.0153126736506811,31.3,1.2516655570345672,11.2,5.2,8.0,0.6,2.5,3.6,0.3,1.3,4.4,9.0,,1.8,2.4,,0.4,4.8,3.0,1.8,0.3577419354838709,0.0924495677271513,0.1675953079178885,0.0588775223684332,0.2570674486803519,0.1357739145884386,0.0196774193548387,0.0313166082057503,0.0801173020527859,0.051251387519047,0.2885337243401759,0.0728121143820243,0.0756598240469208,0.0711750605168127,0.0410850439882697,0.0134789530998688,0.3629090909090909,0.0550695384549955,30.738,11.82672105263158,5.456021052631579,9.040031578947367,0.7106710526315789,2.8311315789473683,0.2022236842105263,1.820013157894737,26.322773684210528,17.28274210526316,20.866752631578947,14.496052631578946,3.033355263157895,11.82672105263158,5.456021052631579,9.040031578947367,0.7106710526315789,26.322773684210528,2.8311315789473683,0.2022236842105263,1.820013157894737
3907713,Maite Cazorla,ATL,2026-05-25,0.0,22.0,0.0,0.0,4.0,5,4,4,0,1,2,0,2,1,2,,3,4,,1,3,5,1,22.0,0.2272727272727272,0.1818181818181818,0.1818181818181818,0.0,0.0454545454545454,0.0909090909090909,0.1818181818181818,0.0909090909090909,0.2618181818181818,0.0,22.0,0.0,5.0,4.0,4.0,0.0,1.0,2.0,0.0,2.0,1.0,2.0,,3.0,4.0,,1.0,3.0,5.0,1.0,0.2272727272727272,0.0,0.1818181818181818,0.0,0.1818181818181818,0.0,0.0,0.0,0.0454545454545454,0.0,0.0909090909090909,0.0,0.1818181818181818,0.0,0.0909090909090909,0.0,0.2618181818181818,0.0,22.0,0.0,5.0,4.0,4.0,0.0,1.0,2.0,0.0,2.0,1.0,2.0,,3.0,4.0,,1.0,3.0,5.0,1.0,0.2272727272727272,0.0,0.1818181818181818,0.0,0.1818181818181818,0.0,0.0,0.0,0.0454545454545454,0.0,0.0909090909090909,0.0,0.1818181818181818,0.0,0.0909090909090909,0.0,0.2618181818181818,0.0,22.0,0.0,5.0,4.0,4.0,0.0,1.0,2.0,0.0,2.0,1.0,2.0,,3.0,4.0,,1.0,3.0,5.0,1.0,0.2272727272727272,0.0,0.1818181818181818,0.0,0.1818181818181818,0.0,0.0,0.0,0.0454545454545454,0.0,0.0909090909090909,0.0,0.1818181818181818,0.0,0.0909090909090909,0.0,0.2618181818181818,0.0,22.0,5.0,4.0,4.0,0.0,0.484,0.3959999999999999,1.3199999999999998,13.0,9.0,9.0,8.0,0.8799999999999999,5.0,4.0,4.0,0.0,13.0,0.484,0.3959999999999999,1.3199999999999998
4065785,Stephanie Jones,ATL,2026-05-25,0.0,22.0,0.0,0.0,4.0,3,6,1,0,1,0,0,2,0,2,,3,4,,2,4,4,-12,20.0,0.15,0.3,0.05,0.0,0.05,0.1,0.2,0.1,0.288,0.0,20.0,0.0,3.0,6.0,1.0,0.0,1.0,0.0,0.0,2.0,0.0,2.0,,3.0,4.0,,2.0,4.0,4.0,-12.0,0.15,0.0,0.3,0.0,0.05,0.0,0.0,0.0,0.05,0.0,0.1,0.0,0.2,0.0,0.1,0.0,0.288,0.0,20.0,0.0,3.0,6.0,1.0,0.0,1.0,0.0,0.0,2.0,0.0,2.0,,3.0,4.0,,2.0,4.0,4.0,-12.0,0.15,0.0,0.3,0.0,0.05,0.0,0.0,0.0,0.05,0.0,0.1,0.0,0.2,0.0,0.1,0.0,0.288,0.0,20.0,0.0,3.0,6.0,1.0,0.0,1.0,0.0,0.0,2.0,0.0,2.0,,3.0,4.0,,2.0,4.0,4.0,-12.0,0.15,0.0,0.3,0.0,0.05,0.0,0.0,0.0,0.05,0.0,0.1,0.0,0.2,0.0,0.1,0.0,0.288,0.0,20.0,3.0,5.999999999999999,1.0,0.0,0.4399999999999999,0.36,1.2,10.0,8.999999999999998,4.0,6.999999999999999,0.7999999999999999,3.0,5.999999999999999,1.0,0.0,9.999999999999998,0.4399999999999999,0.36,1.2
4398674,Rhyne Howard,ATL,2026-05-25,0.0,1.0,6.0,9.0,19.0,21,8,0,6,12,1,0,2,7,15,,1,2,,3,5,3,2,34.0,0.6176470588235294,0.2352941176470588,0.0,0.1764705882352941,0.3529411764705882,0.4411764705882353,0.0588235294117647,0.0588235294117647,0.5258823529411766,0.0,34.0,0.0,21.0,8.0,0.0,6.0,12.0,1.0,0.0,2.0,7.0,15.0,,1.0,2.0,,3.0,5.0,3.0,2.0,0.6176470588235294,0.0,0.2352941176470588,0.0,0.0,0.0,0.1764705882352941,0.0,0.3529411764705882,0.0,0.4411764705882353,0.0,0.0588235294117647,0.0,0.0588235294117647,0.0,0.5258823529411766,0.0,34.4,0.5477225575051793,22.6,6.4,3.2,4.4,8.4,2.2,0.8,2.0,7.0,13.8,,4.2,4.8,,1.8,4.6,2.2,8.4,0.6563025210084034,0.0529311715236089,0.186890756302521,0.0662790321686923,0.0914285714285714,0.1251937274297522,0.1287394957983193,0.0653584900552383,0.2460504201680672,0.1463661960391956,0.4018487394957983,0.0538517136370625,0.1381512605042016,0.1086239693875791,0.0581512605042016,0.0009205421134542,0.5207865546218489,0.006977709219982,35.6,1.5055453054181531,19.5,5.1,4.1,3.0,7.9,2.1,0.7,1.5,5.5,13.3,,5.5,5.9,,1.6,3.5,2.8,7.7,0.552567029656813,0.1516943038073925,0.1449877475883667,0.0664265194783765,0.1141617557407031,0.0935596884028089,0.0860868785636587,0.0645807718594889,0.2229906642600141,0.1105190879223288,0.3750393870208112,0.0565492380262926,0.1647045674599854,0.0831081568821329,0.0426846528084918,0.0301651607939278,0.4901940495116966,0.0421439672683198,34.998999999999995,19.4411875,5.8064125,3.255095833333333,3.68595,2.1874375,0.7291458333333332,1.7013402777777775,28.502695833333334,25.2476,22.69628333333333,9.061508333333332,2.9165833333333326,19.4411875,5.8064125,3.255095833333333,3.68595,28.50269583333333,2.1874375,0.7291458333333332,1.7013402777777775
4398915,Naz Hillmon,ATL,2026-05-25,0.0,1.0,6.0,12.0,19.0,4,4,0,0,0,0,0,1,2,2,,0,1,,2,2,0,-1,23.0,0.1739130434782608,0.1739130434782608,0.0,0.0,0.0,0.0869565217391304,0.0434782608695652,0.0434782608695652,0.1495652173913043,0.0,23.0,0.0,4.0,4.0,0.0,0.0,0.0,0.0,0.0,1.0,2.0,2.0,,0.0,1.0,,2.0,2.0,0.0,-1.0,0.1739130434782608,0.0,0.1739130434782608,0.0,0.0,0.0,0.0,0.0,0.0,0.0,0.0869565217391304,0.0,0.0434782608695652,0.0,0.0434782608695652,0.0,0.1495652173913043,0.0,28.2,7.12039324756716,4.8,3.6,0.8,0.0,1.2,0.0,0.0,2.2,2.4,3.6,,0.0,0.6,,1.2,2.4,0.8,4.6,0.1710144927536231,0.003969004039888,0.1376811594202898,0.0496125504986563,0.0222222222222222,0.0304290309725092,0.0,0.0,0.0333333333333333,0.0456435464587638,0.1188405797101449,0.0436590444388174,0.0260869565217391,0.023814024239355,0.0705314009661835,0.0370440377056634,0.2008502415458937,0.0702249114791648,30.3,5.67744073798514,4.9,3.9,0.7,0.0,2.1,0.0,0.0,1.6,2.1,5.6,,0.7,1.7,,1.2,2.7,2.2,6.3,0.164951690821256,0.0502787510886467,0.1355072463768115,0.0450014974818323,0.0194444444444444,0.0263523138347364,0.0,0.0,0.0633333333333333,0.0443053378608375,0.179975845410628,0.0890659664994462,0.0585990338164251,0.0555301349108555,0.0491545893719806,0.0463297155862845,0.2549140096618357,0.0889619214084303,28.142000000000003,5.203787341772152,3.887103797468354,0.7023417721518987,0.2137367088607595,0.1781139240506329,0.0,1.0686835443037974,9.793232911392405,9.090891139240506,5.906129113924051,4.589445569620253,0.1781139240506329,5.203787341772152,3.887103797468354,0.7023417721518987,0.2137367088607595,9.793232911392405,0.1781139240506329,0.0,1.0686835443037974
4433402,Angel Reese,ATL,2026-05-25,0.0,1.0,6.0,12.0,22.0,17,10,4,0,1,4,1,3,6,16,,5,10,,5,5,4,4,32.0,0.53125,0.3125,0.125,0.0,0.03125,0.5,0.3125,0.09375,0.73125,0.0,32.0,0.0,17.0,10.0,4.0,0.0,1.0,4.0,1.0,3.0,6.0,16.0,,5.0,10.0,,5.0,5.0,4.0,4.0,0.53125,0.0,0.3125,0.0,0.125,0.0,0.0,0.0,0.03125,0.0,0.5,0.0,0.3125,0.0,0.09375,0.0,0.73125,0.0,32.0,0.0,16.2,9.6,3.2,0.0,0.6,2.4,0.6,3.8,6.4,14.0,,3.4,6.8,,4.2,5.4,3.6,7.2,0.50625,0.0342326598440738,0.3,0.0171163299220355,0.1,0.0342326598440728,0.0,0.0,0.01875,0.0171163299220364,0.4375,0.0855816496101823,0.2125,0.1369306393762915,0.11875,0.0342326598440727,0.64975,0.1115984710916779,31.3,1.7029386365926125,13.5,9.7,2.9,0.0,0.7,1.3,0.7,5.1,4.6,11.3,,4.3,6.4,,4.4,5.3,3.3,1.0,0.4283975659229209,0.0966803669545209,0.3079424442190669,0.059386566441043,0.0931668356997971,0.0285929327045666,0.0,0.0,0.0226610040567951,0.0157293437059231,0.359413032454361,0.1034826199045142,0.2070233265720081,0.1146208223677003,0.1665821501014198,0.0804144528784853,0.6170854462474645,0.120671449619171,31.839,14.097418867924528,10.768388679245282,2.9619132075471697,0.0,1.401716981132075,1.2014716981132074,4.80588679245283,27.827720754716978,24.86580754716981,17.059332075471698,13.730301886792452,2.6031886792452825,14.097418867924528,10.768388679245282,2.9619132075471697,0.0,27.82772075471697,1.401716981132075,1.2014716981132074,4.80588679245283
4433431,Te-Hina Paopao,ATL,2026-05-25,0.0,1.0,6.0,12.0,22.0,3,1,2,1,1,0,0,0,1,1,,0,0,,0,1,1,-4,14.0,0.2142857142857142,0.0714285714285714,0.1428571428571428,0.0714285714285714,0.0714285714285714,0.0714285714285714,0.0,0.0,0.0714285714285714,0.0,14.0,0.0,3.0,1.0,2.0,1.0,1.0,0.0,0.0,0.0,1.0,1.0,,0.0,0.0,,0.0,1.0,1.0,-4.0,0.2142857142857142,0.0,0.0714285714285714,0.0,0.1428571428571428,0.0,0.0714285714285714,0.0,0.0714285714285714,0.0,0.0714285714285714,0.0,0.0,0.0,0.0,0.0,0.0714285714285714,0.0,13.6,0.5477225575051531,5.4,1.4,2.0,1.8,1.8,0.0,0.0,0.8,1.8,2.2,,0.0,0.0,,0.0,1.4,0.6,-0.8,0.4054945054945055,0.2618234203458762,0.1043956043956044,0.0451419690251508,0.1472527472527472,0.0060189292033532,0.1351648351648351,0.0872744734486254,0.1351648351648351,0.0872744734486254,0.1659340659340659,0.1294069778720995,0.0,0.0,0.0615384615384615,0.0842650088469486,0.2274725274725275,0.213671986719048,20.2,10.911767348448494,9.5,1.8,1.9,2.4,4.2,0.3,0.3,0.8,2.8,6.1,,1.5,1.8,,0.0,1.8,1.6,1.4,0.4456959706959707,0.223231999095408,0.1073260073260073,0.0611346585210812,0.1133699633699633,0.0458007035768207,0.123992673992674,0.0805292500737387,0.1887362637362637,0.0813839333290904,0.2611721611721612,0.1356462201182754,0.05,0.0805076485899413,0.0615384615384615,0.0794458122298957,0.3447106227106227,0.188582767687717,16.605,6.061742268041237,1.8552474226804123,1.9218247422680408,1.4456907216494848,0.1711855670103093,0.3423711340206186,1.198298969072165,9.83881443298969,7.91698969072165,7.983567010309279,3.777072164948454,0.513556701030928,6.061742268041237,1.8552474226804123,1.9218247422680408,1.4456907216494848,9.838814432989691,0.1711855670103093,0.3423711340206186,1.198298969072165
4433541,Laila Phelia,ATL,2026-05-25,0.0,26.0,0.0,0.0,4.0,0,0,0,0,1,1,0,0,0,1,,0,0,,0,0,3,1,11.0,0.0,0.0,0.0,0.0,0.0909090909090909,0.0909090909090909,0.0,0.0,0.0909090909090909,0.0,11.0,0.0,0.0,0.0,0.0,0.0,1.0,1.0,0.0,0.0,0.0,1.0,,0.0,0.0,,0.0,0.0,3.0,1.0,0.0,0.0,0.0,0.0,0.0,0.0,0.0,0.0,0.0909090909090909,0.0,0.0909090909090909,0.0,0.0,0.0,0.0,0.0,0.0909090909090909,0.0,11.0,0.0,0.0,0.0,0.0,0.0,1.0,1.0,0.0,0.0,0.0,1.0,,0.0,0.0,,0.0,0.0,3.0,1.0,0.0,0.0,0.0,0.0,0.0,0.0,0.0,0.0,0.0909090909090909,0.0,0.0909090909090909,0.0,0.0,0.0,0.0,0.0,0.0909090909090909,0.0,11.0,0.0,0.0,0.0,0.0,0.0,1.0,1.0,0.0,0.0,0.0,1.0,,0.0,0.0,,0.0,0.0,3.0,1.0,0.0,0.0,0.0,0.0,0.0,0.0,0.0,0.0,0.0909090909090909,0.0,0.0909090909090909,0.0,0.0,0.0,0.0,0.0,0.0909090909090909,0.0,11.0,0.0,0.0,0.0,0.0,0.242,0.1979999999999999,0.6599999999999999,0.0,0.0,0.0,0.0,0.4399999999999999,0.0,0.0,0.0,0.0,0.0,0.242,0.1979999999999999,0.6599999999999999
4433999,Sacha Washington,ATL,2026-05-25,0.0,26.0,0.0,0.0,4.0,5,4,0,0,0,1,1,0,2,3,,1,2,,2,2,2,0,7.0,0.7142857142857143,0.5714285714285714,0.0,0.0,0.0,0.4285714285714285,0.2857142857142857,0.0,0.5542857142857143,0.0,7.0,0.0,5.0,4.0,0.0,0.0,0.0,1.0,1.0,0.0,2.0,3.0,,1.0,2.0,,2.0,2.0,2.0,0.0,0.7142857142857143,0.0,0.5714285714285714,0.0,0.0,0.0,0.0,0.0,0.0,0.0,0.4285714285714285,0.0,0.2857142857142857,0.0,0.0,0.0,0.5542857142857143,0.0,7.0,0.0,5.0,4.0,0.0,0.0,0.0,1.0,1.0,0.0,2.0,3.0,,1.0,2.0,,2.0,2.0,2.0,0.0,0.7142857142857143,0.0,0.5714285714285714,0.0,0.0,0.0,0.0,0.0,0.0,0.0,0.4285714285714285,0.0,0.2857142857142857,0.0,0.0,0.0,0.5542857142857143,0.0,7.0,0.0,5.0,4.0,0.0,0.0,0.0,1.0,1.0,0.0,2.0,3.0,,1.0,2.0,,2.0,2.0,2.0,0.0,0.7142857142857143,0.0,0.5714285714285714,0.0,0.0,0.0,0.0,0.0,0.0,0.0,0.4285714285714285,0.0,0.2857142857142857,0.0,0.0,0.0,0.5542857142857143,0.0,8.0,5.0,4.0,0.0,0.0,0.176,0.144,0.48,9.0,9.0,5.0,4.0,0.3199999999999999,5.0,4.0,0.0,0.0,9.0,0.176,0.144,0.48
4597509,Aaliyah Nye,ATL,2026-05-25,0.0,1.0,6.0,12.0,22.0,0,0,0,0,0,0,0,0,0,0,,0,0,,0,0,0,0,0.0,,,,,,,,,,0.0,0.0,0.0,0.0,0.0,0.0,0.0,0.0,0.0,0.0,0.0,0.0,0.0,,0.0,0.0,,0.0,0.0,0.0,0.0,,,,,,,,,,,,,,,,,,,0.4,0.5477225575051661,0.0,0.0,0.0,0.0,0.0,0.0,0.0,0.0,0.0,0.0,,0.0,0.0,,0.0,0.0,0.0,0.0,0.0,0.0,0.0,0.0,0.0,0.0,0.0,0.0,0.0,0.0,0.0,0.0,0.0,0.0,0.0,0.0,0.0,0.0,0.6,0.5163977794943461,0.0,0.0,0.0,0.0,0.0,0.0,0.0,0.0,0.0,0.0,,0.0,0.0,,0.0,0.0,0.0,0.3,0.0,0.0,0.0,0.0,0.0,0.0,0.0,0.0,0.0,0.0,0.0,0.0,0.0,0.0,0.0,0.0,0.0,0.0,5.55,0.0,0.0,0.0,0.0,0.1220999999999999,0.0998999999999999,0.3329999999999999,0.0,0.0,0.0,0.0,0.2219999999999999,0.0,0.0,0.0,0.0,0.0,0.1220999999999999,0.0998999999999999,0.3329999999999999
5017721,Sika Kone,ATL,2026-05-25,0.0,1.0,6.0,12.0,22.0,0,0,0,0,0,0,0,0,0,1,,0,0,,0,0,0,-11,6.0,0.0,0.0,0.0,0.0,0.0,0.1666666666666666,0.0,0.0,0.1666666666666666,0.0,6.0,0.0,0.0,0.0,0.0,0.0,0.0,0.0,0.0,0.0,0.0,1.0,,0.0,0.0,,0.0,0.0,0.0,-11.0,0.0,0.0,0.0,0.0,0.0,0.0,0.0,0.0,0.0,0.0,0.1666666666666666,0.0,0.0,0.0,0.0,0.0,0.1666666666666666,0.0,5.2,1.0954451150103457,0.8,0.4,0.0,0.0,0.0,0.0,0.0,0.0,0.4,1.4,,0.0,0.0,,0.0,0.4,0.0,-3.0,0.2,0.2738612787525831,0.1,0.1369306393762903,0.0,0.0,0.0,0.0,0.0,0.0,0.3,0.1825741858350552,0.0,0.0,0.0,0.0,0.2999999999999999,0.182574185835055,4.0,1.632993161855453,0.6,0.5,0.0,0.0,0.3,0.0,0.0,0.1,0.3,1.5,,0.0,0.0,,0.0,0.5,0.4,-3.0,0.15,0.2415229457698239,0.275,0.6174544517614234,0.0,0.0,0.0,0.0,0.1,0.1610152971798826,0.3999999999999999,0.2509242175696936,0.0,0.0,0.1,0.316227766016838,0.4999999999999999,0.2721655269759086,6.390000000000001,0.3999999999999999,0.24,0.0,0.0,0.14058,0.11502,0.3834,0.6399999999999999,0.6399999999999999,0.3999999999999999,0.24,0.2556,0.3999999999999999,0.24,0.0,0.0,0.6399999999999999,0.14058,0.11502,0.3834
5105740,Indya Nivar,ATL,2026-05-25,0.0,1.0,6.0,12.0,22.0,3,1,0,1,1,0,0,0,1,1,,0,0,,0,1,0,0,2.0,1.5,0.5,0.0,0.5,0.5,0.5,0.0,0.0,0.5,0.0,2.0,0.0,3.0,1.0,0.0,1.0,1.0,0.0,0.0,0.0,1.0,1.0,,0.0,0.0,,0.0,1.0,0.0,0.0,1.5,0.0,0.5,0.0,0.0,0.0,0.5,0.0,0.5,0.0,0.5,0.0,0.0,0.0,0.0,0.0,0.5,0.0,3.2,1.6431676725154705,2.6,1.0,0.4,0.6,1.0,0.0,0.0,0.0,1.0,1.8,,0.0,0.0,,0.0,1.0,0.8,0.0,1.06,0.6024948132556828,0.38,0.1643167672515495,0.08,0.1095445115010331,0.3,0.273861278752583,0.38,0.1643167672515499,0.54,0.0547722557505168,0.0,0.0,0.0,0.0,0.54,0.0547722557505166,5.2,3.61478445646025,1.5,2.5,1.2,0.3,0.6,0.3,0.4,0.0,0.6,1.8,,0.0,1.2,,0.6,1.9,0.6,0.9,0.5700000000000001,0.6650814486462041,0.49,0.2469817807045694,0.15,0.135400640077266,0.15,0.2415229457698239,0.21,0.2183269719175042,0.39,0.2183269719175042,0.12,0.1932183566158592,0.0,0.0,0.4427999999999999,0.1805576546886524,6.775,2.1531666666666665,2.5525,1.0553333333333337,0.5138333333333334,0.3763888888888889,0.7527777777777778,0.0,5.761,4.705666666666667,3.2085,3.6078333333333337,1.1291666666666669,2.1531666666666665,2.5525,1.0553333333333337,0.5138333333333334,5.761,0.3763888888888889,0.7527777777777778,0.0
5106147,Bella Fontleroy,ATL,2026-05-25,0.0,26.0,0.0,0.0,4.0,0,0,0,0,1,0,0,0,0,1,,0,0,,0,0,1,0,8.0,0.0,0.0,0.0,0.0,0.125,0.125,0.0,0.0,0.125,0.0,8.0,0.0,0.0,0.0,0.0,0.0,1.0,0.0,0.0,0.0,0.0,1.0,,0.0,0.0,,0.0,0.0,1.0,0.0,0.0,0.0,0.0,0.0,0.0,0.0,0.0,0.0,0.125,0.0,0.125,0.0,0.0,0.0,0.0,0.0,0.125,0.0,8.0,0.0,0.0,0.0,0.0,0.0,1.0,0.0,0.0,0.0,0.0,1.0,,0.0,0.0,,0.0,0.0,1.0,0.0,0.0,0.0,0.0,0.0,0.0,0.0,0.0,0.0,0.125,0.0,0.125,0.0,0.0,0.0,0.0,0.0,0.125,0.0,8.0,0.0,0.0,0.0,0.0,0.0,1.0,0.0,0.0,0.0,0.0,1.0,,0.0,0.0,,0.0,0.0,1.0,0.0,0.0,0.0,0.0,0.0,0.0,0.0,0.0,0.0,0.125,0.0,0.125,0.0,0.0,0.0,0.0,0.0,0.125,0.0,8.0,0.0,0.0,0.0,0.0,0.176,0.144,0.48,0.0,0.0,0.0,0.0,0.3199999999999999,0.0,0.0,0.0,0.0,0.0,0.176,0.144,0.48
5108587,Madina Okot,ATL,2026-05-25,0.0,1.0,6.0,12.0,22.0,0,2,0,0,0,0,0,4,0,2,,0,0,,1,1,3,-6,7.0,0.0,0.2857142857142857,0.0,0.0,0.0,0.2857142857142857,0.0,0.5714285714285714,0.8571428571428571,0.0,7.0,0.0,0.0,2.0,0.0,0.0,0.0,0.0,0.0,4.0,0.0,2.0,,0.0,0.0,,1.0,1.0,3.0,-6.0,0.0,0.0,0.2857142857142857,0.0,0.0,0.0,0.0,0.0,0.0,0.0,0.2857142857142857,0.0,0.0,0.0,0.5714285714285714,0.0,0.8571428571428571,0.0,7.4,0.5477225575052198,0.0,3.2,0.0,0.0,0.0,0.0,0.4,3.2,0.0,1.2,,0.0,0.0,,0.6,2.6,1.8,-3.6,0.0,0.0,0.4214285714285714,0.1858344391535384,0.0,0.0,0.0,0.0,0.0,0.0,0.1714285714285714,0.1564921592871901,0.0,0.0,0.4428571428571429,0.1760536791980889,0.6142857142857142,0.3325458384852793,10.2,4.049691346263316,4.2,5.9,0.3,0.0,0.6,0.0,0.6,2.2,2.1,4.3,,0.0,0.3,,0.9,5.0,2.1,3.6,0.2625,0.422665155097192,0.5350198412698413,0.1766733894847444,0.01875,0.0301903682212279,0.0,0.0,0.0375,0.060380736442456,0.3218253968253968,0.3178098274436351,0.01875,0.0301903682212282,0.2762896825396825,0.2180204829745881,0.6063650793650793,0.3128681394184127,8.7,2.6328,4.0988,0.1284,0.0,0.174,0.348,1.5659999999999998,6.86,6.731599999999999,2.7612,4.2272,0.522,2.6328,4.0988,0.1284,0.0,6.859999999999999,0.174,0.348,1.5659999999999998
5109176,Paige Robinson,ATL,2026-05-25,0.0,26.0,0.0,0.0,4.0,0,0,0,0,0,0,0,0,0,0,,0,0,,0,0,0,0,0.0,,,,,,,,,,0.0,0.0,0.0,0.0,0.0,0.0,0.0,0.0,0.0,0.0,0.0,0.0,0.0,,0.0,0.0,,0.0,0.0,0.0,0.0,,,,,,,,,,,,,,,,,,,0.0,0.0,0.0,0.0,0.0,0.0,0.0,0.0,0.0,0.0,0.0,0.0,,0.0,0.0,,0.0,0.0,0.0,0.0,,,,,,,,,,,,,,,,,,,0.0,0.0,0.0,0.0,0.0,0.0,0.0,0.0,0.0,0.0,0.0,0.0,,0.0,0.0,,0.0,0.0,0.0,0.0,,,,,,,,,,,,,,,,,,,8.0,0.0,0.0,0.0,0.0,0.176,0.144,0.48,0.0,0.0,0.0,0.0,0.3199999999999999,0.0,0.0,0.0,0.0,0.0,0.176,0.144,0.48
5208983,Isobel Borlase,ATL,2026-05-25,0.0,1.0,6.0,12.0,22.0,5,4,2,1,4,0,1,0,2,7,,0,0,,1,3,0,7,16.0,0.3125,0.25,0.125,0.0625,0.25,0.4375,0.0,0.0,0.4375,0.0,16.0,0.0,5.0,4.0,2.0,1.0,4.0,0.0,1.0,0.0,2.0,7.0,,0.0,0.0,,1.0,3.0,0.0,7.0,0.3125,0.0,0.25,0.0,0.125,0.0,0.0625,0.0,0.25,0.0,0.4375,0.0,0.0,0.0,0.0,0.0,0.4375,0.0,10.4,7.668115805072325,3.8,2.8,1.2,0.6,2.4,0.0,0.6,0.0,1.6,4.6,,0.0,0.0,,0.6,2.2,0.4,5.8,0.5875,0.3765592582848017,0.35,0.1369306393762915,0.075,0.0684653196881457,0.0375,0.0342326598440728,0.15,0.1369306393762915,0.4625,0.0342326598440732,0.0,0.0,0.0,0.0,0.4625,0.0342326598440734,7.0,6.271629240742258,2.4,1.8,0.6,0.4,1.3,0.0,0.3,0.0,1.0,2.6,,0.0,0.0,,0.3,1.5,0.3,3.9,0.46875,0.429237453709094,0.3,0.158113883008419,0.0375,0.0603807364424559,0.04375,0.0782290973146607,0.1,0.1290994448735805,0.33125,0.2302059766093544,0.0,0.0,0.0,0.0,0.33125,0.2302059766093547,9.986,3.6900689655172414,2.495641379310345,0.9892137931034484,0.7092137931034483,0.0,0.3443448275862069,0.0,7.1749241379310345,6.185710344827586,4.6792827586206895,3.484855172413793,0.3443448275862069,3.6900689655172414,2.495641379310345,0.9892137931034484,0.7092137931034483,7.1749241379310345,0.0,0.3443448275862069,0.0
5345332,Kejia Ran,ATL,2026-05-25,0.0,26.0,0.0,0.0,4.0,0,0,0,0,0,0,0,0,0,0,,0,0,,0,0,0,0,0.0,,,,,,,,,,0.0,0.0,0.0,0.0,0.0,0.0,0.0,0.0,0.0,0.0,0.0,0.0,0.0,,0.0,0.0,,0.0,0.0,0.0,0.0,,,,,,,,,,,,,,,,,,,0.0,0.0,0.0,0.0,0.0,0.0,0.0,0.0,0.0,0.0,0.0,0.0,,0.0,0.0,,0.0,0.0,0.0,0.0,,,,,,,,,,,,,,,,,,,0.0,0.0,0.0,0.0,0.0,0.0,0.0,0.0,0.0,0.0,0.0,0.0,,0.0,0.0,,0.0,0.0,0.0,0.0,,,,,,,,,,,,,,,,,,,8.0,0.0,0.0,0.0,0.0,0.176,0.144,0.48,0.0,0.0,0.0,0.0,0.3199999999999999,0.0,0.0,0.0,0.0,0.0,0.176,0.144,0.48
981,Courtney Vandersloot,CHI,2026-05-25,0.0,2.0,6.0,12.0,13.0,0,0,0,0,0,0,0,0,0,0,,0,0,,0,0,0,0,0.0,,,,,,,,,,0.0,0.0,0.0,0.0,0.0,0.0,0.0,0.0,0.0,0.0,0.0,0.0,0.0,,0.0,0.0,,0.0,0.0,0.0,0.0,,,,,,,,,,,,,,,,,,,0.0,0.0,0.0,0.0,0.0,0.0,0.0,0.0,0.0,0.0,0.0,0.0,,0.0,0.0,,0.0,0.0,0.0,0.0,,,,,,,,,,,,,,,,,,,0.0,0.0,0.0,0.0,0.0,0.0,0.0,0.0,0.0,0.0,0.0,0.0,,0.0,0.0,,0.0,0.0,0.0,0.0,,,,,,,,,,,,,,,,,,,8.0,0.0,0.0,0.0,0.0,0.176,0.144,0.48,0.0,0.0,0.0,0.0,0.3199999999999999,0.0,0.0,0.0,0.0,0.0,0.176,0.144,0.48
2491205,Skylar Diggins,CHI,2026-05-25,0.0,2.0,6.0,15.0,22.0,13,6,6,0,1,1,0,3,4,12,,5,7,,2,4,3,-13,32.0,0.40625,0.1875,0.1875,0.0,0.03125,0.375,0.21875,0.09375,0.565,0.0,32.0,0.0,13.0,6.0,6.0,0.0,1.0,1.0,0.0,3.0,4.0,12.0,,5.0,7.0,,2.0,4.0,3.0,-13.0,0.40625,0.0,0.1875,0.0,0.1875,0.0,0.0,0.0,0.03125,0.0,0.375,0.0,0.21875,0.0,0.09375,0.0,0.565,0.0,32.8,1.0954451150103586,13.8,4.0,5.2,0.8,3.0,1.0,0.4,2.6,4.8,12.8,,3.4,5.0,,1.2,2.8,3.0,-12.6,0.4202205882352941,0.0191300157952197,0.1242647058823529,0.0865884925467725,0.1595588235294117,0.0382600315904343,0.0235294117647058,0.0322189739708921,0.0893382352941176,0.0795405919906399,0.3897058823529412,0.0201368587318078,0.1547794117647059,0.0875953354833628,0.0797794117647058,0.0191300157952172,0.5375882352941177,0.0375351046760892,21.0,15.89549202342182,8.4,2.3,3.3,0.6,2.3,0.7,0.3,1.5,3.0,8.3,,1.8,2.7,,0.7,1.6,2.1,-8.4,0.3631827731092437,0.1610978663829502,0.1167717086834733,0.0820490298999268,0.1664915966386554,0.0507527981009582,0.0252100840336134,0.0314424990485205,0.1128326330532212,0.076392243543929,0.3967086834733893,0.0203804372701053,0.1189600840336134,0.0956336753662812,0.0653886554621848,0.0337097327570342,0.5144397759103642,0.0550715667537377,29.701999999999995,12.80990896551724,4.896620689655172,5.390430344827585,0.7745241379310344,1.024206896551724,1.024206896551724,1.4338896551724136,23.096959999999996,17.706529655172414,18.200339310344827,10.287051034482758,2.048413793103448,12.80990896551724,4.896620689655172,5.390430344827585,0.7745241379310344,23.09696,1.024206896551724,1.024206896551724,1.4338896551724136
2529137,Natasha Cloud,CHI,2026-05-25,0.0,2.0,6.0,15.0,16.0,6,2,1,0,2,1,1,3,2,6,,2,3,,0,2,3,-7,32.0,0.1875,0.0625,0.03125,0.0,0.0625,0.1875,0.09375,0.09375,0.3225,0.0,32.0,0.0,6.0,2.0,1.0,0.0,2.0,1.0,1.0,3.0,2.0,6.0,,2.0,3.0,,0.0,2.0,3.0,-7.0,0.1875,0.0,0.0625,0.0,0.03125,0.0,0.0,0.0,0.0625,0.0,0.1875,0.0,0.09375,0.0,0.09375,0.0,0.3225,0.0,33.2,1.643167672515497,12.0,4.4,2.6,0.4,3.2,1.0,1.0,3.4,3.6,8.4,,4.4,5.0,,0.0,4.4,3.4,-7.0,0.3525,0.225935554970881,0.1289285714285714,0.0909610675856794,0.0758928571428571,0.0611297497215587,0.0114285714285714,0.015649215928719,0.0946428571428571,0.0440134197995222,0.2496428571428571,0.0850926116124098,0.1476785714285714,0.0738447376636429,0.1019642857142857,0.0112478739487667,0.4165857142857143,0.1288321701331795,32.0,3.464101615137761,12.1,5.1,4.6,0.6,3.2,0.8,0.6,3.4,4.2,8.9,,3.1,4.2,,0.0,5.1,3.8,-1.4,0.3698097826086957,0.1715924705719756,0.1566149068322981,0.0712219816027752,0.1482919254658385,0.0945348333544112,0.0179464285714285,0.0154844872449201,0.0984277950310558,0.0333192563978161,0.278264751552795,0.0683916547253051,0.1284899068322981,0.0720627059611605,0.1042585403726708,0.0249839675953098,0.439058850931677,0.0961322315209137,30.873,10.608268571428573,4.427195714285714,3.5582571428571423,0.5009385714285713,0.8820857142857143,0.4410428571428571,3.307821428571428,18.593721428571428,15.035464285714284,14.166525714285712,7.985452857142857,1.3231285714285714,10.608268571428573,4.427195714285714,3.5582571428571423,0.5009385714285713,18.593721428571428,0.8820857142857143,0.4410428571428571,3.307821428571428
2566081,Elizabeth Williams,CHI,2026-05-25,0.0,2.0,6.0,15.0,19.0,4,3,1,0,0,1,0,0,2,7,,0,2,,2,1,1,1,18.0,0.2222222222222222,0.1666666666666666,0.0555555555555555,0.0,0.0,0.3888888888888889,0.1111111111111111,0.0,0.4377777777777777,0.0,18.0,0.0,4.0,3.0,1.0,0.0,0.0,1.0,0.0,0.0,2.0,7.0,,0.0,2.0,,2.0,1.0,1.0,1.0,0.2222222222222222,0.0,0.1666666666666666,0.0,0.0555555555555555,0.0,0.0,0.0,0.0,0.0,0.3888888888888889,0.0,0.1111111111111111,0.0,0.0,0.0,0.4377777777777777,0.0,18.0,0.0,4.4,3.0,1.0,0.0,0.0,1.0,0.8,0.4,2.0,5.8,,0.4,2.0,,1.6,1.4,1.4,-1.8,0.2444444444444444,0.030429030972509,0.1666666666666666,0.0,0.0555555555555555,0.0,0.0,0.0,0.0,0.0,0.3222222222222222,0.0912870929175277,0.1111111111111111,0.0,0.0222222222222222,0.0304290309725092,0.3933333333333333,0.0608580619450185,16.7,1.8885620632287028,3.4,4.6,0.7,0.0,0.0,0.6,0.7,1.0,1.5,4.4,,0.4,1.4,,1.6,3.0,1.5,-3.5,0.1987394957983193,0.0740423716051999,0.2949579831932772,0.1919547709187452,0.0392156862745098,0.0270801805983792,0.0,0.0,0.0,0.0,0.2593837535014006,0.0946622466912654,0.0784313725490196,0.0541603611967583,0.065406162464986,0.0588447069116604,0.3592997198879551,0.0657123403524023,17.072666666666667,4.195856842105263,4.023684210526316,0.915136842105263,0.0,0.3594245614035087,0.8985614035087719,0.8985614035087719,9.134677894736841,8.219541052631579,5.110993684210526,4.938821052631579,1.2579859649122809,4.195856842105263,4.023684210526316,0.915136842105263,0.0,9.13467789473684,0.3594245614035087,0.8985614035087719,0.8985614035087719
2566186,Rachel Banham,CHI,2026-05-25,0.0,2.0,6.0,15.0,25.0,6,0,3,2,6,1,0,0,2,6,,0,0,,0,0,0,1,17.0,0.3529411764705882,0.0,0.1764705882352941,0.1176470588235294,0.3529411764705882,0.3529411764705882,0.0,0.0,0.3529411764705882,0.0,17.0,0.0,6.0,0.0,3.0,2.0,6.0,1.0,0.0,0.0,2.0,6.0,,0.0,0.0,,0.0,0.0,0.0,1.0,0.3529411764705882,0.0,0.0,0.0,0.1764705882352941,0.0,0.1176470588235294,0.0,0.3529411764705882,0.0,0.3529411764705882,0.0,0.0,0.0,0.0,0.0,0.3529411764705882,0.0,16.2,1.0954451150103297,7.6,0.0,2.2,2.0,6.0,0.6,0.0,0.4,2.4,6.8,,0.8,0.8,,0.0,0.0,1.2,-1.8,0.4784313725490196,0.1718345278447578,0.0,0.0,0.1325490196078431,0.0601420847456652,0.1239215686274509,0.0085917263922382,0.3717647058823529,0.0257751791767139,0.4250980392156863,0.0988048535107356,0.0533333333333333,0.0730296743340221,0.0266666666666666,0.036514837167011,0.4752313725490197,0.167452747384717,18.1,3.4785054261852206,9.2,0.3,1.3,1.9,5.7,0.3,0.1,0.7,3.2,8.3,,0.9,1.2,,0.0,0.3,1.5,0.6,0.5066975703324809,0.1474523749738823,0.0130434782608695,0.0210019952843325,0.0791911764705882,0.0729937322740848,0.1076310741687979,0.0249486215037246,0.3228932225063939,0.074845864511174,0.4536540920716113,0.0962097324864404,0.0660869565217391,0.0599469998592966,0.0392934782608695,0.0288114300229091,0.522025831202046,0.1427122610489201,16.727666666666664,6.66932857142857,0.1264142857142857,1.6688999999999998,1.6113142857142857,0.3413809523809523,0.1706904761904761,0.853452380952381,8.464642857142856,6.795742857142856,8.33822857142857,1.7953142857142854,0.5120714285714285,6.66932857142857,0.1264142857142857,1.6688999999999998,1.6113142857142857,8.464642857142856,0.3413809523809523,0.1706904761904761,0.853452380952381
3142010,Azura Stevens,CHI,2026-05-25,0.0,2.0,6.0,12.0,13.0,6,3,1,0,3,1,1,2,3,10,,0,0,,0,3,1,-5,16.0,0.375,0.1875,0.0625,0.0,0.1875,0.625,0.0,0.125,0.75,0.0,16.0,0.0,6.0,3.0,1.0,0.0,3.0,1.0,1.0,2.0,3.0,10.0,,0.0,0.0,,0.0,3.0,1.0,-5.0,0.375,0.0,0.1875,0.0,0.0625,0.0,0.0,0.0,0.1875,0.0,0.625,0.0,0.0,0.0,0.125,0.0,0.75,0.0,9.6,8.763560920082657,3.6,1.8,0.6,0.0,1.8,0.6,0.6,1.2,1.8,6.0,,0.0,0.0,,0.0,1.8,0.6,-3.0,0.375,0.0,0.1875,0.0,0.0625,0.0,0.0,0.0,0.1875,0.0,0.625,0.0,0.0,0.0,0.125,0.0,0.75,0.0,4.8,7.728734264634367,1.8,0.9,0.3,0.0,0.9,0.3,0.3,0.6,0.9,3.0,,0.0,0.0,,0.0,0.9,0.3,-1.5,0.375,0.0,0.1875,0.0,0.0625,0.0,0.0,0.0,0.1875,0.0,0.625,0.0,0.0,0.0,0.125,0.0,0.75,0.0,13.088,4.32,2.16,0.72,0.0,0.2879359999999999,0.2355839999999999,0.7852799999999999,7.2,6.48,5.04,2.88,0.52352,4.32,2.16,0.72,0.0,7.2,0.2879359999999999,0.2355839999999999,0.7852799999999999
4066548,DiJonai Carrington,CHI,2026-05-25,0.0,2.0,6.0,12.0,13.0,0,0,0,0,0,0,0,0,0,0,,0,0,,0,0,0,0,0.0,,,,,,,,,,0.0,0.0,0.0,0.0,0.0,0.0,0.0,0.0,0.0,0.0,0.0,0.0,0.0,,0.0,0.0,,0.0,0.0,0.0,0.0,,,,,,,,,,,,,,,,,,,0.0,0.0,0.0,0.0,0.0,0.0,0.0,0.0,0.0,0.0,0.0,0.0,,0.0,0.0,,0.0,0.0,0.0,0.0,,,,,,,,,,,,,,,,,,,0.0,0.0,0.0,0.0,0.0,0.0,0.0,0.0,0.0,0.0,0.0,0.0,,0.0,0.0,,0.0,0.0,0.0,0.0,,,,,,,,,,,,,,,,,,,8.0,0.0,0.0,0.0,0.0,0.176,0.144,0.48,0.0,0.0,0.0,0.0,0.3199999999999999,0.0,0.0,0.0,0.0,0.0,0.176,0.144,0.48
4281245,Sidney Cooks,CHI,2026-05-25,0.0,30.0,0.0,0.0,4.0,2,1,0,0,1,0,1,1,1,2,,0,0,,0,1,0,0,10.0,0.2,0.1,0.0,0.0,0.1,0.2,0.0,0.1,0.3,0.0,10.0,0.0,2.0,1.0,0.0,0.0,1.0,0.0,1.0,1.0,1.0,2.0,,0.0,0.0,,0.0,1.0,0.0,0.0,0.2,0.0,0.1,0.0,0.0,0.0,0.0,0.0,0.1,0.0,0.2,0.0,0.0,0.0,0.1,0.0,0.3,0.0,10.0,0.0,2.0,1.0,0.0,0.0,1.0,0.0,1.0,1.0,1.0,2.0,,0.0,0.0,,0.0,1.0,0.0,0.0,0.2,0.0,0.1,0.0,0.0,0.0,0.0,0.0,0.1,0.0,0.2,0.0,0.0,0.0,0.1,0.0,0.3,0.0,10.0,0.0,2.0,1.0,0.0,0.0,1.0,0.0,1.0,1.0,1.0,2.0,,0.0,0.0,,0.0,1.0,0.0,0.0,0.2,0.0,0.1,0.0,0.0,0.0,0.0,0.0,0.1,0.0,0.2,0.0,0.0,0.0,0.1,0.0,0.3,0.0,10.0,2.0,1.0,0.0,0.0,0.2199999999999999,0.18,0.6,3.0,3.0,2.0,1.0,0.3999999999999999,2.0,1.0,0.0,0.0,3.0,0.2199999999999999,0.18,0.6
4432865,Jacy Sheldon,CHI,2026-05-25,0.0,2.0,6.0,15.0,25.0,5,1,1,1,4,2,0,0,2,6,,0,0,,0,1,3,-9,19.0,0.2631578947368421,0.0526315789473684,0.0526315789473684,0.0526315789473684,0.2105263157894736,0.3157894736842105,0.0,0.0,0.3157894736842105,0.0,19.0,0.0,5.0,1.0,1.0,1.0,4.0,2.0,0.0,0.0,2.0,6.0,,0.0,0.0,,0.0,1.0,3.0,-9.0,0.2631578947368421,0.0,0.0526315789473684,0.0,0.0526315789473684,0.0,0.0526315789473684,0.0,0.2105263157894736,0.0,0.3157894736842105,0.0,0.0,0.0,0.0,0.0,0.3157894736842105,0.0,19.8,1.0954451150103437,3.8,0.6,1.0,0.6,3.2,1.2,0.0,0.0,1.6,5.2,,0.0,0.0,,0.0,0.6,2.6,-4.2,0.1959899749373433,0.0919734620372086,0.031578947368421,0.0288275030265877,0.05062656641604,0.002745476478722,0.031578947368421,0.0288275030265876,0.1644110275689222,0.0631459590106206,0.2656641604010025,0.0686369119680659,0.0,0.0,0.0,0.0,0.2656641604010025,0.0686369119680661,24.2,5.750362307426086,5.9,0.6,1.5,0.7,2.9,1.8,0.0,0.5,2.1,5.7,,1.0,1.0,,0.0,0.6,2.3,0.2,0.2320380277617119,0.0967206515798573,0.0251644736842105,0.0233510157986184,0.0603636495083863,0.0202967650505556,0.0290106275303643,0.0218659086536611,0.1275466310005783,0.0575208075788866,0.2405816223250433,0.0537757358010949,0.0319711538461538,0.0442529731057499,0.0170673076923076,0.0256773080638972,0.2717162377096588,0.0573199689484818,22.71633333333333,6.084920245398773,1.3990392638036808,1.6942760736196316,0.8217104294478526,1.3936400817995909,0.5574560327198362,0.5574560327198362,9.178235582822085,7.483959509202453,7.779196319018404,3.0933153374233124,1.951096114519427,6.084920245398773,1.3990392638036808,1.6942760736196316,0.8217104294478526,9.178235582822085,1.3936400817995909,0.5574560327198362,0.5574560327198362
4433405,Kamilla Cardoso,CHI,2026-05-25,0.0,2.0,6.0,15.0,25.0,17,7,0,0,0,1,0,1,4,6,,9,9,,2,5,4,-10,23.0,0.7391304347826086,0.3043478260869565,0.0,0.0,0.0,0.2608695652173913,0.391304347826087,0.0434782608695652,0.4765217391304348,0.0,23.0,0.0,17.0,7.0,0.0,0.0,0.0,1.0,0.0,1.0,4.0,6.0,,9.0,9.0,,2.0,5.0,4.0,-10.0,0.7391304347826086,0.0,0.3043478260869565,0.0,0.0,0.0,0.0,0.0,0.0,0.0,0.2608695652173913,0.0,0.391304347826087,0.0,0.0434782608695652,0.0,0.4765217391304348,0.0,27.0,5.47722557505166,19.8,8.6,2.0,0.0,0.0,0.6,0.4,0.6,6.4,9.2,,7.0,7.8,,2.8,5.8,3.2,-10.8,0.7343873517786561,0.0064947338834536,0.3159420289855072,0.0158760161595704,0.0606060606060606,0.0829882662886615,0.0,0.0,0.0,0.0,0.3262187088274044,0.089483000172122,0.3075098814229249,0.1147402986078016,0.0260869565217391,0.0238140242393549,0.4876100131752306,0.0151832445453359,26.9,4.408325456829767,16.3,9.8,2.8,0.0,0.0,0.3,1.3,0.8,5.9,9.0,,4.5,5.8,,3.2,6.6,3.1,-3.2,0.5972788081483734,0.1788569756049879,0.3645484949832775,0.0685535640734312,0.0959562176953481,0.0743048096245105,0.0,0.0,0.0,0.0,0.3239282456673761,0.0721766421402103,0.2239434478564913,0.1188887100132416,0.0332775919732441,0.0270727471101306,0.4557409546974764,0.0468055758912631,25.52533333333333,15.817864968152865,9.003393630573248,1.6745885350318468,0.0,0.3251634819532908,1.3006539278131632,1.138072186836518,26.49584713375796,24.82125859872611,17.492453503184713,10.677982165605094,1.6258174097664542,15.817864968152865,9.003393630573248,1.6745885350318468,0.0,26.49584713375796,0.3251634819532908,1.3006539278131632,1.138072186836518
4433424,Maddy Westbeld,CHI,2026-05-25,0.0,26.0,0.0,0.0,4.0,5,5,2,1,2,1,1,1,2,4,,0,0,,0,5,1,8,12.0,0.4166666666666667,0.4166666666666667,0.1666666666666666,0.0833333333333333,0.1666666666666666,0.3333333333333333,0.0,0.0833333333333333,0.4166666666666667,0.0,12.0,0.0,5.0,5.0,2.0,1.0,2.0,1.0,1.0,1.0,2.0,4.0,,0.0,0.0,,0.0,5.0,1.0,8.0,0.4166666666666667,0.0,0.4166666666666667,0.0,0.1666666666666666,0.0,0.0833333333333333,0.0,0.1666666666666666,0.0,0.3333333333333333,0.0,0.0,0.0,0.0833333333333333,0.0,0.4166666666666667,0.0,12.0,0.0,5.0,5.0,2.0,1.0,2.0,1.0,1.0,1.0,2.0,4.0,,0.0,0.0,,0.0,5.0,1.0,8.0,0.4166666666666667,0.0,0.4166666666666667,0.0,0.1666666666666666,0.0,0.0833333333333333,0.0,0.1666666666666666,0.0,0.3333333333333333,0.0,0.0,0.0,0.0833333333333333,0.0,0.4166666666666667,0.0,12.0,0.0,5.0,5.0,2.0,1.0,2.0,1.0,1.0,1.0,2.0,4.0,,0.0,0.0,,0.0,5.0,1.0,8.0,0.4166666666666667,0.0,0.4166666666666667,0.0,0.1666666666666666,0.0,0.0833333333333333,0.0,0.1666666666666666,0.0,0.3333333333333333,0.0,0.0,0.0,0.0833333333333333,0.0,0.4166666666666667,0.0,11.999999999999998,5.0,5.0,2.0,1.0,0.2639999999999999,0.2159999999999999,0.7199999999999999,12.0,10.0,7.0,7.0,0.4799999999999998,5.0,5.0,2.0,1.0,12.0,0.2639999999999999,0.2159999999999999,0.7199999999999999
4433433,Aicha Coulibaly,CHI,2026-05-25,0.0,5.0,3.0,12.0,22.0,0,2,1,0,0,0,0,0,0,0,,0,0,,0,2,3,-2,16.0,0.0,0.125,0.0625,0.0,0.0,0.0,0.0,0.0,0.0,0.0,16.0,0.0,0.0,2.0,1.0,0.0,0.0,0.0,0.0,0.0,0.0,0.0,,0.0,0.0,,0.0,2.0,3.0,-2.0,0.0,0.0,0.125,0.0,0.0625,0.0,0.0,0.0,0.0,0.0,0.0,0.0,0.0,0.0,0.0,0.0,0.0,0.0,18.0,2.7386127875258306,3.2,1.6,1.0,0.0,0.4,0.8,0.0,0.0,0.4,3.2,,2.4,2.4,,0.4,1.2,2.6,0.8,0.1523809523809523,0.2086562123829204,0.094047619047619,0.0423832931402807,0.056547619047619,0.0081506332962078,0.0,0.0,0.019047619047619,0.026082026547865,0.1523809523809523,0.2086562123829204,0.1142857142857142,0.1564921592871903,0.0,0.0,0.2026666666666666,0.2775127624692843,15.9,6.063552314169201,4.8,1.2,0.6,0.0,0.6,0.9,0.0,0.0,1.5,4.2,,1.8,1.8,,0.3,0.9,2.7,4.5,0.2936507936507936,0.2261904761904762,0.0783730158730158,0.0355589379325848,0.0367063492063492,0.0282738095238095,0.0,0.0,0.0367063492063492,0.0282738095238095,0.251984126984127,0.1890056703488979,0.0952380952380952,0.1428571428571428,0.0,0.0,0.2938888888888888,0.2276708759981781,16.0045,3.4361220338983047,1.6565457627118645,0.8562728813559322,0.0,0.8137881355932204,0.0,0.0,5.948940677966101,5.092667796610169,4.292394915254237,2.5128186440677966,0.8137881355932204,3.4361220338983047,1.6565457627118645,0.8562728813559322,0.0,5.948940677966101,0.8137881355932204,0.0,0.0
4433517,Latasha Lattimore,CHI,2026-05-25,0.0,26.0,0.0,0.0,7.0,2,2,0,0,1,1,1,0,1,2,,0,1,,0,2,3,3,12.0,0.1666666666666666,0.1666666666666666,0.0,0.0,0.0833333333333333,0.1666666666666666,0.0833333333333333,0.0,0.2033333333333333,0.0,12.0,0.0,2.0,2.0,0.0,0.0,1.0,1.0,1.0,0.0,1.0,2.0,,0.0,1.0,,0.0,2.0,3.0,3.0,0.1666666666666666,0.0,0.1666666666666666,0.0,0.0,0.0,0.0,0.0,0.0833333333333333,0.0,0.1666666666666666,0.0,0.0833333333333333,0.0,0.0,0.0,0.2033333333333333,0.0,11.6,0.5477225575051661,2.8,1.2,0.0,0.4,1.0,0.6,0.6,0.0,1.0,1.6,,0.4,1.4,,0.0,1.2,1.8,5.0,0.2454545454545454,0.10788474617526,0.1,0.0912870929175276,0.0,0.0,0.0363636363636363,0.0497929597731969,0.0863636363636363,0.004149413314433,0.1363636363636363,0.0414941331443307,0.1227272727272727,0.05394237308763,0.0,0.0,0.1903636363636363,0.0177594889857735,11.5,0.5477225575051661,3.0,1.0,0.0,0.5,1.0,0.5,0.5,0.0,1.0,1.5,,0.5,1.5,,0.0,1.0,1.5,5.5,0.2651515151515151,0.10788474617526,0.0833333333333333,0.0912870929175276,0.0,0.0,0.0454545454545454,0.0497929597731969,0.0871212121212121,0.004149413314433,0.1287878787878787,0.0414941331443307,0.1325757575757575,0.05394237308763,0.0,0.0,0.1871212121212121,0.0177594889857735,11.76,2.48,1.5199999999999998,0.0,0.24,0.25872,0.2116799999999999,0.7056,4.0,4.0,2.48,1.5199999999999998,0.4704,2.48,1.5199999999999998,0.0,0.24,4.0,0.25872,0.2116799999999999,0.7056
4433630,Rickea Jackson,CHI,2026-05-25,0.0,2.0,6.0,15.0,25.0,0,0,0,0,0,0,0,0,0,0,,0,0,,0,0,0,0,0.0,,,,,,,,,,0.0,0.0,0.0,0.0,0.0,0.0,0.0,0.0,0.0,0.0,0.0,0.0,0.0,,0.0,0.0,,0.0,0.0,0.0,0.0,,,,,,,,,,,,,,,,,,,0.0,0.0,0.0,0.0,0.0,0.0,0.0,0.0,0.0,0.0,0.0,0.0,,0.0,0.0,,0.0,0.0,0.0,0.0,,,,,,,,,,,,,,,,,,,6.5,10.352133435513023,4.7,0.9,0.0,0.4,1.6,0.0,0.6,0.8,1.9,4.0,,0.5,0.6,,0.1,0.8,0.0,-4.2,0.6356534090909091,0.1803977272727278,0.1150568181818182,0.0482954545454546,0.0,0.0,0.03125,0.0625,0.2144886363636363,0.0653409090909092,0.5809659090909091,0.0710227272727277,0.046875,0.093750000000001,0.1519886363636363,0.0596590909090909,0.7535795454545455,0.0526136363636363,15.525,6.059728813559322,1.571872881355932,0.6315254237288135,0.5056440677966102,0.1315677966101694,0.9209745762711864,1.052542372881356,8.263127118644068,7.631601694915254,6.691254237288136,2.203398305084745,1.052542372881356,6.059728813559322,1.571872881355932,0.6315254237288135,0.5056440677966102,8.263127118644068,0.1315677966101694,0.9209745762711864,1.052542372881356
4565515,Tonie Morgan,CHI,2026-05-25,0.0,26.0,0.0,0.0,7.0,9,5,4,1,1,1,0,0,3,5,,2,2,,2,3,1,-3,12.0,0.75,0.4166666666666667,0.3333333333333333,0.0833333333333333,0.0833333333333333,0.4166666666666667,0.1666666666666666,0.0,0.49,0.0,12.0,0.0,9.0,5.0,4.0,1.0,1.0,1.0,0.0,0.0,3.0,5.0,,2.0,2.0,,2.0,3.0,1.0,-3.0,0.75,0.0,0.4166666666666667,0.0,0.3333333333333333,0.0,0.0833333333333333,0.0,0.0833333333333333,0.0,0.4166666666666667,0.0,0.1666666666666666,0.0,0.0,0.0,0.49,0.0,11.2,1.095445115010332,6.2,3.8,2.4,0.6,0.6,0.6,0.0,0.4,2.2,3.8,,1.2,1.2,,1.2,2.6,0.6,-1.8,0.53,0.3012474066278414,0.33,0.118673220792786,0.2,0.1825741858350553,0.05,0.0456435464587638,0.05,0.0456435464587638,0.33,0.118673220792786,0.1,0.0912870929175276,0.04,0.0547722557505166,0.414,0.1040672859259815,11.0,1.095445115010332,5.5,3.5,2.0,0.5,0.5,0.5,0.0,0.5,2.0,3.5,,1.0,1.0,,1.0,2.5,0.5,-1.5,0.475,0.3012474066278414,0.3083333333333333,0.118673220792786,0.1666666666666666,0.1825741858350553,0.0416666666666666,0.0456435464587638,0.0416666666666666,0.0456435464587638,0.3083333333333333,0.118673220792786,0.0833333333333333,0.0912870929175276,0.05,0.0547722557505166,0.395,0.1040672859259815,11.52,7.32,4.28,3.04,0.7599999999999999,0.25344,0.20736,0.6911999999999999,14.64,11.6,10.36,7.32,0.4608,7.32,4.28,3.04,0.7599999999999999,14.64,0.25344,0.20736,0.6911999999999999
4594786,Sydney Taylor,CHI,2026-05-25,0.0,2.0,6.0,15.0,25.0,11,2,1,2,9,1,0,1,3,12,,3,5,,1,1,4,-3,20.0,0.55,0.1,0.05,0.1,0.45,0.6,0.25,0.05,0.76,0.0,20.0,0.0,11.0,2.0,1.0,2.0,9.0,1.0,0.0,1.0,3.0,12.0,,3.0,5.0,,1.0,1.0,4.0,-3.0,0.55,0.0,0.1,0.0,0.05,0.0,0.1,0.0,0.45,0.0,0.6,0.0,0.25,0.0,0.05,0.0,0.76,0.0,12.0,10.954451150103322,6.6,1.2,0.6,1.2,5.4,0.6,0.0,0.6,1.8,7.2,,1.8,3.0,,0.6,0.6,2.4,-1.8,0.55,0.0,0.1,0.0,0.05,0.0,0.1,0.0,0.45,0.0,0.6,0.0,0.25,0.0,0.05,0.0,0.76,0.0,9.7,8.219894565422763,5.3,0.9,0.9,0.9,3.7,0.3,0.1,0.6,1.3,4.8,,1.8,2.4,,0.6,0.3,1.9,-1.3,0.5520408163265306,0.07578548827603,0.0857142857142857,0.0377964473009227,0.1071428571428571,0.0886405260427918,0.0857142857142857,0.0377964473009227,0.3418367346938775,0.1154279652439123,0.446938775510204,0.1502184997516569,0.2540816326530612,0.0809023454812845,0.0642857142857143,0.0377964473009227,0.6230204081632653,0.1360246933507524,13.4285,7.45480731707317,1.1895439024390244,0.9255439024390244,1.1895439024390244,0.3275243902439024,0.3275243902439024,0.6550487804878049,9.56989512195122,8.644351219512195,8.380351219512194,2.1150878048780486,0.6550487804878049,7.45480731707317,1.1895439024390244,0.9255439024390244,1.1895439024390244,9.56989512195122,0.3275243902439024,0.3275243902439024,0.6550487804878049
4858656,Gabriela Jaquez,CHI,2026-05-25,0.0,2.0,6.0,15.0,25.0,7,4,0,1,4,2,0,1,1,8,,4,4,,0,4,3,-5,23.0,0.3043478260869565,0.1739130434782608,0.0,0.0434782608695652,0.1739130434782608,0.3478260869565217,0.1739130434782608,0.0434782608695652,0.4678260869565217,0.0,23.0,0.0,7.0,4.0,0.0,1.0,4.0,2.0,0.0,1.0,1.0,8.0,,4.0,4.0,,0.0,4.0,3.0,-5.0,0.3043478260869565,0.0,0.1739130434782608,0.0,0.0,0.0,0.0434782608695652,0.0,0.1739130434782608,0.0,0.3478260869565217,0.0,0.1739130434782608,0.0,0.0434782608695652,0.0,0.4678260869565217,0.0,25.0,2.7386127875258337,9.0,4.4,0.8,0.6,3.2,1.6,0.0,1.0,2.2,9.2,,4.0,4.0,,0.4,4.0,3.4,-6.2,0.3540372670807453,0.0680400692553001,0.1757763975155279,0.0025515025970708,0.0285714285714285,0.0391230398217975,0.0260869565217391,0.023814024239355,0.1329192546583851,0.0561330571356226,0.3658385093167701,0.0246645251050465,0.1614906832298136,0.0170100173138248,0.0403726708074534,0.0042525043284562,0.4772670807453416,0.0129276131585086,27.8,3.705851229249949,13.0,5.4,0.9,0.6,2.5,1.3,0.0,1.4,3.7,9.5,,5.0,5.2,,0.7,4.7,2.9,-2.9,0.4522033626044121,0.1320145795404325,0.1910901692011137,0.0464847926237635,0.0308035714285714,0.0311755064494701,0.0224184782608695,0.0199301093529783,0.0958007603341186,0.0549477695035469,0.3425713482544442,0.0637935746396418,0.1847939869351038,0.036956750639338,0.0494043156992932,0.0131855838289292,0.4732850182051831,0.0464730531360318,25.945666666666668,9.878532941176472,4.698334117647058,0.8250105882352943,0.6782917647058824,1.0683509803921571,0.0,1.0683509803921571,15.401877647058825,14.576867058823533,10.703543529411766,5.523344705882352,1.0683509803921571,9.878532941176472,4.698334117647058,0.8250105882352943,0.6782917647058824,15.401877647058823,1.0683509803921571,0.0,1.0683509803921571
4898392,Jordan Hobbs,CHI,2026-05-25,0.0,26.0,0.0,0.0,7.0,3,1,2,1,1,0,0,1,1,1,,0,0,,0,1,0,9,13.0,0.2307692307692307,0.0769230769230769,0.1538461538461538,0.0769230769230769,0.0769230769230769,0.0769230769230769,0.0,0.0769230769230769,0.1538461538461538,0.0,13.0,0.0,3.0,1.0,2.0,1.0,1.0,0.0,0.0,1.0,1.0,1.0,,0.0,0.0,,0.0,1.0,0.0,9.0,0.2307692307692307,0.0,0.0769230769230769,0.0,0.1538461538461538,0.0,0.0769230769230769,0.0,0.0769230769230769,0.0,0.0769230769230769,0.0,0.0,0.0,0.0769230769230769,0.0,0.1538461538461538,0.0,12.6,0.5477225575051661,1.8,1.8,1.2,0.6,0.6,0.0,0.0,0.6,0.6,1.0,,0.0,0.0,,1.2,0.6,0.8,7.0,0.1384615384615384,0.1263975132704229,0.1461538461538461,0.0947981349528172,0.0923076923076923,0.0842650088469486,0.0461538461538461,0.0421325044234743,0.0461538461538461,0.0421325044234743,0.0794871794871795,0.0035110420352895,0.0,0.0,0.0461538461538461,0.0421325044234743,0.1256410256410256,0.0386214623881848,12.5,0.5477225575051661,1.5,2.0,1.0,0.5,0.5,0.0,0.0,0.5,0.5,1.0,,0.0,0.0,,1.5,0.5,1.0,6.5,0.1153846153846153,0.1263975132704229,0.1634615384615384,0.0947981349528172,0.0769230769230769,0.0842650088469486,0.0384615384615384,0.0421325044234743,0.0384615384615384,0.0421325044234743,0.0801282051282051,0.0035110420352895,0.0,0.0,0.0384615384615384,0.0421325044234743,0.1185897435897436,0.0386214623881847,12.759999999999998,2.28,1.48,1.5199999999999998,0.7599999999999999,0.2807199999999999,0.2296799999999999,0.7655999999999998,5.279999999999999,3.76,3.8,3.0,0.5103999999999999,2.28,1.48,1.5199999999999998,0.7599999999999999,5.28,0.2807199999999999,0.2296799999999999,0.7655999999999998
5315047,Megan Nestor,CHI,2026-05-25,0.0,26.0,0.0,0.0,7.0,2,1,1,0,0,1,0,0,0,2,,2,4,,0,1,2,-7,11.0,0.1818181818181818,0.0909090909090909,0.0909090909090909,0.0,0.0,0.1818181818181818,0.3636363636363636,0.0,0.3418181818181818,0.0,11.0,0.0,2.0,1.0,1.0,0.0,0.0,1.0,0.0,0.0,0.0,2.0,,2.0,4.0,,0.0,1.0,2.0,-7.0,0.1818181818181818,0.0,0.0909090909090909,0.0,0.0909090909090909,0.0,0.0,0.0,0.0,0.0,0.1818181818181818,0.0,0.3636363636363636,0.0,0.0,0.0,0.3418181818181818,0.0,10.6,0.5477225575051661,2.8,1.8,0.6,0.0,0.0,1.0,0.0,0.0,0.4,2.4,,2.0,3.2,,0.4,1.4,3.2,-1.8,0.2690909090909091,0.1195031034556726,0.1745454545454545,0.1145238074783529,0.0545454545454545,0.0497929597731969,0.0,0.0,0.0,0.0,0.2290909090909091,0.064730847705156,0.2981818181818182,0.0896273275917544,0.0,0.0,0.3602909090909091,0.025294823564784,10.5,0.5477225575051661,3.0,2.0,0.5,0.0,0.0,1.0,0.0,0.0,0.5,2.5,,2.0,3.0,,0.5,1.5,3.5,-0.5,0.2909090909090909,0.1195031034556726,0.1954545454545454,0.1145238074783529,0.0454545454545454,0.0497929597731969,0.0,0.0,0.0,0.0,0.2409090909090908,0.064730847705156,0.2818181818181818,0.0896273275917544,0.0,0.0,0.3649090909090909,0.025294823564784,10.759999999999998,2.48,1.48,0.7599999999999999,0.0,0.2367199999999999,0.1936799999999999,0.6455999999999998,4.72,3.96,3.24,2.24,0.4303999999999999,2.48,1.48,0.7599999999999999,0.0,4.72,0.2367199999999999,0.1936799999999999,0.6455999999999998
1107,Shey Peddy,CON,2026-05-25,0.0,12.0,0.0,3.0,16.0,0,0,0,0,0,0,0,0,0,0,,0,0,,0,0,0,0,0.0,,,,,,,,,,0.0,0.0,0.0,0.0,0.0,0.0,0.0,0.0,0.0,0.0,0.0,0.0,0.0,,0.0,0.0,,0.0,0.0,0.0,0.0,,,,,,,,,,,,,,,,,,,0.0,0.0,0.0,0.0,0.0,0.0,0.0,0.0,0.0,0.0,0.0,0.0,,0.0,0.0,,0.0,0.0,0.0,0.0,,,,,,,,,,,,,,,,,,,0.0,0.0,0.0,0.0,0.0,0.0,0.0,0.0,0.0,0.0,0.0,0.0,,0.0,0.0,,0.0,0.0,0.0,0.0,,,,,,,,,,,,,,,,,,,8.0,0.0,0.0,0.0,0.0,0.176,0.144,0.48,0.0,0.0,0.0,0.0,0.3199999999999999,0.0,0.0,0.0,0.0,0.0,0.176,0.144,0.48
2490553,Brittney Griner,CON,2026-05-25,0.0,3.0,9.0,15.0,28.0,0,0,0,0,0,0,0,0,0,0,,0,0,,0,0,0,0,0.0,,,,,,,,,,0.0,0.0,0.0,0.0,0.0,0.0,0.0,0.0,0.0,0.0,0.0,0.0,0.0,,0.0,0.0,,0.0,0.0,0.0,0.0,,,,,,,,,,,,,,,,,,,0.0,0.0,0.0,0.0,0.0,0.0,0.0,0.0,0.0,0.0,0.0,0.0,,0.0,0.0,,0.0,0.0,0.0,0.0,,,,,,,,,,,,,,,,,,,8.1,13.042239071570496,4.8,1.5,1.2,0.0,0.0,0.0,0.6,0.6,1.8,3.6,,1.2,2.1,,0.9,0.6,0.6,2.7,0.5925925925925926,0.0,0.1851851851851851,0.0,0.1481481481481481,0.0,0.0,0.0,0.0,0.0,0.4444444444444444,0.0,0.2592592592592592,0.0,0.074074074074074,0.0,0.6325925925925925,0.0,14.766666666666666,5.24619512195122,1.9568292682926829,0.7442926829268293,0.0,0.3601626016260162,0.3601626016260162,1.0804878048780489,7.9473170731707325,7.203024390243903,5.990487804878049,2.701121951219512,0.7203252032520325,5.24619512195122,1.9568292682926829,0.7442926829268293,0.0,7.9473170731707325,0.3601626016260162,0.3601626016260162,1.0804878048780489
3922628,Kennedy Burke,CON,2026-05-25,0.0,3.0,9.0,15.0,28.0,7,3,1,1,5,1,1,2,3,9,,0,1,,2,1,2,-1,25.0,0.28,0.12,0.04,0.04,0.2,0.36,0.04,0.08,0.4576,0.0,25.0,0.0,7.0,3.0,1.0,1.0,5.0,1.0,1.0,2.0,3.0,9.0,,0.0,1.0,,2.0,1.0,2.0,-1.0,0.28,0.0,0.12,0.0,0.04,0.0,0.04,0.0,0.2,0.0,0.36,0.0,0.04,0.0,0.08,0.0,0.4576,0.0,24.2,1.0954451150103648,10.2,4.2,1.0,1.8,5.0,0.6,1.0,1.2,3.8,8.6,,0.8,1.8,,1.6,2.6,2.0,0.6,0.4288695652173914,0.2038480474888791,0.1763478260869565,0.0771574385355103,0.041391304347826,0.0019051219391483,0.0761739130434782,0.0495331704178585,0.2069565217391304,0.0095256096957419,0.3551304347826087,0.0066679267870197,0.0761739130434782,0.0495331704178585,0.048,0.0438178046004132,0.4366469565217391,0.0286911364035754,23.1,1.6633299933166303,7.7,4.8,1.8,1.3,4.4,1.3,1.0,1.2,2.9,7.8,,0.6,1.2,,1.0,3.8,2.2,-1.6,0.3254855072463768,0.2711813105518272,0.2124751552795031,0.0791797064652555,0.0804006211180124,0.0501973533377368,0.0552971014492753,0.0547703431173494,0.188907867494824,0.0325617041210882,0.3337763975155279,0.0801042044456985,0.0511304347826086,0.0574422259820412,0.0507857142857142,0.0419468358405856,0.4070595031055901,0.1050636056790137,24.921,7.65832857142857,3.8124,2.1893,1.1111,0.9585,1.0954285714285714,2.0539285714285715,13.660028571428569,11.47072857142857,9.84762857142857,6.0017000000000005,2.0539285714285715,7.65832857142857,3.8124,2.1893,1.1111,13.660028571428567,0.9585,1.0954285714285714,2.0539285714285715
4398966,Olivia Nelson-Ododa,CON,2026-05-25,0.0,3.0,6.0,12.0,25.0,0,0,0,0,0,0,0,0,0,0,,0,0,,0,0,0,0,0.0,,,,,,,,,,0.0,0.0,0.0,0.0,0.0,0.0,0.0,0.0,0.0,0.0,0.0,0.0,0.0,,0.0,0.0,,0.0,0.0,0.0,0.0,,,,,,,,,,,,,,,,,,,0.0,0.0,0.0,0.0,0.0,0.0,0.0,0.0,0.0,0.0,0.0,0.0,,0.0,0.0,,0.0,0.0,0.0,0.0,,,,,,,,,,,,,,,,,,,2.2,6.957010852370443,1.4,0.6,0.3,0.0,0.0,0.1,0.0,0.2,0.5,0.7,,0.4,0.4,,0.0,0.6,0.4,-1.3,0.6363636363636364,,0.2727272727272727,,0.1363636363636363,,0.0,,0.0,,0.3181818181818182,,0.1818181818181818,,0.0909090909090909,,0.4890909090909091,,10.916666666666666,2.785469387755102,1.2510612244897958,0.959714285714286,0.0,0.6683673469387755,0.2227891156462585,0.6683673469387755,4.996244897959184,4.036530612244898,3.745183673469388,2.2107755102040816,0.891156462585034,2.785469387755102,1.2510612244897958,0.959714285714286,0.0,4.996244897959184,0.6683673469387755,0.2227891156462585,0.6683673469387755
4433408,Aaliyah Edwards,CON,2026-05-25,0.0,3.0,9.0,15.0,28.0,10,7,2,0,0,2,1,1,5,11,,0,0,,2,5,3,-3,24.0,0.4166666666666667,0.2916666666666667,0.0833333333333333,0.0,0.0,0.4583333333333333,0.0,0.0416666666666666,0.5,0.0,24.0,0.0,10.0,7.0,2.0,0.0,0.0,2.0,1.0,1.0,5.0,11.0,,0.0,0.0,,2.0,5.0,3.0,-3.0,0.4166666666666667,0.0,0.2916666666666667,0.0,0.0833333333333333,0.0,0.0,0.0,0.0,0.0,0.4583333333333333,0.0,0.0,0.0,0.0416666666666666,0.0,0.5,0.0,25.2,1.6431676725154971,10.8,5.8,2.4,0.0,0.8,1.6,0.6,2.2,5.0,11.4,,0.8,0.8,,2.0,3.8,3.4,-2.6,0.4277777777777777,0.0152145154862558,0.2342592592592592,0.0786083300123154,0.0944444444444444,0.0152145154862546,0.0,0.0,0.0296296296296296,0.0405720412966789,0.4527777777777778,0.0076072577431262,0.0296296296296296,0.0405720412966789,0.0842592592592592,0.058322309363976,0.550074074074074,0.0685667497913876,22.1,4.557045826702503,10.8,4.2,1.5,0.0,0.6,1.6,0.6,2.3,4.8,9.2,,1.2,1.5,,1.6,2.6,2.7,-6.3,0.5053921568627451,0.1408666691796451,0.1848856209150327,0.0759308065007802,0.0583333333333333,0.0514701559618048,0.0,0.0,0.0222222222222222,0.035781177151085,0.4061274509803921,0.0611132591399543,0.0751633986928104,0.0770217471855136,0.1040032679738562,0.0450289771386786,0.543202614379085,0.0692136232588351,23.0635,10.688047058823528,5.012818823529411,1.630005882352941,0.0,1.6280117647058825,0.542670588235294,2.442017647058824,17.33087176470588,15.70086588235294,12.31805294117647,6.642824705882353,2.170682352941176,10.688047058823528,5.012818823529411,1.630005882352941,0.0,17.33087176470588,1.6280117647058825,0.542670588235294,2.442017647058824
4433412,Hailey Van Lith,CON,2026-05-25,0.0,3.0,9.0,15.0,28.0,5,0,1,1,1,0,0,1,2,5,,0,0,,0,0,0,-12,10.0,0.5,0.0,0.1,0.1,0.1,0.5,0.0,0.1,0.6,0.0,10.0,0.0,5.0,0.0,1.0,1.0,1.0,0.0,0.0,1.0,2.0,5.0,,0.0,0.0,,0.0,0.0,0.0,-12.0,0.5,0.0,0.0,0.0,0.1,0.0,0.1,0.0,0.1,0.0,0.5,0.0,0.0,0.0,0.1,0.0,0.6,0.0,10.8,1.095445115010332,3.0,0.0,1.0,0.6,1.0,0.0,0.0,0.6,1.2,4.6,,0.0,0.0,,0.0,0.0,0.0,-8.0,0.3,0.2738612787525832,0.0,0.0,0.0933333333333333,0.0091287092917507,0.06,0.0547722557505166,0.0933333333333333,0.0091287092917527,0.4333333333333333,0.0912870929175275,0.0,0.0,0.06,0.0547722557505166,0.4933333333333333,0.1460593486680443,16.3,6.945022198188668,6.8,0.4,1.9,0.9,1.9,0.0,0.3,1.0,2.8,6.5,,0.3,0.6,,0.1,0.3,1.3,-2.5,0.3712727272727272,0.2707752364049152,0.0165454545454545,0.0214180480522653,0.1091818181818181,0.0295982175854609,0.0556363636363636,0.0499343922178972,0.1091818181818181,0.0295982175854612,0.408,0.079925891600583,0.024,0.0386436713231719,0.0585454545454545,0.0434490931028491,0.4771054545454546,0.1115561477563404,13.751,5.890292799999999,0.4280287999999999,1.6600864,0.8640383999999999,0.440032,0.220016,0.990072,7.978407999999999,6.318321599999999,7.550379199999999,2.0881152,0.660048,5.890292799999999,0.4280287999999999,1.6600864,0.8640383999999999,7.978407999999999,0.440032,0.220016,0.990072
4433413,Madison Hayes,CON,2026-05-25,0.0,22.0,0.0,0.0,7.0,2,4,0,0,0,0,0,0,1,2,,0,0,,1,3,0,-2,11.0,0.1818181818181818,0.3636363636363636,0.0,0.0,0.0,0.1818181818181818,0.0,0.0,0.1818181818181818,0.0,11.0,0.0,2.0,4.0,0.0,0.0,0.0,0.0,0.0,0.0,1.0,2.0,,0.0,0.0,,1.0,3.0,0.0,-2.0,0.1818181818181818,0.0,0.3636363636363636,0.0,0.0,0.0,0.0,0.0,0.0,0.0,0.1818181818181818,0.0,0.0,0.0,0.0,0.0,0.1818181818181818,0.0,9.0,2.7386127875258306,1.2,2.4,0.4,0.0,0.4,0.4,0.0,0.0,0.6,1.6,,0.0,0.0,,0.6,1.8,0.0,1.6,0.109090909090909,0.0995859195463938,0.2181818181818181,0.1991718390927876,0.0666666666666666,0.0912870929175276,0.0,0.0,0.0666666666666666,0.0912870929175276,0.1757575757575757,0.0082988266288661,0.0,0.0,0.0,0.0,0.1757575757575757,0.0082988266288661,8.5,2.7386127875258306,1.0,2.0,0.5,0.0,0.5,0.5,0.0,0.0,0.5,1.5,,0.0,0.0,,0.5,1.5,0.0,2.5,0.0909090909090909,0.0995859195463938,0.1818181818181818,0.1991718390927876,0.0833333333333333,0.0912870929175276,0.0,0.0,0.0833333333333333,0.0912870929175276,0.1742424242424242,0.0082988266288661,0.0,0.0,0.0,0.0,0.1742424242424242,0.0082988266288661,9.8,1.5199999999999998,3.04,0.24,0.0,0.2156,0.1764,0.588,4.8,4.56,1.7599999999999998,3.28,0.392,1.5199999999999998,3.04,0.24,0.0,4.8,0.2156,0.1764,0.588
4433514,Saniya Rivers,CON,2026-05-25,0.0,3.0,9.0,15.0,28.0,2,2,2,0,1,1,1,2,1,6,,0,2,,0,2,0,-17,21.0,0.0952380952380952,0.0952380952380952,0.0952380952380952,0.0,0.0476190476190476,0.2857142857142857,0.0952380952380952,0.0952380952380952,0.4228571428571428,0.0,21.0,0.0,2.0,2.0,2.0,0.0,1.0,1.0,1.0,2.0,1.0,6.0,,0.0,2.0,,0.0,2.0,0.0,-17.0,0.0952380952380952,0.0,0.0952380952380952,0.0,0.0952380952380952,0.0,0.0,0.0,0.0476190476190476,0.0,0.2857142857142857,0.0,0.0952380952380952,0.0,0.0952380952380952,0.0,0.4228571428571428,0.0,17.8,4.381780460041328,2.0,2.8,2.4,0.0,0.6,1.0,0.6,1.6,1.0,4.0,,0.0,1.2,,0.4,2.4,0.4,-2.6,0.1186813186813186,0.0321009557512184,0.1802197802197802,0.1163659645981671,0.1494505494505494,0.0742334601746928,0.0,0.0,0.0285714285714285,0.026082026547865,0.2021978021978022,0.114359654863716,0.0571428571428571,0.0521640530957301,0.0879120879120879,0.0100315486722559,0.3152527472527472,0.147343386898093,21.4,6.552353266829664,5.3,3.0,4.0,0.2,1.8,2.0,0.4,1.3,2.3,5.7,,0.5,1.4,,0.6,2.4,1.5,0.4,0.2211538461538461,0.137062655753147,0.1637362637362637,0.0994748877950948,0.1870879120879121,0.0643000185846543,0.0071428571428571,0.0225876975726312,0.0678571428571428,0.0675885802141089,0.2373626373626373,0.1191687183448435,0.0571428571428571,0.0407785161227464,0.0659340659340659,0.0270624667390738,0.3284395604395604,0.1282194738180106,21.274,4.293546987951807,2.2223036144578314,3.399713253012048,0.1697879518072289,1.0252530120481926,0.5126265060240963,1.6660361445783134,9.915563855421686,6.515850602409638,7.693260240963855,5.622016867469879,1.5378795180722888,4.293546987951807,2.2223036144578314,3.399713253012048,0.1697879518072289,9.915563855421686,1.0252530120481926,0.5126265060240963,1.6660361445783134
4433635,Diamond Miller,CON,2026-05-25,0.0,3.0,9.0,15.0,28.0,13,3,2,0,1,2,0,3,3,6,,7,8,,0,3,2,-6,23.0,0.5652173913043478,0.1304347826086956,0.0869565217391304,0.0,0.0434782608695652,0.2608695652173913,0.3478260869565217,0.1304347826086956,0.5443478260869565,0.0,23.0,0.0,13.0,3.0,2.0,0.0,1.0,2.0,0.0,3.0,3.0,6.0,,7.0,8.0,,0.0,3.0,2.0,-6.0,0.5652173913043478,0.0,0.1304347826086956,0.0,0.0869565217391304,0.0,0.0,0.0,0.0434782608695652,0.0,0.2608695652173913,0.0,0.3478260869565217,0.0,0.1304347826086956,0.0,0.5443478260869565,0.0,19.8,4.381780460041328,8.6,2.6,1.2,0.0,1.8,1.2,0.4,1.8,2.2,6.0,,4.2,4.8,,0.4,2.2,1.2,-6.8,0.392463768115942,0.2365526407775933,0.1315942028985507,0.0015876016159566,0.0521739130434782,0.0476280484787101,0.0,0.0,0.1060869565217391,0.0857304872616781,0.3165217391304348,0.076204877565936,0.208695652173913,0.1905121939148403,0.0782608695652173,0.0714420727180651,0.4866086956521739,0.0790625604746585,16.8,4.366539438350088,6.4,1.8,0.9,0.5,2.2,0.7,0.3,0.9,1.8,5.2,,2.3,2.6,,0.4,1.4,2.1,-3.9,0.3454626532887402,0.2166689080686521,0.0991304347826087,0.0715732723810409,0.0491638795986622,0.0425113301719891,0.0364102564102564,0.0497462330780626,0.1458639910813824,0.0781914081907727,0.3110813823857302,0.1605175265972781,0.1176811594202898,0.1640589952341665,0.0391304347826086,0.0630059858529975,0.4019915273132664,0.197226927557648,20.516,9.430614084507042,2.608371830985916,1.1201239436619717,0.6468112676056338,0.8668732394366196,0.1444788732394366,1.155830985915493,13.15910985915493,12.038985915492958,10.550738028169013,3.7284957746478873,1.0113521126760563,9.430614084507042,2.608371830985916,1.1201239436619717,0.6468112676056338,13.15910985915493,0.8668732394366196,0.1444788732394366,1.155830985915493
4433798,Taylor Bigby,CON,2026-05-25,0.0,22.0,0.0,0.0,7.0,0,0,2,0,2,0,0,0,0,3,,0,0,,0,0,0,-3,10.0,0.0,0.0,0.2,0.0,0.2,0.3,0.0,0.0,0.3,0.0,10.0,0.0,0.0,0.0,2.0,0.0,2.0,0.0,0.0,0.0,0.0,3.0,,0.0,0.0,,0.0,0.0,0.0,-3.0,0.0,0.0,0.0,0.0,0.2,0.0,0.0,0.0,0.2,0.0,0.3,0.0,0.0,0.0,0.0,0.0,0.3,0.0,9.6,0.5477225575051661,0.8,0.4,1.6,0.0,1.6,0.0,0.4,0.0,0.4,2.6,,0.0,0.0,,0.0,0.4,0.4,0.6,0.0888888888888888,0.1217161238900369,0.0444444444444444,0.0608580619450184,0.1644444444444444,0.0486864495560147,0.0,0.0,0.1644444444444444,0.0486864495560147,0.2688888888888888,0.0426006433615129,0.0,0.0,0.0,0.0,0.2688888888888888,0.0426006433615129,9.5,0.5477225575051661,1.0,0.5,1.5,0.0,1.5,0.0,0.5,0.0,0.5,2.5,,0.0,0.0,,0.0,0.5,0.5,1.5,0.1111111111111111,0.1217161238900369,0.0555555555555555,0.0608580619450184,0.1555555555555555,0.0486864495560147,0.0,0.0,0.1555555555555555,0.0486864495560147,0.2611111111111111,0.0426006433615129,0.0,0.0,0.0,0.0,0.2611111111111111,0.0426006433615129,9.76,0.48,0.24,1.76,0.0,0.21472,0.1756799999999999,0.5856,2.48,0.72,2.24,2.0,0.3903999999999999,0.48,0.24,1.76,0.0,2.48,0.21472,0.1756799999999999,0.5856
4682860,Kyla Oldacre,CON,2026-05-25,0.0,22.0,0.0,0.0,7.0,0,0,0,0,0,0,0,2,0,1,,0,0,,0,0,0,-6,5.0,0.0,0.0,0.0,0.0,0.0,0.2,0.0,0.4,0.6,0.0,5.0,0.0,0.0,0.0,0.0,0.0,0.0,0.0,0.0,2.0,0.0,1.0,,0.0,0.0,,0.0,0.0,0.0,-6.0,0.0,0.0,0.0,0.0,0.0,0.0,0.0,0.0,0.0,0.0,0.2,0.0,0.0,0.0,0.4,0.0,0.6,0.0,3.0,2.7386127875258306,0.0,0.0,0.0,0.0,0.0,0.0,0.0,1.2,0.0,0.6,,0.0,0.0,,0.0,0.0,0.0,-3.6,0.0,0.0,0.0,0.0,0.0,0.0,0.0,0.0,0.0,0.0,0.2,0.0,0.0,0.0,0.4,0.0,0.6,0.0,2.5,2.7386127875258306,0.0,0.0,0.0,0.0,0.0,0.0,0.0,1.0,0.0,0.5,,0.0,0.0,,0.0,0.0,0.0,-3.0,0.0,0.0,0.0,0.0,0.0,0.0,0.0,0.0,0.0,0.0,0.2,0.0,0.0,0.0,0.4,0.0,0.6,0.0,8.0,0.0,0.0,0.0,0.0,0.176,0.144,0.48,0.0,0.0,0.0,0.0,0.3199999999999999,0.0,0.0,0.0,0.0,0.0,0.176,0.144,0.48
4684384,Aneesah Morrow,CON,2026-05-25,0.0,3.0,9.0,15.0,28.0,7,6,0,1,1,0,0,2,3,5,,0,1,,1,5,2,-25,18.0,0.3888888888888889,0.3333333333333333,0.0,0.0555555555555555,0.0555555555555555,0.2777777777777778,0.0555555555555555,0.1111111111111111,0.4133333333333333,0.0,18.0,0.0,7.0,6.0,0.0,1.0,1.0,0.0,0.0,2.0,3.0,5.0,,0.0,1.0,,1.0,5.0,2.0,-25.0,0.3888888888888889,0.0,0.3333333333333333,0.0,0.0,0.0,0.0555555555555555,0.0,0.0555555555555555,0.0,0.2777777777777778,0.0,0.0555555555555555,0.0,0.1111111111111111,0.0,0.4133333333333333,0.0,13.6,6.024948132556828,5.0,4.8,0.0,0.6,0.6,0.0,0.0,2.0,2.2,3.4,,0.0,0.6,,1.0,3.8,1.6,-19.0,0.3476190476190476,0.056511057520375,0.3714285714285714,0.0521640530957303,0.0,0.0,0.0333333333333333,0.0304290309725092,0.0333333333333333,0.0304290309725092,0.2238095238095238,0.0738990752189514,0.0333333333333333,0.0304290309725089,0.1809523809523809,0.0956340973421718,0.4194285714285714,0.0083462484953281,20.4,11.32548748031036,7.3,7.3,1.4,0.6,1.8,0.5,0.3,2.6,3.1,5.9,,0.5,1.1,,1.7,5.6,1.6,-9.8,0.3453003423591659,0.0436590730641907,0.371490818549642,0.041063761021911,0.0427015250544662,0.0565442377255192,0.0254901960784313,0.0243969807044347,0.0630718954248366,0.0509321877011981,0.255166511048864,0.086347395388615,0.0417211328976034,0.0292884528705732,0.1617491441020852,0.0864848090980602,0.4352729536258948,0.0294491988954787,19.261,8.07716,6.818559999999998,0.6022799999999999,0.8022799999999999,0.7003999999999999,0.1167333333333333,1.9844666666666664,15.497999999999998,14.895719999999995,8.67944,7.420839999999998,0.8171333333333333,8.07716,6.818559999999998,0.6022799999999999,0.8022799999999999,15.497999999999998,0.7003999999999999,0.1167333333333333,1.9844666666666664
4703609,Charlisse Leger-Walker,CON,2026-05-25,0.0,3.0,9.0,15.0,28.0,5,3,5,1,3,2,0,0,2,9,,0,0,,1,2,1,-6,30.0,0.1666666666666666,0.1,0.1666666666666666,0.0333333333333333,0.1,0.3,0.0,0.0,0.3,0.0,30.0,0.0,5.0,3.0,5.0,1.0,3.0,2.0,0.0,0.0,2.0,9.0,,0.0,0.0,,1.0,2.0,1.0,-6.0,0.1666666666666666,0.0,0.1,0.0,0.1666666666666666,0.0,0.0333333333333333,0.0,0.1,0.0,0.3,0.0,0.0,0.0,0.0,0.0,0.3,0.0,29.2,1.0954451150104154,9.4,2.6,4.2,1.0,4.2,1.6,0.0,0.4,3.6,11.4,,1.2,1.2,,0.6,2.0,1.4,-2.0,0.3285714285714285,0.2216972256568528,0.0885714285714285,0.015649215928719,0.1428571428571428,0.0326025331848313,0.0342857142857142,0.0013041013273933,0.1457142857142857,0.062596863714876,0.3942857142857142,0.129106031411932,0.0428571428571428,0.0586845597326964,0.0142857142857142,0.0195615199108989,0.4274285714285714,0.1744887576052172,26.1,4.094712037087192,10.3,1.9,3.4,1.6,4.0,1.0,0.0,1.5,3.6,9.8,,1.5,1.9,,0.3,1.6,2.1,-2.1,0.4074189095928227,0.1759965962143121,0.0700276052449965,0.0236289952372579,0.1304520358868184,0.04674017810272,0.0654002760524499,0.0453554114912078,0.152015182884748,0.0582071049449797,0.3697964113181505,0.1147552085847688,0.0804520358868185,0.0681342635252476,0.0628881987577639,0.0781839108611505,0.4680835058661145,0.13674641916384,26.611,8.46455,2.38655,3.70465,1.0621,0.8529166666666667,0.0,1.53525,14.55575,10.8511,12.1692,6.0912,0.8529166666666667,8.46455,2.38655,3.70465,1.0621,14.55575,0.8529166666666667,0.0,1.53525
4898898,Gianna Kneepkens,CON,2026-05-25,0.0,3.0,9.0,15.0,28.0,4,1,0,0,3,0,0,0,2,5,,0,0,,0,1,3,3,11.0,0.3636363636363636,0.0909090909090909,0.0,0.0,0.2727272727272727,0.4545454545454545,0.0,0.0,0.4545454545454545,0.0,11.0,0.0,4.0,1.0,0.0,0.0,3.0,0.0,0.0,0.0,2.0,5.0,,0.0,0.0,,0.0,1.0,3.0,3.0,0.3636363636363636,0.0,0.0909090909090909,0.0,0.0,0.0,0.0,0.0,0.2727272727272727,0.0,0.4545454545454545,0.0,0.0,0.0,0.0,0.0,0.4545454545454545,0.0,8.2,3.834057902536164,3.2,1.0,0.0,0.0,2.2,0.0,0.0,0.0,1.2,3.8,,0.8,0.8,,0.0,1.0,1.8,1.4,0.4181818181818181,0.0746894396597952,0.1545454545454545,0.0871376796030946,0.0,0.0,0.0,0.0,0.2636363636363636,0.0124482399432992,0.4727272727272728,0.024896479886599,0.2,0.273861278752583,0.0,0.0,0.5607272727272727,0.1453954425377351,7.5,4.9497474683058345,3.0,0.9,0.1,0.3,1.7,0.0,0.0,0.2,1.0,3.2,,0.7,0.7,,0.2,0.7,1.4,-1.7,0.5007575757575757,0.1984356867175997,0.1189393939393939,0.1046716410181151,0.0055555555555555,0.0175682092231575,0.075,0.1207614728849119,0.2429292929292929,0.0475391782858591,0.4641414141414142,0.0688982191021614,0.1555555555555555,0.2383067843280801,0.0111111111111111,0.0351364184463153,0.5436969696969697,0.124639572194553,9.758,3.385972972972973,1.4996648648648647,0.2453567567567567,0.1822378378378377,0.1318648648648648,0.0,0.2637297297297297,5.130994594594594,4.885637837837837,3.63132972972973,1.7450216216216214,0.1318648648648648,3.385972972972973,1.4996648648648647,0.2453567567567567,0.1822378378378377,5.130994594594594,0.1318648648648648,0.0,0.2637297297297297
4899316,Harmoni Turner,CON,2026-05-25,0.0,22.0,0.0,0.0,7.0,7,2,0,1,3,0,0,1,2,4,,2,2,,0,2,1,-8,14.0,0.5,0.1428571428571428,0.0,0.0714285714285714,0.2142857142857142,0.2857142857142857,0.1428571428571428,0.0714285714285714,0.42,0.0,14.0,0.0,7.0,2.0,0.0,1.0,3.0,0.0,0.0,1.0,2.0,4.0,,2.0,2.0,,0.0,2.0,1.0,-8.0,0.5,0.0,0.1428571428571428,0.0,0.0,0.0,0.0714285714285714,0.0,0.2142857142857142,0.0,0.2857142857142857,0.0,0.1428571428571428,0.0,0.0714285714285714,0.0,0.42,0.0,8.4,7.668115805072325,4.2,1.2,0.0,0.6,1.8,0.0,0.0,0.6,1.2,2.4,,1.2,1.2,,0.0,1.2,0.6,-4.8,0.5,0.0,0.1428571428571428,0.0,0.0,0.0,0.0714285714285714,0.0,0.2142857142857142,0.0,0.2857142857142857,0.0,0.1428571428571428,0.0,0.0714285714285714,0.0,0.42,0.0,7.0,7.668115805072325,3.5,1.0,0.0,0.5,1.5,0.0,0.0,0.5,1.0,2.0,,1.0,1.0,,0.0,1.0,0.5,-4.0,0.5,0.0,0.1428571428571428,0.0,0.0,0.0,0.0714285714285714,0.0,0.2142857142857142,0.0,0.2857142857142857,0.0,0.1428571428571428,0.0,0.0714285714285714,0.0,0.42,0.0,10.64,5.32,1.5199999999999998,0.0,0.7599999999999999,0.23408,0.19152,0.6384,6.84,6.84,5.32,1.5199999999999998,0.4256,5.32,1.5199999999999998,0.0,0.7599999999999999,6.84,0.23408,0.19152,0.6384
5105732,Raegan Beers,CON,2026-05-25,0.0,3.0,9.0,15.0,28.0,4,4,1,0,1,1,0,1,2,4,,0,0,,1,3,2,-5,14.0,0.2857142857142857,0.2857142857142857,0.0714285714285714,0.0,0.0714285714285714,0.2857142857142857,0.0,0.0714285714285714,0.3571428571428571,0.0,14.0,0.0,4.0,4.0,1.0,0.0,1.0,1.0,0.0,1.0,2.0,4.0,,0.0,0.0,,1.0,3.0,2.0,-5.0,0.2857142857142857,0.0,0.2857142857142857,0.0,0.0714285714285714,0.0,0.0,0.0,0.0714285714285714,0.0,0.2857142857142857,0.0,0.0,0.0,0.0714285714285714,0.0,0.3571428571428571,0.0,19.2,7.12039324756716,6.4,5.6,1.4,0.4,1.0,1.4,0.0,1.4,2.8,5.6,,0.4,1.2,,2.2,3.4,2.8,1.8,0.3195767195767195,0.0463680471962045,0.2899470899470899,0.0057960058995274,0.0724867724867724,0.0014490014748825,0.0148148148148148,0.0202860206483394,0.0576719576719576,0.018837019173458,0.2899470899470899,0.0057960058995251,0.0444444444444444,0.0608580619450187,0.0724867724867724,0.0014490014748831,0.381989417989418,0.0340225546302144,15.5,9.046177830074605,6.0,4.6,1.1,0.3,0.6,0.9,0.0,1.3,2.6,4.6,,0.5,1.1,,2.3,2.3,2.4,2.9,0.4721195144724556,0.2290123013483725,0.3181325863678805,0.0592099292428783,0.0554154995331465,0.0406872657713266,0.0111111111111111,0.0178905885755425,0.0325396825396825,0.031328083582546,0.3181325863678805,0.0592099292428784,0.0450980392156862,0.0582518822546325,0.1095331465919701,0.0625851716444172,0.4475088702147526,0.1090263747477035,15.611333333333334,5.502109090909091,4.3201409090909095,0.9962045454545456,0.1864409090909091,0.7096060606060607,0.0,0.8870075757575759,10.818454545454546,9.82225,6.498313636363636,5.316345454545455,0.7096060606060607,5.502109090909091,4.3201409090909095,0.9962045454545456,0.1864409090909091,10.818454545454546,0.7096060606060607,0.0,0.8870075757575759
5106232,Ashlon Jackson,CON,2026-05-25,0.0,3.0,9.0,12.0,22.0,0,1,0,0,1,0,0,0,0,1,,0,0,,0,1,0,-15,9.0,0.0,0.1111111111111111,0.0,0.0,0.1111111111111111,0.1111111111111111,0.0,0.0,0.1111111111111111,0.0,9.0,0.0,0.0,1.0,0.0,0.0,1.0,0.0,0.0,0.0,0.0,1.0,,0.0,0.0,,0.0,1.0,0.0,-15.0,0.0,0.0,0.1111111111111111,0.0,0.0,0.0,0.0,0.0,0.1111111111111111,0.0,0.1111111111111111,0.0,0.0,0.0,0.0,0.0,0.1111111111111111,0.0,11.4,3.286335345030997,1.6,1.0,0.4,0.0,1.0,0.8,0.0,0.0,0.8,1.8,,0.0,0.0,,0.0,1.0,0.8,-14.2,0.1066666666666666,0.1460593486680443,0.0933333333333333,0.0243432247780073,0.0266666666666666,0.036514837167011,0.0,0.0,0.0933333333333333,0.0243432247780073,0.1466666666666666,0.0486864495560147,0.0,0.0,0.0,0.0,0.1466666666666666,0.0486864495560147,7.2,6.663332499583072,1.2,0.6,0.3,0.0,0.6,0.6,0.0,0.0,0.6,1.2,,0.0,0.0,,0.0,0.6,0.6,-8.4,0.1333333333333333,0.1460593486680443,0.0888888888888888,0.0243432247780073,0.0333333333333333,0.036514837167011,0.0,0.0,0.0888888888888888,0.0243432247780073,0.1555555555555555,0.0486864495560147,0.0,0.0,0.0,0.0,0.1555555555555555,0.0486864495560147,10.361999999999998,0.7999999999999999,0.92,0.1999999999999999,0.0,0.2279639999999999,0.1865159999999999,0.6217199999999998,1.92,1.7199999999999998,1.0,1.12,0.4144799999999999,0.7999999999999999,0.92,0.1999999999999999,0.0,1.92,0.2279639999999999,0.1865159999999999,0.6217199999999998
5208981,Leila Lacan,CON,2026-05-25,0.0,22.0,0.0,0.0,7.0,0,0,0,0,0,0,0,0,0,0,,0,0,,0,0,0,0,0.0,,,,,,,,,,0.0,0.0,0.0,0.0,0.0,0.0,0.0,0.0,0.0,0.0,0.0,0.0,0.0,,0.0,0.0,,0.0,0.0,0.0,0.0,,,,,,,,,,,,,,,,,,,0.0,0.0,0.0,0.0,0.0,0.0,0.0,0.0,0.0,0.0,0.0,0.0,,0.0,0.0,,0.0,0.0,0.0,0.0,,,,,,,,,,,,,,,,,,,0.0,0.0,0.0,0.0,0.0,0.0,0.0,0.0,0.0,0.0,0.0,0.0,,0.0,0.0,,0.0,0.0,0.0,0.0,,,,,,,,,,,,,,,,,,,8.0,0.0,0.0,0.0,0.0,0.176,0.144,0.48,0.0,0.0,0.0,0.0,0.3199999999999999,0.0,0.0,0.0,0.0,0.0,0.176,0.144,0.48
5279789,Mamignan Toure,CON,2026-05-25,0.0,22.0,0.0,0.0,7.0,0,0,0,0,0,0,0,0,0,0,,0,0,,0,0,0,0,0.0,,,,,,,,,,0.0,0.0,0.0,0.0,0.0,0.0,0.0,0.0,0.0,0.0,0.0,0.0,0.0,,0.0,0.0,,0.0,0.0,0.0,0.0,,,,,,,,,,,,,,,,,,,2.8,3.8340579025361614,0.0,0.0,0.0,0.0,0.4,0.0,0.0,0.8,0.0,0.4,,0.0,0.0,,0.0,0.0,0.8,-2.0,0.0,0.0,0.0,0.0,0.0,0.0,0.0,0.0,0.1428571428571428,0.0,0.1428571428571428,0.0,0.0,0.0,0.2857142857142857,0.0,0.4285714285714285,0.0,3.5,3.8340579025361614,0.0,0.0,0.0,0.0,0.5,0.0,0.0,1.0,0.0,0.5,,0.0,0.0,,0.0,0.0,1.0,-2.5,0.0,0.0,0.0,0.0,0.0,0.0,0.0,0.0,0.1428571428571428,0.0,0.1428571428571428,0.0,0.0,0.0,0.2857142857142857,0.0,0.4285714285714285,0.0,8.0,0.0,0.0,0.0,0.0,0.176,0.144,0.48,0.0,0.0,0.0,0.0,0.3199999999999999,0.0,0.0,0.0,0.0,0.0,0.176,0.144,0.48
5345319,Nell Angloma,CON,2026-05-25,0.0,3.0,9.0,12.0,19.0,2,3,1,0,0,0,0,0,0,1,,2,2,,1,2,3,-3,14.0,0.1428571428571428,0.2142857142857142,0.0714285714285714,0.0,0.0,0.0714285714285714,0.1428571428571428,0.0,0.1342857142857142,0.0,14.0,0.0,2.0,3.0,1.0,0.0,0.0,0.0,0.0,0.0,0.0,1.0,,2.0,2.0,,1.0,2.0,3.0,-3.0,0.1428571428571428,0.0,0.2142857142857142,0.0,0.0714285714285714,0.0,0.0,0.0,0.0,0.0,0.0714285714285714,0.0,0.1428571428571428,0.0,0.0,0.0,0.1342857142857142,0.0,20.0,8.215838362577491,7.2,4.6,0.6,0.0,0.0,1.2,0.4,0.4,2.8,5.4,,1.6,2.8,,1.0,3.6,3.0,1.4,0.2926108374384236,0.2050586914797665,0.2251231527093596,0.0148397737255092,0.0428571428571428,0.0391230398217975,0.0,0.0,0.0,0.0,0.2083743842364532,0.1875207770768918,0.1408866995073891,0.0026981406773582,0.0137931034482758,0.0188869847415574,0.2841576354679803,0.2052205799204086,15.2,10.664583129843066,6.1,3.1,0.4,0.0,0.0,0.9,0.3,0.4,2.4,4.5,,1.3,2.6,,0.7,2.4,2.6,1.3,0.3480295566502463,0.1619080786949413,0.1438423645320197,0.1109268021430509,0.0285714285714285,0.0368855556781658,0.0,0.0,0.0,0.0,0.188423645320197,0.1993375384348219,0.2985221674876847,0.254052936828256,0.017487684729064,0.0249689397513821,0.3372610837438423,0.1727962071741534,15.871,5.82375,3.17781,0.6134200000000001,0.0,0.7935500000000001,0.2645166666666667,0.5290333333333334,9.614980000000001,9.001560000000001,6.43717,3.79123,1.0580666666666667,5.82375,3.17781,0.6134200000000001,0.0,9.61498,0.7935500000000001,0.2645166666666667,0.5290333333333334
924,Alysha Clark,DAL,2026-05-25,0.0,1.0,12.0,18.0,28.0,0,0,0,0,0,0,0,0,0,0,,0,0,,0,0,0,0,0.0,,,,,,,,,,0.0,0.0,0.0,0.0,0.0,0.0,0.0,0.0,0.0,0.0,0.0,0.0,0.0,,0.0,0.0,,0.0,0.0,0.0,0.0,,,,,,,,,,,,,,,,,,,1.6,2.1908902300206643,0.0,0.0,0.0,0.0,0.4,0.0,0.4,0.4,0.0,0.4,,0.0,0.0,,0.0,0.0,0.0,0.0,0.0,0.0,0.0,0.0,0.0,0.0,0.0,0.0,0.25,0.0,0.25,0.0,0.0,0.0,0.25,0.0,0.5,0.0,1.9,2.60128173535022,0.3,0.1,0.0,0.1,0.5,0.0,0.3,0.3,0.1,0.5,,0.0,0.0,,0.1,0.0,0.0,0.0,0.1071428571428571,0.2142857142857141,0.0357142857142857,0.0714285714285707,0.0,0.0,0.0357142857142857,0.0714285714285713,0.2589285714285714,0.0178571428571441,0.2589285714285714,0.0178571428571414,0.0,0.0,0.1875,0.125,0.4464285714285713,0.1071428571428562,7.439999999999999,1.14,0.8449999999999998,0.0,0.287,0.2324999999999999,0.2324999999999999,0.4649999999999999,1.9849999999999997,1.985,1.14,0.8449999999999998,0.4649999999999999,1.14,0.8449999999999998,0.0,0.287,1.985,0.2324999999999999,0.2324999999999999,0.4649999999999999
2529047,Odyssey Sims,DAL,2026-05-25,0.0,1.0,12.0,18.0,28.0,0,0,2,0,0,0,0,0,0,0,,0,0,,0,0,0,3,8.0,0.0,0.0,0.25,0.0,0.0,0.0,0.0,0.0,0.0,0.0,8.0,0.0,0.0,0.0,2.0,0.0,0.0,0.0,0.0,0.0,0.0,0.0,,0.0,0.0,,0.0,0.0,0.0,3.0,0.0,0.0,0.0,0.0,0.25,0.0,0.0,0.0,0.0,0.0,0.0,0.0,0.0,0.0,0.0,0.0,0.0,0.0,13.2,7.1203932475671605,5.6,0.4,3.2,0.4,0.8,0.8,0.0,0.4,2.0,2.4,,1.2,1.2,,0.0,0.4,0.8,3.4,0.2666666666666667,0.3651483716701108,0.019047619047619,0.0260820265478652,0.2452380952380952,0.0065205066369665,0.019047619047619,0.026082026547865,0.038095238095238,0.0521640530957301,0.1142857142857142,0.1564921592871903,0.0571428571428571,0.0782460796435951,0.019047619047619,0.026082026547865,0.1584761904761905,0.2170024608782373,16.0,5.715476066494079,5.4,0.3,3.4,0.3,1.0,0.9,0.0,0.7,2.1,3.9,,0.9,0.9,,0.0,0.3,1.0,5.3,0.2631578947368421,0.2932152312683432,0.0142857142857142,0.0230021853114118,0.218796992481203,0.0423464963656332,0.0142857142857142,0.0230021853114117,0.050610902255639,0.0391758845747428,0.1992011278195488,0.1423658397724847,0.0428571428571428,0.0690065559342354,0.0392857142857142,0.0773656883602138,0.257343984962406,0.1823356609778454,14.323,4.703339130434783,0.3913695652173913,2.5123,0.3913695652173913,0.7265289855072463,0.0,1.1416884057971013,7.6070086956521745,5.094708695652174,7.2156391304347824,2.903669565217391,0.7265289855072463,4.703339130434783,0.3913695652173913,2.5123,0.3913695652173913,7.607008695652174,0.7265289855072463,0.0,1.1416884057971013
3058908,Lindsay Allen,DAL,2026-05-25,0.0,22.0,0.0,0.0,7.0,0,0,0,0,0,0,0,1,0,0,,0,0,,0,0,1,-4,4.0,0.0,0.0,0.0,0.0,0.0,0.0,0.0,0.25,0.25,0.0,4.0,0.0,0.0,0.0,0.0,0.0,0.0,0.0,0.0,1.0,0.0,0.0,,0.0,0.0,,0.0,0.0,1.0,-4.0,0.0,0.0,0.0,0.0,0.0,0.0,0.0,0.0,0.0,0.0,0.0,0.0,0.0,0.0,0.25,0.0,0.25,0.0,8.0,5.477225575051661,1.2,0.0,0.8,0.0,0.0,0.0,0.0,1.0,0.4,0.8,,0.4,0.4,,0.0,0.0,1.8,-4.4,0.0857142857142857,0.1173691194653927,0.0,0.0,0.0571428571428571,0.0782460796435951,0.0,0.0,0.0,0.0,0.0571428571428571,0.0782460796435951,0.0285714285714285,0.0391230398217975,0.1785714285714285,0.0978075995544939,0.2482857142857142,0.0023473823893078,9.0,5.477225575051661,1.5,0.0,1.0,0.0,0.0,0.0,0.0,1.0,0.5,1.0,,0.5,0.5,,0.0,0.0,2.0,-4.5,0.1071428571428571,0.1173691194653927,0.0,0.0,0.0714285714285714,0.0782460796435951,0.0,0.0,0.0,0.0,0.0714285714285714,0.0782460796435951,0.0357142857142857,0.0391230398217975,0.1607142857142857,0.0978075995544939,0.2478571428571428,0.0023473823893078,8.0,0.72,0.0,0.48,0.0,0.176,0.144,0.48,1.2,0.72,1.2,0.48,0.3199999999999999,0.72,0.0,0.48,0.0,1.2,0.176,0.144,0.48
3142242,Amy Okonkwo,DAL,2026-05-25,0.0,22.0,0.0,0.0,7.0,8,3,0,1,4,1,0,1,2,5,,3,3,,1,2,1,-1,10.0,0.8,0.3,0.0,0.1,0.4,0.5,0.3,0.1,0.732,0.0,10.0,0.0,8.0,3.0,0.0,1.0,4.0,1.0,0.0,1.0,2.0,5.0,,3.0,3.0,,1.0,2.0,1.0,-1.0,0.8,0.0,0.3,0.0,0.0,0.0,0.1,0.0,0.4,0.0,0.5,0.0,0.3,0.0,0.1,0.0,0.732,0.0,10.0,0.0,4.8,2.6,0.0,0.6,2.8,1.0,0.0,1.4,1.2,3.8,,1.8,1.8,,1.0,1.6,0.6,-3.0,0.4800000000000001,0.4381780460041329,0.26,0.0547722557505166,0.0,0.0,0.06,0.0547722557505166,0.2799999999999999,0.1643167672515498,0.38,0.1643167672515498,0.18,0.1643167672515498,0.14,0.0547722557505166,0.5992,0.1818438890917151,10.0,0.0,4.0,2.5,0.0,0.5,2.5,1.0,0.0,1.5,1.0,3.5,,1.5,1.5,,1.0,1.5,0.5,-3.5,0.4000000000000001,0.4381780460041329,0.25,0.0547722557505166,0.0,0.0,0.05,0.0547722557505166,0.25,0.1643167672515498,0.35,0.1643167672515498,0.15,0.1643167672515498,0.15,0.0547722557505166,0.566,0.1818438890917151,10.0,6.079999999999999,2.76,0.0,0.7599999999999999,0.2199999999999999,0.18,0.6,8.84,8.84,6.079999999999999,2.76,0.3999999999999999,6.079999999999999,2.76,0.0,0.7599999999999999,8.84,0.2199999999999999,0.18,0.6
3904577,Arike Ogunbowale,DAL,2026-05-25,0.0,1.0,12.0,18.0,22.0,19,4,5,5,13,1,0,3,5,20,,4,6,,0,4,2,18,38.0,0.5,0.1052631578947368,0.131578947368421,0.131578947368421,0.3421052631578947,0.5263157894736842,0.1578947368421052,0.0789473684210526,0.6747368421052632,0.0,38.0,0.0,19.0,4.0,5.0,5.0,13.0,1.0,0.0,3.0,5.0,20.0,,4.0,6.0,,0.0,4.0,2.0,18.0,0.5,0.0,0.1052631578947368,0.0,0.131578947368421,0.0,0.131578947368421,0.0,0.3421052631578947,0.0,0.5263157894736842,0.0,0.1578947368421052,0.0,0.0789473684210526,0.0,0.6747368421052632,0.0,32.8,7.12039324756716,12.2,2.4,3.4,3.0,9.8,0.6,0.4,2.6,3.4,16.4,,2.4,3.6,,0.0,2.4,2.0,0.0,0.3319999999999999,0.2300434741521698,0.0631578947368421,0.0576550060531753,0.0949473684210526,0.0501598552662625,0.0789473684210526,0.0720687575664692,0.2852631578947369,0.0778342581717867,0.4917894736842105,0.0472771049636036,0.0947368421052631,0.086482509079763,0.0793684210526315,0.0005765500605306,0.612842105263158,0.0847528588981675,31.8,5.329165037789691,14.8,1.8,3.6,2.9,7.7,0.6,0.3,1.8,4.3,15.1,,3.3,3.9,,0.0,1.8,1.8,1.5,0.4381098484848484,0.2655560931257069,0.050328947368421,0.046702031597237,0.1074395933014354,0.050346627818095,0.0830342902711323,0.0610466298511264,0.2340330940988836,0.0758790946504061,0.4701977671451356,0.0689548105000243,0.1124252392344497,0.0779586345711264,0.0570592105263157,0.0303135711869636,0.5767240829346093,0.0928648677466192,33.861,16.151429596412555,2.5665874439461884,3.577222421524663,2.9185874439461883,0.7592152466367712,0.1518430493273542,1.822116591928251,22.29523946188341,18.718017040358745,19.72865201793722,6.143809865470852,0.9110582959641256,16.151429596412555,2.5665874439461884,3.577222421524663,2.9185874439461883,22.29523946188341,0.7592152466367712,0.1518430493273542,1.822116591928251
3906949,Jessica Shepard,DAL,2026-05-25,0.0,1.0,12.0,18.0,25.0,10,11,6,0,1,0,0,1,5,9,,0,1,,2,9,3,21,33.0,0.303030303030303,0.3333333333333333,0.1818181818181818,0.0,0.0303030303030303,0.2727272727272727,0.0303030303030303,0.0303030303030303,0.3163636363636363,0.0,33.0,0.0,10.0,11.0,6.0,0.0,1.0,0.0,0.0,1.0,5.0,9.0,,0.0,1.0,,2.0,9.0,3.0,21.0,0.303030303030303,0.0,0.3333333333333333,0.0,0.1818181818181818,0.0,0.0,0.0,0.0303030303030303,0.0,0.2727272727272727,0.0,0.0303030303030303,0.0,0.0303030303030303,0.0,0.3163636363636363,0.0,32.2,1.095445115010332,10.0,11.0,4.4,0.0,1.0,0.0,0.0,1.8,5.0,9.8,,0.0,0.6,,3.6,7.4,3.0,2.2,0.3108504398826979,0.0107081633920858,0.3419354838709677,0.0117789797312927,0.1348973607038123,0.0642489803525121,0.0,0.0,0.0310850439882697,0.0010708163392085,0.3055718475073313,0.0449742862467584,0.0181818181818181,0.0165976532577323,0.056891495601173,0.0364077555330902,0.3704633431085044,0.0740790743464464,31.2,1.7511900715418187,12.6,11.2,6.6,0.0,0.9,0.0,0.0,1.5,5.2,8.8,,2.2,3.5,,3.1,8.1,2.8,3.3,0.4063212772890193,0.1272200115160344,0.3624850657108721,0.0819562437791052,0.2122515477354187,0.1333615824643904,0.0,0.0,0.0284457478005865,0.0100372174943161,0.2819376561312045,0.0539182821586869,0.114706201802976,0.1326377057692027,0.0478005865102639,0.0351557518909924,0.3802089714347779,0.0569365938213962,31.834,11.459077777777775,10.69437222222222,5.937966666666666,0.0,0.4421388888888888,0.0,1.3264166666666666,28.09141666666666,22.15345,17.39704444444444,16.63233888888889,0.4421388888888888,11.459077777777775,10.69437222222222,5.937966666666666,0.0,28.09141666666666,0.4421388888888888,0.0,1.3264166666666666
3913881,Alanna Smith,DAL,2026-05-25,0.0,1.0,12.0,18.0,28.0,0,2,3,0,1,1,0,0,0,1,,0,0,,0,2,3,-9,15.0,0.0,0.1333333333333333,0.2,0.0,0.0666666666666666,0.0666666666666666,0.0,0.0,0.0666666666666666,0.0,15.0,0.0,0.0,2.0,3.0,0.0,1.0,1.0,0.0,0.0,0.0,1.0,,0.0,0.0,,0.0,2.0,3.0,-9.0,0.0,0.0,0.1333333333333333,0.0,0.2,0.0,0.0,0.0,0.0666666666666666,0.0,0.0666666666666666,0.0,0.0,0.0,0.0,0.0,0.0666666666666666,0.0,13.0,2.738612787525832,0.8,2.0,1.8,0.0,1.4,0.6,0.0,0.0,0.4,1.8,,0.0,0.0,,0.8,1.2,2.6,-10.6,0.08,0.109544511501033,0.16,0.0365148371670107,0.12,0.1095445115010332,0.0,0.0,0.12,0.0730296743340221,0.1599999999999999,0.1278019300845384,0.0,0.0,0.0,0.0,0.1599999999999999,0.1278019300845385,13.0,3.3665016461207005,3.0,3.1,1.0,0.4,1.9,0.8,0.3,0.2,1.3,3.3,,0.0,0.0,,1.3,1.8,3.4,-5.8,0.2341071428571429,0.1914362893788857,0.2267857142857142,0.106091624215331,0.0742857142857142,0.0973107792338651,0.0330357142857142,0.0485493209491734,0.1505357142857142,0.0601851161404337,0.2653571428571428,0.1432704009393997,0.0,0.0,0.0285714285714285,0.090350790290525,0.2939285714285714,0.1976170156713283,15.134999999999998,2.287295081967213,2.674426229508196,1.9140819672131149,0.1808688524590163,0.9924590163934426,0.4962295081967213,1.116516393442623,6.875803278688524,4.961721311475409,4.201377049180328,4.58850819672131,1.488688524590164,2.287295081967213,2.674426229508196,1.9140819672131149,0.1808688524590163,6.875803278688524,0.9924590163934426,0.4962295081967213,1.116516393442623
4336633,Li Yueru,DAL,2026-05-25,0.0,1.0,12.0,18.0,28.0,0,1,0,0,1,0,0,0,0,1,,0,0,,0,1,0,-4,3.0,0.0,0.3333333333333333,0.0,0.0,0.3333333333333333,0.3333333333333333,0.0,0.0,0.3333333333333333,0.0,3.0,0.0,0.0,1.0,0.0,0.0,1.0,0.0,0.0,0.0,0.0,1.0,,0.0,0.0,,0.0,1.0,0.0,-4.0,0.0,0.0,0.3333333333333333,0.0,0.0,0.0,0.0,0.0,0.3333333333333333,0.0,0.3333333333333333,0.0,0.0,0.0,0.0,0.0,0.3333333333333333,0.0,3.8,1.095445115010329,0.0,0.6,0.0,0.0,0.6,0.0,0.0,0.0,0.0,0.6,,0.0,0.0,,0.0,0.6,0.0,-2.0,0.0,0.0,0.2,0.1825741858350553,0.0,0.0,0.0,0.0,0.2,0.1825741858350553,0.2,0.1825741858350553,0.0,0.0,0.0,0.0,0.2,0.1825741858350552,8.9,7.709301740970665,2.2,3.3,0.9,0.3,1.3,0.3,0.0,0.3,0.3,1.8,,1.3,2.0,,1.5,1.8,0.9,4.4,0.125,0.1670828137980285,0.295,0.2187294963935878,0.045,0.0724568837309472,0.015,0.0241522945769824,0.1649999999999999,0.1368630026029002,0.2199999999999999,0.1912919041480653,0.13,0.1702938636592639,0.015,0.0241522945769822,0.2922,0.2402482358204007,7.79,1.5655675675675678,2.29654054054054,0.4509729729729729,0.1503243243243243,0.2105405405405405,0.0,0.2105405405405405,4.313081081081081,3.862108108108108,2.0165405405405408,2.747513513513513,0.2105405405405405,1.5655675675675678,2.29654054054054,0.4509729729729729,0.1503243243243243,4.313081081081081,0.2105405405405405,0.0,0.2105405405405405
4398899,Grace Berger,DAL,2026-05-25,0.0,22.0,0.0,0.0,7.0,2,1,2,0,0,1,0,0,0,1,,2,2,,0,1,1,0,9.0,0.2222222222222222,0.1111111111111111,0.2222222222222222,0.0,0.0,0.1111111111111111,0.2222222222222222,0.0,0.2088888888888888,0.0,9.0,0.0,2.0,1.0,2.0,0.0,0.0,1.0,0.0,0.0,0.0,1.0,,2.0,2.0,,0.0,1.0,1.0,0.0,0.2222222222222222,0.0,0.1111111111111111,0.0,0.2222222222222222,0.0,0.0,0.0,0.0,0.0,0.1111111111111111,0.0,0.2222222222222222,0.0,0.0,0.0,0.2088888888888888,0.0,11.0,2.7386127875258306,2.4,1.4,2.4,0.4,0.8,0.6,0.0,0.0,0.4,1.8,,1.2,1.2,,0.0,1.4,0.6,2.4,0.219047619047619,0.0043470044246441,0.1238095238095238,0.0173880176985767,0.219047619047619,0.0043470044246441,0.0285714285714285,0.0391230398217975,0.0571428571428571,0.0782460796435951,0.1523809523809523,0.0565110575203742,0.1333333333333333,0.1217161238900369,0.0,0.0,0.211047619047619,0.002955963008758,11.5,2.7386127875258306,2.5,1.5,2.5,0.5,1.0,0.5,0.0,0.0,0.5,2.0,,1.0,1.0,,0.0,1.5,0.5,3.0,0.2182539682539682,0.0043470044246441,0.1269841269841269,0.0173880176985767,0.2182539682539682,0.0043470044246441,0.0357142857142857,0.0391230398217975,0.0714285714285714,0.0782460796435951,0.1626984126984127,0.0565110575203742,0.1111111111111111,0.1217161238900369,0.0,0.0,0.2115873015873015,0.002955963008758,10.2,2.24,1.24,2.24,0.24,0.2243999999999999,0.1835999999999999,0.612,5.720000000000001,3.4799999999999995,4.48,3.4799999999999995,0.4079999999999999,2.24,1.24,2.24,0.24,5.719999999999999,0.2243999999999999,0.1835999999999999,0.612
4399415,Maddy Siegrist,DAL,2026-05-25,0.0,1.0,12.0,18.0,28.0,2,1,0,0,0,1,1,1,1,1,,0,0,,0,1,1,2,6.0,0.3333333333333333,0.1666666666666666,0.0,0.0,0.0,0.1666666666666666,0.0,0.1666666666666666,0.3333333333333333,0.0,6.0,0.0,2.0,1.0,0.0,0.0,0.0,1.0,1.0,1.0,1.0,1.0,,0.0,0.0,,0.0,1.0,1.0,2.0,0.3333333333333333,0.0,0.1666666666666666,0.0,0.0,0.0,0.0,0.0,0.0,0.0,0.1666666666666666,0.0,0.0,0.0,0.1666666666666666,0.0,0.3333333333333333,0.0,10.4,6.024948132556828,3.2,1.4,0.4,0.4,0.4,0.6,1.0,0.6,1.4,3.8,,0.0,0.0,,0.8,0.6,1.0,-0.4,0.3176470588235294,0.0214793159805933,0.1470588235294117,0.0268491449757438,0.0235294117647058,0.032218973970892,0.0235294117647058,0.0322189739708921,0.0235294117647058,0.0322189739708921,0.288235294117647,0.166464698849609,0.0,0.0,0.1,0.0912870929175276,0.388235294117647,0.075177605932082,11.0,5.8878405775518985,3.1,1.2,0.5,0.5,1.0,0.6,0.6,0.3,1.3,3.9,,0.0,0.0,,0.6,0.6,0.9,-0.5,0.238235294117647,0.1748930945318596,0.1281512605042016,0.0492757082260113,0.0276470588235294,0.037619475188987,0.0276470588235294,0.037619475188987,0.0805042016806722,0.0721078264752516,0.2790336134453781,0.1608381209640096,0.0,0.0,0.05,0.0805076485899413,0.3290336134453781,0.1409438410430522,10.151,3.902693478260869,1.3988304347826086,0.4270108695652174,0.3608086956521739,0.2206739130434782,0.3310108695652173,0.1103369565217391,5.728534782608695,5.301523913043478,4.329704347826087,1.825841304347826,0.5516847826086956,3.902693478260869,1.3988304347826086,0.4270108695652174,0.3608086956521739,5.728534782608695,0.2206739130434782,0.3310108695652173,0.1103369565217391
4433730,Paige Bueckers,DAL,2026-05-25,0.0,1.0,12.0,18.0,28.0,24,6,2,2,4,0,0,1,7,13,,8,8,,2,4,4,8,36.0,0.6666666666666666,0.1666666666666666,0.0555555555555555,0.0555555555555555,0.1111111111111111,0.3611111111111111,0.2222222222222222,0.0277777777777777,0.4866666666666666,0.0,36.0,0.0,24.0,6.0,2.0,2.0,4.0,0.0,0.0,1.0,7.0,13.0,,8.0,8.0,,2.0,4.0,4.0,8.0,0.6666666666666666,0.0,0.1666666666666666,0.0,0.0555555555555555,0.0,0.0555555555555555,0.0,0.1111111111111111,0.0,0.3611111111111111,0.0,0.2222222222222222,0.0,0.0277777777777777,0.0,0.4866666666666666,0.0,34.0,2.73861278752583,17.2,4.0,4.0,1.6,4.8,0.8,0.0,1.8,5.4,13.0,,4.8,5.6,,1.2,2.8,4.0,-5.2,0.4903225806451613,0.2414690844915249,0.1129032258064516,0.0736186233205868,0.1236559139784946,0.0932502562060767,0.0462365591397849,0.0127605613755682,0.1440860215053763,0.0451527556366265,0.3844086021505376,0.0319014034389222,0.1591397849462365,0.0863791846961552,0.0553763440860215,0.0377908933045679,0.5098064516129032,0.0316854554771797,33.3,2.0575065816014457,18.3,3.3,4.6,1.6,4.4,0.6,0.0,2.2,7.0,14.7,,2.7,3.3,,0.6,2.7,3.6,-1.5,0.5404692082111436,0.2234892153800504,0.096041055718475,0.0550495624332096,0.1419843597262952,0.0743130611956596,0.0475562072336265,0.028308377713917,0.133822091886608,0.0448289071912546,0.4432306940371456,0.094848667577043,0.0951124144672531,0.0900162009756531,0.0676686217008797,0.0338817992306711,0.5527487781036168,0.0983773386332669,33.994,20.268815789473685,3.782615789473685,4.419026315789473,1.9644105263157896,0.4472894736842105,0.1490964912280701,1.789157894736842,28.470457894736843,24.05143157894737,24.68784210526316,8.201642105263158,0.5963859649122807,20.268815789473685,3.782615789473685,4.419026315789473,1.9644105263157896,28.470457894736843,0.4472894736842105,0.1490964912280701,1.789157894736842
4433790,Azzi Fudd,DAL,2026-05-25,0.0,1.0,12.0,15.0,25.0,24,2,3,6,12,3,2,1,9,15,,0,0,,0,2,3,22,32.0,0.75,0.0625,0.09375,0.1875,0.375,0.46875,0.0,0.03125,0.5,0.0,32.0,0.0,24.0,2.0,3.0,6.0,12.0,3.0,2.0,1.0,9.0,15.0,,0.0,0.0,,0.0,2.0,3.0,22.0,0.75,0.0,0.0625,0.0,0.09375,0.0,0.1875,0.0,0.375,0.0,0.46875,0.0,0.0,0.0,0.03125,0.0,0.5,0.0,27.6,6.024948132556828,17.2,1.6,1.8,4.0,8.8,2.2,2.4,0.6,6.6,12.6,,0.0,0.0,,0.0,1.6,2.2,12.8,0.5833333333333334,0.2282177322938193,0.056547619047619,0.0081506332962078,0.05625,0.0513489897661093,0.131547619047619,0.0766159529843536,0.3011904761904762,0.101067852872977,0.4526785714285714,0.0220067098997608,0.0,0.0,0.01875,0.0171163299220364,0.4714285714285713,0.0391230398217969,26.7,4.643992535164819,14.1,1.1,1.5,2.7,5.5,1.3,1.5,0.7,5.4,9.9,,0.6,0.6,,0.1,1.0,1.7,10.1,0.5035714285714286,0.1782669361634416,0.0413690476190476,0.0304629730142631,0.0513392857142857,0.0465014880714278,0.0919642857142857,0.0691241194985329,0.1952380952380952,0.1360480440682062,0.3709821428571428,0.1117053139665581,0.0214285714285714,0.0345032779671177,0.0242559523809523,0.0170255264701947,0.4046666666666667,0.0910961217690442,27.451666666666664,15.458,1.4782727272727274,1.7182727272727274,3.0078181818181817,1.343787878787879,1.151818181818182,0.9598484848484848,18.654545454545453,16.936272727272726,17.17627272727273,3.196545454545455,2.495606060606061,15.458,1.4782727272727274,1.7182727272727274,3.0078181818181817,18.654545454545453,1.343787878787879,1.151818181818182,0.9598484848484848
4433792,Rayah Marshall,DAL,2026-05-25,0.0,22.0,0.0,0.0,4.0,0,0,0,0,0,1,0,1,0,0,,0,0,,0,0,1,-4,3.0,0.0,0.0,0.0,0.0,0.0,0.0,0.0,0.3333333333333333,0.3333333333333333,0.0,3.0,0.0,0.0,0.0,0.0,0.0,0.0,1.0,0.0,1.0,0.0,0.0,,0.0,0.0,,0.0,0.0,1.0,-4.0,0.0,0.0,0.0,0.0,0.0,0.0,0.0,0.0,0.0,0.0,0.0,0.0,0.0,0.0,0.3333333333333333,0.0,0.3333333333333333,0.0,3.0,0.0,0.0,0.0,0.0,0.0,0.0,1.0,0.0,1.0,0.0,0.0,,0.0,0.0,,0.0,0.0,1.0,-4.0,0.0,0.0,0.0,0.0,0.0,0.0,0.0,0.0,0.0,0.0,0.0,0.0,0.0,0.0,0.3333333333333333,0.0,0.3333333333333333,0.0,3.0,0.0,0.0,0.0,0.0,0.0,0.0,1.0,0.0,1.0,0.0,0.0,,0.0,0.0,,0.0,0.0,1.0,-4.0,0.0,0.0,0.0,0.0,0.0,0.0,0.0,0.0,0.0,0.0,0.0,0.0,0.0,0.0,0.3333333333333333,0.0,0.3333333333333333,0.0,8.0,0.0,0.0,0.0,0.0,0.176,0.144,0.48,0.0,0.0,0.0,0.0,0.3199999999999999,0.0,0.0,0.0,0.0,0.0,0.176,0.144,0.48
4433807,Aziaha James,DAL,2026-05-25,0.0,1.0,12.0,18.0,28.0,2,1,0,0,0,0,0,0,1,2,,0,0,,1,0,0,-3,4.0,0.5,0.25,0.0,0.0,0.0,0.5,0.0,0.0,0.5,0.0,4.0,0.0,2.0,1.0,0.0,0.0,0.0,0.0,0.0,0.0,1.0,2.0,,0.0,0.0,,1.0,0.0,0.0,-3.0,0.5,0.0,0.25,0.0,0.0,0.0,0.0,0.0,0.0,0.0,0.5,0.0,0.0,0.0,0.0,0.0,0.5,0.0,9.6,7.668115805072325,3.6,2.2,2.0,0.4,1.6,1.2,0.4,0.4,1.4,3.6,,0.4,0.8,,0.6,1.6,1.2,-2.6,0.4333333333333333,0.0912870929175258,0.2388888888888888,0.0152145154862542,0.1111111111111111,0.1521451548625461,0.0222222222222222,0.0304290309725092,0.0888888888888888,0.1217161238900367,0.4333333333333333,0.0912870929175285,0.0444444444444444,0.0608580619450191,0.0222222222222222,0.0304290309725091,0.4751111111111111,0.0340805146892107,9.7,5.963779562212757,4.4,2.9,1.5,0.4,1.4,1.3,0.3,0.6,1.7,4.5,,0.6,0.9,,0.9,2.0,1.7,-1.0,0.5142857142857143,0.2344160174488585,0.3202380952380952,0.1255018480572825,0.0833333333333333,0.1341794143165688,0.0309523809523809,0.0472427815278014,0.0952380952380952,0.1243104775076267,0.5232142857142856,0.1674549103919062,0.0761904761904761,0.1344373541854581,0.0541666666666666,0.0545628908095781,0.6109047619047618,0.2038300583863234,9.15,3.995746835443038,1.901392405063291,0.8864556962025316,0.4354683544303797,1.0424050632911392,0.3474683544303797,0.5791139240506329,6.783594936708861,5.897139240506329,4.88220253164557,2.7878481012658227,1.3898734177215188,3.995746835443038,1.901392405063291,0.8864556962025316,0.4354683544303797,6.783594936708861,1.0424050632911392,0.3474683544303797,0.5791139240506329
4434015,JJ Quinerly,DAL,2026-05-25,0.0,1.0,12.0,18.0,25.0,0,0,0,0,0,0,0,0,0,0,,0,0,,0,0,0,0,0.0,,,,,,,,,,0.0,0.0,0.0,0.0,0.0,0.0,0.0,0.0,0.0,0.0,0.0,0.0,0.0,,0.0,0.0,,0.0,0.0,0.0,0.0,,,,,,,,,,,,,,,,,,,0.0,0.0,0.0,0.0,0.0,0.0,0.0,0.0,0.0,0.0,0.0,0.0,,0.0,0.0,,0.0,0.0,0.0,0.0,,,,,,,,,,,,,,,,,,,0.0,0.0,0.0,0.0,0.0,0.0,0.0,0.0,0.0,0.0,0.0,0.0,,0.0,0.0,,0.0,0.0,0.0,0.0,,,,,,,,,,,,,,,,,,,8.0,0.0,0.0,0.0,0.0,0.176,0.144,0.48,0.0,0.0,0.0,0.0,0.3199999999999999,0.0,0.0,0.0,0.0,0.0,0.176,0.144,0.48
4594527,Dulcy Fankam Mendjiadeu,DAL,2026-05-25,0.0,1.0,3.0,3.0,13.0,0,0,0,0,0,0,0,0,0,0,,0,0,,0,0,0,0,0.0,,,,,,,,,,0.0,0.0,0.0,0.0,0.0,0.0,0.0,0.0,0.0,0.0,0.0,0.0,0.0,,0.0,0.0,,0.0,0.0,0.0,0.0,,,,,,,,,,,,,,,,,,,0.0,0.0,0.0,0.0,0.0,0.0,0.0,0.0,0.0,0.0,0.0,0.0,,0.0,0.0,,0.0,0.0,0.0,0.0,,,,,,,,,,,,,,,,,,,4.2,5.452828012447608,0.8,0.6,0.1,0.0,0.0,0.0,0.0,0.4,0.4,0.7,,0.0,0.0,,0.4,0.2,1.1,0.6,0.1666666666666666,0.3333333333333334,0.1375,0.0749999999999999,0.0208333333333333,0.0416666666666666,0.0,0.0,0.0,0.0,0.1458333333333333,0.2916666666666666,0.0,0.0,0.0958333333333333,0.0083333333333333,0.2416666666666666,0.2833333333333333,8.0,0.16,0.12,0.02,0.0,0.176,0.144,0.48,0.30000000000000004,0.28,0.18,0.14,0.3199999999999999,0.16,0.12,0.02,0.0,0.3,0.176,0.144,0.48
4790266,Awak Kuier,DAL,2026-05-25,0.0,1.0,12.0,18.0,22.0,10,6,1,2,3,0,2,1,2,3,,4,4,,1,5,0,17,24.0,0.4166666666666667,0.25,0.0416666666666666,0.0833333333333333,0.125,0.125,0.1666666666666666,0.0416666666666666,0.24,0.0,24.0,0.0,10.0,6.0,1.0,2.0,3.0,0.0,2.0,1.0,2.0,3.0,,4.0,4.0,,1.0,5.0,0.0,17.0,0.4166666666666667,0.0,0.25,0.0,0.0416666666666666,0.0,0.0833333333333333,0.0,0.125,0.0,0.125,0.0,0.1666666666666666,0.0,0.0416666666666666,0.0,0.24,0.0,21.2,3.8340579025361614,12.4,5.2,0.6,2.0,2.6,0.4,1.6,1.8,3.6,4.2,,3.2,4.4,,0.6,4.6,0.0,13.4,0.6264705882352941,0.2872858512404548,0.2441176470588235,0.0080547434927243,0.025,0.0228217732293816,0.0970588235294117,0.0187944014830204,0.1220588235294117,0.0040273717463619,0.2161764705882353,0.124848524137207,0.2176470588235294,0.069807776936933,0.0955882352941176,0.0738351486832944,0.4075294117647058,0.2293990946727518,15.8,7.983315935958774,8.7,3.6,0.7,1.2,2.0,0.6,1.0,1.2,2.8,3.9,,1.9,2.8,,0.4,3.2,0.4,7.7,0.4523529411764705,0.3850744438547031,0.2205882352941176,0.0324863559329037,0.0325,0.0620446374559239,0.0602941176470588,0.0537504712686736,0.1427941176470588,0.0401329609665175,0.2933823529411765,0.1201135444172713,0.143235294117647,0.12480447350329,0.0654411764705882,0.0787460497006525,0.4218470588235294,0.1760933837923947,18.347,9.303193258426967,4.569752808988763,1.1858134831460674,1.354438202247191,1.0307303370786518,1.0307303370786518,1.0307303370786518,15.058759550561797,13.87294606741573,10.489006741573034,5.755566292134831,2.061460674157304,9.303193258426967,4.569752808988763,1.1858134831460674,1.354438202247191,15.058759550561795,1.0307303370786518,1.0307303370786518,1.0307303370786518
5345473,Costanza Verona,DAL,2026-05-25,0.0,1.0,3.0,3.0,7.0,0,0,0,0,0,0,0,0,0,0,,0,0,,0,0,0,0,0.0,,,,,,,,,,0.0,0.0,0.0,0.0,0.0,0.0,0.0,0.0,0.0,0.0,0.0,0.0,0.0,,0.0,0.0,,0.0,0.0,0.0,0.0,,,,,,,,,,,,,,,,,,,1.6,2.1908902300206643,0.0,0.0,0.0,0.0,0.0,0.4,0.0,0.0,0.0,1.6,,0.0,0.0,,0.0,0.0,0.0,-1.2,0.0,0.0,0.0,0.0,0.0,0.0,0.0,0.0,0.0,0.0,1.0,0.0,0.0,0.0,0.0,0.0,1.0,0.0,2.0,2.1908902300206643,0.0,0.0,0.0,0.0,0.0,0.5,0.0,0.0,0.0,2.0,,0.0,0.0,,0.0,0.0,0.0,-1.5,0.0,0.0,0.0,0.0,0.0,0.0,0.0,0.0,0.0,0.0,1.0,0.0,0.0,0.0,0.0,0.0,1.0,0.0,8.0,0.0,0.0,0.0,0.0,0.176,0.144,0.48,0.0,0.0,0.0,0.0,0.3199999999999999,0.0,0.0,0.0,0.0,0.0,0.176,0.144,0.48
1054,Tiffany Hayes,GSV,2026-05-25,0.0,3.0,6.0,6.0,13.0,19,2,2,2,2,1,0,2,7,13,,3,3,,0,2,3,0,26.0,0.7307692307692307,0.0769230769230769,0.0769230769230769,0.0769230769230769,0.0769230769230769,0.5,0.1153846153846153,0.0769230769230769,0.6276923076923077,0.0,26.0,0.0,19.0,2.0,2.0,2.0,2.0,1.0,0.0,2.0,7.0,13.0,,3.0,3.0,,0.0,2.0,3.0,0.0,0.7307692307692307,0.0,0.0769230769230769,0.0,0.0769230769230769,0.0,0.0769230769230769,0.0,0.0769230769230769,0.0,0.5,0.0,0.1153846153846153,0.0,0.0769230769230769,0.0,0.6276923076923077,0.0,21.2,6.572670690061993,15.0,1.6,2.0,1.6,2.8,0.6,0.0,1.2,5.0,10.6,,3.4,3.4,,0.0,1.6,2.2,1.2,0.6956043956043956,0.0481514336268281,0.0747252747252747,0.0030094646016766,0.1032967032967033,0.0361135752201208,0.0747252747252747,0.0030094646016768,0.1604395604395604,0.1143596548637159,0.5,0.0,0.1835164835164835,0.0932934026519788,0.0461538461538461,0.0421325044234743,0.6269010989010988,0.0010834072566046,14.2,9.114091653405,9.2,0.9,1.6,1.0,2.3,0.4,0.0,0.7,2.9,6.7,,2.4,2.7,,0.0,0.9,1.6,-1.6,0.5370879120879121,0.2094258477029728,0.0445054945054945,0.0383698540916555,0.1509340659340659,0.073533851986664,0.0545054945054945,0.0385127863702945,0.2037912087912087,0.0911901984668392,0.4149999999999999,0.1179689224612425,0.2703296703296703,0.1838046913258617,0.033076923076923,0.0432186313829964,0.567021978021978,0.0775376366314629,19.407333333333334,13.930718181818182,1.4499363636363638,2.0912272727272727,1.4579363636363638,0.4410757575757576,0.0,0.8821515151515152,17.47188181818182,15.380654545454547,16.021945454545456,3.5411636363636365,0.4410757575757576,13.930718181818182,1.4499363636363638,2.0912272727272727,1.4579363636363638,17.47188181818182,0.4410757575757576,0.0,0.8821515151515152
2529622,Kayla Thornton,GSV,2026-05-25,0.0,3.0,6.0,9.0,19.0,10,2,0,1,2,1,0,1,3,5,,3,3,,0,2,3,-9,27.0,0.3703703703703703,0.074074074074074,0.0,0.037037037037037,0.074074074074074,0.1851851851851851,0.1111111111111111,0.037037037037037,0.2711111111111111,0.0,27.0,0.0,10.0,2.0,0.0,1.0,2.0,1.0,0.0,1.0,3.0,5.0,,3.0,3.0,,0.0,2.0,3.0,-9.0,0.3703703703703703,0.0,0.074074074074074,0.0,0.0,0.0,0.037037037037037,0.0,0.074074074074074,0.0,0.1851851851851851,0.0,0.1111111111111111,0.0,0.037037037037037,0.0,0.2711111111111111,0.0,27.4,0.5477225575051728,10.4,3.2,0.4,0.6,2.0,1.0,0.8,0.6,3.8,6.6,,2.2,2.6,,0.8,2.4,3.0,1.0,0.3793650793650793,0.0123165125364927,0.1158730158730158,0.0572355582578149,0.0142857142857142,0.0195615199108987,0.0222222222222222,0.0202860206483395,0.073015873015873,0.0014490014748742,0.2396825396825396,0.0746235759563919,0.0952380952380952,0.0217350221232208,0.0222222222222222,0.0202860206483394,0.3038095238095238,0.044774145573835,28.6,1.5055453054181644,8.2,4.2,0.3,0.6,2.9,0.6,0.9,0.4,3.2,8.9,,1.2,1.5,,1.6,2.6,2.4,2.1,0.2902585765488991,0.2128334741394761,0.1454710701484895,0.0576108522679826,0.0107142857142857,0.0172516389835588,0.0207885304659498,0.0319006110792254,0.0994572452636968,0.0572003165582282,0.3071454173067076,0.0923364090921584,0.0547619047619047,0.0498380681747255,0.014336917562724,0.0185602233337013,0.3455775729646697,0.0643376949255136,28.069,10.025658904109587,3.9124493150684927,0.3107041095890411,1.1194643835616436,0.3845068493150684,0.5767602739726027,0.7690136986301369,14.248812328767121,13.938108219178082,10.33636301369863,4.223153424657534,0.961267123287671,10.025658904109587,3.9124493150684927,0.3107041095890411,1.1194643835616436,14.248812328767125,0.3845068493150684,0.5767602739726027,0.7690136986301369
2590093,Kiah Stokes,GSV,2026-05-25,0.0,3.0,6.0,9.0,19.0,2,7,1,0,1,1,1,1,1,4,,0,0,,3,4,3,-1,23.0,0.0869565217391304,0.3043478260869565,0.0434782608695652,0.0,0.0434782608695652,0.1739130434782608,0.0,0.0434782608695652,0.217391304347826,0.0,23.0,0.0,2.0,7.0,1.0,0.0,1.0,1.0,1.0,1.0,1.0,4.0,,0.0,0.0,,3.0,4.0,3.0,-1.0,0.0869565217391304,0.0,0.3043478260869565,0.0,0.0434782608695652,0.0,0.0,0.0,0.0434782608695652,0.0,0.1739130434782608,0.0,0.0,0.0,0.0434782608695652,0.0,0.217391304347826,0.0,24.2,1.6431676725155029,3.6,5.4,1.8,0.8,1.8,1.0,1.0,0.6,1.4,3.6,,0.0,0.0,,1.8,3.6,2.6,1.8,0.1444816053511705,0.0787694647917128,0.2287625418060201,0.1034994130402739,0.0722408026755852,0.0393847323958564,0.0307692307692307,0.0421325044234743,0.0722408026755852,0.0393847323958564,0.1505016722408026,0.0320573403222087,0.0,0.0,0.0260869565217391,0.0238140242393552,0.1765886287625418,0.0558713645615638,24.7,4.785394445602164,4.6,6.6,1.8,0.6,1.9,0.7,2.1,0.3,1.8,4.7,,0.4,0.8,,1.8,4.8,3.6,-0.6,0.1754238265482643,0.0784725773552371,0.2627897589666704,0.1116156614388149,0.0683485180486679,0.0382469089785404,0.023076923076923,0.0371573762722806,0.0760408257409756,0.0297689651628915,0.1849325337331334,0.0672027863869065,0.0360742705570291,0.0526242833639776,0.0130434782608695,0.0210019952843325,0.2138486910390958,0.0780116941785802,23.494,3.928702608695652,5.976166956521739,1.6791965217391305,0.4051547826086956,0.8171826086956522,2.0429565217391303,0.204295652173913,11.584066086956522,9.90486956521739,5.607899130434783,7.655363478260869,2.8601391304347823,3.928702608695652,5.976166956521739,1.6791965217391305,0.4051547826086956,11.584066086956522,0.8171826086956522,2.0429565217391303,0.204295652173913
3142328,Gabby Williams,GSV,2026-05-25,0.0,3.0,6.0,9.0,19.0,6,0,3,0,3,4,0,3,2,8,,2,2,,0,0,0,-6,22.0,0.2727272727272727,0.0,0.1363636363636363,0.0,0.1363636363636363,0.3636363636363636,0.0909090909090909,0.1363636363636363,0.54,0.0,22.0,0.0,6.0,0.0,3.0,0.0,3.0,4.0,0.0,3.0,2.0,8.0,,2.0,2.0,,0.0,0.0,0.0,-6.0,0.2727272727272727,0.0,0.0,0.0,0.1363636363636363,0.0,0.0,0.0,0.1363636363636363,0.0,0.3636363636363636,0.0,0.0909090909090909,0.0,0.1363636363636363,0.0,0.54,0.0,21.6,0.5477225575051696,10.0,0.8,2.6,1.6,4.2,2.4,0.0,1.8,2.8,9.2,,2.8,3.6,,0.0,0.8,1.2,2.4,0.4683982683982683,0.2679335454462501,0.038095238095238,0.05216405309573,0.1199134199134199,0.0225253865640652,0.0761904761904761,0.1043281061914602,0.196103896103896,0.0818027196273949,0.4277056277056277,0.0877304529337279,0.1688311688311688,0.1066991995139933,0.0818181818181818,0.0746894396597953,0.5838095238095238,0.0599886610600894,25.7,5.437523946307429,13.9,2.6,2.1,2.5,5.4,1.9,0.4,1.9,4.3,12.1,,2.8,3.7,,0.4,2.2,1.4,2.7,0.5385146103896103,0.2017740901152369,0.0910714285714285,0.0682536798628089,0.0882305194805194,0.0432929461057782,0.0977678571428571,0.0783511937169964,0.2109983766233766,0.0667085254201796,0.4662337662337663,0.080140826612693,0.153612012987013,0.095205278083263,0.0721590909090909,0.0587457137525583,0.6059821428571428,0.0557321474132389,23.86,10.804641221374045,2.287083969465649,2.4926717557251905,1.7353893129770994,1.8213740458015264,0.3642748091603053,2.0035114503816795,15.584396946564883,13.091725190839693,13.297312977099237,4.77975572519084,2.185648854961832,10.804641221374045,2.287083969465649,2.4926717557251905,1.7353893129770994,15.584396946564883,1.8213740458015264,0.3642748091603053,2.0035114503816795
4065780,Kaila Charles,GSV,2026-05-25,0.0,3.0,6.0,9.0,19.0,4,7,1,0,3,0,0,2,0,6,,4,4,,2,5,4,-9,23.0,0.1739130434782608,0.3043478260869565,0.0434782608695652,0.0,0.1304347826086956,0.2608695652173913,0.1739130434782608,0.0869565217391304,0.4243478260869565,0.0,23.0,0.0,4.0,7.0,1.0,0.0,3.0,0.0,0.0,2.0,0.0,6.0,,4.0,4.0,,2.0,5.0,4.0,-9.0,0.1739130434782608,0.0,0.3043478260869565,0.0,0.0434782608695652,0.0,0.0,0.0,0.1304347826086956,0.0,0.2608695652173913,0.0,0.1739130434782608,0.0,0.0869565217391304,0.0,0.4243478260869565,0.0,23.4,0.5477225575051473,7.6,7.0,1.0,0.4,3.8,0.0,0.0,1.6,2.0,7.6,,3.2,3.6,,2.0,5.0,2.8,3.4,0.3210144927536231,0.2014269550245447,0.2992753623188405,0.0069457570698124,0.0427536231884057,0.0009922510099732,0.0166666666666666,0.0228217732293819,0.1615942028985507,0.0426667934288444,0.3231884057971014,0.085333586857689,0.1543478260869565,0.0267907772692745,0.0688405797101449,0.0248062752493281,0.4599420289855073,0.0487393696098798,25.8,3.326659986633236,8.5,7.3,1.3,0.7,4.1,0.1,0.0,1.3,2.9,8.3,,2.0,2.3,,2.7,4.6,3.1,2.4,0.3323146056841709,0.1569005311662621,0.2873541313758705,0.0596364176560957,0.050002352719744,0.0152805401209376,0.0262445887445887,0.0184552106685909,0.1596390927912667,0.0342911753115992,0.323931865236213,0.0702314295392576,0.0957345191040843,0.0742625621074733,0.0523315452663278,0.0241558396675764,0.418386598908338,0.0764219984013891,24.155,6.637984000000001,6.650152,1.235608,0.575776,0.19324,0.19324,1.35268,14.523744,13.288136000000002,7.873592000000001,7.88576,0.38648,6.637984000000001,6.650152,1.235608,0.575776,14.523744,0.19324,0.19324,1.35268
4257500,Cecilia Zandalasini,GSV,2026-05-25,0.0,3.0,3.0,3.0,10.0,0,0,0,0,0,0,0,0,0,0,,0,0,,0,0,0,0,0.0,,,,,,,,,,0.0,0.0,0.0,0.0,0.0,0.0,0.0,0.0,0.0,0.0,0.0,0.0,0.0,,0.0,0.0,,0.0,0.0,0.0,0.0,,,,,,,,,,,,,,,,,,,2.8,3.8340579025361614,3.2,0.8,0.4,0.4,1.2,0.4,0.0,0.0,1.2,2.0,,0.4,0.8,,0.0,0.8,0.0,3.2,1.1428571428571428,0.0,0.2857142857142857,0.0,0.1428571428571428,0.0,0.1428571428571428,0.0,0.4285714285714285,0.0,0.7142857142857143,0.0,0.2857142857142857,0.0,0.0,0.0,0.84,0.0,2.333333333333333,3.5,2.6666666666666665,0.6666666666666666,0.3333333333333333,0.3333333333333333,1.0,0.3333333333333333,0.0,0.0,1.0,1.6666666666666667,,0.3333333333333333,0.6666666666666666,,0.0,0.6666666666666666,0.0,2.6666666666666665,1.1428571428571428,0.0,0.2857142857142857,0.0,0.1428571428571428,0.0,0.1428571428571428,0.0,0.4285714285714285,0.0,0.7142857142857143,0.0,0.2857142857142857,0.0,0.0,0.0,0.84,0.0,7.65,1.653333333333333,0.4133333333333333,0.2066666666666666,0.2066666666666666,0.1683,0.1377,0.459,2.273333333333333,2.0666666666666664,1.86,0.62,0.306,1.653333333333333,0.4133333333333333,0.2066666666666666,0.2066666666666666,2.273333333333333,0.1683,0.1377,0.459
4398577,Miela Sowah,GSV,2026-05-25,0.0,4.0,3.0,6.0,16.0,0,0,0,0,1,0,0,0,0,1,,0,0,,0,0,1,-4,3.0,0.0,0.0,0.0,0.0,0.3333333333333333,0.3333333333333333,0.0,0.0,0.3333333333333333,0.0,3.0,0.0,0.0,0.0,0.0,0.0,1.0,0.0,0.0,0.0,0.0,1.0,,0.0,0.0,,0.0,0.0,1.0,-4.0,0.0,0.0,0.0,0.0,0.0,0.0,0.0,0.0,0.3333333333333333,0.0,0.3333333333333333,0.0,0.0,0.0,0.0,0.0,0.3333333333333333,0.0,1.8,1.6431676725154982,0.0,0.0,0.0,0.0,0.6,0.0,0.0,0.0,0.0,0.6,,0.0,0.0,,0.0,0.0,0.6,-2.4,0.0,0.0,0.0,0.0,0.0,0.0,0.0,0.0,0.3333333333333333,0.0,0.3333333333333333,0.0,0.0,0.0,0.0,0.0,0.3333333333333333,0.0,1.2,1.5491933384829677,0.0,0.0,0.0,0.0,0.4,0.0,0.0,0.0,0.0,0.4,,0.0,0.0,,0.0,0.0,0.3,-1.8,0.0,0.0,0.0,0.0,0.0,0.0,0.0,0.0,0.3333333333333333,0.0,0.3333333333333333,0.0,0.0,0.0,0.0,0.0,0.3333333333333333,0.0,6.25,0.0,0.0,0.0,0.0,0.1374999999999999,0.1124999999999999,0.375,0.0,0.0,0.0,0.0,0.2499999999999999,0.0,0.0,0.0,0.0,0.0,0.1374999999999999,0.1124999999999999,0.375
4398698,Cate Reese,GSV,2026-05-25,0.0,30.0,0.0,0.0,4.0,2,2,0,0,0,1,0,2,0,1,,2,2,,0,2,4,4,11.0,0.1818181818181818,0.1818181818181818,0.0,0.0,0.0,0.0909090909090909,0.1818181818181818,0.1818181818181818,0.3527272727272727,0.0,11.0,0.0,2.0,2.0,0.0,0.0,0.0,1.0,0.0,2.0,0.0,1.0,,2.0,2.0,,0.0,2.0,4.0,4.0,0.1818181818181818,0.0,0.1818181818181818,0.0,0.0,0.0,0.0,0.0,0.0,0.0,0.0909090909090909,0.0,0.1818181818181818,0.0,0.1818181818181818,0.0,0.3527272727272727,0.0,11.0,0.0,2.0,2.0,0.0,0.0,0.0,1.0,0.0,2.0,0.0,1.0,,2.0,2.0,,0.0,2.0,4.0,4.0,0.1818181818181818,0.0,0.1818181818181818,0.0,0.0,0.0,0.0,0.0,0.0,0.0,0.0909090909090909,0.0,0.1818181818181818,0.0,0.1818181818181818,0.0,0.3527272727272727,0.0,11.0,0.0,2.0,2.0,0.0,0.0,0.0,1.0,0.0,2.0,0.0,1.0,,2.0,2.0,,0.0,2.0,4.0,4.0,0.1818181818181818,0.0,0.1818181818181818,0.0,0.0,0.0,0.0,0.0,0.0,0.0,0.0909090909090909,0.0,0.1818181818181818,0.0,0.1818181818181818,0.0,0.3527272727272727,0.0,11.0,2.0,2.0,0.0,0.0,0.242,0.1979999999999999,0.6599999999999999,4.0,4.0,2.0,2.0,0.4399999999999999,2.0,2.0,0.0,0.0,4.0,0.242,0.1979999999999999,0.6599999999999999
4398935,Veronica Burton,GSV,2026-05-25,0.0,3.0,6.0,9.0,19.0,17,3,3,2,5,0,2,3,4,12,,7,8,,0,3,5,-6,29.0,0.5862068965517241,0.1034482758620689,0.1034482758620689,0.0689655172413793,0.1724137931034483,0.4137931034482758,0.2758620689655172,0.1034482758620689,0.6386206896551724,0.0,29.0,0.0,17.0,3.0,3.0,2.0,5.0,0.0,2.0,3.0,4.0,12.0,,7.0,8.0,,0.0,3.0,5.0,-6.0,0.5862068965517241,0.0,0.1034482758620689,0.0,0.1034482758620689,0.0,0.0689655172413793,0.0,0.1724137931034483,0.0,0.4137931034482758,0.0,0.2758620689655172,0.0,0.1034482758620689,0.0,0.6386206896551724,0.0,28.2,1.0954451150103233,15.4,3.4,4.6,2.4,5.4,0.0,1.2,2.2,4.4,12.8,,4.2,5.2,,0.4,3.0,3.8,6.4,0.544316730523627,0.0573604721780637,0.1213282247765006,0.0244831283686855,0.165772669220945,0.0853411903137039,0.085823754789272,0.0230840924619038,0.1923371647509578,0.027281200182249,0.4556832694763729,0.0573604721780632,0.1803320561941251,0.1308098572841201,0.0768837803320562,0.0363749335763328,0.6119131545338441,0.036570798603282,30.8,3.8815804341358993,15.1,3.3,5.4,2.2,5.6,0.6,0.6,2.7,4.5,13.2,,3.9,4.5,,0.4,2.9,3.9,8.4,0.4942648467432949,0.0675303187498288,0.1098539272030651,0.0276722912950263,0.1796455938697318,0.0992680831219931,0.0738146551724137,0.0279991137145163,0.1840158045977011,0.0267850055919435,0.4328184865900383,0.0721688082949398,0.1459530651340996,0.1008768140059425,0.0838122605363984,0.0514730607881569,0.5808500957854406,0.0810060088208995,29.752,15.06167741935484,3.007535483870968,5.301409032258064,2.023690322580645,1.1516903225806454,0.3838967741935484,1.919483870967742,23.37062193548387,18.069212903225807,20.363086451612904,8.308944516129031,1.5355870967741938,15.06167741935484,3.007535483870968,5.301409032258064,2.023690322580645,23.37062193548387,1.1516903225806454,0.3838967741935484,1.919483870967742
4432834,Laeticia Amihere,GSV,2026-05-25,0.0,3.0,6.0,9.0,19.0,2,4,1,0,0,0,0,1,1,3,,0,2,,4,0,3,0,11.0,0.1818181818181818,0.3636363636363636,0.0909090909090909,0.0,0.0,0.2727272727272727,0.1818181818181818,0.0909090909090909,0.4436363636363636,0.0,11.0,0.0,2.0,4.0,1.0,0.0,0.0,0.0,0.0,1.0,1.0,3.0,,0.0,2.0,,4.0,0.0,3.0,0.0,0.1818181818181818,0.0,0.3636363636363636,0.0,0.0909090909090909,0.0,0.0,0.0,0.0,0.0,0.2727272727272727,0.0,0.1818181818181818,0.0,0.0909090909090909,0.0,0.4436363636363636,0.0,11.8,1.095445115010332,3.2,5.6,0.6,0.0,0.0,0.4,0.0,1.0,1.4,3.0,,0.4,2.0,,2.8,2.8,2.2,3.6,0.2629370629370629,0.1110766025709776,0.4643356643356643,0.1378881962950069,0.0545454545454545,0.0497929597731968,0.0,0.0,0.0,0.0,0.2559440559440559,0.0229813660491678,0.1706293706293706,0.0153209106994453,0.0853146853146853,0.0076604553497225,0.4163356643356642,0.0373830221066464,12.9,4.01248052954777,4.3,4.5,1.1,0.0,0.0,0.6,0.9,1.1,1.7,3.1,,0.9,2.2,,1.6,2.9,1.6,4.8,0.3059149184149184,0.1172198487766628,0.345979020979021,0.2168121174058261,0.0753787878787878,0.0633946527858347,0.0,0.0,0.0,0.0,0.2347610722610722,0.0421889890176794,0.1719114219114219,0.0133142886466152,0.0859557109557109,0.0066571443233076,0.3963578088578088,0.042736578078657,12.829,3.820432,4.224536,1.173056,0.0,0.3421066666666666,0.8552666666666666,1.02632,9.218024,8.044967999999999,4.993487999999999,5.397592,1.1973733333333332,3.820432,4.224536,1.173056,0.0,9.218024,0.3421066666666666,0.8552666666666666,1.02632
4433534,Caroline Ducharme,GSV,2026-05-25,0.0,30.0,0.0,0.0,4.0,3,1,1,1,1,0,0,0,1,2,,0,0,,0,1,0,5,7.0,0.4285714285714285,0.1428571428571428,0.1428571428571428,0.1428571428571428,0.1428571428571428,0.2857142857142857,0.0,0.0,0.2857142857142857,0.0,7.0,0.0,3.0,1.0,1.0,1.0,1.0,0.0,0.0,0.0,1.0,2.0,,0.0,0.0,,0.0,1.0,0.0,5.0,0.4285714285714285,0.0,0.1428571428571428,0.0,0.1428571428571428,0.0,0.1428571428571428,0.0,0.1428571428571428,0.0,0.2857142857142857,0.0,0.0,0.0,0.0,0.0,0.2857142857142857,0.0,7.0,0.0,3.0,1.0,1.0,1.0,1.0,0.0,0.0,0.0,1.0,2.0,,0.0,0.0,,0.0,1.0,0.0,5.0,0.4285714285714285,0.0,0.1428571428571428,0.0,0.1428571428571428,0.0,0.1428571428571428,0.0,0.1428571428571428,0.0,0.2857142857142857,0.0,0.0,0.0,0.0,0.0,0.2857142857142857,0.0,7.0,0.0,3.0,1.0,1.0,1.0,1.0,0.0,0.0,0.0,1.0,2.0,,0.0,0.0,,0.0,1.0,0.0,5.0,0.4285714285714285,0.0,0.1428571428571428,0.0,0.1428571428571428,0.0,0.1428571428571428,0.0,0.1428571428571428,0.0,0.2857142857142857,0.0,0.0,0.0,0.0,0.0,0.2857142857142857,0.0,8.0,3.0,1.0,1.0,1.0,0.176,0.144,0.48,5.0,4.0,4.0,2.0,0.3199999999999999,3.0,1.0,1.0,1.0,5.0,0.176,0.144,0.48
4433634,Ashten Prechtel,GSV,2026-05-25,0.0,4.0,3.0,6.0,13.0,0,0,0,0,0,0,0,0,0,0,,0,0,,0,0,0,0,0.0,,,,,,,,,,0.0,0.0,0.0,0.0,0.0,0.0,0.0,0.0,0.0,0.0,0.0,0.0,0.0,,0.0,0.0,,0.0,0.0,0.0,0.0,,,,,,,,,,,,,,,,,,,0.0,0.0,0.0,0.0,0.0,0.0,0.0,0.0,0.0,0.0,0.0,0.0,,0.0,0.0,,0.0,0.0,0.0,0.0,,,,,,,,,,,,,,,,,,,4.3,5.907622195096772,0.9,1.4,0.4,0.2,1.4,0.0,0.7,0.4,0.2,1.7,,0.3,0.6,,0.7,0.7,0.6,-0.9,0.140625,0.28125,0.328125,0.0104166666666667,0.0989583333333333,0.0243055555555555,0.03125,0.0625,0.328125,0.0104166666666667,0.4114583333333332,0.0659722222222222,0.09375,0.1875,0.0989583333333333,0.0243055555555555,0.5516666666666667,0.0077777777777779,8.0,0.18,0.2799999999999999,0.08,0.04,0.176,0.144,0.48,0.5399999999999999,0.4599999999999999,0.26,0.36,0.3199999999999999,0.18,0.2799999999999999,0.08,0.04,0.54,0.176,0.144,0.48
4790263,Iliana Rupert,GSV,2026-05-25,0.0,30.0,0.0,0.0,4.0,0,0,0,0,0,0,0,0,0,0,,0,0,,0,0,0,0,0.0,,,,,,,,,,0.0,0.0,0.0,0.0,0.0,0.0,0.0,0.0,0.0,0.0,0.0,0.0,0.0,,0.0,0.0,,0.0,0.0,0.0,0.0,,,,,,,,,,,,,,,,,,,0.0,0.0,0.0,0.0,0.0,0.0,0.0,0.0,0.0,0.0,0.0,0.0,,0.0,0.0,,0.0,0.0,0.0,0.0,,,,,,,,,,,,,,,,,,,0.0,0.0,0.0,0.0,0.0,0.0,0.0,0.0,0.0,0.0,0.0,0.0,,0.0,0.0,,0.0,0.0,0.0,0.0,,,,,,,,,,,,,,,,,,,8.0,0.0,0.0,0.0,0.0,0.176,0.144,0.48,0.0,0.0,0.0,0.0,0.3199999999999999,0.0,0.0,0.0,0.0,0.0,0.176,0.144,0.48
4790264,Janelle Salaun,GSV,2026-05-25,0.0,3.0,6.0,9.0,19.0,4,2,0,0,4,1,0,0,1,8,,2,2,,1,1,1,-6,21.0,0.1904761904761904,0.0952380952380952,0.0,0.0,0.1904761904761904,0.3809523809523809,0.0952380952380952,0.0,0.4228571428571429,0.0,21.0,0.0,4.0,2.0,0.0,0.0,4.0,1.0,0.0,0.0,1.0,8.0,,2.0,2.0,,1.0,1.0,1.0,-6.0,0.1904761904761904,0.0,0.0952380952380952,0.0,0.0,0.0,0.0,0.0,0.1904761904761904,0.0,0.3809523809523809,0.0,0.0952380952380952,0.0,0.0,0.0,0.4228571428571429,0.0,23.0,2.738612787525835,7.2,3.6,0.4,0.8,5.2,1.4,0.0,0.4,1.8,9.2,,2.8,3.2,,1.8,1.8,1.4,-1.6,0.2989010989010989,0.1484669203493856,0.1494505494505494,0.0742334601746928,0.0153846153846153,0.0210662522117371,0.0307692307692307,0.0421325044234744,0.221978021978022,0.0431356592906996,0.3978021978021978,0.0230725619461881,0.134065934065934,0.0531672079629556,0.0153846153846153,0.0210662522117371,0.4721758241758241,0.0675323856616261,21.8,3.9665266081716033,8.7,3.0,0.5,1.3,5.0,1.0,0.0,0.3,2.2,8.2,,3.0,3.6,,1.3,1.7,1.3,-0.3,0.3822559793148029,0.1864194019123726,0.1269877181641887,0.0740942527554978,0.0192307692307692,0.027196414661021,0.0561085972850678,0.0475149032615455,0.2277310924369747,0.0345717739878381,0.3679056237879767,0.0540118125448987,0.1683904330963154,0.0614707023237757,0.0115384615384615,0.0185786881361403,0.453535875888817,0.0651988131334464,22.399,9.6606,2.712133333333333,0.5554666666666667,1.5944,0.7657777777777779,0.1914444444444444,0.3828888888888889,12.928199999999999,12.372733333333333,10.216066666666665,3.2676,0.9572222222222224,9.6606,2.712133333333333,0.5554666666666667,1.5944,12.9282,0.7657777777777779,0.1914444444444444,0.3828888888888889
4899328,Kaitlyn Chen,GSV,2026-05-25,0.0,3.0,6.0,9.0,19.0,18,1,0,2,2,1,0,1,7,11,,2,3,,0,1,2,-3,19.0,0.9473684210526316,0.0526315789473684,0.0,0.1052631578947368,0.1052631578947368,0.5789473684210527,0.1578947368421052,0.0526315789473684,0.7010526315789474,0.0,19.0,0.0,18.0,1.0,0.0,2.0,2.0,1.0,0.0,1.0,7.0,11.0,,2.0,3.0,,0.0,1.0,2.0,-3.0,0.9473684210526316,0.0,0.0526315789473684,0.0,0.0,0.0,0.1052631578947368,0.0,0.1052631578947368,0.0,0.5789473684210527,0.0,0.1578947368421052,0.0,0.0526315789473684,0.0,0.7010526315789474,0.0,17.4,2.1908902300206674,11.6,0.6,0.4,1.2,1.6,0.6,0.0,1.0,4.2,7.4,,2.0,2.6,,0.0,0.6,1.6,-5.4,0.6217543859649123,0.4458653801445563,0.031578947368421,0.0288275030265882,0.0266666666666666,0.036514837167011,0.0631578947368421,0.0576550060531753,0.0898245614035087,0.0211401688861643,0.4007017543859649,0.2440728589584425,0.1480701754385965,0.013452834745741,0.0582456140350877,0.0076873341404233,0.5240982456140351,0.2423047721061449,16.5,3.13581462037113,7.4,2.4,0.5,0.6,1.2,0.3,0.0,1.3,2.8,6.7,,1.2,1.5,,0.7,1.7,1.3,-5.8,0.4130994152046783,0.3707160795496048,0.1491228070175438,0.1599925616409877,0.0422222222222222,0.0706233270314253,0.031578947368421,0.0508469359515419,0.0682456140350877,0.0320744818478072,0.3914619883040936,0.1875491264408401,0.0873684210526315,0.0758603740275127,0.0802339181286549,0.0271855404937546,0.5101380116959064,0.1847850708040968,17.051000000000002,10.770597402597405,1.9175142857142864,0.7603246753246753,1.10745974025974,0.2214415584415585,0.0,1.1072077922077923,13.448436363636366,12.68811168831169,11.530922077922078,2.6778389610389617,0.2214415584415585,10.770597402597405,1.9175142857142864,0.7603246753246753,1.10745974025974,13.448436363636365,0.2214415584415585,0.0,1.1072077922077923
5106170,Ndjakalenga Mwenentanda,GSV,2026-05-25,0.0,3.0,6.0,9.0,19.0,0,0,0,0,0,0,0,0,0,0,,0,0,,0,0,0,0,0.0,,,,,,,,,,0.0,0.0,0.0,0.0,0.0,0.0,0.0,0.0,0.0,0.0,0.0,0.0,0.0,,0.0,0.0,,0.0,0.0,0.0,0.0,,,,,,,,,,,,,,,,,,,0.4,0.5477225575051599,0.0,0.0,0.0,0.0,0.0,0.0,0.0,0.0,0.0,0.0,,0.0,0.0,,0.0,0.0,0.0,-1.2,0.0,0.0,0.0,0.0,0.0,0.0,0.0,0.0,0.0,0.0,0.0,0.0,0.0,0.0,0.0,0.0,0.0,0.0,0.3,0.4830458915396421,0.0,0.0,0.0,0.0,0.0,0.0,0.0,0.0,0.0,0.0,,0.0,0.0,,0.0,0.0,0.0,-0.9,0.0,0.0,0.0,0.0,0.0,0.0,0.0,0.0,0.0,0.0,0.0,0.0,0.0,0.0,0.0,0.0,0.0,0.0,5.55,0.0,0.0,0.0,0.0,0.1220999999999999,0.0998999999999999,0.3329999999999999,0.0,0.0,0.0,0.0,0.2219999999999999,0.0,0.0,0.0,0.0,0.0,0.1220999999999999,0.0998999999999999,0.3329999999999999
5277552,Juste Jocyte,GSV,2026-05-25,0.0,3.0,3.0,3.0,7.0,0,0,0,0,0,0,0,0,0,0,,0,0,,0,0,0,0,0.0,,,,,,,,,,0.0,0.0,0.0,0.0,0.0,0.0,0.0,0.0,0.0,0.0,0.0,0.0,0.0,,0.0,0.0,,0.0,0.0,0.0,0.0,,,,,,,,,,,,,,,,,,,0.0,0.0,0.0,0.0,0.0,0.0,0.0,0.0,0.0,0.0,0.0,0.0,,0.0,0.0,,0.0,0.0,0.0,0.0,,,,,,,,,,,,,,,,,,,0.0,0.0,0.0,0.0,0.0,0.0,0.0,0.0,0.0,0.0,0.0,0.0,,0.0,0.0,,0.0,0.0,0.0,0.0,,,,,,,,,,,,,,,,,,,8.0,0.0,0.0,0.0,0.0,0.176,0.144,0.48,0.0,0.0,0.0,0.0,0.3199999999999999,0.0,0.0,0.0,0.0,0.0,0.176,0.144,0.48
5345336,Kokoro Tanaka,GSV,2026-05-25,0.0,30.0,0.0,0.0,4.0,0,0,0,0,0,0,0,0,0,0,,0,0,,0,0,0,0,0.0,,,,,,,,,,0.0,0.0,0.0,0.0,0.0,0.0,0.0,0.0,0.0,0.0,0.0,0.0,0.0,,0.0,0.0,,0.0,0.0,0.0,0.0,,,,,,,,,,,,,,,,,,,0.0,0.0,0.0,0.0,0.0,0.0,0.0,0.0,0.0,0.0,0.0,0.0,,0.0,0.0,,0.0,0.0,0.0,0.0,,,,,,,,,,,,,,,,,,,0.0,0.0,0.0,0.0,0.0,0.0,0.0,0.0,0.0,0.0,0.0,0.0,,0.0,0.0,,0.0,0.0,0.0,0.0,,,,,,,,,,,,,,,,,,,8.0,0.0,0.0,0.0,0.0,0.176,0.144,0.48,0.0,0.0,0.0,0.0,0.3199999999999999,0.0,0.0,0.0,0.0,0.0,0.176,0.144,0.48
2955898,Damiris Dantas,IND,2026-05-25,0.0,3.0,6.0,15.0,28.0,0,0,0,0,0,0,0,0,0,0,,0,0,,0,0,0,0,0.0,,,,,,,,,,0.0,0.0,0.0,0.0,0.0,0.0,0.0,0.0,0.0,0.0,0.0,0.0,0.0,,0.0,0.0,,0.0,0.0,0.0,0.0,,,,,,,,,,,,,,,,,,,0.0,0.0,0.0,0.0,0.0,0.0,0.0,0.0,0.0,0.0,0.0,0.0,,0.0,0.0,,0.0,0.0,0.0,0.0,,,,,,,,,,,,,,,,,,,2.5,3.240370349203969,1.2,0.2,0.0,0.4,0.5,0.1,0.3,0.0,0.4,0.5,,0.0,0.0,,0.0,0.2,0.4,3.9,0.4821428571428571,0.0357142857142854,0.0714285714285714,0.1428571428571428,0.0,0.0,0.1607142857142856,0.011904761904762,0.1964285714285714,0.0595238095238098,0.1964285714285714,0.0595238095238096,0.0,0.0,0.0,0.0,0.1964285714285714,0.0595238095238093,8.4375,2.2851891891891896,0.5632972972972974,0.1368243243243243,0.5792972972972974,0.2280405405405405,0.4560810810810811,0.6841216216216217,2.985310810810811,2.848486486486487,2.422013513513514,0.7001216216216217,0.6841216216216216,2.2851891891891896,0.5632972972972974,0.1368243243243243,0.5792972972972974,2.9853108108108115,0.2280405405405405,0.4560810810810811,0.6841216216216217
3058893,Shatori Walker-Kimbrough,IND,2026-05-25,0.0,5.0,3.0,12.0,25.0,0,0,0,0,0,0,0,0,0,0,,0,0,,0,0,0,-5,3.0,0.0,0.0,0.0,0.0,0.0,0.0,0.0,0.0,0.0,0.0,3.0,0.0,0.0,0.0,0.0,0.0,0.0,0.0,0.0,0.0,0.0,0.0,,0.0,0.0,,0.0,0.0,0.0,-5.0,0.0,0.0,0.0,0.0,0.0,0.0,0.0,0.0,0.0,0.0,0.0,0.0,0.0,0.0,0.0,0.0,0.0,0.0,3.0,0.0,0.0,0.0,0.0,0.0,0.0,0.0,0.0,0.4,0.0,0.4,,0.0,0.0,,0.0,0.0,0.0,-6.6,0.0,0.0,0.0,0.0,0.0,0.0,0.0,0.0,0.0,0.0,0.1333333333333333,0.1825741858350553,0.0,0.0,0.1333333333333333,0.1825741858350553,0.2666666666666667,0.3651483716701107,1.8,1.5491933384829542,0.0,0.0,0.0,0.0,0.0,0.0,0.0,0.3,0.0,0.3,,0.0,0.0,,0.0,0.0,0.0,-4.2,0.0,0.0,0.0,0.0,0.0,0.0,0.0,0.0,0.0,0.0,0.1666666666666666,0.1825741858350553,0.0,0.0,0.1666666666666666,0.1825741858350553,0.3333333333333333,0.3651483716701107,6.25,0.0,0.0,0.0,0.0,0.1374999999999999,0.1124999999999999,0.375,0.0,0.0,0.0,0.0,0.2499999999999999,0.0,0.0,0.0,0.0,0.0,0.1374999999999999,0.1124999999999999,0.375
3142055,Myisha Hines-Allen,IND,2026-05-25,0.0,3.0,6.0,15.0,28.0,2,2,2,0,0,1,1,3,0,2,,2,2,,0,2,2,0,13.0,0.1538461538461538,0.1538461538461538,0.1538461538461538,0.0,0.0,0.1538461538461538,0.1538461538461538,0.2307692307692307,0.4523076923076923,0.0,13.0,0.0,2.0,2.0,2.0,0.0,0.0,1.0,1.0,3.0,0.0,2.0,,2.0,2.0,,0.0,2.0,2.0,0.0,0.1538461538461538,0.0,0.1538461538461538,0.0,0.1538461538461538,0.0,0.0,0.0,0.0,0.0,0.1538461538461538,0.0,0.1538461538461538,0.0,0.2307692307692307,0.0,0.4523076923076923,0.0,15.0,2.738612787525831,4.0,2.4,2.4,0.0,0.0,1.0,1.0,2.6,1.2,3.2,,1.6,1.6,,0.4,2.0,2.0,-0.8,0.2478632478632478,0.1287382079606161,0.1589743589743589,0.0070220840705827,0.158974358974359,0.0070220840705781,0.0,0.0,0.0,0.0,0.2034188034188034,0.0678801460155974,0.1145299145299145,0.0538359778744394,0.1829059829059829,0.0655394513254044,0.4367179487179487,0.0213471355745599,19.5,5.8166427888717145,5.7,3.5,3.2,0.0,0.2,1.1,0.7,2.0,2.0,3.4,,1.7,1.7,,0.9,2.6,2.5,4.7,0.2802808302808303,0.0966915607556566,0.1723443223443223,0.0401829690051072,0.1644078144078144,0.0270245154388838,0.0,0.0,0.0095238095238095,0.0301169300968417,0.1818681318681319,0.0707463708724198,0.0945665445665445,0.042645910369036,0.1231990231990231,0.080419648370697,0.3466764346764346,0.1200788915436511,16.225,4.094783783783784,2.817756756756757,2.618351351351351,0.0,0.8770270270270272,0.4385135135135136,1.461711711711712,9.530891891891892,6.912540540540541,6.713135135135135,5.436108108108108,1.3155405405405407,4.094783783783784,2.817756756756757,2.618351351351351,0.0,9.530891891891892,0.8770270270270272,0.4385135135135136,1.461711711711712
3142191,Kelsey Mitchell,IND,2026-05-25,0.0,3.0,6.0,15.0,28.0,19,0,3,0,3,0,0,1,4,10,,11,11,,0,0,1,6,31.0,0.6129032258064516,0.0,0.0967741935483871,0.0,0.0967741935483871,0.3225806451612903,0.3548387096774194,0.032258064516129,0.5109677419354839,0.0,31.0,0.0,19.0,0.0,3.0,0.0,3.0,0.0,0.0,1.0,4.0,10.0,,11.0,11.0,,0.0,0.0,1.0,6.0,0.6129032258064516,0.0,0.0,0.0,0.0967741935483871,0.0,0.0,0.0,0.0967741935483871,0.0,0.3225806451612903,0.0,0.3548387096774194,0.0,0.032258064516129,0.0,0.5109677419354839,0.0,29.8,1.6431676725154971,19.8,0.8,3.4,0.8,3.0,0.0,0.0,1.4,4.8,10.4,,9.4,10.2,,0.4,0.4,2.2,13.6,0.667741935483871,0.0750909957869988,0.0285714285714285,0.0391230398217975,0.1152073732718893,0.0252406708527726,0.0285714285714285,0.0391230398217975,0.1009216589861751,0.0056791509418748,0.3506912442396313,0.0384920230504813,0.3414746543778802,0.0182994863682603,0.0479262672811059,0.0214545702248567,0.5488663594470046,0.0518948192732995,30.0,3.464101615137749,19.5,0.6,2.7,1.3,4.1,0.4,0.0,1.2,6.4,14.2,,5.4,6.2,,0.3,0.3,2.6,14.6,0.6525522864232541,0.0673067598062477,0.0214285714285714,0.0345032779671176,0.0933179723502304,0.0441511371693695,0.0423992673992674,0.0360170784120509,0.1352593642916223,0.0438740605224262,0.4715910433652369,0.1497826910991791,0.2080083894600023,0.1691926768755075,0.0387982984757178,0.0321315883778712,0.6019130332033559,0.0738584592022722,30.597,20.9778,0.6535,2.5151000000000003,1.4004,0.4935,0.0,1.645,24.1464,21.631300000000003,23.4929,3.1686000000000005,0.4935,20.9778,0.6535,2.5151000000000003,1.4004,24.146400000000003,0.4935,0.0,1.645
3142255,Monique Billings,IND,2026-05-25,0.0,3.0,6.0,15.0,28.0,2,3,0,0,0,1,0,1,1,2,,0,0,,1,2,2,3,11.0,0.1818181818181818,0.2727272727272727,0.0,0.0,0.0,0.1818181818181818,0.0,0.0909090909090909,0.2727272727272727,0.0,11.0,0.0,2.0,3.0,0.0,0.0,0.0,1.0,0.0,1.0,1.0,2.0,,0.0,0.0,,1.0,2.0,2.0,3.0,0.1818181818181818,0.0,0.2727272727272727,0.0,0.0,0.0,0.0,0.0,0.0,0.0,0.1818181818181818,0.0,0.0,0.0,0.0909090909090909,0.0,0.2727272727272727,0.0,15.0,5.477225575051664,4.8,3.4,0.4,0.0,0.4,1.0,0.4,1.0,1.4,4.0,,2.0,2.0,,1.0,2.4,1.2,2.2,0.2805194805194805,0.1351523193843912,0.2398268398268398,0.0450507731281305,0.019047619047619,0.026082026547865,0.0,0.0,0.019047619047619,0.026082026547865,0.2424242424242424,0.0829882662886614,0.0952380952380952,0.1304101327393252,0.0735930735930736,0.0237109332253318,0.3579220779220778,0.1166577914686328,19.2,7.420691791650337,5.5,4.5,0.9,0.1,0.8,1.2,0.5,0.9,1.9,5.3,,1.6,1.7,,1.5,3.0,1.3,0.0,0.2708946608946609,0.1123067637703386,0.2389610389610389,0.0348970738495408,0.0376190476190476,0.028077745428716,0.0027777777777777,0.0087841046115788,0.0348412698412698,0.0241522945769823,0.2601010101010101,0.0639841386834339,0.0769841269841269,0.1124914262850921,0.0565584415584415,0.0281020687316609,0.3505324675324675,0.0949066734362297,17.176,4.518873043478261,3.9748034782608697,0.7552973913043477,0.1872278260869564,1.045495652173913,0.4480695652173912,0.8961391304347824,9.248973913043478,8.49367652173913,5.274170434782609,4.730100869565217,1.493565217391304,4.518873043478261,3.9748034782608697,0.7552973913043477,0.1872278260869564,9.248973913043478,1.045495652173913,0.4480695652173912,0.8961391304347824
3907781,Sophie Cunningham,IND,2026-05-25,0.0,3.0,6.0,15.0,28.0,11,0,1,2,5,1,0,1,4,8,,1,3,,0,0,4,0,28.0,0.3928571428571428,0.0,0.0357142857142857,0.0714285714285714,0.1785714285714285,0.2857142857142857,0.1071428571428571,0.0357142857142857,0.3685714285714286,0.0,28.0,0.0,11.0,0.0,1.0,2.0,5.0,1.0,0.0,1.0,4.0,8.0,,1.0,3.0,,0.0,0.0,4.0,0.0,0.3928571428571428,0.0,0.0,0.0,0.0357142857142857,0.0,0.0714285714285714,0.0,0.1785714285714285,0.0,0.2857142857142857,0.0,0.1071428571428571,0.0,0.0357142857142857,0.0,0.3685714285714286,0.0,22.8,7.12039324756716,7.4,0.8,1.0,1.2,4.6,0.6,0.0,0.6,2.8,6.8,,0.6,1.8,,0.0,0.8,2.8,-0.4,0.289047619047619,0.1421470446858646,0.0533333333333333,0.0730296743340221,0.048095238095238,0.016953317256112,0.0428571428571428,0.0391230398217975,0.2138095238095238,0.0482517491135503,0.3047619047619047,0.0260820265478651,0.0642857142857142,0.0586845597326962,0.0214285714285714,0.0195615199108987,0.3544761904761905,0.0193006996454201,22.4,5.621387729022079,9.7,1.6,0.8,1.0,4.5,0.6,0.3,1.2,3.2,7.1,,2.3,2.9,,0.0,1.6,2.4,0.9,0.3968571428571428,0.2238768557954273,0.0809999999999999,0.0609401649464758,0.0407142857142857,0.0342917763600243,0.0384285714285714,0.0295119023607828,0.2085714285714285,0.0427865379609969,0.3187142857142856,0.0390773212623001,0.1141428571428571,0.0982925662063443,0.0467142857142857,0.0529195256070591,0.4156514285714285,0.1194547829265164,24.514000000000003,9.216374468085109,2.013353191489362,1.2185191489361702,1.338204255319149,0.5215744680851064,0.1738581560283688,0.6954326241134753,12.44824680851064,11.229727659574468,10.434893617021276,3.2318723404255323,0.6954326241134753,9.216374468085109,2.013353191489362,1.2185191489361702,1.338204255319149,12.44824680851064,0.5215744680851064,0.1738581560283688,0.6954326241134753
4065760,Tyasha Harris,IND,2026-05-25,0.0,3.0,6.0,15.0,25.0,0,0,0,0,0,0,0,1,0,0,,0,0,,0,0,1,-1,2.0,0.0,0.0,0.0,0.0,0.0,0.0,0.0,0.5,0.5,0.0,2.0,0.0,0.0,0.0,0.0,0.0,0.0,0.0,0.0,1.0,0.0,0.0,,0.0,0.0,,0.0,0.0,1.0,-1.0,0.0,0.0,0.0,0.0,0.0,0.0,0.0,0.0,0.0,0.0,0.0,0.0,0.0,0.0,0.5,0.0,0.5,0.0,12.8,14.788509052639483,0.0,0.4,2.8,0.0,1.6,0.8,0.0,0.6,0.0,2.4,,0.0,0.0,,0.0,0.4,2.2,6.2,0.0,0.0,0.0137931034482758,0.0188869847415578,0.096551724137931,0.1322088931909021,0.0,0.0,0.0551724137931034,0.0755479389662298,0.0827586206896551,0.1133219084493446,0.0,0.0,0.3,0.273861278752583,0.3827586206896551,0.1605393703032383,14.2,11.183320914051723,1.4,1.5,2.5,0.0,1.6,0.6,0.3,0.7,0.4,3.2,,0.6,0.6,,0.0,1.5,1.8,2.6,0.1123076923076923,0.1482840708925722,0.1026525198938992,0.1422890064308311,0.1054907161803713,0.1006978327445796,0.0,0.0,0.0744562334217506,0.0571441482926685,0.1743766578249336,0.1283961015517258,0.0461538461538461,0.0743147525445612,0.183076923076923,0.2217555916010048,0.3777612732095491,0.1312882746474554,9.659666666666666,1.1301810810810808,0.6459297297297297,1.5318594594594592,0.0783216216216216,0.261072072072072,0.130536036036036,0.5221441441441441,3.30797027027027,1.7761108108108106,2.66204054054054,2.177789189189189,0.3916081081081081,1.1301810810810808,0.6459297297297297,1.5318594594594592,0.0783216216216216,3.30797027027027,0.261072072072072,0.130536036036036,0.5221441441441441
4398829,Lexie Hull,IND,2026-05-25,0.0,3.0,6.0,15.0,22.0,7,4,2,2,4,0,0,1,2,5,,1,4,,1,3,4,10,24.0,0.2916666666666667,0.1666666666666666,0.0833333333333333,0.0833333333333333,0.1666666666666666,0.2083333333333333,0.1666666666666666,0.0416666666666666,0.3233333333333333,0.0,24.0,0.0,7.0,4.0,2.0,2.0,4.0,0.0,0.0,1.0,2.0,5.0,,1.0,4.0,,1.0,3.0,4.0,10.0,0.2916666666666667,0.0,0.1666666666666666,0.0,0.0833333333333333,0.0,0.0833333333333333,0.0,0.1666666666666666,0.0,0.2083333333333333,0.0,0.1666666666666666,0.0,0.0416666666666666,0.0,0.3233333333333333,0.0,23.2,1.0954451150103317,10.6,5.6,1.6,2.8,4.0,0.0,0.4,1.0,2.8,4.6,,2.2,4.0,,0.6,5.0,3.2,16.0,0.4659090909090909,0.2385912655799019,0.2454545454545454,0.10788474617526,0.0681818181818181,0.0207470665721653,0.1227272727272727,0.0539423730876299,0.1727272727272727,0.0082988266288661,0.1977272727272727,0.0145229466005156,0.1727272727272727,0.0082988266288658,0.0431818181818181,0.0020747066572166,0.3169090909090909,0.0087967562265978,22.1,2.469817807045697,10.5,5.2,1.6,2.0,3.7,0.3,0.3,1.0,3.0,5.7,,2.5,3.5,,0.4,4.8,3.5,14.0,0.4824024659550975,0.1849373708868289,0.2376334192123665,0.0894202046002063,0.0740614648509385,0.0276906760337374,0.0872377622377622,0.0744011463570076,0.1672984909827015,0.0109540404621535,0.2664381670960618,0.1078060561820494,0.1596061832903938,0.0306865028920612,0.045771991166728,0.0052224721201182,0.3824368789105631,0.1111657290056988,22.112666666666662,8.266682352941176,4.372833613445378,1.3809546218487396,1.803939495798319,0.7432829131652661,0.1858207282913165,1.1149243697478992,14.020470588235295,12.639515966386554,9.647636974789917,5.753788235294118,0.9291036414565824,8.266682352941176,4.372833613445378,1.3809546218487396,1.803939495798319,14.020470588235296,0.7432829131652661,0.1858207282913165,1.1149243697478992
4398947,Kayana Traylor,IND,2026-05-25,0.0,23.0,0.0,0.0,10.0,5,1,1,1,4,0,0,4,2,6,,0,0,,0,1,4,-2,11.0,0.4545454545454545,0.0909090909090909,0.0909090909090909,0.0909090909090909,0.3636363636363636,0.5454545454545454,0.0,0.3636363636363636,0.9090909090909092,0.0,11.0,0.0,5.0,1.0,1.0,1.0,4.0,0.0,0.0,4.0,2.0,6.0,,0.0,0.0,,0.0,1.0,4.0,-2.0,0.4545454545454545,0.0,0.0909090909090909,0.0,0.0909090909090909,0.0,0.0909090909090909,0.0,0.3636363636363636,0.0,0.5454545454545454,0.0,0.0,0.0,0.3636363636363636,0.0,0.9090909090909092,0.0,11.0,0.0,6.2,0.6,0.6,1.4,3.6,0.0,0.0,2.4,2.4,5.6,,0.0,0.0,,0.0,0.6,2.8,2.0,0.5636363636363637,0.1493788793195908,0.0545454545454545,0.0497929597731969,0.0545454545454545,0.0497929597731969,0.1272727272727272,0.0497929597731969,0.3272727272727272,0.0497929597731969,0.509090909090909,0.0497929597731967,0.0,0.0,0.2181818181818181,0.1991718390927876,0.7272727272727272,0.2489647988659846,11.666666666666666,1.0,7.333333333333333,0.3333333333333333,0.6666666666666666,1.3333333333333333,3.333333333333333,0.0,0.0,2.333333333333333,2.333333333333333,5.0,,1.3333333333333333,1.3333333333333333,,0.0,0.3333333333333333,1.6666666666666667,0.6666666666666666,0.6247086247086248,0.1285173143320916,0.0303030303030303,0.0454545454545454,0.0559440559440559,0.0423928519335039,0.1165501165501165,0.0493242516771534,0.289044289044289,0.0588202931512612,0.4358974358974359,0.1038997060007246,0.1025641025641025,0.1538461538461538,0.1981351981351981,0.1593500540574243,0.6791608391608391,0.1968643129898974,11.133333333333333,5.886666666666667,0.7266666666666666,0.7933333333333332,1.2066666666666666,0.2449333333333333,0.2003999999999999,0.6679999999999999,7.406666666666666,6.613333333333333,6.68,1.5199999999999998,0.4453333333333332,5.886666666666667,0.7266666666666666,0.7933333333333332,1.2066666666666666,7.406666666666666,0.2449333333333333,0.2003999999999999,0.6679999999999999
4432831,Aliyah Boston,IND,2026-05-25,0.0,3.0,6.0,15.0,25.0,20,16,3,1,3,2,0,2,8,15,,3,4,,4,12,3,15,29.0,0.6896551724137931,0.5517241379310345,0.1034482758620689,0.0344827586206896,0.1034482758620689,0.5172413793103449,0.1379310344827586,0.0689655172413793,0.646896551724138,0.0,29.0,0.0,20.0,16.0,3.0,1.0,3.0,2.0,0.0,2.0,8.0,15.0,,3.0,4.0,,4.0,12.0,3.0,15.0,0.6896551724137931,0.0,0.5517241379310345,0.0,0.1034482758620689,0.0,0.0344827586206896,0.0,0.1034482758620689,0.0,0.5172413793103449,0.0,0.1379310344827586,0.0,0.0689655172413793,0.0,0.646896551724138,0.0,25.8,4.381780460041331,21.6,12.8,3.0,1.4,3.4,2.0,0.4,3.2,8.0,13.4,,4.2,4.8,,2.4,10.4,2.6,17.8,0.8709359605911331,0.248228942317612,0.483415435139573,0.0935355434819989,0.1192118226600985,0.0215851254189221,0.0587848932676518,0.0332770683541726,0.1382594417077175,0.0476671519667878,0.5198686371100164,0.0035975209031497,0.1970443349753694,0.0809442203209605,0.1366174055829228,0.0926361632562103,0.7431855500821019,0.1318491411005864,17.1,12.305825178887163,14.1,7.6,1.9,1.0,2.4,1.3,0.3,2.1,5.1,8.6,,2.9,3.4,,1.3,6.3,1.7,9.9,0.8465869106263194,0.2921038074986113,0.4269293924466338,0.1347670576596595,0.1123621862538118,0.0346887938927766,0.0623973727422003,0.0310687814916658,0.1463757916959887,0.0435416108536494,0.500586441473141,0.0528557848605928,0.208773164438189,0.074330803188294,0.131597466572836,0.1025601469523099,0.7240441003987802,0.1660084234048267,24.975,17.741999999999997,10.150125,2.6105,1.080375,1.6649999999999998,0.8324999999999999,2.08125,30.502624999999995,27.892125,20.3525,12.760625,2.4975,17.741999999999997,10.150125,2.6105,1.080375,30.502624999999995,1.6649999999999998,0.8324999999999999,2.08125
4433403,Caitlin Clark,IND,2026-05-25,0.0,3.0,6.0,15.0,28.0,22,2,9,4,9,1,1,6,7,15,,4,5,,0,2,5,7,32.0,0.6875,0.0625,0.28125,0.125,0.28125,0.46875,0.15625,0.1875,0.725,0.0,32.0,0.0,22.0,2.0,9.0,4.0,9.0,1.0,1.0,6.0,7.0,15.0,,4.0,5.0,,0.0,2.0,5.0,7.0,0.6875,0.0,0.0625,0.0,0.28125,0.0,0.125,0.0,0.28125,0.0,0.46875,0.0,0.15625,0.0,0.1875,0.0,0.725,0.0,19.2,17.527121840165318,13.2,1.2,5.4,2.4,5.4,0.6,0.6,3.6,4.2,9.0,,2.4,3.0,,0.0,1.2,3.0,4.2,0.6875,0.0,0.0625,0.0,0.28125,0.0,0.125,0.0,0.28125,0.0,0.46875,0.0,0.15625,0.0,0.1875,0.0,0.725,0.0,20.5,14.781745499094482,16.1,3.1,6.7,2.5,5.6,0.5,1.0,3.7,4.6,10.3,,4.4,4.7,,0.1,3.0,2.7,5.3,0.7931949806949807,0.0989335152848827,0.1672297297297297,0.1175116794434342,0.3377171814671814,0.0739524365367567,0.1163127413127413,0.0382977503638777,0.2576013513513513,0.1058551070991345,0.4875723938223938,0.1215222443330454,0.2469835907335907,0.1199808551439121,0.1850868725868726,0.0355067917074166,0.7813320463320463,0.0709366973195794,27.243,19.64535612903226,3.0960490322580645,7.657554838709678,2.9433083870967742,0.8788064516129033,0.8788064516129033,4.569793548387097,30.398960000000002,22.741405161290324,27.302910967741937,10.753603870967742,1.7576129032258063,19.64535612903226,3.0960490322580645,7.657554838709678,2.9433083870967742,30.39896,0.8788064516129033,0.8788064516129033,4.569793548387097
4433510,Megan McConnell,IND,2026-05-25,0.0,23.0,0.0,0.0,10.0,0,3,3,0,2,2,0,3,0,3,,0,0,,0,3,0,11,12.0,0.0,0.25,0.25,0.0,0.1666666666666666,0.25,0.0,0.25,0.5,0.0,12.0,0.0,0.0,3.0,3.0,0.0,2.0,2.0,0.0,3.0,0.0,3.0,,0.0,0.0,,0.0,3.0,0.0,11.0,0.0,0.0,0.25,0.0,0.25,0.0,0.0,0.0,0.1666666666666666,0.0,0.25,0.0,0.0,0.0,0.25,0.0,0.5,0.0,10.8,1.6431676725154984,0.0,2.6,1.8,0.0,1.2,1.2,0.4,2.2,0.0,2.2,,0.0,0.0,,0.4,2.2,0.0,5.4,0.0,0.0,0.2388888888888888,0.0152145154862547,0.15,0.1369306393762915,0.0,0.0,0.1,0.0912870929175276,0.1944444444444444,0.076072577431273,0.0,0.0,0.1944444444444444,0.076072577431273,0.3888888888888889,0.1521451548625461,10.666666666666666,1.3228756555322951,0.0,2.0,2.333333333333333,0.0,0.6666666666666666,1.3333333333333333,0.3333333333333333,1.6666666666666667,0.0,1.6666666666666667,,0.0,0.0,,0.6666666666666666,1.3333333333333333,1.0,0.6666666666666666,0.0,0.0,0.1877104377104377,0.0735906420247363,0.2045454545454545,0.1611073508949752,0.0,0.0,0.0555555555555555,0.0833333333333333,0.1506734006734006,0.0750068017185815,0.0,0.0,0.1506734006734006,0.0750068017185815,0.3013468013468013,0.150013603437163,11.313333333333333,0.0,2.66,2.4466666666666668,0.0,0.2488933333333333,0.2036399999999999,0.6788,5.106666666666667,2.66,2.4466666666666668,5.1066666666666665,0.4525333333333332,0.0,2.66,2.4466666666666668,0.0,5.1066666666666665,0.2488933333333333,0.2036399999999999,0.6788
4433546,Makayla Timpson,IND,2026-05-25,0.0,3.0,6.0,15.0,28.0,0,5,0,0,0,1,0,0,0,1,,0,0,,2,3,0,-3,12.0,0.0,0.4166666666666667,0.0,0.0,0.0,0.0833333333333333,0.0,0.0,0.0833333333333333,0.0,12.0,0.0,0.0,5.0,0.0,0.0,0.0,1.0,0.0,0.0,0.0,1.0,,0.0,0.0,,2.0,3.0,0.0,-3.0,0.0,0.0,0.4166666666666667,0.0,0.0,0.0,0.0,0.0,0.0,0.0,0.0833333333333333,0.0,0.0,0.0,0.0,0.0,0.0833333333333333,0.0,15.2,4.3817804600413295,0.8,5.0,0.0,0.0,0.0,0.6,0.0,0.0,0.4,1.0,,0.0,0.8,,2.0,3.0,0.8,2.6,0.04,0.0547722557505173,0.35,0.0912870929175278,0.0,0.0,0.0,0.0,0.0,0.0,0.0699999999999999,0.0182574185835048,0.04,0.0547722557505169,0.0,0.0,0.0876,0.0058423739467137,15.4,5.253570214625474,2.4,4.9,0.3,0.0,0.0,0.6,0.0,0.3,1.2,2.8,,0.0,0.6,,2.2,2.7,1.6,3.8,0.1299999999999999,0.1469441818943254,0.325,0.0729662529809093,0.0166666666666666,0.0268358828633137,0.0,0.0,0.0,0.0,0.1816666666666666,0.1543838143715774,0.03,0.0483045891539649,0.0166666666666666,0.0268358828633137,0.2115333333333333,0.1683153174566563,13.753333333333332,2.4173170731707314,4.004682926829268,0.3259024390243902,0.0,0.3354471544715447,0.0,0.1677235772357723,6.74790243902439,6.422,2.7432195121951217,4.330585365853659,0.3354471544715447,2.4173170731707314,4.004682926829268,0.3259024390243902,0.0,6.74790243902439,0.3354471544715447,0.0,0.1677235772357723
4433797,Raven Johnson,IND,2026-05-25,0.0,3.0,6.0,15.0,28.0,7,2,2,1,2,0,0,2,3,5,,0,0,,0,2,4,5,15.0,0.4666666666666667,0.1333333333333333,0.1333333333333333,0.0666666666666666,0.1333333333333333,0.3333333333333333,0.0,0.1333333333333333,0.4666666666666667,0.0,15.0,0.0,7.0,2.0,2.0,1.0,2.0,0.0,0.0,2.0,3.0,5.0,,0.0,0.0,,0.0,2.0,4.0,5.0,0.4666666666666667,0.0,0.1333333333333333,0.0,0.1333333333333333,0.0,0.0666666666666666,0.0,0.1333333333333333,0.0,0.3333333333333333,0.0,0.0,0.0,0.1333333333333333,0.0,0.4666666666666667,0.0,17.8,3.83405790253616,7.8,2.4,1.6,1.0,4.4,0.0,0.4,2.4,3.0,7.8,,0.8,0.8,,0.0,2.4,4.0,-0.2,0.4436363636363636,0.0315355411896911,0.1345454545454545,0.0016597653257685,0.0981818181818181,0.0481331944474236,0.0581818181818181,0.0116183572804125,0.2254545454545455,0.1261421647587655,0.4181818181818181,0.1161835728041262,0.0363636363636363,0.0497929597731969,0.1345454545454545,0.0016597653257729,0.5687272727272727,0.1397522404301061,16.6,5.316640543300503,4.8,2.6,1.2,0.6,3.3,0.0,0.6,2.4,1.8,5.4,,0.6,0.6,,0.4,2.2,3.0,-1.9,0.2627272727272727,0.2273380377540374,0.1838502673796791,0.1128099949673553,0.071283422459893,0.0460664255929363,0.0336363636363636,0.0302170497383228,0.1667379679144385,0.1423581834686223,0.281283422459893,0.2223791312486831,0.0272727272727272,0.0439132628672407,0.1338502673796791,0.0509739825362918,0.4271336898395722,0.2490104575183531,14.97,5.131200000000001,2.4608799999999995,1.63808,0.60752,0.1996,0.3992,1.7964,9.23016,7.59208,6.76928,4.09896,0.5988,5.131200000000001,2.4608799999999995,1.63808,0.60752,9.23016,0.1996,0.3992,1.7964
4433811,Jessica Timmons,IND,2026-05-25,0.0,23.0,0.0,0.0,10.0,3,1,1,0,2,0,0,1,0,5,,3,3,,0,1,1,11,13.0,0.2307692307692307,0.0769230769230769,0.0769230769230769,0.0,0.1538461538461538,0.3846153846153846,0.2307692307692307,0.0769230769230769,0.5630769230769231,0.0,13.0,0.0,3.0,1.0,1.0,0.0,2.0,0.0,0.0,1.0,0.0,5.0,,3.0,3.0,,0.0,1.0,1.0,11.0,0.2307692307692307,0.0,0.0769230769230769,0.0,0.0769230769230769,0.0,0.0,0.0,0.1538461538461538,0.0,0.3846153846153846,0.0,0.2307692307692307,0.0,0.0769230769230769,0.0,0.5630769230769231,0.0,12.2,1.095445115010332,3.0,1.0,0.6,0.0,2.0,0.0,0.0,1.0,0.4,4.2,,2.2,2.6,,0.4,0.6,1.4,4.2,0.2475524475524476,0.0229813660491688,0.0825174825174825,0.0076604553497225,0.0461538461538461,0.0421325044234743,0.0,0.0,0.165034965034965,0.0153209106994452,0.3398601398601398,0.0612836427977807,0.2111888111888112,0.0268115937240291,0.0825174825174825,0.0076604553497224,0.5153006993006993,0.065420288686631,12.666666666666666,1.3228756555322954,5.333333333333333,0.6666666666666666,0.6666666666666666,0.3333333333333333,2.333333333333333,0.3333333333333333,0.0,1.3333333333333333,1.6666666666666667,4.666666666666667,,1.6666666666666667,2.333333333333333,,0.3333333333333333,0.3333333333333333,2.0,3.0,0.4059274059274059,0.2319812827656087,0.0559440559440559,0.0423928519335039,0.0494505494505494,0.0371641463144744,0.0238095238095238,0.0357142857142857,0.1833166833166833,0.0261952177876169,0.361971361971362,0.0695867123567152,0.1851481851481851,0.0381488907954645,0.1035631035631035,0.0300863543384127,0.5469996669996671,0.0834295466905386,12.653333333333332,3.466666666666666,0.9333333333333332,0.7933333333333332,0.0666666666666666,0.2783733333333333,0.2277599999999999,0.7591999999999999,5.1933333333333325,4.4,4.259999999999999,1.7266666666666666,0.5061333333333333,3.466666666666666,0.9333333333333332,0.7933333333333332,0.0666666666666666,5.1933333333333325,0.2783733333333333,0.2277599999999999,0.7591999999999999
4682855,Justine Pissott,IND,2026-05-25,0.0,30.0,0.0,0.0,4.0,8,1,1,2,3,0,0,0,2,4,,2,2,,0,1,3,16,10.0,0.8,0.1,0.1,0.2,0.3,0.4,0.2,0.0,0.488,0.0,10.0,0.0,8.0,1.0,1.0,2.0,3.0,0.0,0.0,0.0,2.0,4.0,,2.0,2.0,,0.0,1.0,3.0,16.0,0.8,0.0,0.1,0.0,0.1,0.0,0.2,0.0,0.3,0.0,0.4,0.0,0.2,0.0,0.0,0.0,0.488,0.0,10.0,0.0,8.0,1.0,1.0,2.0,3.0,0.0,0.0,0.0,2.0,4.0,,2.0,2.0,,0.0,1.0,3.0,16.0,0.8,0.0,0.1,0.0,0.1,0.0,0.2,0.0,0.3,0.0,0.4,0.0,0.2,0.0,0.0,0.0,0.488,0.0,10.0,0.0,8.0,1.0,1.0,2.0,3.0,0.0,0.0,0.0,2.0,4.0,,2.0,2.0,,0.0,1.0,3.0,16.0,0.8,0.0,0.1,0.0,0.1,0.0,0.2,0.0,0.3,0.0,0.4,0.0,0.2,0.0,0.0,0.0,0.488,0.0,10.0,8.0,1.0,1.0,2.0,0.2199999999999999,0.18,0.6,10.0,9.0,9.0,2.0,0.3999999999999999,8.0,1.0,1.0,2.0,10.0,0.2199999999999999,0.18,0.6
5105731,Grace VanSlooten,IND,2026-05-25,0.0,3.0,3.0,9.0,22.0,0,0,0,0,0,0,0,0,0,0,,0,0,,0,0,0,-2,2.0,0.0,0.0,0.0,0.0,0.0,0.0,0.0,0.0,0.0,0.0,2.0,0.0,0.0,0.0,0.0,0.0,0.0,0.0,0.0,0.0,0.0,0.0,,0.0,0.0,,0.0,0.0,0.0,-2.0,0.0,0.0,0.0,0.0,0.0,0.0,0.0,0.0,0.0,0.0,0.0,0.0,0.0,0.0,0.0,0.0,0.0,0.0,8.4,8.763560920082655,2.0,0.8,1.2,0.0,0.4,0.8,0.8,0.0,0.8,1.6,,0.4,1.6,,0.0,0.8,0.0,-7.6,0.1111111111111111,0.1521451548625461,0.0444444444444444,0.0608580619450184,0.0666666666666666,0.0912870929175276,0.0,0.0,0.0222222222222222,0.0304290309725092,0.0888888888888888,0.1217161238900369,0.0888888888888888,0.1217161238900367,0.0,0.0,0.128,0.175271218401653,10.6,6.60302960768767,2.6,1.4,0.9,0.1,0.4,1.0,0.9,0.3,0.8,1.4,,0.9,1.8,,0.1,1.3,0.0,-5.2,0.1833333333333333,0.1594099201233877,0.1033333333333333,0.0771669133132074,0.05,0.0805076485899413,0.01,0.0316227766016837,0.0266666666666666,0.0367395459781844,0.0866666666666666,0.1120699370120863,0.1166666666666666,0.1029403119236095,0.025,0.0402538242949706,0.1629999999999999,0.1312941283841291,5.9,1.22,0.5599999999999999,0.6,0.02,0.1298,0.1062,0.354,2.38,1.7799999999999998,1.82,1.16,0.236,1.22,0.5599999999999999,0.6,0.02,2.38,0.1298,0.1062,0.354
4433094,Norika Konno,JPN,2026-05-25,0.0,26.0,0.0,0.0,7.0,4,6,2,0,4,2,0,0,2,6,,0,0,,3,3,3,-5,19.0,0.2105263157894736,0.3157894736842105,0.1052631578947368,0.0,0.2105263157894736,0.3157894736842105,0.0,0.0,0.3157894736842105,0.0,19.0,0.0,4.0,6.0,2.0,0.0,4.0,2.0,0.0,0.0,2.0,6.0,,0.0,0.0,,3.0,3.0,3.0,-5.0,0.2105263157894736,0.0,0.3157894736842105,0.0,0.1052631578947368,0.0,0.0,0.0,0.2105263157894736,0.0,0.3157894736842105,0.0,0.0,0.0,0.0,0.0,0.3157894736842105,0.0,21.8,3.8340579025361614,7.2,7.2,2.0,0.8,4.8,2.4,0.4,0.0,2.8,8.0,,0.8,0.8,,1.8,5.4,2.2,-3.0,0.3109311740890688,0.1374850144344952,0.3279352226720647,0.0166312517461082,0.0939271255060728,0.015522501629701,0.0307692307692307,0.0421325044234743,0.2186234817813765,0.0110875011640721,0.3587044534412955,0.0587637561695826,0.0307692307692307,0.0421325044234743,0.0,0.0,0.3722429149797571,0.0773020581159113,22.5,3.8340579025361614,8.0,7.5,2.0,1.0,5.0,2.5,0.5,0.0,3.0,8.5,,1.0,1.0,,1.5,6.0,2.0,-2.5,0.3360323886639676,0.1374850144344951,0.3309716599190283,0.0166312517461082,0.0910931174089068,0.015522501629701,0.0384615384615384,0.0421325044234743,0.2206477732793522,0.0110875011640721,0.3694331983805667,0.0587637561695826,0.0384615384615384,0.0421325044234743,0.0,0.0,0.3863562753036437,0.0773020581159113,20.68,5.92,6.72,2.0,0.48,0.45496,0.3722399999999999,1.2408,14.64,12.64,7.92,8.719999999999999,0.8271999999999999,5.92,6.72,2.0,0.48,14.64,0.45496,0.3722399999999999,1.2408
4873391,Nanako Todo,JPN,2026-05-25,0.0,26.0,0.0,0.0,7.0,9,1,0,1,4,0,0,1,3,7,,2,2,,0,1,1,-13,20.0,0.45,0.05,0.0,0.05,0.2,0.35,0.1,0.05,0.4439999999999999,0.0,20.0,0.0,9.0,1.0,0.0,1.0,4.0,0.0,0.0,1.0,3.0,7.0,,2.0,2.0,,0.0,1.0,1.0,-13.0,0.45,0.0,0.05,0.0,0.0,0.0,0.05,0.0,0.2,0.0,0.35,0.0,0.1,0.0,0.05,0.0,0.4439999999999999,0.0,19.6,0.5477225575051664,7.8,2.2,1.2,1.4,4.4,0.4,0.0,1.0,2.6,6.6,,1.2,1.2,,0.4,1.8,1.0,-12.2,0.3963157894736842,0.0735101327177986,0.1142105263157894,0.0879238842310924,0.0631578947368421,0.086482509079763,0.0721052631578947,0.030268878177917,0.2252631578947368,0.0345930036319052,0.3363157894736842,0.0187378769672819,0.06,0.0547722557505166,0.0510526315789473,0.0014413751513293,0.4137684210526315,0.0413962943461799,19.5,0.5477225575051664,7.5,2.5,1.5,1.5,4.5,0.5,0.0,1.0,2.5,6.5,,1.0,1.0,,0.5,2.0,1.0,-12.0,0.3828947368421052,0.0735101327177986,0.1302631578947368,0.0879238842310924,0.0789473684210526,0.086482509079763,0.0776315789473684,0.030268878177917,0.231578947368421,0.0345930036319052,0.3328947368421052,0.0187378769672819,0.05,0.0547722557505166,0.0513157894736842,0.0014413751513293,0.4062105263157894,0.0413962943461799,19.76,8.28,1.72,0.72,1.24,0.4347199999999999,0.3556799999999999,1.1855999999999998,10.72,10.0,9.0,2.44,0.7903999999999999,8.28,1.72,0.72,1.24,10.72,0.4347199999999999,0.3556799999999999,1.1855999999999998
5220104,Mai Yamamoto,JPN,2026-05-25,0.0,26.0,0.0,0.0,7.0,13,2,2,4,10,1,0,0,4,13,,1,1,,1,1,2,-8,22.0,0.5909090909090909,0.0909090909090909,0.0909090909090909,0.1818181818181818,0.4545454545454545,0.5909090909090909,0.0454545454545454,0.0,0.6109090909090908,0.0,22.0,0.0,13.0,2.0,2.0,4.0,10.0,1.0,0.0,0.0,4.0,13.0,,1.0,1.0,,1.0,1.0,2.0,-8.0,0.5909090909090909,0.0,0.0909090909090909,0.0,0.0909090909090909,0.0,0.1818181818181818,0.0,0.4545454545454545,0.0,0.5909090909090909,0.0,0.0454545454545454,0.0,0.0,0.0,0.6109090909090908,0.0,24.4,3.286335345030997,17.4,3.2,2.8,5.2,11.2,1.0,0.0,0.8,5.6,15.8,,1.0,1.4,,1.4,1.8,2.8,-10.0,0.6974025974025974,0.1458222393357908,0.125974025974026,0.048014639781297,0.1116883116883116,0.0284531198703982,0.209090909090909,0.0373447198298977,0.4584415584415584,0.0053349599756996,0.6402597402597403,0.0675761596921959,0.0558441558441558,0.0142265599351991,0.0285714285714285,0.0391230398217975,0.6934025974025972,0.1129588858854809,25.0,3.286335345030997,18.5,3.5,3.0,5.5,11.5,1.0,0.0,1.0,6.0,16.5,,1.0,1.5,,1.5,2.0,3.0,-10.5,0.7240259740259741,0.1458222393357909,0.1347402597402597,0.048014639781297,0.1168831168831168,0.0284531198703982,0.2159090909090909,0.0373447198298977,0.4594155844155844,0.0053349599756996,0.6525974025974026,0.0675761596921958,0.0584415584415584,0.0142265599351991,0.0357142857142857,0.0391230398217975,0.714025974025974,0.1129588858854809,23.44,15.639999999999995,2.72,2.48,4.72,0.5156799999999999,0.4219199999999999,1.4064,20.839999999999996,18.36,18.12,5.199999999999999,0.9375999999999998,15.639999999999995,2.72,2.48,4.72,20.84,0.5156799999999999,0.4219199999999999,1.4064
5280553,Aika Hirashita,JPN,2026-05-25,0.0,26.0,0.0,0.0,7.0,0,0,0,0,0,0,0,0,0,0,,0,0,,0,0,0,0,0.0,,,,,,,,,,0.0,0.0,0.0,0.0,0.0,0.0,0.0,0.0,0.0,0.0,0.0,0.0,0.0,,0.0,0.0,,0.0,0.0,0.0,0.0,,,,,,,,,,,,,,,,,,,0.0,0.0,0.0,0.0,0.0,0.0,0.0,0.0,0.0,0.0,0.0,0.0,,0.0,0.0,,0.0,0.0,0.0,0.0,,,,,,,,,,,,,,,,,,,0.0,0.0,0.0,0.0,0.0,0.0,0.0,0.0,0.0,0.0,0.0,0.0,,0.0,0.0,,0.0,0.0,0.0,0.0,,,,,,,,,,,,,,,,,,,8.0,0.0,0.0,0.0,0.0,0.176,0.144,0.48,0.0,0.0,0.0,0.0,0.3199999999999999,0.0,0.0,0.0,0.0,0.0,0.176,0.144,0.48
5346552,Azusa Asahina,JPN,2026-05-25,0.0,26.0,0.0,0.0,7.0,4,3,1,0,6,0,1,0,1,8,,2,3,,1,2,3,-1,23.0,0.1739130434782608,0.1304347826086956,0.0434782608695652,0.0,0.2608695652173913,0.3478260869565217,0.1304347826086956,0.0,0.4052173913043478,0.0,23.0,0.0,4.0,3.0,1.0,0.0,6.0,0.0,1.0,0.0,1.0,8.0,,2.0,3.0,,1.0,2.0,3.0,-1.0,0.1739130434782608,0.0,0.1304347826086956,0.0,0.0434782608695652,0.0,0.0,0.0,0.2608695652173913,0.0,0.3478260869565217,0.0,0.1304347826086956,0.0,0.0,0.0,0.4052173913043478,0.0,23.0,0.0,4.0,3.0,1.4,0.0,4.4,0.4,0.6,0.4,1.4,6.8,,1.2,1.8,,1.4,1.6,3.0,-3.8,0.1739130434782608,0.0,0.1304347826086956,0.0,0.0608695652173913,0.023814024239355,0.0,0.0,0.1913043478260869,0.0952560969574201,0.2956521739130434,0.0714420727180651,0.0782608695652173,0.0714420727180651,0.017391304347826,0.023814024239355,0.3474782608695652,0.0790625604746587,23.0,0.0,4.0,3.0,1.5,0.0,4.0,0.5,0.5,0.5,1.5,6.5,,1.0,1.5,,1.5,1.5,3.0,-4.5,0.1739130434782608,0.0,0.1304347826086956,0.0,0.0652173913043478,0.023814024239355,0.0,0.0,0.1739130434782608,0.0952560969574201,0.2826086956521739,0.0714420727180651,0.0652173913043478,0.0714420727180651,0.0217391304347826,0.023814024239355,0.3330434782608696,0.0790625604746587,23.0,4.0,3.0,1.24,0.0,0.506,0.414,1.38,8.24,7.0,5.24,4.239999999999999,0.92,4.0,3.0,1.24,0.0,8.24,0.506,0.414,1.38
5346553,Minami Yabu,JPN,2026-05-25,0.0,26.0,0.0,0.0,7.0,2,1,0,0,4,0,0,0,1,8,,0,0,,0,1,1,-17,14.0,0.1428571428571428,0.0714285714285714,0.0,0.0,0.2857142857142857,0.5714285714285714,0.0,0.0,0.5714285714285714,0.0,14.0,0.0,2.0,1.0,0.0,0.0,4.0,0.0,0.0,0.0,1.0,8.0,,0.0,0.0,,0.0,1.0,1.0,-17.0,0.1428571428571428,0.0,0.0714285714285714,0.0,0.0,0.0,0.0,0.0,0.2857142857142857,0.0,0.5714285714285714,0.0,0.0,0.0,0.0,0.0,0.5714285714285714,0.0,15.2,1.6431676725154984,1.2,1.8,0.0,0.0,4.0,0.0,0.0,0.8,0.6,6.4,,0.0,0.0,,0.0,1.8,1.8,-13.0,0.0857142857142857,0.0782460796435951,0.1134453781512605,0.0575338820908788,0.0,0.0,0.0,0.0,0.2655462184873949,0.0276162634036218,0.4369747899159663,0.1841084226908121,0.0,0.0,0.0470588235294117,0.0644379479417842,0.4840336134453781,0.1196704747490278,15.5,1.6431676725154984,1.0,2.0,0.0,0.0,4.0,0.0,0.0,1.0,0.5,6.0,,0.0,0.0,,0.0,2.0,2.0,-12.0,0.0714285714285714,0.0782460796435951,0.1239495798319327,0.0575338820908788,0.0,0.0,0.0,0.0,0.2605042016806723,0.0276162634036218,0.4033613445378151,0.1841084226908121,0.0,0.0,0.0588235294117647,0.0644379479417842,0.4621848739495798,0.1196704747490278,14.72,1.5199999999999998,1.48,0.0,0.0,0.32384,0.26496,0.8832,3.0,3.0,1.5199999999999998,1.48,0.5888,1.5199999999999998,1.48,0.0,0.0,3.0,0.32384,0.26496,0.8832
5346801,Nanami Tsuno,JPN,2026-05-25,0.0,26.0,0.0,0.0,7.0,7,0,3,1,3,1,1,1,3,5,,0,0,,0,0,1,-4,16.0,0.4375,0.0,0.1875,0.0625,0.1875,0.3125,0.0,0.0625,0.375,0.0,16.0,0.0,7.0,0.0,3.0,1.0,3.0,1.0,1.0,1.0,3.0,5.0,,0.0,0.0,,0.0,0.0,1.0,-4.0,0.4375,0.0,0.0,0.0,0.1875,0.0,0.0625,0.0,0.1875,0.0,0.3125,0.0,0.0,0.0,0.0625,0.0,0.375,0.0,16.0,0.0,6.2,0.0,2.2,1.0,3.8,1.0,0.6,1.8,2.6,6.6,,0.0,0.0,,0.0,0.0,2.2,-6.8,0.3875,0.0684653196881457,0.0,0.0,0.1375,0.0684653196881457,0.0625,0.0,0.2375,0.0684653196881457,0.4125,0.1369306393762915,0.0,0.0,0.1125,0.0684653196881457,0.525,0.2053959590644373,16.0,0.0,6.0,0.0,2.0,1.0,4.0,1.0,0.5,2.0,2.5,7.0,,0.0,0.0,,0.0,0.0,2.5,-7.5,0.375,0.0684653196881457,0.0,0.0,0.125,0.0684653196881457,0.0625,0.0,0.25,0.0684653196881457,0.4375,0.1369306393762915,0.0,0.0,0.125,0.0684653196881457,0.5625,0.2053959590644373,16.0,6.5200000000000005,0.0,2.52,1.0,0.352,0.288,0.96,9.040000000000001,6.5200000000000005,9.04,2.52,0.6399999999999999,6.5200000000000005,0.0,2.52,1.0,9.04,0.352,0.288,0.96
5346802,Ririka Okuyama,JPN,2026-05-25,0.0,26.0,0.0,0.0,7.0,0,3,0,0,3,2,0,1,0,3,,0,0,,2,1,1,-6,12.0,0.0,0.25,0.0,0.0,0.25,0.25,0.0,0.0833333333333333,0.3333333333333333,0.0,12.0,0.0,0.0,3.0,0.0,0.0,3.0,2.0,0.0,1.0,0.0,3.0,,0.0,0.0,,2.0,1.0,1.0,-6.0,0.0,0.0,0.25,0.0,0.0,0.0,0.0,0.0,0.25,0.0,0.25,0.0,0.0,0.0,0.0833333333333333,0.0,0.3333333333333333,0.0,7.2,6.572670690061994,0.0,1.8,0.0,0.0,1.8,1.2,0.0,0.6,0.0,1.8,,0.0,0.0,,1.2,0.6,0.6,-3.6,0.0,0.0,0.25,0.0,0.0,0.0,0.0,0.0,0.25,0.0,0.25,0.0,0.0,0.0,0.0833333333333333,0.0,0.3333333333333333,0.0,6.0,6.572670690061994,0.0,1.5,0.0,0.0,1.5,1.0,0.0,0.5,0.0,1.5,,0.0,0.0,,1.0,0.5,0.5,-3.0,0.0,0.0,0.25,0.0,0.0,0.0,0.0,0.0,0.25,0.0,0.25,0.0,0.0,0.0,0.0833333333333333,0.0,0.3333333333333333,0.0,9.12,0.0,2.28,0.0,0.0,0.20064,0.16416,0.5472,2.28,2.28,0.0,2.28,0.3648,0.0,2.28,0.0,0.0,2.28,0.20064,0.16416,0.5472
5346803,Mona Tateyama,JPN,2026-05-25,0.0,26.0,0.0,0.0,7.0,3,0,2,1,2,1,0,1,1,3,,0,0,,0,0,2,-1,10.0,0.3,0.0,0.2,0.1,0.2,0.3,0.0,0.1,0.4,0.0,10.0,0.0,3.0,0.0,2.0,1.0,2.0,1.0,0.0,1.0,1.0,3.0,,0.0,0.0,,0.0,0.0,2.0,-1.0,0.3,0.0,0.0,0.0,0.2,0.0,0.1,0.0,0.2,0.0,0.3,0.0,0.0,0.0,0.1,0.0,0.4,0.0,14.0,5.477225575051661,5.0,1.6,2.0,0.6,1.6,0.6,0.0,1.0,1.8,5.0,,0.8,1.2,,0.4,1.2,2.4,-6.2,0.3399999999999999,0.0547722557505166,0.08,0.1095445115010332,0.16,0.0547722557505166,0.06,0.0547722557505166,0.1399999999999999,0.0821583836257749,0.3399999999999999,0.0547722557505166,0.0599999999999999,0.0821583836257749,0.08,0.0273861278752583,0.4464,0.0635358166705992,15.0,5.477225575051661,5.5,2.0,2.0,0.5,1.5,0.5,0.0,1.0,2.0,5.5,,1.0,1.5,,0.5,1.5,2.5,-7.5,0.35,0.0547722557505166,0.1,0.1095445115010332,0.15,0.0547722557505166,0.05,0.0547722557505166,0.125,0.0821583836257749,0.35,0.0547722557505166,0.075,0.0821583836257749,0.075,0.0273861278752583,0.458,0.0635358166705992,12.4,4.199999999999999,0.96,2.0,0.7599999999999999,0.2727999999999999,0.2231999999999999,0.7439999999999999,7.159999999999999,5.159999999999999,6.199999999999999,2.96,0.4959999999999999,4.199999999999999,0.96,2.0,0.7599999999999999,7.159999999999999,0.2727999999999999,0.2231999999999999,0.7439999999999999
5346804,Kadysha Juna Umezawa,JPN,2026-05-25,0.0,26.0,0.0,0.0,7.0,2,2,1,0,1,0,1,2,0,1,,2,2,,2,0,2,-25,17.0,0.1176470588235294,0.1176470588235294,0.0588235294117647,0.0,0.0588235294117647,0.0588235294117647,0.1176470588235294,0.1176470588235294,0.228235294117647,0.0,17.0,0.0,2.0,2.0,1.0,0.0,1.0,0.0,1.0,2.0,0.0,1.0,,2.0,2.0,,2.0,0.0,2.0,-25.0,0.1176470588235294,0.0,0.1176470588235294,0.0,0.0588235294117647,0.0,0.0,0.0,0.0588235294117647,0.0,0.0588235294117647,0.0,0.1176470588235294,0.0,0.1176470588235294,0.0,0.228235294117647,0.0,17.0,0.0,4.4,2.0,1.0,0.4,1.4,0.0,1.0,1.6,0.8,2.2,,2.4,2.4,,2.0,0.0,2.0,-18.2,0.2588235294117647,0.1933138438253527,0.1176470588235294,0.0,0.0588235294117647,0.0,0.0235294117647058,0.0322189739708921,0.0823529411764705,0.0322189739708921,0.1294117647058823,0.0966569219126763,0.1411764705882353,0.0322189739708921,0.0941176470588235,0.0322189739708921,0.2856470588235294,0.0786142964889767,17.0,0.0,5.0,2.0,1.0,0.5,1.5,0.0,1.0,1.5,1.0,2.5,,2.5,2.5,,2.0,0.0,2.0,-16.5,0.2941176470588235,0.1933138438253527,0.1176470588235294,0.0,0.0588235294117647,0.0,0.0294117647058823,0.0322189739708921,0.088235294117647,0.0322189739708921,0.1470588235294117,0.0966569219126763,0.1470588235294117,0.0322189739708921,0.088235294117647,0.0322189739708921,0.3,0.0786142964889767,17.0,3.44,2.0,1.0,0.24,0.374,0.306,1.02,6.4399999999999995,5.44,4.44,3.0,0.6799999999999999,3.44,2.0,1.0,0.24,6.44,0.374,0.306,1.02
5346805,Kokoro Tanaka,JPN,2026-05-25,0.0,26.0,0.0,0.0,4.0,14,3,2,2,2,1,0,1,5,6,,2,2,,1,2,2,-13,19.0,0.7368421052631579,0.1578947368421052,0.1052631578947368,0.1052631578947368,0.1052631578947368,0.3157894736842105,0.1052631578947368,0.0526315789473684,0.4147368421052631,0.0,19.0,0.0,14.0,3.0,2.0,2.0,2.0,1.0,0.0,1.0,5.0,6.0,,2.0,2.0,,1.0,2.0,2.0,-13.0,0.7368421052631579,0.0,0.1578947368421052,0.0,0.1052631578947368,0.0,0.1052631578947368,0.0,0.1052631578947368,0.0,0.3157894736842105,0.0,0.1052631578947368,0.0,0.0526315789473684,0.0,0.4147368421052631,0.0,19.0,0.0,14.0,3.0,2.0,2.0,2.0,1.0,0.0,1.0,5.0,6.0,,2.0,2.0,,1.0,2.0,2.0,-13.0,0.7368421052631579,0.0,0.1578947368421052,0.0,0.1052631578947368,0.0,0.1052631578947368,0.0,0.1052631578947368,0.0,0.3157894736842105,0.0,0.1052631578947368,0.0,0.0526315789473684,0.0,0.4147368421052631,0.0,19.0,0.0,14.0,3.0,2.0,2.0,2.0,1.0,0.0,1.0,5.0,6.0,,2.0,2.0,,1.0,2.0,2.0,-13.0,0.7368421052631579,0.0,0.1578947368421052,0.0,0.1052631578947368,0.0,0.1052631578947368,0.0,0.1052631578947368,0.0,0.3157894736842105,0.0,0.1052631578947368,0.0,0.0526315789473684,0.0,0.4147368421052631,0.0,19.0,14.0,3.0,2.0,2.0,0.418,0.3419999999999999,1.14,19.0,17.0,16.0,5.0,0.76,14.0,3.0,2.0,2.0,19.0,0.418,0.3419999999999999,1.14
5346806,Mio Shiraishi,JPN,2026-05-25,0.0,26.0,0.0,0.0,7.0,0,6,0,0,3,1,2,6,0,4,,0,2,,2,4,4,-19,18.0,0.0,0.3333333333333333,0.0,0.0,0.1666666666666666,0.2222222222222222,0.1111111111111111,0.3333333333333333,0.6044444444444443,0.0,18.0,0.0,0.0,6.0,0.0,0.0,3.0,1.0,2.0,6.0,0.0,4.0,,0.0,2.0,,2.0,4.0,4.0,-19.0,0.0,0.0,0.3333333333333333,0.0,0.0,0.0,0.0,0.0,0.1666666666666666,0.0,0.2222222222222222,0.0,0.1111111111111111,0.0,0.3333333333333333,0.0,0.6044444444444443,0.0,18.8,1.095445115010332,2.4,4.0,0.0,0.0,2.2,1.0,1.2,4.0,0.8,4.8,,0.8,2.0,,1.2,2.8,2.8,-12.2,0.1199999999999999,0.1643167672515498,0.2199999999999999,0.155188057959797,0.0,0.0,0.0,0.0,0.12,0.0639009650422693,0.2533333333333333,0.0426006433615129,0.1066666666666666,0.0060858061945018,0.2199999999999999,0.155188057959797,0.5202666666666665,0.1152651693238649,19.0,1.095445115010332,3.0,3.5,0.0,0.0,2.0,1.0,1.0,3.5,1.0,5.0,,1.0,2.0,,1.0,2.5,2.5,-10.5,0.15,0.1643167672515498,0.1916666666666666,0.155188057959797,0.0,0.0,0.0,0.0,0.1083333333333333,0.0639009650422693,0.2611111111111111,0.0426006433615129,0.1055555555555555,0.0060858061945018,0.1916666666666666,0.155188057959797,0.4992222222222222,0.1152651693238649,18.48,1.44,4.8,0.0,0.0,0.40656,0.33264,1.1088,6.24,6.24,1.44,4.8,0.7392,1.44,4.8,0.0,0.0,6.24,0.40656,0.33264,1.1088
5346807,Suzuno Higuchi,JPN,2026-05-25,0.0,26.0,0.0,0.0,7.0,2,0,1,0,2,0,0,0,0,4,,2,2,,0,0,3,-18,9.0,0.2222222222222222,0.0,0.1111111111111111,0.0,0.2222222222222222,0.4444444444444444,0.2222222222222222,0.0,0.5422222222222222,0.0,9.0,0.0,2.0,0.0,1.0,0.0,2.0,0.0,0.0,0.0,0.0,4.0,,2.0,2.0,,0.0,0.0,3.0,-18.0,0.2222222222222222,0.0,0.0,0.0,0.1111111111111111,0.0,0.0,0.0,0.2222222222222222,0.0,0.4444444444444444,0.0,0.2222222222222222,0.0,0.0,0.0,0.5422222222222222,0.0,11.0,2.7386127875258306,3.2,0.0,0.6,0.4,1.6,0.0,0.0,0.8,0.8,3.6,,1.2,1.2,,0.0,0.0,1.8,-13.2,0.2761904761904762,0.073899075218951,0.0,0.0,0.0666666666666666,0.0608580619450184,0.0285714285714285,0.0391230398217975,0.1619047619047619,0.0825930840682393,0.3523809523809523,0.1260631283146811,0.1333333333333333,0.1217161238900369,0.0571428571428571,0.0782460796435951,0.4681904761904761,0.1013721431827021,11.5,2.7386127875258306,3.5,0.0,0.5,0.5,1.5,0.0,0.0,1.0,1.0,3.5,,1.0,1.0,,0.0,0.0,1.5,-12.0,0.2896825396825397,0.073899075218951,0.0,0.0,0.0555555555555555,0.0608580619450184,0.0357142857142857,0.0391230398217975,0.1468253968253968,0.0825930840682393,0.3293650793650793,0.1260631283146811,0.1111111111111111,0.1217161238900369,0.0714285714285714,0.0782460796435951,0.4496825396825397,0.1013721431827021,10.2,2.72,0.0,0.7599999999999999,0.24,0.2243999999999999,0.1835999999999999,0.612,3.48,2.72,3.4799999999999995,0.7599999999999999,0.4079999999999999,2.72,0.0,0.7599999999999999,0.24,3.4799999999999995,0.2243999999999999,0.1835999999999999,0.612
1068,Nneka Ogwumike,LAS,2026-05-25,0.0,4.0,3.0,12.0,22.0,12,6,2,2,2,1,0,1,5,11,,0,0,,1,5,0,6,31.0,0.3870967741935484,0.1935483870967742,0.064516129032258,0.064516129032258,0.064516129032258,0.3548387096774194,0.0,0.032258064516129,0.3870967741935484,0.0,31.0,0.0,12.0,6.0,2.0,2.0,2.0,1.0,0.0,1.0,5.0,11.0,,0.0,0.0,,1.0,5.0,0.0,6.0,0.3870967741935484,0.0,0.1935483870967742,0.0,0.064516129032258,0.0,0.064516129032258,0.0,0.064516129032258,0.0,0.3548387096774194,0.0,0.0,0.0,0.032258064516129,0.0,0.3870967741935484,0.0,31.0,0.0,14.0,6.4,2.4,2.0,2.4,0.6,0.0,1.4,5.4,10.6,,1.2,1.6,,0.6,5.8,0.8,-0.4,0.4516129032258064,0.088342347984704,0.2064516129032258,0.0176684695969406,0.0774193548387096,0.0176684695969407,0.064516129032258,0.0,0.0774193548387096,0.0176684695969407,0.3419354838709677,0.0176684695969405,0.0516129032258064,0.0706738783877635,0.0451612903225806,0.0176684695969408,0.4098064516129032,0.0310965064906153,31.4,0.5163977794942449,15.7,5.9,2.4,1.6,2.3,0.9,0.1,1.8,6.0,10.1,,2.1,2.5,,0.3,5.6,2.0,2.0,0.4993951612903226,0.1189271206788081,0.1883064516129032,0.0305716790199557,0.0765120967741935,0.0305666926552186,0.0512096774193548,0.0171785551646296,0.0733870967741935,0.016162599479094,0.3219758064516129,0.0597479875560356,0.0793346774193548,0.0567648638893156,0.0571572580645161,0.0195704763479306,0.4140403225806451,0.0472533462175406,31.332,14.598249056603771,6.34972075471698,2.070339622641509,1.8321056603773584,1.1823396226415093,0.1970566037735849,1.970566037735849,23.018309433962262,20.94796981132076,16.668588679245282,8.420060377358489,1.379396226415094,14.598249056603771,6.34972075471698,2.070339622641509,1.8321056603773584,23.018309433962266,1.1823396226415093,0.1970566037735849,1.970566037735849
2284331,Emma Cannon,LAS,2026-05-25,0.0,2.0,6.0,15.0,25.0,0,0,0,0,0,0,0,0,0,0,,0,0,,0,0,1,1,1.0,0.0,0.0,0.0,0.0,0.0,0.0,0.0,0.0,0.0,0.0,1.0,0.0,0.0,0.0,0.0,0.0,0.0,0.0,0.0,0.0,0.0,0.0,,0.0,0.0,,0.0,0.0,1.0,1.0,0.0,0.0,0.0,0.0,0.0,0.0,0.0,0.0,0.0,0.0,0.0,0.0,0.0,0.0,0.0,0.0,0.0,0.0,0.6,0.5477225575051685,0.0,0.0,0.0,0.0,0.0,0.0,0.0,0.0,0.0,0.0,,0.0,0.0,,0.0,0.0,0.6,0.6,0.0,0.0,0.0,0.0,0.0,0.0,0.0,0.0,0.0,0.0,0.0,0.0,0.0,0.0,0.0,0.0,0.0,0.0,0.3,0.4830458915396489,0.0,0.0,0.0,0.0,0.0,0.0,0.0,0.0,0.0,0.0,,0.0,0.0,,0.0,0.0,0.3,0.3,0.0,0.0,0.0,0.0,0.0,0.0,0.0,0.0,0.0,0.0,0.0,0.0,0.0,0.0,0.0,0.0,0.0,0.0,5.725,0.0,0.0,0.0,0.0,0.1259499999999999,0.1030499999999999,0.3434999999999999,0.0,0.0,0.0,0.0,0.2289999999999999,0.0,0.0,0.0,0.0,0.0,0.1259499999999999,0.1030499999999999,0.3434999999999999
2491214,Erica Wheeler,LAS,2026-05-25,0.0,2.0,6.0,15.0,25.0,10,7,6,2,3,2,0,2,4,7,,0,0,,0,7,2,15,34.0,0.2941176470588235,0.2058823529411764,0.1764705882352941,0.0588235294117647,0.088235294117647,0.2058823529411764,0.0,0.0588235294117647,0.2647058823529412,0.0,34.0,0.0,10.0,7.0,6.0,2.0,3.0,2.0,0.0,2.0,4.0,7.0,,0.0,0.0,,0.0,7.0,2.0,15.0,0.2941176470588235,0.0,0.2058823529411764,0.0,0.1764705882352941,0.0,0.0588235294117647,0.0,0.088235294117647,0.0,0.2058823529411764,0.0,0.0,0.0,0.0588235294117647,0.0,0.2647058823529412,0.0,30.8,4.381780460041329,8.0,4.6,5.2,1.6,2.6,1.2,0.0,2.0,3.2,5.8,,0.0,0.0,,0.0,4.6,3.2,7.8,0.253393665158371,0.0557636087957751,0.1389140271493212,0.0917001566863852,0.167420814479638,0.0123919130657271,0.0506787330316742,0.0111527217591549,0.083710407239819,0.0061959565328608,0.1850678733031674,0.0285014000511759,0.0,0.0,0.0660633484162896,0.0099135304525822,0.251131221719457,0.0185878695985914,30.3,3.400980250849251,6.7,3.2,5.8,1.1,2.8,1.0,0.3,2.4,2.4,6.5,,0.8,1.1,,0.3,2.9,3.7,4.0,0.216230632112985,0.0730799803446319,0.0993637734814205,0.0744426197305451,0.1903071438365556,0.0343060971401851,0.035246126422597,0.025967272059832,0.0916687234334293,0.0140186797746603,0.2130700671877142,0.064236414683433,0.036060606060606,0.047922879582841,0.0798148909913615,0.0172961032785457,0.3087516248457425,0.0945828178974064,30.341,7.164344444444445,3.733237037037037,5.530848148148148,1.2338703703703704,1.6856111111111112,0.1872901234567901,1.8729012345679013,16.42842962962963,10.89758148148148,12.695192592592592,9.264085185185184,1.8729012345679013,7.164344444444445,3.733237037037037,5.530848148148148,1.2338703703703704,16.42842962962963,1.6856111111111112,0.1872901234567901,1.8729012345679013
2566106,Dearica Hamby,LAS,2026-05-25,0.0,2.0,6.0,15.0,25.0,16,5,4,1,2,1,0,3,6,12,,3,4,,0,5,6,0,36.0,0.4444444444444444,0.1388888888888889,0.1111111111111111,0.0277777777777777,0.0555555555555555,0.3333333333333333,0.1111111111111111,0.0833333333333333,0.4655555555555555,0.0,36.0,0.0,16.0,5.0,4.0,1.0,2.0,1.0,0.0,3.0,6.0,12.0,,3.0,4.0,,0.0,5.0,6.0,0.0,0.4444444444444444,0.0,0.1388888888888889,0.0,0.1111111111111111,0.0,0.0277777777777777,0.0,0.0555555555555555,0.0,0.3333333333333333,0.0,0.1111111111111111,0.0,0.0833333333333333,0.0,0.4655555555555555,0.0,33.6,3.286335345030998,20.4,9.0,3.6,1.4,2.4,1.0,0.0,1.8,6.4,11.6,,6.2,6.8,,2.0,7.0,4.8,5.2,0.6266666666666667,0.2495180539745757,0.2833333333333333,0.19778870132131,0.1066666666666666,0.0060858061945017,0.0433333333333333,0.0213003216807564,0.0733333333333333,0.0243432247780073,0.3466666666666666,0.018257418583506,0.2133333333333333,0.1399735424735424,0.05,0.0456435464587638,0.4905333333333333,0.0342022308131009,32.3,2.6267851073127333,21.1,9.4,3.4,1.2,2.1,1.5,0.0,1.4,6.8,11.2,,6.3,7.2,,2.8,6.6,4.0,4.2,0.6659341397849462,0.1877172272659394,0.3006384408602151,0.1508305945015277,0.1048655913978494,0.0093680785154926,0.038010752688172,0.0219132712906397,0.066021505376344,0.0301069579510448,0.3477016129032258,0.018530246050497,0.230127688172043,0.1151635492540038,0.0409274193548387,0.0351359185668791,0.4898852150537633,0.0363676927955518,33.16466666666667,19.36328,8.182492972972975,3.216977297297298,0.9022443243243244,1.2548792792792791,0.0,2.3304900900900902,30.762750270270274,27.545772972972976,22.580257297297297,11.399470270270273,1.2548792792792791,19.36328,8.182492972972975,3.216977297297298,0.9022443243243244,30.76275027027028,1.2548792792792791,0.0,2.3304900900900902
3065570,Kelsey Plum,LAS,2026-05-25,0.0,2.0,6.0,15.0,25.0,38,4,9,6,7,1,0,3,12,17,,8,8,,0,4,4,11,37.0,1.027027027027027,0.1081081081081081,0.2432432432432432,0.1621621621621621,0.1891891891891892,0.4594594594594595,0.2162162162162162,0.081081081081081,0.6356756756756756,0.0,37.0,0.0,38.0,4.0,9.0,6.0,7.0,1.0,0.0,3.0,12.0,17.0,,8.0,8.0,,0.0,4.0,4.0,11.0,1.027027027027027,0.0,0.1081081081081081,0.0,0.2432432432432432,0.0,0.1621621621621621,0.0,0.1891891891891892,0.0,0.4594594594594595,0.0,0.2162162162162162,0.0,0.081081081081081,0.0,0.6356756756756756,0.0,35.8,1.6431676725154951,29.2,2.8,8.2,5.2,8.2,1.0,0.0,3.4,9.6,15.8,,4.8,4.8,,0.0,2.8,3.2,12.2,0.8044515103338632,0.3047740781030336,0.0766295707472178,0.0431037624745719,0.2282988871224165,0.0204634023869181,0.144356120826709,0.0243819262482427,0.2311605723370429,0.057471683299429,0.4403815580286169,0.0261234924088316,0.1297297297297297,0.1184264989200359,0.0957074721780604,0.0200280108467707,0.5931701112877583,0.0582031410868765,35.4,1.505545305418171,27.3,1.8,7.8,3.7,6.8,1.2,0.0,3.2,9.1,15.1,,5.4,6.1,,0.0,1.8,3.6,6.5,0.7644360938478586,0.2283574904418306,0.0495892951775304,0.0413401576063464,0.2203437394613865,0.0278027015577194,0.1043973117502529,0.0562053753830686,0.194234475116828,0.0877026239704052,0.4265187647540589,0.0358371219419983,0.1686527436527437,0.1293556028808127,0.0906790480319892,0.0197890173607941,0.5914050199932552,0.0449226794349829,35.93566666666666,29.48645943396226,2.3747518867924526,7.256779245283019,4.138094339622642,1.1865550314465407,0.0,3.390157232704402,39.11799056603773,31.86121132075472,36.74323867924528,9.631531132075471,1.1865550314465407,29.48645943396226,2.3747518867924526,7.256779245283019,4.138094339622642,39.11799056603773,1.1865550314465407,0.0,3.390157232704402
3146151,Ariel Atkins,LAS,2026-05-25,0.0,2.0,6.0,9.0,19.0,11,3,3,1,5,1,0,2,5,12,,0,0,,0,3,1,-5,30.0,0.3666666666666666,0.1,0.1,0.0333333333333333,0.1666666666666666,0.4,0.0,0.0666666666666666,0.4666666666666667,0.0,30.0,0.0,11.0,3.0,3.0,1.0,5.0,1.0,0.0,2.0,5.0,12.0,,0.0,0.0,,0.0,3.0,1.0,-5.0,0.3666666666666666,0.0,0.1,0.0,0.1,0.0,0.0333333333333333,0.0,0.1666666666666666,0.0,0.4,0.0,0.0,0.0,0.0666666666666666,0.0,0.4666666666666667,0.0,27.6,3.286335345030997,11.0,2.2,2.6,1.8,5.8,1.8,0.4,2.0,4.6,10.4,,0.0,0.4,,0.0,2.2,2.6,-2.2,0.4033333333333333,0.0502079011046401,0.0766666666666666,0.0319504825211345,0.0933333333333333,0.0091287092917529,0.0699999999999999,0.0502079011046402,0.2166666666666666,0.0684653196881458,0.3733333333333333,0.0365148371670114,0.0166666666666666,0.0228217732293819,0.0733333333333333,0.0091287092917527,0.454,0.0173445476543299,24.2,6.356099432828282,8.0,2.2,2.4,1.2,4.5,1.8,0.3,2.1,3.0,8.4,,0.8,1.1,,0.5,1.7,2.9,-5.7,0.3099999999999999,0.1421723002661311,0.0925,0.0367360454735813,0.101875,0.0173597221666623,0.0475,0.0554234540538503,0.175,0.0937885723118562,0.3325,0.0631539858277046,0.05625,0.0520138425307611,0.091875,0.0245415133932206,0.449125,0.0231894122951098,27.125,9.265882352941176,2.6195882352941178,2.6915882352941174,1.166235294117647,2.127450980392157,0.2659313725490196,2.3933823529411766,14.577058823529411,11.885470588235291,11.957470588235294,5.311176470588235,2.3933823529411766,9.265882352941176,2.6195882352941178,2.6915882352941174,1.166235294117647,14.577058823529413,2.127450980392157,0.2659313725490196,2.3933823529411766
4398764,Rae Burrell,LAS,2026-05-25,0.0,2.0,6.0,15.0,25.0,10,2,2,2,6,1,0,1,3,7,,2,2,,0,2,1,-9,25.0,0.4,0.08,0.08,0.08,0.24,0.28,0.08,0.04,0.3551999999999999,0.0,25.0,0.0,10.0,2.0,2.0,2.0,6.0,1.0,0.0,1.0,3.0,7.0,,2.0,2.0,,0.0,2.0,1.0,-9.0,0.4,0.0,0.08,0.0,0.08,0.0,0.08,0.0,0.24,0.0,0.28,0.0,0.08,0.0,0.04,0.0,0.3551999999999999,0.0,23.8,1.6431676725155044,10.8,1.6,2.0,2.0,5.6,0.6,0.0,1.4,3.4,7.8,,2.0,2.0,,0.0,1.6,1.4,-2.2,0.4581818181818182,0.0796687356371153,0.0661818181818181,0.0189213247138146,0.0843636363636363,0.0059751551727835,0.0843636363636363,0.0059751551727836,0.2349090909090909,0.0069710143682476,0.3316363636363636,0.0707060028779396,0.0843636363636363,0.0059751551727836,0.0603636363636363,0.0278840574729902,0.42912,0.1012191286269547,23.0,5.099019513592789,8.5,2.3,2.0,1.4,3.9,0.3,0.0,1.7,2.6,6.0,,1.9,2.0,,0.7,1.6,2.9,0.1,0.3541125541125541,0.1806165964997603,0.1019220779220779,0.0529766657506829,0.0903203463203463,0.0173784093216749,0.0569870129870129,0.0405291363786339,0.1654199134199134,0.0886487439042447,0.2572034632034632,0.1256780246869863,0.0903203463203463,0.0173784093216749,0.0702251082251082,0.0332417954823873,0.3671695238095238,0.1332378306094067,24.875333333333334,8.935378343949045,2.1939745222929936,1.7506496815286623,1.4174547770700636,0.6337664543524416,0.0,1.9012993630573247,12.880002547770701,11.12935286624204,10.686028025477707,3.944624203821656,0.6337664543524416,8.935378343949045,2.1939745222929936,1.7506496815286623,1.4174547770700636,12.8800025477707,0.6337664543524416,0.0,1.9012993630573247
4398907,Kate Martin,LAS,2026-05-25,0.0,2.0,6.0,12.0,16.0,0,0,1,0,0,0,0,0,0,0,,0,0,,0,0,1,9,6.0,0.0,0.0,0.1666666666666666,0.0,0.0,0.0,0.0,0.0,0.0,0.0,6.0,0.0,0.0,0.0,1.0,0.0,0.0,0.0,0.0,0.0,0.0,0.0,,0.0,0.0,,0.0,0.0,1.0,9.0,0.0,0.0,0.0,0.0,0.1666666666666666,0.0,0.0,0.0,0.0,0.0,0.0,0.0,0.0,0.0,0.0,0.0,0.0,0.0,4.0,2.738612787525829,0.0,0.0,0.6,0.0,0.0,0.0,0.0,0.0,0.0,0.0,,0.0,0.0,,0.0,0.0,0.6,5.4,0.0,0.0,0.0,0.0,0.1,0.0912870929175276,0.0,0.0,0.0,0.0,0.0,0.0,0.0,0.0,0.0,0.0,0.0,0.0,8.1,7.1717036562683845,3.3,0.1,0.3,0.9,1.9,0.3,0.0,0.3,1.2,2.3,,0.0,0.0,,0.0,0.1,0.4,5.3,0.1833333333333333,0.2951947114964515,0.0166666666666666,0.052704627669473,0.05,0.0805076485899413,0.05,0.0805076485899413,0.1166666666666666,0.1581138830084189,0.15,0.1943121242899951,0.0,0.0,0.0166666666666666,0.0268358828633137,0.1666666666666666,0.2175433356383468,7.9125,1.9485967741935484,0.1611451612903225,0.4411451612903225,0.5314354838709676,0.255241935483871,0.0,0.255241935483871,2.5508870967741935,2.109741935483871,2.3897419354838707,0.6022903225806451,0.255241935483871,1.9485967741935484,0.1611451612903225,0.4411451612903225,0.5314354838709676,2.550887096774193,0.255241935483871,0.0,0.255241935483871
4433404,Cameron Brink,LAS,2026-05-25,0.0,2.0,6.0,15.0,25.0,16,8,0,2,5,1,1,6,7,11,,0,1,,4,4,6,8,24.0,0.6666666666666666,0.3333333333333333,0.0,0.0833333333333333,0.2083333333333333,0.4583333333333333,0.0416666666666666,0.25,0.7266666666666666,0.0,24.0,0.0,16.0,8.0,0.0,2.0,5.0,1.0,1.0,6.0,7.0,11.0,,0.0,1.0,,4.0,4.0,6.0,8.0,0.6666666666666666,0.0,0.3333333333333333,0.0,0.0,0.0,0.0833333333333333,0.0,0.2083333333333333,0.0,0.4583333333333333,0.0,0.0416666666666666,0.0,0.25,0.0,0.7266666666666666,0.0,22.0,2.7386127875258315,14.4,6.8,0.4,1.6,3.8,1.0,1.8,6.0,5.4,9.0,,2.0,3.0,,2.8,4.0,5.2,4.4,0.6526315789473685,0.0192183353510582,0.3052631578947368,0.0384366707021167,0.0210526315789473,0.0288275030265876,0.0710526315789473,0.0168160434321761,0.1671052631578947,0.0564538600937342,0.4013157894736842,0.0780744873636751,0.1513157894736841,0.1501432449301442,0.2763157894736842,0.0360343787832346,0.7442105263157894,0.0240229191888242,19.9,2.9608557321603333,11.5,4.8,1.0,0.9,2.5,0.7,1.9,4.0,4.2,6.9,,2.2,3.3,,1.8,3.0,5.1,-1.8,0.568640350877193,0.1250863927481385,0.2310307017543859,0.094004137926719,0.0553728070175438,0.0454508999721368,0.0407894736842105,0.0372764015407775,0.1169956140350877,0.0664455523033185,0.3364035087719298,0.0980233812301233,0.1780701754385965,0.1353799064494256,0.1926535087719298,0.1195736592635829,0.6074078947368421,0.1997114086633062,20.678666666666665,12.4968,5.877799999999999,0.7325,1.0139,0.7953333333333333,1.9883333333333333,3.9766666666666666,19.107100000000003,18.3746,13.2293,6.610299999999999,2.7836666666666665,12.4968,5.877799999999999,0.7325,1.0139,19.107100000000003,0.7953333333333333,1.9883333333333333,3.9766666666666666
4433795,Sania Feagin,LAS,2026-05-25,0.0,4.0,3.0,3.0,13.0,0,0,0,0,0,0,0,0,0,0,,0,0,,0,0,0,0,0.0,,,,,,,,,,0.0,0.0,0.0,0.0,0.0,0.0,0.0,0.0,0.0,0.0,0.0,0.0,0.0,,0.0,0.0,,0.0,0.0,0.0,0.0,,,,,,,,,,,,,,,,,,,1.2,1.6431676725154978,0.0,0.0,0.0,0.0,0.0,0.0,0.0,0.0,0.0,0.0,,0.0,0.0,,0.0,0.0,0.4,-1.6,0.0,0.0,0.0,0.0,0.0,0.0,0.0,0.0,0.0,0.0,0.0,0.0,0.0,0.0,0.0,0.0,0.0,0.0,4.9,4.557045826702499,3.1,1.0,0.1,0.0,0.0,0.4,0.0,0.4,0.8,1.2,,1.5,1.6,,0.6,0.4,1.0,-2.6,0.4428571428571429,0.41576092031015,0.1428571428571428,0.1511857892036908,0.0142857142857142,0.0377964473009227,0.0,0.0,0.0,0.0,0.1714285714285714,0.1603567451474546,0.2285714285714286,0.2138089935299394,0.0571428571428571,0.0534522483824848,0.329142857142857,0.3078849506831128,6.25,0.6200000000000001,0.2,0.02,0.0,0.1374999999999999,0.1124999999999999,0.375,0.8400000000000001,0.8200000000000001,0.6400000000000001,0.22,0.2499999999999999,0.6200000000000001,0.2,0.02,0.0,0.8400000000000001,0.1374999999999999,0.1124999999999999,0.375
4609797,Ta'Niya Latson,LAS,2026-05-25,0.0,2.0,6.0,15.0,25.0,0,0,0,0,0,0,0,0,0,0,,0,0,,0,0,0,0,0.0,,,,,,,,,,0.0,0.0,0.0,0.0,0.0,0.0,0.0,0.0,0.0,0.0,0.0,0.0,0.0,,0.0,0.0,,0.0,0.0,0.0,0.0,,,,,,,,,,,,,,,,,,,0.0,0.0,0.0,0.0,0.0,0.0,0.0,0.0,0.0,0.0,0.0,0.0,,0.0,0.0,,0.0,0.0,0.0,0.0,,,,,,,,,,,,,,,,,,,0.2,0.6324555320336809,0.0,0.0,0.0,0.0,0.0,0.0,0.0,0.0,0.0,0.0,,0.0,0.0,,0.0,0.0,0.0,-0.7,0.0,,0.0,,0.0,,0.0,,0.0,,0.0,,0.0,,0.0,,0.0,,6.25,0.0,0.0,0.0,0.0,0.1374999999999999,0.1124999999999999,0.375,0.0,0.0,0.0,0.0,0.2499999999999999,0.0,0.0,0.0,0.0,0.0,0.1374999999999999,0.1124999999999999,0.375
4874375,Jihyun Park,LAS,2026-05-25,0.0,2.0,6.0,15.0,25.0,0,1,1,0,1,1,0,0,0,1,,0,0,,0,1,2,0,7.0,0.0,0.1428571428571428,0.1428571428571428,0.0,0.1428571428571428,0.1428571428571428,0.0,0.0,0.1428571428571428,0.0,7.0,0.0,0.0,1.0,1.0,0.0,1.0,1.0,0.0,0.0,0.0,1.0,,0.0,0.0,,0.0,1.0,2.0,0.0,0.0,0.0,0.1428571428571428,0.0,0.1428571428571428,0.0,0.0,0.0,0.1428571428571428,0.0,0.1428571428571428,0.0,0.0,0.0,0.0,0.0,0.1428571428571428,0.0,8.6,2.190890230020664,0.8,1.0,1.0,0.0,0.6,1.0,0.0,0.0,0.0,0.6,,0.8,0.8,,0.0,1.0,2.4,3.6,0.0727272727272727,0.0995859195463939,0.122077922077922,0.0284531198703982,0.122077922077922,0.0284531198703982,0.0,0.0,0.0857142857142857,0.0782460796435951,0.0857142857142857,0.0782460796435951,0.0727272727272727,0.0995859195463938,0.0,0.0,0.1177142857142857,0.0344282750431818,7.8,3.224903099319421,1.2,0.9,1.2,0.0,0.9,0.6,0.0,0.0,0.3,1.2,,0.6,0.6,,0.3,0.6,2.4,-0.9,0.1439393939393939,0.1119188386567739,0.1195887445887445,0.022857350390144,0.1612554112554112,0.070256769507735,0.0,0.0,0.1309523809523809,0.108620759469611,0.1726190476190476,0.1639067834882663,0.0606060606060606,0.0909090909090909,0.0,0.0,0.1992857142857143,0.1345670495192882,7.65,0.8637142857142857,0.8837857142857143,1.0717142857142856,0.0,0.5464285714285714,0.0,0.0,2.8192142857142857,1.7475,1.9354285714285715,1.9555,0.5464285714285714,0.8637142857142857,0.8837857142857143,1.0717142857142856,0.0,2.8192142857142857,0.5464285714285714,0.0,0.0
5105729,Chance Gray,LAS,2026-05-25,0.0,2.0,6.0,15.0,25.0,0,0,0,0,0,0,0,0,0,0,,0,0,,0,0,0,0,0.0,,,,,,,,,,0.0,0.0,0.0,0.0,0.0,0.0,0.0,0.0,0.0,0.0,0.0,0.0,0.0,,0.0,0.0,,0.0,0.0,0.0,0.0,,,,,,,,,,,,,,,,,,,0.8,1.0954451150103324,0.0,0.0,0.4,0.0,0.4,0.0,0.0,0.0,0.0,0.4,,0.0,0.0,,0.0,0.0,0.4,-1.2,0.0,0.0,0.0,0.0,0.5,0.0,0.0,0.0,0.5,0.0,0.5,0.0,0.0,0.0,0.0,0.0,0.5,0.0,4.7,4.854551129266917,1.2,0.4,0.3,0.0,1.1,0.0,0.0,0.4,0.6,1.7,,0.0,0.0,,0.0,0.4,0.9,-6.8,0.1714285714285714,0.2138089935299394,0.0558441558441558,0.0523362121548308,0.2142857142857142,0.2672612419124243,0.0,0.0,0.3259740259740259,0.1629132652526412,0.4116883116883117,0.1130243258287507,0.0,0.0,0.0558441558441558,0.0523362121548308,0.4675324675324676,0.0859010165930063,8.49,0.7462978723404254,0.465531914893617,0.2967659574468085,0.0,0.0,0.0,0.3612765957446808,1.508595744680851,1.2118297872340424,1.043063829787234,0.7622978723404256,0.0,0.7462978723404254,0.465531914893617,0.2967659574468085,0.0,1.508595744680851,0.0,0.0,0.3612765957446808
5107515,Laura Ziegler,LAS,2026-05-25,0.0,22.0,0.0,0.0,7.0,0,1,0,0,3,0,1,1,0,3,,0,0,,1,0,3,-8,10.0,0.0,0.1,0.0,0.0,0.3,0.3,0.0,0.1,0.4,0.0,10.0,0.0,0.0,1.0,0.0,0.0,3.0,0.0,1.0,1.0,0.0,3.0,,0.0,0.0,,1.0,0.0,3.0,-8.0,0.0,0.0,0.1,0.0,0.0,0.0,0.0,0.0,0.3,0.0,0.3,0.0,0.0,0.0,0.1,0.0,0.4,0.0,11.6,2.1908902300206647,0.8,1.0,0.4,0.0,3.0,0.4,0.6,1.0,0.4,3.4,,0.0,0.0,,1.0,0.0,1.8,-6.4,0.0571428571428571,0.0782460796435951,0.0885714285714285,0.015649215928719,0.0285714285714285,0.0391230398217975,0.0,0.0,0.2657142857142857,0.0469476477861571,0.2942857142857142,0.0078246079643595,0.0,0.0,0.0885714285714285,0.015649215928719,0.3828571428571429,0.0234738238930785,12.0,2.1908902300206647,1.0,1.0,0.5,0.0,3.0,0.5,0.5,1.0,0.5,3.5,,0.0,0.0,,1.0,0.0,1.5,-6.0,0.0714285714285714,0.0782460796435951,0.0857142857142857,0.015649215928719,0.0357142857142857,0.0391230398217975,0.0,0.0,0.2571428571428571,0.046947647786157,0.2928571428571428,0.0078246079643595,0.0,0.0,0.0857142857142857,0.015649215928719,0.3785714285714285,0.0234738238930785,10.96,0.48,1.0,0.24,0.0,0.2411199999999999,0.1972799999999999,0.6576,1.72,1.48,0.72,1.24,0.4383999999999999,0.48,1.0,0.24,0.0,1.72,0.2411199999999999,0.1972799999999999,0.6576
5209660,Sevgi Uzun,LAS,2026-05-25,0.0,22.0,0.0,0.0,7.0,2,2,0,0,2,0,0,0,1,4,,0,0,,0,2,0,-8,10.0,0.2,0.2,0.0,0.0,0.2,0.4,0.0,0.0,0.4,0.0,10.0,0.0,2.0,2.0,0.0,0.0,2.0,0.0,0.0,0.0,1.0,4.0,,0.0,0.0,,0.0,2.0,0.0,-8.0,0.2,0.0,0.2,0.0,0.0,0.0,0.0,0.0,0.2,0.0,0.4,0.0,0.0,0.0,0.0,0.0,0.4,0.0,11.2,1.6431676725154984,2.0,2.0,0.0,0.0,1.6,0.0,0.4,1.6,1.0,3.2,,0.0,0.0,,0.0,2.0,0.4,-5.6,0.1815384615384615,0.0252795026540845,0.1815384615384615,0.0252795026540845,0.0,0.0,0.0,0.0,0.1507692307692308,0.0674120070775589,0.3015384615384616,0.1348240141551178,0.0,0.0,0.123076923076923,0.1685300176938972,0.4246153846153846,0.0337060035387794,11.5,1.6431676725154984,2.0,2.0,0.0,0.0,1.5,0.0,0.5,2.0,1.0,3.0,,0.0,0.0,,0.0,2.0,0.5,-5.0,0.1769230769230769,0.0252795026540845,0.1769230769230769,0.0252795026540845,0.0,0.0,0.0,0.0,0.1384615384615384,0.0674120070775589,0.2769230769230769,0.1348240141551178,0.0,0.0,0.1538461538461538,0.1685300176938972,0.4307692307692308,0.0337060035387794,10.72,2.0,2.0,0.0,0.0,0.23584,0.19296,0.6432,4.0,4.0,2.0,2.0,0.4287999999999999,2.0,2.0,0.0,0.0,4.0,0.23584,0.19296,0.6432
5239080,Amelia Hassett,LAS,2026-05-25,0.0,30.0,0.0,0.0,4.0,3,3,0,1,2,1,0,0,1,2,,0,0,,0,3,2,-6,12.0,0.25,0.25,0.0,0.0833333333333333,0.1666666666666666,0.1666666666666666,0.0,0.0,0.1666666666666666,0.0,12.0,0.0,3.0,3.0,0.0,1.0,2.0,1.0,0.0,0.0,1.0,2.0,,0.0,0.0,,0.0,3.0,2.0,-6.0,0.25,0.0,0.25,0.0,0.0,0.0,0.0833333333333333,0.0,0.1666666666666666,0.0,0.1666666666666666,0.0,0.0,0.0,0.0,0.0,0.1666666666666666,0.0,12.0,0.0,3.0,3.0,0.0,1.0,2.0,1.0,0.0,0.0,1.0,2.0,,0.0,0.0,,0.0,3.0,2.0,-6.0,0.25,0.0,0.25,0.0,0.0,0.0,0.0833333333333333,0.0,0.1666666666666666,0.0,0.1666666666666666,0.0,0.0,0.0,0.0,0.0,0.1666666666666666,0.0,12.0,0.0,3.0,3.0,0.0,1.0,2.0,1.0,0.0,0.0,1.0,2.0,,0.0,0.0,,0.0,3.0,2.0,-6.0,0.25,0.0,0.25,0.0,0.0,0.0,0.0833333333333333,0.0,0.1666666666666666,0.0,0.1666666666666666,0.0,0.0,0.0,0.0,0.0,0.1666666666666666,0.0,11.999999999999998,3.0,3.0,0.0,1.0,0.2639999999999999,0.2159999999999999,0.7199999999999999,6.0,5.999999999999999,3.0,3.0,0.4799999999999998,3.0,3.0,0.0,1.0,5.999999999999999,0.2639999999999999,0.2159999999999999,0.7199999999999999
2529122,Chelsea Gray,LVA,2026-05-25,0.0,2.0,3.0,12.0,25.0,12,2,7,0,5,1,2,3,6,14,,0,0,,0,2,3,-7,37.0,0.3243243243243243,0.054054054054054,0.1891891891891892,0.0,0.1351351351351351,0.3783783783783784,0.0,0.081081081081081,0.4594594594594595,0.0,37.0,0.0,12.0,2.0,7.0,0.0,5.0,1.0,2.0,3.0,6.0,14.0,,0.0,0.0,,0.0,2.0,3.0,-7.0,0.3243243243243243,0.0,0.054054054054054,0.0,0.1891891891891892,0.0,0.0,0.0,0.1351351351351351,0.0,0.3783783783783784,0.0,0.0,0.0,0.081081081081081,0.0,0.4594594594594595,0.0,35.4,2.1908902300206647,15.6,3.2,6.6,2.0,6.2,1.0,1.6,3.0,6.8,13.6,,0.0,0.0,,0.0,3.2,1.8,-2.6,0.4491400491400491,0.1709109700323245,0.093038493038493,0.0533816415586526,0.1862407862407862,0.0040372670086378,0.0606060606060606,0.0829882662886615,0.178050778050778,0.058764664236836,0.3846027846027846,0.0085231192404549,0.0,0.0,0.085012285012285,0.005383022678184,0.4696150696150696,0.0139061419186398,32.9,3.4785054261852286,14.2,4.8,7.5,2.5,5.7,1.0,1.0,3.5,5.7,10.9,,0.3,0.3,,0.0,4.8,1.3,3.5,0.4312584973875296,0.1462922737716009,0.1524896202315557,0.0755169602372183,0.2311533279275214,0.0646888684270582,0.0783329573652154,0.0641915751410675,0.1731933715804683,0.0499899195802256,0.3263603441022796,0.0784682921169821,0.0096774193548387,0.0155821255335368,0.1076764560635528,0.0373191727479762,0.4382948646819614,0.0476602729650138,33.71133333333333,13.52601988950276,3.8740066298342537,7.254011049723756,1.9327535911602207,0.745001841620626,1.117502762430939,4.097510128913443,24.65403756906077,17.400026519337015,20.78003093922652,11.12801767955801,1.8625046040515647,13.52601988950276,3.8740066298342537,7.254011049723756,1.9327535911602207,24.65403756906077,0.745001841620626,1.117502762430939,4.097510128913443
2529458,Cheyenne Parker-Tyus,LVA,2026-05-25,0.0,2.0,3.0,12.0,25.0,0,0,0,0,0,0,0,0,0,0,,0,0,,0,0,0,0,0.0,,,,,,,,,,0.0,0.0,0.0,0.0,0.0,0.0,0.0,0.0,0.0,0.0,0.0,0.0,0.0,,0.0,0.0,,0.0,0.0,0.0,0.0,,,,,,,,,,,,,,,,,,,3.6,4.929503017546487,1.6,0.4,0.0,0.0,0.4,0.0,0.4,0.0,0.8,2.0,,0.0,0.0,,0.0,0.4,0.4,-1.2,0.4444444444444444,0.0,0.1111111111111111,0.0,0.0,0.0,0.0,0.0,0.1111111111111111,0.0,0.5555555555555556,0.0,0.0,0.0,0.0,0.0,0.5555555555555556,0.0,8.7,6.650814486462039,2.8,1.4,0.4,0.0,0.3,0.1,1.1,0.4,1.2,2.3,,0.4,0.5,,0.6,0.8,1.0,-1.3,0.3310657596371881,0.1803826013728013,0.1485260770975056,0.05916368764467,0.0385487528344671,0.0364931449873719,0.0,0.0,0.0476190476190476,0.0593913870916498,0.3083900226757369,0.2424395799646017,0.0396825396825396,0.1049901313914519,0.0385487528344671,0.0364931449873727,0.3643990929705216,0.2102278078716843,9.12,2.402285714285714,1.3405714285714283,0.3251428571428572,0.0,0.3257142857142857,0.9771428571428572,0.6514285714285715,4.068,3.742857142857143,2.727428571428572,1.6657142857142857,1.302857142857143,2.402285714285714,1.3405714285714283,0.3251428571428572,0.0,4.068,0.3257142857142857,0.9771428571428572,0.6514285714285715
2987869,Jewell Loyd,LVA,2026-05-25,0.0,2.0,3.0,12.0,25.0,10,0,2,3,11,0,0,1,3,13,,1,2,,0,0,3,0,29.0,0.3448275862068966,0.0,0.0689655172413793,0.1034482758620689,0.3793103448275862,0.4482758620689655,0.0689655172413793,0.0344827586206896,0.5131034482758621,0.0,29.0,0.0,10.0,0.0,2.0,3.0,11.0,0.0,0.0,1.0,3.0,13.0,,1.0,2.0,,0.0,0.0,3.0,0.0,0.3448275862068966,0.0,0.0,0.0,0.0689655172413793,0.0,0.1034482758620689,0.0,0.3793103448275862,0.0,0.4482758620689655,0.0,0.0689655172413793,0.0,0.0344827586206896,0.0,0.5131034482758621,0.0,29.0,0.0,8.8,2.0,1.6,2.6,9.8,0.4,0.0,0.6,2.6,11.8,,1.0,2.0,,0.0,2.0,3.4,-4.4,0.303448275862069,0.0566609542246721,0.0689655172413793,0.0944349237077872,0.0551724137931034,0.0188869847415574,0.0896551724137931,0.0188869847415574,0.3379310344827586,0.0566609542246723,0.4068965517241379,0.0566609542246721,0.0689655172413793,0.0,0.0206896551724137,0.0188869847415574,0.4579310344827586,0.0755479389662299,28.3,0.948683298050507,8.0,2.9,1.3,2.1,7.4,0.7,0.0,0.8,2.5,9.2,,0.9,1.8,,0.0,2.9,3.4,-2.9,0.2818144499178981,0.0665007502315308,0.103311439518336,0.077022850158574,0.0457170224411603,0.016076845890444,0.0735495347564313,0.0295763467560846,0.2584564860426929,0.1108556592472935,0.3216611932129173,0.1269702773925735,0.0636015325670498,0.0224766825133296,0.0285987958401751,0.0226213710287249,0.3782446633825944,0.1243833314613995,28.26733333333333,8.042164417177913,2.1768245398773,1.7285153374233126,2.008463803680981,0.6936768916155418,0.3468384458077709,1.0405153374233127,11.947504294478525,10.218988957055211,9.770679754601224,3.9053398773006127,1.0405153374233127,8.042164417177913,2.1768245398773,1.7285153374233126,2.008463803680981,11.947504294478524,0.6936768916155418,0.3468384458077709,1.0405153374233127
3099736,Stephanie Talbot,LVA,2026-05-25,0.0,2.0,3.0,12.0,25.0,2,3,1,0,1,0,0,0,1,2,,0,0,,2,1,2,-23,16.0,0.125,0.1875,0.0625,0.0,0.0625,0.125,0.0,0.0,0.125,0.0,16.0,0.0,2.0,3.0,1.0,0.0,1.0,0.0,0.0,0.0,1.0,2.0,,0.0,0.0,,2.0,1.0,2.0,-23.0,0.125,0.0,0.1875,0.0,0.0625,0.0,0.0,0.0,0.0625,0.0,0.125,0.0,0.0,0.0,0.0,0.0,0.125,0.0,16.0,0.0,1.2,3.8,1.4,0.0,0.6,0.0,0.8,0.0,0.6,1.6,,0.0,0.0,,1.6,2.2,2.0,-13.0,0.075,0.0684653196881453,0.2375,0.0684653196881457,0.0875,0.0342326598440728,0.0,0.0,0.0375,0.0342326598440729,0.1,0.034232659844073,0.0,0.0,0.0,0.0,0.1,0.0342326598440719,17.4,3.4058772731852813,1.3,2.9,1.5,0.0,0.3,0.3,0.6,0.6,0.5,1.1,,0.3,0.6,,0.9,2.0,2.1,-2.9,0.0844696969696969,0.1015617825961807,0.1803030303030303,0.1092000190886537,0.0835227272727272,0.0389111219733271,0.0,0.0,0.01875,0.030190368221228,0.0729166666666666,0.060739082237972,0.0272727272727272,0.0439132628672407,0.0272727272727272,0.0439132628672407,0.1121893939393939,0.0363906228776745,16.590333333333334,2.274926213592233,2.753640776699029,1.2691417475728155,0.0,0.6442847896440129,0.3221423948220064,0.6442847896440129,6.2977087378640775,5.028566990291262,3.5440679611650485,4.022782524271845,0.9664271844660194,2.274926213592233,2.753640776699029,1.2691417475728155,0.0,6.2977087378640775,0.6442847896440129,0.3221423948220064,0.6442847896440129
3142086,Brianna Turner,LVA,2026-05-25,0.0,2.0,3.0,12.0,25.0,2,1,1,0,0,0,0,0,0,0,,2,2,,0,1,2,-2,8.0,0.25,0.125,0.125,0.0,0.0,0.0,0.25,0.0,0.11,0.0,8.0,0.0,2.0,1.0,1.0,0.0,0.0,0.0,0.0,0.0,0.0,0.0,,2.0,2.0,,0.0,1.0,2.0,-2.0,0.25,0.0,0.125,0.0,0.125,0.0,0.0,0.0,0.0,0.0,0.0,0.0,0.25,0.0,0.0,0.0,0.11,0.0,7.2,1.0954451150103337,1.2,1.0,0.6,0.0,0.0,0.4,0.0,0.0,0.0,0.0,,1.2,1.2,,0.4,0.6,1.6,0.8,0.15,0.1369306393762915,0.1416666666666666,0.0228217732293818,0.075,0.0684653196881457,0.0,0.0,0.0,0.0,0.0,0.0,0.15,0.1369306393762915,0.0,0.0,0.066,0.0602494813255682,6.9,4.408325456829765,0.6,1.1,0.3,0.0,0.0,0.3,0.1,0.2,0.0,0.0,,0.6,0.6,,0.3,0.8,1.1,-2.1,0.075,0.1207614728849119,0.1152777777777777,0.0909695716322933,0.0375,0.0603807364424559,0.0,0.0,0.0,0.0,0.0,0.0,0.075,0.1207614728849119,0.0111111111111111,0.0351364184463153,0.0441111111111111,0.0569481028635115,8.991666666666667,1.0739999999999998,1.7359999999999998,0.4539999999999999,0.0,0.415,0.5533333333333333,0.415,3.2639999999999993,2.81,1.5279999999999998,2.1899999999999995,0.9683333333333332,1.0739999999999998,1.7359999999999998,0.4539999999999999,0.0,3.264,0.415,0.5533333333333333,0.415
3149391,A'ja Wilson,LVA,2026-05-25,0.0,2.0,3.0,12.0,22.0,24,15,4,2,4,2,4,3,8,20,,6,6,,2,13,1,-3,35.0,0.6857142857142857,0.4285714285714285,0.1142857142857142,0.0571428571428571,0.1142857142857142,0.5714285714285714,0.1714285714285714,0.0857142857142857,0.7325714285714285,0.0,35.0,0.0,24.0,15.0,4.0,2.0,4.0,2.0,4.0,3.0,8.0,20.0,,6.0,6.0,,2.0,13.0,1.0,-3.0,0.6857142857142857,0.0,0.4285714285714285,0.0,0.1142857142857142,0.0,0.0571428571428571,0.0,0.1142857142857142,0.0,0.5714285714285714,0.0,0.1714285714285714,0.0,0.0857142857142857,0.0,0.7325714285714285,0.0,33.4,2.1908902300206634,22.4,11.4,2.8,2.0,3.2,1.2,3.2,3.4,7.2,16.8,,6.0,6.4,,1.2,10.2,2.6,-3.0,0.6694930875576037,0.0222117903504397,0.3345622119815668,0.1287274213491404,0.0814746543778801,0.0449283941179352,0.0600921658986175,0.0040385073364436,0.0943778801843318,0.0272599245209944,0.4976958525345621,0.1009626834110903,0.1931797235023041,0.0297839916062718,0.1030414746543778,0.0237262306016063,0.685736405529954,0.0641314965027251,31.5,4.062019202317982,28.9,8.3,2.5,1.8,2.4,0.9,2.6,3.1,9.5,16.5,,8.1,8.7,,1.0,7.3,2.8,6.0,0.9258995775729646,0.3522205898812003,0.2671418970814132,0.16683292226974,0.0768500384024577,0.0363331786234027,0.0552476958525345,0.0196598352912909,0.0723905529953917,0.0349372366704805,0.5277361751152073,0.1072337534383084,0.2839026497695852,0.1125030555150446,0.0973108678955453,0.0256677451732642,0.7499642089093702,0.1140471259092368,32.022666666666666,26.316129479768783,9.735634682080926,3.088980346820809,1.6724901734104043,1.1106127167630058,2.591429672447014,2.9616339113680152,39.14074450867052,36.05176416184971,29.40510982658959,12.824615028901736,3.7020423892100194,26.316129479768783,9.735634682080926,3.088980346820809,1.6724901734104043,39.14074450867052,1.1106127167630058,2.591429672447014,2.9616339113680152
4065870,Jackie Young,LVA,2026-05-25,0.0,2.0,3.0,12.0,25.0,0,3,2,0,2,0,1,3,0,2,,0,0,,1,2,5,-9,19.0,0.0,0.1578947368421052,0.1052631578947368,0.0,0.1052631578947368,0.1052631578947368,0.0,0.1578947368421052,0.2631578947368421,0.0,19.0,0.0,0.0,3.0,2.0,0.0,2.0,0.0,1.0,3.0,0.0,2.0,,0.0,0.0,,1.0,2.0,5.0,-9.0,0.0,0.0,0.1578947368421052,0.0,0.1052631578947368,0.0,0.0,0.0,0.1052631578947368,0.0,0.1052631578947368,0.0,0.0,0.0,0.1578947368421052,0.0,0.2631578947368421,0.0,25.0,8.215838362577491,0.0,4.6,4.0,0.0,3.2,0.8,1.4,2.6,0.0,6.0,,0.0,0.0,,1.0,3.6,3.8,-3.0,0.0,0.0,0.1770897832817337,0.0262838998183595,0.1455108359133126,0.0551114028449469,0.0,0.0,0.1219814241486068,0.022892428874055,0.2043343653250774,0.1356588377721776,0.0,0.0,0.118266253869969,0.0542635351088709,0.3226006191950464,0.0813953026633053,27.9,6.488451279003336,5.0,4.9,5.1,0.0,2.9,0.8,0.9,2.8,2.2,10.0,,0.6,0.9,,1.2,3.7,3.5,6.8,0.1665471923536439,0.2150391605290293,0.1709013467677204,0.0512475981124569,0.1736303916020284,0.0479515364156998,0.0,0.0,0.1024588405443294,0.0351436908711935,0.3293370470240538,0.1695275326761045,0.0304659498207885,0.0415677903395813,0.1074288609992195,0.048399928632814,0.4501709259444204,0.1696652669743407,24.613666666666667,5.352210778443115,4.052105389221557,4.246267065868263,0.3537293413173652,0.7369361277445111,0.5895489021956087,1.9160339321357287,13.650583233532934,9.404316167664671,9.59847784431138,8.29837245508982,1.32648502994012,5.352210778443115,4.052105389221557,4.246267065868263,0.3537293413173652,13.650583233532934,0.7369361277445111,0.5895489021956087,1.9160339321357287
4280892,Chennedy Carter,LVA,2026-05-25,0.0,2.0,3.0,12.0,25.0,23,3,3,4,4,1,1,3,8,13,,3,4,,2,1,3,15,26.0,0.8846153846153846,0.1153846153846153,0.1153846153846153,0.1538461538461538,0.1538461538461538,0.5,0.1538461538461538,0.1153846153846153,0.683076923076923,0.0,26.0,0.0,23.0,3.0,3.0,4.0,4.0,1.0,1.0,3.0,8.0,13.0,,3.0,4.0,,2.0,1.0,3.0,15.0,0.8846153846153846,0.0,0.1153846153846153,0.0,0.1153846153846153,0.0,0.1538461538461538,0.0,0.1538461538461538,0.0,0.5,0.0,0.1538461538461538,0.0,0.1153846153846153,0.0,0.683076923076923,0.0,24.0,2.73861278752583,21.8,2.6,3.0,2.8,3.2,0.6,0.6,2.6,7.6,13.0,,3.8,4.4,,1.2,1.4,3.0,8.6,0.9117216117216116,0.0371167300873456,0.1073260073260073,0.0110347035394809,0.1263736263736263,0.0150473230083836,0.1113553113553113,0.0581829822990835,0.1304029304029304,0.0321009557512185,0.5476190476190477,0.0652050663696626,0.1875457875457875,0.0461451238923766,0.1073260073260073,0.0110347035394812,0.7374652014652014,0.0744742173428266,23.2,2.250925735484556,21.0,2.6,2.5,1.6,2.3,1.1,0.6,2.2,7.3,11.8,,4.8,6.3,,0.9,1.7,2.4,4.9,0.9045534465534466,0.0824733341157764,0.1088231768231768,0.0798089536362809,0.1071088911088911,0.0450191561201825,0.0644395604395604,0.0648794341252904,0.0963616383616383,0.0446710136486129,0.5088051948051948,0.1140793175402725,0.2812187812187812,0.1951625814374474,0.0928231768231768,0.0376956205945566,0.7253646353646354,0.0779727429156535,23.83933333333333,21.77750375939849,2.94027969924812,2.5580962406015035,1.9928210526315788,1.613187969924812,0.3584862155388471,2.688646616541353,27.27587969924811,24.71778345864661,24.3356,5.498375939849623,1.971674185463659,21.77750375939849,2.94027969924812,2.5580962406015035,1.9928210526315788,27.27587969924812,1.613187969924812,0.3584862155388471,2.688646616541353
4281190,Dana Evans,LVA,2026-05-25,0.0,10.0,0.0,6.0,7.0,0,0,0,0,0,0,0,0,0,0,,0,0,,0,0,0,0,0.0,,,,,,,,,,0.0,0.0,0.0,0.0,0.0,0.0,0.0,0.0,0.0,0.0,0.0,0.0,0.0,,0.0,0.0,,0.0,0.0,0.0,0.0,,,,,,,,,,,,,,,,,,,0.0,0.0,0.0,0.0,0.0,0.0,0.0,0.0,0.0,0.0,0.0,0.0,,0.0,0.0,,0.0,0.0,0.0,0.0,,,,,,,,,,,,,,,,,,,0.0,0.0,0.0,0.0,0.0,0.0,0.0,0.0,0.0,0.0,0.0,0.0,,0.0,0.0,,0.0,0.0,0.0,0.0,,,,,,,,,,,,,,,,,,,8.0,0.0,0.0,0.0,0.0,0.176,0.144,0.48,0.0,0.0,0.0,0.0,0.3199999999999999,0.0,0.0,0.0,0.0,0.0,0.176,0.144,0.48
4398776,NaLyssa Smith,LVA,2026-05-25,0.0,2.0,3.0,12.0,25.0,22,9,1,1,2,2,1,1,8,12,,5,7,,6,3,1,-1,28.0,0.7857142857142857,0.3214285714285714,0.0357142857142857,0.0357142857142857,0.0714285714285714,0.4285714285714285,0.25,0.0357142857142857,0.5742857142857142,0.0,28.0,0.0,22.0,9.0,1.0,1.0,2.0,2.0,1.0,1.0,8.0,12.0,,5.0,7.0,,6.0,3.0,1.0,-1.0,0.7857142857142857,0.0,0.3214285714285714,0.0,0.0357142857142857,0.0,0.0357142857142857,0.0,0.0714285714285714,0.0,0.4285714285714285,0.0,0.25,0.0,0.0357142857142857,0.0,0.5742857142857142,0.0,24.8,4.3817804600413295,18.4,7.8,1.0,0.6,1.6,1.2,0.6,1.4,7.2,10.0,,3.4,5.4,,4.8,3.0,2.6,1.8,0.7314285714285714,0.0743337756614149,0.3128571428571429,0.011736911946538,0.0414285714285714,0.0078246079643598,0.0214285714285714,0.0195615199108987,0.0628571428571428,0.0117369119465392,0.3971428571428571,0.043035343803977,0.2099999999999999,0.0547722557505165,0.0614285714285714,0.0352107358396178,0.5509714285714284,0.0319244004945866,21.3,4.785394445602153,12.3,6.2,0.8,0.3,0.9,0.8,0.6,1.1,5.0,7.3,,2.0,3.4,,2.9,3.3,2.6,5.6,0.5346358543417368,0.2445828478946639,0.2847945845004668,0.0366967834027654,0.0368253968253968,0.0335180069533296,0.0107142857142857,0.0172516389835588,0.0364285714285714,0.0325503273335892,0.3263818860877684,0.0873954829423131,0.1422222222222222,0.1065160974329499,0.0518253968253968,0.0463243301366596,0.440785060690943,0.1480286395473511,23.601000000000003,15.54434,7.456180000000001,1.210035,0.406005,0.7867000000000001,1.1800500000000005,0.9833750000000002,24.210555000000003,23.00052,16.754375,8.666215000000001,1.96675,15.54434,7.456180000000001,1.210035,0.406005,24.210555000000003,0.7867000000000001,1.1800500000000005,0.9833750000000002
4433633,Kierstan Bell,LVA,2026-05-25,0.0,2.0,3.0,12.0,25.0,0,0,0,0,0,0,0,0,0,0,,0,0,,0,0,0,0,0.0,,,,,,,,,,0.0,0.0,0.0,0.0,0.0,0.0,0.0,0.0,0.0,0.0,0.0,0.0,0.0,,0.0,0.0,,0.0,0.0,0.0,0.0,,,,,,,,,,,,,,,,,,,0.0,0.0,0.0,0.0,0.0,0.0,0.0,0.0,0.0,0.0,0.0,0.0,,0.0,0.0,,0.0,0.0,0.0,0.0,,,,,,,,,,,,,,,,,,,0.9,2.846049894151548,0.0,0.1,0.0,0.0,0.1,0.0,0.0,0.0,0.0,0.2,,0.0,0.0,,0.0,0.1,0.0,-0.1,0.0,,0.1111111111111111,,0.0,,0.0,,0.1111111111111111,,0.2222222222222222,,0.0,,0.0,,0.2222222222222222,,9.4,0.0,1.1046666666666665,0.3133333333333333,0.0,0.261111111111111,0.261111111111111,0.5222222222222221,1.4179999999999997,1.1046666666666665,0.3133333333333333,1.4179999999999997,0.5222222222222221,0.0,1.1046666666666665,0.3133333333333333,0.0,1.4179999999999997,0.261111111111111,0.261111111111111,0.5222222222222221
4565501,Janiah Barker,LVA,2026-05-25,0.0,2.0,3.0,9.0,13.0,0,0,0,0,0,0,0,0,0,0,,0,0,,0,0,0,0,0.0,,,,,,,,,,0.0,0.0,0.0,0.0,0.0,0.0,0.0,0.0,0.0,0.0,0.0,0.0,0.0,,0.0,0.0,,0.0,0.0,0.0,0.0,,,,,,,,,,,,,,,,,,,0.0,0.0,0.0,0.0,0.0,0.0,0.0,0.0,0.0,0.0,0.0,0.0,,0.0,0.0,,0.0,0.0,0.0,0.0,,,,,,,,,,,,,,,,,,,0.7,2.213594362117866,0.1,0.2,0.0,0.0,0.0,0.1,0.0,0.0,0.0,0.0,,0.1,0.2,,0.0,0.2,0.1,-1.3,0.1428571428571428,,0.2857142857142857,,0.0,,0.0,,0.0,,0.0,,0.2857142857142857,,0.0,,0.1257142857142857,,8.0,0.02,0.04,0.0,0.0,0.176,0.144,0.48,0.06,0.06,0.02,0.04,0.3199999999999999,0.02,0.04,0.0,0.0,0.06,0.176,0.144,0.48
4705226,Jordan Obi,LVA,2026-05-25,0.0,22.0,0.0,0.0,7.0,0,1,0,0,0,0,0,1,0,0,,0,0,,0,1,1,2,3.0,0.0,0.3333333333333333,0.0,0.0,0.0,0.0,0.0,0.3333333333333333,0.3333333333333333,0.0,3.0,0.0,0.0,1.0,0.0,0.0,0.0,0.0,0.0,1.0,0.0,0.0,,0.0,0.0,,0.0,1.0,1.0,2.0,0.0,0.0,0.3333333333333333,0.0,0.0,0.0,0.0,0.0,0.0,0.0,0.0,0.0,0.0,0.0,0.3333333333333333,0.0,0.3333333333333333,0.0,3.8,1.0954451150103324,0.0,1.0,0.4,0.0,0.0,0.0,0.0,1.0,0.0,1.2,,0.0,0.0,,0.4,0.6,0.6,2.4,0.0,0.0,0.2799999999999999,0.0730296743340221,0.08,0.1095445115010332,0.0,0.0,0.0,0.0,0.2399999999999999,0.3286335345030996,0.0,0.0,0.2799999999999999,0.0730296743340221,0.5199999999999999,0.2556038601690775,4.0,1.0954451150103324,0.0,1.0,0.5,0.0,0.0,0.0,0.0,1.0,0.0,1.5,,0.0,0.0,,0.5,0.5,0.5,2.5,0.0,0.0,0.2666666666666666,0.0730296743340221,0.1,0.1095445115010332,0.0,0.0,0.0,0.0,0.3,0.3286335345030996,0.0,0.0,0.2666666666666666,0.0730296743340221,0.5666666666666667,0.2556038601690775,8.0,0.0,1.0,0.24,0.0,0.176,0.144,0.48,1.24,1.0,0.24,1.24,0.3199999999999999,0.0,1.0,0.24,0.0,1.24,0.176,0.144,0.48
2529130,Natasha Howard,MIN,2026-05-25,0.0,2.0,6.0,15.0,25.0,26,14,5,0,0,0,0,3,11,15,,4,5,,5,9,5,16,33.0,0.7878787878787878,0.4242424242424242,0.1515151515151515,0.0,0.0,0.4545454545454545,0.1515151515151515,0.0909090909090909,0.6121212121212121,0.0,33.0,0.0,26.0,14.0,5.0,0.0,0.0,0.0,0.0,3.0,11.0,15.0,,4.0,5.0,,5.0,9.0,5.0,16.0,0.7878787878787878,0.0,0.4242424242424242,0.0,0.1515151515151515,0.0,0.0,0.0,0.0,0.0,0.4545454545454545,0.0,0.1515151515151515,0.0,0.0909090909090909,0.0,0.6121212121212121,0.0,28.6,6.024948132556829,20.8,10.8,4.2,0.0,0.0,0.0,0.0,3.4,8.6,11.8,,3.6,4.6,,4.6,6.2,4.2,17.6,0.7090909090909091,0.1078847461752603,0.3636363636363636,0.0829882662886615,0.1454545454545454,0.0082988266288663,0.0,0.0,0.0,0.0,0.4,0.0746894396597954,0.1636363636363636,0.0165976532577324,0.1272727272727272,0.0497929597731969,0.5992727272727272,0.0175935124531964,28.7,5.056349144062996,19.4,9.2,4.9,0.0,0.3,0.6,0.3,4.0,8.3,12.5,,2.8,4.5,,4.0,5.2,3.7,12.8,0.6637841468875951,0.0980011276128056,0.3164800716524855,0.0887186196236017,0.170206000895656,0.0503410135988419,0.0,0.0,0.0103448275862068,0.0166567548806775,0.4269905956112853,0.0836394145630629,0.1585221674876847,0.018897287305452,0.1431974921630094,0.0421460889861559,0.6399378414688759,0.059303350102669,29.69,19.959642857142853,10.069785714285716,4.318821428571429,0.0,0.7069047619047618,0.5301785714285714,4.771607142857143,34.34824999999999,30.029428571428568,24.27846428571428,14.388607142857143,1.237083333333333,19.959642857142853,10.069785714285716,4.318821428571429,0.0,34.34824999999999,0.7069047619047618,0.5301785714285714,4.771607142857143
2529205,Kayla McBride,MIN,2026-05-25,0.0,2.0,6.0,15.0,28.0,13,6,4,2,4,1,0,0,4,9,,3,3,,0,6,1,11,35.0,0.3714285714285714,0.1714285714285714,0.1142857142857142,0.0571428571428571,0.1142857142857142,0.2571428571428571,0.0857142857142857,0.0,0.2948571428571429,0.0,35.0,0.0,13.0,6.0,4.0,2.0,4.0,1.0,0.0,0.0,4.0,9.0,,3.0,3.0,,0.0,6.0,1.0,11.0,0.3714285714285714,0.0,0.1714285714285714,0.0,0.1142857142857142,0.0,0.0571428571428571,0.0,0.1142857142857142,0.0,0.2571428571428571,0.0,0.0857142857142857,0.0,0.0,0.0,0.2948571428571429,0.0,30.2,6.572670690061998,13.0,5.2,3.2,1.6,3.6,1.0,0.0,0.4,4.4,8.6,,2.6,3.0,,0.4,4.8,1.0,14.2,0.448944099378882,0.1061425080382681,0.1724223602484472,0.0013608013851066,0.1033540372670807,0.014968815236166,0.0516770186335403,0.007484407618083,0.1207453416149068,0.008845209003189,0.293416149068323,0.0496692505563689,0.1036024844720497,0.0244944249319078,0.017391304347826,0.0238140242393551,0.3563925465838509,0.0842608217657637,32.8,7.146094504459528,14.9,5.9,2.2,1.5,4.1,1.9,0.4,1.1,5.2,10.9,,3.0,3.5,,1.0,4.9,2.1,7.5,0.4633467299963463,0.0943156683182306,0.1796318962367555,0.0196147499061282,0.0708138472780416,0.0400860542780257,0.0451863354037267,0.0168290317932764,0.1242985020094994,0.0272486546178016,0.3295789185239313,0.0812104366170496,0.112197661673365,0.0812189368286399,0.033925831202046,0.0238552693682489,0.412871720862258,0.0862160566744826,32.922000000000004,14.430490909090908,5.173145454545455,2.640927272727273,1.6018727272727276,1.4964545454545457,0.3325454545454545,1.4964545454545457,22.244563636363633,19.60363636363636,17.07141818181818,7.814072727272727,1.829,14.430490909090908,5.173145454545455,2.640927272727273,1.6018727272727276,22.24456363636364,1.4964545454545457,0.3325454545454545,1.4964545454545457
2987891,Courtney Williams,MIN,2026-05-25,0.0,2.0,6.0,15.0,28.0,17,8,3,0,1,3,2,2,8,18,,1,1,,2,6,3,12,33.0,0.5151515151515151,0.2424242424242424,0.0909090909090909,0.0,0.0303030303030303,0.5454545454545454,0.0303030303030303,0.0606060606060606,0.6193939393939394,0.0,33.0,0.0,17.0,8.0,3.0,0.0,1.0,3.0,2.0,2.0,8.0,18.0,,1.0,1.0,,2.0,6.0,3.0,12.0,0.5151515151515151,0.0,0.2424242424242424,0.0,0.0909090909090909,0.0,0.0,0.0,0.0303030303030303,0.0,0.5454545454545454,0.0,0.0303030303030303,0.0,0.0606060606060606,0.0,0.6193939393939394,0.0,31.4,2.1908902300206625,16.2,8.0,3.0,1.2,3.8,1.8,1.2,1.2,7.2,16.8,,0.6,0.6,,1.2,6.8,2.6,14.4,0.5159874608150471,0.0011446657418986,0.2557993730407523,0.0183146518706016,0.0959247648902821,0.0068679944514758,0.0413793103448275,0.0566609542246723,0.128526645768025,0.1344982246747273,0.5341692789968652,0.0154529875158207,0.0181818181818181,0.0165976532577323,0.0363636363636363,0.0331953065154647,0.5785329153605016,0.0559512614646871,30.7,1.7029386365926744,16.8,6.8,3.0,2.1,4.9,1.1,0.6,1.3,7.2,16.6,,0.3,0.3,,0.9,5.9,2.1,6.3,0.547459803822429,0.0514966360625324,0.2216149256749924,0.0503590793964137,0.0979846293861866,0.0053061216608046,0.0707119021134594,0.0488400460328409,0.1647527555870158,0.1034241982777319,0.5410668419455961,0.091309150277675,0.009090909090909,0.0146377542890802,0.041407624633431,0.0302715231573344,0.5864744665790271,0.1105290310182122,31.57866666666667,16.401643243243246,6.688605405405406,3.555597837837838,1.3601729729729732,1.7069549549549552,0.6827819819819821,1.3655639639639643,26.64584648648649,23.09024864864865,19.957241081081083,10.244203243243245,2.389736936936937,16.401643243243246,6.688605405405406,3.555597837837838,1.3601729729729732,26.64584648648649,1.7069549549549552,0.6827819819819821,1.3655639639639643
3054590,Nia Coffey,MIN,2026-05-25,0.0,2.0,6.0,15.0,28.0,8,7,0,1,7,0,2,4,3,11,,1,1,,2,5,3,7,25.0,0.32,0.28,0.0,0.04,0.28,0.44,0.04,0.16,0.6175999999999999,0.0,25.0,0.0,8.0,7.0,0.0,1.0,7.0,0.0,2.0,4.0,3.0,11.0,,1.0,1.0,,2.0,5.0,3.0,7.0,0.32,0.0,0.28,0.0,0.0,0.0,0.04,0.0,0.28,0.0,0.44,0.0,0.04,0.0,0.16,0.0,0.6175999999999999,0.0,25.0,0.0,8.0,5.4,0.8,0.6,4.2,0.4,1.2,2.8,3.4,8.2,,0.6,0.6,,1.6,3.8,2.2,8.6,0.32,0.0,0.216,0.0876356092008263,0.0319999999999999,0.0438178046004133,0.024,0.0219089023002067,0.168,0.1533623161014465,0.328,0.1533623161014465,0.024,0.0219089023002067,0.112,0.0657267069006199,0.4505599999999999,0.2287289400141572,25.5,1.5811388300841842,6.7,4.7,1.3,0.6,3.3,0.4,0.8,1.9,2.9,6.3,,0.3,0.3,,0.9,3.8,3.1,5.9,0.2593333333333333,0.128599291513514,0.1826666666666667,0.0809938269252662,0.0513333333333333,0.0382390143991999,0.022,0.0332665998663324,0.13,0.1151810169544733,0.248,0.1330663994653296,0.012,0.019321835661586,0.0753333333333333,0.0584617633823833,0.3286133333333333,0.1996848895412747,25.473333333333336,7.671464968152867,5.701910828025478,0.8001019108280256,1.0908025477707006,0.4867515923566879,1.2980042462845012,1.2980042462845012,14.17347770700637,13.373375796178344,8.471566878980893,6.502012738853503,1.784755838641189,7.671464968152867,5.701910828025478,0.8001019108280256,1.0908025477707006,14.17347770700637,0.4867515923566879,1.2980042462845012,1.2980042462845012
3913680,Emese Hof,MIN,2026-05-25,0.0,2.0,3.0,6.0,10.0,2,2,0,0,0,0,0,2,1,1,,0,0,,1,1,3,-4,6.0,0.3333333333333333,0.3333333333333333,0.0,0.0,0.0,0.1666666666666666,0.0,0.3333333333333333,0.5,0.0,6.0,0.0,2.0,2.0,0.0,0.0,0.0,0.0,0.0,2.0,1.0,1.0,,0.0,0.0,,1.0,1.0,3.0,-4.0,0.3333333333333333,0.0,0.3333333333333333,0.0,0.0,0.0,0.0,0.0,0.0,0.0,0.1666666666666666,0.0,0.0,0.0,0.3333333333333333,0.0,0.5,0.0,8.0,2.7386127875258306,2.4,2.4,0.8,0.0,0.0,0.0,0.0,2.0,1.0,1.8,,0.4,0.8,,1.0,1.4,2.6,-6.4,0.3090909090909091,0.0331953065154647,0.3090909090909091,0.0331953065154646,0.0727272727272727,0.0995859195463938,0.0,0.0,0.0,0.0,0.209090909090909,0.0580917864020631,0.0727272727272727,0.0995859195463938,0.2727272727272727,0.0829882662886614,0.5138181818181817,0.0189213247138148,7.0,3.122498999199199,2.333333333333333,1.6666666666666667,0.6666666666666666,0.0,0.0,0.0,0.0,1.3333333333333333,1.0,2.0,,0.3333333333333333,0.6666666666666666,,0.6666666666666666,1.0,2.0,-6.0,0.3686868686868687,0.1019213942960129,0.202020202020202,0.1537710843195791,0.0606060606060606,0.0909090909090909,0.0,0.0,0.0,0.0,0.3131313131313131,0.1474842601055438,0.0606060606060606,0.0909090909090909,0.1717171717171717,0.1445362426389311,0.5115151515151515,0.0172727272727272,7.65,2.412666666666667,1.922190476190476,0.6024761904761904,0.0,0.0,0.0,1.457142857142857,4.937333333333333,4.334857142857143,3.015142857142857,2.5246666666666666,0.0,2.412666666666667,1.922190476190476,0.6024761904761904,0.0,4.937333333333333,0.0,0.0,1.457142857142857
3917450,Napheesa Collier,MIN,2026-05-25,0.0,2.0,6.0,12.0,22.0,0,0,0,0,0,0,0,0,0,0,,0,0,,0,0,0,0,0.0,,,,,,,,,,0.0,0.0,0.0,0.0,0.0,0.0,0.0,0.0,0.0,0.0,0.0,0.0,0.0,,0.0,0.0,,0.0,0.0,0.0,0.0,,,,,,,,,,,,,,,,,,,0.0,0.0,0.0,0.0,0.0,0.0,0.0,0.0,0.0,0.0,0.0,0.0,,0.0,0.0,,0.0,0.0,0.0,0.0,,,,,,,,,,,,,,,,,,,0.0,0.0,0.0,0.0,0.0,0.0,0.0,0.0,0.0,0.0,0.0,0.0,,0.0,0.0,,0.0,0.0,0.0,0.0,,,,,,,,,,,,,,,,,,,8.0,0.0,0.0,0.0,0.0,0.176,0.144,0.48,0.0,0.0,0.0,0.0,0.3199999999999999,0.0,0.0,0.0,0.0,0.0,0.176,0.144,0.48
4280850,Maya Caldwell,MIN,2026-05-25,0.0,2.0,6.0,15.0,25.0,2,3,2,0,1,0,0,1,0,2,,2,2,,1,2,3,0,13.0,0.1538461538461538,0.2307692307692307,0.1538461538461538,0.0,0.0769230769230769,0.1538461538461538,0.1538461538461538,0.0769230769230769,0.2984615384615384,0.0,13.0,0.0,2.0,3.0,2.0,0.0,1.0,0.0,0.0,1.0,0.0,2.0,,2.0,2.0,,1.0,2.0,3.0,0.0,0.1538461538461538,0.0,0.2307692307692307,0.0,0.1538461538461538,0.0,0.0,0.0,0.0769230769230769,0.0,0.1538461538461538,0.0,0.1538461538461538,0.0,0.0769230769230769,0.0,0.2984615384615384,0.0,16.6,4.929503017546495,7.6,3.0,2.4,1.6,3.4,0.4,0.4,0.6,2.4,6.0,,1.2,1.2,,1.4,1.6,3.0,4.4,0.3832167832167832,0.3140786693386267,0.193006993006993,0.0517080736106276,0.1468531468531468,0.0095755691871534,0.0727272727272727,0.0995859195463938,0.1734265734265734,0.1321428547827149,0.3104895104895104,0.2144927497922329,0.0923076923076923,0.0842650088469486,0.0461538461538461,0.0421325044234742,0.3972587412587412,0.135283641476101,16.4,4.195235392680611,6.9,2.4,2.4,1.5,3.3,0.5,0.6,0.4,2.4,5.8,,0.6,0.6,,0.9,1.5,1.8,2.2,0.3580856643356643,0.2725391096576283,0.1476398601398601,0.0702757699315386,0.1518356643356643,0.0441028051179367,0.0732954545454545,0.0797008763013029,0.1833041958041958,0.1088941233234426,0.3211538461538462,0.1672992583484366,0.0461538461538461,0.0743147525445612,0.0321678321678321,0.0417242906018917,0.3736293706293706,0.1324648203077571,14.261,5.157299999999999,2.4684,1.985,1.0022,0.5485,0.3656666666666666,0.5485,9.6107,7.625699999999999,7.142299999999999,4.4534,0.9141666666666666,5.157299999999999,2.4684,1.985,1.0022,9.6107,0.5485,0.3656666666666666,0.5485
4398938,Dorka Juhasz,MIN,2026-05-25,0.0,2.0,6.0,12.0,19.0,0,0,0,0,0,0,0,0,0,0,,0,0,,0,0,0,0,0.0,,,,,,,,,,0.0,0.0,0.0,0.0,0.0,0.0,0.0,0.0,0.0,0.0,0.0,0.0,0.0,,0.0,0.0,,0.0,0.0,0.0,0.0,,,,,,,,,,,,,,,,,,,0.0,0.0,0.0,0.0,0.0,0.0,0.0,0.0,0.0,0.0,0.0,0.0,,0.0,0.0,,0.0,0.0,0.0,0.0,,,,,,,,,,,,,,,,,,,0.0,0.0,0.0,0.0,0.0,0.0,0.0,0.0,0.0,0.0,0.0,0.0,,0.0,0.0,,0.0,0.0,0.0,0.0,,,,,,,,,,,,,,,,,,,8.0,0.0,0.0,0.0,0.0,0.176,0.144,0.48,0.0,0.0,0.0,0.0,0.3199999999999999,0.0,0.0,0.0,0.0,0.0,0.176,0.144,0.48
4433386,Jaylyn Sherrod,MIN,2026-05-25,0.0,24.0,0.0,0.0,10.0,0,1,1,0,0,0,0,0,0,0,,0,2,,1,0,1,0,6.0,0.0,0.1666666666666666,0.1666666666666666,0.0,0.0,0.0,0.3333333333333333,0.0,0.1466666666666666,0.0,6.0,0.0,0.0,1.0,1.0,0.0,0.0,0.0,0.0,0.0,0.0,0.0,,0.0,2.0,,1.0,0.0,1.0,0.0,0.0,0.0,0.1666666666666666,0.0,0.1666666666666666,0.0,0.0,0.0,0.0,0.0,0.0,0.0,0.3333333333333333,0.0,0.0,0.0,0.1466666666666666,0.0,8.4,3.2863353450309964,2.4,0.6,0.6,0.0,0.0,0.4,0.0,0.4,0.4,0.8,,1.6,2.8,,0.6,0.0,1.4,2.4,0.1999999999999999,0.273861278752583,0.1,0.0912870929175276,0.1,0.0912870929175276,0.0,0.0,0.0,0.0,0.0666666666666666,0.0912870929175276,0.3333333333333333,0.0,0.0333333333333333,0.0456435464587638,0.2466666666666666,0.1369306393762915,10.666666666666666,3.605551275463989,5.0,0.3333333333333333,1.0,0.0,0.0,1.0,0.0,0.3333333333333333,1.6666666666666667,2.333333333333333,,1.6666666666666667,2.6666666666666665,,0.3333333333333333,0.0,2.333333333333333,6.333333333333333,0.380952380952381,0.2923340275668732,0.0555555555555555,0.0833333333333333,0.1031746031746031,0.0780647443369285,0.0,0.0,0.0,0.0,0.1746031746031746,0.1547619047619047,0.2698412698412698,0.0952380952380952,0.0277777777777777,0.0416666666666666,0.3211111111111111,0.1312228807961646,8.0,1.84,0.7266666666666666,0.8599999999999999,0.0,0.176,0.144,0.48,3.4266666666666663,2.5666666666666664,2.7,1.5866666666666664,0.3199999999999999,1.84,0.7266666666666666,0.8599999999999999,0.0,3.4266666666666663,0.176,0.144,0.48
4433542,Saylor Poffenbarger,MIN,2026-05-25,0.0,24.0,0.0,0.0,10.0,0,2,0,0,1,0,0,0,0,1,,0,0,,1,1,1,8,15.0,0.0,0.1333333333333333,0.0,0.0,0.0666666666666666,0.0666666666666666,0.0,0.0,0.0666666666666666,0.0,15.0,0.0,0.0,2.0,0.0,0.0,1.0,0.0,0.0,0.0,0.0,1.0,,0.0,0.0,,1.0,1.0,1.0,8.0,0.0,0.0,0.1333333333333333,0.0,0.0,0.0,0.0,0.0,0.0666666666666666,0.0,0.0666666666666666,0.0,0.0,0.0,0.0,0.0,0.0666666666666666,0.0,20.2,7.12039324756716,3.2,2.4,0.4,0.8,4.6,0.0,0.8,0.8,1.2,5.0,,0.0,0.0,,0.6,1.8,1.4,3.6,0.1142857142857142,0.1564921592871903,0.1228571428571428,0.0143451146013259,0.0142857142857142,0.0195615199108988,0.0285714285714285,0.0391230398217975,0.1828571428571428,0.1591003619419768,0.1971428571428571,0.1786618818528755,0.0,0.0,0.0285714285714285,0.0391230398217975,0.2257142857142857,0.2177849216746731,23.0,6.06217782649107,5.666666666666667,6.0,0.6666666666666666,1.0,5.0,0.3333333333333333,1.0,0.6666666666666666,2.0,6.0,,0.6666666666666666,0.6666666666666666,,1.3333333333333333,4.666666666666667,1.3333333333333333,5.333333333333333,0.2106227106227106,0.160120298031844,0.2468253968253968,0.1902193208448493,0.0247252747252747,0.0185820731572372,0.0366300366300366,0.0309599661252325,0.1925518925518925,0.1290863227600751,0.2300976800976801,0.1412455174277331,0.0256410256410256,0.0384615384615384,0.0238095238095238,0.0357142857142857,0.2651892551892552,0.1721746360957667,18.42,2.2533333333333334,2.94,0.2733333333333333,0.48,0.40524,0.33156,1.1052,5.466666666666667,5.193333333333333,2.526666666666667,3.2133333333333334,0.7368,2.2533333333333334,2.94,0.2733333333333333,0.48,5.466666666666667,0.40524,0.33156,1.1052
4433543,Reigan Richardson,MIN,2026-05-25,0.0,24.0,0.0,0.0,10.0,0,0,0,0,0,0,0,0,0,0,,0,0,,0,0,0,0,0.0,,,,,,,,,,0.0,0.0,0.0,0.0,0.0,0.0,0.0,0.0,0.0,0.0,0.0,0.0,0.0,,0.0,0.0,,0.0,0.0,0.0,0.0,,,,,,,,,,,,,,,,,,,4.8,6.572670690061994,2.0,0.4,0.0,0.0,0.4,0.0,0.0,0.0,0.8,1.2,,0.4,0.4,,0.0,0.4,0.0,2.0,0.4166666666666667,0.0,0.0833333333333333,0.0,0.0,0.0,0.0,0.0,0.0833333333333333,0.0,0.25,0.0,0.0833333333333333,0.0,0.0,0.0,0.2866666666666667,0.0,7.666666666666667,5.766281297335398,2.6666666666666665,0.3333333333333333,0.0,0.3333333333333333,0.6666666666666666,0.3333333333333333,0.0,0.6666666666666666,1.0,1.6666666666666667,,0.3333333333333333,0.3333333333333333,,0.0,0.3333333333333333,0.3333333333333333,1.0,0.3446969696969697,0.0788388529742284,0.0416666666666666,0.0456435464587638,0.0,0.0,0.0454545454545454,0.0497929597731969,0.0871212121212121,0.004149413314433,0.2159090909090909,0.0373447198298977,0.0416666666666666,0.0456435464587638,0.0909090909090909,0.0995859195463938,0.3251515151515151,0.04215803927464,8.0,1.2333333333333334,0.2066666666666666,0.0,0.0666666666666666,0.176,0.144,0.48,1.44,1.44,1.2333333333333334,0.2066666666666666,0.3199999999999999,1.2333333333333334,0.2066666666666666,0.0,0.0666666666666666,1.44,0.176,0.144,0.48
4433745,Sakima Walker,MIN,2026-05-25,0.0,28.0,0.0,0.0,7.0,0,0,0,0,0,0,0,0,0,0,,0,0,,0,0,1,-4,4.0,0.0,0.0,0.0,0.0,0.0,0.0,0.0,0.0,0.0,0.0,4.0,0.0,0.0,0.0,0.0,0.0,0.0,0.0,0.0,0.0,0.0,0.0,,0.0,0.0,,0.0,0.0,1.0,-4.0,0.0,0.0,0.0,0.0,0.0,0.0,0.0,0.0,0.0,0.0,0.0,0.0,0.0,0.0,0.0,0.0,0.0,0.0,7.6,4.929503017546495,1.6,0.8,0.4,0.0,0.0,0.0,0.8,0.4,0.8,1.6,,0.0,0.0,,0.4,0.4,1.4,-1.6,0.123076923076923,0.1685300176938972,0.0615384615384615,0.0842650088469486,0.0307692307692307,0.0421325044234743,0.0,0.0,0.0,0.0,0.123076923076923,0.1685300176938972,0.0,0.0,0.0307692307692307,0.0421325044234743,0.1538461538461538,0.2106625221173716,8.5,4.929503017546495,2.0,1.0,0.5,0.0,0.0,0.0,1.0,0.5,1.0,2.0,,0.0,0.0,,0.5,0.5,1.5,-1.0,0.1538461538461538,0.1685300176938972,0.0769230769230769,0.0842650088469486,0.0384615384615384,0.0421325044234743,0.0,0.0,0.0,0.0,0.1538461538461538,0.1685300176938972,0.0,0.0,0.0384615384615384,0.0421325044234743,0.1923076923076923,0.2106625221173716,8.0,0.96,0.48,0.24,0.0,0.176,0.144,0.48,1.68,1.44,1.2,0.72,0.3199999999999999,0.96,0.48,0.24,0.0,1.68,0.176,0.144,0.48
4433791,Olivia Miles,MIN,2026-05-25,0.0,2.0,6.0,15.0,28.0,14,9,5,0,2,2,0,5,4,14,,6,7,,1,8,3,8,33.0,0.4242424242424242,0.2727272727272727,0.1515151515151515,0.0,0.0606060606060606,0.4242424242424242,0.2121212121212121,0.1515151515151515,0.6690909090909091,0.0,33.0,0.0,14.0,9.0,5.0,0.0,2.0,2.0,0.0,5.0,4.0,14.0,,6.0,7.0,,1.0,8.0,3.0,8.0,0.4242424242424242,0.0,0.2727272727272727,0.0,0.1515151515151515,0.0,0.0,0.0,0.0606060606060606,0.0,0.4242424242424242,0.0,0.2121212121212121,0.0,0.1515151515151515,0.0,0.6690909090909091,0.0,29.0,5.477225575051662,14.0,7.0,5.0,0.0,1.6,1.6,0.4,3.8,4.8,12.4,,4.4,5.0,,0.6,6.4,1.8,13.6,0.4980237154150198,0.1010291937427185,0.2332015810276679,0.0541227823621704,0.1778656126482213,0.0360818549081136,0.0,0.0,0.0537549407114624,0.0093812822761096,0.4284584980237154,0.0057730967852967,0.1620553359683794,0.0685555243254161,0.125691699604743,0.0353602178099514,0.6254545454545454,0.0597515517278367,30.5,5.275730597114808,13.8,5.9,4.2,0.3,2.2,2.1,0.7,3.6,4.9,11.4,,3.7,4.0,,0.7,5.2,2.3,10.1,0.4681849943534726,0.1017121857936727,0.1916706662902315,0.0654648405109291,0.1465647939017504,0.0673195045921946,0.0085714285714285,0.013801311186847,0.068636010728402,0.0328998100865456,0.3809217955957086,0.0679554344478319,0.127134034443817,0.0634211187609299,0.1152022162619988,0.0275117411046947,0.552062987012987,0.0926105591871866,30.89,14.699081967213116,6.110360655737704,5.278196721311476,0.2265573770491803,1.5191803278688525,0.8439890710382515,3.207158469945355,26.087639344262293,20.80944262295082,19.977278688524592,11.38855737704918,2.363169398907104,14.699081967213116,6.110360655737704,5.278196721311476,0.2265573770491803,26.087639344262293,1.5191803278688525,0.8439890710382515,3.207158469945355
4596309,Liatu King,MIN,2026-05-25,0.0,2.0,6.0,9.0,19.0,0,4,0,0,0,1,3,2,0,1,,0,2,,1,3,3,-6,10.0,0.0,0.4,0.0,0.0,0.0,0.1,0.2,0.2,0.388,0.0,10.0,0.0,0.0,4.0,0.0,0.0,0.0,1.0,3.0,2.0,0.0,1.0,,0.0,2.0,,1.0,3.0,3.0,-6.0,0.0,0.0,0.4,0.0,0.0,0.0,0.0,0.0,0.0,0.0,0.1,0.0,0.2,0.0,0.2,0.0,0.388,0.0,13.6,4.929503017546498,3.6,5.2,0.0,0.4,0.8,1.0,1.8,1.6,1.2,2.6,,0.8,2.8,,1.4,3.8,1.8,0.0,0.1894736842105263,0.2594475272392892,0.3873684210526316,0.0172965018159527,0.0,0.0,0.0210526315789473,0.0288275030265876,0.0421052631578947,0.0576550060531753,0.1652631578947368,0.0893652593824218,0.2042105263157894,0.0057655006053186,0.1410526315789473,0.0807170084744455,0.3961684210526316,0.0111850711743163,9.7,7.761013679496599,3.0,3.6,0.0,0.3,0.6,0.7,0.9,1.1,1.0,2.1,,0.7,2.2,,1.1,2.5,1.1,0.2,0.2458646616541353,0.2380420729456945,0.3721804511278195,0.0355297965434909,0.0,0.0,0.0225563909774436,0.0281327623065709,0.0451127819548872,0.0562655246131419,0.1984962406015037,0.0930509985227366,0.2330827067669172,0.0737915437376558,0.1368421052631579,0.0787717344583987,0.4378947368421053,0.1054898611399412,12.355,1.86,4.34,0.0,0.1999999999999999,0.2718099999999999,0.2223899999999999,0.7412999999999998,6.2,6.2,1.86,4.34,0.4941999999999998,1.86,4.34,0.0,0.1999999999999999,6.2,0.2718099999999999,0.2223899999999999,0.7412999999999998
4682766,Amaya Battle,MIN,2026-05-25,0.0,28.0,0.0,0.0,7.0,0,0,0,0,0,0,0,0,0,0,,0,0,,0,0,0,-4,2.0,0.0,0.0,0.0,0.0,0.0,0.0,0.0,0.0,0.0,0.0,2.0,0.0,0.0,0.0,0.0,0.0,0.0,0.0,0.0,0.0,0.0,0.0,,0.0,0.0,,0.0,0.0,0.0,-4.0,0.0,0.0,0.0,0.0,0.0,0.0,0.0,0.0,0.0,0.0,0.0,0.0,0.0,0.0,0.0,0.0,0.0,0.0,1.6,0.5477225575051662,0.0,0.4,0.0,0.0,0.0,0.4,0.0,0.0,0.0,0.4,,0.0,0.8,,0.0,0.4,0.8,-3.6,0.0,0.0,0.4,0.5477225575051661,0.0,0.0,0.0,0.0,0.0,0.0,0.4,0.5477225575051661,0.8,1.095445115010332,0.0,0.0,0.752,1.0297184081097122,1.5,0.5477225575051662,0.0,0.5,0.0,0.0,0.0,0.5,0.0,0.0,0.0,0.5,,0.0,1.0,,0.0,0.5,1.0,-3.5,0.0,0.0,0.5,0.5477225575051661,0.0,0.0,0.0,0.0,0.0,0.0,0.5,0.5477225575051661,1.0,1.095445115010332,0.0,0.0,0.94,1.0297184081097122,8.0,0.0,0.24,0.0,0.0,0.176,0.144,0.48,0.24,0.24,0.0,0.24,0.3199999999999999,0.0,0.24,0.0,0.0,0.24,0.176,0.144,0.48
4703766,Ra Shaya Kyle,MIN,2026-05-25,0.0,28.0,0.0,0.0,7.0,0,1,0,0,0,0,0,1,0,0,,0,0,,0,1,0,-3,4.0,0.0,0.25,0.0,0.0,0.0,0.0,0.0,0.25,0.25,0.0,4.0,0.0,0.0,1.0,0.0,0.0,0.0,0.0,0.0,1.0,0.0,0.0,,0.0,0.0,,0.0,1.0,0.0,-3.0,0.0,0.0,0.25,0.0,0.0,0.0,0.0,0.0,0.0,0.0,0.0,0.0,0.0,0.0,0.25,0.0,0.25,0.0,7.6,4.929503017546495,2.0,2.2,0.8,0.0,0.0,0.4,0.0,1.8,0.4,0.4,,1.2,1.2,,0.4,1.8,1.6,3.8,0.1538461538461538,0.2106625221173716,0.2730769230769231,0.0315993783176057,0.0615384615384615,0.0842650088469486,0.0,0.0,0.0,0.0,0.0307692307692307,0.0421325044234743,0.0923076923076923,0.1263975132704229,0.2423076923076922,0.0105331261058685,0.3136923076923076,0.0872142841565918,8.5,4.929503017546495,2.5,2.5,1.0,0.0,0.0,0.5,0.0,2.0,0.5,0.5,,1.5,1.5,,0.5,2.0,2.0,5.5,0.1923076923076923,0.2106625221173716,0.2788461538461538,0.0315993783176057,0.0769230769230769,0.0842650088469486,0.0,0.0,0.0,0.0,0.0384615384615384,0.0421325044234743,0.1153846153846153,0.1263975132704229,0.2403846153846154,0.0105331261058685,0.3296153846153846,0.0872142841565918,8.0,1.2,1.72,0.48,0.0,0.176,0.144,0.48,3.4,2.92,1.68,2.2,0.3199999999999999,1.2,1.72,0.48,0.0,3.4,0.176,0.144,0.48
4873358,Antonia Delaere,MIN,2026-05-25,0.0,2.0,6.0,15.0,28.0,3,1,0,1,1,0,0,0,1,3,,0,0,,0,1,0,6,11.0,0.2727272727272727,0.0909090909090909,0.0,0.0909090909090909,0.0909090909090909,0.2727272727272727,0.0,0.0,0.2727272727272727,0.0,11.0,0.0,3.0,1.0,0.0,1.0,1.0,0.0,0.0,0.0,1.0,3.0,,0.0,0.0,,0.0,1.0,0.0,6.0,0.2727272727272727,0.0,0.0909090909090909,0.0,0.0,0.0,0.0909090909090909,0.0,0.0909090909090909,0.0,0.2727272727272727,0.0,0.0,0.0,0.0,0.0,0.2727272727272727,0.0,13.8,3.834057902536163,3.0,1.0,1.6,1.0,1.8,0.0,0.0,0.4,1.0,3.0,,0.0,0.0,,0.4,0.6,1.2,7.6,0.2303030303030303,0.0580917864020627,0.0767676767676767,0.0193639288006876,0.0888888888888888,0.1217161238900369,0.0767676767676767,0.0193639288006876,0.1212121212121212,0.0414941331443307,0.2303030303030303,0.058091786402063,0.0,0.0,0.0222222222222222,0.0304290309725092,0.2525252525252525,0.0276627554295538,11.8,4.9396356140914,1.8,0.7,1.6,0.6,1.2,0.0,0.0,0.4,0.6,1.8,,0.0,0.0,,0.3,0.4,1.2,1.2,0.1318181818181818,0.1214328797789084,0.0516317016317016,0.038458464345713,0.1243589743589743,0.0958859833393776,0.0439393939393939,0.0404776265929694,0.0772727272727272,0.0733454368507396,0.1318181818181818,0.1214328797789084,0.0,0.0,0.0243589743589743,0.0320465333614195,0.1561771561771561,0.121697604588583,12.616,2.5992296296296296,0.6563555555555556,1.0996148148148148,0.6483555555555556,0.155753086419753,0.0,0.4672592592592592,4.3552,3.2555851851851854,3.698844444444444,1.7559703703703704,0.155753086419753,2.5992296296296296,0.6563555555555556,1.0996148148148148,0.6483555555555556,4.3552,0.155753086419753,0.0,0.4672592592592592
5105748,Lani White,MIN,2026-05-25,0.0,24.0,0.0,0.0,10.0,0,0,0,0,0,0,0,0,0,0,,0,0,,0,0,0,0,0.0,,,,,,,,,,0.0,0.0,0.0,0.0,0.0,0.0,0.0,0.0,0.0,0.0,0.0,0.0,0.0,,0.0,0.0,,0.0,0.0,0.0,0.0,,,,,,,,,,,,,,,,,,,4.0,5.477225575051661,4.4,0.8,0.0,0.8,2.0,0.0,0.0,0.4,1.2,3.2,,1.2,1.2,,0.4,0.4,0.4,0.4,1.1,0.0,0.2,0.0,0.0,0.0,0.2,0.0,0.5,0.0,0.8,0.0,0.3,0.0,0.1,0.0,1.032,0.0,6.0,4.58257569495584,4.0,0.6666666666666666,0.0,0.6666666666666666,2.333333333333333,0.0,0.0,0.3333333333333333,1.0,3.6666666666666665,,1.3333333333333333,1.6666666666666667,,0.3333333333333333,0.3333333333333333,1.0,-1.6666666666666667,0.6125,0.534029493567537,0.1,0.1095445115010332,0.0,0.0,0.1,0.1095445115010332,0.375,0.1369306393762915,0.5875,0.2327820869396956,0.2749999999999999,0.0273861278752582,0.05,0.0547722557505166,0.7585000000000001,0.2996042389553258,8.0,2.34,0.4133333333333333,0.0,0.4133333333333333,0.176,0.144,0.48,2.753333333333333,2.753333333333333,2.34,0.4133333333333333,0.3199999999999999,2.34,0.4133333333333333,0.0,0.4133333333333333,2.753333333333333,0.176,0.144,0.48
5109356,Jade Masogayo,MIN,2026-05-25,0.0,24.0,0.0,0.0,10.0,0,0,0,0,0,0,0,0,0,0,,0,0,,0,0,0,0,0.0,,,,,,,,,,0.0,0.0,0.0,0.0,0.0,0.0,0.0,0.0,0.0,0.0,0.0,0.0,0.0,,0.0,0.0,,0.0,0.0,0.0,0.0,,,,,,,,,,,,,,,,,,,4.0,5.477225575051661,1.6,1.2,0.4,0.0,0.0,0.4,0.0,0.8,0.8,2.0,,0.0,0.0,,0.0,1.2,0.4,2.0,0.4,0.0,0.3,0.0,0.1,0.0,0.0,0.0,0.0,0.0,0.5,0.0,0.0,0.0,0.2,0.0,0.7,0.0,6.0,4.58257569495584,3.333333333333333,1.0,0.3333333333333333,0.0,0.0,0.3333333333333333,0.0,1.3333333333333333,1.6666666666666667,3.0,,0.0,0.0,,0.0,1.0,2.333333333333333,-0.3333333333333333,0.5750000000000001,0.1917028951268081,0.15,0.1643167672515498,0.05,0.0547722557505166,0.0,0.0,0.0,0.0,0.5,0.0,0.0,0.0,0.225,0.0273861278752582,0.725,0.0273861278752583,8.0,1.2266666666666666,0.62,0.2066666666666666,0.0,0.176,0.144,0.48,2.0533333333333332,1.846666666666667,1.4333333333333331,0.8266666666666667,0.3199999999999999,1.2266666666666666,0.62,0.2066666666666666,0.0,2.053333333333333,0.176,0.144,0.48
5278237,Anastasiia Olairi Kosu,MIN,2026-05-25,0.0,2.0,6.0,15.0,25.0,0,0,0,0,0,0,0,0,0,0,,0,0,,0,0,0,0,0.0,,,,,,,,,,0.0,0.0,0.0,0.0,0.0,0.0,0.0,0.0,0.0,0.0,0.0,0.0,0.0,,0.0,0.0,,0.0,0.0,0.0,0.0,,,,,,,,,,,,,,,,,,,5.6,7.668115805072326,2.0,1.6,0.0,0.0,0.0,0.8,0.4,0.8,0.8,1.6,,0.4,0.8,,0.8,0.8,0.4,6.4,0.3571428571428571,0.0,0.2857142857142857,0.0,0.0,0.0,0.0,0.0,0.0,0.0,0.2857142857142857,0.0,0.1428571428571428,0.0,0.1428571428571428,0.0,0.4914285714285714,0.0,6.5,5.759050847723665,2.3,1.2,0.1,0.0,0.0,0.6,0.3,0.6,1.0,1.7,,0.3,0.6,,0.6,0.6,0.7,4.5,0.3530612244897959,0.0238774541153521,0.1224489795918367,0.1527207096642424,0.0285714285714285,0.0755928946018454,0.0,0.0,0.0,0.0,0.2510204081632653,0.0886496618867782,0.0612244897959183,0.0763603548321212,0.0612244897959183,0.0763603548321212,0.3391836734693877,0.1645805301086143,8.0,2.264,1.16,0.368,0.0,0.6,0.4,0.4,3.7919999999999994,3.4239999999999995,2.632,1.528,1.0,2.264,1.16,0.368,0.0,3.792,0.6,0.4,0.4
5345322,Emma Cechova,MIN,2026-05-25,0.0,2.0,6.0,15.0,25.0,0,0,0,0,0,0,0,0,0,0,,0,0,,0,0,0,0,0.0,,,,,,,,,,0.0,0.0,0.0,0.0,0.0,0.0,0.0,0.0,0.0,0.0,0.0,0.0,0.0,,0.0,0.0,,0.0,0.0,0.0,0.0,,,,,,,,,,,,,,,,,,,0.0,0.0,0.0,0.0,0.0,0.0,0.0,0.0,0.0,0.0,0.0,0.0,,0.0,0.0,,0.0,0.0,0.0,0.0,,,,,,,,,,,,,,,,,,,1.1,3.478505426185219,0.2,0.2,0.0,0.0,0.0,0.0,0.0,0.0,0.1,0.3,,0.0,0.0,,0.0,0.2,0.2,-0.8,0.1818181818181818,,0.1818181818181818,,0.0,,0.0,,0.0,,0.2727272727272727,,0.0,,0.0,,0.2727272727272727,,11.266666666666666,3.266,1.4459999999999995,0.0,0.0,0.2166666666666666,0.4333333333333333,0.8666666666666667,4.712,4.712,3.266,1.4459999999999995,0.65,3.266,1.4459999999999995,0.0,0.0,4.712,0.2166666666666666,0.4333333333333333,0.8666666666666667
5345478,Eliska Hamzova,MIN,2026-05-25,0.0,2.0,6.0,15.0,28.0,0,0,0,0,0,0,0,0,0,0,,0,0,,0,0,0,0,0.0,,,,,,,,,,0.0,0.0,0.0,0.0,0.0,0.0,0.0,0.0,0.0,0.0,0.0,0.0,0.0,,0.0,0.0,,0.0,0.0,0.0,0.0,,,,,,,,,,,,,,,,,,,2.0,2.738612787525827,1.6,2.4,0.8,0.0,0.0,0.0,0.0,0.8,0.0,0.4,,1.6,2.4,,0.8,1.6,0.0,1.6,0.8,0.0,1.2,0.0,0.4,0.0,0.0,0.0,0.0,0.0,0.2,0.0,1.2,0.0,0.4,0.0,1.128,0.0,2.1,2.183269719175036,1.2,1.8,0.6,0.0,0.0,0.0,0.0,0.6,0.0,0.3,,1.2,1.8,,0.6,1.2,0.0,2.1,0.3999999999999999,0.4381780460041329,0.6,0.6572670690061994,0.2,0.2190890230020664,0.0,0.0,0.0,0.0,0.1,0.1095445115010332,0.6,0.6572670690061994,0.2,0.2190890230020664,0.5640000000000001,0.6178310448658276,6.6,2.3,2.79,0.82,0.0,0.0,0.0,2.2,5.91,5.09,3.12,3.61,0.0,2.3,2.79,0.82,0.0,5.91,0.0,0.0,2.2
2491811,Victoria Macaulay,NIGER,2026-05-25,0.0,23.0,0.0,0.0,10.0,4,3,1,0,0,2,0,3,2,8,,0,0,,1,2,1,-26,20.0,0.2,0.15,0.05,0.0,0.0,0.4,0.0,0.15,0.55,0.0,20.0,0.0,4.0,3.0,1.0,0.0,0.0,2.0,0.0,3.0,2.0,8.0,,0.0,0.0,,1.0,2.0,1.0,-26.0,0.2,0.0,0.15,0.0,0.05,0.0,0.0,0.0,0.0,0.0,0.4,0.0,0.0,0.0,0.15,0.0,0.55,0.0,20.4,0.5477225575051631,4.8,3.0,0.6,0.0,0.8,1.2,0.0,1.8,1.6,7.2,,1.6,1.6,,1.0,2.0,1.4,-18.0,0.2342857142857143,0.046947647786157,0.1471428571428571,0.0039123039821796,0.03,0.0273861278752583,0.0,0.0,0.038095238095238,0.0521640530957301,0.3542857142857143,0.0625968637148761,0.0761904761904761,0.1043281061914602,0.09,0.082158383625775,0.4778095238095238,0.0988508806164086,18.666666666666668,2.783882181415011,4.0,2.0,0.3333333333333333,0.0,1.6666666666666667,1.0,0.0,2.6666666666666665,1.0,6.0,,2.0,2.0,,0.6666666666666666,1.3333333333333333,1.3333333333333333,-20.0,0.2063492063492063,0.0661544951878562,0.0976190476190476,0.0732795876024399,0.0166666666666666,0.025,0.0,0.0,0.0984126984126984,0.086635263803144,0.3174603174603174,0.0624517954695428,0.1079365079365079,0.0846494706411008,0.1611111111111111,0.1445779297741456,0.5260634920634921,0.1264830480785752,19.87333333333333,4.279999999999999,2.7999999999999994,0.7266666666666666,0.0,0.4372133333333333,0.35772,1.1924,7.806666666666665,7.079999999999998,5.006666666666666,3.526666666666666,0.7949333333333333,4.279999999999999,2.7999999999999994,0.7266666666666666,0.0,7.806666666666665,0.4372133333333333,0.35772,1.1924
2531437,Ezinne Kalu,NIGER,2026-05-25,0.0,23.0,0.0,0.0,10.0,8,2,2,0,2,1,0,3,1,5,,6,8,,1,1,4,-37,25.0,0.32,0.08,0.08,0.0,0.08,0.2,0.32,0.12,0.4608,0.0,25.0,0.0,8.0,2.0,2.0,0.0,2.0,1.0,0.0,3.0,1.0,5.0,,6.0,8.0,,1.0,1.0,4.0,-37.0,0.32,0.0,0.08,0.0,0.08,0.0,0.0,0.0,0.08,0.0,0.2,0.0,0.32,0.0,0.12,0.0,0.4608,0.0,28.2,4.3817804600413295,14.8,2.8,2.0,1.2,4.4,1.0,0.0,3.8,2.6,8.6,,8.4,10.4,,1.0,1.8,3.6,-26.2,0.4950303030303031,0.2396701130416546,0.0964848484848484,0.0225728084305159,0.0722424242424242,0.0106224980849485,0.0363636363636363,0.0497929597731969,0.1449696969696969,0.0889634214614451,0.2896969696969697,0.1228226341072191,0.3616969696969697,0.0570959272065991,0.1326060606060606,0.0172615593880415,0.581449696969697,0.1652064014661643,28.33333333333333,3.605551275463989,13.666666666666666,3.0,2.6666666666666665,1.0,3.6666666666666665,1.3333333333333333,0.0,3.6666666666666665,2.0,7.0,,8.666666666666666,11.0,,0.6666666666666666,2.333333333333333,3.6666666666666665,-25.0,0.4579573512906846,0.2249480913970879,0.1041077441077441,0.0186023203338695,0.0962514029180695,0.0398181994703179,0.0303030303030303,0.0454545454545454,0.1198204264870931,0.0938158800859508,0.2327721661054994,0.1536065904795614,0.3838832772166105,0.048463846929254,0.1275420875420875,0.0183871680856286,0.5292228956228956,0.1798087512832936,26.786666666666665,11.513333333333332,2.48,2.1333333333333333,0.62,0.5893066666666666,0.4821599999999999,1.6072,16.126666666666665,13.993333333333332,13.646666666666665,4.613333333333333,1.0714666666666666,11.513333333333332,2.48,2.1333333333333333,0.62,16.126666666666665,0.5893066666666666,0.4821599999999999,1.6072
2592228,Promise Amukamara,NIGER,2026-05-25,0.0,23.0,0.0,0.0,10.0,2,1,2,0,3,1,0,3,0,7,,2,2,,0,1,1,-34,27.0,0.074074074074074,0.037037037037037,0.074074074074074,0.0,0.1111111111111111,0.2592592592592592,0.074074074074074,0.1111111111111111,0.4029629629629629,0.0,27.0,0.0,2.0,1.0,2.0,0.0,3.0,1.0,0.0,3.0,0.0,7.0,,2.0,2.0,,0.0,1.0,1.0,-34.0,0.074074074074074,0.0,0.037037037037037,0.0,0.074074074074074,0.0,0.0,0.0,0.1111111111111111,0.0,0.2592592592592592,0.0,0.074074074074074,0.0,0.1111111111111111,0.0,0.4029629629629629,0.0,28.2,1.643167672515499,3.2,1.4,3.2,0.4,3.4,1.4,0.0,1.8,0.4,5.8,,2.0,2.0,,0.0,1.4,2.2,-26.0,0.1111111111111111,0.0507150516208486,0.0488888888888888,0.0162288165186715,0.1111111111111111,0.0507150516208487,0.0133333333333333,0.0182574185835055,0.12,0.0121716123890036,0.2088888888888888,0.0689724702043542,0.0711111111111111,0.0040572041296679,0.0666666666666666,0.0608580619450184,0.3068444444444443,0.1316157019664266,29.666666666666668,2.1794494717703365,5.0,1.6666666666666667,3.6666666666666665,1.0,3.6666666666666665,2.333333333333333,0.0,2.6666666666666665,1.3333333333333333,6.333333333333333,,1.3333333333333333,1.3333333333333333,,0.0,1.6666666666666667,2.6666666666666665,-21.33333333333333,0.1635802469135802,0.0762133223757144,0.0554012345679012,0.0138908177672939,0.1219135802469135,0.0401605360483737,0.0319444444444444,0.0270833333333333,0.1231481481481481,0.0097222222222222,0.2141975308641975,0.0607805312306529,0.0469135802469135,0.0353310815339609,0.0891203703703703,0.0696394830560124,0.3239598765432098,0.1209782805424066,27.95333333333333,3.02,1.2733333333333334,2.753333333333333,0.3399999999999999,0.6149733333333333,0.5031599999999999,1.6771999999999998,7.046666666666666,4.293333333333333,5.7733333333333325,4.026666666666666,1.1181333333333332,3.02,1.2733333333333334,2.753333333333333,0.3399999999999999,7.046666666666666,0.6149733333333333,0.5031599999999999,1.6771999999999998
3918557,Nicole Enabosi,NIGER,2026-05-25,0.0,23.0,0.0,0.0,10.0,3,5,1,0,0,1,0,2,0,1,,3,4,,1,4,5,-34,17.0,0.1764705882352941,0.2941176470588235,0.0588235294117647,0.0,0.0,0.0588235294117647,0.2352941176470588,0.1176470588235294,0.2799999999999999,0.0,17.0,0.0,3.0,5.0,1.0,0.0,0.0,1.0,0.0,2.0,0.0,1.0,,3.0,4.0,,1.0,4.0,5.0,-34.0,0.1764705882352941,0.0,0.2941176470588235,0.0,0.0588235294117647,0.0,0.0,0.0,0.0,0.0,0.0588235294117647,0.0,0.2352941176470588,0.0,0.1176470588235294,0.0,0.2799999999999999,0.0,10.2,9.311283477587825,1.8,3.0,0.6,0.0,0.0,0.6,0.0,1.2,0.0,0.6,,1.8,2.4,,0.6,2.4,3.0,-20.4,0.1764705882352941,0.0,0.2941176470588235,0.0,0.0588235294117647,0.0,0.0,0.0,0.0,0.0,0.0588235294117647,0.0,0.2352941176470588,0.0,0.1176470588235294,0.0,0.2799999999999999,0.0,12.333333333333334,9.340770846134705,1.6666666666666667,2.6666666666666665,0.3333333333333333,0.0,0.6666666666666666,0.6666666666666666,0.0,1.3333333333333333,0.3333333333333333,2.0,,1.0,1.3333333333333333,,0.6666666666666666,2.0,2.333333333333333,-15.666666666666666,0.138235294117647,0.0418846661621597,0.2220588235294117,0.0789364862286857,0.0294117647058823,0.0322189739708921,0.0,0.0,0.05,0.0547722557505166,0.1544117647058823,0.1047116654053993,0.1176470588235294,0.1288758958835685,0.1088235294117647,0.0096656921912676,0.315,0.0383405790253616,13.686666666666666,2.313333333333333,3.833333333333333,0.7266666666666666,0.0,0.3011066666666666,0.2463599999999999,0.8211999999999999,6.873333333333333,6.1466666666666665,3.04,4.56,0.5474666666666665,2.313333333333333,3.833333333333333,0.7266666666666666,0.0,6.873333333333333,0.3011066666666666,0.2463599999999999,0.8211999999999999
3926411,Pallas Kunaiyi,NIGER,2026-05-25,0.0,23.0,0.0,0.0,10.0,6,4,0,0,0,1,1,2,2,5,,2,3,,1,3,3,-15,14.0,0.4285714285714285,0.2857142857142857,0.0,0.0,0.0,0.3571428571428571,0.2142857142857142,0.1428571428571428,0.5942857142857143,0.0,14.0,0.0,6.0,4.0,0.0,0.0,0.0,1.0,1.0,2.0,2.0,5.0,,2.0,3.0,,1.0,3.0,3.0,-15.0,0.4285714285714285,0.0,0.2857142857142857,0.0,0.0,0.0,0.0,0.0,0.0,0.0,0.3571428571428571,0.0,0.2142857142857142,0.0,0.1428571428571428,0.0,0.5942857142857143,0.0,15.6,2.190890230020664,8.0,4.8,0.0,0.0,0.0,1.4,1.0,2.4,2.0,5.0,,4.0,5.4,,1.8,3.0,3.4,-10.2,0.5015873015873016,0.099981101766816,0.3047619047619047,0.0260820265478649,0.0,0.0,0.0,0.0,0.0,0.0,0.3253968253968254,0.0434700442464417,0.3285714285714285,0.1564921592871899,0.1523809523809523,0.0130410132739324,0.6223492063492063,0.0384275191138548,14.0,3.464101615137755,9.333333333333334,4.0,0.0,0.0,0.0,1.3333333333333333,1.0,2.0,2.6666666666666665,4.666666666666667,,4.0,6.333333333333333,,1.6666666666666667,2.333333333333333,2.333333333333333,-12.0,0.7132275132275132,0.3006554107095265,0.273015873015873,0.0585152653687833,0.0,0.0,0.0,0.0,0.0,0.0,0.344973544973545,0.0537050068911656,0.4714285714285714,0.211409265527839,0.1365079365079365,0.0292576326843916,0.6889100529100529,0.0943426208473118,14.560000000000002,7.366666666666667,4.279999999999999,0.0,0.0,0.32032,0.26208,0.8736000000000002,11.646666666666667,11.646666666666668,7.366666666666667,4.279999999999999,0.5824,7.366666666666667,4.279999999999999,0.0,0.0,11.646666666666668,0.32032,0.26208,0.8736000000000002
4280899,Blessing Ejiofor,NIGER,2026-05-25,0.0,23.0,0.0,0.0,10.0,8,2,0,0,0,1,0,0,3,5,,2,2,,1,1,0,-18,15.0,0.5333333333333333,0.1333333333333333,0.0,0.0,0.0,0.3333333333333333,0.1333333333333333,0.0,0.392,0.0,15.0,0.0,8.0,2.0,0.0,0.0,0.0,1.0,0.0,0.0,3.0,5.0,,2.0,2.0,,1.0,1.0,0.0,-18.0,0.5333333333333333,0.0,0.1333333333333333,0.0,0.0,0.0,0.0,0.0,0.0,0.0,0.3333333333333333,0.0,0.1333333333333333,0.0,0.0,0.0,0.392,0.0,14.6,0.5477225575051661,7.2,2.8,0.0,0.0,0.0,1.0,0.0,0.0,3.0,5.0,,1.2,2.0,,1.4,1.4,0.8,-14.0,0.4914285714285714,0.0573804584053032,0.1942857142857142,0.0834624849531681,0.0,0.0,0.0,0.0,0.0,0.0,0.3428571428571428,0.0130410132739325,0.1371428571428571,0.0052164053095739,0.0,0.0,0.4032,0.0153362316101445,13.0,2.29128784747792,6.666666666666667,2.333333333333333,0.0,0.0,0.3333333333333333,0.6666666666666666,0.0,0.0,2.6666666666666665,4.333333333333333,,1.3333333333333333,2.6666666666666665,,1.0,1.3333333333333333,1.6666666666666667,-7.666666666666667,0.5206349206349206,0.0748392078357224,0.173015873015873,0.0857473481208052,0.0,0.0,0.0,0.0,0.0333333333333333,0.05,0.3301587301587301,0.0248578726402632,0.2253968253968253,0.1310172999256915,0.0,0.0,0.4293333333333333,0.0370405183549042,14.46,7.453333333333333,2.3466666666666667,0.0,0.0,0.3181199999999999,0.2602799999999999,0.8675999999999999,9.8,9.8,7.453333333333333,2.3466666666666667,0.5783999999999999,7.453333333333333,2.3466666666666667,0.0,0.0,9.8,0.3181199999999999,0.2602799999999999,0.8675999999999999
4434019,Maryam Dauda,NIGER,2026-05-25,0.0,28.0,0.0,0.0,7.0,0,0,0,0,0,0,0,0,0,0,,0,0,,0,0,0,-1,4.0,0.0,0.0,0.0,0.0,0.0,0.0,0.0,0.0,0.0,0.0,4.0,0.0,0.0,0.0,0.0,0.0,0.0,0.0,0.0,0.0,0.0,0.0,,0.0,0.0,,0.0,0.0,0.0,-1.0,0.0,0.0,0.0,0.0,0.0,0.0,0.0,0.0,0.0,0.0,0.0,0.0,0.0,0.0,0.0,0.0,0.0,0.0,5.2,1.6431676725154984,0.0,0.0,0.0,0.0,0.0,0.0,0.4,0.0,0.0,0.0,,0.0,0.0,,0.0,0.0,0.0,-1.0,0.0,0.0,0.0,0.0,0.0,0.0,0.0,0.0,0.0,0.0,0.0,0.0,0.0,0.0,0.0,0.0,0.0,0.0,5.5,1.6431676725154984,0.0,0.0,0.0,0.0,0.0,0.0,0.5,0.0,0.0,0.0,,0.0,0.0,,0.0,0.0,0.0,-1.0,0.0,0.0,0.0,0.0,0.0,0.0,0.0,0.0,0.0,0.0,0.0,0.0,0.0,0.0,0.0,0.0,0.0,0.0,8.0,0.0,0.0,0.0,0.0,0.176,0.144,0.48,0.0,0.0,0.0,0.0,0.3199999999999999,0.0,0.0,0.0,0.0,0.0,0.176,0.144,0.48
5238309,Shay Ijiwoye,NIGER,2026-05-25,0.0,23.0,0.0,0.0,10.0,10,3,1,0,3,3,0,5,4,11,,2,7,,1,2,6,-29,27.0,0.3703703703703703,0.1111111111111111,0.037037037037037,0.0,0.1111111111111111,0.4074074074074074,0.2592592592592592,0.1851851851851851,0.7066666666666666,0.0,27.0,0.0,10.0,3.0,1.0,0.0,3.0,3.0,0.0,5.0,4.0,11.0,,2.0,7.0,,1.0,2.0,6.0,-29.0,0.3703703703703703,0.0,0.1111111111111111,0.0,0.037037037037037,0.0,0.0,0.0,0.1111111111111111,0.0,0.4074074074074074,0.0,0.2592592592592592,0.0,0.1851851851851851,0.0,0.7066666666666666,0.0,16.2,14.788509052639483,6.0,1.8,0.6,0.0,1.8,1.8,0.0,3.0,2.4,6.6,,1.2,4.2,,0.6,1.2,3.6,-17.4,0.3703703703703703,0.0,0.1111111111111111,0.0,0.037037037037037,0.0,0.0,0.0,0.1111111111111111,0.0,0.4074074074074074,0.0,0.2592592592592592,0.0,0.1851851851851851,0.0,0.7066666666666666,0.0,12.0,11.905880899790658,3.333333333333333,1.0,0.6666666666666666,0.0,1.3333333333333333,1.0,0.0,2.0,1.3333333333333333,4.0,,0.6666666666666666,2.333333333333333,,0.3333333333333333,0.6666666666666666,3.0,-11.333333333333334,0.1851851851851852,0.2028602064833948,0.0555555555555555,0.0608580619450184,0.074074074074074,0.0405720412966789,0.0,0.0,0.1111111111111111,0.0,0.2592592592592592,0.1622881651867158,0.1296296296296296,0.1420021445383764,0.1481481481481481,0.0405720412966789,0.4644444444444444,0.2653411500802804,20.22,7.266666666666667,2.18,0.7933333333333332,0.0,0.4448399999999999,0.3639599999999999,1.2131999999999998,10.24,9.446666666666667,8.06,2.9733333333333336,0.8088,7.266666666666667,2.18,0.7933333333333332,0.0,10.24,0.4448399999999999,0.3639599999999999,1.2131999999999998
5311604,Favour Nwaedozi,NIGER,2026-05-25,0.0,30.0,0.0,0.0,4.0,6,5,0,0,0,0,0,2,2,3,,2,2,,2,3,2,-9,18.0,0.3333333333333333,0.2777777777777778,0.0,0.0,0.0,0.1666666666666666,0.1111111111111111,0.1111111111111111,0.3266666666666666,0.0,18.0,0.0,6.0,5.0,0.0,0.0,0.0,0.0,0.0,2.0,2.0,3.0,,2.0,2.0,,2.0,3.0,2.0,-9.0,0.3333333333333333,0.0,0.2777777777777778,0.0,0.0,0.0,0.0,0.0,0.0,0.0,0.1666666666666666,0.0,0.1111111111111111,0.0,0.1111111111111111,0.0,0.3266666666666666,0.0,18.0,0.0,6.0,5.0,0.0,0.0,0.0,0.0,0.0,2.0,2.0,3.0,,2.0,2.0,,2.0,3.0,2.0,-9.0,0.3333333333333333,0.0,0.2777777777777778,0.0,0.0,0.0,0.0,0.0,0.0,0.0,0.1666666666666666,0.0,0.1111111111111111,0.0,0.1111111111111111,0.0,0.3266666666666666,0.0,18.0,0.0,6.0,5.0,0.0,0.0,0.0,0.0,0.0,2.0,2.0,3.0,,2.0,2.0,,2.0,3.0,2.0,-9.0,0.3333333333333333,0.0,0.2777777777777778,0.0,0.0,0.0,0.0,0.0,0.0,0.0,0.1666666666666666,0.0,0.1111111111111111,0.0,0.1111111111111111,0.0,0.3266666666666666,0.0,18.0,5.999999999999999,5.0,0.0,0.0,0.3959999999999999,0.3239999999999999,1.08,11.0,11.0,5.999999999999999,5.0,0.72,5.999999999999999,5.0,0.0,0.0,11.0,0.3959999999999999,0.3239999999999999,1.08
5312420,Nora Ezike,NIGER,2026-05-25,0.0,23.0,0.0,0.0,10.0,0,2,0,0,2,0,0,1,0,2,,0,0,,0,2,0,-5,9.0,0.0,0.2222222222222222,0.0,0.0,0.2222222222222222,0.2222222222222222,0.0,0.1111111111111111,0.3333333333333333,0.0,9.0,0.0,0.0,2.0,0.0,0.0,2.0,0.0,0.0,1.0,0.0,2.0,,0.0,0.0,,0.0,2.0,0.0,-5.0,0.0,0.0,0.2222222222222222,0.0,0.0,0.0,0.0,0.0,0.2222222222222222,0.0,0.2222222222222222,0.0,0.0,0.0,0.1111111111111111,0.0,0.3333333333333333,0.0,5.4,4.929503017546495,0.0,1.2,0.0,0.0,1.2,0.0,0.0,0.6,0.0,1.2,,0.0,0.0,,0.0,1.2,0.0,-3.0,0.0,0.0,0.2222222222222222,0.0,0.0,0.0,0.0,0.0,0.2222222222222222,0.0,0.2222222222222222,0.0,0.0,0.0,0.1111111111111111,0.0,0.3333333333333333,0.0,6.666666666666667,5.07444578254611,1.0,1.3333333333333333,0.0,0.3333333333333333,1.3333333333333333,0.3333333333333333,0.0,0.6666666666666666,0.3333333333333333,2.6666666666666665,,0.0,0.0,,0.3333333333333333,1.0,0.0,-3.333333333333333,0.1363636363636363,0.1493788793195907,0.202020202020202,0.022130204343643,0.0,0.0,0.0454545454545454,0.0497929597731969,0.202020202020202,0.022130204343643,0.3838383838383838,0.1770416347491446,0.0,0.0,0.101010101010101,0.0110651021718215,0.4848484848484848,0.165976532577323,8.0,0.2,1.5866666666666664,0.0,0.0666666666666666,0.176,0.144,0.48,1.7866666666666664,1.7866666666666664,0.2,1.5866666666666664,0.3199999999999999,0.2,1.5866666666666664,0.0,0.0666666666666666,1.7866666666666664,0.176,0.144,0.48
5312424,Uche Izoje,NIGER,2026-05-25,0.0,28.0,0.0,0.0,7.0,8,7,2,0,1,0,0,2,4,10,,0,0,,4,3,4,5,22.0,0.3636363636363636,0.3181818181818182,0.0909090909090909,0.0,0.0454545454545454,0.4545454545454545,0.0,0.0909090909090909,0.5454545454545454,0.0,22.0,0.0,8.0,7.0,2.0,0.0,1.0,0.0,0.0,2.0,4.0,10.0,,0.0,0.0,,4.0,3.0,4.0,5.0,0.3636363636363636,0.0,0.3181818181818182,0.0,0.0909090909090909,0.0,0.0,0.0,0.0454545454545454,0.0,0.4545454545454545,0.0,0.0,0.0,0.0909090909090909,0.0,0.5454545454545454,0.0,22.0,0.0,8.8,6.2,1.6,0.0,1.4,0.0,0.0,1.6,4.0,10.4,,0.8,1.6,,2.4,3.8,3.2,1.4,0.4,0.0497929597731969,0.2818181818181818,0.0497929597731969,0.0727272727272727,0.0248964798865984,0.0,0.0,0.0636363636363636,0.0248964798865984,0.4727272727272728,0.0248964798865984,0.0727272727272727,0.0995859195463938,0.0727272727272727,0.0248964798865984,0.5774545454545454,0.0438178046004133,22.0,0.0,9.0,6.0,1.5,0.0,1.5,0.0,0.0,1.5,4.0,10.5,,1.0,2.0,,2.0,4.0,3.0,0.5,0.4090909090909091,0.0497929597731969,0.2727272727272727,0.0497929597731969,0.0681818181818181,0.0248964798865984,0.0,0.0,0.0681818181818181,0.0248964798865984,0.4772727272727273,0.0248964798865984,0.0909090909090909,0.0995859195463938,0.0681818181818181,0.0248964798865984,0.5854545454545454,0.0438178046004133,22.0,8.48,6.5200000000000005,1.76,0.0,0.484,0.3959999999999999,1.3199999999999998,16.76,15.0,10.24,8.280000000000001,0.8799999999999999,8.48,6.5200000000000005,1.76,0.0,16.76,0.484,0.3959999999999999,1.3199999999999998
5312434,Gabby White,NIGER,2026-05-25,0.0,28.0,0.0,0.0,7.0,16,7,2,0,2,1,1,2,7,14,,2,6,,0,7,3,3,29.0,0.5517241379310345,0.2413793103448276,0.0689655172413793,0.0,0.0689655172413793,0.4827586206896552,0.2068965517241379,0.0689655172413793,0.6427586206896552,0.0,29.0,0.0,16.0,7.0,2.0,0.0,2.0,1.0,1.0,2.0,7.0,14.0,,2.0,6.0,,0.0,7.0,3.0,3.0,0.5517241379310345,0.0,0.2413793103448276,0.0,0.0689655172413793,0.0,0.0,0.0,0.0689655172413793,0.0,0.4827586206896552,0.0,0.2068965517241379,0.0,0.0689655172413793,0.0,0.6427586206896552,0.0,25.4,4.9295030175464944,12.4,5.0,2.8,0.0,2.0,1.4,0.6,2.4,5.4,11.2,,1.6,4.4,,0.0,5.0,2.6,-0.6,0.4710344827586207,0.110488860738111,0.1848275862068965,0.0774366374403855,0.1213793103448275,0.0717705420179183,0.0,0.0,0.0813793103448276,0.0169982862674017,0.4296551724137931,0.0727148912549962,0.1641379310344827,0.0585496526988281,0.1013793103448275,0.04438441414266,0.6032551724137931,0.0540923242998205,24.5,4.9295030175464944,11.5,4.5,3.0,0.0,2.0,1.5,0.5,2.5,5.0,10.5,,1.5,4.0,,0.0,4.5,2.5,-1.5,0.4508620689655172,0.110488860738111,0.1706896551724138,0.0774366374403855,0.1344827586206896,0.0717705420179183,0.0,0.0,0.0844827586206896,0.0169982862674017,0.4163793103448276,0.0727148912549962,0.1534482758620689,0.058549652698828,0.1094827586206896,0.04438441414266,0.5933793103448276,0.0540923242998205,26.84,13.84,5.800000000000001,2.48,0.0,0.5904799999999999,0.4831199999999999,1.6103999999999996,22.12,19.64,16.32,8.280000000000001,1.0736,13.84,5.800000000000001,2.48,0.0,22.12,0.5904799999999999,0.4831199999999999,1.6103999999999996
5346853,Suzie Rafiu,NIGER,2026-05-25,0.0,23.0,0.0,0.0,7.0,6,3,0,0,1,3,0,3,3,4,,0,1,,2,1,1,-11,15.0,0.4,0.2,0.0,0.0,0.0666666666666666,0.2666666666666666,0.0666666666666666,0.2,0.496,0.0,15.0,0.0,6.0,3.0,0.0,0.0,1.0,3.0,0.0,3.0,3.0,4.0,,0.0,1.0,,2.0,1.0,1.0,-11.0,0.4,0.0,0.2,0.0,0.0,0.0,0.0,0.0,0.0666666666666666,0.0,0.2666666666666666,0.0,0.0666666666666666,0.0,0.2,0.0,0.496,0.0,13.8,1.6431676725154984,4.4,3.0,0.0,0.0,1.0,2.2,0.0,1.8,2.2,3.2,,0.0,0.6,,1.6,1.4,1.4,-11.4,0.3066666666666666,0.1278019300845387,0.22,0.0273861278752582,0.0,0.0,0.0,0.0,0.0733333333333333,0.0091287092917527,0.2266666666666666,0.0547722557505166,0.04,0.036514837167011,0.12,0.1095445115010332,0.3642666666666667,0.1803832956050347,13.5,1.6431676725154984,4.0,3.0,0.0,0.0,1.0,2.0,0.0,1.5,2.0,3.0,,0.0,0.5,,1.5,1.5,1.5,-11.5,0.2833333333333334,0.1278019300845387,0.225,0.0273861278752582,0.0,0.0,0.0,0.0,0.075,0.0091287092917527,0.2166666666666666,0.0547722557505166,0.0333333333333333,0.036514837167011,0.1,0.1095445115010332,0.3313333333333333,0.1803832956050347,14.28,5.04,3.0,0.0,0.0,0.31416,0.25704,0.8568,8.04,8.04,5.04,3.0,0.5711999999999999,5.04,3.0,0.0,0.0,8.04,0.31416,0.25704,0.8568
5346854,Regina Donanu,NIGER,2026-05-25,0.0,23.0,0.0,0.0,7.0,0,1,0,0,1,0,0,0,0,3,,0,0,,0,1,2,-16,7.0,0.0,0.1428571428571428,0.0,0.0,0.1428571428571428,0.4285714285714285,0.0,0.0,0.4285714285714285,0.0,7.0,0.0,0.0,1.0,0.0,0.0,1.0,0.0,0.0,0.0,0.0,3.0,,0.0,0.0,,0.0,1.0,2.0,-16.0,0.0,0.0,0.1428571428571428,0.0,0.0,0.0,0.0,0.0,0.1428571428571428,0.0,0.4285714285714285,0.0,0.0,0.0,0.0,0.0,0.4285714285714285,0.0,6.2,1.0954451150103324,0.0,0.6,0.0,0.0,0.6,0.0,0.0,0.0,0.0,1.8,,0.0,0.0,,0.0,0.6,1.2,-8.4,0.0,0.0,0.0857142857142857,0.0782460796435951,0.0,0.0,0.0,0.0,0.0857142857142857,0.0782460796435951,0.2571428571428571,0.2347382389307854,0.0,0.0,0.0,0.0,0.2571428571428571,0.2347382389307854,6.0,1.0954451150103324,0.0,0.5,0.0,0.0,0.5,0.0,0.0,0.0,0.0,1.5,,0.0,0.0,,0.0,0.5,1.0,-6.5,0.0,0.0,0.0714285714285714,0.0782460796435951,0.0,0.0,0.0,0.0,0.0714285714285714,0.0782460796435951,0.2142857142857142,0.2347382389307854,0.0,0.0,0.0,0.0,0.2142857142857142,0.2347382389307854,8.0,0.0,0.7599999999999999,0.0,0.0,0.176,0.144,0.48,0.7599999999999999,0.7599999999999999,0.0,0.7599999999999999,0.3199999999999999,0.0,0.7599999999999999,0.0,0.0,0.7599999999999999,0.176,0.144,0.48
5346855,Jemi Klaku,NIGER,2026-05-25,0.0,23.0,0.0,0.0,4.0,2,2,0,0,0,0,0,1,1,3,,0,0,,0,2,1,5,5.0,0.4,0.4,0.0,0.0,0.0,0.6,0.0,0.2,0.8,0.0,5.0,0.0,2.0,2.0,0.0,0.0,0.0,0.0,0.0,1.0,1.0,3.0,,0.0,0.0,,0.0,2.0,1.0,5.0,0.4,0.0,0.4,0.0,0.0,0.0,0.0,0.0,0.0,0.0,0.6,0.0,0.0,0.0,0.2,0.0,0.8,0.0,5.0,0.0,2.0,2.0,0.0,0.0,0.0,0.0,0.0,1.0,1.0,3.0,,0.0,0.0,,0.0,2.0,1.0,5.0,0.4,0.0,0.4,0.0,0.0,0.0,0.0,0.0,0.0,0.0,0.6,0.0,0.0,0.0,0.2,0.0,0.8,0.0,5.0,0.0,2.0,2.0,0.0,0.0,0.0,0.0,0.0,1.0,1.0,3.0,,0.0,0.0,,0.0,2.0,1.0,5.0,0.4,0.0,0.4,0.0,0.0,0.0,0.0,0.0,0.0,0.0,0.6,0.0,0.0,0.0,0.2,0.0,0.8,0.0,8.0,2.0,2.0,0.0,0.0,0.176,0.144,0.48,4.0,4.0,2.0,2.0,0.3199999999999999,2.0,2.0,0.0,0.0,4.0,0.176,0.144,0.48
5346856,Vera Ojenuwa,NIGER,2026-05-25,0.0,23.0,0.0,0.0,7.0,8,4,1,0,0,1,0,1,2,6,,4,7,,2,2,3,-20,19.0,0.4210526315789473,0.2105263157894736,0.0526315789473684,0.0,0.0,0.3157894736842105,0.3684210526315789,0.0526315789473684,0.5305263157894737,0.0,19.0,0.0,8.0,4.0,1.0,0.0,0.0,1.0,0.0,1.0,2.0,6.0,,4.0,7.0,,2.0,2.0,3.0,-20.0,0.4210526315789473,0.0,0.2105263157894736,0.0,0.0526315789473684,0.0,0.0,0.0,0.0,0.0,0.3157894736842105,0.0,0.3684210526315789,0.0,0.0526315789473684,0.0,0.5305263157894737,0.0,15.8,4.3817804600413295,4.8,2.4,0.6,0.0,0.0,0.6,0.0,1.8,1.2,3.6,,2.4,4.2,,1.2,1.2,3.8,-13.6,0.2526315789473684,0.2306200242127015,0.1263157894736842,0.1153100121063507,0.031578947368421,0.0288275030265876,0.0,0.0,0.0,0.0,0.1894736842105263,0.1729650181595261,0.2210526315789473,0.2017925211861138,0.1406698564593301,0.120551376293003,0.4274066985645933,0.1412023511884132,15.0,4.3817804600413295,4.0,2.0,0.5,0.0,0.0,0.5,0.0,2.0,1.0,3.0,,2.0,3.5,,1.0,1.0,4.0,-12.0,0.2105263157894736,0.2306200242127015,0.1052631578947368,0.1153100121063507,0.0263157894736842,0.0288275030265876,0.0,0.0,0.0,0.0,0.1578947368421052,0.1729650181595261,0.1842105263157894,0.2017925211861138,0.1626794258373205,0.120551376293003,0.4016267942583733,0.1412023511884132,17.080000000000002,6.079999999999999,3.04,0.7599999999999999,0.0,0.37576,0.30744,1.0248000000000002,9.879999999999999,9.12,6.839999999999999,3.8,0.6832,6.079999999999999,3.04,0.7599999999999999,0.0,9.88,0.37576,0.30744,1.0248000000000002
5346857,Jerni Kiaku,NIGER,2026-05-25,0.0,28.0,0.0,0.0,4.0,0,0,0,0,0,0,0,0,0,0,,0,0,,0,0,0,2,1.0,0.0,0.0,0.0,0.0,0.0,0.0,0.0,0.0,0.0,0.0,1.0,0.0,0.0,0.0,0.0,0.0,0.0,0.0,0.0,0.0,0.0,0.0,,0.0,0.0,,0.0,0.0,0.0,2.0,0.0,0.0,0.0,0.0,0.0,0.0,0.0,0.0,0.0,0.0,0.0,0.0,0.0,0.0,0.0,0.0,0.0,0.0,1.0,0.0,0.0,0.0,0.0,0.0,0.0,0.0,0.0,0.0,0.0,0.0,,0.0,0.0,,0.0,0.0,0.0,2.0,0.0,0.0,0.0,0.0,0.0,0.0,0.0,0.0,0.0,0.0,0.0,0.0,0.0,0.0,0.0,0.0,0.0,0.0,1.0,0.0,0.0,0.0,0.0,0.0,0.0,0.0,0.0,0.0,0.0,0.0,,0.0,0.0,,0.0,0.0,0.0,2.0,0.0,0.0,0.0,0.0,0.0,0.0,0.0,0.0,0.0,0.0,0.0,0.0,0.0,0.0,0.0,0.0,0.0,0.0,8.0,0.0,0.0,0.0,0.0,0.176,0.144,0.48,0.0,0.0,0.0,0.0,0.3199999999999999,0.0,0.0,0.0,0.0,0.0,0.176,0.144,0.48
2327695,Rebekah Gardner,NYL,2026-05-25,0.0,1.0,6.0,12.0,25.0,4,1,0,0,0,0,0,1,2,2,,0,0,,0,1,0,-8,16.0,0.25,0.0625,0.0,0.0,0.0,0.125,0.0,0.0625,0.1875,0.0,16.0,0.0,4.0,1.0,0.0,0.0,0.0,0.0,0.0,1.0,2.0,2.0,,0.0,0.0,,0.0,1.0,0.0,-8.0,0.25,0.0,0.0625,0.0,0.0,0.0,0.0,0.0,0.0,0.0,0.125,0.0,0.0,0.0,0.0625,0.0,0.1875,0.0,17.2,1.6431676725154984,7.2,1.4,0.0,0.4,0.8,0.0,0.4,1.0,2.8,3.2,,1.2,1.6,,0.0,1.4,0.4,-8.8,0.4026315789473684,0.2089993969427605,0.0796052631578947,0.0234223462091028,0.0,0.0,0.0210526315789473,0.0288275030265876,0.0421052631578947,0.0576550060531753,0.1802631578947368,0.0756721954447926,0.0842105263157894,0.1153100121063507,0.0585526315789473,0.0054051568174851,0.2758684210526315,0.1210034439541017,18.7,2.0575065816014804,9.8,2.6,1.9,1.1,2.1,0.0,0.3,0.9,3.3,4.6,,2.1,2.4,,0.4,2.2,0.7,-2.8,0.5108373205741626,0.2046296449474262,0.1344198564593301,0.0816749872865786,0.0931818181818181,0.12189674083829,0.0548803827751196,0.0427605061579544,0.1052153110047846,0.0824172459392486,0.2396291866028708,0.0948493619770699,0.123157894736842,0.1060845148190592,0.0495394736842105,0.0182190522329216,0.3433581339712919,0.1392175708479573,18.25733333333333,7.459148387096775,2.0858129032258064,1.1237612903225809,0.5857096774193549,0.1472365591397849,0.1472365591397849,0.8834193548387097,10.668722580645161,9.54496129032258,8.582909677419355,3.209574193548387,0.2944731182795699,7.459148387096775,2.0858129032258064,1.1237612903225809,0.5857096774193549,10.66872258064516,0.1472365591397849,0.1472365591397849,0.8834193548387097
2566110,Julie Vanloo,NYL,2026-05-25,0.0,4.0,3.0,9.0,22.0,2,2,8,0,2,0,0,4,1,3,,0,0,,0,2,3,-4,16.0,0.125,0.125,0.5,0.0,0.125,0.1875,0.0,0.25,0.4375,0.0,16.0,0.0,2.0,2.0,8.0,0.0,2.0,0.0,0.0,4.0,1.0,3.0,,0.0,0.0,,0.0,2.0,3.0,-4.0,0.125,0.0,0.125,0.0,0.5,0.0,0.0,0.0,0.125,0.0,0.1875,0.0,0.0,0.0,0.25,0.0,0.4375,0.0,16.8,1.0954451150103248,4.8,1.2,6.4,1.2,3.2,0.4,0.0,3.2,1.8,3.8,,0.0,0.0,,0.0,1.2,2.2,-1.6,0.275,0.2053959590644373,0.075,0.0684653196881458,0.3888888888888889,0.1521451548625461,0.0666666666666666,0.0912870929175276,0.1861111111111111,0.0836798351744003,0.2236111111111111,0.0494471753303274,0.0,0.0,0.1944444444444444,0.076072577431273,0.4180555555555555,0.0266254021009459,15.1,2.6012817353502204,4.5,0.7,4.4,1.3,2.7,0.3,0.0,2.3,1.6,3.3,,0.0,0.0,,0.0,0.7,2.1,0.3,0.285576923076923,0.1570872538605338,0.0451923076923076,0.0599710235750488,0.282051282051282,0.1526145702477021,0.0826923076923076,0.068071570926152,0.1689102564102564,0.0863696869913485,0.2126602564102563,0.0486417243388125,0.0,0.0,0.1487179487179487,0.0729297429912138,0.3613782051282051,0.07986751277356,16.134999999999998,4.858037037037036,1.779185185185185,5.915,1.1086296296296294,0.398395061728395,0.0,2.39037037037037,12.55222222222222,6.637222222222221,10.773037037037035,7.6941851851851855,0.398395061728395,4.858037037037036,1.779185185185185,5.915,1.1086296296296294,12.55222222222222,0.398395061728395,0.0,2.39037037037037
2593770,Betnijah Laney-Hamilton,NYL,2026-05-25,0.0,11.0,0.0,6.0,19.0,8,2,2,2,5,1,0,0,3,6,,0,0,,0,2,1,12,17.0,0.4705882352941176,0.1176470588235294,0.1176470588235294,0.1176470588235294,0.2941176470588235,0.3529411764705882,0.0,0.0,0.3529411764705882,0.0,17.0,0.0,8.0,2.0,2.0,2.0,5.0,1.0,0.0,0.0,3.0,6.0,,0.0,0.0,,0.0,2.0,1.0,12.0,0.4705882352941176,0.0,0.1176470588235294,0.0,0.1176470588235294,0.0,0.1176470588235294,0.0,0.2941176470588235,0.0,0.3529411764705882,0.0,0.0,0.0,0.0,0.0,0.3529411764705882,0.0,20.2,4.381780460041326,8.8,2.4,2.4,2.0,5.4,0.6,0.0,1.6,3.0,6.4,,0.8,0.8,,0.0,2.4,1.0,2.8,0.4423529411764706,0.0386627687650703,0.1185882352941176,0.001288758958835,0.1185882352941176,0.0012887589588362,0.1025882352941176,0.0206201433413709,0.2724705882352941,0.0296414560532207,0.3237647058823529,0.0399515277239063,0.0319999999999999,0.0438178046004133,0.0639999999999999,0.0876356092008265,0.4018447058823529,0.0669639155011023,22.9,4.1753243386991326,7.5,2.3,1.9,1.2,3.6,0.3,0.3,1.4,2.2,4.6,,1.9,2.2,,0.3,2.0,1.2,5.4,0.3400336134453781,0.1545620149728624,0.1024369747899159,0.0213208143598605,0.0855798319327731,0.0595273777147682,0.0592941176470588,0.0532964116720487,0.1709495798319327,0.129767987117114,0.2148823529411764,0.152628148739916,0.0862857142857142,0.0682771463044772,0.0551428571428571,0.0756414744241624,0.3079909243697479,0.1716286163034373,20.8575,7.619142105263158,2.065584210526316,2.033584210526316,1.2629263157894737,0.2195526315789473,0.2195526315789473,1.3173157894736842,11.71831052631579,9.684726315789474,9.652726315789474,4.099168421052632,0.4391052631578946,7.619142105263158,2.065584210526316,2.033584210526316,1.2629263157894737,11.71831052631579,0.2195526315789473,0.2195526315789473,1.3173157894736842
2998928,Breanna Stewart,NYL,2026-05-25,0.0,1.0,6.0,12.0,25.0,14,11,3,0,2,1,0,2,7,18,,0,0,,4,7,1,-17,34.0,0.4117647058823529,0.3235294117647059,0.088235294117647,0.0,0.0588235294117647,0.5294117647058824,0.0,0.0588235294117647,0.5882352941176471,0.0,34.0,0.0,14.0,11.0,3.0,0.0,2.0,1.0,0.0,2.0,7.0,18.0,,0.0,0.0,,4.0,7.0,1.0,-17.0,0.4117647058823529,0.0,0.3235294117647059,0.0,0.088235294117647,0.0,0.0,0.0,0.0588235294117647,0.0,0.5294117647058824,0.0,0.0,0.0,0.0588235294117647,0.0,0.5882352941176471,0.0,32.4,2.1908902300206674,15.6,10.2,2.6,0.0,1.6,0.6,0.4,1.6,7.0,16.0,,1.6,2.4,,3.2,7.0,1.4,-15.8,0.4870588235294118,0.1031007167068534,0.3141176470588235,0.0128875895883565,0.0796078431372549,0.0118136237893271,0.0,0.0,0.0486274509803921,0.0139615553873869,0.4909803921568628,0.0526243241524572,0.0799999999999999,0.1095445115010332,0.0486274509803921,0.0139615553873864,0.5748078431372549,0.0183862944793888,31.4,3.4058772731852978,17.8,9.1,2.2,0.3,2.3,0.5,0.6,1.7,7.0,14.7,,3.5,4.4,,2.2,6.9,2.3,-3.5,0.5813489606368863,0.1627235261217108,0.288374613003096,0.0319143717989996,0.0677111897390535,0.0252730545593798,0.0107142857142857,0.0172516389835589,0.0757673595754091,0.0474945626113858,0.4704024767801857,0.0675786564273576,0.1453383458646616,0.1004678411200682,0.0543387881468376,0.0158574299077301,0.5886901371074745,0.0646038367387497,32.88966666666666,18.549275126903552,9.745608121827413,2.682745177664974,0.2243431472081217,1.001715736040609,1.5025736040609134,2.5042893401015225,30.97762842639594,28.29488324873096,21.232020304568525,12.428353299492386,2.5042893401015225,18.549275126903552,9.745608121827413,2.682745177664974,0.2243431472081217,30.97762842639593,1.001715736040609,1.5025736040609134,2.5042893401015225
2999101,Jonquel Jones,NYL,2026-05-25,0.0,1.0,6.0,12.0,25.0,14,7,2,0,3,1,0,1,5,11,,4,5,,2,5,3,-7,29.0,0.4827586206896552,0.2413793103448276,0.0689655172413793,0.0,0.1034482758620689,0.3793103448275862,0.1724137931034483,0.0344827586206896,0.4896551724137931,0.0,29.0,0.0,14.0,7.0,2.0,0.0,3.0,1.0,0.0,1.0,5.0,11.0,,4.0,5.0,,2.0,5.0,3.0,-7.0,0.4827586206896552,0.0,0.2413793103448276,0.0,0.0689655172413793,0.0,0.0,0.0,0.1034482758620689,0.0,0.3793103448275862,0.0,0.1724137931034483,0.0,0.0344827586206896,0.0,0.4896551724137931,0.0,28.6,0.5477225575051738,14.8,7.4,2.4,0.4,3.0,0.6,0.4,1.4,5.4,11.4,,3.6,4.6,,2.0,5.4,2.2,-9.8,0.5182266009852217,0.0485665321925764,0.2591133004926108,0.0242832660962882,0.0842364532019704,0.0209105902495815,0.0142857142857142,0.0195615199108987,0.1049261083743842,0.0020236055080259,0.3990147783251231,0.0269814067736536,0.1605911330049261,0.0161888440641916,0.0492610837438423,0.0202360550802402,0.518935960591133,0.0400943704656489,28.3,2.3593784492248497,12.5,7.9,2.7,0.6,2.4,0.7,0.3,1.9,4.5,9.2,,2.9,3.5,,1.6,6.3,1.8,1.2,0.4354869268662372,0.1460723462993982,0.2825624679580055,0.0506944983427584,0.0962714263424202,0.0204176488081351,0.0195378151260504,0.029429266501365,0.0808243987250072,0.0599624392304877,0.3208713193500211,0.119602388895354,0.1235405568062768,0.0459384045280231,0.0666150279740543,0.0260128058104405,0.4418441923188373,0.1272163513747468,28.351333333333333,13.380077108433737,7.436886746987952,2.34664578313253,0.7188481927710842,0.8539558232931727,0.5123734939759036,2.391076305220884,23.16360963855422,20.816963855421687,15.726722891566263,9.783532530120482,1.3663293172690762,13.380077108433737,7.436886746987952,2.34664578313253,0.7188481927710842,23.163609638554217,0.8539558232931727,0.5123734939759036,2.391076305220884
3102133,Rebecca Allen,NYL,2026-05-25,0.0,1.0,6.0,9.0,22.0,0,0,0,0,0,0,0,0,0,0,,0,0,,0,0,0,0,0.0,,,,,,,,,,0.0,0.0,0.0,0.0,0.0,0.0,0.0,0.0,0.0,0.0,0.0,0.0,0.0,,0.0,0.0,,0.0,0.0,0.0,0.0,,,,,,,,,,,,,,,,,,,6.8,9.311283477587825,2.0,1.6,0.8,0.4,1.2,0.0,0.0,0.8,0.4,2.0,,0.8,0.8,,0.4,1.2,1.2,-6.8,0.2941176470588235,0.0,0.2352941176470588,0.0,0.1176470588235294,0.0,0.0588235294117647,0.0,0.1764705882352941,0.0,0.2941176470588235,0.0,0.1176470588235294,0.0,0.1176470588235294,0.0,0.4635294117647058,0.0,9.3,8.097324661063471,2.4,1.2,0.9,0.6,1.5,0.3,0.0,0.6,0.6,2.4,,0.6,0.6,,0.3,0.9,1.5,-8.4,0.2542016806722689,0.0437257503890678,0.1176470588235294,0.1288758958835685,0.0945378151260504,0.0253149081199866,0.065126050420168,0.0069040658509054,0.1596638655462185,0.0184108422690812,0.2542016806722689,0.0437257503890678,0.0588235294117647,0.0644379479417842,0.0588235294117647,0.0644379479417842,0.3389075630252101,0.1365163954252372,10.625,1.18,0.7999999999999999,0.4599999999999999,0.26,0.2337499999999999,0.1912499999999999,0.6375,2.44,1.98,1.64,1.2599999999999998,0.4249999999999999,1.18,0.7999999999999999,0.4599999999999999,0.26,2.44,0.2337499999999999,0.1912499999999999,0.6375
4038379,Marine Johannes,NYL,2026-05-25,0.0,1.0,6.0,12.0,22.0,0,3,5,0,3,0,0,1,0,3,,0,0,,1,2,3,-1,22.0,0.0,0.1363636363636363,0.2272727272727272,0.0,0.1363636363636363,0.1363636363636363,0.0,0.0454545454545454,0.1818181818181818,0.0,22.0,0.0,0.0,3.0,5.0,0.0,3.0,0.0,0.0,1.0,0.0,3.0,,0.0,0.0,,1.0,2.0,3.0,-1.0,0.0,0.0,0.1363636363636363,0.0,0.2272727272727272,0.0,0.0,0.0,0.1363636363636363,0.0,0.1363636363636363,0.0,0.0,0.0,0.0454545454545454,0.0,0.1818181818181818,0.0,23.6,2.1908902300206434,0.0,3.0,3.4,0.0,3.8,0.4,0.0,1.4,0.0,3.8,,0.0,0.0,,1.0,2.0,2.2,-3.4,0.0,0.0,0.1279720279720279,0.0114906830245837,0.1517482517482517,0.1034161472212551,0.0,0.0,0.1587412587412587,0.0306418213988908,0.1587412587412587,0.0306418213988903,0.0,0.0,0.058041958041958,0.0172360245368758,0.2167832167832168,0.0478778459357661,26.1,3.478505426185209,2.7,3.1,5.5,0.6,5.2,1.1,0.0,1.4,0.9,5.6,,0.3,0.3,,0.8,2.3,1.6,6.5,0.0866883116883116,0.168921679035493,0.1197885447885448,0.012311474244618,0.2096986346986347,0.1480855443369345,0.0198051948051948,0.0301266511939274,0.1948135198135198,0.0467905535807269,0.2069347319347319,0.0642245607494949,0.009090909090909,0.0287479787288034,0.0534881784881784,0.0177626299728666,0.2644229104229104,0.0750079819839347,25.347,5.722417241379309,2.868665517241378,4.088489655172413,1.3590517241379307,1.456724137931034,0.0,1.456724137931034,12.6795724137931,8.591082758620686,9.81090689655172,6.957155172413792,1.456724137931034,5.722417241379309,2.868665517241378,4.088489655172413,1.3590517241379307,12.6795724137931,1.456724137931034,0.0,1.456724137931034
4066533,Sabrina Ionescu,NYL,2026-05-25,0.0,1.0,3.0,3.0,16.0,11,5,7,2,5,0,0,1,4,15,,1,2,,0,5,2,-13,31.0,0.3548387096774194,0.1612903225806451,0.2258064516129032,0.064516129032258,0.1612903225806451,0.4838709677419355,0.064516129032258,0.032258064516129,0.5445161290322581,0.0,31.0,0.0,11.0,5.0,7.0,2.0,5.0,0.0,0.0,1.0,4.0,15.0,,1.0,2.0,,0.0,5.0,2.0,-13.0,0.3548387096774194,0.0,0.1612903225806451,0.0,0.2258064516129032,0.0,0.064516129032258,0.0,0.1612903225806451,0.0,0.4838709677419355,0.0,0.064516129032258,0.0,0.032258064516129,0.0,0.5445161290322581,0.0,18.6,16.97939928266015,6.6,3.0,4.2,1.2,3.0,0.0,0.0,0.6,2.4,9.0,,0.6,1.2,,0.0,3.0,1.2,-7.8,0.3548387096774194,0.0,0.1612903225806451,0.0,0.2258064516129032,0.0,0.064516129032258,0.0,0.1612903225806451,0.0,0.4838709677419355,0.0,0.064516129032258,0.0,0.032258064516129,0.0,0.5445161290322581,0.0,10.9,14.72299788313055,3.9,1.6,2.3,0.6,1.6,0.0,0.0,0.6,1.4,5.3,,0.5,0.8,,0.1,1.5,0.8,-3.9,0.3598790322580645,0.0100806451612906,0.1365927419354838,0.0493951612903225,0.2006048387096774,0.0504032258064516,0.0483870967741935,0.032258064516129,0.1365927419354838,0.0493951612903225,0.4879032258064516,0.0080645161290308,0.0796370967741935,0.030241935483871,0.0710685483870967,0.0776209677419354,0.5940120967741936,0.0989919354838711,25.566000000000003,8.04,3.62,5.08,1.44,0.5624520000000001,0.460188,1.53396,16.740000000000002,11.66,13.12,8.7,1.02264,8.04,3.62,5.08,1.44,16.740000000000002,0.5624520000000001,0.460188,1.53396
4281929,Satou Sabally,NYL,2026-05-25,0.0,1.0,6.0,6.0,19.0,20,2,2,3,6,0,0,1,6,14,,5,5,,1,1,4,-17,25.0,0.8,0.08,0.08,0.12,0.24,0.56,0.2,0.04,0.688,0.0,25.0,0.0,20.0,2.0,2.0,3.0,6.0,0.0,0.0,1.0,6.0,14.0,,5.0,5.0,,1.0,1.0,4.0,-17.0,0.8,0.0,0.08,0.0,0.08,0.0,0.12,0.0,0.24,0.0,0.56,0.0,0.2,0.0,0.04,0.0,0.688,0.0,21.4,4.929503017546496,14.0,2.8,2.0,2.2,4.8,0.0,0.4,1.4,4.4,11.6,,3.0,3.0,,0.6,2.2,3.6,-11.8,0.6050000000000001,0.2670147467837684,0.148,0.0931128347758782,0.098,0.0246475150877324,0.097,0.031494047056547,0.219,0.0287554342690212,0.536,0.0328633534503099,0.12,0.1095445115010332,0.074,0.0465564173879391,0.6628000000000001,0.0345065211228255,12.3,11.205653335110211,7.5,1.8,1.2,1.2,2.7,0.0,0.3,0.9,2.4,6.6,,1.5,1.5,,0.3,1.5,2.1,-6.3,0.55625,0.2670147467837685,0.165,0.0931128347758782,0.1025,0.0246475150877324,0.09125,0.031494047056547,0.21375,0.0287554342690212,0.53,0.0328633534503099,0.1,0.1095445115010332,0.0825,0.0465564173879391,0.6565,0.0345065211228254,20.955,15.4,2.24,1.84,2.3600000000000003,0.4610099999999999,0.3771899999999999,1.2573,19.48,17.639999999999997,17.24,4.08,0.8381999999999998,15.4,2.24,1.84,2.3600000000000003,19.48,0.4610099999999999,0.3771899999999999,1.2573
4281930,Anneli Maley,NYL,2026-05-25,0.0,1.0,3.0,9.0,22.0,0,3,0,0,2,1,0,0,0,2,,0,0,,2,1,4,4,11.0,0.0,0.2727272727272727,0.0,0.0,0.1818181818181818,0.1818181818181818,0.0,0.0,0.1818181818181818,0.0,11.0,0.0,0.0,3.0,0.0,0.0,2.0,1.0,0.0,0.0,0.0,2.0,,0.0,0.0,,2.0,1.0,4.0,4.0,0.0,0.0,0.2727272727272727,0.0,0.0,0.0,0.0,0.0,0.1818181818181818,0.0,0.1818181818181818,0.0,0.0,0.0,0.0,0.0,0.1818181818181818,0.0,6.6,6.024948132556829,0.0,1.8,0.0,0.0,1.2,0.6,0.0,0.0,0.0,1.2,,0.0,0.0,,1.2,0.6,2.4,2.4,0.0,0.0,0.2727272727272727,0.0,0.0,0.0,0.0,0.0,0.1818181818181818,0.0,0.1818181818181818,0.0,0.0,0.0,0.0,0.0,0.1818181818181818,0.0,3.3,5.31350480693613,0.0,0.9,0.0,0.0,0.6,0.3,0.0,0.0,0.0,0.6,,0.0,0.0,,0.6,0.3,1.2,1.0,0.0,0.0,0.2727272727272727,0.0,0.0,0.0,0.0,0.0,0.1818181818181818,0.0,0.1818181818181818,0.0,0.0,0.0,0.0,0.0,0.1818181818181818,0.0,9.05,0.0,2.16,0.0,0.0,0.1991,0.1629,0.543,2.16,2.16,0.0,2.16,0.362,0.0,2.16,0.0,0.0,2.16,0.1991,0.1629,0.543
4337216,Han Xu,NYL,2026-05-25,0.0,1.0,6.0,12.0,25.0,6,2,0,2,3,0,0,0,2,4,,0,0,,0,2,0,-5,12.0,0.5,0.1666666666666666,0.0,0.1666666666666666,0.25,0.3333333333333333,0.0,0.0,0.3333333333333333,0.0,12.0,0.0,6.0,2.0,0.0,2.0,3.0,0.0,0.0,0.0,2.0,4.0,,0.0,0.0,,0.0,2.0,0.0,-5.0,0.5,0.0,0.1666666666666666,0.0,0.0,0.0,0.1666666666666666,0.0,0.25,0.0,0.3333333333333333,0.0,0.0,0.0,0.0,0.0,0.3333333333333333,0.0,10.0,2.7386127875258306,5.6,1.2,0.0,1.6,2.6,0.0,0.0,0.0,2.0,3.6,,0.0,0.0,,0.0,1.2,0.0,-1.8,0.5857142857142857,0.1173691194653927,0.1,0.0912870929175276,0.0,0.0,0.1571428571428571,0.0130410132739324,0.2642857142857143,0.0195615199108986,0.3714285714285714,0.0521640530957296,0.0,0.0,0.0,0.0,0.3714285714285714,0.0521640530957304,8.4,2.503331114069136,4.2,1.2,0.6,0.9,1.5,0.0,0.0,0.3,1.5,2.8,,0.3,0.6,,0.3,0.9,0.0,-1.4,0.4928571428571429,0.2114896951543089,0.1357142857142857,0.1265120192127649,0.0857142857142857,0.1380131118684708,0.0928571428571428,0.0805076485899413,0.1607142857142857,0.1390871600660467,0.3309523809523809,0.0828215577663146,0.0857142857142857,0.1380131118684708,0.0428571428571428,0.0690065559342354,0.4115238095238095,0.1248603755347739,11.543666666666669,4.451015,1.5763525,0.3077324999999999,1.0888875,0.1442958333333333,0.2885916666666666,0.2885916666666666,6.335100000000001,6.0273675,4.7587475,1.884085,0.4328875,4.451015,1.5763525,0.3077324999999999,1.0888875,6.335100000000001,0.1442958333333333,0.2885916666666666,0.2885916666666666
4432844,Aubrey Griffin,NYL,2026-05-25,0.0,11.0,0.0,6.0,22.0,0,1,0,0,0,0,0,0,0,0,,0,0,,0,1,1,-2,2.0,0.0,0.5,0.0,0.0,0.0,0.0,0.0,0.0,0.0,0.0,2.0,0.0,0.0,1.0,0.0,0.0,0.0,0.0,0.0,0.0,0.0,0.0,,0.0,0.0,,0.0,1.0,1.0,-2.0,0.0,0.0,0.5,0.0,0.0,0.0,0.0,0.0,0.0,0.0,0.0,0.0,0.0,0.0,0.0,0.0,0.0,0.0,1.2,1.095445115010332,0.0,0.6,0.0,0.0,0.0,0.0,0.0,0.0,0.0,0.0,,0.0,0.0,,0.0,0.6,0.6,-2.4,0.0,0.0,0.5,0.0,0.0,0.0,0.0,0.0,0.0,0.0,0.0,0.0,0.0,0.0,0.0,0.0,0.0,0.0,1.1,1.6633299933166197,0.2,0.3,0.0,0.0,0.0,0.0,0.0,0.1,0.1,0.1,,0.0,0.0,,0.0,0.3,0.3,-0.9,0.1,0.2,0.375,0.25,0.0,0.0,0.0,0.0,0.0,0.0,0.05,0.1,0.0,0.0,0.05,0.1,0.1,0.2,6.425,0.04,0.72,0.0,0.0,0.1413499999999999,0.1156499999999999,0.3854999999999999,0.76,0.76,0.04,0.72,0.2569999999999999,0.04,0.72,0.0,0.0,0.76,0.1413499999999999,0.1156499999999999,0.3854999999999999
4433632,Ashley Owusu,NYL,2026-05-25,0.0,30.0,0.0,0.0,4.0,2,3,1,0,0,0,0,0,0,4,,2,2,,3,0,3,-10,13.0,0.1538461538461538,0.2307692307692307,0.0769230769230769,0.0,0.0,0.3076923076923077,0.1538461538461538,0.0,0.3753846153846153,0.0,13.0,0.0,2.0,3.0,1.0,0.0,0.0,0.0,0.0,0.0,0.0,4.0,,2.0,2.0,,3.0,0.0,3.0,-10.0,0.1538461538461538,0.0,0.2307692307692307,0.0,0.0769230769230769,0.0,0.0,0.0,0.0,0.0,0.3076923076923077,0.0,0.1538461538461538,0.0,0.0,0.0,0.3753846153846153,0.0,13.0,0.0,2.0,3.0,1.0,0.0,0.0,0.0,0.0,0.0,0.0,4.0,,2.0,2.0,,3.0,0.0,3.0,-10.0,0.1538461538461538,0.0,0.2307692307692307,0.0,0.0769230769230769,0.0,0.0,0.0,0.0,0.0,0.3076923076923077,0.0,0.1538461538461538,0.0,0.0,0.0,0.3753846153846153,0.0,13.0,0.0,2.0,3.0,1.0,0.0,0.0,0.0,0.0,0.0,0.0,4.0,,2.0,2.0,,3.0,0.0,3.0,-10.0,0.1538461538461538,0.0,0.2307692307692307,0.0,0.0769230769230769,0.0,0.0,0.0,0.0,0.0,0.3076923076923077,0.0,0.1538461538461538,0.0,0.0,0.0,0.3753846153846153,0.0,12.999999999999998,2.0,3.0,1.0,0.0,0.2859999999999999,0.2339999999999999,0.7799999999999999,6.0,5.0,3.0,4.0,0.5199999999999999,2.0,3.0,1.0,0.0,6.0,0.2859999999999999,0.2339999999999999,0.7799999999999999
4433744,Ugonne Onyiah,NYL,2026-05-25,0.0,22.0,0.0,0.0,7.0,0,0,0,0,0,0,0,0,0,0,,0,0,,0,0,0,0,0.0,,,,,,,,,,0.0,0.0,0.0,0.0,0.0,0.0,0.0,0.0,0.0,0.0,0.0,0.0,0.0,,0.0,0.0,,0.0,0.0,0.0,0.0,,,,,,,,,,,,,,,,,,,0.0,0.0,0.0,0.0,0.0,0.0,0.0,0.0,0.0,0.0,0.0,0.0,,0.0,0.0,,0.0,0.0,0.0,0.0,,,,,,,,,,,,,,,,,,,0.0,0.0,0.0,0.0,0.0,0.0,0.0,0.0,0.0,0.0,0.0,0.0,,0.0,0.0,,0.0,0.0,0.0,0.0,,,,,,,,,,,,,,,,,,,8.0,0.0,0.0,0.0,0.0,0.176,0.144,0.48,0.0,0.0,0.0,0.0,0.3199999999999999,0.0,0.0,0.0,0.0,0.0,0.176,0.144,0.48
4595823,Alex Fowler,NYL,2026-05-25,0.0,4.0,3.0,6.0,13.0,0,0,0,0,2,1,0,0,0,3,,0,0,,0,0,4,-6,15.0,0.0,0.0,0.0,0.0,0.1333333333333333,0.2,0.0,0.0,0.2,0.0,15.0,0.0,0.0,0.0,0.0,0.0,2.0,1.0,0.0,0.0,0.0,3.0,,0.0,0.0,,0.0,0.0,4.0,-6.0,0.0,0.0,0.0,0.0,0.0,0.0,0.0,0.0,0.1333333333333333,0.0,0.2,0.0,0.0,0.0,0.0,0.0,0.2,0.0,15.8,1.0954451150103328,4.8,0.0,0.4,0.8,3.2,0.6,0.0,1.2,1.6,4.6,,0.8,0.8,,0.0,0.0,4.8,-6.0,0.2823529411764706,0.3866276876507055,0.0,0.0,0.0235294117647058,0.0322189739708921,0.0470588235294117,0.0644379479417842,0.1976470588235294,0.0880651955204385,0.2847058823529412,0.1159883062952116,0.0470588235294117,0.0644379479417841,0.0705882352941176,0.0966569219126763,0.376,0.240997925302273,16.4,2.503331114069144,4.4,1.1,0.4,0.6,2.9,1.4,0.0,1.4,1.5,4.7,,0.8,1.2,,0.1,1.0,4.6,-0.2,0.2465473145780051,0.3346535342862562,0.0617391304347826,0.083316738528309,0.0219948849104859,0.0287387318659311,0.0352941176470588,0.0568289284164291,0.1769309462915601,0.082123265560999,0.2783120204603581,0.1027714284070129,0.0613810741687979,0.0893799994685841,0.0816368286445012,0.0727817572009457,0.3869565217391304,0.2018805379247901,15.714,2.56,0.22,0.22,0.3999999999999999,0.345708,0.282852,0.94284,3.0000000000000004,2.78,2.78,0.44,0.62856,2.56,0.22,0.22,0.3999999999999999,3.0000000000000004,0.345708,0.282852,0.94284
4683006,Leonie Fiebich,NYL,2026-05-25,0.0,22.0,0.0,0.0,7.0,0,0,0,0,0,0,0,0,0,0,,0,0,,0,0,0,0,0.0,,,,,,,,,,0.0,0.0,0.0,0.0,0.0,0.0,0.0,0.0,0.0,0.0,0.0,0.0,0.0,,0.0,0.0,,0.0,0.0,0.0,0.0,,,,,,,,,,,,,,,,,,,0.0,0.0,0.0,0.0,0.0,0.0,0.0,0.0,0.0,0.0,0.0,0.0,,0.0,0.0,,0.0,0.0,0.0,0.0,,,,,,,,,,,,,,,,,,,0.0,0.0,0.0,0.0,0.0,0.0,0.0,0.0,0.0,0.0,0.0,0.0,,0.0,0.0,,0.0,0.0,0.0,0.0,,,,,,,,,,,,,,,,,,,8.0,0.0,0.0,0.0,0.0,0.176,0.144,0.48,0.0,0.0,0.0,0.0,0.3199999999999999,0.0,0.0,0.0,0.0,0.0,0.176,0.144,0.48
4703579,Derin Erdogan,NYL,2026-05-25,0.0,22.0,0.0,0.0,7.0,7,0,1,1,3,0,0,1,3,8,,0,0,,0,0,3,-4,18.0,0.3888888888888889,0.0,0.0555555555555555,0.0555555555555555,0.1666666666666666,0.4444444444444444,0.0,0.0555555555555555,0.5,0.0,18.0,0.0,7.0,0.0,1.0,1.0,3.0,0.0,0.0,1.0,3.0,8.0,,0.0,0.0,,0.0,0.0,3.0,-4.0,0.3888888888888889,0.0,0.0,0.0,0.0555555555555555,0.0,0.0555555555555555,0.0,0.1666666666666666,0.0,0.4444444444444444,0.0,0.0,0.0,0.0555555555555555,0.0,0.5,0.0,16.4,2.1908902300206647,9.4,0.0,1.0,1.0,2.6,0.4,0.0,1.4,3.8,7.6,,0.8,0.8,,0.0,0.0,2.6,-6.8,0.6047619047619048,0.2955963008758039,0.0,0.0,0.0619047619047619,0.0086940088492883,0.0619047619047619,0.0086940088492883,0.1571428571428571,0.0130410132739325,0.4666666666666666,0.0304290309725092,0.0571428571428571,0.0782460796435951,0.0904761904761904,0.0478170486710859,0.5822857142857143,0.112674354686777,16.0,2.1908902300206647,10.0,0.0,1.0,1.0,2.5,0.5,0.0,1.5,4.0,7.5,,1.0,1.0,,0.0,0.0,2.5,-7.5,0.6587301587301587,0.2955963008758039,0.0,0.0,0.0634920634920634,0.0086940088492883,0.0634920634920634,0.0086940088492883,0.1547619047619047,0.0130410132739325,0.4722222222222221,0.0304290309725092,0.0714285714285714,0.0782460796435951,0.0992063492063492,0.0478170486710859,0.6028571428571429,0.112674354686777,17.04,8.440000000000001,0.0,1.0,1.0,0.3748799999999999,0.3067199999999999,1.0224,9.440000000000001,8.440000000000001,9.44,1.0,0.6815999999999999,8.440000000000001,0.0,1.0,1.0,9.44,0.3748799999999999,0.3067199999999999,1.0224
4790258,Raquel Carrera,NYL,2026-05-25,0.0,1.0,3.0,3.0,10.0,0,0,1,0,0,0,0,0,0,0,,0,0,,0,0,0,0,1.0,0.0,0.0,1.0,0.0,0.0,0.0,0.0,0.0,0.0,0.0,1.0,0.0,0.0,0.0,1.0,0.0,0.0,0.0,0.0,0.0,0.0,0.0,,0.0,0.0,,0.0,0.0,0.0,0.0,0.0,0.0,0.0,0.0,1.0,0.0,0.0,0.0,0.0,0.0,0.0,0.0,0.0,0.0,0.0,0.0,0.0,0.0,0.6,0.5477225575051661,0.0,0.0,0.6,0.0,0.0,0.0,0.0,0.0,0.0,0.0,,0.0,0.0,,0.0,0.0,0.0,0.0,0.0,0.0,0.0,0.0,1.0,0.0,0.0,0.0,0.0,0.0,0.0,0.0,0.0,0.0,0.0,0.0,0.0,0.0,0.3333333333333333,0.5,0.0,0.0,0.3333333333333333,0.0,0.0,0.0,0.0,0.0,0.0,0.0,,0.0,0.0,,0.0,0.0,0.0,0.0,0.0,0.0,0.0,0.0,1.0,0.0,0.0,0.0,0.0,0.0,0.0,0.0,0.0,0.0,0.0,0.0,0.0,0.0,5.55,0.0,0.0,0.7266666666666666,0.0,0.1220999999999999,0.0998999999999999,0.3329999999999999,0.7266666666666666,0.0,0.7266666666666666,0.7266666666666666,0.2219999999999999,0.0,0.0,0.7266666666666666,0.0,0.7266666666666666,0.1220999999999999,0.0998999999999999,0.3329999999999999
4790260,Marine Fauthoux,NYL,2026-05-25,0.0,15.0,0.0,0.0,10.0,0,0,0,0,0,0,0,0,0,0,,0,0,,0,0,0,0,0.0,,,,,,,,,,0.0,0.0,0.0,0.0,0.0,0.0,0.0,0.0,0.0,0.0,0.0,0.0,0.0,,0.0,0.0,,0.0,0.0,0.0,0.0,,,,,,,,,,,,,,,,,,,0.0,0.0,0.0,0.0,0.0,0.0,0.0,0.0,0.0,0.0,0.0,0.0,,0.0,0.0,,0.0,0.0,0.0,0.0,,,,,,,,,,,,,,,,,,,0.0,0.0,0.0,0.0,0.0,0.0,0.0,0.0,0.0,0.0,0.0,0.0,,0.0,0.0,,0.0,0.0,0.0,0.0,,,,,,,,,,,,,,,,,,,8.0,0.0,0.0,0.0,0.0,0.176,0.144,0.48,0.0,0.0,0.0,0.0,0.3199999999999999,0.0,0.0,0.0,0.0,0.0,0.176,0.144,0.48
5106084,Ny'Ceara Pryor,NYL,2026-05-25,0.0,30.0,0.0,0.0,4.0,1,3,5,0,0,4,0,3,0,4,,1,2,,1,2,3,2,24.0,0.0416666666666666,0.125,0.2083333333333333,0.0,0.0,0.1666666666666666,0.0833333333333333,0.125,0.3283333333333333,0.0,24.0,0.0,1.0,3.0,5.0,0.0,0.0,4.0,0.0,3.0,0.0,4.0,,1.0,2.0,,1.0,2.0,3.0,2.0,0.0416666666666666,0.0,0.125,0.0,0.2083333333333333,0.0,0.0,0.0,0.0,0.0,0.1666666666666666,0.0,0.0833333333333333,0.0,0.125,0.0,0.3283333333333333,0.0,24.0,0.0,1.0,3.0,5.0,0.0,0.0,4.0,0.0,3.0,0.0,4.0,,1.0,2.0,,1.0,2.0,3.0,2.0,0.0416666666666666,0.0,0.125,0.0,0.2083333333333333,0.0,0.0,0.0,0.0,0.0,0.1666666666666666,0.0,0.0833333333333333,0.0,0.125,0.0,0.3283333333333333,0.0,24.0,0.0,1.0,3.0,5.0,0.0,0.0,4.0,0.0,3.0,0.0,4.0,,1.0,2.0,,1.0,2.0,3.0,2.0,0.0416666666666666,0.0,0.125,0.0,0.2083333333333333,0.0,0.0,0.0,0.0,0.0,0.1666666666666666,0.0,0.0833333333333333,0.0,0.125,0.0,0.3283333333333333,0.0,24.0,1.0,3.0,5.0,0.0,0.5279999999999999,0.4319999999999999,1.4399999999999995,9.0,4.0,6.0,8.0,0.9599999999999996,1.0,3.0,5.0,0.0,9.0,0.5279999999999999,0.4319999999999999,1.4399999999999995
5345320,Pauline Astier,NYL,2026-05-25,0.0,1.0,6.0,12.0,25.0,7,0,1,1,2,1,0,2,2,3,,2,2,,0,0,1,-11,18.0,0.3888888888888889,0.0,0.0555555555555555,0.0555555555555555,0.1111111111111111,0.1666666666666666,0.1111111111111111,0.1111111111111111,0.3266666666666666,0.0,18.0,0.0,7.0,0.0,1.0,1.0,2.0,1.0,0.0,2.0,2.0,3.0,,2.0,2.0,,0.0,0.0,1.0,-11.0,0.3888888888888889,0.0,0.0,0.0,0.0555555555555555,0.0,0.0555555555555555,0.0,0.1111111111111111,0.0,0.1666666666666666,0.0,0.1111111111111111,0.0,0.1111111111111111,0.0,0.3266666666666666,0.0,20.8,3.834057902536162,7.0,2.0,1.4,1.0,1.6,0.6,0.0,1.2,2.4,3.8,,1.2,1.2,,0.0,2.0,2.2,-11.4,0.3453333333333333,0.0596409007061186,0.08,0.1095445115010332,0.0653333333333333,0.0133887736279041,0.0493333333333333,0.0085201286723027,0.0826666666666666,0.0389491596448117,0.18,0.0182574185835045,0.0666666666666666,0.0608580619450184,0.0666666666666666,0.0608580619450184,0.276,0.0693781906173213,22.5,3.894440481849309,12.6,2.9,1.8,1.7,3.0,0.8,0.0,1.1,4.6,7.4,,1.7,2.1,,0.3,2.6,2.4,-2.3,0.5533939393939394,0.287864556326115,0.1175757575757575,0.0851941012887543,0.0779393939393939,0.0166905043283464,0.0762424242424242,0.0423736751704113,0.1371515151515151,0.098246940478935,0.3203030303030302,0.1788024304983781,0.0978787878787878,0.0748391011807165,0.05,0.0665121666521035,0.4133696969696969,0.2010386583440118,21.672,10.269728,2.24576,2.167072,1.062816,1.01136,0.0,1.30032,14.682560000000002,12.515488,12.4368,4.412832,1.01136,10.269728,2.24576,2.167072,1.062816,14.68256,1.01136,0.0,1.30032
869,DeWanna Bonner,PHX,2026-05-25,0.0,1.0,9.0,15.0,28.0,4,3,1,0,3,2,0,0,2,7,,0,0,,1,2,0,-7,24.0,0.1666666666666666,0.125,0.0416666666666666,0.0,0.125,0.2916666666666667,0.0,0.0,0.2916666666666667,0.0,24.0,0.0,4.0,3.0,1.0,0.0,3.0,2.0,0.0,0.0,2.0,7.0,,0.0,0.0,,1.0,2.0,0.0,-7.0,0.1666666666666666,0.0,0.125,0.0,0.0416666666666666,0.0,0.0,0.0,0.125,0.0,0.2916666666666667,0.0,0.0,0.0,0.0,0.0,0.2916666666666667,0.0,26.4,3.286335345030997,6.0,3.8,1.0,0.4,3.8,2.4,0.4,0.4,2.4,7.0,,0.8,0.8,,1.4,2.4,0.4,-4.6,0.2199999999999999,0.0730296743340225,0.1416666666666666,0.0228217732293818,0.0383333333333333,0.0045643546458762,0.0133333333333333,0.0182574185835055,0.1416666666666666,0.0228217732293819,0.2683333333333333,0.0319504825211337,0.0266666666666666,0.0365148371670112,0.0133333333333333,0.0182574185835057,0.2934,0.0023734644158605,28.5,3.240370349203924,8.6,4.3,0.9,0.3,3.8,1.9,0.4,0.8,3.0,8.2,,2.3,2.3,,1.0,3.3,1.1,-4.7,0.2942424242424242,0.1103782072598303,0.1487121212121212,0.0286436445236064,0.0324999999999999,0.0120761472884912,0.01,0.0161015297179882,0.133560606060606,0.0313234139193886,0.2887121212121212,0.0608491023249284,0.076060606060606,0.0687084042294237,0.026060606060606,0.01985561596009,0.3482393939393939,0.086358196355338,26.781,7.684143283582088,4.693674626865671,1.1914328358208954,0.5596597014925372,1.065910447761194,0.7994328358208954,0.7994328358208954,13.569250746268656,12.37781791044776,8.875576119402984,5.885107462686566,1.8653432835820896,7.684143283582088,4.693674626865671,1.1914328358208954,0.5596597014925372,13.569250746268656,1.065910447761194,0.7994328358208954,0.7994328358208954
887,Sami Whitcomb,PHX,2026-05-25,0.0,1.0,9.0,15.0,25.0,0,0,0,0,0,0,0,0,0,0,,0,0,,0,0,0,0,0.0,,,,,,,,,,0.0,0.0,0.0,0.0,0.0,0.0,0.0,0.0,0.0,0.0,0.0,0.0,0.0,,0.0,0.0,,0.0,0.0,0.0,0.0,,,,,,,,,,,,,,,,,,,0.0,0.0,0.0,0.0,0.0,0.0,0.0,0.0,0.0,0.0,0.0,0.0,,0.0,0.0,,0.0,0.0,0.0,0.0,,,,,,,,,,,,,,,,,,,0.0,0.0,0.0,0.0,0.0,0.0,0.0,0.0,0.0,0.0,0.0,0.0,,0.0,0.0,,0.0,0.0,0.0,0.0,,,,,,,,,,,,,,,,,,,8.0,0.0,0.0,0.0,0.0,0.176,0.144,0.48,0.0,0.0,0.0,0.0,0.3199999999999999,0.0,0.0,0.0,0.0,0.0,0.176,0.144,0.48
2529140,Alyssa Thomas,PHX,2026-05-25,0.0,1.0,9.0,15.0,28.0,20,12,7,0,0,2,0,4,9,13,,2,2,,1,11,2,-1,36.0,0.5555555555555556,0.3333333333333333,0.1944444444444444,0.0,0.0,0.3611111111111111,0.0555555555555555,0.1111111111111111,0.4966666666666667,0.0,36.0,0.0,20.0,12.0,7.0,0.0,0.0,2.0,0.0,4.0,9.0,13.0,,2.0,2.0,,1.0,11.0,2.0,-1.0,0.5555555555555556,0.0,0.3333333333333333,0.0,0.1944444444444444,0.0,0.0,0.0,0.0,0.0,0.3611111111111111,0.0,0.0555555555555555,0.0,0.1111111111111111,0.0,0.4966666666666667,0.0,35.6,0.5477225575051631,21.2,10.0,7.0,0.0,0.0,2.0,0.0,3.6,8.2,13.0,,4.8,5.6,,1.4,8.6,2.0,-2.6,0.5961904761904762,0.055641656635446,0.2799999999999999,0.0730296743340221,0.1966666666666666,0.0030429030972457,0.0,0.0,0.0,0.0,0.3652380952380952,0.0056511057520366,0.159047619047619,0.1417123442434,0.1009523809523809,0.0139104141588619,0.5361714285714287,0.0540941230602722,35.1,0.8755950357709708,19.7,8.6,7.2,0.0,0.0,2.1,0.1,3.1,7.1,10.9,,5.5,6.4,,2.0,6.6,2.5,-0.3,0.561038961038961,0.0722073846442841,0.2447619047619048,0.077117377724414,0.20508658008658,0.0170405324872926,0.0,0.0,0.0,0.0,0.310064935064935,0.0785323568915846,0.1835930735930735,0.1062911604435254,0.0883116883116883,0.0248922280040459,0.4791575757575758,0.109247420732947,35.042,19.321954430379748,9.12726582278481,7.783979746835444,0.0,1.7742784810126582,0.1478565400843882,3.5485569620253163,36.233200000000004,28.44922025316456,27.10593417721519,16.911245569620256,1.9221350210970465,19.321954430379748,9.12726582278481,7.783979746835444,0.0,36.2332,1.7742784810126582,0.1478565400843882,3.5485569620253163
2984730,Jillian Alleyne,PHX,2026-05-25,0.0,26.0,0.0,0.0,7.0,2,6,1,0,0,0,0,1,1,1,,0,0,,1,5,1,6,8.0,0.25,0.75,0.125,0.0,0.0,0.125,0.0,0.125,0.25,0.0,8.0,0.0,2.0,6.0,1.0,0.0,0.0,0.0,0.0,1.0,1.0,1.0,,0.0,0.0,,1.0,5.0,1.0,6.0,0.25,0.0,0.75,0.0,0.125,0.0,0.0,0.0,0.0,0.0,0.125,0.0,0.0,0.0,0.125,0.0,0.25,0.0,9.2,1.6431676725154984,4.4,4.4,1.8,0.0,0.0,0.0,0.4,1.4,1.8,1.8,,0.8,0.8,,1.0,3.4,1.0,5.2,0.4409090909090909,0.2614130388092838,0.5227272727272727,0.3112059985824807,0.184090909090909,0.0809135596314449,0.0,0.0,0.0,0.0,0.184090909090909,0.0809135596314449,0.0727272727272727,0.0995859195463938,0.1477272727272727,0.031120599858248,0.3638181818181817,0.1558519640901063,9.5,1.6431676725154984,5.0,4.0,2.0,0.0,0.0,0.0,0.5,1.5,2.0,2.0,,1.0,1.0,,1.0,3.0,1.0,5.0,0.4886363636363636,0.2614130388092838,0.4659090909090909,0.3112059985824807,0.1988636363636363,0.0809135596314449,0.0,0.0,0.0,0.0,0.1988636363636363,0.0809135596314449,0.0909090909090909,0.0995859195463938,0.1534090909090909,0.031120599858248,0.3922727272727273,0.1558519640901063,8.719999999999999,3.44,5.04,1.48,0.0,0.1918399999999999,0.1569599999999999,0.5231999999999999,9.96,8.48,4.92,6.52,0.3487999999999999,3.44,5.04,1.48,0.0,9.96,0.1918399999999999,0.1569599999999999,0.5231999999999999
2998938,Kahleah Copper,PHX,2026-05-25,0.0,1.0,9.0,15.0,28.0,20,3,1,1,6,0,0,3,6,16,,7,8,,1,2,3,-8,30.0,0.6666666666666666,0.1,0.0333333333333333,0.0333333333333333,0.2,0.5333333333333333,0.2666666666666666,0.1,0.7506666666666667,0.0,30.0,0.0,20.0,3.0,1.0,1.0,6.0,0.0,0.0,3.0,6.0,16.0,,7.0,8.0,,1.0,2.0,3.0,-8.0,0.6666666666666666,0.0,0.1,0.0,0.0333333333333333,0.0,0.0333333333333333,0.0,0.2,0.0,0.5333333333333333,0.0,0.2666666666666666,0.0,0.1,0.0,0.7506666666666667,0.0,32.4,3.2863353450309964,20.8,3.8,1.4,1.0,6.4,0.0,0.0,3.4,6.4,17.6,,7.0,8.8,,0.6,3.2,2.6,-10.4,0.6444444444444445,0.0304290309725127,0.1155555555555555,0.0213003216807564,0.0422222222222222,0.0121716123890036,0.0311111111111111,0.0030429030972515,0.1977777777777777,0.0030429030972504,0.5422222222222223,0.0121716123890026,0.2711111111111111,0.0060858061945013,0.1044444444444444,0.0060858061945018,0.7659555555555555,0.0209351733090867,33.7,2.626785107312738,19.7,3.8,2.2,0.7,5.7,0.3,0.0,3.4,6.3,17.8,,6.4,8.2,,0.3,3.5,2.0,-10.0,0.5876190476190476,0.0700885473380648,0.1120868347338935,0.0256101088290541,0.0638935574229691,0.0362360335753605,0.0212745098039215,0.0148591624457055,0.170266106442577,0.0392230061121654,0.5280112044817927,0.026296627642803,0.2441736694677871,0.0508543255220398,0.1005602240896358,0.0257383754126902,0.7360078431372549,0.0510665016587881,32.227000000000004,18.91296666666667,2.8634000000000004,1.874133333333333,0.8717999999999999,0.8263333333333333,0.0,3.0298888888888893,23.6505,21.776366666666668,20.7871,4.737533333333333,0.8263333333333333,18.91296666666667,2.8634000000000004,1.874133333333333,0.8717999999999999,23.6505,0.8263333333333333,0.0,3.0298888888888893
3142087,Kathryn Westbeld,PHX,2026-05-25,0.0,26.0,0.0,0.0,4.0,0,0,0,0,0,0,0,0,0,0,,0,0,,0,0,0,0,0.0,,,,,,,,,,0.0,0.0,0.0,0.0,0.0,0.0,0.0,0.0,0.0,0.0,0.0,0.0,0.0,,0.0,0.0,,0.0,0.0,0.0,0.0,,,,,,,,,,,,,,,,,,,0.0,0.0,0.0,0.0,0.0,0.0,0.0,0.0,0.0,0.0,0.0,0.0,,0.0,0.0,,0.0,0.0,0.0,0.0,,,,,,,,,,,,,,,,,,,0.0,0.0,0.0,0.0,0.0,0.0,0.0,0.0,0.0,0.0,0.0,0.0,,0.0,0.0,,0.0,0.0,0.0,0.0,,,,,,,,,,,,,,,,,,,8.0,0.0,0.0,0.0,0.0,0.176,0.144,0.48,0.0,0.0,0.0,0.0,0.3199999999999999,0.0,0.0,0.0,0.0,0.0,0.176,0.144,0.48
3143136,Jaime Nared,PHX,2026-05-25,0.0,26.0,0.0,0.0,7.0,0,0,0,0,0,0,0,0,0,0,,0,0,,0,0,0,0,0.0,,,,,,,,,,0.0,0.0,0.0,0.0,0.0,0.0,0.0,0.0,0.0,0.0,0.0,0.0,0.0,,0.0,0.0,,0.0,0.0,0.0,0.0,,,,,,,,,,,,,,,,,,,0.0,0.0,0.0,0.0,0.0,0.0,0.0,0.0,0.0,0.0,0.0,0.0,,0.0,0.0,,0.0,0.0,0.0,0.0,,,,,,,,,,,,,,,,,,,0.0,0.0,0.0,0.0,0.0,0.0,0.0,0.0,0.0,0.0,0.0,0.0,,0.0,0.0,,0.0,0.0,0.0,0.0,,,,,,,,,,,,,,,,,,,8.0,0.0,0.0,0.0,0.0,0.176,0.144,0.48,0.0,0.0,0.0,0.0,0.3199999999999999,0.0,0.0,0.0,0.0,0.0,0.176,0.144,0.48
3906769,Jovana Nogic,PHX,2026-05-25,0.0,1.0,9.0,15.0,25.0,11,0,1,2,4,0,0,4,3,9,,3,3,,0,0,4,-2,21.0,0.5238095238095238,0.0,0.0476190476190476,0.0952380952380952,0.1904761904761904,0.4285714285714285,0.1428571428571428,0.1904761904761904,0.6819047619047619,0.0,21.0,0.0,11.0,0.0,1.0,2.0,4.0,0.0,0.0,4.0,3.0,9.0,,3.0,3.0,,0.0,0.0,4.0,-2.0,0.5238095238095238,0.0,0.0,0.0,0.0476190476190476,0.0,0.0952380952380952,0.0,0.1904761904761904,0.0,0.4285714285714285,0.0,0.1428571428571428,0.0,0.1904761904761904,0.0,0.6819047619047619,0.0,24.6,4.929503017546496,12.6,0.4,1.8,2.4,4.8,0.4,0.0,2.8,3.8,9.8,,2.6,3.0,,0.0,0.4,4.4,-3.2,0.5142857142857142,0.0130410132739326,0.0133333333333333,0.0182574185835055,0.0685714285714285,0.0286902292026514,0.0971428571428571,0.002608202654786,0.1942857142857142,0.0052164053095735,0.4038095238095238,0.0339066345122247,0.1257142857142857,0.0234738238930783,0.1276190476190476,0.0860706876079546,0.586742857142857,0.1303058046331339,27.1,4.25440947723653,14.4,0.7,2.1,2.6,6.5,0.3,0.0,2.2,4.2,11.6,,3.4,3.8,,0.2,0.5,4.1,-5.5,0.5287223899570952,0.1243177596656031,0.0229032258064516,0.0404654577402451,0.0753201970443349,0.0367816947180176,0.0953901160019068,0.0268771648398382,0.2360527570316224,0.0549479823773895,0.429227713332274,0.0670951942890853,0.1393754965835054,0.0781624707750685,0.0910583187668838,0.0703720328075679,0.5816112505959002,0.1032764794439508,24.062,13.345043181818182,0.6862068181818181,1.7484136363636362,2.544590909090909,0.8202954545454544,0.0,1.914022727272727,15.779663636363637,14.03125,15.09345681818182,2.4346204545454544,0.8202954545454544,13.345043181818182,0.6862068181818181,1.7484136363636362,2.544590909090909,15.779663636363637,0.8202954545454544,0.0,1.914022727272727
3919496,Valeriane Ayayi,PHX,2026-05-25,0.0,1.0,9.0,15.0,19.0,0,0,0,0,0,0,0,0,0,0,,0,0,,0,0,0,0,0.0,,,,,,,,,,0.0,0.0,0.0,0.0,0.0,0.0,0.0,0.0,0.0,0.0,0.0,0.0,0.0,,0.0,0.0,,0.0,0.0,0.0,0.0,,,,,,,,,,,,,,,,,,,2.4,3.286335345030996,0.0,0.8,0.0,0.0,0.0,0.0,0.0,0.0,0.0,0.8,,0.0,0.0,,0.0,0.8,0.8,-0.4,0.0,0.0,0.3333333333333333,0.0,0.0,0.0,0.0,0.0,0.0,0.0,0.3333333333333333,0.0,0.0,0.0,0.0,0.0,0.3333333333333333,0.0,6.6,5.253570214625478,1.7,1.7,0.4,0.0,0.2,0.6,0.0,0.1,0.3,1.5,,1.1,2.1,,0.1,1.6,1.5,-1.4,0.2023809523809523,0.2398743057096414,0.2738095238095238,0.0629940788348711,0.0476190476190476,0.0445435403187374,0.0,0.0,0.0238095238095238,0.0629940788348712,0.2499999999999999,0.1666666666666666,0.25,0.25,0.0119047619047619,0.0314970394174355,0.3719047619047619,0.1425281926998504,9.3125,2.1570106382978724,1.5557127659574468,0.6264148936170213,0.2377659574468085,0.5944148936170213,0.0,0.5944148936170213,4.33913829787234,3.71272340425532,2.7834255319148937,2.1821276595744683,0.5944148936170213,2.1570106382978724,1.5557127659574468,0.6264148936170213,0.2377659574468085,4.33913829787234,0.5944148936170213,0.0,0.5944148936170213
4068042,Natasha Mack,PHX,2026-05-25,0.0,1.0,9.0,15.0,28.0,6,7,1,0,0,0,2,1,3,5,,0,0,,4,3,4,4,16.0,0.375,0.4375,0.0625,0.0,0.0,0.3125,0.0,0.0625,0.375,0.0,16.0,0.0,6.0,7.0,1.0,0.0,0.0,0.0,2.0,1.0,3.0,5.0,,0.0,0.0,,4.0,3.0,4.0,4.0,0.375,0.0,0.4375,0.0,0.0625,0.0,0.0,0.0,0.0,0.0,0.3125,0.0,0.0,0.0,0.0625,0.0,0.375,0.0,20.8,6.572670690061993,7.6,7.8,1.4,0.0,0.0,0.8,1.2,1.0,3.4,5.4,,0.8,1.2,,4.8,3.0,4.0,3.6,0.3678571428571428,0.0097807599554516,0.3910714285714286,0.0635749397104205,0.0660714285714285,0.0048903799777253,0.0,0.0,0.0,0.0,0.2732142857142857,0.0537941797549716,0.0428571428571428,0.0586845597326964,0.0517857142857142,0.014671139933174,0.3438571428571428,0.0426441134057591,21.6,6.022181221672643,9.4,8.4,2.1,0.0,0.0,0.7,1.0,0.9,4.2,6.2,,1.0,1.5,,3.8,4.6,3.3,4.2,0.4529761904761905,0.1479858154935856,0.414345238095238,0.1216889898223094,0.1001785714285714,0.0471413289394761,0.0,0.0,0.0,0.0,0.3013690476190476,0.0724995312073067,0.0521428571428571,0.0724568837309472,0.0394642857142857,0.0332849351022636,0.3637761904761905,0.0514791722294309,20.92,7.801379310344826,7.280137931034483,1.33751724137931,0.0721379310344827,0.6011494252873563,1.3225287356321835,0.7213793103448275,16.41903448275862,15.08151724137931,9.138896551724136,8.617655172413793,1.92367816091954,7.801379310344826,7.280137931034483,1.33751724137931,0.0721379310344827,16.41903448275862,0.6011494252873563,1.3225287356321835,0.7213793103448275
4068104,Peyton Williams,PHX,2026-05-25,0.0,15.0,0.0,0.0,10.0,0,0,0,0,0,0,0,0,0,0,,0,0,,0,0,0,0,0.0,,,,,,,,,,0.0,0.0,0.0,0.0,0.0,0.0,0.0,0.0,0.0,0.0,0.0,0.0,0.0,,0.0,0.0,,0.0,0.0,0.0,0.0,,,,,,,,,,,,,,,,,,,2.4,3.286335345030997,0.0,0.0,0.8,0.0,0.0,0.0,0.4,0.0,0.0,0.4,,0.0,0.0,,0.0,0.0,0.0,-0.4,0.0,0.0,0.0,0.0,0.3333333333333333,0.0,0.0,0.0,0.0,0.0,0.1666666666666666,0.0,0.0,0.0,0.0,0.0,0.1666666666666666,0.0,4.333333333333333,3.278719262151,1.0,0.0,0.6666666666666666,0.3333333333333333,0.3333333333333333,0.0,0.6666666666666666,0.0,0.3333333333333333,0.6666666666666666,,0.0,0.3333333333333333,,0.0,0.0,0.0,1.3333333333333333,0.2142857142857142,0.2347382389307854,0.0,0.0,0.1666666666666666,0.1825741858350553,0.0714285714285714,0.0782460796435951,0.0714285714285714,0.0782460796435951,0.1547619047619047,0.0130410132739325,0.0714285714285714,0.0782460796435951,0.0,0.0,0.1861904761904761,0.0213872617692493,7.3,0.2,0.0,0.4133333333333333,0.0666666666666666,0.1606,0.1314,0.438,0.6133333333333333,0.2,0.6133333333333333,0.4133333333333333,0.292,0.2,0.0,0.4133333333333333,0.0666666666666666,0.6133333333333333,0.1606,0.1314,0.438
4281223,Aisha Sheppard,PHX,2026-05-25,0.0,26.0,0.0,0.0,7.0,2,0,2,0,0,1,0,0,0,0,,2,2,,0,0,1,8,7.0,0.2857142857142857,0.0,0.2857142857142857,0.0,0.0,0.0,0.2857142857142857,0.0,0.1257142857142857,0.0,7.0,0.0,2.0,0.0,2.0,0.0,0.0,1.0,0.0,0.0,0.0,0.0,,2.0,2.0,,0.0,0.0,1.0,8.0,0.2857142857142857,0.0,0.0,0.0,0.2857142857142857,0.0,0.0,0.0,0.0,0.0,0.0,0.0,0.2857142857142857,0.0,0.0,0.0,0.1257142857142857,0.0,6.6,0.5477225575051661,2.4,0.4,1.2,0.0,0.4,0.6,0.0,0.4,0.4,0.8,,1.6,1.6,,0.0,0.4,1.0,1.6,0.3714285714285714,0.1173691194653927,0.0666666666666666,0.0912870929175276,0.1714285714285714,0.1564921592871903,0.0,0.0,0.0666666666666666,0.0912870929175276,0.1333333333333333,0.1825741858350553,0.238095238095238,0.0652050663696626,0.0666666666666666,0.0912870929175276,0.3047619047619048,0.2451710495499315,6.5,0.5477225575051661,2.5,0.5,1.0,0.0,0.5,0.5,0.0,0.5,0.5,1.0,,1.5,1.5,,0.0,0.5,1.0,0.0,0.3928571428571428,0.1173691194653927,0.0833333333333333,0.0912870929175276,0.1428571428571428,0.1564921592871903,0.0,0.0,0.0833333333333333,0.0912870929175276,0.1666666666666666,0.1825741858350553,0.2261904761904762,0.0652050663696626,0.0833333333333333,0.0912870929175276,0.3495238095238095,0.2451710495499315,8.0,2.24,0.24,1.5199999999999998,0.0,0.176,0.144,0.48,4.0,2.4799999999999995,3.76,1.7599999999999998,0.3199999999999999,2.24,0.24,1.5199999999999998,0.0,3.999999999999999,0.176,0.144,0.48
4282168,Kiana Williams,PHX,2026-05-25,0.0,1.0,9.0,15.0,28.0,3,1,1,0,4,1,1,1,0,5,,3,3,,0,1,3,1,20.0,0.15,0.05,0.05,0.0,0.2,0.25,0.15,0.05,0.366,0.0,20.0,0.0,3.0,1.0,1.0,0.0,4.0,1.0,1.0,1.0,0.0,5.0,,3.0,3.0,,0.0,1.0,3.0,1.0,0.15,0.0,0.05,0.0,0.05,0.0,0.0,0.0,0.2,0.0,0.25,0.0,0.15,0.0,0.05,0.0,0.366,0.0,16.4,4.9295030175464944,3.0,0.6,1.0,0.4,2.8,0.6,0.6,1.0,0.4,3.8,,1.8,1.8,,0.0,0.6,2.2,-0.2,0.199090909090909,0.0672204956938154,0.03,0.0273861278752582,0.0663636363636363,0.0224068318979385,0.0363636363636363,0.0497929597731968,0.1563636363636363,0.0597515517278365,0.2227272727272727,0.0373447198298979,0.09,0.0821583836257749,0.0663636363636363,0.0224068318979384,0.328690909090909,0.0510875767273002,13.7,4.498147766951785,4.1,0.3,0.6,0.6,2.5,0.3,0.3,0.8,1.2,4.0,,1.1,1.1,,0.0,0.3,1.5,2.1,0.3268181818181818,0.1843524973557394,0.015,0.0241522945769823,0.0422727272727272,0.0400327001323893,0.0522727272727272,0.0450953823674468,0.1747727272727272,0.0686887718839121,0.2920454545454546,0.1488448403586009,0.0699999999999999,0.0948683298050513,0.0672727272727272,0.0741898391385569,0.3901181818181818,0.0990575242621559,16.261999999999997,4.772714285714285,0.5866897959183672,0.7662530612244898,0.9005061224489794,0.6637551020408161,0.165938775510204,0.9956326530612244,6.125657142857142,5.359404081632652,5.538967346938774,1.352942857142857,0.8296938775510201,4.772714285714285,0.5866897959183672,0.7662530612244898,0.9005061224489794,6.125657142857142,0.6637551020408161,0.165938775510204,0.9956326530612244
4597505,Lauren Jensen,PHX,2026-05-25,0.0,26.0,0.0,0.0,7.0,2,1,0,0,0,0,0,1,1,1,,0,0,,0,1,2,-2,9.0,0.2222222222222222,0.1111111111111111,0.0,0.0,0.0,0.1111111111111111,0.0,0.1111111111111111,0.2222222222222222,0.0,9.0,0.0,2.0,1.0,0.0,0.0,0.0,0.0,0.0,1.0,1.0,1.0,,0.0,0.0,,0.0,1.0,2.0,-2.0,0.2222222222222222,0.0,0.1111111111111111,0.0,0.0,0.0,0.0,0.0,0.0,0.0,0.1111111111111111,0.0,0.0,0.0,0.1111111111111111,0.0,0.2222222222222222,0.0,11.8,3.8340579025361614,3.6,1.0,1.2,0.0,0.8,0.0,0.0,1.0,1.0,2.2,,1.6,1.6,,0.0,1.0,2.4,-4.8,0.2833333333333333,0.0836798351744004,0.0916666666666666,0.0266254021009455,0.075,0.1026979795322186,0.0,0.0,0.05,0.0684653196881457,0.1666666666666666,0.076072577431273,0.1,0.1369306393762915,0.0916666666666666,0.0266254021009455,0.3023333333333333,0.1096966566558957,12.5,3.8340579025361614,4.0,1.0,1.5,0.0,1.0,0.0,0.0,1.0,1.0,2.5,,2.0,2.0,,0.0,1.0,2.5,-5.5,0.2986111111111111,0.0836798351744003,0.0868055555555555,0.0266254021009455,0.09375,0.1026979795322186,0.0,0.0,0.0625,0.0684653196881457,0.1805555555555555,0.076072577431273,0.125,0.1369306393762915,0.0868055555555555,0.0266254021009455,0.3223611111111111,0.1096966566558957,10.68,2.96,1.0,0.72,0.0,0.2349599999999999,0.19224,0.6407999999999999,4.68,3.96,3.68,1.72,0.4271999999999999,2.96,1.0,0.72,0.0,4.68,0.2349599999999999,0.19224,0.6407999999999999
4599199,Morgan Maly,PHX,2026-05-25,0.0,26.0,0.0,0.0,7.0,2,3,0,0,2,1,0,0,1,4,,0,0,,3,0,0,6,13.0,0.1538461538461538,0.2307692307692307,0.0,0.0,0.1538461538461538,0.3076923076923077,0.0,0.0,0.3076923076923077,0.0,13.0,0.0,2.0,3.0,0.0,0.0,2.0,1.0,0.0,0.0,1.0,4.0,,0.0,0.0,,3.0,0.0,0.0,6.0,0.1538461538461538,0.0,0.2307692307692307,0.0,0.0,0.0,0.0,0.0,0.1538461538461538,0.0,0.3076923076923077,0.0,0.0,0.0,0.0,0.0,0.3076923076923077,0.0,14.6,2.1908902300206647,2.0,2.2,0.4,0.0,2.0,1.0,0.0,0.0,0.6,3.6,,0.8,0.8,,1.8,0.4,0.8,3.6,0.139366515837104,0.0198270609051643,0.1619909502262443,0.0941785392995308,0.0235294117647058,0.0322189739708921,0.0,0.0,0.139366515837104,0.0198270609051643,0.2552036199095022,0.0718730957812208,0.0470588235294117,0.0644379479417842,0.0,0.0,0.2759095022624434,0.0435203986868358,15.0,2.1908902300206647,2.0,2.0,0.5,0.0,2.0,1.0,0.0,0.0,0.5,3.5,,1.0,1.0,,1.5,0.5,1.0,3.0,0.1357466063348416,0.0198270609051643,0.1447963800904977,0.0941785392995308,0.0294117647058823,0.0322189739708921,0.0,0.0,0.1357466063348416,0.0198270609051643,0.2420814479638009,0.0718730957812208,0.0588235294117647,0.0644379479417842,0.0,0.0,0.2679638009049774,0.0435203986868358,13.96,2.0,2.52,0.24,0.0,0.3071199999999999,0.2512799999999999,0.8375999999999999,4.76,4.52,2.24,2.76,0.5583999999999999,2.0,2.52,0.24,0.0,4.76,0.3071199999999999,0.2512799999999999,0.8375999999999999
4667986,Lee-Seul Kang,PHX,2026-05-25,0.0,26.0,0.0,0.0,4.0,0,0,0,0,0,0,0,0,0,0,,0,0,,0,0,0,0,0.0,,,,,,,,,,0.0,0.0,0.0,0.0,0.0,0.0,0.0,0.0,0.0,0.0,0.0,0.0,0.0,,0.0,0.0,,0.0,0.0,0.0,0.0,,,,,,,,,,,,,,,,,,,0.0,0.0,0.0,0.0,0.0,0.0,0.0,0.0,0.0,0.0,0.0,0.0,,0.0,0.0,,0.0,0.0,0.0,0.0,,,,,,,,,,,,,,,,,,,0.0,0.0,0.0,0.0,0.0,0.0,0.0,0.0,0.0,0.0,0.0,0.0,,0.0,0.0,,0.0,0.0,0.0,0.0,,,,,,,,,,,,,,,,,,,8.0,0.0,0.0,0.0,0.0,0.176,0.144,0.48,0.0,0.0,0.0,0.0,0.3199999999999999,0.0,0.0,0.0,0.0,0.0,0.176,0.144,0.48
4688629,Shay Ciezki,PHX,2026-05-25,0.0,26.0,0.0,0.0,7.0,8,0,3,1,2,0,0,1,2,4,,3,3,,0,0,2,6,8.0,1.0,0.0,0.375,0.125,0.25,0.5,0.375,0.125,0.79,0.0,8.0,0.0,8.0,0.0,3.0,1.0,2.0,0.0,0.0,1.0,2.0,4.0,,3.0,3.0,,0.0,0.0,2.0,6.0,1.0,0.0,0.0,0.0,0.375,0.0,0.125,0.0,0.25,0.0,0.5,0.0,0.375,0.0,0.125,0.0,0.79,0.0,8.0,0.0,5.6,0.0,3.4,0.6,1.6,0.0,0.0,1.0,1.6,3.2,,1.8,1.8,,0.0,0.0,1.6,2.0,0.7,0.4107919181288746,0.0,0.0,0.425,0.0684653196881457,0.075,0.0684653196881457,0.2,0.0684653196881457,0.4,0.1369306393762915,0.225,0.2053959590644373,0.125,0.0,0.624,0.2273048613646439,8.0,0.0,5.0,0.0,3.5,0.5,1.5,0.0,0.0,1.0,1.5,3.0,,1.5,1.5,,0.0,0.0,1.5,1.0,0.625,0.4107919181288746,0.0,0.0,0.4375,0.0684653196881457,0.0625,0.0684653196881457,0.1875,0.0684653196881457,0.375,0.1369306393762915,0.1875,0.2053959590644373,0.125,0.0,0.5825,0.2273048613646439,8.0,6.56,0.0,3.24,0.7599999999999999,0.176,0.144,0.48,9.8,6.56,9.8,3.24,0.3199999999999999,6.56,0.0,3.24,0.7599999999999999,9.8,0.176,0.144,0.48
4698730,Kara Dunn,PHX,2026-05-25,0.0,26.0,0.0,0.0,7.0,0,0,0,0,0,0,0,0,0,0,,0,0,,0,0,0,0,0.0,,,,,,,,,,0.0,0.0,0.0,0.0,0.0,0.0,0.0,0.0,0.0,0.0,0.0,0.0,0.0,,0.0,0.0,,0.0,0.0,0.0,0.0,,,,,,,,,,,,,,,,,,,4.8,6.572670690061994,5.2,1.2,0.4,1.2,1.2,0.0,0.0,0.4,1.6,1.6,,0.8,0.8,,0.8,0.4,0.4,0.4,1.0833333333333333,0.0,0.25,0.0,0.0833333333333333,0.0,0.25,0.0,0.25,0.0,0.3333333333333333,0.0,0.1666666666666666,0.0,0.0833333333333333,0.0,0.49,0.0,6.0,6.572670690061994,6.5,1.5,0.5,1.5,1.5,0.0,0.0,0.5,2.0,2.0,,1.0,1.0,,1.0,0.5,0.5,0.5,1.0833333333333333,0.0,0.25,0.0,0.0833333333333333,0.0,0.25,0.0,0.25,0.0,0.3333333333333333,0.0,0.1666666666666666,0.0,0.0833333333333333,0.0,0.49,0.0,8.0,3.12,0.72,0.24,0.72,0.176,0.144,0.48,4.08,3.84,3.3600000000000003,0.96,0.3199999999999999,3.12,0.72,0.24,0.72,4.08,0.176,0.144,0.48
4704594,Marta Suarez,PHX,2026-05-25,0.0,1.0,6.0,6.0,10.0,0,3,0,0,0,0,0,0,0,0,,0,0,,0,3,0,-2,10.0,0.0,0.3,0.0,0.0,0.0,0.0,0.0,0.0,0.0,0.0,10.0,0.0,0.0,3.0,0.0,0.0,0.0,0.0,0.0,0.0,0.0,0.0,,0.0,0.0,,0.0,3.0,0.0,-2.0,0.0,0.0,0.3,0.0,0.0,0.0,0.0,0.0,0.0,0.0,0.0,0.0,0.0,0.0,0.0,0.0,0.0,0.0,9.6,0.5477225575051653,2.4,2.2,0.0,0.8,1.6,0.4,0.0,0.0,0.8,1.6,,0.0,0.0,,0.0,2.2,2.4,-6.4,0.2666666666666666,0.3651483716701107,0.2244444444444444,0.1034587053065313,0.0,0.0,0.0888888888888888,0.1217161238900369,0.1777777777777777,0.2434322477800737,0.1777777777777777,0.2434322477800738,0.0,0.0,0.0,0.0,0.1777777777777777,0.2434322477800738,11.0,2.29128784747792,3.6666666666666665,2.333333333333333,0.3333333333333333,1.0,2.333333333333333,0.6666666666666666,0.0,0.0,1.3333333333333333,3.0,,0.0,0.0,,0.0,2.333333333333333,2.0,-4.333333333333333,0.3412698412698412,0.2889205023693237,0.2084656084656084,0.0819076842102025,0.0238095238095238,0.0357142857142857,0.0978835978835978,0.0982493524058726,0.2195767195767195,0.1924909973910301,0.2671957671957672,0.2039311929766602,0.0,0.0,0.0,0.0,0.2671957671957672,0.2039311929766602,9.864,1.5733333333333333,2.586666666666667,0.0666666666666666,0.48,0.2170079999999999,0.1775519999999999,0.5918399999999999,4.226666666666667,4.16,1.64,2.6533333333333338,0.3945599999999999,1.5733333333333333,2.586666666666667,0.0666666666666666,0.48,4.226666666666667,0.2170079999999999,0.1775519999999999,0.5918399999999999
4873359,Kyara Linskens,PHX,2026-05-25,0.0,1.0,9.0,15.0,25.0,10,2,0,1,2,1,2,1,3,4,,3,3,,0,2,1,5,12.0,0.8333333333333334,0.1666666666666666,0.0,0.0833333333333333,0.1666666666666666,0.3333333333333333,0.25,0.0833333333333333,0.5266666666666667,0.0,12.0,0.0,10.0,2.0,0.0,1.0,2.0,1.0,2.0,1.0,3.0,4.0,,3.0,3.0,,0.0,2.0,1.0,5.0,0.8333333333333334,0.0,0.1666666666666666,0.0,0.0,0.0,0.0833333333333333,0.0,0.1666666666666666,0.0,0.3333333333333333,0.0,0.25,0.0,0.0833333333333333,0.0,0.5266666666666667,0.0,7.2,6.572670690061994,6.0,1.2,0.0,0.6,1.2,0.6,1.2,0.6,1.8,2.4,,1.8,1.8,,0.0,1.2,0.6,3.0,0.8333333333333334,0.0,0.1666666666666666,0.0,0.0,0.0,0.0833333333333333,0.0,0.1666666666666666,0.0,0.3333333333333333,0.0,0.25,0.0,0.0833333333333333,0.0,0.5266666666666667,0.0,5.3,5.1865209919559785,3.6,1.5,0.1,0.3,0.8,0.3,0.7,0.4,0.9,1.7,,1.5,1.5,,0.7,0.8,0.9,-0.8,0.6428571428571429,0.2954684201426393,0.4107142857142857,0.2504955406250096,0.0178571428571428,0.0472455591261534,0.0357142857142857,0.0445435403187374,0.1071428571428571,0.104463861754668,0.3214285714285714,0.0314970394174357,0.3928571428571428,0.2709477780176438,0.0535714285714285,0.052231930877334,0.5478571428571428,0.0911587660892834,8.987,5.324533333333333,1.9461222222222223,0.3075666666666666,0.5875666666666666,0.6657037037037037,0.6657037037037037,0.3328518518518518,7.578222222222221,7.270655555555555,5.632099999999999,2.253688888888889,1.3314074074074074,5.324533333333333,1.9461222222222223,0.3075666666666666,0.5875666666666666,7.578222222222221,0.6657037037037037,0.6657037037037037,0.3328518518518518
5107404,Sha Carter,PHX,2026-05-25,0.0,1.0,9.0,15.0,28.0,0,0,0,0,0,0,0,0,0,0,,0,0,,0,0,0,0,0.0,,,,,,,,,,0.0,0.0,0.0,0.0,0.0,0.0,0.0,0.0,0.0,0.0,0.0,0.0,0.0,,0.0,0.0,,0.0,0.0,0.0,0.0,,,,,,,,,,,,,,,,,,,0.0,0.0,0.0,0.0,0.0,0.0,0.0,0.0,0.0,0.0,0.0,0.0,,0.0,0.0,,0.0,0.0,0.0,-1.2,,,,,,,,,,,,,,,,,,,0.0,0.0,0.0,0.0,0.0,0.0,0.0,0.0,0.0,0.0,0.0,0.0,,0.0,0.0,,0.0,0.0,0.0,-0.9,,,,,,,,,,,,,,,,,,,8.35,0.0,0.0,0.0,0.0,0.1836999999999999,0.1503,0.501,0.0,0.0,0.0,0.0,0.3339999999999999,0.0,0.0,0.0,0.0,0.0,0.1836999999999999,0.1503,0.501
5107506,Maggie Doogan,PHX,2026-05-25,0.0,26.0,0.0,0.0,7.0,0,3,0,0,2,0,0,1,0,4,,0,0,,2,1,0,7,4.0,0.0,0.75,0.0,0.0,0.5,1.0,0.0,0.25,1.25,0.0,4.0,0.0,0.0,3.0,0.0,0.0,2.0,0.0,0.0,1.0,0.0,4.0,,0.0,0.0,,2.0,1.0,0.0,7.0,0.0,0.0,0.75,0.0,0.0,0.0,0.0,0.0,0.5,0.0,1.0,0.0,0.0,0.0,0.25,0.0,1.25,0.0,5.6,2.1908902300206647,0.8,1.8,0.0,0.0,1.2,0.0,0.0,0.6,0.0,2.4,,0.8,0.8,,1.2,0.6,0.0,4.6,0.1,0.1369306393762915,0.45,0.4107919181288746,0.0,0.0,0.0,0.0,0.3,0.273861278752583,0.6,0.5477225575051661,0.1,0.1369306393762915,0.15,0.1369306393762915,0.794,0.6244037155558895,6.0,2.1908902300206647,1.0,1.5,0.0,0.0,1.0,0.0,0.0,0.5,0.0,2.0,,1.0,1.0,,1.0,0.5,0.0,4.0,0.125,0.1369306393762915,0.375,0.4107919181288746,0.0,0.0,0.0,0.0,0.25,0.273861278752583,0.5,0.5477225575051661,0.125,0.1369306393762915,0.125,0.1369306393762915,0.68,0.6244037155558894,8.0,0.48,2.28,0.0,0.0,0.176,0.144,0.48,2.76,2.76,0.48,2.28,0.3199999999999999,0.48,2.28,0.0,0.0,2.76,0.176,0.144,0.48
5107834,Yarden Garzon,PHX,2026-05-25,0.0,26.0,0.0,0.0,7.0,0,0,0,0,0,0,0,0,0,0,,0,0,,0,0,0,0,0.0,,,,,,,,,,0.0,0.0,0.0,0.0,0.0,0.0,0.0,0.0,0.0,0.0,0.0,0.0,0.0,,0.0,0.0,,0.0,0.0,0.0,0.0,,,,,,,,,,,,,,,,,,,0.0,0.0,0.0,0.0,0.0,0.0,0.0,0.0,0.0,0.0,0.0,0.0,,0.0,0.0,,0.0,0.0,0.0,0.0,,,,,,,,,,,,,,,,,,,0.0,0.0,0.0,0.0,0.0,0.0,0.0,0.0,0.0,0.0,0.0,0.0,,0.0,0.0,,0.0,0.0,0.0,0.0,,,,,,,,,,,,,,,,,,,8.0,0.0,0.0,0.0,0.0,0.176,0.144,0.48,0.0,0.0,0.0,0.0,0.3199999999999999,0.0,0.0,0.0,0.0,0.0,0.176,0.144,0.48
5274110,Monique Akoa Makani,PHX,2026-05-25,0.0,1.0,3.0,3.0,7.0,0,0,0,0,0,0,0,0,0,0,,0,0,,0,0,0,0,0.0,,,,,,,,,,0.0,0.0,0.0,0.0,0.0,0.0,0.0,0.0,0.0,0.0,0.0,0.0,0.0,,0.0,0.0,,0.0,0.0,0.0,0.0,,,,,,,,,,,,,,,,,,,0.0,0.0,0.0,0.0,0.0,0.0,0.0,0.0,0.0,0.0,0.0,0.0,,0.0,0.0,,0.0,0.0,0.0,0.0,,,,,,,,,,,,,,,,,,,0.0,0.0,0.0,0.0,0.0,0.0,0.0,0.0,0.0,0.0,0.0,0.0,,0.0,0.0,,0.0,0.0,0.0,0.0,,,,,,,,,,,,,,,,,,,8.0,0.0,0.0,0.0,0.0,0.176,0.144,0.48,0.0,0.0,0.0,0.0,0.3199999999999999,0.0,0.0,0.0,0.0,0.0,0.176,0.144,0.48
5345524,Noemie Brochant,PHX,2026-05-25,0.0,1.0,9.0,15.0,25.0,6,5,2,0,2,2,1,1,3,7,,0,0,,2,3,2,0,31.0,0.1935483870967742,0.1612903225806451,0.064516129032258,0.0,0.064516129032258,0.2258064516129032,0.0,0.032258064516129,0.2580645161290322,0.0,31.0,0.0,6.0,5.0,2.0,0.0,2.0,2.0,1.0,1.0,3.0,7.0,,0.0,0.0,,2.0,3.0,2.0,0.0,0.1935483870967742,0.0,0.1612903225806451,0.0,0.064516129032258,0.0,0.0,0.0,0.064516129032258,0.0,0.2258064516129032,0.0,0.0,0.0,0.032258064516129,0.0,0.2580645161290322,0.0,24.6,8.763560920082659,3.6,4.2,1.6,0.0,2.0,1.2,1.0,1.4,1.8,5.8,,0.0,0.0,,1.6,2.6,1.6,-1.6,0.1161290322580645,0.1060108175816447,0.1767741935483871,0.021202163516329,0.0653763440860215,0.0011778979731296,0.0,0.0,0.0920430107526881,0.0376927351401404,0.2421505376344085,0.0223800614894584,0.0,0.0,0.0726881720430107,0.0553612047370813,0.3148387096774193,0.0777412662265397,22.4,7.720103626247515,3.5,3.8,0.9,0.3,1.8,0.6,0.9,0.9,1.6,4.6,,0.0,0.0,,1.3,2.5,1.5,-2.7,0.1362463343108504,0.0941689672589279,0.1745689149560117,0.0187334965146586,0.0393548387096774,0.0338826287032931,0.012,0.0193218356615858,0.0833548387096774,0.0415532251537322,0.20483284457478,0.059440460170308,0.0,0.0,0.0496774193548387,0.059419994366607,0.2545102639296188,0.1140670377012328,23.976,5.235625,3.814975,1.10555,0.5859375,0.5619375,0.5619375,0.74925,10.15615,9.0506,6.341175,4.920525,1.123875,5.235625,3.814975,1.10555,0.5859375,10.15615,0.5619375,0.5619375,0.74925
3056730,Karlie Samuelson,POR,2026-05-25,0.0,2.0,6.0,6.0,13.0,0,0,0,0,0,0,0,0,0,0,,0,0,,0,0,0,0,0.0,,,,,,,,,,0.0,0.0,0.0,0.0,0.0,0.0,0.0,0.0,0.0,0.0,0.0,0.0,0.0,,0.0,0.0,,0.0,0.0,0.0,0.0,,,,,,,,,,,,,,,,,,,0.0,0.0,0.0,0.0,0.0,0.0,0.0,0.0,0.0,0.0,0.0,0.0,,0.0,0.0,,0.0,0.0,0.0,0.0,,,,,,,,,,,,,,,,,,,0.0,0.0,0.0,0.0,0.0,0.0,0.0,0.0,0.0,0.0,0.0,0.0,,0.0,0.0,,0.0,0.0,0.0,0.0,,,,,,,,,,,,,,,,,,,8.0,0.0,0.0,0.0,0.0,0.176,0.144,0.48,0.0,0.0,0.0,0.0,0.3199999999999999,0.0,0.0,0.0,0.0,0.0,0.176,0.144,0.48
3906972,Bridget Carleton,POR,2026-05-25,0.0,2.0,9.0,15.0,25.0,15,2,3,4,8,2,0,2,5,10,,1,2,,0,2,5,25,28.0,0.5357142857142857,0.0714285714285714,0.1071428571428571,0.1428571428571428,0.2857142857142857,0.3571428571428571,0.0714285714285714,0.0714285714285714,0.46,0.0,28.0,0.0,15.0,2.0,3.0,4.0,8.0,2.0,0.0,2.0,5.0,10.0,,1.0,2.0,,0.0,2.0,5.0,25.0,0.5357142857142857,0.0,0.0714285714285714,0.0,0.1071428571428571,0.0,0.1428571428571428,0.0,0.2857142857142857,0.0,0.3571428571428571,0.0,0.0714285714285714,0.0,0.0714285714285714,0.0,0.46,0.0,26.8,1.643167672515497,15.4,2.4,1.8,3.2,7.2,2.4,0.0,1.2,5.4,11.2,,1.4,2.0,,0.0,2.4,4.2,6.6,0.5774285714285714,0.0571196381398244,0.0908571428571428,0.0266036670788224,0.0642857142857142,0.0586845597326963,0.1177142857142857,0.0344282750431818,0.2674285714285714,0.0250387454859505,0.4222857142857143,0.0892005307936985,0.0748571428571428,0.0046947647786158,0.0428571428571428,0.0391230398217975,0.49808,0.0521431874744919,28.3,3.4976182372199207,15.8,3.5,2.0,2.6,6.9,2.5,0.3,1.3,5.2,11.6,,2.8,3.1,,0.2,3.3,3.2,0.8,0.5603506493506493,0.0632480732681791,0.1228831168831168,0.0426536981799805,0.0674155844155844,0.0473562781465119,0.093038961038961,0.0354044737135196,0.2453506493506493,0.0303951270055238,0.4162337662337663,0.0757494367922349,0.1039740259740259,0.054948152729554,0.0436103896103896,0.0314585183232287,0.5055927272727273,0.0389987015551474,28.116,15.718220689655174,2.6241793103448274,2.1154206896551724,3.121131034482759,2.262206896551724,0.3231724137931034,0.8079310344827586,20.457820689655172,18.3424,17.833641379310347,4.739599999999999,2.585379310344828,15.718220689655174,2.6241793103448274,2.1154206896551724,3.121131034482759,20.45782068965517,2.262206896551724,0.3231724137931034,0.8079310344827586
3934218,Megan Gustafson,POR,2026-05-25,0.0,2.0,9.0,15.0,25.0,14,4,0,2,3,0,1,0,6,8,,0,0,,2,2,3,-1,20.0,0.7,0.2,0.0,0.1,0.15,0.4,0.0,0.0,0.4,0.0,20.0,0.0,14.0,4.0,0.0,2.0,3.0,0.0,1.0,0.0,6.0,8.0,,0.0,0.0,,2.0,2.0,3.0,-1.0,0.7,0.0,0.2,0.0,0.0,0.0,0.1,0.0,0.15,0.0,0.4,0.0,0.0,0.0,0.0,0.0,0.4,0.0,19.2,1.0954451150103484,10.0,4.8,0.0,1.2,2.6,0.4,1.4,0.0,4.4,6.8,,0.0,0.0,,1.6,3.2,3.4,-1.0,0.5088888888888888,0.2616896663635794,0.2533333333333333,0.0730296743340221,0.0,0.0,0.06,0.0547722557505166,0.1344444444444444,0.0213003216807563,0.3511111111111111,0.0669438681395203,0.0,0.0,0.0,0.0,0.3511111111111111,0.0669438681395208,15.2,5.266244708835061,7.7,3.9,0.3,0.6,1.9,0.3,0.9,0.1,3.2,5.1,,0.7,0.7,,1.0,2.9,2.6,-4.1,0.4891666666666666,0.2681589226912466,0.2564285714285714,0.0569557120648164,0.0375,0.0603807364424559,0.03,0.0483045891539647,0.1229761904761904,0.02422726566174,0.3211904761904762,0.0752933012474019,0.0660714285714285,0.0970986418983468,0.0071428571428571,0.0225876975726312,0.3574047619047619,0.1078544340542303,17.385666666666665,10.51354382022472,3.696514606741573,0.2584134831460674,1.0448269662921348,0.1953445692883895,0.5860337078651685,0.5860337078651685,14.468471910112362,14.210058426966292,10.771957303370788,3.95492808988764,0.781378277153558,10.51354382022472,3.696514606741573,0.2584134831460674,1.0448269662921348,14.46847191011236,0.1953445692883895,0.5860337078651685,0.5860337078651685
4068159,Sug Sutton,POR,2026-05-25,0.0,5.0,6.0,9.0,16.0,14,1,4,0,1,1,0,3,6,8,,2,2,,0,1,1,-9,24.0,0.5833333333333334,0.0416666666666666,0.1666666666666666,0.0,0.0416666666666666,0.3333333333333333,0.0833333333333333,0.125,0.495,0.0,24.0,0.0,14.0,1.0,4.0,0.0,1.0,1.0,0.0,3.0,6.0,8.0,,2.0,2.0,,0.0,1.0,1.0,-9.0,0.5833333333333334,0.0,0.0416666666666666,0.0,0.1666666666666666,0.0,0.0,0.0,0.0416666666666666,0.0,0.3333333333333333,0.0,0.0833333333333333,0.0,0.125,0.0,0.495,0.0,24.4,0.5477225575051655,13.2,1.0,4.4,0.4,1.4,1.0,0.0,2.6,5.2,8.8,,2.4,2.8,,0.4,0.6,1.0,-1.4,0.542,0.056597997608867,0.0409999999999999,0.0009128709291757,0.18,0.0182574185835051,0.0159999999999999,0.0219089023002066,0.0569999999999999,0.0209960313710315,0.36,0.0365148371670111,0.114,0.0419920627420626,0.107,0.0246475150877324,0.5171600000000001,0.0303438296857862,20.7,7.587270040447134,10.2,1.5,5.1,0.6,2.4,0.6,0.0,1.8,3.9,9.3,,1.8,3.0,,0.3,1.2,1.5,-4.2,0.4877777777777778,0.079599692908397,0.0772222222222222,0.0545881041172077,0.2555555555555556,0.1092906420717,0.03,0.0229128784747791,0.1238888888888888,0.0960287861934002,0.4611111111111111,0.1445779297741456,0.1477777777777777,0.0513430726691645,0.085,0.032691742076555,0.6111333333333334,0.134801669129132,23.312,12.07624347826087,1.4535652173913045,5.190121739130435,0.5094260869565216,0.6757101449275361,0.0,2.027130434782608,18.71993043478261,13.529808695652177,17.266365217391304,6.643686956521739,0.6757101449275361,12.07624347826087,1.4535652173913045,5.190121739130435,0.5094260869565216,18.71993043478261,0.6757101449275361,0.0,2.027130434782608
4068346,Kamiah Smalls,POR,2026-05-25,0.0,5.0,3.0,9.0,16.0,0,0,0,0,0,0,0,0,0,0,,0,0,,0,0,0,0,0.0,,,,,,,,,,0.0,0.0,0.0,0.0,0.0,0.0,0.0,0.0,0.0,0.0,0.0,0.0,0.0,,0.0,0.0,,0.0,0.0,0.0,0.0,,,,,,,,,,,,,,,,,,,6.4,8.763560920082659,0.8,0.0,1.6,0.0,0.8,0.0,0.0,0.8,0.4,1.2,,0.0,0.0,,0.0,0.0,0.4,-2.8,0.125,0.0,0.0,0.0,0.25,0.0,0.0,0.0,0.125,0.0,0.1875,0.0,0.0,0.0,0.125,0.0,0.3125,0.0,9.0,7.788880963698614,4.5,0.0,1.8,1.2,2.1,0.0,0.0,1.2,1.5,3.0,,0.3,0.3,,0.0,0.0,0.6,-5.7,0.5267857142857143,0.4401341979952227,0.0,0.0,0.1964285714285714,0.0586845597326963,0.1428571428571428,0.1564921592871903,0.2410714285714285,0.1271498794208421,0.34375,0.1711632992203644,0.0357142857142857,0.0391230398217975,0.1339285714285714,0.0097807599554494,0.4933928571428572,0.1981581966974047,10.45,1.18,0.0,0.92,0.24,0.2298999999999999,0.1880999999999999,0.6269999999999999,2.1,1.18,2.1,0.92,0.4179999999999999,1.18,0.0,0.92,0.24,2.1,0.2298999999999999,0.1880999999999999,0.6269999999999999
4280877,Chloe Bibby,POR,2026-05-25,0.0,22.0,0.0,0.0,7.0,0,1,0,0,0,0,0,0,0,1,,0,0,,0,1,0,12,16.0,0.0,0.0625,0.0,0.0,0.0,0.0625,0.0,0.0,0.0625,0.0,16.0,0.0,0.0,1.0,0.0,0.0,0.0,0.0,0.0,0.0,0.0,1.0,,0.0,0.0,,0.0,1.0,0.0,12.0,0.0,0.0,0.0625,0.0,0.0,0.0,0.0,0.0,0.0,0.0,0.0625,0.0,0.0,0.0,0.0,0.0,0.0625,0.0,9.6,8.763560920082657,0.0,0.6,0.0,0.0,0.0,0.0,0.0,0.0,0.0,0.6,,0.0,0.0,,0.0,0.6,0.0,7.2,0.0,0.0,0.0625,0.0,0.0,0.0,0.0,0.0,0.0,0.0,0.0625,0.0,0.0,0.0,0.0,0.0,0.0625,0.0,8.0,8.763560920082657,0.0,0.5,0.0,0.0,0.0,0.0,0.0,0.0,0.0,0.5,,0.0,0.0,,0.0,0.5,0.0,6.0,0.0,0.0,0.0625,0.0,0.0,0.0,0.0,0.0,0.0,0.0,0.0625,0.0,0.0,0.0,0.0,0.0,0.0625,0.0,12.159999999999998,0.0,0.7599999999999999,0.0,0.0,0.2675199999999999,0.2188799999999999,0.7295999999999999,0.7599999999999999,0.7599999999999999,0.0,0.7599999999999999,0.4863999999999999,0.0,0.7599999999999999,0.0,0.0,0.7599999999999999,0.2675199999999999,0.2188799999999999,0.7295999999999999
4398729,Emily Engstler,POR,2026-05-25,0.0,2.0,9.0,15.0,25.0,16,7,0,1,3,2,4,3,5,8,,5,5,,1,6,4,15,22.0,0.7272727272727273,0.3181818181818182,0.0,0.0454545454545454,0.1363636363636363,0.3636363636363636,0.2272727272727272,0.1363636363636363,0.6,0.0,22.0,0.0,16.0,7.0,0.0,1.0,3.0,2.0,4.0,3.0,5.0,8.0,,5.0,5.0,,1.0,6.0,4.0,15.0,0.7272727272727273,0.0,0.3181818181818182,0.0,0.0,0.0,0.0454545454545454,0.0,0.1363636363636363,0.0,0.3636363636363636,0.0,0.2272727272727272,0.0,0.1363636363636363,0.0,0.6,0.0,21.6,0.5477225575051453,11.6,5.0,0.0,1.0,3.0,1.2,2.4,2.2,3.8,8.8,,3.0,3.0,,0.6,4.4,3.2,-1.8,0.5316017316017316,0.2679335454462501,0.229004329004329,0.122111306110459,0.0,0.0,0.0463203463203463,0.0011855466612658,0.1389610389610389,0.0035566399837996,0.4086580086580086,0.0616484263858628,0.1363636363636363,0.1244823994329922,0.1008658008658008,0.0486074131119303,0.5695238095238095,0.0417312424765834,23.2,3.425395354310696,11.9,4.0,0.6,1.4,3.0,1.2,1.6,1.9,3.7,8.2,,3.1,3.2,,0.7,3.3,2.8,-2.7,0.5082194121667806,0.2027928940351325,0.1772214627477785,0.1030725360465871,0.0214285714285714,0.0345032779671177,0.059876965140123,0.0198186598686697,0.1316985645933014,0.0180555255812678,0.3637901572112098,0.0923565620024211,0.1322795625427204,0.0981628175459924,0.0818865345181134,0.0388873090594809,0.5038796992481204,0.0834099511476954,22.356666666666666,11.037007299270073,4.336160583941606,0.5375620437956203,1.2152992700729923,1.1423114355231143,1.9582481751824807,2.1214355231143545,15.9107299270073,15.373167883211678,11.574569343065694,4.8737226277372265,3.100559610705596,11.037007299270073,4.336160583941606,0.5375620437956203,1.2152992700729923,15.9107299270073,1.1423114355231143,1.9582481751824807,2.1214355231143545
4433690,Holly Winterburn,POR,2026-05-25,0.0,2.0,9.0,9.0,16.0,0,0,0,0,0,0,0,0,0,0,,0,0,,0,0,0,-3,1.0,0.0,0.0,0.0,0.0,0.0,0.0,0.0,0.0,0.0,0.0,1.0,0.0,0.0,0.0,0.0,0.0,0.0,0.0,0.0,0.0,0.0,0.0,,0.0,0.0,,0.0,0.0,0.0,-3.0,0.0,0.0,0.0,0.0,0.0,0.0,0.0,0.0,0.0,0.0,0.0,0.0,0.0,0.0,0.0,0.0,0.0,0.0,3.8,3.8340579025361614,1.6,0.8,0.4,0.0,0.4,0.0,0.0,0.4,0.4,0.8,,0.8,0.8,,0.0,0.8,0.8,-0.2,0.2,0.273861278752583,0.1,0.1369306393762915,0.05,0.0684653196881458,0.0,0.0,0.05,0.0684653196881458,0.1,0.1369306393762916,0.1,0.1369306393762915,0.05,0.0684653196881457,0.194,0.2656454403900057,9.4,7.229568912920513,3.0,1.1,1.7,0.0,1.4,0.5,0.0,0.8,1.0,2.7,,1.0,1.0,,0.0,1.1,1.4,-2.6,0.2445454545454545,0.2363681688247121,0.104090909090909,0.1058030783996233,0.1265909090909091,0.1096561360185266,0.0,0.0,0.1002272727272727,0.0755764248307968,0.1959090909090909,0.1431335763954989,0.0931818181818181,0.12189674083829,0.0665909090909091,0.0517787004769265,0.3035,0.2246690982393967,8.0,1.664,0.8,1.192,0.0,0.3333333333333333,0.0,0.6666666666666666,3.6559999999999997,2.4640000000000004,2.856,1.992,0.3333333333333333,1.664,0.8,1.192,0.0,3.6560000000000006,0.3333333333333333,0.0,0.6666666666666666
4595910,Haley Jones,POR,2026-05-25,0.0,5.0,6.0,12.0,22.0,6,3,1,0,1,0,0,0,2,4,,2,2,,1,2,2,6,13.0,0.4615384615384615,0.2307692307692307,0.0769230769230769,0.0,0.0769230769230769,0.3076923076923077,0.1538461538461538,0.0,0.3753846153846153,0.0,13.0,0.0,6.0,3.0,1.0,0.0,1.0,0.0,0.0,0.0,2.0,4.0,,2.0,2.0,,1.0,2.0,2.0,6.0,0.4615384615384615,0.0,0.2307692307692307,0.0,0.0769230769230769,0.0,0.0,0.0,0.0769230769230769,0.0,0.3076923076923077,0.0,0.1538461538461538,0.0,0.0,0.0,0.3753846153846153,0.0,12.6,0.5477225575051735,3.6,1.8,1.0,0.0,0.6,0.4,0.0,1.2,1.2,2.4,,1.2,1.2,,0.6,1.2,1.6,0.4,0.2769230769230769,0.2527950265408463,0.1384615384615384,0.1263975132704229,0.0794871794871795,0.003511042035289,0.0,0.0,0.0461538461538461,0.0421325044234743,0.1846153846153846,0.1685300176938973,0.0923076923076923,0.0842650088469487,0.1,0.1369306393762914,0.3252307692307692,0.0686759822102627,13.1,1.4491376746189428,5.4,2.3,1.3,0.0,0.7,0.6,0.0,1.6,1.8,3.4,,1.8,2.4,,0.6,1.7,1.7,-1.6,0.393006993006993,0.283894010622165,0.1746853146853147,0.1419018801027773,0.0971678321678321,0.025313002114778,0.0,0.0,0.0521678321678321,0.0367188239679148,0.2486713286713286,0.1757146602895638,0.1661538461538461,0.1747807869057706,0.124090909090909,0.1028009181504437,0.44586993006993,0.1938824920690052,12.432,5.359779310344827,2.390675862068965,1.067034482758621,0.0,0.4286896551724137,0.0,1.2860689655172413,8.817489655172412,7.750455172413792,6.426813793103447,3.457710344827586,0.4286896551724137,5.359779310344827,2.390675862068965,1.067034482758621,0.0,8.817489655172412,0.4286896551724137,0.0,1.2860689655172413
4682797,Luisa Geiselsoder,POR,2026-05-25,0.0,2.0,9.0,15.0,25.0,6,5,0,0,2,0,1,1,3,7,,0,0,,1,4,1,20,20.0,0.3,0.25,0.0,0.0,0.1,0.35,0.0,0.05,0.4,0.0,20.0,0.0,6.0,5.0,0.0,0.0,2.0,0.0,1.0,1.0,3.0,7.0,,0.0,0.0,,1.0,4.0,1.0,20.0,0.3,0.0,0.25,0.0,0.0,0.0,0.0,0.0,0.1,0.0,0.35,0.0,0.0,0.0,0.05,0.0,0.4,0.0,20.8,1.095445115010331,5.2,3.4,0.4,0.0,1.6,0.0,0.6,1.4,2.2,5.4,,0.8,0.8,,0.6,2.8,2.6,5.6,0.2527272727272727,0.0647308477051561,0.1681818181818181,0.1120341594896931,0.0181818181818181,0.0248964798865982,0.0,0.0,0.0781818181818181,0.0298757758639181,0.2645454545454545,0.1170134554670127,0.0363636363636363,0.0497929597731966,0.0663636363636363,0.0224068318979385,0.3469090909090909,0.0726977212688674,22.3,2.057506581601461,4.2,2.9,1.6,0.0,1.7,0.1,0.3,1.6,1.8,5.1,,0.6,0.6,,0.3,2.6,3.3,6.2,0.1958181818181818,0.0938711384484542,0.1353636363636363,0.0950544283693141,0.0661818181818181,0.0677119160950804,0.0,0.0,0.0767272727272727,0.0230749169149885,0.2331818181818181,0.0906321539401094,0.0272727272727272,0.0439132628672406,0.0708181818181818,0.0194575188891676,0.316,0.0597994812806306,21.589333333333336,5.778463309352517,3.9377841726618703,1.209105035971223,0.3727654676258993,0.3106378896882494,0.6212757793764988,1.087232613908873,10.925352517985612,9.716247482014388,6.987568345323741,5.146889208633093,0.9319136690647484,5.778463309352517,3.9377841726618703,1.209105035971223,0.3727654676258993,10.925352517985612,0.3106378896882494,0.6212757793764988,1.087232613908873
4703794,Sarah Ashlee Barker,POR,2026-05-25,0.0,2.0,9.0,15.0,25.0,12,3,1,1,1,0,0,0,5,6,,1,3,,1,2,2,13,19.0,0.631578947368421,0.1578947368421052,0.0526315789473684,0.0526315789473684,0.0526315789473684,0.3157894736842105,0.1578947368421052,0.0,0.3852631578947368,0.0,19.0,0.0,12.0,3.0,1.0,1.0,1.0,0.0,0.0,0.0,5.0,6.0,,1.0,3.0,,1.0,2.0,2.0,13.0,0.631578947368421,0.0,0.1578947368421052,0.0,0.0526315789473684,0.0,0.0526315789473684,0.0,0.0526315789473684,0.0,0.3157894736842105,0.0,0.1578947368421052,0.0,0.0,0.0,0.3852631578947368,0.0,19.0,0.0,10.4,4.2,1.0,0.6,1.0,0.4,0.0,0.0,3.8,6.8,,2.2,3.4,,0.6,3.6,1.6,7.8,0.5473684210526315,0.1153100121063507,0.2210526315789473,0.086482509079763,0.0526315789473684,0.0,0.031578947368421,0.0288275030265876,0.0526315789473684,0.0,0.3578947368421052,0.0576550060531754,0.1789473684210526,0.0288275030265876,0.0,0.0,0.4366315789473683,0.0703391073848733,19.8,1.0327955589886475,12.0,4.2,1.7,1.1,1.8,1.0,0.0,0.9,4.4,8.5,,2.1,3.3,,1.3,2.9,2.2,5.5,0.6015037593984962,0.2098090179093368,0.2135338345864662,0.0724537663961065,0.0839598997493734,0.0427169437319782,0.0538847117794486,0.0415743067160191,0.0887218045112781,0.0465922808566305,0.4258145363408522,0.1504754613587189,0.1676691729323308,0.0627784947111915,0.0428571428571428,0.0570104285589459,0.5424461152882205,0.1874977823081852,19.804,10.422895238095238,3.5387047619047625,1.399047619047619,1.012133333333333,0.7858730158730161,0.1571746031746032,1.2573968253968255,15.36064761904762,13.9616,11.821942857142858,4.937752380952382,0.9430476190476192,10.422895238095238,3.5387047619047625,1.399047619047619,1.012133333333333,15.36064761904762,0.7858730158730161,0.1571746031746032,1.2573968253968255
5105406,Frieda Buhner,POR,2026-05-25,0.0,2.0,6.0,12.0,22.0,5,2,1,1,2,0,0,0,1,2,,2,2,,1,1,0,-3,13.0,0.3846153846153846,0.1538461538461538,0.0769230769230769,0.0769230769230769,0.1538461538461538,0.1538461538461538,0.1538461538461538,0.0,0.2215384615384615,0.0,13.0,0.0,5.0,2.0,1.0,1.0,2.0,0.0,0.0,0.0,1.0,2.0,,2.0,2.0,,1.0,1.0,0.0,-3.0,0.3846153846153846,0.0,0.1538461538461538,0.0,0.0769230769230769,0.0,0.0769230769230769,0.0,0.1538461538461538,0.0,0.1538461538461538,0.0,0.1538461538461538,0.0,0.0,0.0,0.2215384615384615,0.0,7.8,7.1203932475671605,3.0,1.2,0.6,0.6,1.2,0.0,0.0,0.0,0.6,1.2,,1.2,1.2,,0.6,0.6,0.0,-1.8,0.3846153846153846,0.0,0.1538461538461538,0.0,0.0769230769230769,0.0,0.0769230769230769,0.0,0.1538461538461538,0.0,0.1538461538461538,0.0,0.1538461538461538,0.0,0.0,0.0,0.2215384615384615,0.0,8.9,6.384877968032486,1.7,0.8,0.3,0.3,1.5,0.0,0.0,0.6,0.3,1.5,,0.8,0.8,,0.5,0.3,0.8,-2.3,0.2005494505494505,0.1935400076808906,0.1016483516483516,0.1009778898323577,0.0329670329670329,0.0411171141403729,0.0329670329670329,0.0411171141403729,0.1577708006279434,0.0758503356234099,0.1577708006279435,0.0758503356234098,0.1016483516483516,0.1009778898323577,0.0612244897959183,0.0763603548321212,0.2637205651491365,0.0958742020122507,10.934,2.9594249999999995,1.548725,0.4246749999999999,0.4246749999999999,0.0,0.0,0.4555833333333333,4.932824999999999,4.50815,3.3841,1.9734,0.0,2.9594249999999995,1.548725,0.4246749999999999,0.4246749999999999,4.932824999999999,0.0,0.0,0.4555833333333333
5108051,Jordan Harrison,POR,2026-05-25,0.0,16.0,0.0,0.0,10.0,4,0,4,0,0,0,0,2,2,6,,0,0,,0,0,2,-13,11.0,0.3636363636363636,0.0,0.3636363636363636,0.0,0.0,0.5454545454545454,0.0,0.1818181818181818,0.7272727272727273,0.0,11.0,0.0,4.0,0.0,4.0,0.0,0.0,0.0,0.0,2.0,2.0,6.0,,0.0,0.0,,0.0,0.0,2.0,-13.0,0.3636363636363636,0.0,0.0,0.0,0.3636363636363636,0.0,0.0,0.0,0.0,0.0,0.5454545454545454,0.0,0.0,0.0,0.1818181818181818,0.0,0.7272727272727273,0.0,13.8,3.8340579025361614,6.0,1.2,4.0,0.0,0.4,0.4,0.0,2.8,2.0,5.6,,2.0,2.0,,0.4,0.8,2.8,-8.6,0.4181818181818181,0.0746894396597953,0.0666666666666666,0.0912870929175276,0.307070707070707,0.0774557152027507,0.0,0.0,0.0222222222222222,0.0304290309725092,0.4383838383838384,0.1466126037766353,0.1111111111111111,0.1521451548625461,0.1979797979797979,0.0221302043436431,0.6852525252525253,0.0575385312934719,16.666666666666668,4.444097208657794,6.0,1.6666666666666667,3.6666666666666665,0.0,1.3333333333333333,0.3333333333333333,0.3333333333333333,2.0,2.0,6.333333333333333,,2.0,2.0,,0.3333333333333333,1.3333333333333333,3.6666666666666665,-8.0,0.3672438672438672,0.1134403586873057,0.0873015873015873,0.0724138396464073,0.2429052429052429,0.096850554685043,0.0,0.0,0.0661375661375661,0.0623660065297686,0.4013949013949014,0.1169170714759056,0.1084656084656084,0.1286473418845026,0.1346801346801346,0.1025140562130527,0.5837999037999038,0.1438052958081653,12.373666666666669,5.1,0.7533333333333334,3.933333333333333,0.0,0.2722206666666666,0.2227259999999999,0.74242,9.786666666666667,5.8533333333333335,9.033333333333331,4.6866666666666665,0.4949466666666666,5.1,0.7533333333333334,3.933333333333333,0.0,9.786666666666669,0.2722206666666666,0.2227259999999999,0.74242
5108550,Serah Williams,POR,2026-05-25,0.0,2.0,9.0,15.0,25.0,8,3,0,0,0,2,1,0,3,6,,2,2,,1,2,2,-2,14.0,0.5714285714285714,0.2142857142857142,0.0,0.0,0.0,0.4285714285714285,0.1428571428571428,0.0,0.4914285714285714,0.0,14.0,0.0,8.0,3.0,0.0,0.0,0.0,2.0,1.0,0.0,3.0,6.0,,2.0,2.0,,1.0,2.0,2.0,-2.0,0.5714285714285714,0.0,0.2142857142857142,0.0,0.0,0.0,0.0,0.0,0.0,0.0,0.4285714285714285,0.0,0.1428571428571428,0.0,0.0,0.0,0.4914285714285714,0.0,15.2,1.6431676725154962,7.2,2.6,0.0,0.0,0.0,1.6,0.6,0.0,3.0,5.6,,1.2,1.6,,0.6,2.0,1.6,2.8,0.4840336134453781,0.1196704747490275,0.1756302521008403,0.0529311715236083,0.0,0.0,0.0,0.0,0.0,0.0,0.3747899159663865,0.0736433690763249,0.1092436974789915,0.0460271056727038,0.0,0.0,0.4228571428571429,0.0938952955723143,13.3,3.860051813123756,5.2,3.2,0.1,0.0,0.0,1.0,0.7,0.0,2.1,3.6,,1.0,2.3,,0.6,2.6,1.8,-1.5,0.3773109243697479,0.1412873047660477,0.2745798319327731,0.1476369743215248,0.025,0.0790569415042095,0.0,0.0,0.0,0.0,0.2418067226890756,0.1655510666613978,0.2105042016806722,0.1534123914720098,0.0,0.0,0.3344285714285714,0.1156534231474116,13.132,5.442647272727273,3.165614545454545,0.2945163636363637,0.0,0.9550545454545456,0.7162909090909091,0.0,8.902778181818181,8.608261818181818,5.737163636363636,3.4601309090909087,1.6713454545454547,5.442647272727273,3.165614545454545,0.2945163636363637,0.0,8.902778181818181,0.9550545454545456,0.7162909090909091,0.0
5208982,Carla Leite,POR,2026-05-25,0.0,2.0,6.0,9.0,19.0,15,3,9,0,0,0,0,4,4,11,,7,7,,1,2,1,15,22.0,0.6818181818181818,0.1363636363636363,0.4090909090909091,0.0,0.0,0.5,0.3181818181818182,0.1818181818181818,0.8218181818181818,0.0,22.0,0.0,15.0,3.0,9.0,0.0,0.0,0.0,0.0,4.0,4.0,11.0,,7.0,7.0,,1.0,2.0,1.0,15.0,0.6818181818181818,0.0,0.1363636363636363,0.0,0.4090909090909091,0.0,0.0,0.0,0.0,0.0,0.5,0.0,0.3181818181818182,0.0,0.1818181818181818,0.0,0.8218181818181818,0.0,18.8,4.381780460041328,11.4,2.2,5.8,0.0,0.0,0.4,0.0,4.0,3.2,7.8,,5.0,5.0,,0.6,1.6,1.8,5.0,0.5805194805194804,0.1387089593681914,0.1103896103896104,0.0355663998379978,0.274025974025974,0.1849452791575886,0.0,0.0,0.0,0.0,0.3857142857142857,0.1564921592871903,0.248051948051948,0.096029279562594,0.2233766233766233,0.0569062397407964,0.7182337662337661,0.1418388025539351,21.5,5.642103626603587,14.4,2.7,5.1,0.1,0.8,0.6,0.0,3.1,4.5,9.5,,5.3,5.4,,0.7,2.0,1.8,5.5,0.6374935409418168,0.1577707900248144,0.1188363360777154,0.0358669789806144,0.2237314409728203,0.1442526798295328,0.0034482758620689,0.0109044057247185,0.0287798408488063,0.053625857653828,0.4137552103069344,0.1451130533908663,0.2373833063488236,0.0963827063515675,0.1667849391987323,0.0970909615884145,0.6849888042991491,0.110320163754225,21.4695,13.941428571428572,2.621128571428572,5.529585714285714,0.1495571428571428,0.4718571428571429,0.0,2.595214285714286,22.09214285714286,16.562557142857145,19.471014285714286,8.150714285714285,0.4718571428571429,13.941428571428572,2.621128571428572,5.529585714285714,0.1495571428571428,22.09214285714286,0.4718571428571429,0.0,2.595214285714286
5209202,Nyadiew Puoch,POR,2026-05-25,0.0,2.0,9.0,15.0,25.0,5,3,1,1,3,1,0,2,2,8,,0,0,,2,1,2,9,24.0,0.2083333333333333,0.125,0.0416666666666666,0.0416666666666666,0.125,0.3333333333333333,0.0,0.0833333333333333,0.4166666666666667,0.0,24.0,0.0,5.0,3.0,1.0,1.0,3.0,1.0,0.0,2.0,2.0,8.0,,0.0,0.0,,2.0,1.0,2.0,9.0,0.2083333333333333,0.0,0.125,0.0,0.0416666666666666,0.0,0.0416666666666666,0.0,0.125,0.0,0.3333333333333333,0.0,0.0,0.0,0.0833333333333333,0.0,0.4166666666666667,0.0,22.4,2.1908902300206625,3.0,2.2,0.6,0.6,1.8,0.6,0.4,1.6,1.2,5.2,,0.0,0.0,,1.6,0.6,2.0,-3.0,0.125,0.1141088661469092,0.095,0.0410791918128874,0.025,0.0228217732293819,0.025,0.0228217732293819,0.075,0.0684653196881458,0.2199999999999999,0.155188057959797,0.0,0.0,0.0699999999999999,0.0182574185835055,0.29,0.1734454765433025,22.6,3.4058772731852804,5.8,2.6,0.5,0.5,2.0,0.8,0.3,1.3,2.3,6.0,,0.7,0.7,,1.3,1.3,2.3,-6.2,0.2472926267281106,0.2040703828979936,0.1160944700460829,0.0601863851044444,0.0189516129032258,0.0253399726438139,0.0189516129032258,0.0253399726438139,0.082200460829493,0.0601214464471703,0.2583179723502304,0.1465199779454891,0.0317972350230414,0.0448959606311733,0.0575115207373271,0.018561869436788,0.3298202764976959,0.1634623912907119,22.929,5.14692,2.4826933333333336,0.8135333333333332,0.7116266666666666,1.1889111111111113,0.1698444444444444,1.0190666666666666,8.443146666666667,7.629613333333333,5.960453333333333,3.296226666666666,1.3587555555555555,5.14692,2.4826933333333336,0.8135333333333332,0.7116266666666666,8.443146666666667,1.1889111111111113,0.1698444444444444,1.0190666666666666
5345329,Iyana Martin,POR,2026-05-25,0.0,26.0,0.0,0.0,4.0,0,0,0,0,0,0,0,0,0,0,,0,0,,0,0,0,0,0.0,,,,,,,,,,0.0,0.0,0.0,0.0,0.0,0.0,0.0,0.0,0.0,0.0,0.0,0.0,0.0,,0.0,0.0,,0.0,0.0,0.0,0.0,,,,,,,,,,,,,,,,,,,0.0,0.0,0.0,0.0,0.0,0.0,0.0,0.0,0.0,0.0,0.0,0.0,,0.0,0.0,,0.0,0.0,0.0,0.0,,,,,,,,,,,,,,,,,,,0.0,0.0,0.0,0.0,0.0,0.0,0.0,0.0,0.0,0.0,0.0,0.0,,0.0,0.0,,0.0,0.0,0.0,0.0,,,,,,,,,,,,,,,,,,,8.0,0.0,0.0,0.0,0.0,0.176,0.144,0.48,0.0,0.0,0.0,0.0,0.3199999999999999,0.0,0.0,0.0,0.0,0.0,0.176,0.144,0.48
5346554,Teja Oblak,POR,2026-05-25,0.0,2.0,3.0,3.0,13.0,3,1,9,1,1,0,0,2,1,4,,0,0,,0,1,2,7,17.0,0.1764705882352941,0.0588235294117647,0.5294117647058824,0.0588235294117647,0.0588235294117647,0.2352941176470588,0.0,0.1176470588235294,0.3529411764705882,0.0,17.0,0.0,3.0,1.0,9.0,1.0,1.0,0.0,0.0,2.0,1.0,4.0,,0.0,0.0,,0.0,1.0,2.0,7.0,0.1764705882352941,0.0,0.0588235294117647,0.0,0.5294117647058824,0.0,0.0588235294117647,0.0,0.0588235294117647,0.0,0.2352941176470588,0.0,0.0,0.0,0.1176470588235294,0.0,0.3529411764705882,0.0,10.2,9.311283477587825,1.8,0.6,5.4,0.6,0.6,0.0,0.0,1.2,0.6,2.4,,0.0,0.0,,0.0,0.6,1.2,4.2,0.1764705882352941,0.0,0.0588235294117647,0.0,0.5294117647058824,0.0,0.0588235294117647,0.0,0.0588235294117647,0.0,0.2352941176470588,0.0,0.0,0.0,0.1176470588235294,0.0,0.3529411764705882,0.0,5.1,8.211780156174015,0.9,0.3,2.7,0.3,0.3,0.0,0.0,0.6,0.3,1.2,,0.0,0.0,,0.0,0.3,0.6,2.1,0.1764705882352941,0.0,0.0588235294117647,0.0,0.5294117647058824,0.0,0.0588235294117647,0.0,0.0588235294117647,0.0,0.2352941176470588,0.0,0.0,0.0,0.1176470588235294,0.0,0.3529411764705882,0.0,13.906,2.16,0.72,6.48,0.72,0.305932,0.250308,0.8343599999999999,9.36,2.88,8.64,7.199999999999999,0.55624,2.16,0.72,6.48,0.72,9.36,0.305932,0.250308,0.8343599999999999
2529183,Stefanie Dolson,SEA,2026-05-25,0.0,1.0,9.0,15.0,28.0,16,3,2,2,2,0,2,1,3,3,,8,8,,0,3,5,16,26.0,0.6153846153846154,0.1153846153846153,0.0769230769230769,0.0769230769230769,0.0769230769230769,0.1153846153846153,0.3076923076923077,0.0384615384615384,0.2892307692307692,0.0,26.0,0.0,16.0,3.0,2.0,2.0,2.0,0.0,2.0,1.0,3.0,3.0,,8.0,8.0,,0.0,3.0,5.0,16.0,0.6153846153846154,0.0,0.1153846153846153,0.0,0.0769230769230769,0.0,0.0769230769230769,0.0,0.0769230769230769,0.0,0.1153846153846153,0.0,0.3076923076923077,0.0,0.0384615384615384,0.0,0.2892307692307692,0.0,25.6,0.5477225575051564,11.6,3.4,2.8,1.6,1.6,0.4,1.2,1.0,2.6,3.0,,4.8,4.8,,0.0,3.4,4.2,19.2,0.4492307692307692,0.2275155238867613,0.1332307692307692,0.024436852565615,0.1101538461538461,0.0455031047773522,0.0621538461538461,0.0202236021232676,0.0621538461538461,0.0202236021232676,0.1172307692307692,0.0025279502654023,0.1846153846153846,0.1685300176938972,0.039076923076923,0.0008426500884683,0.2375384615384615,0.070782607431437,26.7,1.702938636592633,7.8,3.5,2.6,0.9,1.7,0.5,1.3,1.2,1.8,3.6,,3.3,3.6,,0.3,3.2,3.3,12.6,0.2967582417582418,0.2235767105621162,0.1314249084249084,0.0263150065876932,0.0991721611721611,0.0420989187876386,0.035076923076923,0.0337434338707334,0.0631721611721611,0.0163123222399843,0.1334725274725274,0.0262808808816497,0.1351648351648351,0.134392803950708,0.0449670329670329,0.021918160235249,0.2379120879120879,0.0597831150990306,25.85,10.15358659217877,3.6354972067039104,2.0864245810055864,1.1758882681564249,0.4332402234636871,1.299720670391061,1.4441340782122902,15.875508379888267,13.78908379888268,12.240011173184357,5.721921787709497,1.7329608938547485,10.15358659217877,3.6354972067039104,2.0864245810055864,1.1758882681564249,15.875508379888268,0.4332402234636871,1.299720670391061,1.4441340782122902
3058892,Lexie Brown,SEA,2026-05-25,0.0,1.0,9.0,15.0,28.0,7,0,1,1,1,2,0,0,1,1,,4,5,,0,0,1,-3,8.0,0.875,0.0,0.125,0.125,0.125,0.125,0.625,0.0,0.4,0.0,8.0,0.0,7.0,0.0,1.0,1.0,1.0,2.0,0.0,0.0,1.0,1.0,,4.0,5.0,,0.0,0.0,1.0,-3.0,0.875,0.0,0.0,0.0,0.125,0.0,0.125,0.0,0.125,0.0,0.125,0.0,0.625,0.0,0.0,0.0,0.4,0.0,10.0,2.738612787525831,5.4,0.4,0.6,1.0,1.0,1.2,0.0,0.4,1.0,1.0,,2.4,3.0,,0.0,0.4,1.0,-0.6,0.6173076923076923,0.3528597245465975,0.0307692307692307,0.0421325044234742,0.075,0.0684653196881457,0.1057692307692307,0.0263328152646714,0.1057692307692307,0.0263328152646716,0.1057692307692307,0.0263328152646712,0.375,0.3423265984407289,0.0307692307692307,0.0421325044234743,0.3015384615384615,0.1348240141551178,14.6,5.853773711604053,4.8,1.3,0.9,0.7,1.2,1.2,0.0,0.4,1.3,2.7,,1.5,1.8,,0.0,1.3,1.7,-0.5,0.4175596462361168,0.3160833712381062,0.0738790621143562,0.06938382082464,0.0647727272727272,0.0574585130007159,0.0664592760180995,0.0515518436074018,0.0918603455368161,0.0442008849685878,0.1600421637186343,0.083515735039305,0.2011363636363636,0.2931656678661862,0.0289592760180995,0.0377495993024691,0.2775014397367338,0.1018531170059835,12.463,4.599352941176472,0.9140638655462184,0.838709243697479,0.8787092436974789,0.4189243697478991,0.1047310924369747,0.9425798319327732,6.3521260504201695,5.51341680672269,5.43806218487395,1.7527731092436976,0.5236554621848739,4.599352941176472,0.9140638655462184,0.838709243697479,0.8787092436974789,6.352126050420169,0.4189243697478991,0.1047310924369747,0.9425798319327732
3906753,Natisha Hiedeman,SEA,2026-05-25,0.0,1.0,9.0,15.0,28.0,24,1,5,4,6,0,0,2,7,12,,6,6,,0,1,3,4,28.0,0.8571428571428571,0.0357142857142857,0.1785714285714285,0.1428571428571428,0.2142857142857142,0.4285714285714285,0.2142857142857142,0.0714285714285714,0.5942857142857143,0.0,28.0,0.0,24.0,1.0,5.0,4.0,6.0,0.0,0.0,2.0,7.0,12.0,,6.0,6.0,,0.0,1.0,3.0,4.0,0.8571428571428571,0.0,0.0357142857142857,0.0,0.1785714285714285,0.0,0.1428571428571428,0.0,0.2142857142857142,0.0,0.4285714285714285,0.0,0.2142857142857142,0.0,0.0714285714285714,0.0,0.5942857142857143,0.0,27.6,0.5477225575051617,18.8,1.4,5.4,2.8,5.2,0.0,0.0,1.6,5.8,11.2,,4.4,4.4,,0.0,1.4,2.6,7.2,0.6772486772486772,0.2463302507298364,0.051058201058201,0.0210105213857803,0.196031746031746,0.0239085243355428,0.1005291005291005,0.0579600589952556,0.1878306878306878,0.0362250368720346,0.4052910052910053,0.0318780324473909,0.1582010582010581,0.0767970781687137,0.0576719576719576,0.0188370191734581,0.5325714285714286,0.0845057660150827,28.6,1.5055453054181869,18.4,1.4,5.0,2.7,6.3,0.4,0.1,1.3,6.4,13.8,,2.9,2.9,,0.0,1.4,2.1,5.5,0.6406554019457246,0.1845758731673016,0.0493881208397337,0.0194114382084321,0.176689708141321,0.0460851242114449,0.0936456733230926,0.0434739249422426,0.2180849974398361,0.0627597185961599,0.4777470558115719,0.1039601162154312,0.1029595494111623,0.0786730106762267,0.0457654889912954,0.0177965821311732,0.5688147465437788,0.0917664000427169,27.53700000000001,16.905985026737966,1.6366021390374337,4.618266310160428,2.388248128342246,0.5890267379679145,0.1472566844919786,1.7670802139037436,23.160853475935827,18.5425871657754,21.524251336898395,6.254868449197861,0.7362834224598931,16.905985026737966,1.6366021390374337,4.618266310160428,2.388248128342246,23.160853475935827,0.5890267379679145,0.1472566844919786,1.7670802139037436
3916517,Beatrice Mompremier,SEA,2026-05-25,0.0,26.0,0.0,0.0,7.0,0,0,0,0,0,0,0,0,0,1,,0,0,,0,0,1,-2,2.0,0.0,0.0,0.0,0.0,0.0,0.5,0.0,0.0,0.5,0.0,2.0,0.0,0.0,0.0,0.0,0.0,0.0,0.0,0.0,0.0,0.0,1.0,,0.0,0.0,,0.0,0.0,1.0,-2.0,0.0,0.0,0.0,0.0,0.0,0.0,0.0,0.0,0.0,0.0,0.5,0.0,0.0,0.0,0.0,0.0,0.5,0.0,1.2,1.095445115010332,0.0,0.0,0.0,0.0,0.0,0.0,0.0,0.0,0.0,0.6,,0.0,0.0,,0.0,0.0,0.6,-1.2,0.0,0.0,0.0,0.0,0.0,0.0,0.0,0.0,0.0,0.0,0.5,0.0,0.0,0.0,0.0,0.0,0.5,0.0,1.0,1.095445115010332,0.0,0.0,0.0,0.0,0.0,0.0,0.0,0.0,0.0,0.5,,0.0,0.0,,0.0,0.0,0.5,-1.0,0.0,0.0,0.0,0.0,0.0,0.0,0.0,0.0,0.0,0.0,0.5,0.0,0.0,0.0,0.0,0.0,0.5,0.0,8.0,0.0,0.0,0.0,0.0,0.176,0.144,0.48,0.0,0.0,0.0,0.0,0.3199999999999999,0.0,0.0,0.0,0.0,0.0,0.176,0.144,0.48
3917453,Katie Lou Samuelson,SEA,2026-05-25,0.0,1.0,9.0,15.0,28.0,3,2,2,1,2,0,0,1,1,2,,0,0,,0,2,0,12,18.0,0.1666666666666666,0.1111111111111111,0.1111111111111111,0.0555555555555555,0.1111111111111111,0.1111111111111111,0.0,0.0555555555555555,0.1666666666666666,0.0,18.0,0.0,3.0,2.0,2.0,1.0,2.0,0.0,0.0,1.0,1.0,2.0,,0.0,0.0,,0.0,2.0,0.0,12.0,0.1666666666666666,0.0,0.1111111111111111,0.0,0.1111111111111111,0.0,0.0555555555555555,0.0,0.1111111111111111,0.0,0.1111111111111111,0.0,0.0,0.0,0.0555555555555555,0.0,0.1666666666666666,0.0,10.8,9.85900603509299,1.8,1.2,1.2,0.6,1.2,0.0,0.0,0.6,0.6,1.2,,0.0,0.0,,0.0,1.2,0.0,7.2,0.1666666666666666,0.0,0.1111111111111111,0.0,0.1111111111111111,0.0,0.0555555555555555,0.0,0.1111111111111111,0.0,0.1111111111111111,0.0,0.0,0.0,0.0555555555555555,0.0,0.1666666666666666,0.0,5.4,8.694826047713663,0.9,0.6,0.6,0.3,0.6,0.0,0.0,0.3,0.3,0.6,,0.0,0.0,,0.0,0.6,0.0,3.6,0.1666666666666666,0.0,0.1111111111111111,0.0,0.1111111111111111,0.0,0.0555555555555555,0.0,0.1111111111111111,0.0,0.1111111111111111,0.0,0.0,0.0,0.0555555555555555,0.0,0.1666666666666666,0.0,14.724,2.16,1.44,1.44,0.72,0.323928,0.265032,0.88344,5.04,3.6,3.6,2.88,0.5889599999999999,2.16,1.44,1.44,0.72,5.04,0.323928,0.265032,0.88344
4066527,Jaelyn Brown,SEA,2026-05-25,0.0,26.0,0.0,0.0,7.0,6,0,0,1,3,0,0,2,1,4,,3,4,,0,0,1,7,12.0,0.5,0.0,0.0,0.0833333333333333,0.25,0.3333333333333333,0.3333333333333333,0.1666666666666666,0.6466666666666666,0.0,12.0,0.0,6.0,0.0,0.0,1.0,3.0,0.0,0.0,2.0,1.0,4.0,,3.0,4.0,,0.0,0.0,1.0,7.0,0.5,0.0,0.0,0.0,0.0,0.0,0.0833333333333333,0.0,0.25,0.0,0.3333333333333333,0.0,0.3333333333333333,0.0,0.1666666666666666,0.0,0.6466666666666666,0.0,12.0,0.0,6.8,0.8,0.4,1.0,2.2,0.4,0.0,1.2,1.4,4.4,,3.0,4.0,,0.0,0.8,1.0,8.2,0.5666666666666667,0.0912870929175276,0.0666666666666666,0.0912870929175276,0.0333333333333333,0.0456435464587638,0.0833333333333333,0.0,0.1833333333333333,0.0912870929175276,0.3666666666666666,0.0456435464587638,0.3333333333333333,0.0,0.1,0.0912870929175276,0.6133333333333333,0.0456435464587637,12.0,0.0,7.0,1.0,0.5,1.0,2.0,0.5,0.0,1.0,1.5,4.5,,3.0,4.0,,0.0,1.0,1.0,8.5,0.5833333333333334,0.0912870929175276,0.0833333333333333,0.0912870929175276,0.0416666666666666,0.0456435464587638,0.0833333333333333,0.0,0.1666666666666666,0.0912870929175276,0.375,0.0456435464587638,0.3333333333333333,0.0,0.0833333333333333,0.0912870929175276,0.605,0.0456435464587637,11.999999999999998,6.48,0.48,0.24,1.0,0.2639999999999999,0.2159999999999999,0.7199999999999999,7.200000000000001,6.960000000000001,6.720000000000001,0.72,0.4799999999999998,6.48,0.48,0.24,1.0,7.200000000000001,0.2639999999999999,0.2159999999999999,0.7199999999999999
4068161,Joyner Holmes,SEA,2026-05-25,0.0,1.0,6.0,6.0,7.0,0,0,0,0,0,0,0,0,0,0,,0,0,,0,0,0,0,0.0,,,,,,,,,,0.0,0.0,0.0,0.0,0.0,0.0,0.0,0.0,0.0,0.0,0.0,0.0,0.0,,0.0,0.0,,0.0,0.0,0.0,0.0,,,,,,,,,,,,,,,,,,,6.0,8.215838362577491,0.8,2.0,0.4,0.0,0.4,0.0,1.2,0.8,0.4,1.6,,0.0,0.0,,0.4,1.6,0.4,-0.8,0.1333333333333333,0.0,0.3333333333333333,0.0,0.0666666666666666,0.0,0.0,0.0,0.0666666666666666,0.0,0.2666666666666666,0.0,0.0,0.0,0.1333333333333333,0.0,0.4,0.0,7.5,8.215838362577491,1.0,2.5,0.5,0.0,0.5,0.0,1.5,1.0,0.5,2.0,,0.0,0.0,,0.5,2.0,0.5,-1.0,0.1333333333333333,0.0,0.3333333333333333,0.0,0.0666666666666666,0.0,0.0,0.0,0.0666666666666666,0.0,0.2666666666666666,0.0,0.0,0.0,0.1333333333333333,0.0,0.4,0.0,10.45,0.48,1.2,0.24,0.0,0.2298999999999999,0.1880999999999999,0.6269999999999999,1.92,1.68,0.72,1.44,0.4179999999999999,0.48,1.2,0.24,0.0,1.92,0.2298999999999999,0.1880999999999999,0.6269999999999999
4280888,Rennia Davis,SEA,2026-05-25,0.0,26.0,0.0,0.0,7.0,6,2,1,0,0,0,0,0,3,3,,0,0,,0,2,3,5,11.0,0.5454545454545454,0.1818181818181818,0.0909090909090909,0.0,0.0,0.2727272727272727,0.0,0.0,0.2727272727272727,0.0,11.0,0.0,6.0,2.0,1.0,0.0,0.0,0.0,0.0,0.0,3.0,3.0,,0.0,0.0,,0.0,2.0,3.0,5.0,0.5454545454545454,0.0,0.1818181818181818,0.0,0.0909090909090909,0.0,0.0,0.0,0.0,0.0,0.2727272727272727,0.0,0.0,0.0,0.0,0.0,0.2727272727272727,0.0,9.0,2.7386127875258306,6.4,2.8,0.6,0.0,0.0,0.0,0.0,0.4,3.0,3.8,,0.4,0.4,,1.2,1.6,2.2,5.0,0.793939393939394,0.3402518917835123,0.3757575757575758,0.2655624521237169,0.0545454545454545,0.0497929597731969,0.0,0.0,0.0,0.0,0.4969696969696969,0.3070565852680477,0.0666666666666666,0.0912870929175276,0.0666666666666666,0.0912870929175276,0.592969696969697,0.4385099990692876,8.5,2.7386127875258306,6.5,3.0,0.5,0.0,0.0,0.0,0.0,0.5,3.0,4.0,,0.5,0.5,,1.5,1.5,2.0,5.0,0.8560606060606061,0.3402518917835123,0.4242424242424242,0.2655624521237169,0.0454545454545454,0.0497929597731969,0.0,0.0,0.0,0.0,0.5530303030303031,0.3070565852680477,0.0833333333333333,0.0912870929175276,0.0833333333333333,0.0912870929175276,0.6730303030303032,0.4385099990692876,9.8,6.239999999999999,2.48,0.7599999999999999,0.0,0.2156,0.1764,0.588,9.479999999999999,8.719999999999999,6.999999999999999,3.24,0.392,6.239999999999999,2.48,0.7599999999999999,0.0,9.48,0.2156,0.1764,0.588
4420318,Ezi Magbegor,SEA,2026-05-25,0.0,1.0,9.0,15.0,28.0,0,0,0,0,0,0,0,0,0,0,,0,0,,0,0,0,0,0.0,,,,,,,,,,0.0,0.0,0.0,0.0,0.0,0.0,0.0,0.0,0.0,0.0,0.0,0.0,0.0,,0.0,0.0,,0.0,0.0,0.0,0.0,,,,,,,,,,,,,,,,,,,0.0,0.0,0.0,0.0,0.0,0.0,0.0,0.0,0.0,0.0,0.0,0.0,,0.0,0.0,,0.0,0.0,0.0,0.0,,,,,,,,,,,,,,,,,,,0.0,0.0,0.0,0.0,0.0,0.0,0.0,0.0,0.0,0.0,0.0,0.0,,0.0,0.0,,0.0,0.0,0.0,0.0,,,,,,,,,,,,,,,,,,,8.0,0.0,0.0,0.0,0.0,0.176,0.144,0.48,0.0,0.0,0.0,0.0,0.3199999999999999,0.0,0.0,0.0,0.0,0.0,0.176,0.144,0.48
4432830,Jordan Horston,SEA,2026-05-25,0.0,1.0,9.0,15.0,28.0,5,3,1,1,3,1,0,1,2,4,,0,0,,0,3,3,6,20.0,0.25,0.15,0.05,0.05,0.15,0.2,0.0,0.05,0.25,0.0,20.0,0.0,5.0,3.0,1.0,1.0,3.0,1.0,0.0,1.0,2.0,4.0,,0.0,0.0,,0.0,3.0,3.0,6.0,0.25,0.0,0.15,0.0,0.05,0.0,0.05,0.0,0.15,0.0,0.2,0.0,0.0,0.0,0.05,0.0,0.25,0.0,20.8,1.0954451150103308,6.2,3.4,0.6,0.6,2.6,1.8,0.0,1.0,2.8,6.0,,0.0,0.0,,0.0,3.4,2.6,10.8,0.2954545454545454,0.0622411997164962,0.1627272727272727,0.0174275359206189,0.0299999999999999,0.0273861278752583,0.03,0.0273861278752583,0.1263636363636363,0.0323654238525779,0.2836363636363636,0.1145238074783529,0.0,0.0,0.0481818181818181,0.0024896479886622,0.3318181818181818,0.112034159489693,19.2,2.529822128134701,4.1,3.2,0.6,0.3,1.9,1.9,0.0,1.0,1.9,5.0,,0.0,0.0,,0.3,2.9,2.0,8.7,0.1974242424242424,0.1535537103592928,0.1658199643493761,0.0179948488457563,0.035,0.0625832778517286,0.015,0.0241522945769823,0.0965864527629233,0.0391989613500756,0.2513547237076649,0.1260104699624889,0.0,0.0,0.0529500891265597,0.0073506991666441,0.3043048128342246,0.1223592729716737,19.178,3.982360655737706,3.25267868852459,0.8779081967213114,0.3823180327868852,1.2575737704918033,0.3143934426229508,1.414770491803279,8.112947540983606,7.235039344262296,4.860268852459017,4.130586885245903,1.5719672131147542,3.982360655737706,3.25267868852459,0.8779081967213114,0.3823180327868852,8.112947540983606,1.2575737704918033,0.3143934426229508,1.414770491803279
4432832,Zia Cooke,SEA,2026-05-25,0.0,1.0,9.0,15.0,28.0,10,1,2,2,4,0,0,3,3,8,,2,2,,0,1,1,13,17.0,0.5882352941176471,0.0588235294117647,0.1176470588235294,0.1176470588235294,0.2352941176470588,0.4705882352941176,0.1176470588235294,0.1764705882352941,0.6988235294117647,0.0,17.0,0.0,10.0,1.0,2.0,2.0,4.0,0.0,0.0,3.0,3.0,8.0,,2.0,2.0,,0.0,1.0,1.0,13.0,0.5882352941176471,0.0,0.0588235294117647,0.0,0.1176470588235294,0.0,0.1176470588235294,0.0,0.2352941176470588,0.0,0.4705882352941176,0.0,0.1176470588235294,0.0,0.1764705882352941,0.0,0.6988235294117647,0.0,19.8,3.834057902536165,16.0,2.6,1.6,2.0,4.8,0.4,0.0,2.6,4.6,10.4,,4.8,5.2,,0.8,1.8,1.0,15.0,0.7696078431372549,0.2483545910256268,0.1186274509803921,0.0818898921760174,0.0872549019607843,0.0416161747124023,0.1039215686274509,0.0187944014830204,0.2411764705882352,0.0080547434927227,0.515686274509804,0.0617530334442101,0.2372549019607843,0.163779784352035,0.1392156862745098,0.0510133754539125,0.7592941176470589,0.0828027631051927,20.2,3.0110906108363302,14.8,3.1,1.6,1.4,4.3,0.6,0.0,3.0,4.5,10.7,,4.4,4.8,,1.0,2.1,1.0,9.3,0.7059562341683085,0.2332683375967333,0.147850408105826,0.0795973401441819,0.0817654095130875,0.0485833799902965,0.0693850267379679,0.0499749583274201,0.2111384745285674,0.0416939992250433,0.5240712074303406,0.0467995976929538,0.2191457922882071,0.1451926706237562,0.1568885448916408,0.0918180667131608,0.7773839009287926,0.0877735815163509,18.753,12.330399999999996,2.6532,1.7271999999999998,1.598,0.5639999999999998,0.0,1.833,16.710799999999995,14.983599999999996,14.057599999999995,4.3804,0.5639999999999998,12.330399999999996,2.6532,1.7271999999999998,1.598,16.7108,0.5639999999999998,0.0,1.833
4433643,Mackenzie Holmes,SEA,2026-05-25,0.0,1.0,9.0,15.0,28.0,2,4,0,0,0,3,0,0,1,2,,0,0,,1,3,3,-4,14.0,0.1428571428571428,0.2857142857142857,0.0,0.0,0.0,0.1428571428571428,0.0,0.0,0.1428571428571428,0.0,14.0,0.0,2.0,4.0,0.0,0.0,0.0,3.0,0.0,0.0,1.0,2.0,,0.0,0.0,,1.0,3.0,3.0,-4.0,0.1428571428571428,0.0,0.2857142857142857,0.0,0.0,0.0,0.0,0.0,0.0,0.0,0.1428571428571428,0.0,0.0,0.0,0.0,0.0,0.1428571428571428,0.0,15.6,2.1908902300206594,2.0,4.8,0.4,0.0,0.0,1.8,0.4,0.4,0.6,2.0,,0.8,1.6,,1.4,3.4,3.4,-4.0,0.1301587301587301,0.0173880176985746,0.3047619047619047,0.026082026547865,0.0222222222222222,0.0304290309725092,0.0,0.0,0.0,0.0,0.1301587301587301,0.0173880176985774,0.0888888888888888,0.1217161238900368,0.0222222222222222,0.0304290309725092,0.1914920634920634,0.0665961077855487,18.4,5.796550698475778,7.0,4.9,0.6,0.3,0.3,1.4,0.9,0.4,2.3,3.9,,2.1,2.7,,1.2,3.7,2.9,-6.2,0.3238827838827839,0.2681481291213541,0.2649450549450549,0.0715198377515656,0.0282051282051282,0.0252583022898022,0.0115384615384615,0.0185786881361403,0.0115384615384615,0.0185786881361402,0.1984981684981685,0.0932559003201738,0.1243589743589743,0.1077256539518161,0.0266666666666666,0.0367395459781844,0.2798827838827838,0.1102468601619418,15.386,4.047128971962617,4.3722990654205605,0.4491065420560748,0.1965532710280373,0.8627663551401868,0.5751775700934579,0.4313831775700934,8.868534579439252,8.419428037383177,4.496235514018692,4.821405607476636,1.4379439252336448,4.047128971962617,4.3722990654205605,0.4491065420560748,0.1965532710280373,8.868534579439252,0.8627663551401868,0.5751775700934579,0.4313831775700934
4698736,Flau'jae Johnson,SEA,2026-05-25,0.0,1.0,9.0,15.0,28.0,17,6,1,2,7,1,1,2,4,14,,7,7,,1,5,4,4,25.0,0.68,0.24,0.04,0.08,0.28,0.56,0.28,0.08,0.7631999999999999,0.0,25.0,0.0,17.0,6.0,1.0,2.0,7.0,1.0,1.0,2.0,4.0,14.0,,7.0,7.0,,1.0,5.0,4.0,4.0,0.68,0.0,0.24,0.0,0.04,0.0,0.08,0.0,0.28,0.0,0.56,0.0,0.28,0.0,0.08,0.0,0.7631999999999999,0.0,27.4,3.286335345030997,17.0,6.4,2.6,2.4,6.6,0.6,1.8,3.2,5.2,13.2,,4.2,4.2,,0.6,5.8,3.2,9.6,0.6273548387096775,0.0720873559555179,0.2343225806451613,0.0077741266226544,0.088516129032258,0.0664334456844975,0.0867096774193548,0.0091876041904093,0.2454193548387096,0.0473514985198015,0.4908387096774193,0.0947029970396032,0.168,0.1533623161014465,0.112516129032258,0.0445245433842909,0.6772748387096772,0.1176578727399482,24.4,6.2928530890209045,13.1,5.4,1.8,1.5,4.9,0.7,1.9,2.3,4.2,11.0,,3.2,3.6,,0.5,4.9,2.0,6.4,0.5122661290322581,0.1520921154316777,0.2174205069124424,0.0222011257380638,0.0603870967741935,0.0717849333513714,0.0530322580645161,0.0461537643301746,0.1938502304147465,0.0659014241880259,0.4466290322580645,0.0865587874834212,0.1536428571428571,0.1288108221041868,0.0795299539170506,0.0659086991310708,0.5937618433179723,0.1441226268164144,25.968,13.899407567567568,5.43993945945946,1.614425945945946,1.5739848648648649,1.1229405405405404,1.5440432432432432,2.105513513513513,20.953772972972974,19.339347027027028,15.513833513513514,7.054365405405406,2.666983783783784,13.899407567567568,5.43993945945946,1.614425945945946,1.5739848648648649,20.95377297297297,1.1229405405405404,1.5440432432432432,2.105513513513513
4858671,Jalyn Brown,SEA,2026-05-25,0.0,26.0,0.0,0.0,7.0,0,3,1,0,0,0,0,0,0,1,,0,0,,1,2,0,0,4.0,0.0,0.75,0.25,0.0,0.0,0.25,0.0,0.0,0.25,0.0,4.0,0.0,0.0,3.0,1.0,0.0,0.0,0.0,0.0,0.0,0.0,1.0,,0.0,0.0,,1.0,2.0,0.0,0.0,0.0,0.0,0.75,0.0,0.25,0.0,0.0,0.0,0.0,0.0,0.25,0.0,0.0,0.0,0.0,0.0,0.25,0.0,2.4,2.1908902300206643,0.0,1.8,0.6,0.0,0.0,0.0,0.0,0.0,0.0,0.6,,0.0,0.0,,0.6,1.2,0.0,0.0,0.0,0.0,0.75,0.0,0.25,0.0,0.0,0.0,0.0,0.0,0.25,0.0,0.0,0.0,0.0,0.0,0.25,0.0,2.0,2.1908902300206643,0.0,1.5,0.5,0.0,0.0,0.0,0.0,0.0,0.0,0.5,,0.0,0.0,,0.5,1.0,0.0,0.0,0.0,0.0,0.75,0.0,0.25,0.0,0.0,0.0,0.0,0.0,0.25,0.0,0.0,0.0,0.0,0.0,0.25,0.0,8.0,0.0,2.28,0.7599999999999999,0.0,0.176,0.144,0.48,3.0399999999999996,2.28,0.7599999999999999,3.04,0.3199999999999999,0.0,2.28,0.7599999999999999,0.0,3.04,0.176,0.144,0.48
4898400,Taylor Thierry,SEA,2026-05-25,0.0,3.0,6.0,9.0,16.0,0,1,0,0,0,0,0,0,0,0,,0,0,,1,0,0,-1,4.0,0.0,0.25,0.0,0.0,0.0,0.0,0.0,0.0,0.0,0.0,4.0,0.0,0.0,1.0,0.0,0.0,0.0,0.0,0.0,0.0,0.0,0.0,,0.0,0.0,,1.0,0.0,0.0,-1.0,0.0,0.0,0.25,0.0,0.0,0.0,0.0,0.0,0.0,0.0,0.0,0.0,0.0,0.0,0.0,0.0,0.0,0.0,6.0,2.7386127875258297,2.4,1.4,0.0,0.8,1.2,0.0,0.0,0.0,0.8,1.6,,0.0,0.0,,1.0,0.4,2.0,-2.2,0.2666666666666667,0.3651483716701107,0.2388888888888888,0.0152145154862543,0.0,0.0,0.0888888888888888,0.1217161238900369,0.1333333333333333,0.1825741858350553,0.1777777777777777,0.2434322477800738,0.0,0.0,0.0,0.0,0.1777777777777777,0.2434322477800737,5.2,4.589843860815601,2.5,1.3,0.1,0.8,1.3,0.0,0.0,0.1,0.8,1.7,,0.1,0.2,,0.7,0.6,1.8,-2.5,0.3626373626373626,0.3422311996958649,0.2463369963369963,0.0304118781915675,0.0109890109890109,0.029074190231479,0.1172161172161172,0.1122790127723824,0.1868131868131868,0.1749827239926181,0.2454212454212454,0.2305430085496075,0.0219780219780219,0.058148380462958,0.0109890109890109,0.0290741902314789,0.266080586080586,0.2506942532482767,7.475,1.34,1.2,0.02,0.44,0.1644499999999999,0.1345499999999999,0.4484999999999999,2.56,2.54,1.36,1.22,0.2989999999999999,1.34,1.2,0.02,0.44,2.56,0.1644499999999999,0.1345499999999999,0.4484999999999999
5017726,Jade Melbourne,SEA,2026-05-25,0.0,1.0,9.0,15.0,28.0,3,2,6,0,2,2,0,2,0,6,,3,4,,1,1,4,6,25.0,0.12,0.08,0.24,0.0,0.08,0.24,0.16,0.08,0.3903999999999999,0.0,25.0,0.0,3.0,2.0,6.0,0.0,2.0,2.0,0.0,2.0,0.0,6.0,,3.0,4.0,,1.0,1.0,4.0,6.0,0.12,0.0,0.08,0.0,0.24,0.0,0.0,0.0,0.08,0.0,0.24,0.0,0.16,0.0,0.08,0.0,0.3903999999999999,0.0,23.0,2.738612787525832,3.4,2.4,5.2,0.0,1.2,2.0,0.0,1.6,0.8,5.6,,1.8,2.8,,0.6,1.8,3.2,5.2,0.152,0.0438178046004119,0.108,0.0383405790253616,0.224,0.0219089023002064,0.0,0.0,0.048,0.0438178046004132,0.244,0.0054772255750512,0.116,0.0602494813255683,0.068,0.0164316767251549,0.36304,0.0374642229333528,25.4,4.273952113286558,6.6,2.2,4.2,0.0,1.1,1.2,0.3,2.6,1.2,5.2,,4.2,5.1,,0.3,1.9,2.5,-0.7,0.2473793103448275,0.1182242849313987,0.0924482758620689,0.0418403803848414,0.1723448275862069,0.06366068891801,0.0,0.0,0.0408965517241379,0.0342609211662718,0.2111379310344827,0.0538568530465077,0.1836896551724137,0.1169143191853044,0.0958965517241379,0.0503632246517477,0.3878579310344828,0.0511961559350428,24.447,7.684176744186047,1.895362790697674,4.787687209302325,0.341120930232558,1.2792034883720929,0.284267441860465,2.132005813953488,14.367226744186047,9.579539534883722,12.471863953488372,6.683049999999999,1.5634709302325578,7.684176744186047,1.895362790697674,4.787687209302325,0.341120930232558,14.367226744186048,1.2792034883720929,0.284267441860465,2.132005813953488
5105756,Elle Ladine,SEA,2026-05-25,0.0,26.0,0.0,0.0,7.0,3,1,0,1,2,1,0,0,1,2,,0,0,,1,0,2,4,6.0,0.5,0.1666666666666666,0.0,0.1666666666666666,0.3333333333333333,0.3333333333333333,0.0,0.0,0.3333333333333333,0.0,6.0,0.0,3.0,1.0,0.0,1.0,2.0,1.0,0.0,0.0,1.0,2.0,,0.0,0.0,,1.0,0.0,2.0,4.0,0.5,0.0,0.1666666666666666,0.0,0.0,0.0,0.1666666666666666,0.0,0.3333333333333333,0.0,0.3333333333333333,0.0,0.0,0.0,0.0,0.0,0.3333333333333333,0.0,6.0,0.0,2.2,0.6,0.0,0.6,1.6,0.6,0.0,0.0,0.6,2.0,,0.4,0.8,,0.6,0.0,2.4,3.6,0.3666666666666666,0.1825741858350553,0.1,0.0912870929175276,0.0,0.0,0.1,0.0912870929175276,0.2666666666666666,0.0912870929175276,0.3333333333333333,0.0,0.1333333333333333,0.1825741858350553,0.0,0.0,0.392,0.0803326417674243,6.0,0.0,2.0,0.5,0.0,0.5,1.5,0.5,0.0,0.0,0.5,2.0,,0.5,1.0,,0.5,0.0,2.5,3.5,0.3333333333333333,0.1825741858350553,0.0833333333333333,0.0912870929175276,0.0,0.0,0.0833333333333333,0.0912870929175276,0.25,0.0912870929175276,0.3333333333333333,0.0,0.1666666666666666,0.1825741858350553,0.0,0.0,0.4066666666666667,0.0803326417674243,8.0,2.52,0.7599999999999999,0.0,0.7599999999999999,0.176,0.144,0.48,3.28,3.28,2.52,0.7599999999999999,0.3199999999999999,2.52,0.7599999999999999,0.0,0.7599999999999999,3.28,0.176,0.144,0.48
5106222,Taina Mair,SEA,2026-05-25,0.0,5.0,3.0,9.0,22.0,0,0,1,0,0,0,0,0,0,1,,0,0,,0,0,0,-1,3.0,0.0,0.0,0.3333333333333333,0.0,0.0,0.3333333333333333,0.0,0.0,0.3333333333333333,0.0,3.0,0.0,0.0,0.0,1.0,0.0,0.0,0.0,0.0,0.0,0.0,1.0,,0.0,0.0,,0.0,0.0,0.0,-1.0,0.0,0.0,0.0,0.0,0.3333333333333333,0.0,0.0,0.0,0.0,0.0,0.3333333333333333,0.0,0.0,0.0,0.0,0.0,0.3333333333333333,0.0,1.8,1.6431676725155009,0.0,0.0,0.6,0.0,0.0,0.0,0.0,0.0,0.0,0.6,,0.0,0.0,,0.0,0.0,0.0,-0.6,0.0,0.0,0.0,0.0,0.3333333333333333,0.0,0.0,0.0,0.0,0.0,0.3333333333333333,0.0,0.0,0.0,0.0,0.0,0.3333333333333333,0.0,0.9,1.4491376746189402,0.0,0.0,0.3,0.0,0.0,0.0,0.0,0.0,0.0,0.3,,0.0,0.0,,0.0,0.0,0.0,-0.3,0.0,0.0,0.0,0.0,0.3333333333333333,0.0,0.0,0.0,0.0,0.0,0.3333333333333333,0.0,0.0,0.0,0.0,0.0,0.3333333333333333,0.0,6.25,0.0,0.0,0.72,0.0,0.1374999999999999,0.1124999999999999,0.375,0.72,0.0,0.72,0.72,0.2499999999999999,0.0,0.0,0.72,0.0,0.72,0.1374999999999999,0.1124999999999999,0.375
5220150,Dominique Malonga,SEA,2026-05-25,0.0,1.0,9.0,15.0,28.0,0,0,0,0,0,0,0,0,0,0,,0,0,,0,0,0,0,0.0,,,,,,,,,,0.0,0.0,0.0,0.0,0.0,0.0,0.0,0.0,0.0,0.0,0.0,0.0,0.0,,0.0,0.0,,0.0,0.0,0.0,0.0,,,,,,,,,,,,,,,,,,,0.0,0.0,0.0,0.0,0.0,0.0,0.0,0.0,0.0,0.0,0.0,0.0,,0.0,0.0,,0.0,0.0,0.0,0.0,,,,,,,,,,,,,,,,,,,0.0,0.0,0.0,0.0,0.0,0.0,0.0,0.0,0.0,0.0,0.0,0.0,,0.0,0.0,,0.0,0.0,0.0,0.0,,,,,,,,,,,,,,,,,,,14.65,5.208888888888888,2.387407407407407,0.1085185185185185,0.217037037037037,0.5425925925925925,1.085185185185185,1.085185185185185,7.704814814814814,7.596296296296295,5.317407407407407,2.495925925925925,1.6277777777777775,5.208888888888888,2.387407407407407,0.1085185185185185,0.217037037037037,7.704814814814814,0.5425925925925925,1.085185185185185,1.085185185185185
5345325,Awa Fam,SEA,2026-05-25,0.0,1.0,6.0,9.0,16.0,10,2,0,0,1,1,0,2,4,7,,2,2,,0,2,4,6,20.0,0.5,0.1,0.0,0.0,0.05,0.35,0.1,0.1,0.4939999999999999,0.0,20.0,0.0,10.0,2.0,0.0,0.0,1.0,1.0,0.0,2.0,4.0,7.0,,2.0,2.0,,0.0,2.0,4.0,6.0,0.5,0.0,0.1,0.0,0.0,0.0,0.0,0.0,0.05,0.0,0.35,0.0,0.1,0.0,0.1,0.0,0.4939999999999999,0.0,12.0,10.954451150103322,6.0,1.2,0.0,0.0,0.6,0.6,0.0,1.2,2.4,4.2,,1.2,1.2,,0.0,1.2,2.4,3.6,0.5,0.0,0.1,0.0,0.0,0.0,0.0,0.0,0.05,0.0,0.35,0.0,0.1,0.0,0.1,0.0,0.4939999999999999,0.0,6.0,9.66091783079296,3.0,0.6,0.0,0.0,0.3,0.3,0.0,0.6,1.2,2.1,,0.6,0.6,,0.0,0.6,1.2,1.8,0.5,0.0,0.1,0.0,0.0,0.0,0.0,0.0,0.05,0.0,0.35,0.0,0.1,0.0,0.1,0.0,0.4939999999999999,0.0,16.36,7.199999999999999,1.44,0.0,0.0,0.3599199999999999,0.2944799999999999,0.9816,8.639999999999999,8.639999999999999,7.199999999999999,1.44,0.6543999999999999,7.199999999999999,1.44,0.0,0.0,8.639999999999999,0.3599199999999999,0.2944799999999999,0.9816
2566453,Isabelle Harrison,TOR,2026-05-25,0.0,2.0,9.0,9.0,13.0,0,0,0,0,0,0,0,0,0,0,,0,0,,0,0,0,0,0.0,,,,,,,,,,0.0,0.0,0.0,0.0,0.0,0.0,0.0,0.0,0.0,0.0,0.0,0.0,0.0,,0.0,0.0,,0.0,0.0,0.0,0.0,,,,,,,,,,,,,,,,,,,0.0,0.0,0.0,0.0,0.0,0.0,0.0,0.0,0.0,0.0,0.0,0.0,,0.0,0.0,,0.0,0.0,0.0,0.0,,,,,,,,,,,,,,,,,,,0.0,0.0,0.0,0.0,0.0,0.0,0.0,0.0,0.0,0.0,0.0,0.0,,0.0,0.0,,0.0,0.0,0.0,0.0,,,,,,,,,,,,,,,,,,,8.0,0.0,0.0,0.0,0.0,0.176,0.144,0.48,0.0,0.0,0.0,0.0,0.3199999999999999,0.0,0.0,0.0,0.0,0.0,0.176,0.144,0.48
2569044,Temi Fagbenle,TOR,2026-05-25,0.0,2.0,9.0,9.0,19.0,0,0,0,0,0,0,0,0,0,0,,0,0,,0,0,0,0,0.0,,,,,,,,,,0.0,0.0,0.0,0.0,0.0,0.0,0.0,0.0,0.0,0.0,0.0,0.0,0.0,,0.0,0.0,,0.0,0.0,0.0,0.0,,,,,,,,,,,,,,,,,,,0.0,0.0,0.0,0.0,0.0,0.0,0.0,0.0,0.0,0.0,0.0,0.0,,0.0,0.0,,0.0,0.0,0.0,0.0,,,,,,,,,,,,,,,,,,,1.6,5.059644256269406,0.2,0.1,0.1,0.0,0.1,0.1,0.0,0.4,0.0,0.2,,0.2,0.2,,0.0,0.1,0.4,0.0,0.125,,0.0625,,0.0625,,0.0,,0.0625,,0.125,,0.125,,0.25,,0.43,,10.8,0.04,0.02,0.02,0.0,0.2376,0.1944,0.648,0.08,0.06,0.06,0.04,0.432,0.04,0.02,0.02,0.0,0.08,0.2376,0.1944,0.648
2988756,Brittney Sykes,TOR,2026-05-25,0.0,2.0,9.0,18.0,28.0,10,0,5,0,2,1,0,7,3,9,,4,4,,0,0,3,-23,34.0,0.2941176470588235,0.0,0.1470588235294117,0.0,0.0588235294117647,0.2647058823529412,0.1176470588235294,0.2058823529411764,0.5223529411764706,0.0,34.0,0.0,10.0,0.0,5.0,0.0,2.0,1.0,0.0,7.0,3.0,9.0,,4.0,4.0,,0.0,0.0,3.0,-23.0,0.2941176470588235,0.0,0.0,0.0,0.1470588235294117,0.0,0.0,0.0,0.0588235294117647,0.0,0.2647058823529412,0.0,0.1176470588235294,0.0,0.2058823529411764,0.0,0.5223529411764706,0.0,28.4,7.668115805072325,8.4,1.2,4.6,0.4,2.8,0.6,0.0,4.6,2.6,8.2,,2.8,2.8,,0.4,0.8,2.6,-19.4,0.2964705882352941,0.0032218973970858,0.0599999999999999,0.0821583836257749,0.168235294117647,0.0289970765738028,0.02,0.0273861278752583,0.1152941176470588,0.077325537530141,0.2988235294117647,0.0467175122577946,0.0905882352941176,0.0370518200665258,0.1435294117647058,0.0853802810228641,0.4822117647058823,0.0549655695943423,30.5,7.33712023435172,17.9,3.1,4.8,1.8,5.0,0.6,0.1,2.7,5.5,12.6,,5.1,5.4,,0.9,2.2,2.7,-9.8,0.5439495798319327,0.3204464775375469,0.1076315789473684,0.0896579629657977,0.1634409553295002,0.0367353693175921,0.0571804511278195,0.0473993911566471,0.1672711189739053,0.0757483948689391,0.402532065457762,0.1277455239236494,0.1583392304290137,0.1109861056437769,0.0846594427244582,0.0877009466021615,0.5568607695709863,0.1257512322226603,31.521,16.62062062780269,2.621056502242152,4.726725560538116,1.04809865470852,1.6961973094170402,0.2826995515695067,2.8269955156950672,23.96840269058296,19.24167713004484,21.347346188340808,7.347782062780269,1.978896860986547,16.62062062780269,2.621056502242152,4.726725560538116,1.04809865470852,23.96840269058296,1.6961973094170402,0.2826995515695067,2.8269955156950672
3142327,Kia Nurse,TOR,2026-05-25,0.0,2.0,9.0,18.0,28.0,4,2,0,0,5,0,0,0,1,7,,2,2,,0,2,1,-3,12.0,0.3333333333333333,0.1666666666666666,0.0,0.0,0.4166666666666667,0.5833333333333334,0.1666666666666666,0.0,0.6566666666666666,0.0,12.0,0.0,4.0,2.0,0.0,0.0,5.0,0.0,0.0,0.0,1.0,7.0,,2.0,2.0,,0.0,2.0,1.0,-3.0,0.3333333333333333,0.0,0.1666666666666666,0.0,0.0,0.0,0.0,0.0,0.4166666666666667,0.0,0.5833333333333334,0.0,0.1666666666666666,0.0,0.0,0.0,0.6566666666666666,0.0,18.0,8.215838362577491,11.6,2.8,0.8,2.4,7.4,0.4,0.0,0.4,3.0,9.4,,3.2,3.6,,0.4,2.4,1.0,-7.8,0.5407407407407406,0.2840042890767528,0.1592592592592592,0.0101430103241693,0.0296296296296296,0.0405720412966789,0.0888888888888888,0.1217161238900369,0.412962962962963,0.0050715051620862,0.5425925925925926,0.0557865567829336,0.1888888888888888,0.0304290309725094,0.0148148148148148,0.0202860206483394,0.6405185185185185,0.0221117625066882,16.8,7.052186422190873,9.1,2.4,0.6,2.0,5.7,0.3,0.0,0.4,2.3,7.0,,2.5,2.8,,0.6,1.8,1.6,-2.7,0.4388888888888888,0.3769022776952536,0.1405982905982906,0.0500045316842604,0.0222222222222222,0.0357811771510849,0.0833333333333333,0.1087716678191734,0.3183760683760683,0.1241184148654208,0.3989316239316239,0.1846796646766708,0.1499999999999999,0.1143059212000812,0.0194444444444444,0.0284386407402208,0.4843760683760683,0.2297934611942165,14.289,7.16818,1.8966,0.6363,1.25808,0.3175333333333333,0.0,0.4763,9.701080000000001,9.06478,7.804480000000001,2.5329,0.3175333333333333,7.16818,1.8966,0.6363,1.25808,9.70108,0.3175333333333333,0.0,0.4763
3156318,Kristy Wallace,TOR,2026-05-25,0.0,26.0,0.0,0.0,4.0,5,2,3,1,3,0,0,1,1,4,,2,4,,0,2,0,-5,17.0,0.2941176470588235,0.1176470588235294,0.1764705882352941,0.0588235294117647,0.1764705882352941,0.2352941176470588,0.2352941176470588,0.0588235294117647,0.3976470588235294,0.0,17.0,0.0,5.0,2.0,3.0,1.0,3.0,0.0,0.0,1.0,1.0,4.0,,2.0,4.0,,0.0,2.0,0.0,-5.0,0.2941176470588235,0.0,0.1176470588235294,0.0,0.1764705882352941,0.0,0.0588235294117647,0.0,0.1764705882352941,0.0,0.2352941176470588,0.0,0.2352941176470588,0.0,0.0588235294117647,0.0,0.3976470588235294,0.0,17.0,0.0,5.0,2.0,3.0,1.0,3.0,0.0,0.0,1.0,1.0,4.0,,2.0,4.0,,0.0,2.0,0.0,-5.0,0.2941176470588235,0.0,0.1176470588235294,0.0,0.1764705882352941,0.0,0.0588235294117647,0.0,0.1764705882352941,0.0,0.2352941176470588,0.0,0.2352941176470588,0.0,0.0588235294117647,0.0,0.3976470588235294,0.0,17.0,0.0,5.0,2.0,3.0,1.0,3.0,0.0,0.0,1.0,1.0,4.0,,2.0,4.0,,0.0,2.0,0.0,-5.0,0.2941176470588235,0.0,0.1176470588235294,0.0,0.1764705882352941,0.0,0.0588235294117647,0.0,0.1764705882352941,0.0,0.2352941176470588,0.0,0.2352941176470588,0.0,0.0588235294117647,0.0,0.3976470588235294,0.0,17.0,5.0,2.0,3.0,1.0,0.374,0.306,1.02,10.0,7.0,8.0,5.0,0.6799999999999999,5.0,2.0,3.0,1.0,10.0,0.374,0.306,1.02
3904479,Mariella Fasoula,TOR,2026-05-25,0.0,2.0,9.0,15.0,22.0,0,1,0,0,0,0,0,1,0,0,,0,0,,0,1,0,2,3.0,0.0,0.3333333333333333,0.0,0.0,0.0,0.0,0.0,0.3333333333333333,0.3333333333333333,0.0,3.0,0.0,0.0,1.0,0.0,0.0,0.0,0.0,0.0,1.0,0.0,0.0,,0.0,0.0,,0.0,1.0,0.0,2.0,0.0,0.0,0.3333333333333333,0.0,0.0,0.0,0.0,0.0,0.0,0.0,0.0,0.0,0.0,0.0,0.3333333333333333,0.0,0.3333333333333333,0.0,6.2,4.3817804600413295,1.6,1.0,0.4,0.0,0.0,0.4,0.8,1.0,0.8,2.0,,0.0,0.0,,0.4,0.6,1.2,0.4,0.1454545454545454,0.1991718390927876,0.2363636363636363,0.1327812260618584,0.0363636363636363,0.0497929597731969,0.0,0.0,0.0,0.0,0.1818181818181818,0.2489647988659845,0.0,0.0,0.2363636363636363,0.1327812260618584,0.4181818181818181,0.1161835728041261,4.2,4.871686908385363,1.2,0.6,0.3,0.0,0.0,0.3,0.6,0.6,0.6,1.5,,0.0,0.0,,0.3,0.3,0.9,0.0,0.1818181818181818,0.1991718390927876,0.2121212121212121,0.1327812260618584,0.0454545454545454,0.0497929597731969,0.0,0.0,0.0,0.0,0.2272727272727272,0.2489647988659845,0.0,0.0,0.2121212121212121,0.1327812260618584,0.4393939393939394,0.1161835728041261,6.95,1.4320000000000002,1.202,0.358,0.0,0.4633333333333333,0.9266666666666666,0.9266666666666666,2.9920000000000004,2.6340000000000003,1.7900000000000005,1.56,1.39,1.4320000000000002,1.202,0.358,0.0,2.9920000000000004,0.4633333333333333,0.9266666666666666,0.9266666666666666
3904576,Marina Mabrey,TOR,2026-05-25,0.0,2.0,9.0,18.0,25.0,19,5,8,3,8,0,1,4,7,15,,2,3,,3,2,4,-17,28.0,0.6785714285714286,0.1785714285714285,0.2857142857142857,0.1071428571428571,0.2857142857142857,0.5357142857142857,0.1071428571428571,0.1428571428571428,0.7257142857142858,0.0,28.0,0.0,19.0,5.0,8.0,3.0,8.0,0.0,1.0,4.0,7.0,15.0,,2.0,3.0,,3.0,2.0,4.0,-17.0,0.6785714285714286,0.0,0.1785714285714285,0.0,0.2857142857142857,0.0,0.1071428571428571,0.0,0.2857142857142857,0.0,0.5357142857142857,0.0,0.1071428571428571,0.0,0.1428571428571428,0.0,0.7257142857142858,0.0,24.4,4.929503017546492,12.6,3.8,5.2,1.8,8.0,0.8,0.6,4.0,4.6,12.6,,1.6,2.2,,2.2,1.6,3.2,-18.6,0.4703007518796992,0.2851863692273142,0.1492481203007519,0.0401525935013185,0.1924812030075187,0.1276646562606026,0.0642857142857142,0.0586845597326964,0.3398496240601503,0.0741278649255112,0.5109022556390977,0.0339752714241924,0.0853383458646616,0.0298570567061087,0.1699248120300752,0.0370639324627555,0.7183759398496241,0.0100484439121223,26.3,5.437523946307424,17.0,3.9,4.0,2.9,9.4,1.0,0.6,3.3,5.9,14.8,,2.3,2.6,,1.3,2.6,2.9,-9.1,0.586036003470214,0.3246275471909104,0.1435638374783111,0.0322392190222915,0.1450133747831116,0.1016285427888877,0.0960851648351648,0.0771010132946165,0.3586646905725853,0.0990161049079697,0.5453676257952573,0.1422560303763575,0.0974515615962984,0.07758455062069,0.1363034991324465,0.0609502524154404,0.7245498120300752,0.0843269491316676,26.410000000000004,17.33641081081081,4.142313513513514,4.286735135135135,2.822735135135136,1.2848108108108112,0.4282702702702703,2.9978918918918924,25.76545945945946,21.478724324324325,21.623145945945947,8.42904864864865,1.7130810810810817,17.33641081081081,4.142313513513514,4.286735135135135,2.822735135135136,25.76545945945946,1.2848108108108112,0.4282702702702703,2.9978918918918924
3910470,Maria Conde,TOR,2026-05-25,0.0,2.0,9.0,18.0,25.0,8,5,1,1,5,0,0,1,3,9,,1,2,,2,3,2,-21,23.0,0.3478260869565217,0.217391304347826,0.0434782608695652,0.0434782608695652,0.217391304347826,0.391304347826087,0.0869565217391304,0.0434782608695652,0.4730434782608696,0.0,23.0,0.0,8.0,5.0,1.0,1.0,5.0,0.0,0.0,1.0,3.0,9.0,,1.0,2.0,,2.0,3.0,2.0,-21.0,0.3478260869565217,0.0,0.217391304347826,0.0,0.0434782608695652,0.0,0.0434782608695652,0.0,0.217391304347826,0.0,0.391304347826087,0.0,0.0869565217391304,0.0,0.0434782608695652,0.0,0.4730434782608696,0.0,21.8,1.643167672515493,6.0,3.4,1.0,1.0,4.6,0.0,0.0,1.0,2.2,7.8,,0.6,1.2,,1.2,2.2,2.4,-20.6,0.268695652173913,0.1083538102890653,0.1504347826086956,0.0916839933215168,0.0460869565217391,0.003572103635903,0.0460869565217391,0.0035721036359031,0.2104347826086956,0.0095256096957417,0.3547826086956521,0.0500094509026455,0.0521739130434782,0.0476280484787101,0.0460869565217391,0.0035721036359033,0.4238260869565217,0.0673936885973749,25.1,5.606543795720615,4.4,3.0,1.5,0.7,4.3,0.0,0.3,1.0,1.7,7.8,,0.3,0.6,,0.9,2.1,2.7,-11.5,0.1892687747035573,0.1204161914533662,0.1165810276679842,0.0798906978892901,0.0592687747035573,0.025982295717682,0.032391304347826,0.0225326200563462,0.1789723320158102,0.0418845808601453,0.315296442687747,0.054193312514655,0.0260869565217391,0.042003990568665,0.0414822134387351,0.0082227144196167,0.3682569169960474,0.0751210288126624,23.1,6.203288343558282,3.741766871165644,1.0352147239263805,1.141276073619632,0.2834355828220859,0.1417177914110429,1.1337423312883437,10.980269938650306,9.945055214723926,7.238503067484663,4.776981595092025,0.4251533742331289,6.203288343558282,3.741766871165644,1.0352147239263805,1.141276073619632,10.980269938650306,0.2834355828220859,0.1417177914110429,1.1337423312883437
3920741,Kitija Laksa,TOR,2026-05-25,0.0,26.0,0.0,0.0,4.0,0,0,0,0,0,0,0,0,0,0,,0,0,,0,0,0,0,0.0,,,,,,,,,,0.0,0.0,0.0,0.0,0.0,0.0,0.0,0.0,0.0,0.0,0.0,0.0,0.0,,0.0,0.0,,0.0,0.0,0.0,0.0,,,,,,,,,,,,,,,,,,,0.0,0.0,0.0,0.0,0.0,0.0,0.0,0.0,0.0,0.0,0.0,0.0,,0.0,0.0,,0.0,0.0,0.0,0.0,,,,,,,,,,,,,,,,,,,0.0,0.0,0.0,0.0,0.0,0.0,0.0,0.0,0.0,0.0,0.0,0.0,,0.0,0.0,,0.0,0.0,0.0,0.0,,,,,,,,,,,,,,,,,,,8.0,0.0,0.0,0.0,0.0,0.176,0.144,0.48,0.0,0.0,0.0,0.0,0.3199999999999999,0.0,0.0,0.0,0.0,0.0,0.176,0.144,0.48
4001679,Julie Allemand,TOR,2026-05-25,0.0,2.0,9.0,15.0,25.0,0,0,0,0,0,0,0,0,0,0,,0,0,,0,0,0,0,0.0,,,,,,,,,,0.0,0.0,0.0,0.0,0.0,0.0,0.0,0.0,0.0,0.0,0.0,0.0,0.0,,0.0,0.0,,0.0,0.0,0.0,0.0,,,,,,,,,,,,,,,,,,,0.0,0.0,0.0,0.0,0.0,0.0,0.0,0.0,0.0,0.0,0.0,0.0,,0.0,0.0,,0.0,0.0,0.0,0.0,,,,,,,,,,,,,,,,,,,2.1,6.640783086353563,0.5,0.1,0.4,0.1,0.3,0.2,0.0,0.1,0.2,0.4,,0.0,0.0,,0.0,0.1,0.1,-1.8,0.238095238095238,,0.0476190476190476,,0.1904761904761904,,0.0476190476190476,,0.1428571428571428,,0.1904761904761904,,0.0,,0.0476190476190476,,0.238095238095238,,14.533333333333337,1.13,0.7710000000000001,1.34,0.226,1.09,0.0,0.7266666666666667,3.241,1.901,2.47,2.111,1.09,1.13,0.7710000000000001,1.34,0.226,3.2410000000000005,1.09,0.0,0.7266666666666667
4398589,Elizabeth Balogun,TOR,2026-05-25,0.0,24.0,0.0,0.0,7.0,12,1,0,2,3,1,0,0,5,8,,0,0,,1,0,3,-7,15.0,0.8,0.0666666666666666,0.0,0.1333333333333333,0.2,0.5333333333333333,0.0,0.0,0.5333333333333333,0.0,15.0,0.0,12.0,1.0,0.0,2.0,3.0,1.0,0.0,0.0,5.0,8.0,,0.0,0.0,,1.0,0.0,3.0,-7.0,0.8,0.0,0.0666666666666666,0.0,0.0,0.0,0.1333333333333333,0.0,0.2,0.0,0.5333333333333333,0.0,0.0,0.0,0.0,0.0,0.5333333333333333,0.0,15.0,0.0,9.6,2.2,0.0,1.2,2.6,0.6,0.0,0.8,4.2,6.8,,0.0,0.0,,1.0,1.2,3.0,-1.0,0.64,0.2190890230020664,0.1466666666666666,0.1095445115010332,0.0,0.0,0.08,0.0730296743340221,0.1733333333333333,0.036514837167011,0.4533333333333333,0.1095445115010332,0.0,0.0,0.0533333333333333,0.0730296743340221,0.5066666666666666,0.036514837167011,15.0,0.0,9.0,2.5,0.0,1.0,2.5,0.5,0.0,1.0,4.0,6.5,,0.0,0.0,,1.0,1.5,3.0,0.5,0.6,0.2190890230020664,0.1666666666666666,0.1095445115010332,0.0,0.0,0.0666666666666666,0.0730296743340221,0.1666666666666666,0.036514837167011,0.4333333333333333,0.1095445115010332,0.0,0.0,0.0666666666666666,0.0730296743340221,0.5,0.036514837167011,15.0,10.56,1.72,0.0,1.5199999999999998,0.3299999999999999,0.2699999999999999,0.8999999999999999,12.280000000000001,12.28,10.56,1.72,0.5999999999999999,10.56,1.72,0.0,1.5199999999999998,12.28,0.3299999999999999,0.2699999999999999,0.8999999999999999
4398736,Dara Mabrey,TOR,2026-05-25,0.0,26.0,0.0,0.0,4.0,0,3,1,0,3,1,0,0,0,4,,0,0,,0,3,1,1,14.0,0.0,0.2142857142857142,0.0714285714285714,0.0,0.2142857142857142,0.2857142857142857,0.0,0.0,0.2857142857142857,0.0,14.0,0.0,0.0,3.0,1.0,0.0,3.0,1.0,0.0,0.0,0.0,4.0,,0.0,0.0,,0.0,3.0,1.0,1.0,0.0,0.0,0.2142857142857142,0.0,0.0714285714285714,0.0,0.0,0.0,0.2142857142857142,0.0,0.2857142857142857,0.0,0.0,0.0,0.0,0.0,0.2857142857142857,0.0,14.0,0.0,0.0,3.0,1.0,0.0,3.0,1.0,0.0,0.0,0.0,4.0,,0.0,0.0,,0.0,3.0,1.0,1.0,0.0,0.0,0.2142857142857142,0.0,0.0714285714285714,0.0,0.0,0.0,0.2142857142857142,0.0,0.2857142857142857,0.0,0.0,0.0,0.0,0.0,0.2857142857142857,0.0,14.0,0.0,0.0,3.0,1.0,0.0,3.0,1.0,0.0,0.0,0.0,4.0,,0.0,0.0,,0.0,3.0,1.0,1.0,0.0,0.0,0.2142857142857142,0.0,0.0714285714285714,0.0,0.0,0.0,0.2142857142857142,0.0,0.2857142857142857,0.0,0.0,0.0,0.0,0.0,0.2857142857142857,0.0,14.0,0.0,3.0,1.0,0.0,0.308,0.252,0.84,4.0,3.0,1.0,4.0,0.56,0.0,3.0,1.0,0.0,4.0,0.308,0.252,0.84
4398768,Nyara Sabally,TOR,2026-05-25,0.0,2.0,9.0,18.0,25.0,9,3,0,1,1,0,1,0,4,6,,0,0,,1,2,1,-12,23.0,0.391304347826087,0.1304347826086956,0.0,0.0434782608695652,0.0434782608695652,0.2608695652173913,0.0,0.0,0.2608695652173913,0.0,23.0,0.0,9.0,3.0,0.0,1.0,1.0,0.0,1.0,0.0,4.0,6.0,,0.0,0.0,,1.0,2.0,1.0,-12.0,0.391304347826087,0.0,0.1304347826086956,0.0,0.0,0.0,0.0434782608695652,0.0,0.0434782608695652,0.0,0.2608695652173913,0.0,0.0,0.0,0.0,0.0,0.2608695652173913,0.0,13.8,12.597618822618822,5.4,1.8,0.0,0.6,0.6,0.0,0.6,0.0,2.4,3.6,,0.0,0.0,,0.6,1.2,0.6,-7.2,0.391304347826087,0.0,0.1304347826086956,0.0,0.0,0.0,0.0434782608695652,0.0,0.0434782608695652,0.0,0.2608695652173913,0.0,0.0,0.0,0.0,0.0,0.2608695652173913,0.0,8.9,11.52244187083045,3.4,1.3,0.4,0.3,0.3,0.1,0.4,0.2,1.5,2.2,,0.1,0.1,,0.5,0.8,0.4,-2.6,0.3809782608695652,0.0206521739130442,0.1478260869565217,0.0347826086956523,0.05,0.0999999999999999,0.0326086956521739,0.0217391304347826,0.0326086956521739,0.0217391304347826,0.2456521739130434,0.0304347826086955,0.0125,0.0250000000000006,0.025,0.05,0.2761521739130435,0.0305652173913035,19.634,7.053678048780487,3.4819414634146346,0.9897560975609756,0.3837756097560975,1.117382113821138,1.117382113821138,0.798130081300813,11.525375609756098,10.535619512195122,8.043434146341463,4.47169756097561,2.234764227642276,7.053678048780487,3.4819414634146346,0.9897560975609756,0.3837756097560975,11.525375609756098,1.117382113821138,1.117382113821138,0.798130081300813
4399342,Lexi Held,TOR,2026-05-25,0.0,2.0,9.0,18.0,28.0,3,2,1,1,1,0,0,0,1,2,,0,0,,1,1,2,6,8.0,0.375,0.25,0.125,0.125,0.125,0.25,0.0,0.0,0.25,0.0,8.0,0.0,3.0,2.0,1.0,1.0,1.0,0.0,0.0,0.0,1.0,2.0,,0.0,0.0,,1.0,1.0,2.0,6.0,0.375,0.0,0.25,0.0,0.125,0.0,0.125,0.0,0.125,0.0,0.25,0.0,0.0,0.0,0.0,0.0,0.25,0.0,14.0,8.215838362577493,3.0,1.6,1.8,1.0,1.8,0.0,0.0,0.4,1.0,3.6,,0.0,0.0,,0.6,1.0,2.4,-0.8,0.2771739130434782,0.1339538863463724,0.167391304347826,0.1131166151369365,0.1271739130434782,0.0029767530299191,0.0923913043478261,0.0446512954487907,0.1271739130434782,0.0029767530299186,0.2543478260869565,0.0059535060598373,0.0,0.0,0.017391304347826,0.023814024239355,0.2717391304347826,0.029767530299194,12.5,7.337120234351709,2.7,1.2,1.5,0.6,1.2,0.0,0.0,0.6,0.9,3.0,,0.3,0.3,,0.3,0.9,1.8,-0.7,0.2516304347826087,0.1386719845883403,0.1213768115942028,0.0959657407701175,0.109963768115942,0.0394847813115712,0.0505434782608695,0.0547718962381012,0.0766304347826087,0.0659902873264245,0.219927536231884,0.0789695626231425,0.0333333333333333,0.0536717657266275,0.0463768115942028,0.0485340979854152,0.2809710144927536,0.1126534357922458,9.9,2.148,1.112,1.092,0.584,0.0,0.0,0.36,4.352,3.26,3.24,2.204,0.0,2.148,1.112,1.092,0.584,4.352,0.0,0.0,0.36
4434020,Teonni Key,TOR,2026-05-25,0.0,2.0,9.0,18.0,28.0,4,2,0,0,0,0,1,1,2,2,,0,0,,1,1,2,-6,11.0,0.3636363636363636,0.1818181818181818,0.0,0.0,0.0,0.1818181818181818,0.0,0.0909090909090909,0.2727272727272727,0.0,11.0,0.0,4.0,2.0,0.0,0.0,0.0,0.0,1.0,1.0,2.0,2.0,,0.0,0.0,,1.0,1.0,2.0,-6.0,0.3636363636363636,0.0,0.1818181818181818,0.0,0.0,0.0,0.0,0.0,0.0,0.0,0.1818181818181818,0.0,0.0,0.0,0.0909090909090909,0.0,0.2727272727272727,0.0,13.0,2.738612787525827,4.0,2.4,0.0,0.0,0.4,0.4,1.0,1.0,2.0,3.2,,0.0,0.0,,1.4,1.0,1.6,-8.4,0.3181818181818182,0.0622411997164961,0.184090909090909,0.0031120599858231,0.0,0.0,0.0,0.0,0.025,0.034232659844073,0.234090909090909,0.0715773796739705,0.0,0.0,0.0795454545454545,0.0155602999291239,0.3136363636363636,0.0560170797448465,13.4,3.306559138036597,3.9,2.8,0.0,0.3,1.3,0.7,0.7,1.2,1.7,3.6,,0.2,0.2,,1.2,1.6,2.3,-3.9,0.2959090909090909,0.0491175573014549,0.2003409090909091,0.0526530139311422,0.0,0.0,0.0272727272727272,0.0439132628672407,0.1055681818181818,0.1182806623360075,0.2601136363636364,0.0564621420497706,0.01,0.0316227766016837,0.1005681818181818,0.0619552707887908,0.3650818181818182,0.0747877492509067,12.117,3.669199999999999,2.651,0.1730999999999999,0.1970999999999999,0.4327499999999999,0.8654999999999999,0.72125,6.493299999999999,6.320199999999999,3.842299999999999,2.8241,1.29825,3.669199999999999,2.651,0.1730999999999999,0.1970999999999999,6.493299999999999,0.4327499999999999,0.8654999999999999,0.72125
4565505,Kiki Rice,TOR,2026-05-25,0.0,2.0,9.0,18.0,28.0,19,5,3,0,1,2,1,1,8,11,,3,4,,2,3,2,-17,30.0,0.6333333333333333,0.1666666666666666,0.1,0.0,0.0333333333333333,0.3666666666666666,0.1333333333333333,0.0333333333333333,0.4586666666666666,0.0,30.0,0.0,19.0,5.0,3.0,0.0,1.0,2.0,1.0,1.0,8.0,11.0,,3.0,4.0,,2.0,3.0,2.0,-17.0,0.6333333333333333,0.0,0.1666666666666666,0.0,0.1,0.0,0.0,0.0,0.0333333333333333,0.0,0.3666666666666666,0.0,0.1333333333333333,0.0,0.0333333333333333,0.0,0.4586666666666666,0.0,27.2,3.834057902536162,15.8,5.4,3.4,0.8,1.8,1.2,0.6,0.6,6.0,9.4,,3.0,4.0,,1.6,3.8,1.6,-15.0,0.5713043478260869,0.0849366864536992,0.2043478260869565,0.0515970525186026,0.1295652173913043,0.0404838412069035,0.0347826086956521,0.0476280484787101,0.0721739130434782,0.0531846541345596,0.3417391304347826,0.0341334347430756,0.1495652173913043,0.0222264226233978,0.02,0.0182574185835055,0.4275478260869566,0.0426112273722863,29.6,4.926120853842975,15.4,5.9,3.2,1.3,2.1,1.2,0.3,0.9,5.3,8.3,,3.5,4.9,,1.6,4.3,2.9,-4.3,0.5201169163317501,0.0836138990398233,0.2043112897332846,0.0442617032882271,0.1143587869930581,0.0429206321234775,0.0465911582024114,0.0367784646535695,0.0753489221775666,0.0412660632098269,0.2859261965655827,0.0691903653836193,0.1648629886737303,0.0456849949343822,0.0276470588235294,0.0259708331162877,0.3861129704055536,0.0542961537750331,27.911,14.869242857142858,4.704400000000001,2.744228571428572,1.0441285714285715,0.6134285714285714,0.1533571428571428,0.6134285714285714,22.31787142857143,19.573642857142858,17.61347142857143,7.448628571428572,0.7667857142857143,14.869242857142858,4.704400000000001,2.744228571428572,1.0441285714285715,22.31787142857143,0.6134285714285714,0.1533571428571428,0.6134285714285714
4874475,Nikolina Milic,TOR,2026-05-25,0.0,2.0,9.0,15.0,22.0,1,2,0,0,1,0,0,1,0,2,,1,2,,0,2,1,1,8.0,0.125,0.25,0.0,0.0,0.125,0.25,0.25,0.125,0.485,0.0,8.0,0.0,1.0,2.0,0.0,0.0,1.0,0.0,0.0,1.0,0.0,2.0,,1.0,2.0,,0.0,2.0,1.0,1.0,0.125,0.0,0.25,0.0,0.0,0.0,0.0,0.0,0.125,0.0,0.25,0.0,0.25,0.0,0.125,0.0,0.485,0.0,10.4,3.2863353450309964,3.8,1.6,0.4,0.0,1.0,0.0,0.0,0.6,1.6,3.6,,0.6,1.2,,0.0,1.6,1.4,-3.8,0.3035714285714285,0.2445189988862348,0.1785714285714285,0.0978075995544939,0.0285714285714285,0.0391230398217976,0.0,0.0,0.1035714285714285,0.0293422798663481,0.3214285714285714,0.0978075995544938,0.15,0.1369306393762915,0.075,0.0684653196881456,0.4624285714285713,0.0309072014592198,10.1,3.0713731999438507,3.9,1.5,0.3,0.0,0.6,0.0,0.0,0.8,1.8,3.6,,0.3,0.6,,0.3,1.2,1.3,-5.1,0.3289285714285714,0.2171857335488287,0.1564285714285714,0.0931588505112178,0.0214285714285714,0.0345032779671177,0.0,0.0,0.0589285714285714,0.0552321938555335,0.3235714285714285,0.1380562342291134,0.075,0.1207614728849119,0.1075,0.1160998133791207,0.4640714285714286,0.0381116780003188,9.309,2.806574468085106,1.4170297872340427,0.3176765957446809,0.0,0.0,0.0,0.9903191489361703,4.54128085106383,4.223604255319149,3.124251063829787,1.7347063829787237,0.0,2.806574468085106,1.4170297872340427,0.3176765957446809,0.0,4.54128085106383,0.0,0.0,0.9903191489361703
5107752,Charlise Dunn,TOR,2026-05-25,0.0,26.0,0.0,0.0,4.0,0,0,0,0,0,0,0,0,0,0,,0,0,,0,0,0,0,0.0,,,,,,,,,,0.0,0.0,0.0,0.0,0.0,0.0,0.0,0.0,0.0,0.0,0.0,0.0,0.0,,0.0,0.0,,0.0,0.0,0.0,0.0,,,,,,,,,,,,,,,,,,,0.0,0.0,0.0,0.0,0.0,0.0,0.0,0.0,0.0,0.0,0.0,0.0,,0.0,0.0,,0.0,0.0,0.0,0.0,,,,,,,,,,,,,,,,,,,0.0,0.0,0.0,0.0,0.0,0.0,0.0,0.0,0.0,0.0,0.0,0.0,,0.0,0.0,,0.0,0.0,0.0,0.0,,,,,,,,,,,,,,,,,,,8.0,0.0,0.0,0.0,0.0,0.176,0.144,0.48,0.0,0.0,0.0,0.0,0.3199999999999999,0.0,0.0,0.0,0.0,0.0,0.176,0.144,0.48
5345334,Saffron Shiels,TOR,2026-05-25,0.0,26.0,0.0,0.0,4.0,0,0,0,0,0,0,0,0,0,0,,0,0,,0,0,0,0,0.0,,,,,,,,,,0.0,0.0,0.0,0.0,0.0,0.0,0.0,0.0,0.0,0.0,0.0,0.0,0.0,,0.0,0.0,,0.0,0.0,0.0,0.0,,,,,,,,,,,,,,,,,,,0.0,0.0,0.0,0.0,0.0,0.0,0.0,0.0,0.0,0.0,0.0,0.0,,0.0,0.0,,0.0,0.0,0.0,0.0,,,,,,,,,,,,,,,,,,,0.0,0.0,0.0,0.0,0.0,0.0,0.0,0.0,0.0,0.0,0.0,0.0,,0.0,0.0,,0.0,0.0,0.0,0.0,,,,,,,,,,,,,,,,,,,8.0,0.0,0.0,0.0,0.0,0.176,0.144,0.48,0.0,0.0,0.0,0.0,0.3199999999999999,0.0,0.0,0.0,0.0,0.0,0.176,0.144,0.48
5345444,Laura Juskaite,TOR,2026-05-25,0.0,2.0,9.0,18.0,28.0,3,2,1,0,1,0,0,1,1,3,,1,1,,0,2,3,-5,20.0,0.15,0.1,0.05,0.0,0.05,0.15,0.05,0.05,0.2219999999999999,0.0,20.0,0.0,3.0,2.0,1.0,0.0,1.0,0.0,0.0,1.0,1.0,3.0,,1.0,1.0,,0.0,2.0,3.0,-5.0,0.15,0.0,0.1,0.0,0.05,0.0,0.0,0.0,0.05,0.0,0.15,0.0,0.05,0.0,0.05,0.0,0.2219999999999999,0.0,22.4,3.286335345030996,4.6,2.4,1.4,0.4,3.0,0.0,0.0,1.8,1.4,4.6,,1.4,1.4,,0.8,1.6,3.8,-11.8,0.1976923076923077,0.0653053818563844,0.1061538461538461,0.0084265008846961,0.0607692307692307,0.014746376548216,0.0153846153846153,0.0210662522117371,0.1223076923076923,0.0990113853951646,0.1976923076923076,0.0653053818563852,0.0607692307692307,0.0147463765482164,0.0761538461538461,0.0358126287599531,0.3005846153846153,0.1076064162975538,22.8,2.529822128134709,6.7,3.5,1.0,0.9,3.1,0.2,0.0,2.0,2.1,5.0,,1.6,1.7,,1.1,2.4,4.3,-5.3,0.2895373467112597,0.1177831017305932,0.1536422997292562,0.0599514115886042,0.0428388278388278,0.0319155156973299,0.0376254180602006,0.0379553231508075,0.1281231087752826,0.0791729996243924,0.2147961458831024,0.049495295468021,0.0736876891224717,0.017343999318767,0.0852261506609332,0.0269989004735995,0.3324448797579232,0.0822813465222006,20.76,6.2659854014598535,3.248992700729927,1.1833576642335766,0.6735182481751825,1.0607299270072992,0.0,1.666861313868613,10.698335766423355,9.51497810218978,7.44934306569343,4.432350364963503,1.0607299270072992,6.2659854014598535,3.248992700729927,1.1833576642335766,0.6735182481751825,10.698335766423355,1.0607299270072992,0.0,1.666861313868613
5345503,Maddison Rocci,TOR,2026-05-25,0.0,26.0,0.0,0.0,4.0,11,2,3,0,0,1,0,3,2,6,,7,7,,0,2,4,-13,14.0,0.7857142857142857,0.1428571428571428,0.2142857142857142,0.0,0.0,0.4285714285714285,0.5,0.2142857142857142,0.8628571428571429,0.0,14.0,0.0,11.0,2.0,3.0,0.0,0.0,1.0,0.0,3.0,2.0,6.0,,7.0,7.0,,0.0,2.0,4.0,-13.0,0.7857142857142857,0.0,0.1428571428571428,0.0,0.2142857142857142,0.0,0.0,0.0,0.0,0.0,0.4285714285714285,0.0,0.5,0.0,0.2142857142857142,0.0,0.8628571428571429,0.0,14.0,0.0,11.0,2.0,3.0,0.0,0.0,1.0,0.0,3.0,2.0,6.0,,7.0,7.0,,0.0,2.0,4.0,-13.0,0.7857142857142857,0.0,0.1428571428571428,0.0,0.2142857142857142,0.0,0.0,0.0,0.0,0.0,0.4285714285714285,0.0,0.5,0.0,0.2142857142857142,0.0,0.8628571428571429,0.0,14.0,0.0,11.0,2.0,3.0,0.0,0.0,1.0,0.0,3.0,2.0,6.0,,7.0,7.0,,0.0,2.0,4.0,-13.0,0.7857142857142857,0.0,0.1428571428571428,0.0,0.2142857142857142,0.0,0.0,0.0,0.0,0.0,0.4285714285714285,0.0,0.5,0.0,0.2142857142857142,0.0,0.8628571428571429,0.0,14.0,11.0,2.0,3.0,0.0,0.308,0.252,0.84,16.0,13.0,14.0,5.0,0.56,11.0,2.0,3.0,0.0,16.0,0.308,0.252,0.84
4281233,Kamaria McDaniel,WSH,2026-05-25,0.0,30.0,0.0,0.0,4.0,1,1,1,0,1,0,1,0,0,2,,1,4,,1,0,1,4,8.0,0.125,0.125,0.125,0.0,0.125,0.25,0.5,0.0,0.47,0.0,8.0,0.0,1.0,1.0,1.0,0.0,1.0,0.0,1.0,0.0,0.0,2.0,,1.0,4.0,,1.0,0.0,1.0,4.0,0.125,0.0,0.125,0.0,0.125,0.0,0.0,0.0,0.125,0.0,0.25,0.0,0.5,0.0,0.0,0.0,0.47,0.0,8.0,0.0,1.0,1.0,1.0,0.0,1.0,0.0,1.0,0.0,0.0,2.0,,1.0,4.0,,1.0,0.0,1.0,4.0,0.125,0.0,0.125,0.0,0.125,0.0,0.0,0.0,0.125,0.0,0.25,0.0,0.5,0.0,0.0,0.0,0.47,0.0,8.0,0.0,1.0,1.0,1.0,0.0,1.0,0.0,1.0,0.0,0.0,2.0,,1.0,4.0,,1.0,0.0,1.0,4.0,0.125,0.0,0.125,0.0,0.125,0.0,0.0,0.0,0.125,0.0,0.25,0.0,0.5,0.0,0.0,0.0,0.47,0.0,8.0,1.0,1.0,1.0,0.0,0.176,0.144,0.48,3.0,2.0,2.0,2.0,0.3199999999999999,1.0,1.0,1.0,0.0,3.0,0.176,0.144,0.48
4281923,Mya Hollingshed,WSH,2026-05-25,0.0,30.0,0.0,0.0,4.0,0,0,0,0,0,0,0,0,0,0,,0,0,,0,0,0,0,0.0,,,,,,,,,,0.0,0.0,0.0,0.0,0.0,0.0,0.0,0.0,0.0,0.0,0.0,0.0,0.0,,0.0,0.0,,0.0,0.0,0.0,0.0,,,,,,,,,,,,,,,,,,,0.0,0.0,0.0,0.0,0.0,0.0,0.0,0.0,0.0,0.0,0.0,0.0,,0.0,0.0,,0.0,0.0,0.0,0.0,,,,,,,,,,,,,,,,,,,0.0,0.0,0.0,0.0,0.0,0.0,0.0,0.0,0.0,0.0,0.0,0.0,,0.0,0.0,,0.0,0.0,0.0,0.0,,,,,,,,,,,,,,,,,,,8.0,0.0,0.0,0.0,0.0,0.176,0.144,0.48,0.0,0.0,0.0,0.0,0.3199999999999999,0.0,0.0,0.0,0.0,0.0,0.176,0.144,0.48
4282173,Michaela Onyenwere,WSH,2026-05-25,0.0,1.0,3.0,6.0,13.0,6,0,0,0,1,1,0,2,1,3,,4,4,,0,0,4,6,17.0,0.3529411764705882,0.0,0.0,0.0,0.0588235294117647,0.1764705882352941,0.2352941176470588,0.1176470588235294,0.3976470588235294,0.0,17.0,0.0,6.0,0.0,0.0,0.0,1.0,1.0,0.0,2.0,1.0,3.0,,4.0,4.0,,0.0,0.0,4.0,6.0,0.3529411764705882,0.0,0.0,0.0,0.0,0.0,0.0,0.0,0.0588235294117647,0.0,0.1764705882352941,0.0,0.2352941176470588,0.0,0.1176470588235294,0.0,0.3976470588235294,0.0,10.2,9.311283477587825,3.6,0.0,0.0,0.0,0.6,0.6,0.0,1.2,0.6,1.8,,2.4,2.4,,0.0,0.0,2.4,3.6,0.3529411764705882,0.0,0.0,0.0,0.0,0.0,0.0,0.0,0.0588235294117647,0.0,0.1764705882352941,0.0,0.2352941176470588,0.0,0.1176470588235294,0.0,0.3976470588235294,0.0,5.1,8.211780156174015,1.8,0.0,0.0,0.0,0.3,0.3,0.0,0.6,0.3,0.9,,1.2,1.2,,0.0,0.0,1.2,1.8,0.3529411764705882,0.0,0.0,0.0,0.0,0.0,0.0,0.0,0.0588235294117647,0.0,0.1764705882352941,0.0,0.2352941176470588,0.0,0.1176470588235294,0.0,0.3976470588235294,0.0,13.906,4.32,0.0,0.0,0.0,0.305932,0.250308,0.8343599999999999,4.32,4.32,4.32,0.0,0.55624,4.32,0.0,0.0,0.0,4.32,0.305932,0.250308,0.8343599999999999
4398911,Shakira Austin,WSH,2026-05-25,0.0,1.0,6.0,9.0,19.0,12,4,0,1,2,2,2,1,4,7,,3,3,,0,4,3,-10,29.0,0.4137931034482758,0.1379310344827586,0.0,0.0344827586206896,0.0689655172413793,0.2413793103448276,0.1034482758620689,0.0344827586206896,0.3213793103448276,0.0,29.0,0.0,12.0,4.0,0.0,1.0,2.0,2.0,2.0,1.0,4.0,7.0,,3.0,3.0,,0.0,4.0,3.0,-10.0,0.4137931034482758,0.0,0.1379310344827586,0.0,0.0,0.0,0.0344827586206896,0.0,0.0689655172413793,0.0,0.2413793103448276,0.0,0.1034482758620689,0.0,0.0344827586206896,0.0,0.3213793103448276,0.0,27.8,1.6431676725155075,12.0,4.0,0.4,0.6,1.2,1.6,1.2,2.2,4.4,8.2,,2.6,2.6,,0.0,4.0,1.8,-12.0,0.4328912466843501,0.026151209642157,0.1442970822281167,0.0087170698807185,0.0153846153846153,0.0210662522117372,0.0206896551724137,0.0188869847415574,0.0413793103448275,0.0377739694831149,0.2986737400530504,0.0784536289264694,0.0928381962864721,0.0145284498011979,0.0822281167108753,0.0653780241053911,0.4217506631299734,0.1374391351193335,30.0,3.4641016151377526,14.5,6.1,2.2,0.3,0.7,0.9,1.5,2.5,5.4,9.7,,3.4,4.1,,0.5,5.6,2.6,-5.5,0.4787313768043991,0.0603870891132243,0.1972479515075864,0.0675345683106957,0.0677773207184972,0.0650397219201132,0.0103448275862068,0.0166567548806775,0.0237199582027168,0.0325928369418684,0.3242511714114148,0.063589623495936,0.1312950065485562,0.057414136888527,0.0859995650056502,0.0525869885724389,0.4680205392984297,0.1067010905038433,29.207,13.995756,6.207463999999999,1.633936,0.4048279999999999,0.9735666666666668,1.3629933333333333,2.141846666666667,21.837155999999997,20.20322,15.629692,7.841399999999999,2.33656,13.995756,6.207463999999999,1.633936,0.4048279999999999,21.837156,0.9735666666666668,1.3629933333333333,2.141846666666667
4433411,Angela Dugalic,WSH,2026-05-25,0.0,1.0,6.0,9.0,22.0,13,3,1,1,1,1,0,0,5,6,,2,3,,1,2,0,3,12.0,1.0833333333333333,0.25,0.0833333333333333,0.0833333333333333,0.0833333333333333,0.5,0.25,0.0,0.61,0.0,12.0,0.0,13.0,3.0,1.0,1.0,1.0,1.0,0.0,0.0,5.0,6.0,,2.0,3.0,,1.0,2.0,0.0,3.0,1.0833333333333333,0.0,0.25,0.0,0.0833333333333333,0.0,0.0833333333333333,0.0,0.0833333333333333,0.0,0.5,0.0,0.25,0.0,0.0,0.0,0.61,0.0,12.4,0.5477225575051661,8.6,3.0,1.0,0.6,0.6,0.6,0.4,0.0,3.4,4.4,,1.2,1.8,,0.6,2.4,0.4,-3.0,0.7115384615384615,0.5091010951169813,0.2423076923076922,0.010533126105867,0.0807692307692307,0.0035110420352894,0.05,0.0456435464587638,0.05,0.0456435464587638,0.3615384615384616,0.1895962699056344,0.15,0.1369306393762915,0.0,0.0,0.4275384615384615,0.2498457512312026,10.3,3.093002855909877,5.0,2.9,0.6,0.4,0.6,0.4,0.6,0.0,2.0,2.8,,0.6,1.1,,0.3,2.6,0.9,-4.5,0.4211538461538461,0.4793669006780739,0.3142307692307692,0.1290364075651424,0.048076923076923,0.0414607006665219,0.0349999999999999,0.0454402334370633,0.0549999999999999,0.0946240122997524,0.2361538461538461,0.2168766998978449,0.095,0.1234908903522847,0.0,0.0,0.2779538461538461,0.2693338513284218,11.38,6.7782641509433965,2.8667924528301887,0.6256603773584906,0.5536603773584905,0.429433962264151,0.429433962264151,0.2147169811320755,10.270716981132077,9.645056603773586,7.403924528301887,3.4924528301886792,0.858867924528302,6.7782641509433965,2.8667924528301887,0.6256603773584906,0.5536603773584905,10.270716981132075,0.429433962264151,0.429433962264151,0.2147169811320755
4433416,Madison Scott,WSH,2026-05-25,0.0,22.0,0.0,0.0,7.0,0,0,0,0,0,1,0,1,0,1,,0,0,,0,0,1,-2,5.0,0.0,0.0,0.0,0.0,0.0,0.2,0.0,0.2,0.4,0.0,5.0,0.0,0.0,0.0,0.0,0.0,0.0,1.0,0.0,1.0,0.0,1.0,,0.0,0.0,,0.0,0.0,1.0,-2.0,0.0,0.0,0.0,0.0,0.0,0.0,0.0,0.0,0.0,0.0,0.2,0.0,0.0,0.0,0.2,0.0,0.4,0.0,5.8,1.0954451150103324,0.0,0.4,0.0,0.0,0.0,1.0,0.0,0.6,0.0,1.4,,0.0,0.0,,0.0,0.4,0.6,-1.6,0.0,0.0,0.0571428571428571,0.0782460796435951,0.0,0.0,0.0,0.0,0.0,0.0,0.2342857142857143,0.0469476477861571,0.0,0.0,0.12,0.1095445115010332,0.3542857142857143,0.0625968637148761,6.0,1.0954451150103324,0.0,0.5,0.0,0.0,0.0,1.0,0.0,0.5,0.0,1.5,,0.0,0.0,,0.0,0.5,0.5,-1.5,0.0,0.0,0.0714285714285714,0.0782460796435951,0.0,0.0,0.0,0.0,0.0,0.0,0.2428571428571428,0.046947647786157,0.0,0.0,0.1,0.1095445115010332,0.3428571428571428,0.0625968637148761,8.0,0.0,0.24,0.0,0.0,0.176,0.144,0.48,0.24,0.24,0.0,0.24,0.3199999999999999,0.0,0.24,0.0,0.0,0.24,0.176,0.144,0.48
4433523,Rori Harmon,WSH,2026-05-25,0.0,1.0,6.0,9.0,22.0,2,1,0,0,1,0,0,1,1,2,,0,0,,0,1,1,-2,3.0,0.6666666666666666,0.3333333333333333,0.0,0.0,0.3333333333333333,0.6666666666666666,0.0,0.3333333333333333,1.0,0.0,3.0,0.0,2.0,1.0,0.0,0.0,1.0,0.0,0.0,1.0,1.0,2.0,,0.0,0.0,,0.0,1.0,1.0,-2.0,0.6666666666666666,0.0,0.3333333333333333,0.0,0.0,0.0,0.0,0.0,0.3333333333333333,0.0,0.6666666666666666,0.0,0.0,0.0,0.3333333333333333,0.0,1.0,0.0,3.8,1.095445115010336,2.0,1.0,0.8,0.0,1.0,0.0,0.0,1.0,0.6,2.0,,0.8,0.8,,0.0,1.0,1.4,-2.0,0.5599999999999999,0.1460593486680441,0.2799999999999999,0.0730296743340221,0.16,0.2190890230020664,0.0,0.0,0.2799999999999999,0.073029674334022,0.5599999999999999,0.1460593486680444,0.16,0.2190890230020664,0.2799999999999999,0.0730296743340222,0.9104,0.1226898528811572,7.3,5.73585215987998,1.8,1.2,1.3,0.1,0.9,0.4,0.0,1.4,0.4,1.5,,0.9,1.2,,0.0,1.2,1.3,-1.9,0.3669696969696969,0.2409005850166717,0.2069696969696969,0.0946343002506681,0.1715151515151515,0.1686285913163576,0.0045454545454545,0.0143739893644017,0.1736363636363636,0.1376115736763171,0.3336363636363636,0.282606153752825,0.1866666666666666,0.1762900714742935,0.216060606060606,0.0914095837545311,0.631830303030303,0.3460198758563405,9.33,1.5430508474576272,1.1750508474576271,1.0699322033898304,0.1028813559322033,0.7906779661016949,0.0,1.7394915254237289,3.7880338983050845,2.718101694915254,2.6129830508474576,2.2449830508474573,0.7906779661016949,1.5430508474576272,1.1750508474576271,1.0699322033898304,0.1028813559322033,3.788033898305085,0.7906779661016949,0.0,1.7394915254237289
4433524,Sonia Citron,WSH,2026-05-25,0.0,1.0,6.0,9.0,22.0,16,5,2,0,2,2,0,2,3,6,,10,11,,1,4,2,-8,32.0,0.5,0.15625,0.0625,0.0,0.0625,0.1875,0.34375,0.0625,0.40125,0.0,32.0,0.0,16.0,5.0,2.0,0.0,2.0,2.0,0.0,2.0,3.0,6.0,,10.0,11.0,,1.0,4.0,2.0,-8.0,0.5,0.0,0.15625,0.0,0.0625,0.0,0.0,0.0,0.0625,0.0,0.1875,0.0,0.34375,0.0,0.0625,0.0,0.40125,0.0,29.6,3.286335345031002,12.4,3.4,1.6,0.4,2.0,1.6,0.0,3.2,3.0,6.0,,6.0,6.6,,0.6,2.8,2.4,-6.4,0.4076923076923077,0.126397513270423,0.1091346153846154,0.064515397398445,0.0528846153846153,0.0131664076323357,0.0153846153846153,0.0210662522117372,0.0682692307692307,0.0078998445794011,0.2048076923076923,0.0236995337382032,0.20625,0.1882796291424008,0.1144230769230769,0.0710986012146129,0.4099807692307692,0.0119550981301612,32.4,5.059644256269414,17.6,4.1,2.3,0.6,3.0,1.4,0.3,2.9,5.2,9.0,,6.6,7.3,,0.9,3.2,2.0,-2.1,0.5148335582546109,0.2133644809537729,0.119670771479982,0.0563239529472611,0.0674229644624381,0.0279393697464439,0.0194331983805668,0.0174449615660555,0.0900725371120108,0.0322462484978914,0.2693404183535762,0.080348394990722,0.2098501461988304,0.1487122782861202,0.0977873369320737,0.0653524903716816,0.4594618196131353,0.0621541140588362,31.926,17.10193734939759,3.8965084337349394,1.806556626506024,0.6809759036144577,1.5386024096385542,0.5769759036144578,2.500228915662651,22.805002409638554,20.99844578313253,18.90849397590361,5.703065060240963,2.115578313253012,17.10193734939759,3.8965084337349394,1.806556626506024,0.6809759036144577,22.80500240963856,1.5386024096385542,0.5769759036144578,2.500228915662651
4433815,Lucy Olsen,WSH,2026-05-25,0.0,1.0,6.0,9.0,22.0,0,2,2,0,1,0,0,0,0,1,,0,0,,0,2,0,-3,4.0,0.0,0.5,0.5,0.0,0.25,0.25,0.0,0.0,0.25,0.0,4.0,0.0,0.0,2.0,2.0,0.0,1.0,0.0,0.0,0.0,0.0,1.0,,0.0,0.0,,0.0,2.0,0.0,-3.0,0.0,0.0,0.5,0.0,0.5,0.0,0.0,0.0,0.25,0.0,0.25,0.0,0.0,0.0,0.0,0.0,0.25,0.0,6.4,3.286335345030997,3.2,1.2,2.0,0.0,0.6,0.0,0.0,0.0,1.2,1.8,,0.8,0.8,,0.0,1.2,0.8,-1.4,0.32,0.438178046004133,0.3,0.2738612787525831,0.38,0.1643167672515499,0.0,0.0,0.15,0.1369306393762915,0.2699999999999999,0.0273861278752584,0.08,0.1095445115010332,0.0,0.0,0.3052,0.0755857129357128,4.7,4.110960958218894,2.9,0.6,1.3,0.1,0.4,0.0,0.0,0.0,1.1,1.4,,0.6,0.6,,0.0,0.6,0.7,-0.2,0.4857142857142857,0.459813626840888,0.2142857142857142,0.2672612419124244,0.3285714285714285,0.1603567451474546,0.0285714285714285,0.0755928946018454,0.1357142857142857,0.1281739888923311,0.2928571428571428,0.0534522483824849,0.0857142857142857,0.1069044967649697,0.0,0.0,0.3305714285714285,0.0754869903644708,7.7375,2.761120689655172,0.8961724137931034,1.7045172413793104,0.1680862068965517,0.0,0.0,0.5336206896551724,5.361810344827585,3.6572931034482754,4.4656379310344825,2.6006896551724137,0.0,2.761120689655172,0.8961724137931034,1.7045172413793104,0.1680862068965517,5.361810344827585,0.0,0.0,0.5336206896551724
4565510,Nyla Harris,WSH,2026-05-25,0.0,30.0,0.0,0.0,4.0,4,2,0,0,0,0,0,0,2,2,,0,0,,2,0,2,1,11.0,0.3636363636363636,0.1818181818181818,0.0,0.0,0.0,0.1818181818181818,0.0,0.0,0.1818181818181818,0.0,11.0,0.0,4.0,2.0,0.0,0.0,0.0,0.0,0.0,0.0,2.0,2.0,,0.0,0.0,,2.0,0.0,2.0,1.0,0.3636363636363636,0.0,0.1818181818181818,0.0,0.0,0.0,0.0,0.0,0.0,0.0,0.1818181818181818,0.0,0.0,0.0,0.0,0.0,0.1818181818181818,0.0,11.0,0.0,4.0,2.0,0.0,0.0,0.0,0.0,0.0,0.0,2.0,2.0,,0.0,0.0,,2.0,0.0,2.0,1.0,0.3636363636363636,0.0,0.1818181818181818,0.0,0.0,0.0,0.0,0.0,0.0,0.0,0.1818181818181818,0.0,0.0,0.0,0.0,0.0,0.1818181818181818,0.0,11.0,0.0,4.0,2.0,0.0,0.0,0.0,0.0,0.0,0.0,2.0,2.0,,0.0,0.0,,2.0,0.0,2.0,1.0,0.3636363636363636,0.0,0.1818181818181818,0.0,0.0,0.0,0.0,0.0,0.0,0.0,0.1818181818181818,0.0,0.0,0.0,0.0,0.0,0.1818181818181818,0.0,11.0,4.0,2.0,0.0,0.0,0.242,0.1979999999999999,0.6599999999999999,6.0,6.0,4.0,2.0,0.4399999999999999,4.0,2.0,0.0,0.0,6.0,0.242,0.1979999999999999,0.6599999999999999
4583144,Cotie McMahon,WSH,2026-05-25,0.0,1.0,6.0,9.0,19.0,2,2,1,0,1,1,0,0,0,3,,2,2,,2,0,4,-8,16.0,0.125,0.125,0.0625,0.0,0.0625,0.1875,0.125,0.0,0.2425,0.0,16.0,0.0,2.0,2.0,1.0,0.0,1.0,1.0,0.0,0.0,0.0,3.0,,2.0,2.0,,2.0,0.0,4.0,-8.0,0.125,0.0,0.125,0.0,0.0625,0.0,0.0,0.0,0.0625,0.0,0.1875,0.0,0.125,0.0,0.0,0.0,0.2425,0.0,18.0,2.7386127875258417,4.0,1.6,1.0,0.4,1.4,0.6,0.0,1.6,0.8,3.0,,2.0,2.0,,1.2,0.4,3.6,-14.0,0.2083333333333333,0.1141088661469096,0.094047619047619,0.0423832931402806,0.056547619047619,0.0081506332962078,0.019047619047619,0.026082026547865,0.075595238095238,0.0179313932516572,0.1696428571428571,0.0244518998886237,0.1130952380952381,0.0163012665924154,0.0761904761904761,0.1043281061914602,0.2955952380952381,0.0727036490021737,20.1,9.134184875145309,6.6,2.4,1.2,0.9,2.1,0.3,0.0,1.5,2.1,5.4,,1.5,1.8,,0.6,1.8,3.3,-13.2,0.2972222222222222,0.1362315227022651,0.113095238095238,0.0523166542596635,0.0589285714285714,0.008671906121627,0.0380952380952381,0.029738085706659,0.0970238095238095,0.0307009591797686,0.2434523809523809,0.1189914301921936,0.0956349206349206,0.0252608275880034,0.0746031746031746,0.088095238095238,0.3601349206349206,0.0960055455042763,19.204666666666665,5.231605970149253,2.1518567164179103,1.1039283582089552,0.6439462686567164,0.2866368159203979,0.0,1.43318407960199,8.48739104477612,7.383462686567164,6.335534328358209,3.255785074626865,0.2866368159203979,5.231605970149253,2.1518567164179103,1.1039283582089552,0.6439462686567164,8.48739104477612,0.2866368159203979,0.0,1.43318407960199
4682992,Christeen Iwuala,WSH,2026-05-25,0.0,22.0,0.0,0.0,7.0,2,1,1,0,0,0,0,0,1,3,,0,0,,1,0,1,2,3.0,0.6666666666666666,0.3333333333333333,0.3333333333333333,0.0,0.0,1.0,0.0,0.0,1.0,0.0,3.0,0.0,2.0,1.0,1.0,0.0,0.0,0.0,0.0,0.0,1.0,3.0,,0.0,0.0,,1.0,0.0,1.0,2.0,0.6666666666666666,0.0,0.3333333333333333,0.0,0.3333333333333333,0.0,0.0,0.0,0.0,0.0,1.0,0.0,0.0,0.0,0.0,0.0,1.0,0.0,4.6,2.1908902300206647,2.4,1.8,0.6,0.0,0.0,0.4,0.0,0.4,1.0,3.4,,0.4,0.8,,0.6,1.2,1.0,2.0,0.5714285714285714,0.1304101327393252,0.3714285714285714,0.0521640530957301,0.2,0.1825741858350553,0.0,0.0,0.0,0.0,0.8285714285714286,0.2347382389307854,0.1142857142857142,0.1564921592871903,0.0571428571428571,0.0782460796435951,0.936,0.0876356092008265,5.0,2.1908902300206647,2.5,2.0,0.5,0.0,0.0,0.5,0.0,0.5,1.0,3.5,,0.5,1.0,,0.5,1.5,1.0,2.0,0.5476190476190476,0.1304101327393252,0.3809523809523809,0.0521640530957301,0.1666666666666666,0.1825741858350553,0.0,0.0,0.0,0.0,0.7857142857142857,0.2347382389307854,0.1428571428571428,0.1564921592871903,0.0714285714285714,0.0782460796435951,0.92,0.0876356092008265,8.0,2.24,1.48,0.7599999999999999,0.0,0.176,0.144,0.48,4.48,3.72,3.0,2.24,0.3199999999999999,2.24,1.48,0.7599999999999999,0.0,4.48,0.176,0.144,0.48
4704180,Georgia Amoore,WSH,2026-05-25,0.0,1.0,6.0,9.0,22.0,13,2,6,1,7,0,2,4,2,9,,8,8,,0,2,6,-13,26.0,0.5,0.0769230769230769,0.2307692307692307,0.0384615384615384,0.2692307692307692,0.3461538461538461,0.3076923076923077,0.1538461538461538,0.6353846153846153,0.0,26.0,0.0,13.0,2.0,6.0,1.0,7.0,0.0,2.0,4.0,2.0,9.0,,8.0,8.0,,0.0,2.0,6.0,-13.0,0.5,0.0,0.0769230769230769,0.0,0.2307692307692307,0.0,0.0384615384615384,0.0,0.2692307692307692,0.0,0.3461538461538461,0.0,0.3076923076923077,0.0,0.1538461538461538,0.0,0.6353846153846153,0.0,25.2,1.095445115010332,9.0,1.6,4.8,1.0,5.8,0.0,1.2,3.2,1.6,7.8,,4.8,4.8,,0.0,1.6,4.0,-15.0,0.35,0.2053959590644373,0.0628205128205128,0.0193107311940923,0.1884615384615384,0.0579321935822771,0.0397435897435897,0.0017555210176447,0.2282051282051282,0.0561766725646324,0.3076923076923077,0.0526656305293429,0.1846153846153846,0.1685300176938972,0.1256410256410256,0.0386214623881847,0.5145641025641025,0.1654403007028425,24.3,1.4944341180973175,7.6,1.0,4.6,1.0,4.3,0.1,0.6,2.5,1.8,6.2,,3.0,3.0,,0.0,1.0,3.3,-5.8,0.3083333333333333,0.1536590742882148,0.0403388278388278,0.0315439305754043,0.1900641025641025,0.0665324709521055,0.0413003663003663,0.0026855088459002,0.1748168498168498,0.0762263860031373,0.2544413919413919,0.1008645697313755,0.1173076923076923,0.136319092665711,0.1009157509157509,0.0381521365262758,0.4069725274725274,0.1673174793119303,24.547,8.818566956521739,1.5604991304347824,5.065639999999999,1.1684278260869565,0.6403565217391303,0.4269043478260869,2.988330434782608,15.444706086956522,10.379066086956522,13.884206956521735,6.626139130434781,1.0672608695652173,8.818566956521739,1.5604991304347824,5.065639999999999,1.1684278260869565,15.444706086956522,0.6403565217391303,0.4269043478260869,2.988330434782608
4898384,Kiki Iriafen,WSH,2026-05-25,0.0,1.0,6.0,9.0,22.0,13,4,0,1,1,2,1,0,4,8,,4,6,,1,3,2,-10,26.0,0.5,0.1538461538461538,0.0,0.0384615384615384,0.0384615384615384,0.3076923076923077,0.2307692307692307,0.0,0.4092307692307692,0.0,26.0,0.0,13.0,4.0,0.0,1.0,1.0,2.0,1.0,0.0,4.0,8.0,,4.0,6.0,,1.0,3.0,2.0,-10.0,0.5,0.0,0.1538461538461538,0.0,0.0,0.0,0.0384615384615384,0.0,0.0384615384615384,0.0,0.3076923076923077,0.0,0.2307692307692307,0.0,0.0,0.0,0.4092307692307692,0.0,26.0,0.0,11.4,6.4,0.8,1.0,1.0,1.6,0.6,0.8,3.2,7.2,,4.0,6.0,,1.4,5.0,2.0,-10.8,0.4384615384615384,0.0842650088469487,0.2461538461538461,0.1263975132704227,0.0307692307692307,0.0421325044234742,0.0384615384615384,0.0,0.0384615384615384,0.0,0.2769230769230769,0.0421325044234742,0.2307692307692307,0.0,0.0307692307692307,0.0421325044234742,0.4092307692307692,0.0,29.2,4.732863826479695,16.1,9.3,1.5,0.9,1.0,1.3,0.6,2.6,5.8,10.6,,3.6,5.5,,2.7,6.6,2.6,-4.4,0.5336080586080586,0.1560111087207862,0.3127289377289377,0.11139329102531,0.0504578754578754,0.0380501984645285,0.0314102564102564,0.0121312836281733,0.0349816849816849,0.0050429469150092,0.3496336996336996,0.1084703999686945,0.1967948717948718,0.0594245072978888,0.0802197802197802,0.0681784603118921,0.5164432234432235,0.1389422974144684,27.396,14.24185,8.63825,1.25935,0.73445,0.95125,0.57075,2.283,24.13945,22.8801,15.5012,9.8976,1.522,14.24185,8.63825,1.25935,0.73445,24.13945,0.95125,0.57075,2.283
5105737,Lauren Betts,WSH,2026-05-25,0.0,1.0,6.0,9.0,22.0,6,3,0,0,0,0,0,2,2,4,,2,4,,1,2,2,-7,13.0,0.4615384615384615,0.2307692307692307,0.0,0.0,0.0,0.3076923076923077,0.3076923076923077,0.1538461538461538,0.5969230769230769,0.0,13.0,0.0,6.0,3.0,0.0,0.0,0.0,0.0,0.0,2.0,2.0,4.0,,2.0,4.0,,1.0,2.0,2.0,-7.0,0.4615384615384615,0.0,0.2307692307692307,0.0,0.0,0.0,0.0,0.0,0.0,0.0,0.3076923076923077,0.0,0.3076923076923077,0.0,0.1538461538461538,0.0,0.5969230769230769,0.0,13.8,1.0954451150103306,8.0,3.0,0.0,0.0,0.0,0.0,0.0,1.2,3.2,5.2,,1.6,2.8,,0.6,2.4,1.6,-7.0,0.5702564102564102,0.1488681822962757,0.2184615384615384,0.0168530017693905,0.0,0.0,0.0,0.0,0.0,0.0,0.3712820512820513,0.0870738424751802,0.2112820512820513,0.1320151805268862,0.0923076923076923,0.0842650088469486,0.5565538461538462,0.0552778458035983,14.4,1.5055453054181591,7.0,2.6,0.1,0.0,0.0,0.0,0.1,0.9,2.7,4.6,,1.6,2.3,,1.0,1.6,2.2,-6.4,0.4830647130647131,0.1870840407627829,0.1831990231990232,0.044365478830792,0.0055555555555555,0.0175682092231577,0.0,0.0,0.0,0.0,0.3140537240537241,0.1347914618749245,0.1662759462759462,0.102442540903581,0.0675824175824175,0.067196401975354,0.4547975579975579,0.1336101976299743,13.854,5.9926,2.89975,0.2389,0.0,0.0,0.1924166666666666,0.5772499999999999,9.13125,8.892349999999999,6.2315,3.13865,0.1924166666666666,5.9926,2.89975,0.2389,0.0,9.131249999999998,0.0,0.1924166666666666,0.5772499999999999
5106145,Darianna Littlepage-Buggs,WSH,2026-05-25,0.0,15.0,0.0,0.0,10.0,0,0,0,0,0,0,0,0,0,0,,0,0,,0,0,0,0,0.0,,,,,,,,,,0.0,0.0,0.0,0.0,0.0,0.0,0.0,0.0,0.0,0.0,0.0,0.0,0.0,,0.0,0.0,,0.0,0.0,0.0,0.0,,,,,,,,,,,,,,,,,,,5.6,7.668115805072326,2.0,0.8,0.4,0.4,0.4,0.0,0.4,0.4,0.8,1.2,,0.0,0.0,,0.0,0.8,0.0,1.6,0.3571428571428571,0.0,0.1428571428571428,0.0,0.0714285714285714,0.0,0.0714285714285714,0.0,0.0714285714285714,0.0,0.2142857142857142,0.0,0.0,0.0,0.0714285714285714,0.0,0.2857142857142857,0.0,8.0,6.244997998398398,3.333333333333333,1.6666666666666667,0.3333333333333333,0.3333333333333333,0.6666666666666666,0.0,0.3333333333333333,0.6666666666666666,1.0,2.0,,1.0,1.3333333333333333,,0.3333333333333333,1.3333333333333333,0.0,0.6666666666666666,0.4285714285714286,0.0782460796435951,0.2214285714285714,0.0860706876079546,0.0357142857142857,0.0391230398217975,0.0357142857142857,0.0391230398217975,0.0857142857142857,0.015649215928719,0.2571428571428571,0.0469476477861571,0.2,0.2190890230020664,0.0857142857142857,0.015649215928719,0.4308571428571428,0.1589960338357853,8.0,1.3666666666666667,0.6133333333333333,0.2066666666666666,0.2066666666666666,0.176,0.144,0.48,2.1866666666666665,1.98,1.5733333333333333,0.82,0.3199999999999999,1.3666666666666667,0.6133333333333333,0.2066666666666666,0.2066666666666666,2.1866666666666665,0.176,0.144,0.48
5122345,Cassandre Prosper,WSH,2026-05-25,0.0,1.0,6.0,9.0,22.0,2,0,2,0,3,0,0,1,1,8,,0,0,,0,0,2,-8,22.0,0.0909090909090909,0.0,0.0909090909090909,0.0,0.1363636363636363,0.3636363636363636,0.0,0.0454545454545454,0.4090909090909091,0.0,22.0,0.0,2.0,0.0,2.0,0.0,3.0,0.0,0.0,1.0,1.0,8.0,,0.0,0.0,,0.0,0.0,2.0,-8.0,0.0909090909090909,0.0,0.0,0.0,0.0909090909090909,0.0,0.0,0.0,0.1363636363636363,0.0,0.3636363636363636,0.0,0.0,0.0,0.0454545454545454,0.0,0.4090909090909091,0.0,23.2,1.6431676725154978,3.6,0.0,2.4,0.4,2.6,0.0,0.0,0.6,1.4,6.4,,0.4,0.8,,0.0,0.0,2.0,-10.4,0.1505454545454545,0.081660454028043,0.0,0.0,0.1025454545454545,0.0159337471274229,0.0159999999999999,0.0219089023002066,0.1138181818181818,0.0308716350593821,0.2821818181818182,0.1115362298919611,0.0319999999999999,0.0438178046004134,0.0272727272727272,0.0248964798865984,0.3235345454545454,0.1171528757543779,24.4,1.8973665961010275,3.8,1.5,1.5,0.3,2.2,0.1,0.3,1.5,1.6,6.3,,0.3,0.6,,0.3,1.2,3.6,-5.0,0.1518441558441558,0.0868328949769702,0.0587142857142857,0.0773203425635819,0.0632727272727272,0.0557364914022151,0.012,0.0193218356615859,0.0924805194805194,0.0332234343952784,0.2612337662337662,0.086396846135766,0.024,0.0386436713231718,0.0616363636363636,0.0707169112921352,0.3334301298701299,0.0988461471069364,23.215,3.509008403361344,1.0564033613445376,1.6353529411764702,0.1970504201680672,0.3901680672268907,0.1950840336134453,1.170504201680672,6.200764705882352,4.565411764705882,5.144361344537814,2.691756302521008,0.585252100840336,3.509008403361344,1.0564033613445376,1.6353529411764702,0.1970504201680672,6.200764705882352,0.3901680672268907,0.1950840336134453,1.170504201680672
5278157,Alex Wilson,WSH,2026-05-25,0.0,1.0,6.0,9.0,19.0,0,0,0,0,0,0,0,0,0,0,,0,0,,0,0,0,0,0.0,,,,,,,,,,0.0,0.0,0.0,0.0,0.0,0.0,0.0,0.0,0.0,0.0,0.0,0.0,0.0,,0.0,0.0,,0.0,0.0,0.0,0.0,,,,,,,,,,,,,,,,,,,3.2,4.3817804600413295,0.8,0.0,0.0,0.0,0.0,0.0,0.0,0.0,0.0,0.0,,0.8,1.2,,0.0,0.0,0.0,-3.6,0.25,0.0,0.0,0.0,0.0,0.0,0.0,0.0,0.0,0.0,0.0,0.0,0.375,0.0,0.0,0.0,0.165,0.0,7.5,7.059272861515789,2.0,0.7,0.2,0.4,1.5,0.0,0.3,0.2,0.5,1.8,,0.6,0.9,,0.4,0.3,0.3,-4.8,0.2797619047619047,0.0522319308773341,0.0714285714285714,0.069642574503112,0.0119047619047619,0.0314970394174356,0.0535714285714285,0.0558030202794652,0.1785714285714285,0.1696167481997024,0.1964285714285714,0.1843316972285954,0.1607142857142857,0.2004459314343183,0.0119047619047619,0.0314970394174356,0.279047619047619,0.1154734903955318,10.275,1.54751724137931,0.800051724137931,0.3348793103448275,0.2445862068965517,0.0,0.177155172413793,0.3543103448275861,2.6824482758620687,2.347568965517241,1.8823965517241377,1.1349310344827586,0.177155172413793,1.54751724137931,0.800051724137931,0.3348793103448275,0.2445862068965517,2.6824482758620687,0.0,0.177155172413793,0.3543103448275861
5349415,Alicia Florez Getino,WSH,2026-05-25,0.0,15.0,0.0,0.0,4.0,0,0,0,0,0,0,0,0,0,0,,0,0,,0,0,0,0,0.0,,,,,,,,,,0.0,0.0,0.0,0.0,0.0,0.0,0.0,0.0,0.0,0.0,0.0,0.0,0.0,,0.0,0.0,,0.0,0.0,0.0,0.0,,,,,,,,,,,,,,,,,,,0.0,0.0,0.0,0.0,0.0,0.0,0.0,0.0,0.0,0.0,0.0,0.0,,0.0,0.0,,0.0,0.0,0.0,0.0,,,,,,,,,,,,,,,,,,,0.0,0.0,0.0,0.0,0.0,0.0,0.0,0.0,0.0,0.0,0.0,0.0,,0.0,0.0,,0.0,0.0,0.0,0.0,,,,,,,,,,,,,,,,,,,8.0,0.0,0.0,0.0,0.0,0.176,0.144,0.48,0.0,0.0,0.0,0.0,0.3199999999999999,0.0,0.0,0.0,0.0,0.0,0.176,0.144,0.48
