player_id,player_name,team,asof_date,is_home,days_rest,games_last7,games_last14,season_game_number,lag1_pts,lag1_reb,lag1_ast,lag1_threes,lag1_fg3a,lag1_stl,lag1_blk,lag1_tov,lag1_fgm,lag1_fga,lag1_fg_pct,lag1_ftm,lag1_fta,lag1_ft_pct,lag1_oreb,lag1_dreb,lag1_pf,lag1_plus_minus,lag1_min,lag1_pts_per_min,lag1_reb_per_min,lag1_ast_per_min,lag1_fg3m_per_min,lag1_fg3a_per_min,lag1_fga_per_min,lag1_fta_per_min,lag1_tov_per_min,lag1_usage_per_min,b2b,roll3_min,roll3_min_std,roll3_pts,roll3_reb,roll3_ast,roll3_threes,roll3_fg3a,roll3_stl,roll3_blk,roll3_tov,roll3_fgm,roll3_fga,roll3_fg_pct,roll3_ftm,roll3_fta,roll3_ft_pct,roll3_oreb,roll3_dreb,roll3_pf,roll3_plus_minus,roll3_pts_per_min,roll3_pts_per_min_std,roll3_reb_per_min,roll3_reb_per_min_std,roll3_ast_per_min,roll3_ast_per_min_std,roll3_fg3m_per_min,roll3_fg3m_per_min_std,roll3_fg3a_per_min,roll3_fg3a_per_min_std,roll3_fga_per_min,roll3_fga_per_min_std,roll3_fta_per_min,roll3_fta_per_min_std,roll3_tov_per_min,roll3_tov_per_min_std,roll3_usage_per_min,roll3_usage_per_min_std,roll5_min,roll5_min_std,roll5_pts,roll5_reb,roll5_ast,roll5_threes,roll5_fg3a,roll5_stl,roll5_blk,roll5_tov,roll5_fgm,roll5_fga,roll5_fg_pct,roll5_ftm,roll5_fta,roll5_ft_pct,roll5_oreb,roll5_dreb,roll5_pf,roll5_plus_minus,roll5_pts_per_min,roll5_pts_per_min_std,roll5_reb_per_min,roll5_reb_per_min_std,roll5_ast_per_min,roll5_ast_per_min_std,roll5_fg3m_per_min,roll5_fg3m_per_min_std,roll5_fg3a_per_min,roll5_fg3a_per_min_std,roll5_fga_per_min,roll5_fga_per_min_std,roll5_fta_per_min,roll5_fta_per_min_std,roll5_tov_per_min,roll5_tov_per_min_std,roll5_usage_per_min,roll5_usage_per_min_std,roll10_min,roll10_min_std,roll10_pts,roll10_reb,roll10_ast,roll10_threes,roll10_fg3a,roll10_stl,roll10_blk,roll10_tov,roll10_fgm,roll10_fga,roll10_fg_pct,roll10_ftm,roll10_fta,roll10_ft_pct,roll10_oreb,roll10_dreb,roll10_pf,roll10_plus_minus,roll10_pts_per_min,roll10_pts_per_min_std,roll10_reb_per_min,roll10_reb_per_min_std,roll10_ast_per_min,roll10_ast_per_min_std,roll10_fg3m_per_min,roll10_fg3m_per_min_std,roll10_fg3a_per_min,roll10_fg3a_per_min_std,roll10_fga_per_min,roll10_fga_per_min_std,roll10_fta_per_min,roll10_fta_per_min_std,roll10_tov_per_min,roll10_tov_per_min_std,roll10_usage_per_min,roll10_usage_per_min_std,pred_min,pred_pts,pred_reb,pred_ast,pred_threes,pred_stl,pred_blk,pred_tov,pred_pra,pred_pr,pred_pa,pred_ra,pred_stocks,mean_pts,mean_reb,mean_ast,mean_threes,mean_pra,mean_stl,mean_blk,mean_tov,opponent,home,sd_pts,sd_reb,sd_ast,sd_threes,sd_pra,sd_stl,sd_blk,sd_tov
1107,Shey Peddy,CON,2026-06-10,0.0,28.0,0.0,0.0,6.0,0,0,0,0,0,0,0,0,0,0,,0,0,,0,0,0,0,0.0,,,,,,,,,,0.0,0.0,0.0,0.0,0.0,0.0,0.0,0.0,0.0,0.0,0.0,0.0,0.0,,0.0,0.0,,0.0,0.0,0.0,0.0,,,,,,,,,,,,,,,,,,,0.0,0.0,0.0,0.0,0.0,0.0,0.0,0.0,0.0,0.0,0.0,0.0,,0.0,0.0,,0.0,0.0,0.0,0.0,,,,,,,,,,,,,,,,,,,0.0,0.0,0.0,0.0,0.0,0.0,0.0,0.0,0.0,0.0,0.0,0.0,,0.0,0.0,,0.0,0.0,0.0,0.0,,,,,,,,,,,,,,,,,,,8.0,0.0,0.0,0.0,0.0,0.176,0.144,0.48,0.0,0.0,0.0,0.0,0.3199999999999999,0.0,0.0,0.0,0.0,0.0,0.176,0.144,0.48,,,,,,,,,,
2490553,Brittney Griner,CON,2026-06-10,0.0,19.0,0.0,0.0,10.0,0,0,0,0,0,0,0,0,0,0,,0,0,,0,0,0,0,0.0,,,,,,,,,,0.0,9.0,15.588457268119903,5.333333333333333,1.6666666666666667,1.3333333333333333,0.0,0.0,0.0,0.6666666666666666,0.6666666666666666,2.0,4.0,,1.3333333333333333,2.333333333333333,,1.0,0.6666666666666666,0.6666666666666666,3.0,0.5925925925925926,,0.1851851851851851,,0.1481481481481481,,0.0,,0.0,,0.4444444444444444,,0.2592592592592592,,0.074074074074074,,0.6325925925925925,,5.4,12.074767078498864,3.2,1.0,0.8,0.0,0.0,0.0,0.4,0.4,1.2,2.4,,0.8,1.4,,0.6,0.4,0.4,1.8,0.5925925925925926,,0.1851851851851851,,0.1481481481481481,,0.0,,0.0,,0.4444444444444444,,0.2592592592592592,,0.074074074074074,,0.6325925925925925,,13.22222222222222,13.06500839817734,7.555555555555555,2.888888888888889,1.0,0.2222222222222222,0.5555555555555556,0.3333333333333333,0.3333333333333333,0.6666666666666666,3.111111111111111,5.555555555555555,,1.1111111111111112,1.8888888888888888,,1.3333333333333333,1.5555555555555556,1.2222222222222223,-3.555555555555556,0.5689814814814815,0.1252262900901356,0.2249338624338624,0.0513708404633311,0.0789682539682539,0.0594716114457749,0.019047619047619,0.0425917709999959,0.0460978835978835,0.035350822975303,0.4221560846560847,0.021501830322162,0.1503306878306878,0.1356972184416562,0.0439153439153439,0.0401035863738353,0.5322169312169311,0.077233179571755,8.0,4.231111111111111,1.4277777777777778,0.8799999999999999,0.0444444444444444,0.176,0.144,0.48,6.538888888888889,5.658888888888889,5.111111111111111,2.307777777777778,0.3199999999999999,4.231111111111111,1.4277777777777778,0.8799999999999999,0.0444444444444444,6.538888888888889,0.176,0.144,0.48,,,,,,,,,,
3922628,Kennedy Burke,CON,2026-06-10,0.0,19.0,0.0,0.0,10.0,7,3,1,1,5,1,1,2,3,9,,0,1,,2,1,2,-1,25.0,0.28,0.12,0.04,0.04,0.2,0.36,0.04,0.08,0.4576,0.0,23.0,2.0000000000000018,7.333333333333333,5.0,1.6666666666666667,1.3333333333333333,4.333333333333333,1.0,1.0,1.0,2.6666666666666665,7.333333333333333,,0.6666666666666666,1.3333333333333333,,1.0,4.0,2.0,0.3333333333333333,0.3107246376811595,0.3271707592895329,0.2221946169772256,0.0893706878035723,0.0754451345755693,0.0584064099229305,0.0568115942028985,0.0668227536343469,0.1867494824016563,0.0389938132239951,0.3153071083505865,0.0671439179743342,0.0568115942028985,0.0668227536343469,0.0425396825396825,0.0402411476253735,0.3828438923395445,0.0880999704076203,24.8,3.7682887362833553,7.4,3.8,2.6,1.0,4.2,1.4,1.0,2.0,3.0,8.4,,0.4,0.8,,0.8,3.0,2.0,-7.8,0.3039079008882656,0.2591570565354895,0.1647683830895612,0.1060755220521209,0.1025251452614706,0.056967235182358,0.0424202898550724,0.0532727384980981,0.1730711948173378,0.0516405180274393,0.3407971682361584,0.1038702005715585,0.0340869565217391,0.0565765620411911,0.0763302611367127,0.0543377251349815,0.4321256902424363,0.1245365398490198,25.22222222222222,4.409585518440984,7.666666666666667,3.6666666666666665,3.111111111111111,1.2222222222222223,4.333333333333333,0.7777777777777778,1.0,2.111111111111111,2.888888888888889,8.444444444444445,,0.6666666666666666,1.1111111111111112,,0.7777777777777778,2.888888888888889,2.0,-5.111111111111111,0.309243885180689,0.2293887973234625,0.149505622102355,0.0798795576000545,0.1215787065956193,0.0473588589065998,0.0506054209123262,0.0535089338133589,0.1746209407870987,0.0689839022531532,0.3370519593219865,0.0769821135853769,0.0385450412048877,0.0674385082991442,0.0792482154151983,0.0593611325418427,0.4332599928673355,0.1137063346219051,24.243388888888887,7.373333333333333,4.013333333333334,2.1822222222222223,1.1444444444444444,0.5333545555555554,0.4363809999999999,1.4546033333333332,13.568888888888889,11.386666666666668,9.555555555555555,6.195555555555556,0.9697355555555554,7.373333333333333,4.013333333333334,2.1822222222222223,1.1444444444444444,13.568888888888887,0.5333545555555554,0.4363809999999999,1.4546033333333332,TOR,False,1.8433333333333333,1.0033333333333334,1.0,1.0,3.392222222222222,1.0,1.0,1.0
4398966,Olivia Nelson-Ododa,CON,2026-06-10,0.0,19.0,0.0,0.0,9.0,0,0,0,0,0,0,0,0,0,0,,0,0,,0,0,0,0,0.0,,,,,,,,,,0.0,0.0,0.0,0.0,0.0,0.0,0.0,0.0,0.0,0.0,0.0,0.0,0.0,,0.0,0.0,,0.0,0.0,0.0,0.0,,,,,,,,,,,,,,,,,,,6.8,9.959919678390984,3.8,1.4,0.8,0.0,0.0,0.4,0.2,0.6,1.4,1.8,,1.0,1.2,,0.0,1.4,1.2,-2.2,0.5265151515151514,0.1553492170788627,0.1780303030303029,0.1339217388610885,0.1098484848484848,0.0374980868811048,0.0,0.0,0.0,0.0,0.2424242424242425,0.1071373910888708,0.1742424242424242,0.0107137391088843,0.0871212121212121,0.0053568695544405,0.4062121212121211,0.1172083058512247,9.375,8.365533028871672,4.0,2.125,0.875,0.0,0.0,0.5,0.25,1.25,1.5,2.375,,1.0,2.0,,0.625,1.5,1.875,-4.0,0.4025108225108225,0.2493515230413986,0.2216883116883116,0.1073750599391495,0.0839393939393939,0.0870493774994897,0.0,0.0,0.0,0.0,0.2403030303030303,0.1695670498338283,0.2249350649350649,0.1549537454160286,0.1443722943722943,0.1304047437795205,0.4836467532467532,0.2347034922097426,8.0,2.13,0.915,0.4549999999999999,0.0,0.176,0.144,0.48,3.5,3.045,2.585,1.37,0.3199999999999999,2.13,0.915,0.4549999999999999,0.0,3.5,0.176,0.144,0.48,,,,,,,,,,
4433408,Aaliyah Edwards,CON,2026-06-10,0.0,19.0,0.0,0.0,10.0,10,7,2,0,0,2,1,1,5,11,,0,0,,2,5,3,-3,24.0,0.4166666666666667,0.2916666666666667,0.0833333333333333,0.0,0.0,0.4583333333333333,0.0,0.0416666666666666,0.5,0.0,22.666666666666668,5.131601439446884,11.333333333333334,4.333333333333333,1.6666666666666667,0.0,0.6666666666666666,1.6666666666666667,0.6666666666666666,2.333333333333333,5.0,9.666666666666666,,1.3333333333333333,1.6666666666666667,,1.6666666666666667,2.6666666666666665,2.6666666666666665,-5.0,0.5223311546840959,0.1595656072616386,0.1858206245461147,0.0929253333969608,0.0648148148148148,0.0578240555407259,0.0,0.0,0.0246913580246913,0.0427666866066389,0.4185729847494553,0.0572614704850254,0.083514887436456,0.0886132825581762,0.1024872912127814,0.0548355759533141,0.5578068264342774,0.0631390791873662,17.0,10.464224768228174,8.0,3.2,1.0,0.0,0.4,1.2,0.4,1.8,3.6,6.8,,0.8,1.0,,1.2,2.0,2.2,-6.6,0.4799836601307189,0.1553942186622252,0.1834831154684096,0.0760171089473348,0.0486111111111111,0.0572653559113563,0.0,0.0,0.0185185185185185,0.037037037037037,0.3874591503267974,0.0778344403504039,0.062636165577342,0.0835377759043043,0.1062772331154684,0.0454101482628875,0.5212962962962964,0.0893855177918178,11.333333333333334,11.269427669584644,6.0,2.333333333333333,0.5555555555555556,0.0,0.3333333333333333,0.6666666666666666,0.2222222222222222,1.1111111111111112,2.6666666666666665,4.666666666666667,,0.6666666666666666,0.7777777777777778,,0.8888888888888888,1.4444444444444444,1.3333333333333333,-3.888888888888889,0.5486928104575164,0.2042431371879721,0.2056100217864923,0.0823525989606842,0.0388888888888888,0.0541488574711609,0.0,0.0,0.0265795206971677,0.0367927352201909,0.4040849673202614,0.0769788219706968,0.0736383442265795,0.0764143944386593,0.0967864923747276,0.0446870448002869,0.5332723311546841,0.0819112638641972,21.02583333333333,8.9,3.9366666666666665,1.261111111111111,0.0,0.4625683333333332,0.3784649999999999,1.2615499999999995,14.097777777777777,12.836666666666666,10.161111111111111,5.197777777777778,0.8410333333333332,8.9,3.9366666666666665,1.261111111111111,0.0,14.097777777777775,0.4625683333333332,0.3784649999999999,1.2615499999999995,TOR,False,2.225,1.0,1.0,1.0,3.524444444444444,1.0,1.0,1.0
4433412,Hailey Van Lith,CON,2026-06-10,0.0,19.0,0.0,0.0,10.0,5,0,1,1,1,0,0,1,2,5,,0,0,,0,0,0,-12,10.0,0.5,0.0,0.1,0.1,0.1,0.5,0.0,0.1,0.6,0.0,15.666666666666666,8.144527815247077,5.666666666666667,0.3333333333333333,1.6666666666666667,0.6666666666666666,1.6666666666666667,0.0,0.3333333333333333,1.0,2.333333333333333,6.0,,0.3333333333333333,0.6666666666666666,,0.0,0.3333333333333333,1.3333333333333333,-2.333333333333333,0.3266666666666666,0.2830783166074953,0.0133333333333333,0.0230940107675849,0.1011111111111111,0.0183585684909544,0.0466666666666666,0.0503322295684716,0.1011111111111111,0.0183585684909536,0.3977777777777778,0.0895254981265941,0.0266666666666666,0.0461880215351701,0.06,0.0529150262212918,0.4695111111111112,0.1334243245078286,18.2,6.723094525588644,8.6,0.4,2.0,1.2,2.2,0.4,0.4,1.2,3.4,6.8,,0.6,0.8,,0.2,0.2,1.2,-5.0,0.4323636363636364,0.2784650964077103,0.017090909090909,0.0234820135141278,0.1061212121212121,0.0503980482663186,0.0643636363636363,0.0537302721820793,0.1152121212121212,0.0396786911422512,0.3841212121212121,0.1168529799210833,0.0341818181818181,0.0469640270282558,0.0632727272727272,0.0409676348772786,0.4624339393939394,0.115666855264571,18.444444444444443,5.433946795633702,9.555555555555555,0.8888888888888888,3.0,1.0,1.8888888888888888,0.6666666666666666,0.2222222222222222,1.1111111111111112,3.888888888888889,7.0,,0.7777777777777778,1.0,,0.1111111111111111,0.7777777777777778,1.6666666666666667,-2.333333333333333,0.5154976940271058,0.3347523498563731,0.045263701440172,0.0474674246586388,0.1603101038395156,0.0794110889789659,0.0557855869620575,0.0437537427531421,0.1021564383329089,0.0423494383774985,0.3934660328777976,0.107806319163696,0.0497633194692018,0.0786419131562424,0.0612097162097162,0.0469776391788529,0.4765716096539626,0.1225422956459614,14.418277777777776,7.371111111111111,0.4177777777777778,1.95,0.97,0.3172021111111111,0.2595289999999999,0.8650966666666665,9.738888888888889,7.78888888888889,9.321111111111112,2.367777777777778,0.5767311111111111,7.371111111111111,0.4177777777777778,1.95,0.97,9.73888888888889,0.3172021111111111,0.2595289999999999,0.8650966666666665,TOR,False,1.8427777777777776,1.0,1.0,1.0,2.4347222222222227,1.0,1.0,1.0
4433413,Madison Hayes,CON,2026-06-10,0.0,38.0,0.0,0.0,3.0,2,4,0,0,0,0,0,0,1,2,,0,0,,1,3,0,-2,11.0,0.1818181818181818,0.3636363636363636,0.0,0.0,0.0,0.1818181818181818,0.0,0.0,0.1818181818181818,0.0,8.5,3.5355339059327378,1.0,2.0,0.5,0.0,0.5,0.5,0.0,0.0,0.5,1.5,,0.0,0.0,,0.5,1.5,0.0,2.5,0.0909090909090909,0.128564869306645,0.1818181818181818,0.25712973861329,0.0833333333333333,0.1178511301977579,0.0,0.0,0.0833333333333333,0.1178511301977579,0.1742424242424242,0.010713739108887,0.0,0.0,0.0,0.0,0.1742424242424242,0.010713739108887,8.5,3.5355339059327378,1.0,2.0,0.5,0.0,0.5,0.5,0.0,0.0,0.5,1.5,,0.0,0.0,,0.5,1.5,0.0,2.5,0.0909090909090909,0.128564869306645,0.1818181818181818,0.25712973861329,0.0833333333333333,0.1178511301977579,0.0,0.0,0.0833333333333333,0.1178511301977579,0.1742424242424242,0.010713739108887,0.0,0.0,0.0,0.0,0.1742424242424242,0.010713739108887,8.5,3.5355339059327378,1.0,2.0,0.5,0.0,0.5,0.5,0.0,0.0,0.5,1.5,,0.0,0.0,,0.5,1.5,0.0,2.5,0.0909090909090909,0.128564869306645,0.1818181818181818,0.25712973861329,0.0833333333333333,0.1178511301977579,0.0,0.0,0.0833333333333333,0.1178511301977579,0.1742424242424242,0.010713739108887,0.0,0.0,0.0,0.0,0.1742424242424242,0.010713739108887,8.875,1.15,2.3,0.4249999999999999,0.0,0.1952499999999999,0.1597499999999999,0.5325,3.8749999999999996,3.45,1.5749999999999995,2.725,0.355,1.15,2.3,0.4249999999999999,0.0,3.875,0.1952499999999999,0.1597499999999999,0.5325,,,,,,,,,,
4433514,Saniya Rivers,CON,2026-06-10,0.0,19.0,0.0,0.0,10.0,2,2,2,0,1,1,1,2,1,6,,0,2,,0,2,0,-17,21.0,0.0952380952380952,0.0952380952380952,0.0952380952380952,0.0,0.0476190476190476,0.2857142857142857,0.0952380952380952,0.0952380952380952,0.4228571428571428,0.0,20.666666666666668,7.505553499465135,4.333333333333333,3.0,3.6666666666666665,0.0,1.3333333333333333,2.0,0.3333333333333333,1.3333333333333333,2.0,5.0,,0.3333333333333333,1.3333333333333333,,0.6666666666666666,2.333333333333333,1.3333333333333333,0.6666666666666666,0.1901709401709401,0.11738888557259,0.17002442002442,0.1193723850402842,0.1800976800976801,0.0739512571618725,0.0,0.0,0.0515873015873015,0.0536815446764629,0.2161172161172161,0.1205456606000316,0.0555555555555555,0.049563476177765,0.0692918192918192,0.0304868503593378,0.3098534798534798,0.1395661646888925,24.0,7.035623639735144,7.0,2.6,4.4,0.4,2.2,1.6,0.6,1.4,2.6,7.6,,1.4,2.0,,0.4,2.2,1.6,-3.8,0.2674358974358974,0.1577629355178514,0.1301098901098901,0.1038896388723874,0.1847252747252747,0.0669024330041113,0.0142857142857142,0.0319438282499969,0.0804761904761904,0.0842534240003473,0.2887179487179487,0.1327686993971675,0.0742857142857142,0.048632081644521,0.062051282051282,0.0261300180800886,0.383454945054945,0.1410612847396802,23.666666666666668,5.220153254455275,5.333333333333333,2.111111111111111,4.222222222222222,0.2222222222222222,2.0,1.1111111111111112,0.6666666666666666,2.111111111111111,2.0,7.111111111111111,,1.1111111111111112,1.5555555555555556,,0.2222222222222222,1.8888888888888888,1.7777777777777777,-8.11111111111111,0.2088319088319088,0.1475430973829597,0.1004760135194917,0.0823166489260047,0.1779441170745518,0.0548741135781722,0.0079365079365079,0.0238095238095238,0.0792159933464281,0.0656969511662211,0.2872476155084851,0.1051825877383592,0.059076109076109,0.0480935006401831,0.0912609934349064,0.0472819062717676,0.4045020969368795,0.1079525803326923,20.564166666666665,5.116666666666666,2.532222222222222,3.784444444444445,0.1844444444444444,0.4524116666666666,0.3701549999999999,1.23385,11.433333333333334,7.648888888888888,8.90111111111111,6.316666666666666,0.8225666666666666,5.116666666666666,2.532222222222222,3.784444444444445,0.1844444444444444,11.433333333333334,0.4524116666666666,0.3701549999999999,1.23385,TOR,False,1.2791666666666666,1.0,1.0,1.0,2.8583333333333334,1.0,1.0,1.0
4433635,Diamond Miller,CON,2026-06-10,0.0,19.0,0.0,0.0,10.0,13,3,2,0,1,2,0,3,3,6,,7,8,,0,3,2,-6,23.0,0.5652173913043478,0.1304347826086956,0.0869565217391304,0.0,0.0434782608695652,0.2608695652173913,0.3478260869565217,0.1304347826086956,0.5443478260869565,0.0,17.0,5.291502622129179,6.0,1.6666666666666667,1.0,0.3333333333333333,2.0,0.6666666666666666,0.3333333333333333,1.0,1.6666666666666667,4.666666666666667,,2.333333333333333,2.6666666666666665,,0.3333333333333333,1.3333333333333333,2.0,-3.6666666666666665,0.3097733184689706,0.2265219510054793,0.0879227053140096,0.0761570875321297,0.0546265328874024,0.0475732180453776,0.0256410256410256,0.0444115591684327,0.1324414715719063,0.0804262645070009,0.271571906354515,0.1234254190733998,0.1159420289855072,0.2008174849355219,0.0434782608695652,0.0753065568508207,0.3660646599777035,0.1974502329260145,18.0,5.099019513592785,6.6,2.0,0.8,0.8,2.6,0.6,0.2,0.8,1.8,6.6,,2.2,2.4,,0.4,1.6,2.6,-8.8,0.3608639910813823,0.2383464059970249,0.1094202898550724,0.0739450058769345,0.0411092530657748,0.0411243665886266,0.0503846153846153,0.0564313771649345,0.1577982162764771,0.083357249283458,0.3712764771460424,0.192067632062596,0.1128985507246376,0.1431562042063582,0.0344202898550724,0.0566249985800282,0.4553721293199554,0.2090358040907433,19.55555555555556,5.198824653494073,8.444444444444445,2.555555555555556,1.1111111111111112,0.7777777777777778,2.7777777777777777,0.7777777777777778,0.2222222222222222,1.2222222222222223,2.4444444444444446,7.555555555555555,,2.7777777777777777,3.2222222222222223,,0.5555555555555556,2.0,3.111111111111111,-9.77777777777778,0.4161384312592042,0.1934520847561499,0.1286491322240114,0.0766974855386708,0.0568611076702864,0.050955626956483,0.0406663501107945,0.0469497721242212,0.1439105316762321,0.0809656429754291,0.3787132691963609,0.1806773160194419,0.1482152442297369,0.1131292477046432,0.0547602433351225,0.0626756846810442,0.4986882199925678,0.1907285413668028,18.84472222222222,7.748888888888889,2.161111111111111,1.1022222222222222,0.5355555555555556,0.4145838888888888,0.3392049999999999,1.1306833333333333,11.012222222222222,9.91,8.851111111111111,3.263333333333333,0.7537888888888887,7.748888888888889,2.161111111111111,1.1022222222222222,0.5355555555555556,11.012222222222222,0.4145838888888888,0.3392049999999999,1.1306833333333333,TOR,False,1.9372222222222224,1.0,1.0,1.0,2.753055555555556,1.0,1.0,1.0
4433798,Taylor Bigby,CON,2026-06-10,0.0,38.0,0.0,0.0,3.0,0,0,2,0,2,0,0,0,0,3,,0,0,,0,0,0,-3,10.0,0.0,0.0,0.2,0.0,0.2,0.3,0.0,0.0,0.3,0.0,9.5,0.7071067811865476,1.0,0.5,1.5,0.0,1.5,0.0,0.5,0.0,0.5,2.5,,0.0,0.0,,0.0,0.5,0.5,1.5,0.1111111111111111,0.1571348402636772,0.0555555555555555,0.0785674201318386,0.1555555555555555,0.0628539361054709,0.0,0.0,0.1555555555555555,0.0628539361054709,0.261111111111111,0.054997194092287,0.0,0.0,0.0,0.0,0.261111111111111,0.054997194092287,9.5,0.7071067811865476,1.0,0.5,1.5,0.0,1.5,0.0,0.5,0.0,0.5,2.5,,0.0,0.0,,0.0,0.5,0.5,1.5,0.1111111111111111,0.1571348402636772,0.0555555555555555,0.0785674201318386,0.1555555555555555,0.0628539361054709,0.0,0.0,0.1555555555555555,0.0628539361054709,0.261111111111111,0.054997194092287,0.0,0.0,0.0,0.0,0.261111111111111,0.054997194092287,9.5,0.7071067811865476,1.0,0.5,1.5,0.0,1.5,0.0,0.5,0.0,0.5,2.5,,0.0,0.0,,0.0,0.5,0.5,1.5,0.1111111111111111,0.1571348402636772,0.0555555555555555,0.0785674201318386,0.1555555555555555,0.0628539361054709,0.0,0.0,0.1555555555555555,0.0628539361054709,0.261111111111111,0.054997194092287,0.0,0.0,0.0,0.0,0.261111111111111,0.054997194092287,9.575,0.8499999999999999,0.4249999999999999,1.575,0.0,0.2106499999999999,0.1723499999999999,0.5744999999999999,2.8499999999999996,1.275,2.425,2.0,0.3829999999999999,0.8499999999999999,0.4249999999999999,1.575,0.0,2.85,0.2106499999999999,0.1723499999999999,0.5744999999999999,,,,,,,,,,
4682860,Kyla Oldacre,CON,2026-06-10,0.0,38.0,0.0,0.0,3.0,0,0,0,0,0,0,0,2,0,1,,0,0,,0,0,0,-6,5.0,0.0,0.0,0.0,0.0,0.0,0.2,0.0,0.4,0.6,0.0,2.5,3.5355339059327378,0.0,0.0,0.0,0.0,0.0,0.0,0.0,1.0,0.0,0.5,,0.0,0.0,,0.0,0.0,0.0,-3.0,0.0,,0.0,,0.0,,0.0,,0.0,,0.2,,0.0,,0.4,,0.6,,2.5,3.5355339059327378,0.0,0.0,0.0,0.0,0.0,0.0,0.0,1.0,0.0,0.5,,0.0,0.0,,0.0,0.0,0.0,-3.0,0.0,,0.0,,0.0,,0.0,,0.0,,0.2,,0.0,,0.4,,0.6,,2.5,3.5355339059327378,0.0,0.0,0.0,0.0,0.0,0.0,0.0,1.0,0.0,0.5,,0.0,0.0,,0.0,0.0,0.0,-3.0,0.0,,0.0,,0.0,,0.0,,0.0,,0.2,,0.0,,0.4,,0.6,,8.0,0.0,0.0,0.0,0.0,0.176,0.144,0.48,0.0,0.0,0.0,0.0,0.3199999999999999,0.0,0.0,0.0,0.0,0.0,0.176,0.144,0.48,,,,,,,,,,
4684384,Aneesah Morrow,CON,2026-06-10,0.0,19.0,0.0,0.0,10.0,7,6,0,1,1,0,0,2,3,5,,0,1,,1,5,2,-25,18.0,0.3888888888888889,0.3333333333333333,0.0,0.0555555555555555,0.0555555555555555,0.2777777777777778,0.0555555555555555,0.1111111111111111,0.4133333333333333,0.0,19.666666666666668,13.576941236277534,7.0,7.0,1.3333333333333333,0.6666666666666666,1.6666666666666667,0.3333333333333333,0.3333333333333333,2.6666666666666665,3.0,5.333333333333333,,0.3333333333333333,1.0,,1.6666666666666667,5.333333333333333,1.3333333333333333,-11.333333333333334,0.3425147836912542,0.0523715756384213,0.3716153127917834,0.0502903193631941,0.0392156862745098,0.0679235610811324,0.0283224400871459,0.0277937926408999,0.0577342047930283,0.0588537806502837,0.2382508558979147,0.0830163730706732,0.0381263616557734,0.0330588037156721,0.171490818549642,0.0989743905839241,0.4265172735760971,0.0122863329094449,22.0,10.173494974687904,9.4,8.4,1.2,0.6,2.2,0.8,0.2,2.0,3.4,8.6,,2.0,3.0,,2.2,6.2,2.2,-10.6,0.41291627762216,0.1471003816080436,0.3887099284158107,0.0527225473467358,0.0383442265795207,0.0547183706351219,0.0253267973856209,0.0249015533564185,0.0818627450980392,0.0533628710816949,0.3577653283535636,0.1965444838955601,0.1210239651416122,0.1676385294566816,0.1177093059446,0.1049151174087072,0.5287251789604731,0.1837616943423468,22.666666666666668,8.154753215150045,12.0,8.777777777777779,0.7777777777777778,0.8888888888888888,3.0,1.1111111111111112,0.2222222222222222,2.111111111111111,4.666666666666667,10.444444444444445,,1.7777777777777777,2.6666666666666665,,2.333333333333333,6.444444444444445,2.4444444444444446,-7.222222222222222,0.516779107016207,0.1970118469694628,0.3904473889360083,0.0908776758072509,0.0248865774904147,0.043003351574917,0.0342836786680803,0.0318216945975142,0.1185144698365554,0.0632344858534674,0.4466644686894895,0.1888666988246911,0.1103339466619678,0.1379329546439817,0.1074860281064618,0.0885216306063998,0.6026974333272173,0.1756939747852959,17.916666666666664,8.84,7.695555555555555,0.9755555555555556,0.7377777777777778,0.3941666666666666,0.3224999999999999,1.0749999999999995,17.51111111111111,16.535555555555554,9.815555555555555,8.671111111111111,0.7166666666666666,8.84,7.695555555555555,0.9755555555555556,0.7377777777777778,17.51111111111111,0.3941666666666666,0.3224999999999999,1.0749999999999995,TOR,False,2.21,1.9238888888888888,1.0,1.0,4.377777777777777,1.0,1.0,1.0
4703609,Charlisse Leger-Walker,CON,2026-06-10,0.0,19.0,0.0,0.0,10.0,5,3,5,1,3,2,0,0,2,9,,0,0,,1,2,1,-6,30.0,0.1666666666666666,0.1,0.1666666666666666,0.0333333333333333,0.1,0.3,0.0,0.0,0.3,0.0,27.0,3.605551275463991,10.333333333333334,2.0,3.333333333333333,1.6666666666666667,4.333333333333333,1.0,0.0,1.6666666666666667,3.6666666666666665,10.333333333333334,,1.3333333333333333,1.6666666666666667,,0.3333333333333333,1.6666666666666667,2.333333333333333,-2.0,0.3909592822636301,0.2059087488216491,0.0716356107660455,0.0282614383488823,0.120255348516218,0.0414412822389046,0.0664941338854382,0.0553870215205994,0.1627329192546583,0.0579573334936171,0.3800207039337474,0.1348521206865523,0.0646997929606625,0.056933465037027,0.0698757763975155,0.0918514684544736,0.4783643892339544,0.1626773687052136,23.0,6.082762530298219,8.6,1.8,3.2,1.2,2.8,0.8,0.0,1.4,3.0,7.6,,1.4,1.8,,0.2,1.6,1.8,-5.0,0.3706866804692891,0.2124665895904635,0.0790924775707384,0.0332630414133543,0.1415976535541752,0.0537983384423296,0.051007591442374,0.0486759736900457,0.1087508626639061,0.0867709385986716,0.308567977915804,0.1469114563386256,0.0832643202208419,0.0918681248446526,0.0669254658385093,0.0786625180874692,0.4121297446514838,0.1530626198777666,21.55555555555556,5.294126724756197,6.777777777777778,1.6666666666666667,2.555555555555556,0.6666666666666666,2.0,0.6666666666666666,0.1111111111111111,1.8888888888888888,2.4444444444444446,6.444444444444445,,1.2222222222222223,1.6666666666666667,,0.2222222222222222,1.4444444444444444,2.111111111111111,-5.0,0.2974714362395521,0.196405280605929,0.0748926462694578,0.0374806329647402,0.1135859980062878,0.0668541914570676,0.0283375508013189,0.0436736798794492,0.082110267617514,0.0771702372538299,0.2788340618050762,0.145439107003064,0.0765489609692508,0.0738060189161285,0.0949850471589602,0.0866281875767825,0.4075006517905069,0.1211279989979945,26.37472222222222,8.215555555555556,2.013333333333333,3.381111111111111,1.2033333333333334,0.5802438888888888,0.474745,1.5824833333333332,13.61,10.22888888888889,11.596666666666668,5.394444444444444,1.0549888888888888,8.215555555555556,2.013333333333333,3.381111111111111,1.2033333333333334,13.61,0.5802438888888888,0.474745,1.5824833333333332,TOR,False,2.053888888888889,1.0,1.0,1.0,3.4025,1.0,1.0,1.0
4898898,Gianna Kneepkens,CON,2026-06-10,0.0,19.0,0.0,0.0,10.0,4,1,0,0,3,0,0,0,2,5,,0,0,,0,1,3,3,11.0,0.3636363636363636,0.0909090909090909,0.0,0.0,0.2727272727272727,0.4545454545454545,0.0,0.0,0.4545454545454545,0.0,6.333333333333333,4.041451884327385,3.0,0.6666666666666666,0.0,0.3333333333333333,1.6666666666666667,0.0,0.0,0.0,1.0,3.0,,0.6666666666666666,0.6666666666666666,,0.0,0.6666666666666666,1.3333333333333333,-1.3333333333333333,0.5378787878787878,0.1959472296420842,0.1136363636363636,0.1265400991552277,0.0,0.0,0.0833333333333333,0.1443375672974064,0.2575757575757575,0.0131215970270369,0.4848484848484848,0.0262431940540744,0.1666666666666666,0.2886751345948129,0.0,0.0,0.5581818181818182,0.1419696161184724,10.6,6.54217089351845,3.2,1.6,0.2,0.2,1.6,0.2,0.0,0.4,1.2,3.6,,0.6,0.6,,0.8,0.8,1.4,-3.2,0.406060606060606,0.2294466734150453,0.1390151515151515,0.0962710091795454,0.0111111111111111,0.0248451997499977,0.05,0.1118033988749894,0.1892676767676767,0.0955521153042058,0.3964646464646464,0.1228321869395485,0.1111111111111111,0.2187224409447725,0.0222222222222222,0.0496903994999953,0.4675757575757576,0.1697207775507025,11.555555555555555,5.2704627669473,3.6666666666666665,2.0,0.5555555555555556,0.4444444444444444,1.8888888888888888,0.3333333333333333,0.0,0.3333333333333333,1.4444444444444444,4.222222222222222,,0.3333333333333333,0.5555555555555556,,0.8888888888888888,1.1111111111111112,1.5555555555555556,-3.111111111111111,0.3715168273991803,0.1887415103896372,0.164020483873425,0.1076089459588307,0.0416806323669068,0.0534251040425751,0.0514077425842131,0.0821657799517547,0.1780496645692724,0.1072886127200804,0.3938378252103742,0.141367105928071,0.0788224121557455,0.1661468871525618,0.0188816267247639,0.0396819294119542,0.4474013132836662,0.1637960701623044,8.846222222222224,3.353333333333333,1.31,0.1811111111111111,0.2588888888888889,0.1946168888888889,0.159232,0.5307733333333334,4.844444444444444,4.663333333333334,3.5344444444444445,1.491111111111111,0.3538488888888889,3.353333333333333,1.31,0.1811111111111111,0.2588888888888889,4.844444444444445,0.1946168888888889,0.159232,0.5307733333333334,,,,,,,,,,
4899316,Harmoni Turner,CON,2026-06-10,0.0,38.0,0.0,0.0,3.0,7,2,0,1,3,0,0,1,2,4,,2,2,,0,2,1,-8,14.0,0.5,0.1428571428571428,0.0,0.0714285714285714,0.2142857142857142,0.2857142857142857,0.1428571428571428,0.0714285714285714,0.42,0.0,7.0,9.899494936611664,3.5,1.0,0.0,0.5,1.5,0.0,0.0,0.5,1.0,2.0,,1.0,1.0,,0.0,1.0,0.5,-4.0,0.5,,0.1428571428571428,,0.0,,0.0714285714285714,,0.2142857142857142,,0.2857142857142857,,0.1428571428571428,,0.0714285714285714,,0.42,,7.0,9.899494936611664,3.5,1.0,0.0,0.5,1.5,0.0,0.0,0.5,1.0,2.0,,1.0,1.0,,0.0,1.0,0.5,-4.0,0.5,,0.1428571428571428,,0.0,,0.0714285714285714,,0.2142857142857142,,0.2857142857142857,,0.1428571428571428,,0.0714285714285714,,0.42,,7.0,9.899494936611664,3.5,1.0,0.0,0.5,1.5,0.0,0.0,0.5,1.0,2.0,,1.0,1.0,,0.0,1.0,0.5,-4.0,0.5,,0.1428571428571428,,0.0,,0.0714285714285714,,0.2142857142857142,,0.2857142857142857,,0.1428571428571428,,0.0714285714285714,,0.42,,8.05,4.025,1.15,0.0,0.575,0.1771,0.1449,0.483,5.175000000000001,5.175000000000001,4.025,1.15,0.322,4.025,1.15,0.0,0.575,5.175000000000001,0.1771,0.1449,0.483,,,,,,,,,,
5105732,Raegan Beers,CON,2026-06-10,0.0,19.0,0.0,0.0,10.0,4,4,1,0,1,1,0,1,2,4,,0,0,,1,3,2,-5,14.0,0.2857142857142857,0.2857142857142857,0.0714285714285714,0.0,0.0714285714285714,0.2857142857142857,0.0,0.0714285714285714,0.3571428571428571,0.0,15.333333333333334,11.06044001535804,6.0,4.666666666666667,1.0,0.3333333333333333,0.6666666666666666,1.0,0.0,1.3333333333333333,2.6666666666666665,4.666666666666667,,0.3333333333333333,1.0,,2.333333333333333,2.333333333333333,2.333333333333333,1.6666666666666667,0.4853615520282187,0.2757529290395537,0.327336860670194,0.0631501670618261,0.0485008818342151,0.0420238185447755,0.0123456790123456,0.0213833433033194,0.0361552028218694,0.0357224499127497,0.327336860670194,0.0631501670618262,0.037037037037037,0.0641500299099585,0.1151675485008818,0.0734789649598748,0.4588007054673721,0.1261647432342152,15.4,7.893034904268446,6.2,4.2,1.0,0.2,0.4,0.8,0.0,1.0,2.6,5.2,,0.8,1.4,,2.2,2.0,2.8,2.8,0.4618051665110488,0.2043613706626481,0.286318082788671,0.072138087629685,0.0526299408652349,0.0514302594264657,0.0074074074074074,0.0165634664999984,0.0216931216931216,0.0320968272764086,0.3577466542172424,0.1336083261684847,0.0743230625583566,0.0688750400856721,0.080865234982882,0.0730638175407825,0.4713140367258014,0.1365629069623216,12.555555555555555,7.535103036971543,4.555555555555555,3.111111111111111,0.8888888888888888,0.2222222222222222,0.4444444444444444,0.6666666666666666,0.1111111111111111,1.0,1.8888888888888888,3.7777777777777777,,0.5555555555555556,1.2222222222222223,,1.5555555555555556,1.5555555555555556,2.333333333333333,1.5555555555555556,0.3900892680304445,0.2014462460290895,0.2584942562883739,0.1392946592255531,0.064549557196616,0.0646491289277824,0.013558201058201,0.026734633507153,0.0314153439153439,0.052080371305952,0.3023254251195427,0.1458894470737467,0.0919064595535183,0.1260678384413138,0.0911251874487168,0.0766111080002483,0.4338894547718077,0.1333034248129008,16.66572222222222,5.481111111111112,4.092222222222222,0.9777777777777776,0.2144444444444444,0.3666458888888889,0.2999829999999999,0.9999433333333332,10.551111111111112,9.573333333333334,6.45888888888889,5.07,0.6666288888888888,5.481111111111112,4.092222222222222,0.9777777777777776,0.2144444444444444,10.551111111111112,0.3666458888888889,0.2999829999999999,0.9999433333333332,TOR,False,1.370277777777778,1.0230555555555556,1.0,1.0,2.637777777777778,1.0,1.0,1.0
5106232,Ashlon Jackson,CON,2026-06-10,0.0,19.0,0.0,0.0,8.0,0,1,0,0,1,0,0,0,0,1,,0,0,,0,1,0,-15,9.0,0.0,0.1111111111111111,0.0,0.0,0.1111111111111111,0.1111111111111111,0.0,0.0,0.1111111111111111,0.0,8.0,7.54983443527075,1.3333333333333333,0.6666666666666666,0.3333333333333333,0.0,0.6666666666666666,0.6666666666666666,0.0,0.0,0.6666666666666666,1.3333333333333333,,0.0,0.0,,0.0,0.6666666666666666,0.6666666666666666,-9.333333333333334,0.1333333333333333,0.1885618083164126,0.0888888888888888,0.0314269680527354,0.0333333333333333,0.0471404520791031,0.0,0.0,0.0888888888888888,0.0314269680527354,0.1555555555555555,0.0628539361054709,0.0,0.0,0.0,0.0,0.1555555555555555,0.0628539361054709,4.8,6.906518659932804,0.8,0.4,0.2,0.0,0.4,0.4,0.0,0.0,0.4,0.8,,0.0,0.0,,0.0,0.4,0.4,-5.6,0.1333333333333333,0.1885618083164126,0.0888888888888888,0.0314269680527354,0.0333333333333333,0.0471404520791031,0.0,0.0,0.0888888888888888,0.0314269680527354,0.1555555555555555,0.0628539361054709,0.0,0.0,0.0,0.0,0.1555555555555555,0.0628539361054709,7.142857142857143,10.205040771249136,0.7142857142857143,1.0,0.4285714285714285,0.0,0.4285714285714285,0.5714285714285714,0.1428571428571428,0.7142857142857143,0.2857142857142857,0.7142857142857143,,0.1428571428571428,0.2857142857142857,,0.1428571428571428,0.8571428571428571,0.4285714285714285,-2.0,0.1017094017094017,0.1441457489204696,0.1233618233618233,0.0637100996233684,0.0478632478632478,0.0417668093089593,0.0,0.0,0.072079772079772,0.0366260342407067,0.1165242165242165,0.0809051600438025,0.0256410256410256,0.0444115591684327,0.0641025641025641,0.1110288979210818,0.1919088319088319,0.0770713354420977,9.4,0.8228571428571428,0.69,0.2557142857142856,0.0,0.2067999999999999,0.1691999999999999,0.564,1.7685714285714285,1.512857142857143,1.0785714285714283,0.9457142857142856,0.3759999999999999,0.8228571428571428,0.69,0.2557142857142856,0.0,1.768571428571429,0.2067999999999999,0.1691999999999999,0.564,,,,,,,,,,
5208981,Leila Lacan,CON,2026-06-10,0.0,38.0,0.0,0.0,3.0,0,0,0,0,0,0,0,0,0,0,,0,0,,0,0,0,0,0.0,,,,,,,,,,0.0,0.0,0.0,0.0,0.0,0.0,0.0,0.0,0.0,0.0,0.0,0.0,0.0,,0.0,0.0,,0.0,0.0,0.0,0.0,,,,,,,,,,,,,,,,,,,0.0,0.0,0.0,0.0,0.0,0.0,0.0,0.0,0.0,0.0,0.0,0.0,,0.0,0.0,,0.0,0.0,0.0,0.0,,,,,,,,,,,,,,,,,,,0.0,0.0,0.0,0.0,0.0,0.0,0.0,0.0,0.0,0.0,0.0,0.0,,0.0,0.0,,0.0,0.0,0.0,0.0,,,,,,,,,,,,,,,,,,,8.0,0.0,0.0,0.0,0.0,0.176,0.144,0.48,0.0,0.0,0.0,0.0,0.3199999999999999,0.0,0.0,0.0,0.0,0.0,0.176,0.144,0.48,,,,,,,,,,
5279789,Mamignan Toure,CON,2026-06-10,0.0,38.0,0.0,0.0,3.0,0,0,0,0,0,0,0,0,0,0,,0,0,,0,0,0,0,0.0,,,,,,,,,,0.0,3.5,4.949747468305833,0.0,0.0,0.0,0.0,0.5,0.0,0.0,1.0,0.0,0.5,,0.0,0.0,,0.0,0.0,1.0,-2.5,0.0,,0.0,,0.0,,0.0,,0.1428571428571428,,0.1428571428571428,,0.0,,0.2857142857142857,,0.4285714285714285,,3.5,4.949747468305833,0.0,0.0,0.0,0.0,0.5,0.0,0.0,1.0,0.0,0.5,,0.0,0.0,,0.0,0.0,1.0,-2.5,0.0,,0.0,,0.0,,0.0,,0.1428571428571428,,0.1428571428571428,,0.0,,0.2857142857142857,,0.4285714285714285,,3.5,4.949747468305833,0.0,0.0,0.0,0.0,0.5,0.0,0.0,1.0,0.0,0.5,,0.0,0.0,,0.0,0.0,1.0,-2.5,0.0,,0.0,,0.0,,0.0,,0.1428571428571428,,0.1428571428571428,,0.0,,0.2857142857142857,,0.4285714285714285,,8.0,0.0,0.0,0.0,0.0,0.176,0.144,0.48,0.0,0.0,0.0,0.0,0.3199999999999999,0.0,0.0,0.0,0.0,0.0,0.176,0.144,0.48,,,,,,,,,,
5345319,Nell Angloma,CON,2026-06-10,0.0,19.0,0.0,0.0,7.0,2,3,1,0,0,0,0,0,0,1,,2,2,,1,2,3,-3,14.0,0.1428571428571428,0.2142857142857142,0.0714285714285714,0.0,0.0,0.0714285714285714,0.1428571428571428,0.0,0.1342857142857142,0.0,15.333333333333334,13.051181300301264,6.0,3.333333333333333,0.3333333333333333,0.0,0.0,1.0,0.3333333333333333,0.3333333333333333,2.333333333333333,4.333333333333333,,1.3333333333333333,2.6666666666666665,,0.6666666666666666,2.6666666666666665,2.6666666666666665,1.0,0.331143951833607,0.1872017205307559,0.1518883415435139,0.1322348931238762,0.0238095238095238,0.0412393049421161,0.0,0.0,0.0,0.0,0.1617405582922824,0.2211862887789209,0.3158182813355227,0.3038535975647354,0.0114942528735632,0.019908629972056,0.3121948549534756,0.1880506751758533,12.0,11.423659658795865,5.0,2.2,0.4,0.0,0.0,0.6,0.2,0.4,2.0,3.8,,1.0,2.0,,0.6,1.6,2.0,1.4,0.3733579638752052,0.1746169542084702,0.1317733990147783,0.1152207517104709,0.0357142857142857,0.0412393049421161,0.0,0.0,0.0,0.0,0.2284482758620689,0.2245334300930333,0.2725779967159277,0.2627360424925032,0.0264778325123152,0.0340920274170682,0.3748604269293924,0.198200067104777,10.0,11.331372379372237,4.166666666666667,1.8333333333333333,0.3333333333333333,0.0,0.0,0.5,0.1666666666666666,0.3333333333333333,1.6666666666666667,3.1666666666666665,,0.8333333333333334,1.6666666666666667,,0.5,1.3333333333333333,1.6666666666666667,1.1666666666666667,0.3733579638752052,0.1746169542084702,0.1317733990147783,0.1152207517104709,0.0357142857142857,0.0412393049421161,0.0,0.0,0.0,0.0,0.2284482758620689,0.2245334300930333,0.2725779967159277,0.2627360424925032,0.0264778325123152,0.0340920274170682,0.3748604269293924,0.198200067104777,15.91,4.683333333333334,2.5866666666666664,0.4566666666666666,0.0,0.35002,0.2863799999999999,0.9546,7.726666666666667,7.27,5.140000000000001,3.043333333333333,0.6364,4.683333333333334,2.5866666666666664,0.4566666666666666,0.0,7.726666666666667,0.35002,0.2863799999999999,0.9546,TOR,False,1.1708333333333334,1.0,1.0,1.0,1.9316666666666664,1.0,1.0,1.0
1068,Nneka Ogwumike,LAS,2026-06-10,0.0,20.0,0.0,0.0,8.0,12,6,2,2,2,1,0,1,5,11,,0,0,,1,5,0,6,31.0,0.3870967741935484,0.1935483870967742,0.064516129032258,0.064516129032258,0.064516129032258,0.3548387096774194,0.0,0.032258064516129,0.3870967741935484,0.0,31.33333333333333,0.5773502691896093,16.333333333333332,6.0,2.6666666666666665,1.6666666666666667,2.333333333333333,0.6666666666666666,0.0,1.6666666666666667,6.333333333333333,10.666666666666666,,2.0,2.333333333333333,,0.3333333333333333,5.666666666666667,2.0,3.333333333333333,0.5201612903225806,0.1214372608578676,0.1918682795698924,0.0348086492300541,0.085013440860215,0.0178154786852306,0.0534274193548387,0.019206208551671,0.0745967741935483,0.0192326451898578,0.3403897849462365,0.016389446771851,0.074260752688172,0.066687359940945,0.0530913978494623,0.0180703355641784,0.4261559139784946,0.0338748397684401,31.8,0.8366600265340906,15.6,6.6,2.0,1.8,2.8,1.2,0.2,2.0,5.8,10.4,,2.2,2.6,,1.2,5.4,1.8,-3.0,0.4897482893450635,0.1333073722264075,0.206977028347996,0.0610482800199451,0.0631292766373411,0.0389332912834999,0.0564882697947214,0.0254343591354545,0.0875610948191593,0.0386076091957852,0.3263929618768328,0.1078154093259467,0.0816776637341153,0.0533391904187185,0.0627260508308895,0.0217860818507052,0.425057184750733,0.0870997835859527,25.571428571428573,12.12239171749457,13.571428571428571,5.285714285714286,2.142857142857143,1.5714285714285714,2.4285714285714284,1.0,0.1428571428571428,1.4285714285714286,4.857142857142857,8.714285714285714,,2.2857142857142856,2.857142857142857,,1.1428571428571428,4.142857142857143,1.5714285714285714,0.8571428571428571,0.5497902411208863,0.1893327764287771,0.2058141902899967,0.0546774830145801,0.0942743971977843,0.083861505737018,0.0637402248289345,0.0288629591451486,0.0979675790159661,0.042920944424394,0.3469941348973607,0.1088383203170074,0.1263980531117627,0.1194802692671466,0.0522717090257412,0.0321786616470872,0.4548809872922776,0.1067981883217035,30.54128571428572,14.874285714285715,6.067142857142857,2.2285714285714286,1.7442857142857144,0.6719082857142856,0.5497431428571428,1.8324771428571427,23.17,20.94142857142857,17.102857142857143,8.295714285714286,1.2216514285714284,14.874285714285715,6.067142857142857,2.2285714285714286,1.7442857142857144,23.17,0.6719082857142856,0.5497431428571428,1.8324771428571427,SEA,False,3.718571428571429,1.5167857142857142,1.0,1.0,5.7925,1.0,1.0,1.0
2284331,Emma Cannon,LAS,2026-06-10,0.0,18.0,0.0,0.0,9.0,0,0,0,0,0,0,0,0,0,0,,0,0,,0,0,1,1,1.0,0.0,0.0,0.0,0.0,0.0,0.0,0.0,0.0,0.0,0.0,0.3333333333333333,0.5773502691896192,0.0,0.0,0.0,0.0,0.0,0.0,0.0,0.0,0.0,0.0,,0.0,0.0,,0.0,0.0,0.3333333333333333,0.3333333333333333,0.0,,0.0,,0.0,,0.0,,0.0,,0.0,,0.0,,0.0,,0.0,,0.2,0.4472135954999579,0.0,0.0,0.0,0.0,0.0,0.0,0.0,0.0,0.0,0.0,,0.0,0.0,,0.0,0.0,0.2,0.2,0.0,,0.0,,0.0,,0.0,,0.0,,0.0,,0.0,,0.0,,0.0,,2.625,4.033343171967536,1.25,0.375,0.125,0.25,0.5,0.0,0.0,0.375,0.25,0.625,,0.5,0.5,,0.0,0.375,0.625,0.375,0.56875,0.6472296732999809,0.08125,0.098689327352725,0.03125,0.0625,0.15625,0.2366211810750114,0.2125,0.2174664725116648,0.2375,0.2056493779875511,0.1,0.2,0.275,0.4856267428111155,0.5565,0.6583583117624221,5.55,0.25,0.075,0.025,0.05,0.1220999999999999,0.0998999999999999,0.3329999999999999,0.35000000000000003,0.325,0.275,0.1,0.2219999999999999,0.25,0.075,0.025,0.05,0.35,0.1220999999999999,0.0998999999999999,0.3329999999999999,,,,,,,,,,
2491214,Erica Wheeler,LAS,2026-06-10,0.0,18.0,0.0,0.0,9.0,10,7,6,2,3,2,0,2,4,7,,0,0,,0,7,2,15,34.0,0.2941176470588235,0.2058823529411764,0.1764705882352941,0.0588235294117647,0.088235294117647,0.2058823529411764,0.0,0.0588235294117647,0.2647058823529412,0.0,30.0,3.999999999999999,6.333333333333333,3.333333333333333,5.666666666666667,1.0,2.6666666666666665,1.0,0.3333333333333333,2.333333333333333,2.333333333333333,6.666666666666667,,0.6666666666666666,1.0,,0.3333333333333333,3.0,4.0,2.6666666666666665,0.206586224233283,0.0813376065575253,0.1036701860231272,0.0896346897904449,0.1878833584715937,0.040954137996748,0.0324283559577677,0.0298722508602388,0.0883861236802413,0.0115392008753751,0.2199095022624434,0.0740797366015252,0.0333333333333333,0.0577350269189625,0.0785822021116138,0.0206383127900363,0.3131583710407239,0.1145756212364402,28.8,5.357238094391547,6.2,2.6,5.6,1.0,2.6,1.2,0.2,2.0,2.2,6.0,,0.8,1.0,,0.2,2.4,3.6,5.4,0.2036054141936494,0.0933903802651623,0.0838471332588979,0.0691018037708163,0.1932494956024368,0.0308411333567796,0.0315782256958727,0.0301109217933179,0.0867979079743785,0.0273550487688511,0.2098677792795439,0.0622092074163866,0.0321212121212121,0.0461363014379836,0.0653311394487865,0.0396895492456886,0.2893322520616638,0.0880243451632852,23.5,8.569047288267898,5.375,1.75,4.75,0.875,3.0,1.25,0.125,1.5,1.875,5.875,,0.75,0.875,,0.25,1.5,3.0,3.25,0.2426574242750713,0.1473961245774266,0.0593489027312556,0.0645423754776134,0.2087859852565735,0.1169376435993452,0.0424636637871932,0.0623872027139332,0.1527335409688351,0.1566456346481458,0.272707766090119,0.1793874359261331,0.0367424242424242,0.0543149893100829,0.0605289318524612,0.0397145614001613,0.3494033646092469,0.1606854351384602,29.272,6.6450000000000005,3.31,5.51,1.125,0.6439839999999999,0.5268959999999999,1.75632,15.465,9.955,12.155,8.82,1.17088,6.6450000000000005,3.31,5.51,1.125,15.465,0.6439839999999999,0.5268959999999999,1.75632,SEA,False,1.66125,1.0,1.3775,1.0,3.86625,1.0,1.0,1.0
2566106,Dearica Hamby,LAS,2026-06-10,0.0,18.0,0.0,0.0,9.0,16,5,4,1,2,1,0,3,6,12,,3,4,,0,5,6,0,36.0,0.4444444444444444,0.1388888888888889,0.1111111111111111,0.0277777777777777,0.0555555555555555,0.3333333333333333,0.1111111111111111,0.0833333333333333,0.4655555555555555,0.0,32.333333333333336,3.2145502536643167,21.33333333333333,9.666666666666666,3.333333333333333,1.3333333333333333,2.333333333333333,1.6666666666666667,0.0,1.3333333333333333,6.666666666666667,11.333333333333334,,6.666666666666667,7.666666666666667,,3.0,6.666666666666667,4.0,4.0,0.6739545997610513,0.2277975404722226,0.3097371565113501,0.1813367115589761,0.1026284348864994,0.0075211903156688,0.0422341696535244,0.0212774158449131,0.0733572281959378,0.0235042748518294,0.3516129032258064,0.0168991759629052,0.2452807646356033,0.1282564958218938,0.0385304659498207,0.0420192619630586,0.4980669056152926,0.0313019601980162,31.6,2.701851217221256,19.8,8.8,3.0,0.8,1.6,1.4,0.0,2.0,6.8,10.4,,5.4,6.2,,2.2,6.6,4.0,1.6,0.6334675874428377,0.1709974500395557,0.2847647076999134,0.1342330754006871,0.0934736126560375,0.0347793145293447,0.0253405017921146,0.0275949585688307,0.0509108886417006,0.0370074937987156,0.3286401557285873,0.0360570268757582,0.2004012174020516,0.1130262766051532,0.0632044864664441,0.0523025140333151,0.4800211778519342,0.0421193164469852,27.5,6.740072064048826,16.25,6.875,2.5,0.5,1.25,1.125,0.0,2.125,5.5,9.0,,4.75,5.875,,1.75,5.125,3.5,4.625,0.5838741134968028,0.1700397006621055,0.2430668799342782,0.1189937485556481,0.0918335322764952,0.0361245415409555,0.0158378136200716,0.024640099103841,0.0442614350306925,0.0338973373694312,0.3204707600983982,0.0552177573449213,0.2173864821238456,0.1048723186282287,0.0821745876672586,0.0477283324067451,0.4982953999001489,0.071903569865022,32.129000000000005,18.98,8.105,3.15,0.9299999999999998,0.7068380000000001,0.578322,1.92774,30.235,27.085,22.129999999999995,11.255,1.28516,18.98,8.105,3.15,0.9299999999999998,30.235,0.7068380000000001,0.578322,1.92774,SEA,False,4.745,2.02625,1.0,1.0,7.55875,1.0,1.0,1.0
3065570,Kelsey Plum,LAS,2026-06-10,0.0,18.0,0.0,0.0,9.0,38,4,9,6,7,1,0,3,12,17,,8,8,,0,4,4,11,37.0,1.027027027027027,0.1081081081081081,0.2432432432432432,0.1621621621621621,0.1891891891891892,0.4594594594594595,0.2162162162162162,0.081081081081081,0.6356756756756756,0.0,35.666666666666664,1.5275252316519474,27.33333333333333,2.0,7.666666666666667,3.6666666666666665,6.666666666666667,1.0,0.0,3.333333333333333,9.0,15.0,,5.666666666666667,6.333333333333333,,0.0,2.0,3.6666666666666665,6.333333333333333,0.7584643466996407,0.2787217047545857,0.0550992168639227,0.0459143157579823,0.214523346876288,0.025521182832921,0.1025289995878231,0.0684558797904404,0.1888800565271153,0.1053924968886948,0.4200376847435671,0.0360053189416862,0.1739239239239239,0.1571067403812407,0.0940204910793146,0.0204921738129687,0.5905847023494083,0.0549270140811895,35.4,1.8165902124584952,26.8,1.4,7.2,3.2,6.6,1.4,0.0,3.4,9.2,15.4,,5.2,6.2,,0.0,1.4,3.4,3.4,0.7538501067912832,0.2035222726159747,0.038464935523759,0.0407943738332417,0.204881084292849,0.0623492089651073,0.0911652294005235,0.0607789961368588,0.1888399094281447,0.0836221339729134,0.4354787943023237,0.0379298571137161,0.1718400218400218,0.1160931895498454,0.0955605337958279,0.0301452228263748,0.6066489377077613,0.0500298749302507,31.375,7.501190381723233,24.5,1.75,5.5,3.25,6.375,1.125,0.0,3.25,8.125,14.125,,5.0,5.75,,0.25,1.5,2.875,5.375,0.7888150469032822,0.186514802784116,0.05717550533727,0.0432932060207819,0.1748760745084274,0.0779158652576717,0.1089623953594541,0.0573678538214703,0.2081043084719555,0.0996631971140628,0.4505472623119682,0.053614622360991,0.1921222358722358,0.1056424045103682,0.1081380320350908,0.0409130455627265,0.6432190781308429,0.0893727074920635,35.11975,28.18,2.04,7.27,3.77,0.7726344999999999,0.6321554999999999,2.107185,37.489999999999995,30.22,35.45,9.31,1.4047899999999998,28.18,2.04,7.27,3.77,37.49,0.7726344999999999,0.6321554999999999,2.107185,SEA,False,7.045,1.0,1.8175,1.0,9.3725,1.0,1.0,1.0
3146151,Ariel Atkins,LAS,2026-06-10,0.0,18.0,0.0,0.0,7.0,11,3,3,1,5,1,0,2,5,12,,0,0,,0,3,1,-5,30.0,0.3666666666666666,0.1,0.1,0.0333333333333333,0.1666666666666666,0.4,0.0,0.0666666666666666,0.4666666666666667,0.0,23.33333333333333,7.023769168568493,8.0,2.0,2.333333333333333,1.3333333333333333,4.333333333333333,1.6666666666666667,0.3333333333333333,2.0,3.0,8.0,,0.6666666666666666,1.0,,0.3333333333333333,1.6666666666666667,3.0,-5.666666666666667,0.3166666666666666,0.1721998193314318,0.0888888888888888,0.042763345328724,0.1027777777777777,0.0209717623201965,0.0527777777777777,0.0647287788762835,0.1736111111111111,0.1147410530684604,0.3277777777777778,0.0751541625470482,0.0555555555555555,0.0636468846521644,0.0916666666666666,0.0300462606288665,0.4438888888888888,0.0198839224090811,23.8,7.293833011524188,7.2,2.4,2.6,1.0,4.2,1.8,0.4,2.0,2.6,8.0,,1.0,1.4,,0.6,1.8,2.2,-1.4,0.2870588235294117,0.1284410077211976,0.1018627450980392,0.0351669140187105,0.1157107843137255,0.0372674369391955,0.0434313725490196,0.051877013493717,0.1651960784313725,0.0855888880441384,0.3187254901960784,0.0736032309188371,0.0693627450980392,0.0525648159971579,0.0855147058823529,0.0259775595015149,0.4347598039215686,0.0563937204489523,23.666666666666668,6.531972647421808,7.333333333333333,3.0,2.833333333333333,1.1666666666666667,4.0,2.0,0.3333333333333333,1.6666666666666667,2.6666666666666665,7.5,,0.8333333333333334,1.1666666666666667,,0.5,2.5,2.333333333333333,3.8333333333333335,0.2971867007672634,0.117529219156852,0.1283638817845979,0.0721334246196415,0.125411160841148,0.0409349888659586,0.0506855640807047,0.0496862092727154,0.159402529127593,0.0778572892317578,0.3018364592213697,0.077752071901277,0.0578022875816993,0.0548845422006474,0.0712622549019607,0.0419363926895803,0.3985317206592782,0.1020737256399331,25.416166666666665,8.036666666666667,2.49,2.6266666666666665,1.1333333333333333,0.5591556666666666,0.4574909999999999,1.52497,13.153333333333334,10.526666666666667,10.663333333333334,5.116666666666666,1.0166466666666665,8.036666666666667,2.49,2.6266666666666665,1.1333333333333333,13.153333333333334,0.5591556666666666,0.4574909999999999,1.52497,SEA,False,2.0091666666666668,1.0,1.0,1.0,3.2883333333333336,1.0,1.0,1.0
4398764,Rae Burrell,LAS,2026-06-10,0.0,18.0,0.0,0.0,9.0,10,2,2,2,6,1,0,1,3,7,,2,2,,0,2,1,-9,25.0,0.4,0.08,0.08,0.08,0.24,0.28,0.08,0.04,0.3551999999999999,0.0,21.666666666666668,3.511884584284248,8.0,2.0,2.0,1.3333333333333333,4.0,0.3333333333333333,0.0,1.3333333333333333,2.333333333333333,6.0,,2.0,2.0,,0.6666666666666666,1.3333333333333333,3.0,-1.0,0.3521885521885521,0.2210837073275242,0.0973737373737373,0.0624458136702068,0.094006734006734,0.0157851782762266,0.0569696969696969,0.0496378066168321,0.1742760942760942,0.1030117498314624,0.2667340067340067,0.1494321917594075,0.094006734006734,0.0157851782762266,0.0621548821548821,0.0260882582395022,0.3702518518518518,0.1627451015110551,25.8,6.534523701081817,9.4,2.4,1.8,1.2,3.4,0.6,0.0,2.0,3.2,6.8,,1.8,2.0,,0.8,1.6,2.4,0.0,0.3545643628402249,0.1566462184914155,0.0938922227198089,0.0586565638938323,0.0747291635567497,0.0297584826450689,0.0456103896103896,0.0433826887430592,0.1355016171567895,0.0903314070498534,0.2632916355674977,0.1222522427457342,0.0816257152808876,0.0207237999501797,0.0727609095884957,0.0449370577855191,0.371967859879584,0.1177496380050596,21.875,10.548358030653736,7.0,2.125,1.25,0.875,2.75,0.75,0.125,1.625,2.5,5.625,,1.125,1.25,,0.875,1.25,1.875,0.0,0.3105164949992536,0.1489175406823004,0.0982450116932875,0.0484799133291938,0.0584800147854335,0.0382984636022446,0.0376808905380334,0.0392987119260355,0.1279660077197023,0.074878424335718,0.2583602385572829,0.1018361767144941,0.0583040823434912,0.0432745660245268,0.070112667846658,0.0372515406656446,0.354126702635077,0.1017874144612758,23.60075,8.59,2.165,1.7799999999999998,1.295,0.5192165,0.4248135,1.416045,12.534999999999998,10.755,10.37,3.945,0.94403,8.59,2.165,1.7799999999999998,1.295,12.534999999999998,0.5192165,0.4248135,1.416045,SEA,False,2.1475,1.0,1.0,1.0,3.13375,1.0,1.0,1.0
4398907,Kate Martin,LAS,2026-06-10,0.0,18.0,0.0,0.0,6.0,0,0,1,0,0,0,0,0,0,0,,0,0,,0,0,1,9,6.0,0.0,0.0,0.1666666666666666,0.0,0.0,0.0,0.0,0.0,0.0,0.0,8.333333333333334,8.736894948054104,3.6666666666666665,0.0,0.3333333333333333,1.0,2.0,0.3333333333333333,0.0,0.3333333333333333,1.3333333333333333,2.333333333333333,,0.0,0.0,,0.0,0.0,0.3333333333333333,6.0,0.2037037037037037,0.3528251645047713,0.0,0.0,0.0555555555555555,0.0962250448649376,0.0555555555555555,0.0962250448649376,0.1111111111111111,0.1924500897298752,0.1296296296296296,0.2245251046848545,0.0,0.0,0.0185185185185185,0.0320750149549792,0.1481481481481481,0.2566001196398336,10.8,9.257429448826494,3.8,1.6,0.6,1.0,2.4,0.2,0.0,0.4,1.2,3.0,,0.4,0.8,,0.4,1.2,0.8,3.4,0.1917874396135265,0.2786250468476327,0.0942028985507246,0.1378717216698583,0.0507246376811594,0.0749571045854246,0.0507246376811594,0.0749571045854246,0.1434782608695652,0.1442374876585166,0.1966183574879227,0.1851382703297819,0.0347826086956521,0.0777762774782535,0.0198067632850241,0.0274555985282759,0.2317294685990338,0.2151806612660473,10.8,9.257429448826494,3.8,1.6,0.6,1.0,2.4,0.2,0.0,0.4,1.2,3.0,,0.4,0.8,,0.4,1.2,0.8,3.4,0.1917874396135265,0.2786250468476327,0.0942028985507246,0.1378717216698583,0.0507246376811594,0.0749571045854246,0.0507246376811594,0.0749571045854246,0.1434782608695652,0.1442374876585166,0.1966183574879227,0.1851382703297819,0.0347826086956521,0.0777762774782535,0.0198067632850241,0.0274555985282759,0.2317294685990338,0.2151806612660473,7.295999999999999,3.1899999999999995,0.88,0.58,0.8499999999999999,0.160512,0.1313279999999999,0.4377599999999999,4.6499999999999995,4.069999999999999,3.77,1.46,0.29184,3.1899999999999995,0.88,0.58,0.8499999999999999,4.65,0.160512,0.1313279999999999,0.4377599999999999,,,,,,,,,,
4433404,Cameron Brink,LAS,2026-06-10,0.0,18.0,0.0,0.0,9.0,16,8,0,2,5,1,1,6,7,11,,0,1,,4,4,6,8,24.0,0.6666666666666666,0.3333333333333333,0.0,0.0833333333333333,0.2083333333333333,0.4583333333333333,0.0416666666666666,0.25,0.7266666666666666,0.0,20.33333333333333,3.214550253664317,11.666666666666666,5.0,1.0,1.0,2.6666666666666665,0.6666666666666666,2.0,4.333333333333333,4.333333333333333,7.0,,2.0,3.0,,2.0,3.0,5.333333333333333,-0.6666666666666666,0.5623781676413255,0.1512669309297924,0.2358674463937621,0.1135968989031848,0.0545808966861598,0.0555811985551003,0.0453216374269005,0.0421448400742677,0.1230506822612085,0.0779266280740728,0.3321150097465886,0.1188991444179641,0.1561890838206627,0.1425126171589614,0.2071150097465886,0.1353135796138889,0.607953216374269,0.2445864049576336,19.2,2.9495762407505253,11.2,4.6,1.0,0.6,2.2,0.8,2.0,3.4,4.0,6.6,,2.6,3.8,,1.4,3.2,4.4,-2.4,0.5782163742690059,0.1103462246095992,0.2316520467836257,0.0848584724009554,0.0557748538011695,0.0394902634665262,0.0271929824561403,0.0387854227533932,0.1073830409356725,0.0610338532042816,0.3374269005847953,0.0869462156767357,0.2108187134502924,0.1383188903846056,0.1683479532163742,0.1145002648518357,0.5985350877192983,0.1739000619113728,16.75,4.862392121462146,8.25,4.125,0.625,0.375,1.5,0.875,1.625,3.0,3.0,5.0,,1.875,2.625,,1.375,2.75,4.25,-0.5,0.4308296783625731,0.2787995479989675,0.2541575292397661,0.0924760098488088,0.0348592836257309,0.0415257888514364,0.0169956140350877,0.0325219055308443,0.0775310672514619,0.0669882992789971,0.2664473684210526,0.1396463975138807,0.1456505847953216,0.1421186866448949,0.1937591374269006,0.144193170922627,0.5242927631578947,0.1733942993790437,20.3755,11.47,5.135000000000001,0.7749999999999999,0.885,0.4482609999999999,0.3667589999999999,1.22253,17.38,16.605,12.245,5.91,0.8150199999999999,11.47,5.135000000000001,0.7749999999999999,0.885,17.38,0.4482609999999999,0.3667589999999999,1.22253,SEA,False,2.8675,1.2837500000000002,1.0,1.0,4.345,1.0,1.0,1.0
4433795,Sania Feagin,LAS,2026-06-10,0.0,20.0,0.0,0.0,5.0,0,0,0,0,0,0,0,0,0,0,,0,0,,0,0,0,0,0.0,,,,,,,,,,0.0,4.333333333333333,5.131601439446883,2.6666666666666665,1.0,0.0,0.0,0.0,0.3333333333333333,0.0,0.3333333333333333,0.6666666666666666,1.0,,1.3333333333333333,1.3333333333333333,,0.6666666666666666,0.3333333333333333,0.6666666666666666,-3.0,0.4,0.5656854249492381,0.1499999999999999,0.2121320343559642,0.0,0.0,0.0,0.0,0.0,0.0,0.15,0.2121320343559642,0.2,0.282842712474619,0.05,0.0707106781186547,0.288,0.4072935059634514,5.75,5.057996968497839,3.75,1.0,0.25,0.0,0.0,0.5,0.0,0.5,1.0,1.5,,1.75,2.0,,0.5,0.5,1.5,-2.0,0.5,0.4358898943540673,0.1333333333333333,0.1527525231651946,0.0333333333333333,0.0577350269189625,0.0,0.0,0.0,0.0,0.1999999999999999,0.1732050807568877,0.2666666666666666,0.2309401076758503,0.0666666666666666,0.0577350269189625,0.3839999999999999,0.3325537550532244,5.75,5.057996968497839,3.75,1.0,0.25,0.0,0.0,0.5,0.0,0.5,1.0,1.5,,1.75,2.0,,0.5,0.5,1.5,-2.0,0.5,0.4358898943540673,0.1333333333333333,0.1527525231651946,0.0333333333333333,0.0577350269189625,0.0,0.0,0.0,0.0,0.1999999999999999,0.1732050807568877,0.2666666666666666,0.2309401076758503,0.0666666666666666,0.0577350269189625,0.3839999999999999,0.3325537550532244,8.0,2.8625,0.8499999999999999,0.1375,0.0,0.176,0.144,0.48,3.8499999999999996,3.7125,3.0,0.9874999999999998,0.3199999999999999,2.8625,0.8499999999999999,0.1375,0.0,3.85,0.176,0.144,0.48,,,,,,,,,,
4609797,Ta'Niya Latson,LAS,2026-06-10,0.0,18.0,0.0,0.0,9.0,0,0,0,0,0,0,0,0,0,0,,0,0,,0,0,0,0,0.0,,,,,,,,,,0.0,0.0,0.0,0.0,0.0,0.0,0.0,0.0,0.0,0.0,0.0,0.0,0.0,,0.0,0.0,,0.0,0.0,0.0,0.0,,,,,,,,,,,,,,,,,,,0.8,1.0954451150103317,0.0,0.0,0.0,0.0,0.2,0.0,0.0,0.2,0.0,0.2,,0.0,0.0,,0.0,0.0,0.0,-1.0,0.0,0.0,0.0,0.0,0.0,0.0,0.0,0.0,0.25,0.3535533905932738,0.25,0.3535533905932737,0.0,0.0,0.2499999999999999,0.3535533905932737,0.5000000000000001,0.7071067811865475,5.625,8.105333341166702,2.0,0.875,1.0,0.0,0.75,0.0,0.125,1.0,0.75,2.0,,0.5,0.875,,0.25,0.625,0.625,0.125,0.2436363636363636,0.2315417246371243,0.0997402597402597,0.1084139478031281,0.0831168831168831,0.122725554856389,0.0,0.0,0.1558441558441558,0.2046742534087595,0.2932467532467532,0.1968108869322139,0.0948051948051948,0.1876162708029208,0.2153246753246753,0.1924016221688096,0.5502857142857144,0.3897440290283679,8.0,0.4,0.175,0.2,0.0,0.176,0.144,0.48,0.7749999999999999,0.5750000000000001,0.6000000000000001,0.375,0.3199999999999999,0.4,0.175,0.2,0.0,0.7750000000000001,0.176,0.144,0.48,,,,,,,,,,
4874375,Jihyun Park,LAS,2026-06-10,0.0,18.0,0.0,0.0,9.0,0,1,1,0,1,1,0,0,0,1,,0,0,,0,1,2,0,7.0,0.0,0.1428571428571428,0.1428571428571428,0.0,0.1428571428571428,0.1428571428571428,0.0,0.0,0.1428571428571428,0.0,8.666666666666666,2.0816659994661326,1.3333333333333333,1.0,1.3333333333333333,0.0,1.0,0.6666666666666666,0.0,0.0,0.3333333333333333,1.3333333333333333,,0.6666666666666666,0.6666666666666666,,0.3333333333333333,0.6666666666666666,2.6666666666666665,-1.0,0.1439393939393939,0.1292327432517574,0.1195887445887445,0.0263933948014225,0.1612554112554112,0.0811255295753686,0.0,0.0,0.1309523809523809,0.125424449438723,0.1726190476190476,0.1892632511379124,0.0606060606060606,0.1049727762162956,0.0,0.0,0.1992857142857143,0.1553846445280293,5.2,4.969909455915671,0.8,0.6,0.8,0.0,0.6,0.4,0.0,0.0,0.2,0.8,,0.4,0.4,,0.2,0.4,1.6,-0.6,0.1439393939393939,0.1292327432517574,0.1195887445887445,0.0263933948014225,0.1612554112554112,0.0811255295753686,0.0,0.0,0.1309523809523809,0.125424449438723,0.1726190476190476,0.1892632511379124,0.0606060606060606,0.1049727762162956,0.0,0.0,0.1992857142857143,0.1553846445280293,4.75,4.743416490252569,0.75,0.625,0.5,0.0,0.625,0.25,0.0,0.0,0.25,1.0,,0.25,0.25,,0.125,0.5,1.125,-0.5,0.1263636363636363,0.1180243706448617,0.1117532467532467,0.0739149600482933,0.0967532467532467,0.1053169885260092,0.0,0.0,0.1185714285714285,0.1146867962081503,0.2635714285714285,0.1960125464539118,0.0363636363636363,0.0813115628181741,0.0,0.0,0.2795714285714286,0.1707573167524302,8.35,0.83,0.7849999999999999,0.9299999999999998,0.0,0.1836999999999999,0.1503,0.501,2.5449999999999995,1.6149999999999998,1.7599999999999998,1.715,0.3339999999999999,0.83,0.7849999999999999,0.9299999999999998,0.0,2.5449999999999995,0.1836999999999999,0.1503,0.501,,,,,,,,,,
5105729,Chance Gray,LAS,2026-06-10,0.0,18.0,0.0,0.0,9.0,0,0,0,0,0,0,0,0,0,0,,0,0,,0,0,0,0,0.0,,,,,,,,,,0.0,4.0,5.2915026221291805,1.3333333333333333,0.3333333333333333,0.3333333333333333,0.0,1.0,0.0,0.0,0.3333333333333333,0.6666666666666666,1.6666666666666667,,0.0,0.0,,0.0,0.3333333333333333,1.0,-6.0,0.2,0.2828427124746186,0.05,0.0707106781186547,0.25,0.3535533905932738,0.0,0.0,0.35,0.2121320343559642,0.4499999999999999,0.0707106781186548,0.0,0.0,0.05,0.0707106781186547,0.5,0.0,7.8,6.648308055437865,1.2,0.6,0.2,0.0,1.0,0.0,0.0,0.4,0.6,1.8,,0.0,0.0,,0.0,0.6,1.2,-6.6,0.13125,0.1886078382959377,0.0633522727272727,0.0451540731683362,0.125,0.25,0.0,0.0,0.2204545454545454,0.2070885678426731,0.3017045454545455,0.1775578030275717,0.0,0.0,0.0477272727272727,0.0552355337380551,0.3494318181818181,0.1840242584170642,9.625,6.1164298643664905,3.25,0.875,0.5,0.625,2.125,0.125,0.0,0.5,1.25,3.25,,0.125,0.25,,0.125,0.75,0.75,-6.75,0.2585811247575953,0.3159098122762493,0.0844398248810013,0.050023280070532,0.108678086619263,0.179037185056253,0.0446024563671622,0.088839581798439,0.2440250925545043,0.1809939482105607,0.3470955515073162,0.1692165050238936,0.0219780219780219,0.058148380462958,0.046665099606276,0.0454576901027062,0.4034309807839219,0.1879625847977791,5.9,1.47,0.485,0.27,0.125,0.1298,0.1062,0.354,2.225,1.955,1.74,0.755,0.236,1.47,0.485,0.27,0.125,2.225,0.1298,0.1062,0.354,,,,,,,,,,
5107515,Laura Ziegler,LAS,2026-06-10,0.0,38.0,0.0,0.0,3.0,0,1,0,0,3,0,1,1,0,3,,0,0,,1,0,3,-8,10.0,0.0,0.1,0.0,0.0,0.3,0.3,0.0,0.1,0.4,0.0,12.0,2.8284271247461903,1.0,1.0,0.5,0.0,3.0,0.5,0.5,1.0,0.5,3.5,,0.0,0.0,,1.0,0.0,1.5,-6.0,0.0714285714285714,0.101015254455221,0.0857142857142857,0.0202030508910442,0.0357142857142857,0.0505076272276105,0.0,0.0,0.2571428571428571,0.0606091526731326,0.2928571428571428,0.0101015254455221,0.0,0.0,0.0857142857142857,0.0202030508910442,0.3785714285714285,0.0303045763365663,12.0,2.8284271247461903,1.0,1.0,0.5,0.0,3.0,0.5,0.5,1.0,0.5,3.5,,0.0,0.0,,1.0,0.0,1.5,-6.0,0.0714285714285714,0.101015254455221,0.0857142857142857,0.0202030508910442,0.0357142857142857,0.0505076272276105,0.0,0.0,0.2571428571428571,0.0606091526731326,0.2928571428571428,0.0101015254455221,0.0,0.0,0.0857142857142857,0.0202030508910442,0.3785714285714285,0.0303045763365663,12.0,2.8284271247461903,1.0,1.0,0.5,0.0,3.0,0.5,0.5,1.0,0.5,3.5,,0.0,0.0,,1.0,0.0,1.5,-6.0,0.0714285714285714,0.101015254455221,0.0857142857142857,0.0202030508910442,0.0357142857142857,0.0505076272276105,0.0,0.0,0.2571428571428571,0.0606091526731326,0.2928571428571428,0.0101015254455221,0.0,0.0,0.0857142857142857,0.0202030508910442,0.3785714285714285,0.0303045763365663,11.7,0.8499999999999999,1.0,0.4249999999999999,0.0,0.2573999999999999,0.2105999999999999,0.702,2.275,1.85,1.275,1.4249999999999998,0.4679999999999999,0.8499999999999999,1.0,0.4249999999999999,0.0,2.275,0.2573999999999999,0.2105999999999999,0.702,SEA,False,1.0,1.0,1.0,1.0,1.0,1.0,1.0,1.0
5209660,Sevgi Uzun,LAS,2026-06-10,0.0,38.0,0.0,0.0,3.0,2,2,0,0,2,0,0,0,1,4,,0,0,,0,2,0,-8,10.0,0.2,0.2,0.0,0.0,0.2,0.4,0.0,0.0,0.4,0.0,11.5,2.1213203435596424,2.0,2.0,0.0,0.0,1.5,0.0,0.5,2.0,1.0,3.0,,0.0,0.0,,0.0,2.0,0.5,-5.0,0.1769230769230769,0.0326356975932252,0.1769230769230769,0.0326356975932252,0.0,0.0,0.0,0.0,0.1384615384615384,0.0870285269152674,0.2769230769230769,0.1740570538305348,0.0,0.0,0.1538461538461538,0.2175713172881684,0.4307692307692308,0.0435142634576337,11.5,2.1213203435596424,2.0,2.0,0.0,0.0,1.5,0.0,0.5,2.0,1.0,3.0,,0.0,0.0,,0.0,2.0,0.5,-5.0,0.1769230769230769,0.0326356975932252,0.1769230769230769,0.0326356975932252,0.0,0.0,0.0,0.0,0.1384615384615384,0.0870285269152674,0.2769230769230769,0.1740570538305348,0.0,0.0,0.1538461538461538,0.2175713172881684,0.4307692307692308,0.0435142634576337,11.5,2.1213203435596424,2.0,2.0,0.0,0.0,1.5,0.0,0.5,2.0,1.0,3.0,,0.0,0.0,,0.0,2.0,0.5,-5.0,0.1769230769230769,0.0326356975932252,0.1769230769230769,0.0326356975932252,0.0,0.0,0.0,0.0,0.1384615384615384,0.0870285269152674,0.2769230769230769,0.1740570538305348,0.0,0.0,0.1538461538461538,0.2175713172881684,0.4307692307692308,0.0435142634576337,11.275,2.0,2.0,0.0,0.0,0.2480499999999999,0.2029499999999999,0.6764999999999999,4.0,4.0,2.0,2.0,0.4509999999999999,2.0,2.0,0.0,0.0,4.0,0.2480499999999999,0.2029499999999999,0.6764999999999999,SEA,False,1.0,1.0,1.0,1.0,1.0,1.0,1.0,1.0
5239080,Amelia Hassett,LAS,2026-06-10,0.0,46.0,0.0,0.0,2.0,3,3,0,1,2,1,0,0,1,2,,0,0,,0,3,2,-6,12.0,0.25,0.25,0.0,0.0833333333333333,0.1666666666666666,0.1666666666666666,0.0,0.0,0.1666666666666666,0.0,12.0,,3.0,3.0,0.0,1.0,2.0,1.0,0.0,0.0,1.0,2.0,,0.0,0.0,,0.0,3.0,2.0,-6.0,0.25,,0.25,,0.0,,0.0833333333333333,,0.1666666666666666,,0.1666666666666666,,0.0,,0.0,,0.1666666666666666,,12.0,,3.0,3.0,0.0,1.0,2.0,1.0,0.0,0.0,1.0,2.0,,0.0,0.0,,0.0,3.0,2.0,-6.0,0.25,,0.25,,0.0,,0.0833333333333333,,0.1666666666666666,,0.1666666666666666,,0.0,,0.0,,0.1666666666666666,,12.0,,3.0,3.0,0.0,1.0,2.0,1.0,0.0,0.0,1.0,2.0,,0.0,0.0,,0.0,3.0,2.0,-6.0,0.25,,0.25,,0.0,,0.0833333333333333,,0.1666666666666666,,0.1666666666666666,,0.0,,0.0,,0.1666666666666666,,11.999999999999998,3.0,3.0,0.0,1.0,0.2639999999999999,0.2159999999999999,0.7199999999999999,6.0,5.999999999999999,3.0,3.0,0.4799999999999998,3.0,3.0,0.0,1.0,5.999999999999999,0.2639999999999999,0.2159999999999999,0.7199999999999999,SEA,False,1.0,1.0,1.0,1.0,1.4999999999999998,1.0,1.0,1.0
4399342,Lexi Held,PHX,2026-06-10,0.0,18.0,0.0,0.0,10.0,3,2,1,1,1,0,0,0,1,2,,0,0,,1,1,2,6,8.0,0.375,0.25,0.125,0.125,0.125,0.25,0.0,0.0,0.25,0.0,13.333333333333334,8.386497083606088,3.0,1.3333333333333333,1.6666666666666667,0.6666666666666666,1.3333333333333333,0.0,0.0,0.6666666666666666,1.0,3.333333333333333,,0.3333333333333333,0.3333333333333333,,0.3333333333333333,1.0,2.0,-1.3333333333333333,0.2795893719806763,0.1308409203033246,0.1348631239935588,0.1052897230043882,0.1221819645732689,0.0099652929102146,0.056159420289855,0.0634575358265833,0.0851449275362318,0.073787724110204,0.2443639291465378,0.0199305858204298,0.037037037037037,0.0641500299099584,0.0515297906602254,0.0559914288267752,0.3121900161030596,0.0664590397954421,10.2,7.328028384224504,1.8,0.8,1.0,0.4,0.8,0.0,0.0,0.4,0.6,2.0,,0.2,0.2,,0.2,0.6,1.4,1.0,0.1677536231884057,0.1789154501161796,0.0809178743961352,0.1048779364268815,0.0733091787439613,0.0672917771461584,0.033695652173913,0.0544021467662704,0.0510869565217391,0.0699800808818255,0.1466183574879226,0.1345835542923169,0.0222222222222222,0.0496903994999953,0.0309178743961352,0.0486221744544391,0.1873140096618357,0.1773335383721721,11.11111111111111,8.978369067437088,3.888888888888889,0.5555555555555556,0.7777777777777778,0.8888888888888888,1.6666666666666667,0.3333333333333333,0.1111111111111111,0.5555555555555556,1.3333333333333333,3.111111111111111,,0.3333333333333333,0.3333333333333333,,0.2222222222222222,0.3333333333333333,1.4444444444444444,0.7777777777777778,0.2234116527594788,0.3118393914193308,0.0497852925389157,0.0839041262171897,0.050828331625433,0.0612338761165089,0.0488032498902064,0.0787581710839056,0.0832784365393061,0.1222012622966473,0.1706070365490655,0.1752032230158115,0.0224466891133557,0.0448266900865129,0.0323281120382569,0.0541122884048517,0.212811691797199,0.227115430088231,12.569944444444443,2.7577777777777777,1.0911111111111111,1.1555555555555554,0.6677777777777778,0.2765387777777777,0.2262589999999999,0.7541966666666666,5.004444444444444,3.848888888888889,3.913333333333333,2.2466666666666666,0.5027977777777777,2.7577777777777777,1.0911111111111111,1.1555555555555554,0.6677777777777778,5.004444444444444,0.2765387777777777,0.2262589999999999,0.7541966666666666,CON,True,1.0,1.0,1.0,1.0,1.251111111111111,1.0,1.0,1.0
2529183,Stefanie Dolson,SEA,2026-06-10,0.0,17.0,0.0,0.0,10.0,16,3,2,2,2,0,2,1,3,3,,8,8,,0,3,5,16,26.0,0.6153846153846154,0.1153846153846153,0.0769230769230769,0.0769230769230769,0.0769230769230769,0.1153846153846153,0.3076923076923077,0.0384615384615384,0.2892307692307692,0.0,26.33333333333333,1.527525231651954,8.0,3.333333333333333,2.6666666666666665,1.0,1.6666666666666667,0.3333333333333333,1.3333333333333333,1.3333333333333333,1.6666666666666667,3.333333333333333,,3.6666666666666665,4.0,,0.3333333333333333,3.0,3.333333333333333,14.666666666666666,0.3075091575091575,0.2706401400687176,0.1275091575091575,0.0284380516043636,0.1027838827838827,0.0496267110498332,0.0389743589743589,0.038471793504638,0.0627838827838827,0.0199217565412683,0.126080586080586,0.0147110532167058,0.1501831501831501,0.1539769198313824,0.0499633699633699,0.0186053183641827,0.2421245421245421,0.0713782860471973,26.2,3.033150177620621,9.2,3.6,2.0,1.0,2.0,0.6,1.4,1.4,2.8,4.8,,2.6,2.8,,0.2,3.4,3.6,6.6,0.3699600399600399,0.2805134937428789,0.1371115551115551,0.0263064995710996,0.075003663003663,0.0568680439795702,0.0415664335664335,0.0422574862482001,0.0782763902763902,0.0354355752489281,0.1883756243756243,0.1035933134870535,0.1082917082917082,0.1271924839215736,0.0572507492507492,0.0509610896434921,0.2932747252747252,0.1479968569854616,23.666666666666668,4.716990566028301,7.111111111111111,3.4444444444444446,1.4444444444444444,0.6666666666666666,1.7777777777777777,0.4444444444444444,1.0,1.2222222222222223,2.111111111111111,4.111111111111111,,2.2222222222222223,2.555555555555556,,0.5555555555555556,2.888888888888889,3.555555555555556,3.7777777777777777,0.3036374119707453,0.234782533448374,0.1441478069255847,0.0322182386116938,0.0540143806810473,0.0582573430491989,0.0272076894299116,0.0362129800773891,0.0754166306944084,0.0274308349907677,0.1791681158347825,0.0825180845033337,0.1103898673343117,0.1064179699262018,0.051500269278047,0.0414530372186853,0.2792399267399267,0.1109543546734906,25.92383333333333,8.502245850914205,3.328454289732771,2.410674542897328,1.0240029535864978,0.3281497890295358,1.3125991561181434,1.3125991561181434,14.241374683544304,11.830700140646975,10.912920393811532,5.739128832630098,1.640748945147679,8.502245850914205,3.328454289732771,2.410674542897328,1.0240029535864978,14.241374683544302,0.3281497890295358,1.3125991561181434,1.3125991561181434,LAS,True,2.1255614627285517,1.0,1.0,1.0,3.560343670886076,1.0,1.0,1.0
3058892,Lexie Brown,SEA,2026-06-10,0.0,17.0,0.0,0.0,10.0,7,0,1,1,1,2,0,0,1,1,,4,5,,0,0,1,-3,8.0,0.875,0.0,0.125,0.125,0.125,0.125,0.625,0.0,0.4,0.0,14.333333333333334,7.0945988845975885,5.0,1.0,1.0,0.6666666666666666,1.0,1.3333333333333333,0.0,0.3333333333333333,1.3333333333333333,2.6666666666666665,,1.6666666666666667,2.0,,0.0,1.0,1.6666666666666667,0.0,0.4443473193473193,0.3729602591418823,0.0559440559440559,0.048951048951049,0.0719696969696969,0.0646163716258787,0.0673076923076923,0.0630522935029038,0.0824592074592074,0.0400606588899328,0.1582167832167832,0.1020408584297733,0.2234848484848484,0.3484642615789977,0.0256410256410256,0.0444115591684327,0.2821911421911422,0.1234146933273693,15.2,5.167204273105526,3.6,2.0,0.8,0.6,1.4,0.8,0.0,1.0,1.0,2.4,,1.0,1.2,,0.0,2.0,2.0,-3.0,0.3019025092554505,0.3338969052979639,0.1181252570958453,0.0934522773301179,0.0556818181818181,0.0554377768984112,0.0521493212669683,0.0533961815880662,0.0972696421225833,0.0532669634591331,0.1427241875771287,0.0853221468420177,0.1340909090909091,0.2751314486742415,0.0646493212669683,0.0768699285715356,0.2663735088440971,0.0900652346653914,18.11111111111111,5.254627590144816,5.555555555555555,2.333333333333333,1.0,1.1111111111111112,2.333333333333333,0.7777777777777778,0.1111111111111111,1.5555555555555556,1.7777777777777777,3.6666666666666665,,0.8888888888888888,1.1111111111111112,,0.2222222222222222,2.111111111111111,1.3333333333333333,-5.0,0.3327584254983635,0.3141998689445658,0.1241472055636142,0.1051046448955268,0.0572248170932381,0.0523883261193256,0.064315760492231,0.0797363282561281,0.1267629248975998,0.07353970493391,0.1881836484235864,0.1054462181454078,0.0950797448165869,0.2027344405999403,0.0811475495608622,0.073999558974884,0.311166285703747,0.0974093541584389,14.40411111111111,4.983258397932817,1.1896294573643411,0.9749627906976744,0.7148640826873385,1.3399173126614985,0.0,0.3349793281653746,7.147850645994832,6.172887855297158,5.958221188630491,2.1645922480620152,1.3399173126614985,4.983258397932817,1.1896294573643411,0.9749627906976744,0.7148640826873385,7.147850645994832,1.3399173126614985,0.0,0.3349793281653746,LAS,True,1.2458145994832042,1.0,1.0,1.0,1.786962661498708,1.0,1.0,1.0
3906753,Natisha Hiedeman,SEA,2026-06-10,0.0,17.0,0.0,0.0,10.0,24,1,5,4,6,0,0,2,7,12,,6,6,,0,1,3,4,28.0,0.8571428571428571,0.0357142857142857,0.1785714285714285,0.1428571428571428,0.2142857142857142,0.4285714285714285,0.2142857142857142,0.0714285714285714,0.5942857142857143,0.0,28.33333333333333,1.527525231651949,18.33333333333333,1.3333333333333333,5.333333333333333,2.6666666666666665,6.333333333333333,0.3333333333333333,0.0,1.3333333333333333,6.333333333333333,13.333333333333334,,3.0,3.0,,0.0,1.3333333333333333,2.0,6.333333333333333,0.6437389770723103,0.2257426696479605,0.0477072310405643,0.022865367747434,0.1891534391534391,0.0292504555390158,0.0932980599647266,0.0532274431014857,0.2208112874779541,0.0761359544290649,0.4663139329805996,0.1193767740402941,0.1072310405643739,0.0949235448306322,0.0472663139329805,0.0210069124514678,0.5607619047619048,0.1079763138551299,27.6,3.507135583350037,15.8,1.2,4.6,2.4,5.8,0.4,0.2,1.4,5.6,12.8,,2.2,2.2,,0.0,1.2,2.4,1.2,0.554278576859222,0.2430528083289747,0.0415275644307902,0.0292114174282247,0.1718498347530605,0.0655775187721002,0.0844245837794225,0.0435135435398146,0.2075600862697636,0.0569629780483294,0.4504628465918788,0.1394567750746342,0.0772418501450759,0.081925668663912,0.0529932194448323,0.0266858250786995,0.5374424801005446,0.1283959655861758,22.33333333333333,9.810708435174291,10.666666666666666,1.6666666666666667,3.555555555555556,1.3333333333333333,4.0,0.4444444444444444,0.2222222222222222,1.5555555555555556,3.888888888888889,9.444444444444445,,1.5555555555555556,1.7777777777777777,,0.1111111111111111,1.5555555555555556,2.2222222222222223,0.4444444444444444,0.4319174215738031,0.274394948619966,0.0806011682852496,0.0693313331283945,0.164919285755541,0.0579676205333897,0.052765364862139,0.0546910749899988,0.17412901951822,0.0736312694881822,0.4033739661720026,0.1269878751019881,0.074195888782144,0.0712830683095835,0.0756434568496279,0.0493987283666216,0.511663614085774,0.114128786553758,27.354,17.325121568627452,1.2936815686274508,4.957837385620914,2.547363137254901,0.3218117647058823,0.0,1.2872470588235294,23.57664052287582,18.618803137254904,22.282958954248365,6.251518954248365,0.3218117647058823,17.325121568627452,1.2936815686274508,4.957837385620914,2.547363137254901,23.57664052287582,0.3218117647058823,0.0,1.2872470588235294,LAS,True,4.331280392156863,1.0,1.2394593464052286,1.0,5.894160130718955,1.0,1.0,1.0
3916517,Beatrice Mompremier,SEA,2026-06-10,0.0,42.0,0.0,0.0,3.0,0,0,0,0,0,0,0,0,0,1,,0,0,,0,0,1,-2,2.0,0.0,0.0,0.0,0.0,0.0,0.5,0.0,0.0,0.5,0.0,1.0,1.4142135623730951,0.0,0.0,0.0,0.0,0.0,0.0,0.0,0.0,0.0,0.5,,0.0,0.0,,0.0,0.0,0.5,-1.0,0.0,,0.0,,0.0,,0.0,,0.0,,0.5,,0.0,,0.0,,0.5,,1.0,1.4142135623730951,0.0,0.0,0.0,0.0,0.0,0.0,0.0,0.0,0.0,0.5,,0.0,0.0,,0.0,0.0,0.5,-1.0,0.0,,0.0,,0.0,,0.0,,0.0,,0.5,,0.0,,0.0,,0.5,,1.0,1.4142135623730951,0.0,0.0,0.0,0.0,0.0,0.0,0.0,0.0,0.0,0.5,,0.0,0.0,,0.0,0.0,0.5,-1.0,0.0,,0.0,,0.0,,0.0,,0.0,,0.5,,0.0,,0.0,,0.5,,8.0,0.0,0.0,0.0,0.0,0.176,0.144,0.48,0.0,0.0,0.0,0.0,0.3199999999999999,0.0,0.0,0.0,0.0,0.0,0.176,0.144,0.48,,,,,,,,,,
3917453,Katie Lou Samuelson,SEA,2026-06-10,0.0,17.0,0.0,0.0,10.0,3,2,2,1,2,0,0,1,1,2,,0,0,,0,2,0,12,18.0,0.1666666666666666,0.1111111111111111,0.1111111111111111,0.0555555555555555,0.1111111111111111,0.1111111111111111,0.0,0.0555555555555555,0.1666666666666666,0.0,6.0,10.392304845413264,1.0,0.6666666666666666,0.6666666666666666,0.3333333333333333,0.6666666666666666,0.0,0.0,0.3333333333333333,0.3333333333333333,0.6666666666666666,,0.0,0.0,,0.0,0.6666666666666666,0.0,4.0,0.1666666666666666,,0.1111111111111111,,0.1111111111111111,,0.0555555555555555,,0.1111111111111111,,0.1111111111111111,,0.0,,0.0555555555555555,,0.1666666666666666,,3.6,8.049844718999243,0.6,0.4,0.4,0.2,0.4,0.0,0.0,0.2,0.2,0.4,,0.0,0.0,,0.0,0.4,0.0,2.4,0.1666666666666666,,0.1111111111111111,,0.1111111111111111,,0.0555555555555555,,0.1111111111111111,,0.1111111111111111,,0.0,,0.0555555555555555,,0.1666666666666666,,2.0,6.0,0.3333333333333333,0.2222222222222222,0.2222222222222222,0.1111111111111111,0.2222222222222222,0.0,0.0,0.1111111111111111,0.1111111111111111,0.2222222222222222,,0.0,0.0,,0.0,0.2222222222222222,0.0,1.3333333333333333,0.1666666666666666,,0.1111111111111111,,0.1111111111111111,,0.0555555555555555,,0.1111111111111111,,0.1111111111111111,,0.0,,0.0555555555555555,,0.1666666666666666,,11.5,1.0266666666666666,0.6844444444444444,0.6844444444444444,0.3422222222222222,0.253,0.207,0.69,2.395555555555555,1.711111111111111,1.711111111111111,1.3688888888888888,0.4599999999999999,1.0266666666666666,0.6844444444444444,0.6844444444444444,0.3422222222222222,2.395555555555555,0.253,0.207,0.69,LAS,True,1.0,1.0,1.0,1.0,1.0,1.0,1.0,1.0
4066527,Jaelyn Brown,SEA,2026-06-10,0.0,42.0,0.0,0.0,3.0,6,0,0,1,3,0,0,2,1,4,,3,4,,0,0,1,7,12.0,0.5,0.0,0.0,0.0833333333333333,0.25,0.3333333333333333,0.3333333333333333,0.1666666666666666,0.6466666666666666,0.0,12.0,0.0,7.0,1.0,0.5,1.0,2.0,0.5,0.0,1.0,1.5,4.5,,3.0,4.0,,0.0,1.0,1.0,8.5,0.5833333333333333,0.1178511301977578,0.0833333333333333,0.1178511301977579,0.0416666666666666,0.0589255650988789,0.0833333333333333,0.0,0.1666666666666666,0.1178511301977579,0.375,0.0589255650988789,0.3333333333333333,0.0,0.0833333333333333,0.1178511301977579,0.605,0.0589255650988789,12.0,0.0,7.0,1.0,0.5,1.0,2.0,0.5,0.0,1.0,1.5,4.5,,3.0,4.0,,0.0,1.0,1.0,8.5,0.5833333333333333,0.1178511301977578,0.0833333333333333,0.1178511301977579,0.0416666666666666,0.0589255650988789,0.0833333333333333,0.0,0.1666666666666666,0.1178511301977579,0.375,0.0589255650988789,0.3333333333333333,0.0,0.0833333333333333,0.1178511301977579,0.605,0.0589255650988789,12.0,0.0,7.0,1.0,0.5,1.0,2.0,0.5,0.0,1.0,1.5,4.5,,3.0,4.0,,0.0,1.0,1.0,8.5,0.5833333333333333,0.1178511301977578,0.0833333333333333,0.1178511301977579,0.0416666666666666,0.0589255650988789,0.0833333333333333,0.0,0.1666666666666666,0.1178511301977579,0.375,0.0589255650988789,0.3333333333333333,0.0,0.0833333333333333,0.1178511301977579,0.605,0.0589255650988789,11.999999999999998,6.85,0.8499999999999999,0.4249999999999999,1.0,0.2639999999999999,0.2159999999999999,0.7199999999999999,8.125,7.699999999999999,7.274999999999999,1.275,0.4799999999999998,6.85,0.8499999999999999,0.4249999999999999,1.0,8.125,0.2639999999999999,0.2159999999999999,0.7199999999999999,LAS,True,1.7125,1.0,1.0,1.0,2.03125,1.0,1.0,1.0
4068161,Joyner Holmes,SEA,2026-06-10,0.0,17.0,0.0,0.0,3.0,0,0,0,0,0,0,0,0,0,0,,0,0,,0,0,0,0,0.0,,,,,,,,,,0.0,7.5,10.606601717798211,1.0,2.5,0.5,0.0,0.5,0.0,1.5,1.0,0.5,2.0,,0.0,0.0,,0.5,2.0,0.5,-1.0,0.1333333333333333,,0.3333333333333333,,0.0666666666666666,,0.0,,0.0666666666666666,,0.2666666666666666,,0.0,,0.1333333333333333,,0.4,,7.5,10.606601717798211,1.0,2.5,0.5,0.0,0.5,0.0,1.5,1.0,0.5,2.0,,0.0,0.0,,0.5,2.0,0.5,-1.0,0.1333333333333333,,0.3333333333333333,,0.0666666666666666,,0.0,,0.0666666666666666,,0.2666666666666666,,0.0,,0.1333333333333333,,0.4,,7.5,10.606601717798211,1.0,2.5,0.5,0.0,0.5,0.0,1.5,1.0,0.5,2.0,,0.0,0.0,,0.5,2.0,0.5,-1.0,0.1333333333333333,,0.3333333333333333,,0.0666666666666666,,0.0,,0.0666666666666666,,0.2666666666666666,,0.0,,0.1333333333333333,,0.4,,10.45,0.8499999999999999,2.125,0.4249999999999999,0.0,0.2298999999999999,0.1880999999999999,0.6269999999999999,3.3999999999999995,2.975,1.275,2.55,0.4179999999999999,0.8499999999999999,2.125,0.4249999999999999,0.0,3.3999999999999995,0.2298999999999999,0.1880999999999999,0.6269999999999999,LAS,True,1.0,1.0,1.0,1.0,1.0,1.0,1.0,1.0
4280888,Rennia Davis,SEA,2026-06-10,0.0,42.0,0.0,0.0,3.0,6,2,1,0,0,0,0,0,3,3,,0,0,,0,2,3,5,11.0,0.5454545454545454,0.1818181818181818,0.0909090909090909,0.0,0.0,0.2727272727272727,0.0,0.0,0.2727272727272727,0.0,8.5,3.5355339059327378,6.5,3.0,0.5,0.0,0.0,0.0,0.0,0.5,3.0,4.0,,0.5,0.5,,1.5,1.5,2.0,5.0,0.8560606060606061,0.4392633034643705,0.4242424242424242,0.3428396514843866,0.0454545454545454,0.0642824346533225,0.0,0.0,0.0,0.0,0.553030303030303,0.3964083470288221,0.0833333333333333,0.1178511301977579,0.0833333333333333,0.1178511301977579,0.6730303030303031,0.5661139745135937,8.5,3.5355339059327378,6.5,3.0,0.5,0.0,0.0,0.0,0.0,0.5,3.0,4.0,,0.5,0.5,,1.5,1.5,2.0,5.0,0.8560606060606061,0.4392633034643705,0.4242424242424242,0.3428396514843866,0.0454545454545454,0.0642824346533225,0.0,0.0,0.0,0.0,0.553030303030303,0.3964083470288221,0.0833333333333333,0.1178511301977579,0.0833333333333333,0.1178511301977579,0.6730303030303031,0.5661139745135937,8.5,3.5355339059327378,6.5,3.0,0.5,0.0,0.0,0.0,0.0,0.5,3.0,4.0,,0.5,0.5,,1.5,1.5,2.0,5.0,0.8560606060606061,0.4392633034643705,0.4242424242424242,0.3428396514843866,0.0454545454545454,0.0642824346533225,0.0,0.0,0.0,0.0,0.553030303030303,0.3964083470288221,0.0833333333333333,0.1178511301977579,0.0833333333333333,0.1178511301977579,0.6730303030303031,0.5661139745135937,8.875,6.425,2.85,0.575,0.0,0.1952499999999999,0.1597499999999999,0.5325,9.85,9.275,7.0,3.425,0.355,6.425,2.85,0.575,0.0,9.85,0.1952499999999999,0.1597499999999999,0.5325,,,,,,,,,,
4420318,Ezi Magbegor,SEA,2026-06-10,0.0,17.0,0.0,0.0,10.0,0,0,0,0,0,0,0,0,0,0,,0,0,,0,0,0,0,0.0,,,,,,,,,,0.0,0.0,0.0,0.0,0.0,0.0,0.0,0.0,0.0,0.0,0.0,0.0,0.0,,0.0,0.0,,0.0,0.0,0.0,0.0,,,,,,,,,,,,,,,,,,,0.0,0.0,0.0,0.0,0.0,0.0,0.0,0.0,0.0,0.0,0.0,0.0,,0.0,0.0,,0.0,0.0,0.0,0.0,,,,,,,,,,,,,,,,,,,0.0,0.0,0.0,0.0,0.0,0.0,0.0,0.0,0.0,0.0,0.0,0.0,,0.0,0.0,,0.0,0.0,0.0,0.0,,,,,,,,,,,,,,,,,,,8.0,0.0,0.0,0.0,0.0,0.176,0.144,0.48,0.0,0.0,0.0,0.0,0.3199999999999999,0.0,0.0,0.0,0.0,0.0,0.176,0.144,0.48,,,,,,,,,,
4432830,Jordan Horston,SEA,2026-06-10,0.0,17.0,0.0,0.0,10.0,5,3,1,1,3,1,0,1,2,4,,0,0,,0,3,3,6,20.0,0.25,0.15,0.05,0.05,0.15,0.2,0.0,0.05,0.25,0.0,19.666666666666668,2.516611478423583,4.333333333333333,3.333333333333333,0.3333333333333333,0.3333333333333333,2.0,2.0,0.0,1.0,2.0,5.0,,0.0,0.0,,0.3333333333333333,3.0,2.0,9.666666666666666,0.2045454545454545,0.1860307448152829,0.1694295900178253,0.017037632331915,0.0166666666666666,0.0288675134594812,0.0166666666666666,0.0288675134594812,0.0999108734402852,0.0462499866355226,0.2422459893048128,0.1502445412450165,0.0,0.0,0.0514260249554367,0.0067976167435538,0.2936720142602495,0.1440896992866388,18.4,2.70185121722126,3.2,2.8,1.0,0.2,1.4,1.4,0.0,1.0,1.4,4.0,,0.2,0.4,,0.2,2.6,1.8,5.4,0.1605050505050505,0.1472975273904808,0.150546642899584,0.029587658323316,0.0611111111111111,0.0820267947790744,0.01,0.0223606797749978,0.0732798573975044,0.0543585949179741,0.2120142602495543,0.1639794809693698,0.0222222222222222,0.0496903994999953,0.0553000594177064,0.0081655473554689,0.2770920974450386,0.1477006503056938,13.555555555555555,8.048464311766423,2.2222222222222223,2.333333333333333,0.6666666666666666,0.1111111111111111,1.1111111111111112,0.8888888888888888,0.2222222222222222,1.0,0.8888888888888888,3.111111111111111,,0.3333333333333333,0.4444444444444444,,0.2222222222222222,2.111111111111111,1.1111111111111112,1.8888888888888888,0.1527417027417027,0.1434088091817759,0.1741999830235124,0.050850842430371,0.0531746031746031,0.0709907215041694,0.0071428571428571,0.0188982236504613,0.0809141838553603,0.050102563218175,0.2276292335115864,0.1365186556485232,0.0349206349206349,0.0599823607228291,0.077595280536457,0.0545503422326434,0.3205895934131228,0.1520989212782455,18.61655555555556,3.906949529190207,3.0518757062146893,0.4826542372881355,0.3262097928436911,1.8932090395480223,0.0,0.9466045197740112,7.4414794726930324,6.9588252354048965,4.389603766478342,3.534529943502825,1.8932090395480223,3.906949529190207,3.0518757062146893,0.4826542372881355,0.3262097928436911,7.441479472693032,1.8932090395480223,0.0,0.9466045197740112,LAS,True,1.0,1.0,1.0,1.0,1.860369868173258,1.0,1.0,1.0
4432832,Zia Cooke,SEA,2026-06-10,0.0,17.0,0.0,0.0,10.0,10,1,2,2,4,0,0,3,3,8,,2,2,,0,1,1,13,17.0,0.5882352941176471,0.0588235294117647,0.1176470588235294,0.1176470588235294,0.2352941176470588,0.4705882352941176,0.1176470588235294,0.1764705882352941,0.6988235294117647,0.0,20.0,3.6055512754639896,15.0,3.333333333333333,1.3333333333333333,1.3333333333333333,4.333333333333333,0.6666666666666666,0.0,3.333333333333333,4.666666666666667,10.666666666666666,,4.333333333333333,4.666666666666667,,1.0,2.333333333333333,0.6666666666666666,10.666666666666666,0.7187392500859994,0.2813718065983804,0.1592277261781905,0.0869594982692897,0.0706484348125214,0.0410695790035269,0.0669934640522875,0.0605016620312863,0.2143962848297213,0.0494811523480638,0.5267457860337117,0.056373778973467,0.2131922944616443,0.1763227306921162,0.1743206054351565,0.08993155753417,0.7948710010319918,0.0834824674289259,19.6,3.3615472627943217,13.0,2.8,2.0,1.4,4.4,0.4,0.0,2.2,4.0,10.2,,3.6,4.0,,0.8,2.0,1.4,5.8,0.6369253682334178,0.234685265921223,0.1421275447978234,0.0827730115758097,0.1037526972511492,0.0574603449534055,0.0708778966131907,0.0442651289466042,0.2275014072614691,0.0606706671952574,0.516047471620227,0.0424688426854675,0.1824608312224411,0.1631354227384766,0.1170923632610939,0.1033096472365264,0.713422600619195,0.1278139118108509,19.0,3.774917217635376,12.77777777777778,2.6666666666666665,1.6666666666666667,1.5555555555555556,4.333333333333333,0.4444444444444444,0.0,1.7777777777777777,3.7777777777777777,10.0,,3.6666666666666665,4.444444444444445,,0.8888888888888888,1.7777777777777777,1.4444444444444444,3.4444444444444446,0.6472988492332729,0.2470717437607222,0.1331465426010452,0.099011810003527,0.0839688897772085,0.0648405183144724,0.0829890622622932,0.0660112914341276,0.235326868768449,0.1196937691550437,0.5242936839113983,0.0651351834563488,0.2205834462239541,0.137509205788605,0.095808156723152,0.0865784457005436,0.7171585569730901,0.1042906727033435,19.4865,14.011147222222222,3.013983333333333,1.4727933333333334,1.3799044444444446,0.64955,0.0,3.2477500000000004,18.497923888888888,17.025130555555556,15.483940555555556,4.486776666666667,0.64955,14.011147222222222,3.013983333333333,1.4727933333333334,1.3799044444444446,18.497923888888888,0.64955,0.0,3.2477500000000004,LAS,True,3.5027868055555555,1.0,1.0,1.0,4.624480972222222,1.0,1.0,1.0
4433643,Mackenzie Holmes,SEA,2026-06-10,0.0,17.0,0.0,0.0,10.0,2,4,0,0,0,3,0,0,1,2,,0,0,,1,3,3,-4,14.0,0.1428571428571428,0.2857142857142857,0.0,0.0,0.0,0.1428571428571428,0.0,0.0,0.1428571428571428,0.0,19.33333333333333,6.110100926607786,7.333333333333333,5.333333333333333,0.6666666666666666,0.3333333333333333,0.3333333333333333,1.3333333333333333,1.0,0.3333333333333333,2.333333333333333,4.0,,2.333333333333333,3.0,,1.3333333333333333,4.0,3.0,-6.333333333333333,0.3154253154253154,0.3267754536930329,0.2832722832722833,0.051325639943794,0.0313390313390313,0.0284543936687153,0.0128205128205128,0.0222057795842163,0.0128205128205128,0.0222057795842164,0.1872201872201872,0.1055324665266184,0.1381766381766381,0.1205956354034009,0.0185185185185185,0.0320750149549792,0.2665364265364265,0.1247384321173716,14.6,7.987490219086343,5.2,3.6,0.4,0.2,0.2,1.2,0.6,0.4,1.8,3.0,,1.4,1.8,,0.8,2.8,2.2,-6.6,0.2692551892551892,0.2781869867561274,0.2299633699633699,0.0888572512764282,0.0188034188034188,0.0264474332423347,0.0076923076923076,0.0172005229038445,0.0076923076923076,0.0172005229038445,0.1723321123321123,0.1312789147068472,0.0829059829059829,0.1140153000281729,0.0311111111111111,0.0454062594260056,0.2399218559218559,0.1706105713032497,15.666666666666666,6.819090848492928,4.888888888888889,4.444444444444445,0.4444444444444444,0.3333333333333333,0.6666666666666666,0.8888888888888888,0.5555555555555556,0.5555555555555556,1.6666666666666667,3.4444444444444446,,1.2222222222222223,1.4444444444444444,,1.3333333333333333,3.111111111111111,2.555555555555556,-3.555555555555556,0.2619118937959517,0.2041320672288059,0.2800270582879278,0.122576997167246,0.0201081795284693,0.0325731799402136,0.0176514306949089,0.0284663218167306,0.0326042717347065,0.0462464986462618,0.1889576338851701,0.1157479237882505,0.0672229005562338,0.1012273915966393,0.0326968790736906,0.0424636618114137,0.2512325892036037,0.1670624768892403,17.259833333333333,6.04721111111111,4.596355555555555,0.5286555555555555,0.2732166666666666,1.1903333333333332,0.89275,0.2975833333333333,11.17222222222222,10.643566666666665,6.575866666666666,5.125011111111111,2.083083333333333,6.04721111111111,4.596355555555555,0.5286555555555555,0.2732166666666666,11.17222222222222,1.1903333333333332,0.89275,0.2975833333333333,LAS,True,1.5118027777777776,1.1490888888888888,1.0,1.0,2.793055555555555,1.0,1.0,1.0
4698736,Flau'jae Johnson,SEA,2026-06-10,0.0,17.0,0.0,0.0,10.0,17,6,1,2,7,1,1,2,4,14,,7,7,,1,5,4,4,25.0,0.68,0.24,0.04,0.08,0.28,0.56,0.28,0.08,0.7631999999999999,0.0,24.0,7.549834435270749,13.0,5.333333333333333,2.0,1.6666666666666667,5.0,0.6666666666666666,1.6666666666666667,2.333333333333333,4.333333333333333,10.666666666666666,,2.6666666666666665,3.0,,0.3333333333333333,5.0,2.0,7.333333333333333,0.5136290322580646,0.1861992341194789,0.217768817204301,0.0271572306239932,0.0670967741935483,0.0839899899887733,0.0589247311827956,0.0517149528765446,0.1995161290322581,0.0776721343717063,0.4406989247311828,0.1034946515849703,0.135,0.1402676013910554,0.0804301075268817,0.0806460215007885,0.5805290322580644,0.16890940770865,25.8,5.890670590009257,12.0,5.6,1.6,1.0,4.0,0.8,2.0,2.4,3.6,10.6,,3.8,4.4,,0.8,4.8,2.2,1.4,0.4564532814238043,0.1783960753199044,0.2148977435245511,0.0197746883197266,0.0540511679644048,0.0666392657052844,0.0353548387096774,0.0487735108332488,0.1551776577149213,0.0903917512632032,0.4126952169076752,0.123233694419617,0.172871921182266,0.1293665249763808,0.0832334339742571,0.0582647665780846,0.5719922962021293,0.1618921342390057,25.22222222222222,5.093568929978708,13.333333333333334,4.777777777777778,1.3333333333333333,1.4444444444444444,4.333333333333333,1.1111111111111112,1.2222222222222223,1.8888888888888888,3.7777777777777777,10.77777777777778,,4.333333333333333,4.888888888888889,,0.7777777777777778,4.0,2.4444444444444446,0.7777777777777778,0.5390565457081075,0.2322493679436954,0.1870243972073554,0.0484250478483746,0.0481270921139781,0.0516275262642557,0.0585405711086673,0.0571927508678182,0.1778329591306761,0.1085373585869902,0.4360788261638049,0.1187996983222065,0.1975120496753101,0.1452874767521198,0.0701874153358258,0.0524288787239596,0.5931715433567671,0.1735868105427022,24.665888888888887,13.343080555555556,5.455007407407408,1.863961111111111,1.603300925925926,0.6851635802469135,1.712908950617284,2.398072530864197,20.662049074074073,18.798087962962963,15.207041666666669,7.318968518518519,2.398072530864197,13.343080555555556,5.455007407407408,1.863961111111111,1.603300925925926,20.66204907407408,0.6851635802469135,1.712908950617284,2.398072530864197,LAS,True,3.335770138888889,1.363751851851852,1.0,1.0,5.16551226851852,1.0,1.0,1.0
4858671,Jalyn Brown,SEA,2026-06-10,0.0,42.0,0.0,0.0,3.0,0,3,1,0,0,0,0,0,0,1,,0,0,,1,2,0,0,4.0,0.0,0.75,0.25,0.0,0.0,0.25,0.0,0.0,0.25,0.0,2.0,2.8284271247461903,0.0,1.5,0.5,0.0,0.0,0.0,0.0,0.0,0.0,0.5,,0.0,0.0,,0.5,1.0,0.0,0.0,0.0,,0.75,,0.25,,0.0,,0.0,,0.25,,0.0,,0.0,,0.25,,2.0,2.8284271247461903,0.0,1.5,0.5,0.0,0.0,0.0,0.0,0.0,0.0,0.5,,0.0,0.0,,0.5,1.0,0.0,0.0,0.0,,0.75,,0.25,,0.0,,0.0,,0.25,,0.0,,0.0,,0.25,,2.0,2.8284271247461903,0.0,1.5,0.5,0.0,0.0,0.0,0.0,0.0,0.0,0.5,,0.0,0.0,,0.5,1.0,0.0,0.0,0.0,,0.75,,0.25,,0.0,,0.0,,0.25,,0.0,,0.0,,0.25,,8.0,0.0,1.725,0.575,0.0,0.176,0.144,0.48,2.3,1.725,0.575,2.3,0.3199999999999999,0.0,1.725,0.575,0.0,2.3,0.176,0.144,0.48,,,,,,,,,,
4898400,Taylor Thierry,SEA,2026-06-10,0.0,19.0,0.0,0.0,6.0,0,1,0,0,0,0,0,0,0,0,,0,0,,1,0,0,-1,4.0,0.0,0.25,0.0,0.0,0.0,0.0,0.0,0.0,0.0,0.0,4.333333333333333,4.509249752822894,2.0,1.0,0.0,0.6666666666666666,1.0,0.0,0.0,0.0,0.6666666666666666,1.3333333333333333,,0.0,0.0,,0.6666666666666666,0.3333333333333333,1.6666666666666667,-1.6666666666666667,0.3333333333333333,0.4714045207910317,0.2361111111111111,0.0196418550329596,0.0,0.0,0.1111111111111111,0.1571348402636772,0.1666666666666666,0.2357022603955158,0.2222222222222221,0.3142696805273544,0.0,0.0,0.0,0.0,0.2222222222222222,0.3142696805273545,8.0,5.958187643906492,2.6,2.2,0.2,0.8,1.6,0.2,0.2,0.4,0.8,2.0,,0.2,0.4,,1.0,1.2,1.6,-0.8,0.3012820512820512,0.351805711128519,0.2664072039072039,0.0378538071577434,0.0192307692307692,0.0384615384615384,0.094017094017094,0.1120929662273846,0.1781135531135531,0.1673220018701638,0.2251221001221001,0.2219925368438904,0.0384615384615384,0.0769230769230769,0.037087912087912,0.0428841372672824,0.2791330891330891,0.2492409201071019,8.0,5.958187643906492,2.6,2.2,0.2,0.8,1.6,0.2,0.2,0.4,0.8,2.0,,0.2,0.4,,1.0,1.2,1.6,-0.8,0.3012820512820512,0.351805711128519,0.2664072039072039,0.0378538071577434,0.0192307692307692,0.0384615384615384,0.094017094017094,0.1120929662273846,0.1781135531135531,0.1673220018701638,0.2251221001221001,0.2219925368438904,0.0384615384615384,0.0769230769230769,0.037087912087912,0.0428841372672824,0.2791330891330891,0.2492409201071019,7.475,2.03,1.66,0.11,0.64,0.1644499999999999,0.1345499999999999,0.4484999999999999,3.7999999999999994,3.69,2.14,1.7700000000000002,0.2989999999999999,2.03,1.66,0.11,0.64,3.8,0.1644499999999999,0.1345499999999999,0.4484999999999999,,,,,,,,,,
5017726,Jade Melbourne,SEA,2026-06-10,0.0,17.0,0.0,0.0,10.0,3,2,6,0,2,2,0,2,0,6,,3,4,,1,1,4,6,25.0,0.12,0.08,0.24,0.0,0.08,0.24,0.16,0.08,0.3903999999999999,0.0,25.0,4.999999999999998,6.0,2.333333333333333,4.333333333333333,0.0,1.0,1.3333333333333333,0.3333333333333333,2.6666666666666665,1.0,5.0,,4.0,5.0,,0.3333333333333333,2.0,2.333333333333333,1.0,0.2288888888888889,0.1258452900868245,0.0988888888888889,0.044762749063297,0.18,0.0721110255092797,0.0,0.0,0.0377777777777777,0.0401847584889447,0.2077777777777777,0.0646643756753399,0.1811111111111111,0.1428415335387565,0.0988888888888888,0.060583581689847,0.3863555555555555,0.0624316633815934,26.4,4.037325847637271,8.8,1.8,4.4,0.2,1.6,1.4,0.2,2.8,2.2,6.2,,4.2,4.8,,0.4,1.4,3.0,-3.6,0.3200919540229885,0.1563448765985993,0.0733727422003284,0.0471466297858064,0.1715467980295566,0.065342163942599,0.0071428571428571,0.0159719141249984,0.0578883415435139,0.0418080287831301,0.2372282430213464,0.0672158451110292,0.1714745484400656,0.1077952715214848,0.1016978653530377,0.0503237134078753,0.4143749096880131,0.0702477342387723,23.11111111111111,5.10990323891863,9.444444444444445,1.4444444444444444,4.0,0.5555555555555556,1.7777777777777777,1.2222222222222223,0.3333333333333333,2.2222222222222223,2.6666666666666665,6.0,,3.555555555555556,4.666666666666667,,0.4444444444444444,1.0,3.333333333333333,-3.2222222222222223,0.4155068653037316,0.2138177367186873,0.0648382873611435,0.0458129254283631,0.1747613245975829,0.0598586703293711,0.0280439067736595,0.0403344970389331,0.0799483871509623,0.0504438400530308,0.2661908665959582,0.0603575524815623,0.1927029358025624,0.1451486896167243,0.0921939294902813,0.0584791777644932,0.4431740878393669,0.0769342217734774,25.072944444444445,6.498059555555556,2.171640444444445,4.423586222222222,0.0724444444444444,1.3372237037037036,0.3343059259259259,2.674447407407407,13.093286222222222,8.6697,10.921645777777778,6.595226666666667,1.6715296296296294,6.498059555555556,2.171640444444445,4.423586222222222,0.0724444444444444,13.093286222222222,1.3372237037037036,0.3343059259259259,2.674447407407407,LAS,True,1.624514888888889,1.0,1.1058965555555555,1.0,3.2733215555555555,1.0,1.0,1.0
5105756,Elle Ladine,SEA,2026-06-10,0.0,42.0,0.0,0.0,3.0,3,1,0,1,2,1,0,0,1,2,,0,0,,1,0,2,4,6.0,0.5,0.1666666666666666,0.0,0.1666666666666666,0.3333333333333333,0.3333333333333333,0.0,0.0,0.3333333333333333,0.0,6.0,0.0,2.0,0.5,0.0,0.5,1.5,0.5,0.0,0.0,0.5,2.0,,0.5,1.0,,0.5,0.0,2.5,3.5,0.3333333333333333,0.2357022603955158,0.0833333333333333,0.1178511301977579,0.0,0.0,0.0833333333333333,0.1178511301977579,0.25,0.1178511301977579,0.3333333333333333,0.0,0.1666666666666666,0.2357022603955158,0.0,0.0,0.4066666666666666,0.1037089945740269,6.0,0.0,2.0,0.5,0.0,0.5,1.5,0.5,0.0,0.0,0.5,2.0,,0.5,1.0,,0.5,0.0,2.5,3.5,0.3333333333333333,0.2357022603955158,0.0833333333333333,0.1178511301977579,0.0,0.0,0.0833333333333333,0.1178511301977579,0.25,0.1178511301977579,0.3333333333333333,0.0,0.1666666666666666,0.2357022603955158,0.0,0.0,0.4066666666666666,0.1037089945740269,6.0,0.0,2.0,0.5,0.0,0.5,1.5,0.5,0.0,0.0,0.5,2.0,,0.5,1.0,,0.5,0.0,2.5,3.5,0.3333333333333333,0.2357022603955158,0.0833333333333333,0.1178511301977579,0.0,0.0,0.0833333333333333,0.1178511301977579,0.25,0.1178511301977579,0.3333333333333333,0.0,0.1666666666666666,0.2357022603955158,0.0,0.0,0.4066666666666666,0.1037089945740269,8.0,2.15,0.575,0.0,0.575,0.176,0.144,0.48,2.7249999999999996,2.725,2.15,0.575,0.3199999999999999,2.15,0.575,0.0,0.575,2.725,0.176,0.144,0.48,,,,,,,,,,
5106222,Taina Mair,SEA,2026-06-10,0.0,21.0,0.0,0.0,8.0,0,0,1,0,0,0,0,0,0,1,,0,0,,0,0,0,-1,3.0,0.0,0.0,0.3333333333333333,0.0,0.0,0.3333333333333333,0.0,0.0,0.3333333333333333,0.0,1.0,1.73205080756889,0.0,0.0,0.3333333333333333,0.0,0.0,0.0,0.0,0.0,0.0,0.3333333333333333,,0.0,0.0,,0.0,0.0,0.0,-0.3333333333333333,0.0,,0.0,,0.3333333333333333,,0.0,,0.0,,0.3333333333333333,,0.0,,0.0,,0.3333333333333333,,0.6,1.3416407864998827,0.0,0.0,0.2,0.0,0.0,0.0,0.0,0.0,0.0,0.2,,0.0,0.0,,0.0,0.0,0.0,-0.2,0.0,,0.0,,0.3333333333333333,,0.0,,0.0,,0.3333333333333333,,0.0,,0.0,,0.3333333333333333,,4.571428571428571,7.020378500174639,0.5714285714285714,0.8571428571428571,1.4285714285714286,0.0,0.4285714285714285,0.1428571428571428,0.0,0.5714285714285714,0.1428571428571428,1.0,,0.2857142857142857,0.2857142857142857,,0.4285714285714285,0.4285714285714285,0.7142857142857143,2.857142857142857,0.0947712418300653,0.0856558328240598,0.1503267973856209,0.1690525118480726,0.3284313725490196,0.0907855842031967,0.0,0.0,0.0588235294117647,0.1018853416216986,0.2450980392156862,0.0837647426011522,0.0555555555555555,0.0962250448649376,0.0947712418300653,0.0856558328240598,0.3643137254901961,0.0379663745681225,6.25,0.1142857142857142,0.1714285714285714,0.6057142857142858,0.0,0.1374999999999999,0.1124999999999999,0.375,0.8914285714285713,0.2857142857142857,0.7200000000000001,0.7771428571428571,0.2499999999999999,0.1142857142857142,0.1714285714285714,0.6057142857142858,0.0,0.8914285714285715,0.1374999999999999,0.1124999999999999,0.375,,,,,,,,,,
5220150,Dominique Malonga,SEA,2026-06-10,0.0,17.0,0.0,0.0,10.0,0,0,0,0,0,0,0,0,0,0,,0,0,,0,0,0,0,0.0,,,,,,,,,,0.0,0.0,0.0,0.0,0.0,0.0,0.0,0.0,0.0,0.0,0.0,0.0,0.0,,0.0,0.0,,0.0,0.0,0.0,0.0,,,,,,,,,,,,,,,,,,,6.4,14.310835055998654,4.2,1.4,0.2,0.4,0.6,0.2,0.2,0.2,1.8,3.8,,0.2,0.8,,0.2,1.2,0.2,-2.0,0.65625,,0.21875,,0.03125,,0.0625,,0.09375,,0.59375,,0.125,,0.03125,,0.68,,13.444444444444445,13.417443041719157,7.555555555555555,4.222222222222222,0.3333333333333333,0.3333333333333333,1.0,0.5555555555555556,0.7777777777777778,1.0,2.7777777777777777,6.555555555555555,,1.6666666666666667,3.0,,1.4444444444444444,2.7777777777777777,1.2222222222222223,-0.8888888888888888,0.5365788393397286,0.1652431779158142,0.3323309350963616,0.1467153615756675,0.0263001253132832,0.0252771455131221,0.0220238095238095,0.0306128354062471,0.0716408478091781,0.0525868235922295,0.4721732132054274,0.1077892521817803,0.2273697173969406,0.1058414082656977,0.0775160962751706,0.0352926638136188,0.6497319851352519,0.1219080353430148,8.0,2.981111111111111,1.3344444444444443,0.1366666666666666,0.2066666666666666,0.176,0.144,0.48,4.452222222222222,4.315555555555555,3.117777777777777,1.4711111111111113,0.3199999999999999,2.981111111111111,1.3344444444444443,0.1366666666666666,0.2066666666666666,4.452222222222222,0.176,0.144,0.48,,,,,,,,,,
5345325,Awa Fam,SEA,2026-06-10,0.0,17.0,0.0,0.0,6.0,10,2,0,0,1,1,0,2,4,7,,2,2,,0,2,4,6,20.0,0.5,0.1,0.0,0.0,0.05,0.35,0.1,0.1,0.4939999999999999,0.0,6.666666666666667,11.547005383792516,3.333333333333333,0.6666666666666666,0.0,0.0,0.3333333333333333,0.3333333333333333,0.0,0.6666666666666666,1.3333333333333333,2.333333333333333,,0.6666666666666666,0.6666666666666666,,0.0,0.6666666666666666,1.3333333333333333,2.0,0.5,,0.1,,0.0,,0.0,,0.05,,0.35,,0.1,,0.1,,0.4939999999999999,,4.0,8.94427190999916,2.0,0.4,0.0,0.0,0.2,0.2,0.0,0.4,0.8,1.4,,0.4,0.4,,0.0,0.4,0.8,1.2,0.5,,0.1,,0.0,,0.0,,0.05,,0.35,,0.1,,0.1,,0.4939999999999999,,4.0,8.94427190999916,2.0,0.4,0.0,0.0,0.2,0.2,0.0,0.4,0.8,1.4,,0.4,0.4,,0.0,0.4,0.8,1.2,0.5,,0.1,,0.0,,0.0,,0.05,,0.35,,0.1,,0.1,,0.4939999999999999,,12.2,3.6,0.72,0.0,0.0,0.2683999999999999,0.2195999999999999,0.732,4.32,4.32,3.6,0.72,0.4879999999999999,3.6,0.72,0.0,0.0,4.32,0.2683999999999999,0.2195999999999999,0.732,LAS,True,1.0,1.0,1.0,1.0,1.08,1.0,1.0,1.0
2566453,Isabelle Harrison,TOR,2026-06-10,0.0,18.0,0.0,0.0,5.0,0,0,0,0,0,0,0,0,0,0,,0,0,,0,0,0,0,0.0,,,,,,,,,,0.0,0.0,0.0,0.0,0.0,0.0,0.0,0.0,0.0,0.0,0.0,0.0,0.0,,0.0,0.0,,0.0,0.0,0.0,0.0,,,,,,,,,,,,,,,,,,,0.0,0.0,0.0,0.0,0.0,0.0,0.0,0.0,0.0,0.0,0.0,0.0,,0.0,0.0,,0.0,0.0,0.0,0.0,,,,,,,,,,,,,,,,,,,0.0,0.0,0.0,0.0,0.0,0.0,0.0,0.0,0.0,0.0,0.0,0.0,,0.0,0.0,,0.0,0.0,0.0,0.0,,,,,,,,,,,,,,,,,,,8.0,0.0,0.0,0.0,0.0,0.176,0.144,0.48,0.0,0.0,0.0,0.0,0.3199999999999999,0.0,0.0,0.0,0.0,0.0,0.176,0.144,0.48,,,,,,,,,,
2569044,Temi Fagbenle,TOR,2026-06-10,0.0,18.0,0.0,0.0,7.0,0,0,0,0,0,0,0,0,0,0,,0,0,,0,0,0,0,0.0,,,,,,,,,,0.0,0.0,0.0,0.0,0.0,0.0,0.0,0.0,0.0,0.0,0.0,0.0,0.0,,0.0,0.0,,0.0,0.0,0.0,0.0,,,,,,,,,,,,,,,,,,,6.2,8.497058314499201,1.2,1.6,0.6,0.0,0.2,0.2,0.2,0.8,0.4,1.8,,0.4,0.4,,0.4,1.2,1.4,0.2,0.1958333333333333,0.1001734606680942,0.2645833333333334,0.2857889907295629,0.0979166666666666,0.0500867303340471,0.0,0.0,0.03125,0.0441941738241592,0.2958333333333334,0.2415948169054037,0.0625,0.0883883476483184,0.125,0.1767766952966369,0.4483333333333332,0.025927248643507,8.666666666666666,9.709102258533829,1.6666666666666667,1.8333333333333333,0.8333333333333334,0.0,0.3333333333333333,0.6666666666666666,0.1666666666666666,1.0,0.6666666666666666,2.0,,0.3333333333333333,0.3333333333333333,,0.5,1.3333333333333333,1.5,1.6666666666666667,0.194047619047619,0.0709008281872766,0.2240079365079365,0.2139550468994045,0.0970238095238095,0.0354504140936383,0.0,0.0,0.0367063492063492,0.0326477830791752,0.2448412698412698,0.1923138044845291,0.0416666666666666,0.0721687836487032,0.115079365079365,0.1261755007586083,0.3782539682539682,0.1227577424885775,8.0,0.7533333333333334,0.9266666666666666,0.3766666666666667,0.0,0.176,0.144,0.48,2.0566666666666666,1.6800000000000002,1.13,1.3033333333333332,0.3199999999999999,0.7533333333333334,0.9266666666666666,0.3766666666666667,0.0,2.056666666666666,0.176,0.144,0.48,,,,,,,,,,
2988756,Brittney Sykes,TOR,2026-06-10,0.0,18.0,0.0,0.0,10.0,10,0,5,0,2,1,0,7,3,9,,4,4,,0,0,3,-23,34.0,0.2941176470588235,0.0,0.1470588235294117,0.0,0.0588235294117647,0.2647058823529412,0.1176470588235294,0.2058823529411764,0.5223529411764706,0.0,29.666666666666668,8.386497083606082,15.666666666666666,3.333333333333333,5.0,1.6666666666666667,4.666666666666667,0.3333333333333333,0.0,2.6666666666666665,5.0,11.666666666666666,,4.0,4.333333333333333,,1.0,2.333333333333333,2.6666666666666665,-11.666666666666666,0.4932773109243697,0.339873115891397,0.1166666666666666,0.1040832999733066,0.1728291316526611,0.0264983625574952,0.0547619047619047,0.0572914734072188,0.1624649859943977,0.0908858915045697,0.3858543417366946,0.1424997589332972,0.1320728291316526,0.0901555096056103,0.0852941176470588,0.1073831544913452,0.5292605042016807,0.1108757813114973,32.4,7.0922492905988594,22.4,3.0,5.0,2.0,5.8,1.6,0.2,2.8,6.4,15.0,,7.6,7.8,,0.6,2.4,3.0,-7.0,0.6502521008403361,0.3323996291400455,0.0981203007518796,0.0838388009325374,0.1594869526758071,0.0501654744107666,0.0600751879699248,0.0418750419245919,0.1795842547545333,0.0685089637069921,0.450610349402919,0.1342666994818962,0.2210482087571871,0.1404162207105387,0.0841088014153029,0.0759863748166742,0.6319803626713844,0.1616010973730325,26.666666666666668,12.30853362509117,16.88888888888889,3.0,3.6666666666666665,1.1111111111111112,4.333333333333333,1.4444444444444444,0.2222222222222222,2.555555555555556,4.888888888888889,12.88888888888889,,6.0,6.555555555555555,,0.7777777777777778,2.2222222222222223,2.6666666666666665,-3.555555555555556,0.5959129106187929,0.2629973924539603,0.1123740165922828,0.0836145076175841,0.1313351895782236,0.0731096784135387,0.037546992481203,0.0443702030611055,0.1641961688981812,0.0665969737205464,0.4811953848525055,0.1244934830972966,0.2271304933456636,0.1207178808737053,0.0987069109940627,0.0670383924564078,0.6798397129186603,0.147892348490817,29.387666666666664,17.41777777777778,2.65,4.733333333333333,1.4222222222222225,0.6465286666666665,0.528978,1.7632599999999998,24.801111111111112,20.067777777777778,22.15111111111112,7.383333333333333,1.1755066666666665,17.41777777777778,2.65,4.733333333333333,1.4222222222222225,24.801111111111112,0.6465286666666665,0.528978,1.7632599999999998,CON,True,4.354444444444445,1.0,1.1833333333333331,1.0,6.200277777777778,1.0,1.0,1.0
3142327,Kia Nurse,TOR,2026-06-10,0.0,18.0,0.0,0.0,10.0,4,2,0,0,5,0,0,0,1,7,,2,2,,0,2,1,-3,12.0,0.3333333333333333,0.1666666666666666,0.0,0.0,0.4166666666666667,0.5833333333333334,0.1666666666666666,0.0,0.6566666666666666,0.0,17.333333333333332,8.386497083606086,9.0,2.6666666666666665,0.6666666666666666,2.0,6.0,0.3333333333333333,0.0,0.3333333333333333,2.333333333333333,7.333333333333333,,2.333333333333333,2.6666666666666665,,0.6666666666666666,2.0,1.6666666666666667,-4.666666666666667,0.3950617283950617,0.4292676210052768,0.1562203228869895,0.0094847978895717,0.0246913580246913,0.0427666866066389,0.074074074074074,0.1283000598199168,0.3259734093067426,0.1491384508596077,0.4062203228869895,0.2244170020981078,0.1296296296296296,0.1156481110814518,0.0123456790123456,0.0213833433033194,0.4756030389363723,0.2793797800990262,14.6,7.092249290598858,8.2,1.8,0.6,1.6,4.6,0.4,0.0,0.4,2.2,6.0,,2.2,2.4,,0.4,1.4,1.2,1.8,0.4925925925925926,0.3589918821752994,0.1159544159544159,0.0680309428614196,0.037037037037037,0.0523782800878924,0.0777777777777777,0.1082977149423218,0.29002849002849,0.1167910920009996,0.3992877492877492,0.1637523095202734,0.1444444444444444,0.1448711645600588,0.024074074074074,0.0368048276191699,0.4869173789173789,0.2025669729842585,13.666666666666666,5.958187643906492,6.444444444444445,1.1111111111111112,0.5555555555555556,1.2222222222222223,3.888888888888889,0.3333333333333333,0.0,0.5555555555555556,1.8888888888888888,5.333333333333333,,1.4444444444444444,1.5555555555555556,,0.2222222222222222,0.8888888888888888,1.2222222222222223,0.4444444444444444,0.397119341563786,0.3091748486365219,0.0755302310857866,0.074495492625605,0.0475602586713697,0.0590370719162912,0.0629629629629629,0.0853460638652067,0.2486048930493374,0.1486786608992518,0.3537489259711482,0.1914236629891542,0.0950617283950617,0.1248593172669449,0.0380658436213991,0.0400093343780217,0.4336419300863745,0.2157533286806977,16.473166666666664,7.458888888888889,1.9522222222222223,0.5211111111111111,1.4044444444444444,0.3624096666666666,0.2965169999999999,0.9883899999999998,9.932222222222222,9.411111111111111,7.979999999999999,2.4733333333333336,0.6589266666666664,7.458888888888889,1.9522222222222223,0.5211111111111111,1.4044444444444444,9.932222222222222,0.3624096666666666,0.2965169999999999,0.9883899999999998,CON,True,1.8647222222222224,1.0,1.0,1.0,2.483055555555556,1.0,1.0,1.0
3156318,Kristy Wallace,TOR,2026-06-10,0.0,42.0,0.0,0.0,2.0,5,2,3,1,3,0,0,1,1,4,,2,4,,0,2,0,-5,17.0,0.2941176470588235,0.1176470588235294,0.1764705882352941,0.0588235294117647,0.1764705882352941,0.2352941176470588,0.2352941176470588,0.0588235294117647,0.3976470588235294,0.0,17.0,,5.0,2.0,3.0,1.0,3.0,0.0,0.0,1.0,1.0,4.0,,2.0,4.0,,0.0,2.0,0.0,-5.0,0.2941176470588235,,0.1176470588235294,,0.1764705882352941,,0.0588235294117647,,0.1764705882352941,,0.2352941176470588,,0.2352941176470588,,0.0588235294117647,,0.3976470588235294,,17.0,,5.0,2.0,3.0,1.0,3.0,0.0,0.0,1.0,1.0,4.0,,2.0,4.0,,0.0,2.0,0.0,-5.0,0.2941176470588235,,0.1176470588235294,,0.1764705882352941,,0.0588235294117647,,0.1764705882352941,,0.2352941176470588,,0.2352941176470588,,0.0588235294117647,,0.3976470588235294,,17.0,,5.0,2.0,3.0,1.0,3.0,0.0,0.0,1.0,1.0,4.0,,2.0,4.0,,0.0,2.0,0.0,-5.0,0.2941176470588235,,0.1176470588235294,,0.1764705882352941,,0.0588235294117647,,0.1764705882352941,,0.2352941176470588,,0.2352941176470588,,0.0588235294117647,,0.3976470588235294,,17.0,5.0,2.0,3.0,1.0,0.374,0.306,1.02,10.0,7.0,8.0,5.0,0.6799999999999999,5.0,2.0,3.0,1.0,10.0,0.374,0.306,1.02,CON,True,1.25,1.0,1.0,1.0,2.5,1.0,1.0,1.0
3904479,Mariella Fasoula,TOR,2026-06-10,0.0,18.0,0.0,0.0,8.0,0,1,0,0,0,0,0,1,0,0,,0,0,,0,1,0,2,3.0,0.0,0.3333333333333333,0.0,0.0,0.0,0.0,0.0,0.3333333333333333,0.3333333333333333,0.0,4.666666666666667,5.686240703077327,1.3333333333333333,0.6666666666666666,0.3333333333333333,0.0,0.0,0.3333333333333333,0.6666666666666666,0.6666666666666666,0.6666666666666666,1.6666666666666667,,0.0,0.0,,0.3333333333333333,0.3333333333333333,1.0,0.0,0.1818181818181818,0.25712973861329,0.2121212121212121,0.1714198257421933,0.0454545454545454,0.0642824346533225,0.0,0.0,0.0,0.0,0.2272727272727272,0.3214121732666125,0.0,0.0,0.2121212121212121,0.1714198257421933,0.4393939393939393,0.1499923475244191,2.8,4.764451699828638,0.8,0.4,0.2,0.0,0.0,0.2,0.4,0.4,0.4,1.0,,0.0,0.0,,0.2,0.2,0.6,0.0,0.1818181818181818,0.25712973861329,0.2121212121212121,0.1714198257421926,0.0454545454545454,0.0642824346533225,0.0,0.0,0.0,0.0,0.2272727272727272,0.3214121732666125,0.0,0.0,0.2121212121212121,0.1714198257421933,0.4393939393939393,0.1499923475244191,3.0,4.163331998932265,1.2857142857142858,0.5714285714285714,0.1428571428571428,0.1428571428571428,0.1428571428571428,0.1428571428571428,0.4285714285714285,0.2857142857142857,0.5714285714285714,1.1428571428571428,,0.0,0.0,,0.1428571428571428,0.4285714285714285,1.0,-0.7142857142857143,0.2992424242424242,0.3951757986589387,0.3977272727272727,0.4140875180500328,0.0227272727272727,0.0454545454545454,0.0416666666666666,0.0833333333333333,0.0416666666666666,0.0833333333333333,0.2386363636363636,0.2761776686902755,0.0,0.0,0.106060606060606,0.1574591643244433,0.3446969696969696,0.2472298313951624,7.65,0.937142857142857,0.6042857142857143,0.1985714285714285,0.0285714285714285,0.1683,0.1377,0.459,1.7399999999999998,1.5414285714285714,1.1357142857142857,0.8028571428571429,0.306,0.937142857142857,0.6042857142857143,0.1985714285714285,0.0285714285714285,1.74,0.1683,0.1377,0.459,,,,,,,,,,
3904576,Marina Mabrey,TOR,2026-06-10,0.0,18.0,0.0,0.0,9.0,19,5,8,3,8,0,1,4,7,15,,2,3,,3,2,4,-17,28.0,0.6785714285714286,0.1785714285714285,0.2857142857142857,0.1071428571428571,0.2857142857142857,0.5357142857142857,0.1071428571428571,0.1428571428571428,0.7257142857142858,0.0,26.33333333333333,6.658328118479391,17.333333333333332,4.0,4.0,3.0,10.0,1.0,0.6666666666666666,3.333333333333333,6.333333333333333,15.666666666666666,,1.6666666666666667,2.0,,1.3333333333333333,2.6666666666666665,2.6666666666666665,-10.333333333333334,0.5913220551378445,0.3970584736021726,0.1466948621553884,0.037576603516336,0.144031954887218,0.1244109854028508,0.0982142857142857,0.0940683370790422,0.381422305764411,0.0832925435344055,0.5760494987468672,0.1274147061778106,0.0740914786967418,0.0290455099182176,0.1386278195488721,0.0741037308324328,0.7472775689223058,0.0540211766300712,25.2,5.263078946776306,14.6,3.4,3.2,2.4,8.0,0.8,0.6,3.2,4.8,12.8,,2.6,2.8,,1.0,2.4,3.2,-10.0,0.5291522074416811,0.3022159111907269,0.1301414594177752,0.0356442736183074,0.1171884037015616,0.1097666022822642,0.0838369963369963,0.0701380166567064,0.3167654713707345,0.1161073796875569,0.4947139483323693,0.1608580220741255,0.1059933487565066,0.1190142126482728,0.1348250433776749,0.0535456674927986,0.6761760651629073,0.1102921906175297,23.125,10.343217239193176,15.75,3.5,2.625,2.625,7.5,1.125,0.375,2.625,4.875,12.75,,3.375,3.75,,0.625,2.875,2.375,-5.375,0.6346161087637624,0.3055022849469557,0.1459959521292811,0.0483593195344843,0.1080081372909348,0.0916025144240495,0.1037259333441599,0.0733862767310897,0.3233053859544655,0.0981641850153108,0.5376035591536629,0.1525952246793829,0.1522284182415113,0.1698774373169309,0.1202773298346282,0.0578185402110082,0.7248613930145561,0.1336032031345012,24.82925,16.31,3.84,4.045,2.715,0.5462435,0.4469265,1.4897550000000002,24.195,20.15,20.355,7.885,0.99317,16.31,3.84,4.045,2.715,24.195,0.5462435,0.4469265,1.4897550000000002,CON,True,4.0775,1.0,1.01125,1.0,6.04875,1.0,1.0,1.0
3910470,Maria Conde,TOR,2026-06-10,0.0,18.0,0.0,0.0,9.0,8,5,1,1,5,0,0,1,3,9,,1,2,,2,3,2,-21,23.0,0.3478260869565217,0.217391304347826,0.0434782608695652,0.0434782608695652,0.217391304347826,0.391304347826087,0.0869565217391304,0.0434782608695652,0.4730434782608696,0.0,25.33333333333333,6.806859285554045,4.333333333333333,3.333333333333333,1.3333333333333333,0.6666666666666666,4.333333333333333,0.0,0.3333333333333333,1.0,1.6666666666666667,8.0,,0.3333333333333333,0.6666666666666666,,1.0,2.333333333333333,2.6666666666666665,-13.333333333333334,0.1861440491875274,0.1469817339091585,0.1295344751866491,0.0840054068175057,0.0513614404918752,0.0086446816663809,0.031159420289855,0.0271811584543638,0.1795344751866491,0.0512517033529352,0.3213438735177865,0.0621031511865937,0.0289855072463768,0.0502043712338804,0.0412604303908651,0.0100340287439803,0.3753579270970575,0.0877974275704567,23.8,5.357238094391548,4.8,2.8,1.4,1.0,4.4,0.2,0.2,1.2,1.8,7.2,,0.2,0.4,,1.0,1.8,2.2,-7.0,0.2151646903820817,0.1150389505989548,0.1177206851119894,0.093755745182109,0.0569038208168642,0.0471340167681902,0.047391304347826,0.0355353334638305,0.1925032938076416,0.0485013236744797,0.3049802371541502,0.0512041568150421,0.017391304347826,0.0388881387391267,0.0534519104084321,0.0269882305388618,0.3660843214756258,0.0718269517178068,20.375,9.94179489399604,5.25,3.125,0.875,1.125,3.875,0.25,0.125,1.0,1.875,6.625,,0.375,0.5,,1.125,2.0,2.0,-2.25,0.2515544175963966,0.1651438704198076,0.1520664992179235,0.0988953127790222,0.0406455862977602,0.0474556643373307,0.0535553651745555,0.0503793089755239,0.1864350292386274,0.0729557958339474,0.3199776735009118,0.0717804137920625,0.0314699792960662,0.0553875697133116,0.0526298539042167,0.0239554670681284,0.3864543182953978,0.0730483870112698,22.77075,5.23,3.355,1.215,0.925,0.5009564999999999,0.4098734999999999,1.366245,9.8,8.584999999999999,6.444999999999999,4.57,0.9108299999999998,5.23,3.355,1.215,0.925,9.8,0.5009564999999999,0.4098734999999999,1.366245,CON,True,1.3075,1.0,1.0,1.0,2.45,1.0,1.0,1.0
3920741,Kitija Laksa,TOR,2026-06-10,0.0,42.0,0.0,0.0,2.0,0,0,0,0,0,0,0,0,0,0,,0,0,,0,0,0,0,0.0,,,,,,,,,,0.0,0.0,,0.0,0.0,0.0,0.0,0.0,0.0,0.0,0.0,0.0,0.0,,0.0,0.0,,0.0,0.0,0.0,0.0,,,,,,,,,,,,,,,,,,,0.0,,0.0,0.0,0.0,0.0,0.0,0.0,0.0,0.0,0.0,0.0,,0.0,0.0,,0.0,0.0,0.0,0.0,,,,,,,,,,,,,,,,,,,0.0,,0.0,0.0,0.0,0.0,0.0,0.0,0.0,0.0,0.0,0.0,,0.0,0.0,,0.0,0.0,0.0,0.0,,,,,,,,,,,,,,,,,,,8.0,0.0,0.0,0.0,0.0,0.176,0.144,0.48,0.0,0.0,0.0,0.0,0.3199999999999999,0.0,0.0,0.0,0.0,0.0,0.176,0.144,0.48,,,,,,,,,,
4001679,Julie Allemand,TOR,2026-06-10,0.0,18.0,0.0,0.0,9.0,0,0,0,0,0,0,0,0,0,0,,0,0,,0,0,0,0,0.0,,,,,,,,,,0.0,0.0,0.0,0.0,0.0,0.0,0.0,0.0,0.0,0.0,0.0,0.0,0.0,,0.0,0.0,,0.0,0.0,0.0,0.0,,,,,,,,,,,,,,,,,,,10.0,13.982131454109563,1.4,0.8,2.0,0.2,1.0,1.0,0.0,0.8,0.6,1.8,,0.0,0.0,,0.0,0.8,0.2,0.2,0.1535303776683086,0.1195927725159513,0.0755336617405583,0.0394772258790516,0.1986863711001641,0.0116109487879563,0.0238095238095238,0.0336717514850736,0.105911330049261,0.052249269545804,0.1814449917898193,0.0127720436667522,0.0,0.0,0.0755336617405582,0.0394772258790519,0.2569786535303777,0.0267051822122998,12.75,13.966797362725234,1.875,1.625,1.75,0.375,1.125,0.75,0.0,0.5,0.75,1.75,,0.0,0.0,,0.0,1.625,0.5,0.125,0.1585833706523361,0.0866097295230307,0.1309486490520973,0.0979099756748661,0.1387371249440215,0.0702479184913226,0.0316017316017316,0.0219857738005287,0.0923496044185699,0.0354001663977892,0.1414800716524854,0.0547136127431723,0.0,0.0,0.0377668308702791,0.049206318764439,0.1792469025227646,0.0954129638436701,8.0,0.865,0.605,1.05,0.145,0.176,0.144,0.48,2.52,1.47,1.915,1.655,0.3199999999999999,0.865,0.605,1.05,0.145,2.52,0.176,0.144,0.48,,,,,,,,,,
4398589,Elizabeth Balogun,TOR,2026-06-10,0.0,40.0,0.0,0.0,3.0,12,1,0,2,3,1,0,0,5,8,,0,0,,1,0,3,-7,15.0,0.8,0.0666666666666666,0.0,0.1333333333333333,0.2,0.5333333333333333,0.0,0.0,0.5333333333333333,0.0,15.0,0.0,9.0,2.5,0.0,1.0,2.5,0.5,0.0,1.0,4.0,6.5,,0.0,0.0,,1.0,1.5,3.0,0.5,0.6000000000000001,0.282842712474619,0.1666666666666666,0.1414213562373095,0.0,0.0,0.0666666666666666,0.0942809041582063,0.1666666666666666,0.0471404520791031,0.4333333333333333,0.1414213562373095,0.0,0.0,0.0666666666666666,0.0942809041582063,0.5,0.0471404520791031,15.0,0.0,9.0,2.5,0.0,1.0,2.5,0.5,0.0,1.0,4.0,6.5,,0.0,0.0,,1.0,1.5,3.0,0.5,0.6000000000000001,0.282842712474619,0.1666666666666666,0.1414213562373095,0.0,0.0,0.0666666666666666,0.0942809041582063,0.1666666666666666,0.0471404520791031,0.4333333333333333,0.1414213562373095,0.0,0.0,0.0666666666666666,0.0942809041582063,0.5,0.0471404520791031,15.0,0.0,9.0,2.5,0.0,1.0,2.5,0.5,0.0,1.0,4.0,6.5,,0.0,0.0,,1.0,1.5,3.0,0.5,0.6000000000000001,0.282842712474619,0.1666666666666666,0.1414213562373095,0.0,0.0,0.0666666666666666,0.0942809041582063,0.1666666666666666,0.0471404520791031,0.4333333333333333,0.1414213562373095,0.0,0.0,0.0666666666666666,0.0942809041582063,0.5,0.0471404520791031,15.0,9.45,2.275,0.0,1.15,0.3299999999999999,0.2699999999999999,0.8999999999999999,11.725,11.725,9.45,2.275,0.5999999999999999,9.45,2.275,0.0,1.15,11.725,0.3299999999999999,0.2699999999999999,0.8999999999999999,CON,True,2.3625,1.0,1.0,1.0,2.93125,1.0,1.0,1.0
4398736,Dara Mabrey,TOR,2026-06-10,0.0,42.0,0.0,0.0,2.0,0,3,1,0,3,1,0,0,0,4,,0,0,,0,3,1,1,14.0,0.0,0.2142857142857142,0.0714285714285714,0.0,0.2142857142857142,0.2857142857142857,0.0,0.0,0.2857142857142857,0.0,14.0,,0.0,3.0,1.0,0.0,3.0,1.0,0.0,0.0,0.0,4.0,,0.0,0.0,,0.0,3.0,1.0,1.0,0.0,,0.2142857142857142,,0.0714285714285714,,0.0,,0.2142857142857142,,0.2857142857142857,,0.0,,0.0,,0.2857142857142857,,14.0,,0.0,3.0,1.0,0.0,3.0,1.0,0.0,0.0,0.0,4.0,,0.0,0.0,,0.0,3.0,1.0,1.0,0.0,,0.2142857142857142,,0.0714285714285714,,0.0,,0.2142857142857142,,0.2857142857142857,,0.0,,0.0,,0.2857142857142857,,14.0,,0.0,3.0,1.0,0.0,3.0,1.0,0.0,0.0,0.0,4.0,,0.0,0.0,,0.0,3.0,1.0,1.0,0.0,,0.2142857142857142,,0.0714285714285714,,0.0,,0.2142857142857142,,0.2857142857142857,,0.0,,0.0,,0.2857142857142857,,14.0,0.0,3.0,1.0,0.0,0.308,0.252,0.84,4.0,3.0,1.0,4.0,0.56,0.0,3.0,1.0,0.0,4.0,0.308,0.252,0.84,CON,True,1.0,1.0,1.0,1.0,1.0,1.0,1.0,1.0
4398768,Nyara Sabally,TOR,2026-06-10,0.0,18.0,0.0,0.0,9.0,9,3,0,1,1,0,1,0,4,6,,0,0,,1,2,1,-12,23.0,0.391304347826087,0.1304347826086956,0.0,0.0434782608695652,0.0434782608695652,0.2608695652173913,0.0,0.0,0.2608695652173913,0.0,7.666666666666667,13.279056191361391,3.0,1.0,0.0,0.3333333333333333,0.3333333333333333,0.0,0.3333333333333333,0.0,1.3333333333333333,2.0,,0.0,0.0,,0.3333333333333333,0.6666666666666666,0.3333333333333333,-4.0,0.391304347826087,,0.1304347826086956,,0.0,,0.0434782608695652,,0.0434782608695652,,0.2608695652173913,,0.0,,0.0,,0.2608695652173913,,14.2,13.274034804836091,6.0,3.2,1.4,0.2,0.4,0.4,0.8,0.4,2.4,4.0,,1.0,1.0,,1.6,1.6,1.0,-1.2,0.413768115942029,0.0774820344239561,0.217287784679089,0.0966633718958517,0.1023809523809523,0.1000849978903985,0.0144927536231884,0.0251021856169402,0.0263975155279503,0.0231881747252609,0.2726708074534161,0.0792333350080009,0.0642857142857142,0.0724920826078015,0.0333333333333333,0.0577350269189625,0.3342898550724637,0.0802739323927895,16.625,11.673382420826329,6.0,3.5,1.375,0.125,0.75,0.875,0.875,0.625,2.125,4.25,,1.625,2.125,,1.625,1.875,1.75,-1.125,0.3427814938684503,0.0999732862533945,0.1958233795190317,0.0780838903203396,0.0870879120879121,0.0765341423329469,0.0072463768115942,0.0177499256723418,0.049096193661411,0.0349276443071471,0.2465918139831183,0.0762915583668825,0.1295787545787546,0.0884164219580236,0.0358974358974359,0.0439652005114929,0.3395039018952062,0.0651161655265575,17.179249999999996,5.55,2.57,0.7649999999999999,0.345,0.3779434999999999,0.3092264999999999,1.0307549999999996,8.885,8.12,6.315,3.335,0.6871699999999998,5.55,2.57,0.7649999999999999,0.345,8.885,0.3779434999999999,0.3092264999999999,1.0307549999999996,CON,True,1.3875,1.0,1.0,1.0,2.22125,1.0,1.0,1.0
4434020,Teonni Key,TOR,2026-06-10,0.0,18.0,0.0,0.0,10.0,4,2,0,0,0,0,1,1,2,2,,0,0,,1,1,2,-6,11.0,0.3636363636363636,0.1818181818181818,0.0,0.0,0.0,0.1818181818181818,0.0,0.0909090909090909,0.2727272727272727,0.0,12.666666666666666,2.886751345948128,3.6666666666666665,2.333333333333333,0.0,0.3333333333333333,1.3333333333333333,0.6666666666666666,0.6666666666666666,1.3333333333333333,1.6666666666666667,3.333333333333333,,0.0,0.0,,1.0,1.3333333333333333,2.0,-4.333333333333333,0.2954545454545454,0.0601307116151044,0.1837121212121212,0.0032803992567602,0.0,0.0,0.0303030303030303,0.0524863881081478,0.1117424242424242,0.1428763576707749,0.2556818181818182,0.0669876484235885,0.0,0.0,0.1117424242424242,0.0623275858784255,0.3674242424242424,0.0911455258751209,13.4,4.505552130427524,4.4,3.2,0.2,0.4,1.2,0.6,0.8,0.8,1.6,3.4,,0.8,0.8,,1.6,1.6,2.6,-2.8,0.3483838383838383,0.1233866395940964,0.2246717171717172,0.0720551282773842,0.0222222222222222,0.0496903994999953,0.0404040404040404,0.0557846516019558,0.0992676767676767,0.104715968275309,0.2356313131313131,0.0863559015084327,0.0644444444444444,0.0982564043085962,0.0670454545454545,0.075420652300205,0.3310323232323232,0.0944395419242888,13.77777777777778,5.286250509051236,3.111111111111111,3.0,0.4444444444444444,0.2222222222222222,1.0,0.4444444444444444,0.7777777777777778,0.8888888888888888,1.1111111111111112,2.888888888888889,,0.6666666666666666,1.1111111111111112,,1.3333333333333333,1.6666666666666667,2.7777777777777777,-3.0,0.2415263748597082,0.1725892845096396,0.212219416386083,0.0948839017305675,0.0347923681257014,0.0525133803383239,0.0224466891133557,0.0448266900865129,0.0787177328843995,0.0828115145491375,0.1936167227833894,0.0971405499286605,0.080695847362514,0.1019907503799041,0.0669893378226711,0.0628469324425204,0.2961122334455667,0.1111287251241125,13.107111111111111,3.862222222222222,2.72,0.1588888888888888,0.2844444444444444,0.2883564444444444,0.2359279999999999,0.7864266666666666,6.7411111111111115,6.582222222222223,4.021111111111111,2.878888888888889,0.5242844444444443,3.862222222222222,2.72,0.1588888888888888,0.2844444444444444,6.741111111111112,0.2883564444444444,0.2359279999999999,0.7864266666666666,CON,True,1.0,1.0,1.0,1.0,1.685277777777778,1.0,1.0,1.0
4565505,Kiki Rice,TOR,2026-06-10,0.0,18.0,0.0,0.0,10.0,19,5,3,0,1,2,1,1,8,11,,3,4,,2,3,2,-17,30.0,0.6333333333333333,0.1666666666666666,0.1,0.0,0.0333333333333333,0.3666666666666666,0.1333333333333333,0.0333333333333333,0.4586666666666666,0.0,29.0,5.567764362830022,15.0,6.0,3.333333333333333,1.3333333333333333,2.0,1.3333333333333333,0.3333333333333333,1.0,5.333333333333333,8.333333333333334,,3.0,4.333333333333333,,1.6666666666666667,4.333333333333333,2.6666666666666665,-5.333333333333333,0.5175902244955953,0.1019370570226515,0.2111395282750781,0.0473209778344453,0.1207161125319693,0.046443914269826,0.0485933503836317,0.0443717431531904,0.0741972151179312,0.050343177511833,0.2922989485649332,0.0810665188114042,0.1514350667803353,0.0206407811771992,0.030718954248366,0.029498781951364,0.3896493321966467,0.0650731945687354,28.6,6.348228099241551,15.0,4.6,2.8,1.6,2.6,0.8,0.2,0.8,5.0,8.0,,3.4,4.6,,1.2,3.4,3.4,0.8,0.5238874680306905,0.0729060142505788,0.1552551455364754,0.0976032956342009,0.102905857995372,0.0430660442753633,0.0634417245158933,0.0550496867238826,0.0997564243088539,0.062160976900981,0.2877603215199123,0.0685302539120025,0.1480038972110583,0.1021722897370182,0.0279551820728291,0.0270713473809849,0.3808372183656071,0.0484948373144001,24.666666666666668,6.689544080129827,11.333333333333334,3.4444444444444446,2.2222222222222223,1.1111111111111112,2.2222222222222223,0.6666666666666666,0.1111111111111111,0.7777777777777778,4.0,7.222222222222222,,2.2222222222222223,3.0,,1.0,2.4444444444444446,2.555555555555556,-2.0,0.4355295741484999,0.1898845613828343,0.1315511711931149,0.0796435303553046,0.091367497079347,0.0387151449630093,0.0470723555122532,0.0474758563755005,0.0950057961993171,0.0525382793860018,0.299036522821689,0.0841548710989475,0.1020081462536705,0.0980512137865074,0.0351384998443821,0.0579529263605394,0.3790586070176863,0.1014917063498618,27.568166666666663,14.866666666666667,4.848888888888889,2.8744444444444444,1.1822222222222225,0.6064996666666667,0.496227,1.6540899999999998,22.590000000000003,19.71555555555556,17.74111111111111,7.723333333333334,1.1027266666666666,14.866666666666667,4.848888888888889,2.8744444444444444,1.1822222222222225,22.590000000000003,0.6064996666666667,0.496227,1.6540899999999998,CON,True,3.716666666666667,1.2122222222222223,1.0,1.0,5.647500000000001,1.0,1.0,1.0
4874475,Nikolina Milic,TOR,2026-06-10,0.0,18.0,0.0,0.0,8.0,1,2,0,0,1,0,0,1,0,2,,1,2,,0,2,1,1,8.0,0.125,0.25,0.0,0.0,0.125,0.25,0.25,0.125,0.485,0.0,10.666666666666666,3.055050463303891,4.333333333333333,1.6666666666666667,0.3333333333333333,0.0,0.6666666666666666,0.0,0.0,0.6666666666666666,2.0,4.0,,0.3333333333333333,0.6666666666666666,,0.3333333333333333,1.3333333333333333,1.3333333333333333,-4.0,0.3654761904761905,0.2252077649970488,0.1738095238095238,0.09212162915311,0.0238095238095238,0.0412393049421161,0.0,0.0,0.0654761904761904,0.0627122247193615,0.3595238095238095,0.095920176564208,0.0833333333333333,0.1443375672974064,0.075,0.0661437827766148,0.4711904761904761,0.0376634758747247,9.4,3.2863353450309964,3.0,1.2,0.4,0.0,0.4,0.0,0.0,1.0,1.4,2.6,,0.2,0.4,,0.2,1.0,1.4,-4.8,0.2592857142857143,0.2269417348581088,0.1242857142857142,0.1004581342385666,0.0342857142857142,0.0480221037542046,0.0,0.0,0.0392857142857142,0.0570311407952546,0.2357142857142857,0.1859888080898791,0.05,0.1118033988749894,0.145,0.1504160895649132,0.4027142857142857,0.1204206064134356,6.714285714285714,5.313952882562588,2.142857142857143,0.8571428571428571,0.2857142857142857,0.0,0.2857142857142857,0.0,0.0,0.7142857142857143,1.0,1.8571428571428568,,0.1428571428571428,0.2857142857142857,,0.1428571428571428,0.7142857142857143,1.0,-3.4285714285714284,0.2592857142857143,0.2269417348581088,0.1242857142857142,0.1004581342385666,0.0342857142857142,0.0480221037542046,0.0,0.0,0.0392857142857142,0.0570311407952546,0.2357142857142857,0.1859888080898791,0.05,0.1118033988749894,0.145,0.1504160895649132,0.4027142857142857,0.1204206064134356,9.721357142857142,2.928571428571428,1.3914285714285717,0.2971428571428571,0.0,0.2138698571428571,0.1749844285714285,0.5832814285714285,4.6171428571428565,4.319999999999999,3.225714285714285,1.6885714285714286,0.3888542857142856,2.928571428571428,1.3914285714285717,0.2971428571428571,0.0,4.6171428571428565,0.2138698571428571,0.1749844285714285,0.5832814285714285,,,,,,,,,,
5107752,Charlise Dunn,TOR,2026-06-10,0.0,42.0,0.0,0.0,2.0,0,0,0,0,0,0,0,0,0,0,,0,0,,0,0,0,0,0.0,,,,,,,,,,0.0,0.0,,0.0,0.0,0.0,0.0,0.0,0.0,0.0,0.0,0.0,0.0,,0.0,0.0,,0.0,0.0,0.0,0.0,,,,,,,,,,,,,,,,,,,0.0,,0.0,0.0,0.0,0.0,0.0,0.0,0.0,0.0,0.0,0.0,,0.0,0.0,,0.0,0.0,0.0,0.0,,,,,,,,,,,,,,,,,,,0.0,,0.0,0.0,0.0,0.0,0.0,0.0,0.0,0.0,0.0,0.0,,0.0,0.0,,0.0,0.0,0.0,0.0,,,,,,,,,,,,,,,,,,,8.0,0.0,0.0,0.0,0.0,0.176,0.144,0.48,0.0,0.0,0.0,0.0,0.3199999999999999,0.0,0.0,0.0,0.0,0.0,0.176,0.144,0.48,,,,,,,,,,
5345334,Saffron Shiels,TOR,2026-06-10,0.0,42.0,0.0,0.0,2.0,0,0,0,0,0,0,0,0,0,0,,0,0,,0,0,0,0,0.0,,,,,,,,,,0.0,0.0,,0.0,0.0,0.0,0.0,0.0,0.0,0.0,0.0,0.0,0.0,,0.0,0.0,,0.0,0.0,0.0,0.0,,,,,,,,,,,,,,,,,,,0.0,,0.0,0.0,0.0,0.0,0.0,0.0,0.0,0.0,0.0,0.0,,0.0,0.0,,0.0,0.0,0.0,0.0,,,,,,,,,,,,,,,,,,,0.0,,0.0,0.0,0.0,0.0,0.0,0.0,0.0,0.0,0.0,0.0,,0.0,0.0,,0.0,0.0,0.0,0.0,,,,,,,,,,,,,,,,,,,8.0,0.0,0.0,0.0,0.0,0.176,0.144,0.48,0.0,0.0,0.0,0.0,0.3199999999999999,0.0,0.0,0.0,0.0,0.0,0.176,0.144,0.48,,,,,,,,,,
5345444,Laura Juskaite,TOR,2026-06-10,0.0,18.0,0.0,0.0,10.0,3,2,1,0,1,0,0,1,1,3,,1,1,,0,2,3,-5,20.0,0.15,0.1,0.05,0.0,0.05,0.15,0.05,0.05,0.2219999999999999,0.0,23.0,2.9999999999999982,6.666666666666667,3.333333333333333,1.0,1.0,3.333333333333333,0.0,0.0,2.0,2.0,5.0,,1.6666666666666667,1.6666666666666667,,1.0,2.333333333333333,4.333333333333333,-6.0,0.2846711259754738,0.1430177856638049,0.1442586399108138,0.0638001689133784,0.0423076923076923,0.0390341983272777,0.0418060200668896,0.0435746295009879,0.1370680044593088,0.0905669830695184,0.2122073578595317,0.0597841873636782,0.0712931995540691,0.0191106714731912,0.0841137123745819,0.0327848769413718,0.3276900780379041,0.0990767777398378,23.0,2.549509756796394,8.6,3.6,1.6,1.0,3.0,1.2,0.0,1.8,2.8,5.8,,2.0,2.4,,1.2,2.4,4.4,0.4,0.3654693422519509,0.1849952934573817,0.1581742315655359,0.06435544541916,0.0669084249084249,0.0589513503679666,0.0410836120401337,0.0418372164539992,0.1237646121993948,0.0775352305661954,0.2469434623347667,0.0768572715506759,0.1018235387800605,0.0574646107887052,0.0775158464723682,0.0316299251238648,0.3692616658703615,0.0986806924114627,20.444444444444443,6.405292950191878,7.333333333333333,4.0,1.2222222222222223,0.6666666666666666,2.4444444444444446,1.2222222222222223,0.0,1.8888888888888888,2.333333333333333,6.0,,2.0,2.4444444444444446,,1.0,3.0,4.111111111111111,-1.6666666666666667,0.3371794312984244,0.2006947216524899,0.1993616240526995,0.0943304760390027,0.0528355075723496,0.054217453750686,0.0302316363185928,0.0381765709364784,0.1171986636975195,0.0606744582898133,0.2839744381391978,0.1048836839640925,0.1144076747051575,0.0934409286807356,0.0873277955200152,0.0494951558595432,0.4216416105294824,0.1777165037247034,22.37527777777777,6.926666666666667,3.3600000000000003,1.2544444444444445,0.7833333333333332,0.492256111111111,0.4027549999999999,1.3425166666666664,11.541111111111112,10.286666666666669,8.181111111111111,4.614444444444445,0.895011111111111,6.926666666666667,3.3600000000000003,1.2544444444444445,0.7833333333333332,11.54111111111111,0.492256111111111,0.4027549999999999,1.3425166666666664,CON,True,1.731666666666667,1.0,1.0,1.0,2.8852777777777776,1.0,1.0,1.0
5345503,Maddison Rocci,TOR,2026-06-10,0.0,42.0,0.0,0.0,2.0,11,2,3,0,0,1,0,3,2,6,,7,7,,0,2,4,-13,14.0,0.7857142857142857,0.1428571428571428,0.2142857142857142,0.0,0.0,0.4285714285714285,0.5,0.2142857142857142,0.8628571428571429,0.0,14.0,,11.0,2.0,3.0,0.0,0.0,1.0,0.0,3.0,2.0,6.0,,7.0,7.0,,0.0,2.0,4.0,-13.0,0.7857142857142857,,0.1428571428571428,,0.2142857142857142,,0.0,,0.0,,0.4285714285714285,,0.5,,0.2142857142857142,,0.8628571428571429,,14.0,,11.0,2.0,3.0,0.0,0.0,1.0,0.0,3.0,2.0,6.0,,7.0,7.0,,0.0,2.0,4.0,-13.0,0.7857142857142857,,0.1428571428571428,,0.2142857142857142,,0.0,,0.0,,0.4285714285714285,,0.5,,0.2142857142857142,,0.8628571428571429,,14.0,,11.0,2.0,3.0,0.0,0.0,1.0,0.0,3.0,2.0,6.0,,7.0,7.0,,0.0,2.0,4.0,-13.0,0.7857142857142857,,0.1428571428571428,,0.2142857142857142,,0.0,,0.0,,0.4285714285714285,,0.5,,0.2142857142857142,,0.8628571428571429,,14.0,11.0,2.0,3.0,0.0,0.308,0.252,0.84,16.0,13.0,14.0,5.0,0.56,11.0,2.0,3.0,0.0,16.0,0.308,0.252,0.84,CON,True,2.75,1.0,1.0,1.0,4.0,1.0,1.0,1.0
