snapshot_ts,event_id,commence_time,bookmaker,bookmaker_title,market,outcome_name,player_name,point,price,last_update,home_team,away_team
2026-06-11T00:58:10.660811+00:00,9ea306ebbe68ff94dfa5b88d1e250b37,2026-06-11T00:43:00Z,fanduel,FanDuel,player_assists,Over,De'Aaron Fox,5.5,-102,2026-06-11T00:57:45Z,New York Knicks,San Antonio Spurs
2026-06-11T00:58:10.660811+00:00,9ea306ebbe68ff94dfa5b88d1e250b37,2026-06-11T00:43:00Z,fanduel,FanDuel,player_assists,Under,De'Aaron Fox,5.5,-130,2026-06-11T00:57:45Z,New York Knicks,San Antonio Spurs
2026-06-11T00:58:10.660811+00:00,9ea306ebbe68ff94dfa5b88d1e250b37,2026-06-11T00:43:00Z,fanduel,FanDuel,player_assists,Over,Dylan Harper,3.5,124,2026-06-11T00:57:45Z,New York Knicks,San Antonio Spurs
2026-06-11T00:58:10.660811+00:00,9ea306ebbe68ff94dfa5b88d1e250b37,2026-06-11T00:43:00Z,fanduel,FanDuel,player_assists,Under,Dylan Harper,3.5,-166,2026-06-11T00:57:45Z,New York Knicks,San Antonio Spurs
2026-06-11T00:58:10.660811+00:00,9ea306ebbe68ff94dfa5b88d1e250b37,2026-06-11T00:43:00Z,fanduel,FanDuel,player_assists,Over,Mikal Bridges,2.5,-104,2026-06-11T00:57:45Z,New York Knicks,San Antonio Spurs
2026-06-11T00:58:10.660811+00:00,9ea306ebbe68ff94dfa5b88d1e250b37,2026-06-11T00:43:00Z,fanduel,FanDuel,player_assists,Under,Mikal Bridges,2.5,-128,2026-06-11T00:57:45Z,New York Knicks,San Antonio Spurs
2026-06-11T00:58:10.660811+00:00,9ea306ebbe68ff94dfa5b88d1e250b37,2026-06-11T00:43:00Z,fanduel,FanDuel,player_assists,Over,Jalen Brunson,6.5,-102,2026-06-11T00:57:45Z,New York Knicks,San Antonio Spurs
2026-06-11T00:58:10.660811+00:00,9ea306ebbe68ff94dfa5b88d1e250b37,2026-06-11T00:43:00Z,fanduel,FanDuel,player_assists,Under,Jalen Brunson,6.5,-130,2026-06-11T00:57:45Z,New York Knicks,San Antonio Spurs
2026-06-11T00:58:10.660811+00:00,9ea306ebbe68ff94dfa5b88d1e250b37,2026-06-11T00:43:00Z,fanduel,FanDuel,player_assists,Over,Devin Vassell,2.5,154,2026-06-11T00:57:45Z,New York Knicks,San Antonio Spurs
2026-06-11T00:58:10.660811+00:00,9ea306ebbe68ff94dfa5b88d1e250b37,2026-06-11T00:43:00Z,fanduel,FanDuel,player_assists,Under,Devin Vassell,2.5,-210,2026-06-11T00:57:45Z,New York Knicks,San Antonio Spurs
2026-06-11T00:58:10.660811+00:00,9ea306ebbe68ff94dfa5b88d1e250b37,2026-06-11T00:43:00Z,fanduel,FanDuel,player_assists,Over,Stephon Castle,6.5,-140,2026-06-11T00:57:45Z,New York Knicks,San Antonio Spurs
2026-06-11T00:58:10.660811+00:00,9ea306ebbe68ff94dfa5b88d1e250b37,2026-06-11T00:43:00Z,fanduel,FanDuel,player_assists,Under,Stephon Castle,6.5,106,2026-06-11T00:57:45Z,New York Knicks,San Antonio Spurs
2026-06-11T00:58:10.660811+00:00,9ea306ebbe68ff94dfa5b88d1e250b37,2026-06-11T00:43:00Z,fanduel,FanDuel,player_assists,Over,Julian Champagnie,0.5,-260,2026-06-11T00:57:45Z,New York Knicks,San Antonio Spurs
2026-06-11T00:58:10.660811+00:00,9ea306ebbe68ff94dfa5b88d1e250b37,2026-06-11T00:43:00Z,fanduel,FanDuel,player_assists,Under,Julian Champagnie,0.5,188,2026-06-11T00:57:45Z,New York Knicks,San Antonio Spurs
2026-06-11T00:58:10.660811+00:00,9ea306ebbe68ff94dfa5b88d1e250b37,2026-06-11T00:43:00Z,fanduel,FanDuel,player_assists,Over,Karl-Anthony Towns,3.5,104,2026-06-11T00:57:45Z,New York Knicks,San Antonio Spurs
2026-06-11T00:58:10.660811+00:00,9ea306ebbe68ff94dfa5b88d1e250b37,2026-06-11T00:43:00Z,fanduel,FanDuel,player_assists,Under,Karl-Anthony Towns,3.5,-138,2026-06-11T00:57:45Z,New York Knicks,San Antonio Spurs
2026-06-11T00:58:10.660811+00:00,9ea306ebbe68ff94dfa5b88d1e250b37,2026-06-11T00:43:00Z,fanduel,FanDuel,player_assists,Over,Victor Wembanyama,4.5,136,2026-06-11T00:57:45Z,New York Knicks,San Antonio Spurs
2026-06-11T00:58:10.660811+00:00,9ea306ebbe68ff94dfa5b88d1e250b37,2026-06-11T00:43:00Z,fanduel,FanDuel,player_assists,Under,Victor Wembanyama,4.5,-182,2026-06-11T00:57:45Z,New York Knicks,San Antonio Spurs
2026-06-11T00:58:10.660811+00:00,9ea306ebbe68ff94dfa5b88d1e250b37,2026-06-11T00:43:00Z,fanduel,FanDuel,player_assists,Over,Landry Shamet,1.5,158,2026-06-11T00:57:45Z,New York Knicks,San Antonio Spurs
2026-06-11T00:58:10.660811+00:00,9ea306ebbe68ff94dfa5b88d1e250b37,2026-06-11T00:43:00Z,fanduel,FanDuel,player_assists,Under,Landry Shamet,1.5,-215,2026-06-11T00:57:45Z,New York Knicks,San Antonio Spurs
2026-06-11T00:58:10.660811+00:00,9ea306ebbe68ff94dfa5b88d1e250b37,2026-06-11T00:43:00Z,fanduel,FanDuel,player_assists,Over,Josh Hart,5.5,102,2026-06-11T00:57:45Z,New York Knicks,San Antonio Spurs
2026-06-11T00:58:10.660811+00:00,9ea306ebbe68ff94dfa5b88d1e250b37,2026-06-11T00:43:00Z,fanduel,FanDuel,player_assists,Under,Josh Hart,5.5,-136,2026-06-11T00:57:45Z,New York Knicks,San Antonio Spurs
2026-06-11T00:58:10.660811+00:00,9ea306ebbe68ff94dfa5b88d1e250b37,2026-06-11T00:43:00Z,fanduel,FanDuel,player_assists,Over,OG Anunoby,1.5,-104,2026-06-11T00:57:45Z,New York Knicks,San Antonio Spurs
2026-06-11T00:58:10.660811+00:00,9ea306ebbe68ff94dfa5b88d1e250b37,2026-06-11T00:43:00Z,fanduel,FanDuel,player_assists,Under,OG Anunoby,1.5,-128,2026-06-11T00:57:45Z,New York Knicks,San Antonio Spurs
2026-06-11T00:58:10.660811+00:00,9ea306ebbe68ff94dfa5b88d1e250b37,2026-06-11T00:43:00Z,fanduel,FanDuel,player_double_double,Yes,Victor Wembanyama,,-260,2026-06-11T00:57:45Z,New York Knicks,San Antonio Spurs
2026-06-11T00:58:10.660811+00:00,9ea306ebbe68ff94dfa5b88d1e250b37,2026-06-11T00:43:00Z,fanduel,FanDuel,player_double_double,Yes,Karl-Anthony Towns,,140,2026-06-11T00:57:45Z,New York Knicks,San Antonio Spurs
2026-06-11T00:58:10.660811+00:00,9ea306ebbe68ff94dfa5b88d1e250b37,2026-06-11T00:43:00Z,fanduel,FanDuel,player_double_double,Yes,Josh Hart,,200,2026-06-11T00:57:45Z,New York Knicks,San Antonio Spurs
2026-06-11T00:58:10.660811+00:00,9ea306ebbe68ff94dfa5b88d1e250b37,2026-06-11T00:43:00Z,fanduel,FanDuel,player_double_double,Yes,Stephon Castle,,420,2026-06-11T00:57:45Z,New York Knicks,San Antonio Spurs
2026-06-11T00:58:10.660811+00:00,9ea306ebbe68ff94dfa5b88d1e250b37,2026-06-11T00:43:00Z,fanduel,FanDuel,player_double_double,Yes,Dylan Harper,,650,2026-06-11T00:57:45Z,New York Knicks,San Antonio Spurs
2026-06-11T00:58:10.660811+00:00,9ea306ebbe68ff94dfa5b88d1e250b37,2026-06-11T00:43:00Z,fanduel,FanDuel,player_double_double,Yes,Jalen Brunson,,550,2026-06-11T00:57:45Z,New York Knicks,San Antonio Spurs
2026-06-11T00:58:10.660811+00:00,9ea306ebbe68ff94dfa5b88d1e250b37,2026-06-11T00:43:00Z,fanduel,FanDuel,player_double_double,Yes,De'Aaron Fox,,1100,2026-06-11T00:57:45Z,New York Knicks,San Antonio Spurs
2026-06-11T00:58:10.660811+00:00,9ea306ebbe68ff94dfa5b88d1e250b37,2026-06-11T00:43:00Z,fanduel,FanDuel,player_double_double,Yes,Mitchell Robinson,,800,2026-06-11T00:57:45Z,New York Knicks,San Antonio Spurs
2026-06-11T00:58:10.660811+00:00,9ea306ebbe68ff94dfa5b88d1e250b37,2026-06-11T00:43:00Z,fanduel,FanDuel,player_double_double,Yes,OG Anunoby,,1500,2026-06-11T00:57:45Z,New York Knicks,San Antonio Spurs
2026-06-11T00:58:10.660811+00:00,9ea306ebbe68ff94dfa5b88d1e250b37,2026-06-11T00:43:00Z,fanduel,FanDuel,player_double_double,Yes,Devin Vassell,,2700,2026-06-11T00:57:45Z,New York Knicks,San Antonio Spurs
2026-06-11T00:58:10.660811+00:00,9ea306ebbe68ff94dfa5b88d1e250b37,2026-06-11T00:43:00Z,fanduel,FanDuel,player_points,Over,Mitchell Robinson,4.5,-118,2026-06-11T00:57:45Z,New York Knicks,San Antonio Spurs
2026-06-11T00:58:10.660811+00:00,9ea306ebbe68ff94dfa5b88d1e250b37,2026-06-11T00:43:00Z,fanduel,FanDuel,player_points,Under,Mitchell Robinson,4.5,-112,2026-06-11T00:57:45Z,New York Knicks,San Antonio Spurs
2026-06-11T00:58:10.660811+00:00,9ea306ebbe68ff94dfa5b88d1e250b37,2026-06-11T00:43:00Z,fanduel,FanDuel,player_points,Over,Dylan Harper,13.5,-104,2026-06-11T00:57:45Z,New York Knicks,San Antonio Spurs
2026-06-11T00:58:10.660811+00:00,9ea306ebbe68ff94dfa5b88d1e250b37,2026-06-11T00:43:00Z,fanduel,FanDuel,player_points,Under,Dylan Harper,13.5,-125,2026-06-11T00:57:45Z,New York Knicks,San Antonio Spurs
2026-06-11T00:58:10.660811+00:00,9ea306ebbe68ff94dfa5b88d1e250b37,2026-06-11T00:43:00Z,fanduel,FanDuel,player_points,Over,De'Aaron Fox,15.5,100,2026-06-11T00:57:45Z,New York Knicks,San Antonio Spurs
2026-06-11T00:58:10.660811+00:00,9ea306ebbe68ff94dfa5b88d1e250b37,2026-06-11T00:43:00Z,fanduel,FanDuel,player_points,Under,De'Aaron Fox,15.5,-132,2026-06-11T00:57:45Z,New York Knicks,San Antonio Spurs
2026-06-11T00:58:10.660811+00:00,9ea306ebbe68ff94dfa5b88d1e250b37,2026-06-11T00:43:00Z,fanduel,FanDuel,player_points,Over,Mikal Bridges,11.5,100,2026-06-11T00:57:45Z,New York Knicks,San Antonio Spurs
2026-06-11T00:58:10.660811+00:00,9ea306ebbe68ff94dfa5b88d1e250b37,2026-06-11T00:43:00Z,fanduel,FanDuel,player_points,Under,Mikal Bridges,11.5,-132,2026-06-11T00:57:45Z,New York Knicks,San Antonio Spurs
2026-06-11T00:58:10.660811+00:00,9ea306ebbe68ff94dfa5b88d1e250b37,2026-06-11T00:43:00Z,fanduel,FanDuel,player_points,Over,Keldon Johnson,6.5,-106,2026-06-11T00:57:45Z,New York Knicks,San Antonio Spurs
2026-06-11T00:58:10.660811+00:00,9ea306ebbe68ff94dfa5b88d1e250b37,2026-06-11T00:43:00Z,fanduel,FanDuel,player_points,Under,Keldon Johnson,6.5,-125,2026-06-11T00:57:45Z,New York Knicks,San Antonio Spurs
2026-06-11T00:58:10.660811+00:00,9ea306ebbe68ff94dfa5b88d1e250b37,2026-06-11T00:43:00Z,fanduel,FanDuel,player_points,Over,Jalen Brunson,26.5,-112,2026-06-11T00:57:45Z,New York Knicks,San Antonio Spurs
2026-06-11T00:58:10.660811+00:00,9ea306ebbe68ff94dfa5b88d1e250b37,2026-06-11T00:43:00Z,fanduel,FanDuel,player_points,Under,Jalen Brunson,26.5,-118,2026-06-11T00:57:45Z,New York Knicks,San Antonio Spurs
2026-06-11T00:58:10.660811+00:00,9ea306ebbe68ff94dfa5b88d1e250b37,2026-06-11T00:43:00Z,fanduel,FanDuel,player_points,Over,Jose Alvarado,2.5,-125,2026-06-11T00:57:45Z,New York Knicks,San Antonio Spurs
2026-06-11T00:58:10.660811+00:00,9ea306ebbe68ff94dfa5b88d1e250b37,2026-06-11T00:43:00Z,fanduel,FanDuel,player_points,Under,Jose Alvarado,2.5,-106,2026-06-11T00:57:45Z,New York Knicks,San Antonio Spurs
2026-06-11T00:58:10.660811+00:00,9ea306ebbe68ff94dfa5b88d1e250b37,2026-06-11T00:43:00Z,fanduel,FanDuel,player_points,Over,Victor Wembanyama,26.5,-112,2026-06-11T00:57:45Z,New York Knicks,San Antonio Spurs
2026-06-11T00:58:10.660811+00:00,9ea306ebbe68ff94dfa5b88d1e250b37,2026-06-11T00:43:00Z,fanduel,FanDuel,player_points,Under,Victor Wembanyama,26.5,-118,2026-06-11T00:57:45Z,New York Knicks,San Antonio Spurs
2026-06-11T00:58:10.660811+00:00,9ea306ebbe68ff94dfa5b88d1e250b37,2026-06-11T00:43:00Z,fanduel,FanDuel,player_points,Over,Luke Kornet,1.5,-146,2026-06-11T00:57:45Z,New York Knicks,San Antonio Spurs
2026-06-11T00:58:10.660811+00:00,9ea306ebbe68ff94dfa5b88d1e250b37,2026-06-11T00:43:00Z,fanduel,FanDuel,player_points,Under,Luke Kornet,1.5,110,2026-06-11T00:57:45Z,New York Knicks,San Antonio Spurs
2026-06-11T00:58:10.660811+00:00,9ea306ebbe68ff94dfa5b88d1e250b37,2026-06-11T00:43:00Z,fanduel,FanDuel,player_points,Over,Jordan Clarkson,2.5,-125,2026-06-11T00:57:45Z,New York Knicks,San Antonio Spurs
2026-06-11T00:58:10.660811+00:00,9ea306ebbe68ff94dfa5b88d1e250b37,2026-06-11T00:43:00Z,fanduel,FanDuel,player_points,Under,Jordan Clarkson,2.5,-106,2026-06-11T00:57:45Z,New York Knicks,San Antonio Spurs
2026-06-11T00:58:10.660811+00:00,9ea306ebbe68ff94dfa5b88d1e250b37,2026-06-11T00:43:00Z,fanduel,FanDuel,player_points,Over,Miles McBride,3.5,-122,2026-06-11T00:57:45Z,New York Knicks,San Antonio Spurs
2026-06-11T00:58:10.660811+00:00,9ea306ebbe68ff94dfa5b88d1e250b37,2026-06-11T00:43:00Z,fanduel,FanDuel,player_points,Under,Miles McBride,3.5,-108,2026-06-11T00:57:45Z,New York Knicks,San Antonio Spurs
2026-06-11T00:58:10.660811+00:00,9ea306ebbe68ff94dfa5b88d1e250b37,2026-06-11T00:43:00Z,fanduel,FanDuel,player_points,Over,Landry Shamet,7.5,-120,2026-06-11T00:57:45Z,New York Knicks,San Antonio Spurs
2026-06-11T00:58:10.660811+00:00,9ea306ebbe68ff94dfa5b88d1e250b37,2026-06-11T00:43:00Z,fanduel,FanDuel,player_points,Under,Landry Shamet,7.5,-110,2026-06-11T00:57:45Z,New York Knicks,San Antonio Spurs
2026-06-11T00:58:10.660811+00:00,9ea306ebbe68ff94dfa5b88d1e250b37,2026-06-11T00:43:00Z,fanduel,FanDuel,player_points,Over,Devin Vassell,17.5,-122,2026-06-11T00:57:45Z,New York Knicks,San Antonio Spurs
2026-06-11T00:58:10.660811+00:00,9ea306ebbe68ff94dfa5b88d1e250b37,2026-06-11T00:43:00Z,fanduel,FanDuel,player_points,Under,Devin Vassell,17.5,-108,2026-06-11T00:57:45Z,New York Knicks,San Antonio Spurs
2026-06-11T00:58:10.660811+00:00,9ea306ebbe68ff94dfa5b88d1e250b37,2026-06-11T00:43:00Z,fanduel,FanDuel,player_points,Over,Stephon Castle,14.5,-106,2026-06-11T00:57:45Z,New York Knicks,San Antonio Spurs
2026-06-11T00:58:10.660811+00:00,9ea306ebbe68ff94dfa5b88d1e250b37,2026-06-11T00:43:00Z,fanduel,FanDuel,player_points,Under,Stephon Castle,14.5,-125,2026-06-11T00:57:45Z,New York Knicks,San Antonio Spurs
2026-06-11T00:58:10.660811+00:00,9ea306ebbe68ff94dfa5b88d1e250b37,2026-06-11T00:43:00Z,fanduel,FanDuel,player_points,Over,Julian Champagnie,10.5,-106,2026-06-11T00:57:45Z,New York Knicks,San Antonio Spurs
2026-06-11T00:58:10.660811+00:00,9ea306ebbe68ff94dfa5b88d1e250b37,2026-06-11T00:43:00Z,fanduel,FanDuel,player_points,Under,Julian Champagnie,10.5,-125,2026-06-11T00:57:45Z,New York Knicks,San Antonio Spurs
2026-06-11T00:58:10.660811+00:00,9ea306ebbe68ff94dfa5b88d1e250b37,2026-06-11T00:43:00Z,fanduel,FanDuel,player_points,Over,Josh Hart,9.5,-102,2026-06-11T00:57:45Z,New York Knicks,San Antonio Spurs
2026-06-11T00:58:10.660811+00:00,9ea306ebbe68ff94dfa5b88d1e250b37,2026-06-11T00:43:00Z,fanduel,FanDuel,player_points,Under,Josh Hart,9.5,-130,2026-06-11T00:57:45Z,New York Knicks,San Antonio Spurs
2026-06-11T00:58:10.660811+00:00,9ea306ebbe68ff94dfa5b88d1e250b37,2026-06-11T00:43:00Z,fanduel,FanDuel,player_points,Over,Karl-Anthony Towns,14.5,-122,2026-06-11T00:57:45Z,New York Knicks,San Antonio Spurs
2026-06-11T00:58:10.660811+00:00,9ea306ebbe68ff94dfa5b88d1e250b37,2026-06-11T00:43:00Z,fanduel,FanDuel,player_points,Under,Karl-Anthony Towns,14.5,-108,2026-06-11T00:57:45Z,New York Knicks,San Antonio Spurs
2026-06-11T00:58:10.660811+00:00,9ea306ebbe68ff94dfa5b88d1e250b37,2026-06-11T00:43:00Z,fanduel,FanDuel,player_points,Over,OG Anunoby,18.5,-114,2026-06-11T00:57:45Z,New York Knicks,San Antonio Spurs
2026-06-11T00:58:10.660811+00:00,9ea306ebbe68ff94dfa5b88d1e250b37,2026-06-11T00:43:00Z,fanduel,FanDuel,player_points,Under,OG Anunoby,18.5,-114,2026-06-11T00:57:45Z,New York Knicks,San Antonio Spurs
2026-06-11T00:58:10.660811+00:00,9ea306ebbe68ff94dfa5b88d1e250b37,2026-06-11T00:43:00Z,fanduel,FanDuel,player_points_assists,Over,Devin Vassell,19.5,-125,2026-06-11T00:57:45Z,New York Knicks,San Antonio Spurs
2026-06-11T00:58:10.660811+00:00,9ea306ebbe68ff94dfa5b88d1e250b37,2026-06-11T00:43:00Z,fanduel,FanDuel,player_points_assists,Under,Devin Vassell,19.5,-106,2026-06-11T00:57:45Z,New York Knicks,San Antonio Spurs
2026-06-11T00:58:10.660811+00:00,9ea306ebbe68ff94dfa5b88d1e250b37,2026-06-11T00:43:00Z,fanduel,FanDuel,player_points_assists,Over,Stephon Castle,21.5,-102,2026-06-11T00:57:45Z,New York Knicks,San Antonio Spurs
2026-06-11T00:58:10.660811+00:00,9ea306ebbe68ff94dfa5b88d1e250b37,2026-06-11T00:43:00Z,fanduel,FanDuel,player_points_assists,Under,Stephon Castle,21.5,-130,2026-06-11T00:57:45Z,New York Knicks,San Antonio Spurs
2026-06-11T00:58:10.660811+00:00,9ea306ebbe68ff94dfa5b88d1e250b37,2026-06-11T00:43:00Z,fanduel,FanDuel,player_points_assists,Over,De'Aaron Fox,20.5,-118,2026-06-11T00:57:45Z,New York Knicks,San Antonio Spurs
2026-06-11T00:58:10.660811+00:00,9ea306ebbe68ff94dfa5b88d1e250b37,2026-06-11T00:43:00Z,fanduel,FanDuel,player_points_assists,Under,De'Aaron Fox,20.5,-112,2026-06-11T00:57:45Z,New York Knicks,San Antonio Spurs
2026-06-11T00:58:10.660811+00:00,9ea306ebbe68ff94dfa5b88d1e250b37,2026-06-11T00:43:00Z,fanduel,FanDuel,player_points_assists,Over,Mikal Bridges,13.5,-120,2026-06-11T00:57:45Z,New York Knicks,San Antonio Spurs
2026-06-11T00:58:10.660811+00:00,9ea306ebbe68ff94dfa5b88d1e250b37,2026-06-11T00:43:00Z,fanduel,FanDuel,player_points_assists,Under,Mikal Bridges,13.5,-110,2026-06-11T00:57:45Z,New York Knicks,San Antonio Spurs
2026-06-11T00:58:10.660811+00:00,9ea306ebbe68ff94dfa5b88d1e250b37,2026-06-11T00:43:00Z,fanduel,FanDuel,player_points_assists,Over,Karl-Anthony Towns,17.5,-118,2026-06-11T00:57:45Z,New York Knicks,San Antonio Spurs
2026-06-11T00:58:10.660811+00:00,9ea306ebbe68ff94dfa5b88d1e250b37,2026-06-11T00:43:00Z,fanduel,FanDuel,player_points_assists,Under,Karl-Anthony Towns,17.5,-112,2026-06-11T00:57:45Z,New York Knicks,San Antonio Spurs
2026-06-11T00:58:10.660811+00:00,9ea306ebbe68ff94dfa5b88d1e250b37,2026-06-11T00:43:00Z,fanduel,FanDuel,player_points_assists,Over,Victor Wembanyama,32.5,-102,2026-06-11T00:57:45Z,New York Knicks,San Antonio Spurs
2026-06-11T00:58:10.660811+00:00,9ea306ebbe68ff94dfa5b88d1e250b37,2026-06-11T00:43:00Z,fanduel,FanDuel,player_points_assists,Under,Victor Wembanyama,32.5,-130,2026-06-11T00:57:45Z,New York Knicks,San Antonio Spurs
2026-06-11T00:58:10.660811+00:00,9ea306ebbe68ff94dfa5b88d1e250b37,2026-06-11T00:43:00Z,fanduel,FanDuel,player_points_assists,Over,Dylan Harper,16.5,-114,2026-06-11T00:57:45Z,New York Knicks,San Antonio Spurs
2026-06-11T00:58:10.660811+00:00,9ea306ebbe68ff94dfa5b88d1e250b37,2026-06-11T00:43:00Z,fanduel,FanDuel,player_points_assists,Under,Dylan Harper,16.5,-118,2026-06-11T00:57:45Z,New York Knicks,San Antonio Spurs
2026-06-11T00:58:10.660811+00:00,9ea306ebbe68ff94dfa5b88d1e250b37,2026-06-11T00:43:00Z,fanduel,FanDuel,player_points_assists,Over,Jalen Brunson,32.5,-125,2026-06-11T00:57:45Z,New York Knicks,San Antonio Spurs
2026-06-11T00:58:10.660811+00:00,9ea306ebbe68ff94dfa5b88d1e250b37,2026-06-11T00:43:00Z,fanduel,FanDuel,player_points_assists,Under,Jalen Brunson,32.5,-106,2026-06-11T00:57:45Z,New York Knicks,San Antonio Spurs
2026-06-11T00:58:10.660811+00:00,9ea306ebbe68ff94dfa5b88d1e250b37,2026-06-11T00:43:00Z,fanduel,FanDuel,player_points_assists,Over,Josh Hart,14.5,-118,2026-06-11T00:57:45Z,New York Knicks,San Antonio Spurs
2026-06-11T00:58:10.660811+00:00,9ea306ebbe68ff94dfa5b88d1e250b37,2026-06-11T00:43:00Z,fanduel,FanDuel,player_points_assists,Under,Josh Hart,14.5,-112,2026-06-11T00:57:45Z,New York Knicks,San Antonio Spurs
2026-06-11T00:58:10.660811+00:00,9ea306ebbe68ff94dfa5b88d1e250b37,2026-06-11T00:43:00Z,fanduel,FanDuel,player_points_assists,Over,Julian Champagnie,11.5,100,2026-06-11T00:57:45Z,New York Knicks,San Antonio Spurs
2026-06-11T00:58:10.660811+00:00,9ea306ebbe68ff94dfa5b88d1e250b37,2026-06-11T00:43:00Z,fanduel,FanDuel,player_points_assists,Under,Julian Champagnie,11.5,-132,2026-06-11T00:57:45Z,New York Knicks,San Antonio Spurs
2026-06-11T00:58:10.660811+00:00,9ea306ebbe68ff94dfa5b88d1e250b37,2026-06-11T00:43:00Z,fanduel,FanDuel,player_points_assists,Over,OG Anunoby,21.5,-125,2026-06-11T00:57:45Z,New York Knicks,San Antonio Spurs
2026-06-11T00:58:10.660811+00:00,9ea306ebbe68ff94dfa5b88d1e250b37,2026-06-11T00:43:00Z,fanduel,FanDuel,player_points_assists,Under,OG Anunoby,21.5,-106,2026-06-11T00:57:45Z,New York Knicks,San Antonio Spurs
2026-06-11T00:58:10.660811+00:00,9ea306ebbe68ff94dfa5b88d1e250b37,2026-06-11T00:43:00Z,fanduel,FanDuel,player_points_rebounds,Over,Mitchell Robinson,12.5,-112,2026-06-11T00:57:45Z,New York Knicks,San Antonio Spurs
2026-06-11T00:58:10.660811+00:00,9ea306ebbe68ff94dfa5b88d1e250b37,2026-06-11T00:43:00Z,fanduel,FanDuel,player_points_rebounds,Under,Mitchell Robinson,12.5,-118,2026-06-11T00:57:45Z,New York Knicks,San Antonio Spurs
2026-06-11T00:58:10.660811+00:00,9ea306ebbe68ff94dfa5b88d1e250b37,2026-06-11T00:43:00Z,fanduel,FanDuel,player_points_rebounds,Over,Devin Vassell,22.5,-102,2026-06-11T00:57:45Z,New York Knicks,San Antonio Spurs
2026-06-11T00:58:10.660811+00:00,9ea306ebbe68ff94dfa5b88d1e250b37,2026-06-11T00:43:00Z,fanduel,FanDuel,player_points_rebounds,Under,Devin Vassell,22.5,-130,2026-06-11T00:57:45Z,New York Knicks,San Antonio Spurs
2026-06-11T00:58:10.660811+00:00,9ea306ebbe68ff94dfa5b88d1e250b37,2026-06-11T00:43:00Z,fanduel,FanDuel,player_points_rebounds,Over,OG Anunoby,25.5,-104,2026-06-11T00:57:45Z,New York Knicks,San Antonio Spurs
2026-06-11T00:58:10.660811+00:00,9ea306ebbe68ff94dfa5b88d1e250b37,2026-06-11T00:43:00Z,fanduel,FanDuel,player_points_rebounds,Under,OG Anunoby,25.5,-128,2026-06-11T00:57:45Z,New York Knicks,San Antonio Spurs
2026-06-11T00:58:10.660811+00:00,9ea306ebbe68ff94dfa5b88d1e250b37,2026-06-11T00:43:00Z,fanduel,FanDuel,player_points_rebounds,Over,Stephon Castle,19.5,-114,2026-06-11T00:57:45Z,New York Knicks,San Antonio Spurs
2026-06-11T00:58:10.660811+00:00,9ea306ebbe68ff94dfa5b88d1e250b37,2026-06-11T00:43:00Z,fanduel,FanDuel,player_points_rebounds,Under,Stephon Castle,19.5,-114,2026-06-11T00:57:45Z,New York Knicks,San Antonio Spurs
2026-06-11T00:58:10.660811+00:00,9ea306ebbe68ff94dfa5b88d1e250b37,2026-06-11T00:43:00Z,fanduel,FanDuel,player_points_rebounds,Over,Julian Champagnie,14.5,-110,2026-06-11T00:57:45Z,New York Knicks,San Antonio Spurs
2026-06-11T00:58:10.660811+00:00,9ea306ebbe68ff94dfa5b88d1e250b37,2026-06-11T00:43:00Z,fanduel,FanDuel,player_points_rebounds,Under,Julian Champagnie,14.5,-120,2026-06-11T00:57:45Z,New York Knicks,San Antonio Spurs
2026-06-11T00:58:10.660811+00:00,9ea306ebbe68ff94dfa5b88d1e250b37,2026-06-11T00:43:00Z,fanduel,FanDuel,player_points_rebounds,Over,De'Aaron Fox,18.5,102,2026-06-11T00:57:45Z,New York Knicks,San Antonio Spurs
2026-06-11T00:58:10.660811+00:00,9ea306ebbe68ff94dfa5b88d1e250b37,2026-06-11T00:43:00Z,fanduel,FanDuel,player_points_rebounds,Under,De'Aaron Fox,18.5,-136,2026-06-11T00:57:45Z,New York Knicks,San Antonio Spurs
2026-06-11T00:58:10.660811+00:00,9ea306ebbe68ff94dfa5b88d1e250b37,2026-06-11T00:43:00Z,fanduel,FanDuel,player_points_rebounds,Over,Dylan Harper,19.5,-112,2026-06-11T00:57:45Z,New York Knicks,San Antonio Spurs
2026-06-11T00:58:10.660811+00:00,9ea306ebbe68ff94dfa5b88d1e250b37,2026-06-11T00:43:00Z,fanduel,FanDuel,player_points_rebounds,Under,Dylan Harper,19.5,-118,2026-06-11T00:57:45Z,New York Knicks,San Antonio Spurs
2026-06-11T00:58:10.660811+00:00,9ea306ebbe68ff94dfa5b88d1e250b37,2026-06-11T00:43:00Z,fanduel,FanDuel,player_points_rebounds,Over,Victor Wembanyama,39.5,-106,2026-06-11T00:57:45Z,New York Knicks,San Antonio Spurs
2026-06-11T00:58:10.660811+00:00,9ea306ebbe68ff94dfa5b88d1e250b37,2026-06-11T00:43:00Z,fanduel,FanDuel,player_points_rebounds,Under,Victor Wembanyama,39.5,-125,2026-06-11T00:57:45Z,New York Knicks,San Antonio Spurs
2026-06-11T00:58:10.660811+00:00,9ea306ebbe68ff94dfa5b88d1e250b37,2026-06-11T00:43:00Z,fanduel,FanDuel,player_points_rebounds,Over,Karl-Anthony Towns,22.5,-128,2026-06-11T00:57:45Z,New York Knicks,San Antonio Spurs
2026-06-11T00:58:10.660811+00:00,9ea306ebbe68ff94dfa5b88d1e250b37,2026-06-11T00:43:00Z,fanduel,FanDuel,player_points_rebounds,Under,Karl-Anthony Towns,22.5,-104,2026-06-11T00:57:45Z,New York Knicks,San Antonio Spurs
2026-06-11T00:58:10.660811+00:00,9ea306ebbe68ff94dfa5b88d1e250b37,2026-06-11T00:43:00Z,fanduel,FanDuel,player_points_rebounds,Over,Josh Hart,18.5,-130,2026-06-11T00:57:45Z,New York Knicks,San Antonio Spurs
2026-06-11T00:58:10.660811+00:00,9ea306ebbe68ff94dfa5b88d1e250b37,2026-06-11T00:43:00Z,fanduel,FanDuel,player_points_rebounds,Under,Josh Hart,18.5,-102,2026-06-11T00:57:45Z,New York Knicks,San Antonio Spurs
2026-06-11T00:58:10.660811+00:00,9ea306ebbe68ff94dfa5b88d1e250b37,2026-06-11T00:43:00Z,fanduel,FanDuel,player_points_rebounds,Over,Mikal Bridges,14.5,-102,2026-06-11T00:57:45Z,New York Knicks,San Antonio Spurs
2026-06-11T00:58:10.660811+00:00,9ea306ebbe68ff94dfa5b88d1e250b37,2026-06-11T00:43:00Z,fanduel,FanDuel,player_points_rebounds,Under,Mikal Bridges,14.5,-130,2026-06-11T00:57:45Z,New York Knicks,San Antonio Spurs
2026-06-11T00:58:10.660811+00:00,9ea306ebbe68ff94dfa5b88d1e250b37,2026-06-11T00:43:00Z,fanduel,FanDuel,player_points_rebounds,Over,Keldon Johnson,9.5,-108,2026-06-11T00:57:45Z,New York Knicks,San Antonio Spurs
2026-06-11T00:58:10.660811+00:00,9ea306ebbe68ff94dfa5b88d1e250b37,2026-06-11T00:43:00Z,fanduel,FanDuel,player_points_rebounds,Under,Keldon Johnson,9.5,-122,2026-06-11T00:57:45Z,New York Knicks,San Antonio Spurs
2026-06-11T00:58:10.660811+00:00,9ea306ebbe68ff94dfa5b88d1e250b37,2026-06-11T00:43:00Z,fanduel,FanDuel,player_points_rebounds,Over,Jalen Brunson,29.5,-104,2026-06-11T00:57:45Z,New York Knicks,San Antonio Spurs
2026-06-11T00:58:10.660811+00:00,9ea306ebbe68ff94dfa5b88d1e250b37,2026-06-11T00:43:00Z,fanduel,FanDuel,player_points_rebounds,Under,Jalen Brunson,29.5,-128,2026-06-11T00:57:45Z,New York Knicks,San Antonio Spurs
2026-06-11T00:58:10.660811+00:00,9ea306ebbe68ff94dfa5b88d1e250b37,2026-06-11T00:43:00Z,fanduel,FanDuel,player_points_rebounds_assists,Over,Victor Wembanyama,43.5,-110,2026-06-11T00:57:45Z,New York Knicks,San Antonio Spurs
2026-06-11T00:58:10.660811+00:00,9ea306ebbe68ff94dfa5b88d1e250b37,2026-06-11T00:43:00Z,fanduel,FanDuel,player_points_rebounds_assists,Under,Victor Wembanyama,43.5,-120,2026-06-11T00:57:45Z,New York Knicks,San Antonio Spurs
2026-06-11T00:58:10.660811+00:00,9ea306ebbe68ff94dfa5b88d1e250b37,2026-06-11T00:43:00Z,fanduel,FanDuel,player_points_rebounds_assists,Over,De'Aaron Fox,23.5,-118,2026-06-11T00:57:45Z,New York Knicks,San Antonio Spurs
2026-06-11T00:58:10.660811+00:00,9ea306ebbe68ff94dfa5b88d1e250b37,2026-06-11T00:43:00Z,fanduel,FanDuel,player_points_rebounds_assists,Under,De'Aaron Fox,23.5,-112,2026-06-11T00:57:45Z,New York Knicks,San Antonio Spurs
2026-06-11T00:58:10.660811+00:00,9ea306ebbe68ff94dfa5b88d1e250b37,2026-06-11T00:43:00Z,fanduel,FanDuel,player_points_rebounds_assists,Over,Stephon Castle,26.5,-114,2026-06-11T00:57:45Z,New York Knicks,San Antonio Spurs
2026-06-11T00:58:10.660811+00:00,9ea306ebbe68ff94dfa5b88d1e250b37,2026-06-11T00:43:00Z,fanduel,FanDuel,player_points_rebounds_assists,Under,Stephon Castle,26.5,-114,2026-06-11T00:57:45Z,New York Knicks,San Antonio Spurs
2026-06-11T00:58:10.660811+00:00,9ea306ebbe68ff94dfa5b88d1e250b37,2026-06-11T00:43:00Z,fanduel,FanDuel,player_points_rebounds_assists,Over,Julian Champagnie,15.5,-112,2026-06-11T00:57:45Z,New York Knicks,San Antonio Spurs
2026-06-11T00:58:10.660811+00:00,9ea306ebbe68ff94dfa5b88d1e250b37,2026-06-11T00:43:00Z,fanduel,FanDuel,player_points_rebounds_assists,Under,Julian Champagnie,15.5,-118,2026-06-11T00:57:45Z,New York Knicks,San Antonio Spurs
2026-06-11T00:58:10.660811+00:00,9ea306ebbe68ff94dfa5b88d1e250b37,2026-06-11T00:43:00Z,fanduel,FanDuel,player_points_rebounds_assists,Over,Karl-Anthony Towns,26.5,-112,2026-06-11T00:57:45Z,New York Knicks,San Antonio Spurs
2026-06-11T00:58:10.660811+00:00,9ea306ebbe68ff94dfa5b88d1e250b37,2026-06-11T00:43:00Z,fanduel,FanDuel,player_points_rebounds_assists,Under,Karl-Anthony Towns,26.5,-118,2026-06-11T00:57:45Z,New York Knicks,San Antonio Spurs
2026-06-11T00:58:10.660811+00:00,9ea306ebbe68ff94dfa5b88d1e250b37,2026-06-11T00:43:00Z,fanduel,FanDuel,player_points_rebounds_assists,Over,Dylan Harper,22.5,-120,2026-06-11T00:57:45Z,New York Knicks,San Antonio Spurs
2026-06-11T00:58:10.660811+00:00,9ea306ebbe68ff94dfa5b88d1e250b37,2026-06-11T00:43:00Z,fanduel,FanDuel,player_points_rebounds_assists,Under,Dylan Harper,22.5,-110,2026-06-11T00:57:45Z,New York Knicks,San Antonio Spurs
2026-06-11T00:58:10.660811+00:00,9ea306ebbe68ff94dfa5b88d1e250b37,2026-06-11T00:43:00Z,fanduel,FanDuel,player_points_rebounds_assists,Over,Landry Shamet,10.5,-108,2026-06-11T00:57:45Z,New York Knicks,San Antonio Spurs
2026-06-11T00:58:10.660811+00:00,9ea306ebbe68ff94dfa5b88d1e250b37,2026-06-11T00:43:00Z,fanduel,FanDuel,player_points_rebounds_assists,Under,Landry Shamet,10.5,-122,2026-06-11T00:57:45Z,New York Knicks,San Antonio Spurs
2026-06-11T00:58:10.660811+00:00,9ea306ebbe68ff94dfa5b88d1e250b37,2026-06-11T00:43:00Z,fanduel,FanDuel,player_points_rebounds_assists,Over,Jalen Brunson,35.5,-122,2026-06-11T00:57:45Z,New York Knicks,San Antonio Spurs
2026-06-11T00:58:10.660811+00:00,9ea306ebbe68ff94dfa5b88d1e250b37,2026-06-11T00:43:00Z,fanduel,FanDuel,player_points_rebounds_assists,Under,Jalen Brunson,35.5,-108,2026-06-11T00:57:45Z,New York Knicks,San Antonio Spurs
2026-06-11T00:58:10.660811+00:00,9ea306ebbe68ff94dfa5b88d1e250b37,2026-06-11T00:43:00Z,fanduel,FanDuel,player_points_rebounds_assists,Over,Josh Hart,24.5,-112,2026-06-11T00:57:45Z,New York Knicks,San Antonio Spurs
2026-06-11T00:58:10.660811+00:00,9ea306ebbe68ff94dfa5b88d1e250b37,2026-06-11T00:43:00Z,fanduel,FanDuel,player_points_rebounds_assists,Under,Josh Hart,24.5,-118,2026-06-11T00:57:45Z,New York Knicks,San Antonio Spurs
2026-06-11T00:58:10.660811+00:00,9ea306ebbe68ff94dfa5b88d1e250b37,2026-06-11T00:43:00Z,fanduel,FanDuel,player_points_rebounds_assists,Over,Mikal Bridges,16.5,-122,2026-06-11T00:57:45Z,New York Knicks,San Antonio Spurs
2026-06-11T00:58:10.660811+00:00,9ea306ebbe68ff94dfa5b88d1e250b37,2026-06-11T00:43:00Z,fanduel,FanDuel,player_points_rebounds_assists,Under,Mikal Bridges,16.5,-108,2026-06-11T00:57:45Z,New York Knicks,San Antonio Spurs
2026-06-11T00:58:10.660811+00:00,9ea306ebbe68ff94dfa5b88d1e250b37,2026-06-11T00:43:00Z,fanduel,FanDuel,player_points_rebounds_assists,Over,Keldon Johnson,10.5,-104,2026-06-11T00:57:45Z,New York Knicks,San Antonio Spurs
2026-06-11T00:58:10.660811+00:00,9ea306ebbe68ff94dfa5b88d1e250b37,2026-06-11T00:43:00Z,fanduel,FanDuel,player_points_rebounds_assists,Under,Keldon Johnson,10.5,-128,2026-06-11T00:57:45Z,New York Knicks,San Antonio Spurs
2026-06-11T00:58:10.660811+00:00,9ea306ebbe68ff94dfa5b88d1e250b37,2026-06-11T00:43:00Z,fanduel,FanDuel,player_points_rebounds_assists,Over,OG Anunoby,26.5,-122,2026-06-11T00:57:45Z,New York Knicks,San Antonio Spurs
2026-06-11T00:58:10.660811+00:00,9ea306ebbe68ff94dfa5b88d1e250b37,2026-06-11T00:43:00Z,fanduel,FanDuel,player_points_rebounds_assists,Under,OG Anunoby,26.5,-106,2026-06-11T00:57:45Z,New York Knicks,San Antonio Spurs
2026-06-11T00:58:10.660811+00:00,9ea306ebbe68ff94dfa5b88d1e250b37,2026-06-11T00:43:00Z,fanduel,FanDuel,player_points_rebounds_assists,Over,Devin Vassell,24.5,-108,2026-06-11T00:57:45Z,New York Knicks,San Antonio Spurs
2026-06-11T00:58:10.660811+00:00,9ea306ebbe68ff94dfa5b88d1e250b37,2026-06-11T00:43:00Z,fanduel,FanDuel,player_points_rebounds_assists,Under,Devin Vassell,24.5,-122,2026-06-11T00:57:45Z,New York Knicks,San Antonio Spurs
2026-06-11T00:58:10.660811+00:00,9ea306ebbe68ff94dfa5b88d1e250b37,2026-06-11T00:43:00Z,fanduel,FanDuel,player_rebounds,Over,De'Aaron Fox,2.5,-162,2026-06-11T00:57:45Z,New York Knicks,San Antonio Spurs
2026-06-11T00:58:10.660811+00:00,9ea306ebbe68ff94dfa5b88d1e250b37,2026-06-11T00:43:00Z,fanduel,FanDuel,player_rebounds,Under,De'Aaron Fox,2.5,122,2026-06-11T00:57:45Z,New York Knicks,San Antonio Spurs
2026-06-11T00:58:10.660811+00:00,9ea306ebbe68ff94dfa5b88d1e250b37,2026-06-11T00:43:00Z,fanduel,FanDuel,player_rebounds,Over,Mitchell Robinson,7.5,-138,2026-06-11T00:57:45Z,New York Knicks,San Antonio Spurs
2026-06-11T00:58:10.660811+00:00,9ea306ebbe68ff94dfa5b88d1e250b37,2026-06-11T00:43:00Z,fanduel,FanDuel,player_rebounds,Under,Mitchell Robinson,7.5,104,2026-06-11T00:57:45Z,New York Knicks,San Antonio Spurs
2026-06-11T00:58:10.660811+00:00,9ea306ebbe68ff94dfa5b88d1e250b37,2026-06-11T00:43:00Z,fanduel,FanDuel,player_rebounds,Over,Dylan Harper,5.5,-144,2026-06-11T00:57:45Z,New York Knicks,San Antonio Spurs
2026-06-11T00:58:10.660811+00:00,9ea306ebbe68ff94dfa5b88d1e250b37,2026-06-11T00:43:00Z,fanduel,FanDuel,player_rebounds,Under,Dylan Harper,5.5,108,2026-06-11T00:57:45Z,New York Knicks,San Antonio Spurs
2026-06-11T00:58:10.660811+00:00,9ea306ebbe68ff94dfa5b88d1e250b37,2026-06-11T00:43:00Z,fanduel,FanDuel,player_rebounds,Over,Mikal Bridges,2.5,-172,2026-06-11T00:57:45Z,New York Knicks,San Antonio Spurs
2026-06-11T00:58:10.660811+00:00,9ea306ebbe68ff94dfa5b88d1e250b37,2026-06-11T00:43:00Z,fanduel,FanDuel,player_rebounds,Under,Mikal Bridges,2.5,128,2026-06-11T00:57:45Z,New York Knicks,San Antonio Spurs
2026-06-11T00:58:10.660811+00:00,9ea306ebbe68ff94dfa5b88d1e250b37,2026-06-11T00:43:00Z,fanduel,FanDuel,player_rebounds,Over,Luke Kornet,2.5,132,2026-06-11T00:57:45Z,New York Knicks,San Antonio Spurs
2026-06-11T00:58:10.660811+00:00,9ea306ebbe68ff94dfa5b88d1e250b37,2026-06-11T00:43:00Z,fanduel,FanDuel,player_rebounds,Under,Luke Kornet,2.5,-178,2026-06-11T00:57:45Z,New York Knicks,San Antonio Spurs
2026-06-11T00:58:10.660811+00:00,9ea306ebbe68ff94dfa5b88d1e250b37,2026-06-11T00:43:00Z,fanduel,FanDuel,player_rebounds,Over,Jalen Brunson,2.5,-136,2026-06-11T00:57:45Z,New York Knicks,San Antonio Spurs
2026-06-11T00:58:10.660811+00:00,9ea306ebbe68ff94dfa5b88d1e250b37,2026-06-11T00:43:00Z,fanduel,FanDuel,player_rebounds,Under,Jalen Brunson,2.5,102,2026-06-11T00:57:45Z,New York Knicks,San Antonio Spurs
2026-06-11T00:58:10.660811+00:00,9ea306ebbe68ff94dfa5b88d1e250b37,2026-06-11T00:43:00Z,fanduel,FanDuel,player_rebounds,Over,Devin Vassell,4.5,100,2026-06-11T00:57:45Z,New York Knicks,San Antonio Spurs
2026-06-11T00:58:10.660811+00:00,9ea306ebbe68ff94dfa5b88d1e250b37,2026-06-11T00:43:00Z,fanduel,FanDuel,player_rebounds,Under,Devin Vassell,4.5,-132,2026-06-11T00:57:45Z,New York Knicks,San Antonio Spurs
2026-06-11T00:58:10.660811+00:00,9ea306ebbe68ff94dfa5b88d1e250b37,2026-06-11T00:43:00Z,fanduel,FanDuel,player_rebounds,Over,Victor Wembanyama,11.5,106,2026-06-11T00:57:45Z,New York Knicks,San Antonio Spurs
2026-06-11T00:58:10.660811+00:00,9ea306ebbe68ff94dfa5b88d1e250b37,2026-06-11T00:43:00Z,fanduel,FanDuel,player_rebounds,Under,Victor Wembanyama,11.5,-140,2026-06-11T00:57:45Z,New York Knicks,San Antonio Spurs
2026-06-11T00:58:10.660811+00:00,9ea306ebbe68ff94dfa5b88d1e250b37,2026-06-11T00:43:00Z,fanduel,FanDuel,player_rebounds,Over,Julian Champagnie,4.5,114,2026-06-11T00:57:45Z,New York Knicks,San Antonio Spurs
2026-06-11T00:58:10.660811+00:00,9ea306ebbe68ff94dfa5b88d1e250b37,2026-06-11T00:43:00Z,fanduel,FanDuel,player_rebounds,Under,Julian Champagnie,4.5,-152,2026-06-11T00:57:45Z,New York Knicks,San Antonio Spurs
2026-06-11T00:58:10.660811+00:00,9ea306ebbe68ff94dfa5b88d1e250b37,2026-06-11T00:43:00Z,fanduel,FanDuel,player_rebounds,Over,Josh Hart,9.5,-138,2026-06-11T00:57:45Z,New York Knicks,San Antonio Spurs
2026-06-11T00:58:10.660811+00:00,9ea306ebbe68ff94dfa5b88d1e250b37,2026-06-11T00:43:00Z,fanduel,FanDuel,player_rebounds,Under,Josh Hart,9.5,104,2026-06-11T00:57:45Z,New York Knicks,San Antonio Spurs
2026-06-11T00:58:10.660811+00:00,9ea306ebbe68ff94dfa5b88d1e250b37,2026-06-11T00:43:00Z,fanduel,FanDuel,player_rebounds,Over,Karl-Anthony Towns,8.5,-122,2026-06-11T00:57:45Z,New York Knicks,San Antonio Spurs
2026-06-11T00:58:10.660811+00:00,9ea306ebbe68ff94dfa5b88d1e250b37,2026-06-11T00:43:00Z,fanduel,FanDuel,player_rebounds,Under,Karl-Anthony Towns,8.5,-108,2026-06-11T00:57:45Z,New York Knicks,San Antonio Spurs
2026-06-11T00:58:10.660811+00:00,9ea306ebbe68ff94dfa5b88d1e250b37,2026-06-11T00:43:00Z,fanduel,FanDuel,player_rebounds,Over,Stephon Castle,5.5,108,2026-06-11T00:57:45Z,New York Knicks,San Antonio Spurs
2026-06-11T00:58:10.660811+00:00,9ea306ebbe68ff94dfa5b88d1e250b37,2026-06-11T00:43:00Z,fanduel,FanDuel,player_rebounds,Under,Stephon Castle,5.5,-144,2026-06-11T00:57:45Z,New York Knicks,San Antonio Spurs
2026-06-11T00:58:10.660811+00:00,9ea306ebbe68ff94dfa5b88d1e250b37,2026-06-11T00:43:00Z,fanduel,FanDuel,player_rebounds,Over,Landry Shamet,1.5,116,2026-06-11T00:57:45Z,New York Knicks,San Antonio Spurs
2026-06-11T00:58:10.660811+00:00,9ea306ebbe68ff94dfa5b88d1e250b37,2026-06-11T00:43:00Z,fanduel,FanDuel,player_rebounds,Under,Landry Shamet,1.5,-154,2026-06-11T00:57:45Z,New York Knicks,San Antonio Spurs
2026-06-11T00:58:10.660811+00:00,9ea306ebbe68ff94dfa5b88d1e250b37,2026-06-11T00:43:00Z,fanduel,FanDuel,player_rebounds,Over,Keldon Johnson,2.5,-140,2026-06-11T00:57:45Z,New York Knicks,San Antonio Spurs
2026-06-11T00:58:10.660811+00:00,9ea306ebbe68ff94dfa5b88d1e250b37,2026-06-11T00:43:00Z,fanduel,FanDuel,player_rebounds,Under,Keldon Johnson,2.5,106,2026-06-11T00:57:45Z,New York Knicks,San Antonio Spurs
2026-06-11T00:58:10.660811+00:00,9ea306ebbe68ff94dfa5b88d1e250b37,2026-06-11T00:43:00Z,fanduel,FanDuel,player_rebounds,Over,OG Anunoby,4.5,-136,2026-06-11T00:57:45Z,New York Knicks,San Antonio Spurs
2026-06-11T00:58:10.660811+00:00,9ea306ebbe68ff94dfa5b88d1e250b37,2026-06-11T00:43:00Z,fanduel,FanDuel,player_rebounds,Under,OG Anunoby,4.5,102,2026-06-11T00:57:45Z,New York Knicks,San Antonio Spurs
2026-06-11T00:58:10.660811+00:00,9ea306ebbe68ff94dfa5b88d1e250b37,2026-06-11T00:43:00Z,fanduel,FanDuel,player_rebounds_assists,Over,Stephon Castle,12.5,102,2026-06-11T00:57:45Z,New York Knicks,San Antonio Spurs
2026-06-11T00:58:10.660811+00:00,9ea306ebbe68ff94dfa5b88d1e250b37,2026-06-11T00:43:00Z,fanduel,FanDuel,player_rebounds_assists,Under,Stephon Castle,12.5,-136,2026-06-11T00:57:45Z,New York Knicks,San Antonio Spurs
2026-06-11T00:58:10.660811+00:00,9ea306ebbe68ff94dfa5b88d1e250b37,2026-06-11T00:43:00Z,fanduel,FanDuel,player_rebounds_assists,Over,Devin Vassell,6.5,-110,2026-06-11T00:57:45Z,New York Knicks,San Antonio Spurs
2026-06-11T00:58:10.660811+00:00,9ea306ebbe68ff94dfa5b88d1e250b37,2026-06-11T00:43:00Z,fanduel,FanDuel,player_rebounds_assists,Under,Devin Vassell,6.5,-122,2026-06-11T00:57:45Z,New York Knicks,San Antonio Spurs
2026-06-11T00:58:10.660811+00:00,9ea306ebbe68ff94dfa5b88d1e250b37,2026-06-11T00:43:00Z,fanduel,FanDuel,player_rebounds_assists,Over,Dylan Harper,9.5,108,2026-06-11T00:57:45Z,New York Knicks,San Antonio Spurs
2026-06-11T00:58:10.660811+00:00,9ea306ebbe68ff94dfa5b88d1e250b37,2026-06-11T00:43:00Z,fanduel,FanDuel,player_rebounds_assists,Under,Dylan Harper,9.5,-144,2026-06-11T00:57:45Z,New York Knicks,San Antonio Spurs
2026-06-11T00:58:10.660811+00:00,9ea306ebbe68ff94dfa5b88d1e250b37,2026-06-11T00:43:00Z,fanduel,FanDuel,player_rebounds_assists,Over,De'Aaron Fox,8.5,-102,2026-06-11T00:57:45Z,New York Knicks,San Antonio Spurs
2026-06-11T00:58:10.660811+00:00,9ea306ebbe68ff94dfa5b88d1e250b37,2026-06-11T00:43:00Z,fanduel,FanDuel,player_rebounds_assists,Under,De'Aaron Fox,8.5,-130,2026-06-11T00:57:45Z,New York Knicks,San Antonio Spurs
2026-06-11T00:58:10.660811+00:00,9ea306ebbe68ff94dfa5b88d1e250b37,2026-06-11T00:43:00Z,fanduel,FanDuel,player_rebounds_assists,Over,Julian Champagnie,5.5,104,2026-06-11T00:57:45Z,New York Knicks,San Antonio Spurs
2026-06-11T00:58:10.660811+00:00,9ea306ebbe68ff94dfa5b88d1e250b37,2026-06-11T00:43:00Z,fanduel,FanDuel,player_rebounds_assists,Under,Julian Champagnie,5.5,-138,2026-06-11T00:57:45Z,New York Knicks,San Antonio Spurs
2026-06-11T00:58:10.660811+00:00,9ea306ebbe68ff94dfa5b88d1e250b37,2026-06-11T00:43:00Z,fanduel,FanDuel,player_rebounds_assists,Over,Karl-Anthony Towns,11.5,-140,2026-06-11T00:57:45Z,New York Knicks,San Antonio Spurs
2026-06-11T00:58:10.660811+00:00,9ea306ebbe68ff94dfa5b88d1e250b37,2026-06-11T00:43:00Z,fanduel,FanDuel,player_rebounds_assists,Under,Karl-Anthony Towns,11.5,106,2026-06-11T00:57:45Z,New York Knicks,San Antonio Spurs
2026-06-11T00:58:10.660811+00:00,9ea306ebbe68ff94dfa5b88d1e250b37,2026-06-11T00:43:00Z,fanduel,FanDuel,player_rebounds_assists,Over,Mikal Bridges,5.5,-108,2026-06-11T00:57:45Z,New York Knicks,San Antonio Spurs
2026-06-11T00:58:10.660811+00:00,9ea306ebbe68ff94dfa5b88d1e250b37,2026-06-11T00:43:00Z,fanduel,FanDuel,player_rebounds_assists,Under,Mikal Bridges,5.5,-122,2026-06-11T00:57:45Z,New York Knicks,San Antonio Spurs
2026-06-11T00:58:10.660811+00:00,9ea306ebbe68ff94dfa5b88d1e250b37,2026-06-11T00:43:00Z,fanduel,FanDuel,player_rebounds_assists,Over,Josh Hart,15.5,102,2026-06-11T00:57:45Z,New York Knicks,San Antonio Spurs
2026-06-11T00:58:10.660811+00:00,9ea306ebbe68ff94dfa5b88d1e250b37,2026-06-11T00:43:00Z,fanduel,FanDuel,player_rebounds_assists,Under,Josh Hart,15.5,-136,2026-06-11T00:57:45Z,New York Knicks,San Antonio Spurs
2026-06-11T00:58:10.660811+00:00,9ea306ebbe68ff94dfa5b88d1e250b37,2026-06-11T00:43:00Z,fanduel,FanDuel,player_rebounds_assists,Over,Victor Wembanyama,15.5,-104,2026-06-11T00:57:45Z,New York Knicks,San Antonio Spurs
2026-06-11T00:58:10.660811+00:00,9ea306ebbe68ff94dfa5b88d1e250b37,2026-06-11T00:43:00Z,fanduel,FanDuel,player_rebounds_assists,Under,Victor Wembanyama,15.5,-128,2026-06-11T00:57:45Z,New York Knicks,San Antonio Spurs
2026-06-11T00:58:10.660811+00:00,9ea306ebbe68ff94dfa5b88d1e250b37,2026-06-11T00:43:00Z,fanduel,FanDuel,player_rebounds_assists,Over,Jalen Brunson,9.5,106,2026-06-11T00:57:45Z,New York Knicks,San Antonio Spurs
2026-06-11T00:58:10.660811+00:00,9ea306ebbe68ff94dfa5b88d1e250b37,2026-06-11T00:43:00Z,fanduel,FanDuel,player_rebounds_assists,Under,Jalen Brunson,9.5,-140,2026-06-11T00:57:45Z,New York Knicks,San Antonio Spurs
2026-06-11T00:58:10.660811+00:00,9ea306ebbe68ff94dfa5b88d1e250b37,2026-06-11T00:43:00Z,fanduel,FanDuel,player_rebounds_assists,Over,OG Anunoby,6.5,100,2026-06-11T00:57:45Z,New York Knicks,San Antonio Spurs
2026-06-11T00:58:10.660811+00:00,9ea306ebbe68ff94dfa5b88d1e250b37,2026-06-11T00:43:00Z,fanduel,FanDuel,player_rebounds_assists,Under,OG Anunoby,6.5,-132,2026-06-11T00:57:45Z,New York Knicks,San Antonio Spurs
2026-06-11T00:58:10.660811+00:00,9ea306ebbe68ff94dfa5b88d1e250b37,2026-06-11T00:43:00Z,fanduel,FanDuel,player_threes,Over,De'Aaron Fox,1.5,174,2026-06-11T00:57:45Z,New York Knicks,San Antonio Spurs
2026-06-11T00:58:10.660811+00:00,9ea306ebbe68ff94dfa5b88d1e250b37,2026-06-11T00:43:00Z,fanduel,FanDuel,player_threes,Under,De'Aaron Fox,1.5,-240,2026-06-11T00:57:45Z,New York Knicks,San Antonio Spurs
2026-06-11T00:58:10.660811+00:00,9ea306ebbe68ff94dfa5b88d1e250b37,2026-06-11T00:43:00Z,fanduel,FanDuel,player_threes,Over,Dylan Harper,1.5,128,2026-06-11T00:57:45Z,New York Knicks,San Antonio Spurs
2026-06-11T00:58:10.660811+00:00,9ea306ebbe68ff94dfa5b88d1e250b37,2026-06-11T00:43:00Z,fanduel,FanDuel,player_threes,Under,Dylan Harper,1.5,-172,2026-06-11T00:57:45Z,New York Knicks,San Antonio Spurs
2026-06-11T00:58:10.660811+00:00,9ea306ebbe68ff94dfa5b88d1e250b37,2026-06-11T00:43:00Z,fanduel,FanDuel,player_threes,Over,Mikal Bridges,1.5,130,2026-06-11T00:57:45Z,New York Knicks,San Antonio Spurs
2026-06-11T00:58:10.660811+00:00,9ea306ebbe68ff94dfa5b88d1e250b37,2026-06-11T00:43:00Z,fanduel,FanDuel,player_threes,Under,Mikal Bridges,1.5,-174,2026-06-11T00:57:45Z,New York Knicks,San Antonio Spurs
2026-06-11T00:58:10.660811+00:00,9ea306ebbe68ff94dfa5b88d1e250b37,2026-06-11T00:43:00Z,fanduel,FanDuel,player_threes,Over,Jalen Brunson,2.5,148,2026-06-11T00:57:45Z,New York Knicks,San Antonio Spurs
2026-06-11T00:58:10.660811+00:00,9ea306ebbe68ff94dfa5b88d1e250b37,2026-06-11T00:43:00Z,fanduel,FanDuel,player_threes,Under,Jalen Brunson,2.5,-200,2026-06-11T00:57:45Z,New York Knicks,San Antonio Spurs
2026-06-11T00:58:10.660811+00:00,9ea306ebbe68ff94dfa5b88d1e250b37,2026-06-11T00:43:00Z,fanduel,FanDuel,player_threes,Over,Devin Vassell,4.5,140,2026-06-11T00:57:45Z,New York Knicks,San Antonio Spurs
2026-06-11T00:58:10.660811+00:00,9ea306ebbe68ff94dfa5b88d1e250b37,2026-06-11T00:43:00Z,fanduel,FanDuel,player_threes,Under,Devin Vassell,4.5,-188,2026-06-11T00:57:45Z,New York Knicks,San Antonio Spurs
2026-06-11T00:58:10.660811+00:00,9ea306ebbe68ff94dfa5b88d1e250b37,2026-06-11T00:43:00Z,fanduel,FanDuel,player_threes,Over,Miles McBride,0.5,-192,2026-06-11T00:57:45Z,New York Knicks,San Antonio Spurs
2026-06-11T00:58:10.660811+00:00,9ea306ebbe68ff94dfa5b88d1e250b37,2026-06-11T00:43:00Z,fanduel,FanDuel,player_threes,Under,Miles McBride,0.5,142,2026-06-11T00:57:45Z,New York Knicks,San Antonio Spurs
2026-06-11T00:58:10.660811+00:00,9ea306ebbe68ff94dfa5b88d1e250b37,2026-06-11T00:43:00Z,fanduel,FanDuel,player_threes,Over,Keldon Johnson,0.5,-110,2026-06-11T00:57:45Z,New York Knicks,San Antonio Spurs
2026-06-11T00:58:10.660811+00:00,9ea306ebbe68ff94dfa5b88d1e250b37,2026-06-11T00:43:00Z,fanduel,FanDuel,player_threes,Under,Keldon Johnson,0.5,-120,2026-06-11T00:57:45Z,New York Knicks,San Antonio Spurs
2026-06-11T00:58:10.660811+00:00,9ea306ebbe68ff94dfa5b88d1e250b37,2026-06-11T00:43:00Z,fanduel,FanDuel,player_threes,Over,Julian Champagnie,1.5,-200,2026-06-11T00:57:45Z,New York Knicks,San Antonio Spurs
2026-06-11T00:58:10.660811+00:00,9ea306ebbe68ff94dfa5b88d1e250b37,2026-06-11T00:43:00Z,fanduel,FanDuel,player_threes,Under,Julian Champagnie,1.5,152,2026-06-11T00:57:45Z,New York Knicks,San Antonio Spurs
2026-06-11T00:58:10.660811+00:00,9ea306ebbe68ff94dfa5b88d1e250b37,2026-06-11T00:43:00Z,fanduel,FanDuel,player_threes,Over,Landry Shamet,1.5,-140,2026-06-11T00:57:45Z,New York Knicks,San Antonio Spurs
2026-06-11T00:58:10.660811+00:00,9ea306ebbe68ff94dfa5b88d1e250b37,2026-06-11T00:43:00Z,fanduel,FanDuel,player_threes,Under,Landry Shamet,1.5,106,2026-06-11T00:57:45Z,New York Knicks,San Antonio Spurs
2026-06-11T00:58:10.660811+00:00,9ea306ebbe68ff94dfa5b88d1e250b37,2026-06-11T00:43:00Z,fanduel,FanDuel,player_threes,Over,Josh Hart,1.5,134,2026-06-11T00:57:45Z,New York Knicks,San Antonio Spurs
2026-06-11T00:58:10.660811+00:00,9ea306ebbe68ff94dfa5b88d1e250b37,2026-06-11T00:43:00Z,fanduel,FanDuel,player_threes,Under,Josh Hart,1.5,-180,2026-06-11T00:57:45Z,New York Knicks,San Antonio Spurs
2026-06-11T00:58:10.660811+00:00,9ea306ebbe68ff94dfa5b88d1e250b37,2026-06-11T00:43:00Z,fanduel,FanDuel,player_threes,Over,Karl-Anthony Towns,1.5,174,2026-06-11T00:57:45Z,New York Knicks,San Antonio Spurs
2026-06-11T00:58:10.660811+00:00,9ea306ebbe68ff94dfa5b88d1e250b37,2026-06-11T00:43:00Z,fanduel,FanDuel,player_threes,Under,Karl-Anthony Towns,1.5,-240,2026-06-11T00:57:45Z,New York Knicks,San Antonio Spurs
2026-06-11T00:58:10.660811+00:00,9ea306ebbe68ff94dfa5b88d1e250b37,2026-06-11T00:43:00Z,fanduel,FanDuel,player_threes,Over,Stephon Castle,1.5,172,2026-06-11T00:57:45Z,New York Knicks,San Antonio Spurs
2026-06-11T00:58:10.660811+00:00,9ea306ebbe68ff94dfa5b88d1e250b37,2026-06-11T00:43:00Z,fanduel,FanDuel,player_threes,Under,Stephon Castle,1.5,-235,2026-06-11T00:57:45Z,New York Knicks,San Antonio Spurs
2026-06-11T00:58:10.660811+00:00,9ea306ebbe68ff94dfa5b88d1e250b37,2026-06-11T00:43:00Z,fanduel,FanDuel,player_threes,Over,Victor Wembanyama,1.5,-148,2026-06-11T00:57:45Z,New York Knicks,San Antonio Spurs
2026-06-11T00:58:10.660811+00:00,9ea306ebbe68ff94dfa5b88d1e250b37,2026-06-11T00:43:00Z,fanduel,FanDuel,player_threes,Under,Victor Wembanyama,1.5,112,2026-06-11T00:57:45Z,New York Knicks,San Antonio Spurs
2026-06-11T00:58:10.660811+00:00,9ea306ebbe68ff94dfa5b88d1e250b37,2026-06-11T00:43:00Z,fanduel,FanDuel,player_threes,Over,OG Anunoby,2.5,-210,2026-06-11T00:57:45Z,New York Knicks,San Antonio Spurs
2026-06-11T00:58:10.660811+00:00,9ea306ebbe68ff94dfa5b88d1e250b37,2026-06-11T00:43:00Z,fanduel,FanDuel,player_threes,Under,OG Anunoby,2.5,154,2026-06-11T00:57:45Z,New York Knicks,San Antonio Spurs
2026-06-11T00:58:10.660811+00:00,9ea306ebbe68ff94dfa5b88d1e250b37,2026-06-11T00:43:00Z,fanduel,FanDuel,player_triple_double,Yes,Josh Hart,,3000,2026-06-11T00:57:45Z,New York Knicks,San Antonio Spurs
2026-06-11T00:58:10.660811+00:00,9ea306ebbe68ff94dfa5b88d1e250b37,2026-06-11T00:43:00Z,fanduel,FanDuel,player_triple_double,Yes,Stephon Castle,,4500,2026-06-11T00:57:45Z,New York Knicks,San Antonio Spurs
2026-06-11T00:58:10.660811+00:00,9ea306ebbe68ff94dfa5b88d1e250b37,2026-06-11T00:43:00Z,fanduel,FanDuel,player_triple_double,Yes,Victor Wembanyama,,6000,2026-06-11T00:57:45Z,New York Knicks,San Antonio Spurs
2026-06-11T00:58:10.660811+00:00,9ea306ebbe68ff94dfa5b88d1e250b37,2026-06-11T00:43:00Z,betrivers,BetRivers,player_assists,Over,Devin Vassell,2.5,115,2026-06-11T00:43:30Z,New York Knicks,San Antonio Spurs
2026-06-11T00:58:10.660811+00:00,9ea306ebbe68ff94dfa5b88d1e250b37,2026-06-11T00:43:00Z,betrivers,BetRivers,player_assists,Under,Devin Vassell,2.5,-157,2026-06-11T00:43:30Z,New York Knicks,San Antonio Spurs
2026-06-11T00:58:10.660811+00:00,9ea306ebbe68ff94dfa5b88d1e250b37,2026-06-11T00:43:00Z,betrivers,BetRivers,player_assists,Over,Dylan Harper,3.5,114,2026-06-11T00:43:30Z,New York Knicks,San Antonio Spurs
2026-06-11T00:58:10.660811+00:00,9ea306ebbe68ff94dfa5b88d1e250b37,2026-06-11T00:43:00Z,betrivers,BetRivers,player_assists,Under,Dylan Harper,3.5,-155,2026-06-11T00:43:30Z,New York Knicks,San Antonio Spurs
2026-06-11T00:58:10.660811+00:00,9ea306ebbe68ff94dfa5b88d1e250b37,2026-06-11T00:43:00Z,betrivers,BetRivers,player_assists,Over,Victor Wembanyama,3.5,114,2026-06-11T00:43:30Z,New York Knicks,San Antonio Spurs
2026-06-11T00:58:10.660811+00:00,9ea306ebbe68ff94dfa5b88d1e250b37,2026-06-11T00:43:00Z,betrivers,BetRivers,player_assists,Under,Victor Wembanyama,3.5,-157,2026-06-11T00:43:30Z,New York Knicks,San Antonio Spurs
2026-06-11T00:58:10.660811+00:00,9ea306ebbe68ff94dfa5b88d1e250b37,2026-06-11T00:43:00Z,betrivers,BetRivers,player_assists,Over,Stephon Castle,6.5,-120,2026-06-11T00:43:30Z,New York Knicks,San Antonio Spurs
2026-06-11T00:58:10.660811+00:00,9ea306ebbe68ff94dfa5b88d1e250b37,2026-06-11T00:43:00Z,betrivers,BetRivers,player_assists,Under,Stephon Castle,6.5,-113,2026-06-11T00:43:30Z,New York Knicks,San Antonio Spurs
2026-06-11T00:58:10.660811+00:00,9ea306ebbe68ff94dfa5b88d1e250b37,2026-06-11T00:43:00Z,betrivers,BetRivers,player_assists,Over,Julian Champagnie,1.5,117,2026-06-11T00:43:30Z,New York Knicks,San Antonio Spurs
2026-06-11T00:58:10.660811+00:00,9ea306ebbe68ff94dfa5b88d1e250b37,2026-06-11T00:43:00Z,betrivers,BetRivers,player_assists,Under,Julian Champagnie,1.5,-162,2026-06-11T00:43:30Z,New York Knicks,San Antonio Spurs
2026-06-11T00:58:10.660811+00:00,9ea306ebbe68ff94dfa5b88d1e250b37,2026-06-11T00:43:00Z,betrivers,BetRivers,player_assists,Over,OG Anunoby,1.5,-148,2026-06-11T00:43:30Z,New York Knicks,San Antonio Spurs
2026-06-11T00:58:10.660811+00:00,9ea306ebbe68ff94dfa5b88d1e250b37,2026-06-11T00:43:00Z,betrivers,BetRivers,player_assists,Under,OG Anunoby,1.5,107,2026-06-11T00:43:30Z,New York Knicks,San Antonio Spurs
2026-06-11T00:58:10.660811+00:00,9ea306ebbe68ff94dfa5b88d1e250b37,2026-06-11T00:43:00Z,betrivers,BetRivers,player_assists,Over,Mikal Bridges,2.5,-155,2026-06-11T00:43:30Z,New York Knicks,San Antonio Spurs
2026-06-11T00:58:10.660811+00:00,9ea306ebbe68ff94dfa5b88d1e250b37,2026-06-11T00:43:00Z,betrivers,BetRivers,player_assists,Under,Mikal Bridges,2.5,112,2026-06-11T00:43:30Z,New York Knicks,San Antonio Spurs
2026-06-11T00:58:10.660811+00:00,9ea306ebbe68ff94dfa5b88d1e250b37,2026-06-11T00:43:00Z,betrivers,BetRivers,player_assists,Over,De'Aaron Fox,6.5,118,2026-06-11T00:43:30Z,New York Knicks,San Antonio Spurs
2026-06-11T00:58:10.660811+00:00,9ea306ebbe68ff94dfa5b88d1e250b37,2026-06-11T00:43:00Z,betrivers,BetRivers,player_assists,Under,De'Aaron Fox,6.5,-159,2026-06-11T00:43:30Z,New York Knicks,San Antonio Spurs
2026-06-11T00:58:10.660811+00:00,9ea306ebbe68ff94dfa5b88d1e250b37,2026-06-11T00:43:00Z,betrivers,BetRivers,player_assists,Over,Jalen Brunson,5.5,-143,2026-06-11T00:43:30Z,New York Knicks,San Antonio Spurs
2026-06-11T00:58:10.660811+00:00,9ea306ebbe68ff94dfa5b88d1e250b37,2026-06-11T00:43:00Z,betrivers,BetRivers,player_assists,Under,Jalen Brunson,5.5,106,2026-06-11T00:43:30Z,New York Knicks,San Antonio Spurs
2026-06-11T00:58:10.660811+00:00,9ea306ebbe68ff94dfa5b88d1e250b37,2026-06-11T00:43:00Z,betrivers,BetRivers,player_assists,Over,Karl-Anthony Towns,3.5,-155,2026-06-11T00:43:30Z,New York Knicks,San Antonio Spurs
2026-06-11T00:58:10.660811+00:00,9ea306ebbe68ff94dfa5b88d1e250b37,2026-06-11T00:43:00Z,betrivers,BetRivers,player_assists,Under,Karl-Anthony Towns,3.5,112,2026-06-11T00:43:30Z,New York Knicks,San Antonio Spurs
2026-06-11T00:58:10.660811+00:00,9ea306ebbe68ff94dfa5b88d1e250b37,2026-06-11T00:43:00Z,betrivers,BetRivers,player_assists,Over,Josh Hart,4.5,-121,2026-06-11T00:43:30Z,New York Knicks,San Antonio Spurs
2026-06-11T00:58:10.660811+00:00,9ea306ebbe68ff94dfa5b88d1e250b37,2026-06-11T00:43:00Z,betrivers,BetRivers,player_assists,Under,Josh Hart,4.5,-113,2026-06-11T00:43:30Z,New York Knicks,San Antonio Spurs
2026-06-11T00:58:10.660811+00:00,9ea306ebbe68ff94dfa5b88d1e250b37,2026-06-11T00:43:00Z,betrivers,BetRivers,player_points,Over,Jalen Brunson,28.5,106,2026-06-11T00:43:30Z,New York Knicks,San Antonio Spurs
2026-06-11T00:58:10.660811+00:00,9ea306ebbe68ff94dfa5b88d1e250b37,2026-06-11T00:43:00Z,betrivers,BetRivers,player_points,Under,Jalen Brunson,28.5,-143,2026-06-11T00:43:30Z,New York Knicks,San Antonio Spurs
2026-06-11T00:58:10.660811+00:00,9ea306ebbe68ff94dfa5b88d1e250b37,2026-06-11T00:43:00Z,betrivers,BetRivers,player_points,Over,Landry Shamet,6.5,-150,2026-06-11T00:43:30Z,New York Knicks,San Antonio Spurs
2026-06-11T00:58:10.660811+00:00,9ea306ebbe68ff94dfa5b88d1e250b37,2026-06-11T00:43:00Z,betrivers,BetRivers,player_points,Under,Landry Shamet,6.5,110,2026-06-11T00:43:30Z,New York Knicks,San Antonio Spurs
2026-06-11T00:58:10.660811+00:00,9ea306ebbe68ff94dfa5b88d1e250b37,2026-06-11T00:43:00Z,betrivers,BetRivers,player_points,Over,De'Aaron Fox,13.5,-150,2026-06-11T00:43:30Z,New York Knicks,San Antonio Spurs
2026-06-11T00:58:10.660811+00:00,9ea306ebbe68ff94dfa5b88d1e250b37,2026-06-11T00:43:00Z,betrivers,BetRivers,player_points,Under,De'Aaron Fox,13.5,110,2026-06-11T00:43:30Z,New York Knicks,San Antonio Spurs
2026-06-11T00:58:10.660811+00:00,9ea306ebbe68ff94dfa5b88d1e250b37,2026-06-11T00:43:00Z,betrivers,BetRivers,player_points,Over,Victor Wembanyama,26.5,-129,2026-06-11T00:43:30Z,New York Knicks,San Antonio Spurs
2026-06-11T00:58:10.660811+00:00,9ea306ebbe68ff94dfa5b88d1e250b37,2026-06-11T00:43:00Z,betrivers,BetRivers,player_points,Under,Victor Wembanyama,26.5,-106,2026-06-11T00:43:30Z,New York Knicks,San Antonio Spurs
2026-06-11T00:58:10.660811+00:00,9ea306ebbe68ff94dfa5b88d1e250b37,2026-06-11T00:43:00Z,betrivers,BetRivers,player_points,Over,Dylan Harper,13.5,-118,2026-06-11T00:43:30Z,New York Knicks,San Antonio Spurs
2026-06-11T00:58:10.660811+00:00,9ea306ebbe68ff94dfa5b88d1e250b37,2026-06-11T00:43:00Z,betrivers,BetRivers,player_points,Under,Dylan Harper,13.5,-115,2026-06-11T00:43:30Z,New York Knicks,San Antonio Spurs
2026-06-11T00:58:10.660811+00:00,9ea306ebbe68ff94dfa5b88d1e250b37,2026-06-11T00:43:00Z,betrivers,BetRivers,player_points,Over,Dylan Harper,12.5,-162,2026-06-11T00:43:30Z,New York Knicks,San Antonio Spurs
2026-06-11T00:58:10.660811+00:00,9ea306ebbe68ff94dfa5b88d1e250b37,2026-06-11T00:43:00Z,betrivers,BetRivers,player_points,Under,Dylan Harper,12.5,117,2026-06-11T00:43:30Z,New York Knicks,San Antonio Spurs
2026-06-11T00:58:10.660811+00:00,9ea306ebbe68ff94dfa5b88d1e250b37,2026-06-11T00:43:00Z,betrivers,BetRivers,player_points,Over,Devin Vassell,12.5,-107,2026-06-11T00:43:30Z,New York Knicks,San Antonio Spurs
2026-06-11T00:58:10.660811+00:00,9ea306ebbe68ff94dfa5b88d1e250b37,2026-06-11T00:43:00Z,betrivers,BetRivers,player_points,Under,Devin Vassell,12.5,-127,2026-06-11T00:43:30Z,New York Knicks,San Antonio Spurs
2026-06-11T00:58:10.660811+00:00,9ea306ebbe68ff94dfa5b88d1e250b37,2026-06-11T00:43:00Z,betrivers,BetRivers,player_points,Over,Devin Vassell,11.5,-141,2026-06-11T00:43:30Z,New York Knicks,San Antonio Spurs
2026-06-11T00:58:10.660811+00:00,9ea306ebbe68ff94dfa5b88d1e250b37,2026-06-11T00:43:00Z,betrivers,BetRivers,player_points,Under,Devin Vassell,11.5,105,2026-06-11T00:43:30Z,New York Knicks,San Antonio Spurs
2026-06-11T00:58:10.660811+00:00,9ea306ebbe68ff94dfa5b88d1e250b37,2026-06-11T00:43:00Z,betrivers,BetRivers,player_points,Over,Victor Wembanyama,27.5,-105,2026-06-11T00:43:30Z,New York Knicks,San Antonio Spurs
2026-06-11T00:58:10.660811+00:00,9ea306ebbe68ff94dfa5b88d1e250b37,2026-06-11T00:43:00Z,betrivers,BetRivers,player_points,Under,Victor Wembanyama,27.5,-130,2026-06-11T00:43:30Z,New York Knicks,San Antonio Spurs
2026-06-11T00:58:10.660811+00:00,9ea306ebbe68ff94dfa5b88d1e250b37,2026-06-11T00:43:00Z,betrivers,BetRivers,player_points,Over,Julian Champagnie,10.5,114,2026-06-11T00:43:30Z,New York Knicks,San Antonio Spurs
2026-06-11T00:58:10.660811+00:00,9ea306ebbe68ff94dfa5b88d1e250b37,2026-06-11T00:43:00Z,betrivers,BetRivers,player_points,Under,Julian Champagnie,10.5,-155,2026-06-11T00:43:30Z,New York Knicks,San Antonio Spurs
2026-06-11T00:58:10.660811+00:00,9ea306ebbe68ff94dfa5b88d1e250b37,2026-06-11T00:43:00Z,betrivers,BetRivers,player_points,Over,Stephon Castle,15.5,-136,2026-06-11T00:43:30Z,New York Knicks,San Antonio Spurs
2026-06-11T00:58:10.660811+00:00,9ea306ebbe68ff94dfa5b88d1e250b37,2026-06-11T00:43:00Z,betrivers,BetRivers,player_points,Under,Stephon Castle,15.5,100,2026-06-11T00:43:30Z,New York Knicks,San Antonio Spurs
2026-06-11T00:58:10.660811+00:00,9ea306ebbe68ff94dfa5b88d1e250b37,2026-06-11T00:43:00Z,betrivers,BetRivers,player_points,Over,Luke Kornet,1.5,-137,2026-06-11T00:43:30Z,New York Knicks,San Antonio Spurs
2026-06-11T00:58:10.660811+00:00,9ea306ebbe68ff94dfa5b88d1e250b37,2026-06-11T00:43:00Z,betrivers,BetRivers,player_points,Under,Luke Kornet,1.5,100,2026-06-11T00:43:30Z,New York Knicks,San Antonio Spurs
2026-06-11T00:58:10.660811+00:00,9ea306ebbe68ff94dfa5b88d1e250b37,2026-06-11T00:43:00Z,betrivers,BetRivers,player_points,Over,De'Aaron Fox,14.5,-112,2026-06-11T00:43:30Z,New York Knicks,San Antonio Spurs
2026-06-11T00:58:10.660811+00:00,9ea306ebbe68ff94dfa5b88d1e250b37,2026-06-11T00:43:00Z,betrivers,BetRivers,player_points,Under,De'Aaron Fox,14.5,-122,2026-06-11T00:43:30Z,New York Knicks,San Antonio Spurs
2026-06-11T00:58:10.660811+00:00,9ea306ebbe68ff94dfa5b88d1e250b37,2026-06-11T00:43:00Z,betrivers,BetRivers,player_points,Over,Stephon Castle,16.5,-105,2026-06-11T00:43:30Z,New York Knicks,San Antonio Spurs
2026-06-11T00:58:10.660811+00:00,9ea306ebbe68ff94dfa5b88d1e250b37,2026-06-11T00:43:00Z,betrivers,BetRivers,player_points,Under,Stephon Castle,16.5,-130,2026-06-11T00:43:30Z,New York Knicks,San Antonio Spurs
2026-06-11T00:58:10.660811+00:00,9ea306ebbe68ff94dfa5b88d1e250b37,2026-06-11T00:43:00Z,betrivers,BetRivers,player_points,Over,OG Anunoby,15.5,-148,2026-06-11T00:43:30Z,New York Knicks,San Antonio Spurs
2026-06-11T00:58:10.660811+00:00,9ea306ebbe68ff94dfa5b88d1e250b37,2026-06-11T00:43:00Z,betrivers,BetRivers,player_points,Under,OG Anunoby,15.5,108,2026-06-11T00:43:30Z,New York Knicks,San Antonio Spurs
2026-06-11T00:58:10.660811+00:00,9ea306ebbe68ff94dfa5b88d1e250b37,2026-06-11T00:43:00Z,betrivers,BetRivers,player_points,Over,Jalen Brunson,26.5,-143,2026-06-11T00:43:30Z,New York Knicks,San Antonio Spurs
2026-06-11T00:58:10.660811+00:00,9ea306ebbe68ff94dfa5b88d1e250b37,2026-06-11T00:43:00Z,betrivers,BetRivers,player_points,Under,Jalen Brunson,26.5,106,2026-06-11T00:43:30Z,New York Knicks,San Antonio Spurs
2026-06-11T00:58:10.660811+00:00,9ea306ebbe68ff94dfa5b88d1e250b37,2026-06-11T00:43:00Z,betrivers,BetRivers,player_points,Over,Karl-Anthony Towns,18.5,120,2026-06-11T00:43:30Z,New York Knicks,San Antonio Spurs
2026-06-11T00:58:10.660811+00:00,9ea306ebbe68ff94dfa5b88d1e250b37,2026-06-11T00:43:00Z,betrivers,BetRivers,player_points,Under,Karl-Anthony Towns,18.5,-167,2026-06-11T00:43:30Z,New York Knicks,San Antonio Spurs
2026-06-11T00:58:10.660811+00:00,9ea306ebbe68ff94dfa5b88d1e250b37,2026-06-11T00:43:00Z,betrivers,BetRivers,player_points,Over,Julian Champagnie,9.5,-120,2026-06-11T00:43:30Z,New York Knicks,San Antonio Spurs
2026-06-11T00:58:10.660811+00:00,9ea306ebbe68ff94dfa5b88d1e250b37,2026-06-11T00:43:00Z,betrivers,BetRivers,player_points,Under,Julian Champagnie,9.5,-114,2026-06-11T00:43:30Z,New York Knicks,San Antonio Spurs
2026-06-11T00:58:10.660811+00:00,9ea306ebbe68ff94dfa5b88d1e250b37,2026-06-11T00:43:00Z,betrivers,BetRivers,player_points,Over,Keldon Johnson,6.5,-115,2026-06-11T00:43:30Z,New York Knicks,San Antonio Spurs
2026-06-11T00:58:10.660811+00:00,9ea306ebbe68ff94dfa5b88d1e250b37,2026-06-11T00:43:00Z,betrivers,BetRivers,player_points,Under,Keldon Johnson,6.5,-118,2026-06-11T00:43:30Z,New York Knicks,San Antonio Spurs
2026-06-11T00:58:10.660811+00:00,9ea306ebbe68ff94dfa5b88d1e250b37,2026-06-11T00:43:00Z,betrivers,BetRivers,player_points,Over,OG Anunoby,16.5,-114,2026-06-11T00:43:30Z,New York Knicks,San Antonio Spurs
2026-06-11T00:58:10.660811+00:00,9ea306ebbe68ff94dfa5b88d1e250b37,2026-06-11T00:43:00Z,betrivers,BetRivers,player_points,Under,OG Anunoby,16.5,-120,2026-06-11T00:43:30Z,New York Knicks,San Antonio Spurs
2026-06-11T00:58:10.660811+00:00,9ea306ebbe68ff94dfa5b88d1e250b37,2026-06-11T00:43:00Z,betrivers,BetRivers,player_points,Over,Victor Wembanyama,28.5,118,2026-06-11T00:43:30Z,New York Knicks,San Antonio Spurs
2026-06-11T00:58:10.660811+00:00,9ea306ebbe68ff94dfa5b88d1e250b37,2026-06-11T00:43:00Z,betrivers,BetRivers,player_points,Under,Victor Wembanyama,28.5,-162,2026-06-11T00:43:30Z,New York Knicks,San Antonio Spurs
2026-06-11T00:58:10.660811+00:00,9ea306ebbe68ff94dfa5b88d1e250b37,2026-06-11T00:43:00Z,betrivers,BetRivers,player_points,Over,De'Aaron Fox,15.5,118,2026-06-11T00:43:30Z,New York Knicks,San Antonio Spurs
2026-06-11T00:58:10.660811+00:00,9ea306ebbe68ff94dfa5b88d1e250b37,2026-06-11T00:43:00Z,betrivers,BetRivers,player_points,Under,De'Aaron Fox,15.5,-165,2026-06-11T00:43:30Z,New York Knicks,San Antonio Spurs
2026-06-11T00:58:10.660811+00:00,9ea306ebbe68ff94dfa5b88d1e250b37,2026-06-11T00:43:00Z,betrivers,BetRivers,player_points,Over,Landry Shamet,7.5,-115,2026-06-11T00:43:30Z,New York Knicks,San Antonio Spurs
2026-06-11T00:58:10.660811+00:00,9ea306ebbe68ff94dfa5b88d1e250b37,2026-06-11T00:43:00Z,betrivers,BetRivers,player_points,Under,Landry Shamet,7.5,-117,2026-06-11T00:43:30Z,New York Knicks,San Antonio Spurs
2026-06-11T00:58:10.660811+00:00,9ea306ebbe68ff94dfa5b88d1e250b37,2026-06-11T00:43:00Z,betrivers,BetRivers,player_points,Over,Victor Wembanyama,25.5,-162,2026-06-11T00:43:30Z,New York Knicks,San Antonio Spurs
2026-06-11T00:58:10.660811+00:00,9ea306ebbe68ff94dfa5b88d1e250b37,2026-06-11T00:43:00Z,betrivers,BetRivers,player_points,Under,Victor Wembanyama,25.5,117,2026-06-11T00:43:30Z,New York Knicks,San Antonio Spurs
2026-06-11T00:58:10.660811+00:00,9ea306ebbe68ff94dfa5b88d1e250b37,2026-06-11T00:43:00Z,betrivers,BetRivers,player_points,Over,Mitchell Robinson,2.5,-134,2026-06-11T00:43:30Z,New York Knicks,San Antonio Spurs
2026-06-11T00:58:10.660811+00:00,9ea306ebbe68ff94dfa5b88d1e250b37,2026-06-11T00:43:00Z,betrivers,BetRivers,player_points,Under,Mitchell Robinson,2.5,-103,2026-06-11T00:43:30Z,New York Knicks,San Antonio Spurs
2026-06-11T00:58:10.660811+00:00,9ea306ebbe68ff94dfa5b88d1e250b37,2026-06-11T00:43:00Z,betrivers,BetRivers,player_points,Over,Karl-Anthony Towns,17.5,-108,2026-06-11T00:43:30Z,New York Knicks,San Antonio Spurs
2026-06-11T00:58:10.660811+00:00,9ea306ebbe68ff94dfa5b88d1e250b37,2026-06-11T00:43:00Z,betrivers,BetRivers,player_points,Under,Karl-Anthony Towns,17.5,-127,2026-06-11T00:43:30Z,New York Knicks,San Antonio Spurs
2026-06-11T00:58:10.660811+00:00,9ea306ebbe68ff94dfa5b88d1e250b37,2026-06-11T00:43:00Z,betrivers,BetRivers,player_points,Over,Karl-Anthony Towns,16.5,-141,2026-06-11T00:43:30Z,New York Knicks,San Antonio Spurs
2026-06-11T00:58:10.660811+00:00,9ea306ebbe68ff94dfa5b88d1e250b37,2026-06-11T00:43:00Z,betrivers,BetRivers,player_points,Under,Karl-Anthony Towns,16.5,105,2026-06-11T00:43:30Z,New York Knicks,San Antonio Spurs
2026-06-11T00:58:10.660811+00:00,9ea306ebbe68ff94dfa5b88d1e250b37,2026-06-11T00:43:00Z,betrivers,BetRivers,player_points,Over,Luke Kornet,0.5,-155,2026-06-11T00:43:30Z,New York Knicks,San Antonio Spurs
2026-06-11T00:58:10.660811+00:00,9ea306ebbe68ff94dfa5b88d1e250b37,2026-06-11T00:43:00Z,betrivers,BetRivers,player_points,Under,Luke Kornet,0.5,112,2026-06-11T00:43:30Z,New York Knicks,San Antonio Spurs
2026-06-11T00:58:10.660811+00:00,9ea306ebbe68ff94dfa5b88d1e250b37,2026-06-11T00:43:00Z,betrivers,BetRivers,player_points,Over,Mikal Bridges,11.5,-130,2026-06-11T00:43:30Z,New York Knicks,San Antonio Spurs
2026-06-11T00:58:10.660811+00:00,9ea306ebbe68ff94dfa5b88d1e250b37,2026-06-11T00:43:00Z,betrivers,BetRivers,player_points,Under,Mikal Bridges,11.5,-105,2026-06-11T00:43:30Z,New York Knicks,San Antonio Spurs
2026-06-11T00:58:10.660811+00:00,9ea306ebbe68ff94dfa5b88d1e250b37,2026-06-11T00:43:00Z,betrivers,BetRivers,player_points,Over,Dylan Harper,14.5,114,2026-06-11T00:43:30Z,New York Knicks,San Antonio Spurs
2026-06-11T00:58:10.660811+00:00,9ea306ebbe68ff94dfa5b88d1e250b37,2026-06-11T00:43:00Z,betrivers,BetRivers,player_points,Under,Dylan Harper,14.5,-157,2026-06-11T00:43:30Z,New York Knicks,San Antonio Spurs
2026-06-11T00:58:10.660811+00:00,9ea306ebbe68ff94dfa5b88d1e250b37,2026-06-11T00:43:00Z,betrivers,BetRivers,player_points,Over,OG Anunoby,17.5,115,2026-06-11T00:43:30Z,New York Knicks,San Antonio Spurs
2026-06-11T00:58:10.660811+00:00,9ea306ebbe68ff94dfa5b88d1e250b37,2026-06-11T00:43:00Z,betrivers,BetRivers,player_points,Under,OG Anunoby,17.5,-159,2026-06-11T00:43:30Z,New York Knicks,San Antonio Spurs
2026-06-11T00:58:10.660811+00:00,9ea306ebbe68ff94dfa5b88d1e250b37,2026-06-11T00:43:00Z,betrivers,BetRivers,player_points,Over,Josh Hart,9.5,-157,2026-06-11T00:43:30Z,New York Knicks,San Antonio Spurs
2026-06-11T00:58:10.660811+00:00,9ea306ebbe68ff94dfa5b88d1e250b37,2026-06-11T00:43:00Z,betrivers,BetRivers,player_points,Under,Josh Hart,9.5,114,2026-06-11T00:43:30Z,New York Knicks,San Antonio Spurs
2026-06-11T00:58:10.660811+00:00,9ea306ebbe68ff94dfa5b88d1e250b37,2026-06-11T00:43:00Z,betrivers,BetRivers,player_points,Over,Mitchell Robinson,3.5,-106,2026-06-11T00:43:30Z,New York Knicks,San Antonio Spurs
2026-06-11T00:58:10.660811+00:00,9ea306ebbe68ff94dfa5b88d1e250b37,2026-06-11T00:43:00Z,betrivers,BetRivers,player_points,Under,Mitchell Robinson,3.5,-129,2026-06-11T00:43:30Z,New York Knicks,San Antonio Spurs
2026-06-11T00:58:10.660811+00:00,9ea306ebbe68ff94dfa5b88d1e250b37,2026-06-11T00:43:00Z,betrivers,BetRivers,player_points,Over,Josh Hart,10.5,-112,2026-06-11T00:43:30Z,New York Knicks,San Antonio Spurs
2026-06-11T00:58:10.660811+00:00,9ea306ebbe68ff94dfa5b88d1e250b37,2026-06-11T00:43:00Z,betrivers,BetRivers,player_points,Under,Josh Hart,10.5,-122,2026-06-11T00:43:30Z,New York Knicks,San Antonio Spurs
2026-06-11T00:58:10.660811+00:00,9ea306ebbe68ff94dfa5b88d1e250b37,2026-06-11T00:43:00Z,betrivers,BetRivers,player_points,Over,Jalen Brunson,27.5,-115,2026-06-11T00:43:30Z,New York Knicks,San Antonio Spurs
2026-06-11T00:58:10.660811+00:00,9ea306ebbe68ff94dfa5b88d1e250b37,2026-06-11T00:43:00Z,betrivers,BetRivers,player_points,Under,Jalen Brunson,27.5,-118,2026-06-11T00:43:30Z,New York Knicks,San Antonio Spurs
2026-06-11T00:58:10.660811+00:00,9ea306ebbe68ff94dfa5b88d1e250b37,2026-06-11T00:43:00Z,betrivers,BetRivers,player_points,Over,Mikal Bridges,12.5,104,2026-06-11T00:43:30Z,New York Knicks,San Antonio Spurs
2026-06-11T00:58:10.660811+00:00,9ea306ebbe68ff94dfa5b88d1e250b37,2026-06-11T00:43:00Z,betrivers,BetRivers,player_points,Under,Mikal Bridges,12.5,-141,2026-06-11T00:43:30Z,New York Knicks,San Antonio Spurs
2026-06-11T00:58:10.660811+00:00,9ea306ebbe68ff94dfa5b88d1e250b37,2026-06-11T00:43:00Z,betrivers,BetRivers,player_points_rebounds_assists,Over,Jalen Brunson,37.5,100,2026-06-11T00:43:30Z,New York Knicks,San Antonio Spurs
2026-06-11T00:58:10.660811+00:00,9ea306ebbe68ff94dfa5b88d1e250b37,2026-06-11T00:43:00Z,betrivers,BetRivers,player_points_rebounds_assists,Under,Jalen Brunson,37.5,-136,2026-06-11T00:43:30Z,New York Knicks,San Antonio Spurs
2026-06-11T00:58:10.660811+00:00,9ea306ebbe68ff94dfa5b88d1e250b37,2026-06-11T00:43:00Z,betrivers,BetRivers,player_points_rebounds_assists,Over,Stephon Castle,28.5,100,2026-06-11T00:43:30Z,New York Knicks,San Antonio Spurs
2026-06-11T00:58:10.660811+00:00,9ea306ebbe68ff94dfa5b88d1e250b37,2026-06-11T00:43:00Z,betrivers,BetRivers,player_points_rebounds_assists,Under,Stephon Castle,28.5,-134,2026-06-11T00:43:30Z,New York Knicks,San Antonio Spurs
2026-06-11T00:58:10.660811+00:00,9ea306ebbe68ff94dfa5b88d1e250b37,2026-06-11T00:43:00Z,betrivers,BetRivers,player_points_rebounds_assists,Over,Devin Vassell,19.5,-115,2026-06-11T00:43:30Z,New York Knicks,San Antonio Spurs
2026-06-11T00:58:10.660811+00:00,9ea306ebbe68ff94dfa5b88d1e250b37,2026-06-11T00:43:00Z,betrivers,BetRivers,player_points_rebounds_assists,Under,Devin Vassell,19.5,-118,2026-06-11T00:43:30Z,New York Knicks,San Antonio Spurs
2026-06-11T00:58:10.660811+00:00,9ea306ebbe68ff94dfa5b88d1e250b37,2026-06-11T00:43:00Z,betrivers,BetRivers,player_points_rebounds_assists,Over,Devin Vassell,20.5,112,2026-06-11T00:43:30Z,New York Knicks,San Antonio Spurs
2026-06-11T00:58:10.660811+00:00,9ea306ebbe68ff94dfa5b88d1e250b37,2026-06-11T00:43:00Z,betrivers,BetRivers,player_points_rebounds_assists,Under,Devin Vassell,20.5,-152,2026-06-11T00:43:30Z,New York Knicks,San Antonio Spurs
2026-06-11T00:58:10.660811+00:00,9ea306ebbe68ff94dfa5b88d1e250b37,2026-06-11T00:43:00Z,betrivers,BetRivers,player_points_rebounds_assists,Over,Stephon Castle,26.5,-165,2026-06-11T00:43:30Z,New York Knicks,San Antonio Spurs
2026-06-11T00:58:10.660811+00:00,9ea306ebbe68ff94dfa5b88d1e250b37,2026-06-11T00:43:00Z,betrivers,BetRivers,player_points_rebounds_assists,Under,Stephon Castle,26.5,118,2026-06-11T00:43:30Z,New York Knicks,San Antonio Spurs
2026-06-11T00:58:10.660811+00:00,9ea306ebbe68ff94dfa5b88d1e250b37,2026-06-11T00:43:00Z,betrivers,BetRivers,player_points_rebounds_assists,Over,Devin Vassell,18.5,-152,2026-06-11T00:43:30Z,New York Knicks,San Antonio Spurs
2026-06-11T00:58:10.660811+00:00,9ea306ebbe68ff94dfa5b88d1e250b37,2026-06-11T00:43:00Z,betrivers,BetRivers,player_points_rebounds_assists,Under,Devin Vassell,18.5,112,2026-06-11T00:43:30Z,New York Knicks,San Antonio Spurs
2026-06-11T00:58:10.660811+00:00,9ea306ebbe68ff94dfa5b88d1e250b37,2026-06-11T00:43:00Z,betrivers,BetRivers,player_points_rebounds_assists,Over,De'Aaron Fox,24.5,-103,2026-06-11T00:43:30Z,New York Knicks,San Antonio Spurs
2026-06-11T00:58:10.660811+00:00,9ea306ebbe68ff94dfa5b88d1e250b37,2026-06-11T00:43:00Z,betrivers,BetRivers,player_points_rebounds_assists,Under,De'Aaron Fox,24.5,-132,2026-06-11T00:43:30Z,New York Knicks,San Antonio Spurs
2026-06-11T00:58:10.660811+00:00,9ea306ebbe68ff94dfa5b88d1e250b37,2026-06-11T00:43:00Z,betrivers,BetRivers,player_points_rebounds_assists,Over,De'Aaron Fox,23.5,-130,2026-06-11T00:43:30Z,New York Knicks,San Antonio Spurs
2026-06-11T00:58:10.660811+00:00,9ea306ebbe68ff94dfa5b88d1e250b37,2026-06-11T00:43:00Z,betrivers,BetRivers,player_points_rebounds_assists,Under,De'Aaron Fox,23.5,-105,2026-06-11T00:43:30Z,New York Knicks,San Antonio Spurs
2026-06-11T00:58:10.660811+00:00,9ea306ebbe68ff94dfa5b88d1e250b37,2026-06-11T00:43:00Z,betrivers,BetRivers,player_points_rebounds_assists,Over,Victor Wembanyama,41.5,-125,2026-06-11T00:43:30Z,New York Knicks,San Antonio Spurs
2026-06-11T00:58:10.660811+00:00,9ea306ebbe68ff94dfa5b88d1e250b37,2026-06-11T00:43:00Z,betrivers,BetRivers,player_points_rebounds_assists,Under,Victor Wembanyama,41.5,-109,2026-06-11T00:43:30Z,New York Knicks,San Antonio Spurs
2026-06-11T00:58:10.660811+00:00,9ea306ebbe68ff94dfa5b88d1e250b37,2026-06-11T00:43:00Z,betrivers,BetRivers,player_points_rebounds_assists,Over,Stephon Castle,27.5,-127,2026-06-11T00:43:30Z,New York Knicks,San Antonio Spurs
2026-06-11T00:58:10.660811+00:00,9ea306ebbe68ff94dfa5b88d1e250b37,2026-06-11T00:43:00Z,betrivers,BetRivers,player_points_rebounds_assists,Under,Stephon Castle,27.5,-107,2026-06-11T00:43:30Z,New York Knicks,San Antonio Spurs
2026-06-11T00:58:10.660811+00:00,9ea306ebbe68ff94dfa5b88d1e250b37,2026-06-11T00:43:00Z,betrivers,BetRivers,player_points_rebounds_assists,Over,Dylan Harper,23.5,-104,2026-06-11T00:43:30Z,New York Knicks,San Antonio Spurs
2026-06-11T00:58:10.660811+00:00,9ea306ebbe68ff94dfa5b88d1e250b37,2026-06-11T00:43:00Z,betrivers,BetRivers,player_points_rebounds_assists,Under,Dylan Harper,23.5,-132,2026-06-11T00:43:30Z,New York Knicks,San Antonio Spurs
2026-06-11T00:58:10.660811+00:00,9ea306ebbe68ff94dfa5b88d1e250b37,2026-06-11T00:43:00Z,betrivers,BetRivers,player_points_rebounds_assists,Over,OG Anunoby,22.5,-167,2026-06-11T00:43:30Z,New York Knicks,San Antonio Spurs
2026-06-11T00:58:10.660811+00:00,9ea306ebbe68ff94dfa5b88d1e250b37,2026-06-11T00:43:00Z,betrivers,BetRivers,player_points_rebounds_assists,Under,OG Anunoby,22.5,120,2026-06-11T00:43:30Z,New York Knicks,San Antonio Spurs
2026-06-11T00:58:10.660811+00:00,9ea306ebbe68ff94dfa5b88d1e250b37,2026-06-11T00:43:00Z,betrivers,BetRivers,player_points_rebounds_assists,Over,Julian Champagnie,15.5,-132,2026-06-11T00:43:30Z,New York Knicks,San Antonio Spurs
2026-06-11T00:58:10.660811+00:00,9ea306ebbe68ff94dfa5b88d1e250b37,2026-06-11T00:43:00Z,betrivers,BetRivers,player_points_rebounds_assists,Under,Julian Champagnie,15.5,-104,2026-06-11T00:43:30Z,New York Knicks,San Antonio Spurs
2026-06-11T00:58:10.660811+00:00,9ea306ebbe68ff94dfa5b88d1e250b37,2026-06-11T00:43:00Z,betrivers,BetRivers,player_points_rebounds_assists,Over,Victor Wembanyama,40.5,-150,2026-06-11T00:43:30Z,New York Knicks,San Antonio Spurs
2026-06-11T00:58:10.660811+00:00,9ea306ebbe68ff94dfa5b88d1e250b37,2026-06-11T00:43:00Z,betrivers,BetRivers,player_points_rebounds_assists,Under,Victor Wembanyama,40.5,110,2026-06-11T00:43:30Z,New York Knicks,San Antonio Spurs
2026-06-11T00:58:10.660811+00:00,9ea306ebbe68ff94dfa5b88d1e250b37,2026-06-11T00:43:00Z,betrivers,BetRivers,player_points_rebounds_assists,Over,Dylan Harper,22.5,-132,2026-06-11T00:43:30Z,New York Knicks,San Antonio Spurs
2026-06-11T00:58:10.660811+00:00,9ea306ebbe68ff94dfa5b88d1e250b37,2026-06-11T00:43:00Z,betrivers,BetRivers,player_points_rebounds_assists,Under,Dylan Harper,22.5,-104,2026-06-11T00:43:30Z,New York Knicks,San Antonio Spurs
2026-06-11T00:58:10.660811+00:00,9ea306ebbe68ff94dfa5b88d1e250b37,2026-06-11T00:43:00Z,betrivers,BetRivers,player_points_rebounds_assists,Over,Victor Wembanyama,42.5,-106,2026-06-11T00:43:30Z,New York Knicks,San Antonio Spurs
2026-06-11T00:58:10.660811+00:00,9ea306ebbe68ff94dfa5b88d1e250b37,2026-06-11T00:43:00Z,betrivers,BetRivers,player_points_rebounds_assists,Under,Victor Wembanyama,42.5,-129,2026-06-11T00:43:30Z,New York Knicks,San Antonio Spurs
2026-06-11T00:58:10.660811+00:00,9ea306ebbe68ff94dfa5b88d1e250b37,2026-06-11T00:43:00Z,betrivers,BetRivers,player_points_rebounds_assists,Over,Josh Hart,24.5,102,2026-06-11T00:43:30Z,New York Knicks,San Antonio Spurs
2026-06-11T00:58:10.660811+00:00,9ea306ebbe68ff94dfa5b88d1e250b37,2026-06-11T00:43:00Z,betrivers,BetRivers,player_points_rebounds_assists,Under,Josh Hart,24.5,-137,2026-06-11T00:43:30Z,New York Knicks,San Antonio Spurs
2026-06-11T00:58:10.660811+00:00,9ea306ebbe68ff94dfa5b88d1e250b37,2026-06-11T00:43:00Z,betrivers,BetRivers,player_points_rebounds_assists,Over,Karl-Anthony Towns,33.5,102,2026-06-11T00:43:30Z,New York Knicks,San Antonio Spurs
2026-06-11T00:58:10.660811+00:00,9ea306ebbe68ff94dfa5b88d1e250b37,2026-06-11T00:43:00Z,betrivers,BetRivers,player_points_rebounds_assists,Under,Karl-Anthony Towns,33.5,-139,2026-06-11T00:43:30Z,New York Knicks,San Antonio Spurs
2026-06-11T00:58:10.660811+00:00,9ea306ebbe68ff94dfa5b88d1e250b37,2026-06-11T00:43:00Z,betrivers,BetRivers,player_points_rebounds_assists,Over,Mikal Bridges,17.5,-148,2026-06-11T00:43:30Z,New York Knicks,San Antonio Spurs
2026-06-11T00:58:10.660811+00:00,9ea306ebbe68ff94dfa5b88d1e250b37,2026-06-11T00:43:00Z,betrivers,BetRivers,player_points_rebounds_assists,Under,Mikal Bridges,17.5,108,2026-06-11T00:43:30Z,New York Knicks,San Antonio Spurs
2026-06-11T00:58:10.660811+00:00,9ea306ebbe68ff94dfa5b88d1e250b37,2026-06-11T00:43:00Z,betrivers,BetRivers,player_points_rebounds_assists,Over,Mikal Bridges,19.5,120,2026-06-11T00:43:30Z,New York Knicks,San Antonio Spurs
2026-06-11T00:58:10.660811+00:00,9ea306ebbe68ff94dfa5b88d1e250b37,2026-06-11T00:43:00Z,betrivers,BetRivers,player_points_rebounds_assists,Under,Mikal Bridges,19.5,-165,2026-06-11T00:43:30Z,New York Knicks,San Antonio Spurs
2026-06-11T00:58:10.660811+00:00,9ea306ebbe68ff94dfa5b88d1e250b37,2026-06-11T00:43:00Z,betrivers,BetRivers,player_points_rebounds_assists,Over,Mikal Bridges,18.5,-112,2026-06-11T00:43:30Z,New York Knicks,San Antonio Spurs
2026-06-11T00:58:10.660811+00:00,9ea306ebbe68ff94dfa5b88d1e250b37,2026-06-11T00:43:00Z,betrivers,BetRivers,player_points_rebounds_assists,Under,Mikal Bridges,18.5,-122,2026-06-11T00:43:30Z,New York Knicks,San Antonio Spurs
2026-06-11T00:58:10.660811+00:00,9ea306ebbe68ff94dfa5b88d1e250b37,2026-06-11T00:43:00Z,betrivers,BetRivers,player_points_rebounds_assists,Over,Julian Champagnie,16.5,102,2026-06-11T00:43:30Z,New York Knicks,San Antonio Spurs
2026-06-11T00:58:10.660811+00:00,9ea306ebbe68ff94dfa5b88d1e250b37,2026-06-11T00:43:00Z,betrivers,BetRivers,player_points_rebounds_assists,Under,Julian Champagnie,16.5,-137,2026-06-11T00:43:30Z,New York Knicks,San Antonio Spurs
2026-06-11T00:58:10.660811+00:00,9ea306ebbe68ff94dfa5b88d1e250b37,2026-06-11T00:43:00Z,betrivers,BetRivers,player_points_rebounds_assists,Over,Jalen Brunson,35.5,-150,2026-06-11T00:43:30Z,New York Knicks,San Antonio Spurs
2026-06-11T00:58:10.660811+00:00,9ea306ebbe68ff94dfa5b88d1e250b37,2026-06-11T00:43:00Z,betrivers,BetRivers,player_points_rebounds_assists,Under,Jalen Brunson,35.5,110,2026-06-11T00:43:30Z,New York Knicks,San Antonio Spurs
2026-06-11T00:58:10.660811+00:00,9ea306ebbe68ff94dfa5b88d1e250b37,2026-06-11T00:43:00Z,betrivers,BetRivers,player_points_rebounds_assists,Over,Karl-Anthony Towns,31.5,-148,2026-06-11T00:43:30Z,New York Knicks,San Antonio Spurs
2026-06-11T00:58:10.660811+00:00,9ea306ebbe68ff94dfa5b88d1e250b37,2026-06-11T00:43:00Z,betrivers,BetRivers,player_points_rebounds_assists,Under,Karl-Anthony Towns,31.5,108,2026-06-11T00:43:30Z,New York Knicks,San Antonio Spurs
2026-06-11T00:58:10.660811+00:00,9ea306ebbe68ff94dfa5b88d1e250b37,2026-06-11T00:43:00Z,betrivers,BetRivers,player_points_rebounds_assists,Over,Victor Wembanyama,43.5,114,2026-06-11T00:43:30Z,New York Knicks,San Antonio Spurs
2026-06-11T00:58:10.660811+00:00,9ea306ebbe68ff94dfa5b88d1e250b37,2026-06-11T00:43:00Z,betrivers,BetRivers,player_points_rebounds_assists,Under,Victor Wembanyama,43.5,-157,2026-06-11T00:43:30Z,New York Knicks,San Antonio Spurs
2026-06-11T00:58:10.660811+00:00,9ea306ebbe68ff94dfa5b88d1e250b37,2026-06-11T00:43:00Z,betrivers,BetRivers,player_points_rebounds_assists,Over,OG Anunoby,24.5,100,2026-06-11T00:43:30Z,New York Knicks,San Antonio Spurs
2026-06-11T00:58:10.660811+00:00,9ea306ebbe68ff94dfa5b88d1e250b37,2026-06-11T00:43:00Z,betrivers,BetRivers,player_points_rebounds_assists,Under,OG Anunoby,24.5,-134,2026-06-11T00:43:30Z,New York Knicks,San Antonio Spurs
2026-06-11T00:58:10.660811+00:00,9ea306ebbe68ff94dfa5b88d1e250b37,2026-06-11T00:43:00Z,betrivers,BetRivers,player_points_rebounds_assists,Over,Jalen Brunson,36.5,-122,2026-06-11T00:43:30Z,New York Knicks,San Antonio Spurs
2026-06-11T00:58:10.660811+00:00,9ea306ebbe68ff94dfa5b88d1e250b37,2026-06-11T00:43:00Z,betrivers,BetRivers,player_points_rebounds_assists,Under,Jalen Brunson,36.5,-112,2026-06-11T00:43:30Z,New York Knicks,San Antonio Spurs
2026-06-11T00:58:10.660811+00:00,9ea306ebbe68ff94dfa5b88d1e250b37,2026-06-11T00:43:00Z,betrivers,BetRivers,player_points_rebounds_assists,Over,Josh Hart,23.5,-129,2026-06-11T00:43:30Z,New York Knicks,San Antonio Spurs
2026-06-11T00:58:10.660811+00:00,9ea306ebbe68ff94dfa5b88d1e250b37,2026-06-11T00:43:00Z,betrivers,BetRivers,player_points_rebounds_assists,Under,Josh Hart,23.5,-106,2026-06-11T00:43:30Z,New York Knicks,San Antonio Spurs
2026-06-11T00:58:10.660811+00:00,9ea306ebbe68ff94dfa5b88d1e250b37,2026-06-11T00:43:00Z,betrivers,BetRivers,player_points_rebounds_assists,Over,Karl-Anthony Towns,32.5,-120,2026-06-11T00:43:30Z,New York Knicks,San Antonio Spurs
2026-06-11T00:58:10.660811+00:00,9ea306ebbe68ff94dfa5b88d1e250b37,2026-06-11T00:43:00Z,betrivers,BetRivers,player_points_rebounds_assists,Under,Karl-Anthony Towns,32.5,-114,2026-06-11T00:43:30Z,New York Knicks,San Antonio Spurs
2026-06-11T00:58:10.660811+00:00,9ea306ebbe68ff94dfa5b88d1e250b37,2026-06-11T00:43:00Z,betrivers,BetRivers,player_points_rebounds_assists,Over,OG Anunoby,23.5,-127,2026-06-11T00:43:30Z,New York Knicks,San Antonio Spurs
2026-06-11T00:58:10.660811+00:00,9ea306ebbe68ff94dfa5b88d1e250b37,2026-06-11T00:43:00Z,betrivers,BetRivers,player_points_rebounds_assists,Under,OG Anunoby,23.5,-107,2026-06-11T00:43:30Z,New York Knicks,San Antonio Spurs
2026-06-11T00:58:10.660811+00:00,9ea306ebbe68ff94dfa5b88d1e250b37,2026-06-11T00:43:00Z,betrivers,BetRivers,player_rebounds,Over,Devin Vassell,4.5,-132,2026-06-11T00:43:30Z,New York Knicks,San Antonio Spurs
2026-06-11T00:58:10.660811+00:00,9ea306ebbe68ff94dfa5b88d1e250b37,2026-06-11T00:43:00Z,betrivers,BetRivers,player_rebounds,Under,Devin Vassell,4.5,-104,2026-06-11T00:43:30Z,New York Knicks,San Antonio Spurs
2026-06-11T00:58:10.660811+00:00,9ea306ebbe68ff94dfa5b88d1e250b37,2026-06-11T00:43:00Z,betrivers,BetRivers,player_rebounds,Over,Stephon Castle,4.5,-143,2026-06-11T00:43:30Z,New York Knicks,San Antonio Spurs
2026-06-11T00:58:10.660811+00:00,9ea306ebbe68ff94dfa5b88d1e250b37,2026-06-11T00:43:00Z,betrivers,BetRivers,player_rebounds,Under,Stephon Castle,4.5,106,2026-06-11T00:43:30Z,New York Knicks,San Antonio Spurs
2026-06-11T00:58:10.660811+00:00,9ea306ebbe68ff94dfa5b88d1e250b37,2026-06-11T00:43:00Z,betrivers,BetRivers,player_rebounds,Over,Dylan Harper,5.5,-157,2026-06-11T00:43:30Z,New York Knicks,San Antonio Spurs
2026-06-11T00:58:10.660811+00:00,9ea306ebbe68ff94dfa5b88d1e250b37,2026-06-11T00:43:00Z,betrivers,BetRivers,player_rebounds,Under,Dylan Harper,5.5,114,2026-06-11T00:43:30Z,New York Knicks,San Antonio Spurs
2026-06-11T00:58:10.660811+00:00,9ea306ebbe68ff94dfa5b88d1e250b37,2026-06-11T00:43:00Z,betrivers,BetRivers,player_rebounds,Over,Julian Champagnie,4.5,-129,2026-06-11T00:43:30Z,New York Knicks,San Antonio Spurs
2026-06-11T00:58:10.660811+00:00,9ea306ebbe68ff94dfa5b88d1e250b37,2026-06-11T00:43:00Z,betrivers,BetRivers,player_rebounds,Under,Julian Champagnie,4.5,-105,2026-06-11T00:43:30Z,New York Knicks,San Antonio Spurs
2026-06-11T00:58:10.660811+00:00,9ea306ebbe68ff94dfa5b88d1e250b37,2026-06-11T00:43:00Z,betrivers,BetRivers,player_rebounds,Over,Jalen Brunson,3.5,132,2026-06-11T00:43:30Z,New York Knicks,San Antonio Spurs
2026-06-11T00:58:10.660811+00:00,9ea306ebbe68ff94dfa5b88d1e250b37,2026-06-11T00:43:00Z,betrivers,BetRivers,player_rebounds,Under,Jalen Brunson,3.5,-182,2026-06-11T00:43:30Z,New York Knicks,San Antonio Spurs
2026-06-11T00:58:10.660811+00:00,9ea306ebbe68ff94dfa5b88d1e250b37,2026-06-11T00:43:00Z,betrivers,BetRivers,player_rebounds,Over,Karl-Anthony Towns,11.5,102,2026-06-11T00:43:30Z,New York Knicks,San Antonio Spurs
2026-06-11T00:58:10.660811+00:00,9ea306ebbe68ff94dfa5b88d1e250b37,2026-06-11T00:43:00Z,betrivers,BetRivers,player_rebounds,Under,Karl-Anthony Towns,11.5,-139,2026-06-11T00:43:30Z,New York Knicks,San Antonio Spurs
2026-06-11T00:58:10.660811+00:00,9ea306ebbe68ff94dfa5b88d1e250b37,2026-06-11T00:43:00Z,betrivers,BetRivers,player_rebounds,Over,Victor Wembanyama,11.5,-108,2026-06-11T00:43:30Z,New York Knicks,San Antonio Spurs
2026-06-11T00:58:10.660811+00:00,9ea306ebbe68ff94dfa5b88d1e250b37,2026-06-11T00:43:00Z,betrivers,BetRivers,player_rebounds,Under,Victor Wembanyama,11.5,-127,2026-06-11T00:43:30Z,New York Knicks,San Antonio Spurs
2026-06-11T00:58:10.660811+00:00,9ea306ebbe68ff94dfa5b88d1e250b37,2026-06-11T00:43:00Z,betrivers,BetRivers,player_rebounds,Over,De'Aaron Fox,3.5,114,2026-06-11T00:43:30Z,New York Knicks,San Antonio Spurs
2026-06-11T00:58:10.660811+00:00,9ea306ebbe68ff94dfa5b88d1e250b37,2026-06-11T00:43:00Z,betrivers,BetRivers,player_rebounds,Under,De'Aaron Fox,3.5,-155,2026-06-11T00:43:30Z,New York Knicks,San Antonio Spurs
2026-06-11T00:58:10.660811+00:00,9ea306ebbe68ff94dfa5b88d1e250b37,2026-06-11T00:43:00Z,betrivers,BetRivers,player_rebounds,Over,Landry Shamet,1.5,114,2026-06-11T00:43:30Z,New York Knicks,San Antonio Spurs
2026-06-11T00:58:10.660811+00:00,9ea306ebbe68ff94dfa5b88d1e250b37,2026-06-11T00:43:00Z,betrivers,BetRivers,player_rebounds,Under,Landry Shamet,1.5,-155,2026-06-11T00:43:30Z,New York Knicks,San Antonio Spurs
2026-06-11T00:58:10.660811+00:00,9ea306ebbe68ff94dfa5b88d1e250b37,2026-06-11T00:43:00Z,betrivers,BetRivers,player_rebounds,Over,OG Anunoby,5.5,-109,2026-06-11T00:43:30Z,New York Knicks,San Antonio Spurs
2026-06-11T00:58:10.660811+00:00,9ea306ebbe68ff94dfa5b88d1e250b37,2026-06-11T00:43:00Z,betrivers,BetRivers,player_rebounds,Under,OG Anunoby,5.5,-125,2026-06-11T00:43:30Z,New York Knicks,San Antonio Spurs
2026-06-11T00:58:10.660811+00:00,9ea306ebbe68ff94dfa5b88d1e250b37,2026-06-11T00:43:00Z,betrivers,BetRivers,player_rebounds,Over,Mikal Bridges,3.5,102,2026-06-11T00:43:30Z,New York Knicks,San Antonio Spurs
2026-06-11T00:58:10.660811+00:00,9ea306ebbe68ff94dfa5b88d1e250b37,2026-06-11T00:43:00Z,betrivers,BetRivers,player_rebounds,Under,Mikal Bridges,3.5,-139,2026-06-11T00:43:30Z,New York Knicks,San Antonio Spurs
2026-06-11T00:58:10.660811+00:00,9ea306ebbe68ff94dfa5b88d1e250b37,2026-06-11T00:43:00Z,betrivers,BetRivers,player_rebounds,Over,Josh Hart,8.5,-120,2026-06-11T00:43:30Z,New York Knicks,San Antonio Spurs
2026-06-11T00:58:10.660811+00:00,9ea306ebbe68ff94dfa5b88d1e250b37,2026-06-11T00:43:00Z,betrivers,BetRivers,player_rebounds,Under,Josh Hart,8.5,-114,2026-06-11T00:43:30Z,New York Knicks,San Antonio Spurs
2026-06-11T00:58:10.660811+00:00,9ea306ebbe68ff94dfa5b88d1e250b37,2026-06-11T00:43:00Z,betrivers,BetRivers,player_rebounds,Over,Mitchell Robinson,4.5,-105,2026-06-11T00:43:30Z,New York Knicks,San Antonio Spurs
2026-06-11T00:58:10.660811+00:00,9ea306ebbe68ff94dfa5b88d1e250b37,2026-06-11T00:43:00Z,betrivers,BetRivers,player_rebounds,Under,Mitchell Robinson,4.5,-129,2026-06-11T00:43:30Z,New York Knicks,San Antonio Spurs
2026-06-11T00:58:10.660811+00:00,9ea306ebbe68ff94dfa5b88d1e250b37,2026-06-11T00:43:00Z,betrivers,BetRivers,player_threes,Over,Stephon Castle,1.5,120,2026-06-11T00:43:30Z,New York Knicks,San Antonio Spurs
2026-06-11T00:58:10.660811+00:00,9ea306ebbe68ff94dfa5b88d1e250b37,2026-06-11T00:43:00Z,betrivers,BetRivers,player_threes,Under,Stephon Castle,1.5,-165,2026-06-11T00:43:30Z,New York Knicks,San Antonio Spurs
2026-06-11T00:58:10.660811+00:00,9ea306ebbe68ff94dfa5b88d1e250b37,2026-06-11T00:43:00Z,betrivers,BetRivers,player_threes,Over,Victor Wembanyama,1.5,-200,2026-06-11T00:43:30Z,New York Knicks,San Antonio Spurs
2026-06-11T00:58:10.660811+00:00,9ea306ebbe68ff94dfa5b88d1e250b37,2026-06-11T00:43:00Z,betrivers,BetRivers,player_threes,Under,Victor Wembanyama,1.5,145,2026-06-11T00:43:30Z,New York Knicks,San Antonio Spurs
2026-06-11T00:58:10.660811+00:00,9ea306ebbe68ff94dfa5b88d1e250b37,2026-06-11T00:43:00Z,betrivers,BetRivers,player_threes,Over,Devin Vassell,2.5,120,2026-06-11T00:43:30Z,New York Knicks,San Antonio Spurs
2026-06-11T00:58:10.660811+00:00,9ea306ebbe68ff94dfa5b88d1e250b37,2026-06-11T00:43:00Z,betrivers,BetRivers,player_threes,Under,Devin Vassell,2.5,-165,2026-06-11T00:43:30Z,New York Knicks,San Antonio Spurs
2026-06-11T00:58:10.660811+00:00,9ea306ebbe68ff94dfa5b88d1e250b37,2026-06-11T00:43:00Z,betrivers,BetRivers,player_threes,Over,Julian Champagnie,2.5,145,2026-06-11T00:43:30Z,New York Knicks,San Antonio Spurs
2026-06-11T00:58:10.660811+00:00,9ea306ebbe68ff94dfa5b88d1e250b37,2026-06-11T00:43:00Z,betrivers,BetRivers,player_threes,Under,Julian Champagnie,2.5,-200,2026-06-11T00:43:30Z,New York Knicks,San Antonio Spurs
2026-06-11T00:58:10.660811+00:00,9ea306ebbe68ff94dfa5b88d1e250b37,2026-06-11T00:43:00Z,betrivers,BetRivers,player_threes,Over,De'Aaron Fox,1.5,148,2026-06-11T00:43:30Z,New York Knicks,San Antonio Spurs
2026-06-11T00:58:10.660811+00:00,9ea306ebbe68ff94dfa5b88d1e250b37,2026-06-11T00:43:00Z,betrivers,BetRivers,player_threes,Under,De'Aaron Fox,1.5,-205,2026-06-11T00:43:30Z,New York Knicks,San Antonio Spurs
2026-06-11T00:58:10.660811+00:00,9ea306ebbe68ff94dfa5b88d1e250b37,2026-06-11T00:43:00Z,betrivers,BetRivers,player_threes,Over,Josh Hart,1.5,-108,2026-06-11T00:43:30Z,New York Knicks,San Antonio Spurs
2026-06-11T00:58:10.660811+00:00,9ea306ebbe68ff94dfa5b88d1e250b37,2026-06-11T00:43:00Z,betrivers,BetRivers,player_threes,Under,Josh Hart,1.5,-127,2026-06-11T00:43:30Z,New York Knicks,San Antonio Spurs
2026-06-11T00:58:10.660811+00:00,9ea306ebbe68ff94dfa5b88d1e250b37,2026-06-11T00:43:00Z,betrivers,BetRivers,player_threes,Over,Jalen Brunson,2.5,120,2026-06-11T00:43:30Z,New York Knicks,San Antonio Spurs
2026-06-11T00:58:10.660811+00:00,9ea306ebbe68ff94dfa5b88d1e250b37,2026-06-11T00:43:00Z,betrivers,BetRivers,player_threes,Under,Jalen Brunson,2.5,-162,2026-06-11T00:43:30Z,New York Knicks,San Antonio Spurs
2026-06-11T00:58:10.660811+00:00,9ea306ebbe68ff94dfa5b88d1e250b37,2026-06-11T00:43:00Z,betrivers,BetRivers,player_threes,Over,Dylan Harper,1.5,135,2026-06-11T00:43:30Z,New York Knicks,San Antonio Spurs
2026-06-11T00:58:10.660811+00:00,9ea306ebbe68ff94dfa5b88d1e250b37,2026-06-11T00:43:00Z,betrivers,BetRivers,player_threes,Under,Dylan Harper,1.5,-190,2026-06-11T00:43:30Z,New York Knicks,San Antonio Spurs
2026-06-11T00:58:10.660811+00:00,9ea306ebbe68ff94dfa5b88d1e250b37,2026-06-11T00:43:00Z,betrivers,BetRivers,player_threes,Over,Landry Shamet,1.5,-132,2026-06-11T00:43:30Z,New York Knicks,San Antonio Spurs
2026-06-11T00:58:10.660811+00:00,9ea306ebbe68ff94dfa5b88d1e250b37,2026-06-11T00:43:00Z,betrivers,BetRivers,player_threes,Under,Landry Shamet,1.5,-104,2026-06-11T00:43:30Z,New York Knicks,San Antonio Spurs
2026-06-11T00:58:10.660811+00:00,9ea306ebbe68ff94dfa5b88d1e250b37,2026-06-11T00:43:00Z,betrivers,BetRivers,player_threes,Over,Karl-Anthony Towns,1.5,128,2026-06-11T00:43:30Z,New York Knicks,San Antonio Spurs
2026-06-11T00:58:10.660811+00:00,9ea306ebbe68ff94dfa5b88d1e250b37,2026-06-11T00:43:00Z,betrivers,BetRivers,player_threes,Under,Karl-Anthony Towns,1.5,-177,2026-06-11T00:43:30Z,New York Knicks,San Antonio Spurs
2026-06-11T00:58:10.660811+00:00,9ea306ebbe68ff94dfa5b88d1e250b37,2026-06-11T00:43:00Z,betrivers,BetRivers,player_threes,Over,Mikal Bridges,1.5,112,2026-06-11T00:43:30Z,New York Knicks,San Antonio Spurs
2026-06-11T00:58:10.660811+00:00,9ea306ebbe68ff94dfa5b88d1e250b37,2026-06-11T00:43:00Z,betrivers,BetRivers,player_threes,Under,Mikal Bridges,1.5,-152,2026-06-11T00:43:30Z,New York Knicks,San Antonio Spurs
2026-06-11T00:58:10.660811+00:00,9ea306ebbe68ff94dfa5b88d1e250b37,2026-06-11T00:43:00Z,betrivers,BetRivers,player_threes,Over,OG Anunoby,2.5,128,2026-06-11T00:43:30Z,New York Knicks,San Antonio Spurs
2026-06-11T00:58:10.660811+00:00,9ea306ebbe68ff94dfa5b88d1e250b37,2026-06-11T00:43:00Z,betrivers,BetRivers,player_threes,Under,OG Anunoby,2.5,-180,2026-06-11T00:43:30Z,New York Knicks,San Antonio Spurs
2026-06-11T00:58:10.660811+00:00,9ea306ebbe68ff94dfa5b88d1e250b37,2026-06-11T00:43:00Z,fanatics,Fanatics,player_assists,Over,Julian Champagnie,0.5,-275,2026-06-11T00:57:49Z,New York Knicks,San Antonio Spurs
2026-06-11T00:58:10.660811+00:00,9ea306ebbe68ff94dfa5b88d1e250b37,2026-06-11T00:43:00Z,fanatics,Fanatics,player_assists,Under,Julian Champagnie,0.5,160,2026-06-11T00:57:49Z,New York Knicks,San Antonio Spurs
2026-06-11T00:58:10.660811+00:00,9ea306ebbe68ff94dfa5b88d1e250b37,2026-06-11T00:43:00Z,fanatics,Fanatics,player_double_double,Yes,Jalen Brunson,,475,2026-06-11T00:57:49Z,New York Knicks,San Antonio Spurs
2026-06-11T00:58:10.660811+00:00,9ea306ebbe68ff94dfa5b88d1e250b37,2026-06-11T00:43:00Z,fanatics,Fanatics,player_double_double,Yes,Karl-Anthony Towns,,175,2026-06-11T00:57:49Z,New York Knicks,San Antonio Spurs
2026-06-11T00:58:10.660811+00:00,9ea306ebbe68ff94dfa5b88d1e250b37,2026-06-11T00:43:00Z,fanatics,Fanatics,player_double_double,Yes,OG Anunoby,,1200,2026-06-11T00:57:49Z,New York Knicks,San Antonio Spurs
2026-06-11T00:58:10.660811+00:00,9ea306ebbe68ff94dfa5b88d1e250b37,2026-06-11T00:43:00Z,fanatics,Fanatics,player_double_double,Yes,Josh Hart,,185,2026-06-11T00:57:49Z,New York Knicks,San Antonio Spurs
2026-06-11T00:58:10.660811+00:00,9ea306ebbe68ff94dfa5b88d1e250b37,2026-06-11T00:43:00Z,fanatics,Fanatics,player_double_double,Yes,Victor Wembanyama,,-270,2026-06-11T00:57:49Z,New York Knicks,San Antonio Spurs
2026-06-11T00:58:10.660811+00:00,9ea306ebbe68ff94dfa5b88d1e250b37,2026-06-11T00:43:00Z,fanatics,Fanatics,player_double_double,Yes,Stephon Castle,,425,2026-06-11T00:57:49Z,New York Knicks,San Antonio Spurs
2026-06-11T00:58:10.660811+00:00,9ea306ebbe68ff94dfa5b88d1e250b37,2026-06-11T00:43:00Z,fanatics,Fanatics,player_double_double,Yes,De'Aaron Fox,,1100,2026-06-11T00:57:49Z,New York Knicks,San Antonio Spurs
2026-06-11T00:58:10.660811+00:00,9ea306ebbe68ff94dfa5b88d1e250b37,2026-06-11T00:43:00Z,fanatics,Fanatics,player_double_double,Yes,Dylan Harper,,650,2026-06-11T00:57:49Z,New York Knicks,San Antonio Spurs
2026-06-11T00:58:10.660811+00:00,9ea306ebbe68ff94dfa5b88d1e250b37,2026-06-11T00:43:00Z,fanatics,Fanatics,player_double_double,Yes,Devin Vassell,,1900,2026-06-11T00:57:49Z,New York Knicks,San Antonio Spurs
2026-06-11T00:58:10.660811+00:00,9ea306ebbe68ff94dfa5b88d1e250b37,2026-06-11T00:43:00Z,fanatics,Fanatics,player_double_double,Yes,Mitchell Robinson,,1100,2026-06-11T00:57:49Z,New York Knicks,San Antonio Spurs
2026-06-11T00:58:10.660811+00:00,9ea306ebbe68ff94dfa5b88d1e250b37,2026-06-11T00:43:00Z,fanatics,Fanatics,player_double_double,Yes,Julian Champagnie,,3000,2026-06-11T00:57:49Z,New York Knicks,San Antonio Spurs
2026-06-11T00:58:10.660811+00:00,9ea306ebbe68ff94dfa5b88d1e250b37,2026-06-11T00:43:00Z,fanatics,Fanatics,player_points,Over,Julian Champagnie,10.5,-105,2026-06-11T00:57:49Z,New York Knicks,San Antonio Spurs
2026-06-11T00:58:10.660811+00:00,9ea306ebbe68ff94dfa5b88d1e250b37,2026-06-11T00:43:00Z,fanatics,Fanatics,player_points,Under,Julian Champagnie,10.5,-125,2026-06-11T00:57:49Z,New York Knicks,San Antonio Spurs
2026-06-11T00:58:10.660811+00:00,9ea306ebbe68ff94dfa5b88d1e250b37,2026-06-11T00:43:00Z,fanatics,Fanatics,player_points_rebounds_assists,Over,Dylan Harper,23.5,-110,2026-06-11T00:43:22Z,New York Knicks,San Antonio Spurs
2026-06-11T00:58:10.660811+00:00,9ea306ebbe68ff94dfa5b88d1e250b37,2026-06-11T00:43:00Z,fanatics,Fanatics,player_points_rebounds_assists,Under,Dylan Harper,23.5,-120,2026-06-11T00:43:22Z,New York Knicks,San Antonio Spurs
2026-06-11T00:58:10.660811+00:00,9ea306ebbe68ff94dfa5b88d1e250b37,2026-06-11T00:43:00Z,fanatics,Fanatics,player_rebounds,Over,Julian Champagnie,4.5,125,2026-06-11T00:57:49Z,New York Knicks,San Antonio Spurs
2026-06-11T00:58:10.660811+00:00,9ea306ebbe68ff94dfa5b88d1e250b37,2026-06-11T00:43:00Z,fanatics,Fanatics,player_rebounds,Under,Julian Champagnie,4.5,-175,2026-06-11T00:57:49Z,New York Knicks,San Antonio Spurs
2026-06-11T00:58:10.660811+00:00,9ea306ebbe68ff94dfa5b88d1e250b37,2026-06-11T00:43:00Z,fanatics,Fanatics,player_threes,Over,Landry Shamet,1.5,-145,2026-06-11T00:57:49Z,New York Knicks,San Antonio Spurs
2026-06-11T00:58:10.660811+00:00,9ea306ebbe68ff94dfa5b88d1e250b37,2026-06-11T00:43:00Z,fanatics,Fanatics,player_threes,Under,Landry Shamet,1.5,110,2026-06-11T00:57:49Z,New York Knicks,San Antonio Spurs
2026-06-11T00:58:10.660811+00:00,9ea306ebbe68ff94dfa5b88d1e250b37,2026-06-11T00:43:00Z,fanatics,Fanatics,player_triple_double,Yes,Josh Hart,,1900,2026-06-11T00:57:49Z,New York Knicks,San Antonio Spurs
2026-06-11T00:58:10.660811+00:00,9ea306ebbe68ff94dfa5b88d1e250b37,2026-06-11T00:43:00Z,draftkings,DraftKings,player_assists,Over,Stephon Castle,6.5,-130,2026-06-11T00:57:20Z,New York Knicks,San Antonio Spurs
2026-06-11T00:58:10.660811+00:00,9ea306ebbe68ff94dfa5b88d1e250b37,2026-06-11T00:43:00Z,draftkings,DraftKings,player_assists,Under,Stephon Castle,6.5,100,2026-06-11T00:57:20Z,New York Knicks,San Antonio Spurs
2026-06-11T00:58:10.660811+00:00,9ea306ebbe68ff94dfa5b88d1e250b37,2026-06-11T00:43:00Z,draftkings,DraftKings,player_assists,Over,Jalen Brunson,6.5,-105,2026-06-11T00:57:20Z,New York Knicks,San Antonio Spurs
2026-06-11T00:58:10.660811+00:00,9ea306ebbe68ff94dfa5b88d1e250b37,2026-06-11T00:43:00Z,draftkings,DraftKings,player_assists,Under,Jalen Brunson,6.5,-125,2026-06-11T00:57:20Z,New York Knicks,San Antonio Spurs
2026-06-11T00:58:10.660811+00:00,9ea306ebbe68ff94dfa5b88d1e250b37,2026-06-11T00:43:00Z,draftkings,DraftKings,player_assists,Over,Josh Hart,5.5,-120,2026-06-11T00:57:20Z,New York Knicks,San Antonio Spurs
2026-06-11T00:58:10.660811+00:00,9ea306ebbe68ff94dfa5b88d1e250b37,2026-06-11T00:43:00Z,draftkings,DraftKings,player_assists,Under,Josh Hart,5.5,-110,2026-06-11T00:57:20Z,New York Knicks,San Antonio Spurs
2026-06-11T00:58:10.660811+00:00,9ea306ebbe68ff94dfa5b88d1e250b37,2026-06-11T00:43:00Z,draftkings,DraftKings,player_assists,Over,De'Aaron Fox,5.5,120,2026-06-11T00:57:20Z,New York Knicks,San Antonio Spurs
2026-06-11T00:58:10.660811+00:00,9ea306ebbe68ff94dfa5b88d1e250b37,2026-06-11T00:43:00Z,draftkings,DraftKings,player_assists,Under,De'Aaron Fox,5.5,-154,2026-06-11T00:57:20Z,New York Knicks,San Antonio Spurs
2026-06-11T00:58:10.660811+00:00,9ea306ebbe68ff94dfa5b88d1e250b37,2026-06-11T00:43:00Z,draftkings,DraftKings,player_assists,Over,Victor Wembanyama,3.5,-166,2026-06-11T00:57:20Z,New York Knicks,San Antonio Spurs
2026-06-11T00:58:10.660811+00:00,9ea306ebbe68ff94dfa5b88d1e250b37,2026-06-11T00:43:00Z,draftkings,DraftKings,player_assists,Under,Victor Wembanyama,3.5,130,2026-06-11T00:57:20Z,New York Knicks,San Antonio Spurs
2026-06-11T00:58:10.660811+00:00,9ea306ebbe68ff94dfa5b88d1e250b37,2026-06-11T00:43:00Z,draftkings,DraftKings,player_assists,Over,Dylan Harper,3.5,124,2026-06-11T00:57:20Z,New York Knicks,San Antonio Spurs
2026-06-11T00:58:10.660811+00:00,9ea306ebbe68ff94dfa5b88d1e250b37,2026-06-11T00:43:00Z,draftkings,DraftKings,player_assists,Under,Dylan Harper,3.5,-160,2026-06-11T00:57:20Z,New York Knicks,San Antonio Spurs
2026-06-11T00:58:10.660811+00:00,9ea306ebbe68ff94dfa5b88d1e250b37,2026-06-11T00:43:00Z,draftkings,DraftKings,player_assists,Over,Karl-Anthony Towns,2.5,-154,2026-06-11T00:57:20Z,New York Knicks,San Antonio Spurs
2026-06-11T00:58:10.660811+00:00,9ea306ebbe68ff94dfa5b88d1e250b37,2026-06-11T00:43:00Z,draftkings,DraftKings,player_assists,Under,Karl-Anthony Towns,2.5,120,2026-06-11T00:57:20Z,New York Knicks,San Antonio Spurs
2026-06-11T00:58:10.660811+00:00,9ea306ebbe68ff94dfa5b88d1e250b37,2026-06-11T00:43:00Z,draftkings,DraftKings,player_assists,Over,Mikal Bridges,2.5,-130,2026-06-11T00:57:20Z,New York Knicks,San Antonio Spurs
2026-06-11T00:58:10.660811+00:00,9ea306ebbe68ff94dfa5b88d1e250b37,2026-06-11T00:43:00Z,draftkings,DraftKings,player_assists,Under,Mikal Bridges,2.5,100,2026-06-11T00:57:20Z,New York Knicks,San Antonio Spurs
2026-06-11T00:58:10.660811+00:00,9ea306ebbe68ff94dfa5b88d1e250b37,2026-06-11T00:43:00Z,draftkings,DraftKings,player_assists,Over,Devin Vassell,1.5,-180,2026-06-11T00:57:20Z,New York Knicks,San Antonio Spurs
2026-06-11T00:58:10.660811+00:00,9ea306ebbe68ff94dfa5b88d1e250b37,2026-06-11T00:43:00Z,draftkings,DraftKings,player_assists,Under,Devin Vassell,1.5,140,2026-06-11T00:57:20Z,New York Knicks,San Antonio Spurs
2026-06-11T00:58:10.660811+00:00,9ea306ebbe68ff94dfa5b88d1e250b37,2026-06-11T00:43:00Z,draftkings,DraftKings,player_assists,Over,OG Anunoby,1.5,-115,2026-06-11T00:57:20Z,New York Knicks,San Antonio Spurs
2026-06-11T00:58:10.660811+00:00,9ea306ebbe68ff94dfa5b88d1e250b37,2026-06-11T00:43:00Z,draftkings,DraftKings,player_assists,Under,OG Anunoby,1.5,-115,2026-06-11T00:57:20Z,New York Knicks,San Antonio Spurs
2026-06-11T00:58:10.660811+00:00,9ea306ebbe68ff94dfa5b88d1e250b37,2026-06-11T00:43:00Z,draftkings,DraftKings,player_assists,Over,Jose Alvarado,1.5,120,2026-06-11T00:57:20Z,New York Knicks,San Antonio Spurs
2026-06-11T00:58:10.660811+00:00,9ea306ebbe68ff94dfa5b88d1e250b37,2026-06-11T00:43:00Z,draftkings,DraftKings,player_assists,Under,Jose Alvarado,1.5,-154,2026-06-11T00:57:20Z,New York Knicks,San Antonio Spurs
2026-06-11T00:58:10.660811+00:00,9ea306ebbe68ff94dfa5b88d1e250b37,2026-06-11T00:43:00Z,draftkings,DraftKings,player_assists,Over,Landry Shamet,1.5,150,2026-06-11T00:57:20Z,New York Knicks,San Antonio Spurs
2026-06-11T00:58:10.660811+00:00,9ea306ebbe68ff94dfa5b88d1e250b37,2026-06-11T00:43:00Z,draftkings,DraftKings,player_assists,Under,Landry Shamet,1.5,-195,2026-06-11T00:57:20Z,New York Knicks,San Antonio Spurs
2026-06-11T00:58:10.660811+00:00,9ea306ebbe68ff94dfa5b88d1e250b37,2026-06-11T00:43:00Z,draftkings,DraftKings,player_assists,Over,Miles McBride,1.5,175,2026-06-11T00:57:20Z,New York Knicks,San Antonio Spurs
2026-06-11T00:58:10.660811+00:00,9ea306ebbe68ff94dfa5b88d1e250b37,2026-06-11T00:43:00Z,draftkings,DraftKings,player_assists,Under,Miles McBride,1.5,-230,2026-06-11T00:57:20Z,New York Knicks,San Antonio Spurs
2026-06-11T00:58:10.660811+00:00,9ea306ebbe68ff94dfa5b88d1e250b37,2026-06-11T00:43:00Z,draftkings,DraftKings,player_blocks,Over,Victor Wembanyama,3.5,110,2026-06-11T00:57:20Z,New York Knicks,San Antonio Spurs
2026-06-11T00:58:10.660811+00:00,9ea306ebbe68ff94dfa5b88d1e250b37,2026-06-11T00:43:00Z,draftkings,DraftKings,player_blocks,Under,Victor Wembanyama,3.5,-140,2026-06-11T00:57:20Z,New York Knicks,San Antonio Spurs
2026-06-11T00:58:10.660811+00:00,9ea306ebbe68ff94dfa5b88d1e250b37,2026-06-11T00:43:00Z,draftkings,DraftKings,player_double_double,Yes,Jose Alvarado,,9000,2026-06-11T00:57:20Z,New York Knicks,San Antonio Spurs
2026-06-11T00:58:10.660811+00:00,9ea306ebbe68ff94dfa5b88d1e250b37,2026-06-11T00:43:00Z,draftkings,DraftKings,player_double_double,Yes,Landry Shamet,,9000,2026-06-11T00:57:20Z,New York Knicks,San Antonio Spurs
2026-06-11T00:58:10.660811+00:00,9ea306ebbe68ff94dfa5b88d1e250b37,2026-06-11T00:43:00Z,draftkings,DraftKings,player_double_double,Yes,Miles McBride,,9000,2026-06-11T00:57:20Z,New York Knicks,San Antonio Spurs
2026-06-11T00:58:10.660811+00:00,9ea306ebbe68ff94dfa5b88d1e250b37,2026-06-11T00:43:00Z,draftkings,DraftKings,player_double_double,Yes,Luke Kornet,,7500,2026-06-11T00:57:20Z,New York Knicks,San Antonio Spurs
2026-06-11T00:58:10.660811+00:00,9ea306ebbe68ff94dfa5b88d1e250b37,2026-06-11T00:43:00Z,draftkings,DraftKings,player_double_double,Yes,Keldon Johnson,,6500,2026-06-11T00:57:20Z,New York Knicks,San Antonio Spurs
2026-06-11T00:58:10.660811+00:00,9ea306ebbe68ff94dfa5b88d1e250b37,2026-06-11T00:43:00Z,draftkings,DraftKings,player_double_double,Yes,Mikal Bridges,,6500,2026-06-11T00:57:20Z,New York Knicks,San Antonio Spurs
2026-06-11T00:58:10.660811+00:00,9ea306ebbe68ff94dfa5b88d1e250b37,2026-06-11T00:43:00Z,draftkings,DraftKings,player_double_double,Yes,Devin Vassell,,3000,2026-06-11T00:57:20Z,New York Knicks,San Antonio Spurs
2026-06-11T00:58:10.660811+00:00,9ea306ebbe68ff94dfa5b88d1e250b37,2026-06-11T00:43:00Z,draftkings,DraftKings,player_double_double,Yes,Julian Champagnie,,3000,2026-06-11T00:57:20Z,New York Knicks,San Antonio Spurs
2026-06-11T00:58:10.660811+00:00,9ea306ebbe68ff94dfa5b88d1e250b37,2026-06-11T00:43:00Z,draftkings,DraftKings,player_double_double,Yes,De'Aaron Fox,,1400,2026-06-11T00:57:20Z,New York Knicks,San Antonio Spurs
2026-06-11T00:58:10.660811+00:00,9ea306ebbe68ff94dfa5b88d1e250b37,2026-06-11T00:43:00Z,draftkings,DraftKings,player_double_double,Yes,OG Anunoby,,1300,2026-06-11T00:57:20Z,New York Knicks,San Antonio Spurs
2026-06-11T00:58:10.660811+00:00,9ea306ebbe68ff94dfa5b88d1e250b37,2026-06-11T00:43:00Z,draftkings,DraftKings,player_double_double,Yes,Mitchell Robinson,,1000,2026-06-11T00:57:20Z,New York Knicks,San Antonio Spurs
2026-06-11T00:58:10.660811+00:00,9ea306ebbe68ff94dfa5b88d1e250b37,2026-06-11T00:43:00Z,draftkings,DraftKings,player_double_double,Yes,Dylan Harper,,750,2026-06-11T00:57:20Z,New York Knicks,San Antonio Spurs
2026-06-11T00:58:10.660811+00:00,9ea306ebbe68ff94dfa5b88d1e250b37,2026-06-11T00:43:00Z,draftkings,DraftKings,player_double_double,Yes,Jalen Brunson,,550,2026-06-11T00:57:20Z,New York Knicks,San Antonio Spurs
2026-06-11T00:58:10.660811+00:00,9ea306ebbe68ff94dfa5b88d1e250b37,2026-06-11T00:43:00Z,draftkings,DraftKings,player_double_double,Yes,Stephon Castle,,425,2026-06-11T00:57:20Z,New York Knicks,San Antonio Spurs
2026-06-11T00:58:10.660811+00:00,9ea306ebbe68ff94dfa5b88d1e250b37,2026-06-11T00:43:00Z,draftkings,DraftKings,player_double_double,Yes,Karl-Anthony Towns,,180,2026-06-11T00:57:20Z,New York Knicks,San Antonio Spurs
2026-06-11T00:58:10.660811+00:00,9ea306ebbe68ff94dfa5b88d1e250b37,2026-06-11T00:43:00Z,draftkings,DraftKings,player_double_double,Yes,Josh Hart,,150,2026-06-11T00:57:20Z,New York Knicks,San Antonio Spurs
2026-06-11T00:58:10.660811+00:00,9ea306ebbe68ff94dfa5b88d1e250b37,2026-06-11T00:43:00Z,draftkings,DraftKings,player_double_double,Yes,Victor Wembanyama,,-290,2026-06-11T00:57:20Z,New York Knicks,San Antonio Spurs
2026-06-11T00:58:10.660811+00:00,9ea306ebbe68ff94dfa5b88d1e250b37,2026-06-11T00:43:00Z,draftkings,DraftKings,player_points,Over,Jalen Brunson,27.5,-110,2026-06-11T00:56:50Z,New York Knicks,San Antonio Spurs
2026-06-11T00:58:10.660811+00:00,9ea306ebbe68ff94dfa5b88d1e250b37,2026-06-11T00:43:00Z,draftkings,DraftKings,player_points,Under,Jalen Brunson,27.5,-120,2026-06-11T00:56:50Z,New York Knicks,San Antonio Spurs
2026-06-11T00:58:10.660811+00:00,9ea306ebbe68ff94dfa5b88d1e250b37,2026-06-11T00:43:00Z,draftkings,DraftKings,player_points,Over,Victor Wembanyama,26.5,-110,2026-06-11T00:56:50Z,New York Knicks,San Antonio Spurs
2026-06-11T00:58:10.660811+00:00,9ea306ebbe68ff94dfa5b88d1e250b37,2026-06-11T00:43:00Z,draftkings,DraftKings,player_points,Under,Victor Wembanyama,26.5,-120,2026-06-11T00:56:50Z,New York Knicks,San Antonio Spurs
2026-06-11T00:58:10.660811+00:00,9ea306ebbe68ff94dfa5b88d1e250b37,2026-06-11T00:43:00Z,draftkings,DraftKings,player_points,Over,OG Anunoby,19.5,-110,2026-06-11T00:56:50Z,New York Knicks,San Antonio Spurs
2026-06-11T00:58:10.660811+00:00,9ea306ebbe68ff94dfa5b88d1e250b37,2026-06-11T00:43:00Z,draftkings,DraftKings,player_points,Under,OG Anunoby,19.5,-120,2026-06-11T00:56:50Z,New York Knicks,San Antonio Spurs
2026-06-11T00:58:10.660811+00:00,9ea306ebbe68ff94dfa5b88d1e250b37,2026-06-11T00:43:00Z,draftkings,DraftKings,player_points,Over,Devin Vassell,17.5,-105,2026-06-11T00:56:50Z,New York Knicks,San Antonio Spurs
2026-06-11T00:58:10.660811+00:00,9ea306ebbe68ff94dfa5b88d1e250b37,2026-06-11T00:43:00Z,draftkings,DraftKings,player_points,Under,Devin Vassell,17.5,-125,2026-06-11T00:56:50Z,New York Knicks,San Antonio Spurs
2026-06-11T00:58:10.660811+00:00,9ea306ebbe68ff94dfa5b88d1e250b37,2026-06-11T00:43:00Z,draftkings,DraftKings,player_points,Over,De'Aaron Fox,14.5,-125,2026-06-11T00:56:50Z,New York Knicks,San Antonio Spurs
2026-06-11T00:58:10.660811+00:00,9ea306ebbe68ff94dfa5b88d1e250b37,2026-06-11T00:43:00Z,draftkings,DraftKings,player_points,Under,De'Aaron Fox,14.5,-105,2026-06-11T00:56:50Z,New York Knicks,San Antonio Spurs
2026-06-11T00:58:10.660811+00:00,9ea306ebbe68ff94dfa5b88d1e250b37,2026-06-11T00:43:00Z,draftkings,DraftKings,player_points,Over,Karl-Anthony Towns,14.5,-120,2026-06-11T00:56:50Z,New York Knicks,San Antonio Spurs
2026-06-11T00:58:10.660811+00:00,9ea306ebbe68ff94dfa5b88d1e250b37,2026-06-11T00:43:00Z,draftkings,DraftKings,player_points,Under,Karl-Anthony Towns,14.5,-110,2026-06-11T00:56:50Z,New York Knicks,San Antonio Spurs
2026-06-11T00:58:10.660811+00:00,9ea306ebbe68ff94dfa5b88d1e250b37,2026-06-11T00:43:00Z,draftkings,DraftKings,player_points,Over,Stephon Castle,14.5,-115,2026-06-11T00:56:50Z,New York Knicks,San Antonio Spurs
2026-06-11T00:58:10.660811+00:00,9ea306ebbe68ff94dfa5b88d1e250b37,2026-06-11T00:43:00Z,draftkings,DraftKings,player_points,Under,Stephon Castle,14.5,-115,2026-06-11T00:56:50Z,New York Knicks,San Antonio Spurs
2026-06-11T00:58:10.660811+00:00,9ea306ebbe68ff94dfa5b88d1e250b37,2026-06-11T00:43:00Z,draftkings,DraftKings,player_points,Over,Dylan Harper,13.5,-110,2026-06-11T00:56:50Z,New York Knicks,San Antonio Spurs
2026-06-11T00:58:10.660811+00:00,9ea306ebbe68ff94dfa5b88d1e250b37,2026-06-11T00:43:00Z,draftkings,DraftKings,player_points,Under,Dylan Harper,13.5,-120,2026-06-11T00:56:50Z,New York Knicks,San Antonio Spurs
2026-06-11T00:58:10.660811+00:00,9ea306ebbe68ff94dfa5b88d1e250b37,2026-06-11T00:43:00Z,draftkings,DraftKings,player_points,Over,Mikal Bridges,11.5,-115,2026-06-11T00:56:50Z,New York Knicks,San Antonio Spurs
2026-06-11T00:58:10.660811+00:00,9ea306ebbe68ff94dfa5b88d1e250b37,2026-06-11T00:43:00Z,draftkings,DraftKings,player_points,Under,Mikal Bridges,11.5,-115,2026-06-11T00:56:50Z,New York Knicks,San Antonio Spurs
2026-06-11T00:58:10.660811+00:00,9ea306ebbe68ff94dfa5b88d1e250b37,2026-06-11T00:43:00Z,draftkings,DraftKings,player_points,Over,Julian Champagnie,10.5,100,2026-06-11T00:56:50Z,New York Knicks,San Antonio Spurs
2026-06-11T00:58:10.660811+00:00,9ea306ebbe68ff94dfa5b88d1e250b37,2026-06-11T00:43:00Z,draftkings,DraftKings,player_points,Under,Julian Champagnie,10.5,-130,2026-06-11T00:56:50Z,New York Knicks,San Antonio Spurs
2026-06-11T00:58:10.660811+00:00,9ea306ebbe68ff94dfa5b88d1e250b37,2026-06-11T00:43:00Z,draftkings,DraftKings,player_points,Over,Josh Hart,9.5,-125,2026-06-11T00:56:50Z,New York Knicks,San Antonio Spurs
2026-06-11T00:58:10.660811+00:00,9ea306ebbe68ff94dfa5b88d1e250b37,2026-06-11T00:43:00Z,draftkings,DraftKings,player_points,Under,Josh Hart,9.5,-105,2026-06-11T00:56:50Z,New York Knicks,San Antonio Spurs
2026-06-11T00:58:10.660811+00:00,9ea306ebbe68ff94dfa5b88d1e250b37,2026-06-11T00:43:00Z,draftkings,DraftKings,player_points,Over,Landry Shamet,7.5,-130,2026-06-11T00:56:50Z,New York Knicks,San Antonio Spurs
2026-06-11T00:58:10.660811+00:00,9ea306ebbe68ff94dfa5b88d1e250b37,2026-06-11T00:43:00Z,draftkings,DraftKings,player_points,Under,Landry Shamet,7.5,100,2026-06-11T00:56:50Z,New York Knicks,San Antonio Spurs
2026-06-11T00:58:10.660811+00:00,9ea306ebbe68ff94dfa5b88d1e250b37,2026-06-11T00:43:00Z,draftkings,DraftKings,player_points,Over,Keldon Johnson,6.5,-110,2026-06-11T00:56:50Z,New York Knicks,San Antonio Spurs
2026-06-11T00:58:10.660811+00:00,9ea306ebbe68ff94dfa5b88d1e250b37,2026-06-11T00:43:00Z,draftkings,DraftKings,player_points,Under,Keldon Johnson,6.5,-120,2026-06-11T00:56:50Z,New York Knicks,San Antonio Spurs
2026-06-11T00:58:10.660811+00:00,9ea306ebbe68ff94dfa5b88d1e250b37,2026-06-11T00:43:00Z,draftkings,DraftKings,player_points,Over,Miles McBride,4.5,-120,2026-06-11T00:56:50Z,New York Knicks,San Antonio Spurs
2026-06-11T00:58:10.660811+00:00,9ea306ebbe68ff94dfa5b88d1e250b37,2026-06-11T00:43:00Z,draftkings,DraftKings,player_points,Under,Miles McBride,4.5,-110,2026-06-11T00:56:50Z,New York Knicks,San Antonio Spurs
2026-06-11T00:58:10.660811+00:00,9ea306ebbe68ff94dfa5b88d1e250b37,2026-06-11T00:43:00Z,draftkings,DraftKings,player_points,Over,Mitchell Robinson,4.5,-120,2026-06-11T00:56:50Z,New York Knicks,San Antonio Spurs
2026-06-11T00:58:10.660811+00:00,9ea306ebbe68ff94dfa5b88d1e250b37,2026-06-11T00:43:00Z,draftkings,DraftKings,player_points,Under,Mitchell Robinson,4.5,-110,2026-06-11T00:56:50Z,New York Knicks,San Antonio Spurs
2026-06-11T00:58:10.660811+00:00,9ea306ebbe68ff94dfa5b88d1e250b37,2026-06-11T00:43:00Z,draftkings,DraftKings,player_points,Over,Jordan Clarkson,2.5,-135,2026-06-11T00:56:50Z,New York Knicks,San Antonio Spurs
2026-06-11T00:58:10.660811+00:00,9ea306ebbe68ff94dfa5b88d1e250b37,2026-06-11T00:43:00Z,draftkings,DraftKings,player_points,Under,Jordan Clarkson,2.5,105,2026-06-11T00:56:50Z,New York Knicks,San Antonio Spurs
2026-06-11T00:58:10.660811+00:00,9ea306ebbe68ff94dfa5b88d1e250b37,2026-06-11T00:43:00Z,draftkings,DraftKings,player_points,Over,Jose Alvarado,2.5,-135,2026-06-11T00:56:50Z,New York Knicks,San Antonio Spurs
2026-06-11T00:58:10.660811+00:00,9ea306ebbe68ff94dfa5b88d1e250b37,2026-06-11T00:43:00Z,draftkings,DraftKings,player_points,Under,Jose Alvarado,2.5,105,2026-06-11T00:56:50Z,New York Knicks,San Antonio Spurs
2026-06-11T00:58:10.660811+00:00,9ea306ebbe68ff94dfa5b88d1e250b37,2026-06-11T00:43:00Z,draftkings,DraftKings,player_points,Over,Luke Kornet,1.5,-130,2026-06-11T00:56:50Z,New York Knicks,San Antonio Spurs
2026-06-11T00:58:10.660811+00:00,9ea306ebbe68ff94dfa5b88d1e250b37,2026-06-11T00:43:00Z,draftkings,DraftKings,player_points,Under,Luke Kornet,1.5,100,2026-06-11T00:56:50Z,New York Knicks,San Antonio Spurs
2026-06-11T00:58:10.660811+00:00,9ea306ebbe68ff94dfa5b88d1e250b37,2026-06-11T00:43:00Z,draftkings,DraftKings,player_points_assists,Over,Jalen Brunson,33.5,-120,2026-06-11T00:57:20Z,New York Knicks,San Antonio Spurs
2026-06-11T00:58:10.660811+00:00,9ea306ebbe68ff94dfa5b88d1e250b37,2026-06-11T00:43:00Z,draftkings,DraftKings,player_points_assists,Under,Jalen Brunson,33.5,-110,2026-06-11T00:57:20Z,New York Knicks,San Antonio Spurs
2026-06-11T00:58:10.660811+00:00,9ea306ebbe68ff94dfa5b88d1e250b37,2026-06-11T00:43:00Z,draftkings,DraftKings,player_points_assists,Over,Victor Wembanyama,32.5,-110,2026-06-11T00:57:20Z,New York Knicks,San Antonio Spurs
2026-06-11T00:58:10.660811+00:00,9ea306ebbe68ff94dfa5b88d1e250b37,2026-06-11T00:43:00Z,draftkings,DraftKings,player_points_assists,Under,Victor Wembanyama,32.5,-120,2026-06-11T00:57:20Z,New York Knicks,San Antonio Spurs
2026-06-11T00:58:10.660811+00:00,9ea306ebbe68ff94dfa5b88d1e250b37,2026-06-11T00:43:00Z,draftkings,DraftKings,player_points_assists,Over,Stephon Castle,21.5,-110,2026-06-11T00:57:20Z,New York Knicks,San Antonio Spurs
2026-06-11T00:58:10.660811+00:00,9ea306ebbe68ff94dfa5b88d1e250b37,2026-06-11T00:43:00Z,draftkings,DraftKings,player_points_assists,Under,Stephon Castle,21.5,-120,2026-06-11T00:57:20Z,New York Knicks,San Antonio Spurs
2026-06-11T00:58:10.660811+00:00,9ea306ebbe68ff94dfa5b88d1e250b37,2026-06-11T00:43:00Z,draftkings,DraftKings,player_points_assists,Over,OG Anunoby,20.5,-120,2026-06-11T00:57:20Z,New York Knicks,San Antonio Spurs
2026-06-11T00:58:10.660811+00:00,9ea306ebbe68ff94dfa5b88d1e250b37,2026-06-11T00:43:00Z,draftkings,DraftKings,player_points_assists,Under,OG Anunoby,20.5,-110,2026-06-11T00:57:20Z,New York Knicks,San Antonio Spurs
2026-06-11T00:58:10.660811+00:00,9ea306ebbe68ff94dfa5b88d1e250b37,2026-06-11T00:43:00Z,draftkings,DraftKings,player_points_assists,Over,De'Aaron Fox,20.5,-110,2026-06-11T00:57:20Z,New York Knicks,San Antonio Spurs
2026-06-11T00:58:10.660811+00:00,9ea306ebbe68ff94dfa5b88d1e250b37,2026-06-11T00:43:00Z,draftkings,DraftKings,player_points_assists,Under,De'Aaron Fox,20.5,-120,2026-06-11T00:57:20Z,New York Knicks,San Antonio Spurs
2026-06-11T00:58:10.660811+00:00,9ea306ebbe68ff94dfa5b88d1e250b37,2026-06-11T00:43:00Z,draftkings,DraftKings,player_points_assists,Over,Devin Vassell,19.5,-110,2026-06-11T00:57:20Z,New York Knicks,San Antonio Spurs
2026-06-11T00:58:10.660811+00:00,9ea306ebbe68ff94dfa5b88d1e250b37,2026-06-11T00:43:00Z,draftkings,DraftKings,player_points_assists,Under,Devin Vassell,19.5,-120,2026-06-11T00:57:20Z,New York Knicks,San Antonio Spurs
2026-06-11T00:58:10.660811+00:00,9ea306ebbe68ff94dfa5b88d1e250b37,2026-06-11T00:43:00Z,draftkings,DraftKings,player_points_assists,Over,Karl-Anthony Towns,17.5,-120,2026-06-11T00:57:20Z,New York Knicks,San Antonio Spurs
2026-06-11T00:58:10.660811+00:00,9ea306ebbe68ff94dfa5b88d1e250b37,2026-06-11T00:43:00Z,draftkings,DraftKings,player_points_assists,Under,Karl-Anthony Towns,17.5,-110,2026-06-11T00:57:20Z,New York Knicks,San Antonio Spurs
2026-06-11T00:58:10.660811+00:00,9ea306ebbe68ff94dfa5b88d1e250b37,2026-06-11T00:43:00Z,draftkings,DraftKings,player_points_assists,Over,Dylan Harper,16.5,-120,2026-06-11T00:57:20Z,New York Knicks,San Antonio Spurs
2026-06-11T00:58:10.660811+00:00,9ea306ebbe68ff94dfa5b88d1e250b37,2026-06-11T00:43:00Z,draftkings,DraftKings,player_points_assists,Under,Dylan Harper,16.5,-110,2026-06-11T00:57:20Z,New York Knicks,San Antonio Spurs
2026-06-11T00:58:10.660811+00:00,9ea306ebbe68ff94dfa5b88d1e250b37,2026-06-11T00:43:00Z,draftkings,DraftKings,player_points_assists,Over,Josh Hart,15.5,-120,2026-06-11T00:57:20Z,New York Knicks,San Antonio Spurs
2026-06-11T00:58:10.660811+00:00,9ea306ebbe68ff94dfa5b88d1e250b37,2026-06-11T00:43:00Z,draftkings,DraftKings,player_points_assists,Under,Josh Hart,15.5,-110,2026-06-11T00:57:20Z,New York Knicks,San Antonio Spurs
2026-06-11T00:58:10.660811+00:00,9ea306ebbe68ff94dfa5b88d1e250b37,2026-06-11T00:43:00Z,draftkings,DraftKings,player_points_assists,Over,Mikal Bridges,14.5,-110,2026-06-11T00:57:20Z,New York Knicks,San Antonio Spurs
2026-06-11T00:58:10.660811+00:00,9ea306ebbe68ff94dfa5b88d1e250b37,2026-06-11T00:43:00Z,draftkings,DraftKings,player_points_assists,Under,Mikal Bridges,14.5,-120,2026-06-11T00:57:20Z,New York Knicks,San Antonio Spurs
2026-06-11T00:58:10.660811+00:00,9ea306ebbe68ff94dfa5b88d1e250b37,2026-06-11T00:43:00Z,draftkings,DraftKings,player_points_assists,Over,Julian Champagnie,11.5,100,2026-06-11T00:57:20Z,New York Knicks,San Antonio Spurs
2026-06-11T00:58:10.660811+00:00,9ea306ebbe68ff94dfa5b88d1e250b37,2026-06-11T00:43:00Z,draftkings,DraftKings,player_points_assists,Under,Julian Champagnie,11.5,-130,2026-06-11T00:57:20Z,New York Knicks,San Antonio Spurs
2026-06-11T00:58:10.660811+00:00,9ea306ebbe68ff94dfa5b88d1e250b37,2026-06-11T00:43:00Z,draftkings,DraftKings,player_points_rebounds,Over,Victor Wembanyama,39.5,-120,2026-06-11T00:57:20Z,New York Knicks,San Antonio Spurs
2026-06-11T00:58:10.660811+00:00,9ea306ebbe68ff94dfa5b88d1e250b37,2026-06-11T00:43:00Z,draftkings,DraftKings,player_points_rebounds,Under,Victor Wembanyama,39.5,-110,2026-06-11T00:57:20Z,New York Knicks,San Antonio Spurs
2026-06-11T00:58:10.660811+00:00,9ea306ebbe68ff94dfa5b88d1e250b37,2026-06-11T00:43:00Z,draftkings,DraftKings,player_points_rebounds,Over,Jalen Brunson,30.5,-105,2026-06-11T00:57:20Z,New York Knicks,San Antonio Spurs
2026-06-11T00:58:10.660811+00:00,9ea306ebbe68ff94dfa5b88d1e250b37,2026-06-11T00:43:00Z,draftkings,DraftKings,player_points_rebounds,Under,Jalen Brunson,30.5,-125,2026-06-11T00:57:20Z,New York Knicks,San Antonio Spurs
2026-06-11T00:58:10.660811+00:00,9ea306ebbe68ff94dfa5b88d1e250b37,2026-06-11T00:43:00Z,draftkings,DraftKings,player_points_rebounds,Over,OG Anunoby,24.5,-105,2026-06-11T00:57:20Z,New York Knicks,San Antonio Spurs
2026-06-11T00:58:10.660811+00:00,9ea306ebbe68ff94dfa5b88d1e250b37,2026-06-11T00:43:00Z,draftkings,DraftKings,player_points_rebounds,Under,OG Anunoby,24.5,-125,2026-06-11T00:57:20Z,New York Knicks,San Antonio Spurs
2026-06-11T00:58:10.660811+00:00,9ea306ebbe68ff94dfa5b88d1e250b37,2026-06-11T00:43:00Z,draftkings,DraftKings,player_points_rebounds,Over,Karl-Anthony Towns,23.5,-105,2026-06-11T00:57:20Z,New York Knicks,San Antonio Spurs
2026-06-11T00:58:10.660811+00:00,9ea306ebbe68ff94dfa5b88d1e250b37,2026-06-11T00:43:00Z,draftkings,DraftKings,player_points_rebounds,Under,Karl-Anthony Towns,23.5,-125,2026-06-11T00:57:20Z,New York Knicks,San Antonio Spurs
2026-06-11T00:58:10.660811+00:00,9ea306ebbe68ff94dfa5b88d1e250b37,2026-06-11T00:43:00Z,draftkings,DraftKings,player_points_rebounds,Over,Devin Vassell,21.5,-115,2026-06-11T00:57:20Z,New York Knicks,San Antonio Spurs
2026-06-11T00:58:10.660811+00:00,9ea306ebbe68ff94dfa5b88d1e250b37,2026-06-11T00:43:00Z,draftkings,DraftKings,player_points_rebounds,Under,Devin Vassell,21.5,-115,2026-06-11T00:57:20Z,New York Knicks,San Antonio Spurs
2026-06-11T00:58:10.660811+00:00,9ea306ebbe68ff94dfa5b88d1e250b37,2026-06-11T00:43:00Z,draftkings,DraftKings,player_points_rebounds,Over,Josh Hart,20.5,100,2026-06-11T00:57:20Z,New York Knicks,San Antonio Spurs
2026-06-11T00:58:10.660811+00:00,9ea306ebbe68ff94dfa5b88d1e250b37,2026-06-11T00:43:00Z,draftkings,DraftKings,player_points_rebounds,Under,Josh Hart,20.5,-130,2026-06-11T00:57:20Z,New York Knicks,San Antonio Spurs
2026-06-11T00:58:10.660811+00:00,9ea306ebbe68ff94dfa5b88d1e250b37,2026-06-11T00:43:00Z,draftkings,DraftKings,player_points_rebounds,Over,Stephon Castle,19.5,-125,2026-06-11T00:57:20Z,New York Knicks,San Antonio Spurs
2026-06-11T00:58:10.660811+00:00,9ea306ebbe68ff94dfa5b88d1e250b37,2026-06-11T00:43:00Z,draftkings,DraftKings,player_points_rebounds,Under,Stephon Castle,19.5,-105,2026-06-11T00:57:20Z,New York Knicks,San Antonio Spurs
2026-06-11T00:58:10.660811+00:00,9ea306ebbe68ff94dfa5b88d1e250b37,2026-06-11T00:43:00Z,draftkings,DraftKings,player_points_rebounds,Over,Dylan Harper,19.5,-115,2026-06-11T00:57:20Z,New York Knicks,San Antonio Spurs
2026-06-11T00:58:10.660811+00:00,9ea306ebbe68ff94dfa5b88d1e250b37,2026-06-11T00:43:00Z,draftkings,DraftKings,player_points_rebounds,Under,Dylan Harper,19.5,-115,2026-06-11T00:57:20Z,New York Knicks,San Antonio Spurs
2026-06-11T00:58:10.660811+00:00,9ea306ebbe68ff94dfa5b88d1e250b37,2026-06-11T00:43:00Z,draftkings,DraftKings,player_points_rebounds,Over,De'Aaron Fox,17.5,-120,2026-06-11T00:57:20Z,New York Knicks,San Antonio Spurs
2026-06-11T00:58:10.660811+00:00,9ea306ebbe68ff94dfa5b88d1e250b37,2026-06-11T00:43:00Z,draftkings,DraftKings,player_points_rebounds,Under,De'Aaron Fox,17.5,-110,2026-06-11T00:57:20Z,New York Knicks,San Antonio Spurs
2026-06-11T00:58:10.660811+00:00,9ea306ebbe68ff94dfa5b88d1e250b37,2026-06-11T00:43:00Z,draftkings,DraftKings,player_points_rebounds,Over,Mikal Bridges,14.5,-125,2026-06-11T00:57:20Z,New York Knicks,San Antonio Spurs
2026-06-11T00:58:10.660811+00:00,9ea306ebbe68ff94dfa5b88d1e250b37,2026-06-11T00:43:00Z,draftkings,DraftKings,player_points_rebounds,Under,Mikal Bridges,14.5,-105,2026-06-11T00:57:20Z,New York Knicks,San Antonio Spurs
2026-06-11T00:58:10.660811+00:00,9ea306ebbe68ff94dfa5b88d1e250b37,2026-06-11T00:43:00Z,draftkings,DraftKings,player_points_rebounds,Over,Julian Champagnie,14.5,-110,2026-06-11T00:57:20Z,New York Knicks,San Antonio Spurs
2026-06-11T00:58:10.660811+00:00,9ea306ebbe68ff94dfa5b88d1e250b37,2026-06-11T00:43:00Z,draftkings,DraftKings,player_points_rebounds,Under,Julian Champagnie,14.5,-120,2026-06-11T00:57:20Z,New York Knicks,San Antonio Spurs
2026-06-11T00:58:10.660811+00:00,9ea306ebbe68ff94dfa5b88d1e250b37,2026-06-11T00:43:00Z,draftkings,DraftKings,player_points_rebounds,Over,Mitchell Robinson,12.5,-125,2026-06-11T00:57:20Z,New York Knicks,San Antonio Spurs
2026-06-11T00:58:10.660811+00:00,9ea306ebbe68ff94dfa5b88d1e250b37,2026-06-11T00:43:00Z,draftkings,DraftKings,player_points_rebounds,Under,Mitchell Robinson,12.5,-105,2026-06-11T00:57:20Z,New York Knicks,San Antonio Spurs
2026-06-11T00:58:10.660811+00:00,9ea306ebbe68ff94dfa5b88d1e250b37,2026-06-11T00:43:00Z,draftkings,DraftKings,player_points_rebounds_assists,Over,Victor Wembanyama,43.5,-120,2026-06-11T00:57:20Z,New York Knicks,San Antonio Spurs
2026-06-11T00:58:10.660811+00:00,9ea306ebbe68ff94dfa5b88d1e250b37,2026-06-11T00:43:00Z,draftkings,DraftKings,player_points_rebounds_assists,Under,Victor Wembanyama,43.5,-110,2026-06-11T00:57:20Z,New York Knicks,San Antonio Spurs
2026-06-11T00:58:10.660811+00:00,9ea306ebbe68ff94dfa5b88d1e250b37,2026-06-11T00:43:00Z,draftkings,DraftKings,player_points_rebounds_assists,Over,Jalen Brunson,36.5,-120,2026-06-11T00:57:20Z,New York Knicks,San Antonio Spurs
2026-06-11T00:58:10.660811+00:00,9ea306ebbe68ff94dfa5b88d1e250b37,2026-06-11T00:43:00Z,draftkings,DraftKings,player_points_rebounds_assists,Under,Jalen Brunson,36.5,-110,2026-06-11T00:57:20Z,New York Knicks,San Antonio Spurs
2026-06-11T00:58:10.660811+00:00,9ea306ebbe68ff94dfa5b88d1e250b37,2026-06-11T00:43:00Z,draftkings,DraftKings,player_points_rebounds_assists,Over,Stephon Castle,26.5,-125,2026-06-11T00:57:20Z,New York Knicks,San Antonio Spurs
2026-06-11T00:58:10.660811+00:00,9ea306ebbe68ff94dfa5b88d1e250b37,2026-06-11T00:43:00Z,draftkings,DraftKings,player_points_rebounds_assists,Under,Stephon Castle,26.5,-105,2026-06-11T00:57:20Z,New York Knicks,San Antonio Spurs
2026-06-11T00:58:10.660811+00:00,9ea306ebbe68ff94dfa5b88d1e250b37,2026-06-11T00:43:00Z,draftkings,DraftKings,player_points_rebounds_assists,Over,Karl-Anthony Towns,26.5,-105,2026-06-11T00:57:20Z,New York Knicks,San Antonio Spurs
2026-06-11T00:58:10.660811+00:00,9ea306ebbe68ff94dfa5b88d1e250b37,2026-06-11T00:43:00Z,draftkings,DraftKings,player_points_rebounds_assists,Under,Karl-Anthony Towns,26.5,-125,2026-06-11T00:57:20Z,New York Knicks,San Antonio Spurs
2026-06-11T00:58:10.660811+00:00,9ea306ebbe68ff94dfa5b88d1e250b37,2026-06-11T00:43:00Z,draftkings,DraftKings,player_points_rebounds_assists,Over,Josh Hart,25.5,-125,2026-06-11T00:57:20Z,New York Knicks,San Antonio Spurs
2026-06-11T00:58:10.660811+00:00,9ea306ebbe68ff94dfa5b88d1e250b37,2026-06-11T00:43:00Z,draftkings,DraftKings,player_points_rebounds_assists,Under,Josh Hart,25.5,-105,2026-06-11T00:57:20Z,New York Knicks,San Antonio Spurs
2026-06-11T00:58:10.660811+00:00,9ea306ebbe68ff94dfa5b88d1e250b37,2026-06-11T00:43:00Z,draftkings,DraftKings,player_points_rebounds_assists,Over,OG Anunoby,25.5,-125,2026-06-11T00:57:20Z,New York Knicks,San Antonio Spurs
2026-06-11T00:58:10.660811+00:00,9ea306ebbe68ff94dfa5b88d1e250b37,2026-06-11T00:43:00Z,draftkings,DraftKings,player_points_rebounds_assists,Under,OG Anunoby,25.5,-105,2026-06-11T00:57:20Z,New York Knicks,San Antonio Spurs
2026-06-11T00:58:10.660811+00:00,9ea306ebbe68ff94dfa5b88d1e250b37,2026-06-11T00:43:00Z,draftkings,DraftKings,player_points_rebounds_assists,Over,Devin Vassell,23.5,-120,2026-06-11T00:57:20Z,New York Knicks,San Antonio Spurs
2026-06-11T00:58:10.660811+00:00,9ea306ebbe68ff94dfa5b88d1e250b37,2026-06-11T00:43:00Z,draftkings,DraftKings,player_points_rebounds_assists,Under,Devin Vassell,23.5,-110,2026-06-11T00:57:20Z,New York Knicks,San Antonio Spurs
2026-06-11T00:58:10.660811+00:00,9ea306ebbe68ff94dfa5b88d1e250b37,2026-06-11T00:43:00Z,draftkings,DraftKings,player_points_rebounds_assists,Over,De'Aaron Fox,23.5,-105,2026-06-11T00:57:20Z,New York Knicks,San Antonio Spurs
2026-06-11T00:58:10.660811+00:00,9ea306ebbe68ff94dfa5b88d1e250b37,2026-06-11T00:43:00Z,draftkings,DraftKings,player_points_rebounds_assists,Under,De'Aaron Fox,23.5,-125,2026-06-11T00:57:20Z,New York Knicks,San Antonio Spurs
2026-06-11T00:58:10.660811+00:00,9ea306ebbe68ff94dfa5b88d1e250b37,2026-06-11T00:43:00Z,draftkings,DraftKings,player_points_rebounds_assists,Over,Dylan Harper,22.5,-125,2026-06-11T00:57:20Z,New York Knicks,San Antonio Spurs
2026-06-11T00:58:10.660811+00:00,9ea306ebbe68ff94dfa5b88d1e250b37,2026-06-11T00:43:00Z,draftkings,DraftKings,player_points_rebounds_assists,Under,Dylan Harper,22.5,-105,2026-06-11T00:57:20Z,New York Knicks,San Antonio Spurs
2026-06-11T00:58:10.660811+00:00,9ea306ebbe68ff94dfa5b88d1e250b37,2026-06-11T00:43:00Z,draftkings,DraftKings,player_points_rebounds_assists,Over,Mikal Bridges,17.5,-120,2026-06-11T00:57:20Z,New York Knicks,San Antonio Spurs
2026-06-11T00:58:10.660811+00:00,9ea306ebbe68ff94dfa5b88d1e250b37,2026-06-11T00:43:00Z,draftkings,DraftKings,player_points_rebounds_assists,Under,Mikal Bridges,17.5,-110,2026-06-11T00:57:20Z,New York Knicks,San Antonio Spurs
2026-06-11T00:58:10.660811+00:00,9ea306ebbe68ff94dfa5b88d1e250b37,2026-06-11T00:43:00Z,draftkings,DraftKings,player_points_rebounds_assists,Over,Julian Champagnie,15.5,-115,2026-06-11T00:57:20Z,New York Knicks,San Antonio Spurs
2026-06-11T00:58:10.660811+00:00,9ea306ebbe68ff94dfa5b88d1e250b37,2026-06-11T00:43:00Z,draftkings,DraftKings,player_points_rebounds_assists,Under,Julian Champagnie,15.5,-115,2026-06-11T00:57:20Z,New York Knicks,San Antonio Spurs
2026-06-11T00:58:10.660811+00:00,9ea306ebbe68ff94dfa5b88d1e250b37,2026-06-11T00:43:00Z,draftkings,DraftKings,player_points_rebounds_assists,Over,Mitchell Robinson,13.5,-115,2026-06-11T00:57:20Z,New York Knicks,San Antonio Spurs
2026-06-11T00:58:10.660811+00:00,9ea306ebbe68ff94dfa5b88d1e250b37,2026-06-11T00:43:00Z,draftkings,DraftKings,player_points_rebounds_assists,Under,Mitchell Robinson,13.5,-115,2026-06-11T00:57:20Z,New York Knicks,San Antonio Spurs
2026-06-11T00:58:10.660811+00:00,9ea306ebbe68ff94dfa5b88d1e250b37,2026-06-11T00:43:00Z,draftkings,DraftKings,player_rebounds,Over,Victor Wembanyama,11.5,100,2026-06-11T00:57:20Z,New York Knicks,San Antonio Spurs
2026-06-11T00:58:10.660811+00:00,9ea306ebbe68ff94dfa5b88d1e250b37,2026-06-11T00:43:00Z,draftkings,DraftKings,player_rebounds,Under,Victor Wembanyama,11.5,-130,2026-06-11T00:57:20Z,New York Knicks,San Antonio Spurs
2026-06-11T00:58:10.660811+00:00,9ea306ebbe68ff94dfa5b88d1e250b37,2026-06-11T00:43:00Z,draftkings,DraftKings,player_rebounds,Over,Josh Hart,9.5,-145,2026-06-11T00:57:20Z,New York Knicks,San Antonio Spurs
2026-06-11T00:58:10.660811+00:00,9ea306ebbe68ff94dfa5b88d1e250b37,2026-06-11T00:43:00Z,draftkings,DraftKings,player_rebounds,Under,Josh Hart,9.5,114,2026-06-11T00:57:20Z,New York Knicks,San Antonio Spurs
2026-06-11T00:58:10.660811+00:00,9ea306ebbe68ff94dfa5b88d1e250b37,2026-06-11T00:43:00Z,draftkings,DraftKings,player_rebounds,Over,Karl-Anthony Towns,8.5,110,2026-06-11T00:57:20Z,New York Knicks,San Antonio Spurs
2026-06-11T00:58:10.660811+00:00,9ea306ebbe68ff94dfa5b88d1e250b37,2026-06-11T00:43:00Z,draftkings,DraftKings,player_rebounds,Under,Karl-Anthony Towns,8.5,-140,2026-06-11T00:57:20Z,New York Knicks,San Antonio Spurs
2026-06-11T00:58:10.660811+00:00,9ea306ebbe68ff94dfa5b88d1e250b37,2026-06-11T00:43:00Z,draftkings,DraftKings,player_rebounds,Over,Mitchell Robinson,7.5,-135,2026-06-11T00:57:20Z,New York Knicks,San Antonio Spurs
2026-06-11T00:58:10.660811+00:00,9ea306ebbe68ff94dfa5b88d1e250b37,2026-06-11T00:43:00Z,draftkings,DraftKings,player_rebounds,Under,Mitchell Robinson,7.5,105,2026-06-11T00:57:20Z,New York Knicks,San Antonio Spurs
2026-06-11T00:58:10.660811+00:00,9ea306ebbe68ff94dfa5b88d1e250b37,2026-06-11T00:43:00Z,draftkings,DraftKings,player_rebounds,Over,Dylan Harper,5.5,-140,2026-06-11T00:57:20Z,New York Knicks,San Antonio Spurs
2026-06-11T00:58:10.660811+00:00,9ea306ebbe68ff94dfa5b88d1e250b37,2026-06-11T00:43:00Z,draftkings,DraftKings,player_rebounds,Under,Dylan Harper,5.5,110,2026-06-11T00:57:20Z,New York Knicks,San Antonio Spurs
2026-06-11T00:58:10.660811+00:00,9ea306ebbe68ff94dfa5b88d1e250b37,2026-06-11T00:43:00Z,draftkings,DraftKings,player_rebounds,Over,Stephon Castle,5.5,110,2026-06-11T00:57:20Z,New York Knicks,San Antonio Spurs
2026-06-11T00:58:10.660811+00:00,9ea306ebbe68ff94dfa5b88d1e250b37,2026-06-11T00:43:00Z,draftkings,DraftKings,player_rebounds,Under,Stephon Castle,5.5,-140,2026-06-11T00:57:20Z,New York Knicks,San Antonio Spurs
2026-06-11T00:58:10.660811+00:00,9ea306ebbe68ff94dfa5b88d1e250b37,2026-06-11T00:43:00Z,draftkings,DraftKings,player_rebounds,Over,OG Anunoby,4.5,-154,2026-06-11T00:57:20Z,New York Knicks,San Antonio Spurs
2026-06-11T00:58:10.660811+00:00,9ea306ebbe68ff94dfa5b88d1e250b37,2026-06-11T00:43:00Z,draftkings,DraftKings,player_rebounds,Under,OG Anunoby,4.5,120,2026-06-11T00:57:20Z,New York Knicks,San Antonio Spurs
2026-06-11T00:58:10.660811+00:00,9ea306ebbe68ff94dfa5b88d1e250b37,2026-06-11T00:43:00Z,draftkings,DraftKings,player_rebounds,Over,Julian Champagnie,4.5,110,2026-06-11T00:57:20Z,New York Knicks,San Antonio Spurs
2026-06-11T00:58:10.660811+00:00,9ea306ebbe68ff94dfa5b88d1e250b37,2026-06-11T00:43:00Z,draftkings,DraftKings,player_rebounds,Under,Julian Champagnie,4.5,-140,2026-06-11T00:57:20Z,New York Knicks,San Antonio Spurs
2026-06-11T00:58:10.660811+00:00,9ea306ebbe68ff94dfa5b88d1e250b37,2026-06-11T00:43:00Z,draftkings,DraftKings,player_rebounds,Over,Devin Vassell,4.5,114,2026-06-11T00:57:20Z,New York Knicks,San Antonio Spurs
2026-06-11T00:58:10.660811+00:00,9ea306ebbe68ff94dfa5b88d1e250b37,2026-06-11T00:43:00Z,draftkings,DraftKings,player_rebounds,Under,Devin Vassell,4.5,-145,2026-06-11T00:57:20Z,New York Knicks,San Antonio Spurs
2026-06-11T00:58:10.660811+00:00,9ea306ebbe68ff94dfa5b88d1e250b37,2026-06-11T00:43:00Z,draftkings,DraftKings,player_rebounds,Over,Mikal Bridges,3.5,130,2026-06-11T00:57:20Z,New York Knicks,San Antonio Spurs
2026-06-11T00:58:10.660811+00:00,9ea306ebbe68ff94dfa5b88d1e250b37,2026-06-11T00:43:00Z,draftkings,DraftKings,player_rebounds,Under,Mikal Bridges,3.5,-166,2026-06-11T00:57:20Z,New York Knicks,San Antonio Spurs
2026-06-11T00:58:10.660811+00:00,9ea306ebbe68ff94dfa5b88d1e250b37,2026-06-11T00:43:00Z,draftkings,DraftKings,player_rebounds,Over,De'Aaron Fox,2.5,-135,2026-06-11T00:57:20Z,New York Knicks,San Antonio Spurs
2026-06-11T00:58:10.660811+00:00,9ea306ebbe68ff94dfa5b88d1e250b37,2026-06-11T00:43:00Z,draftkings,DraftKings,player_rebounds,Under,De'Aaron Fox,2.5,105,2026-06-11T00:57:20Z,New York Knicks,San Antonio Spurs
2026-06-11T00:58:10.660811+00:00,9ea306ebbe68ff94dfa5b88d1e250b37,2026-06-11T00:43:00Z,draftkings,DraftKings,player_rebounds,Over,Jalen Brunson,2.5,-135,2026-06-11T00:57:20Z,New York Knicks,San Antonio Spurs
2026-06-11T00:58:10.660811+00:00,9ea306ebbe68ff94dfa5b88d1e250b37,2026-06-11T00:43:00Z,draftkings,DraftKings,player_rebounds,Under,Jalen Brunson,2.5,105,2026-06-11T00:57:20Z,New York Knicks,San Antonio Spurs
2026-06-11T00:58:10.660811+00:00,9ea306ebbe68ff94dfa5b88d1e250b37,2026-06-11T00:43:00Z,draftkings,DraftKings,player_rebounds,Over,Keldon Johnson,2.5,-130,2026-06-11T00:57:20Z,New York Knicks,San Antonio Spurs
2026-06-11T00:58:10.660811+00:00,9ea306ebbe68ff94dfa5b88d1e250b37,2026-06-11T00:43:00Z,draftkings,DraftKings,player_rebounds,Under,Keldon Johnson,2.5,100,2026-06-11T00:57:20Z,New York Knicks,San Antonio Spurs
2026-06-11T00:58:10.660811+00:00,9ea306ebbe68ff94dfa5b88d1e250b37,2026-06-11T00:43:00Z,draftkings,DraftKings,player_rebounds,Over,Luke Kornet,1.5,-160,2026-06-11T00:57:20Z,New York Knicks,San Antonio Spurs
2026-06-11T00:58:10.660811+00:00,9ea306ebbe68ff94dfa5b88d1e250b37,2026-06-11T00:43:00Z,draftkings,DraftKings,player_rebounds,Under,Luke Kornet,1.5,124,2026-06-11T00:57:20Z,New York Knicks,San Antonio Spurs
2026-06-11T00:58:10.660811+00:00,9ea306ebbe68ff94dfa5b88d1e250b37,2026-06-11T00:43:00Z,draftkings,DraftKings,player_rebounds,Over,Landry Shamet,1.5,-110,2026-06-11T00:57:20Z,New York Knicks,San Antonio Spurs
2026-06-11T00:58:10.660811+00:00,9ea306ebbe68ff94dfa5b88d1e250b37,2026-06-11T00:43:00Z,draftkings,DraftKings,player_rebounds,Under,Landry Shamet,1.5,-120,2026-06-11T00:57:20Z,New York Knicks,San Antonio Spurs
2026-06-11T00:58:10.660811+00:00,9ea306ebbe68ff94dfa5b88d1e250b37,2026-06-11T00:43:00Z,draftkings,DraftKings,player_rebounds,Over,Jose Alvarado,1.5,130,2026-06-11T00:57:20Z,New York Knicks,San Antonio Spurs
2026-06-11T00:58:10.660811+00:00,9ea306ebbe68ff94dfa5b88d1e250b37,2026-06-11T00:43:00Z,draftkings,DraftKings,player_rebounds,Under,Jose Alvarado,1.5,-166,2026-06-11T00:57:20Z,New York Knicks,San Antonio Spurs
2026-06-11T00:58:10.660811+00:00,9ea306ebbe68ff94dfa5b88d1e250b37,2026-06-11T00:43:00Z,draftkings,DraftKings,player_rebounds,Over,Miles McBride,1.5,145,2026-06-11T00:57:20Z,New York Knicks,San Antonio Spurs
2026-06-11T00:58:10.660811+00:00,9ea306ebbe68ff94dfa5b88d1e250b37,2026-06-11T00:43:00Z,draftkings,DraftKings,player_rebounds,Under,Miles McBride,1.5,-188,2026-06-11T00:57:20Z,New York Knicks,San Antonio Spurs
2026-06-11T00:58:10.660811+00:00,9ea306ebbe68ff94dfa5b88d1e250b37,2026-06-11T00:43:00Z,draftkings,DraftKings,player_rebounds_assists,Over,Josh Hart,15.5,-125,2026-06-11T00:57:20Z,New York Knicks,San Antonio Spurs
2026-06-11T00:58:10.660811+00:00,9ea306ebbe68ff94dfa5b88d1e250b37,2026-06-11T00:43:00Z,draftkings,DraftKings,player_rebounds_assists,Under,Josh Hart,15.5,-105,2026-06-11T00:57:20Z,New York Knicks,San Antonio Spurs
2026-06-11T00:58:10.660811+00:00,9ea306ebbe68ff94dfa5b88d1e250b37,2026-06-11T00:43:00Z,draftkings,DraftKings,player_rebounds_assists,Over,Victor Wembanyama,15.5,-105,2026-06-11T00:57:20Z,New York Knicks,San Antonio Spurs
2026-06-11T00:58:10.660811+00:00,9ea306ebbe68ff94dfa5b88d1e250b37,2026-06-11T00:43:00Z,draftkings,DraftKings,player_rebounds_assists,Under,Victor Wembanyama,15.5,-125,2026-06-11T00:57:20Z,New York Knicks,San Antonio Spurs
2026-06-11T00:58:10.660811+00:00,9ea306ebbe68ff94dfa5b88d1e250b37,2026-06-11T00:43:00Z,draftkings,DraftKings,player_rebounds_assists,Over,Stephon Castle,12.5,105,2026-06-11T00:57:20Z,New York Knicks,San Antonio Spurs
2026-06-11T00:58:10.660811+00:00,9ea306ebbe68ff94dfa5b88d1e250b37,2026-06-11T00:43:00Z,draftkings,DraftKings,player_rebounds_assists,Under,Stephon Castle,12.5,-135,2026-06-11T00:57:20Z,New York Knicks,San Antonio Spurs
2026-06-11T00:58:10.660811+00:00,9ea306ebbe68ff94dfa5b88d1e250b37,2026-06-11T00:43:00Z,draftkings,DraftKings,player_rebounds_assists,Over,Karl-Anthony Towns,11.5,100,2026-06-11T00:57:20Z,New York Knicks,San Antonio Spurs
2026-06-11T00:58:10.660811+00:00,9ea306ebbe68ff94dfa5b88d1e250b37,2026-06-11T00:43:00Z,draftkings,DraftKings,player_rebounds_assists,Under,Karl-Anthony Towns,11.5,-130,2026-06-11T00:57:20Z,New York Knicks,San Antonio Spurs
2026-06-11T00:58:10.660811+00:00,9ea306ebbe68ff94dfa5b88d1e250b37,2026-06-11T00:43:00Z,draftkings,DraftKings,player_rebounds_assists,Over,Jalen Brunson,9.5,100,2026-06-11T00:57:20Z,New York Knicks,San Antonio Spurs
2026-06-11T00:58:10.660811+00:00,9ea306ebbe68ff94dfa5b88d1e250b37,2026-06-11T00:43:00Z,draftkings,DraftKings,player_rebounds_assists,Under,Jalen Brunson,9.5,-130,2026-06-11T00:57:20Z,New York Knicks,San Antonio Spurs
2026-06-11T00:58:10.660811+00:00,9ea306ebbe68ff94dfa5b88d1e250b37,2026-06-11T00:43:00Z,draftkings,DraftKings,player_rebounds_assists,Over,Dylan Harper,9.5,105,2026-06-11T00:57:20Z,New York Knicks,San Antonio Spurs
2026-06-11T00:58:10.660811+00:00,9ea306ebbe68ff94dfa5b88d1e250b37,2026-06-11T00:43:00Z,draftkings,DraftKings,player_rebounds_assists,Under,Dylan Harper,9.5,-135,2026-06-11T00:57:20Z,New York Knicks,San Antonio Spurs
2026-06-11T00:58:10.660811+00:00,9ea306ebbe68ff94dfa5b88d1e250b37,2026-06-11T00:43:00Z,draftkings,DraftKings,player_rebounds_assists,Over,Mitchell Robinson,8.5,-110,2026-06-11T00:57:20Z,New York Knicks,San Antonio Spurs
2026-06-11T00:58:10.660811+00:00,9ea306ebbe68ff94dfa5b88d1e250b37,2026-06-11T00:43:00Z,draftkings,DraftKings,player_rebounds_assists,Under,Mitchell Robinson,8.5,-120,2026-06-11T00:57:20Z,New York Knicks,San Antonio Spurs
2026-06-11T00:58:10.660811+00:00,9ea306ebbe68ff94dfa5b88d1e250b37,2026-06-11T00:43:00Z,draftkings,DraftKings,player_rebounds_assists,Over,De'Aaron Fox,7.5,-140,2026-06-11T00:57:20Z,New York Knicks,San Antonio Spurs
2026-06-11T00:58:10.660811+00:00,9ea306ebbe68ff94dfa5b88d1e250b37,2026-06-11T00:43:00Z,draftkings,DraftKings,player_rebounds_assists,Under,De'Aaron Fox,7.5,110,2026-06-11T00:57:20Z,New York Knicks,San Antonio Spurs
2026-06-11T00:58:10.660811+00:00,9ea306ebbe68ff94dfa5b88d1e250b37,2026-06-11T00:43:00Z,draftkings,DraftKings,player_rebounds_assists,Over,OG Anunoby,6.5,-125,2026-06-11T00:57:20Z,New York Knicks,San Antonio Spurs
2026-06-11T00:58:10.660811+00:00,9ea306ebbe68ff94dfa5b88d1e250b37,2026-06-11T00:43:00Z,draftkings,DraftKings,player_rebounds_assists,Under,OG Anunoby,6.5,-105,2026-06-11T00:57:20Z,New York Knicks,San Antonio Spurs
2026-06-11T00:58:10.660811+00:00,9ea306ebbe68ff94dfa5b88d1e250b37,2026-06-11T00:43:00Z,draftkings,DraftKings,player_rebounds_assists,Over,Devin Vassell,6.5,100,2026-06-11T00:57:20Z,New York Knicks,San Antonio Spurs
2026-06-11T00:58:10.660811+00:00,9ea306ebbe68ff94dfa5b88d1e250b37,2026-06-11T00:43:00Z,draftkings,DraftKings,player_rebounds_assists,Under,Devin Vassell,6.5,-130,2026-06-11T00:57:20Z,New York Knicks,San Antonio Spurs
2026-06-11T00:58:10.660811+00:00,9ea306ebbe68ff94dfa5b88d1e250b37,2026-06-11T00:43:00Z,draftkings,DraftKings,player_steals,Over,Julian Champagnie,1.5,-140,2026-06-11T00:57:20Z,New York Knicks,San Antonio Spurs
2026-06-11T00:58:10.660811+00:00,9ea306ebbe68ff94dfa5b88d1e250b37,2026-06-11T00:43:00Z,draftkings,DraftKings,player_steals,Under,Julian Champagnie,1.5,110,2026-06-11T00:57:20Z,New York Knicks,San Antonio Spurs
2026-06-11T00:58:10.660811+00:00,9ea306ebbe68ff94dfa5b88d1e250b37,2026-06-11T00:43:00Z,draftkings,DraftKings,player_steals,Over,OG Anunoby,1.5,150,2026-06-11T00:57:20Z,New York Knicks,San Antonio Spurs
2026-06-11T00:58:10.660811+00:00,9ea306ebbe68ff94dfa5b88d1e250b37,2026-06-11T00:43:00Z,draftkings,DraftKings,player_steals,Under,OG Anunoby,1.5,-195,2026-06-11T00:57:20Z,New York Knicks,San Antonio Spurs
2026-06-11T00:58:10.660811+00:00,9ea306ebbe68ff94dfa5b88d1e250b37,2026-06-11T00:43:00Z,draftkings,DraftKings,player_steals,Over,Josh Hart,1.5,165,2026-06-11T00:57:20Z,New York Knicks,San Antonio Spurs
2026-06-11T00:58:10.660811+00:00,9ea306ebbe68ff94dfa5b88d1e250b37,2026-06-11T00:43:00Z,draftkings,DraftKings,player_steals,Under,Josh Hart,1.5,-215,2026-06-11T00:57:20Z,New York Knicks,San Antonio Spurs
2026-06-11T00:58:10.660811+00:00,9ea306ebbe68ff94dfa5b88d1e250b37,2026-06-11T00:43:00Z,draftkings,DraftKings,player_steals,Over,Victor Wembanyama,1.5,170,2026-06-11T00:57:20Z,New York Knicks,San Antonio Spurs
2026-06-11T00:58:10.660811+00:00,9ea306ebbe68ff94dfa5b88d1e250b37,2026-06-11T00:43:00Z,draftkings,DraftKings,player_steals,Under,Victor Wembanyama,1.5,-220,2026-06-11T00:57:20Z,New York Knicks,San Antonio Spurs
2026-06-11T00:58:10.660811+00:00,9ea306ebbe68ff94dfa5b88d1e250b37,2026-06-11T00:43:00Z,draftkings,DraftKings,player_threes,Over,Devin Vassell,3.5,-180,2026-06-11T00:57:20Z,New York Knicks,San Antonio Spurs
2026-06-11T00:58:10.660811+00:00,9ea306ebbe68ff94dfa5b88d1e250b37,2026-06-11T00:43:00Z,draftkings,DraftKings,player_threes,Under,Devin Vassell,3.5,140,2026-06-11T00:57:20Z,New York Knicks,San Antonio Spurs
2026-06-11T00:58:10.660811+00:00,9ea306ebbe68ff94dfa5b88d1e250b37,2026-06-11T00:43:00Z,draftkings,DraftKings,player_threes,Over,OG Anunoby,3.5,145,2026-06-11T00:57:20Z,New York Knicks,San Antonio Spurs
2026-06-11T00:58:10.660811+00:00,9ea306ebbe68ff94dfa5b88d1e250b37,2026-06-11T00:43:00Z,draftkings,DraftKings,player_threes,Under,OG Anunoby,3.5,-188,2026-06-11T00:57:20Z,New York Knicks,San Antonio Spurs
2026-06-11T00:58:10.660811+00:00,9ea306ebbe68ff94dfa5b88d1e250b37,2026-06-11T00:43:00Z,draftkings,DraftKings,player_threes,Over,Jalen Brunson,2.5,130,2026-06-11T00:57:20Z,New York Knicks,San Antonio Spurs
2026-06-11T00:58:10.660811+00:00,9ea306ebbe68ff94dfa5b88d1e250b37,2026-06-11T00:43:00Z,draftkings,DraftKings,player_threes,Under,Jalen Brunson,2.5,-166,2026-06-11T00:57:20Z,New York Knicks,San Antonio Spurs
2026-06-11T00:58:10.660811+00:00,9ea306ebbe68ff94dfa5b88d1e250b37,2026-06-11T00:43:00Z,draftkings,DraftKings,player_threes,Over,Victor Wembanyama,1.5,-175,2026-06-11T00:57:20Z,New York Knicks,San Antonio Spurs
2026-06-11T00:58:10.660811+00:00,9ea306ebbe68ff94dfa5b88d1e250b37,2026-06-11T00:43:00Z,draftkings,DraftKings,player_threes,Under,Victor Wembanyama,1.5,135,2026-06-11T00:57:20Z,New York Knicks,San Antonio Spurs
2026-06-11T00:58:10.660811+00:00,9ea306ebbe68ff94dfa5b88d1e250b37,2026-06-11T00:43:00Z,draftkings,DraftKings,player_threes,Over,Julian Champagnie,1.5,-160,2026-06-11T00:57:20Z,New York Knicks,San Antonio Spurs
2026-06-11T00:58:10.660811+00:00,9ea306ebbe68ff94dfa5b88d1e250b37,2026-06-11T00:43:00Z,draftkings,DraftKings,player_threes,Under,Julian Champagnie,1.5,124,2026-06-11T00:57:20Z,New York Knicks,San Antonio Spurs
2026-06-11T00:58:10.660811+00:00,9ea306ebbe68ff94dfa5b88d1e250b37,2026-06-11T00:43:00Z,draftkings,DraftKings,player_threes,Over,Landry Shamet,1.5,-160,2026-06-11T00:57:20Z,New York Knicks,San Antonio Spurs
2026-06-11T00:58:10.660811+00:00,9ea306ebbe68ff94dfa5b88d1e250b37,2026-06-11T00:43:00Z,draftkings,DraftKings,player_threes,Under,Landry Shamet,1.5,124,2026-06-11T00:57:20Z,New York Knicks,San Antonio Spurs
2026-06-11T00:58:10.660811+00:00,9ea306ebbe68ff94dfa5b88d1e250b37,2026-06-11T00:43:00Z,draftkings,DraftKings,player_threes,Over,Josh Hart,1.5,120,2026-06-11T00:57:20Z,New York Knicks,San Antonio Spurs
2026-06-11T00:58:10.660811+00:00,9ea306ebbe68ff94dfa5b88d1e250b37,2026-06-11T00:43:00Z,draftkings,DraftKings,player_threes,Under,Josh Hart,1.5,-154,2026-06-11T00:57:20Z,New York Knicks,San Antonio Spurs
2026-06-11T00:58:10.660811+00:00,9ea306ebbe68ff94dfa5b88d1e250b37,2026-06-11T00:43:00Z,draftkings,DraftKings,player_threes,Over,Mikal Bridges,1.5,130,2026-06-11T00:57:20Z,New York Knicks,San Antonio Spurs
2026-06-11T00:58:10.660811+00:00,9ea306ebbe68ff94dfa5b88d1e250b37,2026-06-11T00:43:00Z,draftkings,DraftKings,player_threes,Under,Mikal Bridges,1.5,-166,2026-06-11T00:57:20Z,New York Knicks,San Antonio Spurs
2026-06-11T00:58:10.660811+00:00,9ea306ebbe68ff94dfa5b88d1e250b37,2026-06-11T00:43:00Z,draftkings,DraftKings,player_threes,Over,Dylan Harper,1.5,154,2026-06-11T00:57:20Z,New York Knicks,San Antonio Spurs
2026-06-11T00:58:10.660811+00:00,9ea306ebbe68ff94dfa5b88d1e250b37,2026-06-11T00:43:00Z,draftkings,DraftKings,player_threes,Under,Dylan Harper,1.5,-200,2026-06-11T00:57:20Z,New York Knicks,San Antonio Spurs
2026-06-11T00:58:10.660811+00:00,9ea306ebbe68ff94dfa5b88d1e250b37,2026-06-11T00:43:00Z,draftkings,DraftKings,player_threes,Over,Stephon Castle,1.5,160,2026-06-11T00:57:20Z,New York Knicks,San Antonio Spurs
2026-06-11T00:58:10.660811+00:00,9ea306ebbe68ff94dfa5b88d1e250b37,2026-06-11T00:43:00Z,draftkings,DraftKings,player_threes,Under,Stephon Castle,1.5,-210,2026-06-11T00:57:20Z,New York Knicks,San Antonio Spurs
2026-06-11T00:58:10.660811+00:00,9ea306ebbe68ff94dfa5b88d1e250b37,2026-06-11T00:43:00Z,draftkings,DraftKings,player_threes,Over,De'Aaron Fox,1.5,165,2026-06-11T00:57:20Z,New York Knicks,San Antonio Spurs
2026-06-11T00:58:10.660811+00:00,9ea306ebbe68ff94dfa5b88d1e250b37,2026-06-11T00:43:00Z,draftkings,DraftKings,player_threes,Under,De'Aaron Fox,1.5,-215,2026-06-11T00:57:20Z,New York Knicks,San Antonio Spurs
2026-06-11T00:58:10.660811+00:00,9ea306ebbe68ff94dfa5b88d1e250b37,2026-06-11T00:43:00Z,draftkings,DraftKings,player_threes,Over,Miles McBride,0.5,-210,2026-06-11T00:57:20Z,New York Knicks,San Antonio Spurs
2026-06-11T00:58:10.660811+00:00,9ea306ebbe68ff94dfa5b88d1e250b37,2026-06-11T00:43:00Z,draftkings,DraftKings,player_threes,Under,Miles McBride,0.5,160,2026-06-11T00:57:20Z,New York Knicks,San Antonio Spurs
2026-06-11T00:58:10.660811+00:00,9ea306ebbe68ff94dfa5b88d1e250b37,2026-06-11T00:43:00Z,draftkings,DraftKings,player_threes,Over,Karl-Anthony Towns,0.5,-188,2026-06-11T00:57:20Z,New York Knicks,San Antonio Spurs
2026-06-11T00:58:10.660811+00:00,9ea306ebbe68ff94dfa5b88d1e250b37,2026-06-11T00:43:00Z,draftkings,DraftKings,player_threes,Under,Karl-Anthony Towns,0.5,145,2026-06-11T00:57:20Z,New York Knicks,San Antonio Spurs
2026-06-11T00:58:10.660811+00:00,9ea306ebbe68ff94dfa5b88d1e250b37,2026-06-11T00:43:00Z,draftkings,DraftKings,player_threes,Over,Keldon Johnson,0.5,100,2026-06-11T00:57:20Z,New York Knicks,San Antonio Spurs
2026-06-11T00:58:10.660811+00:00,9ea306ebbe68ff94dfa5b88d1e250b37,2026-06-11T00:43:00Z,draftkings,DraftKings,player_threes,Under,Keldon Johnson,0.5,-130,2026-06-11T00:57:20Z,New York Knicks,San Antonio Spurs
2026-06-11T00:58:10.660811+00:00,9ea306ebbe68ff94dfa5b88d1e250b37,2026-06-11T00:43:00Z,draftkings,DraftKings,player_threes,Over,Jose Alvarado,0.5,120,2026-06-11T00:57:20Z,New York Knicks,San Antonio Spurs
2026-06-11T00:58:10.660811+00:00,9ea306ebbe68ff94dfa5b88d1e250b37,2026-06-11T00:43:00Z,draftkings,DraftKings,player_threes,Under,Jose Alvarado,0.5,-154,2026-06-11T00:57:20Z,New York Knicks,San Antonio Spurs
2026-06-11T00:58:10.660811+00:00,9ea306ebbe68ff94dfa5b88d1e250b37,2026-06-11T00:43:00Z,draftkings,DraftKings,player_threes,Over,Jordan Clarkson,0.5,175,2026-06-11T00:57:20Z,New York Knicks,San Antonio Spurs
2026-06-11T00:58:10.660811+00:00,9ea306ebbe68ff94dfa5b88d1e250b37,2026-06-11T00:43:00Z,draftkings,DraftKings,player_threes,Under,Jordan Clarkson,0.5,-230,2026-06-11T00:57:20Z,New York Knicks,San Antonio Spurs
2026-06-11T00:58:10.660811+00:00,9ea306ebbe68ff94dfa5b88d1e250b37,2026-06-11T00:43:00Z,draftkings,DraftKings,player_triple_double,Yes,Dylan Harper,,8000,2026-06-11T00:57:20Z,New York Knicks,San Antonio Spurs
2026-06-11T00:58:10.660811+00:00,9ea306ebbe68ff94dfa5b88d1e250b37,2026-06-11T00:43:00Z,draftkings,DraftKings,player_triple_double,Yes,Jalen Brunson,,8000,2026-06-11T00:57:20Z,New York Knicks,San Antonio Spurs
2026-06-11T00:58:10.660811+00:00,9ea306ebbe68ff94dfa5b88d1e250b37,2026-06-11T00:43:00Z,draftkings,DraftKings,player_triple_double,Yes,Karl-Anthony Towns,,6000,2026-06-11T00:57:20Z,New York Knicks,San Antonio Spurs
2026-06-11T00:58:10.660811+00:00,9ea306ebbe68ff94dfa5b88d1e250b37,2026-06-11T00:43:00Z,draftkings,DraftKings,player_triple_double,Yes,Victor Wembanyama,,4500,2026-06-11T00:57:20Z,New York Knicks,San Antonio Spurs
2026-06-11T00:58:10.660811+00:00,9ea306ebbe68ff94dfa5b88d1e250b37,2026-06-11T00:43:00Z,draftkings,DraftKings,player_triple_double,Yes,Stephon Castle,,4000,2026-06-11T00:57:20Z,New York Knicks,San Antonio Spurs
2026-06-11T00:58:10.660811+00:00,9ea306ebbe68ff94dfa5b88d1e250b37,2026-06-11T00:43:00Z,draftkings,DraftKings,player_triple_double,Yes,Josh Hart,,2000,2026-06-11T00:57:20Z,New York Knicks,San Antonio Spurs
2026-06-11T00:58:10.660811+00:00,9ea306ebbe68ff94dfa5b88d1e250b37,2026-06-11T00:43:00Z,williamhill_us,Caesars,player_assists,Over,Stephon Castle,6.5,-129,2026-06-11T00:57:34Z,New York Knicks,San Antonio Spurs
2026-06-11T00:58:10.660811+00:00,9ea306ebbe68ff94dfa5b88d1e250b37,2026-06-11T00:43:00Z,williamhill_us,Caesars,player_assists,Under,Stephon Castle,6.5,-104,2026-06-11T00:57:34Z,New York Knicks,San Antonio Spurs
2026-06-11T00:58:10.660811+00:00,9ea306ebbe68ff94dfa5b88d1e250b37,2026-06-11T00:43:00Z,williamhill_us,Caesars,player_assists,Over,De'Aaron Fox,5.5,103,2026-06-11T00:57:34Z,New York Knicks,San Antonio Spurs
2026-06-11T00:58:10.660811+00:00,9ea306ebbe68ff94dfa5b88d1e250b37,2026-06-11T00:43:00Z,williamhill_us,Caesars,player_assists,Under,De'Aaron Fox,5.5,-137,2026-06-11T00:57:34Z,New York Knicks,San Antonio Spurs
2026-06-11T00:58:10.660811+00:00,9ea306ebbe68ff94dfa5b88d1e250b37,2026-06-11T00:43:00Z,williamhill_us,Caesars,player_assists,Over,Victor Wembanyama,3.5,-150,2026-06-11T00:57:34Z,New York Knicks,San Antonio Spurs
2026-06-11T00:58:10.660811+00:00,9ea306ebbe68ff94dfa5b88d1e250b37,2026-06-11T00:43:00Z,williamhill_us,Caesars,player_assists,Under,Victor Wembanyama,3.5,112,2026-06-11T00:57:34Z,New York Knicks,San Antonio Spurs
2026-06-11T00:58:10.660811+00:00,9ea306ebbe68ff94dfa5b88d1e250b37,2026-06-11T00:43:00Z,williamhill_us,Caesars,player_assists,Over,Jalen Brunson,6.5,-109,2026-06-11T00:57:34Z,New York Knicks,San Antonio Spurs
2026-06-11T00:58:10.660811+00:00,9ea306ebbe68ff94dfa5b88d1e250b37,2026-06-11T00:43:00Z,williamhill_us,Caesars,player_assists,Under,Jalen Brunson,6.5,-122,2026-06-11T00:57:34Z,New York Knicks,San Antonio Spurs
2026-06-11T00:58:10.660811+00:00,9ea306ebbe68ff94dfa5b88d1e250b37,2026-06-11T00:43:00Z,williamhill_us,Caesars,player_assists,Over,Josh Hart,5.5,-102,2026-06-11T00:57:34Z,New York Knicks,San Antonio Spurs
2026-06-11T00:58:10.660811+00:00,9ea306ebbe68ff94dfa5b88d1e250b37,2026-06-11T00:43:00Z,williamhill_us,Caesars,player_assists,Under,Josh Hart,5.5,-132,2026-06-11T00:57:34Z,New York Knicks,San Antonio Spurs
2026-06-11T00:58:10.660811+00:00,9ea306ebbe68ff94dfa5b88d1e250b37,2026-06-11T00:43:00Z,williamhill_us,Caesars,player_assists,Over,Dylan Harper,3.5,123,2026-06-11T00:57:34Z,New York Knicks,San Antonio Spurs
2026-06-11T00:58:10.660811+00:00,9ea306ebbe68ff94dfa5b88d1e250b37,2026-06-11T00:43:00Z,williamhill_us,Caesars,player_assists,Under,Dylan Harper,3.5,-164,2026-06-11T00:57:34Z,New York Knicks,San Antonio Spurs
2026-06-11T00:58:10.660811+00:00,9ea306ebbe68ff94dfa5b88d1e250b37,2026-06-11T00:43:00Z,williamhill_us,Caesars,player_assists,Over,Karl-Anthony Towns,2.5,-159,2026-06-11T00:57:34Z,New York Knicks,San Antonio Spurs
2026-06-11T00:58:10.660811+00:00,9ea306ebbe68ff94dfa5b88d1e250b37,2026-06-11T00:43:00Z,williamhill_us,Caesars,player_assists,Under,Karl-Anthony Towns,2.5,104,2026-06-11T00:57:34Z,New York Knicks,San Antonio Spurs
2026-06-11T00:58:10.660811+00:00,9ea306ebbe68ff94dfa5b88d1e250b37,2026-06-11T00:43:00Z,williamhill_us,Caesars,player_double_double,Yes,Victor Wembanyama,,-280,2026-06-11T00:57:34Z,New York Knicks,San Antonio Spurs
2026-06-11T00:58:10.660811+00:00,9ea306ebbe68ff94dfa5b88d1e250b37,2026-06-11T00:43:00Z,williamhill_us,Caesars,player_double_double,Yes,Josh Hart,,173,2026-06-11T00:57:34Z,New York Knicks,San Antonio Spurs
2026-06-11T00:58:10.660811+00:00,9ea306ebbe68ff94dfa5b88d1e250b37,2026-06-11T00:43:00Z,williamhill_us,Caesars,player_double_double,Yes,Karl-Anthony Towns,,174,2026-06-11T00:57:34Z,New York Knicks,San Antonio Spurs
2026-06-11T00:58:10.660811+00:00,9ea306ebbe68ff94dfa5b88d1e250b37,2026-06-11T00:43:00Z,williamhill_us,Caesars,player_double_double,Yes,Stephon Castle,,425,2026-06-11T00:57:34Z,New York Knicks,San Antonio Spurs
2026-06-11T00:58:10.660811+00:00,9ea306ebbe68ff94dfa5b88d1e250b37,2026-06-11T00:43:00Z,williamhill_us,Caesars,player_double_double,Yes,Jalen Brunson,,525,2026-06-11T00:57:34Z,New York Knicks,San Antonio Spurs
2026-06-11T00:58:10.660811+00:00,9ea306ebbe68ff94dfa5b88d1e250b37,2026-06-11T00:43:00Z,williamhill_us,Caesars,player_double_double,Yes,Dylan Harper,,700,2026-06-11T00:57:34Z,New York Knicks,San Antonio Spurs
2026-06-11T00:58:10.660811+00:00,9ea306ebbe68ff94dfa5b88d1e250b37,2026-06-11T00:43:00Z,williamhill_us,Caesars,player_double_double,Yes,Mitchell Robinson,,900,2026-06-11T00:57:34Z,New York Knicks,San Antonio Spurs
2026-06-11T00:58:10.660811+00:00,9ea306ebbe68ff94dfa5b88d1e250b37,2026-06-11T00:43:00Z,williamhill_us,Caesars,player_double_double,Yes,De'Aaron Fox,,1200,2026-06-11T00:57:34Z,New York Knicks,San Antonio Spurs
2026-06-11T00:58:10.660811+00:00,9ea306ebbe68ff94dfa5b88d1e250b37,2026-06-11T00:43:00Z,williamhill_us,Caesars,player_double_double,Yes,OG Anunoby,,1400,2026-06-11T00:57:34Z,New York Knicks,San Antonio Spurs
2026-06-11T00:58:10.660811+00:00,9ea306ebbe68ff94dfa5b88d1e250b37,2026-06-11T00:43:00Z,williamhill_us,Caesars,player_points,Over,Keldon Johnson,6.5,-114,2026-06-11T00:57:34Z,New York Knicks,San Antonio Spurs
2026-06-11T00:58:10.660811+00:00,9ea306ebbe68ff94dfa5b88d1e250b37,2026-06-11T00:43:00Z,williamhill_us,Caesars,player_points,Under,Keldon Johnson,6.5,-118,2026-06-11T00:57:34Z,New York Knicks,San Antonio Spurs
2026-06-11T00:58:10.660811+00:00,9ea306ebbe68ff94dfa5b88d1e250b37,2026-06-11T00:43:00Z,williamhill_us,Caesars,player_points,Over,Stephon Castle,14.5,-110,2026-06-11T00:57:34Z,New York Knicks,San Antonio Spurs
2026-06-11T00:58:10.660811+00:00,9ea306ebbe68ff94dfa5b88d1e250b37,2026-06-11T00:43:00Z,williamhill_us,Caesars,player_points,Under,Stephon Castle,14.5,-121,2026-06-11T00:57:34Z,New York Knicks,San Antonio Spurs
2026-06-11T00:58:10.660811+00:00,9ea306ebbe68ff94dfa5b88d1e250b37,2026-06-11T00:43:00Z,williamhill_us,Caesars,player_points,Over,Landry Shamet,7.5,-127,2026-06-11T00:57:34Z,New York Knicks,San Antonio Spurs
2026-06-11T00:58:10.660811+00:00,9ea306ebbe68ff94dfa5b88d1e250b37,2026-06-11T00:43:00Z,williamhill_us,Caesars,player_points,Under,Landry Shamet,7.5,-105,2026-06-11T00:57:34Z,New York Knicks,San Antonio Spurs
2026-06-11T00:58:10.660811+00:00,9ea306ebbe68ff94dfa5b88d1e250b37,2026-06-11T00:43:00Z,williamhill_us,Caesars,player_points,Over,Julian Champagnie,10.5,-107,2026-06-11T00:57:34Z,New York Knicks,San Antonio Spurs
2026-06-11T00:58:10.660811+00:00,9ea306ebbe68ff94dfa5b88d1e250b37,2026-06-11T00:43:00Z,williamhill_us,Caesars,player_points,Under,Julian Champagnie,10.5,-125,2026-06-11T00:57:34Z,New York Knicks,San Antonio Spurs
2026-06-11T00:58:10.660811+00:00,9ea306ebbe68ff94dfa5b88d1e250b37,2026-06-11T00:43:00Z,williamhill_us,Caesars,player_points,Over,De'Aaron Fox,14.5,-127,2026-06-11T00:57:34Z,New York Knicks,San Antonio Spurs
2026-06-11T00:58:10.660811+00:00,9ea306ebbe68ff94dfa5b88d1e250b37,2026-06-11T00:43:00Z,williamhill_us,Caesars,player_points,Under,De'Aaron Fox,14.5,-106,2026-06-11T00:57:34Z,New York Knicks,San Antonio Spurs
2026-06-11T00:58:10.660811+00:00,9ea306ebbe68ff94dfa5b88d1e250b37,2026-06-11T00:43:00Z,williamhill_us,Caesars,player_points,Over,OG Anunoby,18.5,-120,2026-06-11T00:57:34Z,New York Knicks,San Antonio Spurs
2026-06-11T00:58:10.660811+00:00,9ea306ebbe68ff94dfa5b88d1e250b37,2026-06-11T00:43:00Z,williamhill_us,Caesars,player_points,Under,OG Anunoby,18.5,-112,2026-06-11T00:57:34Z,New York Knicks,San Antonio Spurs
2026-06-11T00:58:10.660811+00:00,9ea306ebbe68ff94dfa5b88d1e250b37,2026-06-11T00:43:00Z,williamhill_us,Caesars,player_points,Over,Dylan Harper,13.5,-109,2026-06-11T00:57:34Z,New York Knicks,San Antonio Spurs
2026-06-11T00:58:10.660811+00:00,9ea306ebbe68ff94dfa5b88d1e250b37,2026-06-11T00:43:00Z,williamhill_us,Caesars,player_points,Under,Dylan Harper,13.5,-122,2026-06-11T00:57:34Z,New York Knicks,San Antonio Spurs
2026-06-11T00:58:10.660811+00:00,9ea306ebbe68ff94dfa5b88d1e250b37,2026-06-11T00:43:00Z,williamhill_us,Caesars,player_points,Over,Karl-Anthony Towns,14.5,-114,2026-06-11T00:57:34Z,New York Knicks,San Antonio Spurs
2026-06-11T00:58:10.660811+00:00,9ea306ebbe68ff94dfa5b88d1e250b37,2026-06-11T00:43:00Z,williamhill_us,Caesars,player_points,Under,Karl-Anthony Towns,14.5,-118,2026-06-11T00:57:34Z,New York Knicks,San Antonio Spurs
2026-06-11T00:58:10.660811+00:00,9ea306ebbe68ff94dfa5b88d1e250b37,2026-06-11T00:43:00Z,williamhill_us,Caesars,player_points,Over,Mitchell Robinson,4.5,-121,2026-06-11T00:57:34Z,New York Knicks,San Antonio Spurs
2026-06-11T00:58:10.660811+00:00,9ea306ebbe68ff94dfa5b88d1e250b37,2026-06-11T00:43:00Z,williamhill_us,Caesars,player_points,Under,Mitchell Robinson,4.5,-110,2026-06-11T00:57:34Z,New York Knicks,San Antonio Spurs
2026-06-11T00:58:10.660811+00:00,9ea306ebbe68ff94dfa5b88d1e250b37,2026-06-11T00:43:00Z,williamhill_us,Caesars,player_points,Over,Jalen Brunson,26.5,-124,2026-06-11T00:57:34Z,New York Knicks,San Antonio Spurs
2026-06-11T00:58:10.660811+00:00,9ea306ebbe68ff94dfa5b88d1e250b37,2026-06-11T00:43:00Z,williamhill_us,Caesars,player_points,Under,Jalen Brunson,26.5,-107,2026-06-11T00:57:34Z,New York Knicks,San Antonio Spurs
2026-06-11T00:58:10.660811+00:00,9ea306ebbe68ff94dfa5b88d1e250b37,2026-06-11T00:43:00Z,williamhill_us,Caesars,player_points,Over,Devin Vassell,17.5,-114,2026-06-11T00:57:34Z,New York Knicks,San Antonio Spurs
2026-06-11T00:58:10.660811+00:00,9ea306ebbe68ff94dfa5b88d1e250b37,2026-06-11T00:43:00Z,williamhill_us,Caesars,player_points,Under,Devin Vassell,17.5,-117,2026-06-11T00:57:34Z,New York Knicks,San Antonio Spurs
2026-06-11T00:58:10.660811+00:00,9ea306ebbe68ff94dfa5b88d1e250b37,2026-06-11T00:43:00Z,williamhill_us,Caesars,player_points,Over,Josh Hart,9.5,-114,2026-06-11T00:57:34Z,New York Knicks,San Antonio Spurs
2026-06-11T00:58:10.660811+00:00,9ea306ebbe68ff94dfa5b88d1e250b37,2026-06-11T00:43:00Z,williamhill_us,Caesars,player_points,Under,Josh Hart,9.5,-117,2026-06-11T00:57:34Z,New York Knicks,San Antonio Spurs
2026-06-11T00:58:10.660811+00:00,9ea306ebbe68ff94dfa5b88d1e250b37,2026-06-11T00:43:00Z,williamhill_us,Caesars,player_points,Over,Mikal Bridges,11.5,-109,2026-06-11T00:57:34Z,New York Knicks,San Antonio Spurs
2026-06-11T00:58:10.660811+00:00,9ea306ebbe68ff94dfa5b88d1e250b37,2026-06-11T00:43:00Z,williamhill_us,Caesars,player_points,Under,Mikal Bridges,11.5,-122,2026-06-11T00:57:34Z,New York Knicks,San Antonio Spurs
2026-06-11T00:58:10.660811+00:00,9ea306ebbe68ff94dfa5b88d1e250b37,2026-06-11T00:43:00Z,williamhill_us,Caesars,player_points,Over,Victor Wembanyama,28.5,-105,2026-06-11T00:57:34Z,New York Knicks,San Antonio Spurs
2026-06-11T00:58:10.660811+00:00,9ea306ebbe68ff94dfa5b88d1e250b37,2026-06-11T00:43:00Z,williamhill_us,Caesars,player_points,Under,Victor Wembanyama,28.5,-129,2026-06-11T00:57:34Z,New York Knicks,San Antonio Spurs
2026-06-11T00:58:10.660811+00:00,9ea306ebbe68ff94dfa5b88d1e250b37,2026-06-11T00:43:00Z,williamhill_us,Caesars,player_rebounds,Over,Mikal Bridges,3.5,122,2026-06-11T00:57:34Z,New York Knicks,San Antonio Spurs
2026-06-11T00:58:10.660811+00:00,9ea306ebbe68ff94dfa5b88d1e250b37,2026-06-11T00:43:00Z,williamhill_us,Caesars,player_rebounds,Under,Mikal Bridges,3.5,-162,2026-06-11T00:57:34Z,New York Knicks,San Antonio Spurs
2026-06-11T00:58:10.660811+00:00,9ea306ebbe68ff94dfa5b88d1e250b37,2026-06-11T00:43:00Z,williamhill_us,Caesars,player_rebounds,Over,Julian Champagnie,4.5,108,2026-06-11T00:57:34Z,New York Knicks,San Antonio Spurs
2026-06-11T00:58:10.660811+00:00,9ea306ebbe68ff94dfa5b88d1e250b37,2026-06-11T00:43:00Z,williamhill_us,Caesars,player_rebounds,Under,Julian Champagnie,4.5,-143,2026-06-11T00:57:34Z,New York Knicks,San Antonio Spurs
2026-06-11T00:58:10.660811+00:00,9ea306ebbe68ff94dfa5b88d1e250b37,2026-06-11T00:43:00Z,williamhill_us,Caesars,player_rebounds,Over,Victor Wembanyama,11.5,101,2026-06-11T00:57:34Z,New York Knicks,San Antonio Spurs
2026-06-11T00:58:10.660811+00:00,9ea306ebbe68ff94dfa5b88d1e250b37,2026-06-11T00:43:00Z,williamhill_us,Caesars,player_rebounds,Under,Victor Wembanyama,11.5,-134,2026-06-11T00:57:34Z,New York Knicks,San Antonio Spurs
2026-06-11T00:58:10.660811+00:00,9ea306ebbe68ff94dfa5b88d1e250b37,2026-06-11T00:43:00Z,williamhill_us,Caesars,player_rebounds,Over,Devin Vassell,4.5,103,2026-06-11T00:57:34Z,New York Knicks,San Antonio Spurs
2026-06-11T00:58:10.660811+00:00,9ea306ebbe68ff94dfa5b88d1e250b37,2026-06-11T00:43:00Z,williamhill_us,Caesars,player_rebounds,Under,Devin Vassell,4.5,-137,2026-06-11T00:57:34Z,New York Knicks,San Antonio Spurs
2026-06-11T00:58:10.660811+00:00,9ea306ebbe68ff94dfa5b88d1e250b37,2026-06-11T00:43:00Z,williamhill_us,Caesars,player_rebounds,Over,Karl-Anthony Towns,8.5,-103,2026-06-11T00:57:34Z,New York Knicks,San Antonio Spurs
2026-06-11T00:58:10.660811+00:00,9ea306ebbe68ff94dfa5b88d1e250b37,2026-06-11T00:43:00Z,williamhill_us,Caesars,player_rebounds,Under,Karl-Anthony Towns,8.5,-130,2026-06-11T00:57:34Z,New York Knicks,San Antonio Spurs
2026-06-11T00:58:10.660811+00:00,9ea306ebbe68ff94dfa5b88d1e250b37,2026-06-11T00:43:00Z,williamhill_us,Caesars,player_rebounds,Over,Dylan Harper,5.5,-139,2026-06-11T00:57:34Z,New York Knicks,San Antonio Spurs
2026-06-11T00:58:10.660811+00:00,9ea306ebbe68ff94dfa5b88d1e250b37,2026-06-11T00:43:00Z,williamhill_us,Caesars,player_rebounds,Under,Dylan Harper,5.5,105,2026-06-11T00:57:34Z,New York Knicks,San Antonio Spurs
2026-06-11T00:58:10.660811+00:00,9ea306ebbe68ff94dfa5b88d1e250b37,2026-06-11T00:43:00Z,williamhill_us,Caesars,player_rebounds,Over,OG Anunoby,5.5,126,2026-06-11T00:57:34Z,New York Knicks,San Antonio Spurs
2026-06-11T00:58:10.660811+00:00,9ea306ebbe68ff94dfa5b88d1e250b37,2026-06-11T00:43:00Z,williamhill_us,Caesars,player_rebounds,Under,OG Anunoby,5.5,-170,2026-06-11T00:57:34Z,New York Knicks,San Antonio Spurs
2026-06-11T00:58:10.660811+00:00,9ea306ebbe68ff94dfa5b88d1e250b37,2026-06-11T00:43:00Z,williamhill_us,Caesars,player_rebounds,Over,Josh Hart,9.5,-130,2026-06-11T00:57:34Z,New York Knicks,San Antonio Spurs
2026-06-11T00:58:10.660811+00:00,9ea306ebbe68ff94dfa5b88d1e250b37,2026-06-11T00:43:00Z,williamhill_us,Caesars,player_rebounds,Under,Josh Hart,9.5,-103,2026-06-11T00:57:34Z,New York Knicks,San Antonio Spurs
2026-06-11T00:58:10.660811+00:00,9ea306ebbe68ff94dfa5b88d1e250b37,2026-06-11T00:43:00Z,williamhill_us,Caesars,player_rebounds,Over,Mitchell Robinson,7.5,-139,2026-06-11T00:57:34Z,New York Knicks,San Antonio Spurs
2026-06-11T00:58:10.660811+00:00,9ea306ebbe68ff94dfa5b88d1e250b37,2026-06-11T00:43:00Z,williamhill_us,Caesars,player_rebounds,Under,Mitchell Robinson,7.5,105,2026-06-11T00:57:34Z,New York Knicks,San Antonio Spurs
2026-06-11T00:58:10.660811+00:00,9ea306ebbe68ff94dfa5b88d1e250b37,2026-06-11T00:43:00Z,williamhill_us,Caesars,player_rebounds,Over,Stephon Castle,5.5,103,2026-06-11T00:57:34Z,New York Knicks,San Antonio Spurs
2026-06-11T00:58:10.660811+00:00,9ea306ebbe68ff94dfa5b88d1e250b37,2026-06-11T00:43:00Z,williamhill_us,Caesars,player_rebounds,Under,Stephon Castle,5.5,-137,2026-06-11T00:57:34Z,New York Knicks,San Antonio Spurs
2026-06-11T00:58:10.660811+00:00,9ea306ebbe68ff94dfa5b88d1e250b37,2026-06-11T00:43:00Z,williamhill_us,Caesars,player_threes,Over,Julian Champagnie,1.5,-170,2026-06-11T00:57:34Z,New York Knicks,San Antonio Spurs
2026-06-11T00:58:10.660811+00:00,9ea306ebbe68ff94dfa5b88d1e250b37,2026-06-11T00:43:00Z,williamhill_us,Caesars,player_threes,Under,Julian Champagnie,1.5,126,2026-06-11T00:57:34Z,New York Knicks,San Antonio Spurs
2026-06-11T00:58:10.660811+00:00,9ea306ebbe68ff94dfa5b88d1e250b37,2026-06-11T00:43:00Z,williamhill_us,Caesars,player_threes,Over,Victor Wembanyama,1.5,-152,2026-06-11T00:57:34Z,New York Knicks,San Antonio Spurs
2026-06-11T00:58:10.660811+00:00,9ea306ebbe68ff94dfa5b88d1e250b37,2026-06-11T00:43:00Z,williamhill_us,Caesars,player_threes,Under,Victor Wembanyama,1.5,114,2026-06-11T00:57:34Z,New York Knicks,San Antonio Spurs
2026-06-11T00:58:10.660811+00:00,9ea306ebbe68ff94dfa5b88d1e250b37,2026-06-11T00:43:00Z,williamhill_us,Caesars,player_threes,Over,Josh Hart,1.5,127,2026-06-11T00:57:34Z,New York Knicks,San Antonio Spurs
2026-06-11T00:58:10.660811+00:00,9ea306ebbe68ff94dfa5b88d1e250b37,2026-06-11T00:43:00Z,williamhill_us,Caesars,player_threes,Under,Josh Hart,1.5,-170,2026-06-11T00:57:34Z,New York Knicks,San Antonio Spurs
2026-06-11T00:58:10.660811+00:00,9ea306ebbe68ff94dfa5b88d1e250b37,2026-06-11T00:43:00Z,williamhill_us,Caesars,player_threes,Over,Devin Vassell,3.5,-170,2026-06-11T00:57:34Z,New York Knicks,San Antonio Spurs
2026-06-11T00:58:10.660811+00:00,9ea306ebbe68ff94dfa5b88d1e250b37,2026-06-11T00:43:00Z,williamhill_us,Caesars,player_threes,Under,Devin Vassell,3.5,125,2026-06-11T00:57:34Z,New York Knicks,San Antonio Spurs
2026-06-11T00:58:10.660811+00:00,9ea306ebbe68ff94dfa5b88d1e250b37,2026-06-11T00:43:00Z,williamhill_us,Caesars,player_threes,Over,Dylan Harper,1.5,137,2026-06-11T00:57:34Z,New York Knicks,San Antonio Spurs
2026-06-11T00:58:10.660811+00:00,9ea306ebbe68ff94dfa5b88d1e250b37,2026-06-11T00:43:00Z,williamhill_us,Caesars,player_threes,Under,Dylan Harper,1.5,-190,2026-06-11T00:57:34Z,New York Knicks,San Antonio Spurs
2026-06-11T00:58:10.660811+00:00,9ea306ebbe68ff94dfa5b88d1e250b37,2026-06-11T00:43:00Z,williamhill_us,Caesars,player_threes,Over,De'Aaron Fox,1.5,163,2026-06-11T00:57:34Z,New York Knicks,San Antonio Spurs
2026-06-11T00:58:10.660811+00:00,9ea306ebbe68ff94dfa5b88d1e250b37,2026-06-11T00:43:00Z,williamhill_us,Caesars,player_threes,Under,De'Aaron Fox,1.5,-225,2026-06-11T00:57:34Z,New York Knicks,San Antonio Spurs
2026-06-11T00:58:10.660811+00:00,9ea306ebbe68ff94dfa5b88d1e250b37,2026-06-11T00:43:00Z,williamhill_us,Caesars,player_threes,Over,OG Anunoby,2.5,-193,2026-06-11T00:57:34Z,New York Knicks,San Antonio Spurs
2026-06-11T00:58:10.660811+00:00,9ea306ebbe68ff94dfa5b88d1e250b37,2026-06-11T00:43:00Z,williamhill_us,Caesars,player_threes,Under,OG Anunoby,2.5,143,2026-06-11T00:57:34Z,New York Knicks,San Antonio Spurs
2026-06-11T00:58:10.660811+00:00,9ea306ebbe68ff94dfa5b88d1e250b37,2026-06-11T00:43:00Z,williamhill_us,Caesars,player_threes,Over,Jalen Brunson,2.5,123,2026-06-11T00:57:34Z,New York Knicks,San Antonio Spurs
2026-06-11T00:58:10.660811+00:00,9ea306ebbe68ff94dfa5b88d1e250b37,2026-06-11T00:43:00Z,williamhill_us,Caesars,player_threes,Under,Jalen Brunson,2.5,-164,2026-06-11T00:57:34Z,New York Knicks,San Antonio Spurs
2026-06-11T00:58:10.660811+00:00,9ea306ebbe68ff94dfa5b88d1e250b37,2026-06-11T00:43:00Z,williamhill_us,Caesars,player_threes,Over,Landry Shamet,1.5,-154,2026-06-11T00:57:34Z,New York Knicks,San Antonio Spurs
2026-06-11T00:58:10.660811+00:00,9ea306ebbe68ff94dfa5b88d1e250b37,2026-06-11T00:43:00Z,williamhill_us,Caesars,player_threes,Under,Landry Shamet,1.5,115,2026-06-11T00:57:34Z,New York Knicks,San Antonio Spurs
2026-06-11T00:58:10.660811+00:00,9ea306ebbe68ff94dfa5b88d1e250b37,2026-06-11T00:43:00Z,williamhill_us,Caesars,player_threes,Over,Mikal Bridges,1.5,131,2026-06-11T00:57:34Z,New York Knicks,San Antonio Spurs
2026-06-11T00:58:10.660811+00:00,9ea306ebbe68ff94dfa5b88d1e250b37,2026-06-11T00:43:00Z,williamhill_us,Caesars,player_threes,Under,Mikal Bridges,1.5,-176,2026-06-11T00:57:34Z,New York Knicks,San Antonio Spurs
2026-06-11T00:58:10.660811+00:00,9ea306ebbe68ff94dfa5b88d1e250b37,2026-06-11T00:43:00Z,williamhill_us,Caesars,player_threes,Over,Stephon Castle,1.5,163,2026-06-11T00:57:34Z,New York Knicks,San Antonio Spurs
2026-06-11T00:58:10.660811+00:00,9ea306ebbe68ff94dfa5b88d1e250b37,2026-06-11T00:43:00Z,williamhill_us,Caesars,player_threes,Under,Stephon Castle,1.5,-225,2026-06-11T00:57:34Z,New York Knicks,San Antonio Spurs
2026-06-11T00:58:10.660811+00:00,9ea306ebbe68ff94dfa5b88d1e250b37,2026-06-11T00:43:00Z,williamhill_us,Caesars,player_triple_double,Yes,Josh Hart,,2200,2026-06-11T00:57:34Z,New York Knicks,San Antonio Spurs
2026-06-11T00:58:10.660811+00:00,9ea306ebbe68ff94dfa5b88d1e250b37,2026-06-11T00:43:00Z,betmgm,BetMGM,player_assists,Over,OG Anunoby,1.5,-115,2026-06-11T00:57:34Z,New York Knicks,San Antonio Spurs
2026-06-11T00:58:10.660811+00:00,9ea306ebbe68ff94dfa5b88d1e250b37,2026-06-11T00:43:00Z,betmgm,BetMGM,player_assists,Under,OG Anunoby,1.5,-115,2026-06-11T00:57:34Z,New York Knicks,San Antonio Spurs
2026-06-11T00:58:10.660811+00:00,9ea306ebbe68ff94dfa5b88d1e250b37,2026-06-11T00:43:00Z,betmgm,BetMGM,player_assists,Over,Jalen Brunson,6.5,-135,2026-06-11T00:57:34Z,New York Knicks,San Antonio Spurs
2026-06-11T00:58:10.660811+00:00,9ea306ebbe68ff94dfa5b88d1e250b37,2026-06-11T00:43:00Z,betmgm,BetMGM,player_assists,Under,Jalen Brunson,6.5,100,2026-06-11T00:57:34Z,New York Knicks,San Antonio Spurs
2026-06-11T00:58:10.660811+00:00,9ea306ebbe68ff94dfa5b88d1e250b37,2026-06-11T00:43:00Z,betmgm,BetMGM,player_assists,Over,Landry Shamet,1.5,145,2026-06-11T00:57:34Z,New York Knicks,San Antonio Spurs
2026-06-11T00:58:10.660811+00:00,9ea306ebbe68ff94dfa5b88d1e250b37,2026-06-11T00:43:00Z,betmgm,BetMGM,player_assists,Under,Landry Shamet,1.5,-200,2026-06-11T00:57:34Z,New York Knicks,San Antonio Spurs
2026-06-11T00:58:10.660811+00:00,9ea306ebbe68ff94dfa5b88d1e250b37,2026-06-11T00:43:00Z,betmgm,BetMGM,player_assists,Over,Mikal Bridges,2.5,-130,2026-06-11T00:57:34Z,New York Knicks,San Antonio Spurs
2026-06-11T00:58:10.660811+00:00,9ea306ebbe68ff94dfa5b88d1e250b37,2026-06-11T00:43:00Z,betmgm,BetMGM,player_assists,Under,Mikal Bridges,2.5,100,2026-06-11T00:57:34Z,New York Knicks,San Antonio Spurs
2026-06-11T00:58:10.660811+00:00,9ea306ebbe68ff94dfa5b88d1e250b37,2026-06-11T00:43:00Z,betmgm,BetMGM,player_assists,Over,Stephon Castle,6.5,-150,2026-06-11T00:57:34Z,New York Knicks,San Antonio Spurs
2026-06-11T00:58:10.660811+00:00,9ea306ebbe68ff94dfa5b88d1e250b37,2026-06-11T00:43:00Z,betmgm,BetMGM,player_assists,Under,Stephon Castle,6.5,110,2026-06-11T00:57:34Z,New York Knicks,San Antonio Spurs
2026-06-11T00:58:10.660811+00:00,9ea306ebbe68ff94dfa5b88d1e250b37,2026-06-11T00:43:00Z,betmgm,BetMGM,player_assists,Over,De'Aaron Fox,5.5,-105,2026-06-11T00:57:34Z,New York Knicks,San Antonio Spurs
2026-06-11T00:58:10.660811+00:00,9ea306ebbe68ff94dfa5b88d1e250b37,2026-06-11T00:43:00Z,betmgm,BetMGM,player_assists,Under,De'Aaron Fox,5.5,-118,2026-06-11T00:57:34Z,New York Knicks,San Antonio Spurs
2026-06-11T00:58:10.660811+00:00,9ea306ebbe68ff94dfa5b88d1e250b37,2026-06-11T00:43:00Z,betmgm,BetMGM,player_assists,Over,Julian Champagnie,1.5,160,2026-06-11T00:57:34Z,New York Knicks,San Antonio Spurs
2026-06-11T00:58:10.660811+00:00,9ea306ebbe68ff94dfa5b88d1e250b37,2026-06-11T00:43:00Z,betmgm,BetMGM,player_assists,Under,Julian Champagnie,1.5,-220,2026-06-11T00:57:34Z,New York Knicks,San Antonio Spurs
2026-06-11T00:58:10.660811+00:00,9ea306ebbe68ff94dfa5b88d1e250b37,2026-06-11T00:43:00Z,betmgm,BetMGM,player_assists,Over,Dylan Harper,3.5,120,2026-06-11T00:57:34Z,New York Knicks,San Antonio Spurs
2026-06-11T00:58:10.660811+00:00,9ea306ebbe68ff94dfa5b88d1e250b37,2026-06-11T00:43:00Z,betmgm,BetMGM,player_assists,Under,Dylan Harper,3.5,-160,2026-06-11T00:57:34Z,New York Knicks,San Antonio Spurs
2026-06-11T00:58:10.660811+00:00,9ea306ebbe68ff94dfa5b88d1e250b37,2026-06-11T00:43:00Z,betmgm,BetMGM,player_assists,Over,Victor Wembanyama,3.5,-140,2026-06-11T00:57:34Z,New York Knicks,San Antonio Spurs
2026-06-11T00:58:10.660811+00:00,9ea306ebbe68ff94dfa5b88d1e250b37,2026-06-11T00:43:00Z,betmgm,BetMGM,player_assists,Under,Victor Wembanyama,3.5,105,2026-06-11T00:57:34Z,New York Knicks,San Antonio Spurs
2026-06-11T00:58:10.660811+00:00,9ea306ebbe68ff94dfa5b88d1e250b37,2026-06-11T00:43:00Z,betmgm,BetMGM,player_assists,Over,Keldon Johnson,0.5,-120,2026-06-11T00:57:34Z,New York Knicks,San Antonio Spurs
2026-06-11T00:58:10.660811+00:00,9ea306ebbe68ff94dfa5b88d1e250b37,2026-06-11T00:43:00Z,betmgm,BetMGM,player_assists,Under,Keldon Johnson,0.5,-105,2026-06-11T00:57:34Z,New York Knicks,San Antonio Spurs
2026-06-11T00:58:10.660811+00:00,9ea306ebbe68ff94dfa5b88d1e250b37,2026-06-11T00:43:00Z,betmgm,BetMGM,player_assists,Over,Luke Kornet,0.5,125,2026-06-11T00:57:34Z,New York Knicks,San Antonio Spurs
2026-06-11T00:58:10.660811+00:00,9ea306ebbe68ff94dfa5b88d1e250b37,2026-06-11T00:43:00Z,betmgm,BetMGM,player_assists,Under,Luke Kornet,0.5,-165,2026-06-11T00:57:34Z,New York Knicks,San Antonio Spurs
2026-06-11T00:58:10.660811+00:00,9ea306ebbe68ff94dfa5b88d1e250b37,2026-06-11T00:43:00Z,betmgm,BetMGM,player_assists,Over,Josh Hart,5.5,100,2026-06-11T00:57:34Z,New York Knicks,San Antonio Spurs
2026-06-11T00:58:10.660811+00:00,9ea306ebbe68ff94dfa5b88d1e250b37,2026-06-11T00:43:00Z,betmgm,BetMGM,player_assists,Under,Josh Hart,5.5,-140,2026-06-11T00:57:34Z,New York Knicks,San Antonio Spurs
2026-06-11T00:58:10.660811+00:00,9ea306ebbe68ff94dfa5b88d1e250b37,2026-06-11T00:43:00Z,betmgm,BetMGM,player_assists,Over,Devin Vassell,1.5,-175,2026-06-11T00:57:34Z,New York Knicks,San Antonio Spurs
2026-06-11T00:58:10.660811+00:00,9ea306ebbe68ff94dfa5b88d1e250b37,2026-06-11T00:43:00Z,betmgm,BetMGM,player_assists,Under,Devin Vassell,1.5,125,2026-06-11T00:57:34Z,New York Knicks,San Antonio Spurs
2026-06-11T00:58:10.660811+00:00,9ea306ebbe68ff94dfa5b88d1e250b37,2026-06-11T00:43:00Z,betmgm,BetMGM,player_points,Over,Dylan Harper,13.5,-105,2026-06-11T00:57:34Z,New York Knicks,San Antonio Spurs
2026-06-11T00:58:10.660811+00:00,9ea306ebbe68ff94dfa5b88d1e250b37,2026-06-11T00:43:00Z,betmgm,BetMGM,player_points,Under,Dylan Harper,13.5,-120,2026-06-11T00:57:34Z,New York Knicks,San Antonio Spurs
2026-06-11T00:58:10.660811+00:00,9ea306ebbe68ff94dfa5b88d1e250b37,2026-06-11T00:43:00Z,betmgm,BetMGM,player_points,Over,Jalen Brunson,26.5,-118,2026-06-11T00:57:34Z,New York Knicks,San Antonio Spurs
2026-06-11T00:58:10.660811+00:00,9ea306ebbe68ff94dfa5b88d1e250b37,2026-06-11T00:43:00Z,betmgm,BetMGM,player_points,Under,Jalen Brunson,26.5,-115,2026-06-11T00:57:34Z,New York Knicks,San Antonio Spurs
2026-06-11T00:58:10.660811+00:00,9ea306ebbe68ff94dfa5b88d1e250b37,2026-06-11T00:43:00Z,betmgm,BetMGM,player_points,Over,Keldon Johnson,6.5,-120,2026-06-11T00:57:34Z,New York Knicks,San Antonio Spurs
2026-06-11T00:58:10.660811+00:00,9ea306ebbe68ff94dfa5b88d1e250b37,2026-06-11T00:43:00Z,betmgm,BetMGM,player_points,Under,Keldon Johnson,6.5,-110,2026-06-11T00:57:34Z,New York Knicks,San Antonio Spurs
2026-06-11T00:58:10.660811+00:00,9ea306ebbe68ff94dfa5b88d1e250b37,2026-06-11T00:43:00Z,betmgm,BetMGM,player_points,Over,Luke Kornet,1.5,-135,2026-06-11T00:57:34Z,New York Knicks,San Antonio Spurs
2026-06-11T00:58:10.660811+00:00,9ea306ebbe68ff94dfa5b88d1e250b37,2026-06-11T00:43:00Z,betmgm,BetMGM,player_points,Under,Luke Kornet,1.5,100,2026-06-11T00:57:34Z,New York Knicks,San Antonio Spurs
2026-06-11T00:58:10.660811+00:00,9ea306ebbe68ff94dfa5b88d1e250b37,2026-06-11T00:43:00Z,betmgm,BetMGM,player_points,Over,De'Aaron Fox,15.5,-110,2026-06-11T00:57:34Z,New York Knicks,San Antonio Spurs
2026-06-11T00:58:10.660811+00:00,9ea306ebbe68ff94dfa5b88d1e250b37,2026-06-11T00:43:00Z,betmgm,BetMGM,player_points,Under,De'Aaron Fox,15.5,-120,2026-06-11T00:57:34Z,New York Knicks,San Antonio Spurs
2026-06-11T00:58:10.660811+00:00,9ea306ebbe68ff94dfa5b88d1e250b37,2026-06-11T00:43:00Z,betmgm,BetMGM,player_points,Over,Victor Wembanyama,28.5,-110,2026-06-11T00:57:34Z,New York Knicks,San Antonio Spurs
2026-06-11T00:58:10.660811+00:00,9ea306ebbe68ff94dfa5b88d1e250b37,2026-06-11T00:43:00Z,betmgm,BetMGM,player_points,Under,Victor Wembanyama,28.5,-120,2026-06-11T00:57:34Z,New York Knicks,San Antonio Spurs
2026-06-11T00:58:10.660811+00:00,9ea306ebbe68ff94dfa5b88d1e250b37,2026-06-11T00:43:00Z,betmgm,BetMGM,player_points,Over,Josh Hart,9.5,-115,2026-06-11T00:57:34Z,New York Knicks,San Antonio Spurs
2026-06-11T00:58:10.660811+00:00,9ea306ebbe68ff94dfa5b88d1e250b37,2026-06-11T00:43:00Z,betmgm,BetMGM,player_points,Under,Josh Hart,9.5,-115,2026-06-11T00:57:34Z,New York Knicks,San Antonio Spurs
2026-06-11T00:58:10.660811+00:00,9ea306ebbe68ff94dfa5b88d1e250b37,2026-06-11T00:43:00Z,betmgm,BetMGM,player_points,Over,Stephon Castle,14.5,-105,2026-06-11T00:57:34Z,New York Knicks,San Antonio Spurs
2026-06-11T00:58:10.660811+00:00,9ea306ebbe68ff94dfa5b88d1e250b37,2026-06-11T00:43:00Z,betmgm,BetMGM,player_points,Under,Stephon Castle,14.5,-125,2026-06-11T00:57:34Z,New York Knicks,San Antonio Spurs
2026-06-11T00:58:10.660811+00:00,9ea306ebbe68ff94dfa5b88d1e250b37,2026-06-11T00:43:00Z,betmgm,BetMGM,player_points,Over,Devin Vassell,17.5,-105,2026-06-11T00:57:34Z,New York Knicks,San Antonio Spurs
2026-06-11T00:58:10.660811+00:00,9ea306ebbe68ff94dfa5b88d1e250b37,2026-06-11T00:43:00Z,betmgm,BetMGM,player_points,Under,Devin Vassell,17.5,-125,2026-06-11T00:57:34Z,New York Knicks,San Antonio Spurs
2026-06-11T00:58:10.660811+00:00,9ea306ebbe68ff94dfa5b88d1e250b37,2026-06-11T00:43:00Z,betmgm,BetMGM,player_points,Over,Julian Champagnie,10.5,-111,2026-06-11T00:57:34Z,New York Knicks,San Antonio Spurs
2026-06-11T00:58:10.660811+00:00,9ea306ebbe68ff94dfa5b88d1e250b37,2026-06-11T00:43:00Z,betmgm,BetMGM,player_points,Under,Julian Champagnie,10.5,-120,2026-06-11T00:57:34Z,New York Knicks,San Antonio Spurs
2026-06-11T00:58:10.660811+00:00,9ea306ebbe68ff94dfa5b88d1e250b37,2026-06-11T00:43:00Z,betmgm,BetMGM,player_points,Over,Landry Shamet,8.5,-105,2026-06-11T00:57:34Z,New York Knicks,San Antonio Spurs
2026-06-11T00:58:10.660811+00:00,9ea306ebbe68ff94dfa5b88d1e250b37,2026-06-11T00:43:00Z,betmgm,BetMGM,player_points,Under,Landry Shamet,8.5,-125,2026-06-11T00:57:34Z,New York Knicks,San Antonio Spurs
2026-06-11T00:58:10.660811+00:00,9ea306ebbe68ff94dfa5b88d1e250b37,2026-06-11T00:43:00Z,betmgm,BetMGM,player_points,Over,OG Anunoby,20.5,-111,2026-06-11T00:57:34Z,New York Knicks,San Antonio Spurs
2026-06-11T00:58:10.660811+00:00,9ea306ebbe68ff94dfa5b88d1e250b37,2026-06-11T00:43:00Z,betmgm,BetMGM,player_points,Over,Mikal Bridges,10.5,-135,2026-06-11T00:57:34Z,New York Knicks,San Antonio Spurs
2026-06-11T00:58:10.660811+00:00,9ea306ebbe68ff94dfa5b88d1e250b37,2026-06-11T00:43:00Z,betmgm,BetMGM,player_points,Under,Mikal Bridges,10.5,100,2026-06-11T00:57:34Z,New York Knicks,San Antonio Spurs
2026-06-11T00:58:10.660811+00:00,9ea306ebbe68ff94dfa5b88d1e250b37,2026-06-11T00:43:00Z,betmgm,BetMGM,player_rebounds,Over,Devin Vassell,4.5,100,2026-06-11T00:57:34Z,New York Knicks,San Antonio Spurs
2026-06-11T00:58:10.660811+00:00,9ea306ebbe68ff94dfa5b88d1e250b37,2026-06-11T00:43:00Z,betmgm,BetMGM,player_rebounds,Under,Devin Vassell,4.5,-135,2026-06-11T00:57:34Z,New York Knicks,San Antonio Spurs
2026-06-11T00:58:10.660811+00:00,9ea306ebbe68ff94dfa5b88d1e250b37,2026-06-11T00:43:00Z,betmgm,BetMGM,player_rebounds,Over,Victor Wembanyama,11.5,100,2026-06-11T00:57:34Z,New York Knicks,San Antonio Spurs
2026-06-11T00:58:10.660811+00:00,9ea306ebbe68ff94dfa5b88d1e250b37,2026-06-11T00:43:00Z,betmgm,BetMGM,player_rebounds,Under,Victor Wembanyama,11.5,-135,2026-06-11T00:57:34Z,New York Knicks,San Antonio Spurs
2026-06-11T00:58:10.660811+00:00,9ea306ebbe68ff94dfa5b88d1e250b37,2026-06-11T00:43:00Z,betmgm,BetMGM,player_rebounds,Over,Julian Champagnie,4.5,105,2026-06-11T00:57:34Z,New York Knicks,San Antonio Spurs
2026-06-11T00:58:10.660811+00:00,9ea306ebbe68ff94dfa5b88d1e250b37,2026-06-11T00:43:00Z,betmgm,BetMGM,player_rebounds,Under,Julian Champagnie,4.5,-140,2026-06-11T00:57:34Z,New York Knicks,San Antonio Spurs
2026-06-11T00:58:10.660811+00:00,9ea306ebbe68ff94dfa5b88d1e250b37,2026-06-11T00:43:00Z,betmgm,BetMGM,player_rebounds,Over,Stephon Castle,5.5,-105,2026-06-11T00:57:34Z,New York Knicks,San Antonio Spurs
2026-06-11T00:58:10.660811+00:00,9ea306ebbe68ff94dfa5b88d1e250b37,2026-06-11T00:43:00Z,betmgm,BetMGM,player_rebounds,Under,Stephon Castle,5.5,-120,2026-06-11T00:57:34Z,New York Knicks,San Antonio Spurs
2026-06-11T00:58:10.660811+00:00,9ea306ebbe68ff94dfa5b88d1e250b37,2026-06-11T00:43:00Z,betmgm,BetMGM,player_rebounds,Over,Keldon Johnson,2.5,-150,2026-06-11T00:57:34Z,New York Knicks,San Antonio Spurs
2026-06-11T00:58:10.660811+00:00,9ea306ebbe68ff94dfa5b88d1e250b37,2026-06-11T00:43:00Z,betmgm,BetMGM,player_rebounds,Under,Keldon Johnson,2.5,110,2026-06-11T00:57:34Z,New York Knicks,San Antonio Spurs
2026-06-11T00:58:10.660811+00:00,9ea306ebbe68ff94dfa5b88d1e250b37,2026-06-11T00:43:00Z,betmgm,BetMGM,player_rebounds,Over,Dylan Harper,6.5,110,2026-06-11T00:57:34Z,New York Knicks,San Antonio Spurs
2026-06-11T00:58:10.660811+00:00,9ea306ebbe68ff94dfa5b88d1e250b37,2026-06-11T00:43:00Z,betmgm,BetMGM,player_rebounds,Under,Dylan Harper,6.5,-150,2026-06-11T00:57:34Z,New York Knicks,San Antonio Spurs
2026-06-11T00:58:10.660811+00:00,9ea306ebbe68ff94dfa5b88d1e250b37,2026-06-11T00:43:00Z,betmgm,BetMGM,player_rebounds,Over,Luke Kornet,2.5,130,2026-06-11T00:57:34Z,New York Knicks,San Antonio Spurs
2026-06-11T00:58:10.660811+00:00,9ea306ebbe68ff94dfa5b88d1e250b37,2026-06-11T00:43:00Z,betmgm,BetMGM,player_rebounds,Under,Luke Kornet,2.5,-175,2026-06-11T00:57:34Z,New York Knicks,San Antonio Spurs
2026-06-11T00:58:10.660811+00:00,9ea306ebbe68ff94dfa5b88d1e250b37,2026-06-11T00:43:00Z,betmgm,BetMGM,player_rebounds,Over,Jalen Brunson,2.5,-175,2026-06-11T00:57:34Z,New York Knicks,San Antonio Spurs
2026-06-11T00:58:10.660811+00:00,9ea306ebbe68ff94dfa5b88d1e250b37,2026-06-11T00:43:00Z,betmgm,BetMGM,player_rebounds,Under,Jalen Brunson,2.5,130,2026-06-11T00:57:34Z,New York Knicks,San Antonio Spurs
2026-06-11T00:58:10.660811+00:00,9ea306ebbe68ff94dfa5b88d1e250b37,2026-06-11T00:43:00Z,betmgm,BetMGM,player_rebounds,Over,Josh Hart,10.5,100,2026-06-11T00:57:34Z,New York Knicks,San Antonio Spurs
2026-06-11T00:58:10.660811+00:00,9ea306ebbe68ff94dfa5b88d1e250b37,2026-06-11T00:43:00Z,betmgm,BetMGM,player_rebounds,Under,Josh Hart,10.5,-125,2026-06-11T00:57:34Z,New York Knicks,San Antonio Spurs
2026-06-11T00:58:10.660811+00:00,9ea306ebbe68ff94dfa5b88d1e250b37,2026-06-11T00:43:00Z,betmgm,BetMGM,player_rebounds,Over,De'Aaron Fox,2.5,-160,2026-06-11T00:57:34Z,New York Knicks,San Antonio Spurs
2026-06-11T00:58:10.660811+00:00,9ea306ebbe68ff94dfa5b88d1e250b37,2026-06-11T00:43:00Z,betmgm,BetMGM,player_rebounds,Under,De'Aaron Fox,2.5,120,2026-06-11T00:57:34Z,New York Knicks,San Antonio Spurs
2026-06-11T00:58:10.660811+00:00,9ea306ebbe68ff94dfa5b88d1e250b37,2026-06-11T00:43:00Z,betmgm,BetMGM,player_threes,Over,Jalen Brunson,2.5,125,2026-06-11T00:57:34Z,New York Knicks,San Antonio Spurs
2026-06-11T00:58:10.660811+00:00,9ea306ebbe68ff94dfa5b88d1e250b37,2026-06-11T00:43:00Z,betmgm,BetMGM,player_threes,Under,Jalen Brunson,2.5,-165,2026-06-11T00:57:34Z,New York Knicks,San Antonio Spurs
2026-06-11T00:58:10.660811+00:00,9ea306ebbe68ff94dfa5b88d1e250b37,2026-06-11T00:43:00Z,betmgm,BetMGM,player_threes,Over,Josh Hart,1.5,125,2026-06-11T00:57:34Z,New York Knicks,San Antonio Spurs
2026-06-11T00:58:10.660811+00:00,9ea306ebbe68ff94dfa5b88d1e250b37,2026-06-11T00:43:00Z,betmgm,BetMGM,player_threes,Under,Josh Hart,1.5,-165,2026-06-11T00:57:34Z,New York Knicks,San Antonio Spurs
2026-06-11T00:58:10.660811+00:00,9ea306ebbe68ff94dfa5b88d1e250b37,2026-06-11T00:43:00Z,betmgm,BetMGM,player_threes,Over,OG Anunoby,2.5,-200,2026-06-11T00:57:34Z,New York Knicks,San Antonio Spurs
2026-06-11T00:58:10.660811+00:00,9ea306ebbe68ff94dfa5b88d1e250b37,2026-06-11T00:43:00Z,betmgm,BetMGM,player_threes,Under,OG Anunoby,2.5,145,2026-06-11T00:57:34Z,New York Knicks,San Antonio Spurs
2026-06-11T00:58:10.660811+00:00,9ea306ebbe68ff94dfa5b88d1e250b37,2026-06-11T00:43:00Z,betmgm,BetMGM,player_threes,Over,Landry Shamet,1.5,-165,2026-06-11T00:57:34Z,New York Knicks,San Antonio Spurs
2026-06-11T00:58:10.660811+00:00,9ea306ebbe68ff94dfa5b88d1e250b37,2026-06-11T00:43:00Z,betmgm,BetMGM,player_threes,Under,Landry Shamet,1.5,125,2026-06-11T00:57:34Z,New York Knicks,San Antonio Spurs
2026-06-11T00:58:10.660811+00:00,9ea306ebbe68ff94dfa5b88d1e250b37,2026-06-11T00:43:00Z,betmgm,BetMGM,player_threes,Over,Mikal Bridges,1.5,130,2026-06-11T00:57:34Z,New York Knicks,San Antonio Spurs
2026-06-11T00:58:10.660811+00:00,9ea306ebbe68ff94dfa5b88d1e250b37,2026-06-11T00:43:00Z,betmgm,BetMGM,player_threes,Under,Mikal Bridges,1.5,-175,2026-06-11T00:57:34Z,New York Knicks,San Antonio Spurs
2026-06-11T00:58:10.660811+00:00,9ea306ebbe68ff94dfa5b88d1e250b37,2026-06-11T00:43:00Z,betmgm,BetMGM,player_threes,Over,De'Aaron Fox,1.5,160,2026-06-11T00:57:34Z,New York Knicks,San Antonio Spurs
2026-06-11T00:58:10.660811+00:00,9ea306ebbe68ff94dfa5b88d1e250b37,2026-06-11T00:43:00Z,betmgm,BetMGM,player_threes,Under,De'Aaron Fox,1.5,-220,2026-06-11T00:57:34Z,New York Knicks,San Antonio Spurs
2026-06-11T00:58:10.660811+00:00,9ea306ebbe68ff94dfa5b88d1e250b37,2026-06-11T00:43:00Z,betmgm,BetMGM,player_threes,Over,Victor Wembanyama,1.5,-150,2026-06-11T00:57:34Z,New York Knicks,San Antonio Spurs
2026-06-11T00:58:10.660811+00:00,9ea306ebbe68ff94dfa5b88d1e250b37,2026-06-11T00:43:00Z,betmgm,BetMGM,player_threes,Under,Victor Wembanyama,1.5,110,2026-06-11T00:57:34Z,New York Knicks,San Antonio Spurs
2026-06-11T00:58:10.660811+00:00,9ea306ebbe68ff94dfa5b88d1e250b37,2026-06-11T00:43:00Z,betmgm,BetMGM,player_threes,Over,Keldon Johnson,0.5,-120,2026-06-11T00:57:34Z,New York Knicks,San Antonio Spurs
2026-06-11T00:58:10.660811+00:00,9ea306ebbe68ff94dfa5b88d1e250b37,2026-06-11T00:43:00Z,betmgm,BetMGM,player_threes,Under,Keldon Johnson,0.5,-110,2026-06-11T00:57:34Z,New York Knicks,San Antonio Spurs
2026-06-11T00:58:10.660811+00:00,9ea306ebbe68ff94dfa5b88d1e250b37,2026-06-11T00:43:00Z,betmgm,BetMGM,player_threes,Over,Dylan Harper,1.5,140,2026-06-11T00:57:34Z,New York Knicks,San Antonio Spurs
2026-06-11T00:58:10.660811+00:00,9ea306ebbe68ff94dfa5b88d1e250b37,2026-06-11T00:43:00Z,betmgm,BetMGM,player_threes,Under,Dylan Harper,1.5,-200,2026-06-11T00:57:34Z,New York Knicks,San Antonio Spurs
2026-06-11T00:58:10.660811+00:00,9ea306ebbe68ff94dfa5b88d1e250b37,2026-06-11T00:43:00Z,betmgm,BetMGM,player_threes,Over,Devin Vassell,3.5,-200,2026-06-11T00:57:34Z,New York Knicks,San Antonio Spurs
2026-06-11T00:58:10.660811+00:00,9ea306ebbe68ff94dfa5b88d1e250b37,2026-06-11T00:43:00Z,betmgm,BetMGM,player_threes,Under,Devin Vassell,3.5,145,2026-06-11T00:57:34Z,New York Knicks,San Antonio Spurs
2026-06-11T00:58:10.660811+00:00,9ea306ebbe68ff94dfa5b88d1e250b37,2026-06-11T00:43:00Z,betmgm,BetMGM,player_threes,Over,Julian Champagnie,1.5,-175,2026-06-11T00:57:34Z,New York Knicks,San Antonio Spurs
2026-06-11T00:58:10.660811+00:00,9ea306ebbe68ff94dfa5b88d1e250b37,2026-06-11T00:43:00Z,betmgm,BetMGM,player_threes,Under,Julian Champagnie,1.5,130,2026-06-11T00:57:34Z,New York Knicks,San Antonio Spurs
2026-06-11T00:58:10.660811+00:00,9ea306ebbe68ff94dfa5b88d1e250b37,2026-06-11T00:43:00Z,betmgm,BetMGM,player_threes,Over,Stephon Castle,0.5,-250,2026-06-11T00:57:34Z,New York Knicks,San Antonio Spurs
2026-06-11T00:58:10.660811+00:00,9ea306ebbe68ff94dfa5b88d1e250b37,2026-06-11T00:43:00Z,betmgm,BetMGM,player_threes,Under,Stephon Castle,0.5,188,2026-06-11T00:57:34Z,New York Knicks,San Antonio Spurs
2026-06-11T00:58:10.660811+00:00,9ea306ebbe68ff94dfa5b88d1e250b37,2026-06-11T00:43:00Z,bovada,Bovada,player_assists,Over,De'Aaron Fox,5.5,110,2026-06-11T00:54:34Z,New York Knicks,San Antonio Spurs
2026-06-11T00:58:10.660811+00:00,9ea306ebbe68ff94dfa5b88d1e250b37,2026-06-11T00:43:00Z,bovada,Bovada,player_assists,Under,De'Aaron Fox,5.5,-145,2026-06-11T00:54:34Z,New York Knicks,San Antonio Spurs
2026-06-11T00:58:10.660811+00:00,9ea306ebbe68ff94dfa5b88d1e250b37,2026-06-11T00:43:00Z,bovada,Bovada,player_assists,Over,Devin Vassell,1.5,-220,2026-06-11T00:54:34Z,New York Knicks,San Antonio Spurs
2026-06-11T00:58:10.660811+00:00,9ea306ebbe68ff94dfa5b88d1e250b37,2026-06-11T00:43:00Z,bovada,Bovada,player_assists,Under,Devin Vassell,1.5,165,2026-06-11T00:54:34Z,New York Knicks,San Antonio Spurs
2026-06-11T00:58:10.660811+00:00,9ea306ebbe68ff94dfa5b88d1e250b37,2026-06-11T00:43:00Z,bovada,Bovada,player_assists,Over,Dylan Harper,2.5,-175,2026-06-11T00:54:34Z,New York Knicks,San Antonio Spurs
2026-06-11T00:58:10.660811+00:00,9ea306ebbe68ff94dfa5b88d1e250b37,2026-06-11T00:43:00Z,bovada,Bovada,player_assists,Under,Dylan Harper,2.5,135,2026-06-11T00:54:34Z,New York Knicks,San Antonio Spurs
2026-06-11T00:58:10.660811+00:00,9ea306ebbe68ff94dfa5b88d1e250b37,2026-06-11T00:43:00Z,bovada,Bovada,player_assists,Over,Jalen Brunson,5.5,-130,2026-06-11T00:54:34Z,New York Knicks,San Antonio Spurs
2026-06-11T00:58:10.660811+00:00,9ea306ebbe68ff94dfa5b88d1e250b37,2026-06-11T00:43:00Z,bovada,Bovada,player_assists,Under,Jalen Brunson,5.5,100,2026-06-11T00:54:34Z,New York Knicks,San Antonio Spurs
2026-06-11T00:58:10.660811+00:00,9ea306ebbe68ff94dfa5b88d1e250b37,2026-06-11T00:43:00Z,bovada,Bovada,player_assists,Over,Jose Alvarado,1.5,130,2026-06-11T00:54:34Z,New York Knicks,San Antonio Spurs
2026-06-11T00:58:10.660811+00:00,9ea306ebbe68ff94dfa5b88d1e250b37,2026-06-11T00:43:00Z,bovada,Bovada,player_assists,Under,Jose Alvarado,1.5,-170,2026-06-11T00:54:34Z,New York Knicks,San Antonio Spurs
2026-06-11T00:58:10.660811+00:00,9ea306ebbe68ff94dfa5b88d1e250b37,2026-06-11T00:43:00Z,bovada,Bovada,player_assists,Over,Josh Hart,5.5,-105,2026-06-11T00:54:34Z,New York Knicks,San Antonio Spurs
2026-06-11T00:58:10.660811+00:00,9ea306ebbe68ff94dfa5b88d1e250b37,2026-06-11T00:43:00Z,bovada,Bovada,player_assists,Under,Josh Hart,5.5,-125,2026-06-11T00:54:34Z,New York Knicks,San Antonio Spurs
2026-06-11T00:58:10.660811+00:00,9ea306ebbe68ff94dfa5b88d1e250b37,2026-06-11T00:43:00Z,bovada,Bovada,player_assists,Over,Julian Champagnie,0.5,-275,2026-06-11T00:54:34Z,New York Knicks,San Antonio Spurs
2026-06-11T00:58:10.660811+00:00,9ea306ebbe68ff94dfa5b88d1e250b37,2026-06-11T00:43:00Z,bovada,Bovada,player_assists,Under,Julian Champagnie,0.5,200,2026-06-11T00:54:34Z,New York Knicks,San Antonio Spurs
2026-06-11T00:58:10.660811+00:00,9ea306ebbe68ff94dfa5b88d1e250b37,2026-06-11T00:43:00Z,bovada,Bovada,player_assists,Over,Karl-Anthony Towns,2.5,-120,2026-06-11T00:54:34Z,New York Knicks,San Antonio Spurs
2026-06-11T00:58:10.660811+00:00,9ea306ebbe68ff94dfa5b88d1e250b37,2026-06-11T00:43:00Z,bovada,Bovada,player_assists,Under,Karl-Anthony Towns,2.5,-110,2026-06-11T00:54:34Z,New York Knicks,San Antonio Spurs
2026-06-11T00:58:10.660811+00:00,9ea306ebbe68ff94dfa5b88d1e250b37,2026-06-11T00:43:00Z,bovada,Bovada,player_assists,Over,Landry Shamet,1.5,135,2026-06-11T00:54:34Z,New York Knicks,San Antonio Spurs
2026-06-11T00:58:10.660811+00:00,9ea306ebbe68ff94dfa5b88d1e250b37,2026-06-11T00:43:00Z,bovada,Bovada,player_assists,Under,Landry Shamet,1.5,-175,2026-06-11T00:54:34Z,New York Knicks,San Antonio Spurs
2026-06-11T00:58:10.660811+00:00,9ea306ebbe68ff94dfa5b88d1e250b37,2026-06-11T00:43:00Z,bovada,Bovada,player_assists,Over,Mikal Bridges,2.5,-125,2026-06-11T00:54:34Z,New York Knicks,San Antonio Spurs
2026-06-11T00:58:10.660811+00:00,9ea306ebbe68ff94dfa5b88d1e250b37,2026-06-11T00:43:00Z,bovada,Bovada,player_assists,Under,Mikal Bridges,2.5,-105,2026-06-11T00:54:34Z,New York Knicks,San Antonio Spurs
2026-06-11T00:58:10.660811+00:00,9ea306ebbe68ff94dfa5b88d1e250b37,2026-06-11T00:43:00Z,bovada,Bovada,player_assists,Over,OG Anunoby,1.5,-125,2026-06-11T00:54:34Z,New York Knicks,San Antonio Spurs
2026-06-11T00:58:10.660811+00:00,9ea306ebbe68ff94dfa5b88d1e250b37,2026-06-11T00:43:00Z,bovada,Bovada,player_assists,Under,OG Anunoby,1.5,-105,2026-06-11T00:54:34Z,New York Knicks,San Antonio Spurs
2026-06-11T00:58:10.660811+00:00,9ea306ebbe68ff94dfa5b88d1e250b37,2026-06-11T00:43:00Z,bovada,Bovada,player_assists,Over,Stephon Castle,6.5,-135,2026-06-11T00:54:34Z,New York Knicks,San Antonio Spurs
2026-06-11T00:58:10.660811+00:00,9ea306ebbe68ff94dfa5b88d1e250b37,2026-06-11T00:43:00Z,bovada,Bovada,player_assists,Under,Stephon Castle,6.5,105,2026-06-11T00:54:34Z,New York Knicks,San Antonio Spurs
2026-06-11T00:58:10.660811+00:00,9ea306ebbe68ff94dfa5b88d1e250b37,2026-06-11T00:43:00Z,bovada,Bovada,player_assists,Over,Victor Wembanyama,3.5,-125,2026-06-11T00:54:34Z,New York Knicks,San Antonio Spurs
2026-06-11T00:58:10.660811+00:00,9ea306ebbe68ff94dfa5b88d1e250b37,2026-06-11T00:43:00Z,bovada,Bovada,player_assists,Under,Victor Wembanyama,3.5,-105,2026-06-11T00:54:34Z,New York Knicks,San Antonio Spurs
2026-06-11T00:58:10.660811+00:00,9ea306ebbe68ff94dfa5b88d1e250b37,2026-06-11T00:43:00Z,bovada,Bovada,player_points,Over,De'Aaron Fox,15.5,-105,2026-06-11T00:54:34Z,New York Knicks,San Antonio Spurs
2026-06-11T00:58:10.660811+00:00,9ea306ebbe68ff94dfa5b88d1e250b37,2026-06-11T00:43:00Z,bovada,Bovada,player_points,Under,De'Aaron Fox,15.5,-125,2026-06-11T00:54:34Z,New York Knicks,San Antonio Spurs
2026-06-11T00:58:10.660811+00:00,9ea306ebbe68ff94dfa5b88d1e250b37,2026-06-11T00:43:00Z,bovada,Bovada,player_points,Over,Devin Vassell,17.5,-115,2026-06-11T00:54:34Z,New York Knicks,San Antonio Spurs
2026-06-11T00:58:10.660811+00:00,9ea306ebbe68ff94dfa5b88d1e250b37,2026-06-11T00:43:00Z,bovada,Bovada,player_points,Under,Devin Vassell,17.5,-115,2026-06-11T00:54:34Z,New York Knicks,San Antonio Spurs
2026-06-11T00:58:10.660811+00:00,9ea306ebbe68ff94dfa5b88d1e250b37,2026-06-11T00:43:00Z,bovada,Bovada,player_points,Over,Dylan Harper,13.5,-105,2026-06-11T00:54:34Z,New York Knicks,San Antonio Spurs
2026-06-11T00:58:10.660811+00:00,9ea306ebbe68ff94dfa5b88d1e250b37,2026-06-11T00:43:00Z,bovada,Bovada,player_points,Under,Dylan Harper,13.5,-125,2026-06-11T00:54:34Z,New York Knicks,San Antonio Spurs
2026-06-11T00:58:10.660811+00:00,9ea306ebbe68ff94dfa5b88d1e250b37,2026-06-11T00:43:00Z,bovada,Bovada,player_points,Over,Jalen Brunson,26.5,-115,2026-06-11T00:54:34Z,New York Knicks,San Antonio Spurs
2026-06-11T00:58:10.660811+00:00,9ea306ebbe68ff94dfa5b88d1e250b37,2026-06-11T00:43:00Z,bovada,Bovada,player_points,Under,Jalen Brunson,26.5,-115,2026-06-11T00:54:34Z,New York Knicks,San Antonio Spurs
2026-06-11T00:58:10.660811+00:00,9ea306ebbe68ff94dfa5b88d1e250b37,2026-06-11T00:43:00Z,bovada,Bovada,player_points,Over,Jordan Clarkson,2.5,-125,2026-06-11T00:54:34Z,New York Knicks,San Antonio Spurs
2026-06-11T00:58:10.660811+00:00,9ea306ebbe68ff94dfa5b88d1e250b37,2026-06-11T00:43:00Z,bovada,Bovada,player_points,Under,Jordan Clarkson,2.5,-105,2026-06-11T00:54:34Z,New York Knicks,San Antonio Spurs
2026-06-11T00:58:10.660811+00:00,9ea306ebbe68ff94dfa5b88d1e250b37,2026-06-11T00:43:00Z,bovada,Bovada,player_points,Over,Jose Alvarado,2.5,-125,2026-06-11T00:54:34Z,New York Knicks,San Antonio Spurs
2026-06-11T00:58:10.660811+00:00,9ea306ebbe68ff94dfa5b88d1e250b37,2026-06-11T00:43:00Z,bovada,Bovada,player_points,Under,Jose Alvarado,2.5,-105,2026-06-11T00:54:34Z,New York Knicks,San Antonio Spurs
2026-06-11T00:58:10.660811+00:00,9ea306ebbe68ff94dfa5b88d1e250b37,2026-06-11T00:43:00Z,bovada,Bovada,player_points,Over,Josh Hart,9.5,-115,2026-06-11T00:54:34Z,New York Knicks,San Antonio Spurs
2026-06-11T00:58:10.660811+00:00,9ea306ebbe68ff94dfa5b88d1e250b37,2026-06-11T00:43:00Z,bovada,Bovada,player_points,Under,Josh Hart,9.5,-115,2026-06-11T00:54:34Z,New York Knicks,San Antonio Spurs
2026-06-11T00:58:10.660811+00:00,9ea306ebbe68ff94dfa5b88d1e250b37,2026-06-11T00:43:00Z,bovada,Bovada,player_points,Over,Julian Champagnie,10.5,-105,2026-06-11T00:54:34Z,New York Knicks,San Antonio Spurs
2026-06-11T00:58:10.660811+00:00,9ea306ebbe68ff94dfa5b88d1e250b37,2026-06-11T00:43:00Z,bovada,Bovada,player_points,Under,Julian Champagnie,10.5,-125,2026-06-11T00:54:34Z,New York Knicks,San Antonio Spurs
2026-06-11T00:58:10.660811+00:00,9ea306ebbe68ff94dfa5b88d1e250b37,2026-06-11T00:43:00Z,bovada,Bovada,player_points,Over,Karl-Anthony Towns,14.5,-115,2026-06-11T00:54:34Z,New York Knicks,San Antonio Spurs
2026-06-11T00:58:10.660811+00:00,9ea306ebbe68ff94dfa5b88d1e250b37,2026-06-11T00:43:00Z,bovada,Bovada,player_points,Under,Karl-Anthony Towns,14.5,-115,2026-06-11T00:54:34Z,New York Knicks,San Antonio Spurs
2026-06-11T00:58:10.660811+00:00,9ea306ebbe68ff94dfa5b88d1e250b37,2026-06-11T00:43:00Z,bovada,Bovada,player_points,Over,Keldon Johnson,6.5,-105,2026-06-11T00:54:34Z,New York Knicks,San Antonio Spurs
2026-06-11T00:58:10.660811+00:00,9ea306ebbe68ff94dfa5b88d1e250b37,2026-06-11T00:43:00Z,bovada,Bovada,player_points,Under,Keldon Johnson,6.5,-125,2026-06-11T00:54:34Z,New York Knicks,San Antonio Spurs
2026-06-11T00:58:10.660811+00:00,9ea306ebbe68ff94dfa5b88d1e250b37,2026-06-11T00:43:00Z,bovada,Bovada,player_points,Over,Landry Shamet,7.5,-125,2026-06-11T00:54:34Z,New York Knicks,San Antonio Spurs
2026-06-11T00:58:10.660811+00:00,9ea306ebbe68ff94dfa5b88d1e250b37,2026-06-11T00:43:00Z,bovada,Bovada,player_points,Under,Landry Shamet,7.5,-105,2026-06-11T00:54:34Z,New York Knicks,San Antonio Spurs
2026-06-11T00:58:10.660811+00:00,9ea306ebbe68ff94dfa5b88d1e250b37,2026-06-11T00:43:00Z,bovada,Bovada,player_points,Over,Luke Kornet,1.5,-135,2026-06-11T00:54:34Z,New York Knicks,San Antonio Spurs
2026-06-11T00:58:10.660811+00:00,9ea306ebbe68ff94dfa5b88d1e250b37,2026-06-11T00:43:00Z,bovada,Bovada,player_points,Under,Luke Kornet,1.5,105,2026-06-11T00:54:34Z,New York Knicks,San Antonio Spurs
2026-06-11T00:58:10.660811+00:00,9ea306ebbe68ff94dfa5b88d1e250b37,2026-06-11T00:43:00Z,bovada,Bovada,player_points,Over,Mikal Bridges,11.5,-105,2026-06-11T00:54:34Z,New York Knicks,San Antonio Spurs
2026-06-11T00:58:10.660811+00:00,9ea306ebbe68ff94dfa5b88d1e250b37,2026-06-11T00:43:00Z,bovada,Bovada,player_points,Under,Mikal Bridges,11.5,-125,2026-06-11T00:54:34Z,New York Knicks,San Antonio Spurs
2026-06-11T00:58:10.660811+00:00,9ea306ebbe68ff94dfa5b88d1e250b37,2026-06-11T00:43:00Z,bovada,Bovada,player_points,Over,Miles McBride,3.5,-125,2026-06-11T00:54:34Z,New York Knicks,San Antonio Spurs
2026-06-11T00:58:10.660811+00:00,9ea306ebbe68ff94dfa5b88d1e250b37,2026-06-11T00:43:00Z,bovada,Bovada,player_points,Under,Miles McBride,3.5,-105,2026-06-11T00:54:34Z,New York Knicks,San Antonio Spurs
2026-06-11T00:58:10.660811+00:00,9ea306ebbe68ff94dfa5b88d1e250b37,2026-06-11T00:43:00Z,bovada,Bovada,player_points,Over,Mitchell Robinson,4.5,-135,2026-06-11T00:54:34Z,New York Knicks,San Antonio Spurs
2026-06-11T00:58:10.660811+00:00,9ea306ebbe68ff94dfa5b88d1e250b37,2026-06-11T00:43:00Z,bovada,Bovada,player_points,Under,Mitchell Robinson,4.5,105,2026-06-11T00:54:34Z,New York Knicks,San Antonio Spurs
2026-06-11T00:58:10.660811+00:00,9ea306ebbe68ff94dfa5b88d1e250b37,2026-06-11T00:43:00Z,bovada,Bovada,player_points,Over,OG Anunoby,16.5,-105,2026-06-11T00:54:34Z,New York Knicks,San Antonio Spurs
2026-06-11T00:58:10.660811+00:00,9ea306ebbe68ff94dfa5b88d1e250b37,2026-06-11T00:43:00Z,bovada,Bovada,player_points,Under,OG Anunoby,16.5,-125,2026-06-11T00:54:34Z,New York Knicks,San Antonio Spurs
2026-06-11T00:58:10.660811+00:00,9ea306ebbe68ff94dfa5b88d1e250b37,2026-06-11T00:43:00Z,bovada,Bovada,player_points,Over,Stephon Castle,14.5,-115,2026-06-11T00:54:34Z,New York Knicks,San Antonio Spurs
2026-06-11T00:58:10.660811+00:00,9ea306ebbe68ff94dfa5b88d1e250b37,2026-06-11T00:43:00Z,bovada,Bovada,player_points,Under,Stephon Castle,14.5,-115,2026-06-11T00:54:34Z,New York Knicks,San Antonio Spurs
2026-06-11T00:58:10.660811+00:00,9ea306ebbe68ff94dfa5b88d1e250b37,2026-06-11T00:43:00Z,bovada,Bovada,player_points,Over,Victor Wembanyama,25.5,-125,2026-06-11T00:54:34Z,New York Knicks,San Antonio Spurs
2026-06-11T00:58:10.660811+00:00,9ea306ebbe68ff94dfa5b88d1e250b37,2026-06-11T00:43:00Z,bovada,Bovada,player_points,Under,Victor Wembanyama,25.5,-105,2026-06-11T00:54:34Z,New York Knicks,San Antonio Spurs
2026-06-11T00:58:10.660811+00:00,9ea306ebbe68ff94dfa5b88d1e250b37,2026-06-11T00:43:00Z,bovada,Bovada,player_rebounds,Over,De'Aaron Fox,2.5,-155,2026-06-11T00:54:34Z,New York Knicks,San Antonio Spurs
2026-06-11T00:58:10.660811+00:00,9ea306ebbe68ff94dfa5b88d1e250b37,2026-06-11T00:43:00Z,bovada,Bovada,player_rebounds,Under,De'Aaron Fox,2.5,120,2026-06-11T00:54:34Z,New York Knicks,San Antonio Spurs
2026-06-11T00:58:10.660811+00:00,9ea306ebbe68ff94dfa5b88d1e250b37,2026-06-11T00:43:00Z,bovada,Bovada,player_rebounds,Over,Devin Vassell,4.5,-105,2026-06-11T00:54:34Z,New York Knicks,San Antonio Spurs
2026-06-11T00:58:10.660811+00:00,9ea306ebbe68ff94dfa5b88d1e250b37,2026-06-11T00:43:00Z,bovada,Bovada,player_rebounds,Under,Devin Vassell,4.5,-125,2026-06-11T00:54:34Z,New York Knicks,San Antonio Spurs
2026-06-11T00:58:10.660811+00:00,9ea306ebbe68ff94dfa5b88d1e250b37,2026-06-11T00:43:00Z,bovada,Bovada,player_rebounds,Over,Dylan Harper,5.5,-135,2026-06-11T00:54:34Z,New York Knicks,San Antonio Spurs
2026-06-11T00:58:10.660811+00:00,9ea306ebbe68ff94dfa5b88d1e250b37,2026-06-11T00:43:00Z,bovada,Bovada,player_rebounds,Under,Dylan Harper,5.5,105,2026-06-11T00:54:34Z,New York Knicks,San Antonio Spurs
2026-06-11T00:58:10.660811+00:00,9ea306ebbe68ff94dfa5b88d1e250b37,2026-06-11T00:43:00Z,bovada,Bovada,player_rebounds,Over,Jalen Brunson,2.5,-135,2026-06-11T00:54:34Z,New York Knicks,San Antonio Spurs
2026-06-11T00:58:10.660811+00:00,9ea306ebbe68ff94dfa5b88d1e250b37,2026-06-11T00:43:00Z,bovada,Bovada,player_rebounds,Under,Jalen Brunson,2.5,105,2026-06-11T00:54:34Z,New York Knicks,San Antonio Spurs
2026-06-11T00:58:10.660811+00:00,9ea306ebbe68ff94dfa5b88d1e250b37,2026-06-11T00:43:00Z,bovada,Bovada,player_rebounds,Over,Josh Hart,9.5,-135,2026-06-11T00:54:34Z,New York Knicks,San Antonio Spurs
2026-06-11T00:58:10.660811+00:00,9ea306ebbe68ff94dfa5b88d1e250b37,2026-06-11T00:43:00Z,bovada,Bovada,player_rebounds,Under,Josh Hart,9.5,105,2026-06-11T00:54:34Z,New York Knicks,San Antonio Spurs
2026-06-11T00:58:10.660811+00:00,9ea306ebbe68ff94dfa5b88d1e250b37,2026-06-11T00:43:00Z,bovada,Bovada,player_rebounds,Over,Julian Champagnie,4.5,110,2026-06-11T00:54:34Z,New York Knicks,San Antonio Spurs
2026-06-11T00:58:10.660811+00:00,9ea306ebbe68ff94dfa5b88d1e250b37,2026-06-11T00:43:00Z,bovada,Bovada,player_rebounds,Under,Julian Champagnie,4.5,-145,2026-06-11T00:54:34Z,New York Knicks,San Antonio Spurs
2026-06-11T00:58:10.660811+00:00,9ea306ebbe68ff94dfa5b88d1e250b37,2026-06-11T00:43:00Z,bovada,Bovada,player_rebounds,Over,Karl-Anthony Towns,8.5,-105,2026-06-11T00:54:34Z,New York Knicks,San Antonio Spurs
2026-06-11T00:58:10.660811+00:00,9ea306ebbe68ff94dfa5b88d1e250b37,2026-06-11T00:43:00Z,bovada,Bovada,player_rebounds,Under,Karl-Anthony Towns,8.5,-125,2026-06-11T00:54:34Z,New York Knicks,San Antonio Spurs
2026-06-11T00:58:10.660811+00:00,9ea306ebbe68ff94dfa5b88d1e250b37,2026-06-11T00:43:00Z,bovada,Bovada,player_rebounds,Over,Keldon Johnson,2.5,-135,2026-06-11T00:54:34Z,New York Knicks,San Antonio Spurs
2026-06-11T00:58:10.660811+00:00,9ea306ebbe68ff94dfa5b88d1e250b37,2026-06-11T00:43:00Z,bovada,Bovada,player_rebounds,Under,Keldon Johnson,2.5,105,2026-06-11T00:54:34Z,New York Knicks,San Antonio Spurs
2026-06-11T00:58:10.660811+00:00,9ea306ebbe68ff94dfa5b88d1e250b37,2026-06-11T00:43:00Z,bovada,Bovada,player_rebounds,Over,Landry Shamet,1.5,115,2026-06-11T00:54:34Z,New York Knicks,San Antonio Spurs
2026-06-11T00:58:10.660811+00:00,9ea306ebbe68ff94dfa5b88d1e250b37,2026-06-11T00:43:00Z,bovada,Bovada,player_rebounds,Under,Landry Shamet,1.5,-150,2026-06-11T00:54:34Z,New York Knicks,San Antonio Spurs
2026-06-11T00:58:10.660811+00:00,9ea306ebbe68ff94dfa5b88d1e250b37,2026-06-11T00:43:00Z,bovada,Bovada,player_rebounds,Over,Luke Kornet,2.5,130,2026-06-11T00:54:34Z,New York Knicks,San Antonio Spurs
2026-06-11T00:58:10.660811+00:00,9ea306ebbe68ff94dfa5b88d1e250b37,2026-06-11T00:43:00Z,bovada,Bovada,player_rebounds,Under,Luke Kornet,2.5,-170,2026-06-11T00:54:34Z,New York Knicks,San Antonio Spurs
2026-06-11T00:58:10.660811+00:00,9ea306ebbe68ff94dfa5b88d1e250b37,2026-06-11T00:43:00Z,bovada,Bovada,player_rebounds,Over,Mikal Bridges,2.5,-170,2026-06-11T00:54:34Z,New York Knicks,San Antonio Spurs
2026-06-11T00:58:10.660811+00:00,9ea306ebbe68ff94dfa5b88d1e250b37,2026-06-11T00:43:00Z,bovada,Bovada,player_rebounds,Under,Mikal Bridges,2.5,130,2026-06-11T00:54:34Z,New York Knicks,San Antonio Spurs
2026-06-11T00:58:10.660811+00:00,9ea306ebbe68ff94dfa5b88d1e250b37,2026-06-11T00:43:00Z,bovada,Bovada,player_rebounds,Over,Mitchell Robinson,6.5,110,2026-06-11T00:54:34Z,New York Knicks,San Antonio Spurs
2026-06-11T00:58:10.660811+00:00,9ea306ebbe68ff94dfa5b88d1e250b37,2026-06-11T00:43:00Z,bovada,Bovada,player_rebounds,Under,Mitchell Robinson,6.5,-145,2026-06-11T00:54:34Z,New York Knicks,San Antonio Spurs
2026-06-11T00:58:10.660811+00:00,9ea306ebbe68ff94dfa5b88d1e250b37,2026-06-11T00:43:00Z,bovada,Bovada,player_rebounds,Over,OG Anunoby,4.5,-135,2026-06-11T00:54:34Z,New York Knicks,San Antonio Spurs
2026-06-11T00:58:10.660811+00:00,9ea306ebbe68ff94dfa5b88d1e250b37,2026-06-11T00:43:00Z,bovada,Bovada,player_rebounds,Under,OG Anunoby,4.5,105,2026-06-11T00:54:34Z,New York Knicks,San Antonio Spurs
2026-06-11T00:58:10.660811+00:00,9ea306ebbe68ff94dfa5b88d1e250b37,2026-06-11T00:43:00Z,bovada,Bovada,player_rebounds,Over,Stephon Castle,5.5,-105,2026-06-11T00:54:34Z,New York Knicks,San Antonio Spurs
2026-06-11T00:58:10.660811+00:00,9ea306ebbe68ff94dfa5b88d1e250b37,2026-06-11T00:43:00Z,bovada,Bovada,player_rebounds,Under,Stephon Castle,5.5,-125,2026-06-11T00:54:34Z,New York Knicks,San Antonio Spurs
2026-06-11T00:58:10.660811+00:00,9ea306ebbe68ff94dfa5b88d1e250b37,2026-06-11T00:43:00Z,bovada,Bovada,player_rebounds,Over,Victor Wembanyama,11.5,-105,2026-06-11T00:54:34Z,New York Knicks,San Antonio Spurs
2026-06-11T00:58:10.660811+00:00,9ea306ebbe68ff94dfa5b88d1e250b37,2026-06-11T00:43:00Z,bovada,Bovada,player_rebounds,Under,Victor Wembanyama,11.5,-125,2026-06-11T00:54:34Z,New York Knicks,San Antonio Spurs
2026-06-11T00:58:10.660811+00:00,9ea306ebbe68ff94dfa5b88d1e250b37,2026-06-11T00:43:00Z,bovada,Bovada,player_threes,Over,De'Aaron Fox,1.5,165,2026-06-11T00:54:34Z,New York Knicks,San Antonio Spurs
2026-06-11T00:58:10.660811+00:00,9ea306ebbe68ff94dfa5b88d1e250b37,2026-06-11T00:43:00Z,bovada,Bovada,player_threes,Under,De'Aaron Fox,1.5,-220,2026-06-11T00:54:34Z,New York Knicks,San Antonio Spurs
2026-06-11T00:58:10.660811+00:00,9ea306ebbe68ff94dfa5b88d1e250b37,2026-06-11T00:43:00Z,bovada,Bovada,player_threes,Over,Devin Vassell,4.5,150,2026-06-11T00:54:34Z,New York Knicks,San Antonio Spurs
2026-06-11T00:58:10.660811+00:00,9ea306ebbe68ff94dfa5b88d1e250b37,2026-06-11T00:43:00Z,bovada,Bovada,player_threes,Under,Devin Vassell,4.5,-200,2026-06-11T00:54:34Z,New York Knicks,San Antonio Spurs
2026-06-11T00:58:10.660811+00:00,9ea306ebbe68ff94dfa5b88d1e250b37,2026-06-11T00:43:00Z,bovada,Bovada,player_threes,Over,Jalen Brunson,2.5,140,2026-06-11T00:54:34Z,New York Knicks,San Antonio Spurs
2026-06-11T00:58:10.660811+00:00,9ea306ebbe68ff94dfa5b88d1e250b37,2026-06-11T00:43:00Z,bovada,Bovada,player_threes,Under,Jalen Brunson,2.5,-185,2026-06-11T00:54:34Z,New York Knicks,San Antonio Spurs
2026-06-11T00:58:10.660811+00:00,9ea306ebbe68ff94dfa5b88d1e250b37,2026-06-11T00:43:00Z,bovada,Bovada,player_threes,Over,Josh Hart,1.5,120,2026-06-11T00:54:34Z,New York Knicks,San Antonio Spurs
2026-06-11T00:58:10.660811+00:00,9ea306ebbe68ff94dfa5b88d1e250b37,2026-06-11T00:43:00Z,bovada,Bovada,player_threes,Under,Josh Hart,1.5,-155,2026-06-11T00:54:34Z,New York Knicks,San Antonio Spurs
2026-06-11T00:58:10.660811+00:00,9ea306ebbe68ff94dfa5b88d1e250b37,2026-06-11T00:43:00Z,bovada,Bovada,player_threes,Over,Julian Champagnie,1.5,-185,2026-06-11T00:54:34Z,New York Knicks,San Antonio Spurs
2026-06-11T00:58:10.660811+00:00,9ea306ebbe68ff94dfa5b88d1e250b37,2026-06-11T00:43:00Z,bovada,Bovada,player_threes,Under,Julian Champagnie,1.5,140,2026-06-11T00:54:34Z,New York Knicks,San Antonio Spurs
2026-06-11T00:58:10.660811+00:00,9ea306ebbe68ff94dfa5b88d1e250b37,2026-06-11T00:43:00Z,bovada,Bovada,player_threes,Over,Karl-Anthony Towns,1.5,180,2026-06-11T00:54:34Z,New York Knicks,San Antonio Spurs
2026-06-11T00:58:10.660811+00:00,9ea306ebbe68ff94dfa5b88d1e250b37,2026-06-11T00:43:00Z,bovada,Bovada,player_threes,Under,Karl-Anthony Towns,1.5,-240,2026-06-11T00:54:34Z,New York Knicks,San Antonio Spurs
2026-06-11T00:58:10.660811+00:00,9ea306ebbe68ff94dfa5b88d1e250b37,2026-06-11T00:43:00Z,bovada,Bovada,player_threes,Over,Keldon Johnson,0.5,-115,2026-06-11T00:54:34Z,New York Knicks,San Antonio Spurs
2026-06-11T00:58:10.660811+00:00,9ea306ebbe68ff94dfa5b88d1e250b37,2026-06-11T00:43:00Z,bovada,Bovada,player_threes,Under,Keldon Johnson,0.5,-115,2026-06-11T00:54:34Z,New York Knicks,San Antonio Spurs
2026-06-11T00:58:10.660811+00:00,9ea306ebbe68ff94dfa5b88d1e250b37,2026-06-11T00:43:00Z,bovada,Bovada,player_threes,Over,Landry Shamet,1.5,-155,2026-06-11T00:54:34Z,New York Knicks,San Antonio Spurs
2026-06-11T00:58:10.660811+00:00,9ea306ebbe68ff94dfa5b88d1e250b37,2026-06-11T00:43:00Z,bovada,Bovada,player_threes,Under,Landry Shamet,1.5,120,2026-06-11T00:54:34Z,New York Knicks,San Antonio Spurs
2026-06-11T00:58:10.660811+00:00,9ea306ebbe68ff94dfa5b88d1e250b37,2026-06-11T00:43:00Z,bovada,Bovada,player_threes,Over,Mikal Bridges,1.5,120,2026-06-11T00:54:34Z,New York Knicks,San Antonio Spurs
2026-06-11T00:58:10.660811+00:00,9ea306ebbe68ff94dfa5b88d1e250b37,2026-06-11T00:43:00Z,bovada,Bovada,player_threes,Under,Mikal Bridges,1.5,-155,2026-06-11T00:54:34Z,New York Knicks,San Antonio Spurs
2026-06-11T00:58:10.660811+00:00,9ea306ebbe68ff94dfa5b88d1e250b37,2026-06-11T00:43:00Z,bovada,Bovada,player_threes,Over,Miles McBride,0.5,-185,2026-06-11T00:54:34Z,New York Knicks,San Antonio Spurs
2026-06-11T00:58:10.660811+00:00,9ea306ebbe68ff94dfa5b88d1e250b37,2026-06-11T00:43:00Z,bovada,Bovada,player_threes,Under,Miles McBride,0.5,140,2026-06-11T00:54:34Z,New York Knicks,San Antonio Spurs
2026-06-11T00:58:10.660811+00:00,9ea306ebbe68ff94dfa5b88d1e250b37,2026-06-11T00:43:00Z,bovada,Bovada,player_threes,Over,OG Anunoby,2.5,150,2026-06-11T00:54:34Z,New York Knicks,San Antonio Spurs
2026-06-11T00:58:10.660811+00:00,9ea306ebbe68ff94dfa5b88d1e250b37,2026-06-11T00:43:00Z,bovada,Bovada,player_threes,Under,OG Anunoby,2.5,-200,2026-06-11T00:54:34Z,New York Knicks,San Antonio Spurs
2026-06-11T00:58:10.660811+00:00,9ea306ebbe68ff94dfa5b88d1e250b37,2026-06-11T00:43:00Z,bovada,Bovada,player_threes,Over,Stephon Castle,1.5,165,2026-06-11T00:54:34Z,New York Knicks,San Antonio Spurs
2026-06-11T00:58:10.660811+00:00,9ea306ebbe68ff94dfa5b88d1e250b37,2026-06-11T00:43:00Z,bovada,Bovada,player_threes,Under,Stephon Castle,1.5,-220,2026-06-11T00:54:34Z,New York Knicks,San Antonio Spurs
2026-06-11T00:58:10.660811+00:00,9ea306ebbe68ff94dfa5b88d1e250b37,2026-06-11T00:43:00Z,bovada,Bovada,player_threes,Over,Victor Wembanyama,1.5,-145,2026-06-11T00:54:34Z,New York Knicks,San Antonio Spurs
2026-06-11T00:58:10.660811+00:00,9ea306ebbe68ff94dfa5b88d1e250b37,2026-06-11T00:43:00Z,bovada,Bovada,player_threes,Under,Victor Wembanyama,1.5,110,2026-06-11T00:54:34Z,New York Knicks,San Antonio Spurs
