date,snapshot_ts,player_id,player_name,team,stat,side,line,price,implied_prob,model_prob,model_prob_raw,edge,ev,bookmaker,bookmaker_title,commence_time,home_team,away_team
2026-06-05,2026-06-05T14:55:22.492838+00:00,1642264,Stephon Castle,SAS,ast,OVER,7.5,170,0.37037037037037035,0.43646114402256797,0.8109755280516878,0.06609077365219762,0.17844508886093347,bovada,Bovada,2026-06-06T00:40:00Z,San Antonio Spurs,New York Knicks
2026-06-05,2026-06-05T14:55:22.492838+00:00,1628404,Josh Hart,NYK,ast,UNDER,4.5,116,0.46296296296296297,0.5344544863910723,0.9395731191503585,0.07149152342810933,0.1544216906047161,betrivers,BetRivers,2026-06-06T00:40:00Z,San Antonio Spurs,New York Knicks
2026-06-05,2026-06-05T14:55:22.492838+00:00,1628436,Luke Kornet,SAS,ast,OVER,0.5,106,0.4854368932038835,0.5575776141646519,0.9663750329423394,0.0721407209607684,0.14860988517918294,draftkings,DraftKings,2026-06-06T00:40:00Z,San Antonio Spurs,New York Knicks
2026-06-05,2026-06-05T14:55:22.492838+00:00,1628436,Luke Kornet,SAS,ast,OVER,0.5,105,0.4878048780487805,0.5595904012828143,0.9663750329423394,0.07178552323403387,0.1471603226297694,bovada,Bovada,2026-06-06T00:40:00Z,San Antonio Spurs,New York Knicks
2026-06-05,2026-06-05T14:55:22.492838+00:00,1628404,Josh Hart,NYK,ast,UNDER,4.5,110,0.47619047619047616,0.5456978726344585,0.9395731191503585,0.0695073964439823,0.14596553253236277,bovada,Bovada,2026-06-06T00:40:00Z,San Antonio Spurs,New York Knicks
2026-06-05,2026-06-05T14:55:22.492838+00:00,1628404,Josh Hart,NYK,ast,UNDER,4.5,108,0.4807692307692308,0.5495898140264,0.9395731191503585,0.06882058325716917,0.14314681317491196,draftkings,DraftKings,2026-06-06T00:40:00Z,San Antonio Spurs,New York Knicks
2026-06-05,2026-06-05T14:55:22.492838+00:00,1628404,Josh Hart,NYK,ast,UNDER,4.5,107,0.4830917874396135,0.5515639871962252,0.9395731191503585,0.06847219975661173,0.14173745349618627,williamhill_us,Caesars,2026-06-06T00:40:00Z,San Antonio Spurs,New York Knicks
2026-06-05,2026-06-05T14:55:22.492838+00:00,1628404,Josh Hart,NYK,ast,UNDER,4.5,102,0.49504950495049505,0.5617280470804745,0.9395731191503585,0.06667854212997948,0.1346906551025585,fanduel,FanDuel,2026-06-06T00:40:00Z,San Antonio Spurs,New York Knicks
2026-06-05,2026-06-05T14:55:22.492838+00:00,1642264,Stephon Castle,SAS,ast,OVER,6.5,100,0.5,0.5604103306122624,0.9027355374150827,0.06041033061226242,0.12082066122452484,fanduel,FanDuel,2026-06-06T00:40:00Z,San Antonio Spurs,New York Knicks
2026-06-05,2026-06-05T14:55:22.492838+00:00,1642264,Stephon Castle,SAS,ast,OVER,6.5,-104,0.5098039215686274,0.5687436639455957,0.9027355374150827,0.05893974237696831,0.11561257158559157,draftkings,DraftKings,2026-06-06T00:40:00Z,San Antonio Spurs,New York Knicks
2026-06-05,2026-06-05T14:55:22.492838+00:00,1642264,Stephon Castle,SAS,ast,OVER,6.5,-105,0.5121951219512195,0.570776184270799,0.9027355374150827,0.05858106231957949,0.11437255024298854,bovada,Bovada,2026-06-06T00:40:00Z,San Antonio Spurs,New York Knicks
2026-06-05,2026-06-05T14:55:22.492838+00:00,1641705,Victor Wembanyama,SAS,ast,OVER,3.5,131,0.4329004329004329,0.4819457725201079,0.7598693636982661,0.049045339619675,0.11329473452144934,williamhill_us,Caesars,2026-06-06T00:40:00Z,San Antonio Spurs,New York Knicks
2026-06-05,2026-06-05T14:55:22.492838+00:00,1641705,Victor Wembanyama,SAS,ast,OVER,3.5,130,0.43478260869565216,0.4835456219460442,0.7598693636982661,0.04876301325039206,0.11215493047590175,draftkings,DraftKings,2026-06-06T00:40:00Z,San Antonio Spurs,New York Knicks
2026-06-05,2026-06-05T14:55:22.492838+00:00,1641705,Victor Wembanyama,SAS,ast,OVER,3.5,130,0.43478260869565216,0.4835456219460442,0.7598693636982661,0.04876301325039206,0.11215493047590175,bovada,Bovada,2026-06-06T00:40:00Z,San Antonio Spurs,New York Knicks
2026-06-05,2026-06-05T14:55:22.492838+00:00,1642264,Stephon Castle,SAS,ast,OVER,6.5,-108,0.5192307692307693,0.5767564844584163,0.9027355374150827,0.057525715227647045,0.1107902663643574,williamhill_us,Caesars,2026-06-06T00:40:00Z,San Antonio Spurs,New York Knicks
2026-06-05,2026-06-05T14:55:22.492838+00:00,1642264,Stephon Castle,SAS,ast,OVER,6.5,-109,0.5215311004784688,0.5787117660189609,0.9027355374150827,0.05718066554049206,0.10963999172442962,betrivers,BetRivers,2026-06-06T00:40:00Z,San Antonio Spurs,New York Knicks
2026-06-05,2026-06-05T14:55:22.492838+00:00,1641705,Victor Wembanyama,SAS,ast,OVER,3.5,126,0.4424778761061947,0.4900865992450054,0.7598693636982661,0.047608723138810705,0.10759571429371229,fanduel,FanDuel,2026-06-06T00:40:00Z,San Antonio Spurs,New York Knicks
2026-06-05,2026-06-05T14:55:22.492838+00:00,1641705,Victor Wembanyama,SAS,ast,OVER,3.5,125,0.4444444444444444,0.49175818233251767,0.7598693636982661,0.04731373788807325,0.10645591024816481,betrivers,BetRivers,2026-06-06T00:40:00Z,San Antonio Spurs,New York Knicks
2026-06-05,2026-06-05T14:55:22.492838+00:00,1628404,Josh Hart,NYK,ast,UNDER,5.5,-180,0.6428571428571429,0.6949285714285715,0.9946323651801878,0.052071428571428546,0.08100000000000007,bovada,Bovada,2026-06-06T00:40:00Z,San Antonio Spurs,New York Knicks
2026-06-05,2026-06-05T14:55:22.492838+00:00,1626157,Karl-Anthony Towns,NYK,ast,OVER,4.5,145,0.40816326530612246,0.4406589390797824,0.6248010904638552,0.03249567377365992,0.07961440074546677,bovada,Bovada,2026-06-06T00:40:00Z,San Antonio Spurs,New York Knicks
2026-06-05,2026-06-05T14:55:22.492838+00:00,1626157,Karl-Anthony Towns,NYK,ast,OVER,3.5,-144,0.5901639344262295,0.6324523786673057,0.8720868960334043,0.04228844424107625,0.0716554194084903,fanduel,FanDuel,2026-06-06T00:40:00Z,San Antonio Spurs,New York Knicks
2026-06-05,2026-06-05T14:55:22.492838+00:00,1626157,Karl-Anthony Towns,NYK,ast,OVER,3.5,-145,0.5918367346938775,0.6338742588948065,0.8720868960334043,0.04203752420092899,0.0710289202015697,williamhill_us,Caesars,2026-06-06T00:40:00Z,San Antonio Spurs,New York Knicks
2026-06-05,2026-06-05T14:55:22.492838+00:00,1641705,Victor Wembanyama,SAS,ast,OVER,2.5,-185,0.6491228070175439,0.6942884395174796,0.9502270236837822,0.04516563249993577,0.06957948790530649,bovada,Bovada,2026-06-06T00:40:00Z,San Antonio Spurs,New York Knicks
2026-06-05,2026-06-05T14:55:22.492838+00:00,1629640,Keldon Johnson,SAS,ast,OVER,0.5,-110,0.5238095238095238,0.5598737226226781,0.7642375158972187,0.03606419881315426,0.06884983409783996,draftkings,DraftKings,2026-06-06T00:40:00Z,San Antonio Spurs,New York Knicks
2026-06-05,2026-06-05T14:55:22.492838+00:00,1629640,Keldon Johnson,SAS,ast,OVER,0.5,-110,0.5238095238095238,0.5598737226226781,0.7642375158972187,0.03606419881315426,0.06884983409783996,bovada,Bovada,2026-06-06T00:40:00Z,San Antonio Spurs,New York Knicks
2026-06-05,2026-06-05T14:55:22.492838+00:00,1626157,Karl-Anthony Towns,NYK,ast,OVER,3.5,-150,0.6,0.6408130344050106,0.8720868960334043,0.040813034405010606,0.06802172400835094,bovada,Bovada,2026-06-06T00:40:00Z,San Antonio Spurs,New York Knicks
2026-06-05,2026-06-05T14:55:22.492838+00:00,1626157,Karl-Anthony Towns,NYK,ast,OVER,3.5,-153,0.6047430830039525,0.6448446549583703,0.8720868960334043,0.04010157195441777,0.06631174970240317,draftkings,DraftKings,2026-06-06T00:40:00Z,San Antonio Spurs,New York Knicks
2026-06-05,2026-06-05T14:55:22.492838+00:00,1642264,Stephon Castle,SAS,ast,OVER,5.5,-200,0.6666666666666666,0.7101645746151461,0.9566527196565301,0.04349790794847952,0.06524686192271922,bovada,Bovada,2026-06-06T00:40:00Z,San Antonio Spurs,New York Knicks
2026-06-05,2026-06-05T14:55:22.492838+00:00,1628973,Jalen Brunson,NYK,ast,OVER,6.5,116,0.46296296296296297,0.4908733731317086,0.649032364087934,0.027910410168745625,0.06028648596449049,fanduel,FanDuel,2026-06-06T00:40:00Z,San Antonio Spurs,New York Knicks
2026-06-05,2026-06-05T14:55:22.492838+00:00,1626157,Karl-Anthony Towns,NYK,ast,OVER,3.5,-165,0.6226415094339622,0.6600583174238785,0.8720868960334043,0.03741680798991631,0.06009366131713828,fanatics,Fanatics,2026-06-06T00:40:00Z,San Antonio Spurs,New York Knicks
2026-06-05,2026-06-05T14:55:22.492838+00:00,1628384,OG Anunoby,NYK,ast,OVER,1.5,105,0.4878048780487805,0.516709287238026,0.680500939310417,0.028904409189245528,0.05925403883795333,bovada,Bovada,2026-06-06T00:40:00Z,San Antonio Spurs,New York Knicks
2026-06-05,2026-06-05T14:55:22.492838+00:00,1626157,Karl-Anthony Towns,NYK,ast,OVER,3.5,-167,0.6254681647940075,0.662460974479917,0.8720868960334043,0.03699280968590957,0.05914419273136434,betrivers,BetRivers,2026-06-06T00:40:00Z,San Antonio Spurs,New York Knicks
2026-06-05,2026-06-05T14:55:22.492838+00:00,1628384,OG Anunoby,NYK,ast,OVER,1.5,102,0.49504950495049505,0.5228672201044834,0.680500939310417,0.027817715153988343,0.05619178461105645,draftkings,DraftKings,2026-06-06T00:40:00Z,San Antonio Spurs,New York Knicks
2026-06-05,2026-06-05T14:55:22.492838+00:00,1628973,Jalen Brunson,NYK,ast,OVER,6.5,111,0.47393364928909953,0.5001984565089247,0.649032364087934,0.02626480721982516,0.055418743233831114,williamhill_us,Caesars,2026-06-06T00:40:00Z,San Antonio Spurs,New York Knicks
2026-06-05,2026-06-05T14:55:22.492838+00:00,1628973,Jalen Brunson,NYK,ast,OVER,6.5,110,0.47619047619047616,0.5021167593750948,0.649032364087934,0.025926283184618648,0.05444519468769915,bovada,Bovada,2026-06-06T00:40:00Z,San Antonio Spurs,New York Knicks
2026-06-05,2026-06-05T14:55:22.492838+00:00,1628973,Jalen Brunson,NYK,ast,OVER,6.5,109,0.4784688995215311,0.5040534192064915,0.649032364087934,0.025584519684960394,0.0534716461415673,draftkings,DraftKings,2026-06-06T00:40:00Z,San Antonio Spurs,New York Knicks
2026-06-05,2026-06-05T14:55:22.492838+00:00,1630540,Miles McBride,NYK,ast,OVER,1.5,145,0.40816326530612246,0.429696295310676,0.5517167986698128,0.021533030004553533,0.05275592351115621,bovada,Bovada,2026-06-06T00:40:00Z,San Antonio Spurs,New York Knicks
2026-06-05,2026-06-05T14:55:22.492838+00:00,1630540,Miles McBride,NYK,ast,OVER,1.5,144,0.4098360655737705,0.43111817553817683,0.5517167986698128,0.021282109964406326,0.05192834831315141,draftkings,DraftKings,2026-06-06T00:40:00Z,San Antonio Spurs,New York Knicks
2026-06-05,2026-06-05T14:55:22.492838+00:00,1628973,Jalen Brunson,NYK,ast,OVER,6.5,105,0.4878048780487805,0.5119890009546535,0.649032364087934,0.024184122905873018,0.049577451957039664,betrivers,BetRivers,2026-06-06T00:40:00Z,San Antonio Spurs,New York Knicks
2026-06-05,2026-06-05T14:55:22.492838+00:00,1628384,OG Anunoby,NYK,ast,OVER,1.5,-106,0.5145631067961165,0.5394537816732615,0.680500939310417,0.024890674877145025,0.04837244362916859,fanduel,FanDuel,2026-06-06T00:40:00Z,San Antonio Spurs,New York Knicks
2026-06-05,2026-06-05T14:55:22.492838+00:00,1628973,Jalen Brunson,NYK,ast,OVER,5.5,-170,0.6296296296296297,0.6591136800201971,0.826189965566746,0.02948405039056745,0.046827609443842455,bovada,Bovada,2026-06-06T00:40:00Z,San Antonio Spurs,New York Knicks
2026-06-05,2026-06-05T14:55:22.492838+00:00,1628973,Jalen Brunson,NYK,ast,OVER,7.5,200,0.3333333333333333,0.3479852152389415,0.4310125460373877,0.014651881905608177,0.04395564571682453,bovada,Bovada,2026-06-06T00:40:00Z,San Antonio Spurs,New York Knicks
2026-06-05,2026-06-05T14:55:22.492838+00:00,1630577,Julian Champagnie,SAS,ast,OVER,1.5,122,0.45045045045045046,0.4685964389458547,0.5714237070864787,0.01814598849540422,0.040284094459797415,draftkings,DraftKings,2026-06-06T00:40:00Z,San Antonio Spurs,New York Knicks
2026-06-05,2026-06-05T14:55:22.492838+00:00,1630577,Julian Champagnie,SAS,ast,OVER,1.5,120,0.45454545454545453,0.47207719242660817,0.5714237070864787,0.01753173788115364,0.03856982333853798,bovada,Bovada,2026-06-06T00:40:00Z,San Antonio Spurs,New York Knicks
2026-06-05,2026-06-05T14:55:22.492838+00:00,1642844,Dylan Harper,SAS,ast,OVER,2.5,-167,0.6254681647940075,0.6494333584420485,0.7852361224476145,0.02396519364804106,0.03831560900614939,betrivers,BetRivers,2026-06-06T00:40:00Z,San Antonio Spurs,New York Knicks
2026-06-05,2026-06-05T14:55:22.492838+00:00,1630577,Julian Champagnie,SAS,ast,OVER,1.5,118,0.45871559633027525,0.47562181294370576,0.5714237070864787,0.016906216613430503,0.03685555221727854,fanduel,FanDuel,2026-06-06T00:40:00Z,San Antonio Spurs,New York Knicks
2026-06-05,2026-06-05T14:55:22.492838+00:00,1630577,Julian Champagnie,SAS,ast,OVER,1.5,116,0.46296296296296297,0.4792320745814903,0.5714237070864787,0.016269111618527343,0.035141281096018995,betrivers,BetRivers,2026-06-06T00:40:00Z,San Antonio Spurs,New York Knicks
2026-06-05,2026-06-05T14:55:22.492838+00:00,1628368,De'Aaron Fox,SAS,ast,OVER,5.5,-120,0.5454545454545454,0.5644600957679782,0.6721582142107635,0.019005550313432762,0.03484350890796001,bovada,Bovada,2026-06-06T00:40:00Z,San Antonio Spurs,New York Knicks
2026-06-05,2026-06-05T14:55:22.492838+00:00,1628384,OG Anunoby,NYK,ast,OVER,1.5,-125,0.5555555555555556,0.5742973631187848,0.680500939310417,0.018741807563229185,0.03373525361381258,betrivers,BetRivers,2026-06-06T00:40:00Z,San Antonio Spurs,New York Knicks
2026-06-05,2026-06-05T14:55:22.492838+00:00,1628368,De'Aaron Fox,SAS,ast,OVER,5.5,-122,0.5495495495495496,0.5679408492487317,0.6721582142107635,0.018391299699182073,0.03346613551818389,draftkings,DraftKings,2026-06-06T00:40:00Z,San Antonio Spurs,New York Knicks
2026-06-05,2026-06-05T14:55:22.492838+00:00,1628368,De'Aaron Fox,SAS,ast,OVER,4.5,-245,0.7101449275362319,0.7330134736865472,0.8626019018716676,0.022868546150315305,0.032202646619831854,bovada,Bovada,2026-06-06T00:40:00Z,San Antonio Spurs,New York Knicks
2026-06-05,2026-06-05T14:55:22.492838+00:00,1628368,De'Aaron Fox,SAS,ast,OVER,5.5,-132,0.5689655172413793,0.584444421786787,0.6721582142107635,0.015478904545407679,0.027205347382837808,williamhill_us,Caesars,2026-06-06T00:40:00Z,San Antonio Spurs,New York Knicks
2026-06-05,2026-06-05T14:55:22.492838+00:00,1642844,Dylan Harper,SAS,ast,OVER,2.5,-200,0.6666666666666666,0.6844520850338088,0.7852361224476145,0.017785418367142203,0.02667812755071325,bovada,Bovada,2026-06-06T00:40:00Z,San Antonio Spurs,New York Knicks
2026-06-05,2026-06-05T14:55:22.492838+00:00,1630170,Devin Vassell,SAS,ast,UNDER,2.5,-136,0.576271186440678,0.5897908373793461,0.6664021926984656,0.013519650938668137,0.02346057074651242,fanduel,FanDuel,2026-06-06T00:40:00Z,San Antonio Spurs,New York Knicks
2026-06-05,2026-06-05T14:55:22.492838+00:00,1630170,Devin Vassell,SAS,ast,UNDER,2.5,-136,0.576271186440678,0.5897908373793461,0.6664021926984656,0.013519650938668137,0.02346057074651242,betrivers,BetRivers,2026-06-06T00:40:00Z,San Antonio Spurs,New York Knicks
2026-06-05,2026-06-05T14:55:22.492838+00:00,1628969,Mikal Bridges,NYK,ast,UNDER,2.5,-118,0.5412844036697247,0.553349669794544,0.6217195111685199,0.012065266124819285,0.022290067925513524,betrivers,BetRivers,2026-06-06T00:40:00Z,San Antonio Spurs,New York Knicks
2026-06-05,2026-06-05T14:55:22.492838+00:00,1628969,Mikal Bridges,NYK,ast,UNDER,2.5,-118,0.5412844036697247,0.553349669794544,0.6217195111685199,0.012065266124819285,0.022290067925513524,draftkings,DraftKings,2026-06-06T00:40:00Z,San Antonio Spurs,New York Knicks
2026-06-05,2026-06-05T14:55:22.492838+00:00,1628368,De'Aaron Fox,SAS,ast,OVER,5.5,-143,0.588477366255144,0.601029493448487,0.6721582142107635,0.012552127193342977,0.02132983851735898,betrivers,BetRivers,2026-06-06T00:40:00Z,San Antonio Spurs,New York Knicks
2026-06-05,2026-06-05T14:55:22.492838+00:00,1628969,Mikal Bridges,NYK,ast,UNDER,2.5,-120,0.5454545454545454,0.5568942903116416,0.6217195111685199,0.011439744857096201,0.02097286557134298,bovada,Bovada,2026-06-06T00:40:00Z,San Antonio Spurs,New York Knicks
2026-06-05,2026-06-05T14:55:22.492838+00:00,1628368,De'Aaron Fox,SAS,ast,OVER,5.5,-144,0.5901639344262295,0.6024630763939096,0.6721582142107635,0.012299141967680116,0.020840212778569067,fanduel,FanDuel,2026-06-06T00:40:00Z,San Antonio Spurs,New York Knicks
2026-06-05,2026-06-05T14:55:22.492838+00:00,1628969,Mikal Bridges,NYK,ast,UNDER,2.5,-122,0.5495495495495496,0.5603750437923951,0.6217195111685199,0.010825494242845513,0.01969885017960421,fanduel,FanDuel,2026-06-06T00:40:00Z,San Antonio Spurs,New York Knicks
2026-06-05,2026-06-05T14:55:22.492838+00:00,1630170,Devin Vassell,SAS,ast,UNDER,2.5,-150,0.6,0.6099603289047698,0.6664021926984656,0.009960328904769833,0.016600548174616314,bovada,Bovada,2026-06-06T00:40:00Z,San Antonio Spurs,New York Knicks
2026-06-05,2026-06-05T14:55:22.492838+00:00,1629013,Landry Shamet,NYK,ast,OVER,0.5,-164,0.6212121212121212,0.6311884159657601,0.6877207529030476,0.009976294753638926,0.016059401310735855,draftkings,DraftKings,2026-06-06T00:40:00Z,San Antonio Spurs,New York Knicks
2026-06-05,2026-06-05T14:55:22.492838+00:00,1630170,Devin Vassell,SAS,ast,UNDER,2.5,-152,0.6031746031746031,0.6126587416031825,0.6664021926984656,0.009484138428579314,0.01572370318422356,draftkings,DraftKings,2026-06-06T00:40:00Z,San Antonio Spurs,New York Knicks
2026-06-05,2026-06-05T14:55:22.492838+00:00,1629013,Landry Shamet,NYK,ast,OVER,0.5,-165,0.6226415094339622,0.632403395954325,0.6877207529030476,0.009761886520362806,0.015678181381188705,bovada,Bovada,2026-06-06T00:40:00Z,San Antonio Spurs,New York Knicks
2026-06-05,2026-06-05T14:55:22.492838+00:00,1628368,De'Aaron Fox,SAS,ast,OVER,6.5,155,0.39215686274509803,0.39642542761802724,0.4206139618979594,0.004268564872929204,0.010884840425969489,bovada,Bovada,2026-06-06T00:40:00Z,San Antonio Spurs,New York Knicks
2026-06-05,2026-06-05T14:55:22.492838+00:00,1642844,Dylan Harper,SAS,ast,OVER,3.5,140,0.4166666666666667,0.4166917444676858,0.41683385200679435,2.507780101912438e-05,6.018672244600953e-05,fanduel,FanDuel,2026-06-06T00:40:00Z,San Antonio Spurs,New York Knicks
2026-06-05,2026-06-05T14:55:22.492838+00:00,1628973,Jalen Brunson,NYK,blk,OVER,0.5,531,0.15847860538827258,0.5422233678622124,0.5422233678622124,0.3837447624739398,2.4214294512105594,draftkings,DraftKings,2026-06-06T00:40:00Z,San Antonio Spurs,New York Knicks
2026-06-05,2026-06-05T14:55:22.492838+00:00,1628973,Jalen Brunson,NYK,blk,OVER,0.5,525,0.16,0.5422233678622124,0.5422233678622124,0.38222336786221234,2.388896049138827,betmgm,BetMGM,2026-06-06T00:40:00Z,San Antonio Spurs,New York Knicks
2026-06-05,2026-06-05T14:55:22.492838+00:00,1628973,Jalen Brunson,NYK,blk,OVER,0.5,525,0.16,0.5422233678622124,0.5422233678622124,0.38222336786221234,2.388896049138827,bovada,Bovada,2026-06-06T00:40:00Z,San Antonio Spurs,New York Knicks
2026-06-05,2026-06-05T14:55:22.492838+00:00,1641705,Victor Wembanyama,SAS,blk,UNDER,2.5,170,0.37037037037037035,0.9773350411549501,0.9773350411549501,0.6069646707845797,1.6388046111183652,bovada,Bovada,2026-06-06T00:40:00Z,San Antonio Spurs,New York Knicks
2026-06-05,2026-06-05T14:55:22.492838+00:00,1628368,De'Aaron Fox,SAS,blk,OVER,0.5,307,0.2457002457002457,0.5285717527323222,0.5285717527323222,0.2828715070320764,1.1512870336205512,draftkings,DraftKings,2026-06-06T00:40:00Z,San Antonio Spurs,New York Knicks
2026-06-05,2026-06-05T14:55:22.492838+00:00,1628368,De'Aaron Fox,SAS,blk,OVER,0.5,300,0.25,0.5285717527323222,0.5285717527323222,0.27857175273232215,1.1142870109292886,betmgm,BetMGM,2026-06-06T00:40:00Z,San Antonio Spurs,New York Knicks
2026-06-05,2026-06-05T14:55:22.492838+00:00,1628368,De'Aaron Fox,SAS,blk,OVER,0.5,300,0.25,0.5285717527323222,0.5285717527323222,0.27857175273232215,1.1142870109292886,bovada,Bovada,2026-06-06T00:40:00Z,San Antonio Spurs,New York Knicks
2026-06-05,2026-06-05T14:55:22.492838+00:00,1628404,Josh Hart,NYK,blk,OVER,0.5,290,0.2564102564102564,0.5155509368882314,0.5155509368882314,0.259140680477975,1.0106486538641024,betmgm,BetMGM,2026-06-06T00:40:00Z,San Antonio Spurs,New York Knicks
2026-06-05,2026-06-05T14:55:22.492838+00:00,1642264,Stephon Castle,SAS,blk,OVER,0.5,250,0.2857142857142857,0.5300756769891767,0.5300756769891767,0.24436139127489098,0.8552648694621184,betmgm,BetMGM,2026-06-06T00:40:00Z,San Antonio Spurs,New York Knicks
2026-06-05,2026-06-05T14:55:22.492838+00:00,1642264,Stephon Castle,SAS,blk,OVER,0.5,246,0.28901734104046245,0.5300756769891767,0.5300756769891767,0.24105833594871423,0.8340618423825513,draftkings,DraftKings,2026-06-06T00:40:00Z,San Antonio Spurs,New York Knicks
2026-06-05,2026-06-05T14:55:22.492838+00:00,1642264,Stephon Castle,SAS,blk,OVER,0.5,240,0.29411764705882354,0.5300756769891767,0.5300756769891767,0.23595802993035314,0.8022573017632008,bovada,Bovada,2026-06-06T00:40:00Z,San Antonio Spurs,New York Knicks
2026-06-05,2026-06-05T14:55:22.492838+00:00,1628404,Josh Hart,NYK,blk,OVER,0.5,239,0.2949852507374631,0.5155509368882314,0.5155509368882314,0.22056568615076827,0.7477176760511044,draftkings,DraftKings,2026-06-06T00:40:00Z,San Antonio Spurs,New York Knicks
2026-06-05,2026-06-05T14:55:22.492838+00:00,1641705,Victor Wembanyama,SAS,blk,UNDER,3.5,-132,0.5689655172413793,0.99,0.998657087674904,0.42103448275862065,0.74,fanduel,FanDuel,2026-06-06T00:40:00Z,San Antonio Spurs,New York Knicks
2026-06-05,2026-06-05T14:55:22.492838+00:00,1628404,Josh Hart,NYK,blk,OVER,0.5,235,0.29850746268656714,0.5155509368882314,0.5155509368882314,0.21704347420166425,0.7270956385755751,bovada,Bovada,2026-06-06T00:40:00Z,San Antonio Spurs,New York Knicks
2026-06-05,2026-06-05T14:55:22.492838+00:00,1641705,Victor Wembanyama,SAS,blk,UNDER,3.5,-135,0.574468085106383,0.99,0.998657087674904,0.41553191489361696,0.7233333333333333,bovada,Bovada,2026-06-06T00:40:00Z,San Antonio Spurs,New York Knicks
2026-06-05,2026-06-05T14:55:22.492838+00:00,1641705,Victor Wembanyama,SAS,blk,UNDER,3.5,-141,0.5850622406639004,0.99,0.998657087674904,0.40493775933609955,0.6921276595744681,draftkings,DraftKings,2026-06-06T00:40:00Z,San Antonio Spurs,New York Knicks
2026-06-05,2026-06-05T14:55:22.492838+00:00,1641705,Victor Wembanyama,SAS,blk,UNDER,3.5,-145,0.5918367346938775,0.99,0.998657087674904,0.39816326530612245,0.6727586206896552,betmgm,BetMGM,2026-06-06T00:40:00Z,San Antonio Spurs,New York Knicks
2026-06-05,2026-06-05T14:55:22.492838+00:00,1642844,Dylan Harper,SAS,blk,OVER,0.5,210,0.3225806451612903,0.4728211337485756,0.4728211337485756,0.15024048858728528,0.46574551462058433,draftkings,DraftKings,2026-06-06T00:40:00Z,San Antonio Spurs,New York Knicks
2026-06-05,2026-06-05T14:55:22.492838+00:00,1642844,Dylan Harper,SAS,blk,OVER,0.5,205,0.32786885245901637,0.4728211337485756,0.4728211337485756,0.14495228128955923,0.44210445793315545,bovada,Bovada,2026-06-06T00:40:00Z,San Antonio Spurs,New York Knicks
2026-06-05,2026-06-05T14:55:22.492838+00:00,1630170,Devin Vassell,SAS,blk,OVER,0.5,161,0.3831417624521073,0.5246310257827094,0.5246310257827094,0.14148926333060208,0.3692869772928715,draftkings,DraftKings,2026-06-06T00:40:00Z,San Antonio Spurs,New York Knicks
2026-06-05,2026-06-05T14:55:22.492838+00:00,1630170,Devin Vassell,SAS,blk,OVER,0.5,160,0.38461538461538464,0.5246310257827094,0.5246310257827094,0.14001564116732473,0.36404066703504445,bovada,Bovada,2026-06-06T00:40:00Z,San Antonio Spurs,New York Knicks
2026-06-05,2026-06-05T14:55:22.492838+00:00,1630170,Devin Vassell,SAS,blk,OVER,0.5,135,0.425531914893617,0.5246310257827094,0.5246310257827094,0.09909911088909235,0.23288291058936705,betmgm,BetMGM,2026-06-06T00:40:00Z,San Antonio Spurs,New York Knicks
2026-06-05,2026-06-05T14:55:22.492838+00:00,1630577,Julian Champagnie,SAS,blk,OVER,0.5,146,0.4065040650406504,0.4928353624795221,0.4928353624795221,0.08633129743887169,0.21237499169962437,draftkings,DraftKings,2026-06-06T00:40:00Z,San Antonio Spurs,New York Knicks
2026-06-05,2026-06-05T14:55:22.492838+00:00,1630577,Julian Champagnie,SAS,blk,OVER,0.5,145,0.40816326530612246,0.4928353624795221,0.4928353624795221,0.08467209717339963,0.2074466380748291,betmgm,BetMGM,2026-06-06T00:40:00Z,San Antonio Spurs,New York Knicks
2026-06-05,2026-06-05T14:55:22.492838+00:00,1630577,Julian Champagnie,SAS,blk,OVER,0.5,145,0.40816326530612246,0.4928353624795221,0.4928353624795221,0.08467209717339963,0.2074466380748291,bovada,Bovada,2026-06-06T00:40:00Z,San Antonio Spurs,New York Knicks
2026-06-05,2026-06-05T14:55:22.492838+00:00,1628436,Luke Kornet,SAS,blk,OVER,0.5,168,0.373134328358209,0.4484572636637839,0.4484572636637839,0.07532293530557493,0.2018654666189409,draftkings,DraftKings,2026-06-06T00:40:00Z,San Antonio Spurs,New York Knicks
2026-06-05,2026-06-05T14:55:22.492838+00:00,1628436,Luke Kornet,SAS,blk,OVER,0.5,165,0.37735849056603776,0.4484572636637839,0.4484572636637839,0.07109877309774615,0.18841174870902733,bovada,Bovada,2026-06-06T00:40:00Z,San Antonio Spurs,New York Knicks
2026-06-05,2026-06-05T14:55:22.492838+00:00,1626157,Karl-Anthony Towns,NYK,blk,UNDER,0.5,135,0.425531914893617,0.4880689843595676,0.4880689843595676,0.06253706946595056,0.14696211324498387,betmgm,BetMGM,2026-06-06T00:40:00Z,San Antonio Spurs,New York Knicks
2026-06-05,2026-06-05T14:55:22.492838+00:00,1626157,Karl-Anthony Towns,NYK,blk,UNDER,0.5,130,0.43478260869565216,0.4880689843595676,0.4880689843595676,0.05328637566391542,0.12255866402700544,fanduel,FanDuel,2026-06-06T00:40:00Z,San Antonio Spurs,New York Knicks
2026-06-05,2026-06-05T14:55:22.492838+00:00,1628969,Mikal Bridges,NYK,blk,OVER,0.5,145,0.40816326530612246,0.44838605514429775,0.44838605514429775,0.04022278983817529,0.09854583510352943,betmgm,BetMGM,2026-06-06T00:40:00Z,San Antonio Spurs,New York Knicks
2026-06-05,2026-06-05T14:55:22.492838+00:00,1628969,Mikal Bridges,NYK,blk,OVER,0.5,145,0.40816326530612246,0.44838605514429775,0.44838605514429775,0.04022278983817529,0.09854583510352943,bovada,Bovada,2026-06-06T00:40:00Z,San Antonio Spurs,New York Knicks
2026-06-05,2026-06-05T14:55:22.492838+00:00,1628969,Mikal Bridges,NYK,blk,OVER,0.5,144,0.4098360655737705,0.44838605514429775,0.44838605514429775,0.03854998957052724,0.09406197455208642,draftkings,DraftKings,2026-06-06T00:40:00Z,San Antonio Spurs,New York Knicks
2026-06-05,2026-06-05T14:55:22.492838+00:00,1626157,Karl-Anthony Towns,NYK,blk,UNDER,0.5,117,0.4608294930875576,0.4880689843595676,0.4880689843595676,0.027239491272009975,0.05910969606026162,draftkings,DraftKings,2026-06-06T00:40:00Z,San Antonio Spurs,New York Knicks
2026-06-05,2026-06-05T14:55:22.492838+00:00,1626157,Karl-Anthony Towns,NYK,blk,UNDER,0.5,115,0.46511627906976744,0.4880689843595676,0.4880689843595676,0.022952705289800146,0.049348316373070245,bovada,Bovada,2026-06-06T00:40:00Z,San Antonio Spurs,New York Knicks
2026-06-05,2026-06-05T14:55:22.492838+00:00,1628384,OG Anunoby,NYK,blk,UNDER,0.5,102,0.49504950495049505,0.4978886504033623,0.4978886504033623,0.002839145452867231,0.005735073814791769,fanduel,FanDuel,2026-06-06T00:40:00Z,San Antonio Spurs,New York Knicks
2026-06-05,2026-06-05T14:55:22.492838+00:00,1629640,Keldon Johnson,SAS,dd,YES,,6600,0.014925373134328358,0.07642565958244565,0.07642565958244565,0.061500286448117295,4.120519192023859,draftkings,DraftKings,2026-06-06T00:40:00Z,San Antonio Spurs,New York Knicks
2026-06-05,2026-06-05T14:55:22.492838+00:00,1629640,Keldon Johnson,SAS,dd,YES,,6000,0.01639344262295082,0.07642565958244565,0.07642565958244565,0.06003221695949483,3.6619652345291844,bovada,Bovada,2026-06-06T00:40:00Z,San Antonio Spurs,New York Knicks
2026-06-05,2026-06-05T14:55:22.492838+00:00,1642264,Stephon Castle,SAS,dd,YES,,490,0.1694915254237288,0.5739815203008857,0.5739815203008857,0.40448999487715687,2.3864909697752257,fanduel,FanDuel,2026-06-06T00:40:00Z,San Antonio Spurs,New York Knicks
2026-06-05,2026-06-05T14:55:22.492838+00:00,1642264,Stephon Castle,SAS,dd,YES,,490,0.1694915254237288,0.5739815203008857,0.5739815203008857,0.40448999487715687,2.3864909697752257,bovada,Bovada,2026-06-06T00:40:00Z,San Antonio Spurs,New York Knicks
2026-06-05,2026-06-05T14:55:22.492838+00:00,1642264,Stephon Castle,SAS,dd,YES,,479,0.17271157167530224,0.5739815203008857,0.5739815203008857,0.4012699486255834,2.3233530025421283,draftkings,DraftKings,2026-06-06T00:40:00Z,San Antonio Spurs,New York Knicks
2026-06-05,2026-06-05T14:55:22.492838+00:00,1642264,Stephon Castle,SAS,dd,YES,,425,0.19047619047619047,0.5739815203008857,0.5739815203008857,0.3835053298246952,2.0134029815796497,williamhill_us,Caesars,2026-06-06T00:40:00Z,San Antonio Spurs,New York Knicks
2026-06-05,2026-06-05T14:55:22.492838+00:00,1642264,Stephon Castle,SAS,dd,YES,,425,0.19047619047619047,0.5739815203008857,0.5739815203008857,0.3835053298246952,2.0134029815796497,betmgm,BetMGM,2026-06-06T00:40:00Z,San Antonio Spurs,New York Knicks
2026-06-05,2026-06-05T14:55:22.492838+00:00,1629011,Mitchell Robinson,NYK,dd,YES,,2200,0.043478260869565216,0.1260335773409592,0.1260335773409592,0.082555316471394,1.898772278842062,draftkings,DraftKings,2026-06-06T00:40:00Z,San Antonio Spurs,New York Knicks
2026-06-05,2026-06-05T14:55:22.492838+00:00,1642264,Stephon Castle,SAS,dd,YES,,400,0.2,0.5739815203008857,0.5739815203008857,0.37398152030088566,1.8699076015044285,fanatics,Fanatics,2026-06-06T00:40:00Z,San Antonio Spurs,New York Knicks
2026-06-05,2026-06-05T14:55:22.492838+00:00,1629011,Mitchell Robinson,NYK,dd,YES,,2000,0.047619047619047616,0.1260335773409592,0.1260335773409592,0.0784145297219116,1.6467051241601434,fanduel,FanDuel,2026-06-06T00:40:00Z,San Antonio Spurs,New York Knicks
2026-06-05,2026-06-05T14:55:22.492838+00:00,1629011,Mitchell Robinson,NYK,dd,YES,,2000,0.047619047619047616,0.1260335773409592,0.1260335773409592,0.0784145297219116,1.6467051241601434,williamhill_us,Caesars,2026-06-06T00:40:00Z,San Antonio Spurs,New York Knicks
2026-06-05,2026-06-05T14:55:22.492838+00:00,1629011,Mitchell Robinson,NYK,dd,YES,,2000,0.047619047619047616,0.1260335773409592,0.1260335773409592,0.0784145297219116,1.6467051241601434,bovada,Bovada,2026-06-06T00:40:00Z,San Antonio Spurs,New York Knicks
2026-06-05,2026-06-05T14:55:22.492838+00:00,1628436,Luke Kornet,SAS,dd,YES,,7800,0.012658227848101266,0.018314126031446613,0.018314126031446613,0.005655898183345347,0.4468159564842825,draftkings,DraftKings,2026-06-06T00:40:00Z,San Antonio Spurs,New York Knicks
2026-06-05,2026-06-05T14:55:22.492838+00:00,1630631,Jose Alvarado,NYK,dd,YES,,9000,0.01098901098901099,0.01446846875481976,0.01446846875481976,0.0034794577658087706,0.31663065668859813,bovada,Bovada,2026-06-06T00:40:00Z,San Antonio Spurs,New York Knicks
2026-06-05,2026-06-05T14:55:22.492838+00:00,1630631,Jose Alvarado,NYK,dd,YES,,8900,0.011111111111111112,0.01446846875481976,0.01446846875481976,0.003357357643708649,0.30216218793377836,draftkings,DraftKings,2026-06-06T00:40:00Z,San Antonio Spurs,New York Knicks
2026-06-05,2026-06-05T14:55:22.492838+00:00,1628404,Josh Hart,NYK,dd,NO,,-350,0.7777777777777778,0.9844811957386661,0.9844811957386661,0.2067034179608883,0.26576153737828495,betmgm,BetMGM,2026-06-06T00:40:00Z,San Antonio Spurs,New York Knicks
2026-06-05,2026-06-05T14:55:22.492838+00:00,1641705,Victor Wembanyama,SAS,dd,YES,,-280,0.7368421052631579,0.8629843628601518,0.8629843628601518,0.12614225759699393,0.17119306388163458,fanatics,Fanatics,2026-06-06T00:40:00Z,San Antonio Spurs,New York Knicks
2026-06-05,2026-06-05T14:55:22.492838+00:00,1641705,Victor Wembanyama,SAS,dd,YES,,-300,0.75,0.8629843628601518,0.8629843628601518,0.11298436286015179,0.15064581714686903,bovada,Bovada,2026-06-06T00:40:00Z,San Antonio Spurs,New York Knicks
2026-06-05,2026-06-05T14:55:22.492838+00:00,1641705,Victor Wembanyama,SAS,dd,YES,,-302,0.7512437810945274,0.8629843628601518,0.8629843628601518,0.1117405817656244,0.14874077440324845,draftkings,DraftKings,2026-06-06T00:40:00Z,San Antonio Spurs,New York Knicks
2026-06-05,2026-06-05T14:55:22.492838+00:00,1641705,Victor Wembanyama,SAS,dd,YES,,-310,0.7560975609756098,0.8629843628601518,0.8629843628601518,0.10688680188454203,0.14136641539568462,fanduel,FanDuel,2026-06-06T00:40:00Z,San Antonio Spurs,New York Knicks
2026-06-05,2026-06-05T14:55:22.492838+00:00,1641705,Victor Wembanyama,SAS,dd,YES,,-320,0.7619047619047619,0.8629843628601518,0.8629843628601518,0.10107960095538993,0.13266697625394924,williamhill_us,Caesars,2026-06-06T00:40:00Z,San Antonio Spurs,New York Knicks
2026-06-05,2026-06-05T14:55:22.492838+00:00,1641705,Victor Wembanyama,SAS,dd,YES,,-325,0.7647058823529411,0.8629843628601518,0.8629843628601518,0.09827848050721066,0.1285180129709677,betmgm,BetMGM,2026-06-06T00:40:00Z,San Antonio Spurs,New York Knicks
2026-06-05,2026-06-05T14:55:22.492838+00:00,1628404,Josh Hart,NYK,pa,UNDER,14.5,135,0.425531914893617,0.5294196399019635,0.8977488467497374,0.10388772500834648,0.24413615376961428,bovada,Bovada,2026-06-06T00:40:00Z,San Antonio Spurs,New York Knicks
2026-06-05,2026-06-05T14:55:22.492838+00:00,1628969,Mikal Bridges,NYK,pa,UNDER,13.5,125,0.4444444444444444,0.5460422511735243,0.906252656849353,0.10159780672907992,0.22859506514042982,bovada,Bovada,2026-06-06T00:40:00Z,San Antonio Spurs,New York Knicks
2026-06-05,2026-06-05T14:55:22.492838+00:00,1630540,Miles McBride,NYK,pa,OVER,7.5,110,0.47619047619047616,0.5809396361432236,0.9523230214302375,0.10474915995274747,0.21997323590076967,bovada,Bovada,2026-06-06T00:40:00Z,San Antonio Spurs,New York Knicks
2026-06-05,2026-06-05T14:55:22.492838+00:00,1628404,Josh Hart,NYK,pa,UNDER,15.5,105,0.4878048780487805,0.5905243817299177,0.9547117129630406,0.10271950368113725,0.21057498254633134,bovada,Bovada,2026-06-06T00:40:00Z,San Antonio Spurs,New York Knicks
2026-06-05,2026-06-05T14:55:22.492838+00:00,1629640,Keldon Johnson,SAS,pa,OVER,7.5,-108,0.5192307692307693,0.6228,0.9922286732791588,0.10356923076923075,0.19946666666666668,draftkings,DraftKings,2026-06-06T00:40:00Z,San Antonio Spurs,New York Knicks
2026-06-05,2026-06-05T14:55:22.492838+00:00,1628404,Josh Hart,NYK,pa,UNDER,15.5,-102,0.504950495049505,0.6038979629904828,0.9547117129630406,0.09894746794097786,0.1959547894517405,fanduel,FanDuel,2026-06-06T00:40:00Z,San Antonio Spurs,New York Knicks
2026-06-05,2026-06-05T14:55:22.492838+00:00,1629640,Keldon Johnson,SAS,pa,OVER,7.5,-110,0.5238095238095238,0.6263714285714286,0.9922286732791588,0.10256190476190474,0.19579999999999997,bovada,Bovada,2026-06-06T00:40:00Z,San Antonio Spurs,New York Knicks
2026-06-05,2026-06-05T14:55:22.492838+00:00,1628969,Mikal Bridges,NYK,pa,UNDER,14.5,-105,0.5121951219512195,0.6107563363067996,0.960200641749311,0.09856121435558007,0.19242903755137064,draftkings,DraftKings,2026-06-06T00:40:00Z,San Antonio Spurs,New York Knicks
2026-06-05,2026-06-05T14:55:22.492838+00:00,1628969,Mikal Bridges,NYK,pa,UNDER,14.5,-105,0.5121951219512195,0.6107563363067996,0.960200641749311,0.09856121435558007,0.19242903755137064,bovada,Bovada,2026-06-06T00:40:00Z,San Antonio Spurs,New York Knicks
2026-06-05,2026-06-05T14:55:22.492838+00:00,1628404,Josh Hart,NYK,pa,UNDER,15.5,-105,0.5121951219512195,0.6095487719738202,0.9547117129630406,0.09735365002260066,0.190071411948887,betmgm,BetMGM,2026-06-06T00:40:00Z,San Antonio Spurs,New York Knicks
2026-06-05,2026-06-05T14:55:22.492838+00:00,1628969,Mikal Bridges,NYK,pa,UNDER,14.5,-112,0.5283018867924528,0.6233196128829617,0.960200641749311,0.09501772609050885,0.17985498152846324,fanduel,FanDuel,2026-06-06T00:40:00Z,San Antonio Spurs,New York Knicks
2026-06-05,2026-06-05T14:55:22.492838+00:00,1628404,Josh Hart,NYK,pa,UNDER,16.5,-125,0.5555555555555556,0.6495544673873591,0.9828233366092081,0.09399891183180353,0.16919804129724647,bovada,Bovada,2026-06-06T00:40:00Z,San Antonio Spurs,New York Knicks
2026-06-05,2026-06-05T14:55:22.492838+00:00,1628404,Josh Hart,NYK,pa,UNDER,16.5,-127,0.5594713656387665,0.6526087992522637,0.9828233366092081,0.09313743361349713,0.16647399551388864,draftkings,DraftKings,2026-06-06T00:40:00Z,San Antonio Spurs,New York Knicks
2026-06-05,2026-06-05T14:55:22.492838+00:00,1630540,Miles McBride,NYK,pa,OVER,6.5,-130,0.5652173913043478,0.6561105728334864,0.978368216436796,0.09089318152913861,0.16081101347462978,draftkings,DraftKings,2026-06-06T00:40:00Z,San Antonio Spurs,New York Knicks
2026-06-05,2026-06-05T14:55:22.492838+00:00,1630540,Miles McBride,NYK,pa,OVER,6.5,-130,0.5652173913043478,0.6561105728334864,0.978368216436796,0.09089318152913861,0.16081101347462978,bovada,Bovada,2026-06-06T00:40:00Z,San Antonio Spurs,New York Knicks
2026-06-05,2026-06-05T14:55:22.492838+00:00,1628969,Mikal Bridges,NYK,pa,UNDER,15.5,-135,0.574468085106383,0.6649315424698999,0.9856656185769144,0.09046345736351691,0.15747342578093693,bovada,Bovada,2026-06-06T00:40:00Z,San Antonio Spurs,New York Knicks
2026-06-05,2026-06-05T14:55:22.492838+00:00,1628969,Mikal Bridges,NYK,pa,UNDER,14.5,-130,0.5652173913043478,0.6521137064022396,0.960200641749311,0.08689631509789186,0.15373963440396243,betmgm,BetMGM,2026-06-06T00:40:00Z,San Antonio Spurs,New York Knicks
2026-06-05,2026-06-05T14:55:22.492838+00:00,1628368,De'Aaron Fox,SAS,pa,OVER,20.5,-105,0.5121951219512195,0.5895887699029515,0.8639844308227284,0.07739364795173198,0.1511018840962386,draftkings,DraftKings,2026-06-06T00:40:00Z,San Antonio Spurs,New York Knicks
2026-06-05,2026-06-05T14:55:22.492838+00:00,1628368,De'Aaron Fox,SAS,pa,OVER,20.5,-105,0.5121951219512195,0.5895887699029515,0.8639844308227284,0.07739364795173198,0.1511018840962386,bovada,Bovada,2026-06-06T00:40:00Z,San Antonio Spurs,New York Knicks
2026-06-05,2026-06-05T14:55:22.492838+00:00,1628368,De'Aaron Fox,SAS,pa,OVER,20.5,-110,0.5238095238095238,0.5986480033524288,0.8639844308227284,0.07483847954290501,0.14287346094554598,betmgm,BetMGM,2026-06-06T00:40:00Z,San Antonio Spurs,New York Knicks
2026-06-05,2026-06-05T14:55:22.492838+00:00,1628368,De'Aaron Fox,SAS,pa,OVER,20.5,-112,0.5283018867924528,0.6021520464791135,0.8639844308227284,0.07385015968666064,0.1397878022640362,fanduel,FanDuel,2026-06-06T00:40:00Z,San Antonio Spurs,New York Knicks
2026-06-05,2026-06-05T14:55:22.492838+00:00,1629013,Landry Shamet,NYK,pa,UNDER,8.5,-109,0.5215311004784688,0.5899477904464746,0.8325160548784949,0.06841668996800576,0.13118429544324028,draftkings,DraftKings,2026-06-06T00:40:00Z,San Antonio Spurs,New York Knicks
2026-06-05,2026-06-05T14:55:22.492838+00:00,1628368,De'Aaron Fox,SAS,pa,OVER,19.5,-130,0.5652173913043478,0.6391466167384487,0.9012593250957159,0.07392922543410096,0.13079786038340935,bovada,Bovada,2026-06-06T00:40:00Z,San Antonio Spurs,New York Knicks
2026-06-05,2026-06-05T14:55:22.492838+00:00,1629640,Keldon Johnson,SAS,pa,OVER,6.5,-165,0.6226415094339622,0.7034603773584905,0.9960166026692736,0.0808188679245283,0.12979999999999997,bovada,Bovada,2026-06-06T00:40:00Z,San Antonio Spurs,New York Knicks
2026-06-05,2026-06-05T14:55:22.492838+00:00,1629013,Landry Shamet,NYK,pa,UNDER,8.5,-110,0.5238095238095238,0.5917249606446975,0.8325160548784949,0.06791543683517365,0.1296567430489679,bovada,Bovada,2026-06-06T00:40:00Z,San Antonio Spurs,New York Knicks
2026-06-05,2026-06-05T14:55:22.492838+00:00,1629013,Landry Shamet,NYK,pa,UNDER,9.5,-150,0.6,0.6741709668249711,0.9371407582953235,0.07417096682497115,0.12361827804161851,bovada,Bovada,2026-06-06T00:40:00Z,San Antonio Spurs,New York Knicks
2026-06-05,2026-06-05T14:55:22.492838+00:00,1641705,Victor Wembanyama,SAS,pa,OVER,30.5,-110,0.5238095238095238,0.583353501756108,0.7944639690212698,0.05954397794658417,0.11367486698893348,bovada,Bovada,2026-06-06T00:40:00Z,San Antonio Spurs,New York Knicks
2026-06-05,2026-06-05T14:55:22.492838+00:00,1641705,Victor Wembanyama,SAS,pa,OVER,30.5,-111,0.5260663507109005,0.5851138267391818,0.7944639690212698,0.05904747602828131,0.11224340037808433,draftkings,DraftKings,2026-06-06T00:40:00Z,San Antonio Spurs,New York Knicks
2026-06-05,2026-06-05T14:55:22.492838+00:00,1629013,Landry Shamet,NYK,pa,UNDER,7.5,130,0.43478260869565216,0.483088561140947,0.6543551198106287,0.04830595244529484,0.11110369062417813,bovada,Bovada,2026-06-06T00:40:00Z,San Antonio Spurs,New York Knicks
2026-06-05,2026-06-05T14:55:22.492838+00:00,1641705,Victor Wembanyama,SAS,pa,OVER,30.5,-112,0.5283018867924528,0.5868575448827925,0.7944639690212698,0.05855565809033969,0.1108374956710001,fanduel,FanDuel,2026-06-06T00:40:00Z,San Antonio Spurs,New York Knicks
2026-06-05,2026-06-05T14:55:22.492838+00:00,1628368,De'Aaron Fox,SAS,pa,OVER,18.5,-165,0.6226415094339622,0.6903585882700641,0.9304464132344252,0.0677170788361019,0.10875773267616362,bovada,Bovada,2026-06-06T00:40:00Z,San Antonio Spurs,New York Knicks
2026-06-05,2026-06-05T14:55:22.492838+00:00,1641705,Victor Wembanyama,SAS,pa,OVER,30.5,-115,0.5348837209302325,0.5919913755102607,0.7944639690212698,0.0571076545800282,0.1067664846496178,betmgm,BetMGM,2026-06-06T00:40:00Z,San Antonio Spurs,New York Knicks
2026-06-05,2026-06-05T14:55:22.492838+00:00,1630540,Miles McBride,NYK,pa,OVER,5.5,-200,0.6666666666666666,0.7378,0.9912137632949196,0.07113333333333338,0.10670000000000002,bovada,Bovada,2026-06-06T00:40:00Z,San Antonio Spurs,New York Knicks
2026-06-05,2026-06-05T14:55:22.492838+00:00,1626157,Karl-Anthony Towns,NYK,pa,OVER,20.5,-114,0.5327102803738317,0.5892799020731179,0.7898449244614958,0.05656962169928614,0.10619209687409847,fanduel,FanDuel,2026-06-06T00:40:00Z,San Antonio Spurs,New York Knicks
2026-06-05,2026-06-05T14:55:22.492838+00:00,1641705,Victor Wembanyama,SAS,pa,OVER,29.5,-130,0.5652173913043478,0.6227790688682375,0.8268613802311192,0.057561677563889746,0.10183989107457414,bovada,Bovada,2026-06-06T00:40:00Z,San Antonio Spurs,New York Knicks
2026-06-05,2026-06-05T14:55:22.492838+00:00,1630577,Julian Champagnie,SAS,pa,UNDER,13.5,-150,0.6,0.6609670684748494,0.877123038522043,0.06096706847484945,0.1016117807914157,bovada,Bovada,2026-06-06T00:40:00Z,San Antonio Spurs,New York Knicks
2026-06-05,2026-06-05T14:55:22.492838+00:00,1626157,Karl-Anthony Towns,NYK,pa,OVER,20.5,-118,0.5412844036697247,0.5959677182439144,0.7898449244614958,0.05468331457418962,0.10102510658621466,betmgm,BetMGM,2026-06-06T00:40:00Z,San Antonio Spurs,New York Knicks
2026-06-05,2026-06-05T14:55:22.492838+00:00,1626157,Karl-Anthony Towns,NYK,pa,OVER,21.5,100,0.5,0.5503093159700557,0.7286787089547988,0.050309315970055724,0.10061863194011145,bovada,Bovada,2026-06-06T00:40:00Z,San Antonio Spurs,New York Knicks
2026-06-05,2026-06-05T14:55:22.492838+00:00,1630577,Julian Champagnie,SAS,pa,UNDER,12.5,-115,0.5348837209302325,0.587579741070341,0.774411085203453,0.052696020140108546,0.09851864634889851,draftkings,DraftKings,2026-06-06T00:40:00Z,San Antonio Spurs,New York Knicks
2026-06-05,2026-06-05T14:55:22.492838+00:00,1630577,Julian Champagnie,SAS,pa,UNDER,12.5,-115,0.5348837209302325,0.587579741070341,0.774411085203453,0.052696020140108546,0.09851864634889851,bovada,Bovada,2026-06-06T00:40:00Z,San Antonio Spurs,New York Knicks
2026-06-05,2026-06-05T14:55:22.492838+00:00,1626157,Karl-Anthony Towns,NYK,pa,OVER,20.5,-125,0.5555555555555556,0.6070992167148624,0.7898449244614958,0.051543661159306864,0.09277859008675243,bovada,Bovada,2026-06-06T00:40:00Z,San Antonio Spurs,New York Knicks
2026-06-05,2026-06-05T14:55:22.492838+00:00,1626157,Karl-Anthony Towns,NYK,pa,OVER,20.5,-126,0.5575221238938053,0.6086331400186972,0.7898449244614958,0.051111016124891884,0.09167531463671075,draftkings,DraftKings,2026-06-06T00:40:00Z,San Antonio Spurs,New York Knicks
2026-06-05,2026-06-05T14:55:22.492838+00:00,1641705,Victor Wembanyama,SAS,pa,OVER,28.5,-160,0.6153846153846154,0.6682771460235477,0.8558052091979438,0.05289253063893229,0.08595036228826503,bovada,Bovada,2026-06-06T00:40:00Z,San Antonio Spurs,New York Knicks
2026-06-05,2026-06-05T14:55:22.492838+00:00,1629640,Keldon Johnson,SAS,pa,OVER,5.5,-250,0.7142857142857143,0.7749428571428572,0.9980582084958253,0.060657142857142854,0.08492000000000005,bovada,Bovada,2026-06-06T00:40:00Z,San Antonio Spurs,New York Knicks
2026-06-05,2026-06-05T14:55:22.492838+00:00,1626157,Karl-Anthony Towns,NYK,pa,OVER,19.5,-160,0.6153846153846154,0.6652523753987454,0.842056251812479,0.04986776001412996,0.08103511002296127,bovada,Bovada,2026-06-06T00:40:00Z,San Antonio Spurs,New York Knicks
2026-06-05,2026-06-05T14:55:22.492838+00:00,1630577,Julian Champagnie,SAS,pa,UNDER,11.5,115,0.46511627906976744,0.5025779629657843,0.6353966604152987,0.03746168389601684,0.08054262037643611,bovada,Bovada,2026-06-06T00:40:00Z,San Antonio Spurs,New York Knicks
2026-06-05,2026-06-05T14:55:22.492838+00:00,1642264,Stephon Castle,SAS,pa,OVER,23.5,105,0.4878048780487805,0.5220176397712492,0.6433174313327288,0.034212761722468676,0.07013616153106084,betmgm,BetMGM,2026-06-06T00:40:00Z,San Antonio Spurs,New York Knicks
2026-06-05,2026-06-05T14:55:22.492838+00:00,1642264,Stephon Castle,SAS,pa,OVER,22.5,-128,0.5614035087719298,0.5965280926500202,0.7210607082177951,0.035124583878090365,0.06256566503284838,draftkings,DraftKings,2026-06-06T00:40:00Z,San Antonio Spurs,New York Knicks
2026-06-05,2026-06-05T14:55:22.492838+00:00,1642264,Stephon Castle,SAS,pa,OVER,22.5,-130,0.5652173913043478,0.5995029210253062,0.7210607082177951,0.03428552972095844,0.060659014121695665,fanduel,FanDuel,2026-06-06T00:40:00Z,San Antonio Spurs,New York Knicks
2026-06-05,2026-06-05T14:55:22.492838+00:00,1642264,Stephon Castle,SAS,pa,OVER,22.5,-130,0.5652173913043478,0.5995029210253062,0.7210607082177951,0.03428552972095844,0.060659014121695665,bovada,Bovada,2026-06-06T00:40:00Z,San Antonio Spurs,New York Knicks
2026-06-05,2026-06-05T14:55:22.492838+00:00,1642264,Stephon Castle,SAS,pa,OVER,21.5,-165,0.6226415094339622,0.6593480158734291,0.7894892659769934,0.036706506439466824,0.0589528739785376,bovada,Bovada,2026-06-06T00:40:00Z,San Antonio Spurs,New York Knicks
2026-06-05,2026-06-05T14:55:22.492838+00:00,1628384,OG Anunoby,NYK,pa,UNDER,17.5,-145,0.5918367346938775,0.6253235308700057,0.7440494445853691,0.03348679617612815,0.05658113836656137,bovada,Bovada,2026-06-06T00:40:00Z,San Antonio Spurs,New York Knicks
2026-06-05,2026-06-05T14:55:22.492838+00:00,1642264,Stephon Castle,SAS,pa,OVER,23.5,-105,0.5121951219512195,0.5410420300151516,0.6433174313327288,0.028846908063932086,0.05632015383910549,bovada,Bovada,2026-06-06T00:40:00Z,San Antonio Spurs,New York Knicks
2026-06-05,2026-06-05T14:55:22.492838+00:00,1628384,OG Anunoby,NYK,pa,UNDER,16.5,-105,0.5121951219512195,0.5410201316011332,0.6432178930871905,0.028825009649913635,0.05627739979268853,betmgm,BetMGM,2026-06-06T00:40:00Z,San Antonio Spurs,New York Knicks
2026-06-05,2026-06-05T14:55:22.492838+00:00,1630577,Julian Champagnie,SAS,pa,UNDER,11.5,-105,0.5121951219512195,0.539299460413317,0.6353966604152987,0.027104338462097477,0.05291799414028553,betmgm,BetMGM,2026-06-06T00:40:00Z,San Antonio Spurs,New York Knicks
2026-06-05,2026-06-05T14:55:22.492838+00:00,1628384,OG Anunoby,NYK,pa,UNDER,16.5,-113,0.5305164319248826,0.5553107533805903,0.6432178930871905,0.024794321455707702,0.0467361988501393,draftkings,DraftKings,2026-06-06T00:40:00Z,San Antonio Spurs,New York Knicks
2026-06-05,2026-06-05T14:55:22.492838+00:00,1628384,OG Anunoby,NYK,pa,UNDER,16.5,-115,0.5348837209302325,0.5587172388047632,0.6432178930871905,0.023833517874530696,0.044558316026296396,bovada,Bovada,2026-06-06T00:40:00Z,San Antonio Spurs,New York Knicks
2026-06-05,2026-06-05T14:55:22.492838+00:00,1642844,Dylan Harper,SAS,pa,UNDER,16.5,-119,0.54337899543379,0.5668981063091061,0.650284044867045,0.023519110875316107,0.04328306959406919,draftkings,DraftKings,2026-06-06T00:40:00Z,San Antonio Spurs,New York Knicks
2026-06-05,2026-06-05T14:55:22.492838+00:00,1642844,Dylan Harper,SAS,pa,UNDER,16.5,-120,0.5454545454545454,0.5685170353252953,0.650284044867045,0.02306248987074988,0.04228123142970808,bovada,Bovada,2026-06-06T00:40:00Z,San Antonio Spurs,New York Knicks
2026-06-05,2026-06-05T14:55:22.492838+00:00,1630170,Devin Vassell,SAS,pa,OVER,13.5,-165,0.6226415094339622,0.6489627764209568,0.7422836321021191,0.02632126698699455,0.04227355000941546,bovada,Bovada,2026-06-06T00:40:00Z,San Antonio Spurs,New York Knicks
2026-06-05,2026-06-05T14:55:22.492838+00:00,1628384,OG Anunoby,NYK,pa,UNDER,16.5,-118,0.5412844036697247,0.5637097713415672,0.6432178930871905,0.022425367671842444,0.04142991654628514,fanduel,FanDuel,2026-06-06T00:40:00Z,San Antonio Spurs,New York Knicks
2026-06-05,2026-06-05T14:55:22.492838+00:00,1630170,Devin Vassell,SAS,pa,OVER,14.5,-125,0.5555555555555556,0.5751844522699359,0.6447778133481932,0.019628896714380284,0.0353320140858846,draftkings,DraftKings,2026-06-06T00:40:00Z,San Antonio Spurs,New York Knicks
2026-06-05,2026-06-05T14:55:22.492838+00:00,1630170,Devin Vassell,SAS,pa,OVER,14.5,-125,0.5555555555555556,0.5751844522699359,0.6447778133481932,0.019628896714380284,0.0353320140858846,bovada,Bovada,2026-06-06T00:40:00Z,San Antonio Spurs,New York Knicks
2026-06-05,2026-06-05T14:55:22.492838+00:00,1630170,Devin Vassell,SAS,pa,OVER,14.5,-128,0.5614035087719298,0.5797458557787077,0.6447778133481932,0.018342347006777948,0.03267230560582318,fanduel,FanDuel,2026-06-06T00:40:00Z,San Antonio Spurs,New York Knicks
2026-06-05,2026-06-05T14:55:22.492838+00:00,1628384,OG Anunoby,NYK,pa,UNDER,15.5,115,0.46511627906976744,0.47965295171101974,0.5311920638027325,0.014536672641252302,0.031253846178692424,bovada,Bovada,2026-06-06T00:40:00Z,San Antonio Spurs,New York Knicks
2026-06-05,2026-06-05T14:55:22.492838+00:00,1630170,Devin Vassell,SAS,pa,OVER,14.5,-135,0.574468085106383,0.5899362253195812,0.6447778133481932,0.0154681402131982,0.026926021852604343,betmgm,BetMGM,2026-06-06T00:40:00Z,San Antonio Spurs,New York Knicks
2026-06-05,2026-06-05T14:55:22.492838+00:00,1642844,Dylan Harper,SAS,pa,UNDER,15.5,110,0.47619047619047616,0.48753421059865476,0.5277529053185607,0.011343734408178596,0.023821842257174985,bovada,Bovada,2026-06-06T00:40:00Z,San Antonio Spurs,New York Knicks
2026-06-05,2026-06-05T14:55:22.492838+00:00,1630170,Devin Vassell,SAS,pa,OVER,15.5,105,0.4878048780487805,0.49856125101204446,0.536697482427253,0.010756372963263983,0.022050564574691234,bovada,Bovada,2026-06-06T00:40:00Z,San Antonio Spurs,New York Knicks
2026-06-05,2026-06-05T14:55:22.492838+00:00,1642844,Dylan Harper,SAS,pa,UNDER,15.5,-102,0.504950495049505,0.5099670253086972,0.5277529053185607,0.005016530259192242,0.009934697179968921,fanduel,FanDuel,2026-06-06T00:40:00Z,San Antonio Spurs,New York Knicks
2026-06-05,2026-06-05T14:55:22.492838+00:00,1628969,Mikal Bridges,NYK,pr,UNDER,13.5,140,0.4166666666666667,0.5347547857244022,0.953430844201828,0.11808811905773547,0.2834114857385651,bovada,Bovada,2026-06-06T00:40:00Z,San Antonio Spurs,New York Knicks
2026-06-05,2026-06-05T14:55:22.492838+00:00,1628436,Luke Kornet,SAS,pr,OVER,4.5,120,0.45454545454545453,0.5723454545454545,0.9996273410992973,0.11779999999999996,0.25915999999999983,bovada,Bovada,2026-06-06T00:40:00Z,San Antonio Spurs,New York Knicks
2026-06-05,2026-06-05T14:55:22.492838+00:00,1628404,Josh Hart,NYK,pr,UNDER,18.5,120,0.45454545454545453,0.571766332974912,0.9873676292248066,0.11722087842945744,0.2578859325448063,bovada,Bovada,2026-06-06T00:40:00Z,San Antonio Spurs,New York Knicks
2026-06-05,2026-06-05T14:55:22.492838+00:00,1629011,Mitchell Robinson,NYK,pr,OVER,9.5,115,0.46511627906976744,0.5805906976744186,0.9936120842467182,0.11547441860465119,0.24827,bovada,Bovada,2026-06-06T00:40:00Z,San Antonio Spurs,New York Knicks
2026-06-05,2026-06-05T14:55:22.492838+00:00,1628969,Mikal Bridges,NYK,pr,UNDER,14.5,110,0.47619047619047616,0.5876324822617502,0.9827450492417218,0.11144200607127408,0.23402821274967556,bovada,Bovada,2026-06-06T00:40:00Z,San Antonio Spurs,New York Knicks
2026-06-05,2026-06-05T14:55:22.492838+00:00,1628436,Luke Kornet,SAS,pr,OVER,4.5,106,0.4854368932038835,0.5964407766990292,0.9996273410992973,0.11100388349514567,0.2286680000000001,fanduel,FanDuel,2026-06-06T00:40:00Z,San Antonio Spurs,New York Knicks
2026-06-05,2026-06-05T14:55:22.492838+00:00,1630540,Miles McBride,NYK,pr,OVER,7.5,110,0.47619047619047616,0.5836814740852657,0.9647859211667924,0.10749099789478955,0.22573109557905802,bovada,Bovada,2026-06-06T00:40:00Z,San Antonio Spurs,New York Knicks
2026-06-05,2026-06-05T14:55:22.492838+00:00,1629011,Mitchell Robinson,NYK,pr,OVER,9.5,100,0.5,0.6078,0.9936120842467182,0.1078,0.2156,fanduel,FanDuel,2026-06-06T00:40:00Z,San Antonio Spurs,New York Knicks
2026-06-05,2026-06-05T14:55:22.492838+00:00,1628404,Josh Hart,NYK,pr,UNDER,19.5,-105,0.5121951219512195,0.6173121951219512,0.9959816756076785,0.10511707317073171,0.20522857142857143,draftkings,DraftKings,2026-06-06T00:40:00Z,San Antonio Spurs,New York Knicks
2026-06-05,2026-06-05T14:55:22.492838+00:00,1628404,Josh Hart,NYK,pr,UNDER,19.5,-105,0.5121951219512195,0.6173121951219512,0.9959816756076785,0.10511707317073171,0.20522857142857143,bovada,Bovada,2026-06-06T00:40:00Z,San Antonio Spurs,New York Knicks
2026-06-05,2026-06-05T14:55:22.492838+00:00,1629640,Keldon Johnson,SAS,pr,OVER,9.5,-106,0.5145631067961165,0.6191592233009708,0.9985515589301913,0.10459611650485434,0.20327169811320744,fanduel,FanDuel,2026-06-06T00:40:00Z,San Antonio Spurs,New York Knicks
2026-06-05,2026-06-05T14:55:22.492838+00:00,1629640,Keldon Johnson,SAS,pr,OVER,9.5,-110,0.5238095238095238,0.6263714285714286,0.9985515589301913,0.10256190476190474,0.19579999999999997,bovada,Bovada,2026-06-06T00:40:00Z,San Antonio Spurs,New York Knicks
2026-06-05,2026-06-05T14:55:22.492838+00:00,1629640,Keldon Johnson,SAS,pr,OVER,9.5,-112,0.5283018867924528,0.6298754716981132,0.9985515589301913,0.10157358490566037,0.19226428571428578,draftkings,DraftKings,2026-06-06T00:40:00Z,San Antonio Spurs,New York Knicks
2026-06-05,2026-06-05T14:55:22.492838+00:00,1628969,Mikal Bridges,NYK,pr,UNDER,14.5,-115,0.5348837209302325,0.6334132131587602,0.9827450492417218,0.0985294922285277,0.1842073115576821,betmgm,BetMGM,2026-06-06T00:40:00Z,San Antonio Spurs,New York Knicks
2026-06-05,2026-06-05T14:55:22.492838+00:00,1628969,Mikal Bridges,NYK,pr,UNDER,15.5,-120,0.5454545454545454,0.6432545454545454,0.9945992391446873,0.0978,0.1792999999999999,draftkings,DraftKings,2026-06-06T00:40:00Z,San Antonio Spurs,New York Knicks
2026-06-05,2026-06-05T14:55:22.492838+00:00,1628404,Josh Hart,NYK,pr,UNDER,19.5,-120,0.5454545454545454,0.6432545454545454,0.9959816756076785,0.0978,0.1792999999999999,betmgm,BetMGM,2026-06-06T00:40:00Z,San Antonio Spurs,New York Knicks
2026-06-05,2026-06-05T14:55:22.492838+00:00,1628969,Mikal Bridges,NYK,pr,UNDER,15.5,-120,0.5454545454545454,0.6432545454545454,0.9945992391446873,0.0978,0.1792999999999999,bovada,Bovada,2026-06-06T00:40:00Z,San Antonio Spurs,New York Knicks
2026-06-05,2026-06-05T14:55:22.492838+00:00,1629011,Mitchell Robinson,NYK,pr,OVER,8.5,-120,0.5454545454545454,0.6432545454545454,0.9976232874246562,0.0978,0.1792999999999999,bovada,Bovada,2026-06-06T00:40:00Z,San Antonio Spurs,New York Knicks
2026-06-05,2026-06-05T14:55:22.492838+00:00,1629011,Mitchell Robinson,NYK,pr,OVER,8.5,-122,0.5495495495495496,0.6464486486486487,0.9976232874246562,0.0968990990990991,0.17632459016393454,draftkings,DraftKings,2026-06-06T00:40:00Z,San Antonio Spurs,New York Knicks
2026-06-05,2026-06-05T14:55:22.492838+00:00,1628404,Josh Hart,NYK,pr,UNDER,20.5,-125,0.5555555555555556,0.6511333333333333,0.9989069897807863,0.09557777777777776,0.17204000000000008,fanduel,FanDuel,2026-06-06T00:40:00Z,San Antonio Spurs,New York Knicks
2026-06-05,2026-06-05T14:55:22.492838+00:00,1628969,Mikal Bridges,NYK,pr,UNDER,15.5,-130,0.5652173913043478,0.6586695652173913,0.9945992391446873,0.0934521739130435,0.16533846153846155,fanduel,FanDuel,2026-06-06T00:40:00Z,San Antonio Spurs,New York Knicks
2026-06-05,2026-06-05T14:55:22.492838+00:00,1628404,Josh Hart,NYK,pr,UNDER,20.5,-130,0.5652173913043478,0.6586695652173913,0.9989069897807863,0.0934521739130435,0.16533846153846155,bovada,Bovada,2026-06-06T00:40:00Z,San Antonio Spurs,New York Knicks
2026-06-05,2026-06-05T14:55:22.492838+00:00,1630540,Miles McBride,NYK,pr,OVER,6.5,-130,0.5652173913043478,0.657505770000338,0.984710021740667,0.09228837869599027,0.16327943923136734,draftkings,DraftKings,2026-06-06T00:40:00Z,San Antonio Spurs,New York Knicks
2026-06-05,2026-06-05T14:55:22.492838+00:00,1630540,Miles McBride,NYK,pr,OVER,6.5,-130,0.5652173913043478,0.657505770000338,0.984710021740667,0.09228837869599027,0.16327943923136734,bovada,Bovada,2026-06-06T00:40:00Z,San Antonio Spurs,New York Knicks
2026-06-05,2026-06-05T14:55:22.492838+00:00,1628436,Luke Kornet,SAS,pr,OVER,3.5,-135,0.574468085106383,0.6658851063829787,0.9999476559810586,0.09141702127659568,0.1591333333333333,bovada,Bovada,2026-06-06T00:40:00Z,San Antonio Spurs,New York Knicks
2026-06-05,2026-06-05T14:55:22.492838+00:00,1628368,De'Aaron Fox,SAS,pr,OVER,18.5,100,0.5,0.5789144286151078,0.8587019482504902,0.07891442861510778,0.15782885723021556,bovada,Bovada,2026-06-06T00:40:00Z,San Antonio Spurs,New York Knicks
2026-06-05,2026-06-05T14:55:22.492838+00:00,1628436,Luke Kornet,SAS,pr,OVER,3.5,-138,0.5798319327731093,0.6700689075630253,0.9999476559810586,0.09023697478991599,0.15562608695652186,draftkings,DraftKings,2026-06-06T00:40:00Z,San Antonio Spurs,New York Knicks
2026-06-05,2026-06-05T14:55:22.492838+00:00,1629013,Landry Shamet,NYK,pr,UNDER,8.5,115,0.46511627906976744,0.5354232787638955,0.7846935504067134,0.07030699969412807,0.15116004934237526,bovada,Bovada,2026-06-06T00:40:00Z,San Antonio Spurs,New York Knicks
2026-06-05,2026-06-05T14:55:22.492838+00:00,1629013,Landry Shamet,NYK,pr,UNDER,9.5,-120,0.5454545454545454,0.6261653972896342,0.912322053795858,0.08071085183508875,0.147969895030996,bovada,Bovada,2026-06-06T00:40:00Z,San Antonio Spurs,New York Knicks
2026-06-05,2026-06-05T14:55:22.492838+00:00,1629013,Landry Shamet,NYK,pr,UNDER,9.5,-122,0.5495495495495496,0.6293595004837375,0.912322053795858,0.07980995093418786,0.14522794350319435,draftkings,DraftKings,2026-06-06T00:40:00Z,San Antonio Spurs,New York Knicks
2026-06-05,2026-06-05T14:55:22.492838+00:00,1629640,Keldon Johnson,SAS,pr,OVER,8.5,-150,0.6,0.6858,0.9993238172445915,0.08579999999999999,0.1429999999999999,bovada,Bovada,2026-06-06T00:40:00Z,San Antonio Spurs,New York Knicks
2026-06-05,2026-06-05T14:55:22.492838+00:00,1630577,Julian Champagnie,SAS,pr,UNDER,16.5,105,0.4878048780487805,0.5565967265189822,0.8004950983678794,0.0687918484702017,0.1410232893639135,bovada,Bovada,2026-06-06T00:40:00Z,San Antonio Spurs,New York Knicks
2026-06-05,2026-06-05T14:55:22.492838+00:00,1628368,De'Aaron Fox,SAS,pr,OVER,17.5,-123,0.5515695067264574,0.6277698255332694,0.8979345922119666,0.076200318806812,0.13815179751153728,draftkings,DraftKings,2026-06-06T00:40:00Z,San Antonio Spurs,New York Knicks
2026-06-05,2026-06-05T14:55:22.492838+00:00,1628368,De'Aaron Fox,SAS,pr,OVER,17.5,-125,0.5555555555555556,0.630878943619966,0.8979345922119666,0.07532338806441041,0.13558209851593883,bovada,Bovada,2026-06-06T00:40:00Z,San Antonio Spurs,New York Knicks
2026-06-05,2026-06-05T14:55:22.492838+00:00,1630577,Julian Champagnie,SAS,pr,UNDER,17.5,-124,0.5535714285714286,0.6275949123734996,0.8900418094899333,0.07402348380207102,0.13371984170696705,draftkings,DraftKings,2026-06-06T00:40:00Z,San Antonio Spurs,New York Knicks
2026-06-05,2026-06-05T14:55:22.492838+00:00,1630577,Julian Champagnie,SAS,pr,UNDER,17.5,-125,0.5555555555555556,0.6291425314211186,0.8900418094899333,0.07358697586556306,0.13245655655801358,bovada,Bovada,2026-06-06T00:40:00Z,San Antonio Spurs,New York Knicks
2026-06-05,2026-06-05T14:55:22.492838+00:00,1628368,De'Aaron Fox,SAS,pr,OVER,17.5,-130,0.5652173913043478,0.6384151755040239,0.8979345922119666,0.07319778419967615,0.12950377204558083,fanduel,FanDuel,2026-06-06T00:40:00Z,San Antonio Spurs,New York Knicks
2026-06-05,2026-06-05T14:55:22.492838+00:00,1628368,De'Aaron Fox,SAS,pr,OVER,17.5,-130,0.5652173913043478,0.6384151755040239,0.8979345922119666,0.07319778419967615,0.12950377204558083,betmgm,BetMGM,2026-06-06T00:40:00Z,San Antonio Spurs,New York Knicks
2026-06-05,2026-06-05T14:55:22.492838+00:00,1630577,Julian Champagnie,SAS,pr,UNDER,16.5,-102,0.504950495049505,0.5699703077795473,0.8004950983678794,0.06501981273004231,0.1287647271712603,fanduel,FanDuel,2026-06-06T00:40:00Z,San Antonio Spurs,New York Knicks
2026-06-05,2026-06-05T14:55:22.492838+00:00,1629011,Mitchell Robinson,NYK,pr,OVER,7.5,-170,0.6296296296296297,0.7089111111111112,0.9992019347036996,0.07928148148148151,0.12591764705882363,bovada,Bovada,2026-06-06T00:40:00Z,San Antonio Spurs,New York Knicks
2026-06-05,2026-06-05T14:55:22.492838+00:00,1630577,Julian Champagnie,SAS,pr,UNDER,15.5,130,0.43478260869565216,0.48812613771026625,0.6772531951257162,0.05334352901461409,0.12269011673361241,bovada,Bovada,2026-06-06T00:40:00Z,San Antonio Spurs,New York Knicks
2026-06-05,2026-06-05T14:55:22.492838+00:00,1629013,Landry Shamet,NYK,pr,UNDER,7.5,165,0.37735849056603776,0.42358741032511127,0.5874899440163719,0.046228919759073506,0.12250663736154488,bovada,Bovada,2026-06-06T00:40:00Z,San Antonio Spurs,New York Knicks
2026-06-05,2026-06-05T14:55:22.492838+00:00,1641705,Victor Wembanyama,SAS,pr,OVER,39.5,100,0.5,0.5607363132989499,0.7760741513588634,0.06073631329894991,0.12147262659789981,betmgm,BetMGM,2026-06-06T00:40:00Z,San Antonio Spurs,New York Knicks
2026-06-05,2026-06-05T14:55:22.492838+00:00,1641705,Victor Wembanyama,SAS,pr,OVER,39.5,-105,0.5121951219512195,0.5702485084209011,0.7760741513588634,0.05805338646968161,0.11334232596461646,bovada,Bovada,2026-06-06T00:40:00Z,San Antonio Spurs,New York Knicks
2026-06-05,2026-06-05T14:55:22.492838+00:00,1628368,De'Aaron Fox,SAS,pr,OVER,16.5,-160,0.6153846153846154,0.6842857520624445,0.9285716002838382,0.06890113667782904,0.11196434710147224,bovada,Bovada,2026-06-06T00:40:00Z,San Antonio Spurs,New York Knicks
2026-06-05,2026-06-05T14:55:22.492838+00:00,1630540,Miles McBride,NYK,pr,OVER,5.5,-200,0.6666666666666666,0.7378,0.9940626324361517,0.07113333333333338,0.10670000000000002,bovada,Bovada,2026-06-06T00:40:00Z,San Antonio Spurs,New York Knicks
2026-06-05,2026-06-05T14:55:22.492838+00:00,1642844,Dylan Harper,SAS,pr,UNDER,18.5,-120,0.5454545454545454,0.6028168401349693,0.8061922485473813,0.057362294680423864,0.10516420691411033,bovada,Bovada,2026-06-06T00:40:00Z,San Antonio Spurs,New York Knicks
2026-06-05,2026-06-05T14:55:22.492838+00:00,1642844,Dylan Harper,SAS,pr,UNDER,18.5,-121,0.5475113122171946,0.6044211182098357,0.8061922485473813,0.05690980599264106,0.10394270350722057,draftkings,DraftKings,2026-06-06T00:40:00Z,San Antonio Spurs,New York Knicks
2026-06-05,2026-06-05T14:55:22.492838+00:00,1630577,Julian Champagnie,SAS,pr,UNDER,16.5,-120,0.5454545454545454,0.6015634670954789,0.8004950983678794,0.05610892164093351,0.10286635634171137,betmgm,BetMGM,2026-06-06T00:40:00Z,San Antonio Spurs,New York Knicks
2026-06-05,2026-06-05T14:55:22.492838+00:00,1641705,Victor Wembanyama,SAS,pr,OVER,38.5,-125,0.5555555555555556,0.6111371746240264,0.8081992785940595,0.05558161906847081,0.10004691432324753,fanduel,FanDuel,2026-06-06T00:40:00Z,San Antonio Spurs,New York Knicks
2026-06-05,2026-06-05T14:55:22.492838+00:00,1641705,Victor Wembanyama,SAS,pr,OVER,38.5,-125,0.5555555555555556,0.6111371746240264,0.8081992785940595,0.05558161906847081,0.10004691432324753,draftkings,DraftKings,2026-06-06T00:40:00Z,San Antonio Spurs,New York Knicks
2026-06-05,2026-06-05T14:55:22.492838+00:00,1641705,Victor Wembanyama,SAS,pr,OVER,38.5,-125,0.5555555555555556,0.6111371746240264,0.8081992785940595,0.05558161906847081,0.10004691432324753,bovada,Bovada,2026-06-06T00:40:00Z,San Antonio Spurs,New York Knicks
2026-06-05,2026-06-05T14:55:22.492838+00:00,1642844,Dylan Harper,SAS,pr,UNDER,17.5,105,0.4878048780487805,0.5362427692684861,0.7079771108656245,0.04843789121970565,0.0992976770003966,bovada,Bovada,2026-06-06T00:40:00Z,San Antonio Spurs,New York Knicks
2026-06-05,2026-06-05T14:55:22.492838+00:00,1629640,Keldon Johnson,SAS,pr,OVER,7.5,-220,0.6875,0.75405,0.9996990814877547,0.06655,0.0968,bovada,Bovada,2026-06-06T00:40:00Z,San Antonio Spurs,New York Knicks
2026-06-05,2026-06-05T14:55:22.492838+00:00,1641705,Victor Wembanyama,SAS,pr,OVER,37.5,-145,0.5918367346938775,0.645846036027341,0.8373335589368934,0.05400930133346349,0.09125709535654175,bovada,Bovada,2026-06-06T00:40:00Z,San Antonio Spurs,New York Knicks
2026-06-05,2026-06-05T14:55:22.492838+00:00,1642844,Dylan Harper,SAS,pr,UNDER,16.5,135,0.425531914893617,0.4620119302171259,0.5913501663641119,0.03648001532350886,0.08572803601024592,bovada,Bovada,2026-06-06T00:40:00Z,San Antonio Spurs,New York Knicks
2026-06-05,2026-06-05T14:55:22.492838+00:00,1628436,Luke Kornet,SAS,pr,OVER,2.5,-260,0.7222222222222222,0.7811333333333333,0.9999942426714177,0.058911111111111136,0.08156923076923078,bovada,Bovada,2026-06-06T00:40:00Z,San Antonio Spurs,New York Knicks
2026-06-05,2026-06-05T14:55:22.492838+00:00,1642844,Dylan Harper,SAS,pr,UNDER,17.5,-110,0.5238095238095238,0.564326392961866,0.7079771108656245,0.040516869152342205,0.07735038656356241,fanduel,FanDuel,2026-06-06T00:40:00Z,San Antonio Spurs,New York Knicks
2026-06-05,2026-06-05T14:55:22.492838+00:00,1642264,Stephon Castle,SAS,pr,OVER,21.5,-108,0.5192307692307693,0.5575403305888538,0.6933651390402444,0.0383095613580845,0.07378137743038504,fanduel,FanDuel,2026-06-06T00:40:00Z,San Antonio Spurs,New York Knicks
2026-06-05,2026-06-05T14:55:22.492838+00:00,1628384,OG Anunoby,NYK,pr,UNDER,21.5,-145,0.5918367346938775,0.6339899271216171,0.7834421548199664,0.042153192427739516,0.07122435961928403,bovada,Bovada,2026-06-06T00:40:00Z,San Antonio Spurs,New York Knicks
2026-06-05,2026-06-05T14:55:22.492838+00:00,1642264,Stephon Castle,SAS,pr,OVER,20.5,-145,0.5918367346938775,0.6306462264575711,0.768243515437939,0.03880949176369353,0.06557465849727528,bovada,Bovada,2026-06-06T00:40:00Z,San Antonio Spurs,New York Knicks
2026-06-05,2026-06-05T14:55:22.492838+00:00,1642264,Stephon Castle,SAS,pr,OVER,21.5,-115,0.5348837209302325,0.5697496329144351,0.6933651390402444,0.034865911984202635,0.06518409631829175,betmgm,BetMGM,2026-06-06T00:40:00Z,San Antonio Spurs,New York Knicks
2026-06-05,2026-06-05T14:55:22.492838+00:00,1642264,Stephon Castle,SAS,pr,OVER,21.5,-115,0.5348837209302325,0.5697496329144351,0.6933651390402444,0.034865911984202635,0.06518409631829175,bovada,Bovada,2026-06-06T00:40:00Z,San Antonio Spurs,New York Knicks
2026-06-05,2026-06-05T14:55:22.492838+00:00,1628384,OG Anunoby,NYK,pr,UNDER,20.5,-115,0.5348837209302325,0.5696965652381175,0.69312392232971,0.034812844307885005,0.06508488283648056,draftkings,DraftKings,2026-06-06T00:40:00Z,San Antonio Spurs,New York Knicks
2026-06-05,2026-06-05T14:55:22.492838+00:00,1628384,OG Anunoby,NYK,pr,UNDER,20.5,-115,0.5348837209302325,0.5696965652381175,0.69312392232971,0.034812844307885005,0.06508488283648056,betmgm,BetMGM,2026-06-06T00:40:00Z,San Antonio Spurs,New York Knicks
2026-06-05,2026-06-05T14:55:22.492838+00:00,1628384,OG Anunoby,NYK,pr,UNDER,20.5,-115,0.5348837209302325,0.5696965652381175,0.69312392232971,0.034812844307885005,0.06508488283648056,bovada,Bovada,2026-06-06T00:40:00Z,San Antonio Spurs,New York Knicks
2026-06-05,2026-06-05T14:55:22.492838+00:00,1642264,Stephon Castle,SAS,pr,OVER,21.5,-116,0.5370370370370371,0.5714292194777427,0.6933651390402444,0.03439218244070563,0.06404061557924506,draftkings,DraftKings,2026-06-06T00:40:00Z,San Antonio Spurs,New York Knicks
2026-06-05,2026-06-05T14:55:22.492838+00:00,1626157,Karl-Anthony Towns,NYK,pr,OVER,27.5,-118,0.5412844036697247,0.5751649872892072,0.6952870564855538,0.03388058361948243,0.06259294261904375,fanduel,FanDuel,2026-06-06T00:40:00Z,San Antonio Spurs,New York Knicks
2026-06-05,2026-06-05T14:55:22.492838+00:00,1626157,Karl-Anthony Towns,NYK,pr,OVER,27.5,-118,0.5412844036697247,0.5751649872892072,0.6952870564855538,0.03388058361948243,0.06259294261904375,betmgm,BetMGM,2026-06-06T00:40:00Z,San Antonio Spurs,New York Knicks
2026-06-05,2026-06-05T14:55:22.492838+00:00,1630170,Devin Vassell,SAS,pr,OVER,15.5,-160,0.6153846153846154,0.6538086790078741,0.7900394500357912,0.038424063623258675,0.0624391033877954,bovada,Bovada,2026-06-06T00:40:00Z,San Antonio Spurs,New York Knicks
2026-06-05,2026-06-05T14:55:22.492838+00:00,1642264,Stephon Castle,SAS,pr,OVER,22.5,110,0.47619047619047616,0.5054959898002152,0.6093973562347441,0.029305513609738987,0.06154157858045184,bovada,Bovada,2026-06-06T00:40:00Z,San Antonio Spurs,New York Knicks
2026-06-05,2026-06-05T14:55:22.492838+00:00,1626157,Karl-Anthony Towns,NYK,pr,OVER,26.5,-145,0.5918367346938775,0.6276742513816617,0.7547345378201691,0.03583751668778412,0.06055304543798007,bovada,Bovada,2026-06-06T00:40:00Z,San Antonio Spurs,New York Knicks
2026-06-05,2026-06-05T14:55:22.492838+00:00,1626157,Karl-Anthony Towns,NYK,pr,OVER,27.5,-120,0.5454545454545454,0.5784176978813672,0.6952870564855538,0.032963152426821796,0.06043244611583992,bovada,Bovada,2026-06-06T00:40:00Z,San Antonio Spurs,New York Knicks
2026-06-05,2026-06-05T14:55:22.492838+00:00,1626157,Karl-Anthony Towns,NYK,pr,OVER,27.5,-122,0.5495495495495496,0.5816118010754705,0.6952870564855538,0.032062251525920904,0.058342785563561095,draftkings,DraftKings,2026-06-06T00:40:00Z,San Antonio Spurs,New York Knicks
2026-06-05,2026-06-05T14:55:22.492838+00:00,1630170,Devin Vassell,SAS,pr,OVER,16.5,-125,0.5555555555555556,0.5878587907963031,0.7023884430134988,0.03230323524074752,0.05814582343334562,bovada,Bovada,2026-06-06T00:40:00Z,San Antonio Spurs,New York Knicks
2026-06-05,2026-06-05T14:55:22.492838+00:00,1626157,Karl-Anthony Towns,NYK,pr,OVER,28.5,100,0.5,0.5286388885673667,0.6301767662153035,0.028638888567366738,0.057277777134733476,bovada,Bovada,2026-06-06T00:40:00Z,San Antonio Spurs,New York Knicks
2026-06-05,2026-06-05T14:55:22.492838+00:00,1630170,Devin Vassell,SAS,pr,OVER,16.5,-127,0.5594713656387665,0.5909131226612077,0.7023884430134988,0.03144175702244112,0.056199046016489285,draftkings,DraftKings,2026-06-06T00:40:00Z,San Antonio Spurs,New York Knicks
2026-06-05,2026-06-05T14:55:22.492838+00:00,1628384,OG Anunoby,NYK,pr,UNDER,20.5,-125,0.5555555555555556,0.5858205962458696,0.69312392232971,0.030265040690313993,0.05447707324256523,fanduel,FanDuel,2026-06-06T00:40:00Z,San Antonio Spurs,New York Knicks
2026-06-05,2026-06-05T14:55:22.492838+00:00,1628384,OG Anunoby,NYK,pr,UNDER,19.5,110,0.47619047619047616,0.5010603275730177,0.5892352552020284,0.024869851382541497,0.05222668790333718,bovada,Bovada,2026-06-06T00:40:00Z,San Antonio Spurs,New York Knicks
2026-06-05,2026-06-05T14:55:22.492838+00:00,1630170,Devin Vassell,SAS,pr,OVER,17.5,100,0.5,0.5222259563725925,0.601027074420875,0.022225956372592504,0.04445191274518501,fanduel,FanDuel,2026-06-06T00:40:00Z,San Antonio Spurs,New York Knicks
2026-06-05,2026-06-05T14:55:22.492838+00:00,1630170,Devin Vassell,SAS,pr,OVER,17.5,100,0.5,0.5222259563725925,0.601027074420875,0.022225956372592504,0.04445191274518501,betmgm,BetMGM,2026-06-06T00:40:00Z,San Antonio Spurs,New York Knicks
2026-06-05,2026-06-05T14:55:22.492838+00:00,1630170,Devin Vassell,SAS,pr,OVER,17.5,100,0.5,0.5222259563725925,0.601027074420875,0.022225956372592504,0.04445191274518501,bovada,Bovada,2026-06-06T00:40:00Z,San Antonio Spurs,New York Knicks
2026-06-05,2026-06-05T14:55:22.492838+00:00,1628973,Jalen Brunson,NYK,pr,UNDER,29.5,-130,0.5652173913043478,0.5804660167426428,0.6345293251147792,0.015248625438294972,0.02697833731390642,bovada,Bovada,2026-06-06T00:40:00Z,San Antonio Spurs,New York Knicks
2026-06-05,2026-06-05T14:55:22.492838+00:00,1628973,Jalen Brunson,NYK,pr,UNDER,28.5,-110,0.5238095238095238,0.5346606058563512,0.5731326240223757,0.010851082046827387,0.02071570208939777,bovada,Bovada,2026-06-06T00:40:00Z,San Antonio Spurs,New York Knicks
2026-06-05,2026-06-05T14:55:22.492838+00:00,1628973,Jalen Brunson,NYK,pr,UNDER,28.5,-113,0.5305164319248826,0.5398919941863312,0.5731326240223757,0.009375562261448533,0.01767252001494285,draftkings,DraftKings,2026-06-06T00:40:00Z,San Antonio Spurs,New York Knicks
2026-06-05,2026-06-05T14:55:22.492838+00:00,1628973,Jalen Brunson,NYK,pr,UNDER,27.5,110,0.47619047619047616,0.4836082298430897,0.5099075382478104,0.007417753652613546,0.015577282670488413,bovada,Bovada,2026-06-06T00:40:00Z,San Antonio Spurs,New York Knicks
2026-06-05,2026-06-05T14:55:22.492838+00:00,1628973,Jalen Brunson,NYK,pr,UNDER,28.5,-120,0.5454545454545454,0.5515437227394681,0.5731326240223757,0.006089177284922642,0.011163491689024807,fanduel,FanDuel,2026-06-06T00:40:00Z,San Antonio Spurs,New York Knicks
2026-06-05,2026-06-05T14:55:22.492838+00:00,1628973,Jalen Brunson,NYK,pr,UNDER,28.5,-125,0.5555555555555556,0.559422510618256,0.5731326240223757,0.0038669550627004057,0.006960519112860775,betmgm,BetMGM,2026-06-06T00:40:00Z,San Antonio Spurs,New York Knicks
2026-06-05,2026-06-05T14:55:22.492838+00:00,1628436,Luke Kornet,SAS,pra,OVER,6.5,190,0.3448275862068966,0.48328330757755555,0.9808307231032731,0.13845572137065898,0.4015215919749111,bovada,Bovada,2026-06-06T00:40:00Z,San Antonio Spurs,New York Knicks
2026-06-05,2026-06-05T14:55:22.492838+00:00,1629011,Mitchell Robinson,NYK,pra,OVER,11.5,170,0.37037037037037035,0.4873230749878399,0.9090419099834237,0.11695270461746954,0.3157723024671677,bovada,Bovada,2026-06-06T00:40:00Z,San Antonio Spurs,New York Knicks
2026-06-05,2026-06-05T14:55:22.492838+00:00,1630540,Miles McBride,NYK,pra,OVER,10.5,175,0.36363636363636365,0.4732690205225144,0.8537450523364458,0.10963265688615076,0.3014898064369146,bovada,Bovada,2026-06-06T00:40:00Z,San Antonio Spurs,New York Knicks
2026-06-05,2026-06-05T14:55:22.492838+00:00,1628969,Mikal Bridges,NYK,pra,UNDER,15.5,155,0.39215686274509803,0.4986211420474356,0.8926810357892676,0.10646427930233754,0.2714839122209607,bovada,Bovada,2026-06-06T00:40:00Z,San Antonio Spurs,New York Knicks
2026-06-05,2026-06-05T14:55:22.492838+00:00,1628404,Josh Hart,NYK,pra,UNDER,22.5,145,0.40816326530612246,0.5184666856356814,0.9466317896382961,0.11030342032955898,0.2702433798074195,bovada,Bovada,2026-06-06T00:40:00Z,San Antonio Spurs,New York Knicks
2026-06-05,2026-06-05T14:55:22.492838+00:00,1628436,Luke Kornet,SAS,pra,OVER,5.5,130,0.43478260869565216,0.543543598050641,0.991056585134098,0.10876098935498885,0.2501502755164744,bovada,Bovada,2026-06-06T00:40:00Z,San Antonio Spurs,New York Knicks
2026-06-05,2026-06-05T14:55:22.492838+00:00,1629640,Keldon Johnson,SAS,pra,OVER,11.5,125,0.4444444444444444,0.5480610768198881,0.9809839310342819,0.10361663237544372,0.23313742284474825,bovada,Bovada,2026-06-06T00:40:00Z,San Antonio Spurs,New York Knicks
2026-06-05,2026-06-05T14:55:22.492838+00:00,1629011,Mitchell Robinson,NYK,pra,OVER,10.5,130,0.43478260869565216,0.5348535505418168,0.9413991707979599,0.10007094184616466,0.23016316624617872,bovada,Bovada,2026-06-06T00:40:00Z,San Antonio Spurs,New York Knicks
2026-06-05,2026-06-05T14:55:22.492838+00:00,1630540,Miles McBride,NYK,pra,OVER,9.5,130,0.43478260869565216,0.5291467313843957,0.9087887756126962,0.09436412268874356,0.21703748218411023,bovada,Bovada,2026-06-06T00:40:00Z,San Antonio Spurs,New York Knicks
2026-06-05,2026-06-05T14:55:22.492838+00:00,1628404,Josh Hart,NYK,pra,UNDER,23.5,120,0.45454545454545453,0.5524830075947672,0.9687340693726956,0.09793755304931268,0.21546261670848788,bovada,Bovada,2026-06-06T00:40:00Z,San Antonio Spurs,New York Knicks
2026-06-05,2026-06-05T14:55:22.492838+00:00,1628969,Mikal Bridges,NYK,pra,UNDER,16.5,120,0.45454545454545453,0.5479508700676261,0.9428361406461752,0.09340541552217158,0.20549191414877743,bovada,Bovada,2026-06-06T00:40:00Z,San Antonio Spurs,New York Knicks
2026-06-05,2026-06-05T14:55:22.492838+00:00,1628969,Mikal Bridges,NYK,pra,UNDER,16.5,116,0.46296296296296297,0.5534222505390066,0.9428361406461752,0.09045928757604366,0.19539206116425423,betrivers,BetRivers,2026-06-06T00:40:00Z,San Antonio Spurs,New York Knicks
2026-06-05,2026-06-05T14:55:22.492838+00:00,1628404,Josh Hart,NYK,pra,UNDER,24.5,104,0.49019607843137253,0.5780921907320832,0.9826556557239485,0.08789611230071065,0.17930806909344965,betrivers,BetRivers,2026-06-06T00:40:00Z,San Antonio Spurs,New York Knicks
2026-06-05,2026-06-05T14:55:22.492838+00:00,1628436,Luke Kornet,SAS,pra,OVER,5.5,100,0.5,0.5859349023984671,0.991056585134098,0.08593490239846713,0.17186980479693426,betmgm,BetMGM,2026-06-06T00:40:00Z,San Antonio Spurs,New York Knicks
2026-06-05,2026-06-05T14:55:22.492838+00:00,1628404,Josh Hart,NYK,pra,UNDER,24.5,100,0.5,0.584464739751691,0.9826556557239485,0.084464739751691,0.168929479503382,betmgm,BetMGM,2026-06-06T00:40:00Z,San Antonio Spurs,New York Knicks
2026-06-05,2026-06-05T14:55:22.492838+00:00,1629640,Keldon Johnson,SAS,pra,OVER,10.5,-103,0.5073891625615764,0.5901185090924441,0.9875174481566829,0.08272934653086772,0.16304910044433163,draftkings,DraftKings,2026-06-06T00:40:00Z,San Antonio Spurs,New York Knicks
2026-06-05,2026-06-05T14:55:22.492838+00:00,1629640,Keldon Johnson,SAS,pra,OVER,10.5,-105,0.5121951219512195,0.5932423826957122,0.9875174481566829,0.08104726074449264,0.1582351281201999,bovada,Bovada,2026-06-06T00:40:00Z,San Antonio Spurs,New York Knicks
2026-06-05,2026-06-05T14:55:22.492838+00:00,1628404,Josh Hart,NYK,pra,UNDER,24.5,-105,0.5121951219512195,0.5923915690199837,0.9826556557239485,0.08019644706876417,0.1565740157056824,bovada,Bovada,2026-06-06T00:40:00Z,San Antonio Spurs,New York Knicks
2026-06-05,2026-06-05T14:55:22.492838+00:00,1628969,Mikal Bridges,NYK,pra,UNDER,17.5,-105,0.5121951219512195,0.5905952863376266,0.9723911832533365,0.07840016438640707,0.15306698761155668,bovada,Bovada,2026-06-06T00:40:00Z,San Antonio Spurs,New York Knicks
2026-06-05,2026-06-05T14:55:22.492838+00:00,203084,Harrison Barnes,SAS,pra,OVER,3.5,-110,0.5238095238095238,0.6026595933907447,0.9981908737974529,0.07885006958122087,0.15053195101869443,betmgm,BetMGM,2026-06-06T00:40:00Z,San Antonio Spurs,New York Knicks
2026-06-05,2026-06-05T14:55:22.492838+00:00,1629011,Mitchell Robinson,NYK,pra,OVER,9.5,-105,0.5121951219512195,0.5891165776558845,0.9639414193576679,0.07692145570466502,0.15017998494720308,betmgm,BetMGM,2026-06-06T00:40:00Z,San Antonio Spurs,New York Knicks
2026-06-05,2026-06-05T14:55:22.492838+00:00,1629011,Mitchell Robinson,NYK,pra,OVER,9.5,-105,0.5121951219512195,0.5891165776558845,0.9639414193576679,0.07692145570466502,0.15017998494720308,bovada,Bovada,2026-06-06T00:40:00Z,San Antonio Spurs,New York Knicks
2026-06-05,2026-06-05T14:55:22.492838+00:00,1629640,Keldon Johnson,SAS,pra,OVER,10.5,-110,0.5238095238095238,0.60079174390361,0.9875174481566829,0.07698222009408617,0.14696605654325545,betmgm,BetMGM,2026-06-06T00:40:00Z,San Antonio Spurs,New York Knicks
2026-06-05,2026-06-05T14:55:22.492838+00:00,1628969,Mikal Bridges,NYK,pra,UNDER,17.5,-108,0.5192307692307693,0.5951684570693339,0.9723911832533365,0.07593768783856458,0.14625036176316153,fanduel,FanDuel,2026-06-06T00:40:00Z,San Antonio Spurs,New York Knicks
2026-06-05,2026-06-05T14:55:22.492838+00:00,1629011,Mitchell Robinson,NYK,pra,OVER,9.5,-107,0.5169082125603864,0.5921800865518431,0.9639414193576679,0.07527187399145663,0.14561941977786463,draftkings,DraftKings,2026-06-06T00:40:00Z,San Antonio Spurs,New York Knicks
2026-06-05,2026-06-05T14:55:22.492838+00:00,1630540,Miles McBride,NYK,pra,OVER,8.5,-105,0.5121951219512195,0.5861063455867319,0.9467400932482238,0.07391122363551239,0.14430286519314328,bovada,Bovada,2026-06-06T00:40:00Z,San Antonio Spurs,New York Knicks
2026-06-05,2026-06-05T14:55:22.492838+00:00,1630540,Miles McBride,NYK,pra,OVER,8.5,-106,0.5145631067961165,0.5876455357359149,0.9467400932482238,0.07308242893979844,0.14202811661885362,draftkings,DraftKings,2026-06-06T00:40:00Z,San Antonio Spurs,New York Knicks
2026-06-05,2026-06-05T14:55:22.492838+00:00,1629013,Landry Shamet,NYK,pra,UNDER,7.5,215,0.31746031746031744,0.3609773196887707,0.3835892190832251,0.04351700222845328,0.13707855701962768,bovada,Bovada,2026-06-06T00:40:00Z,San Antonio Spurs,New York Knicks
2026-06-05,2026-06-05T14:55:22.492838+00:00,1628368,De'Aaron Fox,SAS,pra,OVER,25.5,125,0.4444444444444444,0.5046343256046628,0.7328310669472798,0.060189881160218395,0.13542723261049128,bovada,Bovada,2026-06-06T00:40:00Z,San Antonio Spurs,New York Knicks
2026-06-05,2026-06-05T14:55:22.492838+00:00,1628436,Luke Kornet,SAS,pra,OVER,4.5,-118,0.5412844036697247,0.6136605901851491,0.9961470159990168,0.07237618651542432,0.13371193779968216,draftkings,DraftKings,2026-06-06T00:40:00Z,San Antonio Spurs,New York Knicks
2026-06-05,2026-06-05T14:55:22.492838+00:00,1628969,Mikal Bridges,NYK,pra,UNDER,17.5,-114,0.5327102803738317,0.6039301393123245,0.9723911832533365,0.07121985893849281,0.13369341941085477,betrivers,BetRivers,2026-06-06T00:40:00Z,San Antonio Spurs,New York Knicks
2026-06-05,2026-06-05T14:55:22.492838+00:00,1628969,Mikal Bridges,NYK,pra,UNDER,17.5,-115,0.5348837209302325,0.605342875673985,0.9723911832533365,0.07045915474375253,0.13172798495571114,betmgm,BetMGM,2026-06-06T00:40:00Z,San Antonio Spurs,New York Knicks
2026-06-05,2026-06-05T14:55:22.492838+00:00,1628436,Luke Kornet,SAS,pra,OVER,4.5,-120,0.5454545454545454,0.6163711823452824,0.9961470159990168,0.07091663689073702,0.1300138342996845,bovada,Bovada,2026-06-06T00:40:00Z,San Antonio Spurs,New York Knicks
2026-06-05,2026-06-05T14:55:22.492838+00:00,1628404,Josh Hart,NYK,pra,UNDER,25.5,-121,0.5475113122171946,0.6167895021371624,0.9908979954056341,0.06927818991996781,0.12653289233316445,betrivers,BetRivers,2026-06-06T00:40:00Z,San Antonio Spurs,New York Knicks
2026-06-05,2026-06-05T14:55:22.492838+00:00,1629013,Landry Shamet,NYK,pra,UNDER,8.5,150,0.4,0.448719176864401,0.5783952963680057,0.04871917686440097,0.12179794216100248,bovada,Bovada,2026-06-06T00:40:00Z,San Antonio Spurs,New York Knicks
2026-06-05,2026-06-05T14:55:22.492838+00:00,1628404,Josh Hart,NYK,pra,UNDER,25.5,-124,0.5535714285714286,0.6207285777674145,0.9908979954056341,0.06715714919598592,0.12131614048307138,draftkings,DraftKings,2026-06-06T00:40:00Z,San Antonio Spurs,New York Knicks
2026-06-05,2026-06-05T14:55:22.492838+00:00,1628404,Josh Hart,NYK,pra,UNDER,25.5,-125,0.5555555555555556,0.6220182603070971,0.9908979954056341,0.06646270475154148,0.11963286855277472,fanduel,FanDuel,2026-06-06T00:40:00Z,San Antonio Spurs,New York Knicks
2026-06-05,2026-06-05T14:55:22.492838+00:00,1628404,Josh Hart,NYK,pra,UNDER,25.5,-125,0.5555555555555556,0.6220182603070971,0.9908979954056341,0.06646270475154148,0.11963286855277472,bovada,Bovada,2026-06-06T00:40:00Z,San Antonio Spurs,New York Knicks
2026-06-05,2026-06-05T14:55:22.492838+00:00,1628368,De'Aaron Fox,SAS,pra,OVER,24.5,108,0.4807692307692308,0.5355450211599031,0.7745429780565889,0.05477579039067232,0.11393364401259853,betrivers,BetRivers,2026-06-06T00:40:00Z,San Antonio Spurs,New York Knicks
2026-06-05,2026-06-05T14:55:22.492838+00:00,1628969,Mikal Bridges,NYK,pra,UNDER,18.5,-129,0.5633187772925764,0.6265470939413621,0.9879422211496427,0.0632283166487857,0.11224251560133275,draftkings,DraftKings,2026-06-06T00:40:00Z,San Antonio Spurs,New York Knicks
2026-06-05,2026-06-05T14:55:22.492838+00:00,1629013,Landry Shamet,NYK,pra,UNDER,9.5,110,0.47619047619047616,0.5292224313235336,0.7554206959984233,0.05303195513305747,0.11136710577942066,bovada,Bovada,2026-06-06T00:40:00Z,San Antonio Spurs,New York Knicks
2026-06-05,2026-06-05T14:55:22.492838+00:00,1628969,Mikal Bridges,NYK,pra,UNDER,18.5,-130,0.5652173913043478,0.6277811930490136,0.9879422211496427,0.0625638017446658,0.11068980308671639,bovada,Bovada,2026-06-06T00:40:00Z,San Antonio Spurs,New York Knicks
2026-06-05,2026-06-05T14:55:22.492838+00:00,1629640,Keldon Johnson,SAS,pra,OVER,9.5,-132,0.5689655172413793,0.6309293527736852,0.9920100946673636,0.06196383553230589,0.10890613517799219,fanduel,FanDuel,2026-06-06T00:40:00Z,San Antonio Spurs,New York Knicks
2026-06-05,2026-06-05T14:55:22.492838+00:00,1628368,De'Aaron Fox,SAS,pra,OVER,24.5,105,0.4878048780487805,0.5401181918916104,0.7745429780565889,0.05231331384282989,0.10724229337780122,bovada,Bovada,2026-06-06T00:40:00Z,San Antonio Spurs,New York Knicks
2026-06-05,2026-06-05T14:55:22.492838+00:00,1630631,Jose Alvarado,NYK,pra,OVER,4.5,-135,0.574468085106383,0.6356947632744053,0.9988029026014649,0.0612266781680223,0.10657977310729816,betmgm,BetMGM,2026-06-06T00:40:00Z,San Antonio Spurs,New York Knicks
2026-06-05,2026-06-05T14:55:22.492838+00:00,1630540,Miles McBride,NYK,pra,OVER,7.5,-130,0.5652173913043478,0.6248051682618806,0.9709363652231686,0.05958777695753281,0.10542452846332723,betmgm,BetMGM,2026-06-06T00:40:00Z,San Antonio Spurs,New York Knicks
2026-06-05,2026-06-05T14:55:22.492838+00:00,1630577,Julian Champagnie,SAS,pra,UNDER,16.5,145,0.40816326530612246,0.44936782562237493,0.5517811609908305,0.04120456031625247,0.10095117277481858,bovada,Bovada,2026-06-06T00:40:00Z,San Antonio Spurs,New York Knicks
2026-06-05,2026-06-05T14:55:22.492838+00:00,1642264,Stephon Castle,SAS,pra,OVER,29.5,116,0.46296296296296297,0.5069877101257482,0.6774959097132698,0.044024747162785205,0.09509345387161605,betrivers,BetRivers,2026-06-06T00:40:00Z,San Antonio Spurs,New York Knicks
2026-06-05,2026-06-05T14:55:22.492838+00:00,203903,Jordan Clarkson,NYK,pra,OVER,2.5,-145,0.5918367346938775,0.6468865359211621,0.9982437621150949,0.055049801227284534,0.09301518138403253,betmgm,BetMGM,2026-06-06T00:40:00Z,San Antonio Spurs,New York Knicks
2026-06-05,2026-06-05T14:55:22.492838+00:00,1629640,Keldon Johnson,SAS,pra,OVER,9.5,-145,0.5918367346938775,0.645795644117809,0.9920100946673636,0.053958909423931445,0.09117195040595316,bovada,Bovada,2026-06-06T00:40:00Z,San Antonio Spurs,New York Knicks
2026-06-05,2026-06-05T14:55:22.492838+00:00,1629011,Mitchell Robinson,NYK,pra,OVER,8.5,-145,0.5918367346938775,0.6434888142315329,0.9788282096029288,0.05165207953765538,0.08727420335672809,bovada,Bovada,2026-06-06T00:40:00Z,San Antonio Spurs,New York Knicks
2026-06-05,2026-06-05T14:55:22.492838+00:00,1629013,Landry Shamet,NYK,pra,UNDER,10.5,-124,0.5535714285714286,0.6016873758674837,0.8820911274060294,0.04811594729605506,0.08691913059932532,draftkings,DraftKings,2026-06-06T00:40:00Z,San Antonio Spurs,New York Knicks
2026-06-05,2026-06-05T14:55:22.492838+00:00,1628404,Josh Hart,NYK,pra,UNDER,26.5,-150,0.6,0.6517098616957742,0.9954849239758528,0.051709861695774184,0.08618310282629027,bovada,Bovada,2026-06-06T00:40:00Z,San Antonio Spurs,New York Knicks
2026-06-05,2026-06-05T14:55:22.492838+00:00,1629013,Landry Shamet,NYK,pra,UNDER,10.5,-125,0.5555555555555556,0.6029770584071662,0.8820911274060294,0.04742150285161062,0.08535870513289917,bovada,Bovada,2026-06-06T00:40:00Z,San Antonio Spurs,New York Knicks
2026-06-05,2026-06-05T14:55:22.492838+00:00,1641705,Victor Wembanyama,SAS,pra,OVER,43.5,105,0.4878048780487805,0.5289281269160061,0.7105997496245643,0.041123248867225626,0.08430266017781252,bovada,Bovada,2026-06-06T00:40:00Z,San Antonio Spurs,New York Knicks
2026-06-05,2026-06-05T14:55:22.492838+00:00,1642264,Stephon Castle,SAS,pra,OVER,29.5,110,0.47619047619047616,0.5155855937236318,0.6774959097132698,0.03939511753315561,0.08272974681962675,bovada,Bovada,2026-06-06T00:40:00Z,San Antonio Spurs,New York Knicks
2026-06-05,2026-06-05T14:55:22.492838+00:00,1630577,Julian Champagnie,SAS,pra,UNDER,17.5,115,0.46511627906976744,0.5032612462362089,0.648203799090629,0.0381449671664415,0.08201167940784915,bovada,Bovada,2026-06-06T00:40:00Z,San Antonio Spurs,New York Knicks
2026-06-05,2026-06-05T14:55:22.492838+00:00,1628969,Mikal Bridges,NYK,pra,UNDER,18.5,-152,0.6031746031746031,0.6524533807646795,0.9879422211496427,0.04927877759007637,0.08169902600460027,betrivers,BetRivers,2026-06-06T00:40:00Z,San Antonio Spurs,New York Knicks
2026-06-05,2026-06-05T14:55:22.492838+00:00,1628404,Josh Hart,NYK,pra,UNDER,26.5,-155,0.6078431372549019,0.6568079009114605,0.9954849239758528,0.04896476365655855,0.08055493375756395,betrivers,BetRivers,2026-06-06T00:40:00Z,San Antonio Spurs,New York Knicks
2026-06-05,2026-06-05T14:55:22.492838+00:00,1628368,De'Aaron Fox,SAS,pra,OVER,23.5,-115,0.5348837209302325,0.5773260921402664,0.8122952773463731,0.04244237121003391,0.07934878095788933,bovada,Bovada,2026-06-06T00:40:00Z,San Antonio Spurs,New York Knicks
2026-06-05,2026-06-05T14:55:22.492838+00:00,1630540,Miles McBride,NYK,pra,OVER,7.5,-150,0.6,0.6474138639140545,0.9709363652231686,0.047413863914054555,0.0790231065234242,bovada,Bovada,2026-06-06T00:40:00Z,San Antonio Spurs,New York Knicks
2026-06-05,2026-06-05T14:55:22.492838+00:00,1641705,Victor Wembanyama,SAS,pra,OVER,43.5,102,0.49504950495049505,0.5336371344021206,0.7105997496245643,0.03858762945162553,0.07794701149228356,betrivers,BetRivers,2026-06-06T00:40:00Z,San Antonio Spurs,New York Knicks
2026-06-05,2026-06-05T14:55:22.492838+00:00,1628368,De'Aaron Fox,SAS,pra,OVER,23.5,-116,0.5370370370370371,0.5787257476096894,0.8122952773463731,0.04168871057265233,0.07762725416976646,draftkings,DraftKings,2026-06-06T00:40:00Z,San Antonio Spurs,New York Knicks
2026-06-05,2026-06-05T14:55:22.492838+00:00,1642844,Dylan Harper,SAS,pra,UNDER,19.5,135,0.425531914893617,0.4580333066831413,0.5367860685845156,0.03250139178952427,0.07637827070538206,bovada,Bovada,2026-06-06T00:40:00Z,San Antonio Spurs,New York Knicks
2026-06-05,2026-06-05T14:55:22.492838+00:00,1628368,De'Aaron Fox,SAS,pra,OVER,23.5,-120,0.5454545454545454,0.5841971280810698,0.8122952773463731,0.03874258262652441,0.07102806814862805,betrivers,BetRivers,2026-06-06T00:40:00Z,San Antonio Spurs,New York Knicks
2026-06-05,2026-06-05T14:55:22.492838+00:00,1629013,Landry Shamet,NYK,pra,UNDER,10.5,-135,0.574468085106383,0.615270202615204,0.8820911274060294,0.04080211750882101,0.0710259082560959,betmgm,BetMGM,2026-06-06T00:40:00Z,San Antonio Spurs,New York Knicks
2026-06-05,2026-06-05T14:55:22.492838+00:00,1628969,Mikal Bridges,NYK,pra,UNDER,19.5,-165,0.6226415094339622,0.666385465612058,0.9952484827427579,0.04374395617809579,0.07025544477088108,bovada,Bovada,2026-06-06T00:40:00Z,San Antonio Spurs,New York Knicks
2026-06-05,2026-06-05T14:55:22.492838+00:00,1630577,Julian Champagnie,SAS,pra,UNDER,17.5,108,0.4807692307692308,0.51343566484086,0.648203799090629,0.032666434071629225,0.0679461828689889,betrivers,BetRivers,2026-06-06T00:40:00Z,San Antonio Spurs,New York Knicks
2026-06-05,2026-06-05T14:55:22.492838+00:00,1628368,De'Aaron Fox,SAS,pra,OVER,23.5,-125,0.5555555555555556,0.5907627846467265,0.8122952773463731,0.03520722909117091,0.0633730123641077,betmgm,BetMGM,2026-06-06T00:40:00Z,San Antonio Spurs,New York Knicks
2026-06-05,2026-06-05T14:55:22.492838+00:00,1641705,Victor Wembanyama,SAS,pra,OVER,42.5,-110,0.5238095238095238,0.5569629551259165,0.7370672265698628,0.0331534313163927,0.06329291433129514,fanduel,FanDuel,2026-06-06T00:40:00Z,San Antonio Spurs,New York Knicks
2026-06-05,2026-06-05T14:55:22.492838+00:00,1641705,Victor Wembanyama,SAS,pra,OVER,42.5,-110,0.5238095238095238,0.5569629551259165,0.7370672265698628,0.0331534313163927,0.06329291433129514,bovada,Bovada,2026-06-06T00:40:00Z,San Antonio Spurs,New York Knicks
2026-06-05,2026-06-05T14:55:22.492838+00:00,1630577,Julian Champagnie,SAS,pra,UNDER,18.5,-110,0.5238095238095238,0.5567605463272861,0.7359106048634034,0.032951022517762274,0.06290649753390987,bovada,Bovada,2026-06-06T00:40:00Z,San Antonio Spurs,New York Knicks
2026-06-05,2026-06-05T14:55:22.492838+00:00,1641705,Victor Wembanyama,SAS,pra,OVER,42.5,-111,0.5260663507109005,0.5584298926118113,0.7370672265698628,0.03236354190091084,0.0615198859557855,draftkings,DraftKings,2026-06-06T00:40:00Z,San Antonio Spurs,New York Knicks
2026-06-05,2026-06-05T14:55:22.492838+00:00,1642844,Dylan Harper,SAS,pra,UNDER,20.5,110,0.47619047619047616,0.5053053300081127,0.6187515456245897,0.029114853817636566,0.0611411930170368,bovada,Bovada,2026-06-06T00:40:00Z,San Antonio Spurs,New York Knicks
2026-06-05,2026-06-05T14:55:22.492838+00:00,1630577,Julian Champagnie,SAS,pra,UNDER,18.5,-111,0.5260663507109005,0.5582274838131809,0.7359106048634034,0.032161133102280415,0.06113512688811862,draftkings,DraftKings,2026-06-06T00:40:00Z,San Antonio Spurs,New York Knicks
2026-06-05,2026-06-05T14:55:22.492838+00:00,1642264,Stephon Castle,SAS,pra,OVER,28.5,-108,0.5192307692307693,0.5508728194537458,0.719273254021404,0.0316420502229765,0.06094024487388072,draftkings,DraftKings,2026-06-06T00:40:00Z,San Antonio Spurs,New York Knicks
2026-06-05,2026-06-05T14:55:22.492838+00:00,1642264,Stephon Castle,SAS,pra,OVER,28.5,-109,0.5215311004784688,0.5523680347647505,0.719273254021404,0.030836934286281648,0.05912769968653997,betrivers,BetRivers,2026-06-06T00:40:00Z,San Antonio Spurs,New York Knicks
2026-06-05,2026-06-05T14:55:22.492838+00:00,1629013,Landry Shamet,NYK,pra,UNDER,11.5,-165,0.6226415094339622,0.6590723646697227,0.9534593345008417,0.036430855235760506,0.058510161439251696,bovada,Bovada,2026-06-06T00:40:00Z,San Antonio Spurs,New York Knicks
2026-06-05,2026-06-05T14:55:22.492838+00:00,1642264,Stephon Castle,SAS,pra,OVER,28.5,-110,0.5238095238095238,0.5538490099299361,0.719273254021404,0.030039486120412295,0.057348109866241725,betmgm,BetMGM,2026-06-06T00:40:00Z,San Antonio Spurs,New York Knicks
2026-06-05,2026-06-05T14:55:22.492838+00:00,1642264,Stephon Castle,SAS,pra,OVER,28.5,-110,0.5238095238095238,0.5538490099299361,0.719273254021404,0.030039486120412295,0.057348109866241725,bovada,Bovada,2026-06-06T00:40:00Z,San Antonio Spurs,New York Knicks
2026-06-05,2026-06-05T14:55:22.492838+00:00,1628368,De'Aaron Fox,SAS,pra,OVER,23.5,-130,0.5652173913043478,0.5970429778834414,0.8122952773463731,0.03182558657909362,0.05630680702455021,fanduel,FanDuel,2026-06-06T00:40:00Z,San Antonio Spurs,New York Knicks
2026-06-05,2026-06-05T14:55:22.492838+00:00,1641705,Victor Wembanyama,SAS,pra,OVER,42.5,-115,0.5348837209302325,0.5641611832543771,0.7370672265698628,0.029277462324144632,0.054736125214705056,fanatics,Fanatics,2026-06-06T00:40:00Z,San Antonio Spurs,New York Knicks
2026-06-05,2026-06-05T14:55:22.492838+00:00,1641705,Victor Wembanyama,SAS,pra,OVER,42.5,-118,0.5412844036697247,0.5683216270350471,0.7370672265698628,0.027037223365322327,0.04995012452237507,betrivers,BetRivers,2026-06-06T00:40:00Z,San Antonio Spurs,New York Knicks
2026-06-05,2026-06-05T14:55:22.492838+00:00,1641705,Victor Wembanyama,SAS,pra,OVER,42.5,-118,0.5412844036697247,0.5683216270350471,0.7370672265698628,0.027037223365322327,0.04995012452237507,betmgm,BetMGM,2026-06-06T00:40:00Z,San Antonio Spurs,New York Knicks
2026-06-05,2026-06-05T14:55:22.492838+00:00,1630577,Julian Champagnie,SAS,pra,UNDER,18.5,-118,0.5412844036697247,0.5681192182364166,0.7359106048634034,0.0268348145666919,0.049576182843549366,fanduel,FanDuel,2026-06-06T00:40:00Z,San Antonio Spurs,New York Knicks
2026-06-05,2026-06-05T14:55:22.492838+00:00,1630577,Julian Champagnie,SAS,pra,UNDER,19.5,-135,0.574468085106383,0.6028062467704713,0.8108685225789851,0.028338161664088313,0.049329392526376026,bovada,Bovada,2026-06-06T00:40:00Z,San Antonio Spurs,New York Knicks
2026-06-05,2026-06-05T14:55:22.492838+00:00,1628384,OG Anunoby,NYK,pra,UNDER,19.5,150,0.4,0.41943875691503313,0.41107861094304643,0.019438756915033106,0.048596892287582794,bovada,Bovada,2026-06-06T00:40:00Z,San Antonio Spurs,New York Knicks
2026-06-05,2026-06-05T14:55:22.492838+00:00,1628368,De'Aaron Fox,SAS,pra,OVER,22.5,-145,0.5918367346938775,0.6202211490451182,0.845870122823416,0.028384414351240617,0.047959872524510005,bovada,Bovada,2026-06-06T00:40:00Z,San Antonio Spurs,New York Knicks
2026-06-05,2026-06-05T14:55:22.492838+00:00,1641705,Victor Wembanyama,SAS,pra,OVER,41.5,-125,0.5555555555555556,0.5820028722722151,0.762238635206309,0.026447316716659564,0.04760517008998727,bovada,Bovada,2026-06-06T00:40:00Z,San Antonio Spurs,New York Knicks
2026-06-05,2026-06-05T14:55:22.492838+00:00,1626157,Karl-Anthony Towns,NYK,pra,OVER,33.5,110,0.47619047619047616,0.4982956988391782,0.5786965103735353,0.022105222648702016,0.04642096756227432,betrivers,BetRivers,2026-06-06T00:40:00Z,San Antonio Spurs,New York Knicks
2026-06-05,2026-06-05T14:55:22.492838+00:00,1626157,Karl-Anthony Towns,NYK,pra,OVER,33.5,110,0.47619047619047616,0.4982956988391782,0.5786965103735353,0.022105222648702016,0.04642096756227432,bovada,Bovada,2026-06-06T00:40:00Z,San Antonio Spurs,New York Knicks
2026-06-05,2026-06-05T14:55:22.492838+00:00,1642264,Stephon Castle,SAS,pra,OVER,27.5,-125,0.5555555555555556,0.5813035244876303,0.7582423621515382,0.02574796893207476,0.046346344077734636,fanduel,FanDuel,2026-06-06T00:40:00Z,San Antonio Spurs,New York Knicks
2026-06-05,2026-06-05T14:55:22.492838+00:00,1642844,Dylan Harper,SAS,pra,UNDER,19.5,118,0.45871559633027525,0.47960269961696916,0.5367860685845156,0.02088710328669391,0.04553388516499268,betrivers,BetRivers,2026-06-06T00:40:00Z,San Antonio Spurs,New York Knicks
2026-06-05,2026-06-05T14:55:22.492838+00:00,1630577,Julian Champagnie,SAS,pra,UNDER,18.5,-121,0.5475113122171946,0.5721667087922722,0.7359106048634034,0.024655396575077537,0.04503175738092685,betrivers,BetRivers,2026-06-06T00:40:00Z,San Antonio Spurs,New York Knicks
2026-06-05,2026-06-05T14:55:22.492838+00:00,1628436,Luke Kornet,SAS,pra,OVER,3.5,-200,0.6666666666666666,0.6955653910653474,0.9984689013257948,0.028898724398680797,0.04334808659802114,bovada,Bovada,2026-06-06T00:40:00Z,San Antonio Spurs,New York Knicks
2026-06-05,2026-06-05T14:55:22.492838+00:00,1629640,Keldon Johnson,SAS,pra,OVER,8.5,-200,0.6666666666666666,0.6949608128090106,0.9950141684324413,0.028294146142343934,0.042441219213515846,bovada,Bovada,2026-06-06T00:40:00Z,San Antonio Spurs,New York Knicks
2026-06-05,2026-06-05T14:55:22.492838+00:00,1642844,Dylan Harper,SAS,pra,UNDER,21.5,-115,0.5348837209302325,0.5569215717051509,0.6956980177171411,0.022037850774918377,0.04120119927484728,bovada,Bovada,2026-06-06T00:40:00Z,San Antonio Spurs,New York Knicks
2026-06-05,2026-06-05T14:55:22.492838+00:00,1642844,Dylan Harper,SAS,pra,UNDER,21.5,-116,0.5370370370370371,0.5583212271745738,0.6956980177171411,0.021284190137536685,0.03963262991127525,draftkings,DraftKings,2026-06-06T00:40:00Z,San Antonio Spurs,New York Knicks
2026-06-05,2026-06-05T14:55:22.492838+00:00,1642264,Stephon Castle,SAS,pra,OVER,27.5,-130,0.5652173913043478,0.5875837177243453,0.7582423621515382,0.022366326419997473,0.03957119289691857,bovada,Bovada,2026-06-06T00:40:00Z,San Antonio Spurs,New York Knicks
2026-06-05,2026-06-05T14:55:22.492838+00:00,1628368,De'Aaron Fox,SAS,pra,OVER,22.5,-155,0.6078431372549019,0.630625310709784,0.845870122823416,0.022782173454882093,0.037480349877386576,betrivers,BetRivers,2026-06-06T00:40:00Z,San Antonio Spurs,New York Knicks
2026-06-05,2026-06-05T14:55:22.492838+00:00,1626157,Karl-Anthony Towns,NYK,pra,OVER,31.5,-112,0.5283018867924528,0.5472306511526474,0.664768141357446,0.018928764360194528,0.03582944682465394,fanduel,FanDuel,2026-06-06T00:40:00Z,San Antonio Spurs,New York Knicks
2026-06-05,2026-06-05T14:55:22.492838+00:00,1642844,Dylan Harper,SAS,pra,UNDER,22.5,-135,0.574468085106383,0.5947497651375491,0.764831484676572,0.02028168003116604,0.03530514672091872,bovada,Bovada,2026-06-06T00:40:00Z,San Antonio Spurs,New York Knicks
2026-06-05,2026-06-05T14:55:22.492838+00:00,1629011,Mitchell Robinson,NYK,pra,OVER,7.5,-210,0.6774193548387096,0.7007483939294396,0.9881475044815904,0.02332903909072992,0.03443810532441077,bovada,Bovada,2026-06-06T00:40:00Z,San Antonio Spurs,New York Knicks
2026-06-05,2026-06-05T14:55:22.492838+00:00,1628384,OG Anunoby,NYK,pra,UNDER,21.5,106,0.4854368932038835,0.501824458521591,0.5645170167946669,0.016387565317707464,0.03375838455447744,betrivers,BetRivers,2026-06-06T00:40:00Z,San Antonio Spurs,New York Knicks
2026-06-05,2026-06-05T14:55:22.492838+00:00,1630577,Julian Champagnie,SAS,pra,UNDER,17.5,-110,0.5238095238095238,0.5414118553170505,0.648203799090629,0.01760233150752666,0.03360445105982368,betmgm,BetMGM,2026-06-06T00:40:00Z,San Antonio Spurs,New York Knicks
2026-06-05,2026-06-05T14:55:22.492838+00:00,1626157,Karl-Anthony Towns,NYK,pra,OVER,32.5,-105,0.5121951219512195,0.5293631631634713,0.6224933365438776,0.017168041212251794,0.03351855665249159,draftkings,DraftKings,2026-06-06T00:40:00Z,San Antonio Spurs,New York Knicks
2026-06-05,2026-06-05T14:55:22.492838+00:00,1626157,Karl-Anthony Towns,NYK,pra,OVER,32.5,-105,0.5121951219512195,0.5293631631634713,0.6224933365438776,0.017168041212251794,0.03351855665249159,bovada,Bovada,2026-06-06T00:40:00Z,San Antonio Spurs,New York Knicks
2026-06-05,2026-06-05T14:55:22.492838+00:00,1642264,Stephon Castle,SAS,pra,OVER,27.5,-136,0.576271186440678,0.5947686845629598,0.7582423621515382,0.018497498122281852,0.03209859968278328,betrivers,BetRivers,2026-06-06T00:40:00Z,San Antonio Spurs,New York Knicks
2026-06-05,2026-06-05T14:55:22.492838+00:00,1630577,Julian Champagnie,SAS,pra,UNDER,20.5,-170,0.6296296296296297,0.6491946904417467,0.8710596067570711,0.019565060812117063,0.031073920113362463,bovada,Bovada,2026-06-06T00:40:00Z,San Antonio Spurs,New York Knicks
2026-06-05,2026-06-05T14:55:22.492838+00:00,1628973,Jalen Brunson,NYK,pra,UNDER,32.5,140,0.4166666666666667,0.4295510741612853,0.4069585190168683,0.01288440749461861,0.030922577987084754,bovada,Bovada,2026-06-06T00:40:00Z,San Antonio Spurs,New York Knicks
2026-06-05,2026-06-05T14:55:22.492838+00:00,1628384,OG Anunoby,NYK,pra,UNDER,20.5,120,0.45454545454545453,0.4682787729582358,0.4875670143068018,0.013733318412781248,0.030213300508118768,bovada,Bovada,2026-06-06T00:40:00Z,San Antonio Spurs,New York Knicks
2026-06-05,2026-06-05T14:55:22.492838+00:00,1641705,Victor Wembanyama,SAS,pra,OVER,41.5,-139,0.5815899581589958,0.5989252339644513,0.762238635206309,0.017335275805455463,0.029806697248229208,betrivers,BetRivers,2026-06-06T00:40:00Z,San Antonio Spurs,New York Knicks
2026-06-05,2026-06-05T14:55:22.492838+00:00,1630540,Miles McBride,NYK,pra,OVER,6.5,-220,0.6875,0.7067852395662112,0.9852013689497784,0.0192852395662112,0.028051257550852637,bovada,Bovada,2026-06-06T00:40:00Z,San Antonio Spurs,New York Knicks
2026-06-05,2026-06-05T14:55:22.492838+00:00,1630170,Devin Vassell,SAS,pra,OVER,20.5,115,0.46511627906976744,0.4773255813953488,0.5,0.012209302325581373,0.026249999999999885,bovada,Bovada,2026-06-06T00:40:00Z,San Antonio Spurs,New York Knicks
2026-06-05,2026-06-05T14:55:22.492838+00:00,1642844,Dylan Harper,SAS,pra,UNDER,20.5,-109,0.5215311004784688,0.5347767357953079,0.6187515456245897,0.013245635316839088,0.025397594323113393,betrivers,BetRivers,2026-06-06T00:40:00Z,San Antonio Spurs,New York Knicks
2026-06-05,2026-06-05T14:55:22.492838+00:00,1641705,Victor Wembanyama,SAS,pra,OVER,40.5,-150,0.6,0.6150548758472737,0.7860278619844213,0.015054875847273719,0.025091459745456124,bovada,Bovada,2026-06-06T00:40:00Z,San Antonio Spurs,New York Knicks
2026-06-05,2026-06-05T14:55:22.492838+00:00,1628368,De'Aaron Fox,SAS,pra,OVER,21.5,-180,0.6428571428571429,0.6585190534572498,0.8752109177148966,0.01566191060010691,0.024362972044610853,bovada,Bovada,2026-06-06T00:40:00Z,San Antonio Spurs,New York Knicks
2026-06-05,2026-06-05T14:55:22.492838+00:00,1642844,Dylan Harper,SAS,pra,UNDER,20.5,-110,0.5238095238095238,0.5362577109604937,0.6187515456245897,0.012448187150969847,0.02376472092457882,betmgm,BetMGM,2026-06-06T00:40:00Z,San Antonio Spurs,New York Knicks
2026-06-05,2026-06-05T14:55:22.492838+00:00,1626157,Karl-Anthony Towns,NYK,pra,OVER,31.5,-120,0.5454545454545454,0.5583798792830076,0.664768141357446,0.012925333828462171,0.023696445352180573,betmgm,BetMGM,2026-06-06T00:40:00Z,San Antonio Spurs,New York Knicks
2026-06-05,2026-06-05T14:55:22.492838+00:00,1630577,Julian Champagnie,SAS,pra,UNDER,19.5,-159,0.6138996138996139,0.6284367404860715,0.8108685225789851,0.01453712658645756,0.023679973496179285,betrivers,BetRivers,2026-06-06T00:40:00Z,San Antonio Spurs,New York Knicks
2026-06-05,2026-06-05T14:55:22.492838+00:00,1628384,OG Anunoby,NYK,pra,UNDER,21.5,100,0.5,0.5112904779390667,0.5645170167946669,0.011290477939066679,0.022580955878133357,bovada,Bovada,2026-06-06T00:40:00Z,San Antonio Spurs,New York Knicks
2026-06-05,2026-06-05T14:55:22.492838+00:00,1626157,Karl-Anthony Towns,NYK,pra,OVER,32.5,-112,0.5283018867924528,0.5398325603102729,0.6224933365438776,0.011530673517820111,0.021825917730159516,betrivers,BetRivers,2026-06-06T00:40:00Z,San Antonio Spurs,New York Knicks
2026-06-05,2026-06-05T14:55:22.492838+00:00,1642844,Dylan Harper,SAS,pra,UNDER,21.5,-130,0.5652173913043478,0.5766384574483258,0.6956980177171411,0.011421066143977976,0.02020650163934562,fanduel,FanDuel,2026-06-06T00:40:00Z,San Antonio Spurs,New York Knicks
2026-06-05,2026-06-05T14:55:22.492838+00:00,1642844,Dylan Harper,SAS,pra,UNDER,23.5,-170,0.6296296296296297,0.6410080113962595,0.8242785836400011,0.011378381766629864,0.01807154751170631,bovada,Bovada,2026-06-06T00:40:00Z,San Antonio Spurs,New York Knicks
2026-06-05,2026-06-05T14:55:22.492838+00:00,1642264,Stephon Castle,SAS,pra,OVER,26.5,-160,0.6153846153846154,0.6264628012017168,0.7940731497240957,0.011078185817101405,0.01800205195278981,bovada,Bovada,2026-06-06T00:40:00Z,San Antonio Spurs,New York Knicks
2026-06-05,2026-06-05T14:55:22.492838+00:00,1626157,Karl-Anthony Towns,NYK,pra,OVER,31.5,-125,0.5555555555555556,0.5649455358486641,0.664768141357446,0.009389980293108557,0.01690196452759546,bovada,Bovada,2026-06-06T00:40:00Z,San Antonio Spurs,New York Knicks
2026-06-05,2026-06-05T14:55:22.492838+00:00,1628384,OG Anunoby,NYK,pra,UNDER,21.5,-104,0.5098039215686274,0.5176630269586745,0.5645170167946669,0.007859105390047083,0.01541593749586151,fanduel,FanDuel,2026-06-06T00:40:00Z,San Antonio Spurs,New York Knicks
2026-06-05,2026-06-05T14:55:22.492838+00:00,1641705,Victor Wembanyama,SAS,pra,OVER,39.5,-170,0.6296296296296297,0.6382240652859569,0.8083703201525576,0.008594435656327226,0.013649986042402085,bovada,Bovada,2026-06-06T00:40:00Z,San Antonio Spurs,New York Knicks
2026-06-05,2026-06-05T14:55:22.492838+00:00,1628384,OG Anunoby,NYK,pra,UNDER,22.5,-122,0.5495495495495496,0.55654832687687,0.6390921123980726,0.006998777327320349,0.012735480054632209,betrivers,BetRivers,2026-06-06T00:40:00Z,San Antonio Spurs,New York Knicks
2026-06-05,2026-06-05T14:55:22.492838+00:00,1628384,OG Anunoby,NYK,pra,UNDER,22.5,-122,0.5495495495495496,0.55654832687687,0.6390921123980726,0.006998777327320349,0.012735480054632209,draftkings,DraftKings,2026-06-06T00:40:00Z,San Antonio Spurs,New York Knicks
2026-06-05,2026-06-05T14:55:22.492838+00:00,1628973,Jalen Brunson,NYK,pra,UNDER,33.5,117,0.4608294930875576,0.466213238470063,0.4524232455037176,0.005383745382505412,0.011682727480036736,betrivers,BetRivers,2026-06-06T00:40:00Z,San Antonio Spurs,New York Knicks
2026-06-05,2026-06-05T14:55:22.492838+00:00,1630170,Devin Vassell,SAS,pra,OVER,19.5,-110,0.5238095238095238,0.529012658895589,0.5773512481108487,0.00520313508606518,0.009933257891579006,draftkings,DraftKings,2026-06-06T00:40:00Z,San Antonio Spurs,New York Knicks
2026-06-05,2026-06-05T14:55:22.492838+00:00,1630170,Devin Vassell,SAS,pra,OVER,19.5,-110,0.5238095238095238,0.529012658895589,0.5773512481108487,0.00520313508606518,0.009933257891579006,bovada,Bovada,2026-06-06T00:40:00Z,San Antonio Spurs,New York Knicks
2026-06-05,2026-06-05T14:55:22.492838+00:00,1642844,Dylan Harper,SAS,pra,UNDER,21.5,-139,0.5815899581589958,0.587280625903847,0.6956980177171411,0.005690667744851163,0.009784673316686532,betrivers,BetRivers,2026-06-06T00:40:00Z,San Antonio Spurs,New York Knicks
2026-06-05,2026-06-05T14:55:22.492838+00:00,1628384,OG Anunoby,NYK,pra,UNDER,22.5,-125,0.5555555555555556,0.5604522307807739,0.6390921123980726,0.0048966752252183054,0.008814015405393005,betmgm,BetMGM,2026-06-06T00:40:00Z,San Antonio Spurs,New York Knicks
2026-06-05,2026-06-05T14:55:22.492838+00:00,1628384,OG Anunoby,NYK,pra,UNDER,22.5,-125,0.5555555555555556,0.5604522307807739,0.6390921123980726,0.0048966752252183054,0.008814015405393005,bovada,Bovada,2026-06-06T00:40:00Z,San Antonio Spurs,New York Knicks
2026-06-05,2026-06-05T14:55:22.492838+00:00,1628973,Jalen Brunson,NYK,pra,UNDER,33.5,115,0.46511627906976744,0.4689996493584994,0.4524232455037176,0.00388337028873198,0.00834924612077359,bovada,Bovada,2026-06-06T00:40:00Z,San Antonio Spurs,New York Knicks
2026-06-05,2026-06-05T14:55:22.492838+00:00,1626157,Karl-Anthony Towns,NYK,pra,OVER,31.5,-134,0.5726495726495726,0.5760566469597752,0.664768141357446,0.0034070743102025958,0.005949667079010457,betrivers,BetRivers,2026-06-06T00:40:00Z,San Antonio Spurs,New York Knicks
2026-06-05,2026-06-05T14:55:22.492838+00:00,1642264,Stephon Castle,SAS,pra,OVER,25.5,-190,0.6551724137931034,0.6580079862064142,0.8265480985194115,0.002835572413310783,0.004327978946632172,bovada,Bovada,2026-06-06T00:40:00Z,San Antonio Spurs,New York Knicks
2026-06-05,2026-06-05T14:55:22.492838+00:00,1630170,Devin Vassell,SAS,pra,OVER,19.5,-114,0.5327102803738317,0.5347981506623891,0.5773512481108487,0.002087870288557392,0.003919335453958506,fanduel,FanDuel,2026-06-06T00:40:00Z,San Antonio Spurs,New York Knicks
2026-06-05,2026-06-05T14:55:22.492838+00:00,1630170,Devin Vassell,SAS,pra,OVER,20.5,102,0.49504950495049505,0.4967821782178218,0.5,0.0017326732673267342,0.0034999999999999476,betrivers,BetRivers,2026-06-06T00:40:00Z,San Antonio Spurs,New York Knicks
2026-06-05,2026-06-05T14:55:22.492838+00:00,1628384,OG Anunoby,NYK,pra,UNDER,23.5,-150,0.6,0.6015251258789205,0.7087150050224027,0.001525125878920508,0.0025418764648674763,bovada,Bovada,2026-06-06T00:40:00Z,San Antonio Spurs,New York Knicks
2026-06-05,2026-06-05T14:55:22.492838+00:00,1626157,Karl-Anthony Towns,NYK,pra,OVER,30.5,-150,0.6,0.6008841469753553,0.7050522684306016,0.0008841469753553266,0.0014735782922588037,bovada,Bovada,2026-06-06T00:40:00Z,San Antonio Spurs,New York Knicks
2026-06-05,2026-06-05T14:55:22.492838+00:00,1630170,Devin Vassell,SAS,pra,OVER,18.5,-135,0.574468085106383,0.574973088803094,0.6518219056225429,0.000505003696710915,0.0008790805090894138,bovada,Bovada,2026-06-06T00:40:00Z,San Antonio Spurs,New York Knicks
2026-06-05,2026-06-05T14:55:22.492838+00:00,1629011,Mitchell Robinson,NYK,pts,OVER,5.5,205,0.32786885245901637,0.690825907831872,0.9240575729597157,0.36295705537285566,1.1070190188872098,bovada,Bovada,2026-06-06T00:40:00Z,San Antonio Spurs,New York Knicks
2026-06-05,2026-06-05T14:55:22.492838+00:00,1628436,Luke Kornet,SAS,pts,OVER,3.5,200,0.3333333333333333,0.6983308613789908,0.9407352475088685,0.3649975280456575,1.0949925841369725,bovada,Bovada,2026-06-06T00:40:00Z,San Antonio Spurs,New York Knicks
2026-06-05,2026-06-05T14:55:22.492838+00:00,1629640,Keldon Johnson,SAS,pts,OVER,8.5,165,0.37735849056603776,0.713599461834635,0.9746654707436333,0.3362409712685972,0.8910385738617826,bovada,Bovada,2026-06-06T00:40:00Z,San Antonio Spurs,New York Knicks
2026-06-05,2026-06-05T14:55:22.492838+00:00,1630540,Miles McBride,NYK,pts,OVER,7.5,170,0.37037037037037035,0.6702902749297877,0.8784228331773059,0.2999199045594173,0.8097837423104266,bovada,Bovada,2026-06-06T00:40:00Z,San Antonio Spurs,New York Knicks
2026-06-05,2026-06-05T14:55:22.492838+00:00,1628969,Mikal Bridges,NYK,pts,UNDER,9.5,190,0.3448275862068966,0.5999873627057442,0.722194139346098,0.2551597764988476,0.739963351846658,bovada,Bovada,2026-06-06T00:40:00Z,San Antonio Spurs,New York Knicks
2026-06-05,2026-06-05T14:55:22.492838+00:00,1628368,De'Aaron Fox,SAS,pts,OVER,17.5,185,0.3508771929824561,0.5883595379987042,0.6963545288860093,0.2374823450162481,0.6768246832963071,bovada,Bovada,2026-06-06T00:40:00Z,San Antonio Spurs,New York Knicks
2026-06-05,2026-06-05T14:55:22.492838+00:00,1629011,Mitchell Robinson,NYK,pts,OVER,4.5,135,0.425531914893617,0.7120672094757874,0.9712604655017498,0.28653529458217036,0.6733579422681004,bovada,Bovada,2026-06-06T00:40:00Z,San Antonio Spurs,New York Knicks
2026-06-05,2026-06-05T14:55:22.492838+00:00,1628969,Mikal Bridges,NYK,pts,UNDER,10.5,145,0.40816326530612246,0.66120984570357,0.858244101563489,0.25304658039744754,0.6199641219737465,bovada,Bovada,2026-06-06T00:40:00Z,San Antonio Spurs,New York Knicks
2026-06-05,2026-06-05T14:55:22.492838+00:00,1628436,Luke Kornet,SAS,pts,OVER,2.5,125,0.4444444444444444,0.7196099783639325,0.988022174142072,0.27516553391948806,0.619122451318848,bovada,Bovada,2026-06-06T00:40:00Z,San Antonio Spurs,New York Knicks
2026-06-05,2026-06-05T14:55:22.492838+00:00,1641705,Victor Wembanyama,SAS,pts,OVER,31.5,200,0.3333333333333333,0.5346990639292148,0.5771090309538108,0.20136573059588153,0.6040971917876445,bovada,Bovada,2026-06-06T00:40:00Z,San Antonio Spurs,New York Knicks
2026-06-05,2026-06-05T14:55:22.492838+00:00,1629640,Keldon Johnson,SAS,pts,OVER,7.5,120,0.45454545454545453,0.7186623170319635,0.9859162600710301,0.26411686248650895,0.5810570974703196,bovada,Bovada,2026-06-06T00:40:00Z,San Antonio Spurs,New York Knicks
2026-06-05,2026-06-05T14:55:22.492838+00:00,1628368,De'Aaron Fox,SAS,pts,OVER,16.5,150,0.4,0.6179552339164578,0.7621227420365728,0.21795523391645777,0.5448880847911445,bovada,Bovada,2026-06-06T00:40:00Z,San Antonio Spurs,New York Knicks
2026-06-05,2026-06-05T14:55:22.492838+00:00,1630540,Miles McBride,NYK,pts,OVER,6.5,120,0.45454545454545453,0.6974641242273211,0.9388091649496024,0.24291866968186654,0.5344210733001064,bovada,Bovada,2026-06-06T00:40:00Z,San Antonio Spurs,New York Knicks
2026-06-05,2026-06-05T14:55:22.492838+00:00,1641705,Victor Wembanyama,SAS,pts,OVER,30.5,165,0.37735849056603776,0.5556820228735676,0.623737828607928,0.17832353230752984,0.4725573606149541,bovada,Bovada,2026-06-06T00:40:00Z,San Antonio Spurs,New York Knicks
2026-06-05,2026-06-05T14:55:22.492838+00:00,1629011,Mitchell Robinson,NYK,pts,OVER,3.5,100,0.5,0.7209584833081613,0.991018851795914,0.22095848330816126,0.4419169666163225,fanduel,FanDuel,2026-06-06T00:40:00Z,San Antonio Spurs,New York Knicks
2026-06-05,2026-06-05T14:55:22.492838+00:00,1626157,Karl-Anthony Towns,NYK,pts,OVER,20.5,205,0.32786885245901637,0.4709926755204626,0.4355392789343613,0.14312382306144622,0.43652766033741075,bovada,Bovada,2026-06-06T00:40:00Z,San Antonio Spurs,New York Knicks
2026-06-05,2026-06-05T14:55:22.492838+00:00,1628969,Mikal Bridges,NYK,pts,UNDER,11.5,105,0.4878048780487805,0.6980418919403587,0.9400930932007971,0.21023701389157823,0.4309858784777354,bovada,Bovada,2026-06-06T00:40:00Z,San Antonio Spurs,New York Knicks
2026-06-05,2026-06-05T14:55:22.492838+00:00,1629640,Keldon Johnson,SAS,pts,OVER,6.5,-106,0.5145631067961165,0.7216550819170646,0.992566848704588,0.20709197512094812,0.4024617629708992,fanduel,FanDuel,2026-06-06T00:40:00Z,San Antonio Spurs,New York Knicks
2026-06-05,2026-06-05T14:55:22.492838+00:00,1629640,Keldon Johnson,SAS,pts,OVER,6.5,-106,0.5145631067961165,0.7216550819170646,0.992566848704588,0.20709197512094812,0.4024617629708992,betrivers,BetRivers,2026-06-06T00:40:00Z,San Antonio Spurs,New York Knicks
2026-06-05,2026-06-05T14:55:22.492838+00:00,1628969,Mikal Bridges,NYK,pts,UNDER,11.5,100,0.5,0.6980418919403587,0.9400930932007971,0.1980418919403587,0.3960837838807174,fanduel,FanDuel,2026-06-06T00:40:00Z,San Antonio Spurs,New York Knicks
2026-06-05,2026-06-05T14:55:22.492838+00:00,1629011,Mitchell Robinson,NYK,pts,OVER,3.5,-107,0.5169082125603864,0.7209584833081613,0.991018851795914,0.20405027074777482,0.39475145836251757,williamhill_us,Caesars,2026-06-06T00:40:00Z,San Antonio Spurs,New York Knicks
2026-06-05,2026-06-05T14:55:22.492838+00:00,1628404,Josh Hart,NYK,pts,UNDER,8.5,180,0.35714285714285715,0.49535051705337446,0.4896678156741655,0.1382076599105173,0.38698144774944854,bovada,Bovada,2026-06-06T00:40:00Z,San Antonio Spurs,New York Knicks
2026-06-05,2026-06-05T14:55:22.492838+00:00,1630540,Miles McBride,NYK,pts,OVER,5.5,-106,0.5145631067961165,0.7127297907029538,0.9727328682287862,0.19816668390683734,0.38511638570574047,fanduel,FanDuel,2026-06-06T00:40:00Z,San Antonio Spurs,New York Knicks
2026-06-05,2026-06-05T14:55:22.492838+00:00,1628368,De'Aaron Fox,SAS,pts,OVER,15.5,115,0.46511627906976744,0.6436435564058695,0.8192079031241544,0.17852727733610202,0.3838336462726193,bovada,Bovada,2026-06-06T00:40:00Z,San Antonio Spurs,New York Knicks
2026-06-05,2026-06-05T14:55:22.492838+00:00,1641705,Victor Wembanyama,SAS,pts,OVER,29.5,140,0.4166666666666667,0.5758816606740849,0.6686259126090774,0.15921499400741818,0.3821159856178036,bovada,Bovada,2026-06-06T00:40:00Z,San Antonio Spurs,New York Knicks
2026-06-05,2026-06-05T14:55:22.492838+00:00,1629011,Mitchell Robinson,NYK,pts,OVER,3.5,-110,0.5238095238095238,0.7209584833081613,0.991018851795914,0.19714895949863742,0.3763752863155806,betrivers,BetRivers,2026-06-06T00:40:00Z,San Antonio Spurs,New York Knicks
2026-06-05,2026-06-05T14:55:22.492838+00:00,1629011,Mitchell Robinson,NYK,pts,OVER,3.5,-112,0.5283018867924528,0.7209584833081613,0.991018851795914,0.19265659651570843,0.36467141483330523,draftkings,DraftKings,2026-06-06T00:40:00Z,San Antonio Spurs,New York Knicks
2026-06-05,2026-06-05T14:55:22.492838+00:00,1629640,Keldon Johnson,SAS,pts,OVER,6.5,-114,0.5327102803738317,0.7216550819170646,0.992566848704588,0.1889448015432329,0.35468585552852483,williamhill_us,Caesars,2026-06-06T00:40:00Z,San Antonio Spurs,New York Knicks
2026-06-05,2026-06-05T14:55:22.492838+00:00,1629011,Mitchell Robinson,NYK,pts,OVER,3.5,-115,0.5348837209302325,0.7209584833081613,0.991018851795914,0.18607476237792875,0.3478789035761275,bovada,Bovada,2026-06-06T00:40:00Z,San Antonio Spurs,New York Knicks
2026-06-05,2026-06-05T14:55:22.492838+00:00,1626157,Karl-Anthony Towns,NYK,pts,OVER,19.5,165,0.37735849056603776,0.5073135651868387,0.5162523670818636,0.12995507462080091,0.3443809477451224,bovada,Bovada,2026-06-06T00:40:00Z,San Antonio Spurs,New York Knicks
2026-06-05,2026-06-05T14:55:22.492838+00:00,1628969,Mikal Bridges,NYK,pts,UNDER,11.5,-108,0.5192307692307693,0.6980418919403587,0.9400930932007971,0.17881112270958943,0.34437697707032044,betrivers,BetRivers,2026-06-06T00:40:00Z,San Antonio Spurs,New York Knicks
2026-06-05,2026-06-05T14:55:22.492838+00:00,1630540,Miles McBride,NYK,pts,OVER,5.5,-113,0.5305164319248826,0.7127297907029538,0.9727328682287862,0.1822133587780712,0.3434641187586652,betrivers,BetRivers,2026-06-06T00:40:00Z,San Antonio Spurs,New York Knicks
2026-06-05,2026-06-05T14:55:22.492838+00:00,1630540,Miles McBride,NYK,pts,OVER,5.5,-113,0.5305164319248826,0.7127297907029538,0.9727328682287862,0.1822133587780712,0.3434641187586652,williamhill_us,Caesars,2026-06-06T00:40:00Z,San Antonio Spurs,New York Knicks
2026-06-05,2026-06-05T14:55:22.492838+00:00,1630577,Julian Champagnie,SAS,pts,UNDER,8.5,190,0.3448275862068966,0.46264767271245133,0.41699482824989187,0.11782008650555476,0.3416782508661088,bovada,Bovada,2026-06-06T00:40:00Z,San Antonio Spurs,New York Knicks
2026-06-05,2026-06-05T14:55:22.492838+00:00,1629013,Landry Shamet,NYK,pts,UNDER,7.5,-101,0.5024875621890548,0.6699356825956079,0.8776348502124619,0.1674481204065531,0.33323833863086316,draftkings,DraftKings,2026-06-06T00:40:00Z,San Antonio Spurs,New York Knicks
2026-06-05,2026-06-05T14:55:22.492838+00:00,1629640,Keldon Johnson,SAS,pts,OVER,6.5,-118,0.5412844036697247,0.7216550819170646,0.992566848704588,0.18037067824733988,0.3332271852366109,draftkings,DraftKings,2026-06-06T00:40:00Z,San Antonio Spurs,New York Knicks
2026-06-05,2026-06-05T14:55:22.492838+00:00,1630540,Miles McBride,NYK,pts,OVER,5.5,-116,0.5370370370370371,0.7127297907029538,0.9727328682287862,0.17569275366591675,0.32715202406756916,draftkings,DraftKings,2026-06-06T00:40:00Z,San Antonio Spurs,New York Knicks
2026-06-05,2026-06-05T14:55:22.492838+00:00,1628404,Josh Hart,NYK,pts,UNDER,9.5,130,0.43478260869565216,0.5767811861937382,0.6706248582083072,0.14199857749808603,0.3265967282455978,bovada,Bovada,2026-06-06T00:40:00Z,San Antonio Spurs,New York Knicks
2026-06-05,2026-06-05T14:55:22.492838+00:00,1629640,Keldon Johnson,SAS,pts,OVER,6.5,-120,0.5454545454545454,0.7216550819170646,0.992566848704588,0.1762005364625192,0.3230343168479518,bovada,Bovada,2026-06-06T00:40:00Z,San Antonio Spurs,New York Knicks
2026-06-05,2026-06-05T14:55:22.492838+00:00,1630540,Miles McBride,NYK,pts,OVER,5.5,-120,0.5454545454545454,0.7127297907029538,0.9727328682287862,0.16727524524840842,0.30667128295541535,bovada,Bovada,2026-06-06T00:40:00Z,San Antonio Spurs,New York Knicks
2026-06-05,2026-06-05T14:55:22.492838+00:00,1630577,Julian Champagnie,SAS,pts,UNDER,9.5,140,0.4166666666666667,0.5420375884634206,0.5934168632520458,0.12537092179675396,0.30089021231220947,bovada,Bovada,2026-06-06T00:40:00Z,San Antonio Spurs,New York Knicks
2026-06-05,2026-06-05T14:55:22.492838+00:00,1628404,Josh Hart,NYK,pts,UNDER,10.5,101,0.4975124378109453,0.6432676164664668,0.8183724810365929,0.1457551786555215,0.2929679090975983,williamhill_us,Caesars,2026-06-06T00:40:00Z,San Antonio Spurs,New York Knicks
2026-06-05,2026-06-05T14:55:22.492838+00:00,1628969,Mikal Bridges,NYK,pts,UNDER,12.5,-124,0.5535714285714286,0.7156658226240504,0.979257383609001,0.16209439405262183,0.29281567957892973,draftkings,DraftKings,2026-06-06T00:40:00Z,San Antonio Spurs,New York Knicks
2026-06-05,2026-06-05T14:55:22.492838+00:00,1628969,Mikal Bridges,NYK,pts,UNDER,12.5,-125,0.5555555555555556,0.7156658226240504,0.979257383609001,0.16011026706849485,0.2881984807232908,williamhill_us,Caesars,2026-06-06T00:40:00Z,San Antonio Spurs,New York Knicks
2026-06-05,2026-06-05T14:55:22.492838+00:00,1628969,Mikal Bridges,NYK,pts,UNDER,12.5,-125,0.5555555555555556,0.7156658226240504,0.979257383609001,0.16011026706849485,0.2881984807232908,bovada,Bovada,2026-06-06T00:40:00Z,San Antonio Spurs,New York Knicks
2026-06-05,2026-06-05T14:55:22.492838+00:00,1628404,Josh Hart,NYK,pts,UNDER,10.5,100,0.5,0.6432676164664668,0.8183724810365929,0.1432676164664668,0.2865352329329336,fanduel,FanDuel,2026-06-06T00:40:00Z,San Antonio Spurs,New York Knicks
2026-06-05,2026-06-05T14:55:22.492838+00:00,1628404,Josh Hart,NYK,pts,UNDER,10.5,100,0.5,0.6432676164664668,0.8183724810365929,0.1432676164664668,0.2865352329329336,betrivers,BetRivers,2026-06-06T00:40:00Z,San Antonio Spurs,New York Knicks
2026-06-05,2026-06-05T14:55:22.492838+00:00,1628404,Josh Hart,NYK,pts,UNDER,10.5,100,0.5,0.6432676164664668,0.8183724810365929,0.1432676164664668,0.2865352329329336,fanatics,Fanatics,2026-06-06T00:40:00Z,San Antonio Spurs,New York Knicks
2026-06-05,2026-06-05T14:55:22.492838+00:00,1628368,De'Aaron Fox,SAS,pts,OVER,14.5,-108,0.5192307692307693,0.6650757341985674,0.8668349648857052,0.14584496496779809,0.2808865991972408,draftkings,DraftKings,2026-06-06T00:40:00Z,San Antonio Spurs,New York Knicks
2026-06-05,2026-06-05T14:55:22.492838+00:00,1629013,Landry Shamet,NYK,pts,UNDER,6.5,120,0.45454545454545453,0.5821427839727604,0.6825395199394675,0.1275973294273059,0.28071412474007296,bovada,Bovada,2026-06-06T00:40:00Z,San Antonio Spurs,New York Knicks
2026-06-05,2026-06-05T14:55:22.492838+00:00,1641705,Victor Wembanyama,SAS,pts,OVER,28.5,115,0.46511627906976744,0.5950457995185855,0.7112128878190789,0.12992952044881806,0.2793484689649588,bovada,Bovada,2026-06-06T00:40:00Z,San Antonio Spurs,New York Knicks
2026-06-05,2026-06-05T14:55:22.492838+00:00,1629013,Landry Shamet,NYK,pts,UNDER,7.5,-110,0.5238095238095238,0.6699356825956079,0.8776348502124619,0.14612615878608404,0.2789681213188877,williamhill_us,Caesars,2026-06-06T00:40:00Z,San Antonio Spurs,New York Knicks
2026-06-05,2026-06-05T14:55:22.492838+00:00,1626157,Karl-Anthony Towns,NYK,pts,OVER,18.5,135,0.425531914893617,0.5433361645700763,0.5963025879335029,0.11780424967645925,0.27683998673967924,bovada,Bovada,2026-06-06T00:40:00Z,San Antonio Spurs,New York Knicks
2026-06-05,2026-06-05T14:55:22.492838+00:00,1629013,Landry Shamet,NYK,pts,UNDER,5.5,175,0.36363636363636365,0.4619396604004812,0.4154214675566249,0.09830329676411753,0.27033406610132327,bovada,Bovada,2026-06-06T00:40:00Z,San Antonio Spurs,New York Knicks
2026-06-05,2026-06-05T14:55:22.492838+00:00,1628973,Jalen Brunson,NYK,pts,UNDER,21.5,210,0.3225806451612903,0.4097701365296024,0.2994891922880054,0.08718949136831211,0.2702874232417676,bovada,Bovada,2026-06-06T00:40:00Z,San Antonio Spurs,New York Knicks
2026-06-05,2026-06-05T14:55:22.492838+00:00,1628368,De'Aaron Fox,SAS,pts,OVER,14.5,-110,0.5238095238095238,0.6650757341985674,0.8668349648857052,0.14126621038904352,0.2696900380154468,fanduel,FanDuel,2026-06-06T00:40:00Z,San Antonio Spurs,New York Knicks
2026-06-05,2026-06-05T14:55:22.492838+00:00,1628368,De'Aaron Fox,SAS,pts,OVER,14.5,-110,0.5238095238095238,0.6650757341985674,0.8668349648857052,0.14126621038904352,0.2696900380154468,betrivers,BetRivers,2026-06-06T00:40:00Z,San Antonio Spurs,New York Knicks
2026-06-05,2026-06-05T14:55:22.492838+00:00,1628368,De'Aaron Fox,SAS,pts,OVER,14.5,-110,0.5238095238095238,0.6650757341985674,0.8668349648857052,0.14126621038904352,0.2696900380154468,williamhill_us,Caesars,2026-06-06T00:40:00Z,San Antonio Spurs,New York Knicks
2026-06-05,2026-06-05T14:55:22.492838+00:00,1628368,De'Aaron Fox,SAS,pts,OVER,14.5,-110,0.5238095238095238,0.6650757341985674,0.8668349648857052,0.14126621038904352,0.2696900380154468,bovada,Bovada,2026-06-06T00:40:00Z,San Antonio Spurs,New York Knicks
2026-06-05,2026-06-05T14:55:22.492838+00:00,1628404,Josh Hart,NYK,pts,UNDER,10.5,-103,0.5073891625615764,0.6432676164664668,0.8183724810365929,0.1358784539048904,0.26779928293876465,draftkings,DraftKings,2026-06-06T00:40:00Z,San Antonio Spurs,New York Knicks
2026-06-05,2026-06-05T14:55:22.492838+00:00,1629013,Landry Shamet,NYK,pts,UNDER,7.5,-113,0.5305164319248826,0.6699356825956079,0.8776348502124619,0.13941925067072525,0.26279911852092463,betrivers,BetRivers,2026-06-06T00:40:00Z,San Antonio Spurs,New York Knicks
2026-06-05,2026-06-05T14:55:22.492838+00:00,1630577,Julian Champagnie,SAS,pts,UNDER,10.5,105,0.4878048780487805,0.613610258184027,0.7524672404089489,0.12580538013524656,0.25790102927725544,betrivers,BetRivers,2026-06-06T00:40:00Z,San Antonio Spurs,New York Knicks
2026-06-05,2026-06-05T14:55:22.492838+00:00,1630577,Julian Champagnie,SAS,pts,UNDER,10.5,105,0.4878048780487805,0.613610258184027,0.7524672404089489,0.12580538013524656,0.25790102927725544,bovada,Bovada,2026-06-06T00:40:00Z,San Antonio Spurs,New York Knicks
2026-06-05,2026-06-05T14:55:22.492838+00:00,1628404,Josh Hart,NYK,pts,UNDER,10.5,-105,0.5121951219512195,0.6432676164664668,0.8183724810365929,0.13107249451524727,0.2559034416726256,bovada,Bovada,2026-06-06T00:40:00Z,San Antonio Spurs,New York Knicks
2026-06-05,2026-06-05T14:55:22.492838+00:00,1629011,Mitchell Robinson,NYK,pts,OVER,2.5,-137,0.5780590717299579,0.7239628994254165,0.997695332056481,0.14590382769545862,0.2524029719987132,betrivers,BetRivers,2026-06-06T00:40:00Z,San Antonio Spurs,New York Knicks
2026-06-05,2026-06-05T14:55:22.492838+00:00,1628384,OG Anunoby,NYK,pts,UNDER,12.5,170,0.37037037037037035,0.45920485626502056,0.409344125033379,0.0888344858946502,0.23985311191555558,bovada,Bovada,2026-06-06T00:40:00Z,San Antonio Spurs,New York Knicks
2026-06-05,2026-06-05T14:55:22.492838+00:00,1630170,Devin Vassell,SAS,pts,OVER,15.5,200,0.3333333333333333,0.41292212397393346,0.3064936088309632,0.07958879064060015,0.2387663719218004,bovada,Bovada,2026-06-06T00:40:00Z,San Antonio Spurs,New York Knicks
2026-06-05,2026-06-05T14:55:22.492838+00:00,1629013,Landry Shamet,NYK,pts,UNDER,7.5,-120,0.5454545454545454,0.6699356825956079,0.8776348502124619,0.12448113714106246,0.22821541809194779,bovada,Bovada,2026-06-06T00:40:00Z,San Antonio Spurs,New York Knicks
2026-06-05,2026-06-05T14:55:22.492838+00:00,1628436,Luke Kornet,SAS,pts,OVER,1.5,-144,0.5901639344262295,0.7242958189801258,0.9984351532891684,0.13413188455389635,0.22727902660521326,fanduel,FanDuel,2026-06-06T00:40:00Z,San Antonio Spurs,New York Knicks
2026-06-05,2026-06-05T14:55:22.492838+00:00,1641705,Victor Wembanyama,SAS,pts,OVER,27.5,100,0.5,0.6129644052763827,0.7510320117252949,0.11296440527638274,0.22592881055276548,williamhill_us,Caesars,2026-06-06T00:40:00Z,San Antonio Spurs,New York Knicks
2026-06-05,2026-06-05T14:55:22.492838+00:00,1628436,Luke Kornet,SAS,pts,OVER,1.5,-145,0.5918367346938775,0.7242958189801258,0.9984351532891684,0.1324590842862483,0.22381017689745403,williamhill_us,Caesars,2026-06-06T00:40:00Z,San Antonio Spurs,New York Knicks
2026-06-05,2026-06-05T14:55:22.492838+00:00,1641705,Victor Wembanyama,SAS,pts,OVER,28.5,105,0.4878048780487805,0.5950457995185855,0.7112128878190789,0.10724092146980502,0.21984388901310026,betrivers,BetRivers,2026-06-06T00:40:00Z,San Antonio Spurs,New York Knicks
2026-06-05,2026-06-05T14:55:22.492838+00:00,1630577,Julian Champagnie,SAS,pts,UNDER,10.5,-102,0.504950495049505,0.613610258184027,0.7524672404089489,0.10865976313452208,0.21518894267817112,fanduel,FanDuel,2026-06-06T00:40:00Z,San Antonio Spurs,New York Knicks
2026-06-05,2026-06-05T14:55:22.492838+00:00,1629013,Landry Shamet,NYK,pts,UNDER,6.5,108,0.4807692307692308,0.5821427839727604,0.6825395199394675,0.10137355320352964,0.21085699066334174,betrivers,BetRivers,2026-06-06T00:40:00Z,San Antonio Spurs,New York Knicks
2026-06-05,2026-06-05T14:55:22.492838+00:00,1628436,Luke Kornet,SAS,pts,OVER,1.5,-150,0.6,0.7242958189801258,0.9984351532891684,0.12429581898012587,0.20715969830020975,betrivers,BetRivers,2026-06-06T00:40:00Z,San Antonio Spurs,New York Knicks
2026-06-05,2026-06-05T14:55:22.492838+00:00,1628436,Luke Kornet,SAS,pts,OVER,1.5,-150,0.6,0.7242958189801258,0.9984351532891684,0.12429581898012587,0.20715969830020975,bovada,Bovada,2026-06-06T00:40:00Z,San Antonio Spurs,New York Knicks
2026-06-05,2026-06-05T14:55:22.492838+00:00,1629013,Landry Shamet,NYK,pts,UNDER,7.5,-125,0.5555555555555556,0.6699356825956079,0.8776348502124619,0.11438012704005229,0.20588422867209422,fanduel,FanDuel,2026-06-06T00:40:00Z,San Antonio Spurs,New York Knicks
2026-06-05,2026-06-05T14:55:22.492838+00:00,1628969,Mikal Bridges,NYK,pts,UNDER,12.5,-148,0.5967741935483871,0.7156658226240504,0.979257383609001,0.11889162907566331,0.19922381088354396,betrivers,BetRivers,2026-06-06T00:40:00Z,San Antonio Spurs,New York Knicks
2026-06-05,2026-06-05T14:55:22.492838+00:00,1628436,Luke Kornet,SAS,pts,OVER,1.5,-153,0.6047430830039525,0.7242958189801258,0.9984351532891684,0.11955273597617333,0.19769177909785518,draftkings,DraftKings,2026-06-06T00:40:00Z,San Antonio Spurs,New York Knicks
2026-06-05,2026-06-05T14:55:22.492838+00:00,1641705,Victor Wembanyama,SAS,pts,OVER,27.5,-105,0.5121951219512195,0.6129644052763827,0.7510320117252949,0.10076928332516322,0.19674002934912815,bovada,Bovada,2026-06-06T00:40:00Z,San Antonio Spurs,New York Knicks
2026-06-05,2026-06-05T14:55:22.492838+00:00,1628404,Josh Hart,NYK,pts,UNDER,11.5,-135,0.574468085106383,0.6870653400204783,0.9157007556010628,0.11259725491409522,0.19600262892453624,bovada,Bovada,2026-06-06T00:40:00Z,San Antonio Spurs,New York Knicks
2026-06-05,2026-06-05T14:55:22.492838+00:00,1628404,Josh Hart,NYK,pts,UNDER,11.5,-136,0.576271186440678,0.6870653400204783,0.9157007556010628,0.11079415357980027,0.1922604429767123,betrivers,BetRivers,2026-06-06T00:40:00Z,San Antonio Spurs,New York Knicks
2026-06-05,2026-06-05T14:55:22.492838+00:00,1630577,Julian Champagnie,SAS,pts,UNDER,11.5,-127,0.5594713656387665,0.666672503856882,0.8703833419041822,0.1072011382181155,0.19161148327174982,draftkings,DraftKings,2026-06-06T00:40:00Z,San Antonio Spurs,New York Knicks
2026-06-05,2026-06-05T14:55:22.492838+00:00,1641705,Victor Wembanyama,SAS,pts,OVER,27.5,-106,0.5145631067961165,0.6129644052763827,0.7510320117252949,0.09840129848026624,0.19123271214089477,fanduel,FanDuel,2026-06-06T00:40:00Z,San Antonio Spurs,New York Knicks
2026-06-05,2026-06-05T14:55:22.492838+00:00,1626157,Karl-Anthony Towns,NYK,pts,OVER,17.5,105,0.4878048780487805,0.5776249742024963,0.6724999426722139,0.08982009615371578,0.18413119711511738,bovada,Bovada,2026-06-06T00:40:00Z,San Antonio Spurs,New York Knicks
2026-06-05,2026-06-05T14:55:22.492838+00:00,1628384,OG Anunoby,NYK,pts,UNDER,13.5,130,0.43478260869565216,0.5129913860083538,0.5288697466852308,0.07820877731270165,0.17988018781921378,bovada,Bovada,2026-06-06T00:40:00Z,San Antonio Spurs,New York Knicks
2026-06-05,2026-06-05T14:55:22.492838+00:00,1630577,Julian Champagnie,SAS,pts,UNDER,11.5,-130,0.5652173913043478,0.666672503856882,0.8703833419041822,0.10145511255253425,0.17949750682371435,bovada,Bovada,2026-06-06T00:40:00Z,San Antonio Spurs,New York Knicks
2026-06-05,2026-06-05T14:55:22.492838+00:00,1630170,Devin Vassell,SAS,pts,OVER,14.5,155,0.39215686274509803,0.46167725625944506,0.4148383472432112,0.06952039351434702,0.17727700346158493,bovada,Bovada,2026-06-06T00:40:00Z,San Antonio Spurs,New York Knicks
2026-06-05,2026-06-05T14:55:22.492838+00:00,1628973,Jalen Brunson,NYK,pts,UNDER,22.5,170,0.37037037037037035,0.43602055389140076,0.3578234530920017,0.06565018352103041,0.1772554955067821,bovada,Bovada,2026-06-06T00:40:00Z,San Antonio Spurs,New York Knicks
2026-06-05,2026-06-05T14:55:22.492838+00:00,1630577,Julian Champagnie,SAS,pts,UNDER,11.5,-132,0.5689655172413793,0.666672503856882,0.8703833419041822,0.0977069866155027,0.1717274310211866,williamhill_us,Caesars,2026-06-06T00:40:00Z,San Antonio Spurs,New York Knicks
2026-06-05,2026-06-05T14:55:22.492838+00:00,1628969,Mikal Bridges,NYK,pts,UNDER,13.5,-165,0.6226415094339622,0.7223725339804309,0.9941611866231798,0.09973102454646865,0.16017406972614656,bovada,Bovada,2026-06-06T00:40:00Z,San Antonio Spurs,New York Knicks
2026-06-05,2026-06-05T14:55:22.492838+00:00,1642844,Dylan Harper,SAS,pts,UNDER,10.5,180,0.35714285714285715,0.41430469085460614,0.3095659796769026,0.05716183371174899,0.16005313439289726,bovada,Bovada,2026-06-06T00:40:00Z,San Antonio Spurs,New York Knicks
2026-06-05,2026-06-05T14:55:22.492838+00:00,1628436,Luke Kornet,SAS,pts,OVER,0.5,-167,0.6254681647940075,0.7249413550678121,0.9998696779284713,0.09947319027380463,0.15903797486889715,betrivers,BetRivers,2026-06-06T00:40:00Z,San Antonio Spurs,New York Knicks
2026-06-05,2026-06-05T14:55:22.492838+00:00,1630577,Julian Champagnie,SAS,pts,UNDER,11.5,-136,0.576271186440678,0.666672503856882,0.8703833419041822,0.09040131741620405,0.15687287433988356,betrivers,BetRivers,2026-06-06T00:40:00Z,San Antonio Spurs,New York Knicks
2026-06-05,2026-06-05T14:55:22.492838+00:00,1628368,De'Aaron Fox,SAS,pts,OVER,13.5,-145,0.5918367346938775,0.6822635237870213,0.9050300528600472,0.09042678909314372,0.15279009191600146,bovada,Bovada,2026-06-06T00:40:00Z,San Antonio Spurs,New York Knicks
2026-06-05,2026-06-05T14:55:22.492838+00:00,1642264,Stephon Castle,SAS,pts,UNDER,13.5,180,0.35714285714285715,0.40919335679128177,0.29820745953618166,0.05205049964842462,0.14574139901558902,bovada,Bovada,2026-06-06T00:40:00Z,San Antonio Spurs,New York Knicks
2026-06-05,2026-06-05T14:55:22.492838+00:00,1628368,De'Aaron Fox,SAS,pts,OVER,13.5,-148,0.5967741935483871,0.6822635237870213,0.9050300528600472,0.08548933023863414,0.14325239121068428,betrivers,BetRivers,2026-06-06T00:40:00Z,San Antonio Spurs,New York Knicks
2026-06-05,2026-06-05T14:55:22.492838+00:00,1641705,Victor Wembanyama,SAS,pts,OVER,27.5,-117,0.5391705069124424,0.6129644052763827,0.7510320117252949,0.07379389836394035,0.13686560636730816,betrivers,BetRivers,2026-06-06T00:40:00Z,San Antonio Spurs,New York Knicks
2026-06-05,2026-06-05T14:55:22.492838+00:00,1641705,Victor Wembanyama,SAS,pts,OVER,26.5,-125,0.5555555555555556,0.6294759773361396,0.7877243940803103,0.073920421780584,0.13305675920505122,draftkings,DraftKings,2026-06-06T00:40:00Z,San Antonio Spurs,New York Knicks
2026-06-05,2026-06-05T14:55:22.492838+00:00,1641705,Victor Wembanyama,SAS,pts,OVER,26.5,-125,0.5555555555555556,0.6294759773361396,0.7877243940803103,0.073920421780584,0.13305675920505122,bovada,Bovada,2026-06-06T00:40:00Z,San Antonio Spurs,New York Knicks
2026-06-05,2026-06-05T14:55:22.492838+00:00,1626157,Karl-Anthony Towns,NYK,pts,OVER,17.5,-104,0.5098039215686274,0.5776249742024963,0.6724999426722139,0.06782105263386884,0.133033603243358,betrivers,BetRivers,2026-06-06T00:40:00Z,San Antonio Spurs,New York Knicks
2026-06-05,2026-06-05T14:55:22.492838+00:00,1628384,OG Anunoby,NYK,pts,UNDER,14.5,100,0.5,0.5656241461311207,0.6458314358469347,0.06562414613112066,0.13124829226224133,bovada,Bovada,2026-06-06T00:40:00Z,San Antonio Spurs,New York Knicks
2026-06-05,2026-06-05T14:55:22.492838+00:00,1630170,Devin Vassell,SAS,pts,OVER,13.5,120,0.45454545454545453,0.513555785949922,0.5301239687776045,0.059010331404467486,0.1298227290898284,bovada,Bovada,2026-06-06T00:40:00Z,San Antonio Spurs,New York Knicks
2026-06-05,2026-06-05T14:55:22.492838+00:00,1626157,Karl-Anthony Towns,NYK,pts,OVER,16.5,-117,0.5391705069124424,0.6089496716292218,0.7421103813982705,0.06977916471677936,0.12941947644052243,draftkings,DraftKings,2026-06-06T00:40:00Z,San Antonio Spurs,New York Knicks
2026-06-05,2026-06-05T14:55:22.492838+00:00,1629013,Landry Shamet,NYK,pts,UNDER,8.5,-170,0.6296296296296297,0.7105837581342873,0.9679639069650829,0.08095412850465766,0.1285742040956328,bovada,Bovada,2026-06-06T00:40:00Z,San Antonio Spurs,New York Knicks
2026-06-05,2026-06-05T14:55:22.492838+00:00,1629640,Keldon Johnson,SAS,pts,OVER,5.5,-180,0.6428571428571429,0.7233250686243866,0.9962779302764145,0.08046792576724371,0.12517232897126807,bovada,Bovada,2026-06-06T00:40:00Z,San Antonio Spurs,New York Knicks
2026-06-05,2026-06-05T14:55:22.492838+00:00,1626157,Karl-Anthony Towns,NYK,pts,OVER,16.5,-118,0.5412844036697247,0.6089496716292218,0.7421103813982705,0.06766526795949701,0.12500871538279945,fanduel,FanDuel,2026-06-06T00:40:00Z,San Antonio Spurs,New York Knicks
2026-06-05,2026-06-05T14:55:22.492838+00:00,1628973,Jalen Brunson,NYK,pts,OVER,30.5,215,0.31746031746031744,0.35446807254763923,0.1765957167725316,0.03700775508732179,0.11657442852506361,bovada,Bovada,2026-06-06T00:40:00Z,San Antonio Spurs,New York Knicks
2026-06-05,2026-06-05T14:55:22.492838+00:00,1626157,Karl-Anthony Towns,NYK,pts,OVER,16.5,-120,0.5454545454545454,0.6089496716292218,0.7421103813982705,0.06349512617467634,0.11640773132023996,bovada,Bovada,2026-06-06T00:40:00Z,San Antonio Spurs,New York Knicks
2026-06-05,2026-06-05T14:55:22.492838+00:00,1626157,Karl-Anthony Towns,NYK,pts,OVER,16.5,-121,0.5475113122171946,0.6089496716292218,0.7421103813982705,0.06143835941202713,0.1122138630583307,williamhill_us,Caesars,2026-06-06T00:40:00Z,San Antonio Spurs,New York Knicks
2026-06-05,2026-06-05T14:55:22.492838+00:00,1630577,Julian Champagnie,SAS,pts,UNDER,12.5,-170,0.6296296296296297,0.6990223981635199,0.9422719959189331,0.0693927685338902,0.11021204414206098,bovada,Bovada,2026-06-06T00:40:00Z,San Antonio Spurs,New York Knicks
2026-06-05,2026-06-05T14:55:22.492838+00:00,1628384,OG Anunoby,NYK,pts,UNDER,14.5,-104,0.5098039215686274,0.5656241461311207,0.6458314358469347,0.05582022456249325,0.1094935174110444,betrivers,BetRivers,2026-06-06T00:40:00Z,San Antonio Spurs,New York Knicks
2026-06-05,2026-06-05T14:55:22.492838+00:00,1630540,Miles McBride,NYK,pts,OVER,4.5,-185,0.6491228070175439,0.7201777608116848,0.9892839129148551,0.07105495379414095,0.10946303692610909,bovada,Bovada,2026-06-06T00:40:00Z,San Antonio Spurs,New York Knicks
2026-06-05,2026-06-05T14:55:22.492838+00:00,1642844,Dylan Harper,SAS,pts,UNDER,11.5,135,0.425531914893617,0.47078346790830966,0.435074373129577,0.045251553014692636,0.10634114958452767,bovada,Bovada,2026-06-06T00:40:00Z,San Antonio Spurs,New York Knicks
2026-06-05,2026-06-05T14:55:22.492838+00:00,1628384,OG Anunoby,NYK,pts,UNDER,14.5,-105,0.5121951219512195,0.5656241461311207,0.6458314358469347,0.05342902417990114,0.10431380911314037,williamhill_us,Caesars,2026-06-06T00:40:00Z,San Antonio Spurs,New York Knicks
2026-06-05,2026-06-05T14:55:22.492838+00:00,1628384,OG Anunoby,NYK,pts,UNDER,15.5,-126,0.5575221238938053,0.6126803897240688,0.7504008660534861,0.05515826583026351,0.09893466728285355,draftkings,DraftKings,2026-06-06T00:40:00Z,San Antonio Spurs,New York Knicks
2026-06-05,2026-06-05T14:55:22.492838+00:00,1630170,Devin Vassell,SAS,pts,OVER,12.5,-106,0.5145631067961165,0.5643147100569865,0.6429215779044144,0.049751603260870025,0.09668707803527565,fanduel,FanDuel,2026-06-06T00:40:00Z,San Antonio Spurs,New York Knicks
2026-06-05,2026-06-05T14:55:22.492838+00:00,1628404,Josh Hart,NYK,pts,UNDER,12.5,-185,0.6491228070175439,0.7103423869703911,0.9674275266008692,0.061219579952847214,0.09431124479222414,bovada,Bovada,2026-06-06T00:40:00Z,San Antonio Spurs,New York Knicks
2026-06-05,2026-06-05T14:55:22.492838+00:00,1628973,Jalen Brunson,NYK,pts,UNDER,23.5,135,0.425531914893617,0.4638589795474485,0.4196866212165522,0.038327064653831455,0.09006860193650401,bovada,Bovada,2026-06-06T00:40:00Z,San Antonio Spurs,New York Knicks
2026-06-05,2026-06-05T14:55:22.492838+00:00,1628384,OG Anunoby,NYK,pts,UNDER,14.5,-108,0.5192307692307693,0.5656241461311207,0.6458314358469347,0.04639337690035139,0.08935020736363986,fanduel,FanDuel,2026-06-06T00:40:00Z,San Antonio Spurs,New York Knicks
2026-06-05,2026-06-05T14:55:22.492838+00:00,1630170,Devin Vassell,SAS,pts,OVER,13.5,112,0.4716981132075472,0.513555785949922,0.5301239687776045,0.04185767274237484,0.08873826621383474,betrivers,BetRivers,2026-06-06T00:40:00Z,San Antonio Spurs,New York Knicks
2026-06-05,2026-06-05T14:55:22.492838+00:00,1629011,Mitchell Robinson,NYK,pts,OVER,2.5,-200,0.6666666666666666,0.7239628994254165,0.997695332056481,0.05729623275874984,0.08594434913812471,bovada,Bovada,2026-06-06T00:40:00Z,San Antonio Spurs,New York Knicks
2026-06-05,2026-06-05T14:55:22.492838+00:00,1642264,Stephon Castle,SAS,pts,UNDER,14.5,140,0.4166666666666667,0.4516795770044204,0.3926212822320454,0.03501291033775372,0.08403098481060889,bovada,Bovada,2026-06-06T00:40:00Z,San Antonio Spurs,New York Knicks
2026-06-05,2026-06-05T14:55:22.492838+00:00,1628384,OG Anunoby,NYK,pts,UNDER,15.5,-130,0.5652173913043478,0.6126803897240688,0.7504008660534861,0.047462998419721014,0.08397299720412177,bovada,Bovada,2026-06-06T00:40:00Z,San Antonio Spurs,New York Knicks
2026-06-05,2026-06-05T14:55:22.492838+00:00,1630170,Devin Vassell,SAS,pts,OVER,12.5,-109,0.5215311004784688,0.5643147100569865,0.6429215779044144,0.04278360957851768,0.08203462754046043,draftkings,DraftKings,2026-06-06T00:40:00Z,San Antonio Spurs,New York Knicks
2026-06-05,2026-06-05T14:55:22.492838+00:00,1630170,Devin Vassell,SAS,pts,OVER,12.5,-110,0.5238095238095238,0.5643147100569865,0.6429215779044144,0.04050518624746269,0.07732808283606518,williamhill_us,Caesars,2026-06-06T00:40:00Z,San Antonio Spurs,New York Knicks
2026-06-05,2026-06-05T14:55:22.492838+00:00,1630170,Devin Vassell,SAS,pts,OVER,12.5,-110,0.5238095238095238,0.5643147100569865,0.6429215779044144,0.04050518624746269,0.07732808283606518,bovada,Bovada,2026-06-06T00:40:00Z,San Antonio Spurs,New York Knicks
2026-06-05,2026-06-05T14:55:22.492838+00:00,1641705,Victor Wembanyama,SAS,pts,OVER,25.5,-150,0.6,0.6444708207095118,0.8210462682433595,0.044470820709511805,0.07411803451585297,bovada,Bovada,2026-06-06T00:40:00Z,San Antonio Spurs,New York Knicks
2026-06-05,2026-06-05T14:55:22.492838+00:00,1642264,Stephon Castle,SAS,pts,UNDER,15.5,116,0.46296296296296297,0.4972310946105478,0.49384687691232854,0.034268131647584854,0.0740191643587832,betrivers,BetRivers,2026-06-06T00:40:00Z,San Antonio Spurs,New York Knicks
2026-06-05,2026-06-05T14:55:22.492838+00:00,1626157,Karl-Anthony Towns,NYK,pts,OVER,16.5,-132,0.5689655172413793,0.6089496716292218,0.7421103813982705,0.03998415438784242,0.07027518043923825,betrivers,BetRivers,2026-06-06T00:40:00Z,San Antonio Spurs,New York Knicks
2026-06-05,2026-06-05T14:55:22.492838+00:00,1628384,OG Anunoby,NYK,pts,UNDER,15.5,-134,0.5726495726495726,0.6126803897240688,0.7504008660534861,0.04003081707449618,0.06990456115994104,betrivers,BetRivers,2026-06-06T00:40:00Z,San Antonio Spurs,New York Knicks
2026-06-05,2026-06-05T14:55:22.492838+00:00,1641705,Victor Wembanyama,SAS,pts,OVER,26.5,-143,0.588477366255144,0.6294759773361396,0.7877243940803103,0.04099861108099556,0.06966896848029314,betrivers,BetRivers,2026-06-06T00:40:00Z,San Antonio Spurs,New York Knicks
2026-06-05,2026-06-05T14:55:22.492838+00:00,1628368,De'Aaron Fox,SAS,pts,OVER,12.5,-190,0.6551724137931034,0.6955129419237828,0.9344732042750729,0.04034052813067934,0.06157238504156315,bovada,Bovada,2026-06-06T00:40:00Z,San Antonio Spurs,New York Knicks
2026-06-05,2026-06-05T14:55:22.492838+00:00,1628969,Mikal Bridges,NYK,pts,UNDER,14.5,-215,0.6825396825396826,0.7244021108040505,0.9986713573423345,0.041862428264367924,0.06133332513151579,bovada,Bovada,2026-06-06T00:40:00Z,San Antonio Spurs,New York Knicks
2026-06-05,2026-06-05T14:55:22.492838+00:00,1642844,Dylan Harper,SAS,pts,UNDER,12.5,100,0.5,0.5303978050483479,0.5675506778852175,0.03039780504834788,0.06079561009669576,bovada,Bovada,2026-06-06T00:40:00Z,San Antonio Spurs,New York Knicks
2026-06-05,2026-06-05T14:55:22.492838+00:00,1626157,Karl-Anthony Towns,NYK,pts,OVER,15.5,-150,0.6,0.636414641200301,0.80314364711178,0.03641464120030102,0.060691068667168335,bovada,Bovada,2026-06-06T00:40:00Z,San Antonio Spurs,New York Knicks
2026-06-05,2026-06-05T14:55:22.492838+00:00,1642844,Dylan Harper,SAS,pts,UNDER,13.5,-127,0.5594713656387665,0.5867521642992398,0.692782587331644,0.027280798660473282,0.048761742487617665,draftkings,DraftKings,2026-06-06T00:40:00Z,San Antonio Spurs,New York Knicks
2026-06-05,2026-06-05T14:55:22.492838+00:00,1628384,OG Anunoby,NYK,pts,UNDER,16.5,-165,0.6226415094339622,0.6511179442435356,0.8358176538745236,0.028476434809573403,0.045734880148708745,bovada,Bovada,2026-06-06T00:40:00Z,San Antonio Spurs,New York Knicks
2026-06-05,2026-06-05T14:55:22.492838+00:00,1642264,Stephon Castle,SAS,pts,UNDER,15.5,110,0.47619047619047616,0.4972310946105478,0.49384687691232854,0.021040618420071655,0.04418529868215049,bovada,Bovada,2026-06-06T00:40:00Z,San Antonio Spurs,New York Knicks
2026-06-05,2026-06-05T14:55:22.492838+00:00,1642844,Dylan Harper,SAS,pts,UNDER,13.5,-130,0.5652173913043478,0.5867521642992398,0.692782587331644,0.021534772994892037,0.03809998299096279,bovada,Bovada,2026-06-06T00:40:00Z,San Antonio Spurs,New York Knicks
2026-06-05,2026-06-05T14:55:22.492838+00:00,1642844,Dylan Harper,SAS,pts,UNDER,12.5,-105,0.5121951219512195,0.5303978050483479,0.5675506778852175,0.018202683097128358,0.03553857176106012,williamhill_us,Caesars,2026-06-06T00:40:00Z,San Antonio Spurs,New York Knicks
2026-06-05,2026-06-05T14:55:22.492838+00:00,1630170,Devin Vassell,SAS,pts,OVER,12.5,-120,0.5454545454545454,0.5643147100569865,0.6429215779044144,0.01886016460244111,0.034576968437808664,betrivers,BetRivers,2026-06-06T00:40:00Z,San Antonio Spurs,New York Knicks
2026-06-05,2026-06-05T14:55:22.492838+00:00,1628973,Jalen Brunson,NYK,pts,UNDER,24.5,110,0.47619047619047616,0.49262221494165576,0.48360492209256833,0.016431738751179592,0.034506651377477104,bovada,Bovada,2026-06-06T00:40:00Z,San Antonio Spurs,New York Knicks
2026-06-05,2026-06-05T14:55:22.492838+00:00,1630170,Devin Vassell,SAS,pts,OVER,11.5,-145,0.5918367346938775,0.6099809380266143,0.7444020845035875,0.018144203332736808,0.03065744701048634,bovada,Bovada,2026-06-06T00:40:00Z,San Antonio Spurs,New York Knicks
2026-06-05,2026-06-05T14:55:22.492838+00:00,1628973,Jalen Brunson,NYK,pts,OVER,29.5,175,0.36363636363636365,0.37471616979030187,0.221591488422893,0.011079806153938221,0.03046946692333008,bovada,Bovada,2026-06-06T00:40:00Z,San Antonio Spurs,New York Knicks
2026-06-05,2026-06-05T14:55:22.492838+00:00,1630577,Julian Champagnie,SAS,pts,UNDER,13.5,-230,0.696969696969697,0.715240299704347,0.9783117771207712,0.018270602734649977,0.02621434305406306,bovada,Bovada,2026-06-06T00:40:00Z,San Antonio Spurs,New York Knicks
2026-06-05,2026-06-05T14:55:22.492838+00:00,1628973,Jalen Brunson,NYK,pts,UNDER,24.5,108,0.4807692307692308,0.49262221494165576,0.48360492209256833,0.011852984172424974,0.024654207078643964,betrivers,BetRivers,2026-06-06T00:40:00Z,San Antonio Spurs,New York Knicks
2026-06-05,2026-06-05T14:55:22.492838+00:00,1629013,Landry Shamet,NYK,pts,UNDER,9.5,-240,0.7058823529411765,0.7225066025306106,0.9944591167346901,0.016624249589434092,0.023551020251698362,bovada,Bovada,2026-06-06T00:40:00Z,San Antonio Spurs,New York Knicks
2026-06-05,2026-06-05T14:55:22.492838+00:00,1642264,Stephon Castle,SAS,pts,UNDER,16.5,-114,0.5327102803738317,0.5429626032858622,0.5954724517463605,0.010252322912030487,0.019245588624337784,betrivers,BetRivers,2026-06-06T00:40:00Z,San Antonio Spurs,New York Knicks
2026-06-05,2026-06-05T14:55:22.492838+00:00,1628404,Josh Hart,NYK,pts,UNDER,13.5,-245,0.7101449275362319,0.7203225793179518,0.9896057318176708,0.01017765178171992,0.014331795366095468,bovada,Bovada,2026-06-06T00:40:00Z,San Antonio Spurs,New York Knicks
2026-06-05,2026-06-05T14:55:22.492838+00:00,1641705,Victor Wembanyama,SAS,pts,OVER,24.5,-185,0.6491228070175439,0.6578911971309855,0.8508693269577455,0.00876839011344166,0.013508060445031778,bovada,Bovada,2026-06-06T00:40:00Z,San Antonio Spurs,New York Knicks
2026-06-05,2026-06-05T14:55:22.492838+00:00,1641705,Victor Wembanyama,SAS,pts,UNDER,22.5,215,0.31746031746031744,0.3199813349125694,0.0999585220279321,0.0025210174522519724,0.007941204974593608,bovada,Bovada,2026-06-06T00:40:00Z,San Antonio Spurs,New York Knicks
2026-06-05,2026-06-05T14:55:22.492838+00:00,1642844,Dylan Harper,SAS,pts,UNDER,14.5,-170,0.6296296296296297,0.6344627616118701,0.7988061369152669,0.004833131982240446,0.007676150795323133,bovada,Bovada,2026-06-06T00:40:00Z,San Antonio Spurs,New York Knicks
2026-06-05,2026-06-05T14:55:22.492838+00:00,1642264,Stephon Castle,SAS,pts,UNDER,16.5,-117,0.5391705069124424,0.5429626032858622,0.5954724517463605,0.0037920963734198176,0.007033204384889746,williamhill_us,Caesars,2026-06-06T00:40:00Z,San Antonio Spurs,New York Knicks
2026-06-05,2026-06-05T14:55:22.492838+00:00,1642844,Dylan Harper,SAS,pts,UNDER,12.5,-112,0.5283018867924528,0.5303978050483479,0.5675506778852175,0.0020959182558950573,0.003967273841515684,fanduel,FanDuel,2026-06-06T00:40:00Z,San Antonio Spurs,New York Knicks
2026-06-05,2026-06-05T14:55:22.492838+00:00,1642844,Dylan Harper,SAS,pts,UNDER,12.5,-112,0.5283018867924528,0.5303978050483479,0.5675506778852175,0.0020959182558950573,0.003967273841515684,betrivers,BetRivers,2026-06-06T00:40:00Z,San Antonio Spurs,New York Knicks
2026-06-05,2026-06-05T14:55:22.492838+00:00,1642264,Stephon Castle,SAS,pts,UNDER,16.5,-118,0.5412844036697247,0.5429626032858622,0.5954724517463605,0.0016781996161374657,0.0031004026806606966,draftkings,DraftKings,2026-06-06T00:40:00Z,San Antonio Spurs,New York Knicks
2026-06-05,2026-06-05T14:55:22.492838+00:00,1629640,Keldon Johnson,SAS,ra,OVER,4.5,205,0.32786885245901637,0.4618129852592293,0.9367058197327117,0.13394413280021294,0.4085296050406493,bovada,Bovada,2026-06-06T00:40:00Z,San Antonio Spurs,New York Knicks
2026-06-05,2026-06-05T14:55:22.492838+00:00,1628436,Luke Kornet,SAS,ra,OVER,3.5,175,0.36363636363636365,0.5014363636363637,0.9941447434490134,0.13780000000000003,0.3789500000000001,bovada,Bovada,2026-06-06T00:40:00Z,San Antonio Spurs,New York Knicks
2026-06-05,2026-06-05T14:55:22.492838+00:00,1628404,Josh Hart,NYK,ra,UNDER,12.5,145,0.40816326530612246,0.5361673469387755,0.9995557073193031,0.1280040816326531,0.31361000000000006,bovada,Bovada,2026-06-06T00:40:00Z,San Antonio Spurs,New York Knicks
2026-06-05,2026-06-05T14:55:22.492838+00:00,1642264,Stephon Castle,SAS,ra,OVER,12.5,130,0.43478260869565216,0.548781270706201,0.9529583451072376,0.11399866201054881,0.2621969226242623,bovada,Bovada,2026-06-06T00:40:00Z,San Antonio Spurs,New York Knicks
2026-06-05,2026-06-05T14:55:22.492838+00:00,1628404,Josh Hart,NYK,ra,UNDER,13.5,110,0.47619047619047616,0.5892285714285714,0.9999663336344649,0.11303809523809527,0.23738000000000004,betmgm,BetMGM,2026-06-06T00:40:00Z,San Antonio Spurs,New York Knicks
2026-06-05,2026-06-05T14:55:22.492838+00:00,1629640,Keldon Johnson,SAS,ra,OVER,3.5,105,0.4878048780487805,0.5963520094648331,0.9812009299399287,0.10854713141605266,0.22252161940290793,draftkings,DraftKings,2026-06-06T00:40:00Z,San Antonio Spurs,New York Knicks
2026-06-05,2026-06-05T14:55:22.492838+00:00,1629640,Keldon Johnson,SAS,ra,OVER,3.5,105,0.4878048780487805,0.5963520094648331,0.9812009299399287,0.10854713141605266,0.22252161940290793,bovada,Bovada,2026-06-06T00:40:00Z,San Antonio Spurs,New York Knicks
2026-06-05,2026-06-05T14:55:22.492838+00:00,1628404,Josh Hart,NYK,ra,UNDER,13.5,101,0.4975124378109453,0.6058597014925373,0.9999663336344649,0.10834726368159203,0.21777800000000003,draftkings,DraftKings,2026-06-06T00:40:00Z,San Antonio Spurs,New York Knicks
2026-06-05,2026-06-05T14:55:22.492838+00:00,1628969,Mikal Bridges,NYK,ra,UNDER,4.5,165,0.37735849056603776,0.45914801256567983,0.7491290451098653,0.08178952199964207,0.2167422332990515,bovada,Bovada,2026-06-06T00:40:00Z,San Antonio Spurs,New York Knicks
2026-06-05,2026-06-05T14:55:22.492838+00:00,1629011,Mitchell Robinson,NYK,ra,OVER,6.5,140,0.4166666666666667,0.5068937160468141,0.8267896183946095,0.09022704938014742,0.2165449185123538,bovada,Bovada,2026-06-06T00:40:00Z,San Antonio Spurs,New York Knicks
2026-06-05,2026-06-05T14:55:22.492838+00:00,1628404,Josh Hart,NYK,ra,UNDER,13.5,100,0.5,0.6078,0.9999663336344649,0.1078,0.2156,bovada,Bovada,2026-06-06T00:40:00Z,San Antonio Spurs,New York Knicks
2026-06-05,2026-06-05T14:55:22.492838+00:00,1642264,Stephon Castle,SAS,ra,OVER,11.5,100,0.5,0.6048911126702999,0.9767777848649997,0.10489111267029994,0.20978222534059987,fanduel,FanDuel,2026-06-06T00:40:00Z,San Antonio Spurs,New York Knicks
2026-06-05,2026-06-05T14:55:22.492838+00:00,1628404,Josh Hart,NYK,ra,UNDER,13.5,-106,0.5145631067961165,0.6191592233009708,0.9999663336344649,0.10459611650485434,0.20327169811320744,fanduel,FanDuel,2026-06-06T00:40:00Z,San Antonio Spurs,New York Knicks
2026-06-05,2026-06-05T14:55:22.492838+00:00,1642264,Stephon Castle,SAS,ra,OVER,11.5,-110,0.5238095238095238,0.6234625412417285,0.9767777848649997,0.09965301743220467,0.19024666964329984,betmgm,BetMGM,2026-06-06T00:40:00Z,San Antonio Spurs,New York Knicks
2026-06-05,2026-06-05T14:55:22.492838+00:00,1642264,Stephon Castle,SAS,ra,OVER,11.5,-115,0.5348837209302325,0.6321004149958813,0.9767777848649997,0.09721669406564881,0.18175294977490852,bovada,Bovada,2026-06-06T00:40:00Z,San Antonio Spurs,New York Knicks
2026-06-05,2026-06-05T14:55:22.492838+00:00,1642264,Stephon Castle,SAS,ra,OVER,11.5,-116,0.5370370370370371,0.6337800015591889,0.9767777848649997,0.09674296452215181,0.18014207186883446,draftkings,DraftKings,2026-06-06T00:40:00Z,San Antonio Spurs,New York Knicks
2026-06-05,2026-06-05T14:55:22.492838+00:00,1628436,Luke Kornet,SAS,ra,OVER,2.5,-123,0.5515695067264574,0.6480242152466368,0.9990811046801061,0.09645470852017934,0.17487317073170727,draftkings,DraftKings,2026-06-06T00:40:00Z,San Antonio Spurs,New York Knicks
2026-06-05,2026-06-05T14:55:22.492838+00:00,1628436,Luke Kornet,SAS,ra,OVER,2.5,-125,0.5555555555555556,0.6511333333333333,0.9990811046801061,0.09557777777777776,0.17204000000000008,bovada,Bovada,2026-06-06T00:40:00Z,San Antonio Spurs,New York Knicks
2026-06-05,2026-06-05T14:55:22.492838+00:00,1628969,Mikal Bridges,NYK,ra,UNDER,5.5,-109,0.5215311004784688,0.6083210257990503,0.9160307610265663,0.0867899253205815,0.16641371001836258,draftkings,DraftKings,2026-06-06T00:40:00Z,San Antonio Spurs,New York Knicks
2026-06-05,2026-06-05T14:55:22.492838+00:00,1628969,Mikal Bridges,NYK,ra,UNDER,5.5,-110,0.5238095238095238,0.6100981959972732,0.9160307610265663,0.08628867218774938,0.164732919631158,fanduel,FanDuel,2026-06-06T00:40:00Z,San Antonio Spurs,New York Knicks
2026-06-05,2026-06-05T14:55:22.492838+00:00,1628969,Mikal Bridges,NYK,ra,UNDER,5.5,-110,0.5238095238095238,0.6100981959972732,0.9160307610265663,0.08628867218774938,0.164732919631158,betmgm,BetMGM,2026-06-06T00:40:00Z,San Antonio Spurs,New York Knicks
2026-06-05,2026-06-05T14:55:22.492838+00:00,1628969,Mikal Bridges,NYK,ra,UNDER,5.5,-110,0.5238095238095238,0.6100981959972732,0.9160307610265663,0.08628867218774938,0.164732919631158,bovada,Bovada,2026-06-06T00:40:00Z,San Antonio Spurs,New York Knicks
2026-06-05,2026-06-05T14:55:22.492838+00:00,1630540,Miles McBride,NYK,ra,OVER,3.5,210,0.3225806451612903,0.3715215016430507,0.5450390837147465,0.048940856481760386,0.1517166550934571,bovada,Bovada,2026-06-06T00:40:00Z,San Antonio Spurs,New York Knicks
2026-06-05,2026-06-05T14:55:22.492838+00:00,1628404,Josh Hart,NYK,ra,UNDER,14.5,-145,0.5918367346938775,0.6794326530612245,0.9999983194598084,0.08759591836734693,0.1480068965517241,bovada,Bovada,2026-06-06T00:40:00Z,San Antonio Spurs,New York Knicks
2026-06-05,2026-06-05T14:55:22.492838+00:00,1629011,Mitchell Robinson,NYK,ra,OVER,5.5,-123,0.5515695067264574,0.6314997016069096,0.9148885743648763,0.07993019488045217,0.14491409315724257,draftkings,DraftKings,2026-06-06T00:40:00Z,San Antonio Spurs,New York Knicks
2026-06-05,2026-06-05T14:55:22.492838+00:00,1629011,Mitchell Robinson,NYK,ra,OVER,5.5,-125,0.5555555555555556,0.6346088196936062,0.9148885743648763,0.07905326413805058,0.1422958754484911,bovada,Bovada,2026-06-06T00:40:00Z,San Antonio Spurs,New York Knicks
2026-06-05,2026-06-05T14:55:22.492838+00:00,1642264,Stephon Castle,SAS,ra,OVER,10.5,-170,0.6296296296296297,0.7088037912567944,0.9895121824803784,0.07917416162716473,0.12574719787843813,bovada,Bovada,2026-06-06T00:40:00Z,San Antonio Spurs,New York Knicks
2026-06-05,2026-06-05T14:55:22.492838+00:00,1630540,Miles McBride,NYK,ra,OVER,2.5,-105,0.5121951219512195,0.5741837149840447,0.7939614539186071,0.06198859303282522,0.12102534830218259,bovada,Bovada,2026-06-06T00:40:00Z,San Antonio Spurs,New York Knicks
2026-06-05,2026-06-05T14:55:22.492838+00:00,1630540,Miles McBride,NYK,ra,OVER,2.5,-106,0.5145631067961165,0.5760307431630645,0.7939614539186071,0.061467636366947964,0.11945597256218188,draftkings,DraftKings,2026-06-06T00:40:00Z,San Antonio Spurs,New York Knicks
2026-06-05,2026-06-05T14:55:22.492838+00:00,1628969,Mikal Bridges,NYK,ra,UNDER,6.5,-190,0.6551724137931034,0.7269664858906336,0.9815091051455134,0.07179407209753019,0.10958042583307237,bovada,Bovada,2026-06-06T00:40:00Z,San Antonio Spurs,New York Knicks
2026-06-05,2026-06-05T14:55:22.492838+00:00,1641705,Victor Wembanyama,SAS,ra,OVER,15.5,110,0.47619047619047616,0.5273687900084387,0.7088191753630332,0.05117831381796256,0.10747445901772135,bovada,Bovada,2026-06-06T00:40:00Z,San Antonio Spurs,New York Knicks
2026-06-05,2026-06-05T14:55:22.492838+00:00,1642844,Dylan Harper,SAS,ra,UNDER,8.5,-135,0.574468085106383,0.6337718623697561,0.844030709030806,0.0593037772633731,0.10323250116216803,bovada,Bovada,2026-06-06T00:40:00Z,San Antonio Spurs,New York Knicks
2026-06-05,2026-06-05T14:55:22.492838+00:00,1641705,Victor Wembanyama,SAS,ra,OVER,14.5,-120,0.5454545454545454,0.6013163438418322,0.7993718108513037,0.055861798387286776,0.102413297043359,betmgm,BetMGM,2026-06-06T00:40:00Z,San Antonio Spurs,New York Knicks
2026-06-05,2026-06-05T14:55:22.492838+00:00,1642844,Dylan Harper,SAS,ra,UNDER,8.5,-136,0.576271186440678,0.6351782814105061,0.844030709030806,0.058907094969828155,0.1022211353888195,draftkings,DraftKings,2026-06-06T00:40:00Z,San Antonio Spurs,New York Knicks
2026-06-05,2026-06-05T14:55:22.492838+00:00,1629640,Keldon Johnson,SAS,ra,OVER,2.5,-215,0.6825396825396826,0.7501809523809524,0.9957398318799688,0.06764126984126984,0.09910232558139537,bovada,Bovada,2026-06-06T00:40:00Z,San Antonio Spurs,New York Knicks
2026-06-05,2026-06-05T14:55:22.492838+00:00,1641705,Victor Wembanyama,SAS,ra,OVER,14.5,-130,0.5652173913043478,0.6167313636046781,0.7993718108513037,0.05151397230033028,0.09114010483904583,bovada,Bovada,2026-06-06T00:40:00Z,San Antonio Spurs,New York Knicks
2026-06-05,2026-06-05T14:55:22.492838+00:00,1641705,Victor Wembanyama,SAS,ra,OVER,14.5,-132,0.5689655172413793,0.6196549018355627,0.7993718108513037,0.05068938459418337,0.08909043352917084,fanduel,FanDuel,2026-06-06T00:40:00Z,San Antonio Spurs,New York Knicks
2026-06-05,2026-06-05T14:55:22.492838+00:00,1641705,Victor Wembanyama,SAS,ra,OVER,14.5,-133,0.5708154506437768,0.6210978498894327,0.7993718108513037,0.05028239924565592,0.08808871446795358,draftkings,DraftKings,2026-06-06T00:40:00Z,San Antonio Spurs,New York Knicks
2026-06-05,2026-06-05T14:55:22.492838+00:00,1628368,De'Aaron Fox,SAS,ra,OVER,8.5,-145,0.5918367346938775,0.6395888127595275,0.8088916349922863,0.04775207806564996,0.08068454569713268,bovada,Bovada,2026-06-06T00:40:00Z,San Antonio Spurs,New York Knicks
2026-06-05,2026-06-05T14:55:22.492838+00:00,1629011,Mitchell Robinson,NYK,ra,OVER,4.5,-240,0.7058823529411765,0.7627082276133089,0.9641817832690511,0.056825874672132404,0.08050332245218766,bovada,Bovada,2026-06-06T00:40:00Z,San Antonio Spurs,New York Knicks
2026-06-05,2026-06-05T14:55:22.492838+00:00,1642844,Dylan Harper,SAS,ra,UNDER,7.5,120,0.45454545454545453,0.4908260698811123,0.6194573424348082,0.036280615335657795,0.07981735373844712,bovada,Bovada,2026-06-06T00:40:00Z,San Antonio Spurs,New York Knicks
2026-06-05,2026-06-05T14:55:22.492838+00:00,1628368,De'Aaron Fox,SAS,ra,OVER,9.5,112,0.4716981132075472,0.5064598111204033,0.6297058309932566,0.034761697912856104,0.07369479957525504,draftkings,DraftKings,2026-06-06T00:40:00Z,San Antonio Spurs,New York Knicks
2026-06-05,2026-06-05T14:55:22.492838+00:00,1641705,Victor Wembanyama,SAS,ra,OVER,13.5,-190,0.6551724137931034,0.7025473986809082,0.8705132541922161,0.04737498488780478,0.07230918746033355,bovada,Bovada,2026-06-06T00:40:00Z,San Antonio Spurs,New York Knicks
2026-06-05,2026-06-05T14:55:22.492838+00:00,1628368,De'Aaron Fox,SAS,ra,OVER,9.5,110,0.47619047619047616,0.5099638542470879,0.6297058309932566,0.033773378056611736,0.07092409391888466,bovada,Bovada,2026-06-06T00:40:00Z,San Antonio Spurs,New York Knicks
2026-06-05,2026-06-05T14:55:22.492838+00:00,1642844,Dylan Harper,SAS,ra,UNDER,7.5,112,0.4716981132075472,0.5042051436375447,0.6194573424348082,0.032507030429997474,0.06891490451159477,fanduel,FanDuel,2026-06-06T00:40:00Z,San Antonio Spurs,New York Knicks
2026-06-05,2026-06-05T14:55:22.492838+00:00,1628368,De'Aaron Fox,SAS,ra,OVER,7.5,-240,0.7058823529411765,0.7533610872127956,0.9216947814485358,0.04747873427161908,0.06726154021812714,bovada,Bovada,2026-06-06T00:40:00Z,San Antonio Spurs,New York Knicks
2026-06-05,2026-06-05T14:55:22.492838+00:00,1628384,OG Anunoby,NYK,ra,OVER,6.5,-118,0.5412844036697247,0.5769580836801284,0.7034374946261046,0.03567368001040361,0.06590561222260999,betmgm,BetMGM,2026-06-06T00:40:00Z,San Antonio Spurs,New York Knicks
2026-06-05,2026-06-05T14:55:22.492838+00:00,1628973,Jalen Brunson,NYK,ra,OVER,8.5,-135,0.574468085106383,0.6092985668192008,0.7327884565282818,0.034830481712817773,0.06063083853712731,betmgm,BetMGM,2026-06-06T00:40:00Z,San Antonio Spurs,New York Knicks
2026-06-05,2026-06-05T14:55:22.492838+00:00,1630540,Miles McBride,NYK,ra,OVER,1.5,-280,0.7368421052631579,0.7808027194893709,0.9366630790186715,0.043960614226213,0.05966083359271762,bovada,Bovada,2026-06-06T00:40:00Z,San Antonio Spurs,New York Knicks
2026-06-05,2026-06-05T14:55:22.492838+00:00,1628368,De'Aaron Fox,SAS,ra,OVER,9.5,100,0.5,0.5285352828185165,0.6297058309932566,0.028535282818516472,0.057070565637032944,betmgm,BetMGM,2026-06-06T00:40:00Z,San Antonio Spurs,New York Knicks
2026-06-05,2026-06-05T14:55:22.492838+00:00,1628384,OG Anunoby,NYK,ra,OVER,5.5,-245,0.7101449275362319,0.7453538870897842,0.8701856527796512,0.0352089595535523,0.04957996345296145,bovada,Bovada,2026-06-06T00:40:00Z,San Antonio Spurs,New York Knicks
2026-06-05,2026-06-05T14:55:22.492838+00:00,1628384,OG Anunoby,NYK,ra,OVER,6.5,-135,0.574468085106383,0.6028413552007218,0.7034374946261046,0.028373270094338765,0.04939050720125643,bovada,Bovada,2026-06-06T00:40:00Z,San Antonio Spurs,New York Knicks
2026-06-05,2026-06-05T14:55:22.492838+00:00,1628368,De'Aaron Fox,SAS,ra,OVER,9.5,-106,0.5145631067961165,0.5398945061194873,0.6297058309932566,0.025331399323370807,0.04922894585485271,fanduel,FanDuel,2026-06-06T00:40:00Z,San Antonio Spurs,New York Knicks
2026-06-05,2026-06-05T14:55:22.492838+00:00,1628973,Jalen Brunson,NYK,ra,OVER,8.5,-150,0.6,0.629213460436222,0.7327884565282818,0.029213460436221972,0.04868910072703658,bovada,Bovada,2026-06-06T00:40:00Z,San Antonio Spurs,New York Knicks
2026-06-05,2026-06-05T14:55:22.492838+00:00,1628384,OG Anunoby,NYK,ra,OVER,6.5,-138,0.5798319327731093,0.6070251563807683,0.7034374946261046,0.027193223607658967,0.04689845810596266,fanduel,FanDuel,2026-06-06T00:40:00Z,San Antonio Spurs,New York Knicks
2026-06-05,2026-06-05T14:55:22.492838+00:00,1628384,OG Anunoby,NYK,ra,OVER,6.5,-138,0.5798319327731093,0.6070251563807683,0.7034374946261046,0.027193223607658967,0.04689845810596266,draftkings,DraftKings,2026-06-06T00:40:00Z,San Antonio Spurs,New York Knicks
2026-06-05,2026-06-05T14:55:22.492838+00:00,1628973,Jalen Brunson,NYK,ra,OVER,7.5,-250,0.7142857142857143,0.7476564759053121,0.8659709943747952,0.033370761619597844,0.04671906626743699,bovada,Bovada,2026-06-06T00:40:00Z,San Antonio Spurs,New York Knicks
2026-06-05,2026-06-05T14:55:22.492838+00:00,1630577,Julian Champagnie,SAS,ra,UNDER,8.5,-215,0.6825396825396826,0.7115565929643974,0.8144347299247503,0.02901691042471488,0.04251314783155902,bovada,Bovada,2026-06-06T00:40:00Z,San Antonio Spurs,New York Knicks
2026-06-05,2026-06-05T14:55:22.492838+00:00,1628973,Jalen Brunson,NYK,ra,OVER,9.5,112,0.4716981132075472,0.48973641210304725,0.5536903809143656,0.01803829889550007,0.038241193658460126,fanduel,FanDuel,2026-06-06T00:40:00Z,San Antonio Spurs,New York Knicks
2026-06-05,2026-06-05T14:55:22.492838+00:00,1626157,Karl-Anthony Towns,NYK,ra,OVER,14.5,-120,0.5454545454545454,0.5662015577639145,0.6397591468607683,0.02074701230936904,0.038036189233843165,fanduel,FanDuel,2026-06-06T00:40:00Z,San Antonio Spurs,New York Knicks
2026-06-05,2026-06-05T14:55:22.492838+00:00,1626157,Karl-Anthony Towns,NYK,ra,OVER,13.5,-200,0.6666666666666666,0.686691284245788,0.7576876556626728,0.02002461757912133,0.030036926368681938,bovada,Bovada,2026-06-06T00:40:00Z,San Antonio Spurs,New York Knicks
2026-06-05,2026-06-05T14:55:22.492838+00:00,1628973,Jalen Brunson,NYK,ra,OVER,9.5,105,0.4878048780487805,0.5022996886792092,0.5536903809143656,0.014494810630428678,0.02971436179237874,bovada,Bovada,2026-06-06T00:40:00Z,San Antonio Spurs,New York Knicks
2026-06-05,2026-06-05T14:55:22.492838+00:00,1630170,Devin Vassell,SAS,ra,OVER,5.5,-230,0.696969696969697,0.7174508104688417,0.7900656674203548,0.02048111349914472,0.02938594545529466,bovada,Bovada,2026-06-06T00:40:00Z,San Antonio Spurs,New York Knicks
2026-06-05,2026-06-05T14:55:22.492838+00:00,1628973,Jalen Brunson,NYK,ra,OVER,9.5,104,0.49019607843137253,0.504164824977631,0.5536903809143656,0.013968746546258515,0.028496242954367368,draftkings,DraftKings,2026-06-06T00:40:00Z,San Antonio Spurs,New York Knicks
2026-06-05,2026-06-05T14:55:22.492838+00:00,1626157,Karl-Anthony Towns,NYK,ra,OVER,14.5,-135,0.574468085106383,0.5888321186923478,0.6397591468607683,0.01436403358596472,0.02500405846445719,bovada,Bovada,2026-06-06T00:40:00Z,San Antonio Spurs,New York Knicks
2026-06-05,2026-06-05T14:55:22.492838+00:00,1630170,Devin Vassell,SAS,ra,UNDER,7.5,-170,0.6296296296296297,0.6427983393072546,0.6894874008915612,0.013168709677624957,0.02091500948799263,bovada,Bovada,2026-06-06T00:40:00Z,San Antonio Spurs,New York Knicks
2026-06-05,2026-06-05T14:55:22.492838+00:00,1630577,Julian Champagnie,SAS,ra,UNDER,7.5,-130,0.5652173913043478,0.5763160804486969,0.6156659783241165,0.011098689144349083,0.01963614233230987,bovada,Bovada,2026-06-06T00:40:00Z,San Antonio Spurs,New York Knicks
2026-06-05,2026-06-05T14:55:22.492838+00:00,1630577,Julian Champagnie,SAS,ra,UNDER,7.5,-131,0.5670995670995671,0.5777841775689679,0.6156659783241165,0.010684610469400835,0.01884080166741675,draftkings,DraftKings,2026-06-06T00:40:00Z,San Antonio Spurs,New York Knicks
2026-06-05,2026-06-05T14:55:22.492838+00:00,1628384,OG Anunoby,NYK,ra,OVER,7.5,120,0.45454545454545453,0.45940142302783166,0.4766180385562597,0.0048559684823771265,0.010683130661229612,bovada,Bovada,2026-06-06T00:40:00Z,San Antonio Spurs,New York Knicks
2026-06-05,2026-06-05T14:55:22.492838+00:00,1626157,Karl-Anthony Towns,NYK,ra,OVER,15.5,105,0.4878048780487805,0.4919575324433216,0.5066805798421492,0.0041526543945411,0.008512941508809324,bovada,Bovada,2026-06-06T00:40:00Z,San Antonio Spurs,New York Knicks
2026-06-05,2026-06-05T14:55:22.492838+00:00,1642844,Dylan Harper,SAS,ra,UNDER,6.5,200,0.3333333333333333,0.33556018676627064,0.34345539439213923,0.0022268534329373257,0.006680560298811922,bovada,Bovada,2026-06-06T00:40:00Z,San Antonio Spurs,New York Knicks
2026-06-05,2026-06-05T14:55:22.492838+00:00,1630577,Julian Champagnie,SAS,ra,UNDER,7.5,-150,0.6,0.6034465152313057,0.6156659783241165,0.00344651523130568,0.005744192052176078,betmgm,BetMGM,2026-06-06T00:40:00Z,San Antonio Spurs,New York Knicks
2026-06-05,2026-06-05T14:55:22.492838+00:00,1626157,Karl-Anthony Towns,NYK,ra,OVER,15.5,102,0.49504950495049505,0.49760834142665894,0.5066805798421492,0.002558836476163895,0.005168849681851162,draftkings,DraftKings,2026-06-06T00:40:00Z,San Antonio Spurs,New York Knicks
2026-06-05,2026-06-05T14:55:22.492838+00:00,1626157,Karl-Anthony Towns,NYK,ra,OVER,15.5,100,0.5,0.5014697275652729,0.5066805798421492,0.0014697275652728603,0.0029394551305457206,betmgm,BetMGM,2026-06-06T00:40:00Z,San Antonio Spurs,New York Knicks
2026-06-05,2026-06-05T14:55:22.492838+00:00,1629640,Keldon Johnson,SAS,reb,OVER,3.5,190,0.3448275862068966,0.4362180472503558,0.9540973264966246,0.09139046104345921,0.2650323370260318,bovada,Bovada,2026-06-06T00:40:00Z,San Antonio Spurs,New York Knicks
2026-06-05,2026-06-05T14:55:22.492838+00:00,1628404,Josh Hart,NYK,reb,UNDER,7.5,170,0.37037037037037035,0.4633148148148148,0.9956377208335748,0.09294444444444444,0.2509499999999999,bovada,Bovada,2026-06-06T00:40:00Z,San Antonio Spurs,New York Knicks
2026-06-05,2026-06-05T14:55:22.492838+00:00,1629011,Mitchell Robinson,NYK,reb,OVER,6.5,190,0.3448275862068966,0.4156840825129102,0.8172042282469877,0.07085649630601365,0.20548383928743963,bovada,Bovada,2026-06-06T00:40:00Z,San Antonio Spurs,New York Knicks
2026-06-05,2026-06-05T14:55:22.492838+00:00,1628436,Luke Kornet,SAS,reb,OVER,2.5,130,0.43478260869565216,0.5172078817161855,0.9842844288325412,0.08242527302053332,0.18957812794722662,draftkings,DraftKings,2026-06-06T00:40:00Z,San Antonio Spurs,New York Knicks
2026-06-05,2026-06-05T14:55:22.492838+00:00,1628436,Luke Kornet,SAS,reb,OVER,2.5,130,0.43478260869565216,0.5172078817161855,0.9842844288325412,0.08242527302053332,0.18957812794722662,bovada,Bovada,2026-06-06T00:40:00Z,San Antonio Spurs,New York Knicks
2026-06-05,2026-06-05T14:55:22.492838+00:00,1628404,Josh Hart,NYK,reb,UNDER,8.5,110,0.47619047619047616,0.5532619047619047,0.9997722825760464,0.07707142857142857,0.16184999999999994,betrivers,BetRivers,2026-06-06T00:40:00Z,San Antonio Spurs,New York Knicks
2026-06-05,2026-06-05T14:55:22.492838+00:00,1628969,Mikal Bridges,NYK,reb,UNDER,2.5,134,0.42735042735042733,0.494176389363427,0.8728568407704251,0.06682596201299967,0.15637275111041926,fanduel,FanDuel,2026-06-06T00:40:00Z,San Antonio Spurs,New York Knicks
2026-06-05,2026-06-05T14:55:22.492838+00:00,1628404,Josh Hart,NYK,reb,UNDER,8.5,105,0.4878048780487805,0.5631341463414634,0.9997722825760464,0.07532926829268294,0.15442500000000003,bovada,Bovada,2026-06-06T00:40:00Z,San Antonio Spurs,New York Knicks
2026-06-05,2026-06-05T14:55:22.492838+00:00,1628404,Josh Hart,NYK,reb,UNDER,8.5,104,0.49019607843137253,0.5651666666666666,0.9997722825760464,0.07497058823529407,0.15293999999999985,draftkings,DraftKings,2026-06-06T00:40:00Z,San Antonio Spurs,New York Knicks
2026-06-05,2026-06-05T14:55:22.492838+00:00,1628969,Mikal Bridges,NYK,reb,UNDER,2.5,130,0.43478260869565216,0.5004937435068681,0.8728568407704251,0.06571113481121599,0.1511356100657968,betrivers,BetRivers,2026-06-06T00:40:00Z,San Antonio Spurs,New York Knicks
2026-06-05,2026-06-05T14:55:22.492838+00:00,1642264,Stephon Castle,SAS,reb,OVER,5.5,120,0.45454545454545453,0.5219441111405343,0.9038698318459863,0.06739865659507976,0.14827704450917545,bovada,Bovada,2026-06-06T00:40:00Z,San Antonio Spurs,New York Knicks
2026-06-05,2026-06-05T14:55:22.492838+00:00,1628969,Mikal Bridges,NYK,reb,UNDER,2.5,126,0.4424778761061947,0.5070347208058292,0.8728568407704251,0.06455684469963452,0.1458984690211741,draftkings,DraftKings,2026-06-06T00:40:00Z,San Antonio Spurs,New York Knicks
2026-06-05,2026-06-05T14:55:22.492838+00:00,1628969,Mikal Bridges,NYK,reb,UNDER,2.5,125,0.4444444444444444,0.5087063038933415,0.8728568407704251,0.06426185944889706,0.1445891837600184,bovada,Bovada,2026-06-06T00:40:00Z,San Antonio Spurs,New York Knicks
2026-06-05,2026-06-05T14:55:22.492838+00:00,1628404,Josh Hart,NYK,reb,UNDER,8.5,-102,0.504950495049505,0.5777079207920792,0.9997722825760464,0.07275742574257427,0.14408823529411763,fanduel,FanDuel,2026-06-06T00:40:00Z,San Antonio Spurs,New York Knicks
2026-06-05,2026-06-05T14:55:22.492838+00:00,1628404,Josh Hart,NYK,reb,UNDER,8.5,-103,0.5073891625615764,0.5797807881773399,0.9997722825760464,0.07239162561576351,0.14267475728155343,williamhill_us,Caesars,2026-06-06T00:40:00Z,San Antonio Spurs,New York Knicks
2026-06-05,2026-06-05T14:55:22.492838+00:00,1629011,Mitchell Robinson,NYK,reb,OVER,5.5,105,0.4878048780487805,0.5520871256284358,0.9163531952464824,0.06428224757965528,0.1317786075382933,bovada,Bovada,2026-06-06T00:40:00Z,San Antonio Spurs,New York Knicks
2026-06-05,2026-06-05T14:55:22.492838+00:00,1629011,Mitchell Robinson,NYK,reb,OVER,5.5,103,0.49261083743842365,0.5561721911096325,0.9163531952464824,0.0635613536712088,0.12902954795255395,draftkings,DraftKings,2026-06-06T00:40:00Z,San Antonio Spurs,New York Knicks
2026-06-05,2026-06-05T14:55:22.492838+00:00,1629011,Mitchell Robinson,NYK,reb,OVER,5.5,103,0.49261083743842365,0.5561721911096325,0.9163531952464824,0.0635613536712088,0.12902954795255395,williamhill_us,Caesars,2026-06-06T00:40:00Z,San Antonio Spurs,New York Knicks
2026-06-05,2026-06-05T14:55:22.492838+00:00,1629011,Mitchell Robinson,NYK,reb,OVER,5.5,102,0.49504950495049505,0.5582450584948931,0.9163531952464824,0.0631955535443981,0.12765501815968416,fanduel,FanDuel,2026-06-06T00:40:00Z,San Antonio Spurs,New York Knicks
2026-06-05,2026-06-05T14:55:22.492838+00:00,1629640,Keldon Johnson,SAS,reb,OVER,2.5,-120,0.5454545454545454,0.6121363636363636,0.9905401015576618,0.06668181818181818,0.12224999999999997,draftkings,DraftKings,2026-06-06T00:40:00Z,San Antonio Spurs,New York Knicks
2026-06-05,2026-06-05T14:55:22.492838+00:00,1629640,Keldon Johnson,SAS,reb,OVER,2.5,-120,0.5454545454545454,0.6121363636363636,0.9905401015576618,0.06668181818181818,0.12224999999999997,bovada,Bovada,2026-06-06T00:40:00Z,San Antonio Spurs,New York Knicks
2026-06-05,2026-06-05T14:55:22.492838+00:00,1629011,Mitchell Robinson,NYK,reb,OVER,5.5,-105,0.5121951219512195,0.572818832945509,0.9163531952464824,0.060623710994289426,0.11836057860789839,betrivers,BetRivers,2026-06-06T00:40:00Z,San Antonio Spurs,New York Knicks
2026-06-05,2026-06-05T14:55:22.492838+00:00,1630540,Miles McBride,NYK,reb,OVER,1.5,140,0.4166666666666667,0.45945827537468625,0.7019440580534639,0.04279160870801957,0.10269986089924699,bovada,Bovada,2026-06-06T00:40:00Z,San Antonio Spurs,New York Knicks
2026-06-05,2026-06-05T14:55:22.492838+00:00,1630540,Miles McBride,NYK,reb,OVER,1.5,138,0.42016806722689076,0.4624344658508767,0.7019440580534639,0.04226639862398596,0.1005940287250866,draftkings,DraftKings,2026-06-06T00:40:00Z,San Antonio Spurs,New York Knicks
2026-06-05,2026-06-05T14:55:22.492838+00:00,1642264,Stephon Castle,SAS,reb,OVER,4.5,-138,0.5798319327731093,0.6373975637350053,0.9636028058524164,0.05756563096189604,0.09927985629660341,fanduel,FanDuel,2026-06-06T00:40:00Z,San Antonio Spurs,New York Knicks
2026-06-05,2026-06-05T14:55:22.492838+00:00,1642264,Stephon Castle,SAS,reb,OVER,4.5,-139,0.5815899581589958,0.6388918853130089,0.9636028058524164,0.057301927154013055,0.09852633517848292,betrivers,BetRivers,2026-06-06T00:40:00Z,San Antonio Spurs,New York Knicks
2026-06-05,2026-06-05T14:55:22.492838+00:00,1642844,Dylan Harper,SAS,reb,UNDER,4.5,112,0.4716981132075472,0.5155790236109979,0.7642375158972187,0.04388091040345077,0.09302753005531572,betrivers,BetRivers,2026-06-06T00:40:00Z,San Antonio Spurs,New York Knicks
2026-06-05,2026-06-05T14:55:22.492838+00:00,1642844,Dylan Harper,SAS,reb,UNDER,4.5,112,0.4716981132075472,0.5155790236109979,0.7642375158972187,0.04388091040345077,0.09302753005531572,williamhill_us,Caesars,2026-06-06T00:40:00Z,San Antonio Spurs,New York Knicks
2026-06-05,2026-06-05T14:55:22.492838+00:00,1642844,Dylan Harper,SAS,reb,UNDER,4.5,111,0.47393364928909953,0.5174792292803174,0.7642375158972187,0.043545579991217886,0.09188117378146976,draftkings,DraftKings,2026-06-06T00:40:00Z,San Antonio Spurs,New York Knicks
2026-06-05,2026-06-05T14:55:22.492838+00:00,1628404,Josh Hart,NYK,reb,UNDER,9.5,-160,0.6153846153846154,0.6715769230769231,0.9999942986489938,0.05619230769230765,0.09131250000000002,bovada,Bovada,2026-06-06T00:40:00Z,San Antonio Spurs,New York Knicks
2026-06-05,2026-06-05T14:55:22.492838+00:00,1642844,Dylan Harper,SAS,reb,UNDER,4.5,110,0.47619047619047616,0.5193975321464875,0.7642375158972187,0.043207055956011375,0.09073481750762391,fanduel,FanDuel,2026-06-06T00:40:00Z,San Antonio Spurs,New York Knicks
2026-06-05,2026-06-05T14:55:22.492838+00:00,1642844,Dylan Harper,SAS,reb,UNDER,4.5,110,0.47619047619047616,0.5193975321464875,0.7642375158972187,0.043207055956011375,0.09073481750762391,bovada,Bovada,2026-06-06T00:40:00Z,San Antonio Spurs,New York Knicks
2026-06-05,2026-06-05T14:55:22.492838+00:00,1642264,Stephon Castle,SAS,reb,OVER,4.5,-157,0.6108949416342413,0.6638011212669676,0.9636028058524164,0.05290617963272626,0.08660438322045005,draftkings,DraftKings,2026-06-06T00:40:00Z,San Antonio Spurs,New York Knicks
2026-06-05,2026-06-05T14:55:22.492838+00:00,1642264,Stephon Castle,SAS,reb,OVER,4.5,-160,0.6153846153846154,0.6676173439547856,0.9636028058524164,0.05223272857017014,0.08487818392652652,williamhill_us,Caesars,2026-06-06T00:40:00Z,San Antonio Spurs,New York Knicks
2026-06-05,2026-06-05T14:55:22.492838+00:00,1642264,Stephon Castle,SAS,reb,OVER,4.5,-160,0.6153846153846154,0.6676173439547856,0.9636028058524164,0.05223272857017014,0.08487818392652652,bovada,Bovada,2026-06-06T00:40:00Z,San Antonio Spurs,New York Knicks
2026-06-05,2026-06-05T14:55:22.492838+00:00,1642844,Dylan Harper,SAS,reb,UNDER,5.5,-170,0.6296296296296297,0.6787777523732206,0.9572837812535695,0.04914812274359093,0.0780587831809974,bovada,Bovada,2026-06-06T00:40:00Z,San Antonio Spurs,New York Knicks
2026-06-05,2026-06-05T14:55:22.492838+00:00,1628969,Mikal Bridges,NYK,reb,UNDER,3.5,-185,0.6491228070175439,0.6993277786857027,0.9838226181386026,0.05020497166815885,0.07734279419148798,bovada,Bovada,2026-06-06T00:40:00Z,San Antonio Spurs,New York Knicks
2026-06-05,2026-06-05T14:55:22.492838+00:00,1629011,Mitchell Robinson,NYK,reb,OVER,4.5,-185,0.6491228070175439,0.6970075739020015,0.9683545862472613,0.04788476688445764,0.07376842465984018,bovada,Bovada,2026-06-06T00:40:00Z,San Antonio Spurs,New York Knicks
2026-06-05,2026-06-05T14:55:22.492838+00:00,1628436,Luke Kornet,SAS,reb,OVER,1.5,-215,0.6825396825396826,0.7286587301587302,0.9980795592514058,0.046119047619047615,0.0675697674418605,bovada,Bovada,2026-06-06T00:40:00Z,San Antonio Spurs,New York Knicks
2026-06-05,2026-06-05T14:55:22.492838+00:00,1628368,De'Aaron Fox,SAS,reb,OVER,3.5,117,0.4608294930875576,0.4911186618336614,0.6627572847282492,0.030289168746103767,0.06572749617904516,betrivers,BetRivers,2026-06-06T00:40:00Z,San Antonio Spurs,New York Knicks
2026-06-05,2026-06-05T14:55:22.492838+00:00,1628368,De'Aaron Fox,SAS,reb,OVER,3.5,110,0.47619047619047616,0.5041754974711421,0.6627572847282492,0.027985021280665934,0.058768544689398405,bovada,Bovada,2026-06-06T00:40:00Z,San Antonio Spurs,New York Knicks
2026-06-05,2026-06-05T14:55:22.492838+00:00,1628404,Josh Hart,NYK,reb,UNDER,10.5,-250,0.7142857142857143,0.7556428571428572,0.9999999324273163,0.04135714285714287,0.05790000000000006,bovada,Bovada,2026-06-06T00:40:00Z,San Antonio Spurs,New York Knicks
2026-06-05,2026-06-05T14:55:22.492838+00:00,1628368,De'Aaron Fox,SAS,reb,OVER,3.5,108,0.4807692307692308,0.5080674388630836,0.6627572847282492,0.027298208093852805,0.05678027283521392,draftkings,DraftKings,2026-06-06T00:40:00Z,San Antonio Spurs,New York Knicks
2026-06-05,2026-06-05T14:55:22.492838+00:00,1628368,De'Aaron Fox,SAS,reb,OVER,3.5,106,0.4854368932038835,0.5120349519325383,0.6627572847282492,0.02659805872865484,0.05479200098102899,williamhill_us,Caesars,2026-06-06T00:40:00Z,San Antonio Spurs,New York Knicks
2026-06-05,2026-06-05T14:55:22.492838+00:00,1628368,De'Aaron Fox,SAS,reb,OVER,2.5,-210,0.6774193548387096,0.7141358751657431,0.9221961570189324,0.03671652032703343,0.054200577625620694,bovada,Bovada,2026-06-06T00:40:00Z,San Antonio Spurs,New York Knicks
2026-06-05,2026-06-05T14:55:22.492838+00:00,1641705,Victor Wembanyama,SAS,reb,OVER,13.5,190,0.3448275862068966,0.3617445181399046,0.45760713242694995,0.016916931933008028,0.049059102605723326,bovada,Bovada,2026-06-06T00:40:00Z,San Antonio Spurs,New York Knicks
2026-06-05,2026-06-05T14:55:22.492838+00:00,1628368,De'Aaron Fox,SAS,reb,OVER,3.5,100,0.5,0.5244135927092374,0.6627572847282492,0.024413592709237375,0.04882718541847475,fanduel,FanDuel,2026-06-06T00:40:00Z,San Antonio Spurs,New York Knicks
2026-06-05,2026-06-05T14:55:22.492838+00:00,1630577,Julian Champagnie,SAS,reb,UNDER,6.5,-160,0.6153846153846154,0.6445831293829867,0.8100413753737572,0.029198513998371256,0.047447585247353374,bovada,Bovada,2026-06-06T00:40:00Z,San Antonio Spurs,New York Knicks
2026-06-05,2026-06-05T14:55:22.492838+00:00,1641705,Victor Wembanyama,SAS,reb,OVER,12.5,125,0.4444444444444444,0.46453288488746985,0.5783673807312806,0.020088440443025435,0.04519899099680724,bovada,Bovada,2026-06-06T00:40:00Z,San Antonio Spurs,New York Knicks
2026-06-05,2026-06-05T14:55:22.492838+00:00,1630577,Julian Champagnie,SAS,reb,UNDER,7.5,-290,0.7435897435897436,0.7742951472663153,0.9482924347668883,0.030705403676571708,0.04129347390987237,bovada,Bovada,2026-06-06T00:40:00Z,San Antonio Spurs,New York Knicks
2026-06-05,2026-06-05T14:55:22.492838+00:00,1641705,Victor Wembanyama,SAS,reb,OVER,11.5,-120,0.5454545454545454,0.5674560872135412,0.6921314905145176,0.022001541758995824,0.04033615989149231,fanduel,FanDuel,2026-06-06T00:40:00Z,San Antonio Spurs,New York Knicks
2026-06-05,2026-06-05T14:55:22.492838+00:00,1641705,Victor Wembanyama,SAS,reb,OVER,11.5,-120,0.5454545454545454,0.5674560872135412,0.6921314905145176,0.022001541758995824,0.04033615989149231,betrivers,BetRivers,2026-06-06T00:40:00Z,San Antonio Spurs,New York Knicks
2026-06-05,2026-06-05T14:55:22.492838+00:00,1641705,Victor Wembanyama,SAS,reb,OVER,11.5,-120,0.5454545454545454,0.5674560872135412,0.6921314905145176,0.022001541758995824,0.04033615989149231,draftkings,DraftKings,2026-06-06T00:40:00Z,San Antonio Spurs,New York Knicks
2026-06-05,2026-06-05T14:55:22.492838+00:00,1641705,Victor Wembanyama,SAS,reb,OVER,11.5,-120,0.5454545454545454,0.5674560872135412,0.6921314905145176,0.022001541758995824,0.04033615989149231,williamhill_us,Caesars,2026-06-06T00:40:00Z,San Antonio Spurs,New York Knicks
2026-06-05,2026-06-05T14:55:22.492838+00:00,1641705,Victor Wembanyama,SAS,reb,OVER,11.5,-120,0.5454545454545454,0.5674560872135412,0.6921314905145176,0.022001541758995824,0.04033615989149231,bovada,Bovada,2026-06-06T00:40:00Z,San Antonio Spurs,New York Knicks
2026-06-05,2026-06-05T14:55:22.492838+00:00,1628973,Jalen Brunson,NYK,reb,UNDER,3.5,-200,0.6666666666666666,0.6894589330768235,0.8186151094010458,0.02279226641015686,0.03418839961523523,bovada,Bovada,2026-06-06T00:40:00Z,San Antonio Spurs,New York Knicks
2026-06-05,2026-06-05T14:55:22.492838+00:00,1630170,Devin Vassell,SAS,reb,OVER,3.5,-220,0.6875,0.7106543483578767,0.8418623223858444,0.023154348357876664,0.033679052156911526,bovada,Bovada,2026-06-06T00:40:00Z,San Antonio Spurs,New York Knicks
2026-06-05,2026-06-05T14:55:22.492838+00:00,1641705,Victor Wembanyama,SAS,reb,OVER,10.5,-185,0.6491228070175439,0.6702397903606893,0.7899026959718463,0.02111698334314538,0.032531568934034805,bovada,Bovada,2026-06-06T00:40:00Z,San Antonio Spurs,New York Knicks
2026-06-05,2026-06-05T14:55:22.492838+00:00,1630577,Julian Champagnie,SAS,reb,UNDER,5.5,110,0.47619047619047616,0.4873757891994194,0.550759229583431,0.01118531300894321,0.023489157318780762,bovada,Bovada,2026-06-06T00:40:00Z,San Antonio Spurs,New York Knicks
2026-06-05,2026-06-05T14:55:22.492838+00:00,1628384,OG Anunoby,NYK,reb,OVER,4.5,-190,0.6551724137931034,0.6699574182624142,0.7537391102551749,0.014785004469310747,0.022566585768947933,bovada,Bovada,2026-06-06T00:40:00Z,San Antonio Spurs,New York Knicks
2026-06-05,2026-06-05T14:55:22.492838+00:00,1630577,Julian Champagnie,SAS,reb,UNDER,5.5,108,0.4807692307692308,0.4912677305913608,0.550759229583431,0.010498499822130025,0.02183687963003056,fanduel,FanDuel,2026-06-06T00:40:00Z,San Antonio Spurs,New York Knicks
2026-06-05,2026-06-05T14:55:22.492838+00:00,1630577,Julian Champagnie,SAS,reb,UNDER,5.5,107,0.4830917874396135,0.49324190376118615,0.550759229583431,0.010150116321572644,0.021010740785655346,draftkings,DraftKings,2026-06-06T00:40:00Z,San Antonio Spurs,New York Knicks
2026-06-05,2026-06-05T14:55:22.492838+00:00,1630577,Julian Champagnie,SAS,reb,UNDER,5.5,104,0.49019607843137253,0.4992805511041813,0.550759229583431,0.009084472672808763,0.01853232425252993,williamhill_us,Caesars,2026-06-06T00:40:00Z,San Antonio Spurs,New York Knicks
2026-06-05,2026-06-05T14:55:22.492838+00:00,1628384,OG Anunoby,NYK,reb,UNDER,6.5,-240,0.7058823529411765,0.7176297376013382,0.784198250675588,0.011747384660161675,0.01664212826856243,bovada,Bovada,2026-06-06T00:40:00Z,San Antonio Spurs,New York Knicks
2026-06-05,2026-06-05T14:55:22.492838+00:00,1630170,Devin Vassell,SAS,reb,OVER,4.5,-103,0.5073891625615764,0.5149636098263229,0.5578854776598865,0.007574447264746542,0.014928279560617097,draftkings,DraftKings,2026-06-06T00:40:00Z,San Antonio Spurs,New York Knicks
2026-06-05,2026-06-05T14:55:22.492838+00:00,1630170,Devin Vassell,SAS,reb,OVER,4.5,-105,0.5121951219512195,0.5190486753075195,0.5578854776598865,0.006853553356300002,0.013380747028966689,bovada,Bovada,2026-06-06T00:40:00Z,San Antonio Spurs,New York Knicks
2026-06-05,2026-06-05T14:55:22.492838+00:00,1630170,Devin Vassell,SAS,reb,OVER,4.5,-106,0.5145631067961165,0.521061462425682,0.5578854776598865,0.0064983556295654665,0.012628879808400828,williamhill_us,Caesars,2026-06-06T00:40:00Z,San Antonio Spurs,New York Knicks
2026-06-05,2026-06-05T14:55:22.492838+00:00,1626157,Karl-Anthony Towns,NYK,reb,UNDER,12.5,-230,0.696969696969697,0.705673806303379,0.7549970925275765,0.00870410933368193,0.01248850469615237,bovada,Bovada,2026-06-06T00:40:00Z,San Antonio Spurs,New York Knicks
2026-06-05,2026-06-05T14:55:22.492838+00:00,1630577,Julian Champagnie,SAS,reb,UNDER,5.5,-104,0.5098039215686274,0.515947217770848,0.550759229583431,0.006143296202220538,0.012050311781278689,betrivers,BetRivers,2026-06-06T00:40:00Z,San Antonio Spurs,New York Knicks
2026-06-05,2026-06-05T14:55:22.492838+00:00,1630170,Devin Vassell,SAS,reb,UNDER,5.5,-245,0.7101449275362319,0.7178381905502801,0.7614333476298861,0.007693263014048157,0.01083337036672094,bovada,Bovada,2026-06-06T00:40:00Z,San Antonio Spurs,New York Knicks
2026-06-05,2026-06-05T14:55:22.492838+00:00,1630170,Devin Vassell,SAS,reb,OVER,4.5,-110,0.5238095238095238,0.5289209168870782,0.5578854776598865,0.0051113930775543714,0.00975811405714927,fanduel,FanDuel,2026-06-06T00:40:00Z,San Antonio Spurs,New York Knicks
2026-06-05,2026-06-05T14:55:22.492838+00:00,1628973,Jalen Brunson,NYK,reb,UNDER,2.5,125,0.4444444444444444,0.44740527400547075,0.46418330818461984,0.0029608295610263347,0.006661866512309267,betrivers,BetRivers,2026-06-06T00:40:00Z,San Antonio Spurs,New York Knicks
2026-06-05,2026-06-05T14:55:22.492838+00:00,1626157,Karl-Anthony Towns,NYK,reb,UNDER,11.5,-150,0.6,0.6035471772503102,0.6236478483354013,0.003547177250310174,0.005911962083850253,bovada,Bovada,2026-06-06T00:40:00Z,San Antonio Spurs,New York Knicks
2026-06-05,2026-06-05T14:55:22.492838+00:00,1629013,Landry Shamet,NYK,reb,UNDER,1.5,-130,0.5652173913043478,0.5673354679979815,0.5793379025952392,0.0021180766936337303,0.003747366457967305,bovada,Bovada,2026-06-06T00:40:00Z,San Antonio Spurs,New York Knicks
2026-06-05,2026-06-05T14:55:22.492838+00:00,1630170,Devin Vassell,SAS,reb,OVER,4.5,-120,0.5454545454545454,0.5473191852853466,0.5578854776598865,0.0018646398308012069,0.0034185063564688423,betrivers,BetRivers,2026-06-06T00:40:00Z,San Antonio Spurs,New York Knicks
2026-06-05,2026-06-05T14:55:22.492838+00:00,1629013,Landry Shamet,NYK,reb,UNDER,1.5,-131,0.5670995670995671,0.5689353174239179,0.5793379025952392,0.0018357503243507933,0.0032370864498094676,draftkings,DraftKings,2026-06-06T00:40:00Z,San Antonio Spurs,New York Knicks
2026-06-05,2026-06-05T14:55:22.492838+00:00,1628384,OG Anunoby,NYK,reb,OVER,5.5,110,0.47619047619047616,0.47676667665336997,0.4800318126097681,0.0005762004628938056,0.0012100209720770083,fanduel,FanDuel,2026-06-06T00:40:00Z,San Antonio Spurs,New York Knicks
2026-06-05,2026-06-05T14:55:22.492838+00:00,1629013,Landry Shamet,NYK,reb,UNDER,1.5,-136,0.576271186440678,0.5767311938638622,0.5793379025952392,0.0004600074231841944,0.0007982481755255955,betrivers,BetRivers,2026-06-06T00:40:00Z,San Antonio Spurs,New York Knicks
2026-06-05,2026-06-05T14:55:22.492838+00:00,1628404,Josh Hart,NYK,stl,UNDER,1.5,-150,0.6,0.799891629546113,0.799891629546113,0.19989162954611306,0.33315271591018836,draftkings,DraftKings,2026-06-06T00:40:00Z,San Antonio Spurs,New York Knicks
2026-06-05,2026-06-05T14:55:22.492838+00:00,1628404,Josh Hart,NYK,stl,UNDER,1.5,-150,0.6,0.799891629546113,0.799891629546113,0.19989162954611306,0.33315271591018836,bovada,Bovada,2026-06-06T00:40:00Z,San Antonio Spurs,New York Knicks
2026-06-05,2026-06-05T14:55:22.492838+00:00,1628969,Mikal Bridges,NYK,stl,UNDER,1.5,-186,0.6503496503496503,0.852556255789767,0.852556255789767,0.2022066054401167,0.31091983417136215,fanduel,FanDuel,2026-06-06T00:40:00Z,San Antonio Spurs,New York Knicks
2026-06-05,2026-06-05T14:55:22.492838+00:00,1628404,Josh Hart,NYK,stl,UNDER,1.5,-158,0.6124031007751938,0.799891629546113,0.799891629546113,0.18748852877091926,0.30615215457529854,fanduel,FanDuel,2026-06-06T00:40:00Z,San Antonio Spurs,New York Knicks
2026-06-05,2026-06-05T14:55:22.492838+00:00,1628969,Mikal Bridges,NYK,stl,UNDER,1.5,-211,0.6784565916398714,0.852556255789767,0.852556255789767,0.17409966414989564,0.2566113533204623,draftkings,DraftKings,2026-06-06T00:40:00Z,San Antonio Spurs,New York Knicks
2026-06-05,2026-06-05T14:55:22.492838+00:00,1628969,Mikal Bridges,NYK,stl,UNDER,1.5,-215,0.6825396825396826,0.852556255789767,0.852556255789767,0.17001657325008446,0.24909404918035633,bovada,Bovada,2026-06-06T00:40:00Z,San Antonio Spurs,New York Knicks
2026-06-05,2026-06-05T14:55:22.492838+00:00,1628384,OG Anunoby,NYK,stl,UNDER,1.5,-200,0.6666666666666666,0.8112252446085282,0.8112252446085282,0.14455857794186155,0.21683786691279228,fanduel,FanDuel,2026-06-06T00:40:00Z,San Antonio Spurs,New York Knicks
2026-06-05,2026-06-05T14:55:22.492838+00:00,1628384,OG Anunoby,NYK,stl,UNDER,1.5,-210,0.6774193548387096,0.8112252446085282,0.8112252446085282,0.13380588976981855,0.19752298013639874,bovada,Bovada,2026-06-06T00:40:00Z,San Antonio Spurs,New York Knicks
2026-06-05,2026-06-05T14:55:22.492838+00:00,1628384,OG Anunoby,NYK,stl,UNDER,1.5,-213,0.6805111821086262,0.8112252446085282,0.8112252446085282,0.13071406249990203,0.1920821669599499,draftkings,DraftKings,2026-06-06T00:40:00Z,San Antonio Spurs,New York Knicks
2026-06-05,2026-06-05T14:55:22.492838+00:00,1642264,Stephon Castle,SAS,stl,UNDER,0.5,184,0.352112676056338,0.4194346609309392,0.4194346609309392,0.06732198487460117,0.1911944370438673,draftkings,DraftKings,2026-06-06T00:40:00Z,San Antonio Spurs,New York Knicks
2026-06-05,2026-06-05T14:55:22.492838+00:00,1641705,Victor Wembanyama,SAS,stl,UNDER,1.5,-220,0.6875,0.8134871260629928,0.8134871260629928,0.12598712606299278,0.18325400154617133,bovada,Bovada,2026-06-06T00:40:00Z,San Antonio Spurs,New York Knicks
2026-06-05,2026-06-05T14:55:22.492838+00:00,1642264,Stephon Castle,SAS,stl,UNDER,0.5,180,0.35714285714285715,0.4194346609309392,0.4194346609309392,0.06229180378808202,0.1744170506066297,bovada,Bovada,2026-06-06T00:40:00Z,San Antonio Spurs,New York Knicks
2026-06-05,2026-06-05T14:55:22.492838+00:00,1641705,Victor Wembanyama,SAS,stl,UNDER,1.5,-227,0.6941896024464832,0.8134871260629928,0.8134871260629928,0.11929752361650958,0.17185149877796757,draftkings,DraftKings,2026-06-06T00:40:00Z,San Antonio Spurs,New York Knicks
2026-06-05,2026-06-05T14:55:22.492838+00:00,1628368,De'Aaron Fox,SAS,stl,UNDER,0.5,178,0.3597122302158273,0.42124090266958447,0.42124090266958447,0.06152867245375715,0.17104970942144482,fanduel,FanDuel,2026-06-06T00:40:00Z,San Antonio Spurs,New York Knicks
2026-06-05,2026-06-05T14:55:22.492838+00:00,1628368,De'Aaron Fox,SAS,stl,UNDER,0.5,176,0.36231884057971014,0.42124090266958447,0.42124090266958447,0.05892206208987433,0.16262489136805314,draftkings,DraftKings,2026-06-06T00:40:00Z,San Antonio Spurs,New York Knicks
2026-06-05,2026-06-05T14:55:22.492838+00:00,1642844,Dylan Harper,SAS,stl,UNDER,0.5,137,0.4219409282700422,0.4889187783908693,0.4889187783908693,0.06697785012082708,0.15873750478636028,draftkings,DraftKings,2026-06-06T00:40:00Z,San Antonio Spurs,New York Knicks
2026-06-05,2026-06-05T14:55:22.492838+00:00,1642844,Dylan Harper,SAS,stl,UNDER,0.5,135,0.425531914893617,0.4889187783908693,0.4889187783908693,0.06338686349725225,0.14895912921854282,bovada,Bovada,2026-06-06T00:40:00Z,San Antonio Spurs,New York Knicks
2026-06-05,2026-06-05T14:55:22.492838+00:00,1641705,Victor Wembanyama,SAS,stl,UNDER,1.5,-245,0.7101449275362319,0.8134871260629928,0.8134871260629928,0.10334219852676085,0.14552268772135718,fanduel,FanDuel,2026-06-06T00:40:00Z,San Antonio Spurs,New York Knicks
2026-06-05,2026-06-05T14:55:22.492838+00:00,1628368,De'Aaron Fox,SAS,stl,UNDER,0.5,170,0.37037037037037035,0.42124090266958447,0.42124090266958447,0.05087053229921412,0.1373504372078781,bovada,Bovada,2026-06-06T00:40:00Z,San Antonio Spurs,New York Knicks
2026-06-05,2026-06-05T14:55:22.492838+00:00,1642844,Dylan Harper,SAS,stl,UNDER,0.5,130,0.43478260869565216,0.4889187783908693,0.4889187783908693,0.05413616969521712,0.12451319029899932,fanduel,FanDuel,2026-06-06T00:40:00Z,San Antonio Spurs,New York Knicks
2026-06-05,2026-06-05T14:55:22.492838+00:00,1642264,Stephon Castle,SAS,stl,UNDER,0.5,164,0.3787878787878788,0.4194346609309392,0.4194346609309392,0.04064678214306039,0.10730750485767937,fanduel,FanDuel,2026-06-06T00:40:00Z,San Antonio Spurs,New York Knicks
2026-06-05,2026-06-05T14:55:22.492838+00:00,1642264,Stephon Castle,SAS,stl,UNDER,1.5,-290,0.7435897435897436,0.7871757455681929,0.7871757455681929,0.04358600197844931,0.05861565783308703,bovada,Bovada,2026-06-06T00:40:00Z,San Antonio Spurs,New York Knicks
2026-06-05,2026-06-05T14:55:22.492838+00:00,1630170,Devin Vassell,SAS,stl,UNDER,0.5,145,0.40816326530612246,0.42597930293818453,0.42597930293818453,0.017816037632062076,0.04364929219855207,draftkings,DraftKings,2026-06-06T00:40:00Z,San Antonio Spurs,New York Knicks
2026-06-05,2026-06-05T14:55:22.492838+00:00,1630170,Devin Vassell,SAS,stl,UNDER,0.5,145,0.40816326530612246,0.42597930293818453,0.42597930293818453,0.017816037632062076,0.04364929219855207,bovada,Bovada,2026-06-06T00:40:00Z,San Antonio Spurs,New York Knicks
2026-06-05,2026-06-05T14:55:22.492838+00:00,1629013,Landry Shamet,NYK,stl,OVER,0.5,105,0.4878048780487805,0.5026376276567145,0.5026376276567145,0.014832749607934015,0.030407136696264714,draftkings,DraftKings,2026-06-06T00:40:00Z,San Antonio Spurs,New York Knicks
2026-06-05,2026-06-05T14:55:22.492838+00:00,1629013,Landry Shamet,NYK,stl,OVER,0.5,105,0.4878048780487805,0.5026376276567145,0.5026376276567145,0.014832749607934015,0.030407136696264714,bovada,Bovada,2026-06-06T00:40:00Z,San Antonio Spurs,New York Knicks
2026-06-05,2026-06-05T14:55:22.492838+00:00,1630577,Julian Champagnie,SAS,stl,UNDER,0.5,116,0.46296296296296297,0.4644773443267185,0.4644773443267185,0.0015143813637555348,0.003271063745711955,draftkings,DraftKings,2026-06-06T00:40:00Z,San Antonio Spurs,New York Knicks
2026-06-05,2026-06-05T14:55:22.492838+00:00,1630540,Miles McBride,NYK,stl,OVER,0.5,110,0.47619047619047616,0.4775673003516183,0.4775673003516183,0.0013768241611421539,0.0028913307383985343,bovada,Bovada,2026-06-06T00:40:00Z,San Antonio Spurs,New York Knicks
2026-06-05,2026-06-05T14:55:22.492838+00:00,1628973,Jalen Brunson,NYK,stl,OVER,0.5,-146,0.5934959349593496,0.5951105808312853,0.5951105808312853,0.001614645871935716,0.0027205677020286645,fanduel,FanDuel,2026-06-06T00:40:00Z,San Antonio Spurs,New York Knicks
2026-06-05,2026-06-05T14:55:22.492838+00:00,1642264,Stephon Castle,SAS,td,YES,,6000,0.01639344262295082,0.09142272203732472,0.09142272203732472,0.0750292794143739,4.576786044276808,fanduel,FanDuel,2026-06-06T00:40:00Z,San Antonio Spurs,New York Knicks
2026-06-05,2026-06-05T14:55:22.492838+00:00,1642264,Stephon Castle,SAS,td,YES,,5100,0.019230769230769232,0.09142272203732472,0.09142272203732472,0.07219195280655549,3.753981545940886,draftkings,DraftKings,2026-06-06T00:40:00Z,San Antonio Spurs,New York Knicks
2026-06-05,2026-06-05T14:55:22.492838+00:00,1642264,Stephon Castle,SAS,td,YES,,5000,0.0196078431372549,0.09142272203732472,0.09142272203732472,0.07181487890006982,3.662558823903561,bovada,Bovada,2026-06-06T00:40:00Z,San Antonio Spurs,New York Knicks
2026-06-05,2026-06-05T14:55:22.492838+00:00,1642264,Stephon Castle,SAS,td,YES,,3300,0.029411764705882353,0.09142272203732472,0.09142272203732472,0.06201095733144237,2.1083725492690406,williamhill_us,Caesars,2026-06-06T00:40:00Z,San Antonio Spurs,New York Knicks
2026-06-05,2026-06-05T14:55:22.492838+00:00,1642264,Stephon Castle,SAS,td,YES,,3000,0.03225806451612903,0.09142272203732472,0.09142272203732472,0.05916465752119569,1.8341043831570665,fanatics,Fanatics,2026-06-06T00:40:00Z,San Antonio Spurs,New York Knicks
2026-06-05,2026-06-05T14:55:22.492838+00:00,1642264,Stephon Castle,SAS,td,YES,,2000,0.047619047619047616,0.09142272203732472,0.09142272203732472,0.04380367441827711,0.9198771627838191,betmgm,BetMGM,2026-06-06T00:40:00Z,San Antonio Spurs,New York Knicks
2026-06-05,2026-06-05T14:55:22.492838+00:00,1628368,De'Aaron Fox,SAS,threes,OVER,1.5,137,0.4219409282700422,0.831472386547752,0.831472386547752,0.4095314582777098,0.9705895561181723,draftkings,DraftKings,2026-06-06T00:40:00Z,San Antonio Spurs,New York Knicks
2026-06-05,2026-06-05T14:55:22.492838+00:00,1628368,De'Aaron Fox,SAS,threes,OVER,1.5,136,0.423728813559322,0.831472386547752,0.831472386547752,0.40774357298843,0.9622748322526948,williamhill_us,Caesars,2026-06-06T00:40:00Z,San Antonio Spurs,New York Knicks
2026-06-05,2026-06-05T14:55:22.492838+00:00,1630540,Miles McBride,NYK,threes,OVER,1.5,147,0.4048582995951417,0.7938919501644336,0.7938919501644336,0.3890336505692919,0.960913116906151,williamhill_us,Caesars,2026-06-06T00:40:00Z,San Antonio Spurs,New York Knicks
2026-06-05,2026-06-05T14:55:22.492838+00:00,1628368,De'Aaron Fox,SAS,threes,OVER,1.5,135,0.425531914893617,0.831472386547752,0.831472386547752,0.405940471654135,0.9539601083872173,bovada,Bovada,2026-06-06T00:40:00Z,San Antonio Spurs,New York Knicks
2026-06-05,2026-06-05T14:55:22.492838+00:00,1630540,Miles McBride,NYK,threes,OVER,1.5,146,0.4065040650406504,0.7938919501644336,0.7938919501644336,0.3873878851237832,0.9529741974045066,draftkings,DraftKings,2026-06-06T00:40:00Z,San Antonio Spurs,New York Knicks
2026-06-05,2026-06-05T14:55:22.492838+00:00,1628368,De'Aaron Fox,SAS,threes,OVER,1.5,134,0.42735042735042733,0.831472386547752,0.831472386547752,0.4041219591973247,0.9456453845217399,fanduel,FanDuel,2026-06-06T00:40:00Z,San Antonio Spurs,New York Knicks
2026-06-05,2026-06-05T14:55:22.492838+00:00,1630540,Miles McBride,NYK,threes,OVER,1.5,145,0.40816326530612246,0.7938919501644336,0.7938919501644336,0.38572868485831113,0.9450352779028622,betrivers,BetRivers,2026-06-06T00:40:00Z,San Antonio Spurs,New York Knicks
2026-06-05,2026-06-05T14:55:22.492838+00:00,1630540,Miles McBride,NYK,threes,OVER,1.5,145,0.40816326530612246,0.7938919501644336,0.7938919501644336,0.38572868485831113,0.9450352779028622,bovada,Bovada,2026-06-06T00:40:00Z,San Antonio Spurs,New York Knicks
2026-06-05,2026-06-05T14:55:22.492838+00:00,1628368,De'Aaron Fox,SAS,threes,OVER,1.5,130,0.43478260869565216,0.831472386547752,0.831472386547752,0.39668977785209986,0.9123864890598297,betrivers,BetRivers,2026-06-06T00:40:00Z,San Antonio Spurs,New York Knicks
2026-06-05,2026-06-05T14:55:22.492838+00:00,1630577,Julian Champagnie,SAS,threes,UNDER,2.5,-110,0.5238095238095238,0.8554276916790017,0.8554276916790017,0.33161816786947784,0.6330892295690032,betrivers,BetRivers,2026-06-06T00:40:00Z,San Antonio Spurs,New York Knicks
2026-06-05,2026-06-05T14:55:22.492838+00:00,1630577,Julian Champagnie,SAS,threes,UNDER,2.5,-115,0.5348837209302325,0.8554276916790017,0.8554276916790017,0.32054397074876917,0.5992778583563945,bovada,Bovada,2026-06-06T00:40:00Z,San Antonio Spurs,New York Knicks
2026-06-05,2026-06-05T14:55:22.492838+00:00,1630577,Julian Champagnie,SAS,threes,UNDER,2.5,-116,0.5370370370370371,0.8554276916790017,0.8554276916790017,0.3183906546419646,0.5928653569195204,draftkings,DraftKings,2026-06-06T00:40:00Z,San Antonio Spurs,New York Knicks
2026-06-05,2026-06-05T14:55:22.492838+00:00,1630577,Julian Champagnie,SAS,threes,UNDER,2.5,-118,0.5412844036697247,0.8554276916790017,0.8554276916790017,0.31414328800927693,0.5803664134408675,fanduel,FanDuel,2026-06-06T00:40:00Z,San Antonio Spurs,New York Knicks
2026-06-05,2026-06-05T14:55:22.492838+00:00,1630577,Julian Champagnie,SAS,threes,UNDER,2.5,-118,0.5412844036697247,0.8554276916790017,0.8554276916790017,0.31414328800927693,0.5803664134408675,williamhill_us,Caesars,2026-06-06T00:40:00Z,San Antonio Spurs,New York Knicks
2026-06-05,2026-06-05T14:55:22.492838+00:00,1628384,OG Anunoby,NYK,threes,OVER,2.5,146,0.4065040650406504,0.5165115324812761,0.5165115324812761,0.11000746744062573,0.2706183699039393,fanduel,FanDuel,2026-06-06T00:40:00Z,San Antonio Spurs,New York Knicks
2026-06-05,2026-06-05T14:55:22.492838+00:00,1628404,Josh Hart,NYK,threes,UNDER,1.5,104,0.49019607843137253,0.6094170388467173,0.6094170388467173,0.11922096041534475,0.2432107592473033,betrivers,BetRivers,2026-06-06T00:40:00Z,San Antonio Spurs,New York Knicks
2026-06-05,2026-06-05T14:55:22.492838+00:00,1629640,Keldon Johnson,SAS,threes,OVER,0.5,-145,0.5918367346938775,0.7323711286104917,0.7323711286104917,0.14053439391661415,0.23745466558324457,bovada,Bovada,2026-06-06T00:40:00Z,San Antonio Spurs,New York Knicks
2026-06-05,2026-06-05T14:55:22.492838+00:00,1629640,Keldon Johnson,SAS,threes,OVER,0.5,-146,0.5934959349593496,0.7323711286104917,0.7323711286104917,0.1388751936511421,0.23399518930260932,draftkings,DraftKings,2026-06-06T00:40:00Z,San Antonio Spurs,New York Knicks
2026-06-05,2026-06-05T14:55:22.492838+00:00,1628384,OG Anunoby,NYK,threes,OVER,2.5,138,0.42016806722689076,0.5165115324812761,0.5165115324812761,0.09634346525438536,0.2292974473054371,williamhill_us,Caesars,2026-06-06T00:40:00Z,San Antonio Spurs,New York Knicks
2026-06-05,2026-06-05T14:55:22.492838+00:00,1628384,OG Anunoby,NYK,threes,OVER,2.5,135,0.425531914893617,0.5165115324812761,0.5165115324812761,0.0909796175876591,0.21380210133099897,betrivers,BetRivers,2026-06-06T00:40:00Z,San Antonio Spurs,New York Knicks
2026-06-05,2026-06-05T14:55:22.492838+00:00,1628384,OG Anunoby,NYK,threes,OVER,1.5,-240,0.7058823529411765,0.8511550203173817,0.8511550203173817,0.14527266737620514,0.20580294544962402,bovada,Bovada,2026-06-06T00:40:00Z,San Antonio Spurs,New York Knicks
2026-06-05,2026-06-05T14:55:22.492838+00:00,1628384,OG Anunoby,NYK,threes,OVER,2.5,132,0.43103448275862066,0.5165115324812761,0.5165115324812761,0.08547704972265546,0.19830675535656062,draftkings,DraftKings,2026-06-06T00:40:00Z,San Antonio Spurs,New York Knicks
2026-06-05,2026-06-05T14:55:22.492838+00:00,1629013,Landry Shamet,NYK,threes,UNDER,1.5,120,0.45454545454545453,0.5410979059955056,0.5410979059955056,0.08655245145005103,0.19041539319011225,betrivers,BetRivers,2026-06-06T00:40:00Z,San Antonio Spurs,New York Knicks
2026-06-05,2026-06-05T14:55:22.492838+00:00,1628384,OG Anunoby,NYK,threes,OVER,2.5,130,0.43478260869565216,0.5165115324812761,0.5165115324812761,0.08172892378562396,0.18797652470693516,bovada,Bovada,2026-06-06T00:40:00Z,San Antonio Spurs,New York Knicks
2026-06-05,2026-06-05T14:55:22.492838+00:00,1628404,Josh Hart,NYK,threes,UNDER,1.5,-110,0.5238095238095238,0.6094170388467173,0.6094170388467173,0.08560751503719344,0.16343252870736935,bovada,Bovada,2026-06-06T00:40:00Z,San Antonio Spurs,New York Knicks
2026-06-05,2026-06-05T14:55:22.492838+00:00,1629013,Landry Shamet,NYK,threes,UNDER,2.5,-290,0.7435897435897436,0.8650298304731602,0.8650298304731602,0.12144008688341656,0.16331597891218097,bovada,Bovada,2026-06-06T00:40:00Z,San Antonio Spurs,New York Knicks
2026-06-05,2026-06-05T14:55:22.492838+00:00,1628404,Josh Hart,NYK,threes,UNDER,1.5,-112,0.5283018867924528,0.6094170388467173,0.6094170388467173,0.08111515205426445,0.1535393949598577,draftkings,DraftKings,2026-06-06T00:40:00Z,San Antonio Spurs,New York Knicks
2026-06-05,2026-06-05T14:55:22.492838+00:00,1628404,Josh Hart,NYK,threes,UNDER,1.5,-114,0.5327102803738317,0.6094170388467173,0.6094170388467173,0.07670675847288555,0.14399338871225875,fanduel,FanDuel,2026-06-06T00:40:00Z,San Antonio Spurs,New York Knicks
2026-06-05,2026-06-05T14:55:22.492838+00:00,1628404,Josh Hart,NYK,threes,UNDER,1.5,-114,0.5327102803738317,0.6094170388467173,0.6094170388467173,0.07670675847288555,0.14399338871225875,williamhill_us,Caesars,2026-06-06T00:40:00Z,San Antonio Spurs,New York Knicks
2026-06-05,2026-06-05T14:55:22.492838+00:00,1629013,Landry Shamet,NYK,threes,UNDER,1.5,111,0.47393364928909953,0.5410979059955056,0.5410979059955056,0.06716425670640602,0.14171658165051682,draftkings,DraftKings,2026-06-06T00:40:00Z,San Antonio Spurs,New York Knicks
2026-06-05,2026-06-05T14:55:22.492838+00:00,1629013,Landry Shamet,NYK,threes,UNDER,1.5,110,0.47619047619047616,0.5410979059955056,0.5410979059955056,0.06490742980502939,0.13630560259056168,williamhill_us,Caesars,2026-06-06T00:40:00Z,San Antonio Spurs,New York Knicks
2026-06-05,2026-06-05T14:55:22.492838+00:00,1629013,Landry Shamet,NYK,threes,UNDER,1.5,110,0.47619047619047616,0.5410979059955056,0.5410979059955056,0.06490742980502939,0.13630560259056168,bovada,Bovada,2026-06-06T00:40:00Z,San Antonio Spurs,New York Knicks
2026-06-05,2026-06-05T14:55:22.492838+00:00,1628973,Jalen Brunson,NYK,threes,UNDER,2.5,-180,0.6428571428571429,0.7155594288503293,0.7155594288503293,0.0727022859931864,0.11309244487829007,draftkings,DraftKings,2026-06-06T00:40:00Z,San Antonio Spurs,New York Knicks
2026-06-05,2026-06-05T14:55:22.492838+00:00,1628973,Jalen Brunson,NYK,threes,UNDER,2.5,-180,0.6428571428571429,0.7155594288503293,0.7155594288503293,0.0727022859931864,0.11309244487829007,bovada,Bovada,2026-06-06T00:40:00Z,San Antonio Spurs,New York Knicks
2026-06-05,2026-06-05T14:55:22.492838+00:00,1628969,Mikal Bridges,NYK,threes,UNDER,1.5,-165,0.6226415094339622,0.6914624830813982,0.6914624830813982,0.068820973647436,0.11053065464588202,bovada,Bovada,2026-06-06T00:40:00Z,San Antonio Spurs,New York Knicks
2026-06-05,2026-06-05T14:55:22.492838+00:00,1628969,Mikal Bridges,NYK,threes,UNDER,1.5,-166,0.6240601503759399,0.6914624830813982,0.6914624830813982,0.06740233270545837,0.10800614758826466,draftkings,DraftKings,2026-06-06T00:40:00Z,San Antonio Spurs,New York Knicks
2026-06-05,2026-06-05T14:55:22.492838+00:00,1628973,Jalen Brunson,NYK,threes,UNDER,2.5,-190,0.6551724137931034,0.7155594288503293,0.7155594288503293,0.06038701505722588,0.09216965456102894,williamhill_us,Caesars,2026-06-06T00:40:00Z,San Antonio Spurs,New York Knicks
2026-06-05,2026-06-05T14:55:22.492838+00:00,1628973,Jalen Brunson,NYK,threes,UNDER,2.5,-195,0.6610169491525424,0.7155594288503293,0.7155594288503293,0.054542479697786916,0.08251298210690838,betrivers,BetRivers,2026-06-06T00:40:00Z,San Antonio Spurs,New York Knicks
2026-06-05,2026-06-05T14:55:22.492838+00:00,1628973,Jalen Brunson,NYK,threes,UNDER,2.5,-198,0.6644295302013423,0.7155594288503293,0.7155594288503293,0.05112989864898698,0.07695307978483906,fanduel,FanDuel,2026-06-06T00:40:00Z,San Antonio Spurs,New York Knicks
2026-06-05,2026-06-05T14:55:22.492838+00:00,1630170,Devin Vassell,SAS,threes,OVER,1.5,-250,0.7142857142857143,0.7673049203682194,0.7673049203682194,0.0530192060825051,0.07422688851550718,bovada,Bovada,2026-06-06T00:40:00Z,San Antonio Spurs,New York Knicks
2026-06-05,2026-06-05T14:55:22.492838+00:00,1641705,Victor Wembanyama,SAS,threes,UNDER,2.5,-240,0.7058823529411765,0.758036363423321,0.758036363423321,0.05215401048214452,0.07388484818303814,bovada,Bovada,2026-06-06T00:40:00Z,San Antonio Spurs,New York Knicks
2026-06-05,2026-06-05T14:55:22.492838+00:00,1628969,Mikal Bridges,NYK,threes,UNDER,1.5,-190,0.6551724137931034,0.6914624830813982,0.6914624830813982,0.03629006928829481,0.05539010575581832,betrivers,BetRivers,2026-06-06T00:40:00Z,San Antonio Spurs,New York Knicks
2026-06-05,2026-06-05T14:55:22.492838+00:00,1628969,Mikal Bridges,NYK,threes,UNDER,1.5,-190,0.6551724137931034,0.6914624830813982,0.6914624830813982,0.03629006928829481,0.05539010575581832,williamhill_us,Caesars,2026-06-06T00:40:00Z,San Antonio Spurs,New York Knicks
2026-06-05,2026-06-05T14:55:22.492838+00:00,1628969,Mikal Bridges,NYK,threes,UNDER,1.5,-200,0.6666666666666666,0.6914624830813982,0.6914624830813982,0.02479581641473161,0.03719372462209736,fanduel,FanDuel,2026-06-06T00:40:00Z,San Antonio Spurs,New York Knicks
2026-06-05,2026-06-05T14:55:22.492838+00:00,1642264,Stephon Castle,SAS,threes,OVER,1.5,110,0.47619047619047616,0.49202166426495775,0.49202166426495775,0.015831188074481584,0.03324549495641127,bovada,Bovada,2026-06-06T00:40:00Z,San Antonio Spurs,New York Knicks
2026-06-05,2026-06-05T14:55:22.492838+00:00,1642264,Stephon Castle,SAS,threes,OVER,1.5,107,0.4830917874396135,0.49202166426495775,0.49202166426495775,0.00892987682534424,0.018484845028462593,draftkings,DraftKings,2026-06-06T00:40:00Z,San Antonio Spurs,New York Knicks
2026-06-05,2026-06-05T14:55:22.492838+00:00,1630170,Devin Vassell,SAS,threes,UNDER,2.5,-150,0.6,0.6064198568069761,0.6064198568069761,0.006419856806976099,0.01069976134496009,betrivers,BetRivers,2026-06-06T00:40:00Z,San Antonio Spurs,New York Knicks
2026-06-05,2026-06-05T14:55:22.492838+00:00,1626157,Karl-Anthony Towns,NYK,threes,UNDER,1.5,-170,0.6296296296296297,0.6352159043593106,0.6352159043593106,0.0055862747296809845,0.008872318688316894,bovada,Bovada,2026-06-06T00:40:00Z,San Antonio Spurs,New York Knicks
2026-06-05,2026-06-05T14:55:22.492838+00:00,1626157,Karl-Anthony Towns,NYK,threes,UNDER,1.5,-174,0.635036496350365,0.6352159043593106,0.6352159043593106,0.00017940800894566955,0.0002825160600638532,draftkings,DraftKings,2026-06-06T00:40:00Z,San Antonio Spurs,New York Knicks
