snapshot_ts,event_id,commence_time,bookmaker,bookmaker_title,market,outcome_name,player_name,point,price,last_update,home_team,away_team
2026-07-15T06:51:37.933991+00:00,dd23179c4373849ae1da8476ec21def3,2026-07-15T16:10:00Z,draftkings,DraftKings,player_assists,Over,Natasha Cloud,4.5,-159,2026-07-15T06:51:25Z,Chicago Sky,Seattle Storm
2026-07-15T06:51:37.933991+00:00,dd23179c4373849ae1da8476ec21def3,2026-07-15T16:10:00Z,draftkings,DraftKings,player_assists,Under,Natasha Cloud,4.5,117,2026-07-15T06:51:25Z,Chicago Sky,Seattle Storm
2026-07-15T06:51:37.933991+00:00,dd23179c4373849ae1da8476ec21def3,2026-07-15T16:10:00Z,draftkings,DraftKings,player_assists,Over,Courtney Vandersloot,4.5,-126,2026-07-15T06:51:25Z,Chicago Sky,Seattle Storm
2026-07-15T06:51:37.933991+00:00,dd23179c4373849ae1da8476ec21def3,2026-07-15T16:10:00Z,draftkings,DraftKings,player_assists,Under,Courtney Vandersloot,4.5,-108,2026-07-15T06:51:25Z,Chicago Sky,Seattle Storm
2026-07-15T06:51:37.933991+00:00,dd23179c4373849ae1da8476ec21def3,2026-07-15T16:10:00Z,draftkings,DraftKings,player_assists,Over,Natisha Hiedeman,4.5,-116,2026-07-15T06:51:25Z,Chicago Sky,Seattle Storm
2026-07-15T06:51:37.933991+00:00,dd23179c4373849ae1da8476ec21def3,2026-07-15T16:10:00Z,draftkings,DraftKings,player_assists,Under,Natisha Hiedeman,4.5,-117,2026-07-15T06:51:25Z,Chicago Sky,Seattle Storm
2026-07-15T06:51:37.933991+00:00,dd23179c4373849ae1da8476ec21def3,2026-07-15T16:10:00Z,draftkings,DraftKings,player_assists,Over,Jade Melbourne,3.5,-172,2026-07-15T06:51:25Z,Chicago Sky,Seattle Storm
2026-07-15T06:51:37.933991+00:00,dd23179c4373849ae1da8476ec21def3,2026-07-15T16:10:00Z,draftkings,DraftKings,player_assists,Under,Jade Melbourne,3.5,126,2026-07-15T06:51:25Z,Chicago Sky,Seattle Storm
2026-07-15T06:51:37.933991+00:00,dd23179c4373849ae1da8476ec21def3,2026-07-15T16:10:00Z,draftkings,DraftKings,player_assists,Over,Flau'jae Johnson,3.5,132,2026-07-15T06:51:25Z,Chicago Sky,Seattle Storm
2026-07-15T06:51:37.933991+00:00,dd23179c4373849ae1da8476ec21def3,2026-07-15T16:10:00Z,draftkings,DraftKings,player_assists,Under,Flau'jae Johnson,3.5,-181,2026-07-15T06:51:25Z,Chicago Sky,Seattle Storm
2026-07-15T06:51:37.933991+00:00,dd23179c4373849ae1da8476ec21def3,2026-07-15T16:10:00Z,draftkings,DraftKings,player_assists,Over,Azura Stevens,2.5,-131,2026-07-15T06:51:25Z,Chicago Sky,Seattle Storm
2026-07-15T06:51:37.933991+00:00,dd23179c4373849ae1da8476ec21def3,2026-07-15T16:10:00Z,draftkings,DraftKings,player_assists,Under,Azura Stevens,2.5,-103,2026-07-15T06:51:25Z,Chicago Sky,Seattle Storm
2026-07-15T06:51:37.933991+00:00,dd23179c4373849ae1da8476ec21def3,2026-07-15T16:10:00Z,draftkings,DraftKings,player_assists,Over,Kamilla Cardoso,2.5,112,2026-07-15T06:51:25Z,Chicago Sky,Seattle Storm
2026-07-15T06:51:37.933991+00:00,dd23179c4373849ae1da8476ec21def3,2026-07-15T16:10:00Z,draftkings,DraftKings,player_assists,Under,Kamilla Cardoso,2.5,-152,2026-07-15T06:51:25Z,Chicago Sky,Seattle Storm
2026-07-15T06:51:37.933991+00:00,dd23179c4373849ae1da8476ec21def3,2026-07-15T16:10:00Z,draftkings,DraftKings,player_assists,Over,Awa Fam,2.5,121,2026-07-15T06:51:25Z,Chicago Sky,Seattle Storm
2026-07-15T06:51:37.933991+00:00,dd23179c4373849ae1da8476ec21def3,2026-07-15T16:10:00Z,draftkings,DraftKings,player_assists,Under,Awa Fam,2.5,-164,2026-07-15T06:51:25Z,Chicago Sky,Seattle Storm
2026-07-15T06:51:37.933991+00:00,dd23179c4373849ae1da8476ec21def3,2026-07-15T16:10:00Z,draftkings,DraftKings,player_double_double,Yes,Dominique Malonga,,120,2026-07-15T06:51:25Z,Chicago Sky,Seattle Storm
2026-07-15T06:51:37.933991+00:00,dd23179c4373849ae1da8476ec21def3,2026-07-15T16:10:00Z,draftkings,DraftKings,player_double_double,Yes,Kamilla Cardoso,,148,2026-07-15T06:51:25Z,Chicago Sky,Seattle Storm
2026-07-15T06:51:37.933991+00:00,dd23179c4373849ae1da8476ec21def3,2026-07-15T16:10:00Z,draftkings,DraftKings,player_double_double,Yes,Azura Stevens,,231,2026-07-15T06:51:25Z,Chicago Sky,Seattle Storm
2026-07-15T06:51:37.933991+00:00,dd23179c4373849ae1da8476ec21def3,2026-07-15T16:10:00Z,draftkings,DraftKings,player_double_double,Yes,Flau'jae Johnson,,1080,2026-07-15T06:51:25Z,Chicago Sky,Seattle Storm
2026-07-15T06:51:37.933991+00:00,dd23179c4373849ae1da8476ec21def3,2026-07-15T16:10:00Z,draftkings,DraftKings,player_double_double,Yes,Awa Fam,,1220,2026-07-15T06:51:25Z,Chicago Sky,Seattle Storm
2026-07-15T06:51:37.933991+00:00,dd23179c4373849ae1da8476ec21def3,2026-07-15T16:10:00Z,draftkings,DraftKings,player_double_double,Yes,Natasha Cloud,,1580,2026-07-15T06:51:25Z,Chicago Sky,Seattle Storm
2026-07-15T06:51:37.933991+00:00,dd23179c4373849ae1da8476ec21def3,2026-07-15T16:10:00Z,draftkings,DraftKings,player_double_double,Yes,Natisha Hiedeman,,2200,2026-07-15T06:51:25Z,Chicago Sky,Seattle Storm
2026-07-15T06:51:37.933991+00:00,dd23179c4373849ae1da8476ec21def3,2026-07-15T16:10:00Z,draftkings,DraftKings,player_double_double,Yes,Courtney Vandersloot,,3400,2026-07-15T06:51:25Z,Chicago Sky,Seattle Storm
2026-07-15T06:51:37.933991+00:00,dd23179c4373849ae1da8476ec21def3,2026-07-15T16:10:00Z,draftkings,DraftKings,player_double_double,Yes,Jade Melbourne,,4400,2026-07-15T06:51:25Z,Chicago Sky,Seattle Storm
2026-07-15T06:51:37.933991+00:00,dd23179c4373849ae1da8476ec21def3,2026-07-15T16:10:00Z,draftkings,DraftKings,player_points,Over,Dominique Malonga,17.5,-105,2026-07-15T06:51:25Z,Chicago Sky,Seattle Storm
2026-07-15T06:51:37.933991+00:00,dd23179c4373849ae1da8476ec21def3,2026-07-15T16:10:00Z,draftkings,DraftKings,player_points,Under,Dominique Malonga,17.5,-126,2026-07-15T06:51:25Z,Chicago Sky,Seattle Storm
2026-07-15T06:51:37.933991+00:00,dd23179c4373849ae1da8476ec21def3,2026-07-15T16:10:00Z,draftkings,DraftKings,player_points,Over,Sydney Taylor,16.5,-105,2026-07-15T06:51:25Z,Chicago Sky,Seattle Storm
2026-07-15T06:51:37.933991+00:00,dd23179c4373849ae1da8476ec21def3,2026-07-15T16:10:00Z,draftkings,DraftKings,player_points,Under,Sydney Taylor,16.5,-126,2026-07-15T06:51:25Z,Chicago Sky,Seattle Storm
2026-07-15T06:51:37.933991+00:00,dd23179c4373849ae1da8476ec21def3,2026-07-15T16:10:00Z,draftkings,DraftKings,player_points,Over,Natisha Hiedeman,15.5,-128,2026-07-15T06:51:25Z,Chicago Sky,Seattle Storm
2026-07-15T06:51:37.933991+00:00,dd23179c4373849ae1da8476ec21def3,2026-07-15T16:10:00Z,draftkings,DraftKings,player_points,Under,Natisha Hiedeman,15.5,-103,2026-07-15T06:51:25Z,Chicago Sky,Seattle Storm
2026-07-15T06:51:37.933991+00:00,dd23179c4373849ae1da8476ec21def3,2026-07-15T16:10:00Z,draftkings,DraftKings,player_points,Over,Kamilla Cardoso,14.5,-114,2026-07-15T06:51:25Z,Chicago Sky,Seattle Storm
2026-07-15T06:51:37.933991+00:00,dd23179c4373849ae1da8476ec21def3,2026-07-15T16:10:00Z,draftkings,DraftKings,player_points,Under,Kamilla Cardoso,14.5,-116,2026-07-15T06:51:25Z,Chicago Sky,Seattle Storm
2026-07-15T06:51:37.933991+00:00,dd23179c4373849ae1da8476ec21def3,2026-07-15T16:10:00Z,draftkings,DraftKings,player_points,Over,Flau'jae Johnson,13.5,-112,2026-07-15T06:51:25Z,Chicago Sky,Seattle Storm
2026-07-15T06:51:37.933991+00:00,dd23179c4373849ae1da8476ec21def3,2026-07-15T16:10:00Z,draftkings,DraftKings,player_points,Under,Flau'jae Johnson,13.5,-119,2026-07-15T06:51:25Z,Chicago Sky,Seattle Storm
2026-07-15T06:51:37.933991+00:00,dd23179c4373849ae1da8476ec21def3,2026-07-15T16:10:00Z,draftkings,DraftKings,player_points,Over,Azura Stevens,13.5,-109,2026-07-15T06:51:25Z,Chicago Sky,Seattle Storm
2026-07-15T06:51:37.933991+00:00,dd23179c4373849ae1da8476ec21def3,2026-07-15T16:10:00Z,draftkings,DraftKings,player_points,Under,Azura Stevens,13.5,-122,2026-07-15T06:51:25Z,Chicago Sky,Seattle Storm
2026-07-15T06:51:37.933991+00:00,dd23179c4373849ae1da8476ec21def3,2026-07-15T16:10:00Z,draftkings,DraftKings,player_points,Over,Awa Fam,11.5,-131,2026-07-15T06:51:25Z,Chicago Sky,Seattle Storm
2026-07-15T06:51:37.933991+00:00,dd23179c4373849ae1da8476ec21def3,2026-07-15T16:10:00Z,draftkings,DraftKings,player_points,Under,Awa Fam,11.5,-102,2026-07-15T06:51:25Z,Chicago Sky,Seattle Storm
2026-07-15T06:51:37.933991+00:00,dd23179c4373849ae1da8476ec21def3,2026-07-15T16:10:00Z,draftkings,DraftKings,player_points,Over,Natasha Cloud,11.5,-101,2026-07-15T06:51:25Z,Chicago Sky,Seattle Storm
2026-07-15T06:51:37.933991+00:00,dd23179c4373849ae1da8476ec21def3,2026-07-15T16:10:00Z,draftkings,DraftKings,player_points,Under,Natasha Cloud,11.5,-131,2026-07-15T06:51:25Z,Chicago Sky,Seattle Storm
2026-07-15T06:51:37.933991+00:00,dd23179c4373849ae1da8476ec21def3,2026-07-15T16:10:00Z,draftkings,DraftKings,player_points,Over,Courtney Vandersloot,8.5,-113,2026-07-15T06:51:25Z,Chicago Sky,Seattle Storm
2026-07-15T06:51:37.933991+00:00,dd23179c4373849ae1da8476ec21def3,2026-07-15T16:10:00Z,draftkings,DraftKings,player_points,Under,Courtney Vandersloot,8.5,-117,2026-07-15T06:51:25Z,Chicago Sky,Seattle Storm
2026-07-15T06:51:37.933991+00:00,dd23179c4373849ae1da8476ec21def3,2026-07-15T16:10:00Z,draftkings,DraftKings,player_points,Over,Jade Melbourne,7.5,-101,2026-07-15T06:51:25Z,Chicago Sky,Seattle Storm
2026-07-15T06:51:37.933991+00:00,dd23179c4373849ae1da8476ec21def3,2026-07-15T16:10:00Z,draftkings,DraftKings,player_points,Under,Jade Melbourne,7.5,-132,2026-07-15T06:51:25Z,Chicago Sky,Seattle Storm
2026-07-15T06:51:37.933991+00:00,dd23179c4373849ae1da8476ec21def3,2026-07-15T16:10:00Z,draftkings,DraftKings,player_points_assists,Over,Natisha Hiedeman,20.5,-121,2026-07-15T06:51:25Z,Chicago Sky,Seattle Storm
2026-07-15T06:51:37.933991+00:00,dd23179c4373849ae1da8476ec21def3,2026-07-15T16:10:00Z,draftkings,DraftKings,player_points_assists,Under,Natisha Hiedeman,20.5,-112,2026-07-15T06:51:25Z,Chicago Sky,Seattle Storm
2026-07-15T06:51:37.933991+00:00,dd23179c4373849ae1da8476ec21def3,2026-07-15T16:10:00Z,draftkings,DraftKings,player_points_assists,Over,Dominique Malonga,18.5,-130,2026-07-15T06:51:25Z,Chicago Sky,Seattle Storm
2026-07-15T06:51:37.933991+00:00,dd23179c4373849ae1da8476ec21def3,2026-07-15T16:10:00Z,draftkings,DraftKings,player_points_assists,Under,Dominique Malonga,18.5,-105,2026-07-15T06:51:25Z,Chicago Sky,Seattle Storm
2026-07-15T06:51:37.933991+00:00,dd23179c4373849ae1da8476ec21def3,2026-07-15T16:10:00Z,draftkings,DraftKings,player_points_assists,Over,Kamilla Cardoso,17.5,-102,2026-07-15T06:51:25Z,Chicago Sky,Seattle Storm
2026-07-15T06:51:37.933991+00:00,dd23179c4373849ae1da8476ec21def3,2026-07-15T16:10:00Z,draftkings,DraftKings,player_points_assists,Under,Kamilla Cardoso,17.5,-134,2026-07-15T06:51:25Z,Chicago Sky,Seattle Storm
2026-07-15T06:51:37.933991+00:00,dd23179c4373849ae1da8476ec21def3,2026-07-15T16:10:00Z,draftkings,DraftKings,player_points_assists,Over,Flau'jae Johnson,16.5,-117,2026-07-15T06:51:25Z,Chicago Sky,Seattle Storm
2026-07-15T06:51:37.933991+00:00,dd23179c4373849ae1da8476ec21def3,2026-07-15T16:10:00Z,draftkings,DraftKings,player_points_assists,Under,Flau'jae Johnson,16.5,-116,2026-07-15T06:51:25Z,Chicago Sky,Seattle Storm
2026-07-15T06:51:37.933991+00:00,dd23179c4373849ae1da8476ec21def3,2026-07-15T16:10:00Z,draftkings,DraftKings,player_points_assists,Over,Natasha Cloud,16.5,-110,2026-07-15T06:51:25Z,Chicago Sky,Seattle Storm
2026-07-15T06:51:37.933991+00:00,dd23179c4373849ae1da8476ec21def3,2026-07-15T16:10:00Z,draftkings,DraftKings,player_points_assists,Under,Natasha Cloud,16.5,-123,2026-07-15T06:51:25Z,Chicago Sky,Seattle Storm
2026-07-15T06:51:37.933991+00:00,dd23179c4373849ae1da8476ec21def3,2026-07-15T16:10:00Z,draftkings,DraftKings,player_points_assists,Over,Azura Stevens,16.5,-107,2026-07-15T06:51:25Z,Chicago Sky,Seattle Storm
2026-07-15T06:51:37.933991+00:00,dd23179c4373849ae1da8476ec21def3,2026-07-15T16:10:00Z,draftkings,DraftKings,player_points_assists,Under,Azura Stevens,16.5,-127,2026-07-15T06:51:25Z,Chicago Sky,Seattle Storm
2026-07-15T06:51:37.933991+00:00,dd23179c4373849ae1da8476ec21def3,2026-07-15T16:10:00Z,draftkings,DraftKings,player_points_assists,Over,Awa Fam,14.5,-111,2026-07-15T06:51:25Z,Chicago Sky,Seattle Storm
2026-07-15T06:51:37.933991+00:00,dd23179c4373849ae1da8476ec21def3,2026-07-15T16:10:00Z,draftkings,DraftKings,player_points_assists,Under,Awa Fam,14.5,-122,2026-07-15T06:51:25Z,Chicago Sky,Seattle Storm
2026-07-15T06:51:37.933991+00:00,dd23179c4373849ae1da8476ec21def3,2026-07-15T16:10:00Z,draftkings,DraftKings,player_points_assists,Over,Courtney Vandersloot,13.5,-105,2026-07-15T06:51:25Z,Chicago Sky,Seattle Storm
2026-07-15T06:51:37.933991+00:00,dd23179c4373849ae1da8476ec21def3,2026-07-15T16:10:00Z,draftkings,DraftKings,player_points_assists,Under,Courtney Vandersloot,13.5,-129,2026-07-15T06:51:25Z,Chicago Sky,Seattle Storm
2026-07-15T06:51:37.933991+00:00,dd23179c4373849ae1da8476ec21def3,2026-07-15T16:10:00Z,draftkings,DraftKings,player_points_assists,Over,Jade Melbourne,11.5,-112,2026-07-15T06:51:25Z,Chicago Sky,Seattle Storm
2026-07-15T06:51:37.933991+00:00,dd23179c4373849ae1da8476ec21def3,2026-07-15T16:10:00Z,draftkings,DraftKings,player_points_assists,Under,Jade Melbourne,11.5,-121,2026-07-15T06:51:25Z,Chicago Sky,Seattle Storm
2026-07-15T06:51:37.933991+00:00,dd23179c4373849ae1da8476ec21def3,2026-07-15T16:10:00Z,draftkings,DraftKings,player_points_rebounds,Over,Dominique Malonga,26.5,-115,2026-07-15T06:51:25Z,Chicago Sky,Seattle Storm
2026-07-15T06:51:37.933991+00:00,dd23179c4373849ae1da8476ec21def3,2026-07-15T16:10:00Z,draftkings,DraftKings,player_points_rebounds,Under,Dominique Malonga,26.5,-118,2026-07-15T06:51:25Z,Chicago Sky,Seattle Storm
2026-07-15T06:51:37.933991+00:00,dd23179c4373849ae1da8476ec21def3,2026-07-15T16:10:00Z,draftkings,DraftKings,player_points_rebounds,Over,Kamilla Cardoso,23.5,-121,2026-07-15T06:51:25Z,Chicago Sky,Seattle Storm
2026-07-15T06:51:37.933991+00:00,dd23179c4373849ae1da8476ec21def3,2026-07-15T16:10:00Z,draftkings,DraftKings,player_points_rebounds,Under,Kamilla Cardoso,23.5,-112,2026-07-15T06:51:25Z,Chicago Sky,Seattle Storm
2026-07-15T06:51:37.933991+00:00,dd23179c4373849ae1da8476ec21def3,2026-07-15T16:10:00Z,draftkings,DraftKings,player_points_rebounds,Over,Azura Stevens,21.5,-120,2026-07-15T06:51:25Z,Chicago Sky,Seattle Storm
2026-07-15T06:51:37.933991+00:00,dd23179c4373849ae1da8476ec21def3,2026-07-15T16:10:00Z,draftkings,DraftKings,player_points_rebounds,Under,Azura Stevens,21.5,-113,2026-07-15T06:51:25Z,Chicago Sky,Seattle Storm
2026-07-15T06:51:37.933991+00:00,dd23179c4373849ae1da8476ec21def3,2026-07-15T16:10:00Z,draftkings,DraftKings,player_points_rebounds,Over,Flau'jae Johnson,18.5,-130,2026-07-15T06:51:25Z,Chicago Sky,Seattle Storm
2026-07-15T06:51:37.933991+00:00,dd23179c4373849ae1da8476ec21def3,2026-07-15T16:10:00Z,draftkings,DraftKings,player_points_rebounds,Under,Flau'jae Johnson,18.5,-105,2026-07-15T06:51:25Z,Chicago Sky,Seattle Storm
2026-07-15T06:51:37.933991+00:00,dd23179c4373849ae1da8476ec21def3,2026-07-15T16:10:00Z,draftkings,DraftKings,player_points_rebounds,Over,Natisha Hiedeman,18.5,-116,2026-07-15T06:51:25Z,Chicago Sky,Seattle Storm
2026-07-15T06:51:37.933991+00:00,dd23179c4373849ae1da8476ec21def3,2026-07-15T16:10:00Z,draftkings,DraftKings,player_points_rebounds,Under,Natisha Hiedeman,18.5,-117,2026-07-15T06:51:25Z,Chicago Sky,Seattle Storm
2026-07-15T06:51:37.933991+00:00,dd23179c4373849ae1da8476ec21def3,2026-07-15T16:10:00Z,draftkings,DraftKings,player_points_rebounds,Over,Awa Fam,17.5,-121,2026-07-15T06:51:25Z,Chicago Sky,Seattle Storm
2026-07-15T06:51:37.933991+00:00,dd23179c4373849ae1da8476ec21def3,2026-07-15T16:10:00Z,draftkings,DraftKings,player_points_rebounds,Under,Awa Fam,17.5,-112,2026-07-15T06:51:25Z,Chicago Sky,Seattle Storm
2026-07-15T06:51:37.933991+00:00,dd23179c4373849ae1da8476ec21def3,2026-07-15T16:10:00Z,draftkings,DraftKings,player_points_rebounds,Over,Natasha Cloud,15.5,-113,2026-07-15T06:51:25Z,Chicago Sky,Seattle Storm
2026-07-15T06:51:37.933991+00:00,dd23179c4373849ae1da8476ec21def3,2026-07-15T16:10:00Z,draftkings,DraftKings,player_points_rebounds,Under,Natasha Cloud,15.5,-121,2026-07-15T06:51:25Z,Chicago Sky,Seattle Storm
2026-07-15T06:51:37.933991+00:00,dd23179c4373849ae1da8476ec21def3,2026-07-15T16:10:00Z,draftkings,DraftKings,player_points_rebounds,Over,Courtney Vandersloot,11.5,-107,2026-07-15T06:51:25Z,Chicago Sky,Seattle Storm
2026-07-15T06:51:37.933991+00:00,dd23179c4373849ae1da8476ec21def3,2026-07-15T16:10:00Z,draftkings,DraftKings,player_points_rebounds,Under,Courtney Vandersloot,11.5,-127,2026-07-15T06:51:25Z,Chicago Sky,Seattle Storm
2026-07-15T06:51:37.933991+00:00,dd23179c4373849ae1da8476ec21def3,2026-07-15T16:10:00Z,draftkings,DraftKings,player_points_rebounds,Over,Jade Melbourne,9.5,-104,2026-07-15T06:51:25Z,Chicago Sky,Seattle Storm
2026-07-15T06:51:37.933991+00:00,dd23179c4373849ae1da8476ec21def3,2026-07-15T16:10:00Z,draftkings,DraftKings,player_points_rebounds,Under,Jade Melbourne,9.5,-131,2026-07-15T06:51:25Z,Chicago Sky,Seattle Storm
2026-07-15T06:51:37.933991+00:00,dd23179c4373849ae1da8476ec21def3,2026-07-15T16:10:00Z,draftkings,DraftKings,player_points_rebounds_assists,Over,Dominique Malonga,28.5,-111,2026-07-15T06:51:25Z,Chicago Sky,Seattle Storm
2026-07-15T06:51:37.933991+00:00,dd23179c4373849ae1da8476ec21def3,2026-07-15T16:10:00Z,draftkings,DraftKings,player_points_rebounds_assists,Under,Dominique Malonga,28.5,-122,2026-07-15T06:51:25Z,Chicago Sky,Seattle Storm
2026-07-15T06:51:37.933991+00:00,dd23179c4373849ae1da8476ec21def3,2026-07-15T16:10:00Z,draftkings,DraftKings,player_points_rebounds_assists,Over,Kamilla Cardoso,26.5,-107,2026-07-15T06:51:25Z,Chicago Sky,Seattle Storm
2026-07-15T06:51:37.933991+00:00,dd23179c4373849ae1da8476ec21def3,2026-07-15T16:10:00Z,draftkings,DraftKings,player_points_rebounds_assists,Under,Kamilla Cardoso,26.5,-127,2026-07-15T06:51:25Z,Chicago Sky,Seattle Storm
2026-07-15T06:51:37.933991+00:00,dd23179c4373849ae1da8476ec21def3,2026-07-15T16:10:00Z,draftkings,DraftKings,player_points_rebounds_assists,Over,Azura Stevens,24.5,-115,2026-07-15T06:51:25Z,Chicago Sky,Seattle Storm
2026-07-15T06:51:37.933991+00:00,dd23179c4373849ae1da8476ec21def3,2026-07-15T16:10:00Z,draftkings,DraftKings,player_points_rebounds_assists,Under,Azura Stevens,24.5,-118,2026-07-15T06:51:25Z,Chicago Sky,Seattle Storm
2026-07-15T06:51:37.933991+00:00,dd23179c4373849ae1da8476ec21def3,2026-07-15T16:10:00Z,draftkings,DraftKings,player_points_rebounds_assists,Over,Natisha Hiedeman,23.5,-110,2026-07-15T06:51:25Z,Chicago Sky,Seattle Storm
2026-07-15T06:51:37.933991+00:00,dd23179c4373849ae1da8476ec21def3,2026-07-15T16:10:00Z,draftkings,DraftKings,player_points_rebounds_assists,Under,Natisha Hiedeman,23.5,-123,2026-07-15T06:51:25Z,Chicago Sky,Seattle Storm
2026-07-15T06:51:37.933991+00:00,dd23179c4373849ae1da8476ec21def3,2026-07-15T16:10:00Z,draftkings,DraftKings,player_points_rebounds_assists,Over,Flau'jae Johnson,22.5,-110,2026-07-15T06:51:25Z,Chicago Sky,Seattle Storm
2026-07-15T06:51:37.933991+00:00,dd23179c4373849ae1da8476ec21def3,2026-07-15T16:10:00Z,draftkings,DraftKings,player_points_rebounds_assists,Under,Flau'jae Johnson,22.5,-124,2026-07-15T06:51:25Z,Chicago Sky,Seattle Storm
2026-07-15T06:51:37.933991+00:00,dd23179c4373849ae1da8476ec21def3,2026-07-15T16:10:00Z,draftkings,DraftKings,player_points_rebounds_assists,Over,Natasha Cloud,20.5,-119,2026-07-15T06:51:25Z,Chicago Sky,Seattle Storm
2026-07-15T06:51:37.933991+00:00,dd23179c4373849ae1da8476ec21def3,2026-07-15T16:10:00Z,draftkings,DraftKings,player_points_rebounds_assists,Under,Natasha Cloud,20.5,-114,2026-07-15T06:51:25Z,Chicago Sky,Seattle Storm
2026-07-15T06:51:37.933991+00:00,dd23179c4373849ae1da8476ec21def3,2026-07-15T16:10:00Z,draftkings,DraftKings,player_points_rebounds_assists,Over,Awa Fam,20.5,-104,2026-07-15T06:51:25Z,Chicago Sky,Seattle Storm
2026-07-15T06:51:37.933991+00:00,dd23179c4373849ae1da8476ec21def3,2026-07-15T16:10:00Z,draftkings,DraftKings,player_points_rebounds_assists,Under,Awa Fam,20.5,-130,2026-07-15T06:51:25Z,Chicago Sky,Seattle Storm
2026-07-15T06:51:37.933991+00:00,dd23179c4373849ae1da8476ec21def3,2026-07-15T16:10:00Z,draftkings,DraftKings,player_points_rebounds_assists,Over,Courtney Vandersloot,15.5,-135,2026-07-15T06:51:25Z,Chicago Sky,Seattle Storm
2026-07-15T06:51:37.933991+00:00,dd23179c4373849ae1da8476ec21def3,2026-07-15T16:10:00Z,draftkings,DraftKings,player_points_rebounds_assists,Under,Courtney Vandersloot,15.5,-101,2026-07-15T06:51:25Z,Chicago Sky,Seattle Storm
2026-07-15T06:51:37.933991+00:00,dd23179c4373849ae1da8476ec21def3,2026-07-15T16:10:00Z,draftkings,DraftKings,player_rebounds,Over,Dominique Malonga,8.5,-146,2026-07-15T06:51:25Z,Chicago Sky,Seattle Storm
2026-07-15T06:51:37.933991+00:00,dd23179c4373849ae1da8476ec21def3,2026-07-15T16:10:00Z,draftkings,DraftKings,player_rebounds,Under,Dominique Malonga,8.5,107,2026-07-15T06:51:25Z,Chicago Sky,Seattle Storm
2026-07-15T06:51:37.933991+00:00,dd23179c4373849ae1da8476ec21def3,2026-07-15T16:10:00Z,draftkings,DraftKings,player_rebounds,Over,Kamilla Cardoso,8.5,-137,2026-07-15T06:51:25Z,Chicago Sky,Seattle Storm
2026-07-15T06:51:37.933991+00:00,dd23179c4373849ae1da8476ec21def3,2026-07-15T16:10:00Z,draftkings,DraftKings,player_rebounds,Under,Kamilla Cardoso,8.5,101,2026-07-15T06:51:25Z,Chicago Sky,Seattle Storm
2026-07-15T06:51:37.933991+00:00,dd23179c4373849ae1da8476ec21def3,2026-07-15T16:10:00Z,draftkings,DraftKings,player_rebounds,Over,Azura Stevens,8.5,108,2026-07-15T06:51:25Z,Chicago Sky,Seattle Storm
2026-07-15T06:51:37.933991+00:00,dd23179c4373849ae1da8476ec21def3,2026-07-15T16:10:00Z,draftkings,DraftKings,player_rebounds,Under,Azura Stevens,8.5,-147,2026-07-15T06:51:25Z,Chicago Sky,Seattle Storm
2026-07-15T06:51:37.933991+00:00,dd23179c4373849ae1da8476ec21def3,2026-07-15T16:10:00Z,draftkings,DraftKings,player_rebounds,Over,Awa Fam,5.5,-111,2026-07-15T06:51:25Z,Chicago Sky,Seattle Storm
2026-07-15T06:51:37.933991+00:00,dd23179c4373849ae1da8476ec21def3,2026-07-15T16:10:00Z,draftkings,DraftKings,player_rebounds,Under,Awa Fam,5.5,-122,2026-07-15T06:51:25Z,Chicago Sky,Seattle Storm
2026-07-15T06:51:37.933991+00:00,dd23179c4373849ae1da8476ec21def3,2026-07-15T16:10:00Z,draftkings,DraftKings,player_rebounds,Over,Flau'jae Johnson,5.5,-111,2026-07-15T06:51:25Z,Chicago Sky,Seattle Storm
2026-07-15T06:51:37.933991+00:00,dd23179c4373849ae1da8476ec21def3,2026-07-15T16:10:00Z,draftkings,DraftKings,player_rebounds,Under,Flau'jae Johnson,5.5,-123,2026-07-15T06:51:25Z,Chicago Sky,Seattle Storm
2026-07-15T06:51:37.933991+00:00,dd23179c4373849ae1da8476ec21def3,2026-07-15T16:10:00Z,draftkings,DraftKings,player_rebounds,Over,Natasha Cloud,4.5,113,2026-07-15T06:51:25Z,Chicago Sky,Seattle Storm
2026-07-15T06:51:37.933991+00:00,dd23179c4373849ae1da8476ec21def3,2026-07-15T16:10:00Z,draftkings,DraftKings,player_rebounds,Under,Natasha Cloud,4.5,-154,2026-07-15T06:51:25Z,Chicago Sky,Seattle Storm
2026-07-15T06:51:37.933991+00:00,dd23179c4373849ae1da8476ec21def3,2026-07-15T16:10:00Z,draftkings,DraftKings,player_rebounds,Over,Courtney Vandersloot,2.5,-128,2026-07-15T06:51:25Z,Chicago Sky,Seattle Storm
2026-07-15T06:51:37.933991+00:00,dd23179c4373849ae1da8476ec21def3,2026-07-15T16:10:00Z,draftkings,DraftKings,player_rebounds,Under,Courtney Vandersloot,2.5,-106,2026-07-15T06:51:25Z,Chicago Sky,Seattle Storm
2026-07-15T06:51:37.933991+00:00,dd23179c4373849ae1da8476ec21def3,2026-07-15T16:10:00Z,draftkings,DraftKings,player_rebounds,Over,Natisha Hiedeman,2.5,-114,2026-07-15T06:51:25Z,Chicago Sky,Seattle Storm
2026-07-15T06:51:37.933991+00:00,dd23179c4373849ae1da8476ec21def3,2026-07-15T16:10:00Z,draftkings,DraftKings,player_rebounds,Under,Natisha Hiedeman,2.5,-119,2026-07-15T06:51:25Z,Chicago Sky,Seattle Storm
2026-07-15T06:51:37.933991+00:00,dd23179c4373849ae1da8476ec21def3,2026-07-15T16:10:00Z,draftkings,DraftKings,player_rebounds_assists,Over,Kamilla Cardoso,11.5,-106,2026-07-15T06:51:25Z,Chicago Sky,Seattle Storm
2026-07-15T06:51:37.933991+00:00,dd23179c4373849ae1da8476ec21def3,2026-07-15T16:10:00Z,draftkings,DraftKings,player_rebounds_assists,Under,Kamilla Cardoso,11.5,-129,2026-07-15T06:51:25Z,Chicago Sky,Seattle Storm
2026-07-15T06:51:37.933991+00:00,dd23179c4373849ae1da8476ec21def3,2026-07-15T16:10:00Z,draftkings,DraftKings,player_rebounds_assists,Over,Azura Stevens,10.5,-135,2026-07-15T06:51:25Z,Chicago Sky,Seattle Storm
2026-07-15T06:51:37.933991+00:00,dd23179c4373849ae1da8476ec21def3,2026-07-15T16:10:00Z,draftkings,DraftKings,player_rebounds_assists,Under,Azura Stevens,10.5,100,2026-07-15T06:51:25Z,Chicago Sky,Seattle Storm
2026-07-15T06:51:37.933991+00:00,dd23179c4373849ae1da8476ec21def3,2026-07-15T16:10:00Z,draftkings,DraftKings,player_rebounds_assists,Over,Dominique Malonga,10.5,-134,2026-07-15T06:51:25Z,Chicago Sky,Seattle Storm
2026-07-15T06:51:37.933991+00:00,dd23179c4373849ae1da8476ec21def3,2026-07-15T16:10:00Z,draftkings,DraftKings,player_rebounds_assists,Under,Dominique Malonga,10.5,-101,2026-07-15T06:51:25Z,Chicago Sky,Seattle Storm
2026-07-15T06:51:37.933991+00:00,dd23179c4373849ae1da8476ec21def3,2026-07-15T16:10:00Z,draftkings,DraftKings,player_rebounds_assists,Over,Natasha Cloud,9.5,-101,2026-07-15T06:51:25Z,Chicago Sky,Seattle Storm
2026-07-15T06:51:37.933991+00:00,dd23179c4373849ae1da8476ec21def3,2026-07-15T16:10:00Z,draftkings,DraftKings,player_rebounds_assists,Under,Natasha Cloud,9.5,-134,2026-07-15T06:51:25Z,Chicago Sky,Seattle Storm
2026-07-15T06:51:37.933991+00:00,dd23179c4373849ae1da8476ec21def3,2026-07-15T16:10:00Z,draftkings,DraftKings,player_rebounds_assists,Over,Flau'jae Johnson,8.5,-123,2026-07-15T06:51:25Z,Chicago Sky,Seattle Storm
2026-07-15T06:51:37.933991+00:00,dd23179c4373849ae1da8476ec21def3,2026-07-15T16:10:00Z,draftkings,DraftKings,player_rebounds_assists,Under,Flau'jae Johnson,8.5,-110,2026-07-15T06:51:25Z,Chicago Sky,Seattle Storm
2026-07-15T06:51:37.933991+00:00,dd23179c4373849ae1da8476ec21def3,2026-07-15T16:10:00Z,draftkings,DraftKings,player_rebounds_assists,Over,Awa Fam,7.5,-131,2026-07-15T06:51:25Z,Chicago Sky,Seattle Storm
2026-07-15T06:51:37.933991+00:00,dd23179c4373849ae1da8476ec21def3,2026-07-15T16:10:00Z,draftkings,DraftKings,player_rebounds_assists,Under,Awa Fam,7.5,-103,2026-07-15T06:51:25Z,Chicago Sky,Seattle Storm
2026-07-15T06:51:37.933991+00:00,dd23179c4373849ae1da8476ec21def3,2026-07-15T16:10:00Z,draftkings,DraftKings,player_rebounds_assists,Over,Courtney Vandersloot,7.5,-110,2026-07-15T06:51:25Z,Chicago Sky,Seattle Storm
2026-07-15T06:51:37.933991+00:00,dd23179c4373849ae1da8476ec21def3,2026-07-15T16:10:00Z,draftkings,DraftKings,player_rebounds_assists,Under,Courtney Vandersloot,7.5,-123,2026-07-15T06:51:25Z,Chicago Sky,Seattle Storm
2026-07-15T06:51:37.933991+00:00,dd23179c4373849ae1da8476ec21def3,2026-07-15T16:10:00Z,draftkings,DraftKings,player_rebounds_assists,Over,Natisha Hiedeman,7.5,107,2026-07-15T06:51:25Z,Chicago Sky,Seattle Storm
2026-07-15T06:51:37.933991+00:00,dd23179c4373849ae1da8476ec21def3,2026-07-15T16:10:00Z,draftkings,DraftKings,player_rebounds_assists,Under,Natisha Hiedeman,7.5,-146,2026-07-15T06:51:25Z,Chicago Sky,Seattle Storm
2026-07-15T06:51:37.933991+00:00,dd23179c4373849ae1da8476ec21def3,2026-07-15T16:10:00Z,draftkings,DraftKings,player_rebounds_assists,Over,Jade Melbourne,6.5,112,2026-07-15T06:51:25Z,Chicago Sky,Seattle Storm
2026-07-15T06:51:37.933991+00:00,dd23179c4373849ae1da8476ec21def3,2026-07-15T16:10:00Z,draftkings,DraftKings,player_rebounds_assists,Under,Jade Melbourne,6.5,-153,2026-07-15T06:51:25Z,Chicago Sky,Seattle Storm
2026-07-15T06:51:37.933991+00:00,dd23179c4373849ae1da8476ec21def3,2026-07-15T16:10:00Z,draftkings,DraftKings,player_threes,Over,Sydney Taylor,2.5,145,2026-07-15T06:51:25Z,Chicago Sky,Seattle Storm
2026-07-15T06:51:37.933991+00:00,dd23179c4373849ae1da8476ec21def3,2026-07-15T16:10:00Z,draftkings,DraftKings,player_threes,Under,Sydney Taylor,2.5,-199,2026-07-15T06:51:25Z,Chicago Sky,Seattle Storm
2026-07-15T06:51:37.933991+00:00,dd23179c4373849ae1da8476ec21def3,2026-07-15T16:10:00Z,draftkings,DraftKings,player_threes,Over,Natisha Hiedeman,1.5,-190,2026-07-15T06:51:25Z,Chicago Sky,Seattle Storm
2026-07-15T06:51:37.933991+00:00,dd23179c4373849ae1da8476ec21def3,2026-07-15T16:10:00Z,draftkings,DraftKings,player_threes,Under,Natisha Hiedeman,1.5,139,2026-07-15T06:51:25Z,Chicago Sky,Seattle Storm
2026-07-15T06:51:37.933991+00:00,dd23179c4373849ae1da8476ec21def3,2026-07-15T16:10:00Z,draftkings,DraftKings,player_threes,Over,Awa Fam,1.5,102,2026-07-15T06:51:25Z,Chicago Sky,Seattle Storm
2026-07-15T06:51:37.933991+00:00,dd23179c4373849ae1da8476ec21def3,2026-07-15T16:10:00Z,draftkings,DraftKings,player_threes,Under,Awa Fam,1.5,-139,2026-07-15T06:51:25Z,Chicago Sky,Seattle Storm
2026-07-15T06:51:37.933991+00:00,dd23179c4373849ae1da8476ec21def3,2026-07-15T16:10:00Z,draftkings,DraftKings,player_threes,Over,Flau'jae Johnson,1.5,124,2026-07-15T06:51:25Z,Chicago Sky,Seattle Storm
2026-07-15T06:51:37.933991+00:00,dd23179c4373849ae1da8476ec21def3,2026-07-15T16:10:00Z,draftkings,DraftKings,player_threes,Under,Flau'jae Johnson,1.5,-169,2026-07-15T06:51:25Z,Chicago Sky,Seattle Storm
2026-07-15T06:51:37.933991+00:00,dd23179c4373849ae1da8476ec21def3,2026-07-15T16:10:00Z,draftkings,DraftKings,player_threes,Over,Azura Stevens,1.5,155,2026-07-15T06:51:25Z,Chicago Sky,Seattle Storm
2026-07-15T06:51:37.933991+00:00,dd23179c4373849ae1da8476ec21def3,2026-07-15T16:10:00Z,draftkings,DraftKings,player_threes,Under,Azura Stevens,1.5,-213,2026-07-15T06:51:25Z,Chicago Sky,Seattle Storm
2026-07-15T06:51:37.933991+00:00,dd23179c4373849ae1da8476ec21def3,2026-07-15T16:10:00Z,draftkings,DraftKings,player_threes,Over,Jade Melbourne,0.5,-168,2026-07-15T06:51:25Z,Chicago Sky,Seattle Storm
2026-07-15T06:51:37.933991+00:00,dd23179c4373849ae1da8476ec21def3,2026-07-15T16:10:00Z,draftkings,DraftKings,player_threes,Under,Jade Melbourne,0.5,123,2026-07-15T06:51:25Z,Chicago Sky,Seattle Storm
2026-07-15T06:51:37.933991+00:00,dd23179c4373849ae1da8476ec21def3,2026-07-15T16:10:00Z,draftkings,DraftKings,player_triple_double,Yes,Natasha Cloud,,5800,2026-07-15T06:51:25Z,Chicago Sky,Seattle Storm
2026-07-15T06:51:37.933991+00:00,dd23179c4373849ae1da8476ec21def3,2026-07-15T16:10:00Z,draftkings,DraftKings,player_triple_double,Yes,Flau'jae Johnson,,6200,2026-07-15T06:51:25Z,Chicago Sky,Seattle Storm
2026-07-15T06:51:37.933991+00:00,dd23179c4373849ae1da8476ec21def3,2026-07-15T16:10:00Z,draftkings,DraftKings,player_triple_double,Yes,Azura Stevens,,6300,2026-07-15T06:51:25Z,Chicago Sky,Seattle Storm
2026-07-15T06:51:37.933991+00:00,dd23179c4373849ae1da8476ec21def3,2026-07-15T16:10:00Z,draftkings,DraftKings,player_triple_double,Yes,Dominique Malonga,,6300,2026-07-15T06:51:25Z,Chicago Sky,Seattle Storm
2026-07-15T06:51:37.933991+00:00,dd23179c4373849ae1da8476ec21def3,2026-07-15T16:10:00Z,fanatics,Fanatics,player_double_double,Yes,Azura Stevens,,260,2026-07-15T06:50:40Z,Chicago Sky,Seattle Storm
2026-07-15T06:51:37.933991+00:00,dd23179c4373849ae1da8476ec21def3,2026-07-15T16:10:00Z,fanatics,Fanatics,player_double_double,Yes,Kamilla Cardoso,,175,2026-07-15T06:50:40Z,Chicago Sky,Seattle Storm
2026-07-15T06:51:37.933991+00:00,dd23179c4373849ae1da8476ec21def3,2026-07-15T16:10:00Z,fanatics,Fanatics,player_double_double,Yes,Awa Fam,,1300,2026-07-15T06:50:40Z,Chicago Sky,Seattle Storm
2026-07-15T06:51:37.933991+00:00,dd23179c4373849ae1da8476ec21def3,2026-07-15T16:10:00Z,fanatics,Fanatics,player_double_double,Yes,Flau'jae Johnson,,1200,2026-07-15T06:50:40Z,Chicago Sky,Seattle Storm
2026-07-15T06:51:37.933991+00:00,dd23179c4373849ae1da8476ec21def3,2026-07-15T16:10:00Z,fanatics,Fanatics,player_double_double,Yes,Natisha Hiedeman,,2000,2026-07-15T06:50:40Z,Chicago Sky,Seattle Storm
2026-07-15T06:51:37.933991+00:00,dd23179c4373849ae1da8476ec21def3,2026-07-15T16:10:00Z,fanatics,Fanatics,player_double_double,Yes,Courtney Vandersloot,,2800,2026-07-15T06:50:40Z,Chicago Sky,Seattle Storm
2026-07-15T06:51:37.933991+00:00,dd23179c4373849ae1da8476ec21def3,2026-07-15T16:10:00Z,fanduel,FanDuel,player_assists,Over,Natisha Hiedeman,4.5,100,2026-07-15T06:51:01Z,Chicago Sky,Seattle Storm
2026-07-15T06:51:37.933991+00:00,dd23179c4373849ae1da8476ec21def3,2026-07-15T16:10:00Z,fanduel,FanDuel,player_assists,Under,Natisha Hiedeman,4.5,-132,2026-07-15T06:51:01Z,Chicago Sky,Seattle Storm
2026-07-15T06:51:37.933991+00:00,dd23179c4373849ae1da8476ec21def3,2026-07-15T16:10:00Z,fanduel,FanDuel,player_assists,Over,Natasha Cloud,5.5,124,2026-07-15T06:51:01Z,Chicago Sky,Seattle Storm
2026-07-15T06:51:37.933991+00:00,dd23179c4373849ae1da8476ec21def3,2026-07-15T16:10:00Z,fanduel,FanDuel,player_assists,Under,Natasha Cloud,5.5,-166,2026-07-15T06:51:01Z,Chicago Sky,Seattle Storm
2026-07-15T06:51:37.933991+00:00,dd23179c4373849ae1da8476ec21def3,2026-07-15T16:10:00Z,fanduel,FanDuel,player_assists,Over,Courtney Vandersloot,4.5,-132,2026-07-15T06:51:01Z,Chicago Sky,Seattle Storm
2026-07-15T06:51:37.933991+00:00,dd23179c4373849ae1da8476ec21def3,2026-07-15T16:10:00Z,fanduel,FanDuel,player_assists,Under,Courtney Vandersloot,4.5,100,2026-07-15T06:51:01Z,Chicago Sky,Seattle Storm
2026-07-15T06:51:37.933991+00:00,dd23179c4373849ae1da8476ec21def3,2026-07-15T16:10:00Z,fanduel,FanDuel,player_assists,Over,Flau'jae Johnson,2.5,-172,2026-07-15T06:51:01Z,Chicago Sky,Seattle Storm
2026-07-15T06:51:37.933991+00:00,dd23179c4373849ae1da8476ec21def3,2026-07-15T16:10:00Z,fanduel,FanDuel,player_assists,Under,Flau'jae Johnson,2.5,128,2026-07-15T06:51:01Z,Chicago Sky,Seattle Storm
2026-07-15T06:51:37.933991+00:00,dd23179c4373849ae1da8476ec21def3,2026-07-15T16:10:00Z,fanduel,FanDuel,player_assists,Over,Jade Melbourne,3.5,-166,2026-07-15T06:51:01Z,Chicago Sky,Seattle Storm
2026-07-15T06:51:37.933991+00:00,dd23179c4373849ae1da8476ec21def3,2026-07-15T16:10:00Z,fanduel,FanDuel,player_assists,Under,Jade Melbourne,3.5,124,2026-07-15T06:51:01Z,Chicago Sky,Seattle Storm
2026-07-15T06:51:37.933991+00:00,dd23179c4373849ae1da8476ec21def3,2026-07-15T16:10:00Z,fanduel,FanDuel,player_assists,Over,Kamilla Cardoso,2.5,132,2026-07-15T06:51:01Z,Chicago Sky,Seattle Storm
2026-07-15T06:51:37.933991+00:00,dd23179c4373849ae1da8476ec21def3,2026-07-15T16:10:00Z,fanduel,FanDuel,player_assists,Under,Kamilla Cardoso,2.5,-178,2026-07-15T06:51:01Z,Chicago Sky,Seattle Storm
2026-07-15T06:51:37.933991+00:00,dd23179c4373849ae1da8476ec21def3,2026-07-15T16:10:00Z,fanduel,FanDuel,player_double_double,Yes,Dominique Malonga,,105,2026-07-15T06:51:01Z,Chicago Sky,Seattle Storm
2026-07-15T06:51:37.933991+00:00,dd23179c4373849ae1da8476ec21def3,2026-07-15T16:10:00Z,fanduel,FanDuel,player_double_double,Yes,Kamilla Cardoso,,130,2026-07-15T06:51:01Z,Chicago Sky,Seattle Storm
2026-07-15T06:51:37.933991+00:00,dd23179c4373849ae1da8476ec21def3,2026-07-15T16:10:00Z,fanduel,FanDuel,player_double_double,Yes,Azura Stevens,,220,2026-07-15T06:51:01Z,Chicago Sky,Seattle Storm
2026-07-15T06:51:37.933991+00:00,dd23179c4373849ae1da8476ec21def3,2026-07-15T16:10:00Z,fanduel,FanDuel,player_double_double,Yes,Flau'jae Johnson,,1100,2026-07-15T06:51:01Z,Chicago Sky,Seattle Storm
2026-07-15T06:51:37.933991+00:00,dd23179c4373849ae1da8476ec21def3,2026-07-15T16:10:00Z,fanduel,FanDuel,player_double_double,Yes,Awa Fam,,1200,2026-07-15T06:51:01Z,Chicago Sky,Seattle Storm
2026-07-15T06:51:37.933991+00:00,dd23179c4373849ae1da8476ec21def3,2026-07-15T16:10:00Z,fanduel,FanDuel,player_double_double,Yes,Natasha Cloud,,1500,2026-07-15T06:51:01Z,Chicago Sky,Seattle Storm
2026-07-15T06:51:37.933991+00:00,dd23179c4373849ae1da8476ec21def3,2026-07-15T16:10:00Z,fanduel,FanDuel,player_points,Over,Natisha Hiedeman,15.5,-115,2026-07-15T06:51:01Z,Chicago Sky,Seattle Storm
2026-07-15T06:51:37.933991+00:00,dd23179c4373849ae1da8476ec21def3,2026-07-15T16:10:00Z,fanduel,FanDuel,player_points,Under,Natisha Hiedeman,15.5,-113,2026-07-15T06:51:01Z,Chicago Sky,Seattle Storm
2026-07-15T06:51:37.933991+00:00,dd23179c4373849ae1da8476ec21def3,2026-07-15T16:10:00Z,fanduel,FanDuel,player_points,Over,Azura Stevens,13.5,104,2026-07-15T06:51:01Z,Chicago Sky,Seattle Storm
2026-07-15T06:51:37.933991+00:00,dd23179c4373849ae1da8476ec21def3,2026-07-15T16:10:00Z,fanduel,FanDuel,player_points,Under,Azura Stevens,13.5,-135,2026-07-15T06:51:01Z,Chicago Sky,Seattle Storm
2026-07-15T06:51:37.933991+00:00,dd23179c4373849ae1da8476ec21def3,2026-07-15T16:10:00Z,fanduel,FanDuel,player_points,Over,Sydney Taylor,15.5,-106,2026-07-15T06:51:01Z,Chicago Sky,Seattle Storm
2026-07-15T06:51:37.933991+00:00,dd23179c4373849ae1da8476ec21def3,2026-07-15T16:10:00Z,fanduel,FanDuel,player_points,Under,Sydney Taylor,15.5,-122,2026-07-15T06:51:01Z,Chicago Sky,Seattle Storm
2026-07-15T06:51:37.933991+00:00,dd23179c4373849ae1da8476ec21def3,2026-07-15T16:10:00Z,fanduel,FanDuel,player_points,Over,Flau'jae Johnson,13.5,-108,2026-07-15T06:51:01Z,Chicago Sky,Seattle Storm
2026-07-15T06:51:37.933991+00:00,dd23179c4373849ae1da8476ec21def3,2026-07-15T16:10:00Z,fanduel,FanDuel,player_points,Under,Flau'jae Johnson,13.5,-120,2026-07-15T06:51:01Z,Chicago Sky,Seattle Storm
2026-07-15T06:51:37.933991+00:00,dd23179c4373849ae1da8476ec21def3,2026-07-15T16:10:00Z,fanduel,FanDuel,player_points,Over,Dominique Malonga,17.5,-114,2026-07-15T06:51:01Z,Chicago Sky,Seattle Storm
2026-07-15T06:51:37.933991+00:00,dd23179c4373849ae1da8476ec21def3,2026-07-15T16:10:00Z,fanduel,FanDuel,player_points,Under,Dominique Malonga,17.5,-114,2026-07-15T06:51:01Z,Chicago Sky,Seattle Storm
2026-07-15T06:51:37.933991+00:00,dd23179c4373849ae1da8476ec21def3,2026-07-15T16:10:00Z,fanduel,FanDuel,player_points,Over,Natasha Cloud,10.5,-125,2026-07-15T06:51:01Z,Chicago Sky,Seattle Storm
2026-07-15T06:51:37.933991+00:00,dd23179c4373849ae1da8476ec21def3,2026-07-15T16:10:00Z,fanduel,FanDuel,player_points,Under,Natasha Cloud,10.5,-104,2026-07-15T06:51:01Z,Chicago Sky,Seattle Storm
2026-07-15T06:51:37.933991+00:00,dd23179c4373849ae1da8476ec21def3,2026-07-15T16:10:00Z,fanduel,FanDuel,player_points,Over,Awa Fam,12.5,-102,2026-07-15T06:51:01Z,Chicago Sky,Seattle Storm
2026-07-15T06:51:37.933991+00:00,dd23179c4373849ae1da8476ec21def3,2026-07-15T16:10:00Z,fanduel,FanDuel,player_points,Under,Awa Fam,12.5,-128,2026-07-15T06:51:01Z,Chicago Sky,Seattle Storm
2026-07-15T06:51:37.933991+00:00,dd23179c4373849ae1da8476ec21def3,2026-07-15T16:10:00Z,fanduel,FanDuel,player_points,Over,Jade Melbourne,7.5,-108,2026-07-15T06:51:01Z,Chicago Sky,Seattle Storm
2026-07-15T06:51:37.933991+00:00,dd23179c4373849ae1da8476ec21def3,2026-07-15T16:10:00Z,fanduel,FanDuel,player_points,Under,Jade Melbourne,7.5,-120,2026-07-15T06:51:01Z,Chicago Sky,Seattle Storm
2026-07-15T06:51:37.933991+00:00,dd23179c4373849ae1da8476ec21def3,2026-07-15T16:10:00Z,fanduel,FanDuel,player_points,Over,Kamilla Cardoso,14.5,-120,2026-07-15T06:51:01Z,Chicago Sky,Seattle Storm
2026-07-15T06:51:37.933991+00:00,dd23179c4373849ae1da8476ec21def3,2026-07-15T16:10:00Z,fanduel,FanDuel,player_points,Under,Kamilla Cardoso,14.5,-108,2026-07-15T06:51:01Z,Chicago Sky,Seattle Storm
2026-07-15T06:51:37.933991+00:00,dd23179c4373849ae1da8476ec21def3,2026-07-15T16:10:00Z,fanduel,FanDuel,player_points_assists,Over,Flau'jae Johnson,16.5,-114,2026-07-15T06:51:01Z,Chicago Sky,Seattle Storm
2026-07-15T06:51:37.933991+00:00,dd23179c4373849ae1da8476ec21def3,2026-07-15T16:10:00Z,fanduel,FanDuel,player_points_assists,Under,Flau'jae Johnson,16.5,-114,2026-07-15T06:51:01Z,Chicago Sky,Seattle Storm
2026-07-15T06:51:37.933991+00:00,dd23179c4373849ae1da8476ec21def3,2026-07-15T16:10:00Z,fanduel,FanDuel,player_points_assists,Over,Natasha Cloud,16.5,-102,2026-07-15T06:51:01Z,Chicago Sky,Seattle Storm
2026-07-15T06:51:37.933991+00:00,dd23179c4373849ae1da8476ec21def3,2026-07-15T16:10:00Z,fanduel,FanDuel,player_points_assists,Under,Natasha Cloud,16.5,-130,2026-07-15T06:51:01Z,Chicago Sky,Seattle Storm
2026-07-15T06:51:37.933991+00:00,dd23179c4373849ae1da8476ec21def3,2026-07-15T16:10:00Z,fanduel,FanDuel,player_points_assists,Over,Natisha Hiedeman,20.5,-106,2026-07-15T06:51:01Z,Chicago Sky,Seattle Storm
2026-07-15T06:51:37.933991+00:00,dd23179c4373849ae1da8476ec21def3,2026-07-15T16:10:00Z,fanduel,FanDuel,player_points_assists,Under,Natisha Hiedeman,20.5,-125,2026-07-15T06:51:01Z,Chicago Sky,Seattle Storm
2026-07-15T06:51:37.933991+00:00,dd23179c4373849ae1da8476ec21def3,2026-07-15T16:10:00Z,fanduel,FanDuel,player_points_assists,Over,Jade Melbourne,11.5,-114,2026-07-15T06:51:01Z,Chicago Sky,Seattle Storm
2026-07-15T06:51:37.933991+00:00,dd23179c4373849ae1da8476ec21def3,2026-07-15T16:10:00Z,fanduel,FanDuel,player_points_assists,Under,Jade Melbourne,11.5,-114,2026-07-15T06:51:01Z,Chicago Sky,Seattle Storm
2026-07-15T06:51:37.933991+00:00,dd23179c4373849ae1da8476ec21def3,2026-07-15T16:10:00Z,fanduel,FanDuel,player_points_assists,Over,Kamilla Cardoso,17.5,-102,2026-07-15T06:51:01Z,Chicago Sky,Seattle Storm
2026-07-15T06:51:37.933991+00:00,dd23179c4373849ae1da8476ec21def3,2026-07-15T16:10:00Z,fanduel,FanDuel,player_points_assists,Under,Kamilla Cardoso,17.5,-130,2026-07-15T06:51:01Z,Chicago Sky,Seattle Storm
2026-07-15T06:51:37.933991+00:00,dd23179c4373849ae1da8476ec21def3,2026-07-15T16:10:00Z,fanduel,FanDuel,player_points_assists,Over,Courtney Vandersloot,13.5,-106,2026-07-15T06:51:01Z,Chicago Sky,Seattle Storm
2026-07-15T06:51:37.933991+00:00,dd23179c4373849ae1da8476ec21def3,2026-07-15T16:10:00Z,fanduel,FanDuel,player_points_assists,Under,Courtney Vandersloot,13.5,-125,2026-07-15T06:51:01Z,Chicago Sky,Seattle Storm
2026-07-15T06:51:37.933991+00:00,dd23179c4373849ae1da8476ec21def3,2026-07-15T16:10:00Z,fanduel,FanDuel,player_points_rebounds,Over,Kamilla Cardoso,23.5,-122,2026-07-15T06:51:01Z,Chicago Sky,Seattle Storm
2026-07-15T06:51:37.933991+00:00,dd23179c4373849ae1da8476ec21def3,2026-07-15T16:10:00Z,fanduel,FanDuel,player_points_rebounds,Under,Kamilla Cardoso,23.5,-108,2026-07-15T06:51:01Z,Chicago Sky,Seattle Storm
2026-07-15T06:51:37.933991+00:00,dd23179c4373849ae1da8476ec21def3,2026-07-15T16:10:00Z,fanduel,FanDuel,player_points_rebounds,Over,Awa Fam,17.5,-128,2026-07-15T06:51:01Z,Chicago Sky,Seattle Storm
2026-07-15T06:51:37.933991+00:00,dd23179c4373849ae1da8476ec21def3,2026-07-15T16:10:00Z,fanduel,FanDuel,player_points_rebounds,Under,Awa Fam,17.5,-104,2026-07-15T06:51:01Z,Chicago Sky,Seattle Storm
2026-07-15T06:51:37.933991+00:00,dd23179c4373849ae1da8476ec21def3,2026-07-15T16:10:00Z,fanduel,FanDuel,player_points_rebounds,Over,Natasha Cloud,15.5,-102,2026-07-15T06:51:01Z,Chicago Sky,Seattle Storm
2026-07-15T06:51:37.933991+00:00,dd23179c4373849ae1da8476ec21def3,2026-07-15T16:10:00Z,fanduel,FanDuel,player_points_rebounds,Under,Natasha Cloud,15.5,-130,2026-07-15T06:51:01Z,Chicago Sky,Seattle Storm
2026-07-15T06:51:37.933991+00:00,dd23179c4373849ae1da8476ec21def3,2026-07-15T16:10:00Z,fanduel,FanDuel,player_points_rebounds,Over,Natisha Hiedeman,18.5,-108,2026-07-15T06:51:01Z,Chicago Sky,Seattle Storm
2026-07-15T06:51:37.933991+00:00,dd23179c4373849ae1da8476ec21def3,2026-07-15T16:10:00Z,fanduel,FanDuel,player_points_rebounds,Under,Natisha Hiedeman,18.5,-122,2026-07-15T06:51:01Z,Chicago Sky,Seattle Storm
2026-07-15T06:51:37.933991+00:00,dd23179c4373849ae1da8476ec21def3,2026-07-15T16:10:00Z,fanduel,FanDuel,player_points_rebounds,Over,Dominique Malonga,26.5,-125,2026-07-15T06:51:01Z,Chicago Sky,Seattle Storm
2026-07-15T06:51:37.933991+00:00,dd23179c4373849ae1da8476ec21def3,2026-07-15T16:10:00Z,fanduel,FanDuel,player_points_rebounds,Under,Dominique Malonga,26.5,-106,2026-07-15T06:51:01Z,Chicago Sky,Seattle Storm
2026-07-15T06:51:37.933991+00:00,dd23179c4373849ae1da8476ec21def3,2026-07-15T16:10:00Z,fanduel,FanDuel,player_points_rebounds,Over,Azura Stevens,21.5,-108,2026-07-15T06:51:01Z,Chicago Sky,Seattle Storm
2026-07-15T06:51:37.933991+00:00,dd23179c4373849ae1da8476ec21def3,2026-07-15T16:10:00Z,fanduel,FanDuel,player_points_rebounds,Under,Azura Stevens,21.5,-122,2026-07-15T06:51:01Z,Chicago Sky,Seattle Storm
2026-07-15T06:51:37.933991+00:00,dd23179c4373849ae1da8476ec21def3,2026-07-15T16:10:00Z,fanduel,FanDuel,player_points_rebounds_assists,Over,Courtney Vandersloot,16.5,-110,2026-07-15T06:51:01Z,Chicago Sky,Seattle Storm
2026-07-15T06:51:37.933991+00:00,dd23179c4373849ae1da8476ec21def3,2026-07-15T16:10:00Z,fanduel,FanDuel,player_points_rebounds_assists,Under,Courtney Vandersloot,16.5,-120,2026-07-15T06:51:01Z,Chicago Sky,Seattle Storm
2026-07-15T06:51:37.933991+00:00,dd23179c4373849ae1da8476ec21def3,2026-07-15T16:10:00Z,fanduel,FanDuel,player_points_rebounds_assists,Over,Natisha Hiedeman,22.5,-130,2026-07-15T06:51:01Z,Chicago Sky,Seattle Storm
2026-07-15T06:51:37.933991+00:00,dd23179c4373849ae1da8476ec21def3,2026-07-15T16:10:00Z,fanduel,FanDuel,player_points_rebounds_assists,Under,Natisha Hiedeman,22.5,-102,2026-07-15T06:51:01Z,Chicago Sky,Seattle Storm
2026-07-15T06:51:37.933991+00:00,dd23179c4373849ae1da8476ec21def3,2026-07-15T16:10:00Z,fanduel,FanDuel,player_points_rebounds_assists,Over,Kamilla Cardoso,26.5,-104,2026-07-15T06:51:01Z,Chicago Sky,Seattle Storm
2026-07-15T06:51:37.933991+00:00,dd23179c4373849ae1da8476ec21def3,2026-07-15T16:10:00Z,fanduel,FanDuel,player_points_rebounds_assists,Under,Kamilla Cardoso,26.5,-128,2026-07-15T06:51:01Z,Chicago Sky,Seattle Storm
2026-07-15T06:51:37.933991+00:00,dd23179c4373849ae1da8476ec21def3,2026-07-15T16:10:00Z,fanduel,FanDuel,player_points_rebounds_assists,Over,Natasha Cloud,20.5,-108,2026-07-15T06:51:01Z,Chicago Sky,Seattle Storm
2026-07-15T06:51:37.933991+00:00,dd23179c4373849ae1da8476ec21def3,2026-07-15T16:10:00Z,fanduel,FanDuel,player_points_rebounds_assists,Under,Natasha Cloud,20.5,-122,2026-07-15T06:51:01Z,Chicago Sky,Seattle Storm
2026-07-15T06:51:37.933991+00:00,dd23179c4373849ae1da8476ec21def3,2026-07-15T16:10:00Z,fanduel,FanDuel,player_points_rebounds_assists,Over,Flau'jae Johnson,22.5,-104,2026-07-15T06:51:01Z,Chicago Sky,Seattle Storm
2026-07-15T06:51:37.933991+00:00,dd23179c4373849ae1da8476ec21def3,2026-07-15T16:10:00Z,fanduel,FanDuel,player_points_rebounds_assists,Under,Flau'jae Johnson,22.5,-128,2026-07-15T06:51:01Z,Chicago Sky,Seattle Storm
2026-07-15T06:51:37.933991+00:00,dd23179c4373849ae1da8476ec21def3,2026-07-15T16:10:00Z,fanduel,FanDuel,player_points_rebounds_assists,Over,Azura Stevens,23.5,-122,2026-07-15T06:51:01Z,Chicago Sky,Seattle Storm
2026-07-15T06:51:37.933991+00:00,dd23179c4373849ae1da8476ec21def3,2026-07-15T16:10:00Z,fanduel,FanDuel,player_points_rebounds_assists,Under,Azura Stevens,23.5,-108,2026-07-15T06:51:01Z,Chicago Sky,Seattle Storm
2026-07-15T06:51:37.933991+00:00,dd23179c4373849ae1da8476ec21def3,2026-07-15T16:10:00Z,fanduel,FanDuel,player_points_rebounds_assists,Over,Dominique Malonga,28.5,-118,2026-07-15T06:51:01Z,Chicago Sky,Seattle Storm
2026-07-15T06:51:37.933991+00:00,dd23179c4373849ae1da8476ec21def3,2026-07-15T16:10:00Z,fanduel,FanDuel,player_points_rebounds_assists,Under,Dominique Malonga,28.5,-112,2026-07-15T06:51:01Z,Chicago Sky,Seattle Storm
2026-07-15T06:51:37.933991+00:00,dd23179c4373849ae1da8476ec21def3,2026-07-15T16:10:00Z,fanduel,FanDuel,player_points_rebounds_assists,Over,Jade Melbourne,13.5,-122,2026-07-15T06:51:01Z,Chicago Sky,Seattle Storm
2026-07-15T06:51:37.933991+00:00,dd23179c4373849ae1da8476ec21def3,2026-07-15T16:10:00Z,fanduel,FanDuel,player_points_rebounds_assists,Under,Jade Melbourne,13.5,-108,2026-07-15T06:51:01Z,Chicago Sky,Seattle Storm
2026-07-15T06:51:37.933991+00:00,dd23179c4373849ae1da8476ec21def3,2026-07-15T16:10:00Z,fanduel,FanDuel,player_rebounds,Over,Natisha Hiedeman,2.5,-114,2026-07-15T06:51:01Z,Chicago Sky,Seattle Storm
2026-07-15T06:51:37.933991+00:00,dd23179c4373849ae1da8476ec21def3,2026-07-15T16:10:00Z,fanduel,FanDuel,player_rebounds,Under,Natisha Hiedeman,2.5,-114,2026-07-15T06:51:01Z,Chicago Sky,Seattle Storm
2026-07-15T06:51:37.933991+00:00,dd23179c4373849ae1da8476ec21def3,2026-07-15T16:10:00Z,fanduel,FanDuel,player_rebounds,Over,Natasha Cloud,4.5,120,2026-07-15T06:51:01Z,Chicago Sky,Seattle Storm
2026-07-15T06:51:37.933991+00:00,dd23179c4373849ae1da8476ec21def3,2026-07-15T16:10:00Z,fanduel,FanDuel,player_rebounds,Under,Natasha Cloud,4.5,-160,2026-07-15T06:51:01Z,Chicago Sky,Seattle Storm
2026-07-15T06:51:37.933991+00:00,dd23179c4373849ae1da8476ec21def3,2026-07-15T16:10:00Z,fanduel,FanDuel,player_rebounds,Over,Flau'jae Johnson,5.5,-106,2026-07-15T06:51:01Z,Chicago Sky,Seattle Storm
2026-07-15T06:51:37.933991+00:00,dd23179c4373849ae1da8476ec21def3,2026-07-15T16:10:00Z,fanduel,FanDuel,player_rebounds,Under,Flau'jae Johnson,5.5,-125,2026-07-15T06:51:01Z,Chicago Sky,Seattle Storm
2026-07-15T06:51:37.933991+00:00,dd23179c4373849ae1da8476ec21def3,2026-07-15T16:10:00Z,fanduel,FanDuel,player_rebounds,Over,Dominique Malonga,9.5,102,2026-07-15T06:51:01Z,Chicago Sky,Seattle Storm
2026-07-15T06:51:37.933991+00:00,dd23179c4373849ae1da8476ec21def3,2026-07-15T16:10:00Z,fanduel,FanDuel,player_rebounds,Under,Dominique Malonga,9.5,-136,2026-07-15T06:51:01Z,Chicago Sky,Seattle Storm
2026-07-15T06:51:37.933991+00:00,dd23179c4373849ae1da8476ec21def3,2026-07-15T16:10:00Z,fanduel,FanDuel,player_rebounds,Over,Azura Stevens,7.5,-138,2026-07-15T06:51:01Z,Chicago Sky,Seattle Storm
2026-07-15T06:51:37.933991+00:00,dd23179c4373849ae1da8476ec21def3,2026-07-15T16:10:00Z,fanduel,FanDuel,player_rebounds,Under,Azura Stevens,7.5,104,2026-07-15T06:51:01Z,Chicago Sky,Seattle Storm
2026-07-15T06:51:37.933991+00:00,dd23179c4373849ae1da8476ec21def3,2026-07-15T16:10:00Z,fanduel,FanDuel,player_rebounds,Over,Awa Fam,5.5,-110,2026-07-15T06:51:01Z,Chicago Sky,Seattle Storm
2026-07-15T06:51:37.933991+00:00,dd23179c4373849ae1da8476ec21def3,2026-07-15T16:10:00Z,fanduel,FanDuel,player_rebounds,Under,Awa Fam,5.5,-120,2026-07-15T06:51:01Z,Chicago Sky,Seattle Storm
2026-07-15T06:51:37.933991+00:00,dd23179c4373849ae1da8476ec21def3,2026-07-15T16:10:00Z,fanduel,FanDuel,player_rebounds,Over,Kamilla Cardoso,8.5,-125,2026-07-15T06:51:01Z,Chicago Sky,Seattle Storm
2026-07-15T06:51:37.933991+00:00,dd23179c4373849ae1da8476ec21def3,2026-07-15T16:10:00Z,fanduel,FanDuel,player_rebounds,Under,Kamilla Cardoso,8.5,-106,2026-07-15T06:51:01Z,Chicago Sky,Seattle Storm
2026-07-15T06:51:37.933991+00:00,dd23179c4373849ae1da8476ec21def3,2026-07-15T16:10:00Z,fanduel,FanDuel,player_rebounds_assists,Over,Natisha Hiedeman,7.5,118,2026-07-15T06:51:01Z,Chicago Sky,Seattle Storm
2026-07-15T06:51:37.933991+00:00,dd23179c4373849ae1da8476ec21def3,2026-07-15T16:10:00Z,fanduel,FanDuel,player_rebounds_assists,Under,Natisha Hiedeman,7.5,-158,2026-07-15T06:51:01Z,Chicago Sky,Seattle Storm
2026-07-15T06:51:37.933991+00:00,dd23179c4373849ae1da8476ec21def3,2026-07-15T16:10:00Z,fanduel,FanDuel,player_rebounds_assists,Over,Natasha Cloud,9.5,100,2026-07-15T06:51:01Z,Chicago Sky,Seattle Storm
2026-07-15T06:51:37.933991+00:00,dd23179c4373849ae1da8476ec21def3,2026-07-15T16:10:00Z,fanduel,FanDuel,player_rebounds_assists,Under,Natasha Cloud,9.5,-132,2026-07-15T06:51:01Z,Chicago Sky,Seattle Storm
2026-07-15T06:51:37.933991+00:00,dd23179c4373849ae1da8476ec21def3,2026-07-15T16:10:00Z,fanduel,FanDuel,player_rebounds_assists,Over,Kamilla Cardoso,11.5,102,2026-07-15T06:51:01Z,Chicago Sky,Seattle Storm
2026-07-15T06:51:37.933991+00:00,dd23179c4373849ae1da8476ec21def3,2026-07-15T16:10:00Z,fanduel,FanDuel,player_rebounds_assists,Under,Kamilla Cardoso,11.5,-136,2026-07-15T06:51:01Z,Chicago Sky,Seattle Storm
2026-07-15T06:51:37.933991+00:00,dd23179c4373849ae1da8476ec21def3,2026-07-15T16:10:00Z,fanduel,FanDuel,player_rebounds_assists,Over,Flau'jae Johnson,8.5,-114,2026-07-15T06:51:01Z,Chicago Sky,Seattle Storm
2026-07-15T06:51:37.933991+00:00,dd23179c4373849ae1da8476ec21def3,2026-07-15T16:10:00Z,fanduel,FanDuel,player_rebounds_assists,Under,Flau'jae Johnson,8.5,-114,2026-07-15T06:51:01Z,Chicago Sky,Seattle Storm
2026-07-15T06:51:37.933991+00:00,dd23179c4373849ae1da8476ec21def3,2026-07-15T16:10:00Z,fanduel,FanDuel,player_threes,Over,Awa Fam,1.5,-106,2026-07-15T06:51:01Z,Chicago Sky,Seattle Storm
2026-07-15T06:51:37.933991+00:00,dd23179c4373849ae1da8476ec21def3,2026-07-15T16:10:00Z,fanduel,FanDuel,player_threes,Under,Awa Fam,1.5,-125,2026-07-15T06:51:01Z,Chicago Sky,Seattle Storm
2026-07-15T06:51:37.933991+00:00,dd23179c4373849ae1da8476ec21def3,2026-07-15T16:10:00Z,fanduel,FanDuel,player_threes,Over,Sydney Taylor,2.5,158,2026-07-15T06:51:01Z,Chicago Sky,Seattle Storm
2026-07-15T06:51:37.933991+00:00,dd23179c4373849ae1da8476ec21def3,2026-07-15T16:10:00Z,fanduel,FanDuel,player_threes,Under,Sydney Taylor,2.5,-215,2026-07-15T06:51:01Z,Chicago Sky,Seattle Storm
2026-07-15T06:51:37.933991+00:00,dd23179c4373849ae1da8476ec21def3,2026-07-15T16:10:00Z,fanduel,FanDuel,player_threes,Over,Flau'jae Johnson,1.5,118,2026-07-15T06:51:01Z,Chicago Sky,Seattle Storm
2026-07-15T06:51:37.933991+00:00,dd23179c4373849ae1da8476ec21def3,2026-07-15T16:10:00Z,fanduel,FanDuel,player_threes,Under,Flau'jae Johnson,1.5,-158,2026-07-15T06:51:01Z,Chicago Sky,Seattle Storm
2026-07-15T06:51:37.933991+00:00,dd23179c4373849ae1da8476ec21def3,2026-07-15T16:10:00Z,fanduel,FanDuel,player_threes,Over,Azura Stevens,1.5,140,2026-07-15T06:51:01Z,Chicago Sky,Seattle Storm
2026-07-15T06:51:37.933991+00:00,dd23179c4373849ae1da8476ec21def3,2026-07-15T16:10:00Z,fanduel,FanDuel,player_threes,Under,Azura Stevens,1.5,-188,2026-07-15T06:51:01Z,Chicago Sky,Seattle Storm
2026-07-15T06:51:37.933991+00:00,dd23179c4373849ae1da8476ec21def3,2026-07-15T16:10:00Z,fanduel,FanDuel,player_threes,Over,Natisha Hiedeman,2.5,148,2026-07-15T06:51:01Z,Chicago Sky,Seattle Storm
2026-07-15T06:51:37.933991+00:00,dd23179c4373849ae1da8476ec21def3,2026-07-15T16:10:00Z,fanduel,FanDuel,player_threes,Under,Natisha Hiedeman,2.5,-200,2026-07-15T06:51:01Z,Chicago Sky,Seattle Storm
2026-07-15T06:51:37.933991+00:00,4db11d33553fba68fc607aaf009071aa,2026-07-15T17:10:00Z,draftkings,DraftKings,player_assists,Over,Olivia Miles,5.5,-161,2026-07-15T06:50:33Z,Minnesota Lynx,Los Angeles Sparks
2026-07-15T06:51:37.933991+00:00,4db11d33553fba68fc607aaf009071aa,2026-07-15T17:10:00Z,draftkings,DraftKings,player_assists,Under,Olivia Miles,5.5,118,2026-07-15T06:50:33Z,Minnesota Lynx,Los Angeles Sparks
2026-07-15T06:51:37.933991+00:00,4db11d33553fba68fc607aaf009071aa,2026-07-15T17:10:00Z,draftkings,DraftKings,player_assists,Over,Erica Wheeler,5.5,-113,2026-07-15T06:50:33Z,Minnesota Lynx,Los Angeles Sparks
2026-07-15T06:51:37.933991+00:00,4db11d33553fba68fc607aaf009071aa,2026-07-15T17:10:00Z,draftkings,DraftKings,player_assists,Under,Erica Wheeler,5.5,-121,2026-07-15T06:50:33Z,Minnesota Lynx,Los Angeles Sparks
2026-07-15T06:51:37.933991+00:00,4db11d33553fba68fc607aaf009071aa,2026-07-15T17:10:00Z,draftkings,DraftKings,player_assists,Over,Courtney Williams,4.5,115,2026-07-15T06:50:33Z,Minnesota Lynx,Los Angeles Sparks
2026-07-15T06:51:37.933991+00:00,4db11d33553fba68fc607aaf009071aa,2026-07-15T17:10:00Z,draftkings,DraftKings,player_assists,Under,Courtney Williams,4.5,-157,2026-07-15T06:50:33Z,Minnesota Lynx,Los Angeles Sparks
2026-07-15T06:51:37.933991+00:00,4db11d33553fba68fc607aaf009071aa,2026-07-15T17:10:00Z,draftkings,DraftKings,player_assists,Over,Nneka Ogwumike,3.5,102,2026-07-15T06:50:33Z,Minnesota Lynx,Los Angeles Sparks
2026-07-15T06:51:37.933991+00:00,4db11d33553fba68fc607aaf009071aa,2026-07-15T17:10:00Z,draftkings,DraftKings,player_assists,Under,Nneka Ogwumike,3.5,-139,2026-07-15T06:50:33Z,Minnesota Lynx,Los Angeles Sparks
2026-07-15T06:51:37.933991+00:00,4db11d33553fba68fc607aaf009071aa,2026-07-15T17:10:00Z,draftkings,DraftKings,player_assists,Over,Kayla McBride,2.5,-128,2026-07-15T06:50:33Z,Minnesota Lynx,Los Angeles Sparks
2026-07-15T06:51:37.933991+00:00,4db11d33553fba68fc607aaf009071aa,2026-07-15T17:10:00Z,draftkings,DraftKings,player_assists,Under,Kayla McBride,2.5,-106,2026-07-15T06:50:33Z,Minnesota Lynx,Los Angeles Sparks
2026-07-15T06:51:37.933991+00:00,4db11d33553fba68fc607aaf009071aa,2026-07-15T17:10:00Z,draftkings,DraftKings,player_assists,Over,Dearica Hamby,2.5,-122,2026-07-15T06:50:33Z,Minnesota Lynx,Los Angeles Sparks
2026-07-15T06:51:37.933991+00:00,4db11d33553fba68fc607aaf009071aa,2026-07-15T17:10:00Z,draftkings,DraftKings,player_assists,Under,Dearica Hamby,2.5,-112,2026-07-15T06:50:33Z,Minnesota Lynx,Los Angeles Sparks
2026-07-15T06:51:37.933991+00:00,4db11d33553fba68fc607aaf009071aa,2026-07-15T17:10:00Z,draftkings,DraftKings,player_assists,Over,Rae Burrell,2.5,-122,2026-07-15T06:50:33Z,Minnesota Lynx,Los Angeles Sparks
2026-07-15T06:51:37.933991+00:00,4db11d33553fba68fc607aaf009071aa,2026-07-15T17:10:00Z,draftkings,DraftKings,player_assists,Under,Rae Burrell,2.5,-111,2026-07-15T06:50:33Z,Minnesota Lynx,Los Angeles Sparks
2026-07-15T06:51:37.933991+00:00,4db11d33553fba68fc607aaf009071aa,2026-07-15T17:10:00Z,draftkings,DraftKings,player_assists,Over,Natasha Howard,2.5,-110,2026-07-15T06:50:33Z,Minnesota Lynx,Los Angeles Sparks
2026-07-15T06:51:37.933991+00:00,4db11d33553fba68fc607aaf009071aa,2026-07-15T17:10:00Z,draftkings,DraftKings,player_assists,Under,Natasha Howard,2.5,-124,2026-07-15T06:50:33Z,Minnesota Lynx,Los Angeles Sparks
2026-07-15T06:51:37.933991+00:00,4db11d33553fba68fc607aaf009071aa,2026-07-15T17:10:00Z,draftkings,DraftKings,player_assists,Over,Ariel Atkins,2.5,105,2026-07-15T06:50:33Z,Minnesota Lynx,Los Angeles Sparks
2026-07-15T06:51:37.933991+00:00,4db11d33553fba68fc607aaf009071aa,2026-07-15T17:10:00Z,draftkings,DraftKings,player_assists,Under,Ariel Atkins,2.5,-143,2026-07-15T06:50:33Z,Minnesota Lynx,Los Angeles Sparks
2026-07-15T06:51:37.933991+00:00,4db11d33553fba68fc607aaf009071aa,2026-07-15T17:10:00Z,draftkings,DraftKings,player_assists,Over,Nia Coffey,2.5,144,2026-07-15T06:50:33Z,Minnesota Lynx,Los Angeles Sparks
2026-07-15T06:51:37.933991+00:00,4db11d33553fba68fc607aaf009071aa,2026-07-15T17:10:00Z,draftkings,DraftKings,player_assists,Under,Nia Coffey,2.5,-197,2026-07-15T06:50:33Z,Minnesota Lynx,Los Angeles Sparks
2026-07-15T06:51:37.933991+00:00,4db11d33553fba68fc607aaf009071aa,2026-07-15T17:10:00Z,draftkings,DraftKings,player_double_double,Yes,Nneka Ogwumike,,189,2026-07-15T06:50:33Z,Minnesota Lynx,Los Angeles Sparks
2026-07-15T06:51:37.933991+00:00,4db11d33553fba68fc607aaf009071aa,2026-07-15T17:10:00Z,draftkings,DraftKings,player_double_double,Yes,Natasha Howard,,192,2026-07-15T06:50:33Z,Minnesota Lynx,Los Angeles Sparks
2026-07-15T06:51:37.933991+00:00,4db11d33553fba68fc607aaf009071aa,2026-07-15T17:10:00Z,draftkings,DraftKings,player_double_double,Yes,Dearica Hamby,,325,2026-07-15T06:50:33Z,Minnesota Lynx,Los Angeles Sparks
2026-07-15T06:51:37.933991+00:00,4db11d33553fba68fc607aaf009071aa,2026-07-15T17:10:00Z,draftkings,DraftKings,player_double_double,Yes,Olivia Miles,,690,2026-07-15T06:50:33Z,Minnesota Lynx,Los Angeles Sparks
2026-07-15T06:51:37.933991+00:00,4db11d33553fba68fc607aaf009071aa,2026-07-15T17:10:00Z,draftkings,DraftKings,player_double_double,Yes,Courtney Williams,,1120,2026-07-15T06:50:33Z,Minnesota Lynx,Los Angeles Sparks
2026-07-15T06:51:37.933991+00:00,4db11d33553fba68fc607aaf009071aa,2026-07-15T17:10:00Z,draftkings,DraftKings,player_double_double,Yes,Erica Wheeler,,1800,2026-07-15T06:50:33Z,Minnesota Lynx,Los Angeles Sparks
2026-07-15T06:51:37.933991+00:00,4db11d33553fba68fc607aaf009071aa,2026-07-15T17:10:00Z,draftkings,DraftKings,player_double_double,Yes,Nia Coffey,,2300,2026-07-15T06:50:33Z,Minnesota Lynx,Los Angeles Sparks
2026-07-15T06:51:37.933991+00:00,4db11d33553fba68fc607aaf009071aa,2026-07-15T17:10:00Z,draftkings,DraftKings,player_double_double,Yes,Kayla McBride,,3600,2026-07-15T06:50:33Z,Minnesota Lynx,Los Angeles Sparks
2026-07-15T06:51:37.933991+00:00,4db11d33553fba68fc607aaf009071aa,2026-07-15T17:10:00Z,draftkings,DraftKings,player_double_double,Yes,Rae Burrell,,4700,2026-07-15T06:50:33Z,Minnesota Lynx,Los Angeles Sparks
2026-07-15T06:51:37.933991+00:00,4db11d33553fba68fc607aaf009071aa,2026-07-15T17:10:00Z,draftkings,DraftKings,player_double_double,Yes,Ariel Atkins,,5300,2026-07-15T06:50:33Z,Minnesota Lynx,Los Angeles Sparks
2026-07-15T06:51:37.933991+00:00,4db11d33553fba68fc607aaf009071aa,2026-07-15T17:10:00Z,draftkings,DraftKings,player_points,Over,Olivia Miles,20.5,-110,2026-07-15T06:50:33Z,Minnesota Lynx,Los Angeles Sparks
2026-07-15T06:51:37.933991+00:00,4db11d33553fba68fc607aaf009071aa,2026-07-15T17:10:00Z,draftkings,DraftKings,player_points,Under,Olivia Miles,20.5,-120,2026-07-15T06:50:33Z,Minnesota Lynx,Los Angeles Sparks
2026-07-15T06:51:37.933991+00:00,4db11d33553fba68fc607aaf009071aa,2026-07-15T17:10:00Z,draftkings,DraftKings,player_points,Over,Kayla McBride,18.5,-107,2026-07-15T06:50:33Z,Minnesota Lynx,Los Angeles Sparks
2026-07-15T06:51:37.933991+00:00,4db11d33553fba68fc607aaf009071aa,2026-07-15T17:10:00Z,draftkings,DraftKings,player_points,Under,Kayla McBride,18.5,-124,2026-07-15T06:50:33Z,Minnesota Lynx,Los Angeles Sparks
2026-07-15T06:51:37.933991+00:00,4db11d33553fba68fc607aaf009071aa,2026-07-15T17:10:00Z,draftkings,DraftKings,player_points,Over,Nneka Ogwumike,17.5,-104,2026-07-15T06:50:33Z,Minnesota Lynx,Los Angeles Sparks
2026-07-15T06:51:37.933991+00:00,4db11d33553fba68fc607aaf009071aa,2026-07-15T17:10:00Z,draftkings,DraftKings,player_points,Under,Nneka Ogwumike,17.5,-128,2026-07-15T06:50:33Z,Minnesota Lynx,Los Angeles Sparks
2026-07-15T06:51:37.933991+00:00,4db11d33553fba68fc607aaf009071aa,2026-07-15T17:10:00Z,draftkings,DraftKings,player_points,Over,Natasha Howard,16.5,-108,2026-07-15T06:50:33Z,Minnesota Lynx,Los Angeles Sparks
2026-07-15T06:51:37.933991+00:00,4db11d33553fba68fc607aaf009071aa,2026-07-15T17:10:00Z,draftkings,DraftKings,player_points,Under,Natasha Howard,16.5,-123,2026-07-15T06:50:33Z,Minnesota Lynx,Los Angeles Sparks
2026-07-15T06:51:37.933991+00:00,4db11d33553fba68fc607aaf009071aa,2026-07-15T17:10:00Z,draftkings,DraftKings,player_points,Over,Courtney Williams,15.5,-114,2026-07-15T06:50:33Z,Minnesota Lynx,Los Angeles Sparks
2026-07-15T06:51:37.933991+00:00,4db11d33553fba68fc607aaf009071aa,2026-07-15T17:10:00Z,draftkings,DraftKings,player_points,Under,Courtney Williams,15.5,-116,2026-07-15T06:50:33Z,Minnesota Lynx,Los Angeles Sparks
2026-07-15T06:51:37.933991+00:00,4db11d33553fba68fc607aaf009071aa,2026-07-15T17:10:00Z,draftkings,DraftKings,player_points,Over,Dearica Hamby,14.5,-128,2026-07-15T06:50:33Z,Minnesota Lynx,Los Angeles Sparks
2026-07-15T06:51:37.933991+00:00,4db11d33553fba68fc607aaf009071aa,2026-07-15T17:10:00Z,draftkings,DraftKings,player_points,Under,Dearica Hamby,14.5,-104,2026-07-15T06:50:33Z,Minnesota Lynx,Los Angeles Sparks
2026-07-15T06:51:37.933991+00:00,4db11d33553fba68fc607aaf009071aa,2026-07-15T17:10:00Z,draftkings,DraftKings,player_points,Over,Rae Burrell,14.5,-113,2026-07-15T06:50:33Z,Minnesota Lynx,Los Angeles Sparks
2026-07-15T06:51:37.933991+00:00,4db11d33553fba68fc607aaf009071aa,2026-07-15T17:10:00Z,draftkings,DraftKings,player_points,Under,Rae Burrell,14.5,-117,2026-07-15T06:50:33Z,Minnesota Lynx,Los Angeles Sparks
2026-07-15T06:51:37.933991+00:00,4db11d33553fba68fc607aaf009071aa,2026-07-15T17:10:00Z,draftkings,DraftKings,player_points,Over,Ariel Atkins,9.5,-130,2026-07-15T06:50:33Z,Minnesota Lynx,Los Angeles Sparks
2026-07-15T06:51:37.933991+00:00,4db11d33553fba68fc607aaf009071aa,2026-07-15T17:10:00Z,draftkings,DraftKings,player_points,Under,Ariel Atkins,9.5,-102,2026-07-15T06:50:33Z,Minnesota Lynx,Los Angeles Sparks
2026-07-15T06:51:37.933991+00:00,4db11d33553fba68fc607aaf009071aa,2026-07-15T17:10:00Z,draftkings,DraftKings,player_points,Over,Erica Wheeler,9.5,-103,2026-07-15T06:50:33Z,Minnesota Lynx,Los Angeles Sparks
2026-07-15T06:51:37.933991+00:00,4db11d33553fba68fc607aaf009071aa,2026-07-15T17:10:00Z,draftkings,DraftKings,player_points,Under,Erica Wheeler,9.5,-129,2026-07-15T06:50:33Z,Minnesota Lynx,Los Angeles Sparks
2026-07-15T06:51:37.933991+00:00,4db11d33553fba68fc607aaf009071aa,2026-07-15T17:10:00Z,draftkings,DraftKings,player_points,Over,Nia Coffey,7.5,-104,2026-07-15T06:50:33Z,Minnesota Lynx,Los Angeles Sparks
2026-07-15T06:51:37.933991+00:00,4db11d33553fba68fc607aaf009071aa,2026-07-15T17:10:00Z,draftkings,DraftKings,player_points,Under,Nia Coffey,7.5,-128,2026-07-15T06:50:33Z,Minnesota Lynx,Los Angeles Sparks
2026-07-15T06:51:37.933991+00:00,4db11d33553fba68fc607aaf009071aa,2026-07-15T17:10:00Z,draftkings,DraftKings,player_points_assists,Over,Olivia Miles,26.5,-119,2026-07-15T06:50:33Z,Minnesota Lynx,Los Angeles Sparks
2026-07-15T06:51:37.933991+00:00,4db11d33553fba68fc607aaf009071aa,2026-07-15T17:10:00Z,draftkings,DraftKings,player_points_assists,Under,Olivia Miles,26.5,-114,2026-07-15T06:50:33Z,Minnesota Lynx,Los Angeles Sparks
2026-07-15T06:51:37.933991+00:00,4db11d33553fba68fc607aaf009071aa,2026-07-15T17:10:00Z,draftkings,DraftKings,player_points_assists,Over,Kayla McBride,21.5,-107,2026-07-15T06:50:33Z,Minnesota Lynx,Los Angeles Sparks
2026-07-15T06:51:37.933991+00:00,4db11d33553fba68fc607aaf009071aa,2026-07-15T17:10:00Z,draftkings,DraftKings,player_points_assists,Under,Kayla McBride,21.5,-127,2026-07-15T06:50:33Z,Minnesota Lynx,Los Angeles Sparks
2026-07-15T06:51:37.933991+00:00,4db11d33553fba68fc607aaf009071aa,2026-07-15T17:10:00Z,draftkings,DraftKings,player_points_assists,Over,Nneka Ogwumike,20.5,-118,2026-07-15T06:50:33Z,Minnesota Lynx,Los Angeles Sparks
2026-07-15T06:51:37.933991+00:00,4db11d33553fba68fc607aaf009071aa,2026-07-15T17:10:00Z,draftkings,DraftKings,player_points_assists,Under,Nneka Ogwumike,20.5,-115,2026-07-15T06:50:33Z,Minnesota Lynx,Los Angeles Sparks
2026-07-15T06:51:37.933991+00:00,4db11d33553fba68fc607aaf009071aa,2026-07-15T17:10:00Z,draftkings,DraftKings,player_points_assists,Over,Courtney Williams,19.5,-126,2026-07-15T06:50:33Z,Minnesota Lynx,Los Angeles Sparks
2026-07-15T06:51:37.933991+00:00,4db11d33553fba68fc607aaf009071aa,2026-07-15T17:10:00Z,draftkings,DraftKings,player_points_assists,Under,Courtney Williams,19.5,-108,2026-07-15T06:50:33Z,Minnesota Lynx,Los Angeles Sparks
2026-07-15T06:51:37.933991+00:00,4db11d33553fba68fc607aaf009071aa,2026-07-15T17:10:00Z,draftkings,DraftKings,player_points_assists,Over,Natasha Howard,18.5,-129,2026-07-15T06:50:33Z,Minnesota Lynx,Los Angeles Sparks
2026-07-15T06:51:37.933991+00:00,4db11d33553fba68fc607aaf009071aa,2026-07-15T17:10:00Z,draftkings,DraftKings,player_points_assists,Under,Natasha Howard,18.5,-105,2026-07-15T06:50:33Z,Minnesota Lynx,Los Angeles Sparks
2026-07-15T06:51:37.933991+00:00,4db11d33553fba68fc607aaf009071aa,2026-07-15T17:10:00Z,draftkings,DraftKings,player_points_assists,Over,Dearica Hamby,17.5,-121,2026-07-15T06:50:33Z,Minnesota Lynx,Los Angeles Sparks
2026-07-15T06:51:37.933991+00:00,4db11d33553fba68fc607aaf009071aa,2026-07-15T17:10:00Z,draftkings,DraftKings,player_points_assists,Under,Dearica Hamby,17.5,-112,2026-07-15T06:50:33Z,Minnesota Lynx,Los Angeles Sparks
2026-07-15T06:51:37.933991+00:00,4db11d33553fba68fc607aaf009071aa,2026-07-15T17:10:00Z,draftkings,DraftKings,player_points_assists,Over,Rae Burrell,17.5,-109,2026-07-15T06:50:33Z,Minnesota Lynx,Los Angeles Sparks
2026-07-15T06:51:37.933991+00:00,4db11d33553fba68fc607aaf009071aa,2026-07-15T17:10:00Z,draftkings,DraftKings,player_points_assists,Under,Rae Burrell,17.5,-124,2026-07-15T06:50:33Z,Minnesota Lynx,Los Angeles Sparks
2026-07-15T06:51:37.933991+00:00,4db11d33553fba68fc607aaf009071aa,2026-07-15T17:10:00Z,draftkings,DraftKings,player_points_assists,Over,Erica Wheeler,14.5,-126,2026-07-15T06:50:33Z,Minnesota Lynx,Los Angeles Sparks
2026-07-15T06:51:37.933991+00:00,4db11d33553fba68fc607aaf009071aa,2026-07-15T17:10:00Z,draftkings,DraftKings,player_points_assists,Under,Erica Wheeler,14.5,-108,2026-07-15T06:50:33Z,Minnesota Lynx,Los Angeles Sparks
2026-07-15T06:51:37.933991+00:00,4db11d33553fba68fc607aaf009071aa,2026-07-15T17:10:00Z,draftkings,DraftKings,player_points_assists,Over,Ariel Atkins,12.5,-114,2026-07-15T06:50:33Z,Minnesota Lynx,Los Angeles Sparks
2026-07-15T06:51:37.933991+00:00,4db11d33553fba68fc607aaf009071aa,2026-07-15T17:10:00Z,draftkings,DraftKings,player_points_assists,Under,Ariel Atkins,12.5,-119,2026-07-15T06:50:33Z,Minnesota Lynx,Los Angeles Sparks
2026-07-15T06:51:37.933991+00:00,4db11d33553fba68fc607aaf009071aa,2026-07-15T17:10:00Z,draftkings,DraftKings,player_points_assists,Over,Nia Coffey,9.5,-111,2026-07-15T06:50:33Z,Minnesota Lynx,Los Angeles Sparks
2026-07-15T06:51:37.933991+00:00,4db11d33553fba68fc607aaf009071aa,2026-07-15T17:10:00Z,draftkings,DraftKings,player_points_assists,Under,Nia Coffey,9.5,-123,2026-07-15T06:50:33Z,Minnesota Lynx,Los Angeles Sparks
2026-07-15T06:51:37.933991+00:00,4db11d33553fba68fc607aaf009071aa,2026-07-15T17:10:00Z,draftkings,DraftKings,player_points_rebounds,Over,Nneka Ogwumike,25.5,-113,2026-07-15T06:50:33Z,Minnesota Lynx,Los Angeles Sparks
2026-07-15T06:51:37.933991+00:00,4db11d33553fba68fc607aaf009071aa,2026-07-15T17:10:00Z,draftkings,DraftKings,player_points_rebounds,Under,Nneka Ogwumike,25.5,-121,2026-07-15T06:50:33Z,Minnesota Lynx,Los Angeles Sparks
2026-07-15T06:51:37.933991+00:00,4db11d33553fba68fc607aaf009071aa,2026-07-15T17:10:00Z,draftkings,DraftKings,player_points_rebounds,Over,Olivia Miles,24.5,-127,2026-07-15T06:50:33Z,Minnesota Lynx,Los Angeles Sparks
2026-07-15T06:51:37.933991+00:00,4db11d33553fba68fc607aaf009071aa,2026-07-15T17:10:00Z,draftkings,DraftKings,player_points_rebounds,Under,Olivia Miles,24.5,-107,2026-07-15T06:50:33Z,Minnesota Lynx,Los Angeles Sparks
2026-07-15T06:51:37.933991+00:00,4db11d33553fba68fc607aaf009071aa,2026-07-15T17:10:00Z,draftkings,DraftKings,player_points_rebounds,Over,Natasha Howard,24.5,-123,2026-07-15T06:50:33Z,Minnesota Lynx,Los Angeles Sparks
2026-07-15T06:51:37.933991+00:00,4db11d33553fba68fc607aaf009071aa,2026-07-15T17:10:00Z,draftkings,DraftKings,player_points_rebounds,Under,Natasha Howard,24.5,-110,2026-07-15T06:50:33Z,Minnesota Lynx,Los Angeles Sparks
2026-07-15T06:51:37.933991+00:00,4db11d33553fba68fc607aaf009071aa,2026-07-15T17:10:00Z,draftkings,DraftKings,player_points_rebounds,Over,Dearica Hamby,22.5,-108,2026-07-15T06:50:33Z,Minnesota Lynx,Los Angeles Sparks
2026-07-15T06:51:37.933991+00:00,4db11d33553fba68fc607aaf009071aa,2026-07-15T17:10:00Z,draftkings,DraftKings,player_points_rebounds,Under,Dearica Hamby,22.5,-126,2026-07-15T06:50:33Z,Minnesota Lynx,Los Angeles Sparks
2026-07-15T06:51:37.933991+00:00,4db11d33553fba68fc607aaf009071aa,2026-07-15T17:10:00Z,draftkings,DraftKings,player_points_rebounds,Over,Kayla McBride,22.5,-108,2026-07-15T06:50:33Z,Minnesota Lynx,Los Angeles Sparks
2026-07-15T06:51:37.933991+00:00,4db11d33553fba68fc607aaf009071aa,2026-07-15T17:10:00Z,draftkings,DraftKings,player_points_rebounds,Under,Kayla McBride,22.5,-126,2026-07-15T06:50:33Z,Minnesota Lynx,Los Angeles Sparks
2026-07-15T06:51:37.933991+00:00,4db11d33553fba68fc607aaf009071aa,2026-07-15T17:10:00Z,draftkings,DraftKings,player_points_rebounds,Over,Courtney Williams,20.5,-122,2026-07-15T06:50:33Z,Minnesota Lynx,Los Angeles Sparks
2026-07-15T06:51:37.933991+00:00,4db11d33553fba68fc607aaf009071aa,2026-07-15T17:10:00Z,draftkings,DraftKings,player_points_rebounds,Under,Courtney Williams,20.5,-111,2026-07-15T06:50:33Z,Minnesota Lynx,Los Angeles Sparks
2026-07-15T06:51:37.933991+00:00,4db11d33553fba68fc607aaf009071aa,2026-07-15T17:10:00Z,draftkings,DraftKings,player_points_rebounds,Over,Rae Burrell,16.5,-129,2026-07-15T06:50:33Z,Minnesota Lynx,Los Angeles Sparks
2026-07-15T06:51:37.933991+00:00,4db11d33553fba68fc607aaf009071aa,2026-07-15T17:10:00Z,draftkings,DraftKings,player_points_rebounds,Under,Rae Burrell,16.5,-105,2026-07-15T06:50:33Z,Minnesota Lynx,Los Angeles Sparks
2026-07-15T06:51:37.933991+00:00,4db11d33553fba68fc607aaf009071aa,2026-07-15T17:10:00Z,draftkings,DraftKings,player_points_rebounds,Over,Ariel Atkins,13.5,-103,2026-07-15T06:50:33Z,Minnesota Lynx,Los Angeles Sparks
2026-07-15T06:51:37.933991+00:00,4db11d33553fba68fc607aaf009071aa,2026-07-15T17:10:00Z,draftkings,DraftKings,player_points_rebounds,Under,Ariel Atkins,13.5,-132,2026-07-15T06:50:33Z,Minnesota Lynx,Los Angeles Sparks
2026-07-15T06:51:37.933991+00:00,4db11d33553fba68fc607aaf009071aa,2026-07-15T17:10:00Z,draftkings,DraftKings,player_points_rebounds,Over,Nia Coffey,12.5,-127,2026-07-15T06:50:33Z,Minnesota Lynx,Los Angeles Sparks
2026-07-15T06:51:37.933991+00:00,4db11d33553fba68fc607aaf009071aa,2026-07-15T17:10:00Z,draftkings,DraftKings,player_points_rebounds,Under,Nia Coffey,12.5,-107,2026-07-15T06:50:33Z,Minnesota Lynx,Los Angeles Sparks
2026-07-15T06:51:37.933991+00:00,4db11d33553fba68fc607aaf009071aa,2026-07-15T17:10:00Z,draftkings,DraftKings,player_points_rebounds,Over,Erica Wheeler,11.5,-109,2026-07-15T06:50:33Z,Minnesota Lynx,Los Angeles Sparks
2026-07-15T06:51:37.933991+00:00,4db11d33553fba68fc607aaf009071aa,2026-07-15T17:10:00Z,draftkings,DraftKings,player_points_rebounds,Under,Erica Wheeler,11.5,-125,2026-07-15T06:50:33Z,Minnesota Lynx,Los Angeles Sparks
2026-07-15T06:51:37.933991+00:00,4db11d33553fba68fc607aaf009071aa,2026-07-15T17:10:00Z,draftkings,DraftKings,player_points_rebounds_assists,Over,Olivia Miles,31.5,-109,2026-07-15T06:50:33Z,Minnesota Lynx,Los Angeles Sparks
2026-07-15T06:51:37.933991+00:00,4db11d33553fba68fc607aaf009071aa,2026-07-15T17:10:00Z,draftkings,DraftKings,player_points_rebounds_assists,Under,Olivia Miles,31.5,-125,2026-07-15T06:50:33Z,Minnesota Lynx,Los Angeles Sparks
2026-07-15T06:51:37.933991+00:00,4db11d33553fba68fc607aaf009071aa,2026-07-15T17:10:00Z,draftkings,DraftKings,player_points_rebounds_assists,Over,Nneka Ogwumike,28.5,-123,2026-07-15T06:50:33Z,Minnesota Lynx,Los Angeles Sparks
2026-07-15T06:51:37.933991+00:00,4db11d33553fba68fc607aaf009071aa,2026-07-15T17:10:00Z,draftkings,DraftKings,player_points_rebounds_assists,Under,Nneka Ogwumike,28.5,-110,2026-07-15T06:50:33Z,Minnesota Lynx,Los Angeles Sparks
2026-07-15T06:51:37.933991+00:00,4db11d33553fba68fc607aaf009071aa,2026-07-15T17:10:00Z,draftkings,DraftKings,player_points_rebounds_assists,Over,Natasha Howard,27.5,-111,2026-07-15T06:50:33Z,Minnesota Lynx,Los Angeles Sparks
2026-07-15T06:51:37.933991+00:00,4db11d33553fba68fc607aaf009071aa,2026-07-15T17:10:00Z,draftkings,DraftKings,player_points_rebounds_assists,Under,Natasha Howard,27.5,-123,2026-07-15T06:50:33Z,Minnesota Lynx,Los Angeles Sparks
2026-07-15T06:51:37.933991+00:00,4db11d33553fba68fc607aaf009071aa,2026-07-15T17:10:00Z,draftkings,DraftKings,player_points_rebounds_assists,Over,Courtney Williams,25.5,-105,2026-07-15T06:50:33Z,Minnesota Lynx,Los Angeles Sparks
2026-07-15T06:51:37.933991+00:00,4db11d33553fba68fc607aaf009071aa,2026-07-15T17:10:00Z,draftkings,DraftKings,player_points_rebounds_assists,Under,Courtney Williams,25.5,-130,2026-07-15T06:50:33Z,Minnesota Lynx,Los Angeles Sparks
2026-07-15T06:51:37.933991+00:00,4db11d33553fba68fc607aaf009071aa,2026-07-15T17:10:00Z,draftkings,DraftKings,player_points_rebounds_assists,Over,Kayla McBride,24.5,-129,2026-07-15T06:50:33Z,Minnesota Lynx,Los Angeles Sparks
2026-07-15T06:51:37.933991+00:00,4db11d33553fba68fc607aaf009071aa,2026-07-15T17:10:00Z,draftkings,DraftKings,player_points_rebounds_assists,Under,Kayla McBride,24.5,-105,2026-07-15T06:50:33Z,Minnesota Lynx,Los Angeles Sparks
2026-07-15T06:51:37.933991+00:00,4db11d33553fba68fc607aaf009071aa,2026-07-15T17:10:00Z,draftkings,DraftKings,player_points_rebounds_assists,Over,Dearica Hamby,24.5,-127,2026-07-15T06:50:33Z,Minnesota Lynx,Los Angeles Sparks
2026-07-15T06:51:37.933991+00:00,4db11d33553fba68fc607aaf009071aa,2026-07-15T17:10:00Z,draftkings,DraftKings,player_points_rebounds_assists,Under,Dearica Hamby,24.5,-107,2026-07-15T06:50:33Z,Minnesota Lynx,Los Angeles Sparks
2026-07-15T06:51:37.933991+00:00,4db11d33553fba68fc607aaf009071aa,2026-07-15T17:10:00Z,draftkings,DraftKings,player_points_rebounds_assists,Over,Rae Burrell,19.5,-123,2026-07-15T06:50:33Z,Minnesota Lynx,Los Angeles Sparks
2026-07-15T06:51:37.933991+00:00,4db11d33553fba68fc607aaf009071aa,2026-07-15T17:10:00Z,draftkings,DraftKings,player_points_rebounds_assists,Under,Rae Burrell,19.5,-110,2026-07-15T06:50:33Z,Minnesota Lynx,Los Angeles Sparks
2026-07-15T06:51:37.933991+00:00,4db11d33553fba68fc607aaf009071aa,2026-07-15T17:10:00Z,draftkings,DraftKings,player_points_rebounds_assists,Over,Erica Wheeler,16.5,-130,2026-07-15T06:50:33Z,Minnesota Lynx,Los Angeles Sparks
2026-07-15T06:51:37.933991+00:00,4db11d33553fba68fc607aaf009071aa,2026-07-15T17:10:00Z,draftkings,DraftKings,player_points_rebounds_assists,Under,Erica Wheeler,16.5,-105,2026-07-15T06:50:33Z,Minnesota Lynx,Los Angeles Sparks
2026-07-15T06:51:37.933991+00:00,4db11d33553fba68fc607aaf009071aa,2026-07-15T17:10:00Z,draftkings,DraftKings,player_points_rebounds_assists,Over,Ariel Atkins,15.5,-118,2026-07-15T06:50:33Z,Minnesota Lynx,Los Angeles Sparks
2026-07-15T06:51:37.933991+00:00,4db11d33553fba68fc607aaf009071aa,2026-07-15T17:10:00Z,draftkings,DraftKings,player_points_rebounds_assists,Under,Ariel Atkins,15.5,-115,2026-07-15T06:50:33Z,Minnesota Lynx,Los Angeles Sparks
2026-07-15T06:51:37.933991+00:00,4db11d33553fba68fc607aaf009071aa,2026-07-15T17:10:00Z,draftkings,DraftKings,player_points_rebounds_assists,Over,Nia Coffey,14.5,-135,2026-07-15T06:50:33Z,Minnesota Lynx,Los Angeles Sparks
2026-07-15T06:51:37.933991+00:00,4db11d33553fba68fc607aaf009071aa,2026-07-15T17:10:00Z,draftkings,DraftKings,player_points_rebounds_assists,Under,Nia Coffey,14.5,-101,2026-07-15T06:50:33Z,Minnesota Lynx,Los Angeles Sparks
2026-07-15T06:51:37.933991+00:00,4db11d33553fba68fc607aaf009071aa,2026-07-15T17:10:00Z,draftkings,DraftKings,player_rebounds,Over,Natasha Howard,8.5,100,2026-07-15T06:50:33Z,Minnesota Lynx,Los Angeles Sparks
2026-07-15T06:51:37.933991+00:00,4db11d33553fba68fc607aaf009071aa,2026-07-15T17:10:00Z,draftkings,DraftKings,player_rebounds,Under,Natasha Howard,8.5,-135,2026-07-15T06:50:33Z,Minnesota Lynx,Los Angeles Sparks
2026-07-15T06:51:37.933991+00:00,4db11d33553fba68fc607aaf009071aa,2026-07-15T17:10:00Z,draftkings,DraftKings,player_rebounds,Over,Nneka Ogwumike,7.5,-150,2026-07-15T06:50:33Z,Minnesota Lynx,Los Angeles Sparks
2026-07-15T06:51:37.933991+00:00,4db11d33553fba68fc607aaf009071aa,2026-07-15T17:10:00Z,draftkings,DraftKings,player_rebounds,Under,Nneka Ogwumike,7.5,110,2026-07-15T06:50:33Z,Minnesota Lynx,Los Angeles Sparks
2026-07-15T06:51:37.933991+00:00,4db11d33553fba68fc607aaf009071aa,2026-07-15T17:10:00Z,draftkings,DraftKings,player_rebounds,Over,Dearica Hamby,7.5,103,2026-07-15T06:50:33Z,Minnesota Lynx,Los Angeles Sparks
2026-07-15T06:51:37.933991+00:00,4db11d33553fba68fc607aaf009071aa,2026-07-15T17:10:00Z,draftkings,DraftKings,player_rebounds,Under,Dearica Hamby,7.5,-140,2026-07-15T06:50:33Z,Minnesota Lynx,Los Angeles Sparks
2026-07-15T06:51:37.933991+00:00,4db11d33553fba68fc607aaf009071aa,2026-07-15T17:10:00Z,draftkings,DraftKings,player_rebounds,Over,Nia Coffey,5.5,-106,2026-07-15T06:50:33Z,Minnesota Lynx,Los Angeles Sparks
2026-07-15T06:51:37.933991+00:00,4db11d33553fba68fc607aaf009071aa,2026-07-15T17:10:00Z,draftkings,DraftKings,player_rebounds,Under,Nia Coffey,5.5,-128,2026-07-15T06:50:33Z,Minnesota Lynx,Los Angeles Sparks
2026-07-15T06:51:37.933991+00:00,4db11d33553fba68fc607aaf009071aa,2026-07-15T17:10:00Z,draftkings,DraftKings,player_rebounds,Over,Courtney Williams,5.5,111,2026-07-15T06:50:33Z,Minnesota Lynx,Los Angeles Sparks
2026-07-15T06:51:37.933991+00:00,4db11d33553fba68fc607aaf009071aa,2026-07-15T17:10:00Z,draftkings,DraftKings,player_rebounds,Under,Courtney Williams,5.5,-151,2026-07-15T06:50:33Z,Minnesota Lynx,Los Angeles Sparks
2026-07-15T06:51:37.933991+00:00,4db11d33553fba68fc607aaf009071aa,2026-07-15T17:10:00Z,draftkings,DraftKings,player_rebounds,Over,Olivia Miles,4.5,101,2026-07-15T06:50:33Z,Minnesota Lynx,Los Angeles Sparks
2026-07-15T06:51:37.933991+00:00,4db11d33553fba68fc607aaf009071aa,2026-07-15T17:10:00Z,draftkings,DraftKings,player_rebounds,Under,Olivia Miles,4.5,-138,2026-07-15T06:50:33Z,Minnesota Lynx,Los Angeles Sparks
2026-07-15T06:51:37.933991+00:00,4db11d33553fba68fc607aaf009071aa,2026-07-15T17:10:00Z,draftkings,DraftKings,player_rebounds,Over,Kayla McBride,3.5,-127,2026-07-15T06:50:33Z,Minnesota Lynx,Los Angeles Sparks
2026-07-15T06:51:37.933991+00:00,4db11d33553fba68fc607aaf009071aa,2026-07-15T17:10:00Z,draftkings,DraftKings,player_rebounds,Under,Kayla McBride,3.5,-107,2026-07-15T06:50:33Z,Minnesota Lynx,Los Angeles Sparks
2026-07-15T06:51:37.933991+00:00,4db11d33553fba68fc607aaf009071aa,2026-07-15T17:10:00Z,draftkings,DraftKings,player_rebounds,Over,Ariel Atkins,2.5,-169,2026-07-15T06:50:33Z,Minnesota Lynx,Los Angeles Sparks
2026-07-15T06:51:37.933991+00:00,4db11d33553fba68fc607aaf009071aa,2026-07-15T17:10:00Z,draftkings,DraftKings,player_rebounds,Under,Ariel Atkins,2.5,124,2026-07-15T06:50:33Z,Minnesota Lynx,Los Angeles Sparks
2026-07-15T06:51:37.933991+00:00,4db11d33553fba68fc607aaf009071aa,2026-07-15T17:10:00Z,draftkings,DraftKings,player_rebounds,Over,Rae Burrell,2.5,102,2026-07-15T06:50:33Z,Minnesota Lynx,Los Angeles Sparks
2026-07-15T06:51:37.933991+00:00,4db11d33553fba68fc607aaf009071aa,2026-07-15T17:10:00Z,draftkings,DraftKings,player_rebounds,Under,Rae Burrell,2.5,-139,2026-07-15T06:50:33Z,Minnesota Lynx,Los Angeles Sparks
2026-07-15T06:51:37.933991+00:00,4db11d33553fba68fc607aaf009071aa,2026-07-15T17:10:00Z,draftkings,DraftKings,player_rebounds_assists,Over,Nneka Ogwumike,11.5,-115,2026-07-15T06:50:33Z,Minnesota Lynx,Los Angeles Sparks
2026-07-15T06:51:37.933991+00:00,4db11d33553fba68fc607aaf009071aa,2026-07-15T17:10:00Z,draftkings,DraftKings,player_rebounds_assists,Under,Nneka Ogwumike,11.5,-118,2026-07-15T06:50:33Z,Minnesota Lynx,Los Angeles Sparks
2026-07-15T06:51:37.933991+00:00,4db11d33553fba68fc607aaf009071aa,2026-07-15T17:10:00Z,draftkings,DraftKings,player_rebounds_assists,Over,Natasha Howard,10.5,-132,2026-07-15T06:50:33Z,Minnesota Lynx,Los Angeles Sparks
2026-07-15T06:51:37.933991+00:00,4db11d33553fba68fc607aaf009071aa,2026-07-15T17:10:00Z,draftkings,DraftKings,player_rebounds_assists,Under,Natasha Howard,10.5,-103,2026-07-15T06:50:33Z,Minnesota Lynx,Los Angeles Sparks
2026-07-15T06:51:37.933991+00:00,4db11d33553fba68fc607aaf009071aa,2026-07-15T17:10:00Z,draftkings,DraftKings,player_rebounds_assists,Over,Olivia Miles,10.5,-114,2026-07-15T06:50:33Z,Minnesota Lynx,Los Angeles Sparks
2026-07-15T06:51:37.933991+00:00,4db11d33553fba68fc607aaf009071aa,2026-07-15T17:10:00Z,draftkings,DraftKings,player_rebounds_assists,Under,Olivia Miles,10.5,-119,2026-07-15T06:50:33Z,Minnesota Lynx,Los Angeles Sparks
2026-07-15T06:51:37.933991+00:00,4db11d33553fba68fc607aaf009071aa,2026-07-15T17:10:00Z,draftkings,DraftKings,player_rebounds_assists,Over,Dearica Hamby,9.5,-136,2026-07-15T06:50:33Z,Minnesota Lynx,Los Angeles Sparks
2026-07-15T06:51:37.933991+00:00,4db11d33553fba68fc607aaf009071aa,2026-07-15T17:10:00Z,draftkings,DraftKings,player_rebounds_assists,Under,Dearica Hamby,9.5,100,2026-07-15T06:50:33Z,Minnesota Lynx,Los Angeles Sparks
2026-07-15T06:51:37.933991+00:00,4db11d33553fba68fc607aaf009071aa,2026-07-15T17:10:00Z,draftkings,DraftKings,player_rebounds_assists,Over,Courtney Williams,9.5,-109,2026-07-15T06:50:33Z,Minnesota Lynx,Los Angeles Sparks
2026-07-15T06:51:37.933991+00:00,4db11d33553fba68fc607aaf009071aa,2026-07-15T17:10:00Z,draftkings,DraftKings,player_rebounds_assists,Under,Courtney Williams,9.5,-125,2026-07-15T06:50:33Z,Minnesota Lynx,Los Angeles Sparks
2026-07-15T06:51:37.933991+00:00,4db11d33553fba68fc607aaf009071aa,2026-07-15T17:10:00Z,draftkings,DraftKings,player_rebounds_assists,Over,Erica Wheeler,7.5,-118,2026-07-15T06:50:33Z,Minnesota Lynx,Los Angeles Sparks
2026-07-15T06:51:37.933991+00:00,4db11d33553fba68fc607aaf009071aa,2026-07-15T17:10:00Z,draftkings,DraftKings,player_rebounds_assists,Under,Erica Wheeler,7.5,-115,2026-07-15T06:50:33Z,Minnesota Lynx,Los Angeles Sparks
2026-07-15T06:51:37.933991+00:00,4db11d33553fba68fc607aaf009071aa,2026-07-15T17:10:00Z,draftkings,DraftKings,player_rebounds_assists,Over,Nia Coffey,7.5,-118,2026-07-15T06:50:33Z,Minnesota Lynx,Los Angeles Sparks
2026-07-15T06:51:37.933991+00:00,4db11d33553fba68fc607aaf009071aa,2026-07-15T17:10:00Z,draftkings,DraftKings,player_rebounds_assists,Under,Nia Coffey,7.5,-115,2026-07-15T06:50:33Z,Minnesota Lynx,Los Angeles Sparks
2026-07-15T06:51:37.933991+00:00,4db11d33553fba68fc607aaf009071aa,2026-07-15T17:10:00Z,draftkings,DraftKings,player_rebounds_assists,Over,Kayla McBride,6.5,-114,2026-07-15T06:50:33Z,Minnesota Lynx,Los Angeles Sparks
2026-07-15T06:51:37.933991+00:00,4db11d33553fba68fc607aaf009071aa,2026-07-15T17:10:00Z,draftkings,DraftKings,player_rebounds_assists,Under,Kayla McBride,6.5,-119,2026-07-15T06:50:33Z,Minnesota Lynx,Los Angeles Sparks
2026-07-15T06:51:37.933991+00:00,4db11d33553fba68fc607aaf009071aa,2026-07-15T17:10:00Z,draftkings,DraftKings,player_threes,Over,Kayla McBride,2.5,-141,2026-07-15T06:50:33Z,Minnesota Lynx,Los Angeles Sparks
2026-07-15T06:51:37.933991+00:00,4db11d33553fba68fc607aaf009071aa,2026-07-15T17:10:00Z,draftkings,DraftKings,player_threes,Under,Kayla McBride,2.5,104,2026-07-15T06:50:33Z,Minnesota Lynx,Los Angeles Sparks
2026-07-15T06:51:37.933991+00:00,4db11d33553fba68fc607aaf009071aa,2026-07-15T17:10:00Z,draftkings,DraftKings,player_threes,Over,Ariel Atkins,1.5,104,2026-07-15T06:50:33Z,Minnesota Lynx,Los Angeles Sparks
2026-07-15T06:51:37.933991+00:00,4db11d33553fba68fc607aaf009071aa,2026-07-15T17:10:00Z,draftkings,DraftKings,player_threes,Under,Ariel Atkins,1.5,-142,2026-07-15T06:50:33Z,Minnesota Lynx,Los Angeles Sparks
2026-07-15T06:51:37.933991+00:00,4db11d33553fba68fc607aaf009071aa,2026-07-15T17:10:00Z,draftkings,DraftKings,player_threes,Over,Rae Burrell,1.5,104,2026-07-15T06:50:33Z,Minnesota Lynx,Los Angeles Sparks
2026-07-15T06:51:37.933991+00:00,4db11d33553fba68fc607aaf009071aa,2026-07-15T17:10:00Z,draftkings,DraftKings,player_threes,Under,Rae Burrell,1.5,-141,2026-07-15T06:50:33Z,Minnesota Lynx,Los Angeles Sparks
2026-07-15T06:51:37.933991+00:00,4db11d33553fba68fc607aaf009071aa,2026-07-15T17:10:00Z,draftkings,DraftKings,player_threes,Over,Nia Coffey,1.5,120,2026-07-15T06:50:33Z,Minnesota Lynx,Los Angeles Sparks
2026-07-15T06:51:37.933991+00:00,4db11d33553fba68fc607aaf009071aa,2026-07-15T17:10:00Z,draftkings,DraftKings,player_threes,Under,Nia Coffey,1.5,-164,2026-07-15T06:50:33Z,Minnesota Lynx,Los Angeles Sparks
2026-07-15T06:51:37.933991+00:00,4db11d33553fba68fc607aaf009071aa,2026-07-15T17:10:00Z,draftkings,DraftKings,player_threes,Over,Olivia Miles,1.5,123,2026-07-15T06:50:33Z,Minnesota Lynx,Los Angeles Sparks
2026-07-15T06:51:37.933991+00:00,4db11d33553fba68fc607aaf009071aa,2026-07-15T17:10:00Z,draftkings,DraftKings,player_threes,Under,Olivia Miles,1.5,-168,2026-07-15T06:50:33Z,Minnesota Lynx,Los Angeles Sparks
2026-07-15T06:51:37.933991+00:00,4db11d33553fba68fc607aaf009071aa,2026-07-15T17:10:00Z,draftkings,DraftKings,player_threes,Over,Nneka Ogwumike,1.5,134,2026-07-15T06:50:33Z,Minnesota Lynx,Los Angeles Sparks
2026-07-15T06:51:37.933991+00:00,4db11d33553fba68fc607aaf009071aa,2026-07-15T17:10:00Z,draftkings,DraftKings,player_threes,Under,Nneka Ogwumike,1.5,-183,2026-07-15T06:50:33Z,Minnesota Lynx,Los Angeles Sparks
2026-07-15T06:51:37.933991+00:00,4db11d33553fba68fc607aaf009071aa,2026-07-15T17:10:00Z,draftkings,DraftKings,player_threes,Over,Erica Wheeler,1.5,136,2026-07-15T06:50:33Z,Minnesota Lynx,Los Angeles Sparks
2026-07-15T06:51:37.933991+00:00,4db11d33553fba68fc607aaf009071aa,2026-07-15T17:10:00Z,draftkings,DraftKings,player_threes,Under,Erica Wheeler,1.5,-186,2026-07-15T06:50:33Z,Minnesota Lynx,Los Angeles Sparks
2026-07-15T06:51:37.933991+00:00,4db11d33553fba68fc607aaf009071aa,2026-07-15T17:10:00Z,draftkings,DraftKings,player_threes,Over,Courtney Williams,1.5,158,2026-07-15T06:50:33Z,Minnesota Lynx,Los Angeles Sparks
2026-07-15T06:51:37.933991+00:00,4db11d33553fba68fc607aaf009071aa,2026-07-15T17:10:00Z,draftkings,DraftKings,player_threes,Under,Courtney Williams,1.5,-218,2026-07-15T06:50:33Z,Minnesota Lynx,Los Angeles Sparks
2026-07-15T06:51:37.933991+00:00,4db11d33553fba68fc607aaf009071aa,2026-07-15T17:10:00Z,draftkings,DraftKings,player_threes,Over,Dearica Hamby,0.5,171,2026-07-15T06:50:33Z,Minnesota Lynx,Los Angeles Sparks
2026-07-15T06:51:37.933991+00:00,4db11d33553fba68fc607aaf009071aa,2026-07-15T17:10:00Z,draftkings,DraftKings,player_threes,Under,Dearica Hamby,0.5,-236,2026-07-15T06:50:33Z,Minnesota Lynx,Los Angeles Sparks
2026-07-15T06:51:37.933991+00:00,4db11d33553fba68fc607aaf009071aa,2026-07-15T17:10:00Z,draftkings,DraftKings,player_triple_double,Yes,Nneka Ogwumike,,5100,2026-07-15T06:50:33Z,Minnesota Lynx,Los Angeles Sparks
2026-07-15T06:51:37.933991+00:00,4db11d33553fba68fc607aaf009071aa,2026-07-15T17:10:00Z,draftkings,DraftKings,player_triple_double,Yes,Olivia Miles,,5400,2026-07-15T06:50:33Z,Minnesota Lynx,Los Angeles Sparks
2026-07-15T06:51:37.933991+00:00,4db11d33553fba68fc607aaf009071aa,2026-07-15T17:10:00Z,draftkings,DraftKings,player_triple_double,Yes,Courtney Williams,,5800,2026-07-15T06:50:33Z,Minnesota Lynx,Los Angeles Sparks
2026-07-15T06:51:37.933991+00:00,4db11d33553fba68fc607aaf009071aa,2026-07-15T17:10:00Z,draftkings,DraftKings,player_triple_double,Yes,Dearica Hamby,,6000,2026-07-15T06:50:33Z,Minnesota Lynx,Los Angeles Sparks
2026-07-15T06:51:37.933991+00:00,4db11d33553fba68fc607aaf009071aa,2026-07-15T17:10:00Z,draftkings,DraftKings,player_triple_double,Yes,Natasha Howard,,6300,2026-07-15T06:50:33Z,Minnesota Lynx,Los Angeles Sparks
2026-07-15T06:51:37.933991+00:00,4db11d33553fba68fc607aaf009071aa,2026-07-15T17:10:00Z,fanatics,Fanatics,player_double_double,Yes,Olivia Miles,,550,2026-07-15T06:51:36Z,Minnesota Lynx,Los Angeles Sparks
2026-07-15T06:51:37.933991+00:00,4db11d33553fba68fc607aaf009071aa,2026-07-15T17:10:00Z,fanatics,Fanatics,player_double_double,Yes,Courtney Williams,,1200,2026-07-15T06:51:36Z,Minnesota Lynx,Los Angeles Sparks
2026-07-15T06:51:37.933991+00:00,4db11d33553fba68fc607aaf009071aa,2026-07-15T17:10:00Z,fanatics,Fanatics,player_double_double,Yes,Natasha Howard,,200,2026-07-15T06:51:36Z,Minnesota Lynx,Los Angeles Sparks
2026-07-15T06:51:37.933991+00:00,4db11d33553fba68fc607aaf009071aa,2026-07-15T17:10:00Z,fanatics,Fanatics,player_double_double,Yes,Nneka Ogwumike,,220,2026-07-15T06:51:36Z,Minnesota Lynx,Los Angeles Sparks
2026-07-15T06:51:37.933991+00:00,4db11d33553fba68fc607aaf009071aa,2026-07-15T17:10:00Z,fanatics,Fanatics,player_double_double,Yes,Dearica Hamby,,375,2026-07-15T06:51:36Z,Minnesota Lynx,Los Angeles Sparks
2026-07-15T06:51:37.933991+00:00,4db11d33553fba68fc607aaf009071aa,2026-07-15T17:10:00Z,fanatics,Fanatics,player_double_double,Yes,Nia Coffey,,2200,2026-07-15T06:51:36Z,Minnesota Lynx,Los Angeles Sparks
2026-07-15T06:51:37.933991+00:00,4db11d33553fba68fc607aaf009071aa,2026-07-15T17:10:00Z,fanduel,FanDuel,player_assists,Over,Erica Wheeler,5.5,-106,2026-07-15T06:51:21Z,Minnesota Lynx,Los Angeles Sparks
2026-07-15T06:51:37.933991+00:00,4db11d33553fba68fc607aaf009071aa,2026-07-15T17:10:00Z,fanduel,FanDuel,player_assists,Under,Erica Wheeler,5.5,-125,2026-07-15T06:51:21Z,Minnesota Lynx,Los Angeles Sparks
2026-07-15T06:51:37.933991+00:00,4db11d33553fba68fc607aaf009071aa,2026-07-15T17:10:00Z,fanduel,FanDuel,player_assists,Over,Courtney Williams,3.5,-172,2026-07-15T06:51:21Z,Minnesota Lynx,Los Angeles Sparks
2026-07-15T06:51:37.933991+00:00,4db11d33553fba68fc607aaf009071aa,2026-07-15T17:10:00Z,fanduel,FanDuel,player_assists,Under,Courtney Williams,3.5,128,2026-07-15T06:51:21Z,Minnesota Lynx,Los Angeles Sparks
2026-07-15T06:51:37.933991+00:00,4db11d33553fba68fc607aaf009071aa,2026-07-15T17:10:00Z,fanduel,FanDuel,player_assists,Over,Olivia Miles,6.5,116,2026-07-15T06:51:21Z,Minnesota Lynx,Los Angeles Sparks
2026-07-15T06:51:37.933991+00:00,4db11d33553fba68fc607aaf009071aa,2026-07-15T17:10:00Z,fanduel,FanDuel,player_assists,Under,Olivia Miles,6.5,-154,2026-07-15T06:51:21Z,Minnesota Lynx,Los Angeles Sparks
2026-07-15T06:51:37.933991+00:00,4db11d33553fba68fc607aaf009071aa,2026-07-15T17:10:00Z,fanduel,FanDuel,player_assists,Over,Nneka Ogwumike,3.5,110,2026-07-15T06:51:21Z,Minnesota Lynx,Los Angeles Sparks
2026-07-15T06:51:37.933991+00:00,4db11d33553fba68fc607aaf009071aa,2026-07-15T17:10:00Z,fanduel,FanDuel,player_assists,Under,Nneka Ogwumike,3.5,-146,2026-07-15T06:51:21Z,Minnesota Lynx,Los Angeles Sparks
2026-07-15T06:51:37.933991+00:00,4db11d33553fba68fc607aaf009071aa,2026-07-15T17:10:00Z,fanduel,FanDuel,player_double_double,Yes,Natasha Howard,,155,2026-07-15T06:51:21Z,Minnesota Lynx,Los Angeles Sparks
2026-07-15T06:51:37.933991+00:00,4db11d33553fba68fc607aaf009071aa,2026-07-15T17:10:00Z,fanduel,FanDuel,player_double_double,Yes,Nneka Ogwumike,,150,2026-07-15T06:51:21Z,Minnesota Lynx,Los Angeles Sparks
2026-07-15T06:51:37.933991+00:00,4db11d33553fba68fc607aaf009071aa,2026-07-15T17:10:00Z,fanduel,FanDuel,player_double_double,Yes,Dearica Hamby,,280,2026-07-15T06:51:21Z,Minnesota Lynx,Los Angeles Sparks
2026-07-15T06:51:37.933991+00:00,4db11d33553fba68fc607aaf009071aa,2026-07-15T17:10:00Z,fanduel,FanDuel,player_double_double,Yes,Olivia Miles,,550,2026-07-15T06:51:21Z,Minnesota Lynx,Los Angeles Sparks
2026-07-15T06:51:37.933991+00:00,4db11d33553fba68fc607aaf009071aa,2026-07-15T17:10:00Z,fanduel,FanDuel,player_double_double,Yes,Courtney Williams,,1200,2026-07-15T06:51:21Z,Minnesota Lynx,Los Angeles Sparks
2026-07-15T06:51:37.933991+00:00,4db11d33553fba68fc607aaf009071aa,2026-07-15T17:10:00Z,fanduel,FanDuel,player_double_double,Yes,Erica Wheeler,,1800,2026-07-15T06:51:21Z,Minnesota Lynx,Los Angeles Sparks
2026-07-15T06:51:37.933991+00:00,4db11d33553fba68fc607aaf009071aa,2026-07-15T17:10:00Z,fanduel,FanDuel,player_double_double,Yes,Nia Coffey,,2200,2026-07-15T06:51:21Z,Minnesota Lynx,Los Angeles Sparks
2026-07-15T06:51:37.933991+00:00,4db11d33553fba68fc607aaf009071aa,2026-07-15T17:10:00Z,fanduel,FanDuel,player_points,Over,Courtney Williams,15.5,-118,2026-07-15T06:51:21Z,Minnesota Lynx,Los Angeles Sparks
2026-07-15T06:51:37.933991+00:00,4db11d33553fba68fc607aaf009071aa,2026-07-15T17:10:00Z,fanduel,FanDuel,player_points,Under,Courtney Williams,15.5,-110,2026-07-15T06:51:21Z,Minnesota Lynx,Los Angeles Sparks
2026-07-15T06:51:37.933991+00:00,4db11d33553fba68fc607aaf009071aa,2026-07-15T17:10:00Z,fanduel,FanDuel,player_points,Over,Nia Coffey,7.5,102,2026-07-15T06:51:21Z,Minnesota Lynx,Los Angeles Sparks
2026-07-15T06:51:37.933991+00:00,4db11d33553fba68fc607aaf009071aa,2026-07-15T17:10:00Z,fanduel,FanDuel,player_points,Under,Nia Coffey,7.5,-132,2026-07-15T06:51:21Z,Minnesota Lynx,Los Angeles Sparks
2026-07-15T06:51:37.933991+00:00,4db11d33553fba68fc607aaf009071aa,2026-07-15T17:10:00Z,fanduel,FanDuel,player_points,Over,Kayla McBride,18.5,-110,2026-07-15T06:51:21Z,Minnesota Lynx,Los Angeles Sparks
2026-07-15T06:51:37.933991+00:00,4db11d33553fba68fc607aaf009071aa,2026-07-15T17:10:00Z,fanduel,FanDuel,player_points,Under,Kayla McBride,18.5,-118,2026-07-15T06:51:21Z,Minnesota Lynx,Los Angeles Sparks
2026-07-15T06:51:37.933991+00:00,4db11d33553fba68fc607aaf009071aa,2026-07-15T17:10:00Z,fanduel,FanDuel,player_points,Over,Erica Wheeler,9.5,104,2026-07-15T06:51:21Z,Minnesota Lynx,Los Angeles Sparks
2026-07-15T06:51:37.933991+00:00,4db11d33553fba68fc607aaf009071aa,2026-07-15T17:10:00Z,fanduel,FanDuel,player_points,Under,Erica Wheeler,9.5,-135,2026-07-15T06:51:21Z,Minnesota Lynx,Los Angeles Sparks
2026-07-15T06:51:37.933991+00:00,4db11d33553fba68fc607aaf009071aa,2026-07-15T17:10:00Z,fanduel,FanDuel,player_points,Over,Rae Burrell,14.5,-128,2026-07-15T06:51:21Z,Minnesota Lynx,Los Angeles Sparks
2026-07-15T06:51:37.933991+00:00,4db11d33553fba68fc607aaf009071aa,2026-07-15T17:10:00Z,fanduel,FanDuel,player_points,Under,Rae Burrell,14.5,-102,2026-07-15T06:51:21Z,Minnesota Lynx,Los Angeles Sparks
2026-07-15T06:51:37.933991+00:00,4db11d33553fba68fc607aaf009071aa,2026-07-15T17:10:00Z,fanduel,FanDuel,player_points,Over,Ariel Atkins,10.5,100,2026-07-15T06:51:21Z,Minnesota Lynx,Los Angeles Sparks
2026-07-15T06:51:37.933991+00:00,4db11d33553fba68fc607aaf009071aa,2026-07-15T17:10:00Z,fanduel,FanDuel,player_points,Under,Ariel Atkins,10.5,-130,2026-07-15T06:51:21Z,Minnesota Lynx,Los Angeles Sparks
2026-07-15T06:51:37.933991+00:00,4db11d33553fba68fc607aaf009071aa,2026-07-15T17:10:00Z,fanduel,FanDuel,player_points,Over,Dearica Hamby,15.5,-102,2026-07-15T06:51:21Z,Minnesota Lynx,Los Angeles Sparks
2026-07-15T06:51:37.933991+00:00,4db11d33553fba68fc607aaf009071aa,2026-07-15T17:10:00Z,fanduel,FanDuel,player_points,Under,Dearica Hamby,15.5,-128,2026-07-15T06:51:21Z,Minnesota Lynx,Los Angeles Sparks
2026-07-15T06:51:37.933991+00:00,4db11d33553fba68fc607aaf009071aa,2026-07-15T17:10:00Z,fanduel,FanDuel,player_points,Over,Nneka Ogwumike,17.5,-102,2026-07-15T06:51:21Z,Minnesota Lynx,Los Angeles Sparks
2026-07-15T06:51:37.933991+00:00,4db11d33553fba68fc607aaf009071aa,2026-07-15T17:10:00Z,fanduel,FanDuel,player_points,Under,Nneka Ogwumike,17.5,-128,2026-07-15T06:51:21Z,Minnesota Lynx,Los Angeles Sparks
2026-07-15T06:51:37.933991+00:00,4db11d33553fba68fc607aaf009071aa,2026-07-15T17:10:00Z,fanduel,FanDuel,player_points,Over,Olivia Miles,19.5,-120,2026-07-15T06:51:21Z,Minnesota Lynx,Los Angeles Sparks
2026-07-15T06:51:37.933991+00:00,4db11d33553fba68fc607aaf009071aa,2026-07-15T17:10:00Z,fanduel,FanDuel,player_points,Under,Olivia Miles,19.5,-106,2026-07-15T06:51:21Z,Minnesota Lynx,Los Angeles Sparks
2026-07-15T06:51:37.933991+00:00,4db11d33553fba68fc607aaf009071aa,2026-07-15T17:10:00Z,fanduel,FanDuel,player_points,Over,Natasha Howard,16.5,100,2026-07-15T06:51:21Z,Minnesota Lynx,Los Angeles Sparks
2026-07-15T06:51:37.933991+00:00,4db11d33553fba68fc607aaf009071aa,2026-07-15T17:10:00Z,fanduel,FanDuel,player_points,Under,Natasha Howard,16.5,-130,2026-07-15T06:51:21Z,Minnesota Lynx,Los Angeles Sparks
2026-07-15T06:51:37.933991+00:00,4db11d33553fba68fc607aaf009071aa,2026-07-15T17:10:00Z,fanduel,FanDuel,player_points_assists,Over,Courtney Williams,19.5,-125,2026-07-15T06:51:21Z,Minnesota Lynx,Los Angeles Sparks
2026-07-15T06:51:37.933991+00:00,4db11d33553fba68fc607aaf009071aa,2026-07-15T17:10:00Z,fanduel,FanDuel,player_points_assists,Under,Courtney Williams,19.5,-106,2026-07-15T06:51:21Z,Minnesota Lynx,Los Angeles Sparks
2026-07-15T06:51:37.933991+00:00,4db11d33553fba68fc607aaf009071aa,2026-07-15T17:10:00Z,fanduel,FanDuel,player_points_assists,Over,Nneka Ogwumike,20.5,-118,2026-07-15T06:51:21Z,Minnesota Lynx,Los Angeles Sparks
2026-07-15T06:51:37.933991+00:00,4db11d33553fba68fc607aaf009071aa,2026-07-15T17:10:00Z,fanduel,FanDuel,player_points_assists,Under,Nneka Ogwumike,20.5,-112,2026-07-15T06:51:21Z,Minnesota Lynx,Los Angeles Sparks
2026-07-15T06:51:37.933991+00:00,4db11d33553fba68fc607aaf009071aa,2026-07-15T17:10:00Z,fanduel,FanDuel,player_points_assists,Over,Rae Burrell,17.5,-122,2026-07-15T06:51:21Z,Minnesota Lynx,Los Angeles Sparks
2026-07-15T06:51:37.933991+00:00,4db11d33553fba68fc607aaf009071aa,2026-07-15T17:10:00Z,fanduel,FanDuel,player_points_assists,Under,Rae Burrell,17.5,-108,2026-07-15T06:51:21Z,Minnesota Lynx,Los Angeles Sparks
2026-07-15T06:51:37.933991+00:00,4db11d33553fba68fc607aaf009071aa,2026-07-15T17:10:00Z,fanduel,FanDuel,player_points_assists,Over,Dearica Hamby,17.5,-125,2026-07-15T06:51:21Z,Minnesota Lynx,Los Angeles Sparks
2026-07-15T06:51:37.933991+00:00,4db11d33553fba68fc607aaf009071aa,2026-07-15T17:10:00Z,fanduel,FanDuel,player_points_assists,Under,Dearica Hamby,17.5,-106,2026-07-15T06:51:21Z,Minnesota Lynx,Los Angeles Sparks
2026-07-15T06:51:37.933991+00:00,4db11d33553fba68fc607aaf009071aa,2026-07-15T17:10:00Z,fanduel,FanDuel,player_points_assists,Over,Olivia Miles,26.5,-106,2026-07-15T06:51:21Z,Minnesota Lynx,Los Angeles Sparks
2026-07-15T06:51:37.933991+00:00,4db11d33553fba68fc607aaf009071aa,2026-07-15T17:10:00Z,fanduel,FanDuel,player_points_assists,Under,Olivia Miles,26.5,-125,2026-07-15T06:51:21Z,Minnesota Lynx,Los Angeles Sparks
2026-07-15T06:51:37.933991+00:00,4db11d33553fba68fc607aaf009071aa,2026-07-15T17:10:00Z,fanduel,FanDuel,player_points_rebounds,Over,Olivia Miles,24.5,-112,2026-07-15T06:51:21Z,Minnesota Lynx,Los Angeles Sparks
2026-07-15T06:51:37.933991+00:00,4db11d33553fba68fc607aaf009071aa,2026-07-15T17:10:00Z,fanduel,FanDuel,player_points_rebounds,Under,Olivia Miles,24.5,-118,2026-07-15T06:51:21Z,Minnesota Lynx,Los Angeles Sparks
2026-07-15T06:51:37.933991+00:00,4db11d33553fba68fc607aaf009071aa,2026-07-15T17:10:00Z,fanduel,FanDuel,player_points_rebounds,Over,Kayla McBride,22.5,-106,2026-07-15T06:51:21Z,Minnesota Lynx,Los Angeles Sparks
2026-07-15T06:51:37.933991+00:00,4db11d33553fba68fc607aaf009071aa,2026-07-15T17:10:00Z,fanduel,FanDuel,player_points_rebounds,Under,Kayla McBride,22.5,-125,2026-07-15T06:51:21Z,Minnesota Lynx,Los Angeles Sparks
2026-07-15T06:51:37.933991+00:00,4db11d33553fba68fc607aaf009071aa,2026-07-15T17:10:00Z,fanduel,FanDuel,player_points_rebounds,Over,Rae Burrell,17.5,-118,2026-07-15T06:51:21Z,Minnesota Lynx,Los Angeles Sparks
2026-07-15T06:51:37.933991+00:00,4db11d33553fba68fc607aaf009071aa,2026-07-15T17:10:00Z,fanduel,FanDuel,player_points_rebounds,Under,Rae Burrell,17.5,-112,2026-07-15T06:51:21Z,Minnesota Lynx,Los Angeles Sparks
2026-07-15T06:51:37.933991+00:00,4db11d33553fba68fc607aaf009071aa,2026-07-15T17:10:00Z,fanduel,FanDuel,player_points_rebounds,Over,Nia Coffey,12.5,-118,2026-07-15T06:51:21Z,Minnesota Lynx,Los Angeles Sparks
2026-07-15T06:51:37.933991+00:00,4db11d33553fba68fc607aaf009071aa,2026-07-15T17:10:00Z,fanduel,FanDuel,player_points_rebounds,Under,Nia Coffey,12.5,-112,2026-07-15T06:51:21Z,Minnesota Lynx,Los Angeles Sparks
2026-07-15T06:51:37.933991+00:00,4db11d33553fba68fc607aaf009071aa,2026-07-15T17:10:00Z,fanduel,FanDuel,player_points_rebounds,Over,Courtney Williams,20.5,-130,2026-07-15T06:51:21Z,Minnesota Lynx,Los Angeles Sparks
2026-07-15T06:51:37.933991+00:00,4db11d33553fba68fc607aaf009071aa,2026-07-15T17:10:00Z,fanduel,FanDuel,player_points_rebounds,Under,Courtney Williams,20.5,-102,2026-07-15T06:51:21Z,Minnesota Lynx,Los Angeles Sparks
2026-07-15T06:51:37.933991+00:00,4db11d33553fba68fc607aaf009071aa,2026-07-15T17:10:00Z,fanduel,FanDuel,player_points_rebounds,Over,Natasha Howard,24.5,-118,2026-07-15T06:51:21Z,Minnesota Lynx,Los Angeles Sparks
2026-07-15T06:51:37.933991+00:00,4db11d33553fba68fc607aaf009071aa,2026-07-15T17:10:00Z,fanduel,FanDuel,player_points_rebounds,Under,Natasha Howard,24.5,-112,2026-07-15T06:51:21Z,Minnesota Lynx,Los Angeles Sparks
2026-07-15T06:51:37.933991+00:00,4db11d33553fba68fc607aaf009071aa,2026-07-15T17:10:00Z,fanduel,FanDuel,player_points_rebounds,Over,Dearica Hamby,22.5,-118,2026-07-15T06:51:21Z,Minnesota Lynx,Los Angeles Sparks
2026-07-15T06:51:37.933991+00:00,4db11d33553fba68fc607aaf009071aa,2026-07-15T17:10:00Z,fanduel,FanDuel,player_points_rebounds,Under,Dearica Hamby,22.5,-112,2026-07-15T06:51:21Z,Minnesota Lynx,Los Angeles Sparks
2026-07-15T06:51:37.933991+00:00,4db11d33553fba68fc607aaf009071aa,2026-07-15T17:10:00Z,fanduel,FanDuel,player_points_rebounds_assists,Over,Dearica Hamby,25.5,-112,2026-07-15T06:51:21Z,Minnesota Lynx,Los Angeles Sparks
2026-07-15T06:51:37.933991+00:00,4db11d33553fba68fc607aaf009071aa,2026-07-15T17:10:00Z,fanduel,FanDuel,player_points_rebounds_assists,Under,Dearica Hamby,25.5,-118,2026-07-15T06:51:21Z,Minnesota Lynx,Los Angeles Sparks
2026-07-15T06:51:37.933991+00:00,4db11d33553fba68fc607aaf009071aa,2026-07-15T17:10:00Z,fanduel,FanDuel,player_points_rebounds_assists,Over,Natasha Howard,27.5,-104,2026-07-15T06:51:21Z,Minnesota Lynx,Los Angeles Sparks
2026-07-15T06:51:37.933991+00:00,4db11d33553fba68fc607aaf009071aa,2026-07-15T17:10:00Z,fanduel,FanDuel,player_points_rebounds_assists,Under,Natasha Howard,27.5,-128,2026-07-15T06:51:21Z,Minnesota Lynx,Los Angeles Sparks
2026-07-15T06:51:37.933991+00:00,4db11d33553fba68fc607aaf009071aa,2026-07-15T17:10:00Z,fanduel,FanDuel,player_points_rebounds_assists,Over,Rae Burrell,20.5,-108,2026-07-15T06:51:21Z,Minnesota Lynx,Los Angeles Sparks
2026-07-15T06:51:37.933991+00:00,4db11d33553fba68fc607aaf009071aa,2026-07-15T17:10:00Z,fanduel,FanDuel,player_points_rebounds_assists,Under,Rae Burrell,20.5,-122,2026-07-15T06:51:21Z,Minnesota Lynx,Los Angeles Sparks
2026-07-15T06:51:37.933991+00:00,4db11d33553fba68fc607aaf009071aa,2026-07-15T17:10:00Z,fanduel,FanDuel,player_points_rebounds_assists,Over,Courtney Williams,25.5,-102,2026-07-15T06:51:21Z,Minnesota Lynx,Los Angeles Sparks
2026-07-15T06:51:37.933991+00:00,4db11d33553fba68fc607aaf009071aa,2026-07-15T17:10:00Z,fanduel,FanDuel,player_points_rebounds_assists,Under,Courtney Williams,25.5,-130,2026-07-15T06:51:21Z,Minnesota Lynx,Los Angeles Sparks
2026-07-15T06:51:37.933991+00:00,4db11d33553fba68fc607aaf009071aa,2026-07-15T17:10:00Z,fanduel,FanDuel,player_points_rebounds_assists,Over,Kayla McBride,25.5,-106,2026-07-15T06:51:21Z,Minnesota Lynx,Los Angeles Sparks
2026-07-15T06:51:37.933991+00:00,4db11d33553fba68fc607aaf009071aa,2026-07-15T17:10:00Z,fanduel,FanDuel,player_points_rebounds_assists,Under,Kayla McBride,25.5,-125,2026-07-15T06:51:21Z,Minnesota Lynx,Los Angeles Sparks
2026-07-15T06:51:37.933991+00:00,4db11d33553fba68fc607aaf009071aa,2026-07-15T17:10:00Z,fanduel,FanDuel,player_points_rebounds_assists,Over,Ariel Atkins,15.5,-122,2026-07-15T06:51:21Z,Minnesota Lynx,Los Angeles Sparks
2026-07-15T06:51:37.933991+00:00,4db11d33553fba68fc607aaf009071aa,2026-07-15T17:10:00Z,fanduel,FanDuel,player_points_rebounds_assists,Under,Ariel Atkins,15.5,-108,2026-07-15T06:51:21Z,Minnesota Lynx,Los Angeles Sparks
2026-07-15T06:51:37.933991+00:00,4db11d33553fba68fc607aaf009071aa,2026-07-15T17:10:00Z,fanduel,FanDuel,player_points_rebounds_assists,Over,Olivia Miles,30.5,-122,2026-07-15T06:51:21Z,Minnesota Lynx,Los Angeles Sparks
2026-07-15T06:51:37.933991+00:00,4db11d33553fba68fc607aaf009071aa,2026-07-15T17:10:00Z,fanduel,FanDuel,player_points_rebounds_assists,Under,Olivia Miles,30.5,-108,2026-07-15T06:51:21Z,Minnesota Lynx,Los Angeles Sparks
2026-07-15T06:51:37.933991+00:00,4db11d33553fba68fc607aaf009071aa,2026-07-15T17:10:00Z,fanduel,FanDuel,player_points_rebounds_assists,Over,Nneka Ogwumike,29.5,-106,2026-07-15T06:51:21Z,Minnesota Lynx,Los Angeles Sparks
2026-07-15T06:51:37.933991+00:00,4db11d33553fba68fc607aaf009071aa,2026-07-15T17:10:00Z,fanduel,FanDuel,player_points_rebounds_assists,Under,Nneka Ogwumike,29.5,-125,2026-07-15T06:51:21Z,Minnesota Lynx,Los Angeles Sparks
2026-07-15T06:51:37.933991+00:00,4db11d33553fba68fc607aaf009071aa,2026-07-15T17:10:00Z,fanduel,FanDuel,player_rebounds,Over,Olivia Miles,4.5,-102,2026-07-15T06:51:21Z,Minnesota Lynx,Los Angeles Sparks
2026-07-15T06:51:37.933991+00:00,4db11d33553fba68fc607aaf009071aa,2026-07-15T17:10:00Z,fanduel,FanDuel,player_rebounds,Under,Olivia Miles,4.5,-130,2026-07-15T06:51:21Z,Minnesota Lynx,Los Angeles Sparks
2026-07-15T06:51:37.933991+00:00,4db11d33553fba68fc607aaf009071aa,2026-07-15T17:10:00Z,fanduel,FanDuel,player_rebounds,Over,Natasha Howard,8.5,-102,2026-07-15T06:51:21Z,Minnesota Lynx,Los Angeles Sparks
2026-07-15T06:51:37.933991+00:00,4db11d33553fba68fc607aaf009071aa,2026-07-15T17:10:00Z,fanduel,FanDuel,player_rebounds,Under,Natasha Howard,8.5,-130,2026-07-15T06:51:21Z,Minnesota Lynx,Los Angeles Sparks
2026-07-15T06:51:37.933991+00:00,4db11d33553fba68fc607aaf009071aa,2026-07-15T17:10:00Z,fanduel,FanDuel,player_rebounds,Over,Nia Coffey,5.5,-102,2026-07-15T06:51:21Z,Minnesota Lynx,Los Angeles Sparks
2026-07-15T06:51:37.933991+00:00,4db11d33553fba68fc607aaf009071aa,2026-07-15T17:10:00Z,fanduel,FanDuel,player_rebounds,Under,Nia Coffey,5.5,-130,2026-07-15T06:51:21Z,Minnesota Lynx,Los Angeles Sparks
2026-07-15T06:51:37.933991+00:00,4db11d33553fba68fc607aaf009071aa,2026-07-15T17:10:00Z,fanduel,FanDuel,player_rebounds,Over,Kayla McBride,3.5,-130,2026-07-15T06:51:21Z,Minnesota Lynx,Los Angeles Sparks
2026-07-15T06:51:37.933991+00:00,4db11d33553fba68fc607aaf009071aa,2026-07-15T17:10:00Z,fanduel,FanDuel,player_rebounds,Under,Kayla McBride,3.5,-102,2026-07-15T06:51:21Z,Minnesota Lynx,Los Angeles Sparks
2026-07-15T06:51:37.933991+00:00,4db11d33553fba68fc607aaf009071aa,2026-07-15T17:10:00Z,fanduel,FanDuel,player_rebounds,Over,Dearica Hamby,7.5,102,2026-07-15T06:51:21Z,Minnesota Lynx,Los Angeles Sparks
2026-07-15T06:51:37.933991+00:00,4db11d33553fba68fc607aaf009071aa,2026-07-15T17:10:00Z,fanduel,FanDuel,player_rebounds,Under,Dearica Hamby,7.5,-136,2026-07-15T06:51:21Z,Minnesota Lynx,Los Angeles Sparks
2026-07-15T06:51:37.933991+00:00,4db11d33553fba68fc607aaf009071aa,2026-07-15T17:10:00Z,fanduel,FanDuel,player_rebounds,Over,Ariel Atkins,3.5,140,2026-07-15T06:51:21Z,Minnesota Lynx,Los Angeles Sparks
2026-07-15T06:51:37.933991+00:00,4db11d33553fba68fc607aaf009071aa,2026-07-15T17:10:00Z,fanduel,FanDuel,player_rebounds,Under,Ariel Atkins,3.5,-192,2026-07-15T06:51:21Z,Minnesota Lynx,Los Angeles Sparks
2026-07-15T06:51:37.933991+00:00,4db11d33553fba68fc607aaf009071aa,2026-07-15T17:10:00Z,fanduel,FanDuel,player_rebounds,Over,Courtney Williams,5.5,110,2026-07-15T06:51:21Z,Minnesota Lynx,Los Angeles Sparks
2026-07-15T06:51:37.933991+00:00,4db11d33553fba68fc607aaf009071aa,2026-07-15T17:10:00Z,fanduel,FanDuel,player_rebounds,Under,Courtney Williams,5.5,-146,2026-07-15T06:51:21Z,Minnesota Lynx,Los Angeles Sparks
2026-07-15T06:51:37.933991+00:00,4db11d33553fba68fc607aaf009071aa,2026-07-15T17:10:00Z,fanduel,FanDuel,player_rebounds,Over,Nneka Ogwumike,8.5,104,2026-07-15T06:51:21Z,Minnesota Lynx,Los Angeles Sparks
2026-07-15T06:51:37.933991+00:00,4db11d33553fba68fc607aaf009071aa,2026-07-15T17:10:00Z,fanduel,FanDuel,player_rebounds,Under,Nneka Ogwumike,8.5,-138,2026-07-15T06:51:21Z,Minnesota Lynx,Los Angeles Sparks
2026-07-15T06:51:37.933991+00:00,4db11d33553fba68fc607aaf009071aa,2026-07-15T17:10:00Z,fanduel,FanDuel,player_rebounds_assists,Over,Natasha Howard,10.5,-136,2026-07-15T06:51:21Z,Minnesota Lynx,Los Angeles Sparks
2026-07-15T06:51:37.933991+00:00,4db11d33553fba68fc607aaf009071aa,2026-07-15T17:10:00Z,fanduel,FanDuel,player_rebounds_assists,Under,Natasha Howard,10.5,102,2026-07-15T06:51:21Z,Minnesota Lynx,Los Angeles Sparks
2026-07-15T06:51:37.933991+00:00,4db11d33553fba68fc607aaf009071aa,2026-07-15T17:10:00Z,fanduel,FanDuel,player_rebounds_assists,Over,Courtney Williams,9.5,-102,2026-07-15T06:51:21Z,Minnesota Lynx,Los Angeles Sparks
2026-07-15T06:51:37.933991+00:00,4db11d33553fba68fc607aaf009071aa,2026-07-15T17:10:00Z,fanduel,FanDuel,player_rebounds_assists,Under,Courtney Williams,9.5,-130,2026-07-15T06:51:21Z,Minnesota Lynx,Los Angeles Sparks
2026-07-15T06:51:37.933991+00:00,4db11d33553fba68fc607aaf009071aa,2026-07-15T17:10:00Z,fanduel,FanDuel,player_rebounds_assists,Over,Dearica Hamby,10.5,110,2026-07-15T06:51:21Z,Minnesota Lynx,Los Angeles Sparks
2026-07-15T06:51:37.933991+00:00,4db11d33553fba68fc607aaf009071aa,2026-07-15T17:10:00Z,fanduel,FanDuel,player_rebounds_assists,Under,Dearica Hamby,10.5,-146,2026-07-15T06:51:21Z,Minnesota Lynx,Los Angeles Sparks
2026-07-15T06:51:37.933991+00:00,4db11d33553fba68fc607aaf009071aa,2026-07-15T17:10:00Z,fanduel,FanDuel,player_rebounds_assists,Over,Kayla McBride,6.5,-120,2026-07-15T06:51:21Z,Minnesota Lynx,Los Angeles Sparks
2026-07-15T06:51:37.933991+00:00,4db11d33553fba68fc607aaf009071aa,2026-07-15T17:10:00Z,fanduel,FanDuel,player_rebounds_assists,Under,Kayla McBride,6.5,-110,2026-07-15T06:51:21Z,Minnesota Lynx,Los Angeles Sparks
2026-07-15T06:51:37.933991+00:00,4db11d33553fba68fc607aaf009071aa,2026-07-15T17:10:00Z,fanduel,FanDuel,player_rebounds_assists,Over,Nneka Ogwumike,11.5,-125,2026-07-15T06:51:21Z,Minnesota Lynx,Los Angeles Sparks
2026-07-15T06:51:37.933991+00:00,4db11d33553fba68fc607aaf009071aa,2026-07-15T17:10:00Z,fanduel,FanDuel,player_rebounds_assists,Under,Nneka Ogwumike,11.5,-106,2026-07-15T06:51:21Z,Minnesota Lynx,Los Angeles Sparks
2026-07-15T06:51:37.933991+00:00,4db11d33553fba68fc607aaf009071aa,2026-07-15T17:10:00Z,fanduel,FanDuel,player_rebounds_assists,Over,Olivia Miles,10.5,-125,2026-07-15T06:51:21Z,Minnesota Lynx,Los Angeles Sparks
2026-07-15T06:51:37.933991+00:00,4db11d33553fba68fc607aaf009071aa,2026-07-15T17:10:00Z,fanduel,FanDuel,player_rebounds_assists,Under,Olivia Miles,10.5,-106,2026-07-15T06:51:21Z,Minnesota Lynx,Los Angeles Sparks
2026-07-15T06:51:37.933991+00:00,4db11d33553fba68fc607aaf009071aa,2026-07-15T17:10:00Z,fanduel,FanDuel,player_threes,Over,Kayla McBride,2.5,-148,2026-07-15T06:51:21Z,Minnesota Lynx,Los Angeles Sparks
2026-07-15T06:51:37.933991+00:00,4db11d33553fba68fc607aaf009071aa,2026-07-15T17:10:00Z,fanduel,FanDuel,player_threes,Under,Kayla McBride,2.5,112,2026-07-15T06:51:21Z,Minnesota Lynx,Los Angeles Sparks
2026-07-15T06:51:37.933991+00:00,4db11d33553fba68fc607aaf009071aa,2026-07-15T17:10:00Z,fanduel,FanDuel,player_threes,Over,Nia Coffey,1.5,126,2026-07-15T06:51:21Z,Minnesota Lynx,Los Angeles Sparks
2026-07-15T06:51:37.933991+00:00,4db11d33553fba68fc607aaf009071aa,2026-07-15T17:10:00Z,fanduel,FanDuel,player_threes,Under,Nia Coffey,1.5,-168,2026-07-15T06:51:21Z,Minnesota Lynx,Los Angeles Sparks
2026-07-15T06:51:37.933991+00:00,4db11d33553fba68fc607aaf009071aa,2026-07-15T17:10:00Z,fanduel,FanDuel,player_threes,Over,Courtney Williams,1.5,148,2026-07-15T06:51:21Z,Minnesota Lynx,Los Angeles Sparks
2026-07-15T06:51:37.933991+00:00,4db11d33553fba68fc607aaf009071aa,2026-07-15T17:10:00Z,fanduel,FanDuel,player_threes,Under,Courtney Williams,1.5,-200,2026-07-15T06:51:21Z,Minnesota Lynx,Los Angeles Sparks
2026-07-15T06:51:37.933991+00:00,4db11d33553fba68fc607aaf009071aa,2026-07-15T17:10:00Z,fanduel,FanDuel,player_threes,Over,Ariel Atkins,1.5,128,2026-07-15T06:51:21Z,Minnesota Lynx,Los Angeles Sparks
2026-07-15T06:51:37.933991+00:00,4db11d33553fba68fc607aaf009071aa,2026-07-15T17:10:00Z,fanduel,FanDuel,player_threes,Under,Ariel Atkins,1.5,-172,2026-07-15T06:51:21Z,Minnesota Lynx,Los Angeles Sparks
2026-07-15T06:51:37.933991+00:00,4db11d33553fba68fc607aaf009071aa,2026-07-15T17:10:00Z,fanduel,FanDuel,player_threes,Over,Erica Wheeler,1.5,128,2026-07-15T06:51:21Z,Minnesota Lynx,Los Angeles Sparks
2026-07-15T06:51:37.933991+00:00,4db11d33553fba68fc607aaf009071aa,2026-07-15T17:10:00Z,fanduel,FanDuel,player_threes,Under,Erica Wheeler,1.5,-172,2026-07-15T06:51:21Z,Minnesota Lynx,Los Angeles Sparks
2026-07-15T06:51:37.933991+00:00,4db11d33553fba68fc607aaf009071aa,2026-07-15T17:10:00Z,fanduel,FanDuel,player_threes,Over,Rae Burrell,1.5,102,2026-07-15T06:51:21Z,Minnesota Lynx,Los Angeles Sparks
2026-07-15T06:51:37.933991+00:00,4db11d33553fba68fc607aaf009071aa,2026-07-15T17:10:00Z,fanduel,FanDuel,player_threes,Under,Rae Burrell,1.5,-136,2026-07-15T06:51:21Z,Minnesota Lynx,Los Angeles Sparks
2026-07-15T06:51:37.933991+00:00,4db11d33553fba68fc607aaf009071aa,2026-07-15T17:10:00Z,fanduel,FanDuel,player_threes,Over,Nneka Ogwumike,1.5,120,2026-07-15T06:51:21Z,Minnesota Lynx,Los Angeles Sparks
2026-07-15T06:51:37.933991+00:00,4db11d33553fba68fc607aaf009071aa,2026-07-15T17:10:00Z,fanduel,FanDuel,player_threes,Under,Nneka Ogwumike,1.5,-160,2026-07-15T06:51:21Z,Minnesota Lynx,Los Angeles Sparks
2026-07-15T06:51:37.933991+00:00,4db11d33553fba68fc607aaf009071aa,2026-07-15T17:10:00Z,fanduel,FanDuel,player_threes,Over,Olivia Miles,1.5,108,2026-07-15T06:51:21Z,Minnesota Lynx,Los Angeles Sparks
2026-07-15T06:51:37.933991+00:00,4db11d33553fba68fc607aaf009071aa,2026-07-15T17:10:00Z,fanduel,FanDuel,player_threes,Under,Olivia Miles,1.5,-144,2026-07-15T06:51:21Z,Minnesota Lynx,Los Angeles Sparks
2026-07-15T06:51:37.933991+00:00,8eace0d4309db9d618e7ba857166324b,2026-07-16T00:10:00Z,draftkings,DraftKings,player_assists,Over,Caitlin Clark,6.5,-112,2026-07-15T06:50:58Z,Indiana Fever,Golden State Valkyries
2026-07-15T06:51:37.933991+00:00,8eace0d4309db9d618e7ba857166324b,2026-07-16T00:10:00Z,draftkings,DraftKings,player_assists,Under,Caitlin Clark,6.5,-122,2026-07-15T06:50:58Z,Indiana Fever,Golden State Valkyries
2026-07-15T06:51:37.933991+00:00,8eace0d4309db9d618e7ba857166324b,2026-07-16T00:10:00Z,draftkings,DraftKings,player_assists,Over,Veronica Burton,5.5,108,2026-07-15T06:50:58Z,Indiana Fever,Golden State Valkyries
2026-07-15T06:51:37.933991+00:00,8eace0d4309db9d618e7ba857166324b,2026-07-16T00:10:00Z,draftkings,DraftKings,player_assists,Under,Veronica Burton,5.5,-146,2026-07-15T06:50:58Z,Indiana Fever,Golden State Valkyries
2026-07-15T06:51:37.933991+00:00,8eace0d4309db9d618e7ba857166324b,2026-07-16T00:10:00Z,draftkings,DraftKings,player_assists,Over,Aliyah Boston,2.5,-148,2026-07-15T06:50:58Z,Indiana Fever,Golden State Valkyries
2026-07-15T06:51:37.933991+00:00,8eace0d4309db9d618e7ba857166324b,2026-07-16T00:10:00Z,draftkings,DraftKings,player_assists,Under,Aliyah Boston,2.5,109,2026-07-15T06:50:58Z,Indiana Fever,Golden State Valkyries
2026-07-15T06:51:37.933991+00:00,8eace0d4309db9d618e7ba857166324b,2026-07-16T00:10:00Z,draftkings,DraftKings,player_assists,Over,Kelsey Mitchell,2.5,-145,2026-07-15T06:50:58Z,Indiana Fever,Golden State Valkyries
2026-07-15T06:51:37.933991+00:00,8eace0d4309db9d618e7ba857166324b,2026-07-16T00:10:00Z,draftkings,DraftKings,player_assists,Under,Kelsey Mitchell,2.5,107,2026-07-15T06:50:58Z,Indiana Fever,Golden State Valkyries
2026-07-15T06:51:37.933991+00:00,8eace0d4309db9d618e7ba857166324b,2026-07-16T00:10:00Z,draftkings,DraftKings,player_assists,Over,Gabby Williams,2.5,133,2026-07-15T06:50:58Z,Indiana Fever,Golden State Valkyries
2026-07-15T06:51:37.933991+00:00,8eace0d4309db9d618e7ba857166324b,2026-07-16T00:10:00Z,draftkings,DraftKings,player_assists,Under,Gabby Williams,2.5,-182,2026-07-15T06:50:58Z,Indiana Fever,Golden State Valkyries
2026-07-15T06:51:37.933991+00:00,8eace0d4309db9d618e7ba857166324b,2026-07-16T00:10:00Z,draftkings,DraftKings,player_double_double,Yes,Aliyah Boston,,136,2026-07-15T06:51:03Z,Indiana Fever,Golden State Valkyries
2026-07-15T06:51:37.933991+00:00,8eace0d4309db9d618e7ba857166324b,2026-07-16T00:10:00Z,draftkings,DraftKings,player_double_double,Yes,Caitlin Clark,,467,2026-07-15T06:51:03Z,Indiana Fever,Golden State Valkyries
2026-07-15T06:51:37.933991+00:00,8eace0d4309db9d618e7ba857166324b,2026-07-16T00:10:00Z,draftkings,DraftKings,player_double_double,Yes,Veronica Burton,,1560,2026-07-15T06:51:03Z,Indiana Fever,Golden State Valkyries
2026-07-15T06:51:37.933991+00:00,8eace0d4309db9d618e7ba857166324b,2026-07-16T00:10:00Z,draftkings,DraftKings,player_double_double,Yes,Kayla Thornton,,2300,2026-07-15T06:51:03Z,Indiana Fever,Golden State Valkyries
2026-07-15T06:51:37.933991+00:00,8eace0d4309db9d618e7ba857166324b,2026-07-16T00:10:00Z,draftkings,DraftKings,player_double_double,Yes,Monique Billings,,3700,2026-07-15T06:51:03Z,Indiana Fever,Golden State Valkyries
2026-07-15T06:51:37.933991+00:00,8eace0d4309db9d618e7ba857166324b,2026-07-16T00:10:00Z,draftkings,DraftKings,player_double_double,Yes,Janelle Salaun,,4000,2026-07-15T06:51:03Z,Indiana Fever,Golden State Valkyries
2026-07-15T06:51:37.933991+00:00,8eace0d4309db9d618e7ba857166324b,2026-07-16T00:10:00Z,draftkings,DraftKings,player_double_double,Yes,Gabby Williams,,5200,2026-07-15T06:51:03Z,Indiana Fever,Golden State Valkyries
2026-07-15T06:51:37.933991+00:00,8eace0d4309db9d618e7ba857166324b,2026-07-16T00:10:00Z,draftkings,DraftKings,player_double_double,Yes,Kelsey Mitchell,,5200,2026-07-15T06:51:03Z,Indiana Fever,Golden State Valkyries
2026-07-15T06:51:37.933991+00:00,8eace0d4309db9d618e7ba857166324b,2026-07-16T00:10:00Z,draftkings,DraftKings,player_double_double,Yes,Sophie Cunningham,,6300,2026-07-15T06:51:03Z,Indiana Fever,Golden State Valkyries
2026-07-15T06:51:37.933991+00:00,8eace0d4309db9d618e7ba857166324b,2026-07-16T00:10:00Z,draftkings,DraftKings,player_points,Over,Kelsey Mitchell,21.5,-117,2026-07-15T06:51:03Z,Indiana Fever,Golden State Valkyries
2026-07-15T06:51:37.933991+00:00,8eace0d4309db9d618e7ba857166324b,2026-07-16T00:10:00Z,draftkings,DraftKings,player_points,Under,Kelsey Mitchell,21.5,-113,2026-07-15T06:51:03Z,Indiana Fever,Golden State Valkyries
2026-07-15T06:51:37.933991+00:00,8eace0d4309db9d618e7ba857166324b,2026-07-16T00:10:00Z,draftkings,DraftKings,player_points,Over,Caitlin Clark,15.5,-119,2026-07-15T06:51:03Z,Indiana Fever,Golden State Valkyries
2026-07-15T06:51:37.933991+00:00,8eace0d4309db9d618e7ba857166324b,2026-07-16T00:10:00Z,draftkings,DraftKings,player_points,Under,Caitlin Clark,15.5,-111,2026-07-15T06:51:03Z,Indiana Fever,Golden State Valkyries
2026-07-15T06:51:37.933991+00:00,8eace0d4309db9d618e7ba857166324b,2026-07-16T00:10:00Z,draftkings,DraftKings,player_points,Over,Aliyah Boston,15.5,-111,2026-07-15T06:51:03Z,Indiana Fever,Golden State Valkyries
2026-07-15T06:51:37.933991+00:00,8eace0d4309db9d618e7ba857166324b,2026-07-16T00:10:00Z,draftkings,DraftKings,player_points,Under,Aliyah Boston,15.5,-119,2026-07-15T06:51:03Z,Indiana Fever,Golden State Valkyries
2026-07-15T06:51:37.933991+00:00,8eace0d4309db9d618e7ba857166324b,2026-07-16T00:10:00Z,draftkings,DraftKings,player_points,Over,Janelle Salaun,13.5,-110,2026-07-15T06:51:03Z,Indiana Fever,Golden State Valkyries
2026-07-15T06:51:37.933991+00:00,8eace0d4309db9d618e7ba857166324b,2026-07-16T00:10:00Z,draftkings,DraftKings,player_points,Under,Janelle Salaun,13.5,-121,2026-07-15T06:51:03Z,Indiana Fever,Golden State Valkyries
2026-07-15T06:51:37.933991+00:00,8eace0d4309db9d618e7ba857166324b,2026-07-16T00:10:00Z,draftkings,DraftKings,player_points,Over,Gabby Williams,13.5,-105,2026-07-15T06:51:03Z,Indiana Fever,Golden State Valkyries
2026-07-15T06:51:37.933991+00:00,8eace0d4309db9d618e7ba857166324b,2026-07-16T00:10:00Z,draftkings,DraftKings,player_points,Under,Gabby Williams,13.5,-126,2026-07-15T06:51:03Z,Indiana Fever,Golden State Valkyries
2026-07-15T06:51:37.933991+00:00,8eace0d4309db9d618e7ba857166324b,2026-07-16T00:10:00Z,draftkings,DraftKings,player_points,Over,Veronica Burton,12.5,-103,2026-07-15T06:51:03Z,Indiana Fever,Golden State Valkyries
2026-07-15T06:51:37.933991+00:00,8eace0d4309db9d618e7ba857166324b,2026-07-16T00:10:00Z,draftkings,DraftKings,player_points,Under,Veronica Burton,12.5,-129,2026-07-15T06:51:03Z,Indiana Fever,Golden State Valkyries
2026-07-15T06:51:37.933991+00:00,8eace0d4309db9d618e7ba857166324b,2026-07-16T00:10:00Z,draftkings,DraftKings,player_points,Over,Kayla Thornton,8.5,-137,2026-07-15T06:51:03Z,Indiana Fever,Golden State Valkyries
2026-07-15T06:51:37.933991+00:00,8eace0d4309db9d618e7ba857166324b,2026-07-16T00:10:00Z,draftkings,DraftKings,player_points,Under,Kayla Thornton,8.5,103,2026-07-15T06:51:03Z,Indiana Fever,Golden State Valkyries
2026-07-15T06:51:37.933991+00:00,8eace0d4309db9d618e7ba857166324b,2026-07-16T00:10:00Z,draftkings,DraftKings,player_points,Over,Sophie Cunningham,7.5,-128,2026-07-15T06:51:03Z,Indiana Fever,Golden State Valkyries
2026-07-15T06:51:37.933991+00:00,8eace0d4309db9d618e7ba857166324b,2026-07-16T00:10:00Z,draftkings,DraftKings,player_points,Under,Sophie Cunningham,7.5,-104,2026-07-15T06:51:03Z,Indiana Fever,Golden State Valkyries
2026-07-15T06:51:37.933991+00:00,8eace0d4309db9d618e7ba857166324b,2026-07-16T00:10:00Z,draftkings,DraftKings,player_points,Over,Monique Billings,6.5,-112,2026-07-15T06:51:03Z,Indiana Fever,Golden State Valkyries
2026-07-15T06:51:37.933991+00:00,8eace0d4309db9d618e7ba857166324b,2026-07-16T00:10:00Z,draftkings,DraftKings,player_points,Under,Monique Billings,6.5,-119,2026-07-15T06:51:03Z,Indiana Fever,Golden State Valkyries
2026-07-15T06:51:37.933991+00:00,8eace0d4309db9d618e7ba857166324b,2026-07-16T00:10:00Z,draftkings,DraftKings,player_points_assists,Over,Kelsey Mitchell,24.5,-119,2026-07-15T06:51:03Z,Indiana Fever,Golden State Valkyries
2026-07-15T06:51:37.933991+00:00,8eace0d4309db9d618e7ba857166324b,2026-07-16T00:10:00Z,draftkings,DraftKings,player_points_assists,Under,Kelsey Mitchell,24.5,-114,2026-07-15T06:51:03Z,Indiana Fever,Golden State Valkyries
2026-07-15T06:51:37.933991+00:00,8eace0d4309db9d618e7ba857166324b,2026-07-16T00:10:00Z,draftkings,DraftKings,player_points_assists,Over,Caitlin Clark,22.5,-113,2026-07-15T06:51:03Z,Indiana Fever,Golden State Valkyries
2026-07-15T06:51:37.933991+00:00,8eace0d4309db9d618e7ba857166324b,2026-07-16T00:10:00Z,draftkings,DraftKings,player_points_assists,Under,Caitlin Clark,22.5,-120,2026-07-15T06:51:03Z,Indiana Fever,Golden State Valkyries
2026-07-15T06:51:37.933991+00:00,8eace0d4309db9d618e7ba857166324b,2026-07-16T00:10:00Z,draftkings,DraftKings,player_points_assists,Over,Aliyah Boston,18.5,-117,2026-07-15T06:51:03Z,Indiana Fever,Golden State Valkyries
2026-07-15T06:51:37.933991+00:00,8eace0d4309db9d618e7ba857166324b,2026-07-16T00:10:00Z,draftkings,DraftKings,player_points_assists,Under,Aliyah Boston,18.5,-116,2026-07-15T06:51:03Z,Indiana Fever,Golden State Valkyries
2026-07-15T06:51:37.933991+00:00,8eace0d4309db9d618e7ba857166324b,2026-07-16T00:10:00Z,draftkings,DraftKings,player_points_assists,Over,Veronica Burton,17.5,-117,2026-07-15T06:51:03Z,Indiana Fever,Golden State Valkyries
2026-07-15T06:51:37.933991+00:00,8eace0d4309db9d618e7ba857166324b,2026-07-16T00:10:00Z,draftkings,DraftKings,player_points_assists,Under,Veronica Burton,17.5,-116,2026-07-15T06:51:03Z,Indiana Fever,Golden State Valkyries
2026-07-15T06:51:37.933991+00:00,8eace0d4309db9d618e7ba857166324b,2026-07-16T00:10:00Z,draftkings,DraftKings,player_points_assists,Over,Gabby Williams,15.5,-115,2026-07-15T06:51:03Z,Indiana Fever,Golden State Valkyries
2026-07-15T06:51:37.933991+00:00,8eace0d4309db9d618e7ba857166324b,2026-07-16T00:10:00Z,draftkings,DraftKings,player_points_assists,Under,Gabby Williams,15.5,-118,2026-07-15T06:51:03Z,Indiana Fever,Golden State Valkyries
2026-07-15T06:51:37.933991+00:00,8eace0d4309db9d618e7ba857166324b,2026-07-16T00:10:00Z,draftkings,DraftKings,player_points_assists,Over,Janelle Salaun,14.5,-126,2026-07-15T06:51:03Z,Indiana Fever,Golden State Valkyries
2026-07-15T06:51:37.933991+00:00,8eace0d4309db9d618e7ba857166324b,2026-07-16T00:10:00Z,draftkings,DraftKings,player_points_assists,Under,Janelle Salaun,14.5,-108,2026-07-15T06:51:03Z,Indiana Fever,Golden State Valkyries
2026-07-15T06:51:37.933991+00:00,8eace0d4309db9d618e7ba857166324b,2026-07-16T00:10:00Z,draftkings,DraftKings,player_points_assists,Over,Sophie Cunningham,9.5,-113,2026-07-15T06:51:03Z,Indiana Fever,Golden State Valkyries
2026-07-15T06:51:37.933991+00:00,8eace0d4309db9d618e7ba857166324b,2026-07-16T00:10:00Z,draftkings,DraftKings,player_points_assists,Under,Sophie Cunningham,9.5,-120,2026-07-15T06:51:03Z,Indiana Fever,Golden State Valkyries
2026-07-15T06:51:37.933991+00:00,8eace0d4309db9d618e7ba857166324b,2026-07-16T00:10:00Z,draftkings,DraftKings,player_points_rebounds,Over,Aliyah Boston,24.5,-116,2026-07-15T06:51:03Z,Indiana Fever,Golden State Valkyries
2026-07-15T06:51:37.933991+00:00,8eace0d4309db9d618e7ba857166324b,2026-07-16T00:10:00Z,draftkings,DraftKings,player_points_rebounds,Under,Aliyah Boston,24.5,-117,2026-07-15T06:51:03Z,Indiana Fever,Golden State Valkyries
2026-07-15T06:51:37.933991+00:00,8eace0d4309db9d618e7ba857166324b,2026-07-16T00:10:00Z,draftkings,DraftKings,player_points_rebounds,Over,Kelsey Mitchell,23.5,-115,2026-07-15T06:51:03Z,Indiana Fever,Golden State Valkyries
2026-07-15T06:51:37.933991+00:00,8eace0d4309db9d618e7ba857166324b,2026-07-16T00:10:00Z,draftkings,DraftKings,player_points_rebounds,Under,Kelsey Mitchell,23.5,-118,2026-07-15T06:51:03Z,Indiana Fever,Golden State Valkyries
2026-07-15T06:51:37.933991+00:00,8eace0d4309db9d618e7ba857166324b,2026-07-16T00:10:00Z,draftkings,DraftKings,player_points_rebounds,Over,Caitlin Clark,19.5,-121,2026-07-15T06:51:03Z,Indiana Fever,Golden State Valkyries
2026-07-15T06:51:37.933991+00:00,8eace0d4309db9d618e7ba857166324b,2026-07-16T00:10:00Z,draftkings,DraftKings,player_points_rebounds,Under,Caitlin Clark,19.5,-112,2026-07-15T06:51:03Z,Indiana Fever,Golden State Valkyries
2026-07-15T06:51:37.933991+00:00,8eace0d4309db9d618e7ba857166324b,2026-07-16T00:10:00Z,draftkings,DraftKings,player_points_rebounds,Over,Janelle Salaun,17.5,-105,2026-07-15T06:51:03Z,Indiana Fever,Golden State Valkyries
2026-07-15T06:51:37.933991+00:00,8eace0d4309db9d618e7ba857166324b,2026-07-16T00:10:00Z,draftkings,DraftKings,player_points_rebounds,Under,Janelle Salaun,17.5,-130,2026-07-15T06:51:03Z,Indiana Fever,Golden State Valkyries
2026-07-15T06:51:37.933991+00:00,8eace0d4309db9d618e7ba857166324b,2026-07-16T00:10:00Z,draftkings,DraftKings,player_points_rebounds,Over,Gabby Williams,16.5,-112,2026-07-15T06:51:03Z,Indiana Fever,Golden State Valkyries
2026-07-15T06:51:37.933991+00:00,8eace0d4309db9d618e7ba857166324b,2026-07-16T00:10:00Z,draftkings,DraftKings,player_points_rebounds,Under,Gabby Williams,16.5,-121,2026-07-15T06:51:03Z,Indiana Fever,Golden State Valkyries
2026-07-15T06:51:37.933991+00:00,8eace0d4309db9d618e7ba857166324b,2026-07-16T00:10:00Z,draftkings,DraftKings,player_points_rebounds,Over,Veronica Burton,15.5,-108,2026-07-15T06:51:03Z,Indiana Fever,Golden State Valkyries
2026-07-15T06:51:37.933991+00:00,8eace0d4309db9d618e7ba857166324b,2026-07-16T00:10:00Z,draftkings,DraftKings,player_points_rebounds,Under,Veronica Burton,15.5,-126,2026-07-15T06:51:03Z,Indiana Fever,Golden State Valkyries
2026-07-15T06:51:37.933991+00:00,8eace0d4309db9d618e7ba857166324b,2026-07-16T00:10:00Z,draftkings,DraftKings,player_points_rebounds,Over,Kayla Thornton,14.5,-101,2026-07-15T06:51:03Z,Indiana Fever,Golden State Valkyries
2026-07-15T06:51:37.933991+00:00,8eace0d4309db9d618e7ba857166324b,2026-07-16T00:10:00Z,draftkings,DraftKings,player_points_rebounds,Under,Kayla Thornton,14.5,-134,2026-07-15T06:51:03Z,Indiana Fever,Golden State Valkyries
2026-07-15T06:51:37.933991+00:00,8eace0d4309db9d618e7ba857166324b,2026-07-16T00:10:00Z,draftkings,DraftKings,player_points_rebounds,Over,Monique Billings,11.5,100,2026-07-15T06:51:03Z,Indiana Fever,Golden State Valkyries
2026-07-15T06:51:37.933991+00:00,8eace0d4309db9d618e7ba857166324b,2026-07-16T00:10:00Z,draftkings,DraftKings,player_points_rebounds,Under,Monique Billings,11.5,-135,2026-07-15T06:51:03Z,Indiana Fever,Golden State Valkyries
2026-07-15T06:51:37.933991+00:00,8eace0d4309db9d618e7ba857166324b,2026-07-16T00:10:00Z,draftkings,DraftKings,player_points_rebounds,Over,Sophie Cunningham,10.5,-107,2026-07-15T06:51:03Z,Indiana Fever,Golden State Valkyries
2026-07-15T06:51:37.933991+00:00,8eace0d4309db9d618e7ba857166324b,2026-07-16T00:10:00Z,draftkings,DraftKings,player_points_rebounds,Under,Sophie Cunningham,10.5,-127,2026-07-15T06:51:03Z,Indiana Fever,Golden State Valkyries
2026-07-15T06:51:37.933991+00:00,8eace0d4309db9d618e7ba857166324b,2026-07-16T00:10:00Z,draftkings,DraftKings,player_points_rebounds,Over,Kiah Stokes,9.5,-130,2026-07-15T06:51:03Z,Indiana Fever,Golden State Valkyries
2026-07-15T06:51:37.933991+00:00,8eace0d4309db9d618e7ba857166324b,2026-07-16T00:10:00Z,draftkings,DraftKings,player_points_rebounds,Under,Kiah Stokes,9.5,-104,2026-07-15T06:51:03Z,Indiana Fever,Golden State Valkyries
2026-07-15T06:51:37.933991+00:00,8eace0d4309db9d618e7ba857166324b,2026-07-16T00:10:00Z,draftkings,DraftKings,player_points_rebounds_assists,Over,Aliyah Boston,27.5,-123,2026-07-15T06:51:03Z,Indiana Fever,Golden State Valkyries
2026-07-15T06:51:37.933991+00:00,8eace0d4309db9d618e7ba857166324b,2026-07-16T00:10:00Z,draftkings,DraftKings,player_points_rebounds_assists,Under,Aliyah Boston,27.5,-110,2026-07-15T06:51:03Z,Indiana Fever,Golden State Valkyries
2026-07-15T06:51:37.933991+00:00,8eace0d4309db9d618e7ba857166324b,2026-07-16T00:10:00Z,draftkings,DraftKings,player_points_rebounds_assists,Over,Caitlin Clark,26.5,-115,2026-07-15T06:51:03Z,Indiana Fever,Golden State Valkyries
2026-07-15T06:51:37.933991+00:00,8eace0d4309db9d618e7ba857166324b,2026-07-16T00:10:00Z,draftkings,DraftKings,player_points_rebounds_assists,Under,Caitlin Clark,26.5,-118,2026-07-15T06:51:03Z,Indiana Fever,Golden State Valkyries
2026-07-15T06:51:37.933991+00:00,8eace0d4309db9d618e7ba857166324b,2026-07-16T00:10:00Z,draftkings,DraftKings,player_points_rebounds_assists,Over,Kelsey Mitchell,26.5,-114,2026-07-15T06:51:03Z,Indiana Fever,Golden State Valkyries
2026-07-15T06:51:37.933991+00:00,8eace0d4309db9d618e7ba857166324b,2026-07-16T00:10:00Z,draftkings,DraftKings,player_points_rebounds_assists,Under,Kelsey Mitchell,26.5,-119,2026-07-15T06:51:03Z,Indiana Fever,Golden State Valkyries
2026-07-15T06:51:37.933991+00:00,8eace0d4309db9d618e7ba857166324b,2026-07-16T00:10:00Z,draftkings,DraftKings,player_points_rebounds_assists,Over,Veronica Burton,20.5,-122,2026-07-15T06:51:03Z,Indiana Fever,Golden State Valkyries
2026-07-15T06:51:37.933991+00:00,8eace0d4309db9d618e7ba857166324b,2026-07-16T00:10:00Z,draftkings,DraftKings,player_points_rebounds_assists,Under,Veronica Burton,20.5,-111,2026-07-15T06:51:03Z,Indiana Fever,Golden State Valkyries
2026-07-15T06:51:37.933991+00:00,8eace0d4309db9d618e7ba857166324b,2026-07-16T00:10:00Z,draftkings,DraftKings,player_points_rebounds_assists,Over,Gabby Williams,18.5,-120,2026-07-15T06:51:03Z,Indiana Fever,Golden State Valkyries
2026-07-15T06:51:37.933991+00:00,8eace0d4309db9d618e7ba857166324b,2026-07-16T00:10:00Z,draftkings,DraftKings,player_points_rebounds_assists,Under,Gabby Williams,18.5,-113,2026-07-15T06:51:03Z,Indiana Fever,Golden State Valkyries
2026-07-15T06:51:37.933991+00:00,8eace0d4309db9d618e7ba857166324b,2026-07-16T00:10:00Z,draftkings,DraftKings,player_points_rebounds_assists,Over,Janelle Salaun,18.5,-119,2026-07-15T06:51:03Z,Indiana Fever,Golden State Valkyries
2026-07-15T06:51:37.933991+00:00,8eace0d4309db9d618e7ba857166324b,2026-07-16T00:10:00Z,draftkings,DraftKings,player_points_rebounds_assists,Under,Janelle Salaun,18.5,-114,2026-07-15T06:51:03Z,Indiana Fever,Golden State Valkyries
2026-07-15T06:51:37.933991+00:00,8eace0d4309db9d618e7ba857166324b,2026-07-16T00:10:00Z,draftkings,DraftKings,player_rebounds,Over,Aliyah Boston,8.5,-145,2026-07-15T06:51:03Z,Indiana Fever,Golden State Valkyries
2026-07-15T06:51:37.933991+00:00,8eace0d4309db9d618e7ba857166324b,2026-07-16T00:10:00Z,draftkings,DraftKings,player_rebounds,Under,Aliyah Boston,8.5,107,2026-07-15T06:51:03Z,Indiana Fever,Golden State Valkyries
2026-07-15T06:51:37.933991+00:00,8eace0d4309db9d618e7ba857166324b,2026-07-16T00:10:00Z,draftkings,DraftKings,player_rebounds,Over,Kiah Stokes,4.5,-151,2026-07-15T06:51:03Z,Indiana Fever,Golden State Valkyries
2026-07-15T06:51:37.933991+00:00,8eace0d4309db9d618e7ba857166324b,2026-07-16T00:10:00Z,draftkings,DraftKings,player_rebounds,Under,Kiah Stokes,4.5,111,2026-07-15T06:51:03Z,Indiana Fever,Golden State Valkyries
2026-07-15T06:51:37.933991+00:00,8eace0d4309db9d618e7ba857166324b,2026-07-16T00:10:00Z,draftkings,DraftKings,player_rebounds,Over,Kayla Thornton,4.5,-147,2026-07-15T06:51:03Z,Indiana Fever,Golden State Valkyries
2026-07-15T06:51:37.933991+00:00,8eace0d4309db9d618e7ba857166324b,2026-07-16T00:10:00Z,draftkings,DraftKings,player_rebounds,Under,Kayla Thornton,4.5,108,2026-07-15T06:51:03Z,Indiana Fever,Golden State Valkyries
2026-07-15T06:51:37.933991+00:00,8eace0d4309db9d618e7ba857166324b,2026-07-16T00:10:00Z,draftkings,DraftKings,player_rebounds,Over,Monique Billings,4.5,-117,2026-07-15T06:51:03Z,Indiana Fever,Golden State Valkyries
2026-07-15T06:51:37.933991+00:00,8eace0d4309db9d618e7ba857166324b,2026-07-16T00:10:00Z,draftkings,DraftKings,player_rebounds,Under,Monique Billings,4.5,-116,2026-07-15T06:51:03Z,Indiana Fever,Golden State Valkyries
2026-07-15T06:51:37.933991+00:00,8eace0d4309db9d618e7ba857166324b,2026-07-16T00:10:00Z,draftkings,DraftKings,player_rebounds,Over,Caitlin Clark,3.5,-135,2026-07-15T06:51:03Z,Indiana Fever,Golden State Valkyries
2026-07-15T06:51:37.933991+00:00,8eace0d4309db9d618e7ba857166324b,2026-07-16T00:10:00Z,draftkings,DraftKings,player_rebounds,Under,Caitlin Clark,3.5,-101,2026-07-15T06:51:03Z,Indiana Fever,Golden State Valkyries
2026-07-15T06:51:37.933991+00:00,8eace0d4309db9d618e7ba857166324b,2026-07-16T00:10:00Z,draftkings,DraftKings,player_rebounds,Over,Janelle Salaun,3.5,-126,2026-07-15T06:51:03Z,Indiana Fever,Golden State Valkyries
2026-07-15T06:51:37.933991+00:00,8eace0d4309db9d618e7ba857166324b,2026-07-16T00:10:00Z,draftkings,DraftKings,player_rebounds,Under,Janelle Salaun,3.5,-108,2026-07-15T06:51:03Z,Indiana Fever,Golden State Valkyries
2026-07-15T06:51:37.933991+00:00,8eace0d4309db9d618e7ba857166324b,2026-07-16T00:10:00Z,draftkings,DraftKings,player_rebounds,Over,Veronica Burton,3.5,127,2026-07-15T06:51:03Z,Indiana Fever,Golden State Valkyries
2026-07-15T06:51:37.933991+00:00,8eace0d4309db9d618e7ba857166324b,2026-07-16T00:10:00Z,draftkings,DraftKings,player_rebounds,Under,Veronica Burton,3.5,-174,2026-07-15T06:51:03Z,Indiana Fever,Golden State Valkyries
2026-07-15T06:51:37.933991+00:00,8eace0d4309db9d618e7ba857166324b,2026-07-16T00:10:00Z,draftkings,DraftKings,player_rebounds,Over,Gabby Williams,2.5,-182,2026-07-15T06:51:03Z,Indiana Fever,Golden State Valkyries
2026-07-15T06:51:37.933991+00:00,8eace0d4309db9d618e7ba857166324b,2026-07-16T00:10:00Z,draftkings,DraftKings,player_rebounds,Under,Gabby Williams,2.5,133,2026-07-15T06:51:03Z,Indiana Fever,Golden State Valkyries
2026-07-15T06:51:37.933991+00:00,8eace0d4309db9d618e7ba857166324b,2026-07-16T00:10:00Z,draftkings,DraftKings,player_rebounds,Over,Sophie Cunningham,2.5,110,2026-07-15T06:51:03Z,Indiana Fever,Golden State Valkyries
2026-07-15T06:51:37.933991+00:00,8eace0d4309db9d618e7ba857166324b,2026-07-16T00:10:00Z,draftkings,DraftKings,player_rebounds,Under,Sophie Cunningham,2.5,-150,2026-07-15T06:51:03Z,Indiana Fever,Golden State Valkyries
2026-07-15T06:51:37.933991+00:00,8eace0d4309db9d618e7ba857166324b,2026-07-16T00:10:00Z,draftkings,DraftKings,player_rebounds_assists,Over,Aliyah Boston,12.5,-102,2026-07-15T06:51:03Z,Indiana Fever,Golden State Valkyries
2026-07-15T06:51:37.933991+00:00,8eace0d4309db9d618e7ba857166324b,2026-07-16T00:10:00Z,draftkings,DraftKings,player_rebounds_assists,Under,Aliyah Boston,12.5,-134,2026-07-15T06:51:03Z,Indiana Fever,Golden State Valkyries
2026-07-15T06:51:37.933991+00:00,8eace0d4309db9d618e7ba857166324b,2026-07-16T00:10:00Z,draftkings,DraftKings,player_rebounds_assists,Over,Caitlin Clark,10.5,-113,2026-07-15T06:51:03Z,Indiana Fever,Golden State Valkyries
2026-07-15T06:51:37.933991+00:00,8eace0d4309db9d618e7ba857166324b,2026-07-16T00:10:00Z,draftkings,DraftKings,player_rebounds_assists,Under,Caitlin Clark,10.5,-120,2026-07-15T06:51:03Z,Indiana Fever,Golden State Valkyries
2026-07-15T06:51:37.933991+00:00,8eace0d4309db9d618e7ba857166324b,2026-07-16T00:10:00Z,draftkings,DraftKings,player_rebounds_assists,Over,Veronica Burton,8.5,-112,2026-07-15T06:51:03Z,Indiana Fever,Golden State Valkyries
2026-07-15T06:51:37.933991+00:00,8eace0d4309db9d618e7ba857166324b,2026-07-16T00:10:00Z,draftkings,DraftKings,player_rebounds_assists,Under,Veronica Burton,8.5,-121,2026-07-15T06:51:03Z,Indiana Fever,Golden State Valkyries
2026-07-15T06:51:37.933991+00:00,8eace0d4309db9d618e7ba857166324b,2026-07-16T00:10:00Z,draftkings,DraftKings,player_threes,Over,Kelsey Mitchell,2.5,-116,2026-07-15T06:51:03Z,Indiana Fever,Golden State Valkyries
2026-07-15T06:51:37.933991+00:00,8eace0d4309db9d618e7ba857166324b,2026-07-16T00:10:00Z,draftkings,DraftKings,player_threes,Under,Kelsey Mitchell,2.5,-117,2026-07-15T06:51:03Z,Indiana Fever,Golden State Valkyries
2026-07-15T06:51:37.933991+00:00,8eace0d4309db9d618e7ba857166324b,2026-07-16T00:10:00Z,draftkings,DraftKings,player_threes,Over,Janelle Salaun,2.5,130,2026-07-15T06:51:03Z,Indiana Fever,Golden State Valkyries
2026-07-15T06:51:37.933991+00:00,8eace0d4309db9d618e7ba857166324b,2026-07-16T00:10:00Z,draftkings,DraftKings,player_threes,Under,Janelle Salaun,2.5,-177,2026-07-15T06:51:03Z,Indiana Fever,Golden State Valkyries
2026-07-15T06:51:37.933991+00:00,8eace0d4309db9d618e7ba857166324b,2026-07-16T00:10:00Z,draftkings,DraftKings,player_threes,Over,Caitlin Clark,1.5,-174,2026-07-15T06:51:03Z,Indiana Fever,Golden State Valkyries
2026-07-15T06:51:37.933991+00:00,8eace0d4309db9d618e7ba857166324b,2026-07-16T00:10:00Z,draftkings,DraftKings,player_threes,Under,Caitlin Clark,1.5,127,2026-07-15T06:51:03Z,Indiana Fever,Golden State Valkyries
2026-07-15T06:51:37.933991+00:00,8eace0d4309db9d618e7ba857166324b,2026-07-16T00:10:00Z,draftkings,DraftKings,player_threes,Over,Gabby Williams,1.5,105,2026-07-15T06:51:03Z,Indiana Fever,Golden State Valkyries
2026-07-15T06:51:37.933991+00:00,8eace0d4309db9d618e7ba857166324b,2026-07-16T00:10:00Z,draftkings,DraftKings,player_threes,Under,Gabby Williams,1.5,-143,2026-07-15T06:51:03Z,Indiana Fever,Golden State Valkyries
2026-07-15T06:51:37.933991+00:00,8eace0d4309db9d618e7ba857166324b,2026-07-16T00:10:00Z,draftkings,DraftKings,player_threes,Over,Sophie Cunningham,1.5,107,2026-07-15T06:51:03Z,Indiana Fever,Golden State Valkyries
2026-07-15T06:51:37.933991+00:00,8eace0d4309db9d618e7ba857166324b,2026-07-16T00:10:00Z,draftkings,DraftKings,player_threes,Under,Sophie Cunningham,1.5,-146,2026-07-15T06:51:03Z,Indiana Fever,Golden State Valkyries
2026-07-15T06:51:37.933991+00:00,8eace0d4309db9d618e7ba857166324b,2026-07-16T00:10:00Z,draftkings,DraftKings,player_threes,Over,Veronica Burton,1.5,165,2026-07-15T06:51:03Z,Indiana Fever,Golden State Valkyries
2026-07-15T06:51:37.933991+00:00,8eace0d4309db9d618e7ba857166324b,2026-07-16T00:10:00Z,draftkings,DraftKings,player_threes,Under,Veronica Burton,1.5,-229,2026-07-15T06:51:03Z,Indiana Fever,Golden State Valkyries
2026-07-15T06:51:37.933991+00:00,8eace0d4309db9d618e7ba857166324b,2026-07-16T00:10:00Z,draftkings,DraftKings,player_threes,Over,Kayla Thornton,0.5,-242,2026-07-15T06:51:03Z,Indiana Fever,Golden State Valkyries
2026-07-15T06:51:37.933991+00:00,8eace0d4309db9d618e7ba857166324b,2026-07-16T00:10:00Z,draftkings,DraftKings,player_threes,Under,Kayla Thornton,0.5,174,2026-07-15T06:51:03Z,Indiana Fever,Golden State Valkyries
2026-07-15T06:51:37.933991+00:00,8eace0d4309db9d618e7ba857166324b,2026-07-16T00:10:00Z,draftkings,DraftKings,player_threes,Over,Aliyah Boston,0.5,-228,2026-07-15T06:51:03Z,Indiana Fever,Golden State Valkyries
2026-07-15T06:51:37.933991+00:00,8eace0d4309db9d618e7ba857166324b,2026-07-16T00:10:00Z,draftkings,DraftKings,player_threes,Under,Aliyah Boston,0.5,165,2026-07-15T06:51:03Z,Indiana Fever,Golden State Valkyries
2026-07-15T06:51:37.933991+00:00,8eace0d4309db9d618e7ba857166324b,2026-07-16T00:10:00Z,draftkings,DraftKings,player_triple_double,Yes,Aliyah Boston,,4500,2026-07-15T06:51:03Z,Indiana Fever,Golden State Valkyries
2026-07-15T06:51:37.933991+00:00,8eace0d4309db9d618e7ba857166324b,2026-07-16T00:10:00Z,draftkings,DraftKings,player_triple_double,Yes,Caitlin Clark,,4500,2026-07-15T06:51:03Z,Indiana Fever,Golden State Valkyries
2026-07-15T06:51:37.933991+00:00,8eace0d4309db9d618e7ba857166324b,2026-07-16T00:10:00Z,draftkings,DraftKings,player_triple_double,Yes,Veronica Burton,,6200,2026-07-15T06:51:03Z,Indiana Fever,Golden State Valkyries
2026-07-15T06:51:37.933991+00:00,8eace0d4309db9d618e7ba857166324b,2026-07-16T00:10:00Z,fanatics,Fanatics,player_double_double,Yes,Caitlin Clark,,450,2026-07-15T06:50:35Z,Indiana Fever,Golden State Valkyries
2026-07-15T06:51:37.933991+00:00,8eace0d4309db9d618e7ba857166324b,2026-07-16T00:10:00Z,fanatics,Fanatics,player_double_double,Yes,Aliyah Boston,,140,2026-07-15T06:50:35Z,Indiana Fever,Golden State Valkyries
2026-07-15T06:51:37.933991+00:00,8eace0d4309db9d618e7ba857166324b,2026-07-16T00:10:00Z,fanatics,Fanatics,player_double_double,Yes,Veronica Burton,,1300,2026-07-15T06:50:35Z,Indiana Fever,Golden State Valkyries
2026-07-15T06:51:37.933991+00:00,8eace0d4309db9d618e7ba857166324b,2026-07-16T00:10:00Z,fanduel,FanDuel,player_assists,Over,Aliyah Boston,2.5,-140,2026-07-15T06:51:36Z,Indiana Fever,Golden State Valkyries
2026-07-15T06:51:37.933991+00:00,8eace0d4309db9d618e7ba857166324b,2026-07-16T00:10:00Z,fanduel,FanDuel,player_assists,Under,Aliyah Boston,2.5,106,2026-07-15T06:51:36Z,Indiana Fever,Golden State Valkyries
2026-07-15T06:51:37.933991+00:00,8eace0d4309db9d618e7ba857166324b,2026-07-16T00:10:00Z,fanduel,FanDuel,player_assists,Over,Caitlin Clark,6.5,-122,2026-07-15T06:51:36Z,Indiana Fever,Golden State Valkyries
2026-07-15T06:51:37.933991+00:00,8eace0d4309db9d618e7ba857166324b,2026-07-16T00:10:00Z,fanduel,FanDuel,player_assists,Under,Caitlin Clark,6.5,-106,2026-07-15T06:51:36Z,Indiana Fever,Golden State Valkyries
2026-07-15T06:51:37.933991+00:00,8eace0d4309db9d618e7ba857166324b,2026-07-16T00:10:00Z,fanduel,FanDuel,player_assists,Over,Gabby Williams,2.5,154,2026-07-15T06:51:36Z,Indiana Fever,Golden State Valkyries
2026-07-15T06:51:37.933991+00:00,8eace0d4309db9d618e7ba857166324b,2026-07-16T00:10:00Z,fanduel,FanDuel,player_assists,Under,Gabby Williams,2.5,-210,2026-07-15T06:51:36Z,Indiana Fever,Golden State Valkyries
2026-07-15T06:51:37.933991+00:00,8eace0d4309db9d618e7ba857166324b,2026-07-16T00:10:00Z,fanduel,FanDuel,player_assists,Over,Veronica Burton,5.5,116,2026-07-15T06:51:36Z,Indiana Fever,Golden State Valkyries
2026-07-15T06:51:37.933991+00:00,8eace0d4309db9d618e7ba857166324b,2026-07-16T00:10:00Z,fanduel,FanDuel,player_assists,Under,Veronica Burton,5.5,-154,2026-07-15T06:51:36Z,Indiana Fever,Golden State Valkyries
2026-07-15T06:51:37.933991+00:00,8eace0d4309db9d618e7ba857166324b,2026-07-16T00:10:00Z,fanduel,FanDuel,player_assists,Over,Kelsey Mitchell,2.5,-130,2026-07-15T06:51:36Z,Indiana Fever,Golden State Valkyries
2026-07-15T06:51:37.933991+00:00,8eace0d4309db9d618e7ba857166324b,2026-07-16T00:10:00Z,fanduel,FanDuel,player_assists,Under,Kelsey Mitchell,2.5,-102,2026-07-15T06:51:36Z,Indiana Fever,Golden State Valkyries
2026-07-15T06:51:37.933991+00:00,8eace0d4309db9d618e7ba857166324b,2026-07-16T00:10:00Z,fanduel,FanDuel,player_double_double,Yes,Aliyah Boston,,120,2026-07-15T06:51:36Z,Indiana Fever,Golden State Valkyries
2026-07-15T06:51:37.933991+00:00,8eace0d4309db9d618e7ba857166324b,2026-07-16T00:10:00Z,fanduel,FanDuel,player_double_double,Yes,Caitlin Clark,,370,2026-07-15T06:51:36Z,Indiana Fever,Golden State Valkyries
2026-07-15T06:51:37.933991+00:00,8eace0d4309db9d618e7ba857166324b,2026-07-16T00:10:00Z,fanduel,FanDuel,player_double_double,Yes,Veronica Burton,,1700,2026-07-15T06:51:36Z,Indiana Fever,Golden State Valkyries
2026-07-15T06:51:37.933991+00:00,8eace0d4309db9d618e7ba857166324b,2026-07-16T00:10:00Z,fanduel,FanDuel,player_double_double,Yes,Kayla Thornton,,2000,2026-07-15T06:51:36Z,Indiana Fever,Golden State Valkyries
2026-07-15T06:51:37.933991+00:00,8eace0d4309db9d618e7ba857166324b,2026-07-16T00:10:00Z,fanduel,FanDuel,player_points,Over,Kayla Thornton,9.5,102,2026-07-15T06:51:36Z,Indiana Fever,Golden State Valkyries
2026-07-15T06:51:37.933991+00:00,8eace0d4309db9d618e7ba857166324b,2026-07-16T00:10:00Z,fanduel,FanDuel,player_points,Under,Kayla Thornton,9.5,-132,2026-07-15T06:51:36Z,Indiana Fever,Golden State Valkyries
2026-07-15T06:51:37.933991+00:00,8eace0d4309db9d618e7ba857166324b,2026-07-16T00:10:00Z,fanduel,FanDuel,player_points,Over,Sophie Cunningham,7.5,-128,2026-07-15T06:51:36Z,Indiana Fever,Golden State Valkyries
2026-07-15T06:51:37.933991+00:00,8eace0d4309db9d618e7ba857166324b,2026-07-16T00:10:00Z,fanduel,FanDuel,player_points,Under,Sophie Cunningham,7.5,-102,2026-07-15T06:51:36Z,Indiana Fever,Golden State Valkyries
2026-07-15T06:51:37.933991+00:00,8eace0d4309db9d618e7ba857166324b,2026-07-16T00:10:00Z,fanduel,FanDuel,player_points,Over,Caitlin Clark,15.5,-118,2026-07-15T06:51:36Z,Indiana Fever,Golden State Valkyries
2026-07-15T06:51:37.933991+00:00,8eace0d4309db9d618e7ba857166324b,2026-07-16T00:10:00Z,fanduel,FanDuel,player_points,Under,Caitlin Clark,15.5,-110,2026-07-15T06:51:36Z,Indiana Fever,Golden State Valkyries
2026-07-15T06:51:37.933991+00:00,8eace0d4309db9d618e7ba857166324b,2026-07-16T00:10:00Z,fanduel,FanDuel,player_points,Over,Kelsey Mitchell,21.5,-104,2026-07-15T06:51:36Z,Indiana Fever,Golden State Valkyries
2026-07-15T06:51:37.933991+00:00,8eace0d4309db9d618e7ba857166324b,2026-07-16T00:10:00Z,fanduel,FanDuel,player_points,Under,Kelsey Mitchell,21.5,-125,2026-07-15T06:51:36Z,Indiana Fever,Golden State Valkyries
2026-07-15T06:51:37.933991+00:00,8eace0d4309db9d618e7ba857166324b,2026-07-16T00:10:00Z,fanduel,FanDuel,player_points,Over,Aliyah Boston,15.5,-128,2026-07-15T06:51:36Z,Indiana Fever,Golden State Valkyries
2026-07-15T06:51:37.933991+00:00,8eace0d4309db9d618e7ba857166324b,2026-07-16T00:10:00Z,fanduel,FanDuel,player_points,Under,Aliyah Boston,15.5,-102,2026-07-15T06:51:36Z,Indiana Fever,Golden State Valkyries
2026-07-15T06:51:37.933991+00:00,8eace0d4309db9d618e7ba857166324b,2026-07-16T00:10:00Z,fanduel,FanDuel,player_points,Over,Janelle Salaun,13.5,-110,2026-07-15T06:51:36Z,Indiana Fever,Golden State Valkyries
2026-07-15T06:51:37.933991+00:00,8eace0d4309db9d618e7ba857166324b,2026-07-16T00:10:00Z,fanduel,FanDuel,player_points,Under,Janelle Salaun,13.5,-120,2026-07-15T06:51:36Z,Indiana Fever,Golden State Valkyries
2026-07-15T06:51:37.933991+00:00,8eace0d4309db9d618e7ba857166324b,2026-07-16T00:10:00Z,fanduel,FanDuel,player_points,Over,Veronica Burton,11.5,-130,2026-07-15T06:51:36Z,Indiana Fever,Golden State Valkyries
2026-07-15T06:51:37.933991+00:00,8eace0d4309db9d618e7ba857166324b,2026-07-16T00:10:00Z,fanduel,FanDuel,player_points,Under,Veronica Burton,11.5,100,2026-07-15T06:51:36Z,Indiana Fever,Golden State Valkyries
2026-07-15T06:51:37.933991+00:00,8eace0d4309db9d618e7ba857166324b,2026-07-16T00:10:00Z,fanduel,FanDuel,player_points,Over,Gabby Williams,13.5,-114,2026-07-15T06:51:36Z,Indiana Fever,Golden State Valkyries
2026-07-15T06:51:37.933991+00:00,8eace0d4309db9d618e7ba857166324b,2026-07-16T00:10:00Z,fanduel,FanDuel,player_points,Under,Gabby Williams,13.5,-114,2026-07-15T06:51:36Z,Indiana Fever,Golden State Valkyries
2026-07-15T06:51:37.933991+00:00,8eace0d4309db9d618e7ba857166324b,2026-07-16T00:10:00Z,fanduel,FanDuel,player_points_assists,Over,Kelsey Mitchell,23.5,-125,2026-07-15T06:51:36Z,Indiana Fever,Golden State Valkyries
2026-07-15T06:51:37.933991+00:00,8eace0d4309db9d618e7ba857166324b,2026-07-16T00:10:00Z,fanduel,FanDuel,player_points_assists,Under,Kelsey Mitchell,23.5,-106,2026-07-15T06:51:36Z,Indiana Fever,Golden State Valkyries
2026-07-15T06:51:37.933991+00:00,8eace0d4309db9d618e7ba857166324b,2026-07-16T00:10:00Z,fanduel,FanDuel,player_points_assists,Over,Caitlin Clark,22.5,-122,2026-07-15T06:51:36Z,Indiana Fever,Golden State Valkyries
2026-07-15T06:51:37.933991+00:00,8eace0d4309db9d618e7ba857166324b,2026-07-16T00:10:00Z,fanduel,FanDuel,player_points_assists,Under,Caitlin Clark,22.5,-108,2026-07-15T06:51:36Z,Indiana Fever,Golden State Valkyries
2026-07-15T06:51:37.933991+00:00,8eace0d4309db9d618e7ba857166324b,2026-07-16T00:10:00Z,fanduel,FanDuel,player_points_assists,Over,Aliyah Boston,18.5,-128,2026-07-15T06:51:36Z,Indiana Fever,Golden State Valkyries
2026-07-15T06:51:37.933991+00:00,8eace0d4309db9d618e7ba857166324b,2026-07-16T00:10:00Z,fanduel,FanDuel,player_points_assists,Under,Aliyah Boston,18.5,-104,2026-07-15T06:51:36Z,Indiana Fever,Golden State Valkyries
2026-07-15T06:51:37.933991+00:00,8eace0d4309db9d618e7ba857166324b,2026-07-16T00:10:00Z,fanduel,FanDuel,player_points_assists,Over,Gabby Williams,15.5,-122,2026-07-15T06:51:36Z,Indiana Fever,Golden State Valkyries
2026-07-15T06:51:37.933991+00:00,8eace0d4309db9d618e7ba857166324b,2026-07-16T00:10:00Z,fanduel,FanDuel,player_points_assists,Under,Gabby Williams,15.5,-108,2026-07-15T06:51:36Z,Indiana Fever,Golden State Valkyries
2026-07-15T06:51:37.933991+00:00,8eace0d4309db9d618e7ba857166324b,2026-07-16T00:10:00Z,fanduel,FanDuel,player_points_assists,Over,Veronica Burton,17.5,-108,2026-07-15T06:51:36Z,Indiana Fever,Golden State Valkyries
2026-07-15T06:51:37.933991+00:00,8eace0d4309db9d618e7ba857166324b,2026-07-16T00:10:00Z,fanduel,FanDuel,player_points_assists,Under,Veronica Burton,17.5,-122,2026-07-15T06:51:36Z,Indiana Fever,Golden State Valkyries
2026-07-15T06:51:37.933991+00:00,8eace0d4309db9d618e7ba857166324b,2026-07-16T00:10:00Z,fanduel,FanDuel,player_points_rebounds,Over,Caitlin Clark,19.5,-120,2026-07-15T06:51:36Z,Indiana Fever,Golden State Valkyries
2026-07-15T06:51:37.933991+00:00,8eace0d4309db9d618e7ba857166324b,2026-07-16T00:10:00Z,fanduel,FanDuel,player_points_rebounds,Under,Caitlin Clark,19.5,-110,2026-07-15T06:51:36Z,Indiana Fever,Golden State Valkyries
2026-07-15T06:51:37.933991+00:00,8eace0d4309db9d618e7ba857166324b,2026-07-16T00:10:00Z,fanduel,FanDuel,player_points_rebounds,Over,Kayla Thornton,14.5,-104,2026-07-15T06:51:36Z,Indiana Fever,Golden State Valkyries
2026-07-15T06:51:37.933991+00:00,8eace0d4309db9d618e7ba857166324b,2026-07-16T00:10:00Z,fanduel,FanDuel,player_points_rebounds,Under,Kayla Thornton,14.5,-128,2026-07-15T06:51:36Z,Indiana Fever,Golden State Valkyries
2026-07-15T06:51:37.933991+00:00,8eace0d4309db9d618e7ba857166324b,2026-07-16T00:10:00Z,fanduel,FanDuel,player_points_rebounds,Over,Monique Billings,11.5,102,2026-07-15T06:51:36Z,Indiana Fever,Golden State Valkyries
2026-07-15T06:51:37.933991+00:00,8eace0d4309db9d618e7ba857166324b,2026-07-16T00:10:00Z,fanduel,FanDuel,player_points_rebounds,Under,Monique Billings,11.5,-136,2026-07-15T06:51:36Z,Indiana Fever,Golden State Valkyries
2026-07-15T06:51:37.933991+00:00,8eace0d4309db9d618e7ba857166324b,2026-07-16T00:10:00Z,fanduel,FanDuel,player_points_rebounds,Over,Kiah Stokes,9.5,-118,2026-07-15T06:51:36Z,Indiana Fever,Golden State Valkyries
2026-07-15T06:51:37.933991+00:00,8eace0d4309db9d618e7ba857166324b,2026-07-16T00:10:00Z,fanduel,FanDuel,player_points_rebounds,Under,Kiah Stokes,9.5,-112,2026-07-15T06:51:36Z,Indiana Fever,Golden State Valkyries
2026-07-15T06:51:37.933991+00:00,8eace0d4309db9d618e7ba857166324b,2026-07-16T00:10:00Z,fanduel,FanDuel,player_points_rebounds,Over,Gabby Williams,16.5,-128,2026-07-15T06:51:36Z,Indiana Fever,Golden State Valkyries
2026-07-15T06:51:37.933991+00:00,8eace0d4309db9d618e7ba857166324b,2026-07-16T00:10:00Z,fanduel,FanDuel,player_points_rebounds,Under,Gabby Williams,16.5,-104,2026-07-15T06:51:36Z,Indiana Fever,Golden State Valkyries
2026-07-15T06:51:37.933991+00:00,8eace0d4309db9d618e7ba857166324b,2026-07-16T00:10:00Z,fanduel,FanDuel,player_points_rebounds,Over,Aliyah Boston,25.5,-102,2026-07-15T06:51:36Z,Indiana Fever,Golden State Valkyries
2026-07-15T06:51:37.933991+00:00,8eace0d4309db9d618e7ba857166324b,2026-07-16T00:10:00Z,fanduel,FanDuel,player_points_rebounds,Under,Aliyah Boston,25.5,-130,2026-07-15T06:51:36Z,Indiana Fever,Golden State Valkyries
2026-07-15T06:51:37.933991+00:00,8eace0d4309db9d618e7ba857166324b,2026-07-16T00:10:00Z,fanduel,FanDuel,player_points_rebounds,Over,Veronica Burton,15.5,-104,2026-07-15T06:51:36Z,Indiana Fever,Golden State Valkyries
2026-07-15T06:51:37.933991+00:00,8eace0d4309db9d618e7ba857166324b,2026-07-16T00:10:00Z,fanduel,FanDuel,player_points_rebounds,Under,Veronica Burton,15.5,-128,2026-07-15T06:51:36Z,Indiana Fever,Golden State Valkyries
2026-07-15T06:51:37.933991+00:00,8eace0d4309db9d618e7ba857166324b,2026-07-16T00:10:00Z,fanduel,FanDuel,player_points_rebounds_assists,Over,Sophie Cunningham,11.5,-132,2026-07-15T06:51:36Z,Indiana Fever,Golden State Valkyries
2026-07-15T06:51:37.933991+00:00,8eace0d4309db9d618e7ba857166324b,2026-07-16T00:10:00Z,fanduel,FanDuel,player_points_rebounds_assists,Under,Sophie Cunningham,11.5,100,2026-07-15T06:51:36Z,Indiana Fever,Golden State Valkyries
2026-07-15T06:51:37.933991+00:00,8eace0d4309db9d618e7ba857166324b,2026-07-16T00:10:00Z,fanduel,FanDuel,player_points_rebounds_assists,Over,Janelle Salaun,18.5,-122,2026-07-15T06:51:36Z,Indiana Fever,Golden State Valkyries
2026-07-15T06:51:37.933991+00:00,8eace0d4309db9d618e7ba857166324b,2026-07-16T00:10:00Z,fanduel,FanDuel,player_points_rebounds_assists,Under,Janelle Salaun,18.5,-108,2026-07-15T06:51:36Z,Indiana Fever,Golden State Valkyries
2026-07-15T06:51:37.933991+00:00,8eace0d4309db9d618e7ba857166324b,2026-07-16T00:10:00Z,fanduel,FanDuel,player_points_rebounds_assists,Over,Veronica Burton,20.5,-118,2026-07-15T06:51:36Z,Indiana Fever,Golden State Valkyries
2026-07-15T06:51:37.933991+00:00,8eace0d4309db9d618e7ba857166324b,2026-07-16T00:10:00Z,fanduel,FanDuel,player_points_rebounds_assists,Under,Veronica Burton,20.5,-112,2026-07-15T06:51:36Z,Indiana Fever,Golden State Valkyries
2026-07-15T06:51:37.933991+00:00,8eace0d4309db9d618e7ba857166324b,2026-07-16T00:10:00Z,fanduel,FanDuel,player_points_rebounds_assists,Over,Gabby Williams,19.5,-102,2026-07-15T06:51:36Z,Indiana Fever,Golden State Valkyries
2026-07-15T06:51:37.933991+00:00,8eace0d4309db9d618e7ba857166324b,2026-07-16T00:10:00Z,fanduel,FanDuel,player_points_rebounds_assists,Under,Gabby Williams,19.5,-130,2026-07-15T06:51:36Z,Indiana Fever,Golden State Valkyries
2026-07-15T06:51:37.933991+00:00,8eace0d4309db9d618e7ba857166324b,2026-07-16T00:10:00Z,fanduel,FanDuel,player_points_rebounds_assists,Over,Aliyah Boston,28.5,-102,2026-07-15T06:51:36Z,Indiana Fever,Golden State Valkyries
2026-07-15T06:51:37.933991+00:00,8eace0d4309db9d618e7ba857166324b,2026-07-16T00:10:00Z,fanduel,FanDuel,player_points_rebounds_assists,Under,Aliyah Boston,28.5,-130,2026-07-15T06:51:36Z,Indiana Fever,Golden State Valkyries
2026-07-15T06:51:37.933991+00:00,8eace0d4309db9d618e7ba857166324b,2026-07-16T00:10:00Z,fanduel,FanDuel,player_points_rebounds_assists,Over,Caitlin Clark,26.5,-125,2026-07-15T06:51:36Z,Indiana Fever,Golden State Valkyries
2026-07-15T06:51:37.933991+00:00,8eace0d4309db9d618e7ba857166324b,2026-07-16T00:10:00Z,fanduel,FanDuel,player_points_rebounds_assists,Under,Caitlin Clark,26.5,-106,2026-07-15T06:51:36Z,Indiana Fever,Golden State Valkyries
2026-07-15T06:51:37.933991+00:00,8eace0d4309db9d618e7ba857166324b,2026-07-16T00:10:00Z,fanduel,FanDuel,player_points_rebounds_assists,Over,Kelsey Mitchell,25.5,-130,2026-07-15T06:51:36Z,Indiana Fever,Golden State Valkyries
2026-07-15T06:51:37.933991+00:00,8eace0d4309db9d618e7ba857166324b,2026-07-16T00:10:00Z,fanduel,FanDuel,player_points_rebounds_assists,Under,Kelsey Mitchell,25.5,-102,2026-07-15T06:51:36Z,Indiana Fever,Golden State Valkyries
2026-07-15T06:51:37.933991+00:00,8eace0d4309db9d618e7ba857166324b,2026-07-16T00:10:00Z,fanduel,FanDuel,player_rebounds,Over,Aliyah Boston,9.5,110,2026-07-15T06:51:36Z,Indiana Fever,Golden State Valkyries
2026-07-15T06:51:37.933991+00:00,8eace0d4309db9d618e7ba857166324b,2026-07-16T00:10:00Z,fanduel,FanDuel,player_rebounds,Under,Aliyah Boston,9.5,-146,2026-07-15T06:51:36Z,Indiana Fever,Golden State Valkyries
2026-07-15T06:51:37.933991+00:00,8eace0d4309db9d618e7ba857166324b,2026-07-16T00:10:00Z,fanduel,FanDuel,player_rebounds,Over,Kayla Thornton,4.5,-158,2026-07-15T06:51:36Z,Indiana Fever,Golden State Valkyries
2026-07-15T06:51:37.933991+00:00,8eace0d4309db9d618e7ba857166324b,2026-07-16T00:10:00Z,fanduel,FanDuel,player_rebounds,Under,Kayla Thornton,4.5,118,2026-07-15T06:51:36Z,Indiana Fever,Golden State Valkyries
2026-07-15T06:51:37.933991+00:00,8eace0d4309db9d618e7ba857166324b,2026-07-16T00:10:00Z,fanduel,FanDuel,player_rebounds,Over,Monique Billings,4.5,-132,2026-07-15T06:51:36Z,Indiana Fever,Golden State Valkyries
2026-07-15T06:51:37.933991+00:00,8eace0d4309db9d618e7ba857166324b,2026-07-16T00:10:00Z,fanduel,FanDuel,player_rebounds,Under,Monique Billings,4.5,100,2026-07-15T06:51:36Z,Indiana Fever,Golden State Valkyries
2026-07-15T06:51:37.933991+00:00,8eace0d4309db9d618e7ba857166324b,2026-07-16T00:10:00Z,fanduel,FanDuel,player_rebounds,Over,Kiah Stokes,4.5,-138,2026-07-15T06:51:36Z,Indiana Fever,Golden State Valkyries
2026-07-15T06:51:37.933991+00:00,8eace0d4309db9d618e7ba857166324b,2026-07-16T00:10:00Z,fanduel,FanDuel,player_rebounds,Under,Kiah Stokes,4.5,104,2026-07-15T06:51:36Z,Indiana Fever,Golden State Valkyries
2026-07-15T06:51:37.933991+00:00,8eace0d4309db9d618e7ba857166324b,2026-07-16T00:10:00Z,fanduel,FanDuel,player_rebounds,Over,Caitlin Clark,3.5,-144,2026-07-15T06:51:36Z,Indiana Fever,Golden State Valkyries
2026-07-15T06:51:37.933991+00:00,8eace0d4309db9d618e7ba857166324b,2026-07-16T00:10:00Z,fanduel,FanDuel,player_rebounds,Under,Caitlin Clark,3.5,108,2026-07-15T06:51:36Z,Indiana Fever,Golden State Valkyries
2026-07-15T06:51:37.933991+00:00,8eace0d4309db9d618e7ba857166324b,2026-07-16T00:10:00Z,fanduel,FanDuel,player_rebounds,Over,Veronica Burton,3.5,134,2026-07-15T06:51:36Z,Indiana Fever,Golden State Valkyries
2026-07-15T06:51:37.933991+00:00,8eace0d4309db9d618e7ba857166324b,2026-07-16T00:10:00Z,fanduel,FanDuel,player_rebounds,Under,Veronica Burton,3.5,-180,2026-07-15T06:51:36Z,Indiana Fever,Golden State Valkyries
2026-07-15T06:51:37.933991+00:00,8eace0d4309db9d618e7ba857166324b,2026-07-16T00:10:00Z,fanduel,FanDuel,player_rebounds,Over,Janelle Salaun,3.5,-120,2026-07-15T06:51:36Z,Indiana Fever,Golden State Valkyries
2026-07-15T06:51:37.933991+00:00,8eace0d4309db9d618e7ba857166324b,2026-07-16T00:10:00Z,fanduel,FanDuel,player_rebounds,Under,Janelle Salaun,3.5,-110,2026-07-15T06:51:36Z,Indiana Fever,Golden State Valkyries
2026-07-15T06:51:37.933991+00:00,8eace0d4309db9d618e7ba857166324b,2026-07-16T00:10:00Z,fanduel,FanDuel,player_rebounds,Over,Gabby Williams,3.5,134,2026-07-15T06:51:36Z,Indiana Fever,Golden State Valkyries
2026-07-15T06:51:37.933991+00:00,8eace0d4309db9d618e7ba857166324b,2026-07-16T00:10:00Z,fanduel,FanDuel,player_rebounds,Under,Gabby Williams,3.5,-180,2026-07-15T06:51:36Z,Indiana Fever,Golden State Valkyries
2026-07-15T06:51:37.933991+00:00,8eace0d4309db9d618e7ba857166324b,2026-07-16T00:10:00Z,fanduel,FanDuel,player_rebounds_assists,Over,Caitlin Clark,10.5,-125,2026-07-15T06:51:36Z,Indiana Fever,Golden State Valkyries
2026-07-15T06:51:37.933991+00:00,8eace0d4309db9d618e7ba857166324b,2026-07-16T00:10:00Z,fanduel,FanDuel,player_rebounds_assists,Under,Caitlin Clark,10.5,-106,2026-07-15T06:51:36Z,Indiana Fever,Golden State Valkyries
2026-07-15T06:51:37.933991+00:00,8eace0d4309db9d618e7ba857166324b,2026-07-16T00:10:00Z,fanduel,FanDuel,player_rebounds_assists,Over,Veronica Burton,8.5,-102,2026-07-15T06:51:36Z,Indiana Fever,Golden State Valkyries
2026-07-15T06:51:37.933991+00:00,8eace0d4309db9d618e7ba857166324b,2026-07-16T00:10:00Z,fanduel,FanDuel,player_rebounds_assists,Under,Veronica Burton,8.5,-130,2026-07-15T06:51:36Z,Indiana Fever,Golden State Valkyries
2026-07-15T06:51:37.933991+00:00,8eace0d4309db9d618e7ba857166324b,2026-07-16T00:10:00Z,fanduel,FanDuel,player_rebounds_assists,Over,Aliyah Boston,11.5,-132,2026-07-15T06:51:36Z,Indiana Fever,Golden State Valkyries
2026-07-15T06:51:37.933991+00:00,8eace0d4309db9d618e7ba857166324b,2026-07-16T00:10:00Z,fanduel,FanDuel,player_rebounds_assists,Under,Aliyah Boston,11.5,100,2026-07-15T06:51:36Z,Indiana Fever,Golden State Valkyries
2026-07-15T06:51:37.933991+00:00,8eace0d4309db9d618e7ba857166324b,2026-07-16T00:10:00Z,fanduel,FanDuel,player_rebounds_assists,Over,Gabby Williams,5.5,104,2026-07-15T06:51:36Z,Indiana Fever,Golden State Valkyries
2026-07-15T06:51:37.933991+00:00,8eace0d4309db9d618e7ba857166324b,2026-07-16T00:10:00Z,fanduel,FanDuel,player_rebounds_assists,Under,Gabby Williams,5.5,-138,2026-07-15T06:51:36Z,Indiana Fever,Golden State Valkyries
2026-07-15T06:51:37.933991+00:00,8eace0d4309db9d618e7ba857166324b,2026-07-16T00:10:00Z,fanduel,FanDuel,player_threes,Over,Aliyah Boston,1.5,194,2026-07-15T06:51:36Z,Indiana Fever,Golden State Valkyries
2026-07-15T06:51:37.933991+00:00,8eace0d4309db9d618e7ba857166324b,2026-07-16T00:10:00Z,fanduel,FanDuel,player_threes,Under,Aliyah Boston,1.5,-270,2026-07-15T06:51:36Z,Indiana Fever,Golden State Valkyries
2026-07-15T06:51:37.933991+00:00,8eace0d4309db9d618e7ba857166324b,2026-07-16T00:10:00Z,fanduel,FanDuel,player_threes,Over,Gabby Williams,1.5,102,2026-07-15T06:51:36Z,Indiana Fever,Golden State Valkyries
2026-07-15T06:51:37.933991+00:00,8eace0d4309db9d618e7ba857166324b,2026-07-16T00:10:00Z,fanduel,FanDuel,player_threes,Under,Gabby Williams,1.5,-136,2026-07-15T06:51:36Z,Indiana Fever,Golden State Valkyries
2026-07-15T06:51:37.933991+00:00,8eace0d4309db9d618e7ba857166324b,2026-07-16T00:10:00Z,fanduel,FanDuel,player_threes,Over,Caitlin Clark,1.5,-180,2026-07-15T06:51:36Z,Indiana Fever,Golden State Valkyries
2026-07-15T06:51:37.933991+00:00,8eace0d4309db9d618e7ba857166324b,2026-07-16T00:10:00Z,fanduel,FanDuel,player_threes,Under,Caitlin Clark,1.5,134,2026-07-15T06:51:36Z,Indiana Fever,Golden State Valkyries
2026-07-15T06:51:37.933991+00:00,8eace0d4309db9d618e7ba857166324b,2026-07-16T00:10:00Z,fanduel,FanDuel,player_threes,Over,Kelsey Mitchell,2.5,-114,2026-07-15T06:51:36Z,Indiana Fever,Golden State Valkyries
2026-07-15T06:51:37.933991+00:00,8eace0d4309db9d618e7ba857166324b,2026-07-16T00:10:00Z,fanduel,FanDuel,player_threes,Under,Kelsey Mitchell,2.5,-118,2026-07-15T06:51:36Z,Indiana Fever,Golden State Valkyries
2026-07-15T06:51:37.933991+00:00,8eace0d4309db9d618e7ba857166324b,2026-07-16T00:10:00Z,fanduel,FanDuel,player_threes,Over,Veronica Burton,1.5,178,2026-07-15T06:51:36Z,Indiana Fever,Golden State Valkyries
2026-07-15T06:51:37.933991+00:00,8eace0d4309db9d618e7ba857166324b,2026-07-16T00:10:00Z,fanduel,FanDuel,player_threes,Under,Veronica Burton,1.5,-245,2026-07-15T06:51:36Z,Indiana Fever,Golden State Valkyries
2026-07-15T06:51:37.933991+00:00,8eace0d4309db9d618e7ba857166324b,2026-07-16T00:10:00Z,fanduel,FanDuel,player_threes,Over,Janelle Salaun,2.5,124,2026-07-15T06:51:36Z,Indiana Fever,Golden State Valkyries
2026-07-15T06:51:37.933991+00:00,8eace0d4309db9d618e7ba857166324b,2026-07-16T00:10:00Z,fanduel,FanDuel,player_threes,Under,Janelle Salaun,2.5,-166,2026-07-15T06:51:36Z,Indiana Fever,Golden State Valkyries
2026-07-15T06:51:37.933991+00:00,8eace0d4309db9d618e7ba857166324b,2026-07-16T00:10:00Z,fanduel,FanDuel,player_threes,Over,Kayla Thornton,1.5,194,2026-07-15T06:51:36Z,Indiana Fever,Golden State Valkyries
2026-07-15T06:51:37.933991+00:00,8eace0d4309db9d618e7ba857166324b,2026-07-16T00:10:00Z,fanduel,FanDuel,player_threes,Under,Kayla Thornton,1.5,-270,2026-07-15T06:51:36Z,Indiana Fever,Golden State Valkyries
2026-07-15T06:51:37.933991+00:00,8eace0d4309db9d618e7ba857166324b,2026-07-16T00:10:00Z,fanduel,FanDuel,player_triple_double,Yes,Caitlin Clark,,4000,2026-07-15T06:51:36Z,Indiana Fever,Golden State Valkyries
