snapshot_ts,event_id,commence_time,bookmaker,bookmaker_title,market,outcome_name,player_name,point,price,last_update,home_team,away_team
2026-07-04T05:17:50.576617+00:00,c7e2d1320d0907e35977d472bd02d7d6,2026-07-04T17:00:00Z,fanduel,FanDuel,player_assists,Over,Allisha Gray,2.5,110,2026-07-04T05:16:54Z,Atlanta Dream,Golden State Valkyries
2026-07-04T05:17:50.576617+00:00,c7e2d1320d0907e35977d472bd02d7d6,2026-07-04T17:00:00Z,fanduel,FanDuel,player_assists,Under,Allisha Gray,2.5,-146,2026-07-04T05:16:54Z,Atlanta Dream,Golden State Valkyries
2026-07-04T05:17:50.576617+00:00,c7e2d1320d0907e35977d472bd02d7d6,2026-07-04T17:00:00Z,fanduel,FanDuel,player_assists,Over,Veronica Burton,5.5,-130,2026-07-04T05:16:54Z,Atlanta Dream,Golden State Valkyries
2026-07-04T05:17:50.576617+00:00,c7e2d1320d0907e35977d472bd02d7d6,2026-07-04T17:00:00Z,fanduel,FanDuel,player_assists,Under,Veronica Burton,5.5,-102,2026-07-04T05:16:54Z,Atlanta Dream,Golden State Valkyries
2026-07-04T05:17:50.576617+00:00,c7e2d1320d0907e35977d472bd02d7d6,2026-07-04T17:00:00Z,fanduel,FanDuel,player_assists,Over,Rhyne Howard,3.5,112,2026-07-04T05:16:54Z,Atlanta Dream,Golden State Valkyries
2026-07-04T05:17:50.576617+00:00,c7e2d1320d0907e35977d472bd02d7d6,2026-07-04T17:00:00Z,fanduel,FanDuel,player_assists,Under,Rhyne Howard,3.5,-148,2026-07-04T05:16:54Z,Atlanta Dream,Golden State Valkyries
2026-07-04T05:17:50.576617+00:00,c7e2d1320d0907e35977d472bd02d7d6,2026-07-04T17:00:00Z,fanduel,FanDuel,player_assists,Over,Jordin Canada,5.5,-140,2026-07-04T05:16:54Z,Atlanta Dream,Golden State Valkyries
2026-07-04T05:17:50.576617+00:00,c7e2d1320d0907e35977d472bd02d7d6,2026-07-04T17:00:00Z,fanduel,FanDuel,player_assists,Under,Jordin Canada,5.5,106,2026-07-04T05:16:54Z,Atlanta Dream,Golden State Valkyries
2026-07-04T05:17:50.576617+00:00,c7e2d1320d0907e35977d472bd02d7d6,2026-07-04T17:00:00Z,fanduel,FanDuel,player_assists,Over,Gabby Williams,2.5,-122,2026-07-04T05:16:54Z,Atlanta Dream,Golden State Valkyries
2026-07-04T05:17:50.576617+00:00,c7e2d1320d0907e35977d472bd02d7d6,2026-07-04T17:00:00Z,fanduel,FanDuel,player_assists,Under,Gabby Williams,2.5,-108,2026-07-04T05:16:54Z,Atlanta Dream,Golden State Valkyries
2026-07-04T05:17:50.576617+00:00,c7e2d1320d0907e35977d472bd02d7d6,2026-07-04T17:00:00Z,fanduel,FanDuel,player_assists,Over,Angel Reese,2.5,-108,2026-07-04T05:16:54Z,Atlanta Dream,Golden State Valkyries
2026-07-04T05:17:50.576617+00:00,c7e2d1320d0907e35977d472bd02d7d6,2026-07-04T17:00:00Z,fanduel,FanDuel,player_assists,Under,Angel Reese,2.5,-122,2026-07-04T05:16:54Z,Atlanta Dream,Golden State Valkyries
2026-07-04T05:17:50.576617+00:00,c7e2d1320d0907e35977d472bd02d7d6,2026-07-04T17:00:00Z,fanduel,FanDuel,player_double_double,Yes,Angel Reese,,-210,2026-07-04T05:16:54Z,Atlanta Dream,Golden State Valkyries
2026-07-04T05:17:50.576617+00:00,c7e2d1320d0907e35977d472bd02d7d6,2026-07-04T17:00:00Z,fanduel,FanDuel,player_double_double,Yes,Veronica Burton,,1200,2026-07-04T05:16:54Z,Atlanta Dream,Golden State Valkyries
2026-07-04T05:17:50.576617+00:00,c7e2d1320d0907e35977d472bd02d7d6,2026-07-04T17:00:00Z,fanduel,FanDuel,player_double_double,Yes,Jordin Canada,,1300,2026-07-04T05:16:54Z,Atlanta Dream,Golden State Valkyries
2026-07-04T05:17:50.576617+00:00,c7e2d1320d0907e35977d472bd02d7d6,2026-07-04T17:00:00Z,fanduel,FanDuel,player_double_double,Yes,Kayla Thornton,,2000,2026-07-04T05:16:54Z,Atlanta Dream,Golden State Valkyries
2026-07-04T05:17:50.576617+00:00,c7e2d1320d0907e35977d472bd02d7d6,2026-07-04T17:00:00Z,fanduel,FanDuel,player_points,Over,Allisha Gray,17.5,-122,2026-07-04T05:16:54Z,Atlanta Dream,Golden State Valkyries
2026-07-04T05:17:50.576617+00:00,c7e2d1320d0907e35977d472bd02d7d6,2026-07-04T17:00:00Z,fanduel,FanDuel,player_points,Under,Allisha Gray,17.5,-106,2026-07-04T05:16:54Z,Atlanta Dream,Golden State Valkyries
2026-07-04T05:17:50.576617+00:00,c7e2d1320d0907e35977d472bd02d7d6,2026-07-04T17:00:00Z,fanduel,FanDuel,player_points,Over,Veronica Burton,11.5,-130,2026-07-04T05:16:54Z,Atlanta Dream,Golden State Valkyries
2026-07-04T05:17:50.576617+00:00,c7e2d1320d0907e35977d472bd02d7d6,2026-07-04T17:00:00Z,fanduel,FanDuel,player_points,Under,Veronica Burton,11.5,100,2026-07-04T05:16:54Z,Atlanta Dream,Golden State Valkyries
2026-07-04T05:17:50.576617+00:00,c7e2d1320d0907e35977d472bd02d7d6,2026-07-04T17:00:00Z,fanduel,FanDuel,player_points,Over,Rhyne Howard,17.5,-114,2026-07-04T05:16:54Z,Atlanta Dream,Golden State Valkyries
2026-07-04T05:17:50.576617+00:00,c7e2d1320d0907e35977d472bd02d7d6,2026-07-04T17:00:00Z,fanduel,FanDuel,player_points,Under,Rhyne Howard,17.5,-114,2026-07-04T05:16:54Z,Atlanta Dream,Golden State Valkyries
2026-07-04T05:17:50.576617+00:00,c7e2d1320d0907e35977d472bd02d7d6,2026-07-04T17:00:00Z,fanduel,FanDuel,player_points,Over,Jordin Canada,10.5,-128,2026-07-04T05:16:54Z,Atlanta Dream,Golden State Valkyries
2026-07-04T05:17:50.576617+00:00,c7e2d1320d0907e35977d472bd02d7d6,2026-07-04T17:00:00Z,fanduel,FanDuel,player_points,Under,Jordin Canada,10.5,-102,2026-07-04T05:16:54Z,Atlanta Dream,Golden State Valkyries
2026-07-04T05:17:50.576617+00:00,c7e2d1320d0907e35977d472bd02d7d6,2026-07-04T17:00:00Z,fanduel,FanDuel,player_points,Over,Gabby Williams,15.5,-125,2026-07-04T05:16:54Z,Atlanta Dream,Golden State Valkyries
2026-07-04T05:17:50.576617+00:00,c7e2d1320d0907e35977d472bd02d7d6,2026-07-04T17:00:00Z,fanduel,FanDuel,player_points,Under,Gabby Williams,15.5,-104,2026-07-04T05:16:54Z,Atlanta Dream,Golden State Valkyries
2026-07-04T05:17:50.576617+00:00,c7e2d1320d0907e35977d472bd02d7d6,2026-07-04T17:00:00Z,fanduel,FanDuel,player_points,Over,Cecilia Zandalasini,8.5,-125,2026-07-04T05:16:54Z,Atlanta Dream,Golden State Valkyries
2026-07-04T05:17:50.576617+00:00,c7e2d1320d0907e35977d472bd02d7d6,2026-07-04T17:00:00Z,fanduel,FanDuel,player_points,Under,Cecilia Zandalasini,8.5,-102,2026-07-04T05:16:54Z,Atlanta Dream,Golden State Valkyries
2026-07-04T05:17:50.576617+00:00,c7e2d1320d0907e35977d472bd02d7d6,2026-07-04T17:00:00Z,fanduel,FanDuel,player_points,Over,Kayla Thornton,8.5,-118,2026-07-04T05:16:54Z,Atlanta Dream,Golden State Valkyries
2026-07-04T05:17:50.576617+00:00,c7e2d1320d0907e35977d472bd02d7d6,2026-07-04T17:00:00Z,fanduel,FanDuel,player_points,Under,Kayla Thornton,8.5,-110,2026-07-04T05:16:54Z,Atlanta Dream,Golden State Valkyries
2026-07-04T05:17:50.576617+00:00,c7e2d1320d0907e35977d472bd02d7d6,2026-07-04T17:00:00Z,fanduel,FanDuel,player_points,Over,Janelle Salaun,9.5,-110,2026-07-04T05:16:54Z,Atlanta Dream,Golden State Valkyries
2026-07-04T05:17:50.576617+00:00,c7e2d1320d0907e35977d472bd02d7d6,2026-07-04T17:00:00Z,fanduel,FanDuel,player_points,Under,Janelle Salaun,9.5,-118,2026-07-04T05:16:54Z,Atlanta Dream,Golden State Valkyries
2026-07-04T05:17:50.576617+00:00,c7e2d1320d0907e35977d472bd02d7d6,2026-07-04T17:00:00Z,fanduel,FanDuel,player_points,Over,Angel Reese,13.5,-128,2026-07-04T05:16:54Z,Atlanta Dream,Golden State Valkyries
2026-07-04T05:17:50.576617+00:00,c7e2d1320d0907e35977d472bd02d7d6,2026-07-04T17:00:00Z,fanduel,FanDuel,player_points,Under,Angel Reese,13.5,-102,2026-07-04T05:16:54Z,Atlanta Dream,Golden State Valkyries
2026-07-04T05:17:50.576617+00:00,c7e2d1320d0907e35977d472bd02d7d6,2026-07-04T17:00:00Z,fanduel,FanDuel,player_points_assists,Over,Allisha Gray,20.5,-110,2026-07-04T05:16:54Z,Atlanta Dream,Golden State Valkyries
2026-07-04T05:17:50.576617+00:00,c7e2d1320d0907e35977d472bd02d7d6,2026-07-04T17:00:00Z,fanduel,FanDuel,player_points_assists,Under,Allisha Gray,20.5,-120,2026-07-04T05:16:54Z,Atlanta Dream,Golden State Valkyries
2026-07-04T05:17:50.576617+00:00,c7e2d1320d0907e35977d472bd02d7d6,2026-07-04T17:00:00Z,fanduel,FanDuel,player_points_assists,Over,Angel Reese,16.5,-118,2026-07-04T05:16:54Z,Atlanta Dream,Golden State Valkyries
2026-07-04T05:17:50.576617+00:00,c7e2d1320d0907e35977d472bd02d7d6,2026-07-04T17:00:00Z,fanduel,FanDuel,player_points_assists,Under,Angel Reese,16.5,-112,2026-07-04T05:16:54Z,Atlanta Dream,Golden State Valkyries
2026-07-04T05:17:50.576617+00:00,c7e2d1320d0907e35977d472bd02d7d6,2026-07-04T17:00:00Z,fanduel,FanDuel,player_points_assists,Over,Veronica Burton,17.5,-128,2026-07-04T05:16:54Z,Atlanta Dream,Golden State Valkyries
2026-07-04T05:17:50.576617+00:00,c7e2d1320d0907e35977d472bd02d7d6,2026-07-04T17:00:00Z,fanduel,FanDuel,player_points_assists,Under,Veronica Burton,17.5,-104,2026-07-04T05:16:54Z,Atlanta Dream,Golden State Valkyries
2026-07-04T05:17:50.576617+00:00,c7e2d1320d0907e35977d472bd02d7d6,2026-07-04T17:00:00Z,fanduel,FanDuel,player_points_assists,Over,Rhyne Howard,20.5,-130,2026-07-04T05:16:54Z,Atlanta Dream,Golden State Valkyries
2026-07-04T05:17:50.576617+00:00,c7e2d1320d0907e35977d472bd02d7d6,2026-07-04T17:00:00Z,fanduel,FanDuel,player_points_assists,Under,Rhyne Howard,20.5,-102,2026-07-04T05:16:54Z,Atlanta Dream,Golden State Valkyries
2026-07-04T05:17:50.576617+00:00,c7e2d1320d0907e35977d472bd02d7d6,2026-07-04T17:00:00Z,fanduel,FanDuel,player_points_assists,Over,Jordin Canada,16.5,-130,2026-07-04T05:16:54Z,Atlanta Dream,Golden State Valkyries
2026-07-04T05:17:50.576617+00:00,c7e2d1320d0907e35977d472bd02d7d6,2026-07-04T17:00:00Z,fanduel,FanDuel,player_points_assists,Under,Jordin Canada,16.5,-102,2026-07-04T05:16:54Z,Atlanta Dream,Golden State Valkyries
2026-07-04T05:17:50.576617+00:00,c7e2d1320d0907e35977d472bd02d7d6,2026-07-04T17:00:00Z,fanduel,FanDuel,player_points_assists,Over,Gabby Williams,18.5,-114,2026-07-04T05:16:54Z,Atlanta Dream,Golden State Valkyries
2026-07-04T05:17:50.576617+00:00,c7e2d1320d0907e35977d472bd02d7d6,2026-07-04T17:00:00Z,fanduel,FanDuel,player_points_assists,Under,Gabby Williams,18.5,-114,2026-07-04T05:16:54Z,Atlanta Dream,Golden State Valkyries
2026-07-04T05:17:50.576617+00:00,c7e2d1320d0907e35977d472bd02d7d6,2026-07-04T17:00:00Z,fanduel,FanDuel,player_points_rebounds,Over,Allisha Gray,21.5,-106,2026-07-04T05:16:54Z,Atlanta Dream,Golden State Valkyries
2026-07-04T05:17:50.576617+00:00,c7e2d1320d0907e35977d472bd02d7d6,2026-07-04T17:00:00Z,fanduel,FanDuel,player_points_rebounds,Under,Allisha Gray,21.5,-125,2026-07-04T05:16:54Z,Atlanta Dream,Golden State Valkyries
2026-07-04T05:17:50.576617+00:00,c7e2d1320d0907e35977d472bd02d7d6,2026-07-04T17:00:00Z,fanduel,FanDuel,player_points_rebounds,Over,Veronica Burton,15.5,-108,2026-07-04T05:16:54Z,Atlanta Dream,Golden State Valkyries
2026-07-04T05:17:50.576617+00:00,c7e2d1320d0907e35977d472bd02d7d6,2026-07-04T17:00:00Z,fanduel,FanDuel,player_points_rebounds,Under,Veronica Burton,15.5,-122,2026-07-04T05:16:54Z,Atlanta Dream,Golden State Valkyries
2026-07-04T05:17:50.576617+00:00,c7e2d1320d0907e35977d472bd02d7d6,2026-07-04T17:00:00Z,fanduel,FanDuel,player_points_rebounds,Over,Rhyne Howard,21.5,-114,2026-07-04T05:16:54Z,Atlanta Dream,Golden State Valkyries
2026-07-04T05:17:50.576617+00:00,c7e2d1320d0907e35977d472bd02d7d6,2026-07-04T17:00:00Z,fanduel,FanDuel,player_points_rebounds,Under,Rhyne Howard,21.5,-114,2026-07-04T05:16:54Z,Atlanta Dream,Golden State Valkyries
2026-07-04T05:17:50.576617+00:00,c7e2d1320d0907e35977d472bd02d7d6,2026-07-04T17:00:00Z,fanduel,FanDuel,player_points_rebounds,Over,Jordin Canada,14.5,-104,2026-07-04T05:16:54Z,Atlanta Dream,Golden State Valkyries
2026-07-04T05:17:50.576617+00:00,c7e2d1320d0907e35977d472bd02d7d6,2026-07-04T17:00:00Z,fanduel,FanDuel,player_points_rebounds,Under,Jordin Canada,14.5,-128,2026-07-04T05:16:54Z,Atlanta Dream,Golden State Valkyries
2026-07-04T05:17:50.576617+00:00,c7e2d1320d0907e35977d472bd02d7d6,2026-07-04T17:00:00Z,fanduel,FanDuel,player_points_rebounds,Over,Gabby Williams,19.5,-122,2026-07-04T05:16:54Z,Atlanta Dream,Golden State Valkyries
2026-07-04T05:17:50.576617+00:00,c7e2d1320d0907e35977d472bd02d7d6,2026-07-04T17:00:00Z,fanduel,FanDuel,player_points_rebounds,Under,Gabby Williams,19.5,-108,2026-07-04T05:16:54Z,Atlanta Dream,Golden State Valkyries
2026-07-04T05:17:50.576617+00:00,c7e2d1320d0907e35977d472bd02d7d6,2026-07-04T17:00:00Z,fanduel,FanDuel,player_points_rebounds,Over,Kayla Thornton,13.5,-130,2026-07-04T05:16:54Z,Atlanta Dream,Golden State Valkyries
2026-07-04T05:17:50.576617+00:00,c7e2d1320d0907e35977d472bd02d7d6,2026-07-04T17:00:00Z,fanduel,FanDuel,player_points_rebounds,Under,Kayla Thornton,13.5,-102,2026-07-04T05:16:54Z,Atlanta Dream,Golden State Valkyries
2026-07-04T05:17:50.576617+00:00,c7e2d1320d0907e35977d472bd02d7d6,2026-07-04T17:00:00Z,fanduel,FanDuel,player_points_rebounds,Over,Janelle Salaun,12.5,-130,2026-07-04T05:16:54Z,Atlanta Dream,Golden State Valkyries
2026-07-04T05:17:50.576617+00:00,c7e2d1320d0907e35977d472bd02d7d6,2026-07-04T17:00:00Z,fanduel,FanDuel,player_points_rebounds,Under,Janelle Salaun,12.5,-102,2026-07-04T05:16:54Z,Atlanta Dream,Golden State Valkyries
2026-07-04T05:17:50.576617+00:00,c7e2d1320d0907e35977d472bd02d7d6,2026-07-04T17:00:00Z,fanduel,FanDuel,player_points_rebounds,Over,Angel Reese,25.5,-128,2026-07-04T05:16:54Z,Atlanta Dream,Golden State Valkyries
2026-07-04T05:17:50.576617+00:00,c7e2d1320d0907e35977d472bd02d7d6,2026-07-04T17:00:00Z,fanduel,FanDuel,player_points_rebounds,Under,Angel Reese,25.5,-104,2026-07-04T05:16:54Z,Atlanta Dream,Golden State Valkyries
2026-07-04T05:17:50.576617+00:00,c7e2d1320d0907e35977d472bd02d7d6,2026-07-04T17:00:00Z,fanduel,FanDuel,player_points_rebounds_assists,Over,Angel Reese,28.5,-118,2026-07-04T05:16:54Z,Atlanta Dream,Golden State Valkyries
2026-07-04T05:17:50.576617+00:00,c7e2d1320d0907e35977d472bd02d7d6,2026-07-04T17:00:00Z,fanduel,FanDuel,player_points_rebounds_assists,Under,Angel Reese,28.5,-112,2026-07-04T05:16:54Z,Atlanta Dream,Golden State Valkyries
2026-07-04T05:17:50.576617+00:00,c7e2d1320d0907e35977d472bd02d7d6,2026-07-04T17:00:00Z,fanduel,FanDuel,player_points_rebounds_assists,Over,Veronica Burton,21.5,-104,2026-07-04T05:16:54Z,Atlanta Dream,Golden State Valkyries
2026-07-04T05:17:50.576617+00:00,c7e2d1320d0907e35977d472bd02d7d6,2026-07-04T17:00:00Z,fanduel,FanDuel,player_points_rebounds_assists,Under,Veronica Burton,21.5,-128,2026-07-04T05:16:54Z,Atlanta Dream,Golden State Valkyries
2026-07-04T05:17:50.576617+00:00,c7e2d1320d0907e35977d472bd02d7d6,2026-07-04T17:00:00Z,fanduel,FanDuel,player_points_rebounds_assists,Over,Allisha Gray,23.5,-120,2026-07-04T05:16:54Z,Atlanta Dream,Golden State Valkyries
2026-07-04T05:17:50.576617+00:00,c7e2d1320d0907e35977d472bd02d7d6,2026-07-04T17:00:00Z,fanduel,FanDuel,player_points_rebounds_assists,Under,Allisha Gray,23.5,-110,2026-07-04T05:16:54Z,Atlanta Dream,Golden State Valkyries
2026-07-04T05:17:50.576617+00:00,c7e2d1320d0907e35977d472bd02d7d6,2026-07-04T17:00:00Z,fanduel,FanDuel,player_points_rebounds_assists,Over,Rhyne Howard,24.5,-130,2026-07-04T05:16:54Z,Atlanta Dream,Golden State Valkyries
2026-07-04T05:17:50.576617+00:00,c7e2d1320d0907e35977d472bd02d7d6,2026-07-04T17:00:00Z,fanduel,FanDuel,player_points_rebounds_assists,Under,Rhyne Howard,24.5,-102,2026-07-04T05:16:54Z,Atlanta Dream,Golden State Valkyries
2026-07-04T05:17:50.576617+00:00,c7e2d1320d0907e35977d472bd02d7d6,2026-07-04T17:00:00Z,fanduel,FanDuel,player_points_rebounds_assists,Over,Jordin Canada,20.5,-108,2026-07-04T05:16:54Z,Atlanta Dream,Golden State Valkyries
2026-07-04T05:17:50.576617+00:00,c7e2d1320d0907e35977d472bd02d7d6,2026-07-04T17:00:00Z,fanduel,FanDuel,player_points_rebounds_assists,Under,Jordin Canada,20.5,-122,2026-07-04T05:16:54Z,Atlanta Dream,Golden State Valkyries
2026-07-04T05:17:50.576617+00:00,c7e2d1320d0907e35977d472bd02d7d6,2026-07-04T17:00:00Z,fanduel,FanDuel,player_points_rebounds_assists,Over,Gabby Williams,22.5,-114,2026-07-04T05:16:54Z,Atlanta Dream,Golden State Valkyries
2026-07-04T05:17:50.576617+00:00,c7e2d1320d0907e35977d472bd02d7d6,2026-07-04T17:00:00Z,fanduel,FanDuel,player_points_rebounds_assists,Under,Gabby Williams,22.5,-114,2026-07-04T05:16:54Z,Atlanta Dream,Golden State Valkyries
2026-07-04T05:17:50.576617+00:00,c7e2d1320d0907e35977d472bd02d7d6,2026-07-04T17:00:00Z,fanduel,FanDuel,player_rebounds,Over,Allisha Gray,3.5,122,2026-07-04T05:16:54Z,Atlanta Dream,Golden State Valkyries
2026-07-04T05:17:50.576617+00:00,c7e2d1320d0907e35977d472bd02d7d6,2026-07-04T17:00:00Z,fanduel,FanDuel,player_rebounds,Under,Allisha Gray,3.5,-162,2026-07-04T05:16:54Z,Atlanta Dream,Golden State Valkyries
2026-07-04T05:17:50.576617+00:00,c7e2d1320d0907e35977d472bd02d7d6,2026-07-04T17:00:00Z,fanduel,FanDuel,player_rebounds,Over,Veronica Burton,3.5,122,2026-07-04T05:16:54Z,Atlanta Dream,Golden State Valkyries
2026-07-04T05:17:50.576617+00:00,c7e2d1320d0907e35977d472bd02d7d6,2026-07-04T17:00:00Z,fanduel,FanDuel,player_rebounds,Under,Veronica Burton,3.5,-162,2026-07-04T05:16:54Z,Atlanta Dream,Golden State Valkyries
2026-07-04T05:17:50.576617+00:00,c7e2d1320d0907e35977d472bd02d7d6,2026-07-04T17:00:00Z,fanduel,FanDuel,player_rebounds,Over,Rhyne Howard,3.5,-152,2026-07-04T05:16:54Z,Atlanta Dream,Golden State Valkyries
2026-07-04T05:17:50.576617+00:00,c7e2d1320d0907e35977d472bd02d7d6,2026-07-04T17:00:00Z,fanduel,FanDuel,player_rebounds,Under,Rhyne Howard,3.5,114,2026-07-04T05:16:54Z,Atlanta Dream,Golden State Valkyries
2026-07-04T05:17:50.576617+00:00,c7e2d1320d0907e35977d472bd02d7d6,2026-07-04T17:00:00Z,fanduel,FanDuel,player_rebounds,Over,Jordin Canada,3.5,116,2026-07-04T05:16:54Z,Atlanta Dream,Golden State Valkyries
2026-07-04T05:17:50.576617+00:00,c7e2d1320d0907e35977d472bd02d7d6,2026-07-04T17:00:00Z,fanduel,FanDuel,player_rebounds,Under,Jordin Canada,3.5,-154,2026-07-04T05:16:54Z,Atlanta Dream,Golden State Valkyries
2026-07-04T05:17:50.576617+00:00,c7e2d1320d0907e35977d472bd02d7d6,2026-07-04T17:00:00Z,fanduel,FanDuel,player_rebounds,Over,Gabby Williams,3.5,-144,2026-07-04T05:16:54Z,Atlanta Dream,Golden State Valkyries
2026-07-04T05:17:50.576617+00:00,c7e2d1320d0907e35977d472bd02d7d6,2026-07-04T17:00:00Z,fanduel,FanDuel,player_rebounds,Under,Gabby Williams,3.5,108,2026-07-04T05:16:54Z,Atlanta Dream,Golden State Valkyries
2026-07-04T05:17:50.576617+00:00,c7e2d1320d0907e35977d472bd02d7d6,2026-07-04T17:00:00Z,fanduel,FanDuel,player_rebounds,Over,Angel Reese,11.5,-136,2026-07-04T05:16:54Z,Atlanta Dream,Golden State Valkyries
2026-07-04T05:17:50.576617+00:00,c7e2d1320d0907e35977d472bd02d7d6,2026-07-04T17:00:00Z,fanduel,FanDuel,player_rebounds,Under,Angel Reese,11.5,102,2026-07-04T05:16:54Z,Atlanta Dream,Golden State Valkyries
2026-07-04T05:17:50.576617+00:00,c7e2d1320d0907e35977d472bd02d7d6,2026-07-04T17:00:00Z,fanduel,FanDuel,player_rebounds,Over,Kayla Thornton,5.5,128,2026-07-04T05:16:54Z,Atlanta Dream,Golden State Valkyries
2026-07-04T05:17:50.576617+00:00,c7e2d1320d0907e35977d472bd02d7d6,2026-07-04T17:00:00Z,fanduel,FanDuel,player_rebounds,Under,Kayla Thornton,5.5,-172,2026-07-04T05:16:54Z,Atlanta Dream,Golden State Valkyries
2026-07-04T05:17:50.576617+00:00,c7e2d1320d0907e35977d472bd02d7d6,2026-07-04T17:00:00Z,fanduel,FanDuel,player_rebounds,Over,Janelle Salaun,3.5,104,2026-07-04T05:16:54Z,Atlanta Dream,Golden State Valkyries
2026-07-04T05:17:50.576617+00:00,c7e2d1320d0907e35977d472bd02d7d6,2026-07-04T17:00:00Z,fanduel,FanDuel,player_rebounds,Under,Janelle Salaun,3.5,-138,2026-07-04T05:16:54Z,Atlanta Dream,Golden State Valkyries
2026-07-04T05:17:50.576617+00:00,c7e2d1320d0907e35977d472bd02d7d6,2026-07-04T17:00:00Z,fanduel,FanDuel,player_rebounds_assists,Over,Allisha Gray,5.5,-125,2026-07-04T05:16:54Z,Atlanta Dream,Golden State Valkyries
2026-07-04T05:17:50.576617+00:00,c7e2d1320d0907e35977d472bd02d7d6,2026-07-04T17:00:00Z,fanduel,FanDuel,player_rebounds_assists,Under,Allisha Gray,5.5,-106,2026-07-04T05:16:54Z,Atlanta Dream,Golden State Valkyries
2026-07-04T05:17:50.576617+00:00,c7e2d1320d0907e35977d472bd02d7d6,2026-07-04T17:00:00Z,fanduel,FanDuel,player_rebounds_assists,Over,Veronica Burton,8.5,-148,2026-07-04T05:16:54Z,Atlanta Dream,Golden State Valkyries
2026-07-04T05:17:50.576617+00:00,c7e2d1320d0907e35977d472bd02d7d6,2026-07-04T17:00:00Z,fanduel,FanDuel,player_rebounds_assists,Under,Veronica Burton,8.5,112,2026-07-04T05:16:54Z,Atlanta Dream,Golden State Valkyries
2026-07-04T05:17:50.576617+00:00,c7e2d1320d0907e35977d472bd02d7d6,2026-07-04T17:00:00Z,fanduel,FanDuel,player_rebounds_assists,Over,Rhyne Howard,7.5,106,2026-07-04T05:16:54Z,Atlanta Dream,Golden State Valkyries
2026-07-04T05:17:50.576617+00:00,c7e2d1320d0907e35977d472bd02d7d6,2026-07-04T17:00:00Z,fanduel,FanDuel,player_rebounds_assists,Under,Rhyne Howard,7.5,-140,2026-07-04T05:16:54Z,Atlanta Dream,Golden State Valkyries
2026-07-04T05:17:50.576617+00:00,c7e2d1320d0907e35977d472bd02d7d6,2026-07-04T17:00:00Z,fanduel,FanDuel,player_rebounds_assists,Over,Jordin Canada,9.5,104,2026-07-04T05:16:54Z,Atlanta Dream,Golden State Valkyries
2026-07-04T05:17:50.576617+00:00,c7e2d1320d0907e35977d472bd02d7d6,2026-07-04T17:00:00Z,fanduel,FanDuel,player_rebounds_assists,Under,Jordin Canada,9.5,-138,2026-07-04T05:16:54Z,Atlanta Dream,Golden State Valkyries
2026-07-04T05:17:50.576617+00:00,c7e2d1320d0907e35977d472bd02d7d6,2026-07-04T17:00:00Z,fanduel,FanDuel,player_rebounds_assists,Over,Gabby Williams,6.5,-112,2026-07-04T05:16:54Z,Atlanta Dream,Golden State Valkyries
2026-07-04T05:17:50.576617+00:00,c7e2d1320d0907e35977d472bd02d7d6,2026-07-04T17:00:00Z,fanduel,FanDuel,player_rebounds_assists,Under,Gabby Williams,6.5,-118,2026-07-04T05:16:54Z,Atlanta Dream,Golden State Valkyries
2026-07-04T05:17:50.576617+00:00,c7e2d1320d0907e35977d472bd02d7d6,2026-07-04T17:00:00Z,fanduel,FanDuel,player_rebounds_assists,Over,Angel Reese,14.5,-112,2026-07-04T05:16:54Z,Atlanta Dream,Golden State Valkyries
2026-07-04T05:17:50.576617+00:00,c7e2d1320d0907e35977d472bd02d7d6,2026-07-04T17:00:00Z,fanduel,FanDuel,player_rebounds_assists,Under,Angel Reese,14.5,-118,2026-07-04T05:16:54Z,Atlanta Dream,Golden State Valkyries
2026-07-04T05:17:50.576617+00:00,c7e2d1320d0907e35977d472bd02d7d6,2026-07-04T17:00:00Z,fanduel,FanDuel,player_threes,Over,Allisha Gray,1.5,-162,2026-07-04T05:16:54Z,Atlanta Dream,Golden State Valkyries
2026-07-04T05:17:50.576617+00:00,c7e2d1320d0907e35977d472bd02d7d6,2026-07-04T17:00:00Z,fanduel,FanDuel,player_threes,Under,Allisha Gray,1.5,122,2026-07-04T05:16:54Z,Atlanta Dream,Golden State Valkyries
2026-07-04T05:17:50.576617+00:00,c7e2d1320d0907e35977d472bd02d7d6,2026-07-04T17:00:00Z,fanduel,FanDuel,player_threes,Over,Veronica Burton,1.5,152,2026-07-04T05:16:54Z,Atlanta Dream,Golden State Valkyries
2026-07-04T05:17:50.576617+00:00,c7e2d1320d0907e35977d472bd02d7d6,2026-07-04T17:00:00Z,fanduel,FanDuel,player_threes,Under,Veronica Burton,1.5,-205,2026-07-04T05:16:54Z,Atlanta Dream,Golden State Valkyries
2026-07-04T05:17:50.576617+00:00,c7e2d1320d0907e35977d472bd02d7d6,2026-07-04T17:00:00Z,fanduel,FanDuel,player_threes,Over,Rhyne Howard,2.5,-138,2026-07-04T05:16:54Z,Atlanta Dream,Golden State Valkyries
2026-07-04T05:17:50.576617+00:00,c7e2d1320d0907e35977d472bd02d7d6,2026-07-04T17:00:00Z,fanduel,FanDuel,player_threes,Under,Rhyne Howard,2.5,104,2026-07-04T05:16:54Z,Atlanta Dream,Golden State Valkyries
2026-07-04T05:17:50.576617+00:00,c7e2d1320d0907e35977d472bd02d7d6,2026-07-04T17:00:00Z,fanduel,FanDuel,player_threes,Over,Jordin Canada,1.5,178,2026-07-04T05:16:54Z,Atlanta Dream,Golden State Valkyries
2026-07-04T05:17:50.576617+00:00,c7e2d1320d0907e35977d472bd02d7d6,2026-07-04T17:00:00Z,fanduel,FanDuel,player_threes,Under,Jordin Canada,1.5,-245,2026-07-04T05:16:54Z,Atlanta Dream,Golden State Valkyries
2026-07-04T05:17:50.576617+00:00,c7e2d1320d0907e35977d472bd02d7d6,2026-07-04T17:00:00Z,fanduel,FanDuel,player_threes,Over,Gabby Williams,1.5,-125,2026-07-04T05:16:54Z,Atlanta Dream,Golden State Valkyries
2026-07-04T05:17:50.576617+00:00,c7e2d1320d0907e35977d472bd02d7d6,2026-07-04T17:00:00Z,fanduel,FanDuel,player_threes,Under,Gabby Williams,1.5,-106,2026-07-04T05:16:54Z,Atlanta Dream,Golden State Valkyries
2026-07-04T05:17:50.576617+00:00,c7e2d1320d0907e35977d472bd02d7d6,2026-07-04T17:00:00Z,fanduel,FanDuel,player_threes,Over,Janelle Salaun,1.5,-172,2026-07-04T05:16:54Z,Atlanta Dream,Golden State Valkyries
2026-07-04T05:17:50.576617+00:00,c7e2d1320d0907e35977d472bd02d7d6,2026-07-04T17:00:00Z,fanduel,FanDuel,player_threes,Under,Janelle Salaun,1.5,128,2026-07-04T05:16:54Z,Atlanta Dream,Golden State Valkyries
2026-07-04T05:17:50.576617+00:00,c7e2d1320d0907e35977d472bd02d7d6,2026-07-04T17:00:00Z,fanduel,FanDuel,player_threes,Over,Cecilia Zandalasini,1.5,120,2026-07-04T05:16:54Z,Atlanta Dream,Golden State Valkyries
2026-07-04T05:17:50.576617+00:00,c7e2d1320d0907e35977d472bd02d7d6,2026-07-04T17:00:00Z,fanduel,FanDuel,player_threes,Under,Cecilia Zandalasini,1.5,-160,2026-07-04T05:16:54Z,Atlanta Dream,Golden State Valkyries
2026-07-04T05:17:50.576617+00:00,c7e2d1320d0907e35977d472bd02d7d6,2026-07-04T17:00:00Z,fanduel,FanDuel,player_threes,Over,Kayla Thornton,1.5,110,2026-07-04T05:16:54Z,Atlanta Dream,Golden State Valkyries
2026-07-04T05:17:50.576617+00:00,c7e2d1320d0907e35977d472bd02d7d6,2026-07-04T17:00:00Z,fanduel,FanDuel,player_threes,Under,Kayla Thornton,1.5,-146,2026-07-04T05:16:54Z,Atlanta Dream,Golden State Valkyries
2026-07-04T05:17:50.576617+00:00,c7e2d1320d0907e35977d472bd02d7d6,2026-07-04T17:00:00Z,fanatics,Fanatics,player_double_double,Yes,Angel Reese,,-170,2026-07-04T05:17:46Z,Atlanta Dream,Golden State Valkyries
2026-07-04T05:17:50.576617+00:00,c7e2d1320d0907e35977d472bd02d7d6,2026-07-04T17:00:00Z,fanatics,Fanatics,player_double_double,Yes,Rhyne Howard,,3500,2026-07-04T05:17:46Z,Atlanta Dream,Golden State Valkyries
2026-07-04T05:17:50.576617+00:00,c7e2d1320d0907e35977d472bd02d7d6,2026-07-04T17:00:00Z,fanatics,Fanatics,player_double_double,Yes,Veronica Burton,,1000,2026-07-04T05:17:46Z,Atlanta Dream,Golden State Valkyries
2026-07-04T05:17:50.576617+00:00,c7e2d1320d0907e35977d472bd02d7d6,2026-07-04T17:00:00Z,fanatics,Fanatics,player_double_double,Yes,Jordin Canada,,850,2026-07-04T05:17:46Z,Atlanta Dream,Golden State Valkyries
2026-07-04T05:17:50.576617+00:00,c7e2d1320d0907e35977d472bd02d7d6,2026-07-04T17:00:00Z,draftkings,DraftKings,player_assists,Over,Jordin Canada,5.5,-156,2026-07-04T05:16:57Z,Atlanta Dream,Golden State Valkyries
2026-07-04T05:17:50.576617+00:00,c7e2d1320d0907e35977d472bd02d7d6,2026-07-04T17:00:00Z,draftkings,DraftKings,player_assists,Under,Jordin Canada,5.5,114,2026-07-04T05:16:57Z,Atlanta Dream,Golden State Valkyries
2026-07-04T05:17:50.576617+00:00,c7e2d1320d0907e35977d472bd02d7d6,2026-07-04T17:00:00Z,draftkings,DraftKings,player_assists,Over,Veronica Burton,5.5,-118,2026-07-04T05:16:57Z,Atlanta Dream,Golden State Valkyries
2026-07-04T05:17:50.576617+00:00,c7e2d1320d0907e35977d472bd02d7d6,2026-07-04T17:00:00Z,draftkings,DraftKings,player_assists,Under,Veronica Burton,5.5,-115,2026-07-04T05:16:57Z,Atlanta Dream,Golden State Valkyries
2026-07-04T05:17:50.576617+00:00,c7e2d1320d0907e35977d472bd02d7d6,2026-07-04T17:00:00Z,draftkings,DraftKings,player_assists,Over,Rhyne Howard,3.5,113,2026-07-04T05:16:57Z,Atlanta Dream,Golden State Valkyries
2026-07-04T05:17:50.576617+00:00,c7e2d1320d0907e35977d472bd02d7d6,2026-07-04T17:00:00Z,draftkings,DraftKings,player_assists,Under,Rhyne Howard,3.5,-154,2026-07-04T05:16:57Z,Atlanta Dream,Golden State Valkyries
2026-07-04T05:17:50.576617+00:00,c7e2d1320d0907e35977d472bd02d7d6,2026-07-04T17:00:00Z,draftkings,DraftKings,player_assists,Over,Gabby Williams,2.5,-123,2026-07-04T05:16:57Z,Atlanta Dream,Golden State Valkyries
2026-07-04T05:17:50.576617+00:00,c7e2d1320d0907e35977d472bd02d7d6,2026-07-04T17:00:00Z,draftkings,DraftKings,player_assists,Under,Gabby Williams,2.5,-110,2026-07-04T05:16:57Z,Atlanta Dream,Golden State Valkyries
2026-07-04T05:17:50.576617+00:00,c7e2d1320d0907e35977d472bd02d7d6,2026-07-04T17:00:00Z,draftkings,DraftKings,player_assists,Over,Angel Reese,2.5,-107,2026-07-04T05:16:57Z,Atlanta Dream,Golden State Valkyries
2026-07-04T05:17:50.576617+00:00,c7e2d1320d0907e35977d472bd02d7d6,2026-07-04T17:00:00Z,draftkings,DraftKings,player_assists,Under,Angel Reese,2.5,-126,2026-07-04T05:16:57Z,Atlanta Dream,Golden State Valkyries
2026-07-04T05:17:50.576617+00:00,c7e2d1320d0907e35977d472bd02d7d6,2026-07-04T17:00:00Z,draftkings,DraftKings,player_assists,Over,Allisha Gray,2.5,132,2026-07-04T05:16:57Z,Atlanta Dream,Golden State Valkyries
2026-07-04T05:17:50.576617+00:00,c7e2d1320d0907e35977d472bd02d7d6,2026-07-04T17:00:00Z,draftkings,DraftKings,player_assists,Under,Allisha Gray,2.5,-181,2026-07-04T05:16:57Z,Atlanta Dream,Golden State Valkyries
2026-07-04T05:17:50.576617+00:00,c7e2d1320d0907e35977d472bd02d7d6,2026-07-04T17:00:00Z,draftkings,DraftKings,player_double_double,Yes,Angel Reese,,-181,2026-07-04T05:16:57Z,Atlanta Dream,Golden State Valkyries
2026-07-04T05:17:50.576617+00:00,c7e2d1320d0907e35977d472bd02d7d6,2026-07-04T17:00:00Z,draftkings,DraftKings,player_double_double,Yes,Jordin Canada,,900,2026-07-04T05:16:57Z,Atlanta Dream,Golden State Valkyries
2026-07-04T05:17:50.576617+00:00,c7e2d1320d0907e35977d472bd02d7d6,2026-07-04T17:00:00Z,draftkings,DraftKings,player_double_double,Yes,Veronica Burton,,1020,2026-07-04T05:16:57Z,Atlanta Dream,Golden State Valkyries
2026-07-04T05:17:50.576617+00:00,c7e2d1320d0907e35977d472bd02d7d6,2026-07-04T17:00:00Z,draftkings,DraftKings,player_double_double,Yes,Rhyne Howard,,2600,2026-07-04T05:16:57Z,Atlanta Dream,Golden State Valkyries
2026-07-04T05:17:50.576617+00:00,c7e2d1320d0907e35977d472bd02d7d6,2026-07-04T17:00:00Z,draftkings,DraftKings,player_double_double,Yes,Allisha Gray,,3700,2026-07-04T05:16:57Z,Atlanta Dream,Golden State Valkyries
2026-07-04T05:17:50.576617+00:00,c7e2d1320d0907e35977d472bd02d7d6,2026-07-04T17:00:00Z,draftkings,DraftKings,player_double_double,Yes,Cecilia Zandalasini,,5800,2026-07-04T05:16:57Z,Atlanta Dream,Golden State Valkyries
2026-07-04T05:17:50.576617+00:00,c7e2d1320d0907e35977d472bd02d7d6,2026-07-04T17:00:00Z,draftkings,DraftKings,player_points,Over,Allisha Gray,17.5,-113,2026-07-04T05:16:57Z,Atlanta Dream,Golden State Valkyries
2026-07-04T05:17:50.576617+00:00,c7e2d1320d0907e35977d472bd02d7d6,2026-07-04T17:00:00Z,draftkings,DraftKings,player_points,Under,Allisha Gray,17.5,-117,2026-07-04T05:16:57Z,Atlanta Dream,Golden State Valkyries
2026-07-04T05:17:50.576617+00:00,c7e2d1320d0907e35977d472bd02d7d6,2026-07-04T17:00:00Z,draftkings,DraftKings,player_points,Over,Rhyne Howard,16.5,-126,2026-07-04T05:16:57Z,Atlanta Dream,Golden State Valkyries
2026-07-04T05:17:50.576617+00:00,c7e2d1320d0907e35977d472bd02d7d6,2026-07-04T17:00:00Z,draftkings,DraftKings,player_points,Under,Rhyne Howard,16.5,-105,2026-07-04T05:16:57Z,Atlanta Dream,Golden State Valkyries
2026-07-04T05:17:50.576617+00:00,c7e2d1320d0907e35977d472bd02d7d6,2026-07-04T17:00:00Z,draftkings,DraftKings,player_points,Over,Gabby Williams,15.5,-124,2026-07-04T05:16:57Z,Atlanta Dream,Golden State Valkyries
2026-07-04T05:17:50.576617+00:00,c7e2d1320d0907e35977d472bd02d7d6,2026-07-04T17:00:00Z,draftkings,DraftKings,player_points,Under,Gabby Williams,15.5,-107,2026-07-04T05:16:57Z,Atlanta Dream,Golden State Valkyries
2026-07-04T05:17:50.576617+00:00,c7e2d1320d0907e35977d472bd02d7d6,2026-07-04T17:00:00Z,draftkings,DraftKings,player_points,Over,Angel Reese,13.5,-120,2026-07-04T05:16:57Z,Atlanta Dream,Golden State Valkyries
2026-07-04T05:17:50.576617+00:00,c7e2d1320d0907e35977d472bd02d7d6,2026-07-04T17:00:00Z,draftkings,DraftKings,player_points,Under,Angel Reese,13.5,-110,2026-07-04T05:16:57Z,Atlanta Dream,Golden State Valkyries
2026-07-04T05:17:50.576617+00:00,c7e2d1320d0907e35977d472bd02d7d6,2026-07-04T17:00:00Z,draftkings,DraftKings,player_points,Over,Veronica Burton,11.5,-118,2026-07-04T05:16:57Z,Atlanta Dream,Golden State Valkyries
2026-07-04T05:17:50.576617+00:00,c7e2d1320d0907e35977d472bd02d7d6,2026-07-04T17:00:00Z,draftkings,DraftKings,player_points,Under,Veronica Burton,11.5,-112,2026-07-04T05:16:57Z,Atlanta Dream,Golden State Valkyries
2026-07-04T05:17:50.576617+00:00,c7e2d1320d0907e35977d472bd02d7d6,2026-07-04T17:00:00Z,draftkings,DraftKings,player_points,Over,Jordin Canada,11.5,-102,2026-07-04T05:16:57Z,Atlanta Dream,Golden State Valkyries
2026-07-04T05:17:50.576617+00:00,c7e2d1320d0907e35977d472bd02d7d6,2026-07-04T17:00:00Z,draftkings,DraftKings,player_points,Under,Jordin Canada,11.5,-130,2026-07-04T05:16:57Z,Atlanta Dream,Golden State Valkyries
2026-07-04T05:17:50.576617+00:00,c7e2d1320d0907e35977d472bd02d7d6,2026-07-04T17:00:00Z,draftkings,DraftKings,player_points,Over,Janelle Salaun,10.5,-103,2026-07-04T05:16:57Z,Atlanta Dream,Golden State Valkyries
2026-07-04T05:17:50.576617+00:00,c7e2d1320d0907e35977d472bd02d7d6,2026-07-04T17:00:00Z,draftkings,DraftKings,player_points,Under,Janelle Salaun,10.5,-129,2026-07-04T05:16:57Z,Atlanta Dream,Golden State Valkyries
2026-07-04T05:17:50.576617+00:00,c7e2d1320d0907e35977d472bd02d7d6,2026-07-04T17:00:00Z,draftkings,DraftKings,player_points,Over,Cecilia Zandalasini,8.5,-124,2026-07-04T05:16:57Z,Atlanta Dream,Golden State Valkyries
2026-07-04T05:17:50.576617+00:00,c7e2d1320d0907e35977d472bd02d7d6,2026-07-04T17:00:00Z,draftkings,DraftKings,player_points,Under,Cecilia Zandalasini,8.5,-107,2026-07-04T05:16:57Z,Atlanta Dream,Golden State Valkyries
2026-07-04T05:17:50.576617+00:00,c7e2d1320d0907e35977d472bd02d7d6,2026-07-04T17:00:00Z,draftkings,DraftKings,player_points,Over,Kayla Thornton,8.5,-104,2026-07-04T05:16:57Z,Atlanta Dream,Golden State Valkyries
2026-07-04T05:17:50.576617+00:00,c7e2d1320d0907e35977d472bd02d7d6,2026-07-04T17:00:00Z,draftkings,DraftKings,player_points,Under,Kayla Thornton,8.5,-128,2026-07-04T05:16:57Z,Atlanta Dream,Golden State Valkyries
2026-07-04T05:17:50.576617+00:00,c7e2d1320d0907e35977d472bd02d7d6,2026-07-04T17:00:00Z,draftkings,DraftKings,player_points_assists,Over,Rhyne Howard,20.5,-112,2026-07-04T05:16:57Z,Atlanta Dream,Golden State Valkyries
2026-07-04T05:17:50.576617+00:00,c7e2d1320d0907e35977d472bd02d7d6,2026-07-04T17:00:00Z,draftkings,DraftKings,player_points_assists,Under,Rhyne Howard,20.5,-122,2026-07-04T05:16:57Z,Atlanta Dream,Golden State Valkyries
2026-07-04T05:17:50.576617+00:00,c7e2d1320d0907e35977d472bd02d7d6,2026-07-04T17:00:00Z,draftkings,DraftKings,player_points_assists,Over,Allisha Gray,19.5,-121,2026-07-04T05:16:57Z,Atlanta Dream,Golden State Valkyries
2026-07-04T05:17:50.576617+00:00,c7e2d1320d0907e35977d472bd02d7d6,2026-07-04T17:00:00Z,draftkings,DraftKings,player_points_assists,Under,Allisha Gray,19.5,-112,2026-07-04T05:16:57Z,Atlanta Dream,Golden State Valkyries
2026-07-04T05:17:50.576617+00:00,c7e2d1320d0907e35977d472bd02d7d6,2026-07-04T17:00:00Z,draftkings,DraftKings,player_points_assists,Over,Gabby Williams,18.5,-122,2026-07-04T05:16:57Z,Atlanta Dream,Golden State Valkyries
2026-07-04T05:17:50.576617+00:00,c7e2d1320d0907e35977d472bd02d7d6,2026-07-04T17:00:00Z,draftkings,DraftKings,player_points_assists,Under,Gabby Williams,18.5,-111,2026-07-04T05:16:57Z,Atlanta Dream,Golden State Valkyries
2026-07-04T05:17:50.576617+00:00,c7e2d1320d0907e35977d472bd02d7d6,2026-07-04T17:00:00Z,draftkings,DraftKings,player_points_assists,Over,Jordin Canada,17.5,-114,2026-07-04T05:16:57Z,Atlanta Dream,Golden State Valkyries
2026-07-04T05:17:50.576617+00:00,c7e2d1320d0907e35977d472bd02d7d6,2026-07-04T17:00:00Z,draftkings,DraftKings,player_points_assists,Under,Jordin Canada,17.5,-119,2026-07-04T05:16:57Z,Atlanta Dream,Golden State Valkyries
2026-07-04T05:17:50.576617+00:00,c7e2d1320d0907e35977d472bd02d7d6,2026-07-04T17:00:00Z,draftkings,DraftKings,player_points_assists,Over,Veronica Burton,17.5,-114,2026-07-04T05:16:57Z,Atlanta Dream,Golden State Valkyries
2026-07-04T05:17:50.576617+00:00,c7e2d1320d0907e35977d472bd02d7d6,2026-07-04T17:00:00Z,draftkings,DraftKings,player_points_assists,Under,Veronica Burton,17.5,-119,2026-07-04T05:16:57Z,Atlanta Dream,Golden State Valkyries
2026-07-04T05:17:50.576617+00:00,c7e2d1320d0907e35977d472bd02d7d6,2026-07-04T17:00:00Z,draftkings,DraftKings,player_points_assists,Over,Angel Reese,16.5,-112,2026-07-04T05:16:57Z,Atlanta Dream,Golden State Valkyries
2026-07-04T05:17:50.576617+00:00,c7e2d1320d0907e35977d472bd02d7d6,2026-07-04T17:00:00Z,draftkings,DraftKings,player_points_assists,Under,Angel Reese,16.5,-121,2026-07-04T05:16:57Z,Atlanta Dream,Golden State Valkyries
2026-07-04T05:17:50.576617+00:00,c7e2d1320d0907e35977d472bd02d7d6,2026-07-04T17:00:00Z,draftkings,DraftKings,player_points_rebounds,Over,Angel Reese,26.5,-107,2026-07-04T05:16:57Z,Atlanta Dream,Golden State Valkyries
2026-07-04T05:17:50.576617+00:00,c7e2d1320d0907e35977d472bd02d7d6,2026-07-04T17:00:00Z,draftkings,DraftKings,player_points_rebounds,Under,Angel Reese,26.5,-127,2026-07-04T05:16:57Z,Atlanta Dream,Golden State Valkyries
2026-07-04T05:17:50.576617+00:00,c7e2d1320d0907e35977d472bd02d7d6,2026-07-04T17:00:00Z,draftkings,DraftKings,player_points_rebounds,Over,Rhyne Howard,20.5,-127,2026-07-04T05:16:57Z,Atlanta Dream,Golden State Valkyries
2026-07-04T05:17:50.576617+00:00,c7e2d1320d0907e35977d472bd02d7d6,2026-07-04T17:00:00Z,draftkings,DraftKings,player_points_rebounds,Under,Rhyne Howard,20.5,-107,2026-07-04T05:16:57Z,Atlanta Dream,Golden State Valkyries
2026-07-04T05:17:50.576617+00:00,c7e2d1320d0907e35977d472bd02d7d6,2026-07-04T17:00:00Z,draftkings,DraftKings,player_points_rebounds,Over,Allisha Gray,20.5,-124,2026-07-04T05:16:57Z,Atlanta Dream,Golden State Valkyries
2026-07-04T05:17:50.576617+00:00,c7e2d1320d0907e35977d472bd02d7d6,2026-07-04T17:00:00Z,draftkings,DraftKings,player_points_rebounds,Under,Allisha Gray,20.5,-109,2026-07-04T05:16:57Z,Atlanta Dream,Golden State Valkyries
2026-07-04T05:17:50.576617+00:00,c7e2d1320d0907e35977d472bd02d7d6,2026-07-04T17:00:00Z,draftkings,DraftKings,player_points_rebounds,Over,Gabby Williams,19.5,-125,2026-07-04T05:16:57Z,Atlanta Dream,Golden State Valkyries
2026-07-04T05:17:50.576617+00:00,c7e2d1320d0907e35977d472bd02d7d6,2026-07-04T17:00:00Z,draftkings,DraftKings,player_points_rebounds,Under,Gabby Williams,19.5,-109,2026-07-04T05:16:57Z,Atlanta Dream,Golden State Valkyries
2026-07-04T05:17:50.576617+00:00,c7e2d1320d0907e35977d472bd02d7d6,2026-07-04T17:00:00Z,draftkings,DraftKings,player_points_rebounds,Over,Veronica Burton,14.5,-131,2026-07-04T05:16:57Z,Atlanta Dream,Golden State Valkyries
2026-07-04T05:17:50.576617+00:00,c7e2d1320d0907e35977d472bd02d7d6,2026-07-04T17:00:00Z,draftkings,DraftKings,player_points_rebounds,Under,Veronica Burton,14.5,-104,2026-07-04T05:16:57Z,Atlanta Dream,Golden State Valkyries
2026-07-04T05:17:50.576617+00:00,c7e2d1320d0907e35977d472bd02d7d6,2026-07-04T17:00:00Z,draftkings,DraftKings,player_points_rebounds,Over,Jordin Canada,14.5,-116,2026-07-04T05:16:57Z,Atlanta Dream,Golden State Valkyries
2026-07-04T05:17:50.576617+00:00,c7e2d1320d0907e35977d472bd02d7d6,2026-07-04T17:00:00Z,draftkings,DraftKings,player_points_rebounds,Under,Jordin Canada,14.5,-117,2026-07-04T05:16:57Z,Atlanta Dream,Golden State Valkyries
2026-07-04T05:17:50.576617+00:00,c7e2d1320d0907e35977d472bd02d7d6,2026-07-04T17:00:00Z,draftkings,DraftKings,player_points_rebounds,Over,Janelle Salaun,13.5,-118,2026-07-04T05:16:57Z,Atlanta Dream,Golden State Valkyries
2026-07-04T05:17:50.576617+00:00,c7e2d1320d0907e35977d472bd02d7d6,2026-07-04T17:00:00Z,draftkings,DraftKings,player_points_rebounds,Under,Janelle Salaun,13.5,-115,2026-07-04T05:16:57Z,Atlanta Dream,Golden State Valkyries
2026-07-04T05:17:50.576617+00:00,c7e2d1320d0907e35977d472bd02d7d6,2026-07-04T17:00:00Z,draftkings,DraftKings,player_points_rebounds,Over,Kayla Thornton,13.5,-113,2026-07-04T05:16:57Z,Atlanta Dream,Golden State Valkyries
2026-07-04T05:17:50.576617+00:00,c7e2d1320d0907e35977d472bd02d7d6,2026-07-04T17:00:00Z,draftkings,DraftKings,player_points_rebounds,Under,Kayla Thornton,13.5,-120,2026-07-04T05:16:57Z,Atlanta Dream,Golden State Valkyries
2026-07-04T05:17:50.576617+00:00,c7e2d1320d0907e35977d472bd02d7d6,2026-07-04T17:00:00Z,draftkings,DraftKings,player_points_rebounds,Over,Cecilia Zandalasini,11.5,-102,2026-07-04T05:16:57Z,Atlanta Dream,Golden State Valkyries
2026-07-04T05:17:50.576617+00:00,c7e2d1320d0907e35977d472bd02d7d6,2026-07-04T17:00:00Z,draftkings,DraftKings,player_points_rebounds,Under,Cecilia Zandalasini,11.5,-133,2026-07-04T05:16:57Z,Atlanta Dream,Golden State Valkyries
2026-07-04T05:17:50.576617+00:00,c7e2d1320d0907e35977d472bd02d7d6,2026-07-04T17:00:00Z,draftkings,DraftKings,player_points_rebounds_assists,Over,Angel Reese,28.5,-123,2026-07-04T05:16:57Z,Atlanta Dream,Golden State Valkyries
2026-07-04T05:17:50.576617+00:00,c7e2d1320d0907e35977d472bd02d7d6,2026-07-04T17:00:00Z,draftkings,DraftKings,player_points_rebounds_assists,Under,Angel Reese,28.5,-111,2026-07-04T05:16:57Z,Atlanta Dream,Golden State Valkyries
2026-07-04T05:17:50.576617+00:00,c7e2d1320d0907e35977d472bd02d7d6,2026-07-04T17:00:00Z,draftkings,DraftKings,player_points_rebounds_assists,Over,Rhyne Howard,24.5,-117,2026-07-04T05:16:57Z,Atlanta Dream,Golden State Valkyries
2026-07-04T05:17:50.576617+00:00,c7e2d1320d0907e35977d472bd02d7d6,2026-07-04T17:00:00Z,draftkings,DraftKings,player_points_rebounds_assists,Under,Rhyne Howard,24.5,-116,2026-07-04T05:16:57Z,Atlanta Dream,Golden State Valkyries
2026-07-04T05:17:50.576617+00:00,c7e2d1320d0907e35977d472bd02d7d6,2026-07-04T17:00:00Z,draftkings,DraftKings,player_points_rebounds_assists,Over,Allisha Gray,23.5,-107,2026-07-04T05:16:57Z,Atlanta Dream,Golden State Valkyries
2026-07-04T05:17:50.576617+00:00,c7e2d1320d0907e35977d472bd02d7d6,2026-07-04T17:00:00Z,draftkings,DraftKings,player_points_rebounds_assists,Under,Allisha Gray,23.5,-127,2026-07-04T05:16:57Z,Atlanta Dream,Golden State Valkyries
2026-07-04T05:17:50.576617+00:00,c7e2d1320d0907e35977d472bd02d7d6,2026-07-04T17:00:00Z,draftkings,DraftKings,player_points_rebounds_assists,Over,Gabby Williams,22.5,-121,2026-07-04T05:16:57Z,Atlanta Dream,Golden State Valkyries
2026-07-04T05:17:50.576617+00:00,c7e2d1320d0907e35977d472bd02d7d6,2026-07-04T17:00:00Z,draftkings,DraftKings,player_points_rebounds_assists,Under,Gabby Williams,22.5,-112,2026-07-04T05:16:57Z,Atlanta Dream,Golden State Valkyries
2026-07-04T05:17:50.576617+00:00,c7e2d1320d0907e35977d472bd02d7d6,2026-07-04T17:00:00Z,draftkings,DraftKings,player_points_rebounds_assists,Over,Jordin Canada,20.5,-123,2026-07-04T05:16:57Z,Atlanta Dream,Golden State Valkyries
2026-07-04T05:17:50.576617+00:00,c7e2d1320d0907e35977d472bd02d7d6,2026-07-04T17:00:00Z,draftkings,DraftKings,player_points_rebounds_assists,Under,Jordin Canada,20.5,-110,2026-07-04T05:16:57Z,Atlanta Dream,Golden State Valkyries
2026-07-04T05:17:50.576617+00:00,c7e2d1320d0907e35977d472bd02d7d6,2026-07-04T17:00:00Z,draftkings,DraftKings,player_points_rebounds_assists,Over,Veronica Burton,20.5,-121,2026-07-04T05:16:57Z,Atlanta Dream,Golden State Valkyries
2026-07-04T05:17:50.576617+00:00,c7e2d1320d0907e35977d472bd02d7d6,2026-07-04T17:00:00Z,draftkings,DraftKings,player_points_rebounds_assists,Under,Veronica Burton,20.5,-112,2026-07-04T05:16:57Z,Atlanta Dream,Golden State Valkyries
2026-07-04T05:17:50.576617+00:00,c7e2d1320d0907e35977d472bd02d7d6,2026-07-04T17:00:00Z,draftkings,DraftKings,player_rebounds,Over,Angel Reese,12.5,-102,2026-07-04T05:16:57Z,Atlanta Dream,Golden State Valkyries
2026-07-04T05:17:50.576617+00:00,c7e2d1320d0907e35977d472bd02d7d6,2026-07-04T17:00:00Z,draftkings,DraftKings,player_rebounds,Under,Angel Reese,12.5,-133,2026-07-04T05:16:57Z,Atlanta Dream,Golden State Valkyries
2026-07-04T05:17:50.576617+00:00,c7e2d1320d0907e35977d472bd02d7d6,2026-07-04T17:00:00Z,draftkings,DraftKings,player_rebounds,Over,Kayla Thornton,4.5,-159,2026-07-04T05:16:57Z,Atlanta Dream,Golden State Valkyries
2026-07-04T05:17:50.576617+00:00,c7e2d1320d0907e35977d472bd02d7d6,2026-07-04T17:00:00Z,draftkings,DraftKings,player_rebounds,Under,Kayla Thornton,4.5,117,2026-07-04T05:16:57Z,Atlanta Dream,Golden State Valkyries
2026-07-04T05:17:50.576617+00:00,c7e2d1320d0907e35977d472bd02d7d6,2026-07-04T17:00:00Z,draftkings,DraftKings,player_rebounds,Over,Rhyne Howard,3.5,-151,2026-07-04T05:16:57Z,Atlanta Dream,Golden State Valkyries
2026-07-04T05:17:50.576617+00:00,c7e2d1320d0907e35977d472bd02d7d6,2026-07-04T17:00:00Z,draftkings,DraftKings,player_rebounds,Under,Rhyne Howard,3.5,111,2026-07-04T05:16:57Z,Atlanta Dream,Golden State Valkyries
2026-07-04T05:17:50.576617+00:00,c7e2d1320d0907e35977d472bd02d7d6,2026-07-04T17:00:00Z,draftkings,DraftKings,player_rebounds,Over,Gabby Williams,3.5,-144,2026-07-04T05:16:57Z,Atlanta Dream,Golden State Valkyries
2026-07-04T05:17:50.576617+00:00,c7e2d1320d0907e35977d472bd02d7d6,2026-07-04T17:00:00Z,draftkings,DraftKings,player_rebounds,Under,Gabby Williams,3.5,106,2026-07-04T05:16:57Z,Atlanta Dream,Golden State Valkyries
2026-07-04T05:17:50.576617+00:00,c7e2d1320d0907e35977d472bd02d7d6,2026-07-04T17:00:00Z,draftkings,DraftKings,player_rebounds,Over,Janelle Salaun,3.5,114,2026-07-04T05:16:57Z,Atlanta Dream,Golden State Valkyries
2026-07-04T05:17:50.576617+00:00,c7e2d1320d0907e35977d472bd02d7d6,2026-07-04T17:00:00Z,draftkings,DraftKings,player_rebounds,Under,Janelle Salaun,3.5,-156,2026-07-04T05:16:57Z,Atlanta Dream,Golden State Valkyries
2026-07-04T05:17:50.576617+00:00,c7e2d1320d0907e35977d472bd02d7d6,2026-07-04T17:00:00Z,draftkings,DraftKings,player_rebounds,Over,Allisha Gray,3.5,116,2026-07-04T05:16:57Z,Atlanta Dream,Golden State Valkyries
2026-07-04T05:17:50.576617+00:00,c7e2d1320d0907e35977d472bd02d7d6,2026-07-04T17:00:00Z,draftkings,DraftKings,player_rebounds,Under,Allisha Gray,3.5,-157,2026-07-04T05:16:57Z,Atlanta Dream,Golden State Valkyries
2026-07-04T05:17:50.576617+00:00,c7e2d1320d0907e35977d472bd02d7d6,2026-07-04T17:00:00Z,draftkings,DraftKings,player_rebounds,Over,Veronica Burton,3.5,118,2026-07-04T05:16:57Z,Atlanta Dream,Golden State Valkyries
2026-07-04T05:17:50.576617+00:00,c7e2d1320d0907e35977d472bd02d7d6,2026-07-04T17:00:00Z,draftkings,DraftKings,player_rebounds,Under,Veronica Burton,3.5,-162,2026-07-04T05:16:57Z,Atlanta Dream,Golden State Valkyries
2026-07-04T05:17:50.576617+00:00,c7e2d1320d0907e35977d472bd02d7d6,2026-07-04T17:00:00Z,draftkings,DraftKings,player_rebounds,Over,Jordin Canada,3.5,120,2026-07-04T05:16:57Z,Atlanta Dream,Golden State Valkyries
2026-07-04T05:17:50.576617+00:00,c7e2d1320d0907e35977d472bd02d7d6,2026-07-04T17:00:00Z,draftkings,DraftKings,player_rebounds,Under,Jordin Canada,3.5,-164,2026-07-04T05:16:57Z,Atlanta Dream,Golden State Valkyries
2026-07-04T05:17:50.576617+00:00,c7e2d1320d0907e35977d472bd02d7d6,2026-07-04T17:00:00Z,draftkings,DraftKings,player_rebounds,Over,Cecilia Zandalasini,2.5,132,2026-07-04T05:16:57Z,Atlanta Dream,Golden State Valkyries
2026-07-04T05:17:50.576617+00:00,c7e2d1320d0907e35977d472bd02d7d6,2026-07-04T17:00:00Z,draftkings,DraftKings,player_rebounds,Under,Cecilia Zandalasini,2.5,-181,2026-07-04T05:16:57Z,Atlanta Dream,Golden State Valkyries
2026-07-04T05:17:50.576617+00:00,c7e2d1320d0907e35977d472bd02d7d6,2026-07-04T17:00:00Z,draftkings,DraftKings,player_rebounds_assists,Over,Angel Reese,14.5,-125,2026-07-04T05:16:57Z,Atlanta Dream,Golden State Valkyries
2026-07-04T05:17:50.576617+00:00,c7e2d1320d0907e35977d472bd02d7d6,2026-07-04T17:00:00Z,draftkings,DraftKings,player_rebounds_assists,Under,Angel Reese,14.5,-108,2026-07-04T05:16:57Z,Atlanta Dream,Golden State Valkyries
2026-07-04T05:17:50.576617+00:00,c7e2d1320d0907e35977d472bd02d7d6,2026-07-04T17:00:00Z,draftkings,DraftKings,player_rebounds_assists,Over,Jordin Canada,9.5,-103,2026-07-04T05:16:57Z,Atlanta Dream,Golden State Valkyries
2026-07-04T05:17:50.576617+00:00,c7e2d1320d0907e35977d472bd02d7d6,2026-07-04T17:00:00Z,draftkings,DraftKings,player_rebounds_assists,Under,Jordin Canada,9.5,-132,2026-07-04T05:16:57Z,Atlanta Dream,Golden State Valkyries
2026-07-04T05:17:50.576617+00:00,c7e2d1320d0907e35977d472bd02d7d6,2026-07-04T17:00:00Z,draftkings,DraftKings,player_rebounds_assists,Over,Veronica Burton,8.5,-132,2026-07-04T05:16:57Z,Atlanta Dream,Golden State Valkyries
2026-07-04T05:17:50.576617+00:00,c7e2d1320d0907e35977d472bd02d7d6,2026-07-04T17:00:00Z,draftkings,DraftKings,player_rebounds_assists,Under,Veronica Burton,8.5,-103,2026-07-04T05:16:57Z,Atlanta Dream,Golden State Valkyries
2026-07-04T05:17:50.576617+00:00,c7e2d1320d0907e35977d472bd02d7d6,2026-07-04T17:00:00Z,draftkings,DraftKings,player_rebounds_assists,Over,Rhyne Howard,7.5,-105,2026-07-04T05:16:57Z,Atlanta Dream,Golden State Valkyries
2026-07-04T05:17:50.576617+00:00,c7e2d1320d0907e35977d472bd02d7d6,2026-07-04T17:00:00Z,draftkings,DraftKings,player_rebounds_assists,Under,Rhyne Howard,7.5,-130,2026-07-04T05:16:57Z,Atlanta Dream,Golden State Valkyries
2026-07-04T05:17:50.576617+00:00,c7e2d1320d0907e35977d472bd02d7d6,2026-07-04T17:00:00Z,draftkings,DraftKings,player_rebounds_assists,Over,Gabby Williams,6.5,-122,2026-07-04T05:16:57Z,Atlanta Dream,Golden State Valkyries
2026-07-04T05:17:50.576617+00:00,c7e2d1320d0907e35977d472bd02d7d6,2026-07-04T17:00:00Z,draftkings,DraftKings,player_rebounds_assists,Under,Gabby Williams,6.5,-111,2026-07-04T05:16:57Z,Atlanta Dream,Golden State Valkyries
2026-07-04T05:17:50.576617+00:00,c7e2d1320d0907e35977d472bd02d7d6,2026-07-04T17:00:00Z,draftkings,DraftKings,player_threes,Over,Rhyne Howard,2.5,-140,2026-07-04T05:16:57Z,Atlanta Dream,Golden State Valkyries
2026-07-04T05:17:50.576617+00:00,c7e2d1320d0907e35977d472bd02d7d6,2026-07-04T17:00:00Z,draftkings,DraftKings,player_threes,Under,Rhyne Howard,2.5,103,2026-07-04T05:16:57Z,Atlanta Dream,Golden State Valkyries
2026-07-04T05:17:50.576617+00:00,c7e2d1320d0907e35977d472bd02d7d6,2026-07-04T17:00:00Z,draftkings,DraftKings,player_threes,Over,Janelle Salaun,1.5,-178,2026-07-04T05:16:57Z,Atlanta Dream,Golden State Valkyries
2026-07-04T05:17:50.576617+00:00,c7e2d1320d0907e35977d472bd02d7d6,2026-07-04T17:00:00Z,draftkings,DraftKings,player_threes,Under,Janelle Salaun,1.5,130,2026-07-04T05:16:57Z,Atlanta Dream,Golden State Valkyries
2026-07-04T05:17:50.576617+00:00,c7e2d1320d0907e35977d472bd02d7d6,2026-07-04T17:00:00Z,draftkings,DraftKings,player_threes,Over,Allisha Gray,1.5,-146,2026-07-04T05:16:57Z,Atlanta Dream,Golden State Valkyries
2026-07-04T05:17:50.576617+00:00,c7e2d1320d0907e35977d472bd02d7d6,2026-07-04T17:00:00Z,draftkings,DraftKings,player_threes,Under,Allisha Gray,1.5,108,2026-07-04T05:16:57Z,Atlanta Dream,Golden State Valkyries
2026-07-04T05:17:50.576617+00:00,c7e2d1320d0907e35977d472bd02d7d6,2026-07-04T17:00:00Z,draftkings,DraftKings,player_threes,Over,Gabby Williams,1.5,-139,2026-07-04T05:16:57Z,Atlanta Dream,Golden State Valkyries
2026-07-04T05:17:50.576617+00:00,c7e2d1320d0907e35977d472bd02d7d6,2026-07-04T17:00:00Z,draftkings,DraftKings,player_threes,Under,Gabby Williams,1.5,102,2026-07-04T05:16:57Z,Atlanta Dream,Golden State Valkyries
2026-07-04T05:17:50.576617+00:00,c7e2d1320d0907e35977d472bd02d7d6,2026-07-04T17:00:00Z,draftkings,DraftKings,player_threes,Over,Kayla Thornton,1.5,117,2026-07-04T05:16:57Z,Atlanta Dream,Golden State Valkyries
2026-07-04T05:17:50.576617+00:00,c7e2d1320d0907e35977d472bd02d7d6,2026-07-04T17:00:00Z,draftkings,DraftKings,player_threes,Under,Kayla Thornton,1.5,-160,2026-07-04T05:16:57Z,Atlanta Dream,Golden State Valkyries
2026-07-04T05:17:50.576617+00:00,c7e2d1320d0907e35977d472bd02d7d6,2026-07-04T17:00:00Z,draftkings,DraftKings,player_threes,Over,Veronica Burton,1.5,139,2026-07-04T05:16:57Z,Atlanta Dream,Golden State Valkyries
2026-07-04T05:17:50.576617+00:00,c7e2d1320d0907e35977d472bd02d7d6,2026-07-04T17:00:00Z,draftkings,DraftKings,player_threes,Under,Veronica Burton,1.5,-190,2026-07-04T05:16:57Z,Atlanta Dream,Golden State Valkyries
2026-07-04T05:17:50.576617+00:00,c7e2d1320d0907e35977d472bd02d7d6,2026-07-04T17:00:00Z,draftkings,DraftKings,player_threes,Over,Cecilia Zandalasini,1.5,140,2026-07-04T05:16:57Z,Atlanta Dream,Golden State Valkyries
2026-07-04T05:17:50.576617+00:00,c7e2d1320d0907e35977d472bd02d7d6,2026-07-04T17:00:00Z,draftkings,DraftKings,player_threes,Under,Cecilia Zandalasini,1.5,-192,2026-07-04T05:16:57Z,Atlanta Dream,Golden State Valkyries
2026-07-04T05:17:50.576617+00:00,c7e2d1320d0907e35977d472bd02d7d6,2026-07-04T17:00:00Z,draftkings,DraftKings,player_threes,Over,Jordin Canada,0.5,-221,2026-07-04T05:16:57Z,Atlanta Dream,Golden State Valkyries
2026-07-04T05:17:50.576617+00:00,c7e2d1320d0907e35977d472bd02d7d6,2026-07-04T17:00:00Z,draftkings,DraftKings,player_threes,Under,Jordin Canada,0.5,160,2026-07-04T05:16:57Z,Atlanta Dream,Golden State Valkyries
2026-07-04T05:17:50.576617+00:00,c7e2d1320d0907e35977d472bd02d7d6,2026-07-04T17:00:00Z,draftkings,DraftKings,player_triple_double,Yes,Angel Reese,,6000,2026-07-04T05:16:57Z,Atlanta Dream,Golden State Valkyries
2026-07-04T05:17:50.576617+00:00,c7e2d1320d0907e35977d472bd02d7d6,2026-07-04T17:00:00Z,williamhill_us,Caesars,player_assists,Over,Rhyne Howard,3.5,112,2026-07-04T05:16:55Z,Atlanta Dream,Golden State Valkyries
2026-07-04T05:17:50.576617+00:00,c7e2d1320d0907e35977d472bd02d7d6,2026-07-04T17:00:00Z,williamhill_us,Caesars,player_assists,Under,Rhyne Howard,3.5,-150,2026-07-04T05:16:55Z,Atlanta Dream,Golden State Valkyries
2026-07-04T05:17:50.576617+00:00,c7e2d1320d0907e35977d472bd02d7d6,2026-07-04T17:00:00Z,williamhill_us,Caesars,player_assists,Over,Jordin Canada,5.5,-145,2026-07-04T05:16:55Z,Atlanta Dream,Golden State Valkyries
2026-07-04T05:17:50.576617+00:00,c7e2d1320d0907e35977d472bd02d7d6,2026-07-04T17:00:00Z,williamhill_us,Caesars,player_assists,Under,Jordin Canada,5.5,109,2026-07-04T05:16:55Z,Atlanta Dream,Golden State Valkyries
2026-07-04T05:17:50.576617+00:00,c7e2d1320d0907e35977d472bd02d7d6,2026-07-04T17:00:00Z,williamhill_us,Caesars,player_assists,Over,Veronica Burton,5.5,-125,2026-07-04T05:16:55Z,Atlanta Dream,Golden State Valkyries
2026-07-04T05:17:50.576617+00:00,c7e2d1320d0907e35977d472bd02d7d6,2026-07-04T17:00:00Z,williamhill_us,Caesars,player_assists,Under,Veronica Burton,5.5,-106,2026-07-04T05:16:55Z,Atlanta Dream,Golden State Valkyries
2026-07-04T05:17:50.576617+00:00,c7e2d1320d0907e35977d472bd02d7d6,2026-07-04T17:00:00Z,williamhill_us,Caesars,player_double_double,Yes,Veronica Burton,,1000,2026-07-04T05:16:55Z,Atlanta Dream,Golden State Valkyries
2026-07-04T05:17:50.576617+00:00,c7e2d1320d0907e35977d472bd02d7d6,2026-07-04T17:00:00Z,williamhill_us,Caesars,player_double_double,Yes,Angel Reese,,-193,2026-07-04T05:16:55Z,Atlanta Dream,Golden State Valkyries
2026-07-04T05:17:50.576617+00:00,c7e2d1320d0907e35977d472bd02d7d6,2026-07-04T17:00:00Z,williamhill_us,Caesars,player_double_double,Yes,Jordin Canada,,1000,2026-07-04T05:16:55Z,Atlanta Dream,Golden State Valkyries
2026-07-04T05:17:50.576617+00:00,c7e2d1320d0907e35977d472bd02d7d6,2026-07-04T17:00:00Z,williamhill_us,Caesars,player_points,Over,Veronica Burton,11.5,-130,2026-07-04T05:16:55Z,Atlanta Dream,Golden State Valkyries
2026-07-04T05:17:50.576617+00:00,c7e2d1320d0907e35977d472bd02d7d6,2026-07-04T17:00:00Z,williamhill_us,Caesars,player_points,Under,Veronica Burton,11.5,-103,2026-07-04T05:16:55Z,Atlanta Dream,Golden State Valkyries
2026-07-04T05:17:50.576617+00:00,c7e2d1320d0907e35977d472bd02d7d6,2026-07-04T17:00:00Z,williamhill_us,Caesars,player_points,Over,Gabby Williams,15.5,-125,2026-07-04T05:16:55Z,Atlanta Dream,Golden State Valkyries
2026-07-04T05:17:50.576617+00:00,c7e2d1320d0907e35977d472bd02d7d6,2026-07-04T17:00:00Z,williamhill_us,Caesars,player_points,Under,Gabby Williams,15.5,-107,2026-07-04T05:16:55Z,Atlanta Dream,Golden State Valkyries
2026-07-04T05:17:50.576617+00:00,c7e2d1320d0907e35977d472bd02d7d6,2026-07-04T17:00:00Z,williamhill_us,Caesars,player_points,Over,Janelle Salaun,9.5,-115,2026-07-04T05:16:55Z,Atlanta Dream,Golden State Valkyries
2026-07-04T05:17:50.576617+00:00,c7e2d1320d0907e35977d472bd02d7d6,2026-07-04T17:00:00Z,williamhill_us,Caesars,player_points,Under,Janelle Salaun,9.5,-115,2026-07-04T05:16:55Z,Atlanta Dream,Golden State Valkyries
2026-07-04T05:17:50.576617+00:00,c7e2d1320d0907e35977d472bd02d7d6,2026-07-04T17:00:00Z,williamhill_us,Caesars,player_points,Over,Angel Reese,13.5,-125,2026-07-04T05:16:55Z,Atlanta Dream,Golden State Valkyries
2026-07-04T05:17:50.576617+00:00,c7e2d1320d0907e35977d472bd02d7d6,2026-07-04T17:00:00Z,williamhill_us,Caesars,player_points,Under,Angel Reese,13.5,-106,2026-07-04T05:16:55Z,Atlanta Dream,Golden State Valkyries
2026-07-04T05:17:50.576617+00:00,c7e2d1320d0907e35977d472bd02d7d6,2026-07-04T17:00:00Z,williamhill_us,Caesars,player_points,Over,Cecilia Zandalasini,8.5,-130,2026-07-04T05:16:55Z,Atlanta Dream,Golden State Valkyries
2026-07-04T05:17:50.576617+00:00,c7e2d1320d0907e35977d472bd02d7d6,2026-07-04T17:00:00Z,williamhill_us,Caesars,player_points,Under,Cecilia Zandalasini,8.5,-103,2026-07-04T05:16:55Z,Atlanta Dream,Golden State Valkyries
2026-07-04T05:17:50.576617+00:00,c7e2d1320d0907e35977d472bd02d7d6,2026-07-04T17:00:00Z,williamhill_us,Caesars,player_points,Over,Kayla Thornton,8.5,-112,2026-07-04T05:16:55Z,Atlanta Dream,Golden State Valkyries
2026-07-04T05:17:50.576617+00:00,c7e2d1320d0907e35977d472bd02d7d6,2026-07-04T17:00:00Z,williamhill_us,Caesars,player_points,Under,Kayla Thornton,8.5,-120,2026-07-04T05:16:55Z,Atlanta Dream,Golden State Valkyries
2026-07-04T05:17:50.576617+00:00,c7e2d1320d0907e35977d472bd02d7d6,2026-07-04T17:00:00Z,williamhill_us,Caesars,player_points,Over,Rhyne Howard,17.5,-118,2026-07-04T05:16:55Z,Atlanta Dream,Golden State Valkyries
2026-07-04T05:17:50.576617+00:00,c7e2d1320d0907e35977d472bd02d7d6,2026-07-04T17:00:00Z,williamhill_us,Caesars,player_points,Under,Rhyne Howard,17.5,-113,2026-07-04T05:16:55Z,Atlanta Dream,Golden State Valkyries
2026-07-04T05:17:50.576617+00:00,c7e2d1320d0907e35977d472bd02d7d6,2026-07-04T17:00:00Z,williamhill_us,Caesars,player_points,Over,Allisha Gray,17.5,-124,2026-07-04T05:16:55Z,Atlanta Dream,Golden State Valkyries
2026-07-04T05:17:50.576617+00:00,c7e2d1320d0907e35977d472bd02d7d6,2026-07-04T17:00:00Z,williamhill_us,Caesars,player_points,Under,Allisha Gray,17.5,-108,2026-07-04T05:16:55Z,Atlanta Dream,Golden State Valkyries
2026-07-04T05:17:50.576617+00:00,c7e2d1320d0907e35977d472bd02d7d6,2026-07-04T17:00:00Z,williamhill_us,Caesars,player_points,Over,Jordin Canada,10.5,-136,2026-07-04T05:16:55Z,Atlanta Dream,Golden State Valkyries
2026-07-04T05:17:50.576617+00:00,c7e2d1320d0907e35977d472bd02d7d6,2026-07-04T17:00:00Z,williamhill_us,Caesars,player_points,Under,Jordin Canada,10.5,102,2026-07-04T05:16:55Z,Atlanta Dream,Golden State Valkyries
2026-07-04T05:17:50.576617+00:00,c7e2d1320d0907e35977d472bd02d7d6,2026-07-04T17:00:00Z,williamhill_us,Caesars,player_rebounds,Over,Janelle Salaun,3.5,110,2026-07-04T05:16:55Z,Atlanta Dream,Golden State Valkyries
2026-07-04T05:17:50.576617+00:00,c7e2d1320d0907e35977d472bd02d7d6,2026-07-04T17:00:00Z,williamhill_us,Caesars,player_rebounds,Under,Janelle Salaun,3.5,-145,2026-07-04T05:16:55Z,Atlanta Dream,Golden State Valkyries
2026-07-04T05:17:50.576617+00:00,c7e2d1320d0907e35977d472bd02d7d6,2026-07-04T17:00:00Z,williamhill_us,Caesars,player_rebounds,Over,Allisha Gray,3.5,116,2026-07-04T05:16:55Z,Atlanta Dream,Golden State Valkyries
2026-07-04T05:17:50.576617+00:00,c7e2d1320d0907e35977d472bd02d7d6,2026-07-04T17:00:00Z,williamhill_us,Caesars,player_rebounds,Under,Allisha Gray,3.5,-154,2026-07-04T05:16:55Z,Atlanta Dream,Golden State Valkyries
2026-07-04T05:17:50.576617+00:00,c7e2d1320d0907e35977d472bd02d7d6,2026-07-04T17:00:00Z,williamhill_us,Caesars,player_rebounds,Over,Angel Reese,11.5,-137,2026-07-04T05:16:55Z,Atlanta Dream,Golden State Valkyries
2026-07-04T05:17:50.576617+00:00,c7e2d1320d0907e35977d472bd02d7d6,2026-07-04T17:00:00Z,williamhill_us,Caesars,player_rebounds,Under,Angel Reese,11.5,104,2026-07-04T05:16:55Z,Atlanta Dream,Golden State Valkyries
2026-07-04T05:17:50.576617+00:00,c7e2d1320d0907e35977d472bd02d7d6,2026-07-04T17:00:00Z,williamhill_us,Caesars,player_rebounds,Over,Veronica Burton,3.5,118,2026-07-04T05:16:55Z,Atlanta Dream,Golden State Valkyries
2026-07-04T05:17:50.576617+00:00,c7e2d1320d0907e35977d472bd02d7d6,2026-07-04T17:00:00Z,williamhill_us,Caesars,player_rebounds,Under,Veronica Burton,3.5,-157,2026-07-04T05:16:55Z,Atlanta Dream,Golden State Valkyries
2026-07-04T05:17:50.576617+00:00,c7e2d1320d0907e35977d472bd02d7d6,2026-07-04T17:00:00Z,williamhill_us,Caesars,player_rebounds,Over,Gabby Williams,3.5,-137,2026-07-04T05:16:55Z,Atlanta Dream,Golden State Valkyries
2026-07-04T05:17:50.576617+00:00,c7e2d1320d0907e35977d472bd02d7d6,2026-07-04T17:00:00Z,williamhill_us,Caesars,player_rebounds,Under,Gabby Williams,3.5,103,2026-07-04T05:16:55Z,Atlanta Dream,Golden State Valkyries
2026-07-04T05:17:50.576617+00:00,c7e2d1320d0907e35977d472bd02d7d6,2026-07-04T17:00:00Z,williamhill_us,Caesars,player_rebounds,Over,Kayla Thornton,4.5,-150,2026-07-04T05:16:55Z,Atlanta Dream,Golden State Valkyries
2026-07-04T05:17:50.576617+00:00,c7e2d1320d0907e35977d472bd02d7d6,2026-07-04T17:00:00Z,williamhill_us,Caesars,player_rebounds,Under,Kayla Thornton,4.5,112,2026-07-04T05:16:55Z,Atlanta Dream,Golden State Valkyries
2026-07-04T05:17:50.576617+00:00,c7e2d1320d0907e35977d472bd02d7d6,2026-07-04T17:00:00Z,williamhill_us,Caesars,player_rebounds,Over,Rhyne Howard,3.5,-145,2026-07-04T05:16:55Z,Atlanta Dream,Golden State Valkyries
2026-07-04T05:17:50.576617+00:00,c7e2d1320d0907e35977d472bd02d7d6,2026-07-04T17:00:00Z,williamhill_us,Caesars,player_rebounds,Under,Rhyne Howard,3.5,109,2026-07-04T05:16:55Z,Atlanta Dream,Golden State Valkyries
2026-07-04T05:17:50.576617+00:00,c7e2d1320d0907e35977d472bd02d7d6,2026-07-04T17:00:00Z,williamhill_us,Caesars,player_rebounds,Over,Jordin Canada,3.5,116,2026-07-04T05:16:55Z,Atlanta Dream,Golden State Valkyries
2026-07-04T05:17:50.576617+00:00,c7e2d1320d0907e35977d472bd02d7d6,2026-07-04T17:00:00Z,williamhill_us,Caesars,player_rebounds,Under,Jordin Canada,3.5,-154,2026-07-04T05:16:55Z,Atlanta Dream,Golden State Valkyries
2026-07-04T05:17:50.576617+00:00,c7e2d1320d0907e35977d472bd02d7d6,2026-07-04T17:00:00Z,williamhill_us,Caesars,player_threes,Over,Rhyne Howard,2.5,-139,2026-07-04T05:16:55Z,Atlanta Dream,Golden State Valkyries
2026-07-04T05:17:50.576617+00:00,c7e2d1320d0907e35977d472bd02d7d6,2026-07-04T17:00:00Z,williamhill_us,Caesars,player_threes,Under,Rhyne Howard,2.5,105,2026-07-04T05:16:55Z,Atlanta Dream,Golden State Valkyries
2026-07-04T05:17:50.576617+00:00,c7e2d1320d0907e35977d472bd02d7d6,2026-07-04T17:00:00Z,williamhill_us,Caesars,player_threes,Over,Kayla Thornton,1.5,116,2026-07-04T05:16:55Z,Atlanta Dream,Golden State Valkyries
2026-07-04T05:17:50.576617+00:00,c7e2d1320d0907e35977d472bd02d7d6,2026-07-04T17:00:00Z,williamhill_us,Caesars,player_threes,Under,Kayla Thornton,1.5,-154,2026-07-04T05:16:55Z,Atlanta Dream,Golden State Valkyries
2026-07-04T05:17:50.576617+00:00,c7e2d1320d0907e35977d472bd02d7d6,2026-07-04T17:00:00Z,williamhill_us,Caesars,player_threes,Over,Cecilia Zandalasini,1.5,126,2026-07-04T05:16:55Z,Atlanta Dream,Golden State Valkyries
2026-07-04T05:17:50.576617+00:00,c7e2d1320d0907e35977d472bd02d7d6,2026-07-04T17:00:00Z,williamhill_us,Caesars,player_threes,Under,Cecilia Zandalasini,1.5,-170,2026-07-04T05:16:55Z,Atlanta Dream,Golden State Valkyries
2026-07-04T05:17:50.576617+00:00,c7e2d1320d0907e35977d472bd02d7d6,2026-07-04T17:00:00Z,williamhill_us,Caesars,player_threes,Over,Veronica Burton,1.5,146,2026-07-04T05:16:55Z,Atlanta Dream,Golden State Valkyries
2026-07-04T05:17:50.576617+00:00,c7e2d1320d0907e35977d472bd02d7d6,2026-07-04T17:00:00Z,williamhill_us,Caesars,player_threes,Under,Veronica Burton,1.5,-197,2026-07-04T05:16:55Z,Atlanta Dream,Golden State Valkyries
2026-07-04T05:17:50.576617+00:00,c7e2d1320d0907e35977d472bd02d7d6,2026-07-04T17:00:00Z,williamhill_us,Caesars,player_threes,Over,Gabby Williams,1.5,-129,2026-07-04T05:16:55Z,Atlanta Dream,Golden State Valkyries
2026-07-04T05:17:50.576617+00:00,c7e2d1320d0907e35977d472bd02d7d6,2026-07-04T17:00:00Z,williamhill_us,Caesars,player_threes,Under,Gabby Williams,1.5,-104,2026-07-04T05:16:55Z,Atlanta Dream,Golden State Valkyries
2026-07-04T05:17:50.576617+00:00,c7e2d1320d0907e35977d472bd02d7d6,2026-07-04T17:00:00Z,williamhill_us,Caesars,player_threes,Over,Jordin Canada,1.5,188,2026-07-04T05:16:55Z,Atlanta Dream,Golden State Valkyries
2026-07-04T05:17:50.576617+00:00,c7e2d1320d0907e35977d472bd02d7d6,2026-07-04T17:00:00Z,williamhill_us,Caesars,player_threes,Under,Jordin Canada,1.5,-265,2026-07-04T05:16:55Z,Atlanta Dream,Golden State Valkyries
2026-07-04T05:17:50.576617+00:00,c7e2d1320d0907e35977d472bd02d7d6,2026-07-04T17:00:00Z,williamhill_us,Caesars,player_threes,Over,Allisha Gray,1.5,-154,2026-07-04T05:16:55Z,Atlanta Dream,Golden State Valkyries
2026-07-04T05:17:50.576617+00:00,c7e2d1320d0907e35977d472bd02d7d6,2026-07-04T17:00:00Z,williamhill_us,Caesars,player_threes,Under,Allisha Gray,1.5,115,2026-07-04T05:16:55Z,Atlanta Dream,Golden State Valkyries
2026-07-04T05:17:50.576617+00:00,c7e2d1320d0907e35977d472bd02d7d6,2026-07-04T17:00:00Z,williamhill_us,Caesars,player_threes,Over,Janelle Salaun,1.5,-173,2026-07-04T05:16:55Z,Atlanta Dream,Golden State Valkyries
2026-07-04T05:17:50.576617+00:00,c7e2d1320d0907e35977d472bd02d7d6,2026-07-04T17:00:00Z,williamhill_us,Caesars,player_threes,Under,Janelle Salaun,1.5,128,2026-07-04T05:16:55Z,Atlanta Dream,Golden State Valkyries
2026-07-04T05:17:50.576617+00:00,c7e2d1320d0907e35977d472bd02d7d6,2026-07-04T17:00:00Z,betonlineag,BetOnline.ag,player_assists,Over,Allisha Gray,2.5,120,2026-07-04T05:17:05Z,Atlanta Dream,Golden State Valkyries
2026-07-04T05:17:50.576617+00:00,c7e2d1320d0907e35977d472bd02d7d6,2026-07-04T17:00:00Z,betonlineag,BetOnline.ag,player_assists,Under,Allisha Gray,2.5,-156,2026-07-04T05:17:05Z,Atlanta Dream,Golden State Valkyries
2026-07-04T05:17:50.576617+00:00,c7e2d1320d0907e35977d472bd02d7d6,2026-07-04T17:00:00Z,betonlineag,BetOnline.ag,player_assists,Over,Jordin Canada,5.5,-145,2026-07-04T05:17:05Z,Atlanta Dream,Golden State Valkyries
2026-07-04T05:17:50.576617+00:00,c7e2d1320d0907e35977d472bd02d7d6,2026-07-04T17:00:00Z,betonlineag,BetOnline.ag,player_assists,Under,Jordin Canada,5.5,112,2026-07-04T05:17:05Z,Atlanta Dream,Golden State Valkyries
2026-07-04T05:17:50.576617+00:00,c7e2d1320d0907e35977d472bd02d7d6,2026-07-04T17:00:00Z,betonlineag,BetOnline.ag,player_assists,Over,Veronica Burton,5.5,-116,2026-07-04T05:17:05Z,Atlanta Dream,Golden State Valkyries
2026-07-04T05:17:50.576617+00:00,c7e2d1320d0907e35977d472bd02d7d6,2026-07-04T17:00:00Z,betonlineag,BetOnline.ag,player_assists,Under,Veronica Burton,5.5,-111,2026-07-04T05:17:05Z,Atlanta Dream,Golden State Valkyries
2026-07-04T05:17:50.576617+00:00,c7e2d1320d0907e35977d472bd02d7d6,2026-07-04T17:00:00Z,betonlineag,BetOnline.ag,player_assists,Over,Rhyne Howard,3.5,113,2026-07-04T05:17:05Z,Atlanta Dream,Golden State Valkyries
2026-07-04T05:17:50.576617+00:00,c7e2d1320d0907e35977d472bd02d7d6,2026-07-04T17:00:00Z,betonlineag,BetOnline.ag,player_assists,Under,Rhyne Howard,3.5,-147,2026-07-04T05:17:05Z,Atlanta Dream,Golden State Valkyries
2026-07-04T05:17:50.576617+00:00,c7e2d1320d0907e35977d472bd02d7d6,2026-07-04T17:00:00Z,betonlineag,BetOnline.ag,player_assists,Over,Angel Reese,2.5,-106,2026-07-04T05:17:05Z,Atlanta Dream,Golden State Valkyries
2026-07-04T05:17:50.576617+00:00,c7e2d1320d0907e35977d472bd02d7d6,2026-07-04T17:00:00Z,betonlineag,BetOnline.ag,player_assists,Under,Angel Reese,2.5,-122,2026-07-04T05:17:05Z,Atlanta Dream,Golden State Valkyries
2026-07-04T05:17:50.576617+00:00,c7e2d1320d0907e35977d472bd02d7d6,2026-07-04T17:00:00Z,betonlineag,BetOnline.ag,player_assists,Over,Gabby Williams,2.5,-123,2026-07-04T05:17:05Z,Atlanta Dream,Golden State Valkyries
2026-07-04T05:17:50.576617+00:00,c7e2d1320d0907e35977d472bd02d7d6,2026-07-04T17:00:00Z,betonlineag,BetOnline.ag,player_assists,Under,Gabby Williams,2.5,-105,2026-07-04T05:17:05Z,Atlanta Dream,Golden State Valkyries
2026-07-04T05:17:50.576617+00:00,c7e2d1320d0907e35977d472bd02d7d6,2026-07-04T17:00:00Z,betonlineag,BetOnline.ag,player_points,Over,Allisha Gray,17.5,-122,2026-07-04T05:17:05Z,Atlanta Dream,Golden State Valkyries
2026-07-04T05:17:50.576617+00:00,c7e2d1320d0907e35977d472bd02d7d6,2026-07-04T17:00:00Z,betonlineag,BetOnline.ag,player_points,Under,Allisha Gray,17.5,-106,2026-07-04T05:17:05Z,Atlanta Dream,Golden State Valkyries
2026-07-04T05:17:50.576617+00:00,c7e2d1320d0907e35977d472bd02d7d6,2026-07-04T17:00:00Z,betonlineag,BetOnline.ag,player_points,Over,Veronica Burton,11.5,-122,2026-07-04T05:17:05Z,Atlanta Dream,Golden State Valkyries
2026-07-04T05:17:50.576617+00:00,c7e2d1320d0907e35977d472bd02d7d6,2026-07-04T17:00:00Z,betonlineag,BetOnline.ag,player_points,Under,Veronica Burton,11.5,-106,2026-07-04T05:17:05Z,Atlanta Dream,Golden State Valkyries
2026-07-04T05:17:50.576617+00:00,c7e2d1320d0907e35977d472bd02d7d6,2026-07-04T17:00:00Z,betonlineag,BetOnline.ag,player_points,Over,Rhyne Howard,17.5,-112,2026-07-04T05:17:05Z,Atlanta Dream,Golden State Valkyries
2026-07-04T05:17:50.576617+00:00,c7e2d1320d0907e35977d472bd02d7d6,2026-07-04T17:00:00Z,betonlineag,BetOnline.ag,player_points,Under,Rhyne Howard,17.5,-115,2026-07-04T05:17:05Z,Atlanta Dream,Golden State Valkyries
2026-07-04T05:17:50.576617+00:00,c7e2d1320d0907e35977d472bd02d7d6,2026-07-04T17:00:00Z,betonlineag,BetOnline.ag,player_points,Over,Janelle Salaun,9.5,-112,2026-07-04T05:17:05Z,Atlanta Dream,Golden State Valkyries
2026-07-04T05:17:50.576617+00:00,c7e2d1320d0907e35977d472bd02d7d6,2026-07-04T17:00:00Z,betonlineag,BetOnline.ag,player_points,Under,Janelle Salaun,9.5,-115,2026-07-04T05:17:05Z,Atlanta Dream,Golden State Valkyries
2026-07-04T05:17:50.576617+00:00,c7e2d1320d0907e35977d472bd02d7d6,2026-07-04T17:00:00Z,betonlineag,BetOnline.ag,player_points,Over,Cecilia Zandalasini,8.5,-122,2026-07-04T05:17:05Z,Atlanta Dream,Golden State Valkyries
2026-07-04T05:17:50.576617+00:00,c7e2d1320d0907e35977d472bd02d7d6,2026-07-04T17:00:00Z,betonlineag,BetOnline.ag,player_points,Under,Cecilia Zandalasini,8.5,-106,2026-07-04T05:17:05Z,Atlanta Dream,Golden State Valkyries
2026-07-04T05:17:50.576617+00:00,c7e2d1320d0907e35977d472bd02d7d6,2026-07-04T17:00:00Z,betonlineag,BetOnline.ag,player_points,Over,Kayla Thornton,8.5,-108,2026-07-04T05:17:05Z,Atlanta Dream,Golden State Valkyries
2026-07-04T05:17:50.576617+00:00,c7e2d1320d0907e35977d472bd02d7d6,2026-07-04T17:00:00Z,betonlineag,BetOnline.ag,player_points,Under,Kayla Thornton,8.5,-120,2026-07-04T05:17:05Z,Atlanta Dream,Golden State Valkyries
2026-07-04T05:17:50.576617+00:00,c7e2d1320d0907e35977d472bd02d7d6,2026-07-04T17:00:00Z,betonlineag,BetOnline.ag,player_points,Over,Angel Reese,13.5,-123,2026-07-04T05:17:05Z,Atlanta Dream,Golden State Valkyries
2026-07-04T05:17:50.576617+00:00,c7e2d1320d0907e35977d472bd02d7d6,2026-07-04T17:00:00Z,betonlineag,BetOnline.ag,player_points,Under,Angel Reese,13.5,-104,2026-07-04T05:17:05Z,Atlanta Dream,Golden State Valkyries
2026-07-04T05:17:50.576617+00:00,c7e2d1320d0907e35977d472bd02d7d6,2026-07-04T17:00:00Z,betonlineag,BetOnline.ag,player_points,Over,Gabby Williams,15.5,-119,2026-07-04T05:17:05Z,Atlanta Dream,Golden State Valkyries
2026-07-04T05:17:50.576617+00:00,c7e2d1320d0907e35977d472bd02d7d6,2026-07-04T17:00:00Z,betonlineag,BetOnline.ag,player_points,Under,Gabby Williams,15.5,-109,2026-07-04T05:17:05Z,Atlanta Dream,Golden State Valkyries
2026-07-04T05:17:50.576617+00:00,c7e2d1320d0907e35977d472bd02d7d6,2026-07-04T17:00:00Z,betonlineag,BetOnline.ag,player_points,Over,Jordin Canada,11.5,-101,2026-07-04T05:17:05Z,Atlanta Dream,Golden State Valkyries
2026-07-04T05:17:50.576617+00:00,c7e2d1320d0907e35977d472bd02d7d6,2026-07-04T17:00:00Z,betonlineag,BetOnline.ag,player_points,Under,Jordin Canada,11.5,-128,2026-07-04T05:17:05Z,Atlanta Dream,Golden State Valkyries
2026-07-04T05:17:50.576617+00:00,c7e2d1320d0907e35977d472bd02d7d6,2026-07-04T17:00:00Z,betonlineag,BetOnline.ag,player_points_rebounds_assists,Over,Allisha Gray,23.5,-109,2026-07-04T05:17:05Z,Atlanta Dream,Golden State Valkyries
2026-07-04T05:17:50.576617+00:00,c7e2d1320d0907e35977d472bd02d7d6,2026-07-04T17:00:00Z,betonlineag,BetOnline.ag,player_points_rebounds_assists,Under,Allisha Gray,23.5,-119,2026-07-04T05:17:05Z,Atlanta Dream,Golden State Valkyries
2026-07-04T05:17:50.576617+00:00,c7e2d1320d0907e35977d472bd02d7d6,2026-07-04T17:00:00Z,betonlineag,BetOnline.ag,player_points_rebounds_assists,Over,Jordin Canada,20.5,-111,2026-07-04T05:17:05Z,Atlanta Dream,Golden State Valkyries
2026-07-04T05:17:50.576617+00:00,c7e2d1320d0907e35977d472bd02d7d6,2026-07-04T17:00:00Z,betonlineag,BetOnline.ag,player_points_rebounds_assists,Under,Jordin Canada,20.5,-116,2026-07-04T05:17:05Z,Atlanta Dream,Golden State Valkyries
2026-07-04T05:17:50.576617+00:00,c7e2d1320d0907e35977d472bd02d7d6,2026-07-04T17:00:00Z,betonlineag,BetOnline.ag,player_points_rebounds_assists,Over,Rhyne Howard,24.5,-123,2026-07-04T05:17:05Z,Atlanta Dream,Golden State Valkyries
2026-07-04T05:17:50.576617+00:00,c7e2d1320d0907e35977d472bd02d7d6,2026-07-04T17:00:00Z,betonlineag,BetOnline.ag,player_points_rebounds_assists,Under,Rhyne Howard,24.5,-105,2026-07-04T05:17:05Z,Atlanta Dream,Golden State Valkyries
2026-07-04T05:17:50.576617+00:00,c7e2d1320d0907e35977d472bd02d7d6,2026-07-04T17:00:00Z,betonlineag,BetOnline.ag,player_points_rebounds_assists,Over,Veronica Burton,21.5,103,2026-07-04T05:17:05Z,Atlanta Dream,Golden State Valkyries
2026-07-04T05:17:50.576617+00:00,c7e2d1320d0907e35977d472bd02d7d6,2026-07-04T17:00:00Z,betonlineag,BetOnline.ag,player_points_rebounds_assists,Under,Veronica Burton,21.5,-133,2026-07-04T05:17:05Z,Atlanta Dream,Golden State Valkyries
2026-07-04T05:17:50.576617+00:00,c7e2d1320d0907e35977d472bd02d7d6,2026-07-04T17:00:00Z,betonlineag,BetOnline.ag,player_points_rebounds_assists,Over,Angel Reese,28.5,-116,2026-07-04T05:17:05Z,Atlanta Dream,Golden State Valkyries
2026-07-04T05:17:50.576617+00:00,c7e2d1320d0907e35977d472bd02d7d6,2026-07-04T17:00:00Z,betonlineag,BetOnline.ag,player_points_rebounds_assists,Under,Angel Reese,28.5,-111,2026-07-04T05:17:05Z,Atlanta Dream,Golden State Valkyries
2026-07-04T05:17:50.576617+00:00,c7e2d1320d0907e35977d472bd02d7d6,2026-07-04T17:00:00Z,betonlineag,BetOnline.ag,player_points_rebounds_assists,Over,Gabby Williams,22.5,-110,2026-07-04T05:17:05Z,Atlanta Dream,Golden State Valkyries
2026-07-04T05:17:50.576617+00:00,c7e2d1320d0907e35977d472bd02d7d6,2026-07-04T17:00:00Z,betonlineag,BetOnline.ag,player_points_rebounds_assists,Under,Gabby Williams,22.5,-118,2026-07-04T05:17:05Z,Atlanta Dream,Golden State Valkyries
2026-07-04T05:17:50.576617+00:00,c7e2d1320d0907e35977d472bd02d7d6,2026-07-04T17:00:00Z,betonlineag,BetOnline.ag,player_rebounds,Over,Allisha Gray,3.5,120,2026-07-04T05:17:05Z,Atlanta Dream,Golden State Valkyries
2026-07-04T05:17:50.576617+00:00,c7e2d1320d0907e35977d472bd02d7d6,2026-07-04T17:00:00Z,betonlineag,BetOnline.ag,player_rebounds,Under,Allisha Gray,3.5,-156,2026-07-04T05:17:05Z,Atlanta Dream,Golden State Valkyries
2026-07-04T05:17:50.576617+00:00,c7e2d1320d0907e35977d472bd02d7d6,2026-07-04T17:00:00Z,betonlineag,BetOnline.ag,player_rebounds,Over,Jordin Canada,3.5,122,2026-07-04T05:17:05Z,Atlanta Dream,Golden State Valkyries
2026-07-04T05:17:50.576617+00:00,c7e2d1320d0907e35977d472bd02d7d6,2026-07-04T17:00:00Z,betonlineag,BetOnline.ag,player_rebounds,Under,Jordin Canada,3.5,-159,2026-07-04T05:17:05Z,Atlanta Dream,Golden State Valkyries
2026-07-04T05:17:50.576617+00:00,c7e2d1320d0907e35977d472bd02d7d6,2026-07-04T17:00:00Z,betonlineag,BetOnline.ag,player_rebounds,Over,Veronica Burton,3.5,124,2026-07-04T05:17:05Z,Atlanta Dream,Golden State Valkyries
2026-07-04T05:17:50.576617+00:00,c7e2d1320d0907e35977d472bd02d7d6,2026-07-04T17:00:00Z,betonlineag,BetOnline.ag,player_rebounds,Under,Veronica Burton,3.5,-161,2026-07-04T05:17:05Z,Atlanta Dream,Golden State Valkyries
2026-07-04T05:17:50.576617+00:00,c7e2d1320d0907e35977d472bd02d7d6,2026-07-04T17:00:00Z,betonlineag,BetOnline.ag,player_rebounds,Over,Rhyne Howard,3.5,-141,2026-07-04T05:17:05Z,Atlanta Dream,Golden State Valkyries
2026-07-04T05:17:50.576617+00:00,c7e2d1320d0907e35977d472bd02d7d6,2026-07-04T17:00:00Z,betonlineag,BetOnline.ag,player_rebounds,Under,Rhyne Howard,3.5,108,2026-07-04T05:17:05Z,Atlanta Dream,Golden State Valkyries
2026-07-04T05:17:50.576617+00:00,c7e2d1320d0907e35977d472bd02d7d6,2026-07-04T17:00:00Z,betonlineag,BetOnline.ag,player_rebounds,Over,Kayla Thornton,5.5,132,2026-07-04T05:17:05Z,Atlanta Dream,Golden State Valkyries
2026-07-04T05:17:50.576617+00:00,c7e2d1320d0907e35977d472bd02d7d6,2026-07-04T17:00:00Z,betonlineag,BetOnline.ag,player_rebounds,Under,Kayla Thornton,5.5,-172,2026-07-04T05:17:05Z,Atlanta Dream,Golden State Valkyries
2026-07-04T05:17:50.576617+00:00,c7e2d1320d0907e35977d472bd02d7d6,2026-07-04T17:00:00Z,betonlineag,BetOnline.ag,player_rebounds,Over,Janelle Salaun,3.5,115,2026-07-04T05:17:05Z,Atlanta Dream,Golden State Valkyries
2026-07-04T05:17:50.576617+00:00,c7e2d1320d0907e35977d472bd02d7d6,2026-07-04T17:00:00Z,betonlineag,BetOnline.ag,player_rebounds,Under,Janelle Salaun,3.5,-149,2026-07-04T05:17:05Z,Atlanta Dream,Golden State Valkyries
2026-07-04T05:17:50.576617+00:00,c7e2d1320d0907e35977d472bd02d7d6,2026-07-04T17:00:00Z,betonlineag,BetOnline.ag,player_rebounds,Over,Gabby Williams,3.5,-137,2026-07-04T05:17:05Z,Atlanta Dream,Golden State Valkyries
2026-07-04T05:17:50.576617+00:00,c7e2d1320d0907e35977d472bd02d7d6,2026-07-04T17:00:00Z,betonlineag,BetOnline.ag,player_rebounds,Under,Gabby Williams,3.5,106,2026-07-04T05:17:05Z,Atlanta Dream,Golden State Valkyries
2026-07-04T05:17:50.576617+00:00,c7e2d1320d0907e35977d472bd02d7d6,2026-07-04T17:00:00Z,betonlineag,BetOnline.ag,player_rebounds,Over,Cecilia Zandalasini,2.5,141,2026-07-04T05:17:05Z,Atlanta Dream,Golden State Valkyries
2026-07-04T05:17:50.576617+00:00,c7e2d1320d0907e35977d472bd02d7d6,2026-07-04T17:00:00Z,betonlineag,BetOnline.ag,player_rebounds,Under,Cecilia Zandalasini,2.5,-185,2026-07-04T05:17:05Z,Atlanta Dream,Golden State Valkyries
2026-07-04T05:17:50.576617+00:00,c7e2d1320d0907e35977d472bd02d7d6,2026-07-04T17:00:00Z,betonlineag,BetOnline.ag,player_rebounds,Over,Angel Reese,12.5,104,2026-07-04T05:17:05Z,Atlanta Dream,Golden State Valkyries
2026-07-04T05:17:50.576617+00:00,c7e2d1320d0907e35977d472bd02d7d6,2026-07-04T17:00:00Z,betonlineag,BetOnline.ag,player_rebounds,Under,Angel Reese,12.5,-135,2026-07-04T05:17:05Z,Atlanta Dream,Golden State Valkyries
2026-07-04T05:17:50.576617+00:00,c7e2d1320d0907e35977d472bd02d7d6,2026-07-04T17:00:00Z,betonlineag,BetOnline.ag,player_threes,Over,Allisha Gray,1.5,-149,2026-07-04T05:17:05Z,Atlanta Dream,Golden State Valkyries
2026-07-04T05:17:50.576617+00:00,c7e2d1320d0907e35977d472bd02d7d6,2026-07-04T17:00:00Z,betonlineag,BetOnline.ag,player_threes,Under,Allisha Gray,1.5,115,2026-07-04T05:17:05Z,Atlanta Dream,Golden State Valkyries
2026-07-04T05:17:50.576617+00:00,c7e2d1320d0907e35977d472bd02d7d6,2026-07-04T17:00:00Z,betonlineag,BetOnline.ag,player_threes,Over,Veronica Burton,1.5,152,2026-07-04T05:17:05Z,Atlanta Dream,Golden State Valkyries
2026-07-04T05:17:50.576617+00:00,c7e2d1320d0907e35977d472bd02d7d6,2026-07-04T17:00:00Z,betonlineag,BetOnline.ag,player_threes,Under,Veronica Burton,1.5,-200,2026-07-04T05:17:05Z,Atlanta Dream,Golden State Valkyries
2026-07-04T05:17:50.576617+00:00,c7e2d1320d0907e35977d472bd02d7d6,2026-07-04T17:00:00Z,betonlineag,BetOnline.ag,player_threes,Over,Rhyne Howard,2.5,-132,2026-07-04T05:17:05Z,Atlanta Dream,Golden State Valkyries
2026-07-04T05:17:50.576617+00:00,c7e2d1320d0907e35977d472bd02d7d6,2026-07-04T17:00:00Z,betonlineag,BetOnline.ag,player_threes,Under,Rhyne Howard,2.5,102,2026-07-04T05:17:05Z,Atlanta Dream,Golden State Valkyries
2026-07-04T05:17:50.576617+00:00,c7e2d1320d0907e35977d472bd02d7d6,2026-07-04T17:00:00Z,betonlineag,BetOnline.ag,player_threes,Over,Cecilia Zandalasini,1.5,139,2026-07-04T05:17:05Z,Atlanta Dream,Golden State Valkyries
2026-07-04T05:17:50.576617+00:00,c7e2d1320d0907e35977d472bd02d7d6,2026-07-04T17:00:00Z,betonlineag,BetOnline.ag,player_threes,Under,Cecilia Zandalasini,1.5,-182,2026-07-04T05:17:05Z,Atlanta Dream,Golden State Valkyries
2026-07-04T05:17:50.576617+00:00,c7e2d1320d0907e35977d472bd02d7d6,2026-07-04T17:00:00Z,betonlineag,BetOnline.ag,player_threes,Over,Janelle Salaun,1.5,-164,2026-07-04T05:17:05Z,Atlanta Dream,Golden State Valkyries
2026-07-04T05:17:50.576617+00:00,c7e2d1320d0907e35977d472bd02d7d6,2026-07-04T17:00:00Z,betonlineag,BetOnline.ag,player_threes,Under,Janelle Salaun,1.5,125,2026-07-04T05:17:05Z,Atlanta Dream,Golden State Valkyries
2026-07-04T05:17:50.576617+00:00,c7e2d1320d0907e35977d472bd02d7d6,2026-07-04T17:00:00Z,betonlineag,BetOnline.ag,player_threes,Over,Kayla Thornton,1.5,124,2026-07-04T05:17:05Z,Atlanta Dream,Golden State Valkyries
2026-07-04T05:17:50.576617+00:00,c7e2d1320d0907e35977d472bd02d7d6,2026-07-04T17:00:00Z,betonlineag,BetOnline.ag,player_threes,Under,Kayla Thornton,1.5,-161,2026-07-04T05:17:05Z,Atlanta Dream,Golden State Valkyries
2026-07-04T05:17:50.576617+00:00,c7e2d1320d0907e35977d472bd02d7d6,2026-07-04T17:00:00Z,betonlineag,BetOnline.ag,player_threes,Over,Gabby Williams,1.5,-128,2026-07-04T05:17:05Z,Atlanta Dream,Golden State Valkyries
2026-07-04T05:17:50.576617+00:00,c7e2d1320d0907e35977d472bd02d7d6,2026-07-04T17:00:00Z,betonlineag,BetOnline.ag,player_threes,Under,Gabby Williams,1.5,-101,2026-07-04T05:17:05Z,Atlanta Dream,Golden State Valkyries
2026-07-04T05:17:50.576617+00:00,c7e2d1320d0907e35977d472bd02d7d6,2026-07-04T17:00:00Z,betonlineag,BetOnline.ag,player_threes,Over,Jordin Canada,1.5,182,2026-07-04T05:17:05Z,Atlanta Dream,Golden State Valkyries
2026-07-04T05:17:50.576617+00:00,c7e2d1320d0907e35977d472bd02d7d6,2026-07-04T17:00:00Z,betonlineag,BetOnline.ag,player_threes,Under,Jordin Canada,1.5,-244,2026-07-04T05:17:05Z,Atlanta Dream,Golden State Valkyries
2026-07-04T05:17:50.576617+00:00,a94e67bca9ed03e512eee9e32821184d,2026-07-05T01:00:00Z,fanduel,FanDuel,player_assists,Over,Natisha Hiedeman,4.5,-114,2026-07-04T05:16:53Z,Seattle Storm,Portland Fire
2026-07-04T05:17:50.576617+00:00,a94e67bca9ed03e512eee9e32821184d,2026-07-05T01:00:00Z,fanduel,FanDuel,player_assists,Under,Natisha Hiedeman,4.5,-114,2026-07-04T05:16:53Z,Seattle Storm,Portland Fire
2026-07-04T05:17:50.576617+00:00,a94e67bca9ed03e512eee9e32821184d,2026-07-05T01:00:00Z,fanduel,FanDuel,player_assists,Over,Carla Leite,6.5,-102,2026-07-04T05:16:53Z,Seattle Storm,Portland Fire
2026-07-04T05:17:50.576617+00:00,a94e67bca9ed03e512eee9e32821184d,2026-07-05T01:00:00Z,fanduel,FanDuel,player_assists,Under,Carla Leite,6.5,-130,2026-07-04T05:16:53Z,Seattle Storm,Portland Fire
2026-07-04T05:17:50.576617+00:00,a94e67bca9ed03e512eee9e32821184d,2026-07-05T01:00:00Z,fanduel,FanDuel,player_double_double,Yes,Dominique Malonga,,105,2026-07-04T05:16:53Z,Seattle Storm,Portland Fire
2026-07-04T05:17:50.576617+00:00,a94e67bca9ed03e512eee9e32821184d,2026-07-05T01:00:00Z,fanduel,FanDuel,player_double_double,Yes,Carla Leite,,550,2026-07-04T05:16:53Z,Seattle Storm,Portland Fire
2026-07-04T05:17:50.576617+00:00,a94e67bca9ed03e512eee9e32821184d,2026-07-05T01:00:00Z,fanduel,FanDuel,player_double_double,Yes,Flau'jae Johnson,,1300,2026-07-04T05:16:53Z,Seattle Storm,Portland Fire
2026-07-04T05:17:50.576617+00:00,a94e67bca9ed03e512eee9e32821184d,2026-07-05T01:00:00Z,fanduel,FanDuel,player_double_double,Yes,Awa Fam,,1400,2026-07-04T05:16:53Z,Seattle Storm,Portland Fire
2026-07-04T05:17:50.576617+00:00,a94e67bca9ed03e512eee9e32821184d,2026-07-05T01:00:00Z,fanduel,FanDuel,player_points,Over,Dominique Malonga,18.5,100,2026-07-04T05:16:53Z,Seattle Storm,Portland Fire
2026-07-04T05:17:50.576617+00:00,a94e67bca9ed03e512eee9e32821184d,2026-07-05T01:00:00Z,fanduel,FanDuel,player_points,Under,Dominique Malonga,18.5,-130,2026-07-04T05:16:53Z,Seattle Storm,Portland Fire
2026-07-04T05:17:50.576617+00:00,a94e67bca9ed03e512eee9e32821184d,2026-07-05T01:00:00Z,fanduel,FanDuel,player_points,Over,Bridget Carleton,13.5,-110,2026-07-04T05:16:53Z,Seattle Storm,Portland Fire
2026-07-04T05:17:50.576617+00:00,a94e67bca9ed03e512eee9e32821184d,2026-07-05T01:00:00Z,fanduel,FanDuel,player_points,Under,Bridget Carleton,13.5,-118,2026-07-04T05:16:53Z,Seattle Storm,Portland Fire
2026-07-04T05:17:50.576617+00:00,a94e67bca9ed03e512eee9e32821184d,2026-07-05T01:00:00Z,fanduel,FanDuel,player_points,Over,Natisha Hiedeman,15.5,102,2026-07-04T05:16:53Z,Seattle Storm,Portland Fire
2026-07-04T05:17:50.576617+00:00,a94e67bca9ed03e512eee9e32821184d,2026-07-05T01:00:00Z,fanduel,FanDuel,player_points,Under,Natisha Hiedeman,15.5,-132,2026-07-04T05:16:53Z,Seattle Storm,Portland Fire
2026-07-04T05:17:50.576617+00:00,a94e67bca9ed03e512eee9e32821184d,2026-07-05T01:00:00Z,fanduel,FanDuel,player_points,Over,Sarah Ashlee Barker,11.5,-102,2026-07-04T05:16:53Z,Seattle Storm,Portland Fire
2026-07-04T05:17:50.576617+00:00,a94e67bca9ed03e512eee9e32821184d,2026-07-05T01:00:00Z,fanduel,FanDuel,player_points,Under,Sarah Ashlee Barker,11.5,-128,2026-07-04T05:16:53Z,Seattle Storm,Portland Fire
2026-07-04T05:17:50.576617+00:00,a94e67bca9ed03e512eee9e32821184d,2026-07-05T01:00:00Z,fanduel,FanDuel,player_points,Over,Flau'jae Johnson,12.5,-114,2026-07-04T05:16:53Z,Seattle Storm,Portland Fire
2026-07-04T05:17:50.576617+00:00,a94e67bca9ed03e512eee9e32821184d,2026-07-05T01:00:00Z,fanduel,FanDuel,player_points,Under,Flau'jae Johnson,12.5,-114,2026-07-04T05:16:53Z,Seattle Storm,Portland Fire
2026-07-04T05:17:50.576617+00:00,a94e67bca9ed03e512eee9e32821184d,2026-07-05T01:00:00Z,fanduel,FanDuel,player_points,Over,Carla Leite,14.5,-113,2026-07-04T05:16:53Z,Seattle Storm,Portland Fire
2026-07-04T05:17:50.576617+00:00,a94e67bca9ed03e512eee9e32821184d,2026-07-05T01:00:00Z,fanduel,FanDuel,player_points,Under,Carla Leite,14.5,-115,2026-07-04T05:16:53Z,Seattle Storm,Portland Fire
2026-07-04T05:17:50.576617+00:00,a94e67bca9ed03e512eee9e32821184d,2026-07-05T01:00:00Z,fanduel,FanDuel,player_points,Over,Megan Gustafson,12.5,100,2026-07-04T05:16:53Z,Seattle Storm,Portland Fire
2026-07-04T05:17:50.576617+00:00,a94e67bca9ed03e512eee9e32821184d,2026-07-05T01:00:00Z,fanduel,FanDuel,player_points,Under,Megan Gustafson,12.5,-130,2026-07-04T05:16:53Z,Seattle Storm,Portland Fire
2026-07-04T05:17:50.576617+00:00,a94e67bca9ed03e512eee9e32821184d,2026-07-05T01:00:00Z,fanduel,FanDuel,player_points,Over,Awa Fam,11.5,-114,2026-07-04T05:16:53Z,Seattle Storm,Portland Fire
2026-07-04T05:17:50.576617+00:00,a94e67bca9ed03e512eee9e32821184d,2026-07-05T01:00:00Z,fanduel,FanDuel,player_points,Under,Awa Fam,11.5,-114,2026-07-04T05:16:53Z,Seattle Storm,Portland Fire
2026-07-04T05:17:50.576617+00:00,a94e67bca9ed03e512eee9e32821184d,2026-07-05T01:00:00Z,fanduel,FanDuel,player_points_assists,Over,Carla Leite,21.5,-102,2026-07-04T05:16:53Z,Seattle Storm,Portland Fire
2026-07-04T05:17:50.576617+00:00,a94e67bca9ed03e512eee9e32821184d,2026-07-05T01:00:00Z,fanduel,FanDuel,player_points_assists,Under,Carla Leite,21.5,-130,2026-07-04T05:16:53Z,Seattle Storm,Portland Fire
2026-07-04T05:17:50.576617+00:00,a94e67bca9ed03e512eee9e32821184d,2026-07-05T01:00:00Z,fanduel,FanDuel,player_points_assists,Over,Natisha Hiedeman,19.5,-120,2026-07-04T05:16:53Z,Seattle Storm,Portland Fire
2026-07-04T05:17:50.576617+00:00,a94e67bca9ed03e512eee9e32821184d,2026-07-05T01:00:00Z,fanduel,FanDuel,player_points_assists,Under,Natisha Hiedeman,19.5,-110,2026-07-04T05:16:53Z,Seattle Storm,Portland Fire
2026-07-04T05:17:50.576617+00:00,a94e67bca9ed03e512eee9e32821184d,2026-07-05T01:00:00Z,fanduel,FanDuel,player_points_rebounds,Over,Dominique Malonga,27.5,-110,2026-07-04T05:16:53Z,Seattle Storm,Portland Fire
2026-07-04T05:17:50.576617+00:00,a94e67bca9ed03e512eee9e32821184d,2026-07-05T01:00:00Z,fanduel,FanDuel,player_points_rebounds,Under,Dominique Malonga,27.5,-120,2026-07-04T05:16:53Z,Seattle Storm,Portland Fire
2026-07-04T05:17:50.576617+00:00,a94e67bca9ed03e512eee9e32821184d,2026-07-05T01:00:00Z,fanduel,FanDuel,player_points_rebounds,Over,Awa Fam,17.5,100,2026-07-04T05:16:53Z,Seattle Storm,Portland Fire
2026-07-04T05:17:50.576617+00:00,a94e67bca9ed03e512eee9e32821184d,2026-07-05T01:00:00Z,fanduel,FanDuel,player_points_rebounds,Under,Awa Fam,17.5,-132,2026-07-04T05:16:53Z,Seattle Storm,Portland Fire
2026-07-04T05:17:50.576617+00:00,a94e67bca9ed03e512eee9e32821184d,2026-07-05T01:00:00Z,fanduel,FanDuel,player_points_rebounds,Over,Bridget Carleton,17.5,-102,2026-07-04T05:16:53Z,Seattle Storm,Portland Fire
2026-07-04T05:17:50.576617+00:00,a94e67bca9ed03e512eee9e32821184d,2026-07-05T01:00:00Z,fanduel,FanDuel,player_points_rebounds,Under,Bridget Carleton,17.5,-130,2026-07-04T05:16:53Z,Seattle Storm,Portland Fire
2026-07-04T05:17:50.576617+00:00,a94e67bca9ed03e512eee9e32821184d,2026-07-05T01:00:00Z,fanduel,FanDuel,player_points_rebounds,Over,Flau'jae Johnson,18.5,-106,2026-07-04T05:16:53Z,Seattle Storm,Portland Fire
2026-07-04T05:17:50.576617+00:00,a94e67bca9ed03e512eee9e32821184d,2026-07-05T01:00:00Z,fanduel,FanDuel,player_points_rebounds,Under,Flau'jae Johnson,18.5,-125,2026-07-04T05:16:53Z,Seattle Storm,Portland Fire
2026-07-04T05:17:50.576617+00:00,a94e67bca9ed03e512eee9e32821184d,2026-07-05T01:00:00Z,fanduel,FanDuel,player_points_rebounds,Over,Megan Gustafson,15.5,-125,2026-07-04T05:16:53Z,Seattle Storm,Portland Fire
2026-07-04T05:17:50.576617+00:00,a94e67bca9ed03e512eee9e32821184d,2026-07-05T01:00:00Z,fanduel,FanDuel,player_points_rebounds,Under,Megan Gustafson,15.5,-106,2026-07-04T05:16:53Z,Seattle Storm,Portland Fire
2026-07-04T05:17:50.576617+00:00,a94e67bca9ed03e512eee9e32821184d,2026-07-05T01:00:00Z,fanduel,FanDuel,player_rebounds,Over,Awa Fam,5.5,-104,2026-07-04T05:16:53Z,Seattle Storm,Portland Fire
2026-07-04T05:17:50.576617+00:00,a94e67bca9ed03e512eee9e32821184d,2026-07-05T01:00:00Z,fanduel,FanDuel,player_rebounds,Under,Awa Fam,5.5,-128,2026-07-04T05:16:53Z,Seattle Storm,Portland Fire
2026-07-04T05:17:50.576617+00:00,a94e67bca9ed03e512eee9e32821184d,2026-07-05T01:00:00Z,fanduel,FanDuel,player_rebounds,Over,Bridget Carleton,3.5,-110,2026-07-04T05:16:53Z,Seattle Storm,Portland Fire
2026-07-04T05:17:50.576617+00:00,a94e67bca9ed03e512eee9e32821184d,2026-07-05T01:00:00Z,fanduel,FanDuel,player_rebounds,Under,Bridget Carleton,3.5,-120,2026-07-04T05:16:53Z,Seattle Storm,Portland Fire
2026-07-04T05:17:50.576617+00:00,a94e67bca9ed03e512eee9e32821184d,2026-07-05T01:00:00Z,fanduel,FanDuel,player_rebounds,Over,Dominique Malonga,8.5,-144,2026-07-04T05:16:53Z,Seattle Storm,Portland Fire
2026-07-04T05:17:50.576617+00:00,a94e67bca9ed03e512eee9e32821184d,2026-07-05T01:00:00Z,fanduel,FanDuel,player_rebounds,Under,Dominique Malonga,8.5,108,2026-07-04T05:16:53Z,Seattle Storm,Portland Fire
2026-07-04T05:17:50.576617+00:00,a94e67bca9ed03e512eee9e32821184d,2026-07-05T01:00:00Z,fanduel,FanDuel,player_rebounds,Over,Flau'jae Johnson,5.5,-106,2026-07-04T05:16:53Z,Seattle Storm,Portland Fire
2026-07-04T05:17:50.576617+00:00,a94e67bca9ed03e512eee9e32821184d,2026-07-05T01:00:00Z,fanduel,FanDuel,player_rebounds,Under,Flau'jae Johnson,5.5,-125,2026-07-04T05:16:53Z,Seattle Storm,Portland Fire
2026-07-04T05:17:50.576617+00:00,a94e67bca9ed03e512eee9e32821184d,2026-07-05T01:00:00Z,fanduel,FanDuel,player_rebounds,Over,Sarah Ashlee Barker,4.5,110,2026-07-04T05:16:53Z,Seattle Storm,Portland Fire
2026-07-04T05:17:50.576617+00:00,a94e67bca9ed03e512eee9e32821184d,2026-07-05T01:00:00Z,fanduel,FanDuel,player_rebounds,Under,Sarah Ashlee Barker,4.5,-146,2026-07-04T05:16:53Z,Seattle Storm,Portland Fire
2026-07-04T05:17:50.576617+00:00,a94e67bca9ed03e512eee9e32821184d,2026-07-05T01:00:00Z,fanduel,FanDuel,player_rebounds,Over,Megan Gustafson,3.5,-114,2026-07-04T05:16:53Z,Seattle Storm,Portland Fire
2026-07-04T05:17:50.576617+00:00,a94e67bca9ed03e512eee9e32821184d,2026-07-05T01:00:00Z,fanduel,FanDuel,player_rebounds,Under,Megan Gustafson,3.5,-114,2026-07-04T05:16:53Z,Seattle Storm,Portland Fire
2026-07-04T05:17:50.576617+00:00,a94e67bca9ed03e512eee9e32821184d,2026-07-05T01:00:00Z,fanduel,FanDuel,player_threes,Over,Bridget Carleton,2.5,114,2026-07-04T05:16:53Z,Seattle Storm,Portland Fire
2026-07-04T05:17:50.576617+00:00,a94e67bca9ed03e512eee9e32821184d,2026-07-05T01:00:00Z,fanduel,FanDuel,player_threes,Under,Bridget Carleton,2.5,-152,2026-07-04T05:16:53Z,Seattle Storm,Portland Fire
2026-07-04T05:17:50.576617+00:00,a94e67bca9ed03e512eee9e32821184d,2026-07-05T01:00:00Z,fanduel,FanDuel,player_threes,Over,Awa Fam,1.5,-114,2026-07-04T05:16:53Z,Seattle Storm,Portland Fire
2026-07-04T05:17:50.576617+00:00,a94e67bca9ed03e512eee9e32821184d,2026-07-05T01:00:00Z,fanduel,FanDuel,player_threes,Under,Awa Fam,1.5,-114,2026-07-04T05:16:53Z,Seattle Storm,Portland Fire
2026-07-04T05:17:50.576617+00:00,a94e67bca9ed03e512eee9e32821184d,2026-07-05T01:00:00Z,fanduel,FanDuel,player_threes,Over,Flau'jae Johnson,1.5,-114,2026-07-04T05:16:53Z,Seattle Storm,Portland Fire
2026-07-04T05:17:50.576617+00:00,a94e67bca9ed03e512eee9e32821184d,2026-07-05T01:00:00Z,fanduel,FanDuel,player_threes,Under,Flau'jae Johnson,1.5,-114,2026-07-04T05:16:53Z,Seattle Storm,Portland Fire
2026-07-04T05:17:50.576617+00:00,a94e67bca9ed03e512eee9e32821184d,2026-07-05T01:00:00Z,fanduel,FanDuel,player_threes,Over,Natisha Hiedeman,2.5,158,2026-07-04T05:16:53Z,Seattle Storm,Portland Fire
2026-07-04T05:17:50.576617+00:00,a94e67bca9ed03e512eee9e32821184d,2026-07-05T01:00:00Z,fanduel,FanDuel,player_threes,Under,Natisha Hiedeman,2.5,-215,2026-07-04T05:16:53Z,Seattle Storm,Portland Fire
2026-07-04T05:17:50.576617+00:00,a94e67bca9ed03e512eee9e32821184d,2026-07-05T01:00:00Z,fanduel,FanDuel,player_threes,Over,Sarah Ashlee Barker,1.5,102,2026-07-04T05:16:53Z,Seattle Storm,Portland Fire
2026-07-04T05:17:50.576617+00:00,a94e67bca9ed03e512eee9e32821184d,2026-07-05T01:00:00Z,fanduel,FanDuel,player_threes,Under,Sarah Ashlee Barker,1.5,-136,2026-07-04T05:16:53Z,Seattle Storm,Portland Fire
2026-07-04T05:17:50.576617+00:00,a94e67bca9ed03e512eee9e32821184d,2026-07-05T01:00:00Z,fanduel,FanDuel,player_threes,Over,Megan Gustafson,1.5,108,2026-07-04T05:16:53Z,Seattle Storm,Portland Fire
2026-07-04T05:17:50.576617+00:00,a94e67bca9ed03e512eee9e32821184d,2026-07-05T01:00:00Z,fanduel,FanDuel,player_threes,Under,Megan Gustafson,1.5,-144,2026-07-04T05:16:53Z,Seattle Storm,Portland Fire
2026-07-04T05:17:50.576617+00:00,a94e67bca9ed03e512eee9e32821184d,2026-07-05T01:00:00Z,fanatics,Fanatics,player_double_double,Yes,Natisha Hiedeman,,2000,2026-07-04T05:17:43Z,Seattle Storm,Portland Fire
2026-07-04T05:17:50.576617+00:00,a94e67bca9ed03e512eee9e32821184d,2026-07-05T01:00:00Z,fanatics,Fanatics,player_double_double,Yes,Carla Leite,,600,2026-07-04T05:17:43Z,Seattle Storm,Portland Fire
2026-07-04T05:17:50.576617+00:00,a94e67bca9ed03e512eee9e32821184d,2026-07-05T01:00:00Z,draftkings,DraftKings,player_assists,Over,Carla Leite,6.5,110,2026-07-04T05:17:35Z,Seattle Storm,Portland Fire
2026-07-04T05:17:50.576617+00:00,a94e67bca9ed03e512eee9e32821184d,2026-07-05T01:00:00Z,draftkings,DraftKings,player_assists,Under,Carla Leite,6.5,-150,2026-07-04T05:17:35Z,Seattle Storm,Portland Fire
2026-07-04T05:17:50.576617+00:00,a94e67bca9ed03e512eee9e32821184d,2026-07-05T01:00:00Z,draftkings,DraftKings,player_assists,Over,Natisha Hiedeman,4.5,-112,2026-07-04T05:17:35Z,Seattle Storm,Portland Fire
2026-07-04T05:17:50.576617+00:00,a94e67bca9ed03e512eee9e32821184d,2026-07-05T01:00:00Z,draftkings,DraftKings,player_assists,Under,Natisha Hiedeman,4.5,-121,2026-07-04T05:17:35Z,Seattle Storm,Portland Fire
2026-07-04T05:17:50.576617+00:00,a94e67bca9ed03e512eee9e32821184d,2026-07-05T01:00:00Z,draftkings,DraftKings,player_double_double,Yes,Dominique Malonga,,141,2026-07-04T05:17:35Z,Seattle Storm,Portland Fire
2026-07-04T05:17:50.576617+00:00,a94e67bca9ed03e512eee9e32821184d,2026-07-05T01:00:00Z,draftkings,DraftKings,player_double_double,Yes,Carla Leite,,650,2026-07-04T05:17:35Z,Seattle Storm,Portland Fire
2026-07-04T05:17:50.576617+00:00,a94e67bca9ed03e512eee9e32821184d,2026-07-05T01:00:00Z,draftkings,DraftKings,player_double_double,Yes,Flau'jae Johnson,,950,2026-07-04T05:17:35Z,Seattle Storm,Portland Fire
2026-07-04T05:17:50.576617+00:00,a94e67bca9ed03e512eee9e32821184d,2026-07-05T01:00:00Z,draftkings,DraftKings,player_double_double,Yes,Awa Fam,,1120,2026-07-04T05:17:35Z,Seattle Storm,Portland Fire
2026-07-04T05:17:50.576617+00:00,a94e67bca9ed03e512eee9e32821184d,2026-07-05T01:00:00Z,draftkings,DraftKings,player_double_double,Yes,Natisha Hiedeman,,1980,2026-07-04T05:17:35Z,Seattle Storm,Portland Fire
2026-07-04T05:17:50.576617+00:00,a94e67bca9ed03e512eee9e32821184d,2026-07-05T01:00:00Z,draftkings,DraftKings,player_double_double,Yes,Jade Melbourne,,2500,2026-07-04T05:17:35Z,Seattle Storm,Portland Fire
2026-07-04T05:17:50.576617+00:00,a94e67bca9ed03e512eee9e32821184d,2026-07-05T01:00:00Z,draftkings,DraftKings,player_double_double,Yes,Sarah Ashlee Barker,,3100,2026-07-04T05:17:35Z,Seattle Storm,Portland Fire
2026-07-04T05:17:50.576617+00:00,a94e67bca9ed03e512eee9e32821184d,2026-07-05T01:00:00Z,draftkings,DraftKings,player_double_double,Yes,Megan Gustafson,,4000,2026-07-04T05:17:35Z,Seattle Storm,Portland Fire
2026-07-04T05:17:50.576617+00:00,a94e67bca9ed03e512eee9e32821184d,2026-07-05T01:00:00Z,draftkings,DraftKings,player_double_double,Yes,Bridget Carleton,,4400,2026-07-04T05:17:35Z,Seattle Storm,Portland Fire
2026-07-04T05:17:50.576617+00:00,a94e67bca9ed03e512eee9e32821184d,2026-07-05T01:00:00Z,draftkings,DraftKings,player_points,Over,Dominique Malonga,18.5,-106,2026-07-04T05:17:35Z,Seattle Storm,Portland Fire
2026-07-04T05:17:50.576617+00:00,a94e67bca9ed03e512eee9e32821184d,2026-07-05T01:00:00Z,draftkings,DraftKings,player_points,Under,Dominique Malonga,18.5,-125,2026-07-04T05:17:35Z,Seattle Storm,Portland Fire
2026-07-04T05:17:50.576617+00:00,a94e67bca9ed03e512eee9e32821184d,2026-07-05T01:00:00Z,draftkings,DraftKings,player_points,Over,Natisha Hiedeman,15.5,-108,2026-07-04T05:17:35Z,Seattle Storm,Portland Fire
2026-07-04T05:17:50.576617+00:00,a94e67bca9ed03e512eee9e32821184d,2026-07-05T01:00:00Z,draftkings,DraftKings,player_points,Under,Natisha Hiedeman,15.5,-123,2026-07-04T05:17:35Z,Seattle Storm,Portland Fire
2026-07-04T05:17:50.576617+00:00,a94e67bca9ed03e512eee9e32821184d,2026-07-05T01:00:00Z,draftkings,DraftKings,player_points,Over,Carla Leite,14.5,-120,2026-07-04T05:17:35Z,Seattle Storm,Portland Fire
2026-07-04T05:17:50.576617+00:00,a94e67bca9ed03e512eee9e32821184d,2026-07-05T01:00:00Z,draftkings,DraftKings,player_points,Under,Carla Leite,14.5,-110,2026-07-04T05:17:35Z,Seattle Storm,Portland Fire
2026-07-04T05:17:50.576617+00:00,a94e67bca9ed03e512eee9e32821184d,2026-07-05T01:00:00Z,draftkings,DraftKings,player_points,Over,Bridget Carleton,13.5,-117,2026-07-04T05:17:35Z,Seattle Storm,Portland Fire
2026-07-04T05:17:50.576617+00:00,a94e67bca9ed03e512eee9e32821184d,2026-07-05T01:00:00Z,draftkings,DraftKings,player_points,Under,Bridget Carleton,13.5,-113,2026-07-04T05:17:35Z,Seattle Storm,Portland Fire
2026-07-04T05:17:50.576617+00:00,a94e67bca9ed03e512eee9e32821184d,2026-07-05T01:00:00Z,draftkings,DraftKings,player_points,Over,Flau'jae Johnson,12.5,-116,2026-07-04T05:17:35Z,Seattle Storm,Portland Fire
2026-07-04T05:17:50.576617+00:00,a94e67bca9ed03e512eee9e32821184d,2026-07-05T01:00:00Z,draftkings,DraftKings,player_points,Under,Flau'jae Johnson,12.5,-114,2026-07-04T05:17:35Z,Seattle Storm,Portland Fire
2026-07-04T05:17:50.576617+00:00,a94e67bca9ed03e512eee9e32821184d,2026-07-05T01:00:00Z,draftkings,DraftKings,player_points,Over,Megan Gustafson,12.5,-106,2026-07-04T05:17:35Z,Seattle Storm,Portland Fire
2026-07-04T05:17:50.576617+00:00,a94e67bca9ed03e512eee9e32821184d,2026-07-05T01:00:00Z,draftkings,DraftKings,player_points,Under,Megan Gustafson,12.5,-125,2026-07-04T05:17:35Z,Seattle Storm,Portland Fire
2026-07-04T05:17:50.576617+00:00,a94e67bca9ed03e512eee9e32821184d,2026-07-05T01:00:00Z,draftkings,DraftKings,player_points,Over,Awa Fam,11.5,-117,2026-07-04T05:17:35Z,Seattle Storm,Portland Fire
2026-07-04T05:17:50.576617+00:00,a94e67bca9ed03e512eee9e32821184d,2026-07-05T01:00:00Z,draftkings,DraftKings,player_points,Under,Awa Fam,11.5,-113,2026-07-04T05:17:35Z,Seattle Storm,Portland Fire
2026-07-04T05:17:50.576617+00:00,a94e67bca9ed03e512eee9e32821184d,2026-07-05T01:00:00Z,draftkings,DraftKings,player_points,Over,Sarah Ashlee Barker,11.5,-105,2026-07-04T05:17:35Z,Seattle Storm,Portland Fire
2026-07-04T05:17:50.576617+00:00,a94e67bca9ed03e512eee9e32821184d,2026-07-05T01:00:00Z,draftkings,DraftKings,player_points,Under,Sarah Ashlee Barker,11.5,-127,2026-07-04T05:17:35Z,Seattle Storm,Portland Fire
2026-07-04T05:17:50.576617+00:00,a94e67bca9ed03e512eee9e32821184d,2026-07-05T01:00:00Z,draftkings,DraftKings,player_points_assists,Over,Carla Leite,21.5,-108,2026-07-04T05:17:35Z,Seattle Storm,Portland Fire
2026-07-04T05:17:50.576617+00:00,a94e67bca9ed03e512eee9e32821184d,2026-07-05T01:00:00Z,draftkings,DraftKings,player_points_assists,Under,Carla Leite,21.5,-126,2026-07-04T05:17:35Z,Seattle Storm,Portland Fire
2026-07-04T05:17:50.576617+00:00,a94e67bca9ed03e512eee9e32821184d,2026-07-05T01:00:00Z,draftkings,DraftKings,player_points_assists,Over,Natisha Hiedeman,19.5,-130,2026-07-04T05:17:35Z,Seattle Storm,Portland Fire
2026-07-04T05:17:50.576617+00:00,a94e67bca9ed03e512eee9e32821184d,2026-07-05T01:00:00Z,draftkings,DraftKings,player_points_assists,Under,Natisha Hiedeman,19.5,-105,2026-07-04T05:17:35Z,Seattle Storm,Portland Fire
2026-07-04T05:17:50.576617+00:00,a94e67bca9ed03e512eee9e32821184d,2026-07-05T01:00:00Z,draftkings,DraftKings,player_points_rebounds,Over,Dominique Malonga,26.5,-125,2026-07-04T05:17:35Z,Seattle Storm,Portland Fire
2026-07-04T05:17:50.576617+00:00,a94e67bca9ed03e512eee9e32821184d,2026-07-05T01:00:00Z,draftkings,DraftKings,player_points_rebounds,Under,Dominique Malonga,26.5,-109,2026-07-04T05:17:35Z,Seattle Storm,Portland Fire
2026-07-04T05:17:50.576617+00:00,a94e67bca9ed03e512eee9e32821184d,2026-07-05T01:00:00Z,draftkings,DraftKings,player_points_rebounds,Over,Flau'jae Johnson,18.5,-112,2026-07-04T05:17:35Z,Seattle Storm,Portland Fire
2026-07-04T05:17:50.576617+00:00,a94e67bca9ed03e512eee9e32821184d,2026-07-05T01:00:00Z,draftkings,DraftKings,player_points_rebounds,Under,Flau'jae Johnson,18.5,-121,2026-07-04T05:17:35Z,Seattle Storm,Portland Fire
2026-07-04T05:17:50.576617+00:00,a94e67bca9ed03e512eee9e32821184d,2026-07-05T01:00:00Z,draftkings,DraftKings,player_points_rebounds,Over,Natisha Hiedeman,17.5,-124,2026-07-04T05:17:35Z,Seattle Storm,Portland Fire
2026-07-04T05:17:50.576617+00:00,a94e67bca9ed03e512eee9e32821184d,2026-07-05T01:00:00Z,draftkings,DraftKings,player_points_rebounds,Under,Natisha Hiedeman,17.5,-110,2026-07-04T05:17:35Z,Seattle Storm,Portland Fire
2026-07-04T05:17:50.576617+00:00,a94e67bca9ed03e512eee9e32821184d,2026-07-05T01:00:00Z,draftkings,DraftKings,player_points_rebounds,Over,Awa Fam,17.5,-113,2026-07-04T05:17:35Z,Seattle Storm,Portland Fire
2026-07-04T05:17:50.576617+00:00,a94e67bca9ed03e512eee9e32821184d,2026-07-05T01:00:00Z,draftkings,DraftKings,player_points_rebounds,Under,Awa Fam,17.5,-120,2026-07-04T05:17:35Z,Seattle Storm,Portland Fire
2026-07-04T05:17:50.576617+00:00,a94e67bca9ed03e512eee9e32821184d,2026-07-05T01:00:00Z,draftkings,DraftKings,player_points_rebounds,Over,Bridget Carleton,17.5,-108,2026-07-04T05:17:35Z,Seattle Storm,Portland Fire
2026-07-04T05:17:50.576617+00:00,a94e67bca9ed03e512eee9e32821184d,2026-07-05T01:00:00Z,draftkings,DraftKings,player_points_rebounds,Under,Bridget Carleton,17.5,-125,2026-07-04T05:17:35Z,Seattle Storm,Portland Fire
2026-07-04T05:17:50.576617+00:00,a94e67bca9ed03e512eee9e32821184d,2026-07-05T01:00:00Z,draftkings,DraftKings,player_points_rebounds,Over,Carla Leite,17.5,-105,2026-07-04T05:17:35Z,Seattle Storm,Portland Fire
2026-07-04T05:17:50.576617+00:00,a94e67bca9ed03e512eee9e32821184d,2026-07-05T01:00:00Z,draftkings,DraftKings,player_points_rebounds,Under,Carla Leite,17.5,-130,2026-07-04T05:17:35Z,Seattle Storm,Portland Fire
2026-07-04T05:17:50.576617+00:00,a94e67bca9ed03e512eee9e32821184d,2026-07-05T01:00:00Z,draftkings,DraftKings,player_points_rebounds,Over,Megan Gustafson,15.5,-123,2026-07-04T05:17:35Z,Seattle Storm,Portland Fire
2026-07-04T05:17:50.576617+00:00,a94e67bca9ed03e512eee9e32821184d,2026-07-05T01:00:00Z,draftkings,DraftKings,player_points_rebounds,Under,Megan Gustafson,15.5,-111,2026-07-04T05:17:35Z,Seattle Storm,Portland Fire
2026-07-04T05:17:50.576617+00:00,a94e67bca9ed03e512eee9e32821184d,2026-07-05T01:00:00Z,draftkings,DraftKings,player_points_rebounds,Over,Sarah Ashlee Barker,15.5,-115,2026-07-04T05:17:35Z,Seattle Storm,Portland Fire
2026-07-04T05:17:50.576617+00:00,a94e67bca9ed03e512eee9e32821184d,2026-07-05T01:00:00Z,draftkings,DraftKings,player_points_rebounds,Under,Sarah Ashlee Barker,15.5,-118,2026-07-04T05:17:35Z,Seattle Storm,Portland Fire
2026-07-04T05:17:50.576617+00:00,a94e67bca9ed03e512eee9e32821184d,2026-07-05T01:00:00Z,draftkings,DraftKings,player_points_rebounds_assists,Over,Carla Leite,23.5,-116,2026-07-04T05:17:35Z,Seattle Storm,Portland Fire
2026-07-04T05:17:50.576617+00:00,a94e67bca9ed03e512eee9e32821184d,2026-07-05T01:00:00Z,draftkings,DraftKings,player_points_rebounds_assists,Under,Carla Leite,23.5,-117,2026-07-04T05:17:35Z,Seattle Storm,Portland Fire
2026-07-04T05:17:50.576617+00:00,a94e67bca9ed03e512eee9e32821184d,2026-07-05T01:00:00Z,draftkings,DraftKings,player_points_rebounds_assists,Over,Natisha Hiedeman,22.5,-116,2026-07-04T05:17:35Z,Seattle Storm,Portland Fire
2026-07-04T05:17:50.576617+00:00,a94e67bca9ed03e512eee9e32821184d,2026-07-05T01:00:00Z,draftkings,DraftKings,player_points_rebounds_assists,Under,Natisha Hiedeman,22.5,-117,2026-07-04T05:17:35Z,Seattle Storm,Portland Fire
2026-07-04T05:17:50.576617+00:00,a94e67bca9ed03e512eee9e32821184d,2026-07-05T01:00:00Z,draftkings,DraftKings,player_rebounds,Over,Dominique Malonga,8.5,-122,2026-07-04T05:17:35Z,Seattle Storm,Portland Fire
2026-07-04T05:17:50.576617+00:00,a94e67bca9ed03e512eee9e32821184d,2026-07-05T01:00:00Z,draftkings,DraftKings,player_rebounds,Under,Dominique Malonga,8.5,-111,2026-07-04T05:17:35Z,Seattle Storm,Portland Fire
2026-07-04T05:17:50.576617+00:00,a94e67bca9ed03e512eee9e32821184d,2026-07-05T01:00:00Z,draftkings,DraftKings,player_rebounds,Over,Flau'jae Johnson,5.5,-117,2026-07-04T05:17:35Z,Seattle Storm,Portland Fire
2026-07-04T05:17:50.576617+00:00,a94e67bca9ed03e512eee9e32821184d,2026-07-05T01:00:00Z,draftkings,DraftKings,player_rebounds,Under,Flau'jae Johnson,5.5,-116,2026-07-04T05:17:35Z,Seattle Storm,Portland Fire
2026-07-04T05:17:50.576617+00:00,a94e67bca9ed03e512eee9e32821184d,2026-07-05T01:00:00Z,draftkings,DraftKings,player_rebounds,Over,Awa Fam,5.5,-112,2026-07-04T05:17:35Z,Seattle Storm,Portland Fire
2026-07-04T05:17:50.576617+00:00,a94e67bca9ed03e512eee9e32821184d,2026-07-05T01:00:00Z,draftkings,DraftKings,player_rebounds,Under,Awa Fam,5.5,-121,2026-07-04T05:17:35Z,Seattle Storm,Portland Fire
2026-07-04T05:17:50.576617+00:00,a94e67bca9ed03e512eee9e32821184d,2026-07-05T01:00:00Z,draftkings,DraftKings,player_rebounds,Over,Sarah Ashlee Barker,3.5,-167,2026-07-04T05:17:35Z,Seattle Storm,Portland Fire
2026-07-04T05:17:50.576617+00:00,a94e67bca9ed03e512eee9e32821184d,2026-07-05T01:00:00Z,draftkings,DraftKings,player_rebounds,Under,Sarah Ashlee Barker,3.5,123,2026-07-04T05:17:35Z,Seattle Storm,Portland Fire
2026-07-04T05:17:50.576617+00:00,a94e67bca9ed03e512eee9e32821184d,2026-07-05T01:00:00Z,draftkings,DraftKings,player_rebounds,Over,Bridget Carleton,3.5,-103,2026-07-04T05:17:35Z,Seattle Storm,Portland Fire
2026-07-04T05:17:50.576617+00:00,a94e67bca9ed03e512eee9e32821184d,2026-07-05T01:00:00Z,draftkings,DraftKings,player_rebounds,Under,Bridget Carleton,3.5,-132,2026-07-04T05:17:35Z,Seattle Storm,Portland Fire
2026-07-04T05:17:50.576617+00:00,a94e67bca9ed03e512eee9e32821184d,2026-07-05T01:00:00Z,draftkings,DraftKings,player_rebounds,Over,Megan Gustafson,3.5,-101,2026-07-04T05:17:35Z,Seattle Storm,Portland Fire
2026-07-04T05:17:50.576617+00:00,a94e67bca9ed03e512eee9e32821184d,2026-07-05T01:00:00Z,draftkings,DraftKings,player_rebounds,Under,Megan Gustafson,3.5,-134,2026-07-04T05:17:35Z,Seattle Storm,Portland Fire
2026-07-04T05:17:50.576617+00:00,a94e67bca9ed03e512eee9e32821184d,2026-07-05T01:00:00Z,draftkings,DraftKings,player_rebounds,Over,Natisha Hiedeman,2.5,108,2026-07-04T05:17:35Z,Seattle Storm,Portland Fire
2026-07-04T05:17:50.576617+00:00,a94e67bca9ed03e512eee9e32821184d,2026-07-05T01:00:00Z,draftkings,DraftKings,player_rebounds,Under,Natisha Hiedeman,2.5,-147,2026-07-04T05:17:35Z,Seattle Storm,Portland Fire
2026-07-04T05:17:50.576617+00:00,a94e67bca9ed03e512eee9e32821184d,2026-07-05T01:00:00Z,draftkings,DraftKings,player_rebounds,Over,Carla Leite,2.5,119,2026-07-04T05:17:35Z,Seattle Storm,Portland Fire
2026-07-04T05:17:50.576617+00:00,a94e67bca9ed03e512eee9e32821184d,2026-07-05T01:00:00Z,draftkings,DraftKings,player_rebounds,Under,Carla Leite,2.5,-162,2026-07-04T05:17:35Z,Seattle Storm,Portland Fire
2026-07-04T05:17:50.576617+00:00,a94e67bca9ed03e512eee9e32821184d,2026-07-05T01:00:00Z,draftkings,DraftKings,player_rebounds_assists,Over,Carla Leite,8.5,-111,2026-07-04T05:17:35Z,Seattle Storm,Portland Fire
2026-07-04T05:17:50.576617+00:00,a94e67bca9ed03e512eee9e32821184d,2026-07-05T01:00:00Z,draftkings,DraftKings,player_rebounds_assists,Under,Carla Leite,8.5,-122,2026-07-04T05:17:35Z,Seattle Storm,Portland Fire
2026-07-04T05:17:50.576617+00:00,a94e67bca9ed03e512eee9e32821184d,2026-07-05T01:00:00Z,draftkings,DraftKings,player_rebounds_assists,Over,Natisha Hiedeman,6.5,-144,2026-07-04T05:17:35Z,Seattle Storm,Portland Fire
2026-07-04T05:17:50.576617+00:00,a94e67bca9ed03e512eee9e32821184d,2026-07-05T01:00:00Z,draftkings,DraftKings,player_rebounds_assists,Under,Natisha Hiedeman,6.5,106,2026-07-04T05:17:35Z,Seattle Storm,Portland Fire
2026-07-04T05:17:50.576617+00:00,a94e67bca9ed03e512eee9e32821184d,2026-07-05T01:00:00Z,draftkings,DraftKings,player_threes,Over,Bridget Carleton,2.5,-105,2026-07-04T05:17:35Z,Seattle Storm,Portland Fire
2026-07-04T05:17:50.576617+00:00,a94e67bca9ed03e512eee9e32821184d,2026-07-05T01:00:00Z,draftkings,DraftKings,player_threes,Under,Bridget Carleton,2.5,-130,2026-07-04T05:17:35Z,Seattle Storm,Portland Fire
2026-07-04T05:17:50.576617+00:00,a94e67bca9ed03e512eee9e32821184d,2026-07-05T01:00:00Z,draftkings,DraftKings,player_threes,Over,Natisha Hiedeman,1.5,-197,2026-07-04T05:17:35Z,Seattle Storm,Portland Fire
2026-07-04T05:17:50.576617+00:00,a94e67bca9ed03e512eee9e32821184d,2026-07-05T01:00:00Z,draftkings,DraftKings,player_threes,Under,Natisha Hiedeman,1.5,143,2026-07-04T05:17:35Z,Seattle Storm,Portland Fire
2026-07-04T05:17:50.576617+00:00,a94e67bca9ed03e512eee9e32821184d,2026-07-05T01:00:00Z,draftkings,DraftKings,player_threes,Over,Awa Fam,1.5,-121,2026-07-04T05:17:35Z,Seattle Storm,Portland Fire
2026-07-04T05:17:50.576617+00:00,a94e67bca9ed03e512eee9e32821184d,2026-07-05T01:00:00Z,draftkings,DraftKings,player_threes,Under,Awa Fam,1.5,-112,2026-07-04T05:17:35Z,Seattle Storm,Portland Fire
2026-07-04T05:17:50.576617+00:00,a94e67bca9ed03e512eee9e32821184d,2026-07-05T01:00:00Z,draftkings,DraftKings,player_threes,Over,Flau'jae Johnson,1.5,-121,2026-07-04T05:17:35Z,Seattle Storm,Portland Fire
2026-07-04T05:17:50.576617+00:00,a94e67bca9ed03e512eee9e32821184d,2026-07-05T01:00:00Z,draftkings,DraftKings,player_threes,Under,Flau'jae Johnson,1.5,-112,2026-07-04T05:17:35Z,Seattle Storm,Portland Fire
2026-07-04T05:17:50.576617+00:00,a94e67bca9ed03e512eee9e32821184d,2026-07-05T01:00:00Z,draftkings,DraftKings,player_threes,Over,Sarah Ashlee Barker,1.5,-114,2026-07-04T05:17:35Z,Seattle Storm,Portland Fire
2026-07-04T05:17:50.576617+00:00,a94e67bca9ed03e512eee9e32821184d,2026-07-05T01:00:00Z,draftkings,DraftKings,player_threes,Under,Sarah Ashlee Barker,1.5,-119,2026-07-04T05:17:35Z,Seattle Storm,Portland Fire
2026-07-04T05:17:50.576617+00:00,a94e67bca9ed03e512eee9e32821184d,2026-07-05T01:00:00Z,draftkings,DraftKings,player_threes,Over,Megan Gustafson,1.5,108,2026-07-04T05:17:35Z,Seattle Storm,Portland Fire
2026-07-04T05:17:50.576617+00:00,a94e67bca9ed03e512eee9e32821184d,2026-07-05T01:00:00Z,draftkings,DraftKings,player_threes,Under,Megan Gustafson,1.5,-147,2026-07-04T05:17:35Z,Seattle Storm,Portland Fire
2026-07-04T05:17:50.576617+00:00,a94e67bca9ed03e512eee9e32821184d,2026-07-05T01:00:00Z,draftkings,DraftKings,player_threes,Over,Carla Leite,0.5,-195,2026-07-04T05:17:35Z,Seattle Storm,Portland Fire
2026-07-04T05:17:50.576617+00:00,a94e67bca9ed03e512eee9e32821184d,2026-07-05T01:00:00Z,draftkings,DraftKings,player_threes,Under,Carla Leite,0.5,142,2026-07-04T05:17:35Z,Seattle Storm,Portland Fire
2026-07-04T05:17:50.576617+00:00,a94e67bca9ed03e512eee9e32821184d,2026-07-05T01:00:00Z,draftkings,DraftKings,player_triple_double,Yes,Flau'jae Johnson,,6000,2026-07-04T05:17:35Z,Seattle Storm,Portland Fire
2026-07-04T05:17:50.576617+00:00,a94e67bca9ed03e512eee9e32821184d,2026-07-05T01:00:00Z,draftkings,DraftKings,player_triple_double,Yes,Awa Fam,,6300,2026-07-04T05:17:35Z,Seattle Storm,Portland Fire
2026-07-04T05:17:50.576617+00:00,a94e67bca9ed03e512eee9e32821184d,2026-07-05T01:00:00Z,draftkings,DraftKings,player_triple_double,Yes,Carla Leite,,6300,2026-07-04T05:17:35Z,Seattle Storm,Portland Fire
2026-07-04T05:17:50.576617+00:00,a94e67bca9ed03e512eee9e32821184d,2026-07-05T01:00:00Z,williamhill_us,Caesars,player_assists,Over,Natisha Hiedeman,4.5,-117,2026-07-04T05:16:49Z,Seattle Storm,Portland Fire
2026-07-04T05:17:50.576617+00:00,a94e67bca9ed03e512eee9e32821184d,2026-07-05T01:00:00Z,williamhill_us,Caesars,player_assists,Under,Natisha Hiedeman,4.5,-115,2026-07-04T05:16:49Z,Seattle Storm,Portland Fire
2026-07-04T05:17:50.576617+00:00,a94e67bca9ed03e512eee9e32821184d,2026-07-05T01:00:00Z,williamhill_us,Caesars,player_assists,Over,Carla Leite,6.5,105,2026-07-04T05:16:49Z,Seattle Storm,Portland Fire
2026-07-04T05:17:50.576617+00:00,a94e67bca9ed03e512eee9e32821184d,2026-07-05T01:00:00Z,williamhill_us,Caesars,player_assists,Under,Carla Leite,6.5,-139,2026-07-04T05:16:49Z,Seattle Storm,Portland Fire
2026-07-04T05:17:50.576617+00:00,a94e67bca9ed03e512eee9e32821184d,2026-07-05T01:00:00Z,williamhill_us,Caesars,player_double_double,Yes,Dominique Malonga,,120,2026-07-04T05:16:49Z,Seattle Storm,Portland Fire
2026-07-04T05:17:50.576617+00:00,a94e67bca9ed03e512eee9e32821184d,2026-07-05T01:00:00Z,williamhill_us,Caesars,player_double_double,Yes,Carla Leite,,575,2026-07-04T05:16:49Z,Seattle Storm,Portland Fire
2026-07-04T05:17:50.576617+00:00,a94e67bca9ed03e512eee9e32821184d,2026-07-05T01:00:00Z,williamhill_us,Caesars,player_double_double,Yes,Flau'jae Johnson,,1000,2026-07-04T05:16:49Z,Seattle Storm,Portland Fire
2026-07-04T05:17:50.576617+00:00,a94e67bca9ed03e512eee9e32821184d,2026-07-05T01:00:00Z,williamhill_us,Caesars,player_double_double,Yes,Awa Fam,,1200,2026-07-04T05:16:49Z,Seattle Storm,Portland Fire
2026-07-04T05:17:50.576617+00:00,a94e67bca9ed03e512eee9e32821184d,2026-07-05T01:00:00Z,williamhill_us,Caesars,player_points,Over,Natisha Hiedeman,15.5,-107,2026-07-04T05:16:49Z,Seattle Storm,Portland Fire
2026-07-04T05:17:50.576617+00:00,a94e67bca9ed03e512eee9e32821184d,2026-07-05T01:00:00Z,williamhill_us,Caesars,player_points,Under,Natisha Hiedeman,15.5,-124,2026-07-04T05:16:49Z,Seattle Storm,Portland Fire
2026-07-04T05:17:50.576617+00:00,a94e67bca9ed03e512eee9e32821184d,2026-07-05T01:00:00Z,williamhill_us,Caesars,player_points,Over,Carla Leite,14.5,-117,2026-07-04T05:16:49Z,Seattle Storm,Portland Fire
2026-07-04T05:17:50.576617+00:00,a94e67bca9ed03e512eee9e32821184d,2026-07-05T01:00:00Z,williamhill_us,Caesars,player_points,Under,Carla Leite,14.5,-114,2026-07-04T05:16:49Z,Seattle Storm,Portland Fire
2026-07-04T05:17:50.576617+00:00,a94e67bca9ed03e512eee9e32821184d,2026-07-05T01:00:00Z,williamhill_us,Caesars,player_points,Over,Megan Gustafson,12.5,-107,2026-07-04T05:16:49Z,Seattle Storm,Portland Fire
2026-07-04T05:17:50.576617+00:00,a94e67bca9ed03e512eee9e32821184d,2026-07-05T01:00:00Z,williamhill_us,Caesars,player_points,Under,Megan Gustafson,12.5,-125,2026-07-04T05:16:49Z,Seattle Storm,Portland Fire
2026-07-04T05:17:50.576617+00:00,a94e67bca9ed03e512eee9e32821184d,2026-07-05T01:00:00Z,williamhill_us,Caesars,player_points,Over,Sarah Ashlee Barker,11.5,-107,2026-07-04T05:16:49Z,Seattle Storm,Portland Fire
2026-07-04T05:17:50.576617+00:00,a94e67bca9ed03e512eee9e32821184d,2026-07-05T01:00:00Z,williamhill_us,Caesars,player_points,Under,Sarah Ashlee Barker,11.5,-125,2026-07-04T05:16:49Z,Seattle Storm,Portland Fire
2026-07-04T05:17:50.576617+00:00,a94e67bca9ed03e512eee9e32821184d,2026-07-05T01:00:00Z,williamhill_us,Caesars,player_points,Over,Flau'jae Johnson,12.5,-120,2026-07-04T05:16:49Z,Seattle Storm,Portland Fire
2026-07-04T05:17:50.576617+00:00,a94e67bca9ed03e512eee9e32821184d,2026-07-05T01:00:00Z,williamhill_us,Caesars,player_points,Under,Flau'jae Johnson,12.5,-112,2026-07-04T05:16:49Z,Seattle Storm,Portland Fire
2026-07-04T05:17:50.576617+00:00,a94e67bca9ed03e512eee9e32821184d,2026-07-05T01:00:00Z,williamhill_us,Caesars,player_points,Over,Awa Fam,11.5,-117,2026-07-04T05:16:49Z,Seattle Storm,Portland Fire
2026-07-04T05:17:50.576617+00:00,a94e67bca9ed03e512eee9e32821184d,2026-07-05T01:00:00Z,williamhill_us,Caesars,player_points,Under,Awa Fam,11.5,-114,2026-07-04T05:16:49Z,Seattle Storm,Portland Fire
2026-07-04T05:17:50.576617+00:00,a94e67bca9ed03e512eee9e32821184d,2026-07-05T01:00:00Z,williamhill_us,Caesars,player_points,Over,Dominique Malonga,18.5,-104,2026-07-04T05:16:49Z,Seattle Storm,Portland Fire
2026-07-04T05:17:50.576617+00:00,a94e67bca9ed03e512eee9e32821184d,2026-07-05T01:00:00Z,williamhill_us,Caesars,player_points,Under,Dominique Malonga,18.5,-129,2026-07-04T05:16:49Z,Seattle Storm,Portland Fire
2026-07-04T05:17:50.576617+00:00,a94e67bca9ed03e512eee9e32821184d,2026-07-05T01:00:00Z,williamhill_us,Caesars,player_points,Over,Bridget Carleton,13.5,-115,2026-07-04T05:16:49Z,Seattle Storm,Portland Fire
2026-07-04T05:17:50.576617+00:00,a94e67bca9ed03e512eee9e32821184d,2026-07-05T01:00:00Z,williamhill_us,Caesars,player_points,Under,Bridget Carleton,13.5,-115,2026-07-04T05:16:49Z,Seattle Storm,Portland Fire
2026-07-04T05:17:50.576617+00:00,a94e67bca9ed03e512eee9e32821184d,2026-07-05T01:00:00Z,williamhill_us,Caesars,player_rebounds,Over,Dominique Malonga,8.5,-139,2026-07-04T05:16:49Z,Seattle Storm,Portland Fire
2026-07-04T05:17:50.576617+00:00,a94e67bca9ed03e512eee9e32821184d,2026-07-05T01:00:00Z,williamhill_us,Caesars,player_rebounds,Under,Dominique Malonga,8.5,105,2026-07-04T05:16:49Z,Seattle Storm,Portland Fire
2026-07-04T05:17:50.576617+00:00,a94e67bca9ed03e512eee9e32821184d,2026-07-05T01:00:00Z,williamhill_us,Caesars,player_rebounds,Over,Awa Fam,5.5,-106,2026-07-04T05:16:49Z,Seattle Storm,Portland Fire
2026-07-04T05:17:50.576617+00:00,a94e67bca9ed03e512eee9e32821184d,2026-07-05T01:00:00Z,williamhill_us,Caesars,player_rebounds,Under,Awa Fam,5.5,-127,2026-07-04T05:16:49Z,Seattle Storm,Portland Fire
2026-07-04T05:17:50.576617+00:00,a94e67bca9ed03e512eee9e32821184d,2026-07-05T01:00:00Z,williamhill_us,Caesars,player_rebounds,Over,Megan Gustafson,3.5,-109,2026-07-04T05:16:49Z,Seattle Storm,Portland Fire
2026-07-04T05:17:50.576617+00:00,a94e67bca9ed03e512eee9e32821184d,2026-07-05T01:00:00Z,williamhill_us,Caesars,player_rebounds,Under,Megan Gustafson,3.5,-122,2026-07-04T05:16:49Z,Seattle Storm,Portland Fire
2026-07-04T05:17:50.576617+00:00,a94e67bca9ed03e512eee9e32821184d,2026-07-05T01:00:00Z,williamhill_us,Caesars,player_rebounds,Over,Flau'jae Johnson,5.5,-108,2026-07-04T05:16:49Z,Seattle Storm,Portland Fire
2026-07-04T05:17:50.576617+00:00,a94e67bca9ed03e512eee9e32821184d,2026-07-05T01:00:00Z,williamhill_us,Caesars,player_rebounds,Under,Flau'jae Johnson,5.5,-124,2026-07-04T05:16:49Z,Seattle Storm,Portland Fire
2026-07-04T05:17:50.576617+00:00,a94e67bca9ed03e512eee9e32821184d,2026-07-05T01:00:00Z,williamhill_us,Caesars,player_rebounds,Over,Sarah Ashlee Barker,4.5,113,2026-07-04T05:16:49Z,Seattle Storm,Portland Fire
2026-07-04T05:17:50.576617+00:00,a94e67bca9ed03e512eee9e32821184d,2026-07-05T01:00:00Z,williamhill_us,Caesars,player_rebounds,Under,Sarah Ashlee Barker,4.5,-152,2026-07-04T05:16:49Z,Seattle Storm,Portland Fire
2026-07-04T05:17:50.576617+00:00,a94e67bca9ed03e512eee9e32821184d,2026-07-05T01:00:00Z,williamhill_us,Caesars,player_rebounds,Over,Bridget Carleton,3.5,-107,2026-07-04T05:16:49Z,Seattle Storm,Portland Fire
2026-07-04T05:17:50.576617+00:00,a94e67bca9ed03e512eee9e32821184d,2026-07-05T01:00:00Z,williamhill_us,Caesars,player_rebounds,Under,Bridget Carleton,3.5,-125,2026-07-04T05:16:49Z,Seattle Storm,Portland Fire
2026-07-04T05:17:50.576617+00:00,a94e67bca9ed03e512eee9e32821184d,2026-07-05T01:00:00Z,williamhill_us,Caesars,player_threes,Over,Awa Fam,1.5,-117,2026-07-04T05:16:49Z,Seattle Storm,Portland Fire
2026-07-04T05:17:50.576617+00:00,a94e67bca9ed03e512eee9e32821184d,2026-07-05T01:00:00Z,williamhill_us,Caesars,player_threes,Under,Awa Fam,1.5,-114,2026-07-04T05:16:49Z,Seattle Storm,Portland Fire
2026-07-04T05:17:50.576617+00:00,a94e67bca9ed03e512eee9e32821184d,2026-07-05T01:00:00Z,williamhill_us,Caesars,player_threes,Over,Natisha Hiedeman,1.5,-197,2026-07-04T05:16:49Z,Seattle Storm,Portland Fire
2026-07-04T05:17:50.576617+00:00,a94e67bca9ed03e512eee9e32821184d,2026-07-05T01:00:00Z,williamhill_us,Caesars,player_threes,Under,Natisha Hiedeman,1.5,145,2026-07-04T05:16:49Z,Seattle Storm,Portland Fire
2026-07-04T05:17:50.576617+00:00,a94e67bca9ed03e512eee9e32821184d,2026-07-05T01:00:00Z,williamhill_us,Caesars,player_threes,Over,Megan Gustafson,1.5,111,2026-07-04T05:16:49Z,Seattle Storm,Portland Fire
2026-07-04T05:17:50.576617+00:00,a94e67bca9ed03e512eee9e32821184d,2026-07-05T01:00:00Z,williamhill_us,Caesars,player_threes,Under,Megan Gustafson,1.5,-148,2026-07-04T05:16:49Z,Seattle Storm,Portland Fire
2026-07-04T05:17:50.576617+00:00,a94e67bca9ed03e512eee9e32821184d,2026-07-05T01:00:00Z,williamhill_us,Caesars,player_threes,Over,Flau'jae Johnson,1.5,-117,2026-07-04T05:16:49Z,Seattle Storm,Portland Fire
2026-07-04T05:17:50.576617+00:00,a94e67bca9ed03e512eee9e32821184d,2026-07-05T01:00:00Z,williamhill_us,Caesars,player_threes,Under,Flau'jae Johnson,1.5,-114,2026-07-04T05:16:49Z,Seattle Storm,Portland Fire
2026-07-04T05:17:50.576617+00:00,a94e67bca9ed03e512eee9e32821184d,2026-07-05T01:00:00Z,williamhill_us,Caesars,player_threes,Over,Bridget Carleton,2.5,109,2026-07-04T05:16:49Z,Seattle Storm,Portland Fire
2026-07-04T05:17:50.576617+00:00,a94e67bca9ed03e512eee9e32821184d,2026-07-05T01:00:00Z,williamhill_us,Caesars,player_threes,Under,Bridget Carleton,2.5,-145,2026-07-04T05:16:49Z,Seattle Storm,Portland Fire
2026-07-04T05:17:50.576617+00:00,a94e67bca9ed03e512eee9e32821184d,2026-07-05T01:00:00Z,williamhill_us,Caesars,player_threes,Over,Sarah Ashlee Barker,1.5,103,2026-07-04T05:16:49Z,Seattle Storm,Portland Fire
2026-07-04T05:17:50.576617+00:00,a94e67bca9ed03e512eee9e32821184d,2026-07-05T01:00:00Z,williamhill_us,Caesars,player_threes,Under,Sarah Ashlee Barker,1.5,-137,2026-07-04T05:16:49Z,Seattle Storm,Portland Fire
2026-07-04T05:17:50.576617+00:00,a94e67bca9ed03e512eee9e32821184d,2026-07-05T01:00:00Z,betonlineag,BetOnline.ag,player_assists,Over,Natisha Hiedeman,4.5,-112,2026-07-04T05:17:15Z,Seattle Storm,Portland Fire
2026-07-04T05:17:50.576617+00:00,a94e67bca9ed03e512eee9e32821184d,2026-07-05T01:00:00Z,betonlineag,BetOnline.ag,player_assists,Under,Natisha Hiedeman,4.5,-115,2026-07-04T05:17:15Z,Seattle Storm,Portland Fire
2026-07-04T05:17:50.576617+00:00,a94e67bca9ed03e512eee9e32821184d,2026-07-05T01:00:00Z,betonlineag,BetOnline.ag,player_assists,Over,Carla Leite,6.5,122,2026-07-04T05:17:15Z,Seattle Storm,Portland Fire
2026-07-04T05:17:50.576617+00:00,a94e67bca9ed03e512eee9e32821184d,2026-07-05T01:00:00Z,betonlineag,BetOnline.ag,player_assists,Under,Carla Leite,6.5,-159,2026-07-04T05:17:15Z,Seattle Storm,Portland Fire
2026-07-04T05:17:50.576617+00:00,a94e67bca9ed03e512eee9e32821184d,2026-07-05T01:00:00Z,betonlineag,BetOnline.ag,player_points,Over,Awa Fam,11.5,-112,2026-07-04T05:17:15Z,Seattle Storm,Portland Fire
2026-07-04T05:17:50.576617+00:00,a94e67bca9ed03e512eee9e32821184d,2026-07-05T01:00:00Z,betonlineag,BetOnline.ag,player_points,Under,Awa Fam,11.5,-115,2026-07-04T05:17:15Z,Seattle Storm,Portland Fire
2026-07-04T05:17:50.576617+00:00,a94e67bca9ed03e512eee9e32821184d,2026-07-05T01:00:00Z,betonlineag,BetOnline.ag,player_points,Over,Natisha Hiedeman,15.5,-101,2026-07-04T05:17:15Z,Seattle Storm,Portland Fire
2026-07-04T05:17:50.576617+00:00,a94e67bca9ed03e512eee9e32821184d,2026-07-05T01:00:00Z,betonlineag,BetOnline.ag,player_points,Under,Natisha Hiedeman,15.5,-128,2026-07-04T05:17:15Z,Seattle Storm,Portland Fire
2026-07-04T05:17:50.576617+00:00,a94e67bca9ed03e512eee9e32821184d,2026-07-05T01:00:00Z,betonlineag,BetOnline.ag,player_points,Over,Flau'jae Johnson,12.5,-123,2026-07-04T05:17:15Z,Seattle Storm,Portland Fire
2026-07-04T05:17:50.576617+00:00,a94e67bca9ed03e512eee9e32821184d,2026-07-05T01:00:00Z,betonlineag,BetOnline.ag,player_points,Under,Flau'jae Johnson,12.5,-105,2026-07-04T05:17:15Z,Seattle Storm,Portland Fire
2026-07-04T05:17:50.576617+00:00,a94e67bca9ed03e512eee9e32821184d,2026-07-05T01:00:00Z,betonlineag,BetOnline.ag,player_points,Over,Carla Leite,14.5,-114,2026-07-04T05:17:15Z,Seattle Storm,Portland Fire
2026-07-04T05:17:50.576617+00:00,a94e67bca9ed03e512eee9e32821184d,2026-07-05T01:00:00Z,betonlineag,BetOnline.ag,player_points,Under,Carla Leite,14.5,-114,2026-07-04T05:17:15Z,Seattle Storm,Portland Fire
2026-07-04T05:17:50.576617+00:00,a94e67bca9ed03e512eee9e32821184d,2026-07-05T01:00:00Z,betonlineag,BetOnline.ag,player_points,Over,Megan Gustafson,12.5,100,2026-07-04T05:17:15Z,Seattle Storm,Portland Fire
2026-07-04T05:17:50.576617+00:00,a94e67bca9ed03e512eee9e32821184d,2026-07-05T01:00:00Z,betonlineag,BetOnline.ag,player_points,Under,Megan Gustafson,12.5,-130,2026-07-04T05:17:15Z,Seattle Storm,Portland Fire
2026-07-04T05:17:50.576617+00:00,a94e67bca9ed03e512eee9e32821184d,2026-07-05T01:00:00Z,betonlineag,BetOnline.ag,player_points,Over,Bridget Carleton,13.5,-108,2026-07-04T05:17:15Z,Seattle Storm,Portland Fire
2026-07-04T05:17:50.576617+00:00,a94e67bca9ed03e512eee9e32821184d,2026-07-05T01:00:00Z,betonlineag,BetOnline.ag,player_points,Under,Bridget Carleton,13.5,-120,2026-07-04T05:17:15Z,Seattle Storm,Portland Fire
2026-07-04T05:17:50.576617+00:00,a94e67bca9ed03e512eee9e32821184d,2026-07-05T01:00:00Z,betonlineag,BetOnline.ag,player_points,Over,Sarah Ashlee Barker,11.5,103,2026-07-04T05:17:15Z,Seattle Storm,Portland Fire
2026-07-04T05:17:50.576617+00:00,a94e67bca9ed03e512eee9e32821184d,2026-07-05T01:00:00Z,betonlineag,BetOnline.ag,player_points,Under,Sarah Ashlee Barker,11.5,-133,2026-07-04T05:17:15Z,Seattle Storm,Portland Fire
2026-07-04T05:17:50.576617+00:00,a94e67bca9ed03e512eee9e32821184d,2026-07-05T01:00:00Z,betonlineag,BetOnline.ag,player_points,Over,Dominique Malonga,18.5,100,2026-07-04T05:17:15Z,Seattle Storm,Portland Fire
2026-07-04T05:17:50.576617+00:00,a94e67bca9ed03e512eee9e32821184d,2026-07-05T01:00:00Z,betonlineag,BetOnline.ag,player_points,Under,Dominique Malonga,18.5,-130,2026-07-04T05:17:15Z,Seattle Storm,Portland Fire
2026-07-04T05:17:50.576617+00:00,a94e67bca9ed03e512eee9e32821184d,2026-07-05T01:00:00Z,betonlineag,BetOnline.ag,player_points_rebounds_assists,Over,Natisha Hiedeman,22.5,-111,2026-07-04T05:17:15Z,Seattle Storm,Portland Fire
2026-07-04T05:17:50.576617+00:00,a94e67bca9ed03e512eee9e32821184d,2026-07-05T01:00:00Z,betonlineag,BetOnline.ag,player_points_rebounds_assists,Under,Natisha Hiedeman,22.5,-116,2026-07-04T05:17:15Z,Seattle Storm,Portland Fire
2026-07-04T05:17:50.576617+00:00,a94e67bca9ed03e512eee9e32821184d,2026-07-05T01:00:00Z,betonlineag,BetOnline.ag,player_points_rebounds_assists,Over,Carla Leite,23.5,-108,2026-07-04T05:17:15Z,Seattle Storm,Portland Fire
2026-07-04T05:17:50.576617+00:00,a94e67bca9ed03e512eee9e32821184d,2026-07-05T01:00:00Z,betonlineag,BetOnline.ag,player_points_rebounds_assists,Under,Carla Leite,23.5,-120,2026-07-04T05:17:15Z,Seattle Storm,Portland Fire
2026-07-04T05:17:50.576617+00:00,a94e67bca9ed03e512eee9e32821184d,2026-07-05T01:00:00Z,betonlineag,BetOnline.ag,player_rebounds,Over,Awa Fam,5.5,-102,2026-07-04T05:16:08Z,Seattle Storm,Portland Fire
2026-07-04T05:17:50.576617+00:00,a94e67bca9ed03e512eee9e32821184d,2026-07-05T01:00:00Z,betonlineag,BetOnline.ag,player_rebounds,Under,Awa Fam,5.5,-127,2026-07-04T05:16:08Z,Seattle Storm,Portland Fire
2026-07-04T05:17:50.576617+00:00,a94e67bca9ed03e512eee9e32821184d,2026-07-05T01:00:00Z,betonlineag,BetOnline.ag,player_rebounds,Over,Dominique Malonga,8.5,-132,2026-07-04T05:16:08Z,Seattle Storm,Portland Fire
2026-07-04T05:17:50.576617+00:00,a94e67bca9ed03e512eee9e32821184d,2026-07-05T01:00:00Z,betonlineag,BetOnline.ag,player_rebounds,Under,Dominique Malonga,8.5,102,2026-07-04T05:16:08Z,Seattle Storm,Portland Fire
2026-07-04T05:17:50.576617+00:00,a94e67bca9ed03e512eee9e32821184d,2026-07-05T01:00:00Z,betonlineag,BetOnline.ag,player_rebounds,Over,Flau'jae Johnson,5.5,-103,2026-07-04T05:16:08Z,Seattle Storm,Portland Fire
2026-07-04T05:17:50.576617+00:00,a94e67bca9ed03e512eee9e32821184d,2026-07-05T01:00:00Z,betonlineag,BetOnline.ag,player_rebounds,Under,Flau'jae Johnson,5.5,-125,2026-07-04T05:16:08Z,Seattle Storm,Portland Fire
2026-07-04T05:17:50.576617+00:00,a94e67bca9ed03e512eee9e32821184d,2026-07-05T01:00:00Z,betonlineag,BetOnline.ag,player_rebounds,Over,Megan Gustafson,3.5,-108,2026-07-04T05:16:08Z,Seattle Storm,Portland Fire
2026-07-04T05:17:50.576617+00:00,a94e67bca9ed03e512eee9e32821184d,2026-07-05T01:00:00Z,betonlineag,BetOnline.ag,player_rebounds,Under,Megan Gustafson,3.5,-120,2026-07-04T05:16:08Z,Seattle Storm,Portland Fire
2026-07-04T05:17:50.576617+00:00,a94e67bca9ed03e512eee9e32821184d,2026-07-05T01:00:00Z,betonlineag,BetOnline.ag,player_rebounds,Over,Bridget Carleton,3.5,-108,2026-07-04T05:16:08Z,Seattle Storm,Portland Fire
2026-07-04T05:17:50.576617+00:00,a94e67bca9ed03e512eee9e32821184d,2026-07-05T01:00:00Z,betonlineag,BetOnline.ag,player_rebounds,Under,Bridget Carleton,3.5,-120,2026-07-04T05:16:08Z,Seattle Storm,Portland Fire
2026-07-04T05:17:50.576617+00:00,a94e67bca9ed03e512eee9e32821184d,2026-07-05T01:00:00Z,betonlineag,BetOnline.ag,player_rebounds,Over,Sarah Ashlee Barker,4.5,115,2026-07-04T05:16:08Z,Seattle Storm,Portland Fire
2026-07-04T05:17:50.576617+00:00,a94e67bca9ed03e512eee9e32821184d,2026-07-05T01:00:00Z,betonlineag,BetOnline.ag,player_rebounds,Under,Sarah Ashlee Barker,4.5,-149,2026-07-04T05:16:08Z,Seattle Storm,Portland Fire
2026-07-04T05:17:50.576617+00:00,a94e67bca9ed03e512eee9e32821184d,2026-07-05T01:00:00Z,betonlineag,BetOnline.ag,player_rebounds,Over,Natisha Hiedeman,2.5,112,2026-07-04T05:16:08Z,Seattle Storm,Portland Fire
2026-07-04T05:17:50.576617+00:00,a94e67bca9ed03e512eee9e32821184d,2026-07-05T01:00:00Z,betonlineag,BetOnline.ag,player_rebounds,Under,Natisha Hiedeman,2.5,-145,2026-07-04T05:16:08Z,Seattle Storm,Portland Fire
2026-07-04T05:17:50.576617+00:00,a94e67bca9ed03e512eee9e32821184d,2026-07-05T01:00:00Z,betonlineag,BetOnline.ag,player_rebounds,Over,Carla Leite,2.5,128,2026-07-04T05:16:08Z,Seattle Storm,Portland Fire
2026-07-04T05:17:50.576617+00:00,a94e67bca9ed03e512eee9e32821184d,2026-07-05T01:00:00Z,betonlineag,BetOnline.ag,player_rebounds,Under,Carla Leite,2.5,-167,2026-07-04T05:16:08Z,Seattle Storm,Portland Fire
2026-07-04T05:17:50.576617+00:00,a94e67bca9ed03e512eee9e32821184d,2026-07-05T01:00:00Z,betonlineag,BetOnline.ag,player_threes,Over,Flau'jae Johnson,1.5,-115,2026-07-04T05:17:15Z,Seattle Storm,Portland Fire
2026-07-04T05:17:50.576617+00:00,a94e67bca9ed03e512eee9e32821184d,2026-07-05T01:00:00Z,betonlineag,BetOnline.ag,player_threes,Under,Flau'jae Johnson,1.5,-112,2026-07-04T05:17:15Z,Seattle Storm,Portland Fire
2026-07-04T05:17:50.576617+00:00,a94e67bca9ed03e512eee9e32821184d,2026-07-05T01:00:00Z,betonlineag,BetOnline.ag,player_threes,Over,Awa Fam,1.5,-114,2026-07-04T05:17:15Z,Seattle Storm,Portland Fire
2026-07-04T05:17:50.576617+00:00,a94e67bca9ed03e512eee9e32821184d,2026-07-05T01:00:00Z,betonlineag,BetOnline.ag,player_threes,Under,Awa Fam,1.5,-114,2026-07-04T05:17:15Z,Seattle Storm,Portland Fire
2026-07-04T05:17:50.576617+00:00,a94e67bca9ed03e512eee9e32821184d,2026-07-05T01:00:00Z,betonlineag,BetOnline.ag,player_threes,Over,Carla Leite,0.5,-192,2026-07-04T05:17:15Z,Seattle Storm,Portland Fire
2026-07-04T05:17:50.576617+00:00,a94e67bca9ed03e512eee9e32821184d,2026-07-05T01:00:00Z,betonlineag,BetOnline.ag,player_threes,Under,Carla Leite,0.5,147,2026-07-04T05:17:15Z,Seattle Storm,Portland Fire
2026-07-04T05:17:50.576617+00:00,a94e67bca9ed03e512eee9e32821184d,2026-07-05T01:00:00Z,betonlineag,BetOnline.ag,player_threes,Over,Megan Gustafson,1.5,112,2026-07-04T05:17:15Z,Seattle Storm,Portland Fire
2026-07-04T05:17:50.576617+00:00,a94e67bca9ed03e512eee9e32821184d,2026-07-05T01:00:00Z,betonlineag,BetOnline.ag,player_threes,Under,Megan Gustafson,1.5,-145,2026-07-04T05:17:15Z,Seattle Storm,Portland Fire
2026-07-04T05:17:50.576617+00:00,a94e67bca9ed03e512eee9e32821184d,2026-07-05T01:00:00Z,betonlineag,BetOnline.ag,player_threes,Over,Sarah Ashlee Barker,1.5,100,2026-07-04T05:17:15Z,Seattle Storm,Portland Fire
2026-07-04T05:17:50.576617+00:00,a94e67bca9ed03e512eee9e32821184d,2026-07-05T01:00:00Z,betonlineag,BetOnline.ag,player_threes,Under,Sarah Ashlee Barker,1.5,-130,2026-07-04T05:17:15Z,Seattle Storm,Portland Fire
2026-07-04T05:17:50.576617+00:00,a94e67bca9ed03e512eee9e32821184d,2026-07-05T01:00:00Z,betonlineag,BetOnline.ag,player_threes,Over,Bridget Carleton,2.5,113,2026-07-04T05:17:15Z,Seattle Storm,Portland Fire
2026-07-04T05:17:50.576617+00:00,a94e67bca9ed03e512eee9e32821184d,2026-07-05T01:00:00Z,betonlineag,BetOnline.ag,player_threes,Under,Bridget Carleton,2.5,-147,2026-07-04T05:17:15Z,Seattle Storm,Portland Fire
2026-07-04T05:17:50.576617+00:00,a94e67bca9ed03e512eee9e32821184d,2026-07-05T01:00:00Z,betonlineag,BetOnline.ag,player_threes,Over,Natisha Hiedeman,2.5,158,2026-07-04T05:17:15Z,Seattle Storm,Portland Fire
2026-07-04T05:17:50.576617+00:00,a94e67bca9ed03e512eee9e32821184d,2026-07-05T01:00:00Z,betonlineag,BetOnline.ag,player_threes,Under,Natisha Hiedeman,2.5,-208,2026-07-04T05:17:15Z,Seattle Storm,Portland Fire
