snapshot_ts,event_id,commence_time,bookmaker,bookmaker_title,market,outcome_name,player_name,point,price,last_update,home_team,away_team
2026-06-11T08:08:31.059817+00:00,aa2e0973335826674bcad157006dfc14,2026-06-11T23:00:00Z,fanduel,FanDuel,player_assists,Over,Kamilla Cardoso,2.5,-110,2026-06-11T08:08:20Z,Indiana Fever,Chicago Sky
2026-06-11T08:08:31.059817+00:00,aa2e0973335826674bcad157006dfc14,2026-06-11T23:00:00Z,fanduel,FanDuel,player_assists,Under,Kamilla Cardoso,2.5,-120,2026-06-11T08:08:20Z,Indiana Fever,Chicago Sky
2026-06-11T08:08:31.059817+00:00,aa2e0973335826674bcad157006dfc14,2026-06-11T23:00:00Z,fanduel,FanDuel,player_assists,Over,Skylar Diggins-Smith,4.5,-130,2026-06-11T08:08:20Z,Indiana Fever,Chicago Sky
2026-06-11T08:08:31.059817+00:00,aa2e0973335826674bcad157006dfc14,2026-06-11T23:00:00Z,fanduel,FanDuel,player_assists,Under,Skylar Diggins-Smith,4.5,-102,2026-06-11T08:08:20Z,Indiana Fever,Chicago Sky
2026-06-11T08:08:31.059817+00:00,aa2e0973335826674bcad157006dfc14,2026-06-11T23:00:00Z,fanduel,FanDuel,player_assists,Over,Natasha Cloud,4.5,120,2026-06-11T08:08:20Z,Indiana Fever,Chicago Sky
2026-06-11T08:08:31.059817+00:00,aa2e0973335826674bcad157006dfc14,2026-06-11T23:00:00Z,fanduel,FanDuel,player_assists,Under,Natasha Cloud,4.5,-160,2026-06-11T08:08:20Z,Indiana Fever,Chicago Sky
2026-06-11T08:08:31.059817+00:00,aa2e0973335826674bcad157006dfc14,2026-06-11T23:00:00Z,fanduel,FanDuel,player_assists,Over,Caitlin Clark,7.5,-154,2026-06-11T08:08:20Z,Indiana Fever,Chicago Sky
2026-06-11T08:08:31.059817+00:00,aa2e0973335826674bcad157006dfc14,2026-06-11T23:00:00Z,fanduel,FanDuel,player_assists,Under,Caitlin Clark,7.5,116,2026-06-11T08:08:20Z,Indiana Fever,Chicago Sky
2026-06-11T08:08:31.059817+00:00,aa2e0973335826674bcad157006dfc14,2026-06-11T23:00:00Z,fanduel,FanDuel,player_assists,Over,Kelsey Mitchell,2.5,100,2026-06-11T08:08:20Z,Indiana Fever,Chicago Sky
2026-06-11T08:08:31.059817+00:00,aa2e0973335826674bcad157006dfc14,2026-06-11T23:00:00Z,fanduel,FanDuel,player_assists,Under,Kelsey Mitchell,2.5,-132,2026-06-11T08:08:20Z,Indiana Fever,Chicago Sky
2026-06-11T08:08:31.059817+00:00,aa2e0973335826674bcad157006dfc14,2026-06-11T23:00:00Z,fanduel,FanDuel,player_assists,Over,Aliyah Boston,2.5,116,2026-06-11T08:08:20Z,Indiana Fever,Chicago Sky
2026-06-11T08:08:31.059817+00:00,aa2e0973335826674bcad157006dfc14,2026-06-11T23:00:00Z,fanduel,FanDuel,player_assists,Under,Aliyah Boston,2.5,-154,2026-06-11T08:08:20Z,Indiana Fever,Chicago Sky
2026-06-11T08:08:31.059817+00:00,aa2e0973335826674bcad157006dfc14,2026-06-11T23:00:00Z,fanduel,FanDuel,player_double_double,Yes,Caitlin Clark,,180,2026-06-11T08:08:20Z,Indiana Fever,Chicago Sky
2026-06-11T08:08:31.059817+00:00,aa2e0973335826674bcad157006dfc14,2026-06-11T23:00:00Z,fanduel,FanDuel,player_double_double,Yes,Kamilla Cardoso,,185,2026-06-11T08:08:20Z,Indiana Fever,Chicago Sky
2026-06-11T08:08:31.059817+00:00,aa2e0973335826674bcad157006dfc14,2026-06-11T23:00:00Z,fanduel,FanDuel,player_double_double,Yes,Aliyah Boston,,240,2026-06-11T08:08:20Z,Indiana Fever,Chicago Sky
2026-06-11T08:08:31.059817+00:00,aa2e0973335826674bcad157006dfc14,2026-06-11T23:00:00Z,fanduel,FanDuel,player_double_double,Yes,Azura Stevens,,650,2026-06-11T08:08:20Z,Indiana Fever,Chicago Sky
2026-06-11T08:08:31.059817+00:00,aa2e0973335826674bcad157006dfc14,2026-06-11T23:00:00Z,fanduel,FanDuel,player_points,Over,Kamilla Cardoso,11.5,-132,2026-06-11T08:08:20Z,Indiana Fever,Chicago Sky
2026-06-11T08:08:31.059817+00:00,aa2e0973335826674bcad157006dfc14,2026-06-11T23:00:00Z,fanduel,FanDuel,player_points,Under,Kamilla Cardoso,11.5,102,2026-06-11T08:08:20Z,Indiana Fever,Chicago Sky
2026-06-11T08:08:31.059817+00:00,aa2e0973335826674bcad157006dfc14,2026-06-11T23:00:00Z,fanduel,FanDuel,player_points,Over,Skylar Diggins-Smith,15.5,100,2026-06-11T08:08:20Z,Indiana Fever,Chicago Sky
2026-06-11T08:08:31.059817+00:00,aa2e0973335826674bcad157006dfc14,2026-06-11T23:00:00Z,fanduel,FanDuel,player_points,Under,Skylar Diggins-Smith,15.5,-130,2026-06-11T08:08:20Z,Indiana Fever,Chicago Sky
2026-06-11T08:08:31.059817+00:00,aa2e0973335826674bcad157006dfc14,2026-06-11T23:00:00Z,fanduel,FanDuel,player_points,Over,Kelsey Mitchell,18.5,-130,2026-06-11T08:08:20Z,Indiana Fever,Chicago Sky
2026-06-11T08:08:31.059817+00:00,aa2e0973335826674bcad157006dfc14,2026-06-11T23:00:00Z,fanduel,FanDuel,player_points,Under,Kelsey Mitchell,18.5,100,2026-06-11T08:08:20Z,Indiana Fever,Chicago Sky
2026-06-11T08:08:31.059817+00:00,aa2e0973335826674bcad157006dfc14,2026-06-11T23:00:00Z,fanduel,FanDuel,player_points,Over,Caitlin Clark,19.5,-102,2026-06-11T08:08:20Z,Indiana Fever,Chicago Sky
2026-06-11T08:08:31.059817+00:00,aa2e0973335826674bcad157006dfc14,2026-06-11T23:00:00Z,fanduel,FanDuel,player_points,Under,Caitlin Clark,19.5,-128,2026-06-11T08:08:20Z,Indiana Fever,Chicago Sky
2026-06-11T08:08:31.059817+00:00,aa2e0973335826674bcad157006dfc14,2026-06-11T23:00:00Z,fanduel,FanDuel,player_points,Over,Natasha Cloud,9.5,-110,2026-06-11T08:08:20Z,Indiana Fever,Chicago Sky
2026-06-11T08:08:31.059817+00:00,aa2e0973335826674bcad157006dfc14,2026-06-11T23:00:00Z,fanduel,FanDuel,player_points,Under,Natasha Cloud,9.5,-118,2026-06-11T08:08:20Z,Indiana Fever,Chicago Sky
2026-06-11T08:08:31.059817+00:00,aa2e0973335826674bcad157006dfc14,2026-06-11T23:00:00Z,fanduel,FanDuel,player_points,Over,Gabriela Jaquez,8.5,-110,2026-06-11T08:08:20Z,Indiana Fever,Chicago Sky
2026-06-11T08:08:31.059817+00:00,aa2e0973335826674bcad157006dfc14,2026-06-11T23:00:00Z,fanduel,FanDuel,player_points,Under,Gabriela Jaquez,8.5,-118,2026-06-11T08:08:20Z,Indiana Fever,Chicago Sky
2026-06-11T08:08:31.059817+00:00,aa2e0973335826674bcad157006dfc14,2026-06-11T23:00:00Z,fanduel,FanDuel,player_points,Over,Azura Stevens,10.5,-106,2026-06-11T08:08:20Z,Indiana Fever,Chicago Sky
2026-06-11T08:08:31.059817+00:00,aa2e0973335826674bcad157006dfc14,2026-06-11T23:00:00Z,fanduel,FanDuel,player_points,Under,Azura Stevens,10.5,-122,2026-06-11T08:08:20Z,Indiana Fever,Chicago Sky
2026-06-11T08:08:31.059817+00:00,aa2e0973335826674bcad157006dfc14,2026-06-11T23:00:00Z,fanduel,FanDuel,player_points,Over,Aliyah Boston,14.5,-114,2026-06-11T08:08:20Z,Indiana Fever,Chicago Sky
2026-06-11T08:08:31.059817+00:00,aa2e0973335826674bcad157006dfc14,2026-06-11T23:00:00Z,fanduel,FanDuel,player_points,Under,Aliyah Boston,14.5,-114,2026-06-11T08:08:20Z,Indiana Fever,Chicago Sky
2026-06-11T08:08:31.059817+00:00,aa2e0973335826674bcad157006dfc14,2026-06-11T23:00:00Z,fanduel,FanDuel,player_points,Over,Monique Billings,5.5,-118,2026-06-11T08:08:20Z,Indiana Fever,Chicago Sky
2026-06-11T08:08:31.059817+00:00,aa2e0973335826674bcad157006dfc14,2026-06-11T23:00:00Z,fanduel,FanDuel,player_points,Under,Monique Billings,5.5,-110,2026-06-11T08:08:20Z,Indiana Fever,Chicago Sky
2026-06-11T08:08:31.059817+00:00,aa2e0973335826674bcad157006dfc14,2026-06-11T23:00:00Z,fanduel,FanDuel,player_points_assists,Over,Kamilla Cardoso,14.5,-120,2026-06-11T08:08:20Z,Indiana Fever,Chicago Sky
2026-06-11T08:08:31.059817+00:00,aa2e0973335826674bcad157006dfc14,2026-06-11T23:00:00Z,fanduel,FanDuel,player_points_assists,Under,Kamilla Cardoso,14.5,-110,2026-06-11T08:08:20Z,Indiana Fever,Chicago Sky
2026-06-11T08:08:31.059817+00:00,aa2e0973335826674bcad157006dfc14,2026-06-11T23:00:00Z,fanduel,FanDuel,player_points_assists,Over,Caitlin Clark,27.5,-114,2026-06-11T08:08:20Z,Indiana Fever,Chicago Sky
2026-06-11T08:08:31.059817+00:00,aa2e0973335826674bcad157006dfc14,2026-06-11T23:00:00Z,fanduel,FanDuel,player_points_assists,Under,Caitlin Clark,27.5,-114,2026-06-11T08:08:20Z,Indiana Fever,Chicago Sky
2026-06-11T08:08:31.059817+00:00,aa2e0973335826674bcad157006dfc14,2026-06-11T23:00:00Z,fanduel,FanDuel,player_points_assists,Over,Natasha Cloud,13.5,-128,2026-06-11T08:08:20Z,Indiana Fever,Chicago Sky
2026-06-11T08:08:31.059817+00:00,aa2e0973335826674bcad157006dfc14,2026-06-11T23:00:00Z,fanduel,FanDuel,player_points_assists,Under,Natasha Cloud,13.5,-104,2026-06-11T08:08:20Z,Indiana Fever,Chicago Sky
2026-06-11T08:08:31.059817+00:00,aa2e0973335826674bcad157006dfc14,2026-06-11T23:00:00Z,fanduel,FanDuel,player_points_assists,Over,Kelsey Mitchell,21.5,-114,2026-06-11T08:08:20Z,Indiana Fever,Chicago Sky
2026-06-11T08:08:31.059817+00:00,aa2e0973335826674bcad157006dfc14,2026-06-11T23:00:00Z,fanduel,FanDuel,player_points_assists,Under,Kelsey Mitchell,21.5,-114,2026-06-11T08:08:20Z,Indiana Fever,Chicago Sky
2026-06-11T08:08:31.059817+00:00,aa2e0973335826674bcad157006dfc14,2026-06-11T23:00:00Z,fanduel,FanDuel,player_points_assists,Over,Aliyah Boston,16.5,-132,2026-06-11T08:08:20Z,Indiana Fever,Chicago Sky
2026-06-11T08:08:31.059817+00:00,aa2e0973335826674bcad157006dfc14,2026-06-11T23:00:00Z,fanduel,FanDuel,player_points_assists,Under,Aliyah Boston,16.5,100,2026-06-11T08:08:20Z,Indiana Fever,Chicago Sky
2026-06-11T08:08:31.059817+00:00,aa2e0973335826674bcad157006dfc14,2026-06-11T23:00:00Z,fanduel,FanDuel,player_points_assists,Over,Skylar Diggins-Smith,19.5,-128,2026-06-11T08:08:20Z,Indiana Fever,Chicago Sky
2026-06-11T08:08:31.059817+00:00,aa2e0973335826674bcad157006dfc14,2026-06-11T23:00:00Z,fanduel,FanDuel,player_points_assists,Under,Skylar Diggins-Smith,19.5,-104,2026-06-11T08:08:20Z,Indiana Fever,Chicago Sky
2026-06-11T08:08:31.059817+00:00,aa2e0973335826674bcad157006dfc14,2026-06-11T23:00:00Z,fanduel,FanDuel,player_points_rebounds,Over,Azura Stevens,16.5,-125,2026-06-11T08:08:20Z,Indiana Fever,Chicago Sky
2026-06-11T08:08:31.059817+00:00,aa2e0973335826674bcad157006dfc14,2026-06-11T23:00:00Z,fanduel,FanDuel,player_points_rebounds,Under,Azura Stevens,16.5,-106,2026-06-11T08:08:20Z,Indiana Fever,Chicago Sky
2026-06-11T08:08:31.059817+00:00,aa2e0973335826674bcad157006dfc14,2026-06-11T23:00:00Z,fanduel,FanDuel,player_points_rebounds,Over,Skylar Diggins-Smith,17.5,-130,2026-06-11T08:08:20Z,Indiana Fever,Chicago Sky
2026-06-11T08:08:31.059817+00:00,aa2e0973335826674bcad157006dfc14,2026-06-11T23:00:00Z,fanduel,FanDuel,player_points_rebounds,Under,Skylar Diggins-Smith,17.5,-102,2026-06-11T08:08:20Z,Indiana Fever,Chicago Sky
2026-06-11T08:08:31.059817+00:00,aa2e0973335826674bcad157006dfc14,2026-06-11T23:00:00Z,fanduel,FanDuel,player_points_rebounds,Over,Kamilla Cardoso,20.5,-128,2026-06-11T08:08:20Z,Indiana Fever,Chicago Sky
2026-06-11T08:08:31.059817+00:00,aa2e0973335826674bcad157006dfc14,2026-06-11T23:00:00Z,fanduel,FanDuel,player_points_rebounds,Under,Kamilla Cardoso,20.5,-104,2026-06-11T08:08:20Z,Indiana Fever,Chicago Sky
2026-06-11T08:08:31.059817+00:00,aa2e0973335826674bcad157006dfc14,2026-06-11T23:00:00Z,fanduel,FanDuel,player_points_rebounds,Over,Aliyah Boston,22.5,-112,2026-06-11T08:08:20Z,Indiana Fever,Chicago Sky
2026-06-11T08:08:31.059817+00:00,aa2e0973335826674bcad157006dfc14,2026-06-11T23:00:00Z,fanduel,FanDuel,player_points_rebounds,Under,Aliyah Boston,22.5,-118,2026-06-11T08:08:20Z,Indiana Fever,Chicago Sky
2026-06-11T08:08:31.059817+00:00,aa2e0973335826674bcad157006dfc14,2026-06-11T23:00:00Z,fanduel,FanDuel,player_points_rebounds,Over,Caitlin Clark,23.5,-112,2026-06-11T08:08:20Z,Indiana Fever,Chicago Sky
2026-06-11T08:08:31.059817+00:00,aa2e0973335826674bcad157006dfc14,2026-06-11T23:00:00Z,fanduel,FanDuel,player_points_rebounds,Under,Caitlin Clark,23.5,-118,2026-06-11T08:08:20Z,Indiana Fever,Chicago Sky
2026-06-11T08:08:31.059817+00:00,aa2e0973335826674bcad157006dfc14,2026-06-11T23:00:00Z,fanduel,FanDuel,player_points_rebounds,Over,Natasha Cloud,12.5,-136,2026-06-11T08:08:20Z,Indiana Fever,Chicago Sky
2026-06-11T08:08:31.059817+00:00,aa2e0973335826674bcad157006dfc14,2026-06-11T23:00:00Z,fanduel,FanDuel,player_points_rebounds,Under,Natasha Cloud,12.5,102,2026-06-11T08:08:20Z,Indiana Fever,Chicago Sky
2026-06-11T08:08:31.059817+00:00,aa2e0973335826674bcad157006dfc14,2026-06-11T23:00:00Z,fanduel,FanDuel,player_points_rebounds,Over,Monique Billings,10.5,-112,2026-06-11T08:08:20Z,Indiana Fever,Chicago Sky
2026-06-11T08:08:31.059817+00:00,aa2e0973335826674bcad157006dfc14,2026-06-11T23:00:00Z,fanduel,FanDuel,player_points_rebounds,Under,Monique Billings,10.5,-118,2026-06-11T08:08:20Z,Indiana Fever,Chicago Sky
2026-06-11T08:08:31.059817+00:00,aa2e0973335826674bcad157006dfc14,2026-06-11T23:00:00Z,fanduel,FanDuel,player_points_rebounds_assists,Over,Kamilla Cardoso,23.5,-118,2026-06-11T08:08:20Z,Indiana Fever,Chicago Sky
2026-06-11T08:08:31.059817+00:00,aa2e0973335826674bcad157006dfc14,2026-06-11T23:00:00Z,fanduel,FanDuel,player_points_rebounds_assists,Under,Kamilla Cardoso,23.5,-112,2026-06-11T08:08:20Z,Indiana Fever,Chicago Sky
2026-06-11T08:08:31.059817+00:00,aa2e0973335826674bcad157006dfc14,2026-06-11T23:00:00Z,fanduel,FanDuel,player_points_rebounds_assists,Over,Skylar Diggins-Smith,22.5,-125,2026-06-11T08:08:20Z,Indiana Fever,Chicago Sky
2026-06-11T08:08:31.059817+00:00,aa2e0973335826674bcad157006dfc14,2026-06-11T23:00:00Z,fanduel,FanDuel,player_points_rebounds_assists,Under,Skylar Diggins-Smith,22.5,-106,2026-06-11T08:08:20Z,Indiana Fever,Chicago Sky
2026-06-11T08:08:31.059817+00:00,aa2e0973335826674bcad157006dfc14,2026-06-11T23:00:00Z,fanduel,FanDuel,player_points_rebounds_assists,Over,Kelsey Mitchell,23.5,-118,2026-06-11T08:08:20Z,Indiana Fever,Chicago Sky
2026-06-11T08:08:31.059817+00:00,aa2e0973335826674bcad157006dfc14,2026-06-11T23:00:00Z,fanduel,FanDuel,player_points_rebounds_assists,Under,Kelsey Mitchell,23.5,-112,2026-06-11T08:08:20Z,Indiana Fever,Chicago Sky
2026-06-11T08:08:31.059817+00:00,aa2e0973335826674bcad157006dfc14,2026-06-11T23:00:00Z,fanduel,FanDuel,player_points_rebounds_assists,Over,Aliyah Boston,24.5,-125,2026-06-11T08:08:20Z,Indiana Fever,Chicago Sky
2026-06-11T08:08:31.059817+00:00,aa2e0973335826674bcad157006dfc14,2026-06-11T23:00:00Z,fanduel,FanDuel,player_points_rebounds_assists,Under,Aliyah Boston,24.5,-106,2026-06-11T08:08:20Z,Indiana Fever,Chicago Sky
2026-06-11T08:08:31.059817+00:00,aa2e0973335826674bcad157006dfc14,2026-06-11T23:00:00Z,fanduel,FanDuel,player_points_rebounds_assists,Over,Caitlin Clark,31.5,-120,2026-06-11T08:08:20Z,Indiana Fever,Chicago Sky
2026-06-11T08:08:31.059817+00:00,aa2e0973335826674bcad157006dfc14,2026-06-11T23:00:00Z,fanduel,FanDuel,player_points_rebounds_assists,Under,Caitlin Clark,31.5,-110,2026-06-11T08:08:20Z,Indiana Fever,Chicago Sky
2026-06-11T08:08:31.059817+00:00,aa2e0973335826674bcad157006dfc14,2026-06-11T23:00:00Z,fanduel,FanDuel,player_points_rebounds_assists,Over,Natasha Cloud,17.5,-112,2026-06-11T08:08:20Z,Indiana Fever,Chicago Sky
2026-06-11T08:08:31.059817+00:00,aa2e0973335826674bcad157006dfc14,2026-06-11T23:00:00Z,fanduel,FanDuel,player_points_rebounds_assists,Under,Natasha Cloud,17.5,-118,2026-06-11T08:08:20Z,Indiana Fever,Chicago Sky
2026-06-11T08:08:31.059817+00:00,aa2e0973335826674bcad157006dfc14,2026-06-11T23:00:00Z,fanduel,FanDuel,player_rebounds,Over,Azura Stevens,6.5,104,2026-06-11T08:08:20Z,Indiana Fever,Chicago Sky
2026-06-11T08:08:31.059817+00:00,aa2e0973335826674bcad157006dfc14,2026-06-11T23:00:00Z,fanduel,FanDuel,player_rebounds,Under,Azura Stevens,6.5,-138,2026-06-11T08:08:20Z,Indiana Fever,Chicago Sky
2026-06-11T08:08:31.059817+00:00,aa2e0973335826674bcad157006dfc14,2026-06-11T23:00:00Z,fanduel,FanDuel,player_rebounds,Over,Kamilla Cardoso,8.5,-114,2026-06-11T08:08:20Z,Indiana Fever,Chicago Sky
2026-06-11T08:08:31.059817+00:00,aa2e0973335826674bcad157006dfc14,2026-06-11T23:00:00Z,fanduel,FanDuel,player_rebounds,Under,Kamilla Cardoso,8.5,-114,2026-06-11T08:08:20Z,Indiana Fever,Chicago Sky
2026-06-11T08:08:31.059817+00:00,aa2e0973335826674bcad157006dfc14,2026-06-11T23:00:00Z,fanduel,FanDuel,player_rebounds,Over,Gabriela Jaquez,4.5,122,2026-06-11T08:08:20Z,Indiana Fever,Chicago Sky
2026-06-11T08:08:31.059817+00:00,aa2e0973335826674bcad157006dfc14,2026-06-11T23:00:00Z,fanduel,FanDuel,player_rebounds,Under,Gabriela Jaquez,4.5,-162,2026-06-11T08:08:20Z,Indiana Fever,Chicago Sky
2026-06-11T08:08:31.059817+00:00,aa2e0973335826674bcad157006dfc14,2026-06-11T23:00:00Z,fanduel,FanDuel,player_rebounds,Over,Natasha Cloud,3.5,-104,2026-06-11T08:08:20Z,Indiana Fever,Chicago Sky
2026-06-11T08:08:31.059817+00:00,aa2e0973335826674bcad157006dfc14,2026-06-11T23:00:00Z,fanduel,FanDuel,player_rebounds,Under,Natasha Cloud,3.5,-128,2026-06-11T08:08:20Z,Indiana Fever,Chicago Sky
2026-06-11T08:08:31.059817+00:00,aa2e0973335826674bcad157006dfc14,2026-06-11T23:00:00Z,fanduel,FanDuel,player_rebounds,Over,Aliyah Boston,7.5,-118,2026-06-11T08:08:20Z,Indiana Fever,Chicago Sky
2026-06-11T08:08:31.059817+00:00,aa2e0973335826674bcad157006dfc14,2026-06-11T23:00:00Z,fanduel,FanDuel,player_rebounds,Under,Aliyah Boston,7.5,-112,2026-06-11T08:08:20Z,Indiana Fever,Chicago Sky
2026-06-11T08:08:31.059817+00:00,aa2e0973335826674bcad157006dfc14,2026-06-11T23:00:00Z,fanduel,FanDuel,player_rebounds,Over,Caitlin Clark,4.5,122,2026-06-11T08:08:20Z,Indiana Fever,Chicago Sky
2026-06-11T08:08:31.059817+00:00,aa2e0973335826674bcad157006dfc14,2026-06-11T23:00:00Z,fanduel,FanDuel,player_rebounds,Under,Caitlin Clark,4.5,-162,2026-06-11T08:08:20Z,Indiana Fever,Chicago Sky
2026-06-11T08:08:31.059817+00:00,aa2e0973335826674bcad157006dfc14,2026-06-11T23:00:00Z,fanduel,FanDuel,player_rebounds,Over,Skylar Diggins-Smith,2.5,-158,2026-06-11T08:08:20Z,Indiana Fever,Chicago Sky
2026-06-11T08:08:31.059817+00:00,aa2e0973335826674bcad157006dfc14,2026-06-11T23:00:00Z,fanduel,FanDuel,player_rebounds,Under,Skylar Diggins-Smith,2.5,118,2026-06-11T08:08:20Z,Indiana Fever,Chicago Sky
2026-06-11T08:08:31.059817+00:00,aa2e0973335826674bcad157006dfc14,2026-06-11T23:00:00Z,fanduel,FanDuel,player_rebounds,Over,Monique Billings,4.5,-114,2026-06-11T08:08:20Z,Indiana Fever,Chicago Sky
2026-06-11T08:08:31.059817+00:00,aa2e0973335826674bcad157006dfc14,2026-06-11T23:00:00Z,fanduel,FanDuel,player_rebounds,Under,Monique Billings,4.5,-114,2026-06-11T08:08:20Z,Indiana Fever,Chicago Sky
2026-06-11T08:08:31.059817+00:00,aa2e0973335826674bcad157006dfc14,2026-06-11T23:00:00Z,fanduel,FanDuel,player_rebounds,Over,Kelsey Mitchell,1.5,-188,2026-06-11T08:08:20Z,Indiana Fever,Chicago Sky
2026-06-11T08:08:31.059817+00:00,aa2e0973335826674bcad157006dfc14,2026-06-11T23:00:00Z,fanduel,FanDuel,player_rebounds,Under,Kelsey Mitchell,1.5,140,2026-06-11T08:08:20Z,Indiana Fever,Chicago Sky
2026-06-11T08:08:31.059817+00:00,aa2e0973335826674bcad157006dfc14,2026-06-11T23:00:00Z,fanduel,FanDuel,player_rebounds_assists,Over,Kamilla Cardoso,11.5,-106,2026-06-11T08:08:20Z,Indiana Fever,Chicago Sky
2026-06-11T08:08:31.059817+00:00,aa2e0973335826674bcad157006dfc14,2026-06-11T23:00:00Z,fanduel,FanDuel,player_rebounds_assists,Under,Kamilla Cardoso,11.5,-125,2026-06-11T08:08:20Z,Indiana Fever,Chicago Sky
2026-06-11T08:08:31.059817+00:00,aa2e0973335826674bcad157006dfc14,2026-06-11T23:00:00Z,fanduel,FanDuel,player_rebounds_assists,Over,Skylar Diggins-Smith,7.5,-122,2026-06-11T08:08:20Z,Indiana Fever,Chicago Sky
2026-06-11T08:08:31.059817+00:00,aa2e0973335826674bcad157006dfc14,2026-06-11T23:00:00Z,fanduel,FanDuel,player_rebounds_assists,Under,Skylar Diggins-Smith,7.5,-108,2026-06-11T08:08:20Z,Indiana Fever,Chicago Sky
2026-06-11T08:08:31.059817+00:00,aa2e0973335826674bcad157006dfc14,2026-06-11T23:00:00Z,fanduel,FanDuel,player_rebounds_assists,Over,Natasha Cloud,7.5,-130,2026-06-11T08:08:20Z,Indiana Fever,Chicago Sky
2026-06-11T08:08:31.059817+00:00,aa2e0973335826674bcad157006dfc14,2026-06-11T23:00:00Z,fanduel,FanDuel,player_rebounds_assists,Under,Natasha Cloud,7.5,-102,2026-06-11T08:08:20Z,Indiana Fever,Chicago Sky
2026-06-11T08:08:31.059817+00:00,aa2e0973335826674bcad157006dfc14,2026-06-11T23:00:00Z,fanduel,FanDuel,player_rebounds_assists,Over,Caitlin Clark,12.5,-104,2026-06-11T08:08:20Z,Indiana Fever,Chicago Sky
2026-06-11T08:08:31.059817+00:00,aa2e0973335826674bcad157006dfc14,2026-06-11T23:00:00Z,fanduel,FanDuel,player_rebounds_assists,Under,Caitlin Clark,12.5,-128,2026-06-11T08:08:20Z,Indiana Fever,Chicago Sky
2026-06-11T08:08:31.059817+00:00,aa2e0973335826674bcad157006dfc14,2026-06-11T23:00:00Z,fanduel,FanDuel,player_rebounds_assists,Over,Aliyah Boston,10.5,110,2026-06-11T08:08:20Z,Indiana Fever,Chicago Sky
2026-06-11T08:08:31.059817+00:00,aa2e0973335826674bcad157006dfc14,2026-06-11T23:00:00Z,fanduel,FanDuel,player_rebounds_assists,Under,Aliyah Boston,10.5,-146,2026-06-11T08:08:20Z,Indiana Fever,Chicago Sky
2026-06-11T08:08:31.059817+00:00,aa2e0973335826674bcad157006dfc14,2026-06-11T23:00:00Z,fanduel,FanDuel,player_threes,Over,Skylar Diggins-Smith,1.5,194,2026-06-11T08:08:20Z,Indiana Fever,Chicago Sky
2026-06-11T08:08:31.059817+00:00,aa2e0973335826674bcad157006dfc14,2026-06-11T23:00:00Z,fanduel,FanDuel,player_threes,Under,Skylar Diggins-Smith,1.5,-270,2026-06-11T08:08:20Z,Indiana Fever,Chicago Sky
2026-06-11T08:08:31.059817+00:00,aa2e0973335826674bcad157006dfc14,2026-06-11T23:00:00Z,fanduel,FanDuel,player_threes,Over,Caitlin Clark,2.5,-122,2026-06-11T08:08:20Z,Indiana Fever,Chicago Sky
2026-06-11T08:08:31.059817+00:00,aa2e0973335826674bcad157006dfc14,2026-06-11T23:00:00Z,fanduel,FanDuel,player_threes,Under,Caitlin Clark,2.5,-108,2026-06-11T08:08:20Z,Indiana Fever,Chicago Sky
2026-06-11T08:08:31.059817+00:00,aa2e0973335826674bcad157006dfc14,2026-06-11T23:00:00Z,fanduel,FanDuel,player_threes,Over,Sophie Cunningham,1.5,136,2026-06-11T08:08:20Z,Indiana Fever,Chicago Sky
2026-06-11T08:08:31.059817+00:00,aa2e0973335826674bcad157006dfc14,2026-06-11T23:00:00Z,fanduel,FanDuel,player_threes,Under,Sophie Cunningham,1.5,-182,2026-06-11T08:08:20Z,Indiana Fever,Chicago Sky
2026-06-11T08:08:31.059817+00:00,aa2e0973335826674bcad157006dfc14,2026-06-11T23:00:00Z,fanduel,FanDuel,player_threes,Over,Kelsey Mitchell,2.5,154,2026-06-11T08:08:20Z,Indiana Fever,Chicago Sky
2026-06-11T08:08:31.059817+00:00,aa2e0973335826674bcad157006dfc14,2026-06-11T23:00:00Z,fanduel,FanDuel,player_threes,Under,Kelsey Mitchell,2.5,-210,2026-06-11T08:08:20Z,Indiana Fever,Chicago Sky
2026-06-11T08:08:31.059817+00:00,aa2e0973335826674bcad157006dfc14,2026-06-11T23:00:00Z,fanatics,Fanatics,player_double_double,Yes,Caitlin Clark,,210,2026-06-11T08:08:05Z,Indiana Fever,Chicago Sky
2026-06-11T08:08:31.059817+00:00,aa2e0973335826674bcad157006dfc14,2026-06-11T23:00:00Z,fanatics,Fanatics,player_double_double,Yes,Aliyah Boston,,330,2026-06-11T08:08:05Z,Indiana Fever,Chicago Sky
2026-06-11T08:08:31.059817+00:00,aa2e0973335826674bcad157006dfc14,2026-06-11T23:00:00Z,fanatics,Fanatics,player_double_double,Yes,Skylar Diggins-Smith,,2000,2026-06-11T08:08:05Z,Indiana Fever,Chicago Sky
2026-06-11T08:08:31.059817+00:00,aa2e0973335826674bcad157006dfc14,2026-06-11T23:00:00Z,fanatics,Fanatics,player_double_double,Yes,Kamilla Cardoso,,230,2026-06-11T08:08:05Z,Indiana Fever,Chicago Sky
2026-06-11T08:08:31.059817+00:00,aa2e0973335826674bcad157006dfc14,2026-06-11T23:00:00Z,draftkings,DraftKings,player_assists,Over,Caitlin Clark,7.5,-135,2026-06-11T08:08:22Z,Indiana Fever,Chicago Sky
2026-06-11T08:08:31.059817+00:00,aa2e0973335826674bcad157006dfc14,2026-06-11T23:00:00Z,draftkings,DraftKings,player_assists,Under,Caitlin Clark,7.5,-101,2026-06-11T08:08:22Z,Indiana Fever,Chicago Sky
2026-06-11T08:08:31.059817+00:00,aa2e0973335826674bcad157006dfc14,2026-06-11T23:00:00Z,draftkings,DraftKings,player_assists,Over,Skylar Diggins-Smith,4.5,-114,2026-06-11T08:08:22Z,Indiana Fever,Chicago Sky
2026-06-11T08:08:31.059817+00:00,aa2e0973335826674bcad157006dfc14,2026-06-11T23:00:00Z,draftkings,DraftKings,player_assists,Under,Skylar Diggins-Smith,4.5,-119,2026-06-11T08:08:22Z,Indiana Fever,Chicago Sky
2026-06-11T08:08:31.059817+00:00,aa2e0973335826674bcad157006dfc14,2026-06-11T23:00:00Z,draftkings,DraftKings,player_assists,Over,Natasha Cloud,3.5,-156,2026-06-11T08:08:22Z,Indiana Fever,Chicago Sky
2026-06-11T08:08:31.059817+00:00,aa2e0973335826674bcad157006dfc14,2026-06-11T23:00:00Z,draftkings,DraftKings,player_assists,Under,Natasha Cloud,3.5,114,2026-06-11T08:08:22Z,Indiana Fever,Chicago Sky
2026-06-11T08:08:31.059817+00:00,aa2e0973335826674bcad157006dfc14,2026-06-11T23:00:00Z,draftkings,DraftKings,player_assists,Over,Kamilla Cardoso,2.5,-113,2026-06-11T08:08:22Z,Indiana Fever,Chicago Sky
2026-06-11T08:08:31.059817+00:00,aa2e0973335826674bcad157006dfc14,2026-06-11T23:00:00Z,draftkings,DraftKings,player_assists,Under,Kamilla Cardoso,2.5,-121,2026-06-11T08:08:22Z,Indiana Fever,Chicago Sky
2026-06-11T08:08:31.059817+00:00,aa2e0973335826674bcad157006dfc14,2026-06-11T23:00:00Z,draftkings,DraftKings,player_assists,Over,Kelsey Mitchell,2.5,103,2026-06-11T08:08:22Z,Indiana Fever,Chicago Sky
2026-06-11T08:08:31.059817+00:00,aa2e0973335826674bcad157006dfc14,2026-06-11T23:00:00Z,draftkings,DraftKings,player_assists,Under,Kelsey Mitchell,2.5,-140,2026-06-11T08:08:22Z,Indiana Fever,Chicago Sky
2026-06-11T08:08:31.059817+00:00,aa2e0973335826674bcad157006dfc14,2026-06-11T23:00:00Z,draftkings,DraftKings,player_assists,Over,Aliyah Boston,2.5,115,2026-06-11T08:08:22Z,Indiana Fever,Chicago Sky
2026-06-11T08:08:31.059817+00:00,aa2e0973335826674bcad157006dfc14,2026-06-11T23:00:00Z,draftkings,DraftKings,player_assists,Under,Aliyah Boston,2.5,-157,2026-06-11T08:08:22Z,Indiana Fever,Chicago Sky
2026-06-11T08:08:31.059817+00:00,aa2e0973335826674bcad157006dfc14,2026-06-11T23:00:00Z,draftkings,DraftKings,player_double_double,Yes,Kamilla Cardoso,,204,2026-06-11T08:08:22Z,Indiana Fever,Chicago Sky
2026-06-11T08:08:31.059817+00:00,aa2e0973335826674bcad157006dfc14,2026-06-11T23:00:00Z,draftkings,DraftKings,player_double_double,Yes,Caitlin Clark,,217,2026-06-11T08:08:22Z,Indiana Fever,Chicago Sky
2026-06-11T08:08:31.059817+00:00,aa2e0973335826674bcad157006dfc14,2026-06-11T23:00:00Z,draftkings,DraftKings,player_double_double,Yes,Aliyah Boston,,311,2026-06-11T08:08:22Z,Indiana Fever,Chicago Sky
2026-06-11T08:08:31.059817+00:00,aa2e0973335826674bcad157006dfc14,2026-06-11T23:00:00Z,draftkings,DraftKings,player_double_double,Yes,Azura Stevens,,960,2026-06-11T08:08:22Z,Indiana Fever,Chicago Sky
2026-06-11T08:08:31.059817+00:00,aa2e0973335826674bcad157006dfc14,2026-06-11T23:00:00Z,draftkings,DraftKings,player_double_double,Yes,Skylar Diggins-Smith,,2200,2026-06-11T08:08:22Z,Indiana Fever,Chicago Sky
2026-06-11T08:08:31.059817+00:00,aa2e0973335826674bcad157006dfc14,2026-06-11T23:00:00Z,draftkings,DraftKings,player_double_double,Yes,Kelsey Mitchell,,6000,2026-06-11T08:08:22Z,Indiana Fever,Chicago Sky
2026-06-11T08:08:31.059817+00:00,aa2e0973335826674bcad157006dfc14,2026-06-11T23:00:00Z,draftkings,DraftKings,player_points,Over,Caitlin Clark,19.5,-114,2026-06-11T08:08:22Z,Indiana Fever,Chicago Sky
2026-06-11T08:08:31.059817+00:00,aa2e0973335826674bcad157006dfc14,2026-06-11T23:00:00Z,draftkings,DraftKings,player_points,Under,Caitlin Clark,19.5,-116,2026-06-11T08:08:22Z,Indiana Fever,Chicago Sky
2026-06-11T08:08:31.059817+00:00,aa2e0973335826674bcad157006dfc14,2026-06-11T23:00:00Z,draftkings,DraftKings,player_points,Over,Kelsey Mitchell,18.5,-125,2026-06-11T08:08:22Z,Indiana Fever,Chicago Sky
2026-06-11T08:08:31.059817+00:00,aa2e0973335826674bcad157006dfc14,2026-06-11T23:00:00Z,draftkings,DraftKings,player_points,Under,Kelsey Mitchell,18.5,-106,2026-06-11T08:08:22Z,Indiana Fever,Chicago Sky
2026-06-11T08:08:31.059817+00:00,aa2e0973335826674bcad157006dfc14,2026-06-11T23:00:00Z,draftkings,DraftKings,player_points,Over,Skylar Diggins-Smith,14.5,-129,2026-06-11T08:08:22Z,Indiana Fever,Chicago Sky
2026-06-11T08:08:31.059817+00:00,aa2e0973335826674bcad157006dfc14,2026-06-11T23:00:00Z,draftkings,DraftKings,player_points,Under,Skylar Diggins-Smith,14.5,-103,2026-06-11T08:08:22Z,Indiana Fever,Chicago Sky
2026-06-11T08:08:31.059817+00:00,aa2e0973335826674bcad157006dfc14,2026-06-11T23:00:00Z,draftkings,DraftKings,player_points,Over,Aliyah Boston,14.5,-116,2026-06-11T08:08:22Z,Indiana Fever,Chicago Sky
2026-06-11T08:08:31.059817+00:00,aa2e0973335826674bcad157006dfc14,2026-06-11T23:00:00Z,draftkings,DraftKings,player_points,Under,Aliyah Boston,14.5,-114,2026-06-11T08:08:22Z,Indiana Fever,Chicago Sky
2026-06-11T08:08:31.059817+00:00,aa2e0973335826674bcad157006dfc14,2026-06-11T23:00:00Z,draftkings,DraftKings,player_points,Over,Kamilla Cardoso,12.5,100,2026-06-11T08:08:22Z,Indiana Fever,Chicago Sky
2026-06-11T08:08:31.059817+00:00,aa2e0973335826674bcad157006dfc14,2026-06-11T23:00:00Z,draftkings,DraftKings,player_points,Under,Kamilla Cardoso,12.5,-132,2026-06-11T08:08:22Z,Indiana Fever,Chicago Sky
2026-06-11T08:08:31.059817+00:00,aa2e0973335826674bcad157006dfc14,2026-06-11T23:00:00Z,draftkings,DraftKings,player_points,Over,Azura Stevens,10.5,-106,2026-06-11T08:08:22Z,Indiana Fever,Chicago Sky
2026-06-11T08:08:31.059817+00:00,aa2e0973335826674bcad157006dfc14,2026-06-11T23:00:00Z,draftkings,DraftKings,player_points,Under,Azura Stevens,10.5,-125,2026-06-11T08:08:22Z,Indiana Fever,Chicago Sky
2026-06-11T08:08:31.059817+00:00,aa2e0973335826674bcad157006dfc14,2026-06-11T23:00:00Z,draftkings,DraftKings,player_points,Over,Natasha Cloud,9.5,-105,2026-06-11T08:08:22Z,Indiana Fever,Chicago Sky
2026-06-11T08:08:31.059817+00:00,aa2e0973335826674bcad157006dfc14,2026-06-11T23:00:00Z,draftkings,DraftKings,player_points,Under,Natasha Cloud,9.5,-126,2026-06-11T08:08:22Z,Indiana Fever,Chicago Sky
2026-06-11T08:08:31.059817+00:00,aa2e0973335826674bcad157006dfc14,2026-06-11T23:00:00Z,draftkings,DraftKings,player_points,Over,Gabriela Jaquez,8.5,-125,2026-06-11T08:08:22Z,Indiana Fever,Chicago Sky
2026-06-11T08:08:31.059817+00:00,aa2e0973335826674bcad157006dfc14,2026-06-11T23:00:00Z,draftkings,DraftKings,player_points,Under,Gabriela Jaquez,8.5,-106,2026-06-11T08:08:22Z,Indiana Fever,Chicago Sky
2026-06-11T08:08:31.059817+00:00,aa2e0973335826674bcad157006dfc14,2026-06-11T23:00:00Z,draftkings,DraftKings,player_points,Over,Sophie Cunningham,7.5,-127,2026-06-11T08:08:22Z,Indiana Fever,Chicago Sky
2026-06-11T08:08:31.059817+00:00,aa2e0973335826674bcad157006dfc14,2026-06-11T23:00:00Z,draftkings,DraftKings,player_points,Under,Sophie Cunningham,7.5,-105,2026-06-11T08:08:22Z,Indiana Fever,Chicago Sky
2026-06-11T08:08:31.059817+00:00,aa2e0973335826674bcad157006dfc14,2026-06-11T23:00:00Z,draftkings,DraftKings,player_points,Over,Monique Billings,5.5,-124,2026-06-11T08:08:22Z,Indiana Fever,Chicago Sky
2026-06-11T08:08:31.059817+00:00,aa2e0973335826674bcad157006dfc14,2026-06-11T23:00:00Z,draftkings,DraftKings,player_points,Under,Monique Billings,5.5,-107,2026-06-11T08:08:22Z,Indiana Fever,Chicago Sky
2026-06-11T08:08:31.059817+00:00,aa2e0973335826674bcad157006dfc14,2026-06-11T23:00:00Z,draftkings,DraftKings,player_points_assists,Over,Caitlin Clark,27.5,-117,2026-06-11T08:07:05Z,Indiana Fever,Chicago Sky
2026-06-11T08:08:31.059817+00:00,aa2e0973335826674bcad157006dfc14,2026-06-11T23:00:00Z,draftkings,DraftKings,player_points_assists,Under,Caitlin Clark,27.5,-116,2026-06-11T08:07:05Z,Indiana Fever,Chicago Sky
2026-06-11T08:08:31.059817+00:00,aa2e0973335826674bcad157006dfc14,2026-06-11T23:00:00Z,draftkings,DraftKings,player_points_assists,Over,Kelsey Mitchell,21.5,-112,2026-06-11T08:07:05Z,Indiana Fever,Chicago Sky
2026-06-11T08:08:31.059817+00:00,aa2e0973335826674bcad157006dfc14,2026-06-11T23:00:00Z,draftkings,DraftKings,player_points_assists,Under,Kelsey Mitchell,21.5,-121,2026-06-11T08:07:05Z,Indiana Fever,Chicago Sky
2026-06-11T08:08:31.059817+00:00,aa2e0973335826674bcad157006dfc14,2026-06-11T23:00:00Z,draftkings,DraftKings,player_points_assists,Over,Skylar Diggins-Smith,19.5,-122,2026-06-11T08:07:05Z,Indiana Fever,Chicago Sky
2026-06-11T08:08:31.059817+00:00,aa2e0973335826674bcad157006dfc14,2026-06-11T23:00:00Z,draftkings,DraftKings,player_points_assists,Under,Skylar Diggins-Smith,19.5,-111,2026-06-11T08:07:05Z,Indiana Fever,Chicago Sky
2026-06-11T08:08:31.059817+00:00,aa2e0973335826674bcad157006dfc14,2026-06-11T23:00:00Z,draftkings,DraftKings,player_points_assists,Over,Aliyah Boston,16.5,-132,2026-06-11T08:07:05Z,Indiana Fever,Chicago Sky
2026-06-11T08:08:31.059817+00:00,aa2e0973335826674bcad157006dfc14,2026-06-11T23:00:00Z,draftkings,DraftKings,player_points_assists,Under,Aliyah Boston,16.5,-103,2026-06-11T08:07:05Z,Indiana Fever,Chicago Sky
2026-06-11T08:08:31.059817+00:00,aa2e0973335826674bcad157006dfc14,2026-06-11T23:00:00Z,draftkings,DraftKings,player_points_assists,Over,Kamilla Cardoso,14.5,-126,2026-06-11T08:07:05Z,Indiana Fever,Chicago Sky
2026-06-11T08:08:31.059817+00:00,aa2e0973335826674bcad157006dfc14,2026-06-11T23:00:00Z,draftkings,DraftKings,player_points_assists,Under,Kamilla Cardoso,14.5,-108,2026-06-11T08:07:05Z,Indiana Fever,Chicago Sky
2026-06-11T08:08:31.059817+00:00,aa2e0973335826674bcad157006dfc14,2026-06-11T23:00:00Z,draftkings,DraftKings,player_points_assists,Over,Natasha Cloud,13.5,-110,2026-06-11T08:07:05Z,Indiana Fever,Chicago Sky
2026-06-11T08:08:31.059817+00:00,aa2e0973335826674bcad157006dfc14,2026-06-11T23:00:00Z,draftkings,DraftKings,player_points_assists,Under,Natasha Cloud,13.5,-124,2026-06-11T08:07:05Z,Indiana Fever,Chicago Sky
2026-06-11T08:08:31.059817+00:00,aa2e0973335826674bcad157006dfc14,2026-06-11T23:00:00Z,draftkings,DraftKings,player_points_rebounds,Over,Caitlin Clark,23.5,-124,2026-06-11T08:07:05Z,Indiana Fever,Chicago Sky
2026-06-11T08:08:31.059817+00:00,aa2e0973335826674bcad157006dfc14,2026-06-11T23:00:00Z,draftkings,DraftKings,player_points_rebounds,Under,Caitlin Clark,23.5,-109,2026-06-11T08:07:05Z,Indiana Fever,Chicago Sky
2026-06-11T08:08:31.059817+00:00,aa2e0973335826674bcad157006dfc14,2026-06-11T23:00:00Z,draftkings,DraftKings,player_points_rebounds,Over,Aliyah Boston,22.5,-109,2026-06-11T08:07:05Z,Indiana Fever,Chicago Sky
2026-06-11T08:08:31.059817+00:00,aa2e0973335826674bcad157006dfc14,2026-06-11T23:00:00Z,draftkings,DraftKings,player_points_rebounds,Under,Aliyah Boston,22.5,-124,2026-06-11T08:07:05Z,Indiana Fever,Chicago Sky
2026-06-11T08:08:31.059817+00:00,aa2e0973335826674bcad157006dfc14,2026-06-11T23:00:00Z,draftkings,DraftKings,player_points_rebounds,Over,Kamilla Cardoso,20.5,-129,2026-06-11T08:07:05Z,Indiana Fever,Chicago Sky
2026-06-11T08:08:31.059817+00:00,aa2e0973335826674bcad157006dfc14,2026-06-11T23:00:00Z,draftkings,DraftKings,player_points_rebounds,Under,Kamilla Cardoso,20.5,-105,2026-06-11T08:07:05Z,Indiana Fever,Chicago Sky
2026-06-11T08:08:31.059817+00:00,aa2e0973335826674bcad157006dfc14,2026-06-11T23:00:00Z,draftkings,DraftKings,player_points_rebounds,Over,Kelsey Mitchell,20.5,-127,2026-06-11T08:07:05Z,Indiana Fever,Chicago Sky
2026-06-11T08:08:31.059817+00:00,aa2e0973335826674bcad157006dfc14,2026-06-11T23:00:00Z,draftkings,DraftKings,player_points_rebounds,Under,Kelsey Mitchell,20.5,-107,2026-06-11T08:07:05Z,Indiana Fever,Chicago Sky
2026-06-11T08:08:31.059817+00:00,aa2e0973335826674bcad157006dfc14,2026-06-11T23:00:00Z,draftkings,DraftKings,player_points_rebounds,Over,Skylar Diggins-Smith,17.5,-125,2026-06-11T08:07:05Z,Indiana Fever,Chicago Sky
2026-06-11T08:08:31.059817+00:00,aa2e0973335826674bcad157006dfc14,2026-06-11T23:00:00Z,draftkings,DraftKings,player_points_rebounds,Under,Skylar Diggins-Smith,17.5,-109,2026-06-11T08:07:05Z,Indiana Fever,Chicago Sky
2026-06-11T08:08:31.059817+00:00,aa2e0973335826674bcad157006dfc14,2026-06-11T23:00:00Z,draftkings,DraftKings,player_points_rebounds,Over,Azura Stevens,16.5,-113,2026-06-11T08:07:05Z,Indiana Fever,Chicago Sky
2026-06-11T08:08:31.059817+00:00,aa2e0973335826674bcad157006dfc14,2026-06-11T23:00:00Z,draftkings,DraftKings,player_points_rebounds,Under,Azura Stevens,16.5,-120,2026-06-11T08:07:05Z,Indiana Fever,Chicago Sky
2026-06-11T08:08:31.059817+00:00,aa2e0973335826674bcad157006dfc14,2026-06-11T23:00:00Z,draftkings,DraftKings,player_points_rebounds,Over,Gabriela Jaquez,12.5,-132,2026-06-11T08:07:05Z,Indiana Fever,Chicago Sky
2026-06-11T08:08:31.059817+00:00,aa2e0973335826674bcad157006dfc14,2026-06-11T23:00:00Z,draftkings,DraftKings,player_points_rebounds,Under,Gabriela Jaquez,12.5,-103,2026-06-11T08:07:05Z,Indiana Fever,Chicago Sky
2026-06-11T08:08:31.059817+00:00,aa2e0973335826674bcad157006dfc14,2026-06-11T23:00:00Z,draftkings,DraftKings,player_points_rebounds,Over,Natasha Cloud,12.5,-124,2026-06-11T08:07:05Z,Indiana Fever,Chicago Sky
2026-06-11T08:08:31.059817+00:00,aa2e0973335826674bcad157006dfc14,2026-06-11T23:00:00Z,draftkings,DraftKings,player_points_rebounds,Under,Natasha Cloud,12.5,-109,2026-06-11T08:07:05Z,Indiana Fever,Chicago Sky
2026-06-11T08:08:31.059817+00:00,aa2e0973335826674bcad157006dfc14,2026-06-11T23:00:00Z,draftkings,DraftKings,player_points_rebounds,Over,Monique Billings,10.5,-112,2026-06-11T08:07:05Z,Indiana Fever,Chicago Sky
2026-06-11T08:08:31.059817+00:00,aa2e0973335826674bcad157006dfc14,2026-06-11T23:00:00Z,draftkings,DraftKings,player_points_rebounds,Under,Monique Billings,10.5,-121,2026-06-11T08:07:05Z,Indiana Fever,Chicago Sky
2026-06-11T08:08:31.059817+00:00,aa2e0973335826674bcad157006dfc14,2026-06-11T23:00:00Z,draftkings,DraftKings,player_points_rebounds_assists,Over,Caitlin Clark,31.5,-125,2026-06-11T08:07:05Z,Indiana Fever,Chicago Sky
2026-06-11T08:08:31.059817+00:00,aa2e0973335826674bcad157006dfc14,2026-06-11T23:00:00Z,draftkings,DraftKings,player_points_rebounds_assists,Under,Caitlin Clark,31.5,-108,2026-06-11T08:07:05Z,Indiana Fever,Chicago Sky
2026-06-11T08:08:31.059817+00:00,aa2e0973335826674bcad157006dfc14,2026-06-11T23:00:00Z,draftkings,DraftKings,player_points_rebounds_assists,Over,Aliyah Boston,24.5,-116,2026-06-11T08:07:05Z,Indiana Fever,Chicago Sky
2026-06-11T08:08:31.059817+00:00,aa2e0973335826674bcad157006dfc14,2026-06-11T23:00:00Z,draftkings,DraftKings,player_points_rebounds_assists,Under,Aliyah Boston,24.5,-117,2026-06-11T08:07:05Z,Indiana Fever,Chicago Sky
2026-06-11T08:08:31.059817+00:00,aa2e0973335826674bcad157006dfc14,2026-06-11T23:00:00Z,draftkings,DraftKings,player_points_rebounds_assists,Over,Kamilla Cardoso,23.5,-119,2026-06-11T08:07:05Z,Indiana Fever,Chicago Sky
2026-06-11T08:08:31.059817+00:00,aa2e0973335826674bcad157006dfc14,2026-06-11T23:00:00Z,draftkings,DraftKings,player_points_rebounds_assists,Under,Kamilla Cardoso,23.5,-114,2026-06-11T08:07:05Z,Indiana Fever,Chicago Sky
2026-06-11T08:08:31.059817+00:00,aa2e0973335826674bcad157006dfc14,2026-06-11T23:00:00Z,draftkings,DraftKings,player_points_rebounds_assists,Over,Kelsey Mitchell,23.5,-114,2026-06-11T08:07:05Z,Indiana Fever,Chicago Sky
2026-06-11T08:08:31.059817+00:00,aa2e0973335826674bcad157006dfc14,2026-06-11T23:00:00Z,draftkings,DraftKings,player_points_rebounds_assists,Under,Kelsey Mitchell,23.5,-119,2026-06-11T08:07:05Z,Indiana Fever,Chicago Sky
2026-06-11T08:08:31.059817+00:00,aa2e0973335826674bcad157006dfc14,2026-06-11T23:00:00Z,draftkings,DraftKings,player_points_rebounds_assists,Over,Skylar Diggins-Smith,22.5,-114,2026-06-11T08:07:05Z,Indiana Fever,Chicago Sky
2026-06-11T08:08:31.059817+00:00,aa2e0973335826674bcad157006dfc14,2026-06-11T23:00:00Z,draftkings,DraftKings,player_points_rebounds_assists,Under,Skylar Diggins-Smith,22.5,-120,2026-06-11T08:07:05Z,Indiana Fever,Chicago Sky
2026-06-11T08:08:31.059817+00:00,aa2e0973335826674bcad157006dfc14,2026-06-11T23:00:00Z,draftkings,DraftKings,player_points_rebounds_assists,Over,Natasha Cloud,16.5,-128,2026-06-11T08:07:05Z,Indiana Fever,Chicago Sky
2026-06-11T08:08:31.059817+00:00,aa2e0973335826674bcad157006dfc14,2026-06-11T23:00:00Z,draftkings,DraftKings,player_points_rebounds_assists,Under,Natasha Cloud,16.5,-106,2026-06-11T08:07:05Z,Indiana Fever,Chicago Sky
2026-06-11T08:08:31.059817+00:00,aa2e0973335826674bcad157006dfc14,2026-06-11T23:00:00Z,draftkings,DraftKings,player_rebounds,Over,Kamilla Cardoso,8.5,-113,2026-06-11T08:08:22Z,Indiana Fever,Chicago Sky
2026-06-11T08:08:31.059817+00:00,aa2e0973335826674bcad157006dfc14,2026-06-11T23:00:00Z,draftkings,DraftKings,player_rebounds,Under,Kamilla Cardoso,8.5,-121,2026-06-11T08:08:22Z,Indiana Fever,Chicago Sky
2026-06-11T08:08:31.059817+00:00,aa2e0973335826674bcad157006dfc14,2026-06-11T23:00:00Z,draftkings,DraftKings,player_rebounds,Over,Aliyah Boston,7.5,-109,2026-06-11T08:08:22Z,Indiana Fever,Chicago Sky
2026-06-11T08:08:31.059817+00:00,aa2e0973335826674bcad157006dfc14,2026-06-11T23:00:00Z,draftkings,DraftKings,player_rebounds,Under,Aliyah Boston,7.5,-125,2026-06-11T08:08:22Z,Indiana Fever,Chicago Sky
2026-06-11T08:08:31.059817+00:00,aa2e0973335826674bcad157006dfc14,2026-06-11T23:00:00Z,draftkings,DraftKings,player_rebounds,Over,Azura Stevens,5.5,-150,2026-06-11T08:08:22Z,Indiana Fever,Chicago Sky
2026-06-11T08:08:31.059817+00:00,aa2e0973335826674bcad157006dfc14,2026-06-11T23:00:00Z,draftkings,DraftKings,player_rebounds,Under,Azura Stevens,5.5,110,2026-06-11T08:08:22Z,Indiana Fever,Chicago Sky
2026-06-11T08:08:31.059817+00:00,aa2e0973335826674bcad157006dfc14,2026-06-11T23:00:00Z,draftkings,DraftKings,player_rebounds,Over,Monique Billings,4.5,-121,2026-06-11T08:08:22Z,Indiana Fever,Chicago Sky
2026-06-11T08:08:31.059817+00:00,aa2e0973335826674bcad157006dfc14,2026-06-11T23:00:00Z,draftkings,DraftKings,player_rebounds,Under,Monique Billings,4.5,-112,2026-06-11T08:08:22Z,Indiana Fever,Chicago Sky
2026-06-11T08:08:31.059817+00:00,aa2e0973335826674bcad157006dfc14,2026-06-11T23:00:00Z,draftkings,DraftKings,player_rebounds,Over,Caitlin Clark,4.5,110,2026-06-11T08:08:22Z,Indiana Fever,Chicago Sky
2026-06-11T08:08:31.059817+00:00,aa2e0973335826674bcad157006dfc14,2026-06-11T23:00:00Z,draftkings,DraftKings,player_rebounds,Under,Caitlin Clark,4.5,-149,2026-06-11T08:08:22Z,Indiana Fever,Chicago Sky
2026-06-11T08:08:31.059817+00:00,aa2e0973335826674bcad157006dfc14,2026-06-11T23:00:00Z,draftkings,DraftKings,player_rebounds,Over,Gabriela Jaquez,4.5,122,2026-06-11T08:08:22Z,Indiana Fever,Chicago Sky
2026-06-11T08:08:31.059817+00:00,aa2e0973335826674bcad157006dfc14,2026-06-11T23:00:00Z,draftkings,DraftKings,player_rebounds,Under,Gabriela Jaquez,4.5,-167,2026-06-11T08:08:22Z,Indiana Fever,Chicago Sky
2026-06-11T08:08:31.059817+00:00,aa2e0973335826674bcad157006dfc14,2026-06-11T23:00:00Z,draftkings,DraftKings,player_rebounds,Over,Natasha Cloud,3.5,-101,2026-06-11T08:08:22Z,Indiana Fever,Chicago Sky
2026-06-11T08:08:31.059817+00:00,aa2e0973335826674bcad157006dfc14,2026-06-11T23:00:00Z,draftkings,DraftKings,player_rebounds,Under,Natasha Cloud,3.5,-135,2026-06-11T08:08:22Z,Indiana Fever,Chicago Sky
2026-06-11T08:08:31.059817+00:00,aa2e0973335826674bcad157006dfc14,2026-06-11T23:00:00Z,draftkings,DraftKings,player_rebounds,Over,Skylar Diggins-Smith,2.5,-128,2026-06-11T08:08:22Z,Indiana Fever,Chicago Sky
2026-06-11T08:08:31.059817+00:00,aa2e0973335826674bcad157006dfc14,2026-06-11T23:00:00Z,draftkings,DraftKings,player_rebounds,Under,Skylar Diggins-Smith,2.5,-106,2026-06-11T08:08:22Z,Indiana Fever,Chicago Sky
2026-06-11T08:08:31.059817+00:00,aa2e0973335826674bcad157006dfc14,2026-06-11T23:00:00Z,draftkings,DraftKings,player_rebounds_assists,Over,Caitlin Clark,12.5,101,2026-06-11T08:07:05Z,Indiana Fever,Chicago Sky
2026-06-11T08:08:31.059817+00:00,aa2e0973335826674bcad157006dfc14,2026-06-11T23:00:00Z,draftkings,DraftKings,player_rebounds_assists,Under,Caitlin Clark,12.5,-138,2026-06-11T08:07:05Z,Indiana Fever,Chicago Sky
2026-06-11T08:08:31.059817+00:00,aa2e0973335826674bcad157006dfc14,2026-06-11T23:00:00Z,draftkings,DraftKings,player_rebounds_assists,Over,Kamilla Cardoso,11.5,100,2026-06-11T08:07:05Z,Indiana Fever,Chicago Sky
2026-06-11T08:08:31.059817+00:00,aa2e0973335826674bcad157006dfc14,2026-06-11T23:00:00Z,draftkings,DraftKings,player_rebounds_assists,Under,Kamilla Cardoso,11.5,-135,2026-06-11T08:07:05Z,Indiana Fever,Chicago Sky
2026-06-11T08:08:31.059817+00:00,aa2e0973335826674bcad157006dfc14,2026-06-11T23:00:00Z,draftkings,DraftKings,player_rebounds_assists,Over,Aliyah Boston,9.5,-131,2026-06-11T08:07:05Z,Indiana Fever,Chicago Sky
2026-06-11T08:08:31.059817+00:00,aa2e0973335826674bcad157006dfc14,2026-06-11T23:00:00Z,draftkings,DraftKings,player_rebounds_assists,Under,Aliyah Boston,9.5,-104,2026-06-11T08:07:05Z,Indiana Fever,Chicago Sky
2026-06-11T08:08:31.059817+00:00,aa2e0973335826674bcad157006dfc14,2026-06-11T23:00:00Z,draftkings,DraftKings,player_rebounds_assists,Over,Natasha Cloud,7.5,-106,2026-06-11T08:07:05Z,Indiana Fever,Chicago Sky
2026-06-11T08:08:31.059817+00:00,aa2e0973335826674bcad157006dfc14,2026-06-11T23:00:00Z,draftkings,DraftKings,player_rebounds_assists,Under,Natasha Cloud,7.5,-128,2026-06-11T08:07:05Z,Indiana Fever,Chicago Sky
2026-06-11T08:08:31.059817+00:00,aa2e0973335826674bcad157006dfc14,2026-06-11T23:00:00Z,draftkings,DraftKings,player_rebounds_assists,Over,Skylar Diggins-Smith,7.5,-101,2026-06-11T08:07:05Z,Indiana Fever,Chicago Sky
2026-06-11T08:08:31.059817+00:00,aa2e0973335826674bcad157006dfc14,2026-06-11T23:00:00Z,draftkings,DraftKings,player_rebounds_assists,Under,Skylar Diggins-Smith,7.5,-134,2026-06-11T08:07:05Z,Indiana Fever,Chicago Sky
2026-06-11T08:08:31.059817+00:00,aa2e0973335826674bcad157006dfc14,2026-06-11T23:00:00Z,draftkings,DraftKings,player_threes,Over,Caitlin Clark,2.5,-115,2026-06-11T08:08:22Z,Indiana Fever,Chicago Sky
2026-06-11T08:08:31.059817+00:00,aa2e0973335826674bcad157006dfc14,2026-06-11T23:00:00Z,draftkings,DraftKings,player_threes,Under,Caitlin Clark,2.5,-118,2026-06-11T08:08:22Z,Indiana Fever,Chicago Sky
2026-06-11T08:08:31.059817+00:00,aa2e0973335826674bcad157006dfc14,2026-06-11T23:00:00Z,draftkings,DraftKings,player_threes,Over,Kelsey Mitchell,1.5,-183,2026-06-11T08:08:22Z,Indiana Fever,Chicago Sky
2026-06-11T08:08:31.059817+00:00,aa2e0973335826674bcad157006dfc14,2026-06-11T23:00:00Z,draftkings,DraftKings,player_threes,Under,Kelsey Mitchell,1.5,134,2026-06-11T08:08:22Z,Indiana Fever,Chicago Sky
2026-06-11T08:08:31.059817+00:00,aa2e0973335826674bcad157006dfc14,2026-06-11T23:00:00Z,draftkings,DraftKings,player_threes,Over,Sophie Cunningham,1.5,162,2026-06-11T08:08:22Z,Indiana Fever,Chicago Sky
2026-06-11T08:08:31.059817+00:00,aa2e0973335826674bcad157006dfc14,2026-06-11T23:00:00Z,draftkings,DraftKings,player_threes,Under,Sophie Cunningham,1.5,-224,2026-06-11T08:08:22Z,Indiana Fever,Chicago Sky
2026-06-11T08:08:31.059817+00:00,aa2e0973335826674bcad157006dfc14,2026-06-11T23:00:00Z,draftkings,DraftKings,player_threes,Over,Skylar Diggins-Smith,1.5,171,2026-06-11T08:08:22Z,Indiana Fever,Chicago Sky
2026-06-11T08:08:31.059817+00:00,aa2e0973335826674bcad157006dfc14,2026-06-11T23:00:00Z,draftkings,DraftKings,player_threes,Under,Skylar Diggins-Smith,1.5,-237,2026-06-11T08:08:22Z,Indiana Fever,Chicago Sky
2026-06-11T08:08:31.059817+00:00,aa2e0973335826674bcad157006dfc14,2026-06-11T23:00:00Z,draftkings,DraftKings,player_triple_double,Yes,Caitlin Clark,,3700,2026-06-11T08:08:22Z,Indiana Fever,Chicago Sky
2026-06-11T08:08:31.059817+00:00,aa2e0973335826674bcad157006dfc14,2026-06-11T23:00:00Z,draftkings,DraftKings,player_triple_double,Yes,Kamilla Cardoso,,6100,2026-06-11T08:08:22Z,Indiana Fever,Chicago Sky
2026-06-11T08:08:31.059817+00:00,aa2e0973335826674bcad157006dfc14,2026-06-11T23:00:00Z,draftkings,DraftKings,player_triple_double,Yes,Aliyah Boston,,6300,2026-06-11T08:08:22Z,Indiana Fever,Chicago Sky
2026-06-11T08:08:31.059817+00:00,aa2e0973335826674bcad157006dfc14,2026-06-11T23:00:00Z,williamhill_us,Caesars,player_assists,Over,Skylar Diggins-Smith,4.5,-124,2026-06-11T08:08:20Z,Indiana Fever,Chicago Sky
2026-06-11T08:08:31.059817+00:00,aa2e0973335826674bcad157006dfc14,2026-06-11T23:00:00Z,williamhill_us,Caesars,player_assists,Under,Skylar Diggins-Smith,4.5,-108,2026-06-11T08:08:20Z,Indiana Fever,Chicago Sky
2026-06-11T08:08:31.059817+00:00,aa2e0973335826674bcad157006dfc14,2026-06-11T23:00:00Z,williamhill_us,Caesars,player_assists,Over,Caitlin Clark,7.5,-141,2026-06-11T08:08:20Z,Indiana Fever,Chicago Sky
2026-06-11T08:08:31.059817+00:00,aa2e0973335826674bcad157006dfc14,2026-06-11T23:00:00Z,williamhill_us,Caesars,player_assists,Under,Caitlin Clark,7.5,106,2026-06-11T08:08:20Z,Indiana Fever,Chicago Sky
2026-06-11T08:08:31.059817+00:00,aa2e0973335826674bcad157006dfc14,2026-06-11T23:00:00Z,williamhill_us,Caesars,player_assists,Over,Natasha Cloud,3.5,-164,2026-06-11T08:08:20Z,Indiana Fever,Chicago Sky
2026-06-11T08:08:31.059817+00:00,aa2e0973335826674bcad157006dfc14,2026-06-11T23:00:00Z,williamhill_us,Caesars,player_assists,Under,Natasha Cloud,3.5,123,2026-06-11T08:08:20Z,Indiana Fever,Chicago Sky
2026-06-11T08:08:31.059817+00:00,aa2e0973335826674bcad157006dfc14,2026-06-11T23:00:00Z,williamhill_us,Caesars,player_double_double,Yes,Caitlin Clark,,196,2026-06-11T08:08:20Z,Indiana Fever,Chicago Sky
2026-06-11T08:08:31.059817+00:00,aa2e0973335826674bcad157006dfc14,2026-06-11T23:00:00Z,williamhill_us,Caesars,player_double_double,Yes,Kamilla Cardoso,,205,2026-06-11T08:08:20Z,Indiana Fever,Chicago Sky
2026-06-11T08:08:31.059817+00:00,aa2e0973335826674bcad157006dfc14,2026-06-11T23:00:00Z,williamhill_us,Caesars,player_double_double,Yes,Aliyah Boston,,275,2026-06-11T08:08:20Z,Indiana Fever,Chicago Sky
2026-06-11T08:08:31.059817+00:00,aa2e0973335826674bcad157006dfc14,2026-06-11T23:00:00Z,williamhill_us,Caesars,player_double_double,Yes,Azura Stevens,,750,2026-06-11T08:08:20Z,Indiana Fever,Chicago Sky
2026-06-11T08:08:31.059817+00:00,aa2e0973335826674bcad157006dfc14,2026-06-11T23:00:00Z,williamhill_us,Caesars,player_points,Over,Monique Billings,5.5,-125,2026-06-11T08:08:20Z,Indiana Fever,Chicago Sky
2026-06-11T08:08:31.059817+00:00,aa2e0973335826674bcad157006dfc14,2026-06-11T23:00:00Z,williamhill_us,Caesars,player_points,Under,Monique Billings,5.5,-107,2026-06-11T08:08:20Z,Indiana Fever,Chicago Sky
2026-06-11T08:08:31.059817+00:00,aa2e0973335826674bcad157006dfc14,2026-06-11T23:00:00Z,williamhill_us,Caesars,player_points,Over,Skylar Diggins-Smith,14.5,-127,2026-06-11T08:08:20Z,Indiana Fever,Chicago Sky
2026-06-11T08:08:31.059817+00:00,aa2e0973335826674bcad157006dfc14,2026-06-11T23:00:00Z,williamhill_us,Caesars,player_points,Under,Skylar Diggins-Smith,14.5,-106,2026-06-11T08:08:20Z,Indiana Fever,Chicago Sky
2026-06-11T08:08:31.059817+00:00,aa2e0973335826674bcad157006dfc14,2026-06-11T23:00:00Z,williamhill_us,Caesars,player_points,Over,Gabriela Jaquez,8.5,-118,2026-06-11T08:08:20Z,Indiana Fever,Chicago Sky
2026-06-11T08:08:31.059817+00:00,aa2e0973335826674bcad157006dfc14,2026-06-11T23:00:00Z,williamhill_us,Caesars,player_points,Under,Gabriela Jaquez,8.5,-113,2026-06-11T08:08:20Z,Indiana Fever,Chicago Sky
2026-06-11T08:08:31.059817+00:00,aa2e0973335826674bcad157006dfc14,2026-06-11T23:00:00Z,williamhill_us,Caesars,player_points,Over,Aliyah Boston,14.5,-114,2026-06-11T08:08:20Z,Indiana Fever,Chicago Sky
2026-06-11T08:08:31.059817+00:00,aa2e0973335826674bcad157006dfc14,2026-06-11T23:00:00Z,williamhill_us,Caesars,player_points,Under,Aliyah Boston,14.5,-117,2026-06-11T08:08:20Z,Indiana Fever,Chicago Sky
2026-06-11T08:08:31.059817+00:00,aa2e0973335826674bcad157006dfc14,2026-06-11T23:00:00Z,williamhill_us,Caesars,player_points,Over,Natasha Cloud,9.5,-110,2026-06-11T08:08:20Z,Indiana Fever,Chicago Sky
2026-06-11T08:08:31.059817+00:00,aa2e0973335826674bcad157006dfc14,2026-06-11T23:00:00Z,williamhill_us,Caesars,player_points,Under,Natasha Cloud,9.5,-121,2026-06-11T08:08:20Z,Indiana Fever,Chicago Sky
2026-06-11T08:08:31.059817+00:00,aa2e0973335826674bcad157006dfc14,2026-06-11T23:00:00Z,williamhill_us,Caesars,player_points,Over,Caitlin Clark,19.5,-112,2026-06-11T08:08:20Z,Indiana Fever,Chicago Sky
2026-06-11T08:08:31.059817+00:00,aa2e0973335826674bcad157006dfc14,2026-06-11T23:00:00Z,williamhill_us,Caesars,player_points,Under,Caitlin Clark,19.5,-120,2026-06-11T08:08:20Z,Indiana Fever,Chicago Sky
2026-06-11T08:08:31.059817+00:00,aa2e0973335826674bcad157006dfc14,2026-06-11T23:00:00Z,williamhill_us,Caesars,player_points,Over,Sophie Cunningham,7.5,-129,2026-06-11T08:08:20Z,Indiana Fever,Chicago Sky
2026-06-11T08:08:31.059817+00:00,aa2e0973335826674bcad157006dfc14,2026-06-11T23:00:00Z,williamhill_us,Caesars,player_points,Under,Sophie Cunningham,7.5,-104,2026-06-11T08:08:20Z,Indiana Fever,Chicago Sky
2026-06-11T08:08:31.059817+00:00,aa2e0973335826674bcad157006dfc14,2026-06-11T23:00:00Z,williamhill_us,Caesars,player_points,Over,Azura Stevens,10.5,-112,2026-06-11T08:08:20Z,Indiana Fever,Chicago Sky
2026-06-11T08:08:31.059817+00:00,aa2e0973335826674bcad157006dfc14,2026-06-11T23:00:00Z,williamhill_us,Caesars,player_points,Under,Azura Stevens,10.5,-120,2026-06-11T08:08:20Z,Indiana Fever,Chicago Sky
2026-06-11T08:08:31.059817+00:00,aa2e0973335826674bcad157006dfc14,2026-06-11T23:00:00Z,williamhill_us,Caesars,player_points,Over,Kamilla Cardoso,12.5,-104,2026-06-11T08:08:20Z,Indiana Fever,Chicago Sky
2026-06-11T08:08:31.059817+00:00,aa2e0973335826674bcad157006dfc14,2026-06-11T23:00:00Z,williamhill_us,Caesars,player_points,Under,Kamilla Cardoso,12.5,-129,2026-06-11T08:08:20Z,Indiana Fever,Chicago Sky
2026-06-11T08:08:31.059817+00:00,aa2e0973335826674bcad157006dfc14,2026-06-11T23:00:00Z,williamhill_us,Caesars,player_points,Over,Kelsey Mitchell,18.5,-132,2026-06-11T08:08:20Z,Indiana Fever,Chicago Sky
2026-06-11T08:08:31.059817+00:00,aa2e0973335826674bcad157006dfc14,2026-06-11T23:00:00Z,williamhill_us,Caesars,player_points,Under,Kelsey Mitchell,18.5,100,2026-06-11T08:08:20Z,Indiana Fever,Chicago Sky
2026-06-11T08:08:31.059817+00:00,aa2e0973335826674bcad157006dfc14,2026-06-11T23:00:00Z,williamhill_us,Caesars,player_rebounds,Over,Kamilla Cardoso,8.5,-115,2026-06-11T08:08:20Z,Indiana Fever,Chicago Sky
2026-06-11T08:08:31.059817+00:00,aa2e0973335826674bcad157006dfc14,2026-06-11T23:00:00Z,williamhill_us,Caesars,player_rebounds,Under,Kamilla Cardoso,8.5,-115,2026-06-11T08:08:20Z,Indiana Fever,Chicago Sky
2026-06-11T08:08:31.059817+00:00,aa2e0973335826674bcad157006dfc14,2026-06-11T23:00:00Z,williamhill_us,Caesars,player_rebounds,Over,Aliyah Boston,7.5,-110,2026-06-11T08:08:20Z,Indiana Fever,Chicago Sky
2026-06-11T08:08:31.059817+00:00,aa2e0973335826674bcad157006dfc14,2026-06-11T23:00:00Z,williamhill_us,Caesars,player_rebounds,Under,Aliyah Boston,7.5,-121,2026-06-11T08:08:20Z,Indiana Fever,Chicago Sky
2026-06-11T08:08:31.059817+00:00,aa2e0973335826674bcad157006dfc14,2026-06-11T23:00:00Z,williamhill_us,Caesars,player_rebounds,Over,Azura Stevens,5.5,-150,2026-06-11T08:08:20Z,Indiana Fever,Chicago Sky
2026-06-11T08:08:31.059817+00:00,aa2e0973335826674bcad157006dfc14,2026-06-11T23:00:00Z,williamhill_us,Caesars,player_rebounds,Under,Azura Stevens,5.5,112,2026-06-11T08:08:20Z,Indiana Fever,Chicago Sky
2026-06-11T08:08:31.059817+00:00,aa2e0973335826674bcad157006dfc14,2026-06-11T23:00:00Z,williamhill_us,Caesars,player_rebounds,Over,Monique Billings,4.5,-118,2026-06-11T08:08:20Z,Indiana Fever,Chicago Sky
2026-06-11T08:08:31.059817+00:00,aa2e0973335826674bcad157006dfc14,2026-06-11T23:00:00Z,williamhill_us,Caesars,player_rebounds,Under,Monique Billings,4.5,-113,2026-06-11T08:08:20Z,Indiana Fever,Chicago Sky
2026-06-11T08:08:31.059817+00:00,aa2e0973335826674bcad157006dfc14,2026-06-11T23:00:00Z,williamhill_us,Caesars,player_rebounds,Over,Natasha Cloud,3.5,100,2026-06-11T08:08:20Z,Indiana Fever,Chicago Sky
2026-06-11T08:08:31.059817+00:00,aa2e0973335826674bcad157006dfc14,2026-06-11T23:00:00Z,williamhill_us,Caesars,player_rebounds,Under,Natasha Cloud,3.5,-134,2026-06-11T08:08:20Z,Indiana Fever,Chicago Sky
2026-06-11T08:08:31.059817+00:00,aa2e0973335826674bcad157006dfc14,2026-06-11T23:00:00Z,williamhill_us,Caesars,player_rebounds,Over,Caitlin Clark,4.5,115,2026-06-11T08:08:20Z,Indiana Fever,Chicago Sky
2026-06-11T08:08:31.059817+00:00,aa2e0973335826674bcad157006dfc14,2026-06-11T23:00:00Z,williamhill_us,Caesars,player_rebounds,Under,Caitlin Clark,4.5,-152,2026-06-11T08:08:20Z,Indiana Fever,Chicago Sky
2026-06-11T08:08:31.059817+00:00,aa2e0973335826674bcad157006dfc14,2026-06-11T23:00:00Z,williamhill_us,Caesars,player_threes,Over,Kelsey Mitchell,1.5,-190,2026-06-11T08:08:20Z,Indiana Fever,Chicago Sky
2026-06-11T08:08:31.059817+00:00,aa2e0973335826674bcad157006dfc14,2026-06-11T23:00:00Z,williamhill_us,Caesars,player_threes,Under,Kelsey Mitchell,1.5,137,2026-06-11T08:08:20Z,Indiana Fever,Chicago Sky
2026-06-11T08:08:31.059817+00:00,aa2e0973335826674bcad157006dfc14,2026-06-11T23:00:00Z,williamhill_us,Caesars,player_threes,Over,Caitlin Clark,2.5,-117,2026-06-11T08:08:20Z,Indiana Fever,Chicago Sky
2026-06-11T08:08:31.059817+00:00,aa2e0973335826674bcad157006dfc14,2026-06-11T23:00:00Z,williamhill_us,Caesars,player_threes,Under,Caitlin Clark,2.5,-115,2026-06-11T08:08:20Z,Indiana Fever,Chicago Sky
2026-06-11T08:08:31.059817+00:00,aa2e0973335826674bcad157006dfc14,2026-06-11T23:00:00Z,williamhill_us,Caesars,player_threes,Over,Skylar Diggins-Smith,1.5,177,2026-06-11T08:08:20Z,Indiana Fever,Chicago Sky
2026-06-11T08:08:31.059817+00:00,aa2e0973335826674bcad157006dfc14,2026-06-11T23:00:00Z,williamhill_us,Caesars,player_threes,Under,Skylar Diggins-Smith,1.5,-245,2026-06-11T08:08:20Z,Indiana Fever,Chicago Sky
2026-06-11T08:08:31.059817+00:00,aa2e0973335826674bcad157006dfc14,2026-06-11T23:00:00Z,williamhill_us,Caesars,player_threes,Over,Sophie Cunningham,1.5,147,2026-06-11T08:08:20Z,Indiana Fever,Chicago Sky
2026-06-11T08:08:31.059817+00:00,aa2e0973335826674bcad157006dfc14,2026-06-11T23:00:00Z,williamhill_us,Caesars,player_threes,Under,Sophie Cunningham,1.5,-200,2026-06-11T08:08:20Z,Indiana Fever,Chicago Sky
2026-06-11T08:08:31.059817+00:00,e653a87bb906ef68d35dffd36a302ce1,2026-06-11T23:30:00Z,fanduel,FanDuel,player_assists,Over,Marine Johannes,2.5,-128,2026-06-11T08:07:13Z,Atlanta Dream,New York Liberty
2026-06-11T08:08:31.059817+00:00,e653a87bb906ef68d35dffd36a302ce1,2026-06-11T23:30:00Z,fanduel,FanDuel,player_assists,Under,Marine Johannes,2.5,-104,2026-06-11T08:07:13Z,Atlanta Dream,New York Liberty
2026-06-11T08:08:31.059817+00:00,e653a87bb906ef68d35dffd36a302ce1,2026-06-11T23:30:00Z,fanduel,FanDuel,player_assists,Over,Jonquel Jones,2.5,-132,2026-06-11T08:07:13Z,Atlanta Dream,New York Liberty
2026-06-11T08:08:31.059817+00:00,e653a87bb906ef68d35dffd36a302ce1,2026-06-11T23:30:00Z,fanduel,FanDuel,player_assists,Under,Jonquel Jones,2.5,100,2026-06-11T08:07:13Z,Atlanta Dream,New York Liberty
2026-06-11T08:08:31.059817+00:00,e653a87bb906ef68d35dffd36a302ce1,2026-06-11T23:30:00Z,fanduel,FanDuel,player_assists,Over,Pauline Astier,3.5,-162,2026-06-11T08:07:13Z,Atlanta Dream,New York Liberty
2026-06-11T08:08:31.059817+00:00,e653a87bb906ef68d35dffd36a302ce1,2026-06-11T23:30:00Z,fanduel,FanDuel,player_assists,Under,Pauline Astier,3.5,122,2026-06-11T08:07:13Z,Atlanta Dream,New York Liberty
2026-06-11T08:08:31.059817+00:00,e653a87bb906ef68d35dffd36a302ce1,2026-06-11T23:30:00Z,fanduel,FanDuel,player_assists,Over,Jordin Canada,5.5,-140,2026-06-11T08:07:13Z,Atlanta Dream,New York Liberty
2026-06-11T08:08:31.059817+00:00,e653a87bb906ef68d35dffd36a302ce1,2026-06-11T23:30:00Z,fanduel,FanDuel,player_assists,Under,Jordin Canada,5.5,106,2026-06-11T08:07:13Z,Atlanta Dream,New York Liberty
2026-06-11T08:08:31.059817+00:00,e653a87bb906ef68d35dffd36a302ce1,2026-06-11T23:30:00Z,fanduel,FanDuel,player_assists,Over,Breanna Stewart,2.5,-162,2026-06-11T08:07:13Z,Atlanta Dream,New York Liberty
2026-06-11T08:08:31.059817+00:00,e653a87bb906ef68d35dffd36a302ce1,2026-06-11T23:30:00Z,fanduel,FanDuel,player_assists,Under,Breanna Stewart,2.5,122,2026-06-11T08:07:13Z,Atlanta Dream,New York Liberty
2026-06-11T08:08:31.059817+00:00,e653a87bb906ef68d35dffd36a302ce1,2026-06-11T23:30:00Z,fanduel,FanDuel,player_assists,Over,Rhyne Howard,2.5,-168,2026-06-11T08:07:13Z,Atlanta Dream,New York Liberty
2026-06-11T08:08:31.059817+00:00,e653a87bb906ef68d35dffd36a302ce1,2026-06-11T23:30:00Z,fanduel,FanDuel,player_assists,Under,Rhyne Howard,2.5,126,2026-06-11T08:07:13Z,Atlanta Dream,New York Liberty
2026-06-11T08:08:31.059817+00:00,e653a87bb906ef68d35dffd36a302ce1,2026-06-11T23:30:00Z,fanduel,FanDuel,player_assists,Over,Allisha Gray,2.5,158,2026-06-11T08:07:13Z,Atlanta Dream,New York Liberty
2026-06-11T08:08:31.059817+00:00,e653a87bb906ef68d35dffd36a302ce1,2026-06-11T23:30:00Z,fanduel,FanDuel,player_assists,Under,Allisha Gray,2.5,-215,2026-06-11T08:07:13Z,Atlanta Dream,New York Liberty
2026-06-11T08:08:31.059817+00:00,e653a87bb906ef68d35dffd36a302ce1,2026-06-11T23:30:00Z,fanduel,FanDuel,player_assists,Over,Angel Reese,3.5,142,2026-06-11T08:07:13Z,Atlanta Dream,New York Liberty
2026-06-11T08:08:31.059817+00:00,e653a87bb906ef68d35dffd36a302ce1,2026-06-11T23:30:00Z,fanduel,FanDuel,player_assists,Under,Angel Reese,3.5,-192,2026-06-11T08:07:13Z,Atlanta Dream,New York Liberty
2026-06-11T08:08:31.059817+00:00,e653a87bb906ef68d35dffd36a302ce1,2026-06-11T23:30:00Z,fanduel,FanDuel,player_double_double,Yes,Angel Reese,,-210,2026-06-11T08:07:13Z,Atlanta Dream,New York Liberty
2026-06-11T08:08:31.059817+00:00,e653a87bb906ef68d35dffd36a302ce1,2026-06-11T23:30:00Z,fanduel,FanDuel,player_double_double,Yes,Jonquel Jones,,135,2026-06-11T08:07:13Z,Atlanta Dream,New York Liberty
2026-06-11T08:08:31.059817+00:00,e653a87bb906ef68d35dffd36a302ce1,2026-06-11T23:30:00Z,fanduel,FanDuel,player_double_double,Yes,Breanna Stewart,,155,2026-06-11T08:07:13Z,Atlanta Dream,New York Liberty
2026-06-11T08:08:31.059817+00:00,e653a87bb906ef68d35dffd36a302ce1,2026-06-11T23:30:00Z,fanduel,FanDuel,player_double_double,Yes,Jordin Canada,,1200,2026-06-11T08:07:13Z,Atlanta Dream,New York Liberty
2026-06-11T08:08:31.059817+00:00,e653a87bb906ef68d35dffd36a302ce1,2026-06-11T23:30:00Z,fanduel,FanDuel,player_double_double,Yes,Naz Hillmon,,1400,2026-06-11T08:07:13Z,Atlanta Dream,New York Liberty
2026-06-11T08:08:31.059817+00:00,e653a87bb906ef68d35dffd36a302ce1,2026-06-11T23:30:00Z,fanduel,FanDuel,player_points,Over,Marine Johannes,10.5,-118,2026-06-11T08:07:13Z,Atlanta Dream,New York Liberty
2026-06-11T08:08:31.059817+00:00,e653a87bb906ef68d35dffd36a302ce1,2026-06-11T23:30:00Z,fanduel,FanDuel,player_points,Under,Marine Johannes,10.5,-110,2026-06-11T08:07:13Z,Atlanta Dream,New York Liberty
2026-06-11T08:08:31.059817+00:00,e653a87bb906ef68d35dffd36a302ce1,2026-06-11T23:30:00Z,fanduel,FanDuel,player_points,Over,Pauline Astier,9.5,-130,2026-06-11T08:07:13Z,Atlanta Dream,New York Liberty
2026-06-11T08:08:31.059817+00:00,e653a87bb906ef68d35dffd36a302ce1,2026-06-11T23:30:00Z,fanduel,FanDuel,player_points,Under,Pauline Astier,9.5,100,2026-06-11T08:07:13Z,Atlanta Dream,New York Liberty
2026-06-11T08:08:31.059817+00:00,e653a87bb906ef68d35dffd36a302ce1,2026-06-11T23:30:00Z,fanduel,FanDuel,player_points,Over,Jonquel Jones,13.5,-118,2026-06-11T08:07:13Z,Atlanta Dream,New York Liberty
2026-06-11T08:08:31.059817+00:00,e653a87bb906ef68d35dffd36a302ce1,2026-06-11T23:30:00Z,fanduel,FanDuel,player_points,Under,Jonquel Jones,13.5,-110,2026-06-11T08:07:13Z,Atlanta Dream,New York Liberty
2026-06-11T08:08:31.059817+00:00,e653a87bb906ef68d35dffd36a302ce1,2026-06-11T23:30:00Z,fanduel,FanDuel,player_points,Over,Satou Sabally,11.5,102,2026-06-11T08:07:13Z,Atlanta Dream,New York Liberty
2026-06-11T08:08:31.059817+00:00,e653a87bb906ef68d35dffd36a302ce1,2026-06-11T23:30:00Z,fanduel,FanDuel,player_points,Under,Satou Sabally,11.5,-132,2026-06-11T08:07:13Z,Atlanta Dream,New York Liberty
2026-06-11T08:08:31.059817+00:00,e653a87bb906ef68d35dffd36a302ce1,2026-06-11T23:30:00Z,fanduel,FanDuel,player_points,Over,Naz Hillmon,8.5,-118,2026-06-11T08:07:13Z,Atlanta Dream,New York Liberty
2026-06-11T08:08:31.059817+00:00,e653a87bb906ef68d35dffd36a302ce1,2026-06-11T23:30:00Z,fanduel,FanDuel,player_points,Under,Naz Hillmon,8.5,-110,2026-06-11T08:07:13Z,Atlanta Dream,New York Liberty
2026-06-11T08:08:31.059817+00:00,e653a87bb906ef68d35dffd36a302ce1,2026-06-11T23:30:00Z,fanduel,FanDuel,player_points,Over,Jordin Canada,11.5,-102,2026-06-11T08:07:13Z,Atlanta Dream,New York Liberty
2026-06-11T08:08:31.059817+00:00,e653a87bb906ef68d35dffd36a302ce1,2026-06-11T23:30:00Z,fanduel,FanDuel,player_points,Under,Jordin Canada,11.5,-128,2026-06-11T08:07:13Z,Atlanta Dream,New York Liberty
2026-06-11T08:08:31.059817+00:00,e653a87bb906ef68d35dffd36a302ce1,2026-06-11T23:30:00Z,fanduel,FanDuel,player_points,Over,Rhyne Howard,16.5,-125,2026-06-11T08:07:13Z,Atlanta Dream,New York Liberty
2026-06-11T08:08:31.059817+00:00,e653a87bb906ef68d35dffd36a302ce1,2026-06-11T23:30:00Z,fanduel,FanDuel,player_points,Under,Rhyne Howard,16.5,-104,2026-06-11T08:07:13Z,Atlanta Dream,New York Liberty
2026-06-11T08:08:31.059817+00:00,e653a87bb906ef68d35dffd36a302ce1,2026-06-11T23:30:00Z,fanduel,FanDuel,player_points,Over,Allisha Gray,17.5,-122,2026-06-11T08:07:13Z,Atlanta Dream,New York Liberty
2026-06-11T08:08:31.059817+00:00,e653a87bb906ef68d35dffd36a302ce1,2026-06-11T23:30:00Z,fanduel,FanDuel,player_points,Under,Allisha Gray,17.5,-106,2026-06-11T08:07:13Z,Atlanta Dream,New York Liberty
2026-06-11T08:08:31.059817+00:00,e653a87bb906ef68d35dffd36a302ce1,2026-06-11T23:30:00Z,fanduel,FanDuel,player_points,Over,Breanna Stewart,19.5,-108,2026-06-11T08:07:13Z,Atlanta Dream,New York Liberty
2026-06-11T08:08:31.059817+00:00,e653a87bb906ef68d35dffd36a302ce1,2026-06-11T23:30:00Z,fanduel,FanDuel,player_points,Under,Breanna Stewart,19.5,-120,2026-06-11T08:07:13Z,Atlanta Dream,New York Liberty
2026-06-11T08:08:31.059817+00:00,e653a87bb906ef68d35dffd36a302ce1,2026-06-11T23:30:00Z,fanduel,FanDuel,player_points,Over,Angel Reese,13.5,-120,2026-06-11T08:07:13Z,Atlanta Dream,New York Liberty
2026-06-11T08:08:31.059817+00:00,e653a87bb906ef68d35dffd36a302ce1,2026-06-11T23:30:00Z,fanduel,FanDuel,player_points,Under,Angel Reese,13.5,-108,2026-06-11T08:07:13Z,Atlanta Dream,New York Liberty
2026-06-11T08:08:31.059817+00:00,e653a87bb906ef68d35dffd36a302ce1,2026-06-11T23:30:00Z,fanduel,FanDuel,player_points_assists,Over,Pauline Astier,14.5,102,2026-06-11T08:07:13Z,Atlanta Dream,New York Liberty
2026-06-11T08:08:31.059817+00:00,e653a87bb906ef68d35dffd36a302ce1,2026-06-11T23:30:00Z,fanduel,FanDuel,player_points_assists,Under,Pauline Astier,14.5,-136,2026-06-11T08:07:13Z,Atlanta Dream,New York Liberty
2026-06-11T08:08:31.059817+00:00,e653a87bb906ef68d35dffd36a302ce1,2026-06-11T23:30:00Z,fanduel,FanDuel,player_points_assists,Over,Marine Johannes,13.5,-112,2026-06-11T08:07:13Z,Atlanta Dream,New York Liberty
2026-06-11T08:08:31.059817+00:00,e653a87bb906ef68d35dffd36a302ce1,2026-06-11T23:30:00Z,fanduel,FanDuel,player_points_assists,Under,Marine Johannes,13.5,-118,2026-06-11T08:07:13Z,Atlanta Dream,New York Liberty
2026-06-11T08:08:31.059817+00:00,e653a87bb906ef68d35dffd36a302ce1,2026-06-11T23:30:00Z,fanduel,FanDuel,player_points_assists,Over,Allisha Gray,19.5,-130,2026-06-11T08:07:13Z,Atlanta Dream,New York Liberty
2026-06-11T08:08:31.059817+00:00,e653a87bb906ef68d35dffd36a302ce1,2026-06-11T23:30:00Z,fanduel,FanDuel,player_points_assists,Under,Allisha Gray,19.5,-102,2026-06-11T08:07:13Z,Atlanta Dream,New York Liberty
2026-06-11T08:08:31.059817+00:00,e653a87bb906ef68d35dffd36a302ce1,2026-06-11T23:30:00Z,fanduel,FanDuel,player_points_assists,Over,Jonquel Jones,16.5,-114,2026-06-11T08:07:13Z,Atlanta Dream,New York Liberty
2026-06-11T08:08:31.059817+00:00,e653a87bb906ef68d35dffd36a302ce1,2026-06-11T23:30:00Z,fanduel,FanDuel,player_points_assists,Under,Jonquel Jones,16.5,-114,2026-06-11T08:07:13Z,Atlanta Dream,New York Liberty
2026-06-11T08:08:31.059817+00:00,e653a87bb906ef68d35dffd36a302ce1,2026-06-11T23:30:00Z,fanduel,FanDuel,player_points_assists,Over,Jordin Canada,17.5,-102,2026-06-11T08:07:13Z,Atlanta Dream,New York Liberty
2026-06-11T08:08:31.059817+00:00,e653a87bb906ef68d35dffd36a302ce1,2026-06-11T23:30:00Z,fanduel,FanDuel,player_points_assists,Under,Jordin Canada,17.5,-130,2026-06-11T08:07:13Z,Atlanta Dream,New York Liberty
2026-06-11T08:08:31.059817+00:00,e653a87bb906ef68d35dffd36a302ce1,2026-06-11T23:30:00Z,fanduel,FanDuel,player_points_assists,Over,Angel Reese,16.5,-128,2026-06-11T08:07:13Z,Atlanta Dream,New York Liberty
2026-06-11T08:08:31.059817+00:00,e653a87bb906ef68d35dffd36a302ce1,2026-06-11T23:30:00Z,fanduel,FanDuel,player_points_assists,Under,Angel Reese,16.5,-104,2026-06-11T08:07:13Z,Atlanta Dream,New York Liberty
2026-06-11T08:08:31.059817+00:00,e653a87bb906ef68d35dffd36a302ce1,2026-06-11T23:30:00Z,fanduel,FanDuel,player_points_assists,Over,Breanna Stewart,22.5,-112,2026-06-11T08:07:13Z,Atlanta Dream,New York Liberty
2026-06-11T08:08:31.059817+00:00,e653a87bb906ef68d35dffd36a302ce1,2026-06-11T23:30:00Z,fanduel,FanDuel,player_points_assists,Under,Breanna Stewart,22.5,-118,2026-06-11T08:07:13Z,Atlanta Dream,New York Liberty
2026-06-11T08:08:31.059817+00:00,e653a87bb906ef68d35dffd36a302ce1,2026-06-11T23:30:00Z,fanduel,FanDuel,player_points_assists,Over,Rhyne Howard,19.5,-130,2026-06-11T08:07:13Z,Atlanta Dream,New York Liberty
2026-06-11T08:08:31.059817+00:00,e653a87bb906ef68d35dffd36a302ce1,2026-06-11T23:30:00Z,fanduel,FanDuel,player_points_assists,Under,Rhyne Howard,19.5,-102,2026-06-11T08:07:13Z,Atlanta Dream,New York Liberty
2026-06-11T08:08:31.059817+00:00,e653a87bb906ef68d35dffd36a302ce1,2026-06-11T23:30:00Z,fanduel,FanDuel,player_points_rebounds,Over,Angel Reese,25.5,-128,2026-06-11T08:07:13Z,Atlanta Dream,New York Liberty
2026-06-11T08:08:31.059817+00:00,e653a87bb906ef68d35dffd36a302ce1,2026-06-11T23:30:00Z,fanduel,FanDuel,player_points_rebounds,Under,Angel Reese,25.5,-104,2026-06-11T08:07:13Z,Atlanta Dream,New York Liberty
2026-06-11T08:08:31.059817+00:00,e653a87bb906ef68d35dffd36a302ce1,2026-06-11T23:30:00Z,fanduel,FanDuel,player_points_rebounds,Over,Pauline Astier,13.5,100,2026-06-11T08:07:13Z,Atlanta Dream,New York Liberty
2026-06-11T08:08:31.059817+00:00,e653a87bb906ef68d35dffd36a302ce1,2026-06-11T23:30:00Z,fanduel,FanDuel,player_points_rebounds,Under,Pauline Astier,13.5,-132,2026-06-11T08:07:13Z,Atlanta Dream,New York Liberty
2026-06-11T08:08:31.059817+00:00,e653a87bb906ef68d35dffd36a302ce1,2026-06-11T23:30:00Z,fanduel,FanDuel,player_points_rebounds,Over,Naz Hillmon,14.5,-120,2026-06-11T08:07:13Z,Atlanta Dream,New York Liberty
2026-06-11T08:08:31.059817+00:00,e653a87bb906ef68d35dffd36a302ce1,2026-06-11T23:30:00Z,fanduel,FanDuel,player_points_rebounds,Under,Naz Hillmon,14.5,-110,2026-06-11T08:07:13Z,Atlanta Dream,New York Liberty
2026-06-11T08:08:31.059817+00:00,e653a87bb906ef68d35dffd36a302ce1,2026-06-11T23:30:00Z,fanduel,FanDuel,player_points_rebounds,Over,Rhyne Howard,20.5,-114,2026-06-11T08:07:13Z,Atlanta Dream,New York Liberty
2026-06-11T08:08:31.059817+00:00,e653a87bb906ef68d35dffd36a302ce1,2026-06-11T23:30:00Z,fanduel,FanDuel,player_points_rebounds,Under,Rhyne Howard,20.5,-114,2026-06-11T08:07:13Z,Atlanta Dream,New York Liberty
2026-06-11T08:08:31.059817+00:00,e653a87bb906ef68d35dffd36a302ce1,2026-06-11T23:30:00Z,fanduel,FanDuel,player_points_rebounds,Over,Allisha Gray,21.5,-114,2026-06-11T08:07:13Z,Atlanta Dream,New York Liberty
2026-06-11T08:08:31.059817+00:00,e653a87bb906ef68d35dffd36a302ce1,2026-06-11T23:30:00Z,fanduel,FanDuel,player_points_rebounds,Under,Allisha Gray,21.5,-114,2026-06-11T08:07:13Z,Atlanta Dream,New York Liberty
2026-06-11T08:08:31.059817+00:00,e653a87bb906ef68d35dffd36a302ce1,2026-06-11T23:30:00Z,fanduel,FanDuel,player_points_rebounds,Over,Jordin Canada,14.5,-118,2026-06-11T08:07:13Z,Atlanta Dream,New York Liberty
2026-06-11T08:08:31.059817+00:00,e653a87bb906ef68d35dffd36a302ce1,2026-06-11T23:30:00Z,fanduel,FanDuel,player_points_rebounds,Under,Jordin Canada,14.5,-112,2026-06-11T08:07:13Z,Atlanta Dream,New York Liberty
2026-06-11T08:08:31.059817+00:00,e653a87bb906ef68d35dffd36a302ce1,2026-06-11T23:30:00Z,fanduel,FanDuel,player_points_rebounds,Over,Jonquel Jones,22.5,-125,2026-06-11T08:07:13Z,Atlanta Dream,New York Liberty
2026-06-11T08:08:31.059817+00:00,e653a87bb906ef68d35dffd36a302ce1,2026-06-11T23:30:00Z,fanduel,FanDuel,player_points_rebounds,Under,Jonquel Jones,22.5,-106,2026-06-11T08:07:13Z,Atlanta Dream,New York Liberty
2026-06-11T08:08:31.059817+00:00,e653a87bb906ef68d35dffd36a302ce1,2026-06-11T23:30:00Z,fanduel,FanDuel,player_points_rebounds,Over,Leonie Fiebich,10.5,-128,2026-06-11T08:07:13Z,Atlanta Dream,New York Liberty
2026-06-11T08:08:31.059817+00:00,e653a87bb906ef68d35dffd36a302ce1,2026-06-11T23:30:00Z,fanduel,FanDuel,player_points_rebounds,Under,Leonie Fiebich,10.5,-104,2026-06-11T08:07:13Z,Atlanta Dream,New York Liberty
2026-06-11T08:08:31.059817+00:00,e653a87bb906ef68d35dffd36a302ce1,2026-06-11T23:30:00Z,fanduel,FanDuel,player_points_rebounds,Over,Breanna Stewart,27.5,-120,2026-06-11T08:07:13Z,Atlanta Dream,New York Liberty
2026-06-11T08:08:31.059817+00:00,e653a87bb906ef68d35dffd36a302ce1,2026-06-11T23:30:00Z,fanduel,FanDuel,player_points_rebounds,Under,Breanna Stewart,27.5,-110,2026-06-11T08:07:13Z,Atlanta Dream,New York Liberty
2026-06-11T08:08:31.059817+00:00,e653a87bb906ef68d35dffd36a302ce1,2026-06-11T23:30:00Z,fanduel,FanDuel,player_points_rebounds_assists,Over,Marine Johannes,15.5,-125,2026-06-11T08:07:13Z,Atlanta Dream,New York Liberty
2026-06-11T08:08:31.059817+00:00,e653a87bb906ef68d35dffd36a302ce1,2026-06-11T23:30:00Z,fanduel,FanDuel,player_points_rebounds_assists,Under,Marine Johannes,15.5,-106,2026-06-11T08:07:13Z,Atlanta Dream,New York Liberty
2026-06-11T08:08:31.059817+00:00,e653a87bb906ef68d35dffd36a302ce1,2026-06-11T23:30:00Z,fanduel,FanDuel,player_points_rebounds_assists,Over,Pauline Astier,17.5,-106,2026-06-11T08:07:13Z,Atlanta Dream,New York Liberty
2026-06-11T08:08:31.059817+00:00,e653a87bb906ef68d35dffd36a302ce1,2026-06-11T23:30:00Z,fanduel,FanDuel,player_points_rebounds_assists,Under,Pauline Astier,17.5,-125,2026-06-11T08:07:13Z,Atlanta Dream,New York Liberty
2026-06-11T08:08:31.059817+00:00,e653a87bb906ef68d35dffd36a302ce1,2026-06-11T23:30:00Z,fanduel,FanDuel,player_points_rebounds_assists,Over,Breanna Stewart,30.5,-122,2026-06-11T08:07:13Z,Atlanta Dream,New York Liberty
2026-06-11T08:08:31.059817+00:00,e653a87bb906ef68d35dffd36a302ce1,2026-06-11T23:30:00Z,fanduel,FanDuel,player_points_rebounds_assists,Under,Breanna Stewart,30.5,-108,2026-06-11T08:07:13Z,Atlanta Dream,New York Liberty
2026-06-11T08:08:31.059817+00:00,e653a87bb906ef68d35dffd36a302ce1,2026-06-11T23:30:00Z,fanduel,FanDuel,player_points_rebounds_assists,Over,Rhyne Howard,23.5,-114,2026-06-11T08:07:13Z,Atlanta Dream,New York Liberty
2026-06-11T08:08:31.059817+00:00,e653a87bb906ef68d35dffd36a302ce1,2026-06-11T23:30:00Z,fanduel,FanDuel,player_points_rebounds_assists,Under,Rhyne Howard,23.5,-114,2026-06-11T08:07:13Z,Atlanta Dream,New York Liberty
2026-06-11T08:08:31.059817+00:00,e653a87bb906ef68d35dffd36a302ce1,2026-06-11T23:30:00Z,fanduel,FanDuel,player_points_rebounds_assists,Over,Jordin Canada,20.5,-114,2026-06-11T08:07:13Z,Atlanta Dream,New York Liberty
2026-06-11T08:08:31.059817+00:00,e653a87bb906ef68d35dffd36a302ce1,2026-06-11T23:30:00Z,fanduel,FanDuel,player_points_rebounds_assists,Under,Jordin Canada,20.5,-114,2026-06-11T08:07:13Z,Atlanta Dream,New York Liberty
2026-06-11T08:08:31.059817+00:00,e653a87bb906ef68d35dffd36a302ce1,2026-06-11T23:30:00Z,fanduel,FanDuel,player_points_rebounds_assists,Over,Jonquel Jones,25.5,-120,2026-06-11T08:07:13Z,Atlanta Dream,New York Liberty
2026-06-11T08:08:31.059817+00:00,e653a87bb906ef68d35dffd36a302ce1,2026-06-11T23:30:00Z,fanduel,FanDuel,player_points_rebounds_assists,Under,Jonquel Jones,25.5,-110,2026-06-11T08:07:13Z,Atlanta Dream,New York Liberty
2026-06-11T08:08:31.059817+00:00,e653a87bb906ef68d35dffd36a302ce1,2026-06-11T23:30:00Z,fanduel,FanDuel,player_points_rebounds_assists,Over,Allisha Gray,23.5,-125,2026-06-11T08:07:13Z,Atlanta Dream,New York Liberty
2026-06-11T08:08:31.059817+00:00,e653a87bb906ef68d35dffd36a302ce1,2026-06-11T23:30:00Z,fanduel,FanDuel,player_points_rebounds_assists,Under,Allisha Gray,23.5,-106,2026-06-11T08:07:13Z,Atlanta Dream,New York Liberty
2026-06-11T08:08:31.059817+00:00,e653a87bb906ef68d35dffd36a302ce1,2026-06-11T23:30:00Z,fanduel,FanDuel,player_points_rebounds_assists,Over,Angel Reese,29.5,-102,2026-06-11T08:07:13Z,Atlanta Dream,New York Liberty
2026-06-11T08:08:31.059817+00:00,e653a87bb906ef68d35dffd36a302ce1,2026-06-11T23:30:00Z,fanduel,FanDuel,player_points_rebounds_assists,Under,Angel Reese,29.5,-130,2026-06-11T08:07:13Z,Atlanta Dream,New York Liberty
2026-06-11T08:08:31.059817+00:00,e653a87bb906ef68d35dffd36a302ce1,2026-06-11T23:30:00Z,fanduel,FanDuel,player_rebounds,Over,Jonquel Jones,8.5,-140,2026-06-11T08:07:13Z,Atlanta Dream,New York Liberty
2026-06-11T08:08:31.059817+00:00,e653a87bb906ef68d35dffd36a302ce1,2026-06-11T23:30:00Z,fanduel,FanDuel,player_rebounds,Under,Jonquel Jones,8.5,106,2026-06-11T08:07:13Z,Atlanta Dream,New York Liberty
2026-06-11T08:08:31.059817+00:00,e653a87bb906ef68d35dffd36a302ce1,2026-06-11T23:30:00Z,fanduel,FanDuel,player_rebounds,Over,Pauline Astier,3.5,140,2026-06-11T08:07:13Z,Atlanta Dream,New York Liberty
2026-06-11T08:08:31.059817+00:00,e653a87bb906ef68d35dffd36a302ce1,2026-06-11T23:30:00Z,fanduel,FanDuel,player_rebounds,Under,Pauline Astier,3.5,-188,2026-06-11T08:07:13Z,Atlanta Dream,New York Liberty
2026-06-11T08:08:31.059817+00:00,e653a87bb906ef68d35dffd36a302ce1,2026-06-11T23:30:00Z,fanduel,FanDuel,player_rebounds,Over,Satou Sabally,4.5,120,2026-06-11T08:07:13Z,Atlanta Dream,New York Liberty
2026-06-11T08:08:31.059817+00:00,e653a87bb906ef68d35dffd36a302ce1,2026-06-11T23:30:00Z,fanduel,FanDuel,player_rebounds,Under,Satou Sabally,4.5,-160,2026-06-11T08:07:13Z,Atlanta Dream,New York Liberty
2026-06-11T08:08:31.059817+00:00,e653a87bb906ef68d35dffd36a302ce1,2026-06-11T23:30:00Z,fanduel,FanDuel,player_rebounds,Over,Angel Reese,11.5,-146,2026-06-11T08:07:13Z,Atlanta Dream,New York Liberty
2026-06-11T08:08:31.059817+00:00,e653a87bb906ef68d35dffd36a302ce1,2026-06-11T23:30:00Z,fanduel,FanDuel,player_rebounds,Under,Angel Reese,11.5,110,2026-06-11T08:07:13Z,Atlanta Dream,New York Liberty
2026-06-11T08:08:31.059817+00:00,e653a87bb906ef68d35dffd36a302ce1,2026-06-11T23:30:00Z,fanduel,FanDuel,player_rebounds,Over,Jordin Canada,3.5,114,2026-06-11T08:07:13Z,Atlanta Dream,New York Liberty
2026-06-11T08:08:31.059817+00:00,e653a87bb906ef68d35dffd36a302ce1,2026-06-11T23:30:00Z,fanduel,FanDuel,player_rebounds,Under,Jordin Canada,3.5,-152,2026-06-11T08:07:13Z,Atlanta Dream,New York Liberty
2026-06-11T08:08:31.059817+00:00,e653a87bb906ef68d35dffd36a302ce1,2026-06-11T23:30:00Z,fanduel,FanDuel,player_rebounds,Over,Naz Hillmon,5.5,-138,2026-06-11T08:07:13Z,Atlanta Dream,New York Liberty
2026-06-11T08:08:31.059817+00:00,e653a87bb906ef68d35dffd36a302ce1,2026-06-11T23:30:00Z,fanduel,FanDuel,player_rebounds,Under,Naz Hillmon,5.5,104,2026-06-11T08:07:13Z,Atlanta Dream,New York Liberty
2026-06-11T08:08:31.059817+00:00,e653a87bb906ef68d35dffd36a302ce1,2026-06-11T23:30:00Z,fanduel,FanDuel,player_rebounds,Over,Leonie Fiebich,3.5,104,2026-06-11T08:07:13Z,Atlanta Dream,New York Liberty
2026-06-11T08:08:31.059817+00:00,e653a87bb906ef68d35dffd36a302ce1,2026-06-11T23:30:00Z,fanduel,FanDuel,player_rebounds,Under,Leonie Fiebich,3.5,-138,2026-06-11T08:07:13Z,Atlanta Dream,New York Liberty
2026-06-11T08:08:31.059817+00:00,e653a87bb906ef68d35dffd36a302ce1,2026-06-11T23:30:00Z,fanduel,FanDuel,player_rebounds,Over,Allisha Gray,3.5,-125,2026-06-11T08:07:13Z,Atlanta Dream,New York Liberty
2026-06-11T08:08:31.059817+00:00,e653a87bb906ef68d35dffd36a302ce1,2026-06-11T23:30:00Z,fanduel,FanDuel,player_rebounds,Under,Allisha Gray,3.5,-106,2026-06-11T08:07:13Z,Atlanta Dream,New York Liberty
2026-06-11T08:08:31.059817+00:00,e653a87bb906ef68d35dffd36a302ce1,2026-06-11T23:30:00Z,fanduel,FanDuel,player_rebounds,Over,Breanna Stewart,8.5,110,2026-06-11T08:07:13Z,Atlanta Dream,New York Liberty
2026-06-11T08:08:31.059817+00:00,e653a87bb906ef68d35dffd36a302ce1,2026-06-11T23:30:00Z,fanduel,FanDuel,player_rebounds,Under,Breanna Stewart,8.5,-146,2026-06-11T08:07:13Z,Atlanta Dream,New York Liberty
2026-06-11T08:08:31.059817+00:00,e653a87bb906ef68d35dffd36a302ce1,2026-06-11T23:30:00Z,fanduel,FanDuel,player_rebounds,Over,Rhyne Howard,3.5,100,2026-06-11T08:07:13Z,Atlanta Dream,New York Liberty
2026-06-11T08:08:31.059817+00:00,e653a87bb906ef68d35dffd36a302ce1,2026-06-11T23:30:00Z,fanduel,FanDuel,player_rebounds,Under,Rhyne Howard,3.5,-132,2026-06-11T08:07:13Z,Atlanta Dream,New York Liberty
2026-06-11T08:08:31.059817+00:00,e653a87bb906ef68d35dffd36a302ce1,2026-06-11T23:30:00Z,fanduel,FanDuel,player_rebounds_assists,Over,Pauline Astier,7.5,114,2026-06-11T08:07:13Z,Atlanta Dream,New York Liberty
2026-06-11T08:08:31.059817+00:00,e653a87bb906ef68d35dffd36a302ce1,2026-06-11T23:30:00Z,fanduel,FanDuel,player_rebounds_assists,Under,Pauline Astier,7.5,-152,2026-06-11T08:07:13Z,Atlanta Dream,New York Liberty
2026-06-11T08:08:31.059817+00:00,e653a87bb906ef68d35dffd36a302ce1,2026-06-11T23:30:00Z,fanduel,FanDuel,player_rebounds_assists,Over,Marine Johannes,4.5,-166,2026-06-11T08:07:13Z,Atlanta Dream,New York Liberty
2026-06-11T08:08:31.059817+00:00,e653a87bb906ef68d35dffd36a302ce1,2026-06-11T23:30:00Z,fanduel,FanDuel,player_rebounds_assists,Under,Marine Johannes,4.5,124,2026-06-11T08:07:13Z,Atlanta Dream,New York Liberty
2026-06-11T08:08:31.059817+00:00,e653a87bb906ef68d35dffd36a302ce1,2026-06-11T23:30:00Z,fanduel,FanDuel,player_rebounds_assists,Over,Jonquel Jones,11.5,-136,2026-06-11T08:07:13Z,Atlanta Dream,New York Liberty
2026-06-11T08:08:31.059817+00:00,e653a87bb906ef68d35dffd36a302ce1,2026-06-11T23:30:00Z,fanduel,FanDuel,player_rebounds_assists,Under,Jonquel Jones,11.5,102,2026-06-11T08:07:13Z,Atlanta Dream,New York Liberty
2026-06-11T08:08:31.059817+00:00,e653a87bb906ef68d35dffd36a302ce1,2026-06-11T23:30:00Z,fanduel,FanDuel,player_rebounds_assists,Over,Breanna Stewart,11.5,102,2026-06-11T08:07:13Z,Atlanta Dream,New York Liberty
2026-06-11T08:08:31.059817+00:00,e653a87bb906ef68d35dffd36a302ce1,2026-06-11T23:30:00Z,fanduel,FanDuel,player_rebounds_assists,Under,Breanna Stewart,11.5,-136,2026-06-11T08:07:13Z,Atlanta Dream,New York Liberty
2026-06-11T08:08:31.059817+00:00,e653a87bb906ef68d35dffd36a302ce1,2026-06-11T23:30:00Z,fanduel,FanDuel,player_rebounds_assists,Over,Angel Reese,15.5,102,2026-06-11T08:07:13Z,Atlanta Dream,New York Liberty
2026-06-11T08:08:31.059817+00:00,e653a87bb906ef68d35dffd36a302ce1,2026-06-11T23:30:00Z,fanduel,FanDuel,player_rebounds_assists,Under,Angel Reese,15.5,-136,2026-06-11T08:07:13Z,Atlanta Dream,New York Liberty
2026-06-11T08:08:31.059817+00:00,e653a87bb906ef68d35dffd36a302ce1,2026-06-11T23:30:00Z,fanduel,FanDuel,player_rebounds_assists,Over,Jordin Canada,9.5,104,2026-06-11T08:07:13Z,Atlanta Dream,New York Liberty
2026-06-11T08:08:31.059817+00:00,e653a87bb906ef68d35dffd36a302ce1,2026-06-11T23:30:00Z,fanduel,FanDuel,player_rebounds_assists,Under,Jordin Canada,9.5,-138,2026-06-11T08:07:13Z,Atlanta Dream,New York Liberty
2026-06-11T08:08:31.059817+00:00,e653a87bb906ef68d35dffd36a302ce1,2026-06-11T23:30:00Z,fanduel,FanDuel,player_rebounds_assists,Over,Allisha Gray,5.5,-138,2026-06-11T08:07:13Z,Atlanta Dream,New York Liberty
2026-06-11T08:08:31.059817+00:00,e653a87bb906ef68d35dffd36a302ce1,2026-06-11T23:30:00Z,fanduel,FanDuel,player_rebounds_assists,Under,Allisha Gray,5.5,104,2026-06-11T08:07:13Z,Atlanta Dream,New York Liberty
2026-06-11T08:08:31.059817+00:00,e653a87bb906ef68d35dffd36a302ce1,2026-06-11T23:30:00Z,fanduel,FanDuel,player_rebounds_assists,Over,Rhyne Howard,6.5,-104,2026-06-11T08:07:13Z,Atlanta Dream,New York Liberty
2026-06-11T08:08:31.059817+00:00,e653a87bb906ef68d35dffd36a302ce1,2026-06-11T23:30:00Z,fanduel,FanDuel,player_rebounds_assists,Under,Rhyne Howard,6.5,-128,2026-06-11T08:07:13Z,Atlanta Dream,New York Liberty
2026-06-11T08:08:31.059817+00:00,e653a87bb906ef68d35dffd36a302ce1,2026-06-11T23:30:00Z,fanduel,FanDuel,player_threes,Over,Leonie Fiebich,1.5,140,2026-06-11T08:07:13Z,Atlanta Dream,New York Liberty
2026-06-11T08:08:31.059817+00:00,e653a87bb906ef68d35dffd36a302ce1,2026-06-11T23:30:00Z,fanduel,FanDuel,player_threes,Under,Leonie Fiebich,1.5,-188,2026-06-11T08:07:13Z,Atlanta Dream,New York Liberty
2026-06-11T08:08:31.059817+00:00,e653a87bb906ef68d35dffd36a302ce1,2026-06-11T23:30:00Z,fanduel,FanDuel,player_threes,Over,Marine Johannes,2.5,104,2026-06-11T08:07:13Z,Atlanta Dream,New York Liberty
2026-06-11T08:08:31.059817+00:00,e653a87bb906ef68d35dffd36a302ce1,2026-06-11T23:30:00Z,fanduel,FanDuel,player_threes,Under,Marine Johannes,2.5,-138,2026-06-11T08:07:13Z,Atlanta Dream,New York Liberty
2026-06-11T08:08:31.059817+00:00,e653a87bb906ef68d35dffd36a302ce1,2026-06-11T23:30:00Z,fanduel,FanDuel,player_threes,Over,Jonquel Jones,1.5,152,2026-06-11T08:07:13Z,Atlanta Dream,New York Liberty
2026-06-11T08:08:31.059817+00:00,e653a87bb906ef68d35dffd36a302ce1,2026-06-11T23:30:00Z,fanduel,FanDuel,player_threes,Under,Jonquel Jones,1.5,-205,2026-06-11T08:07:13Z,Atlanta Dream,New York Liberty
2026-06-11T08:08:31.059817+00:00,e653a87bb906ef68d35dffd36a302ce1,2026-06-11T23:30:00Z,fanduel,FanDuel,player_threes,Over,Naz Hillmon,1.5,118,2026-06-11T08:07:13Z,Atlanta Dream,New York Liberty
2026-06-11T08:08:31.059817+00:00,e653a87bb906ef68d35dffd36a302ce1,2026-06-11T23:30:00Z,fanduel,FanDuel,player_threes,Under,Naz Hillmon,1.5,-158,2026-06-11T08:07:13Z,Atlanta Dream,New York Liberty
2026-06-11T08:08:31.059817+00:00,e653a87bb906ef68d35dffd36a302ce1,2026-06-11T23:30:00Z,fanduel,FanDuel,player_threes,Over,Satou Sabally,0.5,-240,2026-06-11T08:07:13Z,Atlanta Dream,New York Liberty
2026-06-11T08:08:31.059817+00:00,e653a87bb906ef68d35dffd36a302ce1,2026-06-11T23:30:00Z,fanduel,FanDuel,player_threes,Under,Satou Sabally,0.5,174,2026-06-11T08:07:13Z,Atlanta Dream,New York Liberty
2026-06-11T08:08:31.059817+00:00,e653a87bb906ef68d35dffd36a302ce1,2026-06-11T23:30:00Z,fanduel,FanDuel,player_threes,Over,Allisha Gray,1.5,-125,2026-06-11T08:07:13Z,Atlanta Dream,New York Liberty
2026-06-11T08:08:31.059817+00:00,e653a87bb906ef68d35dffd36a302ce1,2026-06-11T23:30:00Z,fanduel,FanDuel,player_threes,Under,Allisha Gray,1.5,-106,2026-06-11T08:07:13Z,Atlanta Dream,New York Liberty
2026-06-11T08:08:31.059817+00:00,e653a87bb906ef68d35dffd36a302ce1,2026-06-11T23:30:00Z,fanduel,FanDuel,player_threes,Over,Rhyne Howard,2.5,-152,2026-06-11T08:07:13Z,Atlanta Dream,New York Liberty
2026-06-11T08:08:31.059817+00:00,e653a87bb906ef68d35dffd36a302ce1,2026-06-11T23:30:00Z,fanduel,FanDuel,player_threes,Under,Rhyne Howard,2.5,114,2026-06-11T08:07:13Z,Atlanta Dream,New York Liberty
2026-06-11T08:08:31.059817+00:00,e653a87bb906ef68d35dffd36a302ce1,2026-06-11T23:30:00Z,fanatics,Fanatics,player_double_double,Yes,Angel Reese,,-180,2026-06-11T08:08:15Z,Atlanta Dream,New York Liberty
2026-06-11T08:08:31.059817+00:00,e653a87bb906ef68d35dffd36a302ce1,2026-06-11T23:30:00Z,fanatics,Fanatics,player_double_double,Yes,Jonquel Jones,,165,2026-06-11T08:08:15Z,Atlanta Dream,New York Liberty
2026-06-11T08:08:31.059817+00:00,e653a87bb906ef68d35dffd36a302ce1,2026-06-11T23:30:00Z,fanatics,Fanatics,player_double_double,Yes,Jordin Canada,,800,2026-06-11T08:08:15Z,Atlanta Dream,New York Liberty
2026-06-11T08:08:31.059817+00:00,e653a87bb906ef68d35dffd36a302ce1,2026-06-11T23:30:00Z,fanatics,Fanatics,player_double_double,Yes,Pauline Astier,,3500,2026-06-11T08:08:15Z,Atlanta Dream,New York Liberty
2026-06-11T08:08:31.059817+00:00,e653a87bb906ef68d35dffd36a302ce1,2026-06-11T23:30:00Z,draftkings,DraftKings,player_assists,Over,Jordin Canada,6.5,113,2026-06-11T08:07:40Z,Atlanta Dream,New York Liberty
2026-06-11T08:08:31.059817+00:00,e653a87bb906ef68d35dffd36a302ce1,2026-06-11T23:30:00Z,draftkings,DraftKings,player_assists,Under,Jordin Canada,6.5,-153,2026-06-11T08:07:40Z,Atlanta Dream,New York Liberty
2026-06-11T08:08:31.059817+00:00,e653a87bb906ef68d35dffd36a302ce1,2026-06-11T23:30:00Z,draftkings,DraftKings,player_assists,Over,Pauline Astier,4.5,117,2026-06-11T08:07:40Z,Atlanta Dream,New York Liberty
2026-06-11T08:08:31.059817+00:00,e653a87bb906ef68d35dffd36a302ce1,2026-06-11T23:30:00Z,draftkings,DraftKings,player_assists,Under,Pauline Astier,4.5,-159,2026-06-11T08:07:40Z,Atlanta Dream,New York Liberty
2026-06-11T08:08:31.059817+00:00,e653a87bb906ef68d35dffd36a302ce1,2026-06-11T23:30:00Z,draftkings,DraftKings,player_assists,Over,Rhyne Howard,2.5,-174,2026-06-11T08:07:40Z,Atlanta Dream,New York Liberty
2026-06-11T08:08:31.059817+00:00,e653a87bb906ef68d35dffd36a302ce1,2026-06-11T23:30:00Z,draftkings,DraftKings,player_assists,Under,Rhyne Howard,2.5,127,2026-06-11T08:07:40Z,Atlanta Dream,New York Liberty
2026-06-11T08:08:31.059817+00:00,e653a87bb906ef68d35dffd36a302ce1,2026-06-11T23:30:00Z,draftkings,DraftKings,player_assists,Over,Angel Reese,2.5,-158,2026-06-11T08:07:40Z,Atlanta Dream,New York Liberty
2026-06-11T08:08:31.059817+00:00,e653a87bb906ef68d35dffd36a302ce1,2026-06-11T23:30:00Z,draftkings,DraftKings,player_assists,Under,Angel Reese,2.5,116,2026-06-11T08:07:40Z,Atlanta Dream,New York Liberty
2026-06-11T08:08:31.059817+00:00,e653a87bb906ef68d35dffd36a302ce1,2026-06-11T23:30:00Z,draftkings,DraftKings,player_assists,Over,Jonquel Jones,2.5,-145,2026-06-11T08:07:40Z,Atlanta Dream,New York Liberty
2026-06-11T08:08:31.059817+00:00,e653a87bb906ef68d35dffd36a302ce1,2026-06-11T23:30:00Z,draftkings,DraftKings,player_assists,Under,Jonquel Jones,2.5,107,2026-06-11T08:07:40Z,Atlanta Dream,New York Liberty
2026-06-11T08:08:31.059817+00:00,e653a87bb906ef68d35dffd36a302ce1,2026-06-11T23:30:00Z,draftkings,DraftKings,player_assists,Over,Breanna Stewart,2.5,-138,2026-06-11T08:07:40Z,Atlanta Dream,New York Liberty
2026-06-11T08:08:31.059817+00:00,e653a87bb906ef68d35dffd36a302ce1,2026-06-11T23:30:00Z,draftkings,DraftKings,player_assists,Under,Breanna Stewart,2.5,102,2026-06-11T08:07:40Z,Atlanta Dream,New York Liberty
2026-06-11T08:08:31.059817+00:00,e653a87bb906ef68d35dffd36a302ce1,2026-06-11T23:30:00Z,draftkings,DraftKings,player_assists,Over,Marine Johannes,2.5,-128,2026-06-11T08:07:40Z,Atlanta Dream,New York Liberty
2026-06-11T08:08:31.059817+00:00,e653a87bb906ef68d35dffd36a302ce1,2026-06-11T23:30:00Z,draftkings,DraftKings,player_assists,Under,Marine Johannes,2.5,-106,2026-06-11T08:07:40Z,Atlanta Dream,New York Liberty
2026-06-11T08:08:31.059817+00:00,e653a87bb906ef68d35dffd36a302ce1,2026-06-11T23:30:00Z,draftkings,DraftKings,player_assists,Over,Allisha Gray,2.5,145,2026-06-11T08:07:40Z,Atlanta Dream,New York Liberty
2026-06-11T08:08:31.059817+00:00,e653a87bb906ef68d35dffd36a302ce1,2026-06-11T23:30:00Z,draftkings,DraftKings,player_assists,Under,Allisha Gray,2.5,-200,2026-06-11T08:07:40Z,Atlanta Dream,New York Liberty
2026-06-11T08:08:31.059817+00:00,e653a87bb906ef68d35dffd36a302ce1,2026-06-11T23:30:00Z,draftkings,DraftKings,player_double_double,Yes,Angel Reese,,-207,2026-06-11T08:07:40Z,Atlanta Dream,New York Liberty
2026-06-11T08:08:31.059817+00:00,e653a87bb906ef68d35dffd36a302ce1,2026-06-11T23:30:00Z,draftkings,DraftKings,player_double_double,Yes,Jonquel Jones,,151,2026-06-11T08:07:40Z,Atlanta Dream,New York Liberty
2026-06-11T08:08:31.059817+00:00,e653a87bb906ef68d35dffd36a302ce1,2026-06-11T23:30:00Z,draftkings,DraftKings,player_double_double,Yes,Breanna Stewart,,170,2026-06-11T08:07:40Z,Atlanta Dream,New York Liberty
2026-06-11T08:08:31.059817+00:00,e653a87bb906ef68d35dffd36a302ce1,2026-06-11T23:30:00Z,draftkings,DraftKings,player_double_double,Yes,Jordin Canada,,1000,2026-06-11T08:07:40Z,Atlanta Dream,New York Liberty
2026-06-11T08:08:31.059817+00:00,e653a87bb906ef68d35dffd36a302ce1,2026-06-11T23:30:00Z,draftkings,DraftKings,player_double_double,Yes,Naz Hillmon,,1420,2026-06-11T08:07:40Z,Atlanta Dream,New York Liberty
2026-06-11T08:08:31.059817+00:00,e653a87bb906ef68d35dffd36a302ce1,2026-06-11T23:30:00Z,draftkings,DraftKings,player_double_double,Yes,Allisha Gray,,3200,2026-06-11T08:07:40Z,Atlanta Dream,New York Liberty
2026-06-11T08:08:31.059817+00:00,e653a87bb906ef68d35dffd36a302ce1,2026-06-11T23:30:00Z,draftkings,DraftKings,player_double_double,Yes,Satou Sabally,,3400,2026-06-11T08:07:40Z,Atlanta Dream,New York Liberty
2026-06-11T08:08:31.059817+00:00,e653a87bb906ef68d35dffd36a302ce1,2026-06-11T23:30:00Z,draftkings,DraftKings,player_double_double,Yes,Rhyne Howard,,3800,2026-06-11T08:07:40Z,Atlanta Dream,New York Liberty
2026-06-11T08:08:31.059817+00:00,e653a87bb906ef68d35dffd36a302ce1,2026-06-11T23:30:00Z,draftkings,DraftKings,player_double_double,Yes,Pauline Astier,,4000,2026-06-11T08:07:40Z,Atlanta Dream,New York Liberty
2026-06-11T08:08:31.059817+00:00,e653a87bb906ef68d35dffd36a302ce1,2026-06-11T23:30:00Z,draftkings,DraftKings,player_double_double,Yes,Leonie Fiebich,,5600,2026-06-11T08:07:40Z,Atlanta Dream,New York Liberty
2026-06-11T08:08:31.059817+00:00,e653a87bb906ef68d35dffd36a302ce1,2026-06-11T23:30:00Z,draftkings,DraftKings,player_double_double,Yes,Marine Johannes,,5800,2026-06-11T08:07:40Z,Atlanta Dream,New York Liberty
2026-06-11T08:08:31.059817+00:00,e653a87bb906ef68d35dffd36a302ce1,2026-06-11T23:30:00Z,draftkings,DraftKings,player_points,Over,Breanna Stewart,19.5,-103,2026-06-11T08:07:40Z,Atlanta Dream,New York Liberty
2026-06-11T08:08:31.059817+00:00,e653a87bb906ef68d35dffd36a302ce1,2026-06-11T23:30:00Z,draftkings,DraftKings,player_points,Under,Breanna Stewart,19.5,-129,2026-06-11T08:07:40Z,Atlanta Dream,New York Liberty
2026-06-11T08:08:31.059817+00:00,e653a87bb906ef68d35dffd36a302ce1,2026-06-11T23:30:00Z,draftkings,DraftKings,player_points,Over,Allisha Gray,18.5,-102,2026-06-11T08:07:40Z,Atlanta Dream,New York Liberty
2026-06-11T08:08:31.059817+00:00,e653a87bb906ef68d35dffd36a302ce1,2026-06-11T23:30:00Z,draftkings,DraftKings,player_points,Under,Allisha Gray,18.5,-130,2026-06-11T08:07:40Z,Atlanta Dream,New York Liberty
2026-06-11T08:08:31.059817+00:00,e653a87bb906ef68d35dffd36a302ce1,2026-06-11T23:30:00Z,draftkings,DraftKings,player_points,Over,Rhyne Howard,16.5,-123,2026-06-11T08:07:40Z,Atlanta Dream,New York Liberty
2026-06-11T08:08:31.059817+00:00,e653a87bb906ef68d35dffd36a302ce1,2026-06-11T23:30:00Z,draftkings,DraftKings,player_points,Under,Rhyne Howard,16.5,-108,2026-06-11T08:07:40Z,Atlanta Dream,New York Liberty
2026-06-11T08:08:31.059817+00:00,e653a87bb906ef68d35dffd36a302ce1,2026-06-11T23:30:00Z,draftkings,DraftKings,player_points,Over,Angel Reese,13.5,-120,2026-06-11T08:07:40Z,Atlanta Dream,New York Liberty
2026-06-11T08:08:31.059817+00:00,e653a87bb906ef68d35dffd36a302ce1,2026-06-11T23:30:00Z,draftkings,DraftKings,player_points,Under,Angel Reese,13.5,-111,2026-06-11T08:07:40Z,Atlanta Dream,New York Liberty
2026-06-11T08:08:31.059817+00:00,e653a87bb906ef68d35dffd36a302ce1,2026-06-11T23:30:00Z,draftkings,DraftKings,player_points,Over,Jonquel Jones,13.5,-116,2026-06-11T08:07:40Z,Atlanta Dream,New York Liberty
2026-06-11T08:08:31.059817+00:00,e653a87bb906ef68d35dffd36a302ce1,2026-06-11T23:30:00Z,draftkings,DraftKings,player_points,Under,Jonquel Jones,13.5,-114,2026-06-11T08:07:40Z,Atlanta Dream,New York Liberty
2026-06-11T08:08:31.059817+00:00,e653a87bb906ef68d35dffd36a302ce1,2026-06-11T23:30:00Z,draftkings,DraftKings,player_points,Over,Jordin Canada,11.5,-113,2026-06-11T08:07:40Z,Atlanta Dream,New York Liberty
2026-06-11T08:08:31.059817+00:00,e653a87bb906ef68d35dffd36a302ce1,2026-06-11T23:30:00Z,draftkings,DraftKings,player_points,Under,Jordin Canada,11.5,-117,2026-06-11T08:07:40Z,Atlanta Dream,New York Liberty
2026-06-11T08:08:31.059817+00:00,e653a87bb906ef68d35dffd36a302ce1,2026-06-11T23:30:00Z,draftkings,DraftKings,player_points,Over,Marine Johannes,10.5,-123,2026-06-11T08:07:40Z,Atlanta Dream,New York Liberty
2026-06-11T08:08:31.059817+00:00,e653a87bb906ef68d35dffd36a302ce1,2026-06-11T23:30:00Z,draftkings,DraftKings,player_points,Under,Marine Johannes,10.5,-107,2026-06-11T08:07:40Z,Atlanta Dream,New York Liberty
2026-06-11T08:08:31.059817+00:00,e653a87bb906ef68d35dffd36a302ce1,2026-06-11T23:30:00Z,draftkings,DraftKings,player_points,Over,Satou Sabally,10.5,-118,2026-06-11T08:07:40Z,Atlanta Dream,New York Liberty
2026-06-11T08:08:31.059817+00:00,e653a87bb906ef68d35dffd36a302ce1,2026-06-11T23:30:00Z,draftkings,DraftKings,player_points,Under,Satou Sabally,10.5,-112,2026-06-11T08:07:40Z,Atlanta Dream,New York Liberty
2026-06-11T08:08:31.059817+00:00,e653a87bb906ef68d35dffd36a302ce1,2026-06-11T23:30:00Z,draftkings,DraftKings,player_points,Over,Pauline Astier,9.5,-132,2026-06-11T08:07:40Z,Atlanta Dream,New York Liberty
2026-06-11T08:08:31.059817+00:00,e653a87bb906ef68d35dffd36a302ce1,2026-06-11T23:30:00Z,draftkings,DraftKings,player_points,Under,Pauline Astier,9.5,-101,2026-06-11T08:07:40Z,Atlanta Dream,New York Liberty
2026-06-11T08:08:31.059817+00:00,e653a87bb906ef68d35dffd36a302ce1,2026-06-11T23:30:00Z,draftkings,DraftKings,player_points,Over,Naz Hillmon,8.5,-130,2026-06-11T08:07:40Z,Atlanta Dream,New York Liberty
2026-06-11T08:08:31.059817+00:00,e653a87bb906ef68d35dffd36a302ce1,2026-06-11T23:30:00Z,draftkings,DraftKings,player_points,Under,Naz Hillmon,8.5,-102,2026-06-11T08:07:40Z,Atlanta Dream,New York Liberty
2026-06-11T08:08:31.059817+00:00,e653a87bb906ef68d35dffd36a302ce1,2026-06-11T23:30:00Z,draftkings,DraftKings,player_points,Over,Leonie Fiebich,6.5,-118,2026-06-11T08:07:40Z,Atlanta Dream,New York Liberty
2026-06-11T08:08:31.059817+00:00,e653a87bb906ef68d35dffd36a302ce1,2026-06-11T23:30:00Z,draftkings,DraftKings,player_points,Under,Leonie Fiebich,6.5,-112,2026-06-11T08:07:40Z,Atlanta Dream,New York Liberty
2026-06-11T08:08:31.059817+00:00,e653a87bb906ef68d35dffd36a302ce1,2026-06-11T23:30:00Z,draftkings,DraftKings,player_points_assists,Over,Breanna Stewart,22.5,-107,2026-06-11T08:07:40Z,Atlanta Dream,New York Liberty
2026-06-11T08:08:31.059817+00:00,e653a87bb906ef68d35dffd36a302ce1,2026-06-11T23:30:00Z,draftkings,DraftKings,player_points_assists,Under,Breanna Stewart,22.5,-127,2026-06-11T08:07:40Z,Atlanta Dream,New York Liberty
2026-06-11T08:08:31.059817+00:00,e653a87bb906ef68d35dffd36a302ce1,2026-06-11T23:30:00Z,draftkings,DraftKings,player_points_assists,Over,Allisha Gray,20.5,-110,2026-06-11T08:07:40Z,Atlanta Dream,New York Liberty
2026-06-11T08:08:31.059817+00:00,e653a87bb906ef68d35dffd36a302ce1,2026-06-11T23:30:00Z,draftkings,DraftKings,player_points_assists,Under,Allisha Gray,20.5,-124,2026-06-11T08:07:40Z,Atlanta Dream,New York Liberty
2026-06-11T08:08:31.059817+00:00,e653a87bb906ef68d35dffd36a302ce1,2026-06-11T23:30:00Z,draftkings,DraftKings,player_points_assists,Over,Rhyne Howard,19.5,-129,2026-06-11T08:07:40Z,Atlanta Dream,New York Liberty
2026-06-11T08:08:31.059817+00:00,e653a87bb906ef68d35dffd36a302ce1,2026-06-11T23:30:00Z,draftkings,DraftKings,player_points_assists,Under,Rhyne Howard,19.5,-105,2026-06-11T08:07:40Z,Atlanta Dream,New York Liberty
2026-06-11T08:08:31.059817+00:00,e653a87bb906ef68d35dffd36a302ce1,2026-06-11T23:30:00Z,draftkings,DraftKings,player_points_assists,Over,Jordin Canada,17.5,-124,2026-06-11T08:07:40Z,Atlanta Dream,New York Liberty
2026-06-11T08:08:31.059817+00:00,e653a87bb906ef68d35dffd36a302ce1,2026-06-11T23:30:00Z,draftkings,DraftKings,player_points_assists,Under,Jordin Canada,17.5,-109,2026-06-11T08:07:40Z,Atlanta Dream,New York Liberty
2026-06-11T08:08:31.059817+00:00,e653a87bb906ef68d35dffd36a302ce1,2026-06-11T23:30:00Z,draftkings,DraftKings,player_points_assists,Over,Angel Reese,16.5,-130,2026-06-11T08:07:40Z,Atlanta Dream,New York Liberty
2026-06-11T08:08:31.059817+00:00,e653a87bb906ef68d35dffd36a302ce1,2026-06-11T23:30:00Z,draftkings,DraftKings,player_points_assists,Under,Angel Reese,16.5,-104,2026-06-11T08:07:40Z,Atlanta Dream,New York Liberty
2026-06-11T08:08:31.059817+00:00,e653a87bb906ef68d35dffd36a302ce1,2026-06-11T23:30:00Z,draftkings,DraftKings,player_points_assists,Over,Jonquel Jones,16.5,-125,2026-06-11T08:07:40Z,Atlanta Dream,New York Liberty
2026-06-11T08:08:31.059817+00:00,e653a87bb906ef68d35dffd36a302ce1,2026-06-11T23:30:00Z,draftkings,DraftKings,player_points_assists,Under,Jonquel Jones,16.5,-109,2026-06-11T08:07:40Z,Atlanta Dream,New York Liberty
2026-06-11T08:08:31.059817+00:00,e653a87bb906ef68d35dffd36a302ce1,2026-06-11T23:30:00Z,draftkings,DraftKings,player_points_assists,Over,Pauline Astier,14.5,-107,2026-06-11T08:07:40Z,Atlanta Dream,New York Liberty
2026-06-11T08:08:31.059817+00:00,e653a87bb906ef68d35dffd36a302ce1,2026-06-11T23:30:00Z,draftkings,DraftKings,player_points_assists,Under,Pauline Astier,14.5,-127,2026-06-11T08:07:40Z,Atlanta Dream,New York Liberty
2026-06-11T08:08:31.059817+00:00,e653a87bb906ef68d35dffd36a302ce1,2026-06-11T23:30:00Z,draftkings,DraftKings,player_points_assists,Over,Marine Johannes,13.5,-117,2026-06-11T08:07:40Z,Atlanta Dream,New York Liberty
2026-06-11T08:08:31.059817+00:00,e653a87bb906ef68d35dffd36a302ce1,2026-06-11T23:30:00Z,draftkings,DraftKings,player_points_assists,Under,Marine Johannes,13.5,-116,2026-06-11T08:07:40Z,Atlanta Dream,New York Liberty
2026-06-11T08:08:31.059817+00:00,e653a87bb906ef68d35dffd36a302ce1,2026-06-11T23:30:00Z,draftkings,DraftKings,player_points_assists,Over,Satou Sabally,12.5,-102,2026-06-11T08:07:40Z,Atlanta Dream,New York Liberty
2026-06-11T08:08:31.059817+00:00,e653a87bb906ef68d35dffd36a302ce1,2026-06-11T23:30:00Z,draftkings,DraftKings,player_points_assists,Under,Satou Sabally,12.5,-134,2026-06-11T08:07:40Z,Atlanta Dream,New York Liberty
2026-06-11T08:08:31.059817+00:00,e653a87bb906ef68d35dffd36a302ce1,2026-06-11T23:30:00Z,draftkings,DraftKings,player_points_rebounds,Over,Breanna Stewart,27.5,-112,2026-06-11T08:07:40Z,Atlanta Dream,New York Liberty
2026-06-11T08:08:31.059817+00:00,e653a87bb906ef68d35dffd36a302ce1,2026-06-11T23:30:00Z,draftkings,DraftKings,player_points_rebounds,Under,Breanna Stewart,27.5,-121,2026-06-11T08:07:40Z,Atlanta Dream,New York Liberty
2026-06-11T08:08:31.059817+00:00,e653a87bb906ef68d35dffd36a302ce1,2026-06-11T23:30:00Z,draftkings,DraftKings,player_points_rebounds,Over,Angel Reese,26.5,-108,2026-06-11T08:07:40Z,Atlanta Dream,New York Liberty
2026-06-11T08:08:31.059817+00:00,e653a87bb906ef68d35dffd36a302ce1,2026-06-11T23:30:00Z,draftkings,DraftKings,player_points_rebounds,Under,Angel Reese,26.5,-126,2026-06-11T08:07:40Z,Atlanta Dream,New York Liberty
2026-06-11T08:08:31.059817+00:00,e653a87bb906ef68d35dffd36a302ce1,2026-06-11T23:30:00Z,draftkings,DraftKings,player_points_rebounds,Over,Jonquel Jones,22.5,-127,2026-06-11T08:07:40Z,Atlanta Dream,New York Liberty
2026-06-11T08:08:31.059817+00:00,e653a87bb906ef68d35dffd36a302ce1,2026-06-11T23:30:00Z,draftkings,DraftKings,player_points_rebounds,Under,Jonquel Jones,22.5,-107,2026-06-11T08:07:40Z,Atlanta Dream,New York Liberty
2026-06-11T08:08:31.059817+00:00,e653a87bb906ef68d35dffd36a302ce1,2026-06-11T23:30:00Z,draftkings,DraftKings,player_points_rebounds,Over,Allisha Gray,22.5,-105,2026-06-11T08:07:40Z,Atlanta Dream,New York Liberty
2026-06-11T08:08:31.059817+00:00,e653a87bb906ef68d35dffd36a302ce1,2026-06-11T23:30:00Z,draftkings,DraftKings,player_points_rebounds,Under,Allisha Gray,22.5,-129,2026-06-11T08:07:40Z,Atlanta Dream,New York Liberty
2026-06-11T08:08:31.059817+00:00,e653a87bb906ef68d35dffd36a302ce1,2026-06-11T23:30:00Z,draftkings,DraftKings,player_points_rebounds,Over,Rhyne Howard,20.5,-114,2026-06-11T08:07:40Z,Atlanta Dream,New York Liberty
2026-06-11T08:08:31.059817+00:00,e653a87bb906ef68d35dffd36a302ce1,2026-06-11T23:30:00Z,draftkings,DraftKings,player_points_rebounds,Under,Rhyne Howard,20.5,-119,2026-06-11T08:07:40Z,Atlanta Dream,New York Liberty
2026-06-11T08:08:31.059817+00:00,e653a87bb906ef68d35dffd36a302ce1,2026-06-11T23:30:00Z,draftkings,DraftKings,player_points_rebounds,Over,Naz Hillmon,14.5,-133,2026-06-11T08:07:40Z,Atlanta Dream,New York Liberty
2026-06-11T08:08:31.059817+00:00,e653a87bb906ef68d35dffd36a302ce1,2026-06-11T23:30:00Z,draftkings,DraftKings,player_points_rebounds,Under,Naz Hillmon,14.5,-102,2026-06-11T08:07:40Z,Atlanta Dream,New York Liberty
2026-06-11T08:08:31.059817+00:00,e653a87bb906ef68d35dffd36a302ce1,2026-06-11T23:30:00Z,draftkings,DraftKings,player_points_rebounds,Over,Satou Sabally,14.5,-127,2026-06-11T08:07:40Z,Atlanta Dream,New York Liberty
2026-06-11T08:08:31.059817+00:00,e653a87bb906ef68d35dffd36a302ce1,2026-06-11T23:30:00Z,draftkings,DraftKings,player_points_rebounds,Under,Satou Sabally,14.5,-107,2026-06-11T08:07:40Z,Atlanta Dream,New York Liberty
2026-06-11T08:08:31.059817+00:00,e653a87bb906ef68d35dffd36a302ce1,2026-06-11T23:30:00Z,draftkings,DraftKings,player_points_rebounds,Over,Jordin Canada,14.5,-123,2026-06-11T08:07:40Z,Atlanta Dream,New York Liberty
2026-06-11T08:08:31.059817+00:00,e653a87bb906ef68d35dffd36a302ce1,2026-06-11T23:30:00Z,draftkings,DraftKings,player_points_rebounds,Under,Jordin Canada,14.5,-111,2026-06-11T08:07:40Z,Atlanta Dream,New York Liberty
2026-06-11T08:08:31.059817+00:00,e653a87bb906ef68d35dffd36a302ce1,2026-06-11T23:30:00Z,draftkings,DraftKings,player_points_rebounds,Over,Marine Johannes,13.5,-103,2026-06-11T08:07:40Z,Atlanta Dream,New York Liberty
2026-06-11T08:08:31.059817+00:00,e653a87bb906ef68d35dffd36a302ce1,2026-06-11T23:30:00Z,draftkings,DraftKings,player_points_rebounds,Under,Marine Johannes,13.5,-132,2026-06-11T08:07:40Z,Atlanta Dream,New York Liberty
2026-06-11T08:08:31.059817+00:00,e653a87bb906ef68d35dffd36a302ce1,2026-06-11T23:30:00Z,draftkings,DraftKings,player_points_rebounds,Over,Pauline Astier,12.5,-131,2026-06-11T08:07:40Z,Atlanta Dream,New York Liberty
2026-06-11T08:08:31.059817+00:00,e653a87bb906ef68d35dffd36a302ce1,2026-06-11T23:30:00Z,draftkings,DraftKings,player_points_rebounds,Under,Pauline Astier,12.5,-104,2026-06-11T08:07:40Z,Atlanta Dream,New York Liberty
2026-06-11T08:08:31.059817+00:00,e653a87bb906ef68d35dffd36a302ce1,2026-06-11T23:30:00Z,draftkings,DraftKings,player_points_rebounds,Over,Leonie Fiebich,9.5,-135,2026-06-11T08:07:40Z,Atlanta Dream,New York Liberty
2026-06-11T08:08:31.059817+00:00,e653a87bb906ef68d35dffd36a302ce1,2026-06-11T23:30:00Z,draftkings,DraftKings,player_points_rebounds,Under,Leonie Fiebich,9.5,-101,2026-06-11T08:07:40Z,Atlanta Dream,New York Liberty
2026-06-11T08:08:31.059817+00:00,e653a87bb906ef68d35dffd36a302ce1,2026-06-11T23:30:00Z,draftkings,DraftKings,player_points_rebounds_assists,Over,Breanna Stewart,30.5,-116,2026-06-11T08:07:40Z,Atlanta Dream,New York Liberty
2026-06-11T08:08:31.059817+00:00,e653a87bb906ef68d35dffd36a302ce1,2026-06-11T23:30:00Z,draftkings,DraftKings,player_points_rebounds_assists,Under,Breanna Stewart,30.5,-117,2026-06-11T08:07:40Z,Atlanta Dream,New York Liberty
2026-06-11T08:08:31.059817+00:00,e653a87bb906ef68d35dffd36a302ce1,2026-06-11T23:30:00Z,draftkings,DraftKings,player_points_rebounds_assists,Over,Angel Reese,29.5,-119,2026-06-11T08:07:40Z,Atlanta Dream,New York Liberty
2026-06-11T08:08:31.059817+00:00,e653a87bb906ef68d35dffd36a302ce1,2026-06-11T23:30:00Z,draftkings,DraftKings,player_points_rebounds_assists,Under,Angel Reese,29.5,-115,2026-06-11T08:07:40Z,Atlanta Dream,New York Liberty
2026-06-11T08:08:31.059817+00:00,e653a87bb906ef68d35dffd36a302ce1,2026-06-11T23:30:00Z,draftkings,DraftKings,player_points_rebounds_assists,Over,Jonquel Jones,26.5,-105,2026-06-11T08:07:40Z,Atlanta Dream,New York Liberty
2026-06-11T08:08:31.059817+00:00,e653a87bb906ef68d35dffd36a302ce1,2026-06-11T23:30:00Z,draftkings,DraftKings,player_points_rebounds_assists,Under,Jonquel Jones,26.5,-129,2026-06-11T08:07:40Z,Atlanta Dream,New York Liberty
2026-06-11T08:08:31.059817+00:00,e653a87bb906ef68d35dffd36a302ce1,2026-06-11T23:30:00Z,draftkings,DraftKings,player_points_rebounds_assists,Over,Allisha Gray,24.5,-113,2026-06-11T08:07:40Z,Atlanta Dream,New York Liberty
2026-06-11T08:08:31.059817+00:00,e653a87bb906ef68d35dffd36a302ce1,2026-06-11T23:30:00Z,draftkings,DraftKings,player_points_rebounds_assists,Under,Allisha Gray,24.5,-120,2026-06-11T08:07:40Z,Atlanta Dream,New York Liberty
2026-06-11T08:08:31.059817+00:00,e653a87bb906ef68d35dffd36a302ce1,2026-06-11T23:30:00Z,draftkings,DraftKings,player_points_rebounds_assists,Over,Rhyne Howard,23.5,-120,2026-06-11T08:07:40Z,Atlanta Dream,New York Liberty
2026-06-11T08:08:31.059817+00:00,e653a87bb906ef68d35dffd36a302ce1,2026-06-11T23:30:00Z,draftkings,DraftKings,player_points_rebounds_assists,Under,Rhyne Howard,23.5,-113,2026-06-11T08:07:40Z,Atlanta Dream,New York Liberty
2026-06-11T08:08:31.059817+00:00,e653a87bb906ef68d35dffd36a302ce1,2026-06-11T23:30:00Z,draftkings,DraftKings,player_points_rebounds_assists,Over,Jordin Canada,21.5,-102,2026-06-11T08:07:40Z,Atlanta Dream,New York Liberty
2026-06-11T08:08:31.059817+00:00,e653a87bb906ef68d35dffd36a302ce1,2026-06-11T23:30:00Z,draftkings,DraftKings,player_points_rebounds_assists,Under,Jordin Canada,21.5,-133,2026-06-11T08:07:40Z,Atlanta Dream,New York Liberty
2026-06-11T08:08:31.059817+00:00,e653a87bb906ef68d35dffd36a302ce1,2026-06-11T23:30:00Z,draftkings,DraftKings,player_points_rebounds_assists,Over,Pauline Astier,17.5,-109,2026-06-11T08:07:40Z,Atlanta Dream,New York Liberty
2026-06-11T08:08:31.059817+00:00,e653a87bb906ef68d35dffd36a302ce1,2026-06-11T23:30:00Z,draftkings,DraftKings,player_points_rebounds_assists,Under,Pauline Astier,17.5,-124,2026-06-11T08:07:40Z,Atlanta Dream,New York Liberty
2026-06-11T08:08:31.059817+00:00,e653a87bb906ef68d35dffd36a302ce1,2026-06-11T23:30:00Z,draftkings,DraftKings,player_points_rebounds_assists,Over,Satou Sabally,16.5,-109,2026-06-11T08:07:40Z,Atlanta Dream,New York Liberty
2026-06-11T08:08:31.059817+00:00,e653a87bb906ef68d35dffd36a302ce1,2026-06-11T23:30:00Z,draftkings,DraftKings,player_points_rebounds_assists,Under,Satou Sabally,16.5,-125,2026-06-11T08:07:40Z,Atlanta Dream,New York Liberty
2026-06-11T08:08:31.059817+00:00,e653a87bb906ef68d35dffd36a302ce1,2026-06-11T23:30:00Z,draftkings,DraftKings,player_points_rebounds_assists,Over,Marine Johannes,15.5,-128,2026-06-11T08:07:40Z,Atlanta Dream,New York Liberty
2026-06-11T08:08:31.059817+00:00,e653a87bb906ef68d35dffd36a302ce1,2026-06-11T23:30:00Z,draftkings,DraftKings,player_points_rebounds_assists,Under,Marine Johannes,15.5,-106,2026-06-11T08:07:40Z,Atlanta Dream,New York Liberty
2026-06-11T08:08:31.059817+00:00,e653a87bb906ef68d35dffd36a302ce1,2026-06-11T23:30:00Z,draftkings,DraftKings,player_rebounds,Over,Angel Reese,12.5,-108,2026-06-11T08:07:40Z,Atlanta Dream,New York Liberty
2026-06-11T08:08:31.059817+00:00,e653a87bb906ef68d35dffd36a302ce1,2026-06-11T23:30:00Z,draftkings,DraftKings,player_rebounds,Under,Angel Reese,12.5,-126,2026-06-11T08:07:40Z,Atlanta Dream,New York Liberty
2026-06-11T08:08:31.059817+00:00,e653a87bb906ef68d35dffd36a302ce1,2026-06-11T23:30:00Z,draftkings,DraftKings,player_rebounds,Over,Jonquel Jones,9.5,108,2026-06-11T08:07:40Z,Atlanta Dream,New York Liberty
2026-06-11T08:08:31.059817+00:00,e653a87bb906ef68d35dffd36a302ce1,2026-06-11T23:30:00Z,draftkings,DraftKings,player_rebounds,Under,Jonquel Jones,9.5,-147,2026-06-11T08:07:40Z,Atlanta Dream,New York Liberty
2026-06-11T08:08:31.059817+00:00,e653a87bb906ef68d35dffd36a302ce1,2026-06-11T23:30:00Z,draftkings,DraftKings,player_rebounds,Over,Breanna Stewart,8.5,101,2026-06-11T08:07:40Z,Atlanta Dream,New York Liberty
2026-06-11T08:08:31.059817+00:00,e653a87bb906ef68d35dffd36a302ce1,2026-06-11T23:30:00Z,draftkings,DraftKings,player_rebounds,Under,Breanna Stewart,8.5,-137,2026-06-11T08:07:40Z,Atlanta Dream,New York Liberty
2026-06-11T08:08:31.059817+00:00,e653a87bb906ef68d35dffd36a302ce1,2026-06-11T23:30:00Z,draftkings,DraftKings,player_rebounds,Over,Naz Hillmon,5.5,-136,2026-06-11T08:07:40Z,Atlanta Dream,New York Liberty
2026-06-11T08:08:31.059817+00:00,e653a87bb906ef68d35dffd36a302ce1,2026-06-11T23:30:00Z,draftkings,DraftKings,player_rebounds,Under,Naz Hillmon,5.5,100,2026-06-11T08:07:40Z,Atlanta Dream,New York Liberty
2026-06-11T08:08:31.059817+00:00,e653a87bb906ef68d35dffd36a302ce1,2026-06-11T23:30:00Z,draftkings,DraftKings,player_rebounds,Over,Satou Sabally,4.5,123,2026-06-11T08:07:40Z,Atlanta Dream,New York Liberty
2026-06-11T08:08:31.059817+00:00,e653a87bb906ef68d35dffd36a302ce1,2026-06-11T23:30:00Z,draftkings,DraftKings,player_rebounds,Under,Satou Sabally,4.5,-168,2026-06-11T08:07:40Z,Atlanta Dream,New York Liberty
2026-06-11T08:08:31.059817+00:00,e653a87bb906ef68d35dffd36a302ce1,2026-06-11T23:30:00Z,draftkings,DraftKings,player_rebounds,Over,Allisha Gray,3.5,-146,2026-06-11T08:07:40Z,Atlanta Dream,New York Liberty
2026-06-11T08:08:31.059817+00:00,e653a87bb906ef68d35dffd36a302ce1,2026-06-11T23:30:00Z,draftkings,DraftKings,player_rebounds,Under,Allisha Gray,3.5,107,2026-06-11T08:07:40Z,Atlanta Dream,New York Liberty
2026-06-11T08:08:31.059817+00:00,e653a87bb906ef68d35dffd36a302ce1,2026-06-11T23:30:00Z,draftkings,DraftKings,player_rebounds,Over,Rhyne Howard,3.5,-112,2026-06-11T08:07:40Z,Atlanta Dream,New York Liberty
2026-06-11T08:08:31.059817+00:00,e653a87bb906ef68d35dffd36a302ce1,2026-06-11T23:30:00Z,draftkings,DraftKings,player_rebounds,Under,Rhyne Howard,3.5,-122,2026-06-11T08:07:40Z,Atlanta Dream,New York Liberty
2026-06-11T08:08:31.059817+00:00,e653a87bb906ef68d35dffd36a302ce1,2026-06-11T23:30:00Z,draftkings,DraftKings,player_rebounds,Over,Leonie Fiebich,3.5,118,2026-06-11T08:07:40Z,Atlanta Dream,New York Liberty
2026-06-11T08:08:31.059817+00:00,e653a87bb906ef68d35dffd36a302ce1,2026-06-11T23:30:00Z,draftkings,DraftKings,player_rebounds,Under,Leonie Fiebich,3.5,-161,2026-06-11T08:07:40Z,Atlanta Dream,New York Liberty
2026-06-11T08:08:31.059817+00:00,e653a87bb906ef68d35dffd36a302ce1,2026-06-11T23:30:00Z,draftkings,DraftKings,player_rebounds,Over,Jordin Canada,3.5,125,2026-06-11T08:07:40Z,Atlanta Dream,New York Liberty
2026-06-11T08:08:31.059817+00:00,e653a87bb906ef68d35dffd36a302ce1,2026-06-11T23:30:00Z,draftkings,DraftKings,player_rebounds,Under,Jordin Canada,3.5,-170,2026-06-11T08:07:40Z,Atlanta Dream,New York Liberty
2026-06-11T08:08:31.059817+00:00,e653a87bb906ef68d35dffd36a302ce1,2026-06-11T23:30:00Z,draftkings,DraftKings,player_rebounds,Over,Pauline Astier,2.5,-161,2026-06-11T08:07:40Z,Atlanta Dream,New York Liberty
2026-06-11T08:08:31.059817+00:00,e653a87bb906ef68d35dffd36a302ce1,2026-06-11T23:30:00Z,draftkings,DraftKings,player_rebounds,Under,Pauline Astier,2.5,118,2026-06-11T08:07:40Z,Atlanta Dream,New York Liberty
2026-06-11T08:08:31.059817+00:00,e653a87bb906ef68d35dffd36a302ce1,2026-06-11T23:30:00Z,draftkings,DraftKings,player_rebounds,Over,Marine Johannes,2.5,126,2026-06-11T08:07:40Z,Atlanta Dream,New York Liberty
2026-06-11T08:08:31.059817+00:00,e653a87bb906ef68d35dffd36a302ce1,2026-06-11T23:30:00Z,draftkings,DraftKings,player_rebounds,Under,Marine Johannes,2.5,-172,2026-06-11T08:07:40Z,Atlanta Dream,New York Liberty
2026-06-11T08:08:31.059817+00:00,e653a87bb906ef68d35dffd36a302ce1,2026-06-11T23:30:00Z,draftkings,DraftKings,player_rebounds_assists,Over,Angel Reese,15.5,-118,2026-06-11T08:07:40Z,Atlanta Dream,New York Liberty
2026-06-11T08:08:31.059817+00:00,e653a87bb906ef68d35dffd36a302ce1,2026-06-11T23:30:00Z,draftkings,DraftKings,player_rebounds_assists,Under,Angel Reese,15.5,-115,2026-06-11T08:07:40Z,Atlanta Dream,New York Liberty
2026-06-11T08:08:31.059817+00:00,e653a87bb906ef68d35dffd36a302ce1,2026-06-11T23:30:00Z,draftkings,DraftKings,player_rebounds_assists,Over,Jonquel Jones,12.5,100,2026-06-11T08:07:40Z,Atlanta Dream,New York Liberty
2026-06-11T08:08:31.059817+00:00,e653a87bb906ef68d35dffd36a302ce1,2026-06-11T23:30:00Z,draftkings,DraftKings,player_rebounds_assists,Under,Jonquel Jones,12.5,-136,2026-06-11T08:07:40Z,Atlanta Dream,New York Liberty
2026-06-11T08:08:31.059817+00:00,e653a87bb906ef68d35dffd36a302ce1,2026-06-11T23:30:00Z,draftkings,DraftKings,player_rebounds_assists,Over,Breanna Stewart,11.5,-103,2026-06-11T08:07:40Z,Atlanta Dream,New York Liberty
2026-06-11T08:08:31.059817+00:00,e653a87bb906ef68d35dffd36a302ce1,2026-06-11T23:30:00Z,draftkings,DraftKings,player_rebounds_assists,Under,Breanna Stewart,11.5,-131,2026-06-11T08:07:40Z,Atlanta Dream,New York Liberty
2026-06-11T08:08:31.059817+00:00,e653a87bb906ef68d35dffd36a302ce1,2026-06-11T23:30:00Z,draftkings,DraftKings,player_rebounds_assists,Over,Jordin Canada,9.5,-106,2026-06-11T08:07:40Z,Atlanta Dream,New York Liberty
2026-06-11T08:08:31.059817+00:00,e653a87bb906ef68d35dffd36a302ce1,2026-06-11T23:30:00Z,draftkings,DraftKings,player_rebounds_assists,Under,Jordin Canada,9.5,-128,2026-06-11T08:07:40Z,Atlanta Dream,New York Liberty
2026-06-11T08:08:31.059817+00:00,e653a87bb906ef68d35dffd36a302ce1,2026-06-11T23:30:00Z,draftkings,DraftKings,player_rebounds_assists,Over,Pauline Astier,7.5,107,2026-06-11T08:07:40Z,Atlanta Dream,New York Liberty
2026-06-11T08:08:31.059817+00:00,e653a87bb906ef68d35dffd36a302ce1,2026-06-11T23:30:00Z,draftkings,DraftKings,player_rebounds_assists,Under,Pauline Astier,7.5,-145,2026-06-11T08:07:40Z,Atlanta Dream,New York Liberty
2026-06-11T08:08:31.059817+00:00,e653a87bb906ef68d35dffd36a302ce1,2026-06-11T23:30:00Z,draftkings,DraftKings,player_rebounds_assists,Over,Rhyne Howard,6.5,-123,2026-06-11T08:07:40Z,Atlanta Dream,New York Liberty
2026-06-11T08:08:31.059817+00:00,e653a87bb906ef68d35dffd36a302ce1,2026-06-11T23:30:00Z,draftkings,DraftKings,player_rebounds_assists,Under,Rhyne Howard,6.5,-110,2026-06-11T08:07:40Z,Atlanta Dream,New York Liberty
2026-06-11T08:08:31.059817+00:00,e653a87bb906ef68d35dffd36a302ce1,2026-06-11T23:30:00Z,draftkings,DraftKings,player_rebounds_assists,Over,Allisha Gray,6.5,115,2026-06-11T08:07:40Z,Atlanta Dream,New York Liberty
2026-06-11T08:08:31.059817+00:00,e653a87bb906ef68d35dffd36a302ce1,2026-06-11T23:30:00Z,draftkings,DraftKings,player_rebounds_assists,Under,Allisha Gray,6.5,-157,2026-06-11T08:07:40Z,Atlanta Dream,New York Liberty
2026-06-11T08:08:31.059817+00:00,e653a87bb906ef68d35dffd36a302ce1,2026-06-11T23:30:00Z,draftkings,DraftKings,player_threes,Over,Rhyne Howard,2.5,-149,2026-06-11T08:07:40Z,Atlanta Dream,New York Liberty
2026-06-11T08:08:31.059817+00:00,e653a87bb906ef68d35dffd36a302ce1,2026-06-11T23:30:00Z,draftkings,DraftKings,player_threes,Under,Rhyne Howard,2.5,110,2026-06-11T08:07:40Z,Atlanta Dream,New York Liberty
2026-06-11T08:08:31.059817+00:00,e653a87bb906ef68d35dffd36a302ce1,2026-06-11T23:30:00Z,draftkings,DraftKings,player_threes,Over,Marine Johannes,2.5,112,2026-06-11T08:07:40Z,Atlanta Dream,New York Liberty
2026-06-11T08:08:31.059817+00:00,e653a87bb906ef68d35dffd36a302ce1,2026-06-11T23:30:00Z,draftkings,DraftKings,player_threes,Under,Marine Johannes,2.5,-152,2026-06-11T08:07:40Z,Atlanta Dream,New York Liberty
2026-06-11T08:08:31.059817+00:00,e653a87bb906ef68d35dffd36a302ce1,2026-06-11T23:30:00Z,draftkings,DraftKings,player_threes,Over,Allisha Gray,1.5,-145,2026-06-11T08:07:40Z,Atlanta Dream,New York Liberty
2026-06-11T08:08:31.059817+00:00,e653a87bb906ef68d35dffd36a302ce1,2026-06-11T23:30:00Z,draftkings,DraftKings,player_threes,Under,Allisha Gray,1.5,106,2026-06-11T08:07:40Z,Atlanta Dream,New York Liberty
2026-06-11T08:08:31.059817+00:00,e653a87bb906ef68d35dffd36a302ce1,2026-06-11T23:30:00Z,draftkings,DraftKings,player_threes,Over,Naz Hillmon,1.5,122,2026-06-11T08:07:40Z,Atlanta Dream,New York Liberty
2026-06-11T08:08:31.059817+00:00,e653a87bb906ef68d35dffd36a302ce1,2026-06-11T23:30:00Z,draftkings,DraftKings,player_threes,Under,Naz Hillmon,1.5,-167,2026-06-11T08:07:40Z,Atlanta Dream,New York Liberty
2026-06-11T08:08:31.059817+00:00,e653a87bb906ef68d35dffd36a302ce1,2026-06-11T23:30:00Z,draftkings,DraftKings,player_threes,Over,Jonquel Jones,1.5,140,2026-06-11T08:07:40Z,Atlanta Dream,New York Liberty
2026-06-11T08:08:31.059817+00:00,e653a87bb906ef68d35dffd36a302ce1,2026-06-11T23:30:00Z,draftkings,DraftKings,player_threes,Under,Jonquel Jones,1.5,-191,2026-06-11T08:07:40Z,Atlanta Dream,New York Liberty
2026-06-11T08:08:31.059817+00:00,e653a87bb906ef68d35dffd36a302ce1,2026-06-11T23:30:00Z,draftkings,DraftKings,player_threes,Over,Leonie Fiebich,1.5,156,2026-06-11T08:07:40Z,Atlanta Dream,New York Liberty
2026-06-11T08:08:31.059817+00:00,e653a87bb906ef68d35dffd36a302ce1,2026-06-11T23:30:00Z,draftkings,DraftKings,player_threes,Under,Leonie Fiebich,1.5,-215,2026-06-11T08:07:40Z,Atlanta Dream,New York Liberty
2026-06-11T08:08:31.059817+00:00,e653a87bb906ef68d35dffd36a302ce1,2026-06-11T23:30:00Z,draftkings,DraftKings,player_threes,Over,Satou Sabally,1.5,177,2026-06-11T08:07:40Z,Atlanta Dream,New York Liberty
2026-06-11T08:08:31.059817+00:00,e653a87bb906ef68d35dffd36a302ce1,2026-06-11T23:30:00Z,draftkings,DraftKings,player_threes,Under,Satou Sabally,1.5,-245,2026-06-11T08:07:40Z,Atlanta Dream,New York Liberty
2026-06-11T08:08:31.059817+00:00,e653a87bb906ef68d35dffd36a302ce1,2026-06-11T23:30:00Z,draftkings,DraftKings,player_threes,Over,Jordin Canada,0.5,-218,2026-06-11T08:07:40Z,Atlanta Dream,New York Liberty
2026-06-11T08:08:31.059817+00:00,e653a87bb906ef68d35dffd36a302ce1,2026-06-11T23:30:00Z,draftkings,DraftKings,player_threes,Under,Jordin Canada,0.5,158,2026-06-11T08:07:40Z,Atlanta Dream,New York Liberty
2026-06-11T08:08:31.059817+00:00,e653a87bb906ef68d35dffd36a302ce1,2026-06-11T23:30:00Z,draftkings,DraftKings,player_threes,Over,Breanna Stewart,0.5,-172,2026-06-11T08:07:40Z,Atlanta Dream,New York Liberty
2026-06-11T08:08:31.059817+00:00,e653a87bb906ef68d35dffd36a302ce1,2026-06-11T23:30:00Z,draftkings,DraftKings,player_threes,Under,Breanna Stewart,0.5,126,2026-06-11T08:07:40Z,Atlanta Dream,New York Liberty
2026-06-11T08:08:31.059817+00:00,e653a87bb906ef68d35dffd36a302ce1,2026-06-11T23:30:00Z,draftkings,DraftKings,player_triple_double,Yes,Angel Reese,,4200,2026-06-11T08:07:40Z,Atlanta Dream,New York Liberty
2026-06-11T08:08:31.059817+00:00,e653a87bb906ef68d35dffd36a302ce1,2026-06-11T23:30:00Z,draftkings,DraftKings,player_triple_double,Yes,Breanna Stewart,,4400,2026-06-11T08:07:40Z,Atlanta Dream,New York Liberty
2026-06-11T08:08:31.059817+00:00,e653a87bb906ef68d35dffd36a302ce1,2026-06-11T23:30:00Z,draftkings,DraftKings,player_triple_double,Yes,Jonquel Jones,,4400,2026-06-11T08:07:40Z,Atlanta Dream,New York Liberty
2026-06-11T08:08:31.059817+00:00,e653a87bb906ef68d35dffd36a302ce1,2026-06-11T23:30:00Z,draftkings,DraftKings,player_triple_double,Yes,Jordin Canada,,6100,2026-06-11T08:07:40Z,Atlanta Dream,New York Liberty
2026-06-11T08:08:31.059817+00:00,e653a87bb906ef68d35dffd36a302ce1,2026-06-11T23:30:00Z,williamhill_us,Caesars,player_assists,Over,Jordin Canada,6.5,118,2026-06-11T08:08:13Z,Atlanta Dream,New York Liberty
2026-06-11T08:08:31.059817+00:00,e653a87bb906ef68d35dffd36a302ce1,2026-06-11T23:30:00Z,williamhill_us,Caesars,player_assists,Under,Jordin Canada,6.5,-157,2026-06-11T08:08:13Z,Atlanta Dream,New York Liberty
2026-06-11T08:08:31.059817+00:00,e653a87bb906ef68d35dffd36a302ce1,2026-06-11T23:30:00Z,williamhill_us,Caesars,player_assists,Over,Pauline Astier,4.5,117,2026-06-11T08:08:13Z,Atlanta Dream,New York Liberty
2026-06-11T08:08:31.059817+00:00,e653a87bb906ef68d35dffd36a302ce1,2026-06-11T23:30:00Z,williamhill_us,Caesars,player_assists,Under,Pauline Astier,4.5,-157,2026-06-11T08:08:13Z,Atlanta Dream,New York Liberty
2026-06-11T08:08:31.059817+00:00,e653a87bb906ef68d35dffd36a302ce1,2026-06-11T23:30:00Z,williamhill_us,Caesars,player_double_double,Yes,Angel Reese,,-205,2026-06-11T08:08:13Z,Atlanta Dream,New York Liberty
2026-06-11T08:08:31.059817+00:00,e653a87bb906ef68d35dffd36a302ce1,2026-06-11T23:30:00Z,williamhill_us,Caesars,player_double_double,Yes,Jonquel Jones,,144,2026-06-11T08:08:13Z,Atlanta Dream,New York Liberty
2026-06-11T08:08:31.059817+00:00,e653a87bb906ef68d35dffd36a302ce1,2026-06-11T23:30:00Z,williamhill_us,Caesars,player_double_double,Yes,Breanna Stewart,,162,2026-06-11T08:08:13Z,Atlanta Dream,New York Liberty
2026-06-11T08:08:31.059817+00:00,e653a87bb906ef68d35dffd36a302ce1,2026-06-11T23:30:00Z,williamhill_us,Caesars,player_double_double,Yes,Jordin Canada,,1000,2026-06-11T08:08:13Z,Atlanta Dream,New York Liberty
2026-06-11T08:08:31.059817+00:00,e653a87bb906ef68d35dffd36a302ce1,2026-06-11T23:30:00Z,williamhill_us,Caesars,player_points,Over,Jonquel Jones,13.5,-120,2026-06-11T08:08:13Z,Atlanta Dream,New York Liberty
2026-06-11T08:08:31.059817+00:00,e653a87bb906ef68d35dffd36a302ce1,2026-06-11T23:30:00Z,williamhill_us,Caesars,player_points,Under,Jonquel Jones,13.5,-112,2026-06-11T08:08:13Z,Atlanta Dream,New York Liberty
2026-06-11T08:08:31.059817+00:00,e653a87bb906ef68d35dffd36a302ce1,2026-06-11T23:30:00Z,williamhill_us,Caesars,player_points,Over,Satou Sabally,11.5,103,2026-06-11T08:08:13Z,Atlanta Dream,New York Liberty
2026-06-11T08:08:31.059817+00:00,e653a87bb906ef68d35dffd36a302ce1,2026-06-11T23:30:00Z,williamhill_us,Caesars,player_points,Under,Satou Sabally,11.5,-137,2026-06-11T08:08:13Z,Atlanta Dream,New York Liberty
2026-06-11T08:08:31.059817+00:00,e653a87bb906ef68d35dffd36a302ce1,2026-06-11T23:30:00Z,williamhill_us,Caesars,player_points,Over,Naz Hillmon,8.5,-124,2026-06-11T08:08:13Z,Atlanta Dream,New York Liberty
2026-06-11T08:08:31.059817+00:00,e653a87bb906ef68d35dffd36a302ce1,2026-06-11T23:30:00Z,williamhill_us,Caesars,player_points,Under,Naz Hillmon,8.5,-108,2026-06-11T08:08:13Z,Atlanta Dream,New York Liberty
2026-06-11T08:08:31.059817+00:00,e653a87bb906ef68d35dffd36a302ce1,2026-06-11T23:30:00Z,williamhill_us,Caesars,player_points,Over,Rhyne Howard,16.5,-132,2026-06-11T08:08:13Z,Atlanta Dream,New York Liberty
2026-06-11T08:08:31.059817+00:00,e653a87bb906ef68d35dffd36a302ce1,2026-06-11T23:30:00Z,williamhill_us,Caesars,player_points,Under,Rhyne Howard,16.5,-102,2026-06-11T08:08:13Z,Atlanta Dream,New York Liberty
2026-06-11T08:08:31.059817+00:00,e653a87bb906ef68d35dffd36a302ce1,2026-06-11T23:30:00Z,williamhill_us,Caesars,player_points,Over,Jordin Canada,11.5,-110,2026-06-11T08:08:13Z,Atlanta Dream,New York Liberty
2026-06-11T08:08:31.059817+00:00,e653a87bb906ef68d35dffd36a302ce1,2026-06-11T23:30:00Z,williamhill_us,Caesars,player_points,Under,Jordin Canada,11.5,-121,2026-06-11T08:08:13Z,Atlanta Dream,New York Liberty
2026-06-11T08:08:31.059817+00:00,e653a87bb906ef68d35dffd36a302ce1,2026-06-11T23:30:00Z,williamhill_us,Caesars,player_points,Over,Allisha Gray,17.5,-130,2026-06-11T08:08:13Z,Atlanta Dream,New York Liberty
2026-06-11T08:08:31.059817+00:00,e653a87bb906ef68d35dffd36a302ce1,2026-06-11T23:30:00Z,williamhill_us,Caesars,player_points,Under,Allisha Gray,17.5,-103,2026-06-11T08:08:13Z,Atlanta Dream,New York Liberty
2026-06-11T08:08:31.059817+00:00,e653a87bb906ef68d35dffd36a302ce1,2026-06-11T23:30:00Z,williamhill_us,Caesars,player_points,Over,Leonie Fiebich,6.5,-129,2026-06-11T08:08:13Z,Atlanta Dream,New York Liberty
2026-06-11T08:08:31.059817+00:00,e653a87bb906ef68d35dffd36a302ce1,2026-06-11T23:30:00Z,williamhill_us,Caesars,player_points,Under,Leonie Fiebich,6.5,-104,2026-06-11T08:08:13Z,Atlanta Dream,New York Liberty
2026-06-11T08:08:31.059817+00:00,e653a87bb906ef68d35dffd36a302ce1,2026-06-11T23:30:00Z,williamhill_us,Caesars,player_points,Over,Pauline Astier,9.5,-134,2026-06-11T08:08:13Z,Atlanta Dream,New York Liberty
2026-06-11T08:08:31.059817+00:00,e653a87bb906ef68d35dffd36a302ce1,2026-06-11T23:30:00Z,williamhill_us,Caesars,player_points,Under,Pauline Astier,9.5,101,2026-06-11T08:08:13Z,Atlanta Dream,New York Liberty
2026-06-11T08:08:31.059817+00:00,e653a87bb906ef68d35dffd36a302ce1,2026-06-11T23:30:00Z,williamhill_us,Caesars,player_points,Over,Angel Reese,13.5,-122,2026-06-11T08:08:13Z,Atlanta Dream,New York Liberty
2026-06-11T08:08:31.059817+00:00,e653a87bb906ef68d35dffd36a302ce1,2026-06-11T23:30:00Z,williamhill_us,Caesars,player_points,Under,Angel Reese,13.5,-109,2026-06-11T08:08:13Z,Atlanta Dream,New York Liberty
2026-06-11T08:08:31.059817+00:00,e653a87bb906ef68d35dffd36a302ce1,2026-06-11T23:30:00Z,williamhill_us,Caesars,player_points,Over,Breanna Stewart,19.5,-109,2026-06-11T08:08:13Z,Atlanta Dream,New York Liberty
2026-06-11T08:08:31.059817+00:00,e653a87bb906ef68d35dffd36a302ce1,2026-06-11T23:30:00Z,williamhill_us,Caesars,player_points,Under,Breanna Stewart,19.5,-122,2026-06-11T08:08:13Z,Atlanta Dream,New York Liberty
2026-06-11T08:08:31.059817+00:00,e653a87bb906ef68d35dffd36a302ce1,2026-06-11T23:30:00Z,williamhill_us,Caesars,player_points,Over,Marine Johannes,10.5,-120,2026-06-11T08:08:13Z,Atlanta Dream,New York Liberty
2026-06-11T08:08:31.059817+00:00,e653a87bb906ef68d35dffd36a302ce1,2026-06-11T23:30:00Z,williamhill_us,Caesars,player_points,Under,Marine Johannes,10.5,-112,2026-06-11T08:08:13Z,Atlanta Dream,New York Liberty
2026-06-11T08:08:31.059817+00:00,e653a87bb906ef68d35dffd36a302ce1,2026-06-11T23:30:00Z,williamhill_us,Caesars,player_rebounds,Over,Jordin Canada,3.5,123,2026-06-11T08:08:13Z,Atlanta Dream,New York Liberty
2026-06-11T08:08:31.059817+00:00,e653a87bb906ef68d35dffd36a302ce1,2026-06-11T23:30:00Z,williamhill_us,Caesars,player_rebounds,Under,Jordin Canada,3.5,-164,2026-06-11T08:08:13Z,Atlanta Dream,New York Liberty
2026-06-11T08:08:31.059817+00:00,e653a87bb906ef68d35dffd36a302ce1,2026-06-11T23:30:00Z,williamhill_us,Caesars,player_rebounds,Over,Rhyne Howard,3.5,-108,2026-06-11T08:08:13Z,Atlanta Dream,New York Liberty
2026-06-11T08:08:31.059817+00:00,e653a87bb906ef68d35dffd36a302ce1,2026-06-11T23:30:00Z,williamhill_us,Caesars,player_rebounds,Under,Rhyne Howard,3.5,-124,2026-06-11T08:08:13Z,Atlanta Dream,New York Liberty
2026-06-11T08:08:31.059817+00:00,e653a87bb906ef68d35dffd36a302ce1,2026-06-11T23:30:00Z,williamhill_us,Caesars,player_rebounds,Over,Breanna Stewart,8.5,105,2026-06-11T08:08:13Z,Atlanta Dream,New York Liberty
2026-06-11T08:08:31.059817+00:00,e653a87bb906ef68d35dffd36a302ce1,2026-06-11T23:30:00Z,williamhill_us,Caesars,player_rebounds,Under,Breanna Stewart,8.5,-139,2026-06-11T08:08:13Z,Atlanta Dream,New York Liberty
2026-06-11T08:08:31.059817+00:00,e653a87bb906ef68d35dffd36a302ce1,2026-06-11T23:30:00Z,williamhill_us,Caesars,player_rebounds,Over,Allisha Gray,3.5,-130,2026-06-11T08:08:13Z,Atlanta Dream,New York Liberty
2026-06-11T08:08:31.059817+00:00,e653a87bb906ef68d35dffd36a302ce1,2026-06-11T23:30:00Z,williamhill_us,Caesars,player_rebounds,Under,Allisha Gray,3.5,-103,2026-06-11T08:08:13Z,Atlanta Dream,New York Liberty
2026-06-11T08:08:31.059817+00:00,e653a87bb906ef68d35dffd36a302ce1,2026-06-11T23:30:00Z,williamhill_us,Caesars,player_rebounds,Over,Leonie Fiebich,3.5,118,2026-06-11T08:08:13Z,Atlanta Dream,New York Liberty
2026-06-11T08:08:31.059817+00:00,e653a87bb906ef68d35dffd36a302ce1,2026-06-11T23:30:00Z,williamhill_us,Caesars,player_rebounds,Under,Leonie Fiebich,3.5,-157,2026-06-11T08:08:13Z,Atlanta Dream,New York Liberty
2026-06-11T08:08:31.059817+00:00,e653a87bb906ef68d35dffd36a302ce1,2026-06-11T23:30:00Z,williamhill_us,Caesars,player_rebounds,Over,Naz Hillmon,5.5,-137,2026-06-11T08:08:13Z,Atlanta Dream,New York Liberty
2026-06-11T08:08:31.059817+00:00,e653a87bb906ef68d35dffd36a302ce1,2026-06-11T23:30:00Z,williamhill_us,Caesars,player_rebounds,Under,Naz Hillmon,5.5,103,2026-06-11T08:08:13Z,Atlanta Dream,New York Liberty
2026-06-11T08:08:31.059817+00:00,e653a87bb906ef68d35dffd36a302ce1,2026-06-11T23:30:00Z,williamhill_us,Caesars,player_rebounds,Over,Jonquel Jones,9.5,106,2026-06-11T08:08:13Z,Atlanta Dream,New York Liberty
2026-06-11T08:08:31.059817+00:00,e653a87bb906ef68d35dffd36a302ce1,2026-06-11T23:30:00Z,williamhill_us,Caesars,player_rebounds,Under,Jonquel Jones,9.5,-141,2026-06-11T08:08:13Z,Atlanta Dream,New York Liberty
2026-06-11T08:08:31.059817+00:00,e653a87bb906ef68d35dffd36a302ce1,2026-06-11T23:30:00Z,williamhill_us,Caesars,player_rebounds,Over,Angel Reese,12.5,-105,2026-06-11T08:08:13Z,Atlanta Dream,New York Liberty
2026-06-11T08:08:31.059817+00:00,e653a87bb906ef68d35dffd36a302ce1,2026-06-11T23:30:00Z,williamhill_us,Caesars,player_rebounds,Under,Angel Reese,12.5,-127,2026-06-11T08:08:13Z,Atlanta Dream,New York Liberty
2026-06-11T08:08:31.059817+00:00,e653a87bb906ef68d35dffd36a302ce1,2026-06-11T23:30:00Z,williamhill_us,Caesars,player_threes,Over,Rhyne Howard,2.5,-148,2026-06-11T08:08:13Z,Atlanta Dream,New York Liberty
2026-06-11T08:08:31.059817+00:00,e653a87bb906ef68d35dffd36a302ce1,2026-06-11T23:30:00Z,williamhill_us,Caesars,player_threes,Under,Rhyne Howard,2.5,110,2026-06-11T08:08:13Z,Atlanta Dream,New York Liberty
2026-06-11T08:08:31.059817+00:00,e653a87bb906ef68d35dffd36a302ce1,2026-06-11T23:30:00Z,williamhill_us,Caesars,player_threes,Over,Satou Sabally,1.5,169,2026-06-11T08:08:13Z,Atlanta Dream,New York Liberty
2026-06-11T08:08:31.059817+00:00,e653a87bb906ef68d35dffd36a302ce1,2026-06-11T23:30:00Z,williamhill_us,Caesars,player_threes,Under,Satou Sabally,1.5,-235,2026-06-11T08:08:13Z,Atlanta Dream,New York Liberty
2026-06-11T08:08:31.059817+00:00,e653a87bb906ef68d35dffd36a302ce1,2026-06-11T23:30:00Z,williamhill_us,Caesars,player_threes,Over,Marine Johannes,2.5,111,2026-06-11T08:08:13Z,Atlanta Dream,New York Liberty
2026-06-11T08:08:31.059817+00:00,e653a87bb906ef68d35dffd36a302ce1,2026-06-11T23:30:00Z,williamhill_us,Caesars,player_threes,Under,Marine Johannes,2.5,-148,2026-06-11T08:08:13Z,Atlanta Dream,New York Liberty
2026-06-11T08:08:31.059817+00:00,e653a87bb906ef68d35dffd36a302ce1,2026-06-11T23:30:00Z,williamhill_us,Caesars,player_threes,Over,Naz Hillmon,1.5,119,2026-06-11T08:08:13Z,Atlanta Dream,New York Liberty
2026-06-11T08:08:31.059817+00:00,e653a87bb906ef68d35dffd36a302ce1,2026-06-11T23:30:00Z,williamhill_us,Caesars,player_threes,Under,Naz Hillmon,1.5,-159,2026-06-11T08:08:13Z,Atlanta Dream,New York Liberty
2026-06-11T08:08:31.059817+00:00,e653a87bb906ef68d35dffd36a302ce1,2026-06-11T23:30:00Z,williamhill_us,Caesars,player_threes,Over,Jonquel Jones,1.5,148,2026-06-11T08:08:13Z,Atlanta Dream,New York Liberty
2026-06-11T08:08:31.059817+00:00,e653a87bb906ef68d35dffd36a302ce1,2026-06-11T23:30:00Z,williamhill_us,Caesars,player_threes,Under,Jonquel Jones,1.5,-200,2026-06-11T08:08:13Z,Atlanta Dream,New York Liberty
2026-06-11T08:08:31.059817+00:00,e653a87bb906ef68d35dffd36a302ce1,2026-06-11T23:30:00Z,williamhill_us,Caesars,player_threes,Over,Leonie Fiebich,1.5,148,2026-06-11T08:08:13Z,Atlanta Dream,New York Liberty
2026-06-11T08:08:31.059817+00:00,e653a87bb906ef68d35dffd36a302ce1,2026-06-11T23:30:00Z,williamhill_us,Caesars,player_threes,Under,Leonie Fiebich,1.5,-200,2026-06-11T08:08:13Z,Atlanta Dream,New York Liberty
2026-06-11T08:08:31.059817+00:00,e653a87bb906ef68d35dffd36a302ce1,2026-06-11T23:30:00Z,williamhill_us,Caesars,player_threes,Over,Allisha Gray,1.5,-137,2026-06-11T08:08:13Z,Atlanta Dream,New York Liberty
2026-06-11T08:08:31.059817+00:00,e653a87bb906ef68d35dffd36a302ce1,2026-06-11T23:30:00Z,williamhill_us,Caesars,player_threes,Under,Allisha Gray,1.5,104,2026-06-11T08:08:13Z,Atlanta Dream,New York Liberty
2026-06-11T08:08:31.059817+00:00,ea094671159571ce86c43da02eb3157b,2026-06-12T01:10:00Z,draftkings,DraftKings,player_assists,Over,Alyssa Thomas,8.5,103,2026-06-11T08:08:09Z,Dallas Wings,Phoenix Mercury
2026-06-11T08:08:31.059817+00:00,ea094671159571ce86c43da02eb3157b,2026-06-12T01:10:00Z,draftkings,DraftKings,player_assists,Under,Alyssa Thomas,8.5,-140,2026-06-11T08:08:09Z,Dallas Wings,Phoenix Mercury
2026-06-11T08:08:31.059817+00:00,ea094671159571ce86c43da02eb3157b,2026-06-12T01:10:00Z,draftkings,DraftKings,player_assists,Over,Paige Bueckers,5.5,-152,2026-06-11T08:08:09Z,Dallas Wings,Phoenix Mercury
2026-06-11T08:08:31.059817+00:00,ea094671159571ce86c43da02eb3157b,2026-06-12T01:10:00Z,draftkings,DraftKings,player_assists,Under,Paige Bueckers,5.5,112,2026-06-11T08:08:09Z,Dallas Wings,Phoenix Mercury
2026-06-11T08:08:31.059817+00:00,ea094671159571ce86c43da02eb3157b,2026-06-12T01:10:00Z,draftkings,DraftKings,player_assists,Over,Jessica Shepard,4.5,-123,2026-06-11T08:08:09Z,Dallas Wings,Phoenix Mercury
2026-06-11T08:08:31.059817+00:00,ea094671159571ce86c43da02eb3157b,2026-06-12T01:10:00Z,draftkings,DraftKings,player_assists,Under,Jessica Shepard,4.5,-110,2026-06-11T08:08:09Z,Dallas Wings,Phoenix Mercury
2026-06-11T08:08:31.059817+00:00,ea094671159571ce86c43da02eb3157b,2026-06-12T01:10:00Z,draftkings,DraftKings,player_assists,Over,Monique Akoa Makani,3.5,115,2026-06-11T08:08:09Z,Dallas Wings,Phoenix Mercury
2026-06-11T08:08:31.059817+00:00,ea094671159571ce86c43da02eb3157b,2026-06-12T01:10:00Z,draftkings,DraftKings,player_assists,Under,Monique Akoa Makani,3.5,-157,2026-06-11T08:08:09Z,Dallas Wings,Phoenix Mercury
2026-06-11T08:08:31.059817+00:00,ea094671159571ce86c43da02eb3157b,2026-06-12T01:10:00Z,draftkings,DraftKings,player_assists,Over,Arike Ogunbowale,2.5,-166,2026-06-11T08:08:09Z,Dallas Wings,Phoenix Mercury
2026-06-11T08:08:31.059817+00:00,ea094671159571ce86c43da02eb3157b,2026-06-12T01:10:00Z,draftkings,DraftKings,player_assists,Under,Arike Ogunbowale,2.5,122,2026-06-11T08:08:09Z,Dallas Wings,Phoenix Mercury
2026-06-11T08:08:31.059817+00:00,ea094671159571ce86c43da02eb3157b,2026-06-12T01:10:00Z,draftkings,DraftKings,player_double_double,Yes,Alyssa Thomas,,103,2026-06-11T08:08:09Z,Dallas Wings,Phoenix Mercury
2026-06-11T08:08:31.059817+00:00,ea094671159571ce86c43da02eb3157b,2026-06-12T01:10:00Z,draftkings,DraftKings,player_double_double,Yes,Jessica Shepard,,106,2026-06-11T08:08:09Z,Dallas Wings,Phoenix Mercury
2026-06-11T08:08:31.059817+00:00,ea094671159571ce86c43da02eb3157b,2026-06-12T01:10:00Z,draftkings,DraftKings,player_double_double,Yes,Natasha Mack,,265,2026-06-11T08:08:09Z,Dallas Wings,Phoenix Mercury
2026-06-11T08:08:31.059817+00:00,ea094671159571ce86c43da02eb3157b,2026-06-12T01:10:00Z,draftkings,DraftKings,player_double_double,Yes,Paige Bueckers,,750,2026-06-11T08:08:09Z,Dallas Wings,Phoenix Mercury
2026-06-11T08:08:31.059817+00:00,ea094671159571ce86c43da02eb3157b,2026-06-12T01:10:00Z,draftkings,DraftKings,player_double_double,Yes,Arike Ogunbowale,,3200,2026-06-11T08:08:09Z,Dallas Wings,Phoenix Mercury
2026-06-11T08:08:31.059817+00:00,ea094671159571ce86c43da02eb3157b,2026-06-12T01:10:00Z,draftkings,DraftKings,player_double_double,Yes,Monique Akoa Makani,,4400,2026-06-11T08:08:09Z,Dallas Wings,Phoenix Mercury
2026-06-11T08:08:31.059817+00:00,ea094671159571ce86c43da02eb3157b,2026-06-12T01:10:00Z,draftkings,DraftKings,player_double_double,Yes,Kahleah Copper,,5600,2026-06-11T08:08:09Z,Dallas Wings,Phoenix Mercury
2026-06-11T08:08:31.059817+00:00,ea094671159571ce86c43da02eb3157b,2026-06-12T01:10:00Z,draftkings,DraftKings,player_double_double,Yes,Aziaha James,,5700,2026-06-11T08:08:09Z,Dallas Wings,Phoenix Mercury
2026-06-11T08:08:31.059817+00:00,ea094671159571ce86c43da02eb3157b,2026-06-12T01:10:00Z,draftkings,DraftKings,player_double_double,Yes,Azzi Fudd,,6300,2026-06-11T08:08:09Z,Dallas Wings,Phoenix Mercury
2026-06-11T08:08:31.059817+00:00,ea094671159571ce86c43da02eb3157b,2026-06-12T01:10:00Z,draftkings,DraftKings,player_points,Over,Paige Bueckers,18.5,-122,2026-06-11T08:07:01Z,Dallas Wings,Phoenix Mercury
2026-06-11T08:08:31.059817+00:00,ea094671159571ce86c43da02eb3157b,2026-06-12T01:10:00Z,draftkings,DraftKings,player_points,Under,Paige Bueckers,18.5,-108,2026-06-11T08:07:01Z,Dallas Wings,Phoenix Mercury
2026-06-11T08:08:31.059817+00:00,ea094671159571ce86c43da02eb3157b,2026-06-12T01:10:00Z,draftkings,DraftKings,player_points,Over,Kahleah Copper,17.5,-103,2026-06-11T08:07:01Z,Dallas Wings,Phoenix Mercury
2026-06-11T08:08:31.059817+00:00,ea094671159571ce86c43da02eb3157b,2026-06-12T01:10:00Z,draftkings,DraftKings,player_points,Under,Kahleah Copper,17.5,-129,2026-06-11T08:07:01Z,Dallas Wings,Phoenix Mercury
2026-06-11T08:08:31.059817+00:00,ea094671159571ce86c43da02eb3157b,2026-06-12T01:10:00Z,draftkings,DraftKings,player_points,Over,Alyssa Thomas,15.5,-129,2026-06-11T08:07:01Z,Dallas Wings,Phoenix Mercury
2026-06-11T08:08:31.059817+00:00,ea094671159571ce86c43da02eb3157b,2026-06-12T01:10:00Z,draftkings,DraftKings,player_points,Under,Alyssa Thomas,15.5,-103,2026-06-11T08:07:01Z,Dallas Wings,Phoenix Mercury
2026-06-11T08:08:31.059817+00:00,ea094671159571ce86c43da02eb3157b,2026-06-12T01:10:00Z,draftkings,DraftKings,player_points,Over,Arike Ogunbowale,15.5,-103,2026-06-11T08:07:01Z,Dallas Wings,Phoenix Mercury
2026-06-11T08:08:31.059817+00:00,ea094671159571ce86c43da02eb3157b,2026-06-12T01:10:00Z,draftkings,DraftKings,player_points,Under,Arike Ogunbowale,15.5,-129,2026-06-11T08:07:01Z,Dallas Wings,Phoenix Mercury
2026-06-11T08:08:31.059817+00:00,ea094671159571ce86c43da02eb3157b,2026-06-12T01:10:00Z,draftkings,DraftKings,player_points,Over,Azzi Fudd,12.5,-122,2026-06-11T08:07:01Z,Dallas Wings,Phoenix Mercury
2026-06-11T08:08:31.059817+00:00,ea094671159571ce86c43da02eb3157b,2026-06-12T01:10:00Z,draftkings,DraftKings,player_points,Under,Azzi Fudd,12.5,-109,2026-06-11T08:07:01Z,Dallas Wings,Phoenix Mercury
2026-06-11T08:08:31.059817+00:00,ea094671159571ce86c43da02eb3157b,2026-06-12T01:10:00Z,draftkings,DraftKings,player_points,Over,Jessica Shepard,11.5,-103,2026-06-11T08:07:01Z,Dallas Wings,Phoenix Mercury
2026-06-11T08:08:31.059817+00:00,ea094671159571ce86c43da02eb3157b,2026-06-12T01:10:00Z,draftkings,DraftKings,player_points,Under,Jessica Shepard,11.5,-129,2026-06-11T08:07:01Z,Dallas Wings,Phoenix Mercury
2026-06-11T08:08:31.059817+00:00,ea094671159571ce86c43da02eb3157b,2026-06-12T01:10:00Z,draftkings,DraftKings,player_points,Over,Monique Akoa Makani,10.5,-118,2026-06-11T08:07:01Z,Dallas Wings,Phoenix Mercury
2026-06-11T08:08:31.059817+00:00,ea094671159571ce86c43da02eb3157b,2026-06-12T01:10:00Z,draftkings,DraftKings,player_points,Under,Monique Akoa Makani,10.5,-112,2026-06-11T08:07:01Z,Dallas Wings,Phoenix Mercury
2026-06-11T08:08:31.059817+00:00,ea094671159571ce86c43da02eb3157b,2026-06-12T01:10:00Z,draftkings,DraftKings,player_points,Over,Natasha Mack,9.5,-105,2026-06-11T08:07:01Z,Dallas Wings,Phoenix Mercury
2026-06-11T08:08:31.059817+00:00,ea094671159571ce86c43da02eb3157b,2026-06-12T01:10:00Z,draftkings,DraftKings,player_points,Under,Natasha Mack,9.5,-126,2026-06-11T08:07:01Z,Dallas Wings,Phoenix Mercury
2026-06-11T08:08:31.059817+00:00,ea094671159571ce86c43da02eb3157b,2026-06-12T01:10:00Z,draftkings,DraftKings,player_points,Over,DeWanna Bonner,8.5,-123,2026-06-11T08:07:01Z,Dallas Wings,Phoenix Mercury
2026-06-11T08:08:31.059817+00:00,ea094671159571ce86c43da02eb3157b,2026-06-12T01:10:00Z,draftkings,DraftKings,player_points,Under,DeWanna Bonner,8.5,-108,2026-06-11T08:07:01Z,Dallas Wings,Phoenix Mercury
2026-06-11T08:08:31.059817+00:00,ea094671159571ce86c43da02eb3157b,2026-06-12T01:10:00Z,draftkings,DraftKings,player_points,Over,Maddy Siegrist,7.5,-136,2026-06-11T08:07:01Z,Dallas Wings,Phoenix Mercury
2026-06-11T08:08:31.059817+00:00,ea094671159571ce86c43da02eb3157b,2026-06-12T01:10:00Z,draftkings,DraftKings,player_points,Under,Maddy Siegrist,7.5,102,2026-06-11T08:07:01Z,Dallas Wings,Phoenix Mercury
2026-06-11T08:08:31.059817+00:00,ea094671159571ce86c43da02eb3157b,2026-06-12T01:10:00Z,draftkings,DraftKings,player_points,Over,Aziaha James,6.5,-113,2026-06-11T08:07:01Z,Dallas Wings,Phoenix Mercury
2026-06-11T08:08:31.059817+00:00,ea094671159571ce86c43da02eb3157b,2026-06-12T01:10:00Z,draftkings,DraftKings,player_points,Under,Aziaha James,6.5,-118,2026-06-11T08:07:01Z,Dallas Wings,Phoenix Mercury
2026-06-11T08:08:31.059817+00:00,ea094671159571ce86c43da02eb3157b,2026-06-12T01:10:00Z,draftkings,DraftKings,player_points_assists,Over,Paige Bueckers,25.5,-104,2026-06-11T08:08:09Z,Dallas Wings,Phoenix Mercury
2026-06-11T08:08:31.059817+00:00,ea094671159571ce86c43da02eb3157b,2026-06-12T01:10:00Z,draftkings,DraftKings,player_points_assists,Under,Paige Bueckers,25.5,-130,2026-06-11T08:08:09Z,Dallas Wings,Phoenix Mercury
2026-06-11T08:08:31.059817+00:00,ea094671159571ce86c43da02eb3157b,2026-06-12T01:10:00Z,draftkings,DraftKings,player_points_assists,Over,Alyssa Thomas,24.5,-111,2026-06-11T08:08:09Z,Dallas Wings,Phoenix Mercury
2026-06-11T08:08:31.059817+00:00,ea094671159571ce86c43da02eb3157b,2026-06-12T01:10:00Z,draftkings,DraftKings,player_points_assists,Under,Alyssa Thomas,24.5,-122,2026-06-11T08:08:09Z,Dallas Wings,Phoenix Mercury
2026-06-11T08:08:31.059817+00:00,ea094671159571ce86c43da02eb3157b,2026-06-12T01:10:00Z,draftkings,DraftKings,player_points_assists,Over,Kahleah Copper,19.5,-111,2026-06-11T08:08:09Z,Dallas Wings,Phoenix Mercury
2026-06-11T08:08:31.059817+00:00,ea094671159571ce86c43da02eb3157b,2026-06-12T01:10:00Z,draftkings,DraftKings,player_points_assists,Under,Kahleah Copper,19.5,-122,2026-06-11T08:08:09Z,Dallas Wings,Phoenix Mercury
2026-06-11T08:08:31.059817+00:00,ea094671159571ce86c43da02eb3157b,2026-06-12T01:10:00Z,draftkings,DraftKings,player_points_assists,Over,Arike Ogunbowale,18.5,-112,2026-06-11T08:08:09Z,Dallas Wings,Phoenix Mercury
2026-06-11T08:08:31.059817+00:00,ea094671159571ce86c43da02eb3157b,2026-06-12T01:10:00Z,draftkings,DraftKings,player_points_assists,Under,Arike Ogunbowale,18.5,-121,2026-06-11T08:08:09Z,Dallas Wings,Phoenix Mercury
2026-06-11T08:08:31.059817+00:00,ea094671159571ce86c43da02eb3157b,2026-06-12T01:10:00Z,draftkings,DraftKings,player_points_assists,Over,Jessica Shepard,15.5,-132,2026-06-11T08:08:09Z,Dallas Wings,Phoenix Mercury
2026-06-11T08:08:31.059817+00:00,ea094671159571ce86c43da02eb3157b,2026-06-12T01:10:00Z,draftkings,DraftKings,player_points_assists,Under,Jessica Shepard,15.5,-103,2026-06-11T08:08:09Z,Dallas Wings,Phoenix Mercury
2026-06-11T08:08:31.059817+00:00,ea094671159571ce86c43da02eb3157b,2026-06-12T01:10:00Z,draftkings,DraftKings,player_points_assists,Over,Azzi Fudd,14.5,-114,2026-06-11T08:08:09Z,Dallas Wings,Phoenix Mercury
2026-06-11T08:08:31.059817+00:00,ea094671159571ce86c43da02eb3157b,2026-06-12T01:10:00Z,draftkings,DraftKings,player_points_assists,Under,Azzi Fudd,14.5,-119,2026-06-11T08:08:09Z,Dallas Wings,Phoenix Mercury
2026-06-11T08:08:31.059817+00:00,ea094671159571ce86c43da02eb3157b,2026-06-12T01:10:00Z,draftkings,DraftKings,player_points_assists,Over,Monique Akoa Makani,13.5,-132,2026-06-11T08:08:09Z,Dallas Wings,Phoenix Mercury
2026-06-11T08:08:31.059817+00:00,ea094671159571ce86c43da02eb3157b,2026-06-12T01:10:00Z,draftkings,DraftKings,player_points_assists,Under,Monique Akoa Makani,13.5,-103,2026-06-11T08:08:09Z,Dallas Wings,Phoenix Mercury
2026-06-11T08:08:31.059817+00:00,ea094671159571ce86c43da02eb3157b,2026-06-12T01:10:00Z,draftkings,DraftKings,player_points_assists,Over,Aziaha James,7.5,-124,2026-06-11T08:08:09Z,Dallas Wings,Phoenix Mercury
2026-06-11T08:08:31.059817+00:00,ea094671159571ce86c43da02eb3157b,2026-06-12T01:10:00Z,draftkings,DraftKings,player_points_assists,Under,Aziaha James,7.5,-110,2026-06-11T08:08:09Z,Dallas Wings,Phoenix Mercury
2026-06-11T08:08:31.059817+00:00,ea094671159571ce86c43da02eb3157b,2026-06-12T01:10:00Z,draftkings,DraftKings,player_points_rebounds,Over,Alyssa Thomas,23.5,-123,2026-06-11T08:08:09Z,Dallas Wings,Phoenix Mercury
2026-06-11T08:08:31.059817+00:00,ea094671159571ce86c43da02eb3157b,2026-06-12T01:10:00Z,draftkings,DraftKings,player_points_rebounds,Under,Alyssa Thomas,23.5,-111,2026-06-11T08:08:09Z,Dallas Wings,Phoenix Mercury
2026-06-11T08:08:31.059817+00:00,ea094671159571ce86c43da02eb3157b,2026-06-12T01:10:00Z,draftkings,DraftKings,player_points_rebounds,Over,Paige Bueckers,22.5,-112,2026-06-11T08:08:09Z,Dallas Wings,Phoenix Mercury
2026-06-11T08:08:31.059817+00:00,ea094671159571ce86c43da02eb3157b,2026-06-12T01:10:00Z,draftkings,DraftKings,player_points_rebounds,Under,Paige Bueckers,22.5,-122,2026-06-11T08:08:09Z,Dallas Wings,Phoenix Mercury
2026-06-11T08:08:31.059817+00:00,ea094671159571ce86c43da02eb3157b,2026-06-12T01:10:00Z,draftkings,DraftKings,player_points_rebounds,Over,Jessica Shepard,22.5,-108,2026-06-11T08:08:09Z,Dallas Wings,Phoenix Mercury
2026-06-11T08:08:31.059817+00:00,ea094671159571ce86c43da02eb3157b,2026-06-12T01:10:00Z,draftkings,DraftKings,player_points_rebounds,Under,Jessica Shepard,22.5,-126,2026-06-11T08:08:09Z,Dallas Wings,Phoenix Mercury
2026-06-11T08:08:31.059817+00:00,ea094671159571ce86c43da02eb3157b,2026-06-12T01:10:00Z,draftkings,DraftKings,player_points_rebounds,Over,Kahleah Copper,19.5,-119,2026-06-11T08:08:09Z,Dallas Wings,Phoenix Mercury
2026-06-11T08:08:31.059817+00:00,ea094671159571ce86c43da02eb3157b,2026-06-12T01:10:00Z,draftkings,DraftKings,player_points_rebounds,Under,Kahleah Copper,19.5,-114,2026-06-11T08:08:09Z,Dallas Wings,Phoenix Mercury
2026-06-11T08:08:31.059817+00:00,ea094671159571ce86c43da02eb3157b,2026-06-12T01:10:00Z,draftkings,DraftKings,player_points_rebounds,Over,Natasha Mack,18.5,-111,2026-06-11T08:08:09Z,Dallas Wings,Phoenix Mercury
2026-06-11T08:08:31.059817+00:00,ea094671159571ce86c43da02eb3157b,2026-06-12T01:10:00Z,draftkings,DraftKings,player_points_rebounds,Under,Natasha Mack,18.5,-123,2026-06-11T08:08:09Z,Dallas Wings,Phoenix Mercury
2026-06-11T08:08:31.059817+00:00,ea094671159571ce86c43da02eb3157b,2026-06-12T01:10:00Z,draftkings,DraftKings,player_points_rebounds,Over,Arike Ogunbowale,18.5,-110,2026-06-11T08:08:09Z,Dallas Wings,Phoenix Mercury
2026-06-11T08:08:31.059817+00:00,ea094671159571ce86c43da02eb3157b,2026-06-12T01:10:00Z,draftkings,DraftKings,player_points_rebounds,Under,Arike Ogunbowale,18.5,-123,2026-06-11T08:08:09Z,Dallas Wings,Phoenix Mercury
2026-06-11T08:08:31.059817+00:00,ea094671159571ce86c43da02eb3157b,2026-06-12T01:10:00Z,draftkings,DraftKings,player_points_rebounds,Over,Azzi Fudd,14.5,-131,2026-06-11T08:08:09Z,Dallas Wings,Phoenix Mercury
2026-06-11T08:08:31.059817+00:00,ea094671159571ce86c43da02eb3157b,2026-06-12T01:10:00Z,draftkings,DraftKings,player_points_rebounds,Under,Azzi Fudd,14.5,-104,2026-06-11T08:08:09Z,Dallas Wings,Phoenix Mercury
2026-06-11T08:08:31.059817+00:00,ea094671159571ce86c43da02eb3157b,2026-06-12T01:10:00Z,draftkings,DraftKings,player_points_rebounds,Over,Monique Akoa Makani,13.5,-125,2026-06-11T08:08:09Z,Dallas Wings,Phoenix Mercury
2026-06-11T08:08:31.059817+00:00,ea094671159571ce86c43da02eb3157b,2026-06-12T01:10:00Z,draftkings,DraftKings,player_points_rebounds,Under,Monique Akoa Makani,13.5,-109,2026-06-11T08:08:09Z,Dallas Wings,Phoenix Mercury
2026-06-11T08:08:31.059817+00:00,ea094671159571ce86c43da02eb3157b,2026-06-12T01:10:00Z,draftkings,DraftKings,player_points_rebounds,Over,DeWanna Bonner,12.5,-125,2026-06-11T08:08:09Z,Dallas Wings,Phoenix Mercury
2026-06-11T08:08:31.059817+00:00,ea094671159571ce86c43da02eb3157b,2026-06-12T01:10:00Z,draftkings,DraftKings,player_points_rebounds,Under,DeWanna Bonner,12.5,-109,2026-06-11T08:08:09Z,Dallas Wings,Phoenix Mercury
2026-06-11T08:08:31.059817+00:00,ea094671159571ce86c43da02eb3157b,2026-06-12T01:10:00Z,draftkings,DraftKings,player_points_rebounds,Over,Maddy Siegrist,12.5,-125,2026-06-11T08:08:09Z,Dallas Wings,Phoenix Mercury
2026-06-11T08:08:31.059817+00:00,ea094671159571ce86c43da02eb3157b,2026-06-12T01:10:00Z,draftkings,DraftKings,player_points_rebounds,Under,Maddy Siegrist,12.5,-109,2026-06-11T08:08:09Z,Dallas Wings,Phoenix Mercury
2026-06-11T08:08:31.059817+00:00,ea094671159571ce86c43da02eb3157b,2026-06-12T01:10:00Z,draftkings,DraftKings,player_points_rebounds,Over,Aziaha James,9.5,-117,2026-06-11T08:08:09Z,Dallas Wings,Phoenix Mercury
2026-06-11T08:08:31.059817+00:00,ea094671159571ce86c43da02eb3157b,2026-06-12T01:10:00Z,draftkings,DraftKings,player_points_rebounds,Under,Aziaha James,9.5,-116,2026-06-11T08:08:09Z,Dallas Wings,Phoenix Mercury
2026-06-11T08:08:31.059817+00:00,ea094671159571ce86c43da02eb3157b,2026-06-12T01:10:00Z,draftkings,DraftKings,player_points_rebounds_assists,Over,Alyssa Thomas,32.5,-109,2026-06-11T08:08:09Z,Dallas Wings,Phoenix Mercury
2026-06-11T08:08:31.059817+00:00,ea094671159571ce86c43da02eb3157b,2026-06-12T01:10:00Z,draftkings,DraftKings,player_points_rebounds_assists,Under,Alyssa Thomas,32.5,-124,2026-06-11T08:08:09Z,Dallas Wings,Phoenix Mercury
2026-06-11T08:08:31.059817+00:00,ea094671159571ce86c43da02eb3157b,2026-06-12T01:10:00Z,draftkings,DraftKings,player_points_rebounds_assists,Over,Paige Bueckers,28.5,-119,2026-06-11T08:08:09Z,Dallas Wings,Phoenix Mercury
2026-06-11T08:08:31.059817+00:00,ea094671159571ce86c43da02eb3157b,2026-06-12T01:10:00Z,draftkings,DraftKings,player_points_rebounds_assists,Under,Paige Bueckers,28.5,-114,2026-06-11T08:08:09Z,Dallas Wings,Phoenix Mercury
2026-06-11T08:08:31.059817+00:00,ea094671159571ce86c43da02eb3157b,2026-06-12T01:10:00Z,draftkings,DraftKings,player_points_rebounds_assists,Over,Jessica Shepard,27.5,-105,2026-06-11T08:08:09Z,Dallas Wings,Phoenix Mercury
2026-06-11T08:08:31.059817+00:00,ea094671159571ce86c43da02eb3157b,2026-06-12T01:10:00Z,draftkings,DraftKings,player_points_rebounds_assists,Under,Jessica Shepard,27.5,-130,2026-06-11T08:08:09Z,Dallas Wings,Phoenix Mercury
2026-06-11T08:08:31.059817+00:00,ea094671159571ce86c43da02eb3157b,2026-06-12T01:10:00Z,draftkings,DraftKings,player_points_rebounds_assists,Over,Kahleah Copper,21.5,-120,2026-06-11T08:08:09Z,Dallas Wings,Phoenix Mercury
2026-06-11T08:08:31.059817+00:00,ea094671159571ce86c43da02eb3157b,2026-06-12T01:10:00Z,draftkings,DraftKings,player_points_rebounds_assists,Under,Kahleah Copper,21.5,-113,2026-06-11T08:08:09Z,Dallas Wings,Phoenix Mercury
2026-06-11T08:08:31.059817+00:00,ea094671159571ce86c43da02eb3157b,2026-06-12T01:10:00Z,draftkings,DraftKings,player_points_rebounds_assists,Over,Arike Ogunbowale,21.5,-117,2026-06-11T08:08:09Z,Dallas Wings,Phoenix Mercury
2026-06-11T08:08:31.059817+00:00,ea094671159571ce86c43da02eb3157b,2026-06-12T01:10:00Z,draftkings,DraftKings,player_points_rebounds_assists,Under,Arike Ogunbowale,21.5,-116,2026-06-11T08:08:09Z,Dallas Wings,Phoenix Mercury
2026-06-11T08:08:31.059817+00:00,ea094671159571ce86c43da02eb3157b,2026-06-12T01:10:00Z,draftkings,DraftKings,player_points_rebounds_assists,Over,Monique Akoa Makani,17.5,-106,2026-06-11T08:08:09Z,Dallas Wings,Phoenix Mercury
2026-06-11T08:08:31.059817+00:00,ea094671159571ce86c43da02eb3157b,2026-06-12T01:10:00Z,draftkings,DraftKings,player_points_rebounds_assists,Under,Monique Akoa Makani,17.5,-128,2026-06-11T08:08:09Z,Dallas Wings,Phoenix Mercury
2026-06-11T08:08:31.059817+00:00,ea094671159571ce86c43da02eb3157b,2026-06-12T01:10:00Z,draftkings,DraftKings,player_points_rebounds_assists,Over,Azzi Fudd,16.5,-121,2026-06-11T08:08:09Z,Dallas Wings,Phoenix Mercury
2026-06-11T08:08:31.059817+00:00,ea094671159571ce86c43da02eb3157b,2026-06-12T01:10:00Z,draftkings,DraftKings,player_points_rebounds_assists,Under,Azzi Fudd,16.5,-112,2026-06-11T08:08:09Z,Dallas Wings,Phoenix Mercury
2026-06-11T08:08:31.059817+00:00,ea094671159571ce86c43da02eb3157b,2026-06-12T01:10:00Z,draftkings,DraftKings,player_rebounds,Over,Jessica Shepard,10.5,-134,2026-06-11T08:08:09Z,Dallas Wings,Phoenix Mercury
2026-06-11T08:08:31.059817+00:00,ea094671159571ce86c43da02eb3157b,2026-06-12T01:10:00Z,draftkings,DraftKings,player_rebounds,Under,Jessica Shepard,10.5,-102,2026-06-11T08:08:09Z,Dallas Wings,Phoenix Mercury
2026-06-11T08:08:31.059817+00:00,ea094671159571ce86c43da02eb3157b,2026-06-12T01:10:00Z,draftkings,DraftKings,player_rebounds,Over,Natasha Mack,9.5,106,2026-06-11T08:08:09Z,Dallas Wings,Phoenix Mercury
2026-06-11T08:08:31.059817+00:00,ea094671159571ce86c43da02eb3157b,2026-06-12T01:10:00Z,draftkings,DraftKings,player_rebounds,Under,Natasha Mack,9.5,-144,2026-06-11T08:08:09Z,Dallas Wings,Phoenix Mercury
2026-06-11T08:08:31.059817+00:00,ea094671159571ce86c43da02eb3157b,2026-06-12T01:10:00Z,draftkings,DraftKings,player_rebounds,Over,Alyssa Thomas,7.5,-123,2026-06-11T08:08:09Z,Dallas Wings,Phoenix Mercury
2026-06-11T08:08:31.059817+00:00,ea094671159571ce86c43da02eb3157b,2026-06-12T01:10:00Z,draftkings,DraftKings,player_rebounds,Under,Alyssa Thomas,7.5,-110,2026-06-11T08:08:09Z,Dallas Wings,Phoenix Mercury
2026-06-11T08:08:31.059817+00:00,ea094671159571ce86c43da02eb3157b,2026-06-12T01:10:00Z,draftkings,DraftKings,player_rebounds,Over,Maddy Siegrist,4.5,-114,2026-06-11T08:08:09Z,Dallas Wings,Phoenix Mercury
2026-06-11T08:08:31.059817+00:00,ea094671159571ce86c43da02eb3157b,2026-06-12T01:10:00Z,draftkings,DraftKings,player_rebounds,Under,Maddy Siegrist,4.5,-119,2026-06-11T08:08:09Z,Dallas Wings,Phoenix Mercury
2026-06-11T08:08:31.059817+00:00,ea094671159571ce86c43da02eb3157b,2026-06-12T01:10:00Z,draftkings,DraftKings,player_rebounds,Over,DeWanna Bonner,3.5,-151,2026-06-11T08:08:09Z,Dallas Wings,Phoenix Mercury
2026-06-11T08:08:31.059817+00:00,ea094671159571ce86c43da02eb3157b,2026-06-12T01:10:00Z,draftkings,DraftKings,player_rebounds,Under,DeWanna Bonner,3.5,111,2026-06-11T08:08:09Z,Dallas Wings,Phoenix Mercury
2026-06-11T08:08:31.059817+00:00,ea094671159571ce86c43da02eb3157b,2026-06-12T01:10:00Z,draftkings,DraftKings,player_rebounds,Over,Paige Bueckers,3.5,-104,2026-06-11T08:08:09Z,Dallas Wings,Phoenix Mercury
2026-06-11T08:08:31.059817+00:00,ea094671159571ce86c43da02eb3157b,2026-06-12T01:10:00Z,draftkings,DraftKings,player_rebounds,Under,Paige Bueckers,3.5,-130,2026-06-11T08:08:09Z,Dallas Wings,Phoenix Mercury
2026-06-11T08:08:31.059817+00:00,ea094671159571ce86c43da02eb3157b,2026-06-12T01:10:00Z,draftkings,DraftKings,player_rebounds,Over,Monique Akoa Makani,2.5,-168,2026-06-11T08:08:09Z,Dallas Wings,Phoenix Mercury
2026-06-11T08:08:31.059817+00:00,ea094671159571ce86c43da02eb3157b,2026-06-12T01:10:00Z,draftkings,DraftKings,player_rebounds,Under,Monique Akoa Makani,2.5,123,2026-06-11T08:08:09Z,Dallas Wings,Phoenix Mercury
2026-06-11T08:08:31.059817+00:00,ea094671159571ce86c43da02eb3157b,2026-06-12T01:10:00Z,draftkings,DraftKings,player_rebounds,Over,Arike Ogunbowale,2.5,-167,2026-06-11T08:08:09Z,Dallas Wings,Phoenix Mercury
2026-06-11T08:08:31.059817+00:00,ea094671159571ce86c43da02eb3157b,2026-06-12T01:10:00Z,draftkings,DraftKings,player_rebounds,Under,Arike Ogunbowale,2.5,122,2026-06-11T08:08:09Z,Dallas Wings,Phoenix Mercury
2026-06-11T08:08:31.059817+00:00,ea094671159571ce86c43da02eb3157b,2026-06-12T01:10:00Z,draftkings,DraftKings,player_rebounds,Over,Aziaha James,2.5,-146,2026-06-11T08:08:09Z,Dallas Wings,Phoenix Mercury
2026-06-11T08:08:31.059817+00:00,ea094671159571ce86c43da02eb3157b,2026-06-12T01:10:00Z,draftkings,DraftKings,player_rebounds,Under,Aziaha James,2.5,108,2026-06-11T08:08:09Z,Dallas Wings,Phoenix Mercury
2026-06-11T08:08:31.059817+00:00,ea094671159571ce86c43da02eb3157b,2026-06-12T01:10:00Z,draftkings,DraftKings,player_rebounds,Over,Kahleah Copper,2.5,108,2026-06-11T08:08:09Z,Dallas Wings,Phoenix Mercury
2026-06-11T08:08:31.059817+00:00,ea094671159571ce86c43da02eb3157b,2026-06-12T01:10:00Z,draftkings,DraftKings,player_rebounds,Under,Kahleah Copper,2.5,-147,2026-06-11T08:08:09Z,Dallas Wings,Phoenix Mercury
2026-06-11T08:08:31.059817+00:00,ea094671159571ce86c43da02eb3157b,2026-06-12T01:10:00Z,draftkings,DraftKings,player_rebounds,Over,Azzi Fudd,2.5,141,2026-06-11T08:08:09Z,Dallas Wings,Phoenix Mercury
2026-06-11T08:08:31.059817+00:00,ea094671159571ce86c43da02eb3157b,2026-06-12T01:10:00Z,draftkings,DraftKings,player_rebounds,Under,Azzi Fudd,2.5,-193,2026-06-11T08:08:09Z,Dallas Wings,Phoenix Mercury
2026-06-11T08:08:31.059817+00:00,ea094671159571ce86c43da02eb3157b,2026-06-12T01:10:00Z,draftkings,DraftKings,player_rebounds_assists,Over,Alyssa Thomas,15.5,-130,2026-06-11T08:08:09Z,Dallas Wings,Phoenix Mercury
2026-06-11T08:08:31.059817+00:00,ea094671159571ce86c43da02eb3157b,2026-06-12T01:10:00Z,draftkings,DraftKings,player_rebounds_assists,Under,Alyssa Thomas,15.5,-105,2026-06-11T08:08:09Z,Dallas Wings,Phoenix Mercury
2026-06-11T08:08:31.059817+00:00,ea094671159571ce86c43da02eb3157b,2026-06-12T01:10:00Z,draftkings,DraftKings,player_rebounds_assists,Over,Jessica Shepard,15.5,-122,2026-06-11T08:08:09Z,Dallas Wings,Phoenix Mercury
2026-06-11T08:08:31.059817+00:00,ea094671159571ce86c43da02eb3157b,2026-06-12T01:10:00Z,draftkings,DraftKings,player_rebounds_assists,Under,Jessica Shepard,15.5,-111,2026-06-11T08:08:09Z,Dallas Wings,Phoenix Mercury
2026-06-11T08:08:31.059817+00:00,ea094671159571ce86c43da02eb3157b,2026-06-12T01:10:00Z,draftkings,DraftKings,player_rebounds_assists,Over,Paige Bueckers,9.5,-112,2026-06-11T08:08:09Z,Dallas Wings,Phoenix Mercury
2026-06-11T08:08:31.059817+00:00,ea094671159571ce86c43da02eb3157b,2026-06-12T01:10:00Z,draftkings,DraftKings,player_rebounds_assists,Under,Paige Bueckers,9.5,-121,2026-06-11T08:08:09Z,Dallas Wings,Phoenix Mercury
2026-06-11T08:08:31.059817+00:00,ea094671159571ce86c43da02eb3157b,2026-06-12T01:10:00Z,draftkings,DraftKings,player_rebounds_assists,Over,Monique Akoa Makani,6.5,101,2026-06-11T08:08:09Z,Dallas Wings,Phoenix Mercury
2026-06-11T08:08:31.059817+00:00,ea094671159571ce86c43da02eb3157b,2026-06-12T01:10:00Z,draftkings,DraftKings,player_rebounds_assists,Under,Monique Akoa Makani,6.5,-137,2026-06-11T08:08:09Z,Dallas Wings,Phoenix Mercury
2026-06-11T08:08:31.059817+00:00,ea094671159571ce86c43da02eb3157b,2026-06-12T01:10:00Z,draftkings,DraftKings,player_rebounds_assists,Over,Arike Ogunbowale,6.5,105,2026-06-11T08:08:09Z,Dallas Wings,Phoenix Mercury
2026-06-11T08:08:31.059817+00:00,ea094671159571ce86c43da02eb3157b,2026-06-12T01:10:00Z,draftkings,DraftKings,player_rebounds_assists,Under,Arike Ogunbowale,6.5,-143,2026-06-11T08:08:09Z,Dallas Wings,Phoenix Mercury
2026-06-11T08:08:31.059817+00:00,ea094671159571ce86c43da02eb3157b,2026-06-12T01:10:00Z,draftkings,DraftKings,player_threes,Over,Arike Ogunbowale,1.5,-174,2026-06-11T08:08:09Z,Dallas Wings,Phoenix Mercury
2026-06-11T08:08:31.059817+00:00,ea094671159571ce86c43da02eb3157b,2026-06-12T01:10:00Z,draftkings,DraftKings,player_threes,Under,Arike Ogunbowale,1.5,127,2026-06-11T08:08:09Z,Dallas Wings,Phoenix Mercury
2026-06-11T08:08:31.059817+00:00,ea094671159571ce86c43da02eb3157b,2026-06-12T01:10:00Z,draftkings,DraftKings,player_threes,Over,Azzi Fudd,1.5,-147,2026-06-11T08:08:09Z,Dallas Wings,Phoenix Mercury
2026-06-11T08:08:31.059817+00:00,ea094671159571ce86c43da02eb3157b,2026-06-12T01:10:00Z,draftkings,DraftKings,player_threes,Under,Azzi Fudd,1.5,108,2026-06-11T08:08:09Z,Dallas Wings,Phoenix Mercury
2026-06-11T08:08:31.059817+00:00,ea094671159571ce86c43da02eb3157b,2026-06-12T01:10:00Z,draftkings,DraftKings,player_threes,Over,Kahleah Copper,1.5,-126,2026-06-11T08:08:09Z,Dallas Wings,Phoenix Mercury
2026-06-11T08:08:31.059817+00:00,ea094671159571ce86c43da02eb3157b,2026-06-12T01:10:00Z,draftkings,DraftKings,player_threes,Under,Kahleah Copper,1.5,-108,2026-06-11T08:08:09Z,Dallas Wings,Phoenix Mercury
2026-06-11T08:08:31.059817+00:00,ea094671159571ce86c43da02eb3157b,2026-06-12T01:10:00Z,draftkings,DraftKings,player_threes,Over,Paige Bueckers,1.5,-117,2026-06-11T08:08:09Z,Dallas Wings,Phoenix Mercury
2026-06-11T08:08:31.059817+00:00,ea094671159571ce86c43da02eb3157b,2026-06-12T01:10:00Z,draftkings,DraftKings,player_threes,Under,Paige Bueckers,1.5,-116,2026-06-11T08:08:09Z,Dallas Wings,Phoenix Mercury
2026-06-11T08:08:31.059817+00:00,ea094671159571ce86c43da02eb3157b,2026-06-12T01:10:00Z,draftkings,DraftKings,player_threes,Over,Monique Akoa Makani,1.5,154,2026-06-11T08:08:09Z,Dallas Wings,Phoenix Mercury
2026-06-11T08:08:31.059817+00:00,ea094671159571ce86c43da02eb3157b,2026-06-12T01:10:00Z,draftkings,DraftKings,player_threes,Under,Monique Akoa Makani,1.5,-213,2026-06-11T08:08:09Z,Dallas Wings,Phoenix Mercury
2026-06-11T08:08:31.059817+00:00,ea094671159571ce86c43da02eb3157b,2026-06-12T01:10:00Z,draftkings,DraftKings,player_threes,Over,Aziaha James,0.5,-108,2026-06-11T08:08:09Z,Dallas Wings,Phoenix Mercury
2026-06-11T08:08:31.059817+00:00,ea094671159571ce86c43da02eb3157b,2026-06-12T01:10:00Z,draftkings,DraftKings,player_threes,Under,Aziaha James,0.5,-126,2026-06-11T08:08:09Z,Dallas Wings,Phoenix Mercury
2026-06-11T08:08:31.059817+00:00,ea094671159571ce86c43da02eb3157b,2026-06-12T01:10:00Z,draftkings,DraftKings,player_triple_double,Yes,Alyssa Thomas,,630,2026-06-11T08:08:09Z,Dallas Wings,Phoenix Mercury
2026-06-11T08:08:31.059817+00:00,ea094671159571ce86c43da02eb3157b,2026-06-12T01:10:00Z,draftkings,DraftKings,player_triple_double,Yes,Jessica Shepard,,3200,2026-06-11T08:08:09Z,Dallas Wings,Phoenix Mercury
2026-06-11T08:08:31.059817+00:00,ea094671159571ce86c43da02eb3157b,2026-06-12T01:10:00Z,draftkings,DraftKings,player_triple_double,Yes,Paige Bueckers,,5700,2026-06-11T08:08:09Z,Dallas Wings,Phoenix Mercury
2026-06-11T08:08:31.059817+00:00,ea094671159571ce86c43da02eb3157b,2026-06-12T01:10:00Z,draftkings,DraftKings,player_triple_double,Yes,Monique Akoa Makani,,6300,2026-06-11T08:08:09Z,Dallas Wings,Phoenix Mercury
2026-06-11T08:08:31.059817+00:00,ea094671159571ce86c43da02eb3157b,2026-06-12T01:10:00Z,fanduel,FanDuel,player_assists,Over,Paige Bueckers,5.5,-146,2026-06-11T08:08:28Z,Dallas Wings,Phoenix Mercury
2026-06-11T08:08:31.059817+00:00,ea094671159571ce86c43da02eb3157b,2026-06-12T01:10:00Z,fanduel,FanDuel,player_assists,Under,Paige Bueckers,5.5,110,2026-06-11T08:08:28Z,Dallas Wings,Phoenix Mercury
2026-06-11T08:08:31.059817+00:00,ea094671159571ce86c43da02eb3157b,2026-06-12T01:10:00Z,fanduel,FanDuel,player_assists,Over,Monique Akoa Makani,3.5,100,2026-06-11T08:08:28Z,Dallas Wings,Phoenix Mercury
2026-06-11T08:08:31.059817+00:00,ea094671159571ce86c43da02eb3157b,2026-06-12T01:10:00Z,fanduel,FanDuel,player_assists,Under,Monique Akoa Makani,3.5,-132,2026-06-11T08:08:28Z,Dallas Wings,Phoenix Mercury
2026-06-11T08:08:31.059817+00:00,ea094671159571ce86c43da02eb3157b,2026-06-12T01:10:00Z,fanduel,FanDuel,player_assists,Over,Jessica Shepard,4.5,-130,2026-06-11T08:08:28Z,Dallas Wings,Phoenix Mercury
2026-06-11T08:08:31.059817+00:00,ea094671159571ce86c43da02eb3157b,2026-06-12T01:10:00Z,fanduel,FanDuel,player_assists,Under,Jessica Shepard,4.5,-102,2026-06-11T08:08:28Z,Dallas Wings,Phoenix Mercury
2026-06-11T08:08:31.059817+00:00,ea094671159571ce86c43da02eb3157b,2026-06-12T01:10:00Z,fanduel,FanDuel,player_assists,Over,Alyssa Thomas,8.5,108,2026-06-11T08:08:28Z,Dallas Wings,Phoenix Mercury
2026-06-11T08:08:31.059817+00:00,ea094671159571ce86c43da02eb3157b,2026-06-12T01:10:00Z,fanduel,FanDuel,player_assists,Under,Alyssa Thomas,8.5,-144,2026-06-11T08:08:28Z,Dallas Wings,Phoenix Mercury
2026-06-11T08:08:31.059817+00:00,ea094671159571ce86c43da02eb3157b,2026-06-12T01:10:00Z,fanduel,FanDuel,player_double_double,Yes,Alyssa Thomas,,-115,2026-06-11T08:08:28Z,Dallas Wings,Phoenix Mercury
2026-06-11T08:08:31.059817+00:00,ea094671159571ce86c43da02eb3157b,2026-06-12T01:10:00Z,fanduel,FanDuel,player_double_double,Yes,Jessica Shepard,,100,2026-06-11T08:08:28Z,Dallas Wings,Phoenix Mercury
2026-06-11T08:08:31.059817+00:00,ea094671159571ce86c43da02eb3157b,2026-06-12T01:10:00Z,fanduel,FanDuel,player_double_double,Yes,Natasha Mack,,240,2026-06-11T08:08:28Z,Dallas Wings,Phoenix Mercury
2026-06-11T08:08:31.059817+00:00,ea094671159571ce86c43da02eb3157b,2026-06-12T01:10:00Z,fanduel,FanDuel,player_double_double,Yes,Paige Bueckers,,800,2026-06-11T08:08:28Z,Dallas Wings,Phoenix Mercury
2026-06-11T08:08:31.059817+00:00,ea094671159571ce86c43da02eb3157b,2026-06-12T01:10:00Z,fanduel,FanDuel,player_points,Over,Natasha Mack,9.5,-102,2026-06-11T08:08:28Z,Dallas Wings,Phoenix Mercury
2026-06-11T08:08:31.059817+00:00,ea094671159571ce86c43da02eb3157b,2026-06-12T01:10:00Z,fanduel,FanDuel,player_points,Under,Natasha Mack,9.5,-128,2026-06-11T08:08:28Z,Dallas Wings,Phoenix Mercury
2026-06-11T08:08:31.059817+00:00,ea094671159571ce86c43da02eb3157b,2026-06-12T01:10:00Z,fanduel,FanDuel,player_points,Over,Paige Bueckers,18.5,-114,2026-06-11T08:08:28Z,Dallas Wings,Phoenix Mercury
2026-06-11T08:08:31.059817+00:00,ea094671159571ce86c43da02eb3157b,2026-06-12T01:10:00Z,fanduel,FanDuel,player_points,Under,Paige Bueckers,18.5,-115,2026-06-11T08:08:28Z,Dallas Wings,Phoenix Mercury
2026-06-11T08:08:31.059817+00:00,ea094671159571ce86c43da02eb3157b,2026-06-12T01:10:00Z,fanduel,FanDuel,player_points,Over,Maddy Siegrist,8.5,-118,2026-06-11T08:08:28Z,Dallas Wings,Phoenix Mercury
2026-06-11T08:08:31.059817+00:00,ea094671159571ce86c43da02eb3157b,2026-06-12T01:10:00Z,fanduel,FanDuel,player_points,Under,Maddy Siegrist,8.5,-110,2026-06-11T08:08:28Z,Dallas Wings,Phoenix Mercury
2026-06-11T08:08:31.059817+00:00,ea094671159571ce86c43da02eb3157b,2026-06-12T01:10:00Z,fanduel,FanDuel,player_points,Over,Aziaha James,6.5,-120,2026-06-11T08:08:28Z,Dallas Wings,Phoenix Mercury
2026-06-11T08:08:31.059817+00:00,ea094671159571ce86c43da02eb3157b,2026-06-12T01:10:00Z,fanduel,FanDuel,player_points,Under,Aziaha James,6.5,-108,2026-06-11T08:08:28Z,Dallas Wings,Phoenix Mercury
2026-06-11T08:08:31.059817+00:00,ea094671159571ce86c43da02eb3157b,2026-06-12T01:10:00Z,fanduel,FanDuel,player_points,Over,Monique Akoa Makani,10.5,-113,2026-06-11T08:08:28Z,Dallas Wings,Phoenix Mercury
2026-06-11T08:08:31.059817+00:00,ea094671159571ce86c43da02eb3157b,2026-06-12T01:10:00Z,fanduel,FanDuel,player_points,Under,Monique Akoa Makani,10.5,-115,2026-06-11T08:08:28Z,Dallas Wings,Phoenix Mercury
2026-06-11T08:08:31.059817+00:00,ea094671159571ce86c43da02eb3157b,2026-06-12T01:10:00Z,fanduel,FanDuel,player_points,Over,Kahleah Copper,17.5,-115,2026-06-11T08:08:28Z,Dallas Wings,Phoenix Mercury
2026-06-11T08:08:31.059817+00:00,ea094671159571ce86c43da02eb3157b,2026-06-12T01:10:00Z,fanduel,FanDuel,player_points,Under,Kahleah Copper,17.5,-113,2026-06-11T08:08:28Z,Dallas Wings,Phoenix Mercury
2026-06-11T08:08:31.059817+00:00,ea094671159571ce86c43da02eb3157b,2026-06-12T01:10:00Z,fanduel,FanDuel,player_points,Over,DeWanna Bonner,8.5,-118,2026-06-11T08:08:28Z,Dallas Wings,Phoenix Mercury
2026-06-11T08:08:31.059817+00:00,ea094671159571ce86c43da02eb3157b,2026-06-12T01:10:00Z,fanduel,FanDuel,player_points,Under,DeWanna Bonner,8.5,-110,2026-06-11T08:08:28Z,Dallas Wings,Phoenix Mercury
2026-06-11T08:08:31.059817+00:00,ea094671159571ce86c43da02eb3157b,2026-06-12T01:10:00Z,fanduel,FanDuel,player_points,Over,Jessica Shepard,11.5,-110,2026-06-11T08:08:28Z,Dallas Wings,Phoenix Mercury
2026-06-11T08:08:31.059817+00:00,ea094671159571ce86c43da02eb3157b,2026-06-12T01:10:00Z,fanduel,FanDuel,player_points,Under,Jessica Shepard,11.5,-118,2026-06-11T08:08:28Z,Dallas Wings,Phoenix Mercury
2026-06-11T08:08:31.059817+00:00,ea094671159571ce86c43da02eb3157b,2026-06-12T01:10:00Z,fanduel,FanDuel,player_points,Over,Arike Ogunbowale,15.5,-115,2026-06-11T08:08:28Z,Dallas Wings,Phoenix Mercury
2026-06-11T08:08:31.059817+00:00,ea094671159571ce86c43da02eb3157b,2026-06-12T01:10:00Z,fanduel,FanDuel,player_points,Under,Arike Ogunbowale,15.5,-113,2026-06-11T08:08:28Z,Dallas Wings,Phoenix Mercury
2026-06-11T08:08:31.059817+00:00,ea094671159571ce86c43da02eb3157b,2026-06-12T01:10:00Z,fanduel,FanDuel,player_points,Over,Azzi Fudd,13.5,100,2026-06-11T08:08:28Z,Dallas Wings,Phoenix Mercury
2026-06-11T08:08:31.059817+00:00,ea094671159571ce86c43da02eb3157b,2026-06-12T01:10:00Z,fanduel,FanDuel,player_points,Under,Azzi Fudd,13.5,-130,2026-06-11T08:08:28Z,Dallas Wings,Phoenix Mercury
2026-06-11T08:08:31.059817+00:00,ea094671159571ce86c43da02eb3157b,2026-06-12T01:10:00Z,fanduel,FanDuel,player_points,Over,Alyssa Thomas,15.5,-110,2026-06-11T08:08:28Z,Dallas Wings,Phoenix Mercury
2026-06-11T08:08:31.059817+00:00,ea094671159571ce86c43da02eb3157b,2026-06-12T01:10:00Z,fanduel,FanDuel,player_points,Under,Alyssa Thomas,15.5,-118,2026-06-11T08:08:28Z,Dallas Wings,Phoenix Mercury
2026-06-11T08:08:31.059817+00:00,ea094671159571ce86c43da02eb3157b,2026-06-12T01:10:00Z,fanduel,FanDuel,player_points_assists,Over,Azzi Fudd,14.5,-130,2026-06-11T08:08:28Z,Dallas Wings,Phoenix Mercury
2026-06-11T08:08:31.059817+00:00,ea094671159571ce86c43da02eb3157b,2026-06-12T01:10:00Z,fanduel,FanDuel,player_points_assists,Under,Azzi Fudd,14.5,-102,2026-06-11T08:08:28Z,Dallas Wings,Phoenix Mercury
2026-06-11T08:08:31.059817+00:00,ea094671159571ce86c43da02eb3157b,2026-06-12T01:10:00Z,fanduel,FanDuel,player_points_assists,Over,Aziaha James,8.5,100,2026-06-11T08:08:28Z,Dallas Wings,Phoenix Mercury
2026-06-11T08:08:31.059817+00:00,ea094671159571ce86c43da02eb3157b,2026-06-12T01:10:00Z,fanduel,FanDuel,player_points_assists,Under,Aziaha James,8.5,-132,2026-06-11T08:08:28Z,Dallas Wings,Phoenix Mercury
2026-06-11T08:08:31.059817+00:00,ea094671159571ce86c43da02eb3157b,2026-06-12T01:10:00Z,fanduel,FanDuel,player_points_assists,Over,Monique Akoa Makani,13.5,-132,2026-06-11T08:08:28Z,Dallas Wings,Phoenix Mercury
2026-06-11T08:08:31.059817+00:00,ea094671159571ce86c43da02eb3157b,2026-06-12T01:10:00Z,fanduel,FanDuel,player_points_assists,Under,Monique Akoa Makani,13.5,100,2026-06-11T08:08:28Z,Dallas Wings,Phoenix Mercury
2026-06-11T08:08:31.059817+00:00,ea094671159571ce86c43da02eb3157b,2026-06-12T01:10:00Z,fanduel,FanDuel,player_points_assists,Over,Jessica Shepard,16.5,-106,2026-06-11T08:08:28Z,Dallas Wings,Phoenix Mercury
2026-06-11T08:08:31.059817+00:00,ea094671159571ce86c43da02eb3157b,2026-06-12T01:10:00Z,fanduel,FanDuel,player_points_assists,Under,Jessica Shepard,16.5,-125,2026-06-11T08:08:28Z,Dallas Wings,Phoenix Mercury
2026-06-11T08:08:31.059817+00:00,ea094671159571ce86c43da02eb3157b,2026-06-12T01:10:00Z,fanduel,FanDuel,player_points_assists,Over,Paige Bueckers,24.5,-118,2026-06-11T08:08:28Z,Dallas Wings,Phoenix Mercury
2026-06-11T08:08:31.059817+00:00,ea094671159571ce86c43da02eb3157b,2026-06-12T01:10:00Z,fanduel,FanDuel,player_points_assists,Under,Paige Bueckers,24.5,-112,2026-06-11T08:08:28Z,Dallas Wings,Phoenix Mercury
2026-06-11T08:08:31.059817+00:00,ea094671159571ce86c43da02eb3157b,2026-06-12T01:10:00Z,fanduel,FanDuel,player_points_assists,Over,Alyssa Thomas,23.5,-128,2026-06-11T08:08:28Z,Dallas Wings,Phoenix Mercury
2026-06-11T08:08:31.059817+00:00,ea094671159571ce86c43da02eb3157b,2026-06-12T01:10:00Z,fanduel,FanDuel,player_points_assists,Under,Alyssa Thomas,23.5,-104,2026-06-11T08:08:28Z,Dallas Wings,Phoenix Mercury
2026-06-11T08:08:31.059817+00:00,ea094671159571ce86c43da02eb3157b,2026-06-12T01:10:00Z,fanduel,FanDuel,player_points_rebounds,Over,Natasha Mack,18.5,-112,2026-06-11T08:08:28Z,Dallas Wings,Phoenix Mercury
2026-06-11T08:08:31.059817+00:00,ea094671159571ce86c43da02eb3157b,2026-06-12T01:10:00Z,fanduel,FanDuel,player_points_rebounds,Under,Natasha Mack,18.5,-118,2026-06-11T08:08:28Z,Dallas Wings,Phoenix Mercury
2026-06-11T08:08:31.059817+00:00,ea094671159571ce86c43da02eb3157b,2026-06-12T01:10:00Z,fanduel,FanDuel,player_points_rebounds,Over,Paige Bueckers,21.5,-130,2026-06-11T08:08:28Z,Dallas Wings,Phoenix Mercury
2026-06-11T08:08:31.059817+00:00,ea094671159571ce86c43da02eb3157b,2026-06-12T01:10:00Z,fanduel,FanDuel,player_points_rebounds,Under,Paige Bueckers,21.5,-102,2026-06-11T08:08:28Z,Dallas Wings,Phoenix Mercury
2026-06-11T08:08:31.059817+00:00,ea094671159571ce86c43da02eb3157b,2026-06-12T01:10:00Z,fanduel,FanDuel,player_points_rebounds,Over,DeWanna Bonner,12.5,-122,2026-06-11T08:08:28Z,Dallas Wings,Phoenix Mercury
2026-06-11T08:08:31.059817+00:00,ea094671159571ce86c43da02eb3157b,2026-06-12T01:10:00Z,fanduel,FanDuel,player_points_rebounds,Under,DeWanna Bonner,12.5,-110,2026-06-11T08:08:28Z,Dallas Wings,Phoenix Mercury
2026-06-11T08:08:31.059817+00:00,ea094671159571ce86c43da02eb3157b,2026-06-12T01:10:00Z,fanduel,FanDuel,player_points_rebounds,Over,Monique Akoa Makani,13.5,-110,2026-06-11T08:08:28Z,Dallas Wings,Phoenix Mercury
2026-06-11T08:08:31.059817+00:00,ea094671159571ce86c43da02eb3157b,2026-06-12T01:10:00Z,fanduel,FanDuel,player_points_rebounds,Under,Monique Akoa Makani,13.5,-120,2026-06-11T08:08:28Z,Dallas Wings,Phoenix Mercury
2026-06-11T08:08:31.059817+00:00,ea094671159571ce86c43da02eb3157b,2026-06-12T01:10:00Z,fanduel,FanDuel,player_points_rebounds,Over,Jessica Shepard,22.5,-108,2026-06-11T08:08:28Z,Dallas Wings,Phoenix Mercury
2026-06-11T08:08:31.059817+00:00,ea094671159571ce86c43da02eb3157b,2026-06-12T01:10:00Z,fanduel,FanDuel,player_points_rebounds,Under,Jessica Shepard,22.5,-122,2026-06-11T08:08:28Z,Dallas Wings,Phoenix Mercury
2026-06-11T08:08:31.059817+00:00,ea094671159571ce86c43da02eb3157b,2026-06-12T01:10:00Z,fanduel,FanDuel,player_points_rebounds,Over,Alyssa Thomas,23.5,-112,2026-06-11T08:08:28Z,Dallas Wings,Phoenix Mercury
2026-06-11T08:08:31.059817+00:00,ea094671159571ce86c43da02eb3157b,2026-06-12T01:10:00Z,fanduel,FanDuel,player_points_rebounds,Under,Alyssa Thomas,23.5,-118,2026-06-11T08:08:28Z,Dallas Wings,Phoenix Mercury
2026-06-11T08:08:31.059817+00:00,ea094671159571ce86c43da02eb3157b,2026-06-12T01:10:00Z,fanduel,FanDuel,player_points_rebounds_assists,Over,Aziaha James,11.5,-102,2026-06-11T08:08:28Z,Dallas Wings,Phoenix Mercury
2026-06-11T08:08:31.059817+00:00,ea094671159571ce86c43da02eb3157b,2026-06-12T01:10:00Z,fanduel,FanDuel,player_points_rebounds_assists,Under,Aziaha James,11.5,-130,2026-06-11T08:08:28Z,Dallas Wings,Phoenix Mercury
2026-06-11T08:08:31.059817+00:00,ea094671159571ce86c43da02eb3157b,2026-06-12T01:10:00Z,fanduel,FanDuel,player_points_rebounds_assists,Over,Paige Bueckers,28.5,-102,2026-06-11T08:08:28Z,Dallas Wings,Phoenix Mercury
2026-06-11T08:08:31.059817+00:00,ea094671159571ce86c43da02eb3157b,2026-06-12T01:10:00Z,fanduel,FanDuel,player_points_rebounds_assists,Under,Paige Bueckers,28.5,-130,2026-06-11T08:08:28Z,Dallas Wings,Phoenix Mercury
2026-06-11T08:08:31.059817+00:00,ea094671159571ce86c43da02eb3157b,2026-06-12T01:10:00Z,fanduel,FanDuel,player_points_rebounds_assists,Over,Monique Akoa Makani,16.5,-132,2026-06-11T08:08:28Z,Dallas Wings,Phoenix Mercury
2026-06-11T08:08:31.059817+00:00,ea094671159571ce86c43da02eb3157b,2026-06-12T01:10:00Z,fanduel,FanDuel,player_points_rebounds_assists,Under,Monique Akoa Makani,16.5,100,2026-06-11T08:08:28Z,Dallas Wings,Phoenix Mercury
2026-06-11T08:08:31.059817+00:00,ea094671159571ce86c43da02eb3157b,2026-06-12T01:10:00Z,fanduel,FanDuel,player_points_rebounds_assists,Over,Kahleah Copper,22.5,-106,2026-06-11T08:08:28Z,Dallas Wings,Phoenix Mercury
2026-06-11T08:08:31.059817+00:00,ea094671159571ce86c43da02eb3157b,2026-06-12T01:10:00Z,fanduel,FanDuel,player_points_rebounds_assists,Under,Kahleah Copper,22.5,-125,2026-06-11T08:08:28Z,Dallas Wings,Phoenix Mercury
2026-06-11T08:08:31.059817+00:00,ea094671159571ce86c43da02eb3157b,2026-06-12T01:10:00Z,fanduel,FanDuel,player_points_rebounds_assists,Over,Jessica Shepard,27.5,-102,2026-06-11T08:08:28Z,Dallas Wings,Phoenix Mercury
2026-06-11T08:08:31.059817+00:00,ea094671159571ce86c43da02eb3157b,2026-06-12T01:10:00Z,fanduel,FanDuel,player_points_rebounds_assists,Under,Jessica Shepard,27.5,-130,2026-06-11T08:08:28Z,Dallas Wings,Phoenix Mercury
2026-06-11T08:08:31.059817+00:00,ea094671159571ce86c43da02eb3157b,2026-06-12T01:10:00Z,fanduel,FanDuel,player_points_rebounds_assists,Over,Arike Ogunbowale,21.5,-118,2026-06-11T08:08:28Z,Dallas Wings,Phoenix Mercury
2026-06-11T08:08:31.059817+00:00,ea094671159571ce86c43da02eb3157b,2026-06-12T01:10:00Z,fanduel,FanDuel,player_points_rebounds_assists,Under,Arike Ogunbowale,21.5,-112,2026-06-11T08:08:28Z,Dallas Wings,Phoenix Mercury
2026-06-11T08:08:31.059817+00:00,ea094671159571ce86c43da02eb3157b,2026-06-12T01:10:00Z,fanduel,FanDuel,player_points_rebounds_assists,Over,Alyssa Thomas,31.5,-122,2026-06-11T08:08:28Z,Dallas Wings,Phoenix Mercury
2026-06-11T08:08:31.059817+00:00,ea094671159571ce86c43da02eb3157b,2026-06-12T01:10:00Z,fanduel,FanDuel,player_points_rebounds_assists,Under,Alyssa Thomas,31.5,-108,2026-06-11T08:08:28Z,Dallas Wings,Phoenix Mercury
2026-06-11T08:08:31.059817+00:00,ea094671159571ce86c43da02eb3157b,2026-06-12T01:10:00Z,fanduel,FanDuel,player_rebounds,Over,Natasha Mack,9.5,110,2026-06-11T08:08:28Z,Dallas Wings,Phoenix Mercury
2026-06-11T08:08:31.059817+00:00,ea094671159571ce86c43da02eb3157b,2026-06-12T01:10:00Z,fanduel,FanDuel,player_rebounds,Under,Natasha Mack,9.5,-146,2026-06-11T08:08:28Z,Dallas Wings,Phoenix Mercury
2026-06-11T08:08:31.059817+00:00,ea094671159571ce86c43da02eb3157b,2026-06-12T01:10:00Z,fanduel,FanDuel,player_rebounds,Over,Paige Bueckers,3.5,106,2026-06-11T08:08:28Z,Dallas Wings,Phoenix Mercury
2026-06-11T08:08:31.059817+00:00,ea094671159571ce86c43da02eb3157b,2026-06-12T01:10:00Z,fanduel,FanDuel,player_rebounds,Under,Paige Bueckers,3.5,-140,2026-06-11T08:08:28Z,Dallas Wings,Phoenix Mercury
2026-06-11T08:08:31.059817+00:00,ea094671159571ce86c43da02eb3157b,2026-06-12T01:10:00Z,fanduel,FanDuel,player_rebounds,Over,Maddy Siegrist,4.5,-110,2026-06-11T08:08:28Z,Dallas Wings,Phoenix Mercury
2026-06-11T08:08:31.059817+00:00,ea094671159571ce86c43da02eb3157b,2026-06-12T01:10:00Z,fanduel,FanDuel,player_rebounds,Under,Maddy Siegrist,4.5,-120,2026-06-11T08:08:28Z,Dallas Wings,Phoenix Mercury
2026-06-11T08:08:31.059817+00:00,ea094671159571ce86c43da02eb3157b,2026-06-12T01:10:00Z,fanduel,FanDuel,player_rebounds,Over,Monique Akoa Makani,2.5,-160,2026-06-11T08:08:28Z,Dallas Wings,Phoenix Mercury
2026-06-11T08:08:31.059817+00:00,ea094671159571ce86c43da02eb3157b,2026-06-12T01:10:00Z,fanduel,FanDuel,player_rebounds,Under,Monique Akoa Makani,2.5,120,2026-06-11T08:08:28Z,Dallas Wings,Phoenix Mercury
2026-06-11T08:08:31.059817+00:00,ea094671159571ce86c43da02eb3157b,2026-06-12T01:10:00Z,fanduel,FanDuel,player_rebounds,Over,DeWanna Bonner,3.5,-158,2026-06-11T08:08:28Z,Dallas Wings,Phoenix Mercury
2026-06-11T08:08:31.059817+00:00,ea094671159571ce86c43da02eb3157b,2026-06-12T01:10:00Z,fanduel,FanDuel,player_rebounds,Under,DeWanna Bonner,3.5,118,2026-06-11T08:08:28Z,Dallas Wings,Phoenix Mercury
2026-06-11T08:08:31.059817+00:00,ea094671159571ce86c43da02eb3157b,2026-06-12T01:10:00Z,fanduel,FanDuel,player_rebounds,Over,Jessica Shepard,10.5,-136,2026-06-11T08:08:28Z,Dallas Wings,Phoenix Mercury
2026-06-11T08:08:31.059817+00:00,ea094671159571ce86c43da02eb3157b,2026-06-12T01:10:00Z,fanduel,FanDuel,player_rebounds,Under,Jessica Shepard,10.5,102,2026-06-11T08:08:28Z,Dallas Wings,Phoenix Mercury
2026-06-11T08:08:31.059817+00:00,ea094671159571ce86c43da02eb3157b,2026-06-12T01:10:00Z,fanduel,FanDuel,player_rebounds,Over,Alyssa Thomas,7.5,-125,2026-06-11T08:08:28Z,Dallas Wings,Phoenix Mercury
2026-06-11T08:08:31.059817+00:00,ea094671159571ce86c43da02eb3157b,2026-06-12T01:10:00Z,fanduel,FanDuel,player_rebounds,Under,Alyssa Thomas,7.5,-106,2026-06-11T08:08:28Z,Dallas Wings,Phoenix Mercury
2026-06-11T08:08:31.059817+00:00,ea094671159571ce86c43da02eb3157b,2026-06-12T01:10:00Z,fanduel,FanDuel,player_rebounds_assists,Over,Paige Bueckers,9.5,100,2026-06-11T08:08:28Z,Dallas Wings,Phoenix Mercury
2026-06-11T08:08:31.059817+00:00,ea094671159571ce86c43da02eb3157b,2026-06-12T01:10:00Z,fanduel,FanDuel,player_rebounds_assists,Under,Paige Bueckers,9.5,-132,2026-06-11T08:08:28Z,Dallas Wings,Phoenix Mercury
2026-06-11T08:08:31.059817+00:00,ea094671159571ce86c43da02eb3157b,2026-06-12T01:10:00Z,fanduel,FanDuel,player_rebounds_assists,Over,Monique Akoa Makani,6.5,-106,2026-06-11T08:08:28Z,Dallas Wings,Phoenix Mercury
2026-06-11T08:08:31.059817+00:00,ea094671159571ce86c43da02eb3157b,2026-06-12T01:10:00Z,fanduel,FanDuel,player_rebounds_assists,Under,Monique Akoa Makani,6.5,-125,2026-06-11T08:08:28Z,Dallas Wings,Phoenix Mercury
2026-06-11T08:08:31.059817+00:00,ea094671159571ce86c43da02eb3157b,2026-06-12T01:10:00Z,fanduel,FanDuel,player_rebounds_assists,Over,Jessica Shepard,15.5,-114,2026-06-11T08:08:28Z,Dallas Wings,Phoenix Mercury
2026-06-11T08:08:31.059817+00:00,ea094671159571ce86c43da02eb3157b,2026-06-12T01:10:00Z,fanduel,FanDuel,player_rebounds_assists,Under,Jessica Shepard,15.5,-114,2026-06-11T08:08:28Z,Dallas Wings,Phoenix Mercury
2026-06-11T08:08:31.059817+00:00,ea094671159571ce86c43da02eb3157b,2026-06-12T01:10:00Z,fanduel,FanDuel,player_rebounds_assists,Over,Alyssa Thomas,16.5,102,2026-06-11T08:08:28Z,Dallas Wings,Phoenix Mercury
2026-06-11T08:08:31.059817+00:00,ea094671159571ce86c43da02eb3157b,2026-06-12T01:10:00Z,fanduel,FanDuel,player_rebounds_assists,Under,Alyssa Thomas,16.5,-136,2026-06-11T08:08:28Z,Dallas Wings,Phoenix Mercury
2026-06-11T08:08:31.059817+00:00,ea094671159571ce86c43da02eb3157b,2026-06-12T01:10:00Z,fanduel,FanDuel,player_threes,Over,Paige Bueckers,1.5,-114,2026-06-11T08:08:28Z,Dallas Wings,Phoenix Mercury
2026-06-11T08:08:31.059817+00:00,ea094671159571ce86c43da02eb3157b,2026-06-12T01:10:00Z,fanduel,FanDuel,player_threes,Under,Paige Bueckers,1.5,-114,2026-06-11T08:08:28Z,Dallas Wings,Phoenix Mercury
2026-06-11T08:08:31.059817+00:00,ea094671159571ce86c43da02eb3157b,2026-06-12T01:10:00Z,fanduel,FanDuel,player_threes,Over,Monique Akoa Makani,1.5,162,2026-06-11T08:08:28Z,Dallas Wings,Phoenix Mercury
2026-06-11T08:08:31.059817+00:00,ea094671159571ce86c43da02eb3157b,2026-06-12T01:10:00Z,fanduel,FanDuel,player_threes,Under,Monique Akoa Makani,1.5,-220,2026-06-11T08:08:28Z,Dallas Wings,Phoenix Mercury
2026-06-11T08:08:31.059817+00:00,ea094671159571ce86c43da02eb3157b,2026-06-12T01:10:00Z,fanduel,FanDuel,player_threes,Over,Kahleah Copper,1.5,-122,2026-06-11T08:08:28Z,Dallas Wings,Phoenix Mercury
2026-06-11T08:08:31.059817+00:00,ea094671159571ce86c43da02eb3157b,2026-06-12T01:10:00Z,fanduel,FanDuel,player_threes,Under,Kahleah Copper,1.5,-108,2026-06-11T08:08:28Z,Dallas Wings,Phoenix Mercury
2026-06-11T08:08:31.059817+00:00,ea094671159571ce86c43da02eb3157b,2026-06-12T01:10:00Z,fanduel,FanDuel,player_threes,Over,Arike Ogunbowale,1.5,-192,2026-06-11T08:08:28Z,Dallas Wings,Phoenix Mercury
2026-06-11T08:08:31.059817+00:00,ea094671159571ce86c43da02eb3157b,2026-06-12T01:10:00Z,fanduel,FanDuel,player_threes,Under,Arike Ogunbowale,1.5,140,2026-06-11T08:08:28Z,Dallas Wings,Phoenix Mercury
2026-06-11T08:08:31.059817+00:00,ea094671159571ce86c43da02eb3157b,2026-06-12T01:10:00Z,fanduel,FanDuel,player_threes,Over,Azzi Fudd,1.5,-166,2026-06-11T08:08:28Z,Dallas Wings,Phoenix Mercury
2026-06-11T08:08:31.059817+00:00,ea094671159571ce86c43da02eb3157b,2026-06-12T01:10:00Z,fanduel,FanDuel,player_threes,Under,Azzi Fudd,1.5,124,2026-06-11T08:08:28Z,Dallas Wings,Phoenix Mercury
2026-06-11T08:08:31.059817+00:00,ea094671159571ce86c43da02eb3157b,2026-06-12T01:10:00Z,fanduel,FanDuel,player_triple_double,Yes,Alyssa Thomas,,600,2026-06-11T08:08:28Z,Dallas Wings,Phoenix Mercury
2026-06-11T08:08:31.059817+00:00,ea094671159571ce86c43da02eb3157b,2026-06-12T01:10:00Z,fanduel,FanDuel,player_triple_double,Yes,Jessica Shepard,,4000,2026-06-11T08:08:28Z,Dallas Wings,Phoenix Mercury
2026-06-11T08:08:31.059817+00:00,ea094671159571ce86c43da02eb3157b,2026-06-12T01:10:00Z,fanatics,Fanatics,player_double_double,Yes,Paige Bueckers,,750,2026-06-11T08:07:59Z,Dallas Wings,Phoenix Mercury
2026-06-11T08:08:31.059817+00:00,ea094671159571ce86c43da02eb3157b,2026-06-12T01:10:00Z,fanatics,Fanatics,player_double_double,Yes,Jessica Shepard,,115,2026-06-11T08:07:59Z,Dallas Wings,Phoenix Mercury
2026-06-11T08:08:31.059817+00:00,ea094671159571ce86c43da02eb3157b,2026-06-12T01:10:00Z,fanatics,Fanatics,player_double_double,Yes,Alyssa Thomas,,105,2026-06-11T08:07:59Z,Dallas Wings,Phoenix Mercury
2026-06-11T08:08:31.059817+00:00,ea094671159571ce86c43da02eb3157b,2026-06-12T01:10:00Z,fanatics,Fanatics,player_triple_double,Yes,Jessica Shepard,,2500,2026-06-11T08:07:59Z,Dallas Wings,Phoenix Mercury
2026-06-11T08:08:31.059817+00:00,ea094671159571ce86c43da02eb3157b,2026-06-12T01:10:00Z,fanatics,Fanatics,player_triple_double,Yes,Alyssa Thomas,,650,2026-06-11T08:07:59Z,Dallas Wings,Phoenix Mercury
2026-06-11T08:08:31.059817+00:00,ea094671159571ce86c43da02eb3157b,2026-06-12T01:10:00Z,williamhill_us,Caesars,player_assists,Over,Alyssa Thomas,8.5,108,2026-06-11T08:07:35Z,Dallas Wings,Phoenix Mercury
2026-06-11T08:08:31.059817+00:00,ea094671159571ce86c43da02eb3157b,2026-06-12T01:10:00Z,williamhill_us,Caesars,player_assists,Under,Alyssa Thomas,8.5,-145,2026-06-11T08:07:35Z,Dallas Wings,Phoenix Mercury
2026-06-11T08:08:31.059817+00:00,ea094671159571ce86c43da02eb3157b,2026-06-12T01:10:00Z,williamhill_us,Caesars,player_assists,Over,Paige Bueckers,5.5,-148,2026-06-11T08:07:35Z,Dallas Wings,Phoenix Mercury
2026-06-11T08:08:31.059817+00:00,ea094671159571ce86c43da02eb3157b,2026-06-12T01:10:00Z,williamhill_us,Caesars,player_assists,Under,Paige Bueckers,5.5,111,2026-06-11T08:07:35Z,Dallas Wings,Phoenix Mercury
2026-06-11T08:08:31.059817+00:00,ea094671159571ce86c43da02eb3157b,2026-06-12T01:10:00Z,williamhill_us,Caesars,player_assists,Over,Jessica Shepard,4.5,-127,2026-06-11T08:07:35Z,Dallas Wings,Phoenix Mercury
2026-06-11T08:08:31.059817+00:00,ea094671159571ce86c43da02eb3157b,2026-06-12T01:10:00Z,williamhill_us,Caesars,player_assists,Under,Jessica Shepard,4.5,-106,2026-06-11T08:07:35Z,Dallas Wings,Phoenix Mercury
2026-06-11T08:08:31.059817+00:00,ea094671159571ce86c43da02eb3157b,2026-06-12T01:10:00Z,williamhill_us,Caesars,player_assists,Over,Monique Akoa Makani,3.5,111,2026-06-11T08:07:35Z,Dallas Wings,Phoenix Mercury
2026-06-11T08:08:31.059817+00:00,ea094671159571ce86c43da02eb3157b,2026-06-12T01:10:00Z,williamhill_us,Caesars,player_assists,Under,Monique Akoa Makani,3.5,-148,2026-06-11T08:07:35Z,Dallas Wings,Phoenix Mercury
2026-06-11T08:08:31.059817+00:00,ea094671159571ce86c43da02eb3157b,2026-06-12T01:10:00Z,williamhill_us,Caesars,player_double_double,Yes,Alyssa Thomas,,-104,2026-06-11T08:07:35Z,Dallas Wings,Phoenix Mercury
2026-06-11T08:08:31.059817+00:00,ea094671159571ce86c43da02eb3157b,2026-06-12T01:10:00Z,williamhill_us,Caesars,player_double_double,Yes,Jessica Shepard,,102,2026-06-11T08:07:35Z,Dallas Wings,Phoenix Mercury
2026-06-11T08:08:31.059817+00:00,ea094671159571ce86c43da02eb3157b,2026-06-12T01:10:00Z,williamhill_us,Caesars,player_double_double,Yes,Natasha Mack,,245,2026-06-11T08:07:35Z,Dallas Wings,Phoenix Mercury
2026-06-11T08:08:31.059817+00:00,ea094671159571ce86c43da02eb3157b,2026-06-12T01:10:00Z,williamhill_us,Caesars,player_double_double,Yes,Paige Bueckers,,750,2026-06-11T08:07:35Z,Dallas Wings,Phoenix Mercury
2026-06-11T08:08:31.059817+00:00,ea094671159571ce86c43da02eb3157b,2026-06-12T01:10:00Z,williamhill_us,Caesars,player_points,Over,Arike Ogunbowale,15.5,-117,2026-06-11T08:07:35Z,Dallas Wings,Phoenix Mercury
2026-06-11T08:08:31.059817+00:00,ea094671159571ce86c43da02eb3157b,2026-06-12T01:10:00Z,williamhill_us,Caesars,player_points,Under,Arike Ogunbowale,15.5,-114,2026-06-11T08:07:35Z,Dallas Wings,Phoenix Mercury
2026-06-11T08:08:31.059817+00:00,ea094671159571ce86c43da02eb3157b,2026-06-12T01:10:00Z,williamhill_us,Caesars,player_points,Over,Monique Akoa Makani,10.5,-121,2026-06-11T08:07:35Z,Dallas Wings,Phoenix Mercury
2026-06-11T08:08:31.059817+00:00,ea094671159571ce86c43da02eb3157b,2026-06-12T01:10:00Z,williamhill_us,Caesars,player_points,Under,Monique Akoa Makani,10.5,-110,2026-06-11T08:07:35Z,Dallas Wings,Phoenix Mercury
2026-06-11T08:08:31.059817+00:00,ea094671159571ce86c43da02eb3157b,2026-06-12T01:10:00Z,williamhill_us,Caesars,player_points,Over,Paige Bueckers,18.5,-115,2026-06-11T08:07:35Z,Dallas Wings,Phoenix Mercury
2026-06-11T08:08:31.059817+00:00,ea094671159571ce86c43da02eb3157b,2026-06-12T01:10:00Z,williamhill_us,Caesars,player_points,Under,Paige Bueckers,18.5,-115,2026-06-11T08:07:35Z,Dallas Wings,Phoenix Mercury
2026-06-11T08:08:31.059817+00:00,ea094671159571ce86c43da02eb3157b,2026-06-12T01:10:00Z,williamhill_us,Caesars,player_points,Over,Maddy Siegrist,8.5,-110,2026-06-11T08:07:35Z,Dallas Wings,Phoenix Mercury
2026-06-11T08:08:31.059817+00:00,ea094671159571ce86c43da02eb3157b,2026-06-12T01:10:00Z,williamhill_us,Caesars,player_points,Under,Maddy Siegrist,8.5,-121,2026-06-11T08:07:35Z,Dallas Wings,Phoenix Mercury
2026-06-11T08:08:31.059817+00:00,ea094671159571ce86c43da02eb3157b,2026-06-12T01:10:00Z,williamhill_us,Caesars,player_points,Over,Alyssa Thomas,15.5,-117,2026-06-11T08:07:35Z,Dallas Wings,Phoenix Mercury
2026-06-11T08:08:31.059817+00:00,ea094671159571ce86c43da02eb3157b,2026-06-12T01:10:00Z,williamhill_us,Caesars,player_points,Under,Alyssa Thomas,15.5,-114,2026-06-11T08:07:35Z,Dallas Wings,Phoenix Mercury
2026-06-11T08:08:31.059817+00:00,ea094671159571ce86c43da02eb3157b,2026-06-12T01:10:00Z,williamhill_us,Caesars,player_points,Over,Natasha Mack,9.5,-107,2026-06-11T08:07:35Z,Dallas Wings,Phoenix Mercury
2026-06-11T08:08:31.059817+00:00,ea094671159571ce86c43da02eb3157b,2026-06-12T01:10:00Z,williamhill_us,Caesars,player_points,Under,Natasha Mack,9.5,-125,2026-06-11T08:07:35Z,Dallas Wings,Phoenix Mercury
2026-06-11T08:08:31.059817+00:00,ea094671159571ce86c43da02eb3157b,2026-06-12T01:10:00Z,williamhill_us,Caesars,player_points,Over,Aziaha James,6.5,-121,2026-06-11T08:07:35Z,Dallas Wings,Phoenix Mercury
2026-06-11T08:08:31.059817+00:00,ea094671159571ce86c43da02eb3157b,2026-06-12T01:10:00Z,williamhill_us,Caesars,player_points,Under,Aziaha James,6.5,-110,2026-06-11T08:07:35Z,Dallas Wings,Phoenix Mercury
2026-06-11T08:08:31.059817+00:00,ea094671159571ce86c43da02eb3157b,2026-06-12T01:10:00Z,williamhill_us,Caesars,player_points,Over,Jessica Shepard,11.5,-115,2026-06-11T08:07:35Z,Dallas Wings,Phoenix Mercury
2026-06-11T08:08:31.059817+00:00,ea094671159571ce86c43da02eb3157b,2026-06-12T01:10:00Z,williamhill_us,Caesars,player_points,Under,Jessica Shepard,11.5,-115,2026-06-11T08:07:35Z,Dallas Wings,Phoenix Mercury
2026-06-11T08:08:31.059817+00:00,ea094671159571ce86c43da02eb3157b,2026-06-12T01:10:00Z,williamhill_us,Caesars,player_points,Over,Kahleah Copper,17.5,-115,2026-06-11T08:07:35Z,Dallas Wings,Phoenix Mercury
2026-06-11T08:08:31.059817+00:00,ea094671159571ce86c43da02eb3157b,2026-06-12T01:10:00Z,williamhill_us,Caesars,player_points,Under,Kahleah Copper,17.5,-115,2026-06-11T08:07:35Z,Dallas Wings,Phoenix Mercury
2026-06-11T08:08:31.059817+00:00,ea094671159571ce86c43da02eb3157b,2026-06-12T01:10:00Z,williamhill_us,Caesars,player_points,Over,Azzi Fudd,13.5,-103,2026-06-11T08:07:35Z,Dallas Wings,Phoenix Mercury
2026-06-11T08:08:31.059817+00:00,ea094671159571ce86c43da02eb3157b,2026-06-12T01:10:00Z,williamhill_us,Caesars,player_points,Under,Azzi Fudd,13.5,-130,2026-06-11T08:07:35Z,Dallas Wings,Phoenix Mercury
2026-06-11T08:08:31.059817+00:00,ea094671159571ce86c43da02eb3157b,2026-06-12T01:10:00Z,williamhill_us,Caesars,player_points,Over,DeWanna Bonner,8.5,-124,2026-06-11T08:07:35Z,Dallas Wings,Phoenix Mercury
2026-06-11T08:08:31.059817+00:00,ea094671159571ce86c43da02eb3157b,2026-06-12T01:10:00Z,williamhill_us,Caesars,player_points,Under,DeWanna Bonner,8.5,-108,2026-06-11T08:07:35Z,Dallas Wings,Phoenix Mercury
2026-06-11T08:08:31.059817+00:00,ea094671159571ce86c43da02eb3157b,2026-06-12T01:10:00Z,williamhill_us,Caesars,player_rebounds,Over,Maddy Siegrist,4.5,-109,2026-06-11T08:07:35Z,Dallas Wings,Phoenix Mercury
2026-06-11T08:08:31.059817+00:00,ea094671159571ce86c43da02eb3157b,2026-06-12T01:10:00Z,williamhill_us,Caesars,player_rebounds,Under,Maddy Siegrist,4.5,-122,2026-06-11T08:07:35Z,Dallas Wings,Phoenix Mercury
2026-06-11T08:08:31.059817+00:00,ea094671159571ce86c43da02eb3157b,2026-06-12T01:10:00Z,williamhill_us,Caesars,player_rebounds,Over,Natasha Mack,9.5,109,2026-06-11T08:07:35Z,Dallas Wings,Phoenix Mercury
2026-06-11T08:08:31.059817+00:00,ea094671159571ce86c43da02eb3157b,2026-06-12T01:10:00Z,williamhill_us,Caesars,player_rebounds,Under,Natasha Mack,9.5,-145,2026-06-11T08:07:35Z,Dallas Wings,Phoenix Mercury
2026-06-11T08:08:31.059817+00:00,ea094671159571ce86c43da02eb3157b,2026-06-12T01:10:00Z,williamhill_us,Caesars,player_rebounds,Over,Alyssa Thomas,7.5,-121,2026-06-11T08:07:35Z,Dallas Wings,Phoenix Mercury
2026-06-11T08:08:31.059817+00:00,ea094671159571ce86c43da02eb3157b,2026-06-12T01:10:00Z,williamhill_us,Caesars,player_rebounds,Under,Alyssa Thomas,7.5,-110,2026-06-11T08:07:35Z,Dallas Wings,Phoenix Mercury
2026-06-11T08:08:31.059817+00:00,ea094671159571ce86c43da02eb3157b,2026-06-12T01:10:00Z,williamhill_us,Caesars,player_rebounds,Over,Paige Bueckers,3.5,100,2026-06-11T08:07:35Z,Dallas Wings,Phoenix Mercury
2026-06-11T08:08:31.059817+00:00,ea094671159571ce86c43da02eb3157b,2026-06-12T01:10:00Z,williamhill_us,Caesars,player_rebounds,Under,Paige Bueckers,3.5,-134,2026-06-11T08:07:35Z,Dallas Wings,Phoenix Mercury
2026-06-11T08:08:31.059817+00:00,ea094671159571ce86c43da02eb3157b,2026-06-12T01:10:00Z,williamhill_us,Caesars,player_rebounds,Over,Jessica Shepard,10.5,-137,2026-06-11T08:07:35Z,Dallas Wings,Phoenix Mercury
2026-06-11T08:08:31.059817+00:00,ea094671159571ce86c43da02eb3157b,2026-06-12T01:10:00Z,williamhill_us,Caesars,player_rebounds,Under,Jessica Shepard,10.5,103,2026-06-11T08:07:35Z,Dallas Wings,Phoenix Mercury
2026-06-11T08:08:31.059817+00:00,ea094671159571ce86c43da02eb3157b,2026-06-12T01:10:00Z,williamhill_us,Caesars,player_rebounds,Over,DeWanna Bonner,3.5,-148,2026-06-11T08:07:35Z,Dallas Wings,Phoenix Mercury
2026-06-11T08:08:31.059817+00:00,ea094671159571ce86c43da02eb3157b,2026-06-12T01:10:00Z,williamhill_us,Caesars,player_rebounds,Under,DeWanna Bonner,3.5,110,2026-06-11T08:07:35Z,Dallas Wings,Phoenix Mercury
2026-06-11T08:08:31.059817+00:00,ea094671159571ce86c43da02eb3157b,2026-06-12T01:10:00Z,williamhill_us,Caesars,player_threes,Over,Arike Ogunbowale,1.5,-176,2026-06-11T08:07:35Z,Dallas Wings,Phoenix Mercury
2026-06-11T08:08:31.059817+00:00,ea094671159571ce86c43da02eb3157b,2026-06-12T01:10:00Z,williamhill_us,Caesars,player_threes,Under,Arike Ogunbowale,1.5,132,2026-06-11T08:07:35Z,Dallas Wings,Phoenix Mercury
2026-06-11T08:08:31.059817+00:00,ea094671159571ce86c43da02eb3157b,2026-06-12T01:10:00Z,williamhill_us,Caesars,player_threes,Over,Paige Bueckers,1.5,-114,2026-06-11T08:07:35Z,Dallas Wings,Phoenix Mercury
2026-06-11T08:08:31.059817+00:00,ea094671159571ce86c43da02eb3157b,2026-06-12T01:10:00Z,williamhill_us,Caesars,player_threes,Under,Paige Bueckers,1.5,-117,2026-06-11T08:07:35Z,Dallas Wings,Phoenix Mercury
2026-06-11T08:08:31.059817+00:00,ea094671159571ce86c43da02eb3157b,2026-06-12T01:10:00Z,williamhill_us,Caesars,player_threes,Over,Monique Akoa Makani,1.5,159,2026-06-11T08:07:35Z,Dallas Wings,Phoenix Mercury
2026-06-11T08:08:31.059817+00:00,ea094671159571ce86c43da02eb3157b,2026-06-12T01:10:00Z,williamhill_us,Caesars,player_threes,Under,Monique Akoa Makani,1.5,-218,2026-06-11T08:07:35Z,Dallas Wings,Phoenix Mercury
2026-06-11T08:08:31.059817+00:00,ea094671159571ce86c43da02eb3157b,2026-06-12T01:10:00Z,williamhill_us,Caesars,player_threes,Over,Azzi Fudd,1.5,-157,2026-06-11T08:07:35Z,Dallas Wings,Phoenix Mercury
2026-06-11T08:08:31.059817+00:00,ea094671159571ce86c43da02eb3157b,2026-06-12T01:10:00Z,williamhill_us,Caesars,player_threes,Under,Azzi Fudd,1.5,117,2026-06-11T08:07:35Z,Dallas Wings,Phoenix Mercury
2026-06-11T08:08:31.059817+00:00,ea094671159571ce86c43da02eb3157b,2026-06-12T01:10:00Z,williamhill_us,Caesars,player_threes,Over,Kahleah Copper,1.5,-122,2026-06-11T08:07:35Z,Dallas Wings,Phoenix Mercury
2026-06-11T08:08:31.059817+00:00,ea094671159571ce86c43da02eb3157b,2026-06-12T01:10:00Z,williamhill_us,Caesars,player_threes,Under,Kahleah Copper,1.5,-109,2026-06-11T08:07:35Z,Dallas Wings,Phoenix Mercury
2026-06-11T08:08:31.059817+00:00,ea094671159571ce86c43da02eb3157b,2026-06-12T01:10:00Z,williamhill_us,Caesars,player_triple_double,Yes,Alyssa Thomas,,600,2026-06-11T08:07:35Z,Dallas Wings,Phoenix Mercury
2026-06-11T08:08:31.059817+00:00,b4000f482eecfb6c07655906beedad16,2026-06-12T02:10:00Z,draftkings,DraftKings,player_assists,Over,Chelsea Gray,6.5,-155,2026-06-11T08:07:58Z,Portland Fire,Las Vegas Aces
2026-06-11T08:08:31.059817+00:00,b4000f482eecfb6c07655906beedad16,2026-06-12T02:10:00Z,draftkings,DraftKings,player_assists,Under,Chelsea Gray,6.5,114,2026-06-11T08:07:58Z,Portland Fire,Las Vegas Aces
2026-06-11T08:08:31.059817+00:00,b4000f482eecfb6c07655906beedad16,2026-06-12T02:10:00Z,draftkings,DraftKings,player_assists,Over,Jackie Young,6.5,-113,2026-06-11T08:07:58Z,Portland Fire,Las Vegas Aces
2026-06-11T08:08:31.059817+00:00,b4000f482eecfb6c07655906beedad16,2026-06-12T02:10:00Z,draftkings,DraftKings,player_assists,Under,Jackie Young,6.5,-120,2026-06-11T08:07:58Z,Portland Fire,Las Vegas Aces
2026-06-11T08:08:31.059817+00:00,b4000f482eecfb6c07655906beedad16,2026-06-12T02:10:00Z,draftkings,DraftKings,player_assists,Over,Carla Leite,5.5,115,2026-06-11T08:07:58Z,Portland Fire,Las Vegas Aces
2026-06-11T08:08:31.059817+00:00,b4000f482eecfb6c07655906beedad16,2026-06-12T02:10:00Z,draftkings,DraftKings,player_assists,Under,Carla Leite,5.5,-157,2026-06-11T08:07:58Z,Portland Fire,Las Vegas Aces
2026-06-11T08:08:31.059817+00:00,b4000f482eecfb6c07655906beedad16,2026-06-12T02:10:00Z,draftkings,DraftKings,player_assists,Over,A'ja Wilson,3.5,113,2026-06-11T08:07:58Z,Portland Fire,Las Vegas Aces
2026-06-11T08:08:31.059817+00:00,b4000f482eecfb6c07655906beedad16,2026-06-12T02:10:00Z,draftkings,DraftKings,player_assists,Under,A'ja Wilson,3.5,-155,2026-06-11T08:07:58Z,Portland Fire,Las Vegas Aces
2026-06-11T08:08:31.059817+00:00,b4000f482eecfb6c07655906beedad16,2026-06-12T02:10:00Z,draftkings,DraftKings,player_assists,Over,Sarah Ashlee Barker,2.5,-119,2026-06-11T08:07:58Z,Portland Fire,Las Vegas Aces
2026-06-11T08:08:31.059817+00:00,b4000f482eecfb6c07655906beedad16,2026-06-12T02:10:00Z,draftkings,DraftKings,player_assists,Under,Sarah Ashlee Barker,2.5,-114,2026-06-11T08:07:58Z,Portland Fire,Las Vegas Aces
2026-06-11T08:08:31.059817+00:00,b4000f482eecfb6c07655906beedad16,2026-06-12T02:10:00Z,draftkings,DraftKings,player_assists,Over,Bridget Carleton,2.5,124,2026-06-11T08:07:58Z,Portland Fire,Las Vegas Aces
2026-06-11T08:08:31.059817+00:00,b4000f482eecfb6c07655906beedad16,2026-06-12T02:10:00Z,draftkings,DraftKings,player_assists,Under,Bridget Carleton,2.5,-169,2026-06-11T08:07:58Z,Portland Fire,Las Vegas Aces
2026-06-11T08:08:31.059817+00:00,b4000f482eecfb6c07655906beedad16,2026-06-12T02:10:00Z,draftkings,DraftKings,player_double_double,Yes,A'ja Wilson,,-173,2026-06-11T08:07:58Z,Portland Fire,Las Vegas Aces
2026-06-11T08:08:31.059817+00:00,b4000f482eecfb6c07655906beedad16,2026-06-12T02:10:00Z,draftkings,DraftKings,player_double_double,Yes,Jackie Young,,437,2026-06-11T08:07:58Z,Portland Fire,Las Vegas Aces
2026-06-11T08:08:31.059817+00:00,b4000f482eecfb6c07655906beedad16,2026-06-12T02:10:00Z,draftkings,DraftKings,player_double_double,Yes,Chelsea Gray,,554,2026-06-11T08:07:58Z,Portland Fire,Las Vegas Aces
2026-06-11T08:08:31.059817+00:00,b4000f482eecfb6c07655906beedad16,2026-06-12T02:10:00Z,draftkings,DraftKings,player_double_double,Yes,NaLyssa Smith,,680,2026-06-11T08:07:58Z,Portland Fire,Las Vegas Aces
2026-06-11T08:08:31.059817+00:00,b4000f482eecfb6c07655906beedad16,2026-06-12T02:10:00Z,draftkings,DraftKings,player_double_double,Yes,Emily Engstler,,1520,2026-06-11T08:07:58Z,Portland Fire,Las Vegas Aces
2026-06-11T08:08:31.059817+00:00,b4000f482eecfb6c07655906beedad16,2026-06-12T02:10:00Z,draftkings,DraftKings,player_double_double,Yes,Carla Leite,,1940,2026-06-11T08:07:58Z,Portland Fire,Las Vegas Aces
2026-06-11T08:08:31.059817+00:00,b4000f482eecfb6c07655906beedad16,2026-06-12T02:10:00Z,draftkings,DraftKings,player_double_double,Yes,Megan Gustafson,,2100,2026-06-11T08:07:58Z,Portland Fire,Las Vegas Aces
2026-06-11T08:08:31.059817+00:00,b4000f482eecfb6c07655906beedad16,2026-06-12T02:10:00Z,draftkings,DraftKings,player_double_double,Yes,Sarah Ashlee Barker,,2700,2026-06-11T08:07:58Z,Portland Fire,Las Vegas Aces
2026-06-11T08:08:31.059817+00:00,b4000f482eecfb6c07655906beedad16,2026-06-12T02:10:00Z,draftkings,DraftKings,player_double_double,Yes,Bridget Carleton,,4100,2026-06-11T08:07:58Z,Portland Fire,Las Vegas Aces
2026-06-11T08:08:31.059817+00:00,b4000f482eecfb6c07655906beedad16,2026-06-12T02:10:00Z,draftkings,DraftKings,player_double_double,Yes,Jewell Loyd,,5700,2026-06-11T08:07:58Z,Portland Fire,Las Vegas Aces
2026-06-11T08:08:31.059817+00:00,b4000f482eecfb6c07655906beedad16,2026-06-12T02:10:00Z,draftkings,DraftKings,player_points,Over,A'ja Wilson,26.5,-113,2026-06-11T08:07:58Z,Portland Fire,Las Vegas Aces
2026-06-11T08:08:31.059817+00:00,b4000f482eecfb6c07655906beedad16,2026-06-12T02:10:00Z,draftkings,DraftKings,player_points,Under,A'ja Wilson,26.5,-117,2026-06-11T08:07:58Z,Portland Fire,Las Vegas Aces
2026-06-11T08:08:31.059817+00:00,b4000f482eecfb6c07655906beedad16,2026-06-12T02:10:00Z,draftkings,DraftKings,player_points,Over,Jackie Young,17.5,-109,2026-06-11T08:07:58Z,Portland Fire,Las Vegas Aces
2026-06-11T08:08:31.059817+00:00,b4000f482eecfb6c07655906beedad16,2026-06-12T02:10:00Z,draftkings,DraftKings,player_points,Under,Jackie Young,17.5,-122,2026-06-11T08:07:58Z,Portland Fire,Las Vegas Aces
2026-06-11T08:08:31.059817+00:00,b4000f482eecfb6c07655906beedad16,2026-06-12T02:10:00Z,draftkings,DraftKings,player_points,Over,Bridget Carleton,13.5,-105,2026-06-11T08:07:58Z,Portland Fire,Las Vegas Aces
2026-06-11T08:08:31.059817+00:00,b4000f482eecfb6c07655906beedad16,2026-06-12T02:10:00Z,draftkings,DraftKings,player_points,Under,Bridget Carleton,13.5,-126,2026-06-11T08:07:58Z,Portland Fire,Las Vegas Aces
2026-06-11T08:08:31.059817+00:00,b4000f482eecfb6c07655906beedad16,2026-06-12T02:10:00Z,draftkings,DraftKings,player_points,Over,Carla Leite,12.5,-129,2026-06-11T08:07:58Z,Portland Fire,Las Vegas Aces
2026-06-11T08:08:31.059817+00:00,b4000f482eecfb6c07655906beedad16,2026-06-12T02:10:00Z,draftkings,DraftKings,player_points,Under,Carla Leite,12.5,-103,2026-06-11T08:07:58Z,Portland Fire,Las Vegas Aces
2026-06-11T08:08:31.059817+00:00,b4000f482eecfb6c07655906beedad16,2026-06-12T02:10:00Z,draftkings,DraftKings,player_points,Over,Chelsea Gray,11.5,-109,2026-06-11T08:07:58Z,Portland Fire,Las Vegas Aces
2026-06-11T08:08:31.059817+00:00,b4000f482eecfb6c07655906beedad16,2026-06-12T02:10:00Z,draftkings,DraftKings,player_points,Under,Chelsea Gray,11.5,-121,2026-06-11T08:07:58Z,Portland Fire,Las Vegas Aces
2026-06-11T08:08:31.059817+00:00,b4000f482eecfb6c07655906beedad16,2026-06-12T02:10:00Z,draftkings,DraftKings,player_points,Over,Megan Gustafson,11.5,-109,2026-06-11T08:07:58Z,Portland Fire,Las Vegas Aces
2026-06-11T08:08:31.059817+00:00,b4000f482eecfb6c07655906beedad16,2026-06-12T02:10:00Z,draftkings,DraftKings,player_points,Under,Megan Gustafson,11.5,-122,2026-06-11T08:07:58Z,Portland Fire,Las Vegas Aces
2026-06-11T08:08:31.059817+00:00,b4000f482eecfb6c07655906beedad16,2026-06-12T02:10:00Z,draftkings,DraftKings,player_points,Over,Emily Engstler,10.5,-115,2026-06-11T08:07:58Z,Portland Fire,Las Vegas Aces
2026-06-11T08:08:31.059817+00:00,b4000f482eecfb6c07655906beedad16,2026-06-12T02:10:00Z,draftkings,DraftKings,player_points,Under,Emily Engstler,10.5,-115,2026-06-11T08:07:58Z,Portland Fire,Las Vegas Aces
2026-06-11T08:08:31.059817+00:00,b4000f482eecfb6c07655906beedad16,2026-06-12T02:10:00Z,draftkings,DraftKings,player_points,Over,Sarah Ashlee Barker,10.5,-102,2026-06-11T08:07:58Z,Portland Fire,Las Vegas Aces
2026-06-11T08:08:31.059817+00:00,b4000f482eecfb6c07655906beedad16,2026-06-12T02:10:00Z,draftkings,DraftKings,player_points,Under,Sarah Ashlee Barker,10.5,-130,2026-06-11T08:07:58Z,Portland Fire,Las Vegas Aces
2026-06-11T08:08:31.059817+00:00,b4000f482eecfb6c07655906beedad16,2026-06-12T02:10:00Z,draftkings,DraftKings,player_points,Over,NaLyssa Smith,10.5,102,2026-06-11T08:07:58Z,Portland Fire,Las Vegas Aces
2026-06-11T08:08:31.059817+00:00,b4000f482eecfb6c07655906beedad16,2026-06-12T02:10:00Z,draftkings,DraftKings,player_points,Under,NaLyssa Smith,10.5,-135,2026-06-11T08:07:58Z,Portland Fire,Las Vegas Aces
2026-06-11T08:08:31.059817+00:00,b4000f482eecfb6c07655906beedad16,2026-06-12T02:10:00Z,draftkings,DraftKings,player_points,Over,Jewell Loyd,8.5,101,2026-06-11T08:07:58Z,Portland Fire,Las Vegas Aces
2026-06-11T08:08:31.059817+00:00,b4000f482eecfb6c07655906beedad16,2026-06-12T02:10:00Z,draftkings,DraftKings,player_points,Under,Jewell Loyd,8.5,-134,2026-06-11T08:07:58Z,Portland Fire,Las Vegas Aces
2026-06-11T08:08:31.059817+00:00,b4000f482eecfb6c07655906beedad16,2026-06-12T02:10:00Z,draftkings,DraftKings,player_points_assists,Over,A'ja Wilson,29.5,-124,2026-06-11T08:07:58Z,Portland Fire,Las Vegas Aces
2026-06-11T08:08:31.059817+00:00,b4000f482eecfb6c07655906beedad16,2026-06-12T02:10:00Z,draftkings,DraftKings,player_points_assists,Under,A'ja Wilson,29.5,-110,2026-06-11T08:07:58Z,Portland Fire,Las Vegas Aces
2026-06-11T08:08:31.059817+00:00,b4000f482eecfb6c07655906beedad16,2026-06-12T02:10:00Z,draftkings,DraftKings,player_points_assists,Over,Jackie Young,23.5,-126,2026-06-11T08:07:58Z,Portland Fire,Las Vegas Aces
2026-06-11T08:08:31.059817+00:00,b4000f482eecfb6c07655906beedad16,2026-06-12T02:10:00Z,draftkings,DraftKings,player_points_assists,Under,Jackie Young,23.5,-108,2026-06-11T08:07:58Z,Portland Fire,Las Vegas Aces
2026-06-11T08:08:31.059817+00:00,b4000f482eecfb6c07655906beedad16,2026-06-12T02:10:00Z,draftkings,DraftKings,player_points_assists,Over,Chelsea Gray,18.5,-118,2026-06-11T08:07:58Z,Portland Fire,Las Vegas Aces
2026-06-11T08:08:31.059817+00:00,b4000f482eecfb6c07655906beedad16,2026-06-12T02:10:00Z,draftkings,DraftKings,player_points_assists,Under,Chelsea Gray,18.5,-115,2026-06-11T08:07:58Z,Portland Fire,Las Vegas Aces
2026-06-11T08:08:31.059817+00:00,b4000f482eecfb6c07655906beedad16,2026-06-12T02:10:00Z,draftkings,DraftKings,player_points_assists,Over,Carla Leite,18.5,-106,2026-06-11T08:07:58Z,Portland Fire,Las Vegas Aces
2026-06-11T08:08:31.059817+00:00,b4000f482eecfb6c07655906beedad16,2026-06-12T02:10:00Z,draftkings,DraftKings,player_points_assists,Under,Carla Leite,18.5,-128,2026-06-11T08:07:58Z,Portland Fire,Las Vegas Aces
2026-06-11T08:08:31.059817+00:00,b4000f482eecfb6c07655906beedad16,2026-06-12T02:10:00Z,draftkings,DraftKings,player_points_assists,Over,Bridget Carleton,15.5,-121,2026-06-11T08:07:58Z,Portland Fire,Las Vegas Aces
2026-06-11T08:08:31.059817+00:00,b4000f482eecfb6c07655906beedad16,2026-06-12T02:10:00Z,draftkings,DraftKings,player_points_assists,Under,Bridget Carleton,15.5,-112,2026-06-11T08:07:58Z,Portland Fire,Las Vegas Aces
2026-06-11T08:08:31.059817+00:00,b4000f482eecfb6c07655906beedad16,2026-06-12T02:10:00Z,draftkings,DraftKings,player_points_assists,Over,Sarah Ashlee Barker,12.5,-128,2026-06-11T08:07:58Z,Portland Fire,Las Vegas Aces
2026-06-11T08:08:31.059817+00:00,b4000f482eecfb6c07655906beedad16,2026-06-12T02:10:00Z,draftkings,DraftKings,player_points_assists,Under,Sarah Ashlee Barker,12.5,-106,2026-06-11T08:07:58Z,Portland Fire,Las Vegas Aces
2026-06-11T08:08:31.059817+00:00,b4000f482eecfb6c07655906beedad16,2026-06-12T02:10:00Z,draftkings,DraftKings,player_points_assists,Over,Jewell Loyd,9.5,-125,2026-06-11T08:07:58Z,Portland Fire,Las Vegas Aces
2026-06-11T08:08:31.059817+00:00,b4000f482eecfb6c07655906beedad16,2026-06-12T02:10:00Z,draftkings,DraftKings,player_points_assists,Under,Jewell Loyd,9.5,-109,2026-06-11T08:07:58Z,Portland Fire,Las Vegas Aces
2026-06-11T08:08:31.059817+00:00,b4000f482eecfb6c07655906beedad16,2026-06-12T02:10:00Z,draftkings,DraftKings,player_points_rebounds,Over,A'ja Wilson,37.5,-108,2026-06-11T08:07:58Z,Portland Fire,Las Vegas Aces
2026-06-11T08:08:31.059817+00:00,b4000f482eecfb6c07655906beedad16,2026-06-12T02:10:00Z,draftkings,DraftKings,player_points_rebounds,Under,A'ja Wilson,37.5,-125,2026-06-11T08:07:58Z,Portland Fire,Las Vegas Aces
2026-06-11T08:08:31.059817+00:00,b4000f482eecfb6c07655906beedad16,2026-06-12T02:10:00Z,draftkings,DraftKings,player_points_rebounds,Over,Jackie Young,21.5,-129,2026-06-11T08:07:58Z,Portland Fire,Las Vegas Aces
2026-06-11T08:08:31.059817+00:00,b4000f482eecfb6c07655906beedad16,2026-06-12T02:10:00Z,draftkings,DraftKings,player_points_rebounds,Under,Jackie Young,21.5,-105,2026-06-11T08:07:58Z,Portland Fire,Las Vegas Aces
2026-06-11T08:08:31.059817+00:00,b4000f482eecfb6c07655906beedad16,2026-06-12T02:10:00Z,draftkings,DraftKings,player_points_rebounds,Over,NaLyssa Smith,16.5,-132,2026-06-11T08:07:58Z,Portland Fire,Las Vegas Aces
2026-06-11T08:08:31.059817+00:00,b4000f482eecfb6c07655906beedad16,2026-06-12T02:10:00Z,draftkings,DraftKings,player_points_rebounds,Under,NaLyssa Smith,16.5,-103,2026-06-11T08:07:58Z,Portland Fire,Las Vegas Aces
2026-06-11T08:08:31.059817+00:00,b4000f482eecfb6c07655906beedad16,2026-06-12T02:10:00Z,draftkings,DraftKings,player_points_rebounds,Over,Bridget Carleton,16.5,-126,2026-06-11T08:07:58Z,Portland Fire,Las Vegas Aces
2026-06-11T08:08:31.059817+00:00,b4000f482eecfb6c07655906beedad16,2026-06-12T02:10:00Z,draftkings,DraftKings,player_points_rebounds,Under,Bridget Carleton,16.5,-107,2026-06-11T08:07:58Z,Portland Fire,Las Vegas Aces
2026-06-11T08:08:31.059817+00:00,b4000f482eecfb6c07655906beedad16,2026-06-12T02:10:00Z,draftkings,DraftKings,player_points_rebounds,Over,Megan Gustafson,16.5,-107,2026-06-11T08:07:58Z,Portland Fire,Las Vegas Aces
2026-06-11T08:08:31.059817+00:00,b4000f482eecfb6c07655906beedad16,2026-06-12T02:10:00Z,draftkings,DraftKings,player_points_rebounds,Under,Megan Gustafson,16.5,-127,2026-06-11T08:07:58Z,Portland Fire,Las Vegas Aces
2026-06-11T08:08:31.059817+00:00,b4000f482eecfb6c07655906beedad16,2026-06-12T02:10:00Z,draftkings,DraftKings,player_points_rebounds,Over,Emily Engstler,16.5,-102,2026-06-11T08:07:58Z,Portland Fire,Las Vegas Aces
2026-06-11T08:08:31.059817+00:00,b4000f482eecfb6c07655906beedad16,2026-06-12T02:10:00Z,draftkings,DraftKings,player_points_rebounds,Under,Emily Engstler,16.5,-133,2026-06-11T08:07:58Z,Portland Fire,Las Vegas Aces
2026-06-11T08:08:31.059817+00:00,b4000f482eecfb6c07655906beedad16,2026-06-12T02:10:00Z,draftkings,DraftKings,player_points_rebounds,Over,Chelsea Gray,15.5,-112,2026-06-11T08:07:58Z,Portland Fire,Las Vegas Aces
2026-06-11T08:08:31.059817+00:00,b4000f482eecfb6c07655906beedad16,2026-06-12T02:10:00Z,draftkings,DraftKings,player_points_rebounds,Under,Chelsea Gray,15.5,-121,2026-06-11T08:07:58Z,Portland Fire,Las Vegas Aces
2026-06-11T08:08:31.059817+00:00,b4000f482eecfb6c07655906beedad16,2026-06-12T02:10:00Z,draftkings,DraftKings,player_points_rebounds,Over,Carla Leite,15.5,-107,2026-06-11T08:07:58Z,Portland Fire,Las Vegas Aces
2026-06-11T08:08:31.059817+00:00,b4000f482eecfb6c07655906beedad16,2026-06-12T02:10:00Z,draftkings,DraftKings,player_points_rebounds,Under,Carla Leite,15.5,-127,2026-06-11T08:07:58Z,Portland Fire,Las Vegas Aces
2026-06-11T08:08:31.059817+00:00,b4000f482eecfb6c07655906beedad16,2026-06-12T02:10:00Z,draftkings,DraftKings,player_points_rebounds,Over,Sarah Ashlee Barker,14.5,-128,2026-06-11T08:07:58Z,Portland Fire,Las Vegas Aces
2026-06-11T08:08:31.059817+00:00,b4000f482eecfb6c07655906beedad16,2026-06-12T02:10:00Z,draftkings,DraftKings,player_points_rebounds,Under,Sarah Ashlee Barker,14.5,-106,2026-06-11T08:07:58Z,Portland Fire,Las Vegas Aces
2026-06-11T08:08:31.059817+00:00,b4000f482eecfb6c07655906beedad16,2026-06-12T02:10:00Z,draftkings,DraftKings,player_points_rebounds,Over,Jewell Loyd,10.5,-133,2026-06-11T08:07:58Z,Portland Fire,Las Vegas Aces
2026-06-11T08:08:31.059817+00:00,b4000f482eecfb6c07655906beedad16,2026-06-12T02:10:00Z,draftkings,DraftKings,player_points_rebounds,Under,Jewell Loyd,10.5,-102,2026-06-11T08:07:58Z,Portland Fire,Las Vegas Aces
2026-06-11T08:08:31.059817+00:00,b4000f482eecfb6c07655906beedad16,2026-06-12T02:10:00Z,draftkings,DraftKings,player_points_rebounds_assists,Over,A'ja Wilson,40.5,-116,2026-06-11T08:07:58Z,Portland Fire,Las Vegas Aces
2026-06-11T08:08:31.059817+00:00,b4000f482eecfb6c07655906beedad16,2026-06-12T02:10:00Z,draftkings,DraftKings,player_points_rebounds_assists,Under,A'ja Wilson,40.5,-117,2026-06-11T08:07:58Z,Portland Fire,Las Vegas Aces
2026-06-11T08:08:31.059817+00:00,b4000f482eecfb6c07655906beedad16,2026-06-12T02:10:00Z,draftkings,DraftKings,player_points_rebounds_assists,Over,Jackie Young,28.5,-120,2026-06-11T08:07:58Z,Portland Fire,Las Vegas Aces
2026-06-11T08:08:31.059817+00:00,b4000f482eecfb6c07655906beedad16,2026-06-12T02:10:00Z,draftkings,DraftKings,player_points_rebounds_assists,Under,Jackie Young,28.5,-113,2026-06-11T08:07:58Z,Portland Fire,Las Vegas Aces
2026-06-11T08:08:31.059817+00:00,b4000f482eecfb6c07655906beedad16,2026-06-12T02:10:00Z,draftkings,DraftKings,player_points_rebounds_assists,Over,Chelsea Gray,22.5,-118,2026-06-11T08:07:58Z,Portland Fire,Las Vegas Aces
2026-06-11T08:08:31.059817+00:00,b4000f482eecfb6c07655906beedad16,2026-06-12T02:10:00Z,draftkings,DraftKings,player_points_rebounds_assists,Under,Chelsea Gray,22.5,-115,2026-06-11T08:07:58Z,Portland Fire,Las Vegas Aces
2026-06-11T08:08:31.059817+00:00,b4000f482eecfb6c07655906beedad16,2026-06-12T02:10:00Z,draftkings,DraftKings,player_points_rebounds_assists,Over,Carla Leite,20.5,-114,2026-06-11T08:07:58Z,Portland Fire,Las Vegas Aces
2026-06-11T08:08:31.059817+00:00,b4000f482eecfb6c07655906beedad16,2026-06-12T02:10:00Z,draftkings,DraftKings,player_points_rebounds_assists,Under,Carla Leite,20.5,-119,2026-06-11T08:07:58Z,Portland Fire,Las Vegas Aces
2026-06-11T08:08:31.059817+00:00,b4000f482eecfb6c07655906beedad16,2026-06-12T02:10:00Z,draftkings,DraftKings,player_points_rebounds_assists,Over,Bridget Carleton,19.5,-113,2026-06-11T08:07:58Z,Portland Fire,Las Vegas Aces
2026-06-11T08:08:31.059817+00:00,b4000f482eecfb6c07655906beedad16,2026-06-12T02:10:00Z,draftkings,DraftKings,player_points_rebounds_assists,Under,Bridget Carleton,19.5,-120,2026-06-11T08:07:58Z,Portland Fire,Las Vegas Aces
2026-06-11T08:08:31.059817+00:00,b4000f482eecfb6c07655906beedad16,2026-06-12T02:10:00Z,draftkings,DraftKings,player_points_rebounds_assists,Over,Sarah Ashlee Barker,17.5,-118,2026-06-11T08:07:58Z,Portland Fire,Las Vegas Aces
2026-06-11T08:08:31.059817+00:00,b4000f482eecfb6c07655906beedad16,2026-06-12T02:10:00Z,draftkings,DraftKings,player_points_rebounds_assists,Under,Sarah Ashlee Barker,17.5,-115,2026-06-11T08:07:58Z,Portland Fire,Las Vegas Aces
2026-06-11T08:08:31.059817+00:00,b4000f482eecfb6c07655906beedad16,2026-06-12T02:10:00Z,draftkings,DraftKings,player_rebounds,Over,A'ja Wilson,10.5,-108,2026-06-11T08:07:58Z,Portland Fire,Las Vegas Aces
2026-06-11T08:08:31.059817+00:00,b4000f482eecfb6c07655906beedad16,2026-06-12T02:10:00Z,draftkings,DraftKings,player_rebounds,Under,A'ja Wilson,10.5,-126,2026-06-11T08:07:58Z,Portland Fire,Las Vegas Aces
2026-06-11T08:08:31.059817+00:00,b4000f482eecfb6c07655906beedad16,2026-06-12T02:10:00Z,draftkings,DraftKings,player_rebounds,Over,NaLyssa Smith,6.5,-131,2026-06-11T08:07:58Z,Portland Fire,Las Vegas Aces
2026-06-11T08:08:31.059817+00:00,b4000f482eecfb6c07655906beedad16,2026-06-12T02:10:00Z,draftkings,DraftKings,player_rebounds,Under,NaLyssa Smith,6.5,-104,2026-06-11T08:07:58Z,Portland Fire,Las Vegas Aces
2026-06-11T08:08:31.059817+00:00,b4000f482eecfb6c07655906beedad16,2026-06-12T02:10:00Z,draftkings,DraftKings,player_rebounds,Over,Emily Engstler,5.5,-103,2026-06-11T08:07:58Z,Portland Fire,Las Vegas Aces
2026-06-11T08:08:31.059817+00:00,b4000f482eecfb6c07655906beedad16,2026-06-12T02:10:00Z,draftkings,DraftKings,player_rebounds,Under,Emily Engstler,5.5,-131,2026-06-11T08:07:58Z,Portland Fire,Las Vegas Aces
2026-06-11T08:08:31.059817+00:00,b4000f482eecfb6c07655906beedad16,2026-06-12T02:10:00Z,draftkings,DraftKings,player_rebounds,Over,Megan Gustafson,4.5,-123,2026-06-11T08:07:58Z,Portland Fire,Las Vegas Aces
2026-06-11T08:08:31.059817+00:00,b4000f482eecfb6c07655906beedad16,2026-06-12T02:10:00Z,draftkings,DraftKings,player_rebounds,Under,Megan Gustafson,4.5,-110,2026-06-11T08:07:58Z,Portland Fire,Las Vegas Aces
2026-06-11T08:08:31.059817+00:00,b4000f482eecfb6c07655906beedad16,2026-06-12T02:10:00Z,draftkings,DraftKings,player_rebounds,Over,Sarah Ashlee Barker,4.5,-120,2026-06-11T08:07:58Z,Portland Fire,Las Vegas Aces
2026-06-11T08:08:31.059817+00:00,b4000f482eecfb6c07655906beedad16,2026-06-12T02:10:00Z,draftkings,DraftKings,player_rebounds,Under,Sarah Ashlee Barker,4.5,-114,2026-06-11T08:07:58Z,Portland Fire,Las Vegas Aces
2026-06-11T08:08:31.059817+00:00,b4000f482eecfb6c07655906beedad16,2026-06-12T02:10:00Z,draftkings,DraftKings,player_rebounds,Over,Jackie Young,4.5,-115,2026-06-11T08:07:58Z,Portland Fire,Las Vegas Aces
2026-06-11T08:08:31.059817+00:00,b4000f482eecfb6c07655906beedad16,2026-06-12T02:10:00Z,draftkings,DraftKings,player_rebounds,Under,Jackie Young,4.5,-118,2026-06-11T08:07:58Z,Portland Fire,Las Vegas Aces
2026-06-11T08:08:31.059817+00:00,b4000f482eecfb6c07655906beedad16,2026-06-12T02:10:00Z,draftkings,DraftKings,player_rebounds,Over,Chelsea Gray,3.5,-134,2026-06-11T08:07:58Z,Portland Fire,Las Vegas Aces
2026-06-11T08:08:31.059817+00:00,b4000f482eecfb6c07655906beedad16,2026-06-12T02:10:00Z,draftkings,DraftKings,player_rebounds,Under,Chelsea Gray,3.5,-102,2026-06-11T08:07:58Z,Portland Fire,Las Vegas Aces
2026-06-11T08:08:31.059817+00:00,b4000f482eecfb6c07655906beedad16,2026-06-12T02:10:00Z,draftkings,DraftKings,player_rebounds,Over,Bridget Carleton,3.5,-122,2026-06-11T08:07:58Z,Portland Fire,Las Vegas Aces
2026-06-11T08:08:31.059817+00:00,b4000f482eecfb6c07655906beedad16,2026-06-12T02:10:00Z,draftkings,DraftKings,player_rebounds,Under,Bridget Carleton,3.5,-111,2026-06-11T08:07:58Z,Portland Fire,Las Vegas Aces
2026-06-11T08:08:31.059817+00:00,b4000f482eecfb6c07655906beedad16,2026-06-12T02:10:00Z,draftkings,DraftKings,player_rebounds,Over,Jewell Loyd,2.5,-140,2026-06-11T08:07:58Z,Portland Fire,Las Vegas Aces
2026-06-11T08:08:31.059817+00:00,b4000f482eecfb6c07655906beedad16,2026-06-12T02:10:00Z,draftkings,DraftKings,player_rebounds,Under,Jewell Loyd,2.5,103,2026-06-11T08:07:58Z,Portland Fire,Las Vegas Aces
2026-06-11T08:08:31.059817+00:00,b4000f482eecfb6c07655906beedad16,2026-06-12T02:10:00Z,draftkings,DraftKings,player_rebounds,Over,Carla Leite,2.5,127,2026-06-11T08:07:58Z,Portland Fire,Las Vegas Aces
2026-06-11T08:08:31.059817+00:00,b4000f482eecfb6c07655906beedad16,2026-06-12T02:10:00Z,draftkings,DraftKings,player_rebounds,Under,Carla Leite,2.5,-174,2026-06-11T08:07:58Z,Portland Fire,Las Vegas Aces
2026-06-11T08:08:31.059817+00:00,b4000f482eecfb6c07655906beedad16,2026-06-12T02:10:00Z,draftkings,DraftKings,player_rebounds_assists,Over,A'ja Wilson,13.5,-123,2026-06-11T08:07:58Z,Portland Fire,Las Vegas Aces
2026-06-11T08:08:31.059817+00:00,b4000f482eecfb6c07655906beedad16,2026-06-12T02:10:00Z,draftkings,DraftKings,player_rebounds_assists,Under,A'ja Wilson,13.5,-110,2026-06-11T08:07:58Z,Portland Fire,Las Vegas Aces
2026-06-11T08:08:31.059817+00:00,b4000f482eecfb6c07655906beedad16,2026-06-12T02:10:00Z,draftkings,DraftKings,player_rebounds_assists,Over,Jackie Young,11.5,100,2026-06-11T08:07:58Z,Portland Fire,Las Vegas Aces
2026-06-11T08:08:31.059817+00:00,b4000f482eecfb6c07655906beedad16,2026-06-12T02:10:00Z,draftkings,DraftKings,player_rebounds_assists,Under,Jackie Young,11.5,-136,2026-06-11T08:07:58Z,Portland Fire,Las Vegas Aces
2026-06-11T08:08:31.059817+00:00,b4000f482eecfb6c07655906beedad16,2026-06-12T02:10:00Z,draftkings,DraftKings,player_rebounds_assists,Over,Chelsea Gray,10.5,-138,2026-06-11T08:07:58Z,Portland Fire,Las Vegas Aces
2026-06-11T08:08:31.059817+00:00,b4000f482eecfb6c07655906beedad16,2026-06-12T02:10:00Z,draftkings,DraftKings,player_rebounds_assists,Under,Chelsea Gray,10.5,101,2026-06-11T08:07:58Z,Portland Fire,Las Vegas Aces
2026-06-11T08:08:31.059817+00:00,b4000f482eecfb6c07655906beedad16,2026-06-12T02:10:00Z,draftkings,DraftKings,player_rebounds_assists,Over,Carla Leite,7.5,-108,2026-06-11T08:07:58Z,Portland Fire,Las Vegas Aces
2026-06-11T08:08:31.059817+00:00,b4000f482eecfb6c07655906beedad16,2026-06-12T02:10:00Z,draftkings,DraftKings,player_rebounds_assists,Under,Carla Leite,7.5,-126,2026-06-11T08:07:58Z,Portland Fire,Las Vegas Aces
2026-06-11T08:08:31.059817+00:00,b4000f482eecfb6c07655906beedad16,2026-06-12T02:10:00Z,draftkings,DraftKings,player_rebounds_assists,Over,Sarah Ashlee Barker,7.5,100,2026-06-11T08:07:58Z,Portland Fire,Las Vegas Aces
2026-06-11T08:08:31.059817+00:00,b4000f482eecfb6c07655906beedad16,2026-06-12T02:10:00Z,draftkings,DraftKings,player_rebounds_assists,Under,Sarah Ashlee Barker,7.5,-136,2026-06-11T08:07:58Z,Portland Fire,Las Vegas Aces
2026-06-11T08:08:31.059817+00:00,b4000f482eecfb6c07655906beedad16,2026-06-12T02:10:00Z,draftkings,DraftKings,player_threes,Over,Jackie Young,2.5,129,2026-06-11T08:07:58Z,Portland Fire,Las Vegas Aces
2026-06-11T08:08:31.059817+00:00,b4000f482eecfb6c07655906beedad16,2026-06-12T02:10:00Z,draftkings,DraftKings,player_threes,Under,Jackie Young,2.5,-177,2026-06-11T08:07:58Z,Portland Fire,Las Vegas Aces
2026-06-11T08:08:31.059817+00:00,b4000f482eecfb6c07655906beedad16,2026-06-12T02:10:00Z,draftkings,DraftKings,player_threes,Over,Bridget Carleton,1.5,-193,2026-06-11T08:07:58Z,Portland Fire,Las Vegas Aces
2026-06-11T08:08:31.059817+00:00,b4000f482eecfb6c07655906beedad16,2026-06-12T02:10:00Z,draftkings,DraftKings,player_threes,Under,Bridget Carleton,1.5,141,2026-06-11T08:07:58Z,Portland Fire,Las Vegas Aces
2026-06-11T08:08:31.059817+00:00,b4000f482eecfb6c07655906beedad16,2026-06-12T02:10:00Z,draftkings,DraftKings,player_threes,Over,Chelsea Gray,1.5,-135,2026-06-11T08:07:58Z,Portland Fire,Las Vegas Aces
2026-06-11T08:08:31.059817+00:00,b4000f482eecfb6c07655906beedad16,2026-06-12T02:10:00Z,draftkings,DraftKings,player_threes,Under,Chelsea Gray,1.5,100,2026-06-11T08:07:58Z,Portland Fire,Las Vegas Aces
2026-06-11T08:08:31.059817+00:00,b4000f482eecfb6c07655906beedad16,2026-06-12T02:10:00Z,draftkings,DraftKings,player_threes,Over,Jewell Loyd,1.5,-122,2026-06-11T08:07:58Z,Portland Fire,Las Vegas Aces
2026-06-11T08:08:31.059817+00:00,b4000f482eecfb6c07655906beedad16,2026-06-12T02:10:00Z,draftkings,DraftKings,player_threes,Under,Jewell Loyd,1.5,-111,2026-06-11T08:07:58Z,Portland Fire,Las Vegas Aces
2026-06-11T08:08:31.059817+00:00,b4000f482eecfb6c07655906beedad16,2026-06-12T02:10:00Z,draftkings,DraftKings,player_threes,Over,Sarah Ashlee Barker,1.5,136,2026-06-11T08:07:58Z,Portland Fire,Las Vegas Aces
2026-06-11T08:08:31.059817+00:00,b4000f482eecfb6c07655906beedad16,2026-06-12T02:10:00Z,draftkings,DraftKings,player_threes,Under,Sarah Ashlee Barker,1.5,-186,2026-06-11T08:07:58Z,Portland Fire,Las Vegas Aces
2026-06-11T08:08:31.059817+00:00,b4000f482eecfb6c07655906beedad16,2026-06-12T02:10:00Z,draftkings,DraftKings,player_threes,Over,A'ja Wilson,1.5,172,2026-06-11T08:07:58Z,Portland Fire,Las Vegas Aces
2026-06-11T08:08:31.059817+00:00,b4000f482eecfb6c07655906beedad16,2026-06-12T02:10:00Z,draftkings,DraftKings,player_threes,Under,A'ja Wilson,1.5,-238,2026-06-11T08:07:58Z,Portland Fire,Las Vegas Aces
2026-06-11T08:08:31.059817+00:00,b4000f482eecfb6c07655906beedad16,2026-06-12T02:10:00Z,draftkings,DraftKings,player_triple_double,Yes,Jackie Young,,3700,2026-06-11T08:07:58Z,Portland Fire,Las Vegas Aces
2026-06-11T08:08:31.059817+00:00,b4000f482eecfb6c07655906beedad16,2026-06-12T02:10:00Z,draftkings,DraftKings,player_triple_double,Yes,A'ja Wilson,,4000,2026-06-11T08:07:58Z,Portland Fire,Las Vegas Aces
2026-06-11T08:08:31.059817+00:00,b4000f482eecfb6c07655906beedad16,2026-06-12T02:10:00Z,draftkings,DraftKings,player_triple_double,Yes,Chelsea Gray,,5500,2026-06-11T08:07:58Z,Portland Fire,Las Vegas Aces
2026-06-11T08:08:31.059817+00:00,b4000f482eecfb6c07655906beedad16,2026-06-12T02:10:00Z,fanduel,FanDuel,player_assists,Over,Jackie Young,6.5,100,2026-06-11T08:07:25Z,Portland Fire,Las Vegas Aces
2026-06-11T08:08:31.059817+00:00,b4000f482eecfb6c07655906beedad16,2026-06-12T02:10:00Z,fanduel,FanDuel,player_assists,Under,Jackie Young,6.5,-132,2026-06-11T08:07:25Z,Portland Fire,Las Vegas Aces
2026-06-11T08:08:31.059817+00:00,b4000f482eecfb6c07655906beedad16,2026-06-12T02:10:00Z,fanduel,FanDuel,player_assists,Over,Chelsea Gray,6.5,-144,2026-06-11T08:07:25Z,Portland Fire,Las Vegas Aces
2026-06-11T08:08:31.059817+00:00,b4000f482eecfb6c07655906beedad16,2026-06-12T02:10:00Z,fanduel,FanDuel,player_assists,Under,Chelsea Gray,6.5,108,2026-06-11T08:07:25Z,Portland Fire,Las Vegas Aces
2026-06-11T08:08:31.059817+00:00,b4000f482eecfb6c07655906beedad16,2026-06-12T02:10:00Z,fanduel,FanDuel,player_assists,Over,Carla Leite,5.5,122,2026-06-11T08:07:25Z,Portland Fire,Las Vegas Aces
2026-06-11T08:08:31.059817+00:00,b4000f482eecfb6c07655906beedad16,2026-06-12T02:10:00Z,fanduel,FanDuel,player_assists,Under,Carla Leite,5.5,-162,2026-06-11T08:07:25Z,Portland Fire,Las Vegas Aces
2026-06-11T08:08:31.059817+00:00,b4000f482eecfb6c07655906beedad16,2026-06-12T02:10:00Z,fanduel,FanDuel,player_assists,Over,Sarah Ashlee Barker,2.5,-120,2026-06-11T08:07:25Z,Portland Fire,Las Vegas Aces
2026-06-11T08:08:31.059817+00:00,b4000f482eecfb6c07655906beedad16,2026-06-12T02:10:00Z,fanduel,FanDuel,player_assists,Under,Sarah Ashlee Barker,2.5,-110,2026-06-11T08:07:25Z,Portland Fire,Las Vegas Aces
2026-06-11T08:08:31.059817+00:00,b4000f482eecfb6c07655906beedad16,2026-06-12T02:10:00Z,fanduel,FanDuel,player_assists,Over,A'ja Wilson,3.5,144,2026-06-11T08:07:25Z,Portland Fire,Las Vegas Aces
2026-06-11T08:08:31.059817+00:00,b4000f482eecfb6c07655906beedad16,2026-06-12T02:10:00Z,fanduel,FanDuel,player_assists,Under,A'ja Wilson,3.5,-194,2026-06-11T08:07:25Z,Portland Fire,Las Vegas Aces
2026-06-11T08:08:31.059817+00:00,b4000f482eecfb6c07655906beedad16,2026-06-12T02:10:00Z,fanduel,FanDuel,player_double_double,Yes,A'ja Wilson,,-200,2026-06-11T08:07:25Z,Portland Fire,Las Vegas Aces
2026-06-11T08:08:31.059817+00:00,b4000f482eecfb6c07655906beedad16,2026-06-12T02:10:00Z,fanduel,FanDuel,player_double_double,Yes,Jackie Young,,480,2026-06-11T08:07:25Z,Portland Fire,Las Vegas Aces
2026-06-11T08:08:31.059817+00:00,b4000f482eecfb6c07655906beedad16,2026-06-12T02:10:00Z,fanduel,FanDuel,player_double_double,Yes,NaLyssa Smith,,500,2026-06-11T08:07:25Z,Portland Fire,Las Vegas Aces
2026-06-11T08:08:31.059817+00:00,b4000f482eecfb6c07655906beedad16,2026-06-12T02:10:00Z,fanduel,FanDuel,player_double_double,Yes,Chelsea Gray,,550,2026-06-11T08:07:25Z,Portland Fire,Las Vegas Aces
2026-06-11T08:08:31.059817+00:00,b4000f482eecfb6c07655906beedad16,2026-06-12T02:10:00Z,fanduel,FanDuel,player_double_double,Yes,Emily Engstler,,1600,2026-06-11T08:07:25Z,Portland Fire,Las Vegas Aces
2026-06-11T08:08:31.059817+00:00,b4000f482eecfb6c07655906beedad16,2026-06-12T02:10:00Z,fanduel,FanDuel,player_double_double,Yes,Carla Leite,,1700,2026-06-11T08:07:25Z,Portland Fire,Las Vegas Aces
2026-06-11T08:08:31.059817+00:00,b4000f482eecfb6c07655906beedad16,2026-06-12T02:10:00Z,fanduel,FanDuel,player_double_double,Yes,Megan Gustafson,,1900,2026-06-11T08:07:25Z,Portland Fire,Las Vegas Aces
2026-06-11T08:08:31.059817+00:00,b4000f482eecfb6c07655906beedad16,2026-06-12T02:10:00Z,fanduel,FanDuel,player_points,Over,Jackie Young,17.5,-125,2026-06-11T08:07:25Z,Portland Fire,Las Vegas Aces
2026-06-11T08:08:31.059817+00:00,b4000f482eecfb6c07655906beedad16,2026-06-12T02:10:00Z,fanduel,FanDuel,player_points,Under,Jackie Young,17.5,-104,2026-06-11T08:07:25Z,Portland Fire,Las Vegas Aces
2026-06-11T08:08:31.059817+00:00,b4000f482eecfb6c07655906beedad16,2026-06-12T02:10:00Z,fanduel,FanDuel,player_points,Over,Chelsea Gray,11.5,-114,2026-06-11T08:07:25Z,Portland Fire,Las Vegas Aces
2026-06-11T08:08:31.059817+00:00,b4000f482eecfb6c07655906beedad16,2026-06-12T02:10:00Z,fanduel,FanDuel,player_points,Under,Chelsea Gray,11.5,-114,2026-06-11T08:07:25Z,Portland Fire,Las Vegas Aces
2026-06-11T08:08:31.059817+00:00,b4000f482eecfb6c07655906beedad16,2026-06-12T02:10:00Z,fanduel,FanDuel,player_points,Over,A'ja Wilson,26.5,-106,2026-06-11T08:07:25Z,Portland Fire,Las Vegas Aces
2026-06-11T08:08:31.059817+00:00,b4000f482eecfb6c07655906beedad16,2026-06-12T02:10:00Z,fanduel,FanDuel,player_points,Under,A'ja Wilson,26.5,-122,2026-06-11T08:07:25Z,Portland Fire,Las Vegas Aces
2026-06-11T08:08:31.059817+00:00,b4000f482eecfb6c07655906beedad16,2026-06-12T02:10:00Z,fanduel,FanDuel,player_points,Over,Sarah Ashlee Barker,10.5,102,2026-06-11T08:07:25Z,Portland Fire,Las Vegas Aces
2026-06-11T08:08:31.059817+00:00,b4000f482eecfb6c07655906beedad16,2026-06-12T02:10:00Z,fanduel,FanDuel,player_points,Under,Sarah Ashlee Barker,10.5,-132,2026-06-11T08:07:25Z,Portland Fire,Las Vegas Aces
2026-06-11T08:08:31.059817+00:00,b4000f482eecfb6c07655906beedad16,2026-06-12T02:10:00Z,fanduel,FanDuel,player_points,Over,Carla Leite,13.5,-114,2026-06-11T08:07:25Z,Portland Fire,Las Vegas Aces
2026-06-11T08:08:31.059817+00:00,b4000f482eecfb6c07655906beedad16,2026-06-12T02:10:00Z,fanduel,FanDuel,player_points,Under,Carla Leite,13.5,-114,2026-06-11T08:07:25Z,Portland Fire,Las Vegas Aces
2026-06-11T08:08:31.059817+00:00,b4000f482eecfb6c07655906beedad16,2026-06-12T02:10:00Z,fanduel,FanDuel,player_points,Over,Bridget Carleton,13.5,100,2026-06-11T08:07:25Z,Portland Fire,Las Vegas Aces
2026-06-11T08:08:31.059817+00:00,b4000f482eecfb6c07655906beedad16,2026-06-12T02:10:00Z,fanduel,FanDuel,player_points,Under,Bridget Carleton,13.5,-130,2026-06-11T08:07:25Z,Portland Fire,Las Vegas Aces
2026-06-11T08:08:31.059817+00:00,b4000f482eecfb6c07655906beedad16,2026-06-12T02:10:00Z,fanduel,FanDuel,player_points,Over,NaLyssa Smith,10.5,104,2026-06-11T08:07:25Z,Portland Fire,Las Vegas Aces
2026-06-11T08:08:31.059817+00:00,b4000f482eecfb6c07655906beedad16,2026-06-12T02:10:00Z,fanduel,FanDuel,player_points,Under,NaLyssa Smith,10.5,-135,2026-06-11T08:07:25Z,Portland Fire,Las Vegas Aces
2026-06-11T08:08:31.059817+00:00,b4000f482eecfb6c07655906beedad16,2026-06-12T02:10:00Z,fanduel,FanDuel,player_points,Over,Emily Engstler,10.5,-118,2026-06-11T08:07:25Z,Portland Fire,Las Vegas Aces
2026-06-11T08:08:31.059817+00:00,b4000f482eecfb6c07655906beedad16,2026-06-12T02:10:00Z,fanduel,FanDuel,player_points,Under,Emily Engstler,10.5,-110,2026-06-11T08:07:25Z,Portland Fire,Las Vegas Aces
2026-06-11T08:08:31.059817+00:00,b4000f482eecfb6c07655906beedad16,2026-06-12T02:10:00Z,fanduel,FanDuel,player_points,Over,Megan Gustafson,11.5,-113,2026-06-11T08:07:25Z,Portland Fire,Las Vegas Aces
2026-06-11T08:08:31.059817+00:00,b4000f482eecfb6c07655906beedad16,2026-06-12T02:10:00Z,fanduel,FanDuel,player_points,Under,Megan Gustafson,11.5,-115,2026-06-11T08:07:25Z,Portland Fire,Las Vegas Aces
2026-06-11T08:08:31.059817+00:00,b4000f482eecfb6c07655906beedad16,2026-06-12T02:10:00Z,fanduel,FanDuel,player_points,Over,Jewell Loyd,8.5,-102,2026-06-11T08:07:25Z,Portland Fire,Las Vegas Aces
2026-06-11T08:08:31.059817+00:00,b4000f482eecfb6c07655906beedad16,2026-06-12T02:10:00Z,fanduel,FanDuel,player_points,Under,Jewell Loyd,8.5,-128,2026-06-11T08:07:25Z,Portland Fire,Las Vegas Aces
2026-06-11T08:08:31.059817+00:00,b4000f482eecfb6c07655906beedad16,2026-06-12T02:10:00Z,fanduel,FanDuel,player_points_assists,Over,Jackie Young,24.5,-114,2026-06-11T08:07:25Z,Portland Fire,Las Vegas Aces
2026-06-11T08:08:31.059817+00:00,b4000f482eecfb6c07655906beedad16,2026-06-12T02:10:00Z,fanduel,FanDuel,player_points_assists,Under,Jackie Young,24.5,-114,2026-06-11T08:07:25Z,Portland Fire,Las Vegas Aces
2026-06-11T08:08:31.059817+00:00,b4000f482eecfb6c07655906beedad16,2026-06-12T02:10:00Z,fanduel,FanDuel,player_points_assists,Over,Chelsea Gray,18.5,-118,2026-06-11T08:07:25Z,Portland Fire,Las Vegas Aces
2026-06-11T08:08:31.059817+00:00,b4000f482eecfb6c07655906beedad16,2026-06-12T02:10:00Z,fanduel,FanDuel,player_points_assists,Under,Chelsea Gray,18.5,-112,2026-06-11T08:07:25Z,Portland Fire,Las Vegas Aces
2026-06-11T08:08:31.059817+00:00,b4000f482eecfb6c07655906beedad16,2026-06-12T02:10:00Z,fanduel,FanDuel,player_points_assists,Over,Carla Leite,18.5,-125,2026-06-11T08:07:25Z,Portland Fire,Las Vegas Aces
2026-06-11T08:08:31.059817+00:00,b4000f482eecfb6c07655906beedad16,2026-06-12T02:10:00Z,fanduel,FanDuel,player_points_assists,Under,Carla Leite,18.5,-106,2026-06-11T08:07:25Z,Portland Fire,Las Vegas Aces
2026-06-11T08:08:31.059817+00:00,b4000f482eecfb6c07655906beedad16,2026-06-12T02:10:00Z,fanduel,FanDuel,player_points_assists,Over,A'ja Wilson,29.5,-108,2026-06-11T08:07:25Z,Portland Fire,Las Vegas Aces
2026-06-11T08:08:31.059817+00:00,b4000f482eecfb6c07655906beedad16,2026-06-12T02:10:00Z,fanduel,FanDuel,player_points_assists,Under,A'ja Wilson,29.5,-122,2026-06-11T08:07:25Z,Portland Fire,Las Vegas Aces
2026-06-11T08:08:31.059817+00:00,b4000f482eecfb6c07655906beedad16,2026-06-12T02:10:00Z,fanduel,FanDuel,player_points_assists,Over,Sarah Ashlee Barker,12.5,-130,2026-06-11T08:07:25Z,Portland Fire,Las Vegas Aces
2026-06-11T08:08:31.059817+00:00,b4000f482eecfb6c07655906beedad16,2026-06-12T02:10:00Z,fanduel,FanDuel,player_points_assists,Under,Sarah Ashlee Barker,12.5,-102,2026-06-11T08:07:25Z,Portland Fire,Las Vegas Aces
2026-06-11T08:08:31.059817+00:00,b4000f482eecfb6c07655906beedad16,2026-06-12T02:10:00Z,fanduel,FanDuel,player_points_assists,Over,Jewell Loyd,10.5,102,2026-06-11T08:07:25Z,Portland Fire,Las Vegas Aces
2026-06-11T08:08:31.059817+00:00,b4000f482eecfb6c07655906beedad16,2026-06-12T02:10:00Z,fanduel,FanDuel,player_points_assists,Under,Jewell Loyd,10.5,-136,2026-06-11T08:07:25Z,Portland Fire,Las Vegas Aces
2026-06-11T08:08:31.059817+00:00,b4000f482eecfb6c07655906beedad16,2026-06-12T02:10:00Z,fanduel,FanDuel,player_points_rebounds,Over,Jackie Young,22.5,-118,2026-06-11T08:07:25Z,Portland Fire,Las Vegas Aces
2026-06-11T08:08:31.059817+00:00,b4000f482eecfb6c07655906beedad16,2026-06-12T02:10:00Z,fanduel,FanDuel,player_points_rebounds,Under,Jackie Young,22.5,-112,2026-06-11T08:07:25Z,Portland Fire,Las Vegas Aces
2026-06-11T08:08:31.059817+00:00,b4000f482eecfb6c07655906beedad16,2026-06-12T02:10:00Z,fanduel,FanDuel,player_points_rebounds,Over,Chelsea Gray,15.5,-114,2026-06-11T08:07:25Z,Portland Fire,Las Vegas Aces
2026-06-11T08:08:31.059817+00:00,b4000f482eecfb6c07655906beedad16,2026-06-12T02:10:00Z,fanduel,FanDuel,player_points_rebounds,Under,Chelsea Gray,15.5,-114,2026-06-11T08:07:25Z,Portland Fire,Las Vegas Aces
2026-06-11T08:08:31.059817+00:00,b4000f482eecfb6c07655906beedad16,2026-06-12T02:10:00Z,fanduel,FanDuel,player_points_rebounds,Over,A'ja Wilson,36.5,-118,2026-06-11T08:07:25Z,Portland Fire,Las Vegas Aces
2026-06-11T08:08:31.059817+00:00,b4000f482eecfb6c07655906beedad16,2026-06-12T02:10:00Z,fanduel,FanDuel,player_points_rebounds,Under,A'ja Wilson,36.5,-112,2026-06-11T08:07:25Z,Portland Fire,Las Vegas Aces
2026-06-11T08:08:31.059817+00:00,b4000f482eecfb6c07655906beedad16,2026-06-12T02:10:00Z,fanduel,FanDuel,player_points_rebounds,Over,Sarah Ashlee Barker,14.5,-120,2026-06-11T08:07:25Z,Portland Fire,Las Vegas Aces
2026-06-11T08:08:31.059817+00:00,b4000f482eecfb6c07655906beedad16,2026-06-12T02:10:00Z,fanduel,FanDuel,player_points_rebounds,Under,Sarah Ashlee Barker,14.5,-110,2026-06-11T08:07:25Z,Portland Fire,Las Vegas Aces
2026-06-11T08:08:31.059817+00:00,b4000f482eecfb6c07655906beedad16,2026-06-12T02:10:00Z,fanduel,FanDuel,player_points_rebounds,Over,Bridget Carleton,16.5,-125,2026-06-11T08:07:25Z,Portland Fire,Las Vegas Aces
2026-06-11T08:08:31.059817+00:00,b4000f482eecfb6c07655906beedad16,2026-06-12T02:10:00Z,fanduel,FanDuel,player_points_rebounds,Under,Bridget Carleton,16.5,-106,2026-06-11T08:07:25Z,Portland Fire,Las Vegas Aces
2026-06-11T08:08:31.059817+00:00,b4000f482eecfb6c07655906beedad16,2026-06-12T02:10:00Z,fanduel,FanDuel,player_points_rebounds,Over,Megan Gustafson,16.5,-106,2026-06-11T08:07:25Z,Portland Fire,Las Vegas Aces
2026-06-11T08:08:31.059817+00:00,b4000f482eecfb6c07655906beedad16,2026-06-12T02:10:00Z,fanduel,FanDuel,player_points_rebounds,Under,Megan Gustafson,16.5,-125,2026-06-11T08:07:25Z,Portland Fire,Las Vegas Aces
2026-06-11T08:08:31.059817+00:00,b4000f482eecfb6c07655906beedad16,2026-06-12T02:10:00Z,fanduel,FanDuel,player_points_rebounds,Over,NaLyssa Smith,17.5,-106,2026-06-11T08:07:25Z,Portland Fire,Las Vegas Aces
2026-06-11T08:08:31.059817+00:00,b4000f482eecfb6c07655906beedad16,2026-06-12T02:10:00Z,fanduel,FanDuel,player_points_rebounds,Under,NaLyssa Smith,17.5,-125,2026-06-11T08:07:25Z,Portland Fire,Las Vegas Aces
2026-06-11T08:08:31.059817+00:00,b4000f482eecfb6c07655906beedad16,2026-06-12T02:10:00Z,fanduel,FanDuel,player_points_rebounds,Over,Jewell Loyd,11.5,102,2026-06-11T08:07:25Z,Portland Fire,Las Vegas Aces
2026-06-11T08:08:31.059817+00:00,b4000f482eecfb6c07655906beedad16,2026-06-12T02:10:00Z,fanduel,FanDuel,player_points_rebounds,Under,Jewell Loyd,11.5,-136,2026-06-11T08:07:25Z,Portland Fire,Las Vegas Aces
2026-06-11T08:08:31.059817+00:00,b4000f482eecfb6c07655906beedad16,2026-06-12T02:10:00Z,fanduel,FanDuel,player_points_rebounds_assists,Over,Bridget Carleton,19.5,-110,2026-06-11T08:07:25Z,Portland Fire,Las Vegas Aces
2026-06-11T08:08:31.059817+00:00,b4000f482eecfb6c07655906beedad16,2026-06-12T02:10:00Z,fanduel,FanDuel,player_points_rebounds_assists,Under,Bridget Carleton,19.5,-120,2026-06-11T08:07:25Z,Portland Fire,Las Vegas Aces
2026-06-11T08:08:31.059817+00:00,b4000f482eecfb6c07655906beedad16,2026-06-12T02:10:00Z,fanduel,FanDuel,player_points_rebounds_assists,Over,Jackie Young,29.5,-108,2026-06-11T08:07:25Z,Portland Fire,Las Vegas Aces
2026-06-11T08:08:31.059817+00:00,b4000f482eecfb6c07655906beedad16,2026-06-12T02:10:00Z,fanduel,FanDuel,player_points_rebounds_assists,Under,Jackie Young,29.5,-122,2026-06-11T08:07:25Z,Portland Fire,Las Vegas Aces
2026-06-11T08:08:31.059817+00:00,b4000f482eecfb6c07655906beedad16,2026-06-12T02:10:00Z,fanduel,FanDuel,player_points_rebounds_assists,Over,Chelsea Gray,22.5,-122,2026-06-11T08:07:25Z,Portland Fire,Las Vegas Aces
2026-06-11T08:08:31.059817+00:00,b4000f482eecfb6c07655906beedad16,2026-06-12T02:10:00Z,fanduel,FanDuel,player_points_rebounds_assists,Under,Chelsea Gray,22.5,-108,2026-06-11T08:07:25Z,Portland Fire,Las Vegas Aces
2026-06-11T08:08:31.059817+00:00,b4000f482eecfb6c07655906beedad16,2026-06-12T02:10:00Z,fanduel,FanDuel,player_points_rebounds_assists,Over,A'ja Wilson,39.5,-125,2026-06-11T08:07:25Z,Portland Fire,Las Vegas Aces
2026-06-11T08:08:31.059817+00:00,b4000f482eecfb6c07655906beedad16,2026-06-12T02:10:00Z,fanduel,FanDuel,player_points_rebounds_assists,Under,A'ja Wilson,39.5,-106,2026-06-11T08:07:25Z,Portland Fire,Las Vegas Aces
2026-06-11T08:08:31.059817+00:00,b4000f482eecfb6c07655906beedad16,2026-06-12T02:10:00Z,fanduel,FanDuel,player_points_rebounds_assists,Over,Sarah Ashlee Barker,17.5,-112,2026-06-11T08:07:25Z,Portland Fire,Las Vegas Aces
2026-06-11T08:08:31.059817+00:00,b4000f482eecfb6c07655906beedad16,2026-06-12T02:10:00Z,fanduel,FanDuel,player_points_rebounds_assists,Under,Sarah Ashlee Barker,17.5,-118,2026-06-11T08:07:25Z,Portland Fire,Las Vegas Aces
2026-06-11T08:08:31.059817+00:00,b4000f482eecfb6c07655906beedad16,2026-06-12T02:10:00Z,fanduel,FanDuel,player_points_rebounds_assists,Over,Carla Leite,20.5,-128,2026-06-11T08:07:25Z,Portland Fire,Las Vegas Aces
2026-06-11T08:08:31.059817+00:00,b4000f482eecfb6c07655906beedad16,2026-06-12T02:10:00Z,fanduel,FanDuel,player_points_rebounds_assists,Under,Carla Leite,20.5,-104,2026-06-11T08:07:25Z,Portland Fire,Las Vegas Aces
2026-06-11T08:08:31.059817+00:00,b4000f482eecfb6c07655906beedad16,2026-06-12T02:10:00Z,fanduel,FanDuel,player_points_rebounds_assists,Over,Jewell Loyd,12.5,-128,2026-06-11T08:07:25Z,Portland Fire,Las Vegas Aces
2026-06-11T08:08:31.059817+00:00,b4000f482eecfb6c07655906beedad16,2026-06-12T02:10:00Z,fanduel,FanDuel,player_points_rebounds_assists,Under,Jewell Loyd,12.5,-104,2026-06-11T08:07:25Z,Portland Fire,Las Vegas Aces
2026-06-11T08:08:31.059817+00:00,b4000f482eecfb6c07655906beedad16,2026-06-12T02:10:00Z,fanduel,FanDuel,player_rebounds,Over,Jackie Young,4.5,-125,2026-06-11T08:07:25Z,Portland Fire,Las Vegas Aces
2026-06-11T08:08:31.059817+00:00,b4000f482eecfb6c07655906beedad16,2026-06-12T02:10:00Z,fanduel,FanDuel,player_rebounds,Under,Jackie Young,4.5,-106,2026-06-11T08:07:25Z,Portland Fire,Las Vegas Aces
2026-06-11T08:08:31.059817+00:00,b4000f482eecfb6c07655906beedad16,2026-06-12T02:10:00Z,fanduel,FanDuel,player_rebounds,Over,Chelsea Gray,3.5,-158,2026-06-11T08:07:25Z,Portland Fire,Las Vegas Aces
2026-06-11T08:08:31.059817+00:00,b4000f482eecfb6c07655906beedad16,2026-06-12T02:10:00Z,fanduel,FanDuel,player_rebounds,Under,Chelsea Gray,3.5,118,2026-06-11T08:07:25Z,Portland Fire,Las Vegas Aces
2026-06-11T08:08:31.059817+00:00,b4000f482eecfb6c07655906beedad16,2026-06-12T02:10:00Z,fanduel,FanDuel,player_rebounds,Over,Emily Engstler,5.5,118,2026-06-11T08:07:25Z,Portland Fire,Las Vegas Aces
2026-06-11T08:08:31.059817+00:00,b4000f482eecfb6c07655906beedad16,2026-06-12T02:10:00Z,fanduel,FanDuel,player_rebounds,Under,Emily Engstler,5.5,-158,2026-06-11T08:07:25Z,Portland Fire,Las Vegas Aces
2026-06-11T08:08:31.059817+00:00,b4000f482eecfb6c07655906beedad16,2026-06-12T02:10:00Z,fanduel,FanDuel,player_rebounds,Over,A'ja Wilson,10.5,-112,2026-06-11T08:07:25Z,Portland Fire,Las Vegas Aces
2026-06-11T08:08:31.059817+00:00,b4000f482eecfb6c07655906beedad16,2026-06-12T02:10:00Z,fanduel,FanDuel,player_rebounds,Under,A'ja Wilson,10.5,-118,2026-06-11T08:07:25Z,Portland Fire,Las Vegas Aces
2026-06-11T08:08:31.059817+00:00,b4000f482eecfb6c07655906beedad16,2026-06-12T02:10:00Z,fanduel,FanDuel,player_rebounds,Over,Bridget Carleton,3.5,-120,2026-06-11T08:07:25Z,Portland Fire,Las Vegas Aces
2026-06-11T08:08:31.059817+00:00,b4000f482eecfb6c07655906beedad16,2026-06-12T02:10:00Z,fanduel,FanDuel,player_rebounds,Under,Bridget Carleton,3.5,-110,2026-06-11T08:07:25Z,Portland Fire,Las Vegas Aces
2026-06-11T08:08:31.059817+00:00,b4000f482eecfb6c07655906beedad16,2026-06-12T02:10:00Z,fanduel,FanDuel,player_rebounds,Over,Sarah Ashlee Barker,4.5,-106,2026-06-11T08:07:25Z,Portland Fire,Las Vegas Aces
2026-06-11T08:08:31.059817+00:00,b4000f482eecfb6c07655906beedad16,2026-06-12T02:10:00Z,fanduel,FanDuel,player_rebounds,Under,Sarah Ashlee Barker,4.5,-125,2026-06-11T08:07:25Z,Portland Fire,Las Vegas Aces
2026-06-11T08:08:31.059817+00:00,b4000f482eecfb6c07655906beedad16,2026-06-12T02:10:00Z,fanduel,FanDuel,player_rebounds,Over,NaLyssa Smith,6.5,-152,2026-06-11T08:07:25Z,Portland Fire,Las Vegas Aces
2026-06-11T08:08:31.059817+00:00,b4000f482eecfb6c07655906beedad16,2026-06-12T02:10:00Z,fanduel,FanDuel,player_rebounds,Under,NaLyssa Smith,6.5,114,2026-06-11T08:07:25Z,Portland Fire,Las Vegas Aces
2026-06-11T08:08:31.059817+00:00,b4000f482eecfb6c07655906beedad16,2026-06-12T02:10:00Z,fanduel,FanDuel,player_rebounds,Over,Megan Gustafson,4.5,-125,2026-06-11T08:07:25Z,Portland Fire,Las Vegas Aces
2026-06-11T08:08:31.059817+00:00,b4000f482eecfb6c07655906beedad16,2026-06-12T02:10:00Z,fanduel,FanDuel,player_rebounds,Under,Megan Gustafson,4.5,-106,2026-06-11T08:07:25Z,Portland Fire,Las Vegas Aces
2026-06-11T08:08:31.059817+00:00,b4000f482eecfb6c07655906beedad16,2026-06-12T02:10:00Z,fanduel,FanDuel,player_rebounds,Over,Jewell Loyd,2.5,-128,2026-06-11T08:07:25Z,Portland Fire,Las Vegas Aces
2026-06-11T08:08:31.059817+00:00,b4000f482eecfb6c07655906beedad16,2026-06-12T02:10:00Z,fanduel,FanDuel,player_rebounds,Under,Jewell Loyd,2.5,-104,2026-06-11T08:07:25Z,Portland Fire,Las Vegas Aces
2026-06-11T08:08:31.059817+00:00,b4000f482eecfb6c07655906beedad16,2026-06-12T02:10:00Z,fanduel,FanDuel,player_rebounds_assists,Over,Chelsea Gray,10.5,-136,2026-06-11T08:07:25Z,Portland Fire,Las Vegas Aces
2026-06-11T08:08:31.059817+00:00,b4000f482eecfb6c07655906beedad16,2026-06-12T02:10:00Z,fanduel,FanDuel,player_rebounds_assists,Under,Chelsea Gray,10.5,102,2026-06-11T08:07:25Z,Portland Fire,Las Vegas Aces
2026-06-11T08:08:31.059817+00:00,b4000f482eecfb6c07655906beedad16,2026-06-12T02:10:00Z,fanduel,FanDuel,player_rebounds_assists,Over,Jackie Young,11.5,104,2026-06-11T08:07:25Z,Portland Fire,Las Vegas Aces
2026-06-11T08:08:31.059817+00:00,b4000f482eecfb6c07655906beedad16,2026-06-12T02:10:00Z,fanduel,FanDuel,player_rebounds_assists,Under,Jackie Young,11.5,-138,2026-06-11T08:07:25Z,Portland Fire,Las Vegas Aces
2026-06-11T08:08:31.059817+00:00,b4000f482eecfb6c07655906beedad16,2026-06-12T02:10:00Z,fanduel,FanDuel,player_rebounds_assists,Over,Sarah Ashlee Barker,7.5,104,2026-06-11T08:07:25Z,Portland Fire,Las Vegas Aces
2026-06-11T08:08:31.059817+00:00,b4000f482eecfb6c07655906beedad16,2026-06-12T02:10:00Z,fanduel,FanDuel,player_rebounds_assists,Under,Sarah Ashlee Barker,7.5,-138,2026-06-11T08:07:25Z,Portland Fire,Las Vegas Aces
2026-06-11T08:08:31.059817+00:00,b4000f482eecfb6c07655906beedad16,2026-06-12T02:10:00Z,fanduel,FanDuel,player_rebounds_assists,Over,A'ja Wilson,13.5,-114,2026-06-11T08:07:25Z,Portland Fire,Las Vegas Aces
2026-06-11T08:08:31.059817+00:00,b4000f482eecfb6c07655906beedad16,2026-06-12T02:10:00Z,fanduel,FanDuel,player_rebounds_assists,Under,A'ja Wilson,13.5,-114,2026-06-11T08:07:25Z,Portland Fire,Las Vegas Aces
2026-06-11T08:08:31.059817+00:00,b4000f482eecfb6c07655906beedad16,2026-06-12T02:10:00Z,fanduel,FanDuel,player_rebounds_assists,Over,Jewell Loyd,4.5,102,2026-06-11T08:07:25Z,Portland Fire,Las Vegas Aces
2026-06-11T08:08:31.059817+00:00,b4000f482eecfb6c07655906beedad16,2026-06-12T02:10:00Z,fanduel,FanDuel,player_rebounds_assists,Under,Jewell Loyd,4.5,-136,2026-06-11T08:07:25Z,Portland Fire,Las Vegas Aces
2026-06-11T08:08:31.059817+00:00,b4000f482eecfb6c07655906beedad16,2026-06-12T02:10:00Z,fanduel,FanDuel,player_threes,Over,Jackie Young,1.5,-200,2026-06-11T08:07:25Z,Portland Fire,Las Vegas Aces
2026-06-11T08:08:31.059817+00:00,b4000f482eecfb6c07655906beedad16,2026-06-12T02:10:00Z,fanduel,FanDuel,player_threes,Under,Jackie Young,1.5,148,2026-06-11T08:07:25Z,Portland Fire,Las Vegas Aces
2026-06-11T08:08:31.059817+00:00,b4000f482eecfb6c07655906beedad16,2026-06-12T02:10:00Z,fanduel,FanDuel,player_threes,Over,Chelsea Gray,1.5,-114,2026-06-11T08:07:25Z,Portland Fire,Las Vegas Aces
2026-06-11T08:08:31.059817+00:00,b4000f482eecfb6c07655906beedad16,2026-06-12T02:10:00Z,fanduel,FanDuel,player_threes,Under,Chelsea Gray,1.5,-114,2026-06-11T08:07:25Z,Portland Fire,Las Vegas Aces
2026-06-11T08:08:31.059817+00:00,b4000f482eecfb6c07655906beedad16,2026-06-12T02:10:00Z,fanduel,FanDuel,player_threes,Over,A'ja Wilson,1.5,194,2026-06-11T08:07:25Z,Portland Fire,Las Vegas Aces
2026-06-11T08:08:31.059817+00:00,b4000f482eecfb6c07655906beedad16,2026-06-12T02:10:00Z,fanduel,FanDuel,player_threes,Under,A'ja Wilson,1.5,-270,2026-06-11T08:07:25Z,Portland Fire,Las Vegas Aces
2026-06-11T08:08:31.059817+00:00,b4000f482eecfb6c07655906beedad16,2026-06-12T02:10:00Z,fanduel,FanDuel,player_threes,Over,Bridget Carleton,1.5,-200,2026-06-11T08:07:25Z,Portland Fire,Las Vegas Aces
2026-06-11T08:08:31.059817+00:00,b4000f482eecfb6c07655906beedad16,2026-06-12T02:10:00Z,fanduel,FanDuel,player_threes,Under,Bridget Carleton,1.5,148,2026-06-11T08:07:25Z,Portland Fire,Las Vegas Aces
2026-06-11T08:08:31.059817+00:00,b4000f482eecfb6c07655906beedad16,2026-06-12T02:10:00Z,fanduel,FanDuel,player_threes,Over,Sarah Ashlee Barker,1.5,126,2026-06-11T08:07:25Z,Portland Fire,Las Vegas Aces
2026-06-11T08:08:31.059817+00:00,b4000f482eecfb6c07655906beedad16,2026-06-12T02:10:00Z,fanduel,FanDuel,player_threes,Under,Sarah Ashlee Barker,1.5,-168,2026-06-11T08:07:25Z,Portland Fire,Las Vegas Aces
2026-06-11T08:08:31.059817+00:00,b4000f482eecfb6c07655906beedad16,2026-06-12T02:10:00Z,fanduel,FanDuel,player_threes,Over,Jewell Loyd,1.5,-114,2026-06-11T08:07:25Z,Portland Fire,Las Vegas Aces
2026-06-11T08:08:31.059817+00:00,b4000f482eecfb6c07655906beedad16,2026-06-12T02:10:00Z,fanduel,FanDuel,player_threes,Under,Jewell Loyd,1.5,-114,2026-06-11T08:07:25Z,Portland Fire,Las Vegas Aces
2026-06-11T08:08:31.059817+00:00,b4000f482eecfb6c07655906beedad16,2026-06-12T02:10:00Z,fanatics,Fanatics,player_double_double,Yes,A'ja Wilson,,-160,2026-06-11T08:07:53Z,Portland Fire,Las Vegas Aces
2026-06-11T08:08:31.059817+00:00,b4000f482eecfb6c07655906beedad16,2026-06-12T02:10:00Z,fanatics,Fanatics,player_double_double,Yes,Jackie Young,,425,2026-06-11T08:07:53Z,Portland Fire,Las Vegas Aces
2026-06-11T08:08:31.059817+00:00,b4000f482eecfb6c07655906beedad16,2026-06-12T02:10:00Z,fanatics,Fanatics,player_double_double,Yes,Chelsea Gray,,450,2026-06-11T08:07:53Z,Portland Fire,Las Vegas Aces
2026-06-11T08:08:31.059817+00:00,b4000f482eecfb6c07655906beedad16,2026-06-12T02:10:00Z,fanatics,Fanatics,player_double_double,Yes,Carla Leite,,1500,2026-06-11T08:07:53Z,Portland Fire,Las Vegas Aces
2026-06-11T08:08:31.059817+00:00,b4000f482eecfb6c07655906beedad16,2026-06-12T02:10:00Z,fanatics,Fanatics,player_double_double,Yes,Sarah Ashlee Barker,,2800,2026-06-11T08:07:53Z,Portland Fire,Las Vegas Aces
2026-06-11T08:08:31.059817+00:00,b4000f482eecfb6c07655906beedad16,2026-06-12T02:10:00Z,williamhill_us,Caesars,player_assists,Over,Jackie Young,6.5,-109,2026-06-11T08:07:57Z,Portland Fire,Las Vegas Aces
2026-06-11T08:08:31.059817+00:00,b4000f482eecfb6c07655906beedad16,2026-06-12T02:10:00Z,williamhill_us,Caesars,player_assists,Under,Jackie Young,6.5,-122,2026-06-11T08:07:57Z,Portland Fire,Las Vegas Aces
2026-06-11T08:08:31.059817+00:00,b4000f482eecfb6c07655906beedad16,2026-06-12T02:10:00Z,williamhill_us,Caesars,player_assists,Over,Carla Leite,5.5,118,2026-06-11T08:07:57Z,Portland Fire,Las Vegas Aces
2026-06-11T08:08:31.059817+00:00,b4000f482eecfb6c07655906beedad16,2026-06-12T02:10:00Z,williamhill_us,Caesars,player_assists,Under,Carla Leite,5.5,-157,2026-06-11T08:07:57Z,Portland Fire,Las Vegas Aces
2026-06-11T08:08:31.059817+00:00,b4000f482eecfb6c07655906beedad16,2026-06-12T02:10:00Z,williamhill_us,Caesars,player_assists,Over,A'ja Wilson,3.5,125,2026-06-11T08:07:57Z,Portland Fire,Las Vegas Aces
2026-06-11T08:08:31.059817+00:00,b4000f482eecfb6c07655906beedad16,2026-06-12T02:10:00Z,williamhill_us,Caesars,player_assists,Under,A'ja Wilson,3.5,-170,2026-06-11T08:07:57Z,Portland Fire,Las Vegas Aces
2026-06-11T08:08:31.059817+00:00,b4000f482eecfb6c07655906beedad16,2026-06-12T02:10:00Z,williamhill_us,Caesars,player_assists,Over,Chelsea Gray,6.5,-150,2026-06-11T08:07:57Z,Portland Fire,Las Vegas Aces
2026-06-11T08:08:31.059817+00:00,b4000f482eecfb6c07655906beedad16,2026-06-12T02:10:00Z,williamhill_us,Caesars,player_assists,Under,Chelsea Gray,6.5,112,2026-06-11T08:07:57Z,Portland Fire,Las Vegas Aces
2026-06-11T08:08:31.059817+00:00,b4000f482eecfb6c07655906beedad16,2026-06-12T02:10:00Z,williamhill_us,Caesars,player_double_double,Yes,A'ja Wilson,,-190,2026-06-11T08:07:57Z,Portland Fire,Las Vegas Aces
2026-06-11T08:08:31.059817+00:00,b4000f482eecfb6c07655906beedad16,2026-06-12T02:10:00Z,williamhill_us,Caesars,player_double_double,Yes,Jackie Young,,425,2026-06-11T08:07:57Z,Portland Fire,Las Vegas Aces
2026-06-11T08:08:31.059817+00:00,b4000f482eecfb6c07655906beedad16,2026-06-12T02:10:00Z,williamhill_us,Caesars,player_double_double,Yes,Chelsea Gray,,525,2026-06-11T08:07:57Z,Portland Fire,Las Vegas Aces
2026-06-11T08:08:31.059817+00:00,b4000f482eecfb6c07655906beedad16,2026-06-12T02:10:00Z,williamhill_us,Caesars,player_double_double,Yes,NaLyssa Smith,,550,2026-06-11T08:07:57Z,Portland Fire,Las Vegas Aces
2026-06-11T08:08:31.059817+00:00,b4000f482eecfb6c07655906beedad16,2026-06-12T02:10:00Z,williamhill_us,Caesars,player_double_double,Yes,Emily Engstler,,1500,2026-06-11T08:07:57Z,Portland Fire,Las Vegas Aces
2026-06-11T08:08:31.059817+00:00,b4000f482eecfb6c07655906beedad16,2026-06-12T02:10:00Z,williamhill_us,Caesars,player_double_double,Yes,Carla Leite,,1700,2026-06-11T08:07:57Z,Portland Fire,Las Vegas Aces
2026-06-11T08:08:31.059817+00:00,b4000f482eecfb6c07655906beedad16,2026-06-12T02:10:00Z,williamhill_us,Caesars,player_points,Over,Jackie Young,17.5,-122,2026-06-11T08:07:57Z,Portland Fire,Las Vegas Aces
2026-06-11T08:08:31.059817+00:00,b4000f482eecfb6c07655906beedad16,2026-06-12T02:10:00Z,williamhill_us,Caesars,player_points,Under,Jackie Young,17.5,-109,2026-06-11T08:07:57Z,Portland Fire,Las Vegas Aces
2026-06-11T08:08:31.059817+00:00,b4000f482eecfb6c07655906beedad16,2026-06-12T02:10:00Z,williamhill_us,Caesars,player_points,Over,A'ja Wilson,26.5,-112,2026-06-11T08:07:57Z,Portland Fire,Las Vegas Aces
2026-06-11T08:08:31.059817+00:00,b4000f482eecfb6c07655906beedad16,2026-06-12T02:10:00Z,williamhill_us,Caesars,player_points,Under,A'ja Wilson,26.5,-120,2026-06-11T08:07:57Z,Portland Fire,Las Vegas Aces
2026-06-11T08:08:31.059817+00:00,b4000f482eecfb6c07655906beedad16,2026-06-12T02:10:00Z,williamhill_us,Caesars,player_points,Over,Chelsea Gray,11.5,-117,2026-06-11T08:07:57Z,Portland Fire,Las Vegas Aces
2026-06-11T08:08:31.059817+00:00,b4000f482eecfb6c07655906beedad16,2026-06-12T02:10:00Z,williamhill_us,Caesars,player_points,Under,Chelsea Gray,11.5,-114,2026-06-11T08:07:57Z,Portland Fire,Las Vegas Aces
2026-06-11T08:08:31.059817+00:00,b4000f482eecfb6c07655906beedad16,2026-06-12T02:10:00Z,williamhill_us,Caesars,player_points,Over,NaLyssa Smith,10.5,-102,2026-06-11T08:07:57Z,Portland Fire,Las Vegas Aces
2026-06-11T08:08:31.059817+00:00,b4000f482eecfb6c07655906beedad16,2026-06-12T02:10:00Z,williamhill_us,Caesars,player_points,Under,NaLyssa Smith,10.5,-132,2026-06-11T08:07:57Z,Portland Fire,Las Vegas Aces
2026-06-11T08:08:31.059817+00:00,b4000f482eecfb6c07655906beedad16,2026-06-12T02:10:00Z,williamhill_us,Caesars,player_points,Over,Carla Leite,13.5,-114,2026-06-11T08:07:57Z,Portland Fire,Las Vegas Aces
2026-06-11T08:08:31.059817+00:00,b4000f482eecfb6c07655906beedad16,2026-06-12T02:10:00Z,williamhill_us,Caesars,player_points,Under,Carla Leite,13.5,-117,2026-06-11T08:07:57Z,Portland Fire,Las Vegas Aces
2026-06-11T08:08:31.059817+00:00,b4000f482eecfb6c07655906beedad16,2026-06-12T02:10:00Z,williamhill_us,Caesars,player_points,Over,Sarah Ashlee Barker,10.5,-107,2026-06-11T08:07:57Z,Portland Fire,Las Vegas Aces
2026-06-11T08:08:31.059817+00:00,b4000f482eecfb6c07655906beedad16,2026-06-12T02:10:00Z,williamhill_us,Caesars,player_points,Under,Sarah Ashlee Barker,10.5,-125,2026-06-11T08:07:57Z,Portland Fire,Las Vegas Aces
2026-06-11T08:08:31.059817+00:00,b4000f482eecfb6c07655906beedad16,2026-06-12T02:10:00Z,williamhill_us,Caesars,player_points,Over,Bridget Carleton,13.5,-106,2026-06-11T08:07:57Z,Portland Fire,Las Vegas Aces
2026-06-11T08:08:31.059817+00:00,b4000f482eecfb6c07655906beedad16,2026-06-12T02:10:00Z,williamhill_us,Caesars,player_points,Under,Bridget Carleton,13.5,-127,2026-06-11T08:07:57Z,Portland Fire,Las Vegas Aces
2026-06-11T08:08:31.059817+00:00,b4000f482eecfb6c07655906beedad16,2026-06-12T02:10:00Z,williamhill_us,Caesars,player_points,Over,Emily Engstler,10.5,-120,2026-06-11T08:07:57Z,Portland Fire,Las Vegas Aces
2026-06-11T08:08:31.059817+00:00,b4000f482eecfb6c07655906beedad16,2026-06-12T02:10:00Z,williamhill_us,Caesars,player_points,Under,Emily Engstler,10.5,-112,2026-06-11T08:07:57Z,Portland Fire,Las Vegas Aces
2026-06-11T08:08:31.059817+00:00,b4000f482eecfb6c07655906beedad16,2026-06-12T02:10:00Z,williamhill_us,Caesars,player_points,Over,Jewell Loyd,8.5,-105,2026-06-11T08:07:57Z,Portland Fire,Las Vegas Aces
2026-06-11T08:08:31.059817+00:00,b4000f482eecfb6c07655906beedad16,2026-06-12T02:10:00Z,williamhill_us,Caesars,player_points,Under,Jewell Loyd,8.5,-129,2026-06-11T08:07:57Z,Portland Fire,Las Vegas Aces
2026-06-11T08:08:31.059817+00:00,b4000f482eecfb6c07655906beedad16,2026-06-12T02:10:00Z,williamhill_us,Caesars,player_rebounds,Over,Jackie Young,4.5,-117,2026-06-11T08:07:57Z,Portland Fire,Las Vegas Aces
2026-06-11T08:08:31.059817+00:00,b4000f482eecfb6c07655906beedad16,2026-06-12T02:10:00Z,williamhill_us,Caesars,player_rebounds,Under,Jackie Young,4.5,-115,2026-06-11T08:07:57Z,Portland Fire,Las Vegas Aces
2026-06-11T08:08:31.059817+00:00,b4000f482eecfb6c07655906beedad16,2026-06-12T02:10:00Z,williamhill_us,Caesars,player_rebounds,Over,A'ja Wilson,10.5,-112,2026-06-11T08:07:57Z,Portland Fire,Las Vegas Aces
2026-06-11T08:08:31.059817+00:00,b4000f482eecfb6c07655906beedad16,2026-06-12T02:10:00Z,williamhill_us,Caesars,player_rebounds,Under,A'ja Wilson,10.5,-120,2026-06-11T08:07:57Z,Portland Fire,Las Vegas Aces
2026-06-11T08:08:31.059817+00:00,b4000f482eecfb6c07655906beedad16,2026-06-12T02:10:00Z,williamhill_us,Caesars,player_rebounds,Over,Chelsea Gray,3.5,-145,2026-06-11T08:07:57Z,Portland Fire,Las Vegas Aces
2026-06-11T08:08:31.059817+00:00,b4000f482eecfb6c07655906beedad16,2026-06-12T02:10:00Z,williamhill_us,Caesars,player_rebounds,Under,Chelsea Gray,3.5,109,2026-06-11T08:07:57Z,Portland Fire,Las Vegas Aces
2026-06-11T08:08:31.059817+00:00,b4000f482eecfb6c07655906beedad16,2026-06-12T02:10:00Z,williamhill_us,Caesars,player_rebounds,Over,Emily Engstler,5.5,111,2026-06-11T08:07:57Z,Portland Fire,Las Vegas Aces
2026-06-11T08:08:31.059817+00:00,b4000f482eecfb6c07655906beedad16,2026-06-12T02:10:00Z,williamhill_us,Caesars,player_rebounds,Under,Emily Engstler,5.5,-148,2026-06-11T08:07:57Z,Portland Fire,Las Vegas Aces
2026-06-11T08:08:31.059817+00:00,b4000f482eecfb6c07655906beedad16,2026-06-12T02:10:00Z,williamhill_us,Caesars,player_rebounds,Over,Bridget Carleton,3.5,-121,2026-06-11T08:07:57Z,Portland Fire,Las Vegas Aces
2026-06-11T08:08:31.059817+00:00,b4000f482eecfb6c07655906beedad16,2026-06-12T02:10:00Z,williamhill_us,Caesars,player_rebounds,Under,Bridget Carleton,3.5,-110,2026-06-11T08:07:57Z,Portland Fire,Las Vegas Aces
2026-06-11T08:08:31.059817+00:00,b4000f482eecfb6c07655906beedad16,2026-06-12T02:10:00Z,williamhill_us,Caesars,player_rebounds,Over,Sarah Ashlee Barker,4.5,-114,2026-06-11T08:07:57Z,Portland Fire,Las Vegas Aces
2026-06-11T08:08:31.059817+00:00,b4000f482eecfb6c07655906beedad16,2026-06-12T02:10:00Z,williamhill_us,Caesars,player_rebounds,Under,Sarah Ashlee Barker,4.5,-117,2026-06-11T08:07:57Z,Portland Fire,Las Vegas Aces
2026-06-11T08:08:31.059817+00:00,b4000f482eecfb6c07655906beedad16,2026-06-12T02:10:00Z,williamhill_us,Caesars,player_rebounds,Over,NaLyssa Smith,6.5,-139,2026-06-11T08:07:57Z,Portland Fire,Las Vegas Aces
2026-06-11T08:08:31.059817+00:00,b4000f482eecfb6c07655906beedad16,2026-06-12T02:10:00Z,williamhill_us,Caesars,player_rebounds,Under,NaLyssa Smith,6.5,104,2026-06-11T08:07:57Z,Portland Fire,Las Vegas Aces
2026-06-11T08:08:31.059817+00:00,b4000f482eecfb6c07655906beedad16,2026-06-12T02:10:00Z,williamhill_us,Caesars,player_threes,Over,Jackie Young,2.5,134,2026-06-11T08:07:57Z,Portland Fire,Las Vegas Aces
2026-06-11T08:08:31.059817+00:00,b4000f482eecfb6c07655906beedad16,2026-06-12T02:10:00Z,williamhill_us,Caesars,player_threes,Under,Jackie Young,2.5,-179,2026-06-11T08:07:57Z,Portland Fire,Las Vegas Aces
2026-06-11T08:08:31.059817+00:00,b4000f482eecfb6c07655906beedad16,2026-06-12T02:10:00Z,williamhill_us,Caesars,player_threes,Over,Sarah Ashlee Barker,1.5,133,2026-06-11T08:07:57Z,Portland Fire,Las Vegas Aces
2026-06-11T08:08:31.059817+00:00,b4000f482eecfb6c07655906beedad16,2026-06-12T02:10:00Z,williamhill_us,Caesars,player_threes,Under,Sarah Ashlee Barker,1.5,-179,2026-06-11T08:07:57Z,Portland Fire,Las Vegas Aces
2026-06-11T08:08:31.059817+00:00,b4000f482eecfb6c07655906beedad16,2026-06-12T02:10:00Z,williamhill_us,Caesars,player_threes,Over,A'ja Wilson,1.5,174,2026-06-11T08:07:57Z,Portland Fire,Las Vegas Aces
2026-06-11T08:08:31.059817+00:00,b4000f482eecfb6c07655906beedad16,2026-06-12T02:10:00Z,williamhill_us,Caesars,player_threes,Under,A'ja Wilson,1.5,-240,2026-06-11T08:07:57Z,Portland Fire,Las Vegas Aces
2026-06-11T08:08:31.059817+00:00,b4000f482eecfb6c07655906beedad16,2026-06-12T02:10:00Z,williamhill_us,Caesars,player_threes,Over,Chelsea Gray,1.5,-120,2026-06-11T08:07:57Z,Portland Fire,Las Vegas Aces
2026-06-11T08:08:31.059817+00:00,b4000f482eecfb6c07655906beedad16,2026-06-12T02:10:00Z,williamhill_us,Caesars,player_threes,Under,Chelsea Gray,1.5,-112,2026-06-11T08:07:57Z,Portland Fire,Las Vegas Aces
2026-06-11T08:08:31.059817+00:00,b4000f482eecfb6c07655906beedad16,2026-06-12T02:10:00Z,williamhill_us,Caesars,player_threes,Over,Jewell Loyd,1.5,-117,2026-06-11T08:07:57Z,Portland Fire,Las Vegas Aces
2026-06-11T08:08:31.059817+00:00,b4000f482eecfb6c07655906beedad16,2026-06-12T02:10:00Z,williamhill_us,Caesars,player_threes,Under,Jewell Loyd,1.5,-114,2026-06-11T08:07:57Z,Portland Fire,Las Vegas Aces
2026-06-11T08:08:31.059817+00:00,b4000f482eecfb6c07655906beedad16,2026-06-12T02:10:00Z,williamhill_us,Caesars,player_threes,Over,Bridget Carleton,1.5,-193,2026-06-11T08:07:57Z,Portland Fire,Las Vegas Aces
2026-06-11T08:08:31.059817+00:00,b4000f482eecfb6c07655906beedad16,2026-06-12T02:10:00Z,williamhill_us,Caesars,player_threes,Under,Bridget Carleton,1.5,142,2026-06-11T08:07:57Z,Portland Fire,Las Vegas Aces
