player_id,player_name,team,asof_date,is_home,days_rest,games_last7,games_last14,season_game_number,lag1_pts,lag1_reb,lag1_ast,lag1_threes,lag1_fg3a,lag1_stl,lag1_blk,lag1_tov,lag1_fgm,lag1_fga,lag1_fg_pct,lag1_ftm,lag1_fta,lag1_ft_pct,lag1_oreb,lag1_dreb,lag1_pf,lag1_plus_minus,lag1_min,lag1_pts_per_min,lag1_reb_per_min,lag1_ast_per_min,lag1_fg3m_per_min,lag1_fg3a_per_min,lag1_fga_per_min,lag1_fta_per_min,lag1_tov_per_min,lag1_usage_per_min,b2b,roll3_min,roll3_min_std,roll3_pts,roll3_reb,roll3_ast,roll3_threes,roll3_fg3a,roll3_stl,roll3_blk,roll3_tov,roll3_fgm,roll3_fga,roll3_fg_pct,roll3_ftm,roll3_fta,roll3_ft_pct,roll3_oreb,roll3_dreb,roll3_pf,roll3_plus_minus,roll3_pts_per_min,roll3_pts_per_min_std,roll3_reb_per_min,roll3_reb_per_min_std,roll3_ast_per_min,roll3_ast_per_min_std,roll3_fg3m_per_min,roll3_fg3m_per_min_std,roll3_fg3a_per_min,roll3_fg3a_per_min_std,roll3_fga_per_min,roll3_fga_per_min_std,roll3_fta_per_min,roll3_fta_per_min_std,roll3_tov_per_min,roll3_tov_per_min_std,roll3_usage_per_min,roll3_usage_per_min_std,roll5_min,roll5_min_std,roll5_pts,roll5_reb,roll5_ast,roll5_threes,roll5_fg3a,roll5_stl,roll5_blk,roll5_tov,roll5_fgm,roll5_fga,roll5_fg_pct,roll5_ftm,roll5_fta,roll5_ft_pct,roll5_oreb,roll5_dreb,roll5_pf,roll5_plus_minus,roll5_pts_per_min,roll5_pts_per_min_std,roll5_reb_per_min,roll5_reb_per_min_std,roll5_ast_per_min,roll5_ast_per_min_std,roll5_fg3m_per_min,roll5_fg3m_per_min_std,roll5_fg3a_per_min,roll5_fg3a_per_min_std,roll5_fga_per_min,roll5_fga_per_min_std,roll5_fta_per_min,roll5_fta_per_min_std,roll5_tov_per_min,roll5_tov_per_min_std,roll5_usage_per_min,roll5_usage_per_min_std,roll10_min,roll10_min_std,roll10_pts,roll10_reb,roll10_ast,roll10_threes,roll10_fg3a,roll10_stl,roll10_blk,roll10_tov,roll10_fgm,roll10_fga,roll10_fg_pct,roll10_ftm,roll10_fta,roll10_ft_pct,roll10_oreb,roll10_dreb,roll10_pf,roll10_plus_minus,roll10_pts_per_min,roll10_pts_per_min_std,roll10_reb_per_min,roll10_reb_per_min_std,roll10_ast_per_min,roll10_ast_per_min_std,roll10_fg3m_per_min,roll10_fg3m_per_min_std,roll10_fg3a_per_min,roll10_fg3a_per_min_std,roll10_fga_per_min,roll10_fga_per_min_std,roll10_fta_per_min,roll10_fta_per_min_std,roll10_tov_per_min,roll10_tov_per_min_std,roll10_usage_per_min,roll10_usage_per_min_std,pred_min,pred_pts,pred_reb,pred_ast,pred_threes,pred_stl,pred_blk,pred_tov,pred_pra,pred_pr,pred_pa,pred_ra,pred_stocks,mean_pts,mean_reb,mean_ast,mean_threes,mean_pra,mean_stl,mean_blk,mean_tov
869,DeWanna Bonner,PHX,2026-06-24,0.0,31.0,0.0,0.0,10.0,4,3,1,0,3,2,0,0,2,7,,0,0,,1,2,0,-7,24.0,0.1666666666666666,0.125,0.0416666666666666,0.0,0.125,0.2916666666666667,0.0,0.0,0.2916666666666667,0.0,28.0,3.464101615137753,8.666666666666666,4.0,1.0,0.3333333333333333,4.0,2.0,0.3333333333333333,0.6666666666666666,3.0,8.333333333333334,,2.333333333333333,2.333333333333333,,1.0,3.0,1.0,-5.666666666666667,0.3,0.1333333333333334,0.1416666666666666,0.0220479275922048,0.0361111111111111,0.0048112522432467,0.0111111111111111,0.0192450089729875,0.1416666666666666,0.0220479275922048,0.2972222222222222,0.0668400523084219,0.0777777777777777,0.0838870492807861,0.0222222222222222,0.0192450089729873,0.3536666666666666,0.1036570199155742,29.4,3.286335345030997,10.0,5.2,1.0,0.6,4.4,1.4,0.6,1.0,3.6,9.6,,2.2,2.2,,1.0,4.2,1.6,-4.2,0.3351515151515151,0.1475947346394734,0.174090909090909,0.0476502505011159,0.0349999999999999,0.0238630351054605,0.02,0.0298142396999972,0.1504545454545454,0.0754683874366988,0.3274242424242424,0.1297738550075714,0.0721212121212121,0.0598590324422467,0.0321212121212121,0.0214916645169661,0.3912787878787879,0.1379195151304224,26.22222222222222,6.685390373377192,9.0,5.333333333333333,1.2222222222222223,0.7777777777777778,3.888888888888889,1.0,0.7777777777777778,1.1111111111111112,3.333333333333333,8.777777777777779,,1.5555555555555556,1.5555555555555556,,0.7777777777777778,4.555555555555555,1.5555555555555556,3.111111111111111,0.3585849436392914,0.161142899523485,0.2069499341238471,0.0629000672101679,0.0447930390865173,0.0340751285773081,0.0310935441370223,0.0465559873473634,0.1520467354706485,0.0589187062322299,0.347539708681013,0.1116937044823287,0.0620580808080808,0.0656060715410446,0.0539260357195139,0.075994402448437,0.4287712999560825,0.1808215962502516,27.534444444444443,8.5,4.536666666666666,1.0444444444444445,0.4655555555555555,0.6057577777777777,0.4956199999999999,1.6520666666666666,14.08111111111111,13.036666666666664,9.544444444444444,5.581111111111111,1.1013777777777776,8.5,4.536666666666666,1.0444444444444445,0.4655555555555555,14.08111111111111,0.6057577777777777,0.4956199999999999,1.6520666666666666
887,Sami Whitcomb,PHX,2026-06-24,0.0,31.0,0.0,0.0,9.0,0,0,0,0,0,0,0,0,0,0,,0,0,,0,0,0,0,0.0,,,,,,,,,,0.0,0.0,0.0,0.0,0.0,0.0,0.0,0.0,0.0,0.0,0.0,0.0,0.0,,0.0,0.0,,0.0,0.0,0.0,0.0,,,,,,,,,,,,,,,,,,,0.0,0.0,0.0,0.0,0.0,0.0,0.0,0.0,0.0,0.0,0.0,0.0,,0.0,0.0,,0.0,0.0,0.0,0.0,,,,,,,,,,,,,,,,,,,4.25,8.154753215150047,1.875,0.5,0.25,0.5,0.75,0.0,0.0,0.375,0.5,0.875,,0.375,0.375,,0.0,0.5,0.375,3.625,0.4010989010989011,0.2408825298547579,0.1391941391941392,0.1295067364810526,0.0769230769230769,0.1087856586440842,0.1098901098901098,0.0466224251331789,0.1575091575091575,0.1139659281033263,0.1959706959706959,0.0595730987812842,0.0714285714285714,0.101015254455221,0.086080586080586,0.0129506736481052,0.3134798534798535,0.1169704843896867,8.0,0.375,0.1,0.05,0.1,0.176,0.144,0.48,0.525,0.475,0.425,0.15,0.3199999999999999,0.375,0.1,0.05,0.1,0.525,0.176,0.144,0.48
981,Courtney Vandersloot,CHI,2026-06-24,0.0,32.0,0.0,0.0,5.0,0,0,0,0,0,0,0,0,0,0,,0,0,,0,0,0,0,0.0,,,,,,,,,,0.0,0.0,0.0,0.0,0.0,0.0,0.0,0.0,0.0,0.0,0.0,0.0,0.0,,0.0,0.0,,0.0,0.0,0.0,0.0,,,,,,,,,,,,,,,,,,,0.0,0.0,0.0,0.0,0.0,0.0,0.0,0.0,0.0,0.0,0.0,0.0,,0.0,0.0,,0.0,0.0,0.0,0.0,,,,,,,,,,,,,,,,,,,0.0,0.0,0.0,0.0,0.0,0.0,0.0,0.0,0.0,0.0,0.0,0.0,,0.0,0.0,,0.0,0.0,0.0,0.0,,,,,,,,,,,,,,,,,,,8.0,0.0,0.0,0.0,0.0,0.176,0.144,0.48,0.0,0.0,0.0,0.0,0.3199999999999999,0.0,0.0,0.0,0.0,0.0,0.176,0.144,0.48
1054,Tiffany Hayes,GSV,2026-06-24,0.0,33.0,0.0,0.0,5.0,19,2,2,2,2,1,0,2,7,13,,3,3,,0,2,3,0,26.0,0.7307692307692307,0.0769230769230769,0.0769230769230769,0.0769230769230769,0.0769230769230769,0.5,0.1153846153846153,0.0769230769230769,0.6276923076923077,1.0,14.666666666666666,11.015141094572204,9.666666666666666,1.0,1.6666666666666667,1.0,2.333333333333333,0.3333333333333333,0.0,0.6666666666666666,3.0,7.0,,2.6666666666666665,3.0,,0.0,1.0,1.6666666666666667,-1.0,0.5412087912087912,0.2559961989136356,0.0494505494505494,0.0429134597577288,0.1565934065934066,0.0873522697559596,0.0494505494505494,0.0429134597577288,0.2042124542124542,0.1116728110555944,0.4166666666666667,0.1443375672974064,0.3003663003663003,0.19272586663635,0.0256410256410256,0.0444115591684327,0.5744688644688645,0.0904780961078252,13.5,9.291573243177568,8.5,0.75,1.5,1.0,2.25,0.5,0.0,0.75,2.75,6.25,,2.0,2.25,,0.0,0.75,1.5,-2.5,0.5309065934065934,0.2100331172863989,0.037087912087912,0.0428841372672824,0.1424450549450549,0.0767310200536498,0.062087912087912,0.0432032609490492,0.2031593406593406,0.0912047916065561,0.4125,0.1181453906563152,0.2252747252747252,0.2175250599649523,0.0442307692307692,0.051934946411613,0.5558516483516484,0.082728029474206,13.5,9.291573243177568,8.5,0.75,1.5,1.0,2.25,0.5,0.0,0.75,2.75,6.25,,2.0,2.25,,0.0,0.75,1.5,-2.5,0.5309065934065934,0.2100331172863989,0.037087912087912,0.0428841372672824,0.1424450549450549,0.0767310200536498,0.062087912087912,0.0432032609490492,0.2031593406593406,0.0912047916065561,0.4125,0.1181453906563152,0.2252747252747252,0.2175250599649523,0.0442307692307692,0.051934946411613,0.5558516483516484,0.082728029474206,15.253249999999998,10.11225,0.982125,1.57625,1.1155,0.3355714999999999,0.2745584999999999,0.915195,12.670625,11.094375,11.6885,2.558375,0.6101299999999998,10.11225,0.982125,1.57625,1.1155,12.670625,0.3355714999999999,0.2745584999999999,0.915195
2491205,Skylar Diggins,CHI,2026-06-24,0.0,32.0,0.0,0.0,8.0,13,6,6,0,1,1,0,3,4,12,,5,7,,2,4,3,-13,32.0,0.40625,0.1875,0.1875,0.0,0.03125,0.375,0.21875,0.09375,0.565,0.0,22.0,19.078784028338912,9.333333333333334,2.333333333333333,3.333333333333333,0.6666666666666666,2.333333333333333,0.6666666666666666,0.3333333333333333,1.6666666666666667,3.333333333333333,8.666666666666666,,2.0,3.0,,0.6666666666666666,1.6666666666666667,2.0,-8.333333333333334,0.4237132352941176,0.0246967441958522,0.1084558823529411,0.1117852632022851,0.1525735294117647,0.0493934883917074,0.0294117647058823,0.0415945165403851,0.103860294117647,0.1026864627090758,0.3933823529411764,0.0259965728377407,0.1387867647058823,0.1130850918441721,0.0762867647058823,0.0246967441958536,0.5307352941176471,0.0484576117695486,22.4,15.582040944625964,8.6,2.8,4.0,0.6,2.6,0.8,0.6,1.0,3.0,9.4,,2.0,3.0,,0.6,2.2,2.2,-5.2,0.3221507352941176,0.215397333548353,0.1326593137254901,0.0707846574390112,0.1902573529411764,0.0550550703377645,0.0220588235294117,0.0281596208163628,0.1230085784313725,0.0663641413437683,0.4185049019607843,0.0393876438235005,0.1135110294117647,0.1015129276366536,0.0381433823529411,0.0462947068362611,0.506593137254902,0.0666700006375113,22.714285714285715,13.864995320521937,10.142857142857142,3.7142857142857135,4.428571428571429,0.7142857142857143,2.571428571428572,0.7142857142857143,0.7142857142857143,1.1428571428571428,3.571428571428572,9.142857142857142,,2.2857142857142856,3.7142857142857135,,0.7142857142857143,3.0,2.0,-3.0,0.4041610962566844,0.2140999515286748,0.1558998599439776,0.1056503016587016,0.2098108182667006,0.0572524385942888,0.0248068924539512,0.029346422672704,0.1209667579152873,0.0540590902471075,0.3991331381037263,0.0428448948893443,0.1723551162889398,0.1488934064927913,0.0474346935743994,0.0387920213033188,0.5224040828452593,0.0697165415512455,23.782857142857143,9.788571428571428,3.322857142857143,4.185714285714286,0.5528571428571428,0.5232228571428571,0.4280914285714285,1.4269714285714286,17.29714285714286,13.111428571428572,13.974285714285712,7.508571428571429,0.9513142857142856,9.788571428571428,3.322857142857143,4.185714285714286,0.5528571428571428,17.29714285714286,0.5232228571428571,0.4280914285714285,1.4269714285714286
2529130,Natasha Howard,MIN,2026-06-24,0.0,32.0,0.0,0.0,9.0,26,14,5,0,0,0,0,3,11,15,,4,5,,5,9,5,16,33.0,0.7878787878787878,0.4242424242424242,0.1515151515151515,0.0,0.0,0.4545454545454545,0.1515151515151515,0.0909090909090909,0.6121212121212121,0.0,28.0,5.5677643628300215,18.666666666666668,9.666666666666666,5.0,0.0,0.3333333333333333,0.6666666666666666,0.0,3.6666666666666665,8.0,12.333333333333334,,2.6666666666666665,4.333333333333333,,4.0,5.666666666666667,3.6666666666666665,13.0,0.6549982584465344,0.115101928674504,0.3357715081853012,0.0788929486670457,0.1764193660745384,0.0567647590723853,0.0,0.0,0.0114942528735632,0.019908629972056,0.4299895506792058,0.1017763308937139,0.1570881226053639,0.0224680646783283,0.1368861024033437,0.0454635525972979,0.6359944270289097,0.071007557614803,29.6,4.979959839195495,19.2,9.0,4.2,0.0,0.2,0.6,0.6,4.4,8.2,12.0,,2.8,5.0,,4.0,5.0,3.8,11.6,0.6381221077772803,0.1249585551759282,0.3058964024481266,0.1085094093049712,0.1425018659501418,0.063441729140456,0.0,0.0,0.0068965517241379,0.0154211584655157,0.4000626959247649,0.0886749581291802,0.1699178981937602,0.0268008406410461,0.149717868338558,0.0427055444214967,0.6245444394685775,0.0712942825492092,22.625,11.673382420826329,12.75,6.5,3.125,0.0,0.25,0.5,0.375,3.375,5.5,8.875,,1.75,3.625,,3.125,3.375,3.375,6.875,0.498658648412343,0.2732015589152214,0.2761897380123981,0.1058012698050303,0.1380507833709804,0.0546135338988877,0.0,0.0,0.0120689655172413,0.0210928152913822,0.383561266319887,0.0814433085917593,0.1499413558526859,0.0705416301491536,0.1426556202418271,0.0810533493966493,0.592191083136896,0.108590457459295,28.235,18.77,9.45,4.345,0.0,0.62117,0.50823,1.6941,32.565,28.22,23.115,13.795000000000002,1.1294,18.77,9.45,4.345,0.0,32.565,0.62117,0.50823,1.6941
2529137,Natasha Cloud,CHI,2026-06-24,0.0,32.0,0.0,0.0,6.0,6,2,1,0,2,1,1,3,2,6,,2,3,,0,2,3,-7,32.0,0.1875,0.0625,0.03125,0.0,0.0625,0.1875,0.09375,0.09375,0.3225,0.0,33.0,1.7320508075688814,12.666666666666666,5.333333333333333,4.333333333333333,0.6666666666666666,3.333333333333333,0.6666666666666666,0.6666666666666666,3.6666666666666665,4.333333333333333,9.0,,3.333333333333333,4.333333333333333,,0.0,5.333333333333333,3.6666666666666665,-0.3333333333333333,0.3770833333333334,0.2082604039017818,0.1595238095238095,0.0864981518421569,0.1309523809523809,0.0943151897469691,0.0199404761904761,0.0173208149130374,0.0997023809523809,0.0405079094905244,0.2705357142857143,0.0782307957134476,0.1282738095238095,0.0882544611618358,0.1110119047619047,0.0158801447285167,0.4379880952380953,0.1176644004763369,28.0,7.176350047203663,10.4,4.6,4.0,0.6,3.0,0.8,0.4,3.0,3.8,8.4,,2.2,3.2,,0.2,4.4,4.0,-2.8,0.364897342995169,0.1511887272752341,0.1662456866804693,0.0698484159151806,0.1394409937888198,0.1271268399720275,0.0230753968253968,0.0235421913298815,0.1105460662525879,0.0428384360021578,0.3096644237405107,0.0783678998764334,0.1030512422360248,0.0849347548731112,0.1086361283643892,0.0450954044382445,0.4636430986887509,0.0978975047813748,28.0,7.176350047203663,10.4,4.6,4.0,0.6,3.0,0.8,0.4,3.0,3.8,8.4,,2.2,3.2,,0.2,4.4,4.0,-2.8,0.364897342995169,0.1511887272752341,0.1662456866804693,0.0698484159151806,0.1394409937888198,0.1271268399720275,0.0230753968253968,0.0235421913298815,0.1105460662525879,0.0428384360021578,0.3096644237405107,0.0783678998764334,0.1030512422360248,0.0849347548731112,0.1086361283643892,0.0450954044382445,0.4636430986887509,0.0978975047813748,30.1,10.42,4.43,3.65,0.53,0.6622,0.5418,1.806,18.5,14.85,14.07,8.079999999999998,1.204,10.42,4.43,3.65,0.53,18.5,0.6622,0.5418,1.806
2529140,Alyssa Thomas,PHX,2026-06-24,0.0,31.0,0.0,0.0,10.0,20,12,7,0,0,2,0,4,9,13,,2,2,,1,11,2,-1,36.0,0.5555555555555556,0.3333333333333333,0.1944444444444444,0.0,0.0,0.3611111111111111,0.0555555555555555,0.1111111111111111,0.4966666666666667,0.0,35.333333333333336,0.577350269189634,20.0,8.333333333333334,7.333333333333333,0.0,0.0,2.333333333333333,0.0,3.0,7.333333333333333,11.0,,5.333333333333333,6.333333333333333,,2.0,6.333333333333333,2.333333333333333,-2.6666666666666665,0.5661375661375662,0.0862028015001747,0.2349206349206349,0.0864168735797853,0.2076719576719576,0.0183113888684357,0.0,0.0,0.0,0.0,0.3108465608465608,0.0961344503052019,0.1804232804232804,0.1295993917869905,0.0846560846560846,0.0269996842797313,0.4748888888888889,0.1327748963149992,34.6,1.140175425099133,17.4,8.0,7.2,0.0,0.0,1.8,0.2,3.4,5.8,10.6,,5.8,7.8,,1.6,6.4,2.6,0.8,0.5015363721246074,0.132843600150906,0.2311484593837534,0.0978554500228223,0.2080256344962227,0.0229204599413355,0.0,0.0,0.0,0.0,0.3059375265257618,0.0683815077779082,0.2271487989135047,0.1269409125125145,0.0985654868007809,0.0269970218149115,0.5044484848484848,0.1045944693252791,30.77777777777778,7.562700869692285,15.333333333333334,7.111111111111111,8.11111111111111,0.0,0.0,1.7777777777777777,0.1111111111111111,3.555555555555556,5.0,9.555555555555555,,5.333333333333333,7.0,,1.2222222222222223,5.888888888888889,2.555555555555556,6.0,0.485591024806711,0.1673763522999496,0.2298231753340112,0.0694658246916149,0.2881486800475448,0.1230743439778895,0.0,0.0,0.0,0.0,0.3025081882151025,0.1601005902877209,0.2272155624064808,0.1039769096828246,0.1144270055518765,0.0685989814728829,0.5169100412258307,0.1449833912581067,34.26555555555556,18.156666666666663,8.522222222222222,7.392222222222221,0.0,0.7538422222222222,0.61678,2.0559333333333334,34.07111111111111,26.67888888888889,25.54888888888889,15.914444444444444,1.3706222222222222,18.156666666666663,8.522222222222222,7.392222222222221,0.0,34.07111111111111,0.7538422222222222,0.61678,2.0559333333333334
2529205,Kayla McBride,MIN,2026-06-24,0.0,32.0,0.0,0.0,10.0,13,6,4,2,4,1,0,0,4,9,,3,3,,0,6,1,11,35.0,0.3714285714285714,0.1714285714285714,0.1142857142857142,0.0571428571428571,0.1142857142857142,0.2571428571428571,0.0857142857142857,0.0,0.2948571428571429,0.0,32.666666666666664,8.736894948054106,15.333333333333334,5.666666666666667,2.333333333333333,1.6666666666666667,4.333333333333333,2.0,0.3333333333333333,1.0,5.666666666666667,11.333333333333334,,2.333333333333333,2.6666666666666665,,1.0,4.666666666666667,2.0,7.666666666666667,0.4788819875776397,0.0986052965804308,0.173447204968944,0.0018307183420111,0.0754140786749482,0.0457482861733089,0.0502070393374741,0.0068346504514468,0.1315734989648033,0.0178843523009685,0.3433229813664596,0.0840191262273493,0.0887163561076604,0.0403013384804042,0.031159420289855,0.0271811584543638,0.4135175983436853,0.1055630393505756,33.0,6.204836822995427,14.2,5.4,2.2,1.4,4.2,1.6,0.4,1.6,4.4,10.2,,4.0,4.6,,0.8,4.6,2.0,6.6,0.4368835597480099,0.0971423877869525,0.1632483586319903,0.0633340058641703,0.0693126183279636,0.0398622019537479,0.0422454357236965,0.0245223147125813,0.1270724416248712,0.0457041813009711,0.3077763200141716,0.0841338631987457,0.1421781202599616,0.1062435180281199,0.0486421762380841,0.0327288979524665,0.418976869166639,0.0763531545932916,24.33333333333333,15.000000000000002,11.555555555555555,3.555555555555556,1.5555555555555556,1.0,3.0,1.1111111111111112,0.2222222222222222,1.1111111111111112,3.6666666666666665,7.888888888888889,,3.2222222222222223,3.888888888888889,,0.4444444444444444,3.111111111111111,1.1111111111111112,3.0,0.4870751462640392,0.1168452138660345,0.1456721423747364,0.0643344964159702,0.0649697428378466,0.0335915955838522,0.0388333198892205,0.0272202967156624,0.1167400557060769,0.0667741003333423,0.323736332477655,0.0759475806068219,0.1708198694497562,0.1125727820517276,0.0458761370160712,0.0275938921372289,0.444773212051619,0.0770696926872061,31.466666666666665,13.831111111111111,5.201111111111111,2.381111111111111,1.49,0.6922666666666666,0.5663999999999999,1.888,21.41333333333333,19.032222222222224,16.212222222222223,7.582222222222222,1.2586666666666666,13.831111111111111,5.201111111111111,2.381111111111111,1.49,21.41333333333333,0.6922666666666666,0.5663999999999999,1.888
2529622,Kayla Thornton,GSV,2026-06-24,0.0,33.0,0.0,0.0,7.0,10,2,0,1,2,1,0,1,3,5,,3,3,,0,2,3,-9,27.0,0.3703703703703703,0.074074074074074,0.0,0.037037037037037,0.074074074074074,0.1851851851851851,0.1111111111111111,0.037037037037037,0.2711111111111111,1.0,28.33333333333333,1.527525231651952,7.0,4.333333333333333,0.3333333333333333,0.3333333333333333,2.333333333333333,0.6666666666666666,1.0,0.3333333333333333,2.6666666666666665,8.333333333333334,,1.3333333333333333,1.6666666666666667,,1.6666666666666667,2.6666666666666665,2.333333333333333,1.6666666666666667,0.2544091710758377,0.2206114989746434,0.1508818342151675,0.0673748464323753,0.0119047619047619,0.020619652471058,0.0123456790123456,0.0213833433033195,0.0818342151675485,0.0157875417654566,0.2910934744268077,0.0944671668504889,0.0608465608465608,0.0563063403539491,0.0123456790123456,0.0213833433033194,0.3302116402116402,0.0516462016215453,29.2,1.6431676725155002,10.6,4.8,0.4,1.4,4.2,0.4,0.6,0.8,4.0,9.6,,1.2,1.4,,1.8,3.0,2.4,3.2,0.3618928144734596,0.2236666280909411,0.1632172725721112,0.0785042815243692,0.0138095238095238,0.0189281970612874,0.0467622461170848,0.0495061822903197,0.1407134323263355,0.0839418750771604,0.324978665301246,0.0974074864195169,0.0498412698412698,0.0486605676502167,0.0271923536439665,0.0281053767087426,0.3741011776753712,0.0768805892450601,26.83333333333333,5.980523945831726,10.0,4.166666666666667,0.3333333333333333,1.3333333333333333,4.333333333333333,0.3333333333333333,0.5,0.6666666666666666,3.8333333333333335,9.333333333333334,,1.0,1.1666666666666667,,1.6666666666666667,2.5,2.5,2.0,0.3793551231723275,0.2045751738794921,0.1471255049212038,0.0805233363125912,0.0115079365079365,0.017843910441204,0.0500796495420151,0.0450191143945805,0.1728167491608352,0.1087231733524794,0.3597044433065938,0.1217614580929241,0.0415343915343915,0.0480448336292755,0.0226602947033054,0.0274803040267393,0.4006398702850315,0.0946272330500811,27.292566666666666,9.030699999999998,3.989933333333333,0.2974666666666666,0.9764666666666666,0.6004364666666666,0.4912661999999999,1.637554,13.318099999999998,13.02063333333333,9.328166666666664,4.2874,1.0917026666666665,9.030699999999998,3.989933333333333,0.2974666666666666,0.9764666666666666,13.318099999999998,0.6004364666666666,0.4912661999999999,1.637554
2566081,Elizabeth Williams,CHI,2026-06-24,0.0,32.0,0.0,0.0,7.0,4,3,1,0,0,1,0,0,2,7,,0,2,,2,1,1,1,18.0,0.2222222222222222,0.1666666666666666,0.0555555555555555,0.0,0.0,0.3888888888888889,0.1111111111111111,0.0,0.4377777777777777,0.0,16.666666666666668,2.309401076758504,3.6666666666666665,4.666666666666667,0.6666666666666666,0.0,0.0,0.6666666666666666,0.6666666666666666,1.0,1.6666666666666667,4.666666666666667,,0.3333333333333333,1.3333333333333333,,1.6666666666666667,3.0,1.3333333333333333,-3.333333333333333,0.2142857142857142,0.0678095535342661,0.3015873015873015,0.2336893946719914,0.037037037037037,0.0320750149549792,0.0,0.0,0.0,0.0,0.2751322751322751,0.0985960061036202,0.074074074074074,0.0641500299099583,0.0661375661375661,0.0720140613164878,0.3738624338624338,0.0574114791426573,16.0,2.345207879911715,2.8,4.8,0.6,0.0,0.0,0.4,0.8,1.0,1.2,3.6,,0.4,1.6,,1.8,3.0,1.6,-3.2,0.1711053652230122,0.0832090586520758,0.320318896789485,0.1853687290759202,0.0339869281045751,0.0310543503743911,0.0,0.0,0.0,0.0,0.2193780076133017,0.1041772164135807,0.0987430869783811,0.0579867256311134,0.066831860949508,0.0513309414590533,0.3296568268332974,0.0769968120575907,15.833333333333334,2.1369760566432805,4.0,4.166666666666667,0.8333333333333334,0.0,0.0,0.3333333333333333,0.8333333333333334,0.8333333333333334,1.6666666666666667,3.8333333333333335,,0.6666666666666666,1.8333333333333333,,1.6666666666666667,2.5,1.3333333333333333,-0.6666666666666666,0.2536989154636213,0.2155670781949316,0.2780435251023486,0.1954801649351941,0.0505446623093681,0.0491573953105714,0.0,0.0,0.0,0.0,0.2383705618999736,0.1041470913935608,0.1156192391486509,0.0663234148093947,0.0556932174579233,0.0534070099692347,0.3449362445833033,0.0783809345077024,16.466666666666665,3.4799999999999995,4.363333333333333,0.7266666666666666,0.0,0.3622666666666666,0.2963999999999999,0.988,8.57,7.843333333333333,4.206666666666666,5.09,0.6586666666666665,3.4799999999999995,4.363333333333333,0.7266666666666666,0.0,8.57,0.3622666666666666,0.2963999999999999,0.988
2566186,Rachel Banham,CHI,2026-06-24,0.0,32.0,0.0,0.0,9.0,6,0,3,2,6,1,0,0,2,6,,0,0,,0,0,0,1,17.0,0.3529411764705882,0.0,0.1764705882352941,0.1176470588235294,0.3529411764705882,0.3529411764705882,0.0,0.0,0.3529411764705882,0.0,18.33333333333333,4.163331998932265,9.666666666666666,0.3333333333333333,1.3333333333333333,2.0,6.0,0.3333333333333333,0.0,0.6666666666666666,3.333333333333333,8.666666666666666,,1.0,1.3333333333333333,,0.0,0.3333333333333333,1.3333333333333333,0.6666666666666666,0.5282750781472009,0.1600920724949955,0.0144927536231884,0.0251021856169402,0.0810457516339869,0.0891096834883883,0.112645637965331,0.0235894642025133,0.3379369138959932,0.0707683926075404,0.469337880079568,0.1009690588422548,0.0734299516908212,0.0676880382150222,0.0367149758454106,0.0338440191075111,0.5383620346689401,0.1629328420695667,16.6,4.03732584763727,6.8,0.2,1.0,1.4,4.4,0.4,0.2,0.6,2.4,6.4,,0.6,0.8,,0.0,0.2,1.6,0.0,0.3794650468883205,0.2579584554128838,0.008695652173913,0.0194440693695633,0.0611274509803921,0.0721279013970217,0.0800873827791986,0.0524794019079467,0.2569288150042625,0.1271406884637302,0.3607693947144075,0.183746804292738,0.0440579710144927,0.0625173783862859,0.0345289855072463,0.0327100879389228,0.4146838874680306,0.2293202318728269,16.5,3.162277660168378,7.25,0.25,1.125,1.75,4.125,0.375,0.125,1.0,2.375,5.375,,0.75,1.0,,0.0,0.25,1.625,-0.75,0.4184156543052003,0.2501615448878094,0.01237922705314,0.023148023124056,0.0696282679738562,0.0603303345626705,0.1026587809036658,0.0611253568494169,0.2446082871554419,0.0985162071061173,0.3095086494742824,0.1564527388329887,0.0587862318840579,0.0927305204632801,0.0599486714975845,0.0470865687373608,0.3953232630008525,0.1775424784897215,17.16,7.63,0.2199999999999999,1.4249999999999998,1.74,0.3775199999999999,0.30888,1.0296,9.275,7.85,9.055,1.6449999999999998,0.6863999999999999,7.63,0.2199999999999999,1.4249999999999998,1.74,9.275,0.3775199999999999,0.30888,1.0296
2590093,Kiah Stokes,GSV,2026-06-24,0.0,33.0,0.0,0.0,7.0,2,7,1,0,1,1,1,1,1,4,,0,0,,3,4,3,-1,23.0,0.0869565217391304,0.3043478260869565,0.0434782608695652,0.0,0.0434782608695652,0.1739130434782608,0.0,0.0434782608695652,0.217391304347826,1.0,26.0,2.999999999999998,5.0,7.0,2.0,0.6666666666666666,2.0,0.6666666666666666,2.333333333333333,0.3333333333333333,2.0,5.0,,0.3333333333333333,0.6666666666666666,,2.0,5.0,3.6666666666666665,1.0,0.1863683542843962,0.0862564651759861,0.2663475954330527,0.136004451444846,0.0759427978318533,0.0364574106079912,0.0256410256410256,0.0444115591684327,0.0759427978318533,0.0364574106079912,0.1883865759427978,0.0812118564832385,0.0229885057471264,0.039817259944112,0.0144927536231884,0.0251021856169402,0.2129942720947219,0.0954870994790966,23.0,6.041522986797286,4.4,5.6,1.8,0.4,1.6,0.8,2.0,0.2,1.8,4.4,,0.4,0.8,,1.2,4.4,3.4,-0.4,0.1772056279552531,0.0873038270546752,0.2392957367470111,0.105519564448566,0.0705656786991119,0.0516905120712134,0.0153846153846153,0.034401045807689,0.0692836274170606,0.0300515263263069,0.1854678430015761,0.0607022449049633,0.0445623342175066,0.0679997674022889,0.008695652173913,0.0194440693695634,0.2137709222311921,0.0676891496660974,20.83333333333333,7.57407860182786,3.6666666666666665,5.5,1.5,0.3333333333333333,1.5,0.8333333333333334,1.6666666666666667,0.5,1.5,3.8333333333333335,,0.3333333333333333,0.6666666666666666,,1.5,4.0,3.0,-1.3333333333333333,0.1476713566293776,0.10644813606267,0.2827464472891759,0.1422507935473332,0.0588047322492599,0.0544742728168548,0.0128205128205128,0.0314037146510663,0.0744030228475505,0.0296601524789556,0.1712232025013134,0.0645388931350086,0.0371352785145888,0.0634833965056831,0.0405797101449275,0.0800126014019841,0.2281424351926601,0.0700335569197033,22.762666666666664,3.951133333333333,6.023700000000001,1.6296,0.3944666666666666,0.5007786666666666,0.4097279999999999,1.36576,11.604433333333333,9.974833333333333,5.580733333333333,7.653300000000001,0.9105066666666666,3.951133333333333,6.023700000000001,1.6296,0.3944666666666666,11.604433333333333,0.5007786666666666,0.4097279999999999,1.36576
2955898,Damiris Dantas,IND,2026-06-24,0.0,33.0,0.0,0.0,10.0,0,0,0,0,0,0,0,0,0,0,,0,0,,0,0,0,0,0.0,,,,,,,,,,0.0,2.0,3.464101615137751,1.0,0.0,0.0,0.3333333333333333,0.3333333333333333,0.0,0.3333333333333333,0.0,0.3333333333333333,0.3333333333333333,,0.0,0.0,,0.0,0.0,0.3333333333333333,4.0,0.5,,0.0,,0.0,,0.1666666666666666,,0.1666666666666666,,0.1666666666666666,,0.0,,0.0,,0.1666666666666666,,4.8,4.764451699828637,1.8,0.6,0.0,0.6,1.4,0.2,0.2,0.2,0.6,1.4,,0.0,0.0,,0.0,0.6,1.2,3.0,0.4004329004329004,0.1162198593823272,0.1255411255411255,0.1459715610397174,0.0,0.0,0.1334776334776334,0.0387399531274424,0.272005772005772,0.0991978220131669,0.272005772005772,0.0991978220131668,0.0,0.0,0.0303030303030303,0.0524863881081477,0.3023088023088023,0.1446550469682764,8.666666666666666,8.306623862918075,4.333333333333333,1.5555555555555556,0.5555555555555556,0.8888888888888888,2.555555555555556,0.2222222222222222,0.2222222222222222,0.8888888888888888,1.4444444444444444,3.4444444444444446,,0.5555555555555556,0.6666666666666666,,0.2222222222222222,1.3333333333333333,1.8888888888888888,2.333333333333333,0.4707168837603619,0.1440240744515714,0.1581192559453429,0.1185103827210189,0.0438189025145546,0.053844655677416,0.1085448368057063,0.0662139271228066,0.2791962465875509,0.11241975311636,0.354354180441137,0.1479803795001855,0.0515297906602254,0.0905673636244653,0.0830630721935069,0.0719381297234991,0.4600903605251431,0.2417987391761236,8.0,1.7966666666666666,0.5211111111111111,0.1111111111111111,0.4877777777777777,0.176,0.144,0.48,2.428888888888889,2.3177777777777777,1.9077777777777776,0.6322222222222222,0.3199999999999999,1.7966666666666666,0.5211111111111111,0.1111111111111111,0.4877777777777777,2.428888888888889,0.176,0.144,0.48
2984730,Jillian Alleyne,PHX,2026-06-24,0.0,56.0,0.0,0.0,3.0,2,6,1,0,0,0,0,1,1,1,,0,0,,1,5,1,6,8.0,0.25,0.75,0.125,0.0,0.0,0.125,0.0,0.125,0.25,0.0,9.5,2.1213203435596424,5.0,4.0,2.0,0.0,0.0,0.0,0.5,1.5,2.0,2.0,,1.0,1.0,,1.0,3.0,1.0,5.0,0.4886363636363636,0.3374827819299432,0.4659090909090909,0.4017652165832656,0.1988636363636363,0.104458956311649,0.0,0.0,0.0,0.0,0.1988636363636363,0.104458956311649,0.0909090909090909,0.128564869306645,0.1534090909090909,0.0401765216583265,0.3922727272727273,0.2012040204648994,9.5,2.1213203435596424,5.0,4.0,2.0,0.0,0.0,0.0,0.5,1.5,2.0,2.0,,1.0,1.0,,1.0,3.0,1.0,5.0,0.4886363636363636,0.3374827819299432,0.4659090909090909,0.4017652165832656,0.1988636363636363,0.104458956311649,0.0,0.0,0.0,0.0,0.1988636363636363,0.104458956311649,0.0909090909090909,0.128564869306645,0.1534090909090909,0.0401765216583265,0.3922727272727273,0.2012040204648994,9.5,2.1213203435596424,5.0,4.0,2.0,0.0,0.0,0.0,0.5,1.5,2.0,2.0,,1.0,1.0,,1.0,3.0,1.0,5.0,0.4886363636363636,0.3374827819299432,0.4659090909090909,0.4017652165832656,0.1988636363636363,0.104458956311649,0.0,0.0,0.0,0.0,0.1988636363636363,0.104458956311649,0.0909090909090909,0.128564869306645,0.1534090909090909,0.0401765216583265,0.3922727272727273,0.2012040204648994,9.275,4.55,4.3,1.85,0.0,0.20405,0.16695,0.5565,10.7,8.85,6.4,6.15,0.371,4.55,4.3,1.85,0.0,10.7,0.20405,0.16695,0.5565
2987891,Courtney Williams,MIN,2026-06-24,0.0,32.0,0.0,0.0,10.0,17,8,3,0,1,3,2,2,8,18,,1,1,,2,6,3,12,33.0,0.5151515151515151,0.2424242424242424,0.0909090909090909,0.0,0.0303030303030303,0.5454545454545454,0.0303030303030303,0.0606060606060606,0.6193939393939394,0.0,30.666666666666668,2.081665999466136,16.333333333333332,7.0,3.0,2.0,5.0,1.0,0.6666666666666666,1.3333333333333333,7.0,17.333333333333332,,0.3333333333333333,0.3333333333333333,,1.0,6.0,2.0,6.666666666666667,0.5330198537095089,0.02915772452852,0.2283176593521421,0.0559477947311554,0.0981191222570532,0.0064777361503996,0.067816091954023,0.0587557605477335,0.1687216997561825,0.1257320938218162,0.5653430860327412,0.0605475101219434,0.0101010101010101,0.0174954627027159,0.0424242424242424,0.0368652274563529,0.612211772901428,0.0915907527850978,30.6,1.5165750888103091,16.2,5.8,3.4,2.0,4.6,1.4,0.8,1.2,6.8,15.0,,0.6,0.8,,0.6,5.2,2.2,6.0,0.5286291165267806,0.1119470317828883,0.1892486601274143,0.0699758235834744,0.1115596453972427,0.0311498735859307,0.0667111605487578,0.0472387730526412,0.1537061381332794,0.0912652338506481,0.4903886473185694,0.1178996819914863,0.026060606060606,0.0433661668363595,0.0385728250244379,0.0265984901462389,0.5404281390096741,0.1299669032787707,25.11111111111111,8.781293248212995,12.88888888888889,4.777777777777778,3.6666666666666665,1.3333333333333333,3.4444444444444446,1.3333333333333333,0.4444444444444444,1.6666666666666667,5.555555555555555,12.555555555555555,,0.4444444444444444,0.5555555555555556,,0.4444444444444444,4.333333333333333,1.4444444444444444,2.4444444444444446,0.5367383980704337,0.3814513566278859,0.1864289941884327,0.0726665965312592,0.1590636374211261,0.0919007838987259,0.0555802743789395,0.0624031019905265,0.1363182248888589,0.0832029790350064,0.5065067648501856,0.1433858352095245,0.0237373737373737,0.0399867976375656,0.0822953603076942,0.0735767370947154,0.5992465696023244,0.1643298623077336,29.88222222222222,15.697777777777777,6.285555555555556,3.273333333333333,1.5666666666666664,0.6574088888888888,0.5378799999999999,1.7929333333333333,25.256666666666664,21.98333333333333,18.971111111111107,9.55888888888889,1.1952888888888888,15.697777777777777,6.285555555555556,3.273333333333333,1.5666666666666664,25.256666666666664,0.6574088888888888,0.5378799999999999,1.7929333333333333
2998938,Kahleah Copper,PHX,2026-06-24,0.0,31.0,0.0,0.0,10.0,20,3,1,1,6,0,0,3,6,16,,7,8,,1,2,3,-8,30.0,0.6666666666666666,0.1,0.0333333333333333,0.0333333333333333,0.2,0.5333333333333333,0.2666666666666666,0.1,0.7506666666666667,0.0,33.666666666666664,3.214550253664317,20.0,3.6666666666666665,2.333333333333333,0.6666666666666666,5.666666666666667,0.0,0.0,3.6666666666666665,6.666666666666667,18.0,,6.0,8.0,,0.3333333333333333,3.333333333333333,2.0,-12.0,0.5973544973544973,0.0771162886728089,0.1082010582010582,0.027519586159806,0.0677248677248677,0.0418257231195167,0.0203703703703703,0.017858612520357,0.1695767195767195,0.0479639187197021,0.5343915343915343,0.0206552606306278,0.2386243386243386,0.0584578270576462,0.1084656084656084,0.0075012946448454,0.7478518518518519,0.0425143887528537,34.0,2.345207879911716,21.4,3.4,2.0,1.0,6.0,1.0,0.0,3.0,6.4,18.2,,7.6,9.4,,0.4,3.0,2.0,-5.8,0.6298412698412699,0.144555164263485,0.100046685340803,0.0475210219333481,0.0579458450046685,0.0339135246363131,0.0295331465919701,0.0203226495371043,0.1770401493930906,0.0363856513325519,0.5347525676937441,0.0480311346769556,0.2762838468720822,0.0715190775475673,0.0881045751633986,0.0346655930179736,0.7444220354808591,0.0834326828892181,30.11111111111111,7.639444424243894,18.55555555555556,2.4444444444444446,1.8888888888888888,1.4444444444444444,5.666666666666667,0.7777777777777778,0.0,2.6666666666666665,6.111111111111111,16.11111111111111,,4.888888888888889,6.0,,0.2222222222222222,2.2222222222222223,2.2222222222222223,0.6666666666666666,0.6765466015466015,0.3343657015804269,0.0811038090449855,0.0526699635322438,0.0571039526921879,0.037458629849634,0.0675706464922151,0.0974628806391516,0.2096024164651615,0.1039016143273147,0.5603631481082461,0.1480075828995938,0.1899853958677488,0.1184528870969595,0.0833385205934225,0.0438864517856282,0.7272952428834781,0.142335273363369,32.522222222222226,20.20111111111111,3.2288888888888887,1.9277777777777776,0.9888888888888888,0.715488888888889,0.5854,1.9513333333333331,25.357777777777777,23.43,22.128888888888888,5.156666666666666,1.300888888888889,20.20111111111111,3.2288888888888887,1.9277777777777776,0.9888888888888888,25.357777777777777,0.715488888888889,0.5854,1.9513333333333331
3054590,Nia Coffey,MIN,2026-06-24,0.0,32.0,0.0,0.0,10.0,8,7,0,1,7,0,2,4,3,11,,1,1,,2,5,3,7,25.0,0.32,0.28,0.0,0.04,0.28,0.44,0.04,0.16,0.6175999999999999,0.0,25.0,0.0,6.0,4.333333333333333,1.3333333333333333,0.3333333333333333,3.333333333333333,0.3333333333333333,0.6666666666666666,2.0,2.6666666666666665,6.333333333333333,,0.3333333333333333,0.3333333333333333,,1.0,3.333333333333333,3.0,5.666666666666667,0.24,0.1385640646055101,0.1733333333333333,0.0923760430703401,0.0533333333333333,0.04618802153517,0.0133333333333333,0.0230940107675851,0.1333333333333333,0.1404753833713698,0.2533333333333333,0.1616580753730951,0.0133333333333333,0.0230940107675851,0.08,0.069282032302755,0.3391999999999999,0.2411014724135876,25.2,3.193743884534263,8.8,6.2,1.0,1.4,3.4,0.4,1.0,1.6,3.6,6.4,,0.2,0.2,,0.8,5.4,3.8,5.6,0.3544761904761905,0.1961701330183455,0.2525714285714285,0.1467198419374168,0.0386666666666666,0.0401109572173101,0.0565714285714285,0.0632584591423251,0.1380952380952381,0.1045582435958775,0.2586666666666667,0.1238637243999316,0.008,0.0178885438199983,0.0641904761904762,0.0537973016039275,0.3263771428571428,0.1791568615067346,23.33333333333333,5.744562646538029,7.888888888888889,5.0,0.8888888888888888,1.1111111111111112,3.0,0.3333333333333333,1.3333333333333333,1.0,3.111111111111111,6.111111111111111,,0.5555555555555556,0.6666666666666666,,0.6666666666666666,4.333333333333333,2.888888888888889,2.6666666666666665,0.3575516559940287,0.1796580168482009,0.2258947271503991,0.1236067281744243,0.0384436372935671,0.0343838507401354,0.0500957570786792,0.0497994094741955,0.1321309310336618,0.0756983150985881,0.2786386932711494,0.1158038196371481,0.0360312151616499,0.061844194728776,0.0404922935357718,0.0491329973813605,0.3349847214780471,0.1573979363168253,24.736666666666668,7.657777777777778,5.52,0.9277777777777778,0.9622222222222222,0.5442066666666666,0.44526,1.4842,14.105555555555554,13.177777777777775,8.585555555555555,6.447777777777778,0.9894666666666666,7.657777777777778,5.52,0.9277777777777778,0.9622222222222222,14.105555555555554,0.5442066666666666,0.44526,1.4842
3056730,Karlie Samuelson,POR,2026-06-24,0.0,32.0,0.0,0.0,5.0,0,0,0,0,0,0,0,0,0,0,,0,0,,0,0,0,0,0.0,,,,,,,,,,0.0,0.0,0.0,0.0,0.0,0.0,0.0,0.0,0.0,0.0,0.0,0.0,0.0,,0.0,0.0,,0.0,0.0,0.0,0.0,,,,,,,,,,,,,,,,,,,0.0,0.0,0.0,0.0,0.0,0.0,0.0,0.0,0.0,0.0,0.0,0.0,,0.0,0.0,,0.0,0.0,0.0,0.0,,,,,,,,,,,,,,,,,,,0.0,0.0,0.0,0.0,0.0,0.0,0.0,0.0,0.0,0.0,0.0,0.0,,0.0,0.0,,0.0,0.0,0.0,0.0,,,,,,,,,,,,,,,,,,,8.0,0.0,0.0,0.0,0.0,0.176,0.144,0.48,0.0,0.0,0.0,0.0,0.3199999999999999,0.0,0.0,0.0,0.0,0.0,0.176,0.144,0.48
3058893,Shatori Walker-Kimbrough,IND,2026-06-24,0.0,35.0,0.0,0.0,9.0,0,0,0,0,0,0,0,0,0,0,,0,0,,0,0,0,-5,3.0,0.0,0.0,0.0,0.0,0.0,0.0,0.0,0.0,0.0,0.0,2.0,1.7320508075688803,0.0,0.0,0.0,0.0,0.0,0.0,0.0,0.3333333333333333,0.0,0.3333333333333333,,0.0,0.0,,0.0,0.0,0.0,-4.666666666666667,0.0,0.0,0.0,0.0,0.0,0.0,0.0,0.0,0.0,0.0,0.1666666666666666,0.2357022603955158,0.0,0.0,0.1666666666666666,0.2357022603955158,0.3333333333333333,0.4714045207910317,1.2,1.6431676725154982,0.0,0.0,0.0,0.0,0.0,0.0,0.0,0.2,0.0,0.2,,0.0,0.0,,0.0,0.0,0.0,-2.8,0.0,0.0,0.0,0.0,0.0,0.0,0.0,0.0,0.0,0.0,0.1666666666666666,0.2357022603955158,0.0,0.0,0.1666666666666666,0.2357022603955158,0.3333333333333333,0.4714045207910316,8.375,10.013383900702957,3.75,1.25,0.75,0.25,0.5,0.5,0.5,0.5,1.5,2.75,,0.5,1.0,,0.125,1.125,0.625,1.75,0.286267942583732,0.3359415464072649,0.0984688995215311,0.0986135893458042,0.0581818181818181,0.0885139014155497,0.0196172248803827,0.0269815735499936,0.0392344497607655,0.0539631470999873,0.2682456140350877,0.1928492363144345,0.0763636363636363,0.1047626202973667,0.0968102073365231,0.1391011125053101,0.3986558213716108,0.2748188452731885,8.0,0.75,0.25,0.15,0.05,0.176,0.144,0.48,1.15,1.0,0.9,0.4,0.3199999999999999,0.75,0.25,0.15,0.05,1.15,0.176,0.144,0.48
3058895,Brionna Jones,ATL,2026-06-24,0.0,31.0,0.0,0.0,4.0,0,0,0,0,0,0,0,0,0,0,,0,0,,0,0,0,0,0.0,,,,,,,,,,0.0,0.0,0.0,0.0,0.0,0.0,0.0,0.0,0.0,0.0,0.0,0.0,0.0,,0.0,0.0,,0.0,0.0,0.0,0.0,,,,,,,,,,,,,,,,,,,0.0,0.0,0.0,0.0,0.0,0.0,0.0,0.0,0.0,0.0,0.0,0.0,,0.0,0.0,,0.0,0.0,0.0,0.0,,,,,,,,,,,,,,,,,,,0.0,0.0,0.0,0.0,0.0,0.0,0.0,0.0,0.0,0.0,0.0,0.0,,0.0,0.0,,0.0,0.0,0.0,0.0,,,,,,,,,,,,,,,,,,,8.0,0.0,0.0,0.0,0.0,0.176,0.144,0.48,0.0,0.0,0.0,0.0,0.3199999999999999,0.0,0.0,0.0,0.0,0.0,0.176,0.144,0.48
3058901,Allisha Gray,ATL,2026-06-24,0.0,31.0,0.0,0.0,8.0,18,1,0,2,5,1,0,3,7,15,,2,3,,0,1,1,7,36.0,0.5,0.0277777777777777,0.0,0.0555555555555555,0.1388888888888889,0.4166666666666667,0.0833333333333333,0.0833333333333333,0.5366666666666666,0.0,35.666666666666664,1.52752523165194,19.666666666666668,4.666666666666667,0.6666666666666666,1.0,4.333333333333333,0.6666666666666666,0.6666666666666666,2.0,7.333333333333333,15.666666666666666,,4.0,5.333333333333333,,0.6666666666666666,4.0,2.0,6.666666666666667,0.5487546369899311,0.110896237634916,0.1295560266148501,0.1082252712514663,0.0188129305776364,0.0163360494348684,0.0275275275275275,0.0277811593320879,0.1207531060472237,0.0282237264783805,0.4383059530118353,0.041797489868522,0.1464847200141317,0.1311812018627726,0.0555997173644232,0.026993993722919,0.5583589471824766,0.1038594025904825,34.8,1.64316767251549,21.8,5.2,1.0,1.6,6.0,0.8,0.8,2.0,7.6,17.0,,5.0,6.2,,0.8,4.4,2.0,8.4,0.6276485041190923,0.1341439419264267,0.1497478762184644,0.0925579850373298,0.0294695765284,0.0371405950380949,0.0461065343418284,0.0445727537103901,0.1738778885837709,0.0758422904919721,0.4897215397215397,0.0778393790474648,0.1780869104398516,0.1276396668830444,0.0576022546610781,0.0469936610772683,0.6256820349761527,0.1328427259588276,27.714285714285715,12.175306782093632,16.714285714285715,3.857142857142857,0.7142857142857143,1.2857142857142858,5.0,0.7142857142857143,0.5714285714285714,1.7142857142857142,5.857142857142857,13.428571428571429,,3.7142857142857135,4.714285714285714,,0.5714285714285714,3.2857142857142856,1.7142857142857142,6.285714285714286,0.5626060743707803,0.1663392356023348,0.1212484830131889,0.0944119449587711,0.0210496975202857,0.0335617504089663,0.047218953101306,0.0464911771459489,0.1956270632741221,0.1127579839030068,0.4783725283725283,0.1091557577863542,0.155776364599894,0.1250855348834036,0.0697158961864844,0.0723435924004175,0.6166300249829663,0.1096165208402545,33.82285714285714,19.572857142857146,4.141428571428572,0.6928571428571428,1.417142857142857,0.744102857142857,0.6088114285714284,2.0293714285714284,24.40714285714286,23.714285714285715,20.26571428571429,4.8342857142857145,1.3529142857142853,19.572857142857146,4.141428571428572,0.6928571428571428,1.417142857142857,24.40714285714286,0.744102857142857,0.6088114285714284,2.0293714285714284
3142010,Azura Stevens,CHI,2026-06-24,0.0,32.0,0.0,0.0,5.0,6,3,1,0,3,1,1,2,3,10,,0,0,,0,3,1,-5,16.0,0.375,0.1875,0.0625,0.0,0.1875,0.625,0.0,0.125,0.75,0.0,5.333333333333333,9.237604307034012,2.0,1.0,0.3333333333333333,0.0,1.0,0.3333333333333333,0.3333333333333333,0.6666666666666666,1.0,3.333333333333333,,0.0,0.0,,0.0,1.0,0.3333333333333333,-1.6666666666666667,0.375,,0.1875,,0.0625,,0.0,,0.1875,,0.625,,0.0,,0.125,,0.75,,4.0,8.0,1.5,0.75,0.25,0.0,0.75,0.25,0.25,0.5,0.75,2.5,,0.0,0.0,,0.0,0.75,0.25,-1.25,0.375,,0.1875,,0.0625,,0.0,,0.1875,,0.625,,0.0,,0.125,,0.75,,4.0,8.0,1.5,0.75,0.25,0.0,0.75,0.25,0.25,0.5,0.75,2.5,,0.0,0.0,,0.0,0.75,0.25,-1.25,0.375,,0.1875,,0.0625,,0.0,,0.1875,,0.625,,0.0,,0.125,,0.75,,8.0,2.325,1.1625,0.3875,0.0,0.176,0.144,0.48,3.875,3.4875000000000003,2.7125000000000004,1.55,0.3199999999999999,2.325,1.1625,0.3875,0.0,3.875,0.176,0.144,0.48
3142055,Myisha Hines-Allen,IND,2026-06-24,0.0,33.0,0.0,0.0,10.0,2,2,2,0,0,1,1,3,0,2,,2,2,,0,2,2,0,13.0,0.1538461538461538,0.1538461538461538,0.1538461538461538,0.0,0.0,0.1538461538461538,0.1538461538461538,0.2307692307692307,0.4523076923076923,0.0,19.33333333333333,7.094598884597586,5.666666666666667,3.6666666666666665,3.0,0.0,0.0,1.0,0.6666666666666666,2.0,2.0,3.333333333333333,,1.6666666666666667,1.6666666666666667,,1.0,2.6666666666666665,2.333333333333333,4.666666666666667,0.2796771130104463,0.1183994077852961,0.1809116809116809,0.0363457288380997,0.1562203228869895,0.009484797889572,0.0,0.0,0.0,0.0,0.1809116809116809,0.0865670347819857,0.0944919278252611,0.0522295605182983,0.1263057929724596,0.0977558156312081,0.3487939221272554,0.1468371683020418,18.0,6.4031242374328485,5.0,3.0,3.4,0.0,0.4,1.2,0.6,1.6,1.8,3.0,,1.4,1.4,,0.8,2.2,2.6,4.8,0.2613127613127613,0.0948201064249886,0.1639582639582639,0.0462215244870453,0.1958966958966959,0.0560941641515172,0.0,0.0,0.019047619047619,0.0425917709999959,0.1648240648240648,0.0739688990646784,0.0757427757427757,0.0561860339736457,0.0948310948310948,0.0881440171607112,0.2929819809819809,0.1537045913438876,17.77777777777778,4.867693955503412,4.777777777777778,4.111111111111111,2.555555555555556,0.0,0.4444444444444444,0.7777777777777778,0.3333333333333333,1.4444444444444444,1.7777777777777777,3.6666666666666665,,1.2222222222222223,1.3333333333333333,,1.1111111111111112,3.0,2.6666666666666665,4.333333333333333,0.2623539617003669,0.1306965196338236,0.2329594878614486,0.101638289150669,0.146231642963669,0.0724472048414099,0.0,0.0,0.0224089635854341,0.0358444926948731,0.2046511948472732,0.0821962579767773,0.0761596186432787,0.0787203095216542,0.0825106870858504,0.0713859032095213,0.3206721141361664,0.1213228682498801,17.605555555555558,4.705555555555556,3.272222222222222,2.9011111111111108,0.0,0.3873222222222222,0.3169,1.0563333333333331,10.878888888888888,7.977777777777778,7.606666666666666,6.173333333333333,0.7042222222222223,4.705555555555556,3.272222222222222,2.9011111111111108,0.0,10.878888888888888,0.3873222222222222,0.3169,1.0563333333333331
3142087,Kathryn Westbeld,PHX,2026-06-24,0.0,56.0,0.0,0.0,2.0,0,0,0,0,0,0,0,0,0,0,,0,0,,0,0,0,0,0.0,,,,,,,,,,0.0,0.0,,0.0,0.0,0.0,0.0,0.0,0.0,0.0,0.0,0.0,0.0,,0.0,0.0,,0.0,0.0,0.0,0.0,,,,,,,,,,,,,,,,,,,0.0,,0.0,0.0,0.0,0.0,0.0,0.0,0.0,0.0,0.0,0.0,,0.0,0.0,,0.0,0.0,0.0,0.0,,,,,,,,,,,,,,,,,,,0.0,,0.0,0.0,0.0,0.0,0.0,0.0,0.0,0.0,0.0,0.0,,0.0,0.0,,0.0,0.0,0.0,0.0,,,,,,,,,,,,,,,,,,,8.0,0.0,0.0,0.0,0.0,0.176,0.144,0.48,0.0,0.0,0.0,0.0,0.3199999999999999,0.0,0.0,0.0,0.0,0.0,0.176,0.144,0.48
3142191,Kelsey Mitchell,IND,2026-06-24,0.0,33.0,0.0,0.0,10.0,19,0,3,0,3,0,0,1,4,10,,11,11,,0,0,1,6,31.0,0.6129032258064516,0.0,0.0967741935483871,0.0,0.0967741935483871,0.3225806451612903,0.3548387096774194,0.032258064516129,0.5109677419354839,0.0,29.0,1.7320508075688794,19.0,0.6666666666666666,3.0,1.0,3.6666666666666665,0.3333333333333333,0.0,1.0,6.0,13.0,,6.0,6.666666666666667,,0.3333333333333333,0.3333333333333333,2.6666666666666665,17.333333333333332,0.6566820276497696,0.0808670417070751,0.0238095238095238,0.0412393049421161,0.1036866359447004,0.0362125199205108,0.0357142857142857,0.0357142857142856,0.1274961597542242,0.0445352625426871,0.4527649769585253,0.1683329147377882,0.2254224270353303,0.195934969549404,0.0345622119815668,0.0357699877794009,0.5865130568356375,0.0680089619955054,30.6,4.929503017546496,20.8,0.4,1.8,2.0,5.6,0.6,0.0,1.6,7.4,16.2,,4.0,4.8,,0.2,0.2,2.6,11.2,0.6874565100371551,0.1097045459139227,0.0142857142857142,0.0319438282499969,0.0622119815668202,0.0622972619105796,0.0641636141636141,0.0465235914747772,0.1841900035448422,0.0952516352834707,0.5257900403061694,0.1555087007075999,0.1603246812924232,0.1649421387124808,0.0509367573883702,0.0338156232002672,0.6472696574632059,0.096104840227067,26.0,8.351646544245034,19.88888888888889,0.7777777777777778,1.7777777777777777,1.8888888888888888,5.222222222222222,0.5555555555555556,0.0,1.4444444444444444,7.222222222222222,15.11111111111111,,3.555555555555556,4.111111111111111,,0.4444444444444444,0.3333333333333333,2.2222222222222223,9.0,0.8008575552324235,0.2255081224077977,0.0339105339105339,0.0541125541125541,0.0704391890350144,0.0599802922403305,0.0792618782814861,0.067205756271415,0.2021919678466167,0.074825362777582,0.5944709685485566,0.1381555316209713,0.1546550976763922,0.1199818180553084,0.0560406086444458,0.0249433208097987,0.718559820170615,0.1091870197004063,29.259999999999994,19.80777777777778,0.4955555555555555,2.335555555555556,1.3777777777777778,0.6437199999999998,0.5266799999999998,1.7555999999999996,22.63888888888889,20.30333333333333,22.14333333333333,2.831111111111112,1.1703999999999997,19.80777777777778,0.4955555555555555,2.335555555555556,1.3777777777777778,22.63888888888889,0.6437199999999998,0.5266799999999998,1.7555999999999996
3142250,Jordin Canada,ATL,2026-06-24,0.0,31.0,0.0,0.0,8.0,11,7,14,0,2,3,1,1,4,8,,3,5,,0,7,4,12,31.0,0.3548387096774194,0.2258064516129032,0.4516129032258064,0.0,0.064516129032258,0.2580645161290322,0.1612903225806451,0.032258064516129,0.3612903225806451,0.0,31.33333333333333,1.5275252316519574,10.333333333333334,5.0,8.333333333333334,0.3333333333333333,2.0,3.6666666666666665,0.3333333333333333,1.3333333333333333,4.0,8.333333333333334,,2.0,2.6666666666666665,,0.3333333333333333,4.666666666666667,3.0,1.6666666666666667,0.3293906810035842,0.0276311309995812,0.1611274030628869,0.0676190584241434,0.2677093515803193,0.1610996038605245,0.0111111111111111,0.0192450089729875,0.0639296187683284,0.0030725774478001,0.2668295861844248,0.0297718290488266,0.0840664711632453,0.0808625879086356,0.0420658194851743,0.0160653184335936,0.3458846529814272,0.0141953794305114,30.4,2.1908902300206647,12.4,4.8,7.2,1.0,3.2,2.8,0.2,1.8,4.8,9.4,,1.8,2.4,,0.6,4.2,2.4,2.0,0.4091039426523297,0.125869644801406,0.1566525469751276,0.0721217960270585,0.237328119908765,0.1231717877692639,0.0334289127837514,0.0395620926867384,0.1057412838057999,0.0701926047205105,0.3087237971108939,0.1002015097468777,0.0800695123275768,0.0777355625597635,0.06132073422396,0.0500301976731254,0.4052751167589877,0.0833740551544334,24.571428571428573,10.130106002359875,9.571428571428571,3.571428571428572,5.857142857142857,0.8571428571428571,2.7142857142857144,2.0,0.1428571428571428,1.7142857142857142,3.7142857142857135,7.428571428571429,,1.2857142857142858,1.8571428571428568,,0.4285714285714285,3.142857142857143,2.0,0.8571428571428571,0.3658101754875948,0.1339478880740927,0.1248816893978184,0.0842641922760318,0.2373411534701857,0.1242106153296138,0.0397508107185526,0.0467847697856986,0.1202625331657589,0.0730521996126469,0.2941100715294263,0.0960703803300188,0.0730655246784279,0.0721140156331388,0.0856475662927275,0.061736315507461,0.4119064686806622,0.0785123597077508,29.604285714285712,11.004285714285714,4.944285714285714,8.29142857142857,0.6214285714285714,0.6512942857142856,0.5328771428571428,1.7762571428571428,24.24,15.948571428571428,19.295714285714283,13.235714285714284,1.1841714285714284,11.004285714285714,4.944285714285714,8.29142857142857,0.6214285714285714,24.24,0.6512942857142856,0.5328771428571428,1.7762571428571428
3142255,Monique Billings,IND,2026-06-24,0.0,33.0,0.0,0.0,10.0,2,3,0,0,0,1,0,1,1,2,,0,0,,1,2,2,3,11.0,0.1818181818181818,0.2727272727272727,0.0,0.0,0.0,0.1818181818181818,0.0,0.0909090909090909,0.2727272727272727,0.0,17.333333333333332,5.507570547286098,5.0,4.0,0.6666666666666666,0.0,0.6666666666666666,1.0,0.3333333333333333,1.0,1.6666666666666667,4.666666666666667,,1.6666666666666667,1.6666666666666667,,1.0,3.0,1.0,1.0,0.2701298701298701,0.1375152362799901,0.2377344877344877,0.0424751954229777,0.0325396825396825,0.0282053264189156,0.0,0.0,0.0325396825396825,0.0282053264189156,0.255050505050505,0.0758837333399834,0.0793650793650793,0.1374643498070537,0.0628427128427128,0.024335332684879,0.3528138528138527,0.1159001475929386,23.0,9.246621004453464,6.8,5.8,1.4,0.4,1.0,1.4,0.6,1.2,2.2,5.8,,2.0,2.6,,2.2,3.6,2.0,0.2,0.2843001443001443,0.1010817309412062,0.2518999518999519,0.0393221018973121,0.051005291005291,0.032370078922706,0.0129629629629629,0.0180496191570536,0.038042328042328,0.0223027013347817,0.2437710437710437,0.0788343592211697,0.1031746031746031,0.1182513049662804,0.0599278499278499,0.0430725537132802,0.349095719095719,0.0826663066152036,18.22222222222222,10.95191510396444,5.777777777777778,4.555555555555555,0.8888888888888888,0.3333333333333333,0.8888888888888888,1.0,0.5555555555555556,1.2222222222222223,2.111111111111111,5.222222222222222,,1.2222222222222223,1.5555555555555556,,1.6666666666666667,2.888888888888889,2.2222222222222223,-0.2222222222222222,0.3884559884559884,0.3361265767398448,0.2578162578162578,0.068155621103455,0.0378306878306878,0.0338426458622897,0.0289351851851851,0.057598568056264,0.0562439874939874,0.0478541141750127,0.3027898027898028,0.1292494700016572,0.0704365079365079,0.1012321509487153,0.081286075036075,0.0549788275565911,0.4150679413179413,0.1372506536315481,18.544444444444444,5.335555555555556,4.591111111111111,0.8677777777777778,0.2066666666666666,0.4079777777777778,0.3338,1.1126666666666667,10.794444444444444,9.926666666666666,6.203333333333333,5.458888888888889,0.7417777777777778,5.335555555555556,4.591111111111111,0.8677777777777778,0.2066666666666666,10.794444444444444,0.4079777777777778,0.3338,1.1126666666666667
3142328,Gabby Williams,GSV,2026-06-24,0.0,33.0,0.0,0.0,7.0,6,0,3,0,3,4,0,3,2,8,,2,2,,0,0,0,-6,22.0,0.2727272727272727,0.0,0.1363636363636363,0.0,0.1363636363636363,0.3636363636363636,0.0909090909090909,0.1363636363636363,0.54,1.0,25.0,6.082762530298215,13.333333333333334,2.333333333333333,2.0,2.333333333333333,5.0,1.6666666666666667,0.3333333333333333,1.6666666666666667,4.0,12.0,,3.0,4.0,,0.3333333333333333,2.0,1.3333333333333333,1.6666666666666667,0.5323773448773449,0.2459759840781757,0.083829365079365,0.0787472854635386,0.0876172438672438,0.0529695872091632,0.0947420634920634,0.0952419704072722,0.2031926406926406,0.0759018994775255,0.4728986291486292,0.0946970019068178,0.1672077922077922,0.1040355192857929,0.0662878787878787,0.0682606867081064,0.6127579365079366,0.0630114091967835,26.2,5.403702434442516,13.2,3.6,2.6,2.4,5.8,2.0,0.4,2.2,4.2,11.6,,2.4,3.2,,1.0,2.6,1.2,4.0,0.4965097402597402,0.2099310467646929,0.131547619047619,0.0920251859534836,0.1046536796536796,0.0511047345150068,0.0901785714285714,0.0737741130494689,0.219832251082251,0.0637518462122214,0.4399891774891775,0.0814648170289222,0.1315746753246753,0.0942923677149603,0.0814393939393939,0.0545638647382118,0.5793214285714285,0.0648599736725761,21.83333333333333,11.737404596701378,11.0,3.0,2.1666666666666665,2.0,4.833333333333333,1.6666666666666667,0.3333333333333333,1.8333333333333333,3.5,9.666666666666666,,2.0,2.6666666666666665,,0.8333333333333334,2.1666666666666665,1.0,3.333333333333333,0.4965097402597402,0.2099310467646929,0.131547619047619,0.0920251859534836,0.1046536796536796,0.0511047345150068,0.0901785714285714,0.0737741130494689,0.219832251082251,0.0637518462122214,0.4399891774891775,0.0814648170289222,0.1315746753246753,0.0942923677149603,0.0814393939393939,0.0545638647382118,0.5793214285714285,0.0648599736725761,23.606566666666662,11.3684,2.4832,2.321533333333333,1.8818,0.5193444666666667,0.4249181999999999,1.416394,16.173133333333332,13.8516,13.689933333333332,4.804733333333333,0.9442626666666668,11.3684,2.4832,2.321533333333333,1.8818,16.173133333333332,0.5193444666666667,0.4249181999999999,1.416394
3143136,Jaime Nared,PHX,2026-06-24,0.0,56.0,0.0,0.0,3.0,0,0,0,0,0,0,0,0,0,0,,0,0,,0,0,0,0,0.0,,,,,,,,,,0.0,0.0,0.0,0.0,0.0,0.0,0.0,0.0,0.0,0.0,0.0,0.0,0.0,,0.0,0.0,,0.0,0.0,0.0,0.0,,,,,,,,,,,,,,,,,,,0.0,0.0,0.0,0.0,0.0,0.0,0.0,0.0,0.0,0.0,0.0,0.0,,0.0,0.0,,0.0,0.0,0.0,0.0,,,,,,,,,,,,,,,,,,,0.0,0.0,0.0,0.0,0.0,0.0,0.0,0.0,0.0,0.0,0.0,0.0,,0.0,0.0,,0.0,0.0,0.0,0.0,,,,,,,,,,,,,,,,,,,8.0,0.0,0.0,0.0,0.0,0.176,0.144,0.48,0.0,0.0,0.0,0.0,0.3199999999999999,0.0,0.0,0.0,0.0,0.0,0.176,0.144,0.48
3906769,Jovana Nogic,PHX,2026-06-24,0.0,31.0,0.0,0.0,9.0,11,0,1,2,4,0,0,4,3,9,,3,3,,0,0,4,-2,21.0,0.5238095238095238,0.0,0.0476190476190476,0.0952380952380952,0.1904761904761904,0.4285714285714285,0.1428571428571428,0.1904761904761904,0.6819047619047619,0.0,26.666666666666668,4.932882862316246,13.0,0.3333333333333333,2.333333333333333,2.333333333333333,6.333333333333333,0.3333333333333333,0.0,2.333333333333333,4.0,11.666666666666666,,2.6666666666666665,3.0,,0.0,0.3333333333333333,4.333333333333333,-8.666666666666666,0.4906951286261631,0.0386169520735,0.0111111111111111,0.0192450089729875,0.0836891078270388,0.0312851335966672,0.0880678708264915,0.0167135833563107,0.2336070060207991,0.0666272893108727,0.4374931581828133,0.0756827851388646,0.1154351395730706,0.0238106562213011,0.097591680350301,0.0823896977692541,0.5858762999452655,0.1254040953087951,25.6,6.228964600958975,13.6,1.2,1.8,2.4,5.8,0.8,0.0,1.8,3.6,10.4,,4.0,4.4,,0.6,0.6,3.6,0.4,0.4921400373275005,0.267742517162333,0.0442378241619228,0.0534689557404334,0.0737428764609292,0.0490405209524417,0.0850987870120239,0.058378265982579,0.2153065186029918,0.0728847228811887,0.4040518721392895,0.0704360797828826,0.1637582374440321,0.1081402419611031,0.0767713269957593,0.0655365163728179,0.5528768236104231,0.1034352124415134,22.0,10.212037714663722,12.875,0.875,1.75,2.5,4.875,0.75,0.0,1.75,3.5,8.25,,3.375,3.625,,0.5,0.375,3.0,3.875,0.5654363834274286,0.2675460280863921,0.0368894511209501,0.0466664819566174,0.0851753728311247,0.0628211246545352,0.109159753383494,0.0641082367796201,0.2142590023279117,0.0614649910496587,0.3747762805530072,0.0889205184267502,0.1615657856270675,0.1002603599268943,0.0828034043922846,0.0617386213535103,0.5286686306212017,0.1012827972091815,24.51,12.884999999999998,0.6950000000000001,1.83,2.34,0.5392199999999999,0.4411799999999999,1.4706,15.409999999999998,13.579999999999998,14.714999999999998,2.5250000000000004,0.9803999999999998,12.884999999999998,0.6950000000000001,1.83,2.34,15.409999999999998,0.5392199999999999,0.4411799999999999,1.4706
3906972,Bridget Carleton,POR,2026-06-24,0.0,32.0,0.0,0.0,9.0,15,2,3,4,8,2,0,2,5,10,,1,2,,0,2,5,25,28.0,0.5357142857142857,0.0714285714285714,0.1071428571428571,0.1428571428571428,0.2857142857142857,0.3571428571428571,0.0714285714285714,0.0714285714285714,0.46,0.0,28.666666666666668,4.041451884327388,16.333333333333332,3.333333333333333,2.0,2.6666666666666665,7.0,2.6666666666666665,0.3333333333333333,1.3333333333333333,5.333333333333333,11.666666666666666,,3.0,3.333333333333333,,0.0,3.333333333333333,3.333333333333333,4.333333333333333,0.5737229437229437,0.0576038566982803,0.1143145743145743,0.0403448649323482,0.066017316017316,0.0577459808309701,0.0944877344877345,0.0429968716397936,0.2459451659451659,0.0371549978980696,0.4135930735930737,0.0922082799816377,0.1110822510822511,0.0614088452077351,0.044011544011544,0.03849732055398,0.5064808080808082,0.0476394560386237,28.8,4.024922359499626,17.2,3.2,1.6,3.0,7.6,2.6,0.2,1.0,5.8,12.4,,2.6,2.8,,0.4,2.8,2.8,-1.2,0.5898095238095238,0.1314220962991516,0.1146493506493506,0.0664356598126025,0.0556103896103896,0.0516756167925342,0.102995670995671,0.0412236514846405,0.2622337662337662,0.0477138136140365,0.4331255411255411,0.0722353908244572,0.0928311688311688,0.0532358557109502,0.0344069264069264,0.0333764605472695,0.5083781818181818,0.0351328753086959,24.875,10.602391913418138,13.5,2.25,1.625,2.375,6.25,1.875,0.25,0.75,4.5,10.0,,2.125,2.625,,0.375,1.875,2.0,-2.75,0.5346258503401361,0.1443766026053177,0.0923685837971552,0.0662879825745194,0.0644836116264687,0.0523050017456536,0.0935683364254792,0.0411356777751568,0.2492145949288806,0.0458770403171889,0.402708719851577,0.078688625211814,0.1034508348794063,0.0501827131676337,0.0302906617192331,0.0304205689372309,0.4785177489177489,0.0604829269200588,27.855000000000004,15.869999999999996,2.87,1.935,2.925,0.6128100000000001,0.50139,1.6713000000000002,20.675,18.74,17.804999999999996,4.805,1.1142,15.869999999999996,2.87,1.935,2.925,20.675,0.6128100000000001,0.50139,1.6713000000000002
3907713,Maite Cazorla,ATL,2026-06-24,0.0,52.0,0.0,0.0,2.0,5,4,4,0,1,2,0,2,1,2,,3,4,,1,3,5,1,22.0,0.2272727272727272,0.1818181818181818,0.1818181818181818,0.0,0.0454545454545454,0.0909090909090909,0.1818181818181818,0.0909090909090909,0.2618181818181818,0.0,22.0,,5.0,4.0,4.0,0.0,1.0,2.0,0.0,2.0,1.0,2.0,,3.0,4.0,,1.0,3.0,5.0,1.0,0.2272727272727272,,0.1818181818181818,,0.1818181818181818,,0.0,,0.0454545454545454,,0.0909090909090909,,0.1818181818181818,,0.0909090909090909,,0.2618181818181818,,22.0,,5.0,4.0,4.0,0.0,1.0,2.0,0.0,2.0,1.0,2.0,,3.0,4.0,,1.0,3.0,5.0,1.0,0.2272727272727272,,0.1818181818181818,,0.1818181818181818,,0.0,,0.0454545454545454,,0.0909090909090909,,0.1818181818181818,,0.0909090909090909,,0.2618181818181818,,22.0,,5.0,4.0,4.0,0.0,1.0,2.0,0.0,2.0,1.0,2.0,,3.0,4.0,,1.0,3.0,5.0,1.0,0.2272727272727272,,0.1818181818181818,,0.1818181818181818,,0.0,,0.0454545454545454,,0.0909090909090909,,0.1818181818181818,,0.0909090909090909,,0.2618181818181818,,22.0,5.0,4.0,4.0,0.0,0.484,0.3959999999999999,1.3199999999999998,13.0,9.0,9.0,8.0,0.8799999999999999,5.0,4.0,4.0,0.0,13.0,0.484,0.3959999999999999,1.3199999999999998
3907781,Sophie Cunningham,IND,2026-06-24,0.0,33.0,0.0,0.0,10.0,11,0,1,2,5,1,0,1,4,8,,1,3,,0,0,4,0,28.0,0.3928571428571428,0.0,0.0357142857142857,0.0714285714285714,0.1785714285714285,0.2857142857142857,0.1071428571428571,0.0357142857142857,0.3685714285714286,0.0,22.666666666666668,6.806859285554045,10.0,1.6666666666666667,0.6666666666666666,1.0,4.666666666666667,0.6666666666666666,0.3333333333333333,1.3333333333333333,3.333333333333333,7.333333333333333,,2.333333333333333,3.0,,0.0,1.6666666666666667,2.333333333333333,1.0,0.402063492063492,0.2734495908945433,0.0844444444444444,0.0734342739638146,0.0341269841269841,0.033361665963466,0.0371428571428571,0.0357998973889761,0.2150793650793651,0.0459427163124009,0.3263492063492063,0.0376321054291745,0.1157142857142857,0.1202293726209046,0.0519047619047619,0.0616165451762412,0.429168253968254,0.13661478402394,23.0,5.431390245600108,9.8,2.6,1.0,1.2,4.4,0.6,0.2,0.8,3.4,7.2,,1.8,2.2,,0.2,2.4,2.0,3.4,0.4001269841269842,0.1962379674887145,0.1125185185185185,0.0982230322294962,0.0478835978835978,0.0375083391715043,0.0471005291005291,0.0299862887771602,0.196084656084656,0.0434351737248568,0.3124761904761904,0.0440114394529545,0.0894285714285714,0.0988587943710107,0.0311428571428571,0.0520243271195783,0.382967619047619,0.1163072375073823,20.11111111111111,6.47001631459389,8.222222222222221,2.333333333333333,1.3333333333333333,1.2222222222222223,3.4444444444444446,0.6666666666666666,0.1111111111111111,0.4444444444444444,2.888888888888889,5.555555555555555,,1.2222222222222223,1.7777777777777777,,0.2222222222222222,2.111111111111111,2.0,4.222222222222222,0.4202984669651337,0.2936394807747722,0.1126730882286437,0.0739589460190173,0.0751367973590195,0.0768094250307683,0.0635092479536924,0.0639631630488179,0.1793469904581015,0.1241142967460735,0.2826739926739926,0.1659715650324104,0.092010582010582,0.0978405668320386,0.0173015873015873,0.040282449490584,0.340460236060236,0.1771042330246646,23.07222222222222,9.724444444444444,1.8766666666666667,0.9666666666666666,1.2644444444444445,0.5075888888888888,0.4152999999999999,1.3843333333333332,12.567777777777778,11.601111111111113,10.69111111111111,2.8433333333333333,0.9228888888888886,9.724444444444444,1.8766666666666667,0.9666666666666666,1.2644444444444445,12.567777777777778,0.5075888888888888,0.4152999999999999,1.3843333333333332
3913680,Emese Hof,MIN,2026-06-24,0.0,32.0,0.0,0.0,4.0,2,2,0,0,0,0,0,2,1,1,,0,0,,1,1,3,-4,6.0,0.3333333333333333,0.3333333333333333,0.0,0.0,0.0,0.1666666666666666,0.0,0.3333333333333333,0.5,0.0,7.0,3.605551275463989,2.333333333333333,1.6666666666666667,0.6666666666666666,0.0,0.0,0.0,0.0,1.3333333333333333,1.0,2.0,,0.3333333333333333,0.6666666666666666,,0.6666666666666666,1.0,2.0,-6.0,0.3686868686868687,0.1176886888659701,0.202020202020202,0.1775595538509792,0.0606060606060606,0.1049727762162956,0.0,0.0,0.0,0.0,0.3131313131313131,0.170300154546337,0.0606060606060606,0.1049727762162956,0.1717171717171717,0.1668960771904879,0.5115151515151516,0.0199448274810961,7.0,3.605551275463989,2.333333333333333,1.6666666666666667,0.6666666666666666,0.0,0.0,0.0,0.0,1.3333333333333333,1.0,2.0,,0.3333333333333333,0.6666666666666666,,0.6666666666666666,1.0,2.0,-6.0,0.3686868686868687,0.1176886888659701,0.202020202020202,0.1775595538509792,0.0606060606060606,0.1049727762162956,0.0,0.0,0.0,0.0,0.3131313131313131,0.170300154546337,0.0606060606060606,0.1049727762162956,0.1717171717171717,0.1668960771904879,0.5115151515151516,0.0199448274810961,7.0,3.605551275463989,2.333333333333333,1.6666666666666667,0.6666666666666666,0.0,0.0,0.0,0.0,1.3333333333333333,1.0,2.0,,0.3333333333333333,0.6666666666666666,,0.6666666666666666,1.0,2.0,-6.0,0.3686868686868687,0.1176886888659701,0.202020202020202,0.1775595538509792,0.0606060606060606,0.1049727762162956,0.0,0.0,0.0,0.0,0.3131313131313131,0.170300154546337,0.0606060606060606,0.1049727762162956,0.1717171717171717,0.1668960771904879,0.5115151515151516,0.0199448274810961,8.0,2.283333333333333,1.7166666666666668,0.5666666666666667,0.0,0.176,0.144,0.48,4.566666666666666,4.0,2.85,2.283333333333333,0.3199999999999999,2.283333333333333,1.7166666666666668,0.5666666666666667,0.0,4.566666666666666,0.176,0.144,0.48
3917450,Napheesa Collier,MIN,2026-06-24,0.0,32.0,0.0,0.0,8.0,0,0,0,0,0,0,0,0,0,0,,0,0,,0,0,0,0,0.0,,,,,,,,,,0.0,0.0,0.0,0.0,0.0,0.0,0.0,0.0,0.0,0.0,0.0,0.0,0.0,,0.0,0.0,,0.0,0.0,0.0,0.0,,,,,,,,,,,,,,,,,,,0.0,0.0,0.0,0.0,0.0,0.0,0.0,0.0,0.0,0.0,0.0,0.0,,0.0,0.0,,0.0,0.0,0.0,0.0,,,,,,,,,,,,,,,,,,,0.0,0.0,0.0,0.0,0.0,0.0,0.0,0.0,0.0,0.0,0.0,0.0,,0.0,0.0,,0.0,0.0,0.0,0.0,,,,,,,,,,,,,,,,,,,8.0,0.0,0.0,0.0,0.0,0.176,0.144,0.48,0.0,0.0,0.0,0.0,0.3199999999999999,0.0,0.0,0.0,0.0,0.0,0.176,0.144,0.48
3919496,Valeriane Ayayi,PHX,2026-06-24,0.0,31.0,0.0,0.0,7.0,0,0,0,0,0,0,0,0,0,0,,0,0,,0,0,0,0,0.0,,,,,,,,,,0.0,6.0,6.0,1.0,1.6666666666666667,0.3333333333333333,0.0,0.0,0.6666666666666666,0.0,0.0,0.0,1.0,,1.0,2.0,,0.0,1.6666666666666667,1.6666666666666667,-0.6666666666666666,0.125,0.1767766952966371,0.2916666666666667,0.0589255650988789,0.0416666666666666,0.058925565098879,0.0,0.0,0.0,0.0,0.2083333333333333,0.1767766952966369,0.25,0.3535533905932738,0.0,0.0,0.3183333333333333,0.0212132034355968,9.4,6.54217089351845,3.4,2.2,1.0,0.4,1.0,0.6,0.0,0.6,1.0,2.6,,1.0,1.8,,0.4,1.8,1.6,-1.8,0.3174019607843137,0.2760047702812273,0.2463235294117647,0.0684375289850113,0.0857843137254902,0.0720993838983993,0.0294117647058823,0.0588235294117647,0.0857843137254902,0.0991360216478269,0.2879901960784313,0.174800329143178,0.1875,0.2393567769390845,0.0502450980392156,0.0596852728523819,0.4207352941176471,0.1828734138839617,7.833333333333333,6.997618642557385,2.833333333333333,1.8333333333333333,0.8333333333333334,0.3333333333333333,0.8333333333333334,0.5,0.0,0.5,0.8333333333333334,2.1666666666666665,,0.8333333333333334,1.5,,0.3333333333333333,1.5,1.3333333333333333,-1.5,0.3174019607843137,0.2760047702812273,0.2463235294117647,0.0684375289850113,0.0857843137254902,0.0720993838983993,0.0294117647058823,0.0588235294117647,0.0857843137254902,0.0991360216478269,0.2879901960784313,0.174800329143178,0.1875,0.2393567769390845,0.0502450980392156,0.0596852728523819,0.4207352941176471,0.1828734138839617,8.0,2.056666666666666,1.6366666666666667,0.6166666666666667,0.2066666666666666,0.176,0.144,0.48,4.3100000000000005,3.693333333333333,2.6733333333333333,2.2533333333333334,0.3199999999999999,2.056666666666666,1.6366666666666667,0.6166666666666667,0.2066666666666666,4.3100000000000005,0.176,0.144,0.48
3934218,Megan Gustafson,POR,2026-06-24,0.0,32.0,0.0,0.0,9.0,14,4,0,2,3,0,1,0,6,8,,0,0,,2,2,3,-1,20.0,0.7,0.2,0.0,0.1,0.15,0.4,0.0,0.0,0.4,0.0,15.333333333333334,6.429100507328636,7.0,4.0,0.3333333333333333,0.6666666666666666,2.0,0.3333333333333333,1.0,0.0,3.0,5.0,,0.3333333333333333,0.3333333333333333,,1.0,3.0,2.6666666666666665,-3.0,0.4324074074074073,0.244007395489354,0.261111111111111,0.0673575314054562,0.0416666666666666,0.0721687836487032,0.0333333333333333,0.0577350269189625,0.1287037037037036,0.019707219123882,0.3092592592592593,0.0798017089867231,0.0416666666666666,0.0721687836487032,0.0,0.0,0.3275925925925926,0.0641668670832207,15.0,4.582575694955841,8.2,3.2,0.2,0.4,1.8,0.2,0.6,0.4,3.2,5.0,,1.4,1.4,,1.0,2.2,2.4,-6.8,0.5394444444444445,0.310244328247716,0.2128571428571428,0.0967381860693642,0.025,0.0559016994374947,0.02,0.0447213595499957,0.1181746031746031,0.0296829640916946,0.3246031746031746,0.0830797350647729,0.1088095238095238,0.1181501888283781,0.0276190476190476,0.0378563941225748,0.4000984126984127,0.1369070505444774,14.0,7.230886134196436,7.375,2.375,0.25,0.625,2.125,0.25,0.375,0.5,2.875,4.75,,1.0,1.375,,0.625,1.75,1.875,-6.375,0.5370477176377798,0.2745459971510186,0.1746672582076308,0.102531980997305,0.0280612244897959,0.0503570825492956,0.040905057675244,0.0585746763110174,0.1500714778665089,0.0677971952176481,0.3365621610963226,0.079401432590822,0.1105516119491274,0.0978548401506222,0.0361431529133392,0.0351060126087643,0.4213480232672779,0.1281275831979766,15.65,8.545,3.395,0.2199999999999999,0.765,0.3443,0.2817,0.939,12.16,11.94,8.765,3.615,0.626,8.545,3.395,0.2199999999999999,0.765,12.16,0.3443,0.2817,0.939
4065760,Tyasha Harris,IND,2026-06-24,0.0,33.0,0.0,0.0,9.0,0,0,0,0,0,0,0,1,0,0,,0,0,,0,0,1,-1,2.0,0.0,0.0,0.0,0.0,0.0,0.0,0.0,0.5,0.5,0.0,14.666666666666666,13.576941236277536,1.3333333333333333,1.6666666666666667,2.6666666666666665,0.0,1.6666666666666667,0.6666666666666666,0.3333333333333333,0.6666666666666666,0.3333333333333333,3.333333333333333,,0.6666666666666666,0.6666666666666666,,0.0,1.6666666666666667,2.0,2.6666666666666665,0.1025641025641025,0.177646236673731,0.1140583554376657,0.1685759346995824,0.1061007957559681,0.1233065177630712,0.0,0.0,0.0716180371352785,0.0691183778291532,0.1715296198054818,0.1568654007684887,0.0512820512820512,0.0888231183368655,0.1923076923076923,0.2692307692307693,0.3864014146772767,0.1572740789867271,14.0,9.874208829065749,2.6,1.2,2.4,0.2,1.6,0.4,0.2,0.8,1.0,3.2,,0.4,0.4,,0.0,1.2,1.2,1.0,0.1890384615384615,0.1919655610447325,0.0809350132625994,0.1294386775620262,0.1211604774535809,0.094786700994865,0.0125,0.0279508497187473,0.0879708222811671,0.0544811943992468,0.1929177718832891,0.1160758435100653,0.0307692307692307,0.0688020916153781,0.1478846153846154,0.2002961010766532,0.354340848806366,0.1196426930196419,10.75,9.300537618869138,1.875,0.75,1.625,0.125,1.25,0.25,0.125,0.5,0.625,2.5,,0.5,0.5,,0.0,0.75,0.75,1.5,0.1588369963369963,0.1718789516652551,0.0578107237589996,0.1128238364179122,0.0984479600858911,0.0898497076185097,0.0089285714285714,0.0236227795630767,0.0866458254389288,0.0655647445311655,0.209226979916635,0.0987836317860947,0.0457875457875457,0.0782846530152473,0.1056318681318681,0.178753446963555,0.3350053681950233,0.1052686634633111,11.749999999999998,1.6849999999999998,1.0699999999999998,1.965,0.095,0.2584999999999999,0.2114999999999999,0.7049999999999998,4.72,2.755,3.65,3.035,0.4699999999999999,1.6849999999999998,1.0699999999999998,1.965,0.095,4.72,0.2584999999999999,0.2114999999999999,0.7049999999999998
4065780,Kaila Charles,GSV,2026-06-24,0.0,33.0,0.0,0.0,7.0,4,7,1,0,3,0,0,2,0,6,,4,4,,2,5,4,-9,23.0,0.1739130434782608,0.3043478260869565,0.0434782608695652,0.0,0.1304347826086956,0.2608695652173913,0.1739130434782608,0.0869565217391304,0.4243478260869565,1.0,25.0,2.645751311064605,8.666666666666666,7.666666666666667,1.3333333333333333,0.6666666666666666,4.0,0.0,0.0,1.3333333333333333,3.0,8.333333333333334,,2.0,2.333333333333333,,3.0,4.666666666666667,3.0,3.0,0.3456694271911663,0.1850713272177167,0.3058143547273982,0.0149350518396856,0.0521911663216011,0.0166846871360016,0.0257936507936507,0.0225353505785725,0.1605417529330572,0.041852181859523,0.3329882677708765,0.0785391885598754,0.0996376811594202,0.0896876361919316,0.0547791580400276,0.0280248953739139,0.431608005521049,0.0783479346710131,25.0,5.958187643906498,7.2,6.6,1.4,0.8,3.6,0.2,0.2,1.4,2.4,7.0,,1.6,1.8,,2.4,4.2,3.6,4.8,0.285120016386001,0.1554308603723669,0.2783192723729808,0.0907815175641089,0.0609047176182726,0.0351450282765761,0.0333015024191494,0.0214776177469288,0.1383927879452176,0.0535686557889215,0.2718072209120802,0.1097666670299857,0.0719038208168642,0.0769627247986619,0.0624575126493285,0.0381688932634574,0.3659024147208291,0.1080629171784454,20.83333333333333,11.513759884011249,6.0,5.5,1.1666666666666667,0.6666666666666666,3.0,0.1666666666666666,0.1666666666666666,1.1666666666666667,2.0,5.833333333333333,,1.3333333333333333,1.5,,2.0,3.5,3.0,4.0,0.285120016386001,0.1554308603723669,0.2783192723729808,0.0907815175641089,0.0609047176182726,0.0351450282765761,0.0333015024191494,0.0214776177469288,0.1383927879452176,0.0535686557889215,0.2718072209120802,0.1097666670299857,0.0719038208168642,0.0769627247986619,0.0624575126493285,0.0381688932634574,0.3659024147208291,0.1080629171784454,23.150666666666663,6.7124,6.5572,1.2351333333333332,0.5949333333333333,0.5093146666666666,0.4167119999999999,1.3890399999999998,14.504733333333334,13.2696,7.947533333333332,7.792333333333334,0.9260266666666666,6.7124,6.5572,1.2351333333333332,0.5949333333333333,14.504733333333334,0.5093146666666666,0.4167119999999999,1.3890399999999998
4065785,Stephanie Jones,ATL,2026-06-24,0.0,52.0,0.0,0.0,2.0,3,6,1,0,1,0,0,2,0,2,,3,4,,2,4,4,-12,20.0,0.15,0.3,0.05,0.0,0.05,0.1,0.2,0.1,0.288,0.0,20.0,,3.0,6.0,1.0,0.0,1.0,0.0,0.0,2.0,0.0,2.0,,3.0,4.0,,2.0,4.0,4.0,-12.0,0.15,,0.3,,0.05,,0.0,,0.05,,0.1,,0.2,,0.1,,0.288,,20.0,,3.0,6.0,1.0,0.0,1.0,0.0,0.0,2.0,0.0,2.0,,3.0,4.0,,2.0,4.0,4.0,-12.0,0.15,,0.3,,0.05,,0.0,,0.05,,0.1,,0.2,,0.1,,0.288,,20.0,,3.0,6.0,1.0,0.0,1.0,0.0,0.0,2.0,0.0,2.0,,3.0,4.0,,2.0,4.0,4.0,-12.0,0.15,,0.3,,0.05,,0.0,,0.05,,0.1,,0.2,,0.1,,0.288,,20.0,3.0,5.999999999999999,1.0,0.0,0.4399999999999999,0.36,1.2,9.999999999999998,8.999999999999998,4.0,6.999999999999999,0.7999999999999999,3.0,5.999999999999999,1.0,0.0,9.999999999999998,0.4399999999999999,0.36,1.2
4066548,DiJonai Carrington,CHI,2026-06-24,0.0,32.0,0.0,0.0,5.0,0,0,0,0,0,0,0,0,0,0,,0,0,,0,0,0,0,0.0,,,,,,,,,,0.0,0.0,0.0,0.0,0.0,0.0,0.0,0.0,0.0,0.0,0.0,0.0,0.0,,0.0,0.0,,0.0,0.0,0.0,0.0,,,,,,,,,,,,,,,,,,,0.0,0.0,0.0,0.0,0.0,0.0,0.0,0.0,0.0,0.0,0.0,0.0,,0.0,0.0,,0.0,0.0,0.0,0.0,,,,,,,,,,,,,,,,,,,0.0,0.0,0.0,0.0,0.0,0.0,0.0,0.0,0.0,0.0,0.0,0.0,,0.0,0.0,,0.0,0.0,0.0,0.0,,,,,,,,,,,,,,,,,,,8.0,0.0,0.0,0.0,0.0,0.176,0.144,0.48,0.0,0.0,0.0,0.0,0.3199999999999999,0.0,0.0,0.0,0.0,0.0,0.176,0.144,0.48
4068042,Natasha Mack,PHX,2026-06-24,0.0,31.0,0.0,0.0,10.0,6,7,1,0,0,0,2,1,3,5,,0,0,,4,3,4,4,16.0,0.375,0.4375,0.0625,0.0,0.0,0.3125,0.0,0.0625,0.375,0.0,20.666666666666668,6.429100507328637,9.333333333333334,8.666666666666666,2.0,0.0,0.0,0.6666666666666666,0.6666666666666666,0.6666666666666666,4.333333333333333,6.0,,0.6666666666666666,1.0,,4.0,4.666666666666667,3.0,3.6666666666666665,0.4662698412698412,0.1737782642035516,0.4381613756613756,0.1170648932747275,0.1001984126984126,0.0577360497101248,0.0,0.0,0.0,0.0,0.3052248677248677,0.0875286399276955,0.0357142857142857,0.0618589574131741,0.0327380952380952,0.0313561123596807,0.3536772486772486,0.0494502616602266,24.0,6.48074069840786,9.4,8.4,1.8,0.0,0.2,0.8,1.8,1.0,4.0,6.2,,1.4,2.0,,3.4,5.0,3.4,3.0,0.4107142857142857,0.1445828309701323,0.3743253968253968,0.1325877621662001,0.0801190476190476,0.060602721962772,0.0,0.0,0.0071428571428571,0.0159719141249984,0.2721825396825396,0.0827517022802836,0.0685714285714285,0.0855056985808309,0.0396428571428571,0.0427901261736768,0.3419968253968254,0.0997660000927289,23.22222222222222,6.26054665699765,9.444444444444445,8.222222222222221,1.3333333333333333,0.1111111111111111,0.2222222222222222,0.8888888888888888,1.2222222222222223,0.7777777777777778,3.888888888888889,5.666666666666667,,1.5555555555555556,2.0,,3.111111111111111,5.111111111111111,2.7777777777777777,7.444444444444445,0.4181057448298827,0.1135022966120394,0.3790246524441927,0.1669984108277438,0.0578369491300525,0.0518835604703283,0.003831417624521,0.0114942528735632,0.007799671592775,0.0154800555295277,0.2570828968817474,0.0722536730847618,0.0818419894281963,0.0666721881393153,0.0344022356953391,0.0381384914193472,0.327495607925493,0.0957372124596621,21.64444444444445,8.87888888888889,8.234444444444444,1.6466666666666665,0.0222222222222222,0.4761777777777777,0.3896,1.2986666666666666,18.76,17.113333333333333,10.525555555555556,9.88111111111111,0.8657777777777778,8.87888888888889,8.234444444444444,1.6466666666666665,0.0222222222222222,18.76,0.4761777777777777,0.3896,1.2986666666666666
4068104,Peyton Williams,PHX,2026-06-24,0.0,45.0,0.0,0.0,4.0,0,0,0,0,0,0,0,0,0,0,,0,0,,0,0,0,0,0.0,,,,,,,,,,1.0,4.333333333333333,3.785938897200183,1.0,0.0,0.6666666666666666,0.3333333333333333,0.3333333333333333,0.0,0.6666666666666666,0.0,0.3333333333333333,0.6666666666666666,,0.0,0.3333333333333333,,0.0,0.0,0.0,1.3333333333333333,0.2142857142857142,0.3030457633656632,0.0,0.0,0.1666666666666666,0.2357022603955158,0.0714285714285714,0.101015254455221,0.0714285714285714,0.101015254455221,0.1547619047619047,0.0168358757425368,0.0714285714285714,0.101015254455221,0.0,0.0,0.1861904761904761,0.0276108362177604,4.333333333333333,3.785938897200183,1.0,0.0,0.6666666666666666,0.3333333333333333,0.3333333333333333,0.0,0.6666666666666666,0.0,0.3333333333333333,0.6666666666666666,,0.0,0.3333333333333333,,0.0,0.0,0.0,1.3333333333333333,0.2142857142857142,0.3030457633656632,0.0,0.0,0.1666666666666666,0.2357022603955158,0.0714285714285714,0.101015254455221,0.0714285714285714,0.101015254455221,0.1547619047619047,0.0168358757425368,0.0714285714285714,0.101015254455221,0.0,0.0,0.1861904761904761,0.0276108362177604,4.333333333333333,3.785938897200183,1.0,0.0,0.6666666666666666,0.3333333333333333,0.3333333333333333,0.0,0.6666666666666666,0.0,0.3333333333333333,0.6666666666666666,,0.0,0.3333333333333333,,0.0,0.0,0.0,1.3333333333333333,0.2142857142857142,0.3030457633656632,0.0,0.0,0.1666666666666666,0.2357022603955158,0.0714285714285714,0.101015254455221,0.0714285714285714,0.101015254455221,0.1547619047619047,0.0168358757425368,0.0714285714285714,0.101015254455221,0.0,0.0,0.1861904761904761,0.0276108362177604,7.76,0.8244999999999999,0.0,0.5496666666666666,0.2748333333333333,0.1707199999999999,0.13968,0.4655999999999999,1.3741666666666663,0.8244999999999999,1.3741666666666663,0.5496666666666666,0.3104,0.8244999999999999,0.0,0.5496666666666666,0.2748333333333333,1.3741666666666663,0.1707199999999999,0.13968,0.4655999999999999
4068159,Sug Sutton,POR,2026-06-24,0.0,35.0,0.0,0.0,6.0,14,1,4,0,1,1,0,3,6,8,,2,2,,0,1,1,-9,24.0,0.5833333333333334,0.0416666666666666,0.1666666666666666,0.0,0.0416666666666666,0.3333333333333333,0.0833333333333333,0.125,0.495,0.0,23.0,2.6457513110645854,11.333333333333334,1.6666666666666667,5.666666666666667,0.6666666666666666,2.6666666666666665,0.6666666666666666,0.0,2.0,4.333333333333333,10.333333333333334,,2.0,3.333333333333333,,0.3333333333333333,1.3333333333333333,1.6666666666666667,-4.666666666666667,0.4877777777777778,0.0919138082561491,0.0772222222222222,0.0630329132132423,0.2555555555555556,0.1261979632400061,0.03,0.0264575131106459,0.1238888888888888,0.1108844911174253,0.4611111111111111,0.1669442133479635,0.1477777777777777,0.0592858736531293,0.085,0.0377491721763537,0.6111333333333334,0.1556555599178305,13.8,12.735776379946374,6.8,1.0,3.4,0.4,1.6,0.4,0.0,1.2,2.6,6.2,,1.2,2.0,,0.2,0.8,1.0,-2.8,0.4877777777777778,0.0919138082561491,0.0772222222222222,0.0630329132132423,0.2555555555555556,0.1261979632400061,0.03,0.0264575131106459,0.1238888888888888,0.1108844911174253,0.4611111111111111,0.1669442133479635,0.1477777777777777,0.0592858736531293,0.085,0.0377491721763537,0.6111333333333334,0.1556555599178305,13.8,12.735776379946374,6.8,1.0,3.4,0.4,1.6,0.4,0.0,1.2,2.6,6.2,,1.2,2.0,,0.2,0.8,1.0,-2.8,0.4877777777777778,0.0919138082561491,0.0772222222222222,0.0630329132132423,0.2555555555555556,0.1261979632400061,0.03,0.0264575131106459,0.1238888888888888,0.1108844911174253,0.4611111111111111,0.1669442133479635,0.1477777777777777,0.0592858736531293,0.085,0.0377491721763537,0.6111333333333334,0.1556555599178305,18.09,9.24,1.2,4.17,0.42,0.39798,0.3256199999999999,1.0854,14.61,10.44,13.41,5.37,0.7236,9.24,1.2,4.17,0.42,14.61,0.39798,0.3256199999999999,1.0854
4068346,Kamiah Smalls,POR,2026-06-24,0.0,35.0,0.0,0.0,6.0,0,0,0,0,0,0,0,0,0,0,,0,0,,0,0,0,0,0.0,,,,,,,,,,0.0,10.0,8.717797887081348,5.0,0.0,2.0,1.3333333333333333,2.333333333333333,0.0,0.0,1.3333333333333333,1.6666666666666667,3.333333333333333,,0.3333333333333333,0.3333333333333333,,0.0,0.0,0.6666666666666666,-6.333333333333333,0.5267857142857143,0.5682108063106186,0.0,0.0,0.1964285714285714,0.0757614408414158,0.1428571428571428,0.2020305089104421,0.2410714285714285,0.1641497884897342,0.34375,0.2209708691207961,0.0357142857142857,0.0505076272276105,0.1339285714285714,0.0126269068069026,0.4933928571428572,0.2558211319078474,6.0,8.246211251235321,3.0,0.0,1.2,0.8,1.4,0.0,0.0,0.8,1.0,2.0,,0.2,0.2,,0.0,0.0,0.4,-3.8,0.5267857142857143,0.5682108063106186,0.0,0.0,0.1964285714285714,0.0757614408414158,0.1428571428571428,0.2020305089104421,0.2410714285714285,0.1641497884897342,0.34375,0.2209708691207961,0.0357142857142857,0.0505076272276105,0.1339285714285714,0.0126269068069026,0.4933928571428572,0.2558211319078474,6.0,8.246211251235321,3.0,0.0,1.2,0.8,1.4,0.0,0.0,0.8,1.0,2.0,,0.2,0.2,,0.0,0.0,0.4,-3.8,0.5267857142857143,0.5682108063106186,0.0,0.0,0.1964285714285714,0.0757614408414158,0.1428571428571428,0.2020305089104421,0.2410714285714285,0.1641497884897342,0.34375,0.2209708691207961,0.0357142857142857,0.0505076272276105,0.1339285714285714,0.0126269068069026,0.4933928571428572,0.2558211319078474,8.0,3.15,0.0,1.26,0.84,0.176,0.144,0.48,4.41,3.15,4.41,1.26,0.3199999999999999,3.15,0.0,1.26,0.84,4.41,0.176,0.144,0.48
4257500,Cecilia Zandalasini,GSV,2026-06-24,0.0,33.0,0.0,0.0,4.0,0,0,0,0,0,0,0,0,0,0,,0,0,,0,0,0,0,0.0,,,,,,,,,,0.0,2.333333333333333,4.041451884327381,2.6666666666666665,0.6666666666666666,0.3333333333333333,0.3333333333333333,1.0,0.3333333333333333,0.0,0.0,1.0,1.6666666666666667,,0.3333333333333333,0.6666666666666666,,0.0,0.6666666666666666,0.0,2.6666666666666665,1.1428571428571428,,0.2857142857142857,,0.1428571428571428,,0.1428571428571428,,0.4285714285714285,,0.7142857142857143,,0.2857142857142857,,0.0,,0.84,,2.333333333333333,4.041451884327381,2.6666666666666665,0.6666666666666666,0.3333333333333333,0.3333333333333333,1.0,0.3333333333333333,0.0,0.0,1.0,1.6666666666666667,,0.3333333333333333,0.6666666666666666,,0.0,0.6666666666666666,0.0,2.6666666666666665,1.1428571428571428,,0.2857142857142857,,0.1428571428571428,,0.1428571428571428,,0.4285714285714285,,0.7142857142857143,,0.2857142857142857,,0.0,,0.84,,2.333333333333333,4.041451884327381,2.6666666666666665,0.6666666666666666,0.3333333333333333,0.3333333333333333,1.0,0.3333333333333333,0.0,0.0,1.0,1.6666666666666667,,0.3333333333333333,0.6666666666666666,,0.0,0.6666666666666666,0.0,2.6666666666666665,1.1428571428571428,,0.2857142857142857,,0.1428571428571428,,0.1428571428571428,,0.4285714285714285,,0.7142857142857143,,0.2857142857142857,,0.0,,0.84,,8.0,2.2666666666666666,0.5666666666666667,0.2833333333333333,0.2833333333333333,0.176,0.144,0.48,3.1166666666666663,2.833333333333333,2.55,0.85,0.3199999999999999,2.2666666666666666,0.5666666666666667,0.2833333333333333,0.2833333333333333,3.1166666666666663,0.176,0.144,0.48
4280850,Maya Caldwell,MIN,2026-06-24,0.0,32.0,0.0,0.0,9.0,2,3,2,0,1,0,0,1,0,2,,2,2,,1,2,3,0,13.0,0.1538461538461538,0.2307692307692307,0.1538461538461538,0.0,0.0769230769230769,0.1538461538461538,0.1538461538461538,0.0769230769230769,0.2984615384615384,0.0,17.0,4.582575694955842,7.666666666666667,2.6666666666666665,2.333333333333333,1.6666666666666667,3.333333333333333,0.3333333333333333,0.6666666666666666,0.3333333333333333,2.6666666666666665,6.0,,0.6666666666666666,0.6666666666666666,,1.0,1.6666666666666667,2.0,2.0,0.3978729603729604,0.296092748222694,0.164044289044289,0.0580641579978464,0.1384032634032634,0.0145308364100136,0.0814393939393939,0.0923768818049787,0.1733682983682983,0.1276952006683164,0.3164335664335664,0.2040817168595466,0.0512820512820512,0.0888231183368655,0.0256410256410256,0.0444115591684327,0.3646386946386946,0.1584547541325592,14.0,5.338539126015656,4.6,2.0,2.0,1.0,2.6,0.6,0.4,0.4,1.6,4.4,,0.4,0.4,,0.6,1.4,1.4,2.0,0.2387237762237762,0.3022024578884441,0.1484265734265734,0.0997775534581382,0.1375874125874125,0.096975983047776,0.0488636363636363,0.0790977661604311,0.1585664335664335,0.1336463852898446,0.2625874125874126,0.206857414009141,0.0307692307692307,0.0688020916153781,0.0335664335664335,0.0462279549119955,0.3096923076923076,0.2098600093674663,11.625,6.566962768281848,3.875,2.125,1.5,0.75,2.0,0.375,0.25,0.75,1.375,3.375,,0.375,0.375,,0.625,1.5,1.375,1.875,0.2967074592074592,0.3199690277251639,0.1893523143523143,0.1100041648069168,0.1173243423243423,0.0945970527463076,0.0527597402597402,0.0742787204764848,0.1501665001665001,0.1100870321200811,0.2518481518481518,0.1705033059521372,0.0398351648351648,0.0685392303126965,0.0704045954045954,0.0764950686805338,0.3397802197802197,0.1790983608097916,14.275,4.984999999999999,2.375,2.0,1.0,0.3140499999999999,0.2569499999999999,0.8564999999999999,9.36,7.359999999999999,6.984999999999999,4.375,0.571,4.984999999999999,2.375,2.0,1.0,9.36,0.3140499999999999,0.2569499999999999,0.8564999999999999
4280877,Chloe Bibby,POR,2026-06-24,0.0,52.0,0.0,0.0,3.0,0,1,0,0,0,0,0,0,0,1,,0,0,,0,1,0,12,16.0,0.0,0.0625,0.0,0.0,0.0,0.0625,0.0,0.0,0.0625,0.0,8.0,11.31370849898476,0.0,0.5,0.0,0.0,0.0,0.0,0.0,0.0,0.0,0.5,,0.0,0.0,,0.0,0.5,0.0,6.0,0.0,,0.0625,,0.0,,0.0,,0.0,,0.0625,,0.0,,0.0,,0.0625,,8.0,11.31370849898476,0.0,0.5,0.0,0.0,0.0,0.0,0.0,0.0,0.0,0.5,,0.0,0.0,,0.0,0.5,0.0,6.0,0.0,,0.0625,,0.0,,0.0,,0.0,,0.0625,,0.0,,0.0,,0.0625,,8.0,11.31370849898476,0.0,0.5,0.0,0.0,0.0,0.0,0.0,0.0,0.0,0.5,,0.0,0.0,,0.0,0.5,0.0,6.0,0.0,,0.0625,,0.0,,0.0,,0.0,,0.0625,,0.0,,0.0,,0.0625,,9.2,0.0,0.575,0.0,0.0,0.2023999999999999,0.1655999999999999,0.5519999999999999,0.575,0.575,0.0,0.575,0.3679999999999999,0.0,0.575,0.0,0.0,0.575,0.2023999999999999,0.1655999999999999,0.5519999999999999
4281223,Aisha Sheppard,PHX,2026-06-24,0.0,56.0,0.0,0.0,3.0,2,0,2,0,0,1,0,0,0,0,,2,2,,0,0,1,8,7.0,0.2857142857142857,0.0,0.2857142857142857,0.0,0.0,0.0,0.2857142857142857,0.0,0.1257142857142857,0.0,6.5,0.7071067811865476,2.5,0.5,1.0,0.0,0.5,0.5,0.0,0.5,0.5,1.0,,1.5,1.5,,0.0,0.5,1.0,0.0,0.3928571428571428,0.1515228816828316,0.0833333333333333,0.1178511301977579,0.1428571428571428,0.2020305089104421,0.0,0.0,0.0833333333333333,0.1178511301977579,0.1666666666666666,0.2357022603955158,0.2261904761904761,0.0841793787126842,0.0833333333333333,0.1178511301977579,0.3495238095238095,0.3165144639596927,6.5,0.7071067811865476,2.5,0.5,1.0,0.0,0.5,0.5,0.0,0.5,0.5,1.0,,1.5,1.5,,0.0,0.5,1.0,0.0,0.3928571428571428,0.1515228816828316,0.0833333333333333,0.1178511301977579,0.1428571428571428,0.2020305089104421,0.0,0.0,0.0833333333333333,0.1178511301977579,0.1666666666666666,0.2357022603955158,0.2261904761904761,0.0841793787126842,0.0833333333333333,0.1178511301977579,0.3495238095238095,0.3165144639596927,6.5,0.7071067811865476,2.5,0.5,1.0,0.0,0.5,0.5,0.0,0.5,0.5,1.0,,1.5,1.5,,0.0,0.5,1.0,0.0,0.3928571428571428,0.1515228816828316,0.0833333333333333,0.1178511301977579,0.1428571428571428,0.2020305089104421,0.0,0.0,0.0833333333333333,0.1178511301977579,0.1666666666666666,0.2357022603955158,0.2261904761904761,0.0841793787126842,0.0833333333333333,0.1178511301977579,0.3495238095238095,0.3165144639596927,8.0,2.425,0.4249999999999999,1.15,0.0,0.176,0.144,0.48,4.0,2.85,3.575,1.5749999999999995,0.3199999999999999,2.425,0.4249999999999999,1.15,0.0,4.0,0.176,0.144,0.48
4281233,Kamaria McDaniel,WSH,2026-06-24,0.0,60.0,0.0,0.0,2.0,1,1,1,0,1,0,1,0,0,2,,1,4,,1,0,1,4,8.0,0.125,0.125,0.125,0.0,0.125,0.25,0.5,0.0,0.47,0.0,8.0,,1.0,1.0,1.0,0.0,1.0,0.0,1.0,0.0,0.0,2.0,,1.0,4.0,,1.0,0.0,1.0,4.0,0.125,,0.125,,0.125,,0.0,,0.125,,0.25,,0.5,,0.0,,0.47,,8.0,,1.0,1.0,1.0,0.0,1.0,0.0,1.0,0.0,0.0,2.0,,1.0,4.0,,1.0,0.0,1.0,4.0,0.125,,0.125,,0.125,,0.0,,0.125,,0.25,,0.5,,0.0,,0.47,,8.0,,1.0,1.0,1.0,0.0,1.0,0.0,1.0,0.0,0.0,2.0,,1.0,4.0,,1.0,0.0,1.0,4.0,0.125,,0.125,,0.125,,0.0,,0.125,,0.25,,0.5,,0.0,,0.47,,8.0,1.0,1.0,1.0,0.0,0.176,0.144,0.48,3.0,2.0,2.0,2.0,0.3199999999999999,1.0,1.0,1.0,0.0,3.0,0.176,0.144,0.48
4281245,Sidney Cooks,CHI,2026-06-24,0.0,60.0,0.0,0.0,2.0,2,1,0,0,1,0,1,1,1,2,,0,0,,0,1,0,0,10.0,0.2,0.1,0.0,0.0,0.1,0.2,0.0,0.1,0.3,0.0,10.0,,2.0,1.0,0.0,0.0,1.0,0.0,1.0,1.0,1.0,2.0,,0.0,0.0,,0.0,1.0,0.0,0.0,0.2,,0.1,,0.0,,0.0,,0.1,,0.2,,0.0,,0.1,,0.3,,10.0,,2.0,1.0,0.0,0.0,1.0,0.0,1.0,1.0,1.0,2.0,,0.0,0.0,,0.0,1.0,0.0,0.0,0.2,,0.1,,0.0,,0.0,,0.1,,0.2,,0.0,,0.1,,0.3,,10.0,,2.0,1.0,0.0,0.0,1.0,0.0,1.0,1.0,1.0,2.0,,0.0,0.0,,0.0,1.0,0.0,0.0,0.2,,0.1,,0.0,,0.0,,0.1,,0.2,,0.0,,0.1,,0.3,,10.0,2.0,1.0,0.0,0.0,0.2199999999999999,0.18,0.6,3.0,3.0,2.0,1.0,0.3999999999999999,2.0,1.0,0.0,0.0,3.0,0.2199999999999999,0.18,0.6
4281923,Mya Hollingshed,WSH,2026-06-24,0.0,60.0,0.0,0.0,2.0,0,0,0,0,0,0,0,0,0,0,,0,0,,0,0,0,0,0.0,,,,,,,,,,0.0,0.0,,0.0,0.0,0.0,0.0,0.0,0.0,0.0,0.0,0.0,0.0,,0.0,0.0,,0.0,0.0,0.0,0.0,,,,,,,,,,,,,,,,,,,0.0,,0.0,0.0,0.0,0.0,0.0,0.0,0.0,0.0,0.0,0.0,,0.0,0.0,,0.0,0.0,0.0,0.0,,,,,,,,,,,,,,,,,,,0.0,,0.0,0.0,0.0,0.0,0.0,0.0,0.0,0.0,0.0,0.0,,0.0,0.0,,0.0,0.0,0.0,0.0,,,,,,,,,,,,,,,,,,,8.0,0.0,0.0,0.0,0.0,0.176,0.144,0.48,0.0,0.0,0.0,0.0,0.3199999999999999,0.0,0.0,0.0,0.0,0.0,0.176,0.144,0.48
4282168,Kiana Williams,PHX,2026-06-24,0.0,31.0,0.0,0.0,10.0,3,1,1,0,4,1,1,1,0,5,,3,3,,0,1,3,1,20.0,0.15,0.05,0.05,0.0,0.2,0.25,0.15,0.05,0.366,0.0,14.333333333333334,4.932882862316247,4.333333333333333,0.3333333333333333,0.6666666666666666,0.6666666666666666,2.6666666666666665,0.3333333333333333,0.3333333333333333,0.6666666666666666,1.3333333333333333,4.333333333333333,,1.0,1.0,,0.0,0.3333333333333333,1.6666666666666667,4.0,0.3353535353535353,0.2233516980511783,0.0166666666666666,0.0288675134594812,0.0469696969696969,0.04553024000399,0.058080808080808,0.0504418796854499,0.1803030303030303,0.081353901567629,0.3106060606060606,0.1675253362689089,0.0499999999999999,0.0866025403784438,0.0469696969696969,0.04553024000399,0.3795757575757575,0.1142429386693667,13.0,4.472135954999579,3.6,0.2,0.6,0.6,2.8,0.4,0.2,0.8,1.0,4.0,,1.0,1.0,,0.0,0.2,1.6,-1.4,0.2940692640692641,0.1682205769687378,0.01,0.0223606797749978,0.0424675324675324,0.0413794848229145,0.0491341991341991,0.0453874995122353,0.2046103896103896,0.1056094521521434,0.297077922077922,0.1609191269681333,0.08,0.1151086443322133,0.0781818181818181,0.1033228911457221,0.4104597402597402,0.0933389559703559,15.22222222222222,5.118050844261362,6.555555555555555,0.7777777777777778,0.8888888888888888,1.5555555555555556,4.111111111111111,0.6666666666666666,0.1111111111111111,1.2222222222222223,2.111111111111111,5.555555555555555,,0.7777777777777778,0.8888888888888888,,0.1111111111111111,0.6666666666666666,1.3333333333333333,-0.2222222222222222,0.4099786686743208,0.1907688705625734,0.0457700713135495,0.0611397297757407,0.0545483300918083,0.0595829292335344,0.0949008720747851,0.0645291175755673,0.2474284773197816,0.1075970795581235,0.3377629817847209,0.155391059605616,0.0589371980676328,0.094041807637353,0.0863662504966852,0.0774455860919288,0.4500615994311647,0.1429082146345382,14.894444444444444,4.321111111111111,0.4755555555555555,0.7377777777777778,0.721111111111111,0.3276777777777777,0.2680999999999999,0.8936666666666666,5.534444444444444,4.796666666666666,5.058888888888888,1.2133333333333334,0.5957777777777777,4.321111111111111,0.4755555555555555,0.7377777777777778,0.721111111111111,5.534444444444444,0.3276777777777777,0.2680999999999999,0.8936666666666666
4282173,Michaela Onyenwere,WSH,2026-06-24,0.0,31.0,0.0,0.0,5.0,6,0,0,0,1,1,0,2,1,3,,4,4,,0,0,4,6,17.0,0.3529411764705882,0.0,0.0,0.0,0.0588235294117647,0.1764705882352941,0.2352941176470588,0.1176470588235294,0.3976470588235294,0.0,5.666666666666667,9.814954576223638,2.0,0.0,0.0,0.0,0.3333333333333333,0.3333333333333333,0.0,0.6666666666666666,0.3333333333333333,1.0,,1.3333333333333333,1.3333333333333333,,0.0,0.0,1.3333333333333333,2.0,0.3529411764705882,,0.0,,0.0,,0.0,,0.0588235294117647,,0.1764705882352941,,0.2352941176470588,,0.1176470588235294,,0.3976470588235294,,4.25,8.5,1.5,0.0,0.0,0.0,0.25,0.25,0.0,0.5,0.25,0.75,,1.0,1.0,,0.0,0.0,1.0,1.5,0.3529411764705882,,0.0,,0.0,,0.0,,0.0588235294117647,,0.1764705882352941,,0.2352941176470588,,0.1176470588235294,,0.3976470588235294,,4.25,8.5,1.5,0.0,0.0,0.0,0.25,0.25,0.0,0.5,0.25,0.75,,1.0,1.0,,0.0,0.0,1.0,1.5,0.3529411764705882,,0.0,,0.0,,0.0,,0.0588235294117647,,0.1764705882352941,,0.2352941176470588,,0.1176470588235294,,0.3976470588235294,,8.0,2.325,0.0,0.0,0.0,0.176,0.144,0.48,2.325,2.325,2.325,0.0,0.3199999999999999,2.325,0.0,0.0,0.0,2.325,0.176,0.144,0.48
4398577,Miela Sowah,GSV,2026-06-24,0.0,34.0,0.0,0.0,6.0,0,0,0,0,1,0,0,0,0,1,,0,0,,0,0,1,-4,3.0,0.0,0.0,0.0,0.0,0.3333333333333333,0.3333333333333333,0.0,0.0,0.3333333333333333,0.0,1.0,1.732050807568875,0.0,0.0,0.0,0.0,0.3333333333333333,0.0,0.0,0.0,0.0,0.3333333333333333,,0.0,0.0,,0.0,0.0,0.3333333333333333,-1.3333333333333333,0.0,,0.0,,0.0,,0.0,,0.3333333333333333,,0.3333333333333333,,0.0,,0.0,,0.3333333333333333,,4.0,5.787918451395113,2.8,0.4,0.2,0.8,1.2,0.2,0.0,0.6,1.0,1.6,,0.0,0.0,,0.2,0.2,0.6,-1.8,0.3333333333333333,0.5773502691896258,0.0476190476190476,0.0824786098842322,0.0238095238095238,0.0412393049421161,0.0952380952380952,0.1649572197684645,0.3174603174603174,0.0274928699614107,0.365079365079365,0.0549857399228215,0.0,0.0,0.0714285714285714,0.1237179148263483,0.4365079365079365,0.1787036547491699,4.0,5.787918451395113,2.8,0.4,0.2,0.8,1.2,0.2,0.0,0.6,1.0,1.6,,0.0,0.0,,0.2,0.2,0.6,-1.8,0.3333333333333333,0.5773502691896258,0.0476190476190476,0.0824786098842322,0.0238095238095238,0.0412393049421161,0.0952380952380952,0.1649572197684645,0.3174603174603174,0.0274928699614107,0.365079365079365,0.0549857399228215,0.0,0.0,0.0714285714285714,0.1237179148263483,0.4365079365079365,0.1787036547491699,8.0,1.5399999999999998,0.22,0.11,0.44,0.176,0.144,0.48,1.87,1.7599999999999998,1.65,0.33,0.3199999999999999,1.5399999999999998,0.22,0.11,0.44,1.87,0.176,0.144,0.48
4398674,Rhyne Howard,ATL,2026-06-24,0.0,31.0,0.0,0.0,7.0,21,8,0,6,12,1,0,2,7,15,,1,2,,3,5,3,2,34.0,0.6176470588235294,0.2352941176470588,0.0,0.1764705882352941,0.3529411764705882,0.4411764705882353,0.0588235294117647,0.0588235294117647,0.5258823529411766,0.0,35.333333333333336,1.527525231651955,20.0,5.0,4.0,3.0,8.0,2.0,0.6666666666666666,1.3333333333333333,5.666666666666667,13.666666666666666,,5.666666666666667,6.0,,1.6666666666666667,3.333333333333333,2.6666666666666665,8.0,0.5701037171625406,0.1729268966393345,0.1435536376712847,0.0811657173084955,0.1122265122265122,0.1143413548509802,0.0868801574683927,0.0790352754764642,0.227299568476039,0.1343249915675858,0.3874706639412522,0.0497862912250061,0.1683851919146037,0.1007831516915344,0.0386554621848739,0.0334871577229769,0.5002156105685517,0.0340249272655455,31.4,10.406728592598157,15.4,4.2,4.0,2.4,7.2,2.0,0.6,1.4,4.2,11.2,,4.6,5.0,,1.2,3.0,2.4,4.6,0.4517788294878079,0.2201291824315224,0.1177111299711918,0.0875355432457928,0.1398055429634377,0.0958798323968525,0.0679175681652461,0.0676504646652269,0.2501449232718583,0.1225579323242745,0.3620370542351966,0.065545450417592,0.1581161353916771,0.0730638470550785,0.0389827509951348,0.0366057589040703,0.4705909048026694,0.0506596797907188,28.166666666666668,12.22156563892968,14.333333333333334,3.5,3.6666666666666665,2.5,6.5,1.8333333333333333,0.5,1.1666666666666667,4.0,10.166666666666666,,3.8333333333333335,4.166666666666667,,1.0,2.5,2.5,5.0,0.5014823579065065,0.2314911013192229,0.0980926083093265,0.0918656378536137,0.1442823969139758,0.0864558103086514,0.0982646401377051,0.0958485104701503,0.2501207693932152,0.1096191631100159,0.3711419896404417,0.0627245083580423,0.1317634461597309,0.0918555712829849,0.032485625829279,0.0364041354859461,0.4616035317800024,0.0503761825497916,32.32333333333333,17.406666666666666,4.87,3.333333333333333,3.14,0.7111133333333333,0.5818199999999999,1.9394,25.61,22.276666666666667,20.74,8.203333333333333,1.292933333333333,17.406666666666666,4.87,3.333333333333333,3.14,25.61,0.7111133333333333,0.5818199999999999,1.9394
4398698,Cate Reese,GSV,2026-06-24,0.0,60.0,0.0,0.0,2.0,2,2,0,0,0,1,0,2,0,1,,2,2,,0,2,4,4,11.0,0.1818181818181818,0.1818181818181818,0.0,0.0,0.0,0.0909090909090909,0.1818181818181818,0.1818181818181818,0.3527272727272727,0.0,11.0,,2.0,2.0,0.0,0.0,0.0,1.0,0.0,2.0,0.0,1.0,,2.0,2.0,,0.0,2.0,4.0,4.0,0.1818181818181818,,0.1818181818181818,,0.0,,0.0,,0.0,,0.0909090909090909,,0.1818181818181818,,0.1818181818181818,,0.3527272727272727,,11.0,,2.0,2.0,0.0,0.0,0.0,1.0,0.0,2.0,0.0,1.0,,2.0,2.0,,0.0,2.0,4.0,4.0,0.1818181818181818,,0.1818181818181818,,0.0,,0.0,,0.0,,0.0909090909090909,,0.1818181818181818,,0.1818181818181818,,0.3527272727272727,,11.0,,2.0,2.0,0.0,0.0,0.0,1.0,0.0,2.0,0.0,1.0,,2.0,2.0,,0.0,2.0,4.0,4.0,0.1818181818181818,,0.1818181818181818,,0.0,,0.0,,0.0,,0.0909090909090909,,0.1818181818181818,,0.1818181818181818,,0.3527272727272727,,11.0,2.0,2.0,0.0,0.0,0.242,0.1979999999999999,0.6599999999999999,4.0,4.0,2.0,2.0,0.4399999999999999,2.0,2.0,0.0,0.0,4.0,0.242,0.1979999999999999,0.6599999999999999
4398729,Emily Engstler,POR,2026-06-24,0.0,32.0,0.0,0.0,9.0,16,7,0,1,3,2,4,3,5,8,,5,5,,1,6,4,15,22.0,0.7272727272727273,0.3181818181818182,0.0,0.0454545454545454,0.1363636363636363,0.3636363636363636,0.2272727272727272,0.1363636363636363,0.6,0.0,23.666666666666668,3.785938897200196,12.0,4.0,0.6666666666666666,1.3333333333333333,3.0,1.3333333333333333,1.6666666666666667,2.0,3.6666666666666665,8.333333333333334,,3.333333333333333,3.333333333333333,,0.6666666666666666,3.333333333333333,3.0,-2.0,0.5003607503607503,0.246497582799494,0.1735209235209235,0.1254213365901915,0.0238095238095238,0.0412393049421161,0.0548340548340548,0.0144119656244142,0.1287878787878787,0.0190242379126049,0.3632756132756132,0.113095669613985,0.1352813852813852,0.1196609544777921,0.0851370851370851,0.0459330275393853,0.5079365079365079,0.1009404006068866,22.8,3.420526275297414,10.6,3.8,0.6,1.6,3.0,1.2,1.8,2.0,3.4,7.0,,2.2,2.4,,0.6,3.2,2.6,-3.2,0.4660059239006607,0.2147540500234083,0.1712178172704488,0.0937525745358599,0.0226190476190476,0.0327110277715097,0.0706197311460469,0.0251235692809957,0.1338516746411483,0.0190865811867486,0.3166495784916837,0.1337096376486619,0.1022214627477785,0.1029257533886918,0.0866085668717247,0.0413960132724416,0.448235588972431,0.1329792672970857,19.25,8.447315719040153,7.75,3.5,0.875,1.125,2.5,1.125,1.875,1.875,2.625,5.75,,1.375,1.5,,0.5,3.0,2.75,-4.5,0.3997229014343411,0.2115762136299991,0.1935443305676753,0.1269065536144694,0.0453855455225568,0.0479956332277078,0.058846026448857,0.033368475342473,0.1332407833114523,0.030194108613341,0.3054621578192334,0.1112475152879115,0.0730153305341275,0.0977260717711683,0.0973035251129784,0.0385961351808686,0.4348924283672279,0.1110997705598881,22.23,11.26,4.28,0.585,1.335,0.48906,0.40014,1.3338,16.125,15.54,11.845,4.865,0.8892,11.26,4.28,0.585,1.335,16.125,0.48906,0.40014,1.3338
4398829,Lexie Hull,IND,2026-06-24,0.0,33.0,0.0,0.0,8.0,7,4,2,2,4,0,0,1,2,5,,1,4,,1,3,4,10,24.0,0.2916666666666667,0.1666666666666666,0.0833333333333333,0.0833333333333333,0.1666666666666666,0.2083333333333333,0.1666666666666666,0.0416666666666666,0.3233333333333333,0.0,21.666666666666668,2.516611478423581,10.666666666666666,5.333333333333333,1.6666666666666667,2.0,3.6666666666666665,0.0,0.3333333333333333,1.0,3.0,5.666666666666667,,2.6666666666666665,3.6666666666666665,,0.3333333333333333,5.0,3.333333333333333,14.666666666666666,0.4975412014885699,0.2187807738868124,0.246943115364168,0.10341132843906,0.0780170122275385,0.0302566518815316,0.0883838383838383,0.0910142489441419,0.1687931951089845,0.0121026607526126,0.2704013822434875,0.1311396679487904,0.1687931951089845,0.0121026607526127,0.0465842636895268,0.0055690683959445,0.3912546517809676,0.1317969354049709,20.8,5.06951674225463,8.4,4.2,1.2,1.6,3.2,0.8,0.2,1.0,2.4,4.8,,2.0,3.0,,0.4,3.8,3.6,9.4,0.3831401055085265,0.2398591973982257,0.1943197153723469,0.1062021095376206,0.0545025150288308,0.0409803665655422,0.0684149184149184,0.0750274118886353,0.1474297632192369,0.0408488076388149,0.223779290884554,0.1250316860501477,0.1474297632192369,0.0408488076388149,0.0510274812906391,0.0154089291150689,0.3396758679916575,0.1204345327846178,17.0,8.831760866327848,6.0,3.142857142857143,0.8571428571428571,1.1428571428571428,2.2857142857142856,0.5714285714285714,0.1428571428571428,0.8571428571428571,1.7142857142857142,3.7142857142857135,,1.4285714285714286,2.142857142857143,,0.2857142857142857,2.857142857142857,2.857142857142857,6.571428571428571,0.3192834212571054,0.2655033039393878,0.1730442072547335,0.1083466378350911,0.0454187625240256,0.0428788958870012,0.057012432012432,0.0726869328333427,0.1228581360160307,0.0704094400552253,0.2087049646260172,0.117769902293103,0.1228581360160307,0.0704094400552253,0.0536340121866437,0.0151892098889156,0.3163965566597145,0.1218816613202187,20.78,8.39,4.298571428571428,1.3914285714285717,1.6885714285714286,0.45716,0.37404,1.2468,14.08,12.688571428571429,9.781428571428572,5.69,0.8311999999999999,8.39,4.298571428571428,1.3914285714285717,1.6885714285714286,14.08,0.45716,0.37404,1.2468
4398911,Shakira Austin,WSH,2026-06-24,0.0,31.0,0.0,0.0,7.0,12,4,0,1,2,2,2,1,4,7,,3,3,,0,4,3,-10,29.0,0.4137931034482758,0.1379310344827586,0.0,0.0344827586206896,0.0689655172413793,0.2413793103448276,0.1034482758620689,0.0344827586206896,0.3213793103448276,0.0,29.666666666666668,4.041451884327387,14.333333333333334,5.666666666666667,2.0,0.3333333333333333,0.6666666666666666,1.0,1.6666666666666667,2.6666666666666665,5.333333333333333,9.333333333333334,,3.333333333333333,3.6666666666666665,,0.3333333333333333,5.333333333333333,2.6666666666666665,-6.333333333333333,0.478051698132834,0.0739119161631196,0.1854943568939512,0.0690591925831957,0.06184012066365,0.0762659358678521,0.0114942528735632,0.019908629972056,0.0229885057471264,0.0398172599441121,0.3165080355749727,0.0718757124194845,0.11894731367348,0.0515518368433527,0.0921880688614968,0.059779790490343,0.4610329224528007,0.127848669270917,30.0,3.391164991562638,15.4,7.6,2.4,0.2,0.8,1.0,1.4,2.2,5.6,10.8,,4.0,5.8,,0.6,7.0,2.8,-0.8,0.512372144420826,0.0897823875479047,0.2504741033138599,0.1063491073929296,0.0756322109263285,0.0597888995042731,0.0068965517241379,0.0154211584655157,0.026996566651739,0.0287487102453746,0.3615498429900052,0.0836992705745502,0.1912818081175079,0.1130679631835147,0.0756591616632184,0.0501047342257761,0.5213730002249272,0.1351953102229974,25.0,12.617448236470004,12.833333333333334,6.333333333333333,2.0,0.1666666666666666,0.6666666666666666,0.8333333333333334,1.1666666666666667,1.8333333333333333,4.666666666666667,9.0,,3.333333333333333,4.833333333333333,,0.5,5.833333333333333,2.333333333333333,-0.6666666666666666,0.512372144420826,0.0897823875479047,0.2504741033138599,0.1063491073929296,0.0756322109263285,0.0597888995042731,0.0068965517241379,0.0154211584655157,0.026996566651739,0.0287487102453746,0.3615498429900052,0.0836992705745502,0.1912818081175079,0.1130679631835147,0.0756591616632184,0.0501047342257761,0.5213730002249272,0.1351953102229974,28.75,14.056666666666665,6.226666666666666,1.84,0.3533333333333333,0.6325,0.5175,1.725,22.12333333333333,20.28333333333333,15.896666666666665,8.066666666666666,1.15,14.056666666666665,6.226666666666666,1.84,0.3533333333333333,22.12333333333333,0.6325,0.5175,1.725
4398915,Naz Hillmon,ATL,2026-06-24,0.0,31.0,0.0,0.0,7.0,4,4,0,0,0,0,0,1,2,2,,0,1,,2,2,0,-1,23.0,0.1739130434782608,0.1739130434782608,0.0,0.0,0.0,0.0869565217391304,0.0434782608695652,0.0434782608695652,0.1495652173913043,0.0,29.666666666666668,6.506407098647714,5.333333333333333,4.0,0.6666666666666666,0.0,2.0,0.0,0.0,1.6666666666666667,2.333333333333333,5.666666666666667,,0.6666666666666666,1.6666666666666667,,1.3333333333333333,2.6666666666666665,2.0,5.666666666666667,0.1801932367149758,0.0175316399146129,0.1413043478260869,0.0503349419907601,0.0185185185185185,0.0320750149549792,0.0,0.0,0.0611111111111111,0.0535758375610719,0.1845410628019323,0.1076406123880419,0.0589371980676328,0.0679976359803397,0.0515297906602254,0.0559914288267752,0.2620032206119163,0.1054394684764604,31.6,5.412947441089743,6.4,4.4,1.0,0.4,2.8,0.2,0.0,1.2,2.6,6.4,,0.8,1.8,,1.4,3.0,2.0,8.0,0.2045805884936319,0.1550327495352601,0.1438735177865612,0.0579005103365043,0.0287878787878787,0.0291007278603796,0.0121212121212121,0.0271038542727247,0.0836363636363636,0.0544759658381059,0.1991084760649978,0.0977698525333142,0.0585946420729029,0.0481170211126832,0.0364734299516908,0.0457058192592988,0.2613635485287658,0.0892203059538459,28.0,10.059821071967434,5.333333333333333,3.8333333333333335,1.0,0.3333333333333333,2.5,0.1666666666666666,0.0,1.0,2.1666666666666665,5.5,,0.6666666666666666,1.5,,1.3333333333333333,2.5,1.6666666666666667,5.833333333333333,0.1704838237446933,0.1618754426737946,0.1365612648221343,0.0547977147176479,0.0406565656565656,0.0390214845633113,0.0101010101010101,0.0247423206341735,0.0863636363636363,0.0491806138876808,0.1825903967208315,0.0963547452014162,0.0488288683940857,0.0492384015772444,0.0303945249597423,0.0435078848800739,0.2344696237739716,0.1034790294112654,29.01,5.506666666666666,4.1066666666666665,0.75,0.2066666666666666,0.63822,0.52218,1.7406,10.363333333333332,9.613333333333332,6.256666666666666,4.8566666666666665,1.1604,5.506666666666666,4.1066666666666665,0.75,0.2066666666666666,10.363333333333332,0.63822,0.52218,1.7406
4398935,Veronica Burton,GSV,2026-06-24,0.0,33.0,0.0,0.0,7.0,17,3,3,2,5,0,2,3,4,12,,7,8,,0,3,5,-6,29.0,0.5862068965517241,0.1034482758620689,0.1034482758620689,0.0689655172413793,0.1724137931034483,0.4137931034482758,0.2758620689655172,0.1034482758620689,0.6386206896551724,1.0,30.666666666666668,4.725815626252608,15.333333333333334,3.333333333333333,4.666666666666667,2.333333333333333,5.666666666666667,0.3333333333333333,0.6666666666666666,3.0,4.666666666666667,13.666666666666666,,3.6666666666666665,4.333333333333333,,0.3333333333333333,3.0,4.0,8.0,0.5040442741592167,0.0735252195979788,0.1116432524478501,0.0331754168896309,0.1579395487441464,0.0878290530813305,0.0785440613026819,0.0289899347709225,0.1871008939974457,0.0305514015680861,0.4496594295444869,0.0596510263293324,0.1413367390378884,0.1222478646299635,0.0931247339293316,0.0517047538427622,0.6049723286504896,0.0333875489022891,31.0,3.391164991562634,15.0,3.0,6.4,2.0,5.2,1.2,0.4,2.0,4.4,12.6,,4.2,4.8,,0.6,2.4,3.8,8.8,0.4869023709471429,0.0690153117826711,0.0986391772751617,0.0312122610551843,0.2084734066658427,0.1129632241221604,0.0662796625880608,0.0289925265162167,0.1693169880113706,0.0339454851728985,0.4099166254686276,0.0844084440242643,0.1545601079388621,0.088803132752411,0.0623264532608247,0.0569672278465118,0.5402495262225517,0.1075416807806691,28.166666666666668,7.57407860182786,14.833333333333334,2.6666666666666665,5.833333333333333,2.333333333333333,5.5,1.1666666666666667,0.3333333333333333,2.0,4.333333333333333,11.666666666666666,,3.8333333333333335,4.333333333333333,,0.5,2.1666666666666665,3.333333333333333,7.166666666666667,0.5724186424559524,0.2183773952701561,0.0941040763007299,0.0300460818948383,0.2094421246024879,0.1010652387812121,0.1028520997757649,0.0932615260765457,0.2244308233428088,0.1383728508073173,0.4249305212238564,0.0839781562822806,0.1526096137585755,0.0795715003917725,0.0757482348602111,0.0606389096754127,0.5678269861378408,0.1175383692943768,29.13233333333333,14.905666666666663,2.942333333333333,5.098966666666667,2.1016666666666666,0.6409113333333333,0.5243819999999999,1.7479399999999998,22.946966666666665,17.848,20.00463333333333,8.0413,1.165293333333333,14.905666666666663,2.942333333333333,5.098966666666667,2.1016666666666666,22.946966666666665,0.6409113333333333,0.5243819999999999,1.7479399999999998
4398938,Dorka Juhasz,MIN,2026-06-24,0.0,32.0,0.0,0.0,7.0,0,0,0,0,0,0,0,0,0,0,,0,0,,0,0,0,0,0.0,,,,,,,,,,0.0,0.0,0.0,0.0,0.0,0.0,0.0,0.0,0.0,0.0,0.0,0.0,0.0,,0.0,0.0,,0.0,0.0,0.0,0.0,,,,,,,,,,,,,,,,,,,0.0,0.0,0.0,0.0,0.0,0.0,0.0,0.0,0.0,0.0,0.0,0.0,,0.0,0.0,,0.0,0.0,0.0,0.0,,,,,,,,,,,,,,,,,,,0.0,0.0,0.0,0.0,0.0,0.0,0.0,0.0,0.0,0.0,0.0,0.0,,0.0,0.0,,0.0,0.0,0.0,0.0,,,,,,,,,,,,,,,,,,,8.0,0.0,0.0,0.0,0.0,0.176,0.144,0.48,0.0,0.0,0.0,0.0,0.3199999999999999,0.0,0.0,0.0,0.0,0.0,0.176,0.144,0.48
4398947,Kayana Traylor,IND,2026-06-24,0.0,53.0,0.0,0.0,4.0,5,1,1,1,4,0,0,4,2,6,,0,0,,0,1,4,-2,11.0,0.4545454545454545,0.0909090909090909,0.0909090909090909,0.0909090909090909,0.3636363636363636,0.5454545454545454,0.0,0.3636363636363636,0.9090909090909092,0.0,11.666666666666666,1.1547005383792517,7.333333333333333,0.3333333333333333,0.6666666666666666,1.3333333333333333,3.333333333333333,0.0,0.0,2.333333333333333,2.333333333333333,5.0,,1.3333333333333333,1.3333333333333333,,0.0,0.3333333333333333,1.6666666666666667,0.6666666666666666,0.6247086247086248,0.1483990120503217,0.0303030303030303,0.0524863881081478,0.0559440559440559,0.0489510489510489,0.1165501165501165,0.0569547399667627,0.289044289044289,0.0679198241693867,0.4358974358974359,0.1199730464564826,0.1025641025641025,0.177646236673731,0.1981351981351981,0.1840015932108707,0.6791608391608391,0.227319328197096,11.666666666666666,1.1547005383792517,7.333333333333333,0.3333333333333333,0.6666666666666666,1.3333333333333333,3.333333333333333,0.0,0.0,2.333333333333333,2.333333333333333,5.0,,1.3333333333333333,1.3333333333333333,,0.0,0.3333333333333333,1.6666666666666667,0.6666666666666666,0.6247086247086248,0.1483990120503217,0.0303030303030303,0.0524863881081478,0.0559440559440559,0.0489510489510489,0.1165501165501165,0.0569547399667627,0.289044289044289,0.0679198241693867,0.4358974358974359,0.1199730464564826,0.1025641025641025,0.177646236673731,0.1981351981351981,0.1840015932108707,0.6791608391608391,0.227319328197096,11.666666666666666,1.1547005383792517,7.333333333333333,0.3333333333333333,0.6666666666666666,1.3333333333333333,3.333333333333333,0.0,0.0,2.333333333333333,2.333333333333333,5.0,,1.3333333333333333,1.3333333333333333,,0.0,0.3333333333333333,1.6666666666666667,0.6666666666666666,0.6247086247086248,0.1483990120503217,0.0303030303030303,0.0524863881081478,0.0559440559440559,0.0489510489510489,0.1165501165501165,0.0569547399667627,0.289044289044289,0.0679198241693867,0.4358974358974359,0.1199730464564826,0.1025641025641025,0.177646236673731,0.1981351981351981,0.1840015932108707,0.6791608391608391,0.227319328197096,11.566666666666666,6.9833333333333325,0.4333333333333333,0.7166666666666666,1.2833333333333332,0.2544666666666667,0.2081999999999999,0.694,8.133333333333333,7.416666666666666,7.699999999999999,1.15,0.4626666666666666,6.9833333333333325,0.4333333333333333,0.7166666666666666,1.2833333333333332,8.133333333333333,0.2544666666666667,0.2081999999999999,0.694
4432831,Aliyah Boston,IND,2026-06-24,0.0,33.0,0.0,0.0,9.0,20,16,3,1,3,2,0,2,8,15,,3,4,,4,12,3,15,29.0,0.6896551724137931,0.5517241379310345,0.1034482758620689,0.0344827586206896,0.1034482758620689,0.5172413793103449,0.1379310344827586,0.0689655172413793,0.646896551724138,0.0,16.666666666666668,14.977761292440649,14.666666666666666,8.0,2.0,1.0,2.333333333333333,1.3333333333333333,0.3333333333333333,2.333333333333333,5.333333333333333,8.666666666666666,,3.0,3.333333333333333,,1.3333333333333333,6.666666666666667,1.6666666666666667,12.333333333333334,0.916256157635468,0.320462186547598,0.4663382594417077,0.120753867394747,0.1231527093596059,0.0278662770910953,0.0648604269293924,0.0429605105154388,0.1469622331691297,0.0615380285761691,0.5205254515599345,0.0046443795151825,0.2118226600985221,0.1044985390916079,0.1535303776683086,0.1195927725159513,0.7672577996715928,0.1702165092314415,18.8,11.009087155618309,11.4,7.0,1.8,0.8,2.2,1.0,0.6,1.8,3.8,7.4,,3.0,3.6,,1.6,5.4,2.6,6.8,0.6087491968301564,0.4136679760914846,0.3568751338616406,0.1516504474508773,0.0952202470193474,0.0394594206899173,0.0443349753694581,0.0394316664572038,0.1200649675162418,0.0622330610206502,0.3881095166702363,0.1839719390304547,0.1970086385378739,0.0630738575817145,0.0985043192689369,0.1003238389523651,0.5732976368958378,0.2543295144046307,16.25,11.43615819607766,10.5,5.0,2.25,0.625,1.625,1.0,0.625,1.375,3.75,6.75,,2.375,3.0,,1.375,3.625,2.0,6.875,0.619935361989335,0.3556096686889868,0.2802244482154527,0.1678971173656857,0.1827109339103342,0.2068587037851636,0.0359669066565618,0.035339804235439,0.0928638244980074,0.068492726200142,0.3984832675237473,0.1620249068482044,0.169800630820121,0.0974119722346879,0.0887464692562143,0.0815238575548656,0.5619420143408149,0.2165032664217401,19.18,13.489999999999998,8.25,2.13,0.855,0.4219599999999999,0.34524,1.1508,23.87,21.74,15.619999999999996,10.38,0.7671999999999999,13.489999999999998,8.25,2.13,0.855,23.87,0.4219599999999999,0.34524,1.1508
4432834,Laeticia Amihere,GSV,2026-06-24,0.0,33.0,0.0,0.0,7.0,2,4,1,0,0,0,0,1,1,3,,0,2,,4,0,3,0,11.0,0.1818181818181818,0.3636363636363636,0.0909090909090909,0.0,0.0,0.2727272727272727,0.1818181818181818,0.0909090909090909,0.4436363636363636,1.0,11.666666666666666,1.1547005383792546,3.333333333333333,4.333333333333333,0.6666666666666666,0.0,0.0,0.6666666666666666,0.6666666666666666,1.0,1.3333333333333333,2.6666666666666665,,0.6666666666666666,2.0,,1.6666666666666667,2.6666666666666665,1.3333333333333333,1.6666666666666667,0.2797202797202797,0.1015792940303074,0.3566433566433566,0.2623076829861686,0.0606060606060606,0.0524863881081478,0.0,0.0,0.0,0.0,0.2284382284382284,0.0454993503401937,0.1724941724941725,0.01614965787943,0.0862470862470862,0.008074828939715,0.3905827505827506,0.0473218045683481,15.0,5.431390245600108,5.2,4.6,1.6,0.0,0.2,0.4,1.0,1.2,2.0,3.6,,1.2,2.6,,1.8,2.8,2.4,7.8,0.3136655011655011,0.151654051448122,0.313986013986014,0.1944595123197495,0.090530303030303,0.0755964194982474,0.0,0.0,0.0125,0.0279508497187473,0.2328962703962704,0.0492818045041196,0.1743298368298368,0.0138194542654855,0.0809149184149184,0.0118391270489872,0.390516317016317,0.0528853004893752,15.0,4.857983120596447,4.833333333333333,4.5,1.5,0.0,0.3333333333333333,0.5,1.0,1.1666666666666667,1.8333333333333333,3.8333333333333335,,1.1666666666666667,2.833333333333333,,1.6666666666666667,2.833333333333333,2.5,7.166666666666667,0.2947212509712509,0.143361322360802,0.3060994560994561,0.1749993951906578,0.0865530303030303,0.0683137402200073,0.0,0.0,0.0215277777777777,0.0333767078908275,0.2496357808857809,0.060201530484834,0.1897193084693084,0.0396711088452199,0.0785402097902098,0.0120816964760435,0.4116524864024864,0.0701278114887829,12.997999999999998,3.964066666666666,4.2777,1.1737,0.0,0.2859559999999999,0.2339639999999999,0.7798799999999998,9.415466666666669,8.241766666666667,5.137766666666667,5.4514000000000005,0.5199199999999999,3.964066666666666,4.2777,1.1737,0.0,9.415466666666669,0.2859559999999999,0.2339639999999999,0.7798799999999998
4432865,Jacy Sheldon,CHI,2026-06-24,0.0,32.0,0.0,0.0,9.0,5,1,1,1,4,2,0,0,2,6,,0,0,,0,1,3,-9,19.0,0.2631578947368421,0.0526315789473684,0.0526315789473684,0.0526315789473684,0.2105263157894736,0.3157894736842105,0.0,0.0,0.3157894736842105,0.0,24.0,6.999999999999998,5.666666666666667,0.6666666666666666,1.3333333333333333,0.6666666666666666,3.0,2.0,0.0,0.3333333333333333,2.0,5.666666666666667,,1.0,1.0,,0.0,0.6666666666666666,2.0,1.0,0.2236319966583124,0.1138964717600088,0.0279605263157894,0.0264695344398536,0.054250208855472,0.0075713709475629,0.0279605263157894,0.0264695344398537,0.1331714703425229,0.0669953930688568,0.2416718880534669,0.0657260561044485,0.03125,0.0541265877365274,0.0104166666666666,0.0180421959121757,0.2658385547201337,0.0664090423097794,25.8,5.805170109479997,7.4,1.8,2.2,1.0,3.2,1.8,0.2,0.8,2.6,6.2,,1.2,1.2,,0.2,1.6,2.8,0.6,0.2731370143721586,0.1089471753308593,0.0619376061120543,0.0942786613423784,0.0814335000031095,0.0379136033421367,0.0373718492882329,0.0245203530384273,0.1275455621062582,0.0565089877385558,0.2427698822117328,0.047490491514917,0.0393455334987593,0.0408972135805895,0.0280862282878411,0.0315837137321464,0.288168145239028,0.0560743704496716,24.625,7.029275516418053,6.875,2.0,2.125,0.75,2.75,1.375,0.5,0.875,2.375,6.0,,1.375,1.375,,0.25,1.75,2.5,-0.25,0.2552694575120109,0.1136244404238306,0.0754757097023869,0.0758799857519212,0.0803077022078257,0.0462815676295944,0.0270338763933809,0.025090335558087,0.112804211610529,0.0498577960370136,0.2509958822646859,0.0464664644780275,0.0466497819661363,0.0452328959758186,0.0396127162093125,0.0425642451697395,0.3111345025390984,0.0684353258220384,24.005,6.415,1.38,1.745,0.85,0.52811,0.43209,1.4403,9.54,7.795,8.16,3.125,0.9602,6.415,1.38,1.745,0.85,9.54,0.52811,0.43209,1.4403
4433386,Jaylyn Sherrod,MIN,2026-06-24,0.0,54.0,0.0,0.0,4.0,0,1,1,0,0,0,0,0,0,0,,0,2,,1,0,1,0,6.0,0.0,0.1666666666666666,0.1666666666666666,0.0,0.0,0.0,0.3333333333333333,0.0,0.1466666666666666,0.0,10.666666666666666,4.163331998932265,5.0,0.3333333333333333,1.0,0.0,0.0,1.0,0.0,0.3333333333333333,1.6666666666666667,2.333333333333333,,1.6666666666666667,2.6666666666666665,,0.3333333333333333,0.0,2.333333333333333,6.333333333333333,0.3809523809523809,0.3375582590180434,0.0555555555555555,0.0962250448649376,0.1031746031746031,0.09014140231429,0.0,0.0,0.0,0.0,0.1746031746031746,0.1787036547491699,0.2698412698412698,0.109971479845643,0.0277777777777777,0.0481125224324688,0.3211111111111111,0.1515231311030077,10.666666666666666,4.163331998932265,5.0,0.3333333333333333,1.0,0.0,0.0,1.0,0.0,0.3333333333333333,1.6666666666666667,2.333333333333333,,1.6666666666666667,2.6666666666666665,,0.3333333333333333,0.0,2.333333333333333,6.333333333333333,0.3809523809523809,0.3375582590180434,0.0555555555555555,0.0962250448649376,0.1031746031746031,0.09014140231429,0.0,0.0,0.0,0.0,0.1746031746031746,0.1787036547491699,0.2698412698412698,0.109971479845643,0.0277777777777777,0.0481125224324688,0.3211111111111111,0.1515231311030077,10.666666666666666,4.163331998932265,5.0,0.3333333333333333,1.0,0.0,0.0,1.0,0.0,0.3333333333333333,1.6666666666666667,2.333333333333333,,1.6666666666666667,2.6666666666666665,,0.3333333333333333,0.0,2.333333333333333,6.333333333333333,0.3809523809523809,0.3375582590180434,0.0555555555555555,0.0962250448649376,0.1031746031746031,0.09014140231429,0.0,0.0,0.0,0.0,0.1746031746031746,0.1787036547491699,0.2698412698412698,0.109971479845643,0.0277777777777777,0.0481125224324688,0.3211111111111111,0.1515231311030077,9.966666666666663,4.25,0.4333333333333333,1.0,0.0,0.2192666666666666,0.1793999999999999,0.5979999999999999,5.683333333333334,4.683333333333334,5.25,1.4333333333333331,0.3986666666666665,4.25,0.4333333333333333,1.0,0.0,5.683333333333334,0.2192666666666666,0.1793999999999999,0.5979999999999999
4433402,Angel Reese,ATL,2026-06-24,0.0,31.0,0.0,0.0,8.0,17,10,4,0,1,4,1,3,6,16,,5,10,,5,5,4,4,32.0,0.53125,0.3125,0.125,0.0,0.03125,0.5,0.3125,0.09375,0.73125,0.0,31.0,1.7320508075688703,13.666666666666666,9.0,3.0,0.0,0.6666666666666666,1.3333333333333333,0.6666666666666666,5.333333333333333,4.666666666666667,11.666666666666666,,4.333333333333333,6.666666666666667,,4.0,5.0,3.333333333333333,1.0,0.4367816091954022,0.11386947487263,0.2898706896551724,0.0197818531796188,0.0969827586206896,0.0317476721177936,0.0,0.0,0.0219109195402298,0.0190441323876602,0.3732040229885057,0.1149352323474407,0.2169540229885057,0.1350096974688198,0.1752873563218391,0.0925365717839105,0.6439511494252874,0.1049566959331558,31.8,1.788854381999824,12.8,11.4,2.6,0.0,0.6,1.4,1.2,4.8,4.4,10.8,,4.0,6.0,,5.8,5.6,3.6,0.2,0.401407200811359,0.0940211003470788,0.3555400608519269,0.0917517798713026,0.0824543610547667,0.0300235120636406,0.0,0.0,0.0190289046653144,0.0174655302052271,0.3397312373225152,0.1008771032368198,0.1912018255578093,0.104724365670755,0.1540694726166328,0.0755240421325,0.5779295131845842,0.1380130231830389,26.142857142857142,9.78823394742503,11.714285714285714,9.714285714285714,2.142857142857143,0.0,0.5714285714285714,1.7142857142857142,0.8571428571428571,3.7142857142857135,3.857142857142857,9.714285714285714,,4.0,6.285714285714286,,4.857142857142857,4.857142857142857,3.142857142857143,0.8571428571428571,0.5045016469331886,0.2099562244428048,0.3828283151939339,0.10164220887721,0.0808739941599982,0.0507997242853507,0.0,0.0,0.0245810857499498,0.0280423084285032,0.4104973373482501,0.148959942149749,0.3024068983754582,0.2092561517444611,0.1360236492716209,0.0866442485429648,0.6795800219050727,0.2190902189792479,30.458571428571425,13.472857142857142,10.132857142857144,2.838571428571429,0.0,0.6700885714285713,0.5482542857142856,1.8275142857142852,26.444285714285712,23.605714285714285,16.31142857142857,12.971428571428572,1.218342857142857,13.472857142857142,10.132857142857144,2.838571428571429,0.0,26.444285714285712,0.6700885714285713,0.5482542857142856,1.8275142857142852
4433403,Caitlin Clark,IND,2026-06-24,0.0,33.0,0.0,0.0,10.0,22,2,9,4,9,1,1,6,7,15,,4,5,,0,2,5,7,32.0,0.6875,0.0625,0.28125,0.125,0.28125,0.46875,0.15625,0.1875,0.725,0.0,18.666666666666668,16.653327995729065,14.333333333333334,3.0,6.333333333333333,2.0,4.333333333333333,0.3333333333333333,1.0,3.6666666666666665,4.0,8.333333333333334,,4.333333333333333,4.666666666666667,,0.0,3.0,2.6666666666666665,4.333333333333333,0.78125,0.1325825214724775,0.1770833333333333,0.1620453040219171,0.3489583333333333,0.0957540432856782,0.1041666666666666,0.0294627825494394,0.2239583333333333,0.0810226520109586,0.4427083333333333,0.0368284781868,0.265625,0.1546796083845574,0.1979166666666666,0.0147313912747196,0.7575000000000001,0.0459619407771259,24.8,14.618481453283716,19.8,3.4,7.6,2.8,7.4,1.0,1.0,4.2,6.2,14.0,,4.6,4.8,,0.2,3.2,2.6,6.4,0.8003896033129904,0.0878522746353604,0.1478267582098227,0.0998354969154845,0.3146273793955246,0.0685184694671463,0.1074451467596629,0.0663946238486521,0.2832956444347573,0.1264188806201418,0.5476401300494043,0.1495638350386788,0.206918864428945,0.1126254405539342,0.1743724571345539,0.0450346301405468,0.813056887532694,0.0829981959778773,22.33333333333333,11.811011811017716,17.666666666666668,3.2222222222222223,6.333333333333333,2.333333333333333,6.333333333333333,0.7777777777777778,0.6666666666666666,3.333333333333333,5.222222222222222,12.0,,4.888888888888889,5.222222222222222,,0.1111111111111111,3.111111111111111,2.2222222222222223,6.666666666666667,0.8117576665667273,0.2603718715500413,0.150989262187673,0.0669545671760203,0.284662799316796,0.060129681901326,0.1039957999161035,0.0531812840955084,0.2669865045265306,0.0909628016388433,0.5052666604122368,0.1428589745228415,0.2743183852870167,0.2368337221519481,0.1404004035052422,0.0727983128241096,0.7663671534437664,0.1366436182438896,23.546666666666667,18.063333333333333,3.034444444444444,7.176666666666667,2.6466666666666665,0.5180266666666666,0.42384,1.4128,28.27444444444444,21.09777777777777,25.24,10.21111111111111,0.9418666666666666,18.063333333333333,3.034444444444444,7.176666666666667,2.6466666666666665,28.27444444444444,0.5180266666666666,0.42384,1.4128
4433405,Kamilla Cardoso,CHI,2026-06-24,0.0,32.0,0.0,0.0,9.0,17,7,0,0,0,1,0,1,4,6,,9,9,,2,5,4,-10,23.0,0.7391304347826086,0.3043478260869565,0.0,0.0,0.0,0.2608695652173913,0.391304347826087,0.0434782608695652,0.4765217391304348,0.0,27.33333333333333,5.131601439446884,17.333333333333332,10.0,3.0,0.0,0.0,0.3333333333333333,1.3333333333333333,0.6666666666666666,6.333333333333333,9.333333333333334,,4.666666666666667,6.0,,3.333333333333333,6.666666666666667,3.0,-3.333333333333333,0.6298266950440864,0.1791486881425678,0.3664065403195837,0.0836516690429934,0.1017871017871018,0.0881579205779613,0.0,0.0,0.0,0.0,0.3309347657173744,0.08412984998078,0.2295023816762947,0.144007853517524,0.0273132664437012,0.0237866090226887,0.4592290800986454,0.0557103008388482,26.4,4.098780306383841,13.4,9.0,2.2,0.0,0.0,0.4,1.4,1.0,4.8,8.8,,3.8,5.4,,2.6,6.4,3.2,-1.0,0.4980248415031024,0.2205158061050745,0.3412609934349064,0.0752653371621137,0.0771753206535815,0.0709003365343263,0.0,0.0,0.0,0.0,0.324808846547977,0.071470847418156,0.209521074738466,0.1055159336793,0.0411866716214542,0.0309075973599274,0.4581847910543563,0.045547306945558,23.75,5.4707011825333165,12.75,8.375,1.625,0.0,0.0,0.375,1.25,1.625,4.5,8.5,,3.75,5.5,,2.875,5.5,3.375,-3.625,0.5182324377041448,0.2512001854170909,0.3439498856026989,0.1133930858712506,0.060587516584959,0.0604518837679236,0.0,0.0,0.0,0.0,0.3464797937983679,0.1198629299400211,0.2380462599468354,0.118488607560653,0.0821571109398794,0.0969690366509378,0.533377259114855,0.1434530666855822,25.64,14.989999999999998,8.875,1.995,0.0,0.5640799999999999,0.4615199999999999,1.5383999999999998,25.86,23.865,16.985,10.87,1.0255999999999998,14.989999999999998,8.875,1.995,0.0,25.86,0.5640799999999999,0.4615199999999999,1.5383999999999998
4433411,Angela Dugalic,WSH,2026-06-24,0.0,31.0,0.0,0.0,8.0,13,3,1,1,1,1,0,0,5,6,,2,3,,1,2,0,3,12.0,1.0833333333333333,0.25,0.0833333333333333,0.0833333333333333,0.0833333333333333,0.5,0.25,0.0,0.61,0.0,10.333333333333334,3.7859388972001766,5.0,3.0,0.6666666666666666,0.3333333333333333,0.3333333333333333,0.3333333333333333,0.6666666666666666,0.0,2.0,2.6666666666666665,,0.6666666666666666,1.0,,0.3333333333333333,2.6666666666666665,0.6666666666666666,-5.333333333333333,0.4123931623931624,0.5861208872743172,0.3269230769230769,0.150197109152051,0.0534188034188034,0.0463729367825015,0.0277777777777777,0.0481125224324688,0.0277777777777777,0.0481125224324688,0.2179487179487179,0.2560895430184381,0.0833333333333333,0.1443375672974064,0.0,0.0,0.2546153846153846,0.3172393865874268,10.6,2.792848008753787,4.4,2.6,0.4,0.4,1.2,0.4,0.4,0.2,1.8,3.2,,0.4,1.0,,0.2,2.4,1.2,-4.6,0.3807692307692307,0.4330506588261888,0.2694871794871795,0.1326796104416799,0.032051282051282,0.0439465038487246,0.0366666666666666,0.0505525029603436,0.1099999999999999,0.126710518724988,0.2774358974358974,0.1999539723499239,0.09,0.1244989959798873,0.0166666666666666,0.0372677996249964,0.3337025641025641,0.2503681008641256,13.285714285714286,5.122313465427046,4.428571428571429,3.4285714285714284,0.5714285714285714,0.4285714285714285,1.7142857142857142,1.0,0.5714285714285714,0.5714285714285714,1.7142857142857142,4.285714285714286,,0.5714285714285714,1.0,,0.4285714285714285,3.0,1.4285714285714286,-4.857142857142857,0.3362637362637362,0.3687918169870842,0.271062271062271,0.1093228644074875,0.0371794871794871,0.0468782187148262,0.0333333333333333,0.0440958551844098,0.1214285714285714,0.1091695443701649,0.2981684981684981,0.1670571643998752,0.0785714285714285,0.1074598485371119,0.0333333333333333,0.0440958551844098,0.36607326007326,0.2117751669340673,11.267142857142858,5.875714285714286,2.9457142857142857,0.6042857142857143,0.4757142857142857,0.2478771428571428,0.2028085714285714,0.6760285714285714,9.425714285714289,8.821428571428573,6.48,3.55,0.4506857142857142,5.875714285714286,2.9457142857142857,0.6042857142857143,0.4757142857142857,9.425714285714289,0.2478771428571428,0.2028085714285714,0.6760285714285714
4433416,Madison Scott,WSH,2026-06-24,0.0,52.0,0.0,0.0,3.0,0,0,0,0,0,1,0,1,0,1,,0,0,,0,0,1,-2,5.0,0.0,0.0,0.0,0.0,0.0,0.2,0.0,0.2,0.4,0.0,6.0,1.4142135623730951,0.0,0.5,0.0,0.0,0.0,1.0,0.0,0.5,0.0,1.5,,0.0,0.0,,0.0,0.5,0.5,-1.5,0.0,0.0,0.0714285714285714,0.101015254455221,0.0,0.0,0.0,0.0,0.0,0.0,0.2428571428571428,0.0606091526731326,0.0,0.0,0.1,0.1414213562373095,0.3428571428571428,0.0808122035641768,6.0,1.4142135623730951,0.0,0.5,0.0,0.0,0.0,1.0,0.0,0.5,0.0,1.5,,0.0,0.0,,0.0,0.5,0.5,-1.5,0.0,0.0,0.0714285714285714,0.101015254455221,0.0,0.0,0.0,0.0,0.0,0.0,0.2428571428571428,0.0606091526731326,0.0,0.0,0.1,0.1414213562373095,0.3428571428571428,0.0808122035641768,6.0,1.4142135623730951,0.0,0.5,0.0,0.0,0.0,1.0,0.0,0.5,0.0,1.5,,0.0,0.0,,0.0,0.5,0.5,-1.5,0.0,0.0,0.0714285714285714,0.101015254455221,0.0,0.0,0.0,0.0,0.0,0.0,0.2428571428571428,0.0606091526731326,0.0,0.0,0.1,0.1414213562373095,0.3428571428571428,0.0808122035641768,8.0,0.0,0.4249999999999999,0.0,0.0,0.176,0.144,0.48,0.4249999999999999,0.4249999999999999,0.0,0.4249999999999999,0.3199999999999999,0.0,0.4249999999999999,0.0,0.0,0.4249999999999999,0.176,0.144,0.48
4433424,Maddy Westbeld,CHI,2026-06-24,0.0,56.0,0.0,0.0,2.0,5,5,2,1,2,1,1,1,2,4,,0,0,,0,5,1,8,12.0,0.4166666666666667,0.4166666666666667,0.1666666666666666,0.0833333333333333,0.1666666666666666,0.3333333333333333,0.0,0.0833333333333333,0.4166666666666667,0.0,12.0,,5.0,5.0,2.0,1.0,2.0,1.0,1.0,1.0,2.0,4.0,,0.0,0.0,,0.0,5.0,1.0,8.0,0.4166666666666667,,0.4166666666666667,,0.1666666666666666,,0.0833333333333333,,0.1666666666666666,,0.3333333333333333,,0.0,,0.0833333333333333,,0.4166666666666667,,12.0,,5.0,5.0,2.0,1.0,2.0,1.0,1.0,1.0,2.0,4.0,,0.0,0.0,,0.0,5.0,1.0,8.0,0.4166666666666667,,0.4166666666666667,,0.1666666666666666,,0.0833333333333333,,0.1666666666666666,,0.3333333333333333,,0.0,,0.0833333333333333,,0.4166666666666667,,12.0,,5.0,5.0,2.0,1.0,2.0,1.0,1.0,1.0,2.0,4.0,,0.0,0.0,,0.0,5.0,1.0,8.0,0.4166666666666667,,0.4166666666666667,,0.1666666666666666,,0.0833333333333333,,0.1666666666666666,,0.3333333333333333,,0.0,,0.0833333333333333,,0.4166666666666667,,11.999999999999998,5.0,5.0,2.0,1.0,0.2639999999999999,0.2159999999999999,0.7199999999999999,12.0,10.0,7.0,7.0,0.4799999999999998,5.0,5.0,2.0,1.0,12.0,0.2639999999999999,0.2159999999999999,0.7199999999999999
4433431,Te-Hina Paopao,ATL,2026-06-24,0.0,31.0,0.0,0.0,8.0,3,1,2,1,1,0,0,0,1,1,,0,0,,0,1,1,-4,14.0,0.2142857142857142,0.0714285714285714,0.1428571428571428,0.0714285714285714,0.0714285714285714,0.0714285714285714,0.0,0.0,0.0714285714285714,0.0,21.0,13.0,10.333333333333334,1.6666666666666667,2.0,2.6666666666666665,4.333333333333333,0.3333333333333333,0.3333333333333333,0.6666666666666666,3.0,6.333333333333333,,1.6666666666666667,2.0,,0.0,1.6666666666666667,1.6666666666666667,2.0,0.4781237281237281,0.2428485049435063,0.0936100936100936,0.0527662332633091,0.1174196174196174,0.0538568584617549,0.1377696377696377,0.0829479910093158,0.184065934065934,0.0980195756863256,0.256003256003256,0.164921441416471,0.0555555555555555,0.0962250448649376,0.0512820512820512,0.0888231183368655,0.3317297517297518,0.2254276940214064,19.4,9.864076236526156,7.8,2.6,2.2,1.6,4.0,0.2,0.4,1.4,2.6,6.6,,1.0,1.2,,0.2,2.4,2.2,-1.0,0.3747863247863248,0.22734062371894,0.1499389499389499,0.085721112265508,0.1239316239316239,0.0560498080318641,0.0826617826617826,0.0955736707131934,0.1946886446886447,0.0722387600959256,0.3103785103785104,0.150639463815258,0.0333333333333333,0.0745355992499929,0.0901098901098901,0.0823809442373244,0.4151550671550671,0.2038616149602717,18.571428571428573,9.253056123197764,8.571428571428571,2.571428571428572,2.142857142857143,1.8571428571428568,3.7142857142857135,0.1428571428571428,0.2857142857142857,1.2857142857142858,3.0,6.285714285714286,,0.7142857142857143,0.8571428571428571,,0.1428571428571428,2.4285714285714284,2.0,-0.7142857142857143,0.472069597069597,0.2685260031578594,0.1567024245595674,0.0762878833821512,0.1123321123321123,0.0692938363349634,0.1086473050758765,0.0940569113587826,0.1946188731903017,0.061124257198506,0.3268576661433804,0.1336611773497959,0.0238095238095238,0.0629940788348712,0.0861896040467469,0.0705061422562208,0.4235234606663178,0.1789576837392091,18.904285714285717,7.994285714285714,2.0742857142857143,2.0985714285714288,1.8814285714285712,0.4158942857142856,0.3402771428571428,1.1342571428571426,12.167142857142856,10.068571428571428,10.092857142857142,4.172857142857144,0.7561714285714285,7.994285714285714,2.0742857142857143,2.0985714285714288,1.8814285714285712,12.167142857142856,0.4158942857142856,0.3402771428571428,1.1342571428571426
4433433,Aicha Coulibaly,CHI,2026-06-24,0.0,35.0,0.0,0.0,8.0,0,2,1,0,0,0,0,0,0,0,,0,0,,0,2,3,-2,16.0,0.0,0.125,0.0625,0.0,0.0,0.0,0.0,0.0,0.0,0.0,17.666666666666668,2.886751345948134,5.333333333333333,1.3333333333333333,0.6666666666666666,0.0,0.6666666666666666,1.0,0.0,0.0,1.6666666666666667,4.666666666666667,,2.0,2.0,,0.3333333333333333,1.0,3.0,5.0,0.2936507936507936,0.2611822646334021,0.0783730158730158,0.04105992477495,0.0367063492063491,0.0326477830791752,0.0,0.0,0.0367063492063491,0.0326477830791752,0.251984126984127,0.2182449493086038,0.0952380952380952,0.1649572197684645,0.0,0.0,0.2938888888888888,0.2628916830883721,11.8,8.555699854482976,3.2,1.2,0.6,0.0,0.6,0.6,0.0,0.0,1.0,3.4,,1.2,1.2,,0.2,1.0,2.0,3.0,0.2202380952380952,0.2589114663206137,0.1421130952380952,0.1318147784514929,0.0691964285714285,0.0702353628066841,0.0,0.0,0.0691964285714285,0.0702353628066841,0.3139880952380952,0.2170987645813914,0.0714285714285714,0.1428571428571428,0.0,0.0,0.3454166666666666,0.238107410403139,12.714285714285714,7.158079018709924,3.571428571428572,1.2857142857142858,0.5714285714285714,0.0,0.5714285714285714,0.8571428571428571,0.4285714285714285,0.1428571428571428,1.0,3.2857142857142856,,1.5714285714285714,1.7142857142857142,,0.2857142857142857,1.0,2.2857142857142856,-0.4285714285714285,0.2468253968253968,0.2302796617162514,0.1280753968253968,0.1065009984907007,0.0572420634920634,0.0612145782006063,0.0,0.0,0.0572420634920634,0.0612145782006063,0.2759920634920634,0.1781684606711551,0.1142857142857142,0.1541563243451299,0.0111111111111111,0.0272165526975908,0.3373888888888889,0.1937971925799026,14.37285714285714,3.434285714285714,1.377142857142857,0.6742857142857143,0.0,0.316202857142857,0.2587114285714285,0.8623714285714285,5.485714285714286,4.811428571428571,4.1085714285714285,2.051428571428571,0.5749142857142856,3.434285714285714,1.377142857142857,0.6742857142857143,0.0,5.485714285714286,0.316202857142857,0.2587114285714285,0.8623714285714285
4433510,Megan McConnell,IND,2026-06-24,0.0,53.0,0.0,0.0,4.0,0,3,3,0,2,2,0,3,0,3,,0,0,,0,3,0,11,12.0,0.0,0.25,0.25,0.0,0.1666666666666666,0.25,0.0,0.25,0.5,0.0,10.666666666666666,1.5275252316519468,0.0,2.0,2.333333333333333,0.0,0.6666666666666666,1.3333333333333333,0.3333333333333333,1.6666666666666667,0.0,1.6666666666666667,,0.0,0.0,,0.6666666666666666,1.3333333333333333,1.0,0.6666666666666666,0.0,0.0,0.1877104377104377,0.0849751539656378,0.2045454545454545,0.1860307448152829,0.0,0.0,0.0555555555555555,0.0962250448649376,0.1506734006734006,0.0866103943265518,0.0,0.0,0.1506734006734006,0.0866103943265518,0.3013468013468013,0.1732207886531037,10.666666666666666,1.5275252316519468,0.0,2.0,2.333333333333333,0.0,0.6666666666666666,1.3333333333333333,0.3333333333333333,1.6666666666666667,0.0,1.6666666666666667,,0.0,0.0,,0.6666666666666666,1.3333333333333333,1.0,0.6666666666666666,0.0,0.0,0.1877104377104377,0.0849751539656378,0.2045454545454545,0.1860307448152829,0.0,0.0,0.0555555555555555,0.0962250448649376,0.1506734006734006,0.0866103943265518,0.0,0.0,0.1506734006734006,0.0866103943265518,0.3013468013468013,0.1732207886531037,10.666666666666666,1.5275252316519468,0.0,2.0,2.333333333333333,0.0,0.6666666666666666,1.3333333333333333,0.3333333333333333,1.6666666666666667,0.0,1.6666666666666667,,0.0,0.0,,0.6666666666666666,1.3333333333333333,1.0,0.6666666666666666,0.0,0.0,0.1877104377104377,0.0849751539656378,0.2045454545454545,0.1860307448152829,0.0,0.0,0.0555555555555555,0.0962250448649376,0.1506734006734006,0.0866103943265518,0.0,0.0,0.1506734006734006,0.0866103943265518,0.3013468013468013,0.1732207886531037,10.866666666666664,0.0,2.15,2.433333333333333,0.0,0.2390666666666666,0.1955999999999999,0.6519999999999999,4.583333333333333,2.15,2.433333333333333,4.583333333333333,0.4346666666666666,0.0,2.15,2.433333333333333,0.0,4.583333333333333,0.2390666666666666,0.1955999999999999,0.6519999999999999
4433517,Latasha Lattimore,CHI,2026-06-24,0.0,56.0,0.0,0.0,3.0,2,2,0,0,1,1,1,0,1,2,,0,1,,0,2,3,3,12.0,0.1666666666666666,0.1666666666666666,0.0,0.0,0.0833333333333333,0.1666666666666666,0.0833333333333333,0.0,0.2033333333333333,0.0,11.5,0.7071067811865476,3.0,1.0,0.0,0.5,1.0,0.5,0.5,0.0,1.0,1.5,,0.5,1.5,,0.0,1.0,1.5,5.5,0.2651515151515151,0.139278608415532,0.0833333333333333,0.1178511301977579,0.0,0.0,0.0454545454545454,0.0642824346533225,0.0871212121212121,0.0053568695544435,0.1287878787878787,0.0535686955444354,0.1325757575757575,0.069639304207766,0.0,0.0,0.1871212121212121,0.0229274016930183,11.5,0.7071067811865476,3.0,1.0,0.0,0.5,1.0,0.5,0.5,0.0,1.0,1.5,,0.5,1.5,,0.0,1.0,1.5,5.5,0.2651515151515151,0.139278608415532,0.0833333333333333,0.1178511301977579,0.0,0.0,0.0454545454545454,0.0642824346533225,0.0871212121212121,0.0053568695544435,0.1287878787878787,0.0535686955444354,0.1325757575757575,0.069639304207766,0.0,0.0,0.1871212121212121,0.0229274016930183,11.5,0.7071067811865476,3.0,1.0,0.0,0.5,1.0,0.5,0.5,0.0,1.0,1.5,,0.5,1.5,,0.0,1.0,1.5,5.5,0.2651515151515151,0.139278608415532,0.0833333333333333,0.1178511301977579,0.0,0.0,0.0454545454545454,0.0642824346533225,0.0871212121212121,0.0053568695544435,0.1287878787878787,0.0535686955444354,0.1325757575757575,0.069639304207766,0.0,0.0,0.1871212121212121,0.0229274016930183,11.575,2.85,1.15,0.0,0.4249999999999999,0.25465,0.2083499999999999,0.6944999999999999,4.0,4.0,2.85,1.15,0.4629999999999999,2.85,1.15,0.0,0.4249999999999999,4.0,0.25465,0.2083499999999999,0.6944999999999999
4433523,Rori Harmon,WSH,2026-06-24,0.0,31.0,0.0,0.0,8.0,2,1,0,0,1,0,0,1,1,2,,0,0,,0,1,1,-2,3.0,0.6666666666666666,0.3333333333333333,0.0,0.0,0.3333333333333333,0.6666666666666666,0.0,0.3333333333333333,1.0,0.0,5.666666666666667,3.055050463303893,1.6666666666666667,1.0,1.0,0.0,0.6666666666666666,0.3333333333333333,0.0,1.0,0.3333333333333333,1.3333333333333333,,1.0,1.3333333333333333,,0.0,1.0,1.3333333333333333,-2.0,0.3925925925925925,0.2778518419779415,0.2148148148148148,0.1118493990410481,0.1703703703703703,0.206479405403946,0.0,0.0,0.1777777777777777,0.1677740985615722,0.3555555555555555,0.3355481971231444,0.2074074074074074,0.2004111001254619,0.2148148148148148,0.1118493990410481,0.6616296296296297,0.4077678674746895,11.8,8.700574693662482,1.6,1.6,1.8,0.2,1.0,1.0,0.0,2.2,0.4,1.8,,0.6,0.8,,0.0,1.6,1.8,-4.0,0.2628282828282828,0.2692543562817439,0.1761616161616161,0.0960302769995066,0.1585858585858585,0.1497131904133244,0.009090909090909,0.0203278907045435,0.1339393939393939,0.141427849263471,0.2606060606060606,0.2708606152819702,0.1244444444444444,0.1816250377040226,0.2043434343434343,0.08489476852123,0.5197050505050506,0.3500268829881595,13.285714285714286,7.565586245499766,2.142857142857143,1.2857142857142858,2.0,0.1428571428571428,1.1428571428571428,1.4285714285714286,0.0,2.571428571428572,0.7142857142857143,2.4285714285714284,,0.5714285714285714,1.4285714285714286,,0.1428571428571428,1.1428571428571428,1.8571428571428568,-2.142857142857143,0.2442821067821067,0.2354733856273651,0.1347582972582972,0.1071132505700404,0.1539502164502164,0.1308865999545143,0.0064935064935064,0.0171802033186012,0.1194805194805194,0.1275112860781738,0.2516233766233766,0.2297010126354192,0.1404761904761904,0.1560413804234888,0.2044913419913419,0.0700377113761853,0.5179242424242424,0.2905978501424799,8.937142857142856,1.7885714285714285,1.267142857142857,1.33,0.0985714285714285,0.1966171428571428,0.1608685714285714,0.5362285714285714,4.385714285714285,3.055714285714285,3.1185714285714283,2.597142857142857,0.3574857142857142,1.7885714285714285,1.267142857142857,1.33,0.0985714285714285,4.385714285714285,0.1966171428571428,0.1608685714285714,0.5362285714285714
4433524,Sonia Citron,WSH,2026-06-24,0.0,31.0,0.0,0.0,8.0,16,5,2,0,2,2,0,2,3,6,,10,11,,1,4,2,-8,32.0,0.5,0.15625,0.0625,0.0,0.0625,0.1875,0.34375,0.0625,0.40125,0.0,32.0,6.000000000000001,17.666666666666668,4.0,2.333333333333333,0.6666666666666666,2.6666666666666665,1.3333333333333333,0.3333333333333333,3.0,5.333333333333333,8.666666666666666,,6.333333333333333,7.0,,0.6666666666666666,3.333333333333333,2.0,-1.6666666666666667,0.5195681511470985,0.2606728928199966,0.1175354251012145,0.0684849322920611,0.0687415654520917,0.0338353652883196,0.0215924426450742,0.0196610017332435,0.0815620782726045,0.021755738746897,0.2622300944669366,0.0944745800720163,0.2023026315789473,0.1797735740188542,0.1024797570850202,0.0779495984165052,0.4537230094466937,0.0728058494199567,33.2,4.604345773288538,19.2,3.8,1.8,1.0,4.0,1.6,0.6,2.6,5.8,10.0,,6.6,7.8,,1.0,2.8,2.0,0.4,0.5591265116032919,0.2181802803525606,0.1100637387208594,0.0570181956186901,0.0523560503823661,0.0382312439167325,0.0306025244105739,0.0363135833503817,0.1175646979439549,0.0517592925229557,0.2945929586409462,0.0804647261963368,0.2239959580323357,0.1314049177301555,0.0843636712444761,0.0604546604066138,0.4775148514196501,0.06094161196354,29.285714285714285,7.674943772091226,16.285714285714285,3.4285714285714284,2.0,1.0,3.7142857142857135,1.2857142857142858,0.4285714285714285,2.142857142857143,5.0,9.428571428571429,,5.285714285714286,6.285714285714286,,0.7142857142857143,2.7142857142857144,1.8571428571428568,0.4285714285714285,0.5302031473858099,0.2022532109478265,0.1150831216427191,0.0490677926160242,0.0742392841077051,0.0514825874973808,0.0361446602932671,0.0424504074783536,0.1268319271028249,0.0976550257580737,0.3265889554202247,0.1189908974085476,0.1964632782937736,0.1178526976591332,0.0745454794603401,0.059590280853148,0.4875782773298253,0.1286206388686693,31.877142857142857,17.677142857142854,3.965714285714285,2.03,0.75,0.7012971428571428,0.5737885714285714,1.9126285714285716,23.67285714285714,21.64285714285714,19.707142857142856,5.9957142857142856,1.2750857142857144,17.677142857142854,3.965714285714285,2.03,0.75,23.67285714285714,0.7012971428571428,0.5737885714285714,1.9126285714285716
4433534,Caroline Ducharme,GSV,2026-06-24,0.0,60.0,0.0,0.0,2.0,3,1,1,1,1,0,0,0,1,2,,0,0,,0,1,0,5,7.0,0.4285714285714285,0.1428571428571428,0.1428571428571428,0.1428571428571428,0.1428571428571428,0.2857142857142857,0.0,0.0,0.2857142857142857,0.0,7.0,,3.0,1.0,1.0,1.0,1.0,0.0,0.0,0.0,1.0,2.0,,0.0,0.0,,0.0,1.0,0.0,5.0,0.4285714285714285,,0.1428571428571428,,0.1428571428571428,,0.1428571428571428,,0.1428571428571428,,0.2857142857142857,,0.0,,0.0,,0.2857142857142857,,7.0,,3.0,1.0,1.0,1.0,1.0,0.0,0.0,0.0,1.0,2.0,,0.0,0.0,,0.0,1.0,0.0,5.0,0.4285714285714285,,0.1428571428571428,,0.1428571428571428,,0.1428571428571428,,0.1428571428571428,,0.2857142857142857,,0.0,,0.0,,0.2857142857142857,,7.0,,3.0,1.0,1.0,1.0,1.0,0.0,0.0,0.0,1.0,2.0,,0.0,0.0,,0.0,1.0,0.0,5.0,0.4285714285714285,,0.1428571428571428,,0.1428571428571428,,0.1428571428571428,,0.1428571428571428,,0.2857142857142857,,0.0,,0.0,,0.2857142857142857,,8.0,3.0,1.0,1.0,1.0,0.176,0.144,0.48,5.0,4.0,4.0,2.0,0.3199999999999999,3.0,1.0,1.0,1.0,5.0,0.176,0.144,0.48
4433541,Laila Phelia,ATL,2026-06-24,0.0,56.0,0.0,0.0,2.0,0,0,0,0,1,1,0,0,0,1,,0,0,,0,0,3,1,11.0,0.0,0.0,0.0,0.0,0.0909090909090909,0.0909090909090909,0.0,0.0,0.0909090909090909,0.0,11.0,,0.0,0.0,0.0,0.0,1.0,1.0,0.0,0.0,0.0,1.0,,0.0,0.0,,0.0,0.0,3.0,1.0,0.0,,0.0,,0.0,,0.0,,0.0909090909090909,,0.0909090909090909,,0.0,,0.0,,0.0909090909090909,,11.0,,0.0,0.0,0.0,0.0,1.0,1.0,0.0,0.0,0.0,1.0,,0.0,0.0,,0.0,0.0,3.0,1.0,0.0,,0.0,,0.0,,0.0,,0.0909090909090909,,0.0909090909090909,,0.0,,0.0,,0.0909090909090909,,11.0,,0.0,0.0,0.0,0.0,1.0,1.0,0.0,0.0,0.0,1.0,,0.0,0.0,,0.0,0.0,3.0,1.0,0.0,,0.0,,0.0,,0.0,,0.0909090909090909,,0.0909090909090909,,0.0,,0.0,,0.0909090909090909,,11.0,0.0,0.0,0.0,0.0,0.242,0.1979999999999999,0.6599999999999999,0.0,0.0,0.0,0.0,0.4399999999999999,0.0,0.0,0.0,0.0,0.0,0.242,0.1979999999999999,0.6599999999999999
4433542,Saylor Poffenbarger,MIN,2026-06-24,0.0,54.0,0.0,0.0,4.0,0,2,0,0,1,0,0,0,0,1,,0,0,,1,1,1,8,15.0,0.0,0.1333333333333333,0.0,0.0,0.0666666666666666,0.0666666666666666,0.0,0.0,0.0666666666666666,0.0,23.0,7.0,5.666666666666667,6.0,0.6666666666666666,1.0,5.0,0.3333333333333333,1.0,0.6666666666666666,2.0,6.0,,0.6666666666666666,0.6666666666666666,,1.3333333333333333,4.666666666666667,1.3333333333333333,5.333333333333333,0.2106227106227106,0.1848909943428164,0.2468253968253968,0.2196463521896831,0.0247252747252747,0.0214567298788644,0.0366300366300366,0.0357494895530094,0.1925518925518925,0.1490560463884565,0.23009768009768,0.1630962750174594,0.0256410256410256,0.0444115591684327,0.0238095238095238,0.0412393049421161,0.2651892551892552,0.1988101449950336,23.0,7.0,5.666666666666667,6.0,0.6666666666666666,1.0,5.0,0.3333333333333333,1.0,0.6666666666666666,2.0,6.0,,0.6666666666666666,0.6666666666666666,,1.3333333333333333,4.666666666666667,1.3333333333333333,5.333333333333333,0.2106227106227106,0.1848909943428164,0.2468253968253968,0.2196463521896831,0.0247252747252747,0.0214567298788644,0.0366300366300366,0.0357494895530094,0.1925518925518925,0.1490560463884565,0.23009768009768,0.1630962750174594,0.0256410256410256,0.0444115591684327,0.0238095238095238,0.0412393049421161,0.2651892551892552,0.1988101449950336,23.0,7.0,5.666666666666667,6.0,0.6666666666666666,1.0,5.0,0.3333333333333333,1.0,0.6666666666666666,2.0,6.0,,0.6666666666666666,0.6666666666666666,,1.3333333333333333,4.666666666666667,1.3333333333333333,5.333333333333333,0.2106227106227106,0.1848909943428164,0.2468253968253968,0.2196463521896831,0.0247252747252747,0.0214567298788644,0.0366300366300366,0.0357494895530094,0.1925518925518925,0.1490560463884565,0.23009768009768,0.1630962750174594,0.0256410256410256,0.0444115591684327,0.0238095238095238,0.0412393049421161,0.2651892551892552,0.1988101449950336,21.8,4.816666666666667,5.4,0.5666666666666667,0.8499999999999999,0.4795999999999999,0.3923999999999999,1.3079999999999998,10.783333333333331,10.216666666666669,5.383333333333334,5.966666666666666,0.8719999999999999,4.816666666666667,5.4,0.5666666666666667,0.8499999999999999,10.783333333333331,0.4795999999999999,0.3923999999999999,1.3079999999999998
4433543,Reigan Richardson,MIN,2026-06-24,0.0,54.0,0.0,0.0,4.0,0,0,0,0,0,0,0,0,0,0,,0,0,,0,0,0,0,0.0,,,,,,,,,,0.0,7.666666666666667,6.6583281184793925,2.6666666666666665,0.3333333333333333,0.0,0.3333333333333333,0.6666666666666666,0.3333333333333333,0.0,0.6666666666666666,1.0,1.6666666666666667,,0.3333333333333333,0.3333333333333333,,0.0,0.3333333333333333,0.3333333333333333,1.0,0.3446969696969697,0.1017805215344273,0.0416666666666666,0.0589255650988789,0.0,0.0,0.0454545454545454,0.0642824346533225,0.0871212121212121,0.0053568695544435,0.2159090909090909,0.0482118259899918,0.0416666666666666,0.0589255650988789,0.0909090909090909,0.128564869306645,0.3251515151515152,0.0544257946731464,7.666666666666667,6.6583281184793925,2.6666666666666665,0.3333333333333333,0.0,0.3333333333333333,0.6666666666666666,0.3333333333333333,0.0,0.6666666666666666,1.0,1.6666666666666667,,0.3333333333333333,0.3333333333333333,,0.0,0.3333333333333333,0.3333333333333333,1.0,0.3446969696969697,0.1017805215344273,0.0416666666666666,0.0589255650988789,0.0,0.0,0.0454545454545454,0.0642824346533225,0.0871212121212121,0.0053568695544435,0.2159090909090909,0.0482118259899918,0.0416666666666666,0.0589255650988789,0.0909090909090909,0.128564869306645,0.3251515151515152,0.0544257946731464,7.666666666666667,6.6583281184793925,2.6666666666666665,0.3333333333333333,0.0,0.3333333333333333,0.6666666666666666,0.3333333333333333,0.0,0.6666666666666666,1.0,1.6666666666666667,,0.3333333333333333,0.3333333333333333,,0.0,0.3333333333333333,0.3333333333333333,1.0,0.3446969696969697,0.1017805215344273,0.0416666666666666,0.0589255650988789,0.0,0.0,0.0454545454545454,0.0642824346533225,0.0871212121212121,0.0053568695544435,0.2159090909090909,0.0482118259899918,0.0416666666666666,0.0589255650988789,0.0909090909090909,0.128564869306645,0.3251515151515152,0.0544257946731464,8.0,2.2666666666666666,0.2833333333333333,0.0,0.2833333333333333,0.176,0.144,0.48,2.55,2.55,2.2666666666666666,0.2833333333333333,0.3199999999999999,2.2666666666666666,0.2833333333333333,0.0,0.2833333333333333,2.55,0.176,0.144,0.48
4433546,Makayla Timpson,IND,2026-06-24,0.0,33.0,0.0,0.0,10.0,0,5,0,0,0,1,0,0,0,1,,0,0,,2,3,0,-3,12.0,0.0,0.4166666666666667,0.0,0.0,0.0,0.0833333333333333,0.0,0.0,0.0833333333333333,0.0,16.666666666666668,4.163331998932267,2.6666666666666665,5.333333333333333,0.3333333333333333,0.0,0.0,0.6666666666666666,0.0,0.3333333333333333,1.3333333333333333,3.0,,0.0,0.6666666666666666,,2.333333333333333,3.0,1.6666666666666667,4.333333333333333,0.1444444444444444,0.1710533813148962,0.3333333333333333,0.0833333333333332,0.0185185185185185,0.0320750149549792,0.0,0.0,0.0,0.0,0.174074074074074,0.1867801683148405,0.0333333333333333,0.0577350269189625,0.0185185185185185,0.0320750149549792,0.2072592592592592,0.2054776228642485,12.6,6.54217089351845,2.0,3.6,0.4,0.0,0.0,0.4,0.0,0.2,1.0,2.4,,0.0,0.4,,1.6,2.0,1.2,1.8,0.1311111111111111,0.1453815754115212,0.2722222222222222,0.1135156485650141,0.0333333333333333,0.0496903994999953,0.0,0.0,0.0,0.0,0.1988888888888889,0.1367276286799579,0.02,0.0447213595499958,0.0111111111111111,0.0248451997499976,0.2188,0.1464810778661855,17.11111111111111,7.253351715662982,6.111111111111111,3.2222222222222223,0.4444444444444444,0.0,0.0,0.8888888888888888,0.4444444444444444,0.4444444444444444,2.333333333333333,3.333333333333333,,1.4444444444444444,2.2222222222222223,,1.0,2.2222222222222223,1.5555555555555556,5.888888888888889,0.2947515326157584,0.2225143669814905,0.2046293471198124,0.1191920303392595,0.0288109161793372,0.0392612433706734,0.0,0.0,0.0,0.0,0.2013866994378054,0.1091580391911108,0.0971789982201881,0.1128821910212781,0.0196913580246913,0.0310901604942953,0.2638368166793796,0.1177915073283051,14.632222222222222,2.7222222222222223,4.254444444444444,0.3288888888888889,0.0,0.3219088888888888,0.2633799999999999,0.8779333333333332,7.305555555555555,6.976666666666667,3.051111111111111,4.583333333333333,0.5852888888888887,2.7222222222222223,4.254444444444444,0.3288888888888889,0.0,7.305555555555555,0.3219088888888888,0.2633799999999999,0.8779333333333332
4433630,Rickea Jackson,CHI,2026-06-24,0.0,32.0,0.0,0.0,9.0,0,0,0,0,0,0,0,0,0,0,,0,0,,0,0,0,0,0.0,,,,,,,,,,0.0,3.6666666666666665,6.350852961085898,2.0,0.3333333333333333,0.0,0.0,0.6666666666666666,0.0,0.3333333333333333,0.6666666666666666,1.0,2.0,,0.0,0.0,,0.0,0.3333333333333333,0.0,-2.333333333333333,0.5454545454545454,,0.0909090909090909,,0.0,,0.0,,0.1818181818181818,,0.5454545454545454,,0.0,,0.1818181818181818,,0.7272727272727273,,16.4,18.17415747703315,10.6,2.4,1.0,1.0,3.4,0.2,1.2,1.0,3.8,9.2,,2.0,2.4,,0.6,1.8,0.6,-5.0,0.637747668997669,0.2362850050261692,0.135538073038073,0.0487111895737963,0.0427350427350427,0.0740192652807212,0.0502136752136752,0.0660235664764118,0.20750777000777,0.0947951272401964,0.5648310023310024,0.1142201362579743,0.1137820512820512,0.0999645523958378,0.0899864024864024,0.0816360996687699,0.7048815073815073,0.1401619781425759,20.125,15.338443765351723,12.0,3.125,1.375,0.75,3.0,0.125,0.875,1.875,3.625,9.75,,4.0,4.5,,0.5,2.625,1.25,-3.625,0.5940662346912348,0.1846337803244665,0.1467132404632404,0.0387826371140277,0.0587051837051837,0.0526110601802348,0.0297364672364672,0.0484737500756077,0.1453604266104266,0.0930058599336403,0.4864799552299552,0.1150556702605618,0.2124946812446812,0.1416953121923808,0.1140768953268953,0.1001833802176796,0.6940545103045103,0.1299161237199646,10.864999999999998,6.71,1.565,0.625,0.5,0.2390299999999999,0.1955699999999999,0.6518999999999999,8.9,8.275,7.335,2.19,0.4345999999999999,6.71,1.565,0.625,0.5,8.9,0.2390299999999999,0.1955699999999999,0.6518999999999999
4433634,Ashten Prechtel,GSV,2026-06-24,0.0,34.0,0.0,0.0,5.0,0,0,0,0,0,0,0,0,0,0,,0,0,,0,0,0,0,0.0,,,,,,,,,,0.0,3.0,5.196152422706629,0.0,1.0,0.3333333333333333,0.0,1.0,0.0,0.6666666666666666,0.3333333333333333,0.0,1.3333333333333333,,0.0,0.0,,0.6666666666666666,0.3333333333333333,0.0,0.0,0.0,,0.3333333333333333,,0.1111111111111111,,0.0,,0.3333333333333333,,0.4444444444444444,,0.0,,0.1111111111111111,,0.5555555555555556,,6.25,7.762087348130011,2.25,2.0,0.5,0.5,2.0,0.0,0.75,0.5,0.5,2.25,,0.75,1.5,,0.75,1.25,1.5,-2.25,0.28125,0.397747564417433,0.3229166666666666,0.0147313912747197,0.0868055555555555,0.0343732463076793,0.0625,0.0883883476483184,0.3229166666666666,0.0147313912747197,0.3784722222222222,0.0932988114065583,0.1875,0.2651650429449553,0.0868055555555555,0.0343732463076793,0.5477777777777778,0.0109994388184573,6.25,7.762087348130011,2.25,2.0,0.5,0.5,2.0,0.0,0.75,0.5,0.5,2.25,,0.75,1.5,,0.75,1.25,1.5,-2.25,0.28125,0.397747564417433,0.3229166666666666,0.0147313912747197,0.0868055555555555,0.0343732463076793,0.0625,0.0883883476483184,0.3229166666666666,0.0147313912747197,0.3784722222222222,0.0932988114065583,0.1875,0.2651650429449553,0.0868055555555555,0.0343732463076793,0.5477777777777778,0.0109994388184573,8.0,1.2375,1.4,0.375,0.275,0.176,0.144,0.48,3.0125,2.6375,1.6125,1.775,0.3199999999999999,1.2375,1.4,0.375,0.275,3.0125,0.176,0.144,0.48
4433690,Holly Winterburn,POR,2026-06-24,0.0,32.0,0.0,0.0,6.0,0,0,0,0,0,0,0,0,0,0,,0,0,,0,0,0,-3,1.0,0.0,0.0,0.0,0.0,0.0,0.0,0.0,0.0,0.0,0.0,8.0,6.999999999999999,2.0,1.0,1.6666666666666667,0.0,1.0,0.3333333333333333,0.0,0.6666666666666666,0.6666666666666666,2.0,,0.6666666666666666,0.6666666666666666,,0.0,1.0,1.3333333333333333,-2.333333333333333,0.2111111111111111,0.2589151155051343,0.1055555555555555,0.1294575577525671,0.1305555555555555,0.1334201106502536,0.0,0.0,0.0861111111111111,0.0746907203319375,0.1722222222222222,0.149381440663875,0.0833333333333333,0.1443375672974064,0.0638888888888888,0.0625462791622094,0.2727777777777778,0.2481057868762465,9.2,9.364827814754523,3.6,1.0,1.4,0.0,1.6,0.6,0.0,0.8,1.2,3.0,,1.2,1.2,,0.0,1.0,1.2,-2.4,0.2946969696969697,0.2695138976877295,0.1018939393939394,0.1059550340372408,0.1206439393939394,0.1107259883241424,0.0,0.0,0.1214015151515151,0.0932780052949729,0.2314393939393939,0.1700095200704965,0.1079545454545454,0.1277251159097527,0.0706439393939394,0.052825633178043,0.3495833333333333,0.2542322319804823,9.2,9.364827814754523,3.6,1.0,1.4,0.0,1.6,0.6,0.0,0.8,1.2,3.0,,1.2,1.2,,0.0,1.0,1.2,-2.4,0.2946969696969697,0.2695138976877295,0.1018939393939394,0.1059550340372408,0.1206439393939394,0.1107259883241424,0.0,0.0,0.1214015151515151,0.0932780052949729,0.2314393939393939,0.1700095200704965,0.1079545454545454,0.1277251159097527,0.0706439393939394,0.052825633178043,0.3495833333333333,0.2542322319804823,8.0,2.58,0.8499999999999999,1.27,0.0,0.176,0.144,0.48,4.699999999999999,3.43,3.85,2.12,0.3199999999999999,2.58,0.8499999999999999,1.27,0.0,4.699999999999999,0.176,0.144,0.48
4433745,Sakima Walker,MIN,2026-06-24,0.0,58.0,0.0,0.0,3.0,0,0,0,0,0,0,0,0,0,0,,0,0,,0,0,1,-4,4.0,0.0,0.0,0.0,0.0,0.0,0.0,0.0,0.0,0.0,0.0,8.5,6.363961030678928,2.0,1.0,0.5,0.0,0.0,0.0,1.0,0.5,1.0,2.0,,0.0,0.0,,0.5,0.5,1.5,-1.0,0.1538461538461538,0.2175713172881684,0.0769230769230769,0.1087856586440842,0.0384615384615384,0.0543928293220421,0.0,0.0,0.0,0.0,0.1538461538461538,0.2175713172881684,0.0,0.0,0.0384615384615384,0.0543928293220421,0.1923076923076923,0.2719641466102105,8.5,6.363961030678928,2.0,1.0,0.5,0.0,0.0,0.0,1.0,0.5,1.0,2.0,,0.0,0.0,,0.5,0.5,1.5,-1.0,0.1538461538461538,0.2175713172881684,0.0769230769230769,0.1087856586440842,0.0384615384615384,0.0543928293220421,0.0,0.0,0.0,0.0,0.1538461538461538,0.2175713172881684,0.0,0.0,0.0384615384615384,0.0543928293220421,0.1923076923076923,0.2719641466102105,8.5,6.363961030678928,2.0,1.0,0.5,0.0,0.0,0.0,1.0,0.5,1.0,2.0,,0.0,0.0,,0.5,0.5,1.5,-1.0,0.1538461538461538,0.2175713172881684,0.0769230769230769,0.1087856586440842,0.0384615384615384,0.0543928293220421,0.0,0.0,0.0,0.0,0.1538461538461538,0.2175713172881684,0.0,0.0,0.0384615384615384,0.0543928293220421,0.1923076923076923,0.2719641466102105,8.0,1.6999999999999995,0.8499999999999999,0.4249999999999999,0.0,0.176,0.144,0.48,2.975,2.55,2.125,1.275,0.3199999999999999,1.6999999999999995,0.8499999999999999,0.4249999999999999,0.0,2.975,0.176,0.144,0.48
4433791,Olivia Miles,MIN,2026-06-24,0.0,32.0,0.0,0.0,10.0,14,9,5,0,2,2,0,5,4,14,,6,7,,1,8,3,8,33.0,0.4242424242424242,0.2727272727272727,0.1515151515151515,0.0,0.0606060606060606,0.4242424242424242,0.2121212121212121,0.1515151515151515,0.6690909090909091,0.0,30.33333333333333,6.429100507328638,13.666666666666666,6.333333333333333,4.0,0.3333333333333333,2.333333333333333,2.333333333333333,0.6666666666666666,3.6666666666666665,4.666666666666667,11.333333333333334,,4.0,4.333333333333333,,0.6666666666666666,5.666666666666667,2.333333333333333,10.333333333333334,0.4681222159483029,0.1245712406274722,0.2060229625447016,0.0577809821484621,0.1420164376686116,0.080545393297536,0.0095238095238095,0.0164957219768464,0.0727900119204467,0.0369426632370153,0.3815797728841207,0.0831890473248093,0.1377878160486856,0.0658089015260731,0.1175857958466654,0.0324055870703036,0.5597922077922078,0.1094027454026452,29.8,5.06951674225463,13.8,5.4,5.0,0.2,2.0,1.4,0.6,3.2,5.2,11.2,,3.2,3.6,,0.6,4.8,2.6,9.0,0.4746233295689818,0.0892205873387029,0.1822676236806671,0.0791626833520763,0.1765560164473208,0.0794708261707026,0.0057142857142857,0.0127775312999987,0.0653086225368834,0.0323740622073111,0.3808709406535494,0.0589296854814126,0.1196919203984421,0.0682504437796111,0.1046860928926146,0.0295374099200108,0.5382214785214785,0.0844386263940487,27.444444444444443,6.654154925892376,13.555555555555555,4.888888888888889,4.666666666666667,0.3333333333333333,1.7777777777777777,1.1111111111111112,0.5555555555555556,2.7777777777777777,4.777777777777778,10.333333333333334,,3.6666666666666665,4.444444444444445,,0.6666666666666666,4.222222222222222,2.333333333333333,5.444444444444445,0.5005094471854803,0.0846115192665825,0.1837208455309814,0.0720173536021233,0.1744786360969562,0.0796050438942556,0.0129785247432306,0.0212885154061624,0.0657066183979294,0.0316401536041927,0.3708534072479421,0.0727002552115534,0.1658001454668233,0.117713996772779,0.1020431608507056,0.0640520239929739,0.54584863210405,0.0761597423732877,29.96888888888889,13.74111111111111,6.1177777777777775,4.633333333333334,0.2366666666666666,0.6593155555555555,0.53944,1.7981333333333334,24.49222222222222,19.858888888888888,18.374444444444443,10.751111111111111,1.1987555555555556,13.74111111111111,6.1177777777777775,4.633333333333334,0.2366666666666666,24.49222222222222,0.6593155555555555,0.53944,1.7981333333333334
4433797,Raven Johnson,IND,2026-06-24,0.0,33.0,0.0,0.0,10.0,7,2,2,1,2,0,0,2,3,5,,0,0,,0,2,4,5,15.0,0.4666666666666667,0.1333333333333333,0.1333333333333333,0.0666666666666666,0.1333333333333333,0.3333333333333333,0.0,0.1333333333333333,0.4666666666666667,0.0,18.0,3.6055512754639953,5.333333333333333,2.6666666666666665,1.3333333333333333,0.6666666666666666,3.6666666666666665,0.0,0.6666666666666666,2.6666666666666665,2.0,6.0,,0.6666666666666666,0.6666666666666666,,0.3333333333333333,2.333333333333333,3.333333333333333,-1.0,0.2919191919191919,0.2544432214132872,0.1487225193107546,0.0240782512009198,0.0792038027332145,0.0473517369824384,0.0373737373737373,0.0340600309092674,0.1852644087938205,0.1589035664353393,0.3125371360665478,0.2439811423230831,0.0303030303030303,0.0524863881081477,0.1487225193107546,0.0240782512009201,0.4745929887106357,0.2433588629786375,12.6,7.829431652425353,3.2,2.2,1.2,0.4,2.2,0.0,0.4,1.6,1.2,3.8,,0.4,0.4,,0.6,1.6,2.2,-1.8,0.1751515151515151,0.2406984022481491,0.2292335115864527,0.153927477599778,0.1275222816399287,0.1596828415324009,0.0224242424242424,0.031608254085831,0.1111586452762923,0.1514002710124797,0.2275222816399286,0.2198067541429274,0.0181818181818181,0.040655781409087,0.0892335115864527,0.0832189726894572,0.3247557932263815,0.2769616223459084,14.444444444444445,6.385748020222672,4.222222222222222,2.6666666666666665,2.4444444444444446,0.3333333333333333,1.7777777777777777,0.8888888888888888,0.5555555555555556,1.4444444444444444,1.5555555555555556,3.555555555555556,,0.7777777777777778,1.0,,0.4444444444444444,2.2222222222222223,2.4444444444444446,1.2222222222222223,0.2497534872534872,0.2187402985301954,0.2182911043205161,0.1491161505482678,0.1721464174895547,0.1590985677108918,0.0194023569023569,0.0296410759475467,0.0948235860000566,0.131012094808011,0.2117187278951985,0.1747941602621749,0.0583814333814333,0.0719373668373785,0.0816508926803044,0.0696165666728633,0.3190574512633335,0.214306947190999,14.948888888888888,4.614444444444445,2.4033333333333333,1.6088888888888888,0.5566666666666666,0.3288755555555555,0.26908,0.8969333333333332,8.626666666666667,7.017777777777778,6.223333333333334,4.012222222222222,0.5979555555555556,4.614444444444445,2.4033333333333333,1.6088888888888888,0.5566666666666666,8.626666666666667,0.3288755555555555,0.26908,0.8969333333333332
4433811,Jessica Timmons,IND,2026-06-24,0.0,53.0,0.0,0.0,4.0,3,1,1,0,2,0,0,1,0,5,,3,3,,0,1,1,11,13.0,0.2307692307692307,0.0769230769230769,0.0769230769230769,0.0,0.1538461538461538,0.3846153846153846,0.2307692307692307,0.0769230769230769,0.5630769230769231,0.0,12.666666666666666,1.5275252316519468,5.333333333333333,0.6666666666666666,0.6666666666666666,0.3333333333333333,2.333333333333333,0.3333333333333333,0.0,1.3333333333333333,1.6666666666666667,4.666666666666667,,1.6666666666666667,2.333333333333333,,0.3333333333333333,0.3333333333333333,2.0,3.0,0.4059274059274059,0.2678689121033577,0.0559440559440559,0.0489510489510489,0.0494505494505494,0.0429134597577288,0.0238095238095238,0.0412393049421161,0.1833166833166833,0.030247632082323,0.361971361971362,0.0803518142223412,0.1851481851481851,0.0440505447400942,0.1035631035631035,0.0347407295524341,0.546999666999667,0.0963361424803018,12.666666666666666,1.5275252316519468,5.333333333333333,0.6666666666666666,0.6666666666666666,0.3333333333333333,2.333333333333333,0.3333333333333333,0.0,1.3333333333333333,1.6666666666666667,4.666666666666667,,1.6666666666666667,2.333333333333333,,0.3333333333333333,0.3333333333333333,2.0,3.0,0.4059274059274059,0.2678689121033577,0.0559440559440559,0.0489510489510489,0.0494505494505494,0.0429134597577288,0.0238095238095238,0.0412393049421161,0.1833166833166833,0.030247632082323,0.361971361971362,0.0803518142223412,0.1851481851481851,0.0440505447400942,0.1035631035631035,0.0347407295524341,0.546999666999667,0.0963361424803018,12.666666666666666,1.5275252316519468,5.333333333333333,0.6666666666666666,0.6666666666666666,0.3333333333333333,2.333333333333333,0.3333333333333333,0.0,1.3333333333333333,1.6666666666666667,4.666666666666667,,1.6666666666666667,2.333333333333333,,0.3333333333333333,0.3333333333333333,2.0,3.0,0.4059274059274059,0.2678689121033577,0.0559440559440559,0.0489510489510489,0.0494505494505494,0.0429134597577288,0.0238095238095238,0.0412393049421161,0.1833166833166833,0.030247632082323,0.361971361971362,0.0803518142223412,0.1851481851481851,0.0440505447400942,0.1035631035631035,0.0347407295524341,0.546999666999667,0.0963361424803018,12.716666666666669,4.9833333333333325,0.7166666666666666,0.7166666666666666,0.2833333333333333,0.2797666666666666,0.2289,0.763,6.416666666666666,5.699999999999999,5.699999999999999,1.4333333333333331,0.5086666666666666,4.9833333333333325,0.7166666666666666,0.7166666666666666,0.2833333333333333,6.416666666666666,0.2797666666666666,0.2289,0.763
4433815,Lucy Olsen,WSH,2026-06-24,0.0,31.0,0.0,0.0,8.0,0,2,2,0,1,0,0,0,0,1,,0,0,,0,2,0,-3,4.0,0.0,0.5,0.5,0.0,0.25,0.25,0.0,0.0,0.25,0.0,4.666666666666667,5.033222956847167,2.6666666666666665,0.6666666666666666,1.3333333333333333,0.0,0.3333333333333333,0.0,0.0,0.0,1.0,1.3333333333333333,,0.6666666666666666,0.6666666666666666,,0.0,0.6666666666666666,0.6666666666666666,-0.6666666666666666,0.4,0.5656854249492381,0.25,0.3535533905932738,0.35,0.2121320343559642,0.0,0.0,0.125,0.1767766952966369,0.275,0.0353553390593274,0.1,0.1414213562373095,0.0,0.0,0.319,0.0975807358037435,5.8,4.266145801540308,2.6,0.4,1.2,0.2,0.6,0.0,0.0,0.4,1.0,1.8,,0.4,0.4,,0.0,0.4,0.6,-1.0,0.45,0.5259911279353167,0.125,0.25,0.25,0.1732050807568877,0.05,0.1,0.1375,0.1108677891304172,0.3125,0.0629152869605896,0.05,0.1,0.05,0.1,0.3845,0.1027667261325377,9.571428571428571,7.524562952029016,3.4285714285714284,1.1428571428571428,1.4285714285714286,0.1428571428571428,0.7142857142857143,0.1428571428571428,0.0,0.5714285714285714,1.2857142857142858,2.4285714285714284,,0.7142857142857143,0.8571428571428571,,0.2857142857142857,0.8571428571428571,1.1428571428571428,-0.7142857142857143,0.4089015151515152,0.4385129458181796,0.134469696969697,0.1950334611398447,0.2026515151515151,0.1532864268294415,0.0333333333333333,0.0816496580927726,0.1068181818181818,0.1022777776530801,0.2803030303030303,0.0729919426475282,0.075,0.1172603939955857,0.0541666666666666,0.0872018730685681,0.3674696969696969,0.127375807823671,8.0,2.395714285714286,0.8685714285714285,1.4057142857142857,0.0985714285714285,0.176,0.144,0.48,4.67,3.2642857142857142,3.801428571428572,2.274285714285714,0.3199999999999999,2.395714285714286,0.8685714285714285,1.4057142857142857,0.0985714285714285,4.67,0.176,0.144,0.48
4433999,Sacha Washington,ATL,2026-06-24,0.0,56.0,0.0,0.0,2.0,5,4,0,0,0,1,1,0,2,3,,1,2,,2,2,2,0,7.0,0.7142857142857143,0.5714285714285714,0.0,0.0,0.0,0.4285714285714285,0.2857142857142857,0.0,0.5542857142857143,0.0,7.0,,5.0,4.0,0.0,0.0,0.0,1.0,1.0,0.0,2.0,3.0,,1.0,2.0,,2.0,2.0,2.0,0.0,0.7142857142857143,,0.5714285714285714,,0.0,,0.0,,0.0,,0.4285714285714285,,0.2857142857142857,,0.0,,0.5542857142857143,,7.0,,5.0,4.0,0.0,0.0,0.0,1.0,1.0,0.0,2.0,3.0,,1.0,2.0,,2.0,2.0,2.0,0.0,0.7142857142857143,,0.5714285714285714,,0.0,,0.0,,0.0,,0.4285714285714285,,0.2857142857142857,,0.0,,0.5542857142857143,,7.0,,5.0,4.0,0.0,0.0,0.0,1.0,1.0,0.0,2.0,3.0,,1.0,2.0,,2.0,2.0,2.0,0.0,0.7142857142857143,,0.5714285714285714,,0.0,,0.0,,0.0,,0.4285714285714285,,0.2857142857142857,,0.0,,0.5542857142857143,,8.0,5.0,4.0,0.0,0.0,0.176,0.144,0.48,9.0,9.0,5.0,4.0,0.3199999999999999,5.0,4.0,0.0,0.0,9.0,0.176,0.144,0.48
4565510,Nyla Harris,WSH,2026-06-24,0.0,60.0,0.0,0.0,2.0,4,2,0,0,0,0,0,0,2,2,,0,0,,2,0,2,1,11.0,0.3636363636363636,0.1818181818181818,0.0,0.0,0.0,0.1818181818181818,0.0,0.0,0.1818181818181818,0.0,11.0,,4.0,2.0,0.0,0.0,0.0,0.0,0.0,0.0,2.0,2.0,,0.0,0.0,,2.0,0.0,2.0,1.0,0.3636363636363636,,0.1818181818181818,,0.0,,0.0,,0.0,,0.1818181818181818,,0.0,,0.0,,0.1818181818181818,,11.0,,4.0,2.0,0.0,0.0,0.0,0.0,0.0,0.0,2.0,2.0,,0.0,0.0,,2.0,0.0,2.0,1.0,0.3636363636363636,,0.1818181818181818,,0.0,,0.0,,0.0,,0.1818181818181818,,0.0,,0.0,,0.1818181818181818,,11.0,,4.0,2.0,0.0,0.0,0.0,0.0,0.0,0.0,2.0,2.0,,0.0,0.0,,2.0,0.0,2.0,1.0,0.3636363636363636,,0.1818181818181818,,0.0,,0.0,,0.0,,0.1818181818181818,,0.0,,0.0,,0.1818181818181818,,11.0,4.0,2.0,0.0,0.0,0.242,0.1979999999999999,0.6599999999999999,6.0,6.0,4.0,2.0,0.4399999999999999,4.0,2.0,0.0,0.0,6.0,0.242,0.1979999999999999,0.6599999999999999
4565515,Tonie Morgan,CHI,2026-06-24,0.0,56.0,0.0,0.0,3.0,9,5,4,1,1,1,0,0,3,5,,2,2,,2,3,1,-3,12.0,0.75,0.4166666666666667,0.3333333333333333,0.0833333333333333,0.0833333333333333,0.4166666666666667,0.1666666666666666,0.0,0.49,0.0,11.0,1.4142135623730951,5.5,3.5,2.0,0.5,0.5,0.5,0.0,0.5,2.0,3.5,,1.0,1.0,,1.0,2.5,0.5,-1.5,0.475,0.3889087296526011,0.3083333333333333,0.1532064692570853,0.1666666666666666,0.2357022603955158,0.0416666666666666,0.0589255650988789,0.0416666666666666,0.0589255650988789,0.3083333333333333,0.1532064692570853,0.0833333333333333,0.1178511301977579,0.05,0.0707106781186547,0.395,0.134350288425444,11.0,1.4142135623730951,5.5,3.5,2.0,0.5,0.5,0.5,0.0,0.5,2.0,3.5,,1.0,1.0,,1.0,2.5,0.5,-1.5,0.475,0.3889087296526011,0.3083333333333333,0.1532064692570853,0.1666666666666666,0.2357022603955158,0.0416666666666666,0.0589255650988789,0.0416666666666666,0.0589255650988789,0.3083333333333333,0.1532064692570853,0.0833333333333333,0.1178511301977579,0.05,0.0707106781186547,0.395,0.134350288425444,11.0,1.4142135623730951,5.5,3.5,2.0,0.5,0.5,0.5,0.0,0.5,2.0,3.5,,1.0,1.0,,1.0,2.5,0.5,-1.5,0.475,0.3889087296526011,0.3083333333333333,0.1532064692570853,0.1666666666666666,0.2357022603955158,0.0416666666666666,0.0589255650988789,0.0416666666666666,0.0589255650988789,0.3083333333333333,0.1532064692570853,0.0833333333333333,0.1178511301977579,0.05,0.0707106781186547,0.395,0.134350288425444,11.15,6.025,3.725,2.3,0.575,0.2452999999999999,0.2006999999999999,0.6689999999999999,12.05,9.75,8.325,6.025,0.4459999999999999,6.025,3.725,2.3,0.575,12.05,0.2452999999999999,0.2006999999999999,0.6689999999999999
4583144,Cotie McMahon,WSH,2026-06-24,0.0,31.0,0.0,0.0,7.0,2,2,1,0,1,1,0,0,0,3,,2,2,,2,0,4,-8,16.0,0.125,0.125,0.0625,0.0,0.0625,0.1875,0.125,0.0,0.2425,0.0,22.33333333333333,7.09459888459759,7.333333333333333,2.6666666666666665,1.3333333333333333,1.0,2.333333333333333,0.3333333333333333,0.0,1.6666666666666667,2.333333333333333,6.0,,1.6666666666666667,2.0,,0.6666666666666666,2.0,3.6666666666666665,-14.666666666666666,0.2972222222222222,0.1573066126085308,0.1130952380952381,0.0604100688398346,0.0589285714285714,0.010013454667417,0.038095238095238,0.0343385835758475,0.0970238095238095,0.0354504140936383,0.2434523809523809,0.137399468505443,0.0956349206349206,0.0291686912157731,0.0746031746031746,0.1017236188572197,0.3601349206349206,0.1108576550811817,18.8,11.819475453673906,6.2,1.8,1.0,0.6,1.4,0.6,0.0,1.0,1.8,4.4,,2.0,2.6,,0.4,1.4,3.0,-6.8,0.30625,0.1297031868022781,0.0940806878306878,0.0622826629050289,0.0534556878306878,0.0136622107442955,0.0285714285714285,0.0338954865143851,0.0727678571428571,0.0564909385940353,0.2196263227513227,0.1218871068980896,0.1365410052910053,0.0852082121182604,0.0559523809523809,0.09104873148022,0.335656746031746,0.1029061251222662,19.5,10.709808588392232,7.0,2.0,1.1666666666666667,0.6666666666666666,1.8333333333333333,0.8333333333333334,0.0,1.0,2.1666666666666665,5.333333333333333,,2.0,3.0,,0.3333333333333333,1.6666666666666667,3.0,-7.5,0.3406521739130435,0.1361423348915261,0.1013515067862893,0.0563353496069011,0.0601558546123763,0.0190906567809588,0.0315527950310559,0.0301018393851289,0.0929968944099378,0.0666294931032122,0.2626575799401886,0.1428313536912024,0.1527110651023694,0.0821747146682501,0.0534575569358177,0.0790476082021841,0.383308005521049,0.1389081192563777,19.58,6.07,2.13,1.1333333333333333,0.6433333333333333,0.4307599999999999,0.3524399999999999,1.1747999999999998,9.333333333333332,8.2,7.203333333333333,3.263333333333333,0.7831999999999999,6.07,2.13,1.1333333333333333,0.6433333333333333,9.333333333333332,0.4307599999999999,0.3524399999999999,1.1747999999999998
4594786,Sydney Taylor,CHI,2026-06-24,0.0,32.0,0.0,0.0,9.0,11,2,1,2,9,1,0,1,3,12,,3,5,,1,1,4,-3,20.0,0.55,0.1,0.05,0.1,0.45,0.6,0.25,0.05,0.76,0.0,10.0,10.0,5.333333333333333,1.0,1.0,1.0,4.0,0.3333333333333333,0.0,0.6666666666666666,1.3333333333333333,5.0,,1.6666666666666667,2.333333333333333,,0.6666666666666666,0.3333333333333333,2.0,-2.333333333333333,0.525,0.0353553390593277,0.1,0.0,0.125,0.106066017177982,0.1,0.0,0.375,0.1060660171779821,0.4499999999999999,0.2121320343559642,0.225,0.0353553390593273,0.075,0.0353553390593273,0.624,0.1923330444827406,7.4,8.294576541331088,4.2,0.6,0.6,0.6,2.6,0.2,0.2,0.4,1.0,3.6,,1.6,2.0,,0.4,0.2,1.4,0.2,0.5880952380952381,0.1121072130189863,0.0666666666666666,0.0577350269189626,0.0833333333333333,0.1040832999733065,0.0666666666666666,0.0577350269189625,0.2976190476190476,0.1535852706940013,0.4428571428571428,0.1505093393264674,0.2928571428571428,0.1201614560090051,0.05,0.05,0.6217142857142858,0.1360576108469781,8.625,7.36667205343479,6.25,0.75,1.0,0.75,3.0,0.125,0.25,0.75,1.75,4.875,,2.0,2.875,,0.375,0.375,1.625,1.0,0.6104469060351413,0.4369901644778832,0.073440285204991,0.0695085691209128,0.1174242424242424,0.1824175726154091,0.0680926916221034,0.0534520445739676,0.3310733384262795,0.1468733161707905,0.5496371275783041,0.1870584368937717,0.2845747389865037,0.2245082400800784,0.0695632798573975,0.0676343579771649,0.7444132925897632,0.2561965404523652,10.315,5.97,0.96,0.8599999999999999,0.96,0.2269299999999999,0.1856699999999999,0.6188999999999999,7.789999999999999,6.93,6.83,1.82,0.4125999999999999,5.97,0.96,0.8599999999999999,0.96,7.789999999999999,0.2269299999999999,0.1856699999999999,0.6188999999999999
4595910,Haley Jones,POR,2026-06-24,0.0,35.0,0.0,0.0,8.0,6,3,1,0,1,0,0,0,2,4,,2,2,,1,2,2,6,13.0,0.4615384615384615,0.2307692307692307,0.0769230769230769,0.0,0.0769230769230769,0.3076923076923077,0.1538461538461538,0.0,0.3753846153846153,0.0,13.333333333333334,1.5275252316519554,5.333333333333333,2.0,1.3333333333333333,0.0,0.6666666666666666,0.6666666666666666,0.0,1.6666666666666667,1.6666666666666667,3.333333333333333,,2.0,2.6666666666666665,,0.6666666666666666,1.3333333333333333,1.6666666666666667,-2.6666666666666665,0.376068376068376,0.3414527240245841,0.1435897435897436,0.1253004279268781,0.0978632478632478,0.03088475464129,0.0,0.0,0.0478632478632478,0.0417668093089593,0.2358974358974359,0.2094418241708937,0.1846153846153846,0.2017673392092923,0.1277777777777777,0.1250925583244189,0.4449059829059829,0.2374272376630545,11.6,2.966479394838262,5.2,2.2,1.0,0.0,0.6,0.4,0.0,1.2,2.0,3.4,,1.2,1.6,,0.4,1.8,1.8,-2.0,0.4490176490176489,0.2614523014236888,0.177062937062937,0.1891491407005252,0.0768997668997669,0.0483114221723516,0.0,0.0,0.0468997668997669,0.043669572763576,0.2999800199800199,0.1736658923215671,0.1107692307692307,0.1748710429339424,0.0948484848484848,0.1043564387057991,0.4435669663669664,0.1681473748092392,15.285714285714286,7.040698017343775,5.714285714285714,3.0,1.0,0.0,0.8571428571428571,1.0,0.0,2.0,2.2857142857142856,4.714285714285714,,1.1428571428571428,1.4285714285714286,,0.4285714285714285,2.571428571428572,2.2857142857142856,-4.428571428571429,0.4057609057609057,0.2309628991557263,0.1825959754531183,0.1577894903668238,0.0685338471052756,0.0501596155399416,0.0,0.0,0.0505066362209219,0.0368312354161502,0.3095095380809666,0.1453522852889429,0.0893249607535321,0.1488388611744485,0.1153679653679653,0.0931514993253059,0.4641804861804862,0.1453377519610514,13.067142857142857,5.462857142857144,2.42,1.1,0.0,0.2874771428571428,0.2352085714285714,0.7840285714285714,8.982857142857144,7.882857142857143,6.562857142857143,3.52,0.5226857142857142,5.462857142857144,2.42,1.1,0.0,8.982857142857144,0.2874771428571428,0.2352085714285714,0.7840285714285714
4596309,Liatu King,MIN,2026-06-24,0.0,32.0,0.0,0.0,7.0,0,4,0,0,0,1,3,2,0,1,,0,2,,1,3,3,-6,10.0,0.0,0.4,0.0,0.0,0.0,0.1,0.2,0.2,0.388,0.0,9.666666666666666,9.50438495292217,3.0,3.6666666666666665,0.0,0.3333333333333333,0.6666666666666666,0.6666666666666666,1.0,1.0,1.0,2.0,,0.6666666666666666,2.0,,1.0,2.6666666666666665,1.0,1.0,0.2368421052631578,0.334945317404154,0.3842105263157894,0.0223296878269431,0.0,0.0,0.0263157894736842,0.0372161463782393,0.0526315789473684,0.0744322927564786,0.181578947368421,0.115370053772542,0.2052631578947368,0.0074432292756473,0.1263157894736842,0.1042052098590701,0.3982105263157894,0.0144398647947553,11.0,7.280109889280518,3.4,3.6,0.8,0.2,0.4,0.8,0.6,1.4,1.0,2.0,,1.2,2.8,,1.4,2.2,2.2,0.4,0.2715460526315789,0.1975550104846496,0.3296052631578947,0.0675167979508815,0.0625,0.1249999999999999,0.0131578947368421,0.0263157894736842,0.0263157894736842,0.0526315789473684,0.1814144736842105,0.1176342956140631,0.2651315789473684,0.0924523535294272,0.1444078947368421,0.0706647551310307,0.4424802631578947,0.1629712378464042,12.166666666666666,7.11102430502573,3.8333333333333335,3.6666666666666665,0.8333333333333334,0.1666666666666666,0.6666666666666666,0.8333333333333334,0.8333333333333334,1.5,1.3333333333333333,3.0,,1.0,2.333333333333333,,1.1666666666666667,2.5,2.1666666666666665,1.3333333333333333,0.2839035087719298,0.1733047034474136,0.3081286549707602,0.0756644698671284,0.0611111111111111,0.1082977149423218,0.0105263157894736,0.0235375576578925,0.0432748538011695,0.0592925934766623,0.2340204678362573,0.1556127364070451,0.2121052631578947,0.1430717620142863,0.1377485380116959,0.0629830602087589,0.4650953216374269,0.1499230556787556,10.683333333333334,2.8566666666666665,3.693333333333333,0.4466666666666666,0.2033333333333333,0.2350333333333333,0.1923,0.641,6.996666666666666,6.55,3.303333333333333,4.14,0.4273333333333333,2.8566666666666665,3.693333333333333,0.4466666666666666,0.2033333333333333,6.996666666666666,0.2350333333333333,0.1923,0.641
4597505,Lauren Jensen,PHX,2026-06-24,0.0,56.0,0.0,0.0,3.0,2,1,0,0,0,0,0,1,1,1,,0,0,,0,1,2,-2,9.0,0.2222222222222222,0.1111111111111111,0.0,0.0,0.0,0.1111111111111111,0.0,0.1111111111111111,0.2222222222222222,0.0,12.5,4.949747468305833,4.0,1.0,1.5,0.0,1.0,0.0,0.0,1.0,1.0,2.5,,2.0,2.0,,0.0,1.0,2.5,-5.5,0.2986111111111111,0.1080302026812781,0.0868055555555555,0.0343732463076793,0.09375,0.1325825214724776,0.0,0.0,0.0625,0.0883883476483184,0.1805555555555555,0.0982092751647982,0.125,0.1767766952966369,0.0868055555555555,0.0343732463076793,0.3223611111111111,0.1416177747876391,12.5,4.949747468305833,4.0,1.0,1.5,0.0,1.0,0.0,0.0,1.0,1.0,2.5,,2.0,2.0,,0.0,1.0,2.5,-5.5,0.2986111111111111,0.1080302026812781,0.0868055555555555,0.0343732463076793,0.09375,0.1325825214724776,0.0,0.0,0.0625,0.0883883476483184,0.1805555555555555,0.0982092751647982,0.125,0.1767766952966369,0.0868055555555555,0.0343732463076793,0.3223611111111111,0.1416177747876391,12.5,4.949747468305833,4.0,1.0,1.5,0.0,1.0,0.0,0.0,1.0,1.0,2.5,,2.0,2.0,,0.0,1.0,2.5,-5.5,0.2986111111111111,0.1080302026812781,0.0868055555555555,0.0343732463076793,0.09375,0.1325825214724776,0.0,0.0,0.0625,0.0883883476483184,0.1805555555555555,0.0982092751647982,0.125,0.1767766952966369,0.0868055555555555,0.0343732463076793,0.3223611111111111,0.1416177747876391,11.975,3.7,1.0,1.275,0.0,0.2634499999999999,0.2155499999999999,0.7184999999999999,5.975,4.7,4.975,2.275,0.4789999999999999,3.7,1.0,1.275,0.0,5.975,0.2634499999999999,0.2155499999999999,0.7184999999999999
4597509,Aaliyah Nye,ATL,2026-06-24,0.0,31.0,0.0,0.0,8.0,0,0,0,0,0,0,0,0,0,0,,0,0,,0,0,0,0,0.0,,,,,,,,,,0.0,0.6666666666666666,0.5773502691896022,0.0,0.0,0.0,0.0,0.0,0.0,0.0,0.0,0.0,0.0,,0.0,0.0,,0.0,0.0,0.0,0.3333333333333333,0.0,0.0,0.0,0.0,0.0,0.0,0.0,0.0,0.0,0.0,0.0,0.0,0.0,0.0,0.0,0.0,0.0,0.0,0.4,0.5477225575051662,0.0,0.0,0.0,0.0,0.0,0.0,0.0,0.0,0.0,0.0,,0.0,0.0,,0.0,0.0,0.0,0.2,0.0,0.0,0.0,0.0,0.0,0.0,0.0,0.0,0.0,0.0,0.0,0.0,0.0,0.0,0.0,0.0,0.0,0.0,5.571428571428571,8.885515232803382,1.5714285714285714,0.4285714285714285,0.4285714285714285,0.4285714285714285,1.0,0.4285714285714285,0.0,0.4285714285714285,0.4285714285714285,1.0,,0.2857142857142857,0.4285714285714285,,0.0,0.4285714285714285,0.5714285714285714,1.1428571428571428,0.150735294117647,0.1790558185571459,0.0375,0.075,0.0397058823529411,0.0488329780604402,0.0419117647058823,0.0557208709156093,0.0919117647058823,0.1190934373848661,0.0919117647058823,0.1190934373848661,0.0375,0.075,0.0419117647058823,0.0557208709156093,0.1503235294117647,0.1815953999234462,8.0,0.3142857142857143,0.0857142857142857,0.0857142857142857,0.0857142857142857,0.176,0.144,0.48,0.4857142857142857,0.4,0.4,0.1714285714285714,0.3199999999999999,0.3142857142857143,0.0857142857142857,0.0857142857142857,0.0857142857142857,0.4857142857142857,0.176,0.144,0.48
4599199,Morgan Maly,PHX,2026-06-24,0.0,56.0,0.0,0.0,3.0,2,3,0,0,2,1,0,0,1,4,,0,0,,3,0,0,6,13.0,0.1538461538461538,0.2307692307692307,0.0,0.0,0.1538461538461538,0.3076923076923077,0.0,0.0,0.3076923076923077,0.0,15.0,2.8284271247461903,2.0,2.0,0.5,0.0,2.0,1.0,0.0,0.0,0.5,3.5,,1.0,1.0,,1.5,0.5,1.0,3.0,0.1357466063348416,0.0255966255633139,0.1447963800904977,0.1215839714257412,0.0294117647058823,0.0415945165403851,0.0,0.0,0.1357466063348416,0.0255966255633139,0.2420814479638009,0.092787767667013,0.0588235294117647,0.0831890330807703,0.0,0.0,0.2679638009049774,0.056184593111474,15.0,2.8284271247461903,2.0,2.0,0.5,0.0,2.0,1.0,0.0,0.0,0.5,3.5,,1.0,1.0,,1.5,0.5,1.0,3.0,0.1357466063348416,0.0255966255633139,0.1447963800904977,0.1215839714257412,0.0294117647058823,0.0415945165403851,0.0,0.0,0.1357466063348416,0.0255966255633139,0.2420814479638009,0.092787767667013,0.0588235294117647,0.0831890330807703,0.0,0.0,0.2679638009049774,0.056184593111474,15.0,2.8284271247461903,2.0,2.0,0.5,0.0,2.0,1.0,0.0,0.0,0.5,3.5,,1.0,1.0,,1.5,0.5,1.0,3.0,0.1357466063348416,0.0255966255633139,0.1447963800904977,0.1215839714257412,0.0294117647058823,0.0415945165403851,0.0,0.0,0.1357466063348416,0.0255966255633139,0.2420814479638009,0.092787767667013,0.0588235294117647,0.0831890330807703,0.0,0.0,0.2679638009049774,0.056184593111474,14.7,2.0,2.15,0.4249999999999999,0.0,0.3233999999999999,0.2645999999999999,0.8819999999999999,4.575,4.15,2.425,2.575,0.5879999999999999,2.0,2.15,0.4249999999999999,0.0,4.575,0.3233999999999999,0.2645999999999999,0.8819999999999999
4667986,Lee-Seul Kang,PHX,2026-06-24,0.0,56.0,0.0,0.0,2.0,0,0,0,0,0,0,0,0,0,0,,0,0,,0,0,0,0,0.0,,,,,,,,,,0.0,0.0,,0.0,0.0,0.0,0.0,0.0,0.0,0.0,0.0,0.0,0.0,,0.0,0.0,,0.0,0.0,0.0,0.0,,,,,,,,,,,,,,,,,,,0.0,,0.0,0.0,0.0,0.0,0.0,0.0,0.0,0.0,0.0,0.0,,0.0,0.0,,0.0,0.0,0.0,0.0,,,,,,,,,,,,,,,,,,,0.0,,0.0,0.0,0.0,0.0,0.0,0.0,0.0,0.0,0.0,0.0,,0.0,0.0,,0.0,0.0,0.0,0.0,,,,,,,,,,,,,,,,,,,8.0,0.0,0.0,0.0,0.0,0.176,0.144,0.48,0.0,0.0,0.0,0.0,0.3199999999999999,0.0,0.0,0.0,0.0,0.0,0.176,0.144,0.48
4682766,Amaya Battle,MIN,2026-06-24,0.0,58.0,0.0,0.0,3.0,0,0,0,0,0,0,0,0,0,0,,0,0,,0,0,0,-4,2.0,0.0,0.0,0.0,0.0,0.0,0.0,0.0,0.0,0.0,0.0,1.5,0.7071067811865476,0.0,0.5,0.0,0.0,0.0,0.5,0.0,0.0,0.0,0.5,,0.0,1.0,,0.0,0.5,1.0,-3.5,0.0,0.0,0.5,0.7071067811865476,0.0,0.0,0.0,0.0,0.0,0.0,0.5,0.7071067811865476,1.0,1.4142135623730951,0.0,0.0,0.94,1.3293607486307093,1.5,0.7071067811865476,0.0,0.5,0.0,0.0,0.0,0.5,0.0,0.0,0.0,0.5,,0.0,1.0,,0.0,0.5,1.0,-3.5,0.0,0.0,0.5,0.7071067811865476,0.0,0.0,0.0,0.0,0.0,0.0,0.5,0.7071067811865476,1.0,1.4142135623730951,0.0,0.0,0.94,1.3293607486307093,1.5,0.7071067811865476,0.0,0.5,0.0,0.0,0.0,0.5,0.0,0.0,0.0,0.5,,0.0,1.0,,0.0,0.5,1.0,-3.5,0.0,0.0,0.5,0.7071067811865476,0.0,0.0,0.0,0.0,0.0,0.0,0.5,0.7071067811865476,1.0,1.4142135623730951,0.0,0.0,0.94,1.3293607486307093,8.0,0.0,0.4249999999999999,0.0,0.0,0.176,0.144,0.48,0.4249999999999999,0.4249999999999999,0.0,0.4249999999999999,0.3199999999999999,0.0,0.4249999999999999,0.0,0.0,0.4249999999999999,0.176,0.144,0.48
4682797,Luisa Geiselsoder,POR,2026-06-24,0.0,32.0,0.0,0.0,9.0,6,5,0,0,2,0,1,1,3,7,,0,0,,1,4,1,20,20.0,0.3,0.25,0.0,0.0,0.1,0.35,0.0,0.05,0.4,0.0,22.33333333333333,2.5166114784235827,4.0,2.6666666666666665,1.6666666666666667,0.0,1.6666666666666667,0.0,0.3333333333333333,1.6666666666666667,1.6666666666666667,5.0,,0.6666666666666666,0.6666666666666666,,0.3333333333333333,2.333333333333333,3.333333333333333,7.666666666666667,0.1872727272727272,0.1101013807796558,0.1251515151515151,0.1094929460474956,0.0684848484848484,0.08244874858511,0.0,0.0,0.0751515151515151,0.0275940665159568,0.2287878787878787,0.1096890169559896,0.0303030303030303,0.0524863881081476,0.0736363636363636,0.0211839639958746,0.3157575757575758,0.0732330895118391,22.8,2.1679483388678804,6.2,3.6,1.6,0.6,2.6,0.4,0.4,1.4,2.4,6.2,,0.8,0.8,,0.4,3.2,3.2,5.8,0.2709090909090909,0.1637676241225469,0.1605454545454545,0.0918487797801769,0.0661818181818181,0.0596491117195019,0.024,0.0536656314599949,0.1112727272727272,0.0748706874197823,0.2718181818181818,0.1072958372641496,0.0341818181818181,0.0469640270282556,0.0612727272727272,0.022687237465184,0.3481309090909091,0.0879115618718254,22.625,2.065879266282796,7.625,3.875,1.5,0.75,3.125,0.375,0.625,1.625,2.375,6.5,,2.125,2.25,,0.375,3.5,3.5,1.5,0.3402705627705628,0.1970064401293687,0.1710551948051948,0.1124865858459463,0.0623160173160173,0.0557206258144304,0.0319047619047619,0.0491745929273355,0.1352597402597402,0.0764577135735265,0.2853625541125541,0.0943722899397456,0.1018398268398268,0.1262800402633449,0.0740097402597402,0.0565211960352491,0.4041818181818182,0.1045666886031336,22.205,5.795,3.5849999999999995,1.36,0.36,0.4885099999999999,0.3996899999999999,1.3322999999999998,10.739999999999998,9.38,7.155,4.944999999999999,0.8881999999999999,5.795,3.5849999999999995,1.36,0.36,10.739999999999998,0.4885099999999999,0.3996899999999999,1.3322999999999998
4682855,Justine Pissott,IND,2026-06-24,0.0,60.0,0.0,0.0,2.0,8,1,1,2,3,0,0,0,2,4,,2,2,,0,1,3,16,10.0,0.8,0.1,0.1,0.2,0.3,0.4,0.2,0.0,0.488,0.0,10.0,,8.0,1.0,1.0,2.0,3.0,0.0,0.0,0.0,2.0,4.0,,2.0,2.0,,0.0,1.0,3.0,16.0,0.8,,0.1,,0.1,,0.2,,0.3,,0.4,,0.2,,0.0,,0.488,,10.0,,8.0,1.0,1.0,2.0,3.0,0.0,0.0,0.0,2.0,4.0,,2.0,2.0,,0.0,1.0,3.0,16.0,0.8,,0.1,,0.1,,0.2,,0.3,,0.4,,0.2,,0.0,,0.488,,10.0,,8.0,1.0,1.0,2.0,3.0,0.0,0.0,0.0,2.0,4.0,,2.0,2.0,,0.0,1.0,3.0,16.0,0.8,,0.1,,0.1,,0.2,,0.3,,0.4,,0.2,,0.0,,0.488,,10.0,8.0,1.0,1.0,2.0,0.2199999999999999,0.18,0.6,10.0,9.0,9.0,2.0,0.3999999999999999,8.0,1.0,1.0,2.0,10.0,0.2199999999999999,0.18,0.6
4682992,Christeen Iwuala,WSH,2026-06-24,0.0,52.0,0.0,0.0,3.0,2,1,1,0,0,0,0,0,1,3,,0,0,,1,0,1,2,3.0,0.6666666666666666,0.3333333333333333,0.3333333333333333,0.0,0.0,1.0,0.0,0.0,1.0,0.0,5.0,2.8284271247461903,2.5,2.0,0.5,0.0,0.0,0.5,0.0,0.5,1.0,3.5,,0.5,1.0,,0.5,1.5,1.0,2.0,0.5476190476190476,0.1683587574253684,0.3809523809523809,0.0673435029701473,0.1666666666666666,0.2357022603955158,0.0,0.0,0.0,0.0,0.7857142857142857,0.3030457633656632,0.1428571428571428,0.2020305089104421,0.0714285714285714,0.101015254455221,0.92,0.1131370849898476,5.0,2.8284271247461903,2.5,2.0,0.5,0.0,0.0,0.5,0.0,0.5,1.0,3.5,,0.5,1.0,,0.5,1.5,1.0,2.0,0.5476190476190476,0.1683587574253684,0.3809523809523809,0.0673435029701473,0.1666666666666666,0.2357022603955158,0.0,0.0,0.0,0.0,0.7857142857142857,0.3030457633656632,0.1428571428571428,0.2020305089104421,0.0714285714285714,0.101015254455221,0.92,0.1131370849898476,5.0,2.8284271247461903,2.5,2.0,0.5,0.0,0.0,0.5,0.0,0.5,1.0,3.5,,0.5,1.0,,0.5,1.5,1.0,2.0,0.5476190476190476,0.1683587574253684,0.3809523809523809,0.0673435029701473,0.1666666666666666,0.2357022603955158,0.0,0.0,0.0,0.0,0.7857142857142857,0.3030457633656632,0.1428571428571428,0.2020305089104421,0.0714285714285714,0.101015254455221,0.92,0.1131370849898476,8.0,2.425,1.85,0.575,0.0,0.176,0.144,0.48,4.8500000000000005,4.275,3.0,2.425,0.3199999999999999,2.425,1.85,0.575,0.0,4.8500000000000005,0.176,0.144,0.48
4688629,Shay Ciezki,PHX,2026-06-24,0.0,56.0,0.0,0.0,3.0,8,0,3,1,2,0,0,1,2,4,,3,3,,0,0,2,6,8.0,1.0,0.0,0.375,0.125,0.25,0.5,0.375,0.125,0.79,0.0,8.0,0.0,5.0,0.0,3.5,0.5,1.5,0.0,0.0,1.0,1.5,3.0,,1.5,1.5,,0.0,0.0,1.5,1.0,0.625,0.5303300858899106,0.0,0.0,0.4375,0.0883883476483184,0.0625,0.0883883476483184,0.1875,0.0883883476483184,0.375,0.1767766952966369,0.1875,0.2651650429449553,0.125,0.0,0.5825,0.2934493141924172,8.0,0.0,5.0,0.0,3.5,0.5,1.5,0.0,0.0,1.0,1.5,3.0,,1.5,1.5,,0.0,0.0,1.5,1.0,0.625,0.5303300858899106,0.0,0.0,0.4375,0.0883883476483184,0.0625,0.0883883476483184,0.1875,0.0883883476483184,0.375,0.1767766952966369,0.1875,0.2651650429449553,0.125,0.0,0.5825,0.2934493141924172,8.0,0.0,5.0,0.0,3.5,0.5,1.5,0.0,0.0,1.0,1.5,3.0,,1.5,1.5,,0.0,0.0,1.5,1.0,0.625,0.5303300858899106,0.0,0.0,0.4375,0.0883883476483184,0.0625,0.0883883476483184,0.1875,0.0883883476483184,0.375,0.1767766952966369,0.1875,0.2651650429449553,0.125,0.0,0.5825,0.2934493141924172,8.0,5.45,0.0,3.425,0.575,0.176,0.144,0.48,8.875,5.45,8.875,3.425,0.3199999999999999,5.45,0.0,3.425,0.575,8.875,0.176,0.144,0.48
4698730,Kara Dunn,PHX,2026-06-24,0.0,56.0,0.0,0.0,3.0,0,0,0,0,0,0,0,0,0,0,,0,0,,0,0,0,0,0.0,,,,,,,,,,0.0,6.0,8.48528137423857,6.5,1.5,0.5,1.5,1.5,0.0,0.0,0.5,2.0,2.0,,1.0,1.0,,1.0,0.5,0.5,0.5,1.0833333333333333,,0.25,,0.0833333333333333,,0.25,,0.25,,0.3333333333333333,,0.1666666666666666,,0.0833333333333333,,0.49,,6.0,8.48528137423857,6.5,1.5,0.5,1.5,1.5,0.0,0.0,0.5,2.0,2.0,,1.0,1.0,,1.0,0.5,0.5,0.5,1.0833333333333333,,0.25,,0.0833333333333333,,0.25,,0.25,,0.3333333333333333,,0.1666666666666666,,0.0833333333333333,,0.49,,6.0,8.48528137423857,6.5,1.5,0.5,1.5,1.5,0.0,0.0,0.5,2.0,2.0,,1.0,1.0,,1.0,0.5,0.5,0.5,1.0833333333333333,,0.25,,0.0833333333333333,,0.25,,0.25,,0.3333333333333333,,0.1666666666666666,,0.0833333333333333,,0.49,,8.0,5.525,1.275,0.4249999999999999,1.275,0.176,0.144,0.48,7.224999999999999,6.799999999999999,5.949999999999999,1.6999999999999995,0.3199999999999999,5.525,1.275,0.4249999999999999,1.275,7.224999999999999,0.176,0.144,0.48
4703766,Ra Shaya Kyle,MIN,2026-06-24,0.0,58.0,0.0,0.0,3.0,0,1,0,0,0,0,0,1,0,0,,0,0,,0,1,0,-3,4.0,0.0,0.25,0.0,0.0,0.0,0.0,0.0,0.25,0.25,0.0,8.5,6.363961030678928,2.5,2.5,1.0,0.0,0.0,0.5,0.0,2.0,0.5,0.5,,1.5,1.5,,0.5,2.0,2.0,5.5,0.1923076923076923,0.2719641466102105,0.2788461538461538,0.0407946219915315,0.0769230769230769,0.1087856586440842,0.0,0.0,0.0,0.0,0.0384615384615384,0.0543928293220421,0.1153846153846153,0.1631784879661263,0.2403846153846154,0.0135982073305105,0.3296153846153846,0.1125931566966272,8.5,6.363961030678928,2.5,2.5,1.0,0.0,0.0,0.5,0.0,2.0,0.5,0.5,,1.5,1.5,,0.5,2.0,2.0,5.5,0.1923076923076923,0.2719641466102105,0.2788461538461538,0.0407946219915315,0.0769230769230769,0.1087856586440842,0.0,0.0,0.0,0.0,0.0384615384615384,0.0543928293220421,0.1153846153846153,0.1631784879661263,0.2403846153846154,0.0135982073305105,0.3296153846153846,0.1125931566966272,8.5,6.363961030678928,2.5,2.5,1.0,0.0,0.0,0.5,0.0,2.0,0.5,0.5,,1.5,1.5,,0.5,2.0,2.0,5.5,0.1923076923076923,0.2719641466102105,0.2788461538461538,0.0407946219915315,0.0769230769230769,0.1087856586440842,0.0,0.0,0.0,0.0,0.0384615384615384,0.0543928293220421,0.1153846153846153,0.1631784879661263,0.2403846153846154,0.0135982073305105,0.3296153846153846,0.1125931566966272,8.0,2.125,2.275,0.8499999999999999,0.0,0.176,0.144,0.48,5.25,4.4,2.975,3.125,0.3199999999999999,2.125,2.275,0.8499999999999999,0.0,5.25,0.176,0.144,0.48
4703794,Sarah Ashlee Barker,POR,2026-06-24,0.0,32.0,0.0,0.0,9.0,12,3,1,1,1,0,0,0,5,6,,1,3,,1,2,2,13,19.0,0.631578947368421,0.1578947368421052,0.0526315789473684,0.0526315789473684,0.0526315789473684,0.3157894736842105,0.1578947368421052,0.0,0.3852631578947368,0.0,19.666666666666668,1.1547005383792373,12.666666666666666,4.333333333333333,1.6666666666666667,1.0,1.6666666666666667,1.0,0.0,0.6666666666666666,4.666666666666667,9.0,,2.333333333333333,3.6666666666666665,,1.3333333333333333,3.0,2.333333333333333,6.0,0.6365914786967419,0.218088319978016,0.2213868003341687,0.0833623795962754,0.0827067669172932,0.052091753611094,0.0492898913951545,0.0477069057151854,0.0827067669172932,0.052091753611094,0.4519632414369257,0.1539739427099847,0.1862990810359231,0.0265632633176017,0.0317460317460317,0.0549857399228214,0.5656808688387636,0.2112707290833595,20.4,1.3416407864998674,9.8,3.6,2.0,1.2,2.0,0.8,0.0,1.4,3.6,7.2,,1.4,2.2,,1.2,2.4,1.8,3.6,0.4845522898154477,0.2599048386745712,0.179585326953748,0.0841918887724806,0.0959444064707222,0.0435517505735732,0.0577124629756208,0.0397591073232641,0.0963773069036226,0.0452162280479596,0.3547277284119389,0.1724844413828878,0.1117794486215539,0.1037545553577719,0.0658008658008657,0.0634313628244857,0.4697115516062884,0.1990359578166893,19.875,9.203066259211033,9.5,3.5,1.625,0.875,1.875,0.75,0.125,1.25,3.5,6.875,,1.625,2.375,,1.0,2.5,2.0,0.75,0.4840957914266184,0.214903068792617,0.1780587833219412,0.0689307159600021,0.0815187318946717,0.0505980942313979,0.0471755687921101,0.0390174308252749,0.0937327083943625,0.0372583736433376,0.3502384207271425,0.1425634605352273,0.1144744979331445,0.1099787064816777,0.0616110080395794,0.0525685463173697,0.4622182078573056,0.1637489482294727,19.865,10.93,3.71,1.675,1.045,0.4370299999999999,0.3575699999999999,1.1919,16.315,14.64,12.605,5.385,0.7945999999999999,10.93,3.71,1.675,1.045,16.315,0.4370299999999999,0.3575699999999999,1.1919
4704180,Georgia Amoore,WSH,2026-06-24,0.0,31.0,0.0,0.0,8.0,13,2,6,1,7,0,2,4,2,9,,8,8,,0,2,6,-13,26.0,0.5,0.0769230769230769,0.2307692307692307,0.0384615384615384,0.2692307692307692,0.3461538461538461,0.3076923076923077,0.1538461538461538,0.6353846153846153,0.0,24.666666666666668,1.1547005383792488,7.666666666666667,1.0,4.333333333333333,1.0,4.333333333333333,0.0,0.6666666666666666,2.6666666666666665,1.6666666666666667,6.0,,3.333333333333333,3.333333333333333,,0.0,1.0,3.333333333333333,-6.0,0.3055555555555556,0.1878854063676205,0.0395299145299145,0.0385060283994447,0.1741452991452991,0.0532797335033832,0.0405982905982906,0.0018504816320184,0.173076923076923,0.093114352861115,0.2403846153846154,0.1108900249487577,0.1303418803418803,0.1591414203535507,0.1068376068376068,0.0407105959043967,0.4045726495726495,0.2047103248884444,23.0,2.449489742783178,7.2,1.4,4.6,1.2,4.8,0.6,0.4,2.8,2.0,7.0,,2.0,2.0,,0.0,1.4,2.8,-1.2,0.31,0.1335155005566353,0.0632417582417582,0.0557298049588926,0.2011538461538461,0.0835972153338335,0.0538827838827838,0.0259918923147285,0.2119413919413919,0.1017261524521378,0.3104212454212454,0.1262591122612573,0.0782051282051282,0.133265515297056,0.1236263736263736,0.0804793457326937,0.4684578754578754,0.19446033308479,20.714285714285715,4.535573676110727,6.714285714285714,1.2857142857142858,3.857142857142857,1.2857142857142858,4.428571428571429,1.0,0.2857142857142857,2.4285714285714284,2.0,6.571428571428571,,1.4285714285714286,1.4285714285714286,,0.0,1.2857142857142858,2.571428571428572,-1.5714285714285714,0.3216224951519069,0.130656084759724,0.0645650567919475,0.0458579074179294,0.1824660633484162,0.0760709606712869,0.0662834364515036,0.0322040847243344,0.2179671868747499,0.0837043470113921,0.3245090343829839,0.1100410053953754,0.0558608058608058,0.1153082775559584,0.1161002862683534,0.0679805812349792,0.465188075230092,0.164280950054175,23.492857142857144,8.112857142857143,1.347142857142857,4.581428571428571,1.127142857142857,0.5168428571428572,0.4228714285714285,1.4095714285714285,14.041428571428572,9.46,12.694285714285714,5.928571428571428,0.9397142857142856,8.112857142857143,1.347142857142857,4.581428571428571,1.127142857142857,14.041428571428572,0.5168428571428572,0.4228714285714285,1.4095714285714285
4704594,Marta Suarez,PHX,2026-06-24,0.0,31.0,0.0,0.0,4.0,0,3,0,0,0,0,0,0,0,0,,0,0,,0,3,0,-2,10.0,0.0,0.3,0.0,0.0,0.0,0.0,0.0,0.0,0.0,0.0,11.0,2.6457513110645907,3.6666666666666665,2.333333333333333,0.3333333333333333,1.0,2.333333333333333,0.6666666666666666,0.0,0.0,1.3333333333333333,3.0,,0.0,0.0,,0.0,2.333333333333333,2.0,-4.333333333333333,0.3412698412698412,0.3336166596346619,0.2084656084656084,0.0945788470549185,0.0238095238095238,0.0412393049421161,0.0978835978835978,0.1134485801184739,0.2195767195767195,0.2222694583205817,0.2671957671957672,0.2354794583224726,0.0,0.0,0.0,0.0,0.2671957671957672,0.2354794583224726,11.0,2.6457513110645907,3.6666666666666665,2.333333333333333,0.3333333333333333,1.0,2.333333333333333,0.6666666666666666,0.0,0.0,1.3333333333333333,3.0,,0.0,0.0,,0.0,2.333333333333333,2.0,-4.333333333333333,0.3412698412698412,0.3336166596346619,0.2084656084656084,0.0945788470549185,0.0238095238095238,0.0412393049421161,0.0978835978835978,0.1134485801184739,0.2195767195767195,0.2222694583205817,0.2671957671957672,0.2354794583224726,0.0,0.0,0.0,0.0,0.2671957671957672,0.2354794583224726,11.0,2.6457513110645907,3.6666666666666665,2.333333333333333,0.3333333333333333,1.0,2.333333333333333,0.6666666666666666,0.0,0.0,1.3333333333333333,3.0,,0.0,0.0,,0.0,2.333333333333333,2.0,-4.333333333333333,0.3412698412698412,0.3336166596346619,0.2084656084656084,0.0945788470549185,0.0238095238095238,0.0412393049421161,0.0978835978835978,0.1134485801184739,0.2195767195767195,0.2222694583205817,0.2671957671957672,0.2354794583224726,0.0,0.0,0.0,0.0,0.2671957671957672,0.2354794583224726,10.849999999999998,3.1166666666666663,2.433333333333333,0.2833333333333333,0.8499999999999999,0.2386999999999999,0.1952999999999999,0.6509999999999998,5.833333333333332,5.549999999999999,3.3999999999999995,2.7166666666666663,0.4339999999999999,3.1166666666666663,2.433333333333333,0.2833333333333333,0.8499999999999999,5.833333333333332,0.2386999999999999,0.1952999999999999,0.6509999999999998
4790263,Iliana Rupert,GSV,2026-06-24,0.0,60.0,0.0,0.0,2.0,0,0,0,0,0,0,0,0,0,0,,0,0,,0,0,0,0,0.0,,,,,,,,,,0.0,0.0,,0.0,0.0,0.0,0.0,0.0,0.0,0.0,0.0,0.0,0.0,,0.0,0.0,,0.0,0.0,0.0,0.0,,,,,,,,,,,,,,,,,,,0.0,,0.0,0.0,0.0,0.0,0.0,0.0,0.0,0.0,0.0,0.0,,0.0,0.0,,0.0,0.0,0.0,0.0,,,,,,,,,,,,,,,,,,,0.0,,0.0,0.0,0.0,0.0,0.0,0.0,0.0,0.0,0.0,0.0,,0.0,0.0,,0.0,0.0,0.0,0.0,,,,,,,,,,,,,,,,,,,8.0,0.0,0.0,0.0,0.0,0.176,0.144,0.48,0.0,0.0,0.0,0.0,0.3199999999999999,0.0,0.0,0.0,0.0,0.0,0.176,0.144,0.48
4790264,Janelle Salaun,GSV,2026-06-24,0.0,33.0,0.0,0.0,7.0,4,2,0,0,4,1,0,0,1,8,,2,2,,1,1,1,-6,21.0,0.1904761904761904,0.0952380952380952,0.0,0.0,0.1904761904761904,0.3809523809523809,0.0952380952380952,0.0,0.4228571428571429,1.0,21.33333333333333,4.50924975282289,7.333333333333333,3.0,0.3333333333333333,1.0,5.0,1.0,0.0,0.3333333333333333,1.6666666666666667,8.0,,3.0,3.6666666666666665,,1.3333333333333333,1.6666666666666667,1.3333333333333333,-3.333333333333333,0.3349852761617467,0.136420304446533,0.1282769518063635,0.0906090811471548,0.0128205128205128,0.0222057795842164,0.0452488687782805,0.0402180742864958,0.2316670257846728,0.0395023767036418,0.3660489836960425,0.0657587040254996,0.1742799683976154,0.0717472750373733,0.0128205128205128,0.0222057795842163,0.4555526826115061,0.0794689575284894,23.4,4.277849927241487,12.6,2.8,0.8,2.4,6.2,0.8,0.2,0.4,3.8,10.0,,2.6,3.4,,1.0,1.8,1.8,5.4,0.5106777753836578,0.2602744523625559,0.114857908975556,0.0682345621973593,0.0304843304843304,0.0321003107120299,0.0949555890732361,0.0745934644588078,0.2589432354138236,0.0892114851581096,0.4150709856592209,0.1098855642279821,0.1498671263377145,0.0607749450859013,0.0150997150997151,0.0206822694163892,0.4961122363475304,0.1167537561948047,19.5,10.290772565750348,10.5,2.333333333333333,0.6666666666666666,2.0,5.166666666666667,0.6666666666666666,0.1666666666666666,0.3333333333333333,3.1666666666666665,8.333333333333334,,2.1666666666666665,2.833333333333333,,0.8333333333333334,1.5,1.5,4.5,0.5106777753836578,0.2602744523625559,0.114857908975556,0.0682345621973593,0.0304843304843304,0.0321003107120299,0.0949555890732361,0.0745934644588078,0.2589432354138236,0.0892114851581096,0.4150709856592209,0.1098855642279821,0.1498671263377145,0.0607749450859013,0.0150997150997151,0.0206822694163892,0.4961122363475304,0.1167537561948047,20.9908,9.030699999999998,2.5672666666666664,0.4979333333333333,1.4938,0.4617976,0.3778343999999999,1.259448,12.0959,11.597966666666665,9.528633333333332,3.0651999999999995,0.8396319999999999,9.030699999999998,2.5672666666666664,0.4979333333333333,1.4938,12.0959,0.4617976,0.3778343999999999,1.259448
4858656,Gabriela Jaquez,CHI,2026-06-24,0.0,32.0,0.0,0.0,9.0,7,4,0,1,4,2,0,1,1,8,,4,4,,0,4,3,-5,23.0,0.3043478260869565,0.1739130434782608,0.0,0.0434782608695652,0.1739130434782608,0.3478260869565217,0.1739130434782608,0.0434782608695652,0.4678260869565217,0.0,27.666666666666668,4.509249752822896,13.0,5.666666666666667,1.0,0.6666666666666666,2.6666666666666665,1.3333333333333333,0.0,1.3333333333333333,3.6666666666666665,10.0,,5.0,5.0,,0.6666666666666666,5.0,3.0,-2.6666666666666665,0.452639751552795,0.1616753453286607,0.2008281573498964,0.0426477164702163,0.0342261904761904,0.0358071708795118,0.024909420289855,0.0224219090479829,0.1026138716356107,0.0619080671320353,0.3614777432712215,0.0272516726091994,0.1785067287784678,0.0381543955502447,0.0472308488612836,0.013781511525434,0.487251552795031,0.0177103267879337,27.6,3.3615472627943213,11.8,5.0,1.0,0.6,2.2,1.0,0.0,1.4,3.6,8.4,,4.0,4.4,,0.6,4.4,2.6,-0.6,0.4150851771916239,0.1404314802892036,0.1796480880438901,0.0523214067192638,0.0359203296703296,0.0372304064627097,0.0226379598662207,0.0211176790542146,0.0838494900901197,0.0529305511300866,0.3052155584295764,0.0864766176155191,0.1553798993360462,0.0949406108197682,0.0498239204573537,0.014962759043868,0.4234066345947905,0.0894348572938642,25.125,6.8959097607619135,10.625,4.875,0.875,0.5,1.75,1.0,0.0,1.0,3.125,7.375,,3.875,4.375,,0.75,4.125,2.375,0.625,0.4191047708324842,0.1428442611675876,0.2010273137993611,0.068572037699583,0.030262706043956,0.0350007388959086,0.0180549749163879,0.0196937885610781,0.0694700760431669,0.0531956242830305,0.291568386299187,0.0989322819181403,0.1834611212955552,0.0966241402795192,0.0415566169525127,0.0303232042823984,0.4138478966217441,0.1044295224303341,26.435,11.205,5.025,0.825,0.6599999999999999,0.58157,0.47583,1.5861,17.055,16.23,12.03,5.8500000000000005,1.0574,11.205,5.025,0.825,0.6599999999999999,17.055,0.58157,0.47583,1.5861
4873358,Antonia Delaere,MIN,2026-06-24,0.0,32.0,0.0,0.0,10.0,3,1,0,1,1,0,0,0,1,3,,0,0,,0,1,0,6,11.0,0.2727272727272727,0.0909090909090909,0.0,0.0909090909090909,0.0909090909090909,0.2727272727272727,0.0,0.0,0.2727272727272727,0.0,11.666666666666666,6.027713773341707,2.0,0.6666666666666666,1.6666666666666667,0.6666666666666666,1.3333333333333333,0.0,0.0,0.3333333333333333,0.6666666666666666,2.0,,0.0,0.0,,0.3333333333333333,0.3333333333333333,1.3333333333333333,2.333333333333333,0.1464646464646464,0.1374813897860222,0.0488215488215488,0.045827129928674,0.1296296296296296,0.1156481110814518,0.0488215488215488,0.045827129928674,0.0858585858585858,0.0834480385952439,0.1464646464646464,0.1374813897860222,0.0,0.0,0.0185185185185185,0.0320750149549792,0.1649831649831649,0.1450940163394966,13.4,5.319774431308155,2.8,0.6,1.4,0.6,1.0,0.0,0.0,0.4,1.0,2.0,,0.2,0.2,,0.2,0.4,1.2,-0.6,0.1720893141945773,0.1812247232904432,0.0446775446775446,0.0426838005988436,0.1036887089518668,0.0895697980242816,0.0398192450824029,0.0393481393169819,0.0620414673046251,0.0699403412981982,0.1299840510366826,0.1244990010877483,0.0105263157894736,0.0235375576578925,0.0264957264957264,0.0370589459635535,0.1611113564797775,0.1167304645513439,15.333333333333334,4.847679857416329,2.888888888888889,0.8888888888888888,1.6666666666666667,0.5555555555555556,1.2222222222222223,0.2222222222222222,0.0,0.5555555555555556,1.0,2.2222222222222223,,0.3333333333333333,0.3333333333333333,,0.1111111111111111,0.7777777777777778,1.5555555555555556,4.444444444444445,0.1705657985327747,0.1358370189920122,0.0549258294356333,0.0541069805643188,0.106110435831798,0.0655710558879194,0.0333451473802351,0.0340338277247362,0.0710235183919394,0.0657243710613483,0.1359506411105998,0.0948895765586955,0.0189198486412108,0.0409103707800099,0.035002035002035,0.0439104447377259,0.1792774095147676,0.1054864520797915,12.906666666666666,2.6077777777777778,0.7377777777777778,1.3233333333333333,0.6711111111111111,0.2839466666666666,0.2323199999999999,0.7744,4.668888888888889,3.3455555555555554,3.931111111111111,2.061111111111111,0.5162666666666667,2.6077777777777778,0.7377777777777778,1.3233333333333333,0.6711111111111111,4.668888888888889,0.2839466666666666,0.2323199999999999,0.7744
4873359,Kyara Linskens,PHX,2026-06-24,0.0,31.0,0.0,0.0,9.0,10,2,0,1,2,1,2,1,3,4,,3,3,,0,2,1,5,12.0,0.8333333333333334,0.1666666666666666,0.0,0.0833333333333333,0.1666666666666666,0.3333333333333333,0.25,0.0833333333333333,0.5266666666666667,0.0,5.0,6.244997998398398,4.0,1.3333333333333333,0.0,0.3333333333333333,0.6666666666666666,0.3333333333333333,0.6666666666666666,0.3333333333333333,1.0,1.6666666666666667,,1.6666666666666667,1.6666666666666667,,0.6666666666666666,0.6666666666666666,0.6666666666666666,0.0,0.75,0.117851130197758,0.4166666666666667,0.3535533905932737,0.0,0.0,0.0416666666666666,0.0589255650988789,0.0833333333333333,0.1178511301977579,0.3333333333333333,0.0,0.4583333333333333,0.2946278254943948,0.0416666666666666,0.0589255650988789,0.5766666666666667,0.070710678118655,7.0,5.385164807134504,4.0,2.2,0.4,0.6,1.4,0.2,0.6,0.4,1.0,2.0,,1.4,1.4,,1.0,1.2,1.6,-1.4,0.5416666666666666,0.3695592971013908,0.3854166666666667,0.207985821275999,0.0520833333333333,0.0625,0.0625,0.0797855923130281,0.1666666666666666,0.1178511301977579,0.2916666666666666,0.0481125224324688,0.2708333333333333,0.2836191368980852,0.0520833333333333,0.0625,0.4629166666666666,0.1391533593105369,6.75,5.574175147179049,3.0,1.625,0.375,0.375,1.125,0.5,0.5,0.25,0.875,2.0,,0.875,0.875,,0.75,0.875,1.125,-1.0,0.4515873015873016,0.3286806811691969,0.2807539682539682,0.2329934558980307,0.0466269841269841,0.0540870250024953,0.0416666666666666,0.0697216688778396,0.1563492063492063,0.1012021468526671,0.3087301587301587,0.0582563469952462,0.1805555555555555,0.2604305551852049,0.0347222222222222,0.0553816723260469,0.4228968253968254,0.1294918042273561,8.0,4.699999999999999,1.795,0.215,0.5349999999999999,0.176,0.144,0.48,6.709999999999999,6.494999999999999,4.914999999999999,2.01,0.3199999999999999,4.699999999999999,1.795,0.215,0.5349999999999999,6.709999999999999,0.176,0.144,0.48
4898384,Kiki Iriafen,WSH,2026-06-24,0.0,31.0,0.0,0.0,8.0,13,4,0,1,1,2,1,0,4,8,,4,6,,1,3,2,-10,26.0,0.5,0.1538461538461538,0.0,0.0384615384615384,0.0384615384615384,0.3076923076923077,0.2307692307692307,0.0,0.4092307692307692,0.0,29.33333333333333,5.773502691896254,15.666666666666666,9.0,1.3333333333333333,1.0,1.0,1.3333333333333333,0.6666666666666666,2.6666666666666665,5.666666666666667,10.333333333333334,,3.333333333333333,5.333333333333333,,2.333333333333333,6.666666666666667,2.333333333333333,-4.0,0.5135327635327634,0.1745392133047212,0.2998575498575498,0.1269945217012861,0.0441595441595441,0.0397075779622973,0.0349002849002849,0.0061682721067267,0.0349002849002849,0.0061682721067268,0.3368945868945869,0.1233469359301458,0.1908831908831908,0.0690846475953398,0.0811965811965812,0.0834154756236885,0.5020797720797722,0.1608191903665804,28.8,4.147288270665544,15.8,11.0,1.8,0.6,1.2,1.0,0.6,2.4,5.8,10.6,,3.6,5.4,,3.4,7.6,3.4,-1.4,0.5366910866910867,0.1626088173954323,0.3799145299145299,0.150439106564548,0.0622100122100122,0.0394803244465262,0.0209401709401709,0.0196069568324007,0.0423687423687423,0.0168239724113558,0.3592796092796093,0.1053460773394039,0.1931013431013431,0.0618911837008786,0.0772893772893772,0.059225796670129,0.5215335775335774,0.1347349278027822,22.857142857142858,11.653734328940397,12.857142857142858,8.428571428571429,1.4285714285714286,0.5714285714285714,1.0,0.7142857142857143,0.7142857142857143,2.142857142857143,4.571428571428571,8.428571428571429,,3.142857142857143,4.571428571428571,,2.857142857142857,5.571428571428571,3.142857142857143,-0.7142857142857143,0.5618259055759055,0.1579362425728456,0.3582621082621082,0.1446323062377043,0.0622583435083435,0.0353124741445395,0.0278668091168091,0.0244011496360821,0.0457239519739519,0.0171458865949764,0.3618996743996743,0.0944427088558986,0.2130011192511192,0.0737592125824559,0.0956578144078144,0.0695021790019064,0.5512779812779812,0.1408232152050127,27.35142857142857,14.751428571428573,8.835714285714285,1.3157142857142858,0.7742857142857142,0.6017314285714286,0.4923257142857143,1.6410857142857145,24.902857142857144,23.587142857142855,16.067142857142855,10.151428571428571,1.0940571428571428,14.751428571428573,8.835714285714285,1.3157142857142858,0.7742857142857142,24.902857142857144,0.6017314285714286,0.4923257142857143,1.6410857142857145
4898392,Jordan Hobbs,CHI,2026-06-24,0.0,56.0,0.0,0.0,3.0,3,1,2,1,1,0,0,1,1,1,,0,0,,0,1,0,9,13.0,0.2307692307692307,0.0769230769230769,0.1538461538461538,0.0769230769230769,0.0769230769230769,0.0769230769230769,0.0,0.0769230769230769,0.1538461538461538,0.0,12.5,0.7071067811865476,1.5,2.0,1.0,0.5,0.5,0.0,0.0,0.5,0.5,1.0,,0.0,0.0,,1.5,0.5,1.0,6.5,0.1153846153846153,0.1631784879661263,0.1634615384615384,0.1223838659745947,0.0769230769230769,0.1087856586440842,0.0384615384615384,0.0543928293220421,0.0384615384615384,0.0543928293220421,0.0801282051282051,0.0045327357768368,0.0,0.0,0.0384615384615384,0.0543928293220421,0.1185897435897435,0.0498600935452052,12.5,0.7071067811865476,1.5,2.0,1.0,0.5,0.5,0.0,0.0,0.5,0.5,1.0,,0.0,0.0,,1.5,0.5,1.0,6.5,0.1153846153846153,0.1631784879661263,0.1634615384615384,0.1223838659745947,0.0769230769230769,0.1087856586440842,0.0384615384615384,0.0543928293220421,0.0384615384615384,0.0543928293220421,0.0801282051282051,0.0045327357768368,0.0,0.0,0.0384615384615384,0.0543928293220421,0.1185897435897435,0.0498600935452052,12.5,0.7071067811865476,1.5,2.0,1.0,0.5,0.5,0.0,0.0,0.5,0.5,1.0,,0.0,0.0,,1.5,0.5,1.0,6.5,0.1153846153846153,0.1631784879661263,0.1634615384615384,0.1223838659745947,0.0769230769230769,0.1087856586440842,0.0384615384615384,0.0543928293220421,0.0384615384615384,0.0543928293220421,0.0801282051282051,0.0045327357768368,0.0,0.0,0.0384615384615384,0.0543928293220421,0.1185897435897435,0.0498600935452052,12.575,1.725,1.85,1.15,0.575,0.2766499999999999,0.2263499999999999,0.7545,4.725,3.575,2.875,3.0,0.5029999999999999,1.725,1.85,1.15,0.575,4.725,0.2766499999999999,0.2263499999999999,0.7545
4899328,Kaitlyn Chen,GSV,2026-06-24,0.0,33.0,0.0,0.0,7.0,18,1,0,2,2,1,0,1,7,11,,2,3,,0,1,2,-3,19.0,0.9473684210526316,0.0526315789473684,0.0,0.1052631578947368,0.1052631578947368,0.5789473684210527,0.1578947368421052,0.0526315789473684,0.7010526315789474,1.0,17.333333333333332,2.081665999466133,8.0,2.333333333333333,0.3333333333333333,0.6666666666666666,1.3333333333333333,0.3333333333333333,0.0,1.3333333333333333,3.0,7.0,,1.3333333333333333,1.6666666666666667,,0.6666666666666666,1.6666666666666667,1.3333333333333333,-7.333333333333333,0.434307992202729,0.4465406603890733,0.1286549707602339,0.1791994555092931,0.0222222222222222,0.0384900179459749,0.0350877192982456,0.0607737125462764,0.0758284600389863,0.0260895625859337,0.3855750487329434,0.2285654641024486,0.0970760233918128,0.0849625292335158,0.076803118908382,0.0305290790650321,0.5050916179337231,0.2254690494016142,15.4,3.911521443121588,8.0,2.2,1.0,0.8,1.4,0.2,0.0,1.0,3.0,7.0,,1.2,1.4,,0.6,1.6,1.0,-1.6,0.4800292397660818,0.3960854642410798,0.156359649122807,0.1632918062516293,0.0827777777777777,0.0937967990187982,0.0460526315789473,0.0634450707960062,0.0829970760233918,0.0695069663151467,0.445233918128655,0.1920145517360158,0.0832456140350877,0.0769486264007056,0.0683040935672514,0.0463104728474285,0.550166081871345,0.176531582937132,17.666666666666668,6.562519841239847,8.5,2.1666666666666665,1.3333333333333333,0.6666666666666666,1.3333333333333333,0.1666666666666666,0.0,1.0,3.333333333333333,7.333333333333333,,1.1666666666666667,1.5,,0.6666666666666666,1.5,1.3333333333333333,-0.1666666666666666,0.4632427572763326,0.3566478262273995,0.1417939604759024,0.1503473541692275,0.0862228607918263,0.0843177513147758,0.0383771929824561,0.0597803960553896,0.0749113564562748,0.0652475889100609,0.4227524030382469,0.1803557084964818,0.0808655979028029,0.0690714104728136,0.0626672044094911,0.0436620548364731,0.5210004705249714,0.1733046944854002,16.464133333333333,9.312,1.9917333333333336,0.6951666666666666,0.8859333333333334,0.3622109333333333,0.2963543999999999,0.987848,11.9989,11.303733333333334,10.007166666666668,2.6869,0.6585653333333332,9.312,1.9917333333333336,0.6951666666666666,0.8859333333333334,11.9989,0.3622109333333333,0.2963543999999999,0.987848
5017721,Sika Kone,ATL,2026-06-24,0.0,31.0,0.0,0.0,8.0,0,0,0,0,0,0,0,0,0,1,,0,0,,0,0,0,-11,6.0,0.0,0.0,0.0,0.0,0.0,0.1666666666666666,0.0,0.0,0.1666666666666666,0.0,4.333333333333333,1.527525231651947,0.6666666666666666,0.3333333333333333,0.0,0.0,0.3333333333333333,0.0,0.0,0.0,0.3333333333333333,1.6666666666666667,,0.0,0.0,,0.0,0.3333333333333333,0.3333333333333333,-3.0,0.1666666666666666,0.2886751345948129,0.0833333333333333,0.1443375672974064,0.0,0.0,0.0,0.0,0.1111111111111111,0.1924500897298752,0.4444444444444444,0.2545875386086578,0.0,0.0,0.0,0.0,0.4444444444444444,0.2545875386086578,3.4,1.8165902124584956,0.4,0.6,0.0,0.0,0.4,0.0,0.0,0.2,0.2,1.2,,0.0,0.0,,0.0,0.6,0.4,-3.6,0.1,0.223606797749979,0.45,0.873212459828649,0.0,0.0,0.0,0.0,0.1333333333333333,0.1825741858350553,0.3333333333333333,0.2635231383473649,0.0,0.0,0.2,0.4472135954999579,0.5333333333333333,0.3205897343611891,7.571428571428571,8.323804075404123,2.4285714285714284,1.5714285714285714,0.1428571428571428,0.0,0.4285714285714285,0.0,0.0,0.1428571428571428,0.8571428571428571,2.2857142857142856,,0.7142857142857143,1.1428571428571428,,0.2857142857142857,1.2857142857142858,0.8571428571428571,-2.571428571428572,0.1862337662337662,0.2356021700378932,0.3816883116883117,0.7226520693809426,0.0057142857142857,0.015118578920369,0.0,0.0,0.1082251082251082,0.157320250169193,0.3243290043290043,0.2186472108781281,0.0457142857142857,0.1209486313629527,0.1428571428571428,0.3779644730092272,0.4873004329004328,0.2733561153993589,8.0,0.8257142857142856,0.6242857142857143,0.0285714285714285,0.0,0.176,0.144,0.48,1.4785714285714284,1.45,0.8542857142857142,0.6528571428571429,0.3199999999999999,0.8257142857142856,0.6242857142857143,0.0285714285714285,0.0,1.4785714285714284,0.176,0.144,0.48
5105406,Frieda Buhner,POR,2026-06-24,0.0,32.0,0.0,0.0,8.0,5,2,1,1,2,0,0,0,1,2,,2,2,,1,1,0,-3,13.0,0.3846153846153846,0.1538461538461538,0.0769230769230769,0.0769230769230769,0.1538461538461538,0.1538461538461538,0.1538461538461538,0.0,0.2215384615384615,0.0,9.0,7.810249675906653,1.6666666666666667,0.6666666666666666,0.3333333333333333,0.3333333333333333,1.6666666666666667,0.0,0.0,0.6666666666666666,0.3333333333333333,1.6666666666666667,,0.6666666666666666,0.6666666666666666,,0.3333333333333333,0.3333333333333333,0.6666666666666666,-1.0,0.1923076923076923,0.2719641466102105,0.0769230769230769,0.1087856586440843,0.0384615384615384,0.0543928293220421,0.0384615384615384,0.0543928293220421,0.184065934065934,0.0427372230387473,0.184065934065934,0.0427372230387474,0.0769230769230769,0.1087856586440842,0.0714285714285714,0.101015254455221,0.2893406593406593,0.0958867876905714,9.6,5.856620185738529,2.2,1.4,0.2,0.2,1.4,0.0,0.0,0.4,0.6,1.8,,0.8,0.8,,0.6,0.8,1.4,-4.6,0.235576923076923,0.1664507970845998,0.1586538461538461,0.1136352429566399,0.0192307692307692,0.0384615384615384,0.0192307692307692,0.0384615384615384,0.1304945054945055,0.0915430346821019,0.1689560439560439,0.129198791862391,0.1009615384615384,0.1230118016820223,0.0357142857142857,0.0714285714285714,0.2490934065934066,0.1083432288743767,9.857142857142858,7.733661733585444,2.2857142857142856,1.1428571428571428,0.1428571428571428,0.1428571428571428,1.4285714285714286,0.0,0.0,0.4285714285714285,0.5714285714285714,2.142857142857143,,1.0,1.1428571428571428,,0.4285714285714285,0.7142857142857143,1.2857142857142858,-3.2857142857142856,0.236080586080586,0.1441550181911134,0.1364468864468864,0.1102291777547742,0.0153846153846153,0.034401045807689,0.0153846153846153,0.034401045807689,0.1329670329670329,0.0794711416780859,0.1923076923076923,0.123473654144199,0.1188644688644688,0.1138046664238938,0.038095238095238,0.0620876419543109,0.2827032967032967,0.1202157019618844,9.981428571428571,2.4771428571428573,1.2185714285714286,0.3485714285714286,0.3485714285714286,0.2195914285714285,0.1796657142857142,0.5988857142857142,4.0442857142857145,3.6957142857142857,2.825714285714286,1.5671428571428572,0.3992571428571428,2.4771428571428573,1.2185714285714286,0.3485714285714286,0.3485714285714286,4.0442857142857145,0.2195914285714285,0.1796657142857142,0.5988857142857142
5105731,Grace VanSlooten,IND,2026-06-24,0.0,33.0,0.0,0.0,8.0,0,0,0,0,0,0,0,0,0,0,,0,0,,0,0,0,-2,2.0,0.0,0.0,0.0,0.0,0.0,0.0,0.0,0.0,0.0,0.0,10.666666666666666,8.082903768654763,2.333333333333333,1.3333333333333333,1.0,0.0,0.3333333333333333,1.0,1.0,0.3333333333333333,0.6666666666666666,1.3333333333333333,,1.0,2.0,,0.0,1.3333333333333333,0.0,-6.0,0.1481481481481481,0.1398117488013103,0.0925925925925926,0.0848625128695526,0.0555555555555555,0.0962250448649376,0.0,0.0,0.0185185185185185,0.0320750149549792,0.074074074074074,0.1283000598199168,0.1296296296296296,0.1156481110814518,0.0277777777777777,0.0481125224324688,0.1588888888888888,0.1600115736554819,9.8,5.932958789676532,3.4,1.2,0.6,0.4,0.6,0.8,0.6,0.2,1.0,1.6,,1.0,1.6,,0.2,1.0,0.4,-3.8,0.3317460317460317,0.2805642552702481,0.0955555555555555,0.0928293269964685,0.0333333333333333,0.0745355992499929,0.0485714285714285,0.0682133507789332,0.0596825396825396,0.0626189973243003,0.1415873015873015,0.1330230706087667,0.1349206349206349,0.1301684084671168,0.0166666666666666,0.0372677996249964,0.2176190476190476,0.1576607627146756,11.285714285714286,6.799859942535232,3.0,1.4285714285714286,0.5714285714285714,0.2857142857142857,0.4285714285714285,0.5714285714285714,0.5714285714285714,0.1428571428571428,0.7142857142857143,1.5714285714285714,,1.2857142857142858,2.0,,0.5714285714285714,0.8571428571428571,0.4285714285714285,-0.5714285714285714,0.2742991135848279,0.2492262588378778,0.1055916305916305,0.0777778363411259,0.0303030303030303,0.0624712973578433,0.0346938775510204,0.0605289287429706,0.0426303854875283,0.058840369717122,0.1319779426922284,0.1102856823735616,0.1580601937744794,0.1150867963291708,0.0119047619047619,0.0314970394174356,0.2134291898577613,0.1302489268056806,9.187142857142858,2.49,1.1057142857142856,0.6242857142857143,0.1971428571428571,0.2021171428571428,0.1653685714285714,0.5512285714285714,4.220000000000001,3.595714285714286,3.1142857142857148,1.73,0.3674857142857143,2.49,1.1057142857142856,0.6242857142857143,0.1971428571428571,4.220000000000001,0.2021171428571428,0.1653685714285714,0.5512285714285714
5105737,Lauren Betts,WSH,2026-06-24,0.0,31.0,0.0,0.0,8.0,6,3,0,0,0,0,0,2,2,4,,2,4,,1,2,2,-7,13.0,0.4615384615384615,0.2307692307692307,0.0,0.0,0.0,0.3076923076923077,0.3076923076923077,0.1538461538461538,0.5969230769230769,0.0,14.0,1.0000000000000022,7.0,2.6666666666666665,0.0,0.0,0.0,0.0,0.0,1.0,2.6666666666666665,4.333333333333333,,1.6666666666666667,2.333333333333333,,1.0,1.6666666666666667,2.333333333333333,-6.333333333333333,0.4935286935286935,0.2255177025311704,0.1912087912087912,0.0446105123740317,0.0,0.0,0.0,0.0,0.0,0.0,0.3057387057387057,0.1619136014912968,0.1724053724053723,0.1231996887578513,0.075091575091575,0.0769884599156912,0.4566886446886447,0.1634744146127556,14.4,2.3021728866442674,5.6,3.0,0.4,0.0,0.0,0.0,0.2,0.6,2.2,4.8,,1.2,1.8,,1.4,1.6,1.8,-7.2,0.3738949938949939,0.2667749135136394,0.2202808302808303,0.1193745893317811,0.0277777777777777,0.0392837100659193,0.0,0.0,0.0,0.0,0.3278876678876679,0.1200568224887483,0.1256654456654456,0.1150150226749082,0.045054945054945,0.0682292816539577,0.428235409035409,0.1274499794989781,17.285714285714285,5.345224838248488,8.285714285714286,3.4285714285714284,0.8571428571428571,0.0,0.0,0.2857142857142857,0.2857142857142857,0.7142857142857143,2.857142857142857,6.142857142857143,,2.571428571428572,3.2857142857142856,,1.4285714285714286,2.0,1.8571428571428568,-5.857142857142857,0.4412197878036387,0.2476300784454543,0.210377372799733,0.1006119083533885,0.0425359664490099,0.0457705759576487,0.0,0.0,0.0,0.0,0.343617803866251,0.1113097487902833,0.1738508558384335,0.1488895330338764,0.0438877892294041,0.0557634328727753,0.4639999696645659,0.1209450259667975,14.64714285714286,6.617142857142857,2.9857142857142858,0.3114285714285714,0.0,0.3222371428571429,0.2636485714285714,0.8788285714285715,9.914285714285716,9.602857142857143,6.928571428571429,3.297142857142857,0.5858857142857143,6.617142857142857,2.9857142857142858,0.3114285714285714,0.0,9.914285714285716,0.3222371428571429,0.2636485714285714,0.8788285714285715
5105740,Indya Nivar,ATL,2026-06-24,0.0,31.0,0.0,0.0,8.0,3,1,0,1,1,0,0,0,1,1,,0,0,,0,1,0,0,2.0,1.5,0.5,0.0,0.5,0.5,0.5,0.0,0.0,0.5,0.0,5.666666666666667,4.041451884327384,1.6666666666666667,2.6666666666666665,1.3333333333333333,0.3333333333333333,0.6666666666666666,0.3333333333333333,0.3333333333333333,0.0,0.6666666666666666,2.0,,0.0,1.3333333333333333,,0.6666666666666666,2.0,0.6666666666666666,1.0,0.6333333333333333,0.776745346515403,0.4333333333333333,0.2081665999466133,0.1666666666666666,0.1527525231651947,0.1666666666666666,0.2886751345948129,0.2333333333333333,0.2516611478423583,0.4333333333333333,0.2081665999466132,0.1333333333333333,0.2309401076758503,0.0,0.0,0.492,0.1122140811128443,3.6,4.03732584763727,1.0,1.8,0.8,0.2,0.4,0.2,0.4,0.0,0.4,1.2,,0.0,0.8,,0.4,1.4,0.4,0.6,0.475,0.7088723439378912,0.575,0.3304037933599835,0.125,0.15,0.125,0.25,0.175,0.2362907813126304,0.3249999999999999,0.2753785273643051,0.1,0.2,0.0,0.0,0.369,0.2625084125636103,7.142857142857143,6.98638131005772,2.2857142857142856,1.8571428571428568,0.8571428571428571,0.2857142857142857,0.5714285714285714,0.1428571428571428,0.2857142857142857,0.5714285714285714,0.8571428571428571,2.0,,0.2857142857142857,1.0,,0.5714285714285714,1.2857142857142858,1.2857142857142858,0.1428571428571428,0.429100529100529,0.5546356707815203,0.4256613756613756,0.345145824803964,0.1018518518518518,0.1265724145763493,0.0925925925925926,0.2008213586922364,0.1378306878306878,0.1919399226435864,0.2986772486772486,0.2180964318413453,0.0997354497354497,0.1573604927640975,0.0423280423280423,0.066338319655693,0.3848888888888888,0.2048334463429758,8.0,1.757142857142857,1.9514285714285715,0.8514285714285714,0.3771428571428571,0.176,0.144,0.48,4.56,3.708571428571428,2.6085714285714285,2.802857142857143,0.3199999999999999,1.757142857142857,1.9514285714285715,0.8514285714285714,0.3771428571428571,4.56,0.176,0.144,0.48
5105748,Lani White,MIN,2026-06-24,0.0,54.0,0.0,0.0,4.0,0,0,0,0,0,0,0,0,0,0,,0,0,,0,0,0,0,0.0,,,,,,,,,,0.0,6.0,5.291502622129181,4.0,0.6666666666666666,0.0,0.6666666666666666,2.333333333333333,0.0,0.0,0.3333333333333333,1.0,3.6666666666666665,,1.3333333333333333,1.6666666666666667,,0.3333333333333333,0.3333333333333333,1.0,-1.6666666666666667,0.6125,0.6894291116568839,0.1,0.1414213562373095,0.0,0.0,0.1,0.1414213562373095,0.375,0.1767766952966369,0.5875,0.3005203820042827,0.275,0.0353553390593273,0.05,0.0707106781186547,0.7585,0.3867874093090416,6.0,5.291502622129181,4.0,0.6666666666666666,0.0,0.6666666666666666,2.333333333333333,0.0,0.0,0.3333333333333333,1.0,3.6666666666666665,,1.3333333333333333,1.6666666666666667,,0.3333333333333333,0.3333333333333333,1.0,-1.6666666666666667,0.6125,0.6894291116568839,0.1,0.1414213562373095,0.0,0.0,0.1,0.1414213562373095,0.375,0.1767766952966369,0.5875,0.3005203820042827,0.275,0.0353553390593273,0.05,0.0707106781186547,0.7585,0.3867874093090416,6.0,5.291502622129181,4.0,0.6666666666666666,0.0,0.6666666666666666,2.333333333333333,0.0,0.0,0.3333333333333333,1.0,3.6666666666666665,,1.3333333333333333,1.6666666666666667,,0.3333333333333333,0.3333333333333333,1.0,-1.6666666666666667,0.6125,0.6894291116568839,0.1,0.1414213562373095,0.0,0.0,0.1,0.1414213562373095,0.375,0.1767766952966369,0.5875,0.3005203820042827,0.275,0.0353553390593273,0.05,0.0707106781186547,0.7585,0.3867874093090416,8.0,3.3999999999999995,0.5666666666666667,0.0,0.5666666666666667,0.176,0.144,0.48,3.966666666666666,3.966666666666666,3.3999999999999995,0.5666666666666667,0.3199999999999999,3.3999999999999995,0.5666666666666667,0.0,0.5666666666666667,3.966666666666666,0.176,0.144,0.48
5106145,Darianna Littlepage-Buggs,WSH,2026-06-24,0.0,45.0,0.0,0.0,4.0,0,0,0,0,0,0,0,0,0,0,,0,0,,0,0,0,0,0.0,,,,,,,,,,0.0,8.0,7.211102550927978,3.333333333333333,1.6666666666666667,0.3333333333333333,0.3333333333333333,0.6666666666666666,0.0,0.3333333333333333,0.6666666666666666,1.0,2.0,,1.0,1.3333333333333333,,0.3333333333333333,1.3333333333333333,0.0,0.6666666666666666,0.4285714285714286,0.101015254455221,0.2214285714285714,0.1111167799007431,0.0357142857142857,0.0505076272276105,0.0357142857142857,0.0505076272276105,0.0857142857142857,0.0202030508910442,0.2571428571428571,0.0606091526731326,0.2,0.282842712474619,0.0857142857142857,0.0202030508910442,0.4308571428571428,0.2052629970530092,8.0,7.211102550927978,3.333333333333333,1.6666666666666667,0.3333333333333333,0.3333333333333333,0.6666666666666666,0.0,0.3333333333333333,0.6666666666666666,1.0,2.0,,1.0,1.3333333333333333,,0.3333333333333333,1.3333333333333333,0.0,0.6666666666666666,0.4285714285714286,0.101015254455221,0.2214285714285714,0.1111167799007431,0.0357142857142857,0.0505076272276105,0.0357142857142857,0.0505076272276105,0.0857142857142857,0.0202030508910442,0.2571428571428571,0.0606091526731326,0.2,0.282842712474619,0.0857142857142857,0.0202030508910442,0.4308571428571428,0.2052629970530092,8.0,7.211102550927978,3.333333333333333,1.6666666666666667,0.3333333333333333,0.3333333333333333,0.6666666666666666,0.0,0.3333333333333333,0.6666666666666666,1.0,2.0,,1.0,1.3333333333333333,,0.3333333333333333,1.3333333333333333,0.0,0.6666666666666666,0.4285714285714286,0.101015254455221,0.2214285714285714,0.1111167799007431,0.0357142857142857,0.0505076272276105,0.0357142857142857,0.0505076272276105,0.0857142857142857,0.0202030508910442,0.2571428571428571,0.0606091526731326,0.2,0.282842712474619,0.0857142857142857,0.0202030508910442,0.4308571428571428,0.2052629970530092,8.0,2.833333333333334,1.416666666666667,0.2833333333333333,0.2833333333333333,0.176,0.144,0.48,4.533333333333334,4.250000000000001,3.116666666666667,1.7000000000000002,0.3199999999999999,2.833333333333334,1.416666666666667,0.2833333333333333,0.2833333333333333,4.533333333333334,0.176,0.144,0.48
5106147,Bella Fontleroy,ATL,2026-06-24,0.0,56.0,0.0,0.0,2.0,0,0,0,0,1,0,0,0,0,1,,0,0,,0,0,1,0,8.0,0.0,0.0,0.0,0.0,0.125,0.125,0.0,0.0,0.125,0.0,8.0,,0.0,0.0,0.0,0.0,1.0,0.0,0.0,0.0,0.0,1.0,,0.0,0.0,,0.0,0.0,1.0,0.0,0.0,,0.0,,0.0,,0.0,,0.125,,0.125,,0.0,,0.0,,0.125,,8.0,,0.0,0.0,0.0,0.0,1.0,0.0,0.0,0.0,0.0,1.0,,0.0,0.0,,0.0,0.0,1.0,0.0,0.0,,0.0,,0.0,,0.0,,0.125,,0.125,,0.0,,0.0,,0.125,,8.0,,0.0,0.0,0.0,0.0,1.0,0.0,0.0,0.0,0.0,1.0,,0.0,0.0,,0.0,0.0,1.0,0.0,0.0,,0.0,,0.0,,0.0,,0.125,,0.125,,0.0,,0.0,,0.125,,8.0,0.0,0.0,0.0,0.0,0.176,0.144,0.48,0.0,0.0,0.0,0.0,0.3199999999999999,0.0,0.0,0.0,0.0,0.0,0.176,0.144,0.48
5106170,Ndjakalenga Mwenentanda,GSV,2026-06-24,0.0,33.0,0.0,0.0,7.0,0,0,0,0,0,0,0,0,0,0,,0,0,,0,0,0,0,0.0,,,,,,,,,,1.0,0.3333333333333333,0.5773502691896274,0.0,0.0,0.0,0.0,0.0,0.0,0.0,0.0,0.0,0.0,,0.0,0.0,,0.0,0.0,0.0,-1.0,0.0,,0.0,,0.0,,0.0,,0.0,,0.0,,0.0,,0.0,,0.0,,0.4,0.5477225575051645,0.0,0.0,0.0,0.0,0.0,0.0,0.0,0.0,0.0,0.0,,0.0,0.0,,0.0,0.0,0.0,-1.0,0.0,0.0,0.0,0.0,0.0,0.0,0.0,0.0,0.0,0.0,0.0,0.0,0.0,0.0,0.0,0.0,0.0,0.0,1.5,2.7386127875258306,0.0,0.1666666666666666,0.1666666666666666,0.0,0.1666666666666666,0.0,0.0,0.0,0.0,0.1666666666666666,,0.0,0.0,,0.0,0.1666666666666666,0.1666666666666666,-1.8333333333333333,0.0,0.0,0.0476190476190476,0.0824786098842322,0.0476190476190476,0.0824786098842322,0.0,0.0,0.0476190476190476,0.0824786098842322,0.0476190476190476,0.0824786098842322,0.0,0.0,0.0,0.0,0.0476190476190476,0.0824786098842322,7.76,0.0,0.0323333333333333,0.0323333333333333,0.0,0.1707199999999999,0.13968,0.4655999999999999,0.0646666666666666,0.0323333333333333,0.0323333333333333,0.0646666666666666,0.3104,0.0,0.0323333333333333,0.0323333333333333,0.0,0.0646666666666666,0.1707199999999999,0.13968,0.4655999999999999
5107404,Sha Carter,PHX,2026-06-24,0.0,31.0,0.0,0.0,10.0,0,0,0,0,0,0,0,0,0,0,,0,0,,0,0,0,0,0.0,,,,,,,,,,0.0,0.0,0.0,0.0,0.0,0.0,0.0,0.0,0.0,0.0,0.0,0.0,0.0,,0.0,0.0,,0.0,0.0,0.0,-1.0,,,,,,,,,,,,,,,,,,,0.0,0.0,0.0,0.0,0.0,0.0,0.0,0.0,0.0,0.0,0.0,0.0,,0.0,0.0,,0.0,0.0,0.0,-0.6,,,,,,,,,,,,,,,,,,,5.333333333333333,7.123903424387504,2.0,0.6666666666666666,0.1111111111111111,0.1111111111111111,0.4444444444444444,0.2222222222222222,0.0,0.0,0.5555555555555556,1.0,,0.7777777777777778,1.1111111111111112,,0.1111111111111111,0.5555555555555556,0.6666666666666666,-1.8888888888888888,0.309609250398724,0.2701081249267107,0.124700956937799,0.043650575825778,0.0208333333333333,0.0416666666666666,0.0131578947368421,0.0263157894736842,0.0888157894736842,0.0689192203304209,0.1909888357256778,0.054648962417261,0.1698564593301435,0.1971036356368036,0.0,0.0,0.265725677830941,0.1271261055536988,8.0,0.4,0.1333333333333333,0.0222222222222222,0.0222222222222222,0.176,0.144,0.48,0.5555555555555556,0.5333333333333333,0.4222222222222222,0.1555555555555555,0.3199999999999999,0.4,0.1333333333333333,0.0222222222222222,0.0222222222222222,0.5555555555555556,0.176,0.144,0.48
5107506,Maggie Doogan,PHX,2026-06-24,0.0,56.0,0.0,0.0,3.0,0,3,0,0,2,0,0,1,0,4,,0,0,,2,1,0,7,4.0,0.0,0.75,0.0,0.0,0.5,1.0,0.0,0.25,1.25,0.0,6.0,2.8284271247461903,1.0,1.5,0.0,0.0,1.0,0.0,0.0,0.5,0.0,2.0,,1.0,1.0,,1.0,0.5,0.0,4.0,0.125,0.1767766952966369,0.375,0.5303300858899106,0.0,0.0,0.0,0.0,0.25,0.3535533905932738,0.5,0.7071067811865476,0.125,0.1767766952966369,0.125,0.1767766952966369,0.68,0.8061017305526642,6.0,2.8284271247461903,1.0,1.5,0.0,0.0,1.0,0.0,0.0,0.5,0.0,2.0,,1.0,1.0,,1.0,0.5,0.0,4.0,0.125,0.1767766952966369,0.375,0.5303300858899106,0.0,0.0,0.0,0.0,0.25,0.3535533905932738,0.5,0.7071067811865476,0.125,0.1767766952966369,0.125,0.1767766952966369,0.68,0.8061017305526642,6.0,2.8284271247461903,1.0,1.5,0.0,0.0,1.0,0.0,0.0,0.5,0.0,2.0,,1.0,1.0,,1.0,0.5,0.0,4.0,0.125,0.1767766952966369,0.375,0.5303300858899106,0.0,0.0,0.0,0.0,0.25,0.3535533905932738,0.5,0.7071067811865476,0.125,0.1767766952966369,0.125,0.1767766952966369,0.68,0.8061017305526642,8.0,0.8499999999999999,1.725,0.0,0.0,0.176,0.144,0.48,2.575,2.575,0.8499999999999999,1.725,0.3199999999999999,0.8499999999999999,1.725,0.0,0.0,2.575,0.176,0.144,0.48
5107834,Yarden Garzon,PHX,2026-06-24,0.0,56.0,0.0,0.0,3.0,0,0,0,0,0,0,0,0,0,0,,0,0,,0,0,0,0,0.0,,,,,,,,,,0.0,0.0,0.0,0.0,0.0,0.0,0.0,0.0,0.0,0.0,0.0,0.0,0.0,,0.0,0.0,,0.0,0.0,0.0,0.0,,,,,,,,,,,,,,,,,,,0.0,0.0,0.0,0.0,0.0,0.0,0.0,0.0,0.0,0.0,0.0,0.0,,0.0,0.0,,0.0,0.0,0.0,0.0,,,,,,,,,,,,,,,,,,,0.0,0.0,0.0,0.0,0.0,0.0,0.0,0.0,0.0,0.0,0.0,0.0,,0.0,0.0,,0.0,0.0,0.0,0.0,,,,,,,,,,,,,,,,,,,8.0,0.0,0.0,0.0,0.0,0.176,0.144,0.48,0.0,0.0,0.0,0.0,0.3199999999999999,0.0,0.0,0.0,0.0,0.0,0.176,0.144,0.48
5108051,Jordan Harrison,POR,2026-06-24,0.0,46.0,0.0,0.0,4.0,4,0,4,0,0,0,0,2,2,6,,0,0,,0,0,2,-13,11.0,0.3636363636363636,0.0,0.3636363636363636,0.0,0.0,0.5454545454545454,0.0,0.1818181818181818,0.7272727272727273,0.0,16.666666666666668,5.131601439446885,6.0,1.6666666666666667,3.6666666666666665,0.0,1.3333333333333333,0.3333333333333333,0.3333333333333333,2.0,2.0,6.333333333333333,,2.0,2.0,,0.3333333333333333,1.3333333333333333,3.6666666666666665,-8.0,0.3672438672438673,0.1309896432501673,0.0873015873015872,0.0836162996258153,0.2429052429052428,0.1118333876371483,0.0,0.0,0.0661375661375661,0.0720140613164878,0.4013949013949013,0.1350042053789537,0.1084656084656084,0.1485491549350948,0.1346801346801346,0.1183730359006528,0.5837999037999038,0.1660520524914759,16.666666666666668,5.131601439446885,6.0,1.6666666666666667,3.6666666666666665,0.0,1.3333333333333333,0.3333333333333333,0.3333333333333333,2.0,2.0,6.333333333333333,,2.0,2.0,,0.3333333333333333,1.3333333333333333,3.6666666666666665,-8.0,0.3672438672438673,0.1309896432501673,0.0873015873015872,0.0836162996258153,0.2429052429052428,0.1118333876371483,0.0,0.0,0.0661375661375661,0.0720140613164878,0.4013949013949013,0.1350042053789537,0.1084656084656084,0.1485491549350948,0.1346801346801346,0.1183730359006528,0.5837999037999038,0.1660520524914759,16.666666666666668,5.131601439446885,6.0,1.6666666666666667,3.6666666666666665,0.0,1.3333333333333333,0.3333333333333333,0.3333333333333333,2.0,2.0,6.333333333333333,,2.0,2.0,,0.3333333333333333,1.3333333333333333,3.6666666666666665,-8.0,0.3672438672438673,0.1309896432501673,0.0873015873015872,0.0836162996258153,0.2429052429052428,0.1118333876371483,0.0,0.0,0.0661375661375661,0.0720140613164878,0.4013949013949013,0.1350042053789537,0.1084656084656084,0.1485491549350948,0.1346801346801346,0.1183730359006528,0.5837999037999038,0.1660520524914759,15.816666666666668,5.7,1.416666666666667,3.7166666666666655,0.0,0.3479666666666667,0.2847,0.949,10.833333333333334,7.116666666666667,9.416666666666666,5.133333333333333,0.6326666666666667,5.7,1.416666666666667,3.7166666666666655,0.0,10.833333333333334,0.3479666666666667,0.2847,0.949
5108550,Serah Williams,POR,2026-06-24,0.0,32.0,0.0,0.0,9.0,8,3,0,0,0,2,1,0,3,6,,2,2,,1,2,2,-2,14.0,0.5714285714285714,0.2142857142857142,0.0,0.0,0.0,0.4285714285714285,0.1428571428571428,0.0,0.4914285714285714,0.0,14.333333333333334,2.516611478423582,5.666666666666667,3.333333333333333,0.0,0.0,0.0,1.0,0.6666666666666666,0.0,2.333333333333333,4.0,,1.0,2.333333333333333,,0.6666666666666666,2.6666666666666665,2.0,-2.0,0.3914565826330532,0.1641391452900491,0.2495331465919701,0.1525941269571145,0.0,0.0,0.0,0.0,0.0,0.0,0.2686741363211951,0.1740197252609567,0.1783380018674136,0.1406523253606016,0.0,0.0,0.3471428571428571,0.1328110519128739,9.4,7.127411872482185,3.6,2.4,0.2,0.0,0.0,0.8,0.6,0.0,1.4,2.4,,0.8,1.8,,0.4,2.0,1.2,-0.6,0.3560924369747899,0.151537444889332,0.3121498599439776,0.1766542467228923,0.0625,0.125,0.0,0.0,0.0,0.0,0.2015056022408963,0.1955377825432149,0.2587535014005602,0.1976242090776288,0.0,0.0,0.3153571428571429,0.1257000803662498,10.5,6.414269805898186,4.875,3.125,0.375,0.0,0.0,0.875,0.625,0.375,1.625,3.0,,1.625,2.625,,0.75,2.375,1.5,-0.25,0.4222783850382258,0.2990977576420177,0.3170931530506939,0.1349809575989751,0.0610902255639097,0.0955431608282765,0.0,0.0,0.0,0.0,0.2566874118068279,0.1561260730802472,0.2651523767401697,0.1958419091647241,0.0225563909774436,0.0596786010014569,0.3959108485499462,0.1577956881374284,11.79,5.135,2.915,0.145,0.0,0.25938,0.21222,0.7074,8.195,8.05,5.279999999999999,3.06,0.4716,5.135,2.915,0.145,0.0,8.195,0.25938,0.21222,0.7074
5108587,Madina Okot,ATL,2026-06-24,0.0,31.0,0.0,0.0,8.0,0,2,0,0,0,0,0,4,0,2,,0,0,,1,1,3,-6,7.0,0.0,0.2857142857142857,0.0,0.0,0.0,0.2857142857142857,0.0,0.5714285714285714,0.8571428571428571,0.0,10.333333333333334,4.932882862316249,4.666666666666667,6.0,0.3333333333333333,0.0,0.6666666666666666,0.0,0.6666666666666666,2.333333333333333,2.333333333333333,4.666666666666667,,0.0,0.3333333333333333,,1.0,5.0,2.333333333333333,4.0,0.2916666666666667,0.5051814855409226,0.5327380952380952,0.2161992931388571,0.0208333333333333,0.0360843918243516,0.0,0.0,0.0416666666666666,0.0721687836487032,0.3452380952380952,0.3785265022758249,0.0208333333333333,0.0360843918243518,0.2946428571428571,0.2573845590249923,0.649047619047619,0.3456916560873799,10.0,3.535533905932738,4.4,5.4,0.2,0.0,0.6,0.2,0.4,1.8,2.0,4.2,,0.4,0.6,,1.0,4.4,1.8,2.8,0.335,0.4594834055763059,0.5107539682539682,0.1652330157187028,0.0125,0.0279508497187473,0.0,0.0,0.045,0.0622494979899436,0.3493650793650794,0.3186685341678439,0.0525,0.0867827747885489,0.2190079365079364,0.209439824287265,0.5914730158730158,0.3255452929589055,13.428571428571429,6.553806600166117,6.428571428571429,6.285714285714286,0.2857142857142857,0.1428571428571428,1.1428571428571428,0.4285714285714285,0.5714285714285714,2.2857142857142856,2.571428571428572,5.857142857142857,,1.1428571428571428,1.8571428571428568,,1.0,5.285714285714286,2.0,2.4285714285714284,0.3874667258207631,0.3892076611603253,0.4739635709356206,0.1588666761627777,0.0157312925170068,0.0272075625098233,0.0068027210884353,0.0179983082385346,0.0649733806566104,0.0633032629235812,0.3773193335305136,0.2804853608535398,0.1019779650990831,0.1121337160378804,0.2028702060534358,0.1786239424063372,0.625059844227546,0.2781568428757224,10.335714285714284,4.225714285714286,5.247142857142856,0.2271428571428571,0.0285714285714285,0.2273857142857142,0.1860428571428571,0.6201428571428571,9.7,9.472857142857142,4.452857142857143,5.474285714285713,0.4134285714285713,4.225714285714286,5.247142857142856,0.2271428571428571,0.0285714285714285,9.7,0.2273857142857142,0.1860428571428571,0.6201428571428571
5109176,Paige Robinson,ATL,2026-06-24,0.0,56.0,0.0,0.0,2.0,0,0,0,0,0,0,0,0,0,0,,0,0,,0,0,0,0,0.0,,,,,,,,,,0.0,0.0,,0.0,0.0,0.0,0.0,0.0,0.0,0.0,0.0,0.0,0.0,,0.0,0.0,,0.0,0.0,0.0,0.0,,,,,,,,,,,,,,,,,,,0.0,,0.0,0.0,0.0,0.0,0.0,0.0,0.0,0.0,0.0,0.0,,0.0,0.0,,0.0,0.0,0.0,0.0,,,,,,,,,,,,,,,,,,,0.0,,0.0,0.0,0.0,0.0,0.0,0.0,0.0,0.0,0.0,0.0,,0.0,0.0,,0.0,0.0,0.0,0.0,,,,,,,,,,,,,,,,,,,8.0,0.0,0.0,0.0,0.0,0.176,0.144,0.48,0.0,0.0,0.0,0.0,0.3199999999999999,0.0,0.0,0.0,0.0,0.0,0.176,0.144,0.48
5109356,Jade Masogayo,MIN,2026-06-24,0.0,54.0,0.0,0.0,4.0,0,0,0,0,0,0,0,0,0,0,,0,0,,0,0,0,0,0.0,,,,,,,,,,0.0,6.0,5.291502622129181,3.333333333333333,1.0,0.3333333333333333,0.0,0.0,0.3333333333333333,0.0,1.3333333333333333,1.6666666666666667,3.0,,0.0,0.0,,0.0,1.0,2.333333333333333,-0.3333333333333333,0.575,0.2474873734152915,0.15,0.2121320343559642,0.05,0.0707106781186547,0.0,0.0,0.0,0.0,0.5,0.0,0.0,0.0,0.225,0.0353553390593273,0.725,0.0353553390593274,6.0,5.291502622129181,3.333333333333333,1.0,0.3333333333333333,0.0,0.0,0.3333333333333333,0.0,1.3333333333333333,1.6666666666666667,3.0,,0.0,0.0,,0.0,1.0,2.333333333333333,-0.3333333333333333,0.575,0.2474873734152915,0.15,0.2121320343559642,0.05,0.0707106781186547,0.0,0.0,0.0,0.0,0.5,0.0,0.0,0.0,0.225,0.0353553390593273,0.725,0.0353553390593274,6.0,5.291502622129181,3.333333333333333,1.0,0.3333333333333333,0.0,0.0,0.3333333333333333,0.0,1.3333333333333333,1.6666666666666667,3.0,,0.0,0.0,,0.0,1.0,2.333333333333333,-0.3333333333333333,0.575,0.2474873734152915,0.15,0.2121320343559642,0.05,0.0707106781186547,0.0,0.0,0.0,0.0,0.5,0.0,0.0,0.0,0.225,0.0353553390593273,0.725,0.0353553390593274,8.0,2.833333333333334,0.8499999999999999,0.2833333333333333,0.0,0.176,0.144,0.48,3.966666666666667,3.6833333333333336,3.116666666666667,1.1333333333333333,0.3199999999999999,2.833333333333334,0.8499999999999999,0.2833333333333333,0.0,3.966666666666667,0.176,0.144,0.48
5122345,Cassandre Prosper,WSH,2026-06-24,0.0,31.0,0.0,0.0,8.0,2,0,2,0,3,0,0,1,1,8,,0,0,,0,0,2,-8,22.0,0.0909090909090909,0.0,0.0909090909090909,0.0,0.1363636363636363,0.3636363636363636,0.0,0.0454545454545454,0.4090909090909091,0.0,24.0,1.7320508075688772,3.333333333333333,1.3333333333333333,1.6666666666666667,0.3333333333333333,2.333333333333333,0.0,0.3333333333333333,1.6666666666666667,1.3333333333333333,6.0,,0.3333333333333333,0.6666666666666666,,0.0,1.3333333333333333,3.333333333333333,-4.666666666666667,0.1369696969696969,0.0893934257817808,0.0533333333333333,0.0923760430703401,0.0703030303030303,0.0625975822238805,0.0133333333333333,0.023094010767585,0.0987878787878788,0.0325415606270516,0.2545454545454546,0.1025944434884791,0.0266666666666666,0.0461880215351699,0.0684848484848484,0.08244874858511,0.3347636363636364,0.1209510959161006,23.8,3.420526275297415,4.0,1.6,1.4,0.2,2.2,0.4,0.2,1.2,1.8,6.4,,0.2,0.4,,0.8,0.8,4.4,-3.6,0.1603773069036226,0.0953585935204848,0.0639548872180451,0.0696393153036835,0.0632344497607655,0.0586340708060504,0.008,0.0178885438199983,0.0979945317840054,0.0489557406005696,0.2696445659603554,0.0781966260331518,0.016,0.0357770876399965,0.0516172248803827,0.0654112170870034,0.3283017908407382,0.0860049428448887,22.571428571428573,3.505098327538657,4.571428571428571,2.2857142857142856,1.2857142857142858,0.2857142857142857,1.8571428571428568,0.4285714285714285,0.2857142857142857,1.2857142857142858,1.7142857142857142,6.0,,0.8571428571428571,1.4285714285714286,,0.8571428571428571,1.4285714285714286,3.7142857142857135,-1.7142857142857142,0.2013973244800312,0.1344631424403151,0.1039527389903329,0.0927696243897748,0.0594531784005468,0.056276152833444,0.0128571428571428,0.0221466970556828,0.0846577482667708,0.0460123935480555,0.2651596523776974,0.0849147300046982,0.0693233082706766,0.1109356306774589,0.0582980177717019,0.0696964689112782,0.3539599257884972,0.148666441926197,23.344285714285714,3.6142857142857134,1.417142857142857,1.5471428571428572,0.2271428571428571,0.5135742857142856,0.4201971428571428,1.4006571428571428,6.578571428571428,5.031428571428571,5.161428571428571,2.9642857142857144,0.9337714285714284,3.6142857142857134,1.417142857142857,1.5471428571428572,0.2271428571428571,6.578571428571428,0.5135742857142856,0.4201971428571428,1.4006571428571428
5208982,Carla Leite,POR,2026-06-24,0.0,32.0,0.0,0.0,7.0,15,3,9,0,0,0,0,4,4,11,,7,7,,1,2,1,15,22.0,0.6818181818181818,0.1363636363636363,0.4090909090909091,0.0,0.0,0.5,0.3181818181818182,0.1818181818181818,0.8218181818181818,0.0,20.666666666666668,6.110100926607786,14.0,2.6666666666666665,5.333333333333333,0.0,0.3333333333333333,0.6666666666666666,0.0,3.333333333333333,4.666666666666667,9.333333333333334,,4.666666666666667,4.666666666666667,,0.6666666666666666,2.0,1.6666666666666667,6.333333333333333,0.6393606393606394,0.1930936105364379,0.1205461205461205,0.0434259119405427,0.2370962370962371,0.1689200604596597,0.0,0.0,0.0128205128205128,0.0222057795842163,0.4175824175824176,0.1771072688053428,0.2177822177822177,0.0903957910001338,0.1814851814851814,0.1043960027206016,0.6948917748917749,0.1295560704782388,22.6,5.639148871948674,14.2,2.4,4.4,0.4,1.4,0.6,0.0,3.0,4.2,9.0,,5.4,5.6,,0.6,1.8,2.4,1.8,0.6077543146508664,0.1494535709721084,0.1021082365909952,0.0447295282073146,0.1902201247028833,0.136097353462716,0.015987460815047,0.0222327563968616,0.0512659754039064,0.0709417375827811,0.3809569740604223,0.1400666076420587,0.231609769540804,0.1321966808821754,0.1521512969788832,0.0988742763364012,0.6350165696372593,0.1280526068714772,22.5,5.04975246918104,13.833333333333334,2.333333333333333,4.5,0.5,1.5,0.5,0.0,3.0,4.0,8.5,,5.333333333333333,6.5,,0.6666666666666666,1.6666666666666667,2.6666666666666665,-0.3333333333333333,0.5973710197848129,0.1360734095064297,0.1002417123106778,0.0402677045813794,0.1963955584645239,0.1226654294759156,0.0208986415882967,0.0232412251210425,0.0578731613214371,0.0654836891103749,0.3629186905048974,0.1328427706081918,0.2763414746173366,0.1612027375181152,0.1495200202096754,0.0886703993531926,0.6340289595462009,0.1145592787312169,21.91,14.186666666666667,2.556666666666666,5.390000000000001,0.24,0.4820199999999999,0.3943799999999999,1.3146,22.133333333333333,16.743333333333332,19.576666666666668,7.946666666666667,0.8763999999999998,14.186666666666667,2.556666666666666,5.390000000000001,0.24,22.133333333333333,0.4820199999999999,0.3943799999999999,1.3146
5208983,Isobel Borlase,ATL,2026-06-24,0.0,31.0,0.0,0.0,8.0,5,4,2,1,4,0,1,0,2,7,,0,0,,1,3,0,7,16.0,0.3125,0.25,0.125,0.0625,0.25,0.4375,0.0,0.0,0.4375,0.0,7.333333333333333,7.571877794400367,2.333333333333333,2.0,0.6666666666666666,0.3333333333333333,1.3333333333333333,0.0,0.3333333333333333,0.0,1.0,2.6666666666666665,,0.0,0.0,,0.3333333333333333,1.6666666666666667,0.3333333333333333,4.0,0.4375,0.511584548242028,0.3333333333333333,0.1443375672974064,0.0416666666666666,0.0721687836487032,0.0208333333333333,0.0360843918243516,0.0833333333333333,0.1443375672974064,0.3125,0.2724311839712921,0.0,0.0,0.0,0.0,0.3125,0.2724311839712921,5.8,5.761944116355173,2.0,1.2,0.4,0.4,1.0,0.0,0.2,0.0,0.8,2.0,,0.0,0.0,,0.2,1.0,0.2,0.6,0.4125,0.4498263553861645,0.2,0.2091650066335189,0.025,0.0559016994374947,0.0625,0.1082531754730548,0.1,0.1369306393762915,0.2875,0.2636877888716123,0.0,0.0,0.0,0.0,0.2875,0.2636877888716123,9.571428571428571,8.482474930843058,3.571428571428572,1.1428571428571428,1.0,0.2857142857142857,1.5714285714285714,0.2857142857142857,0.4285714285714285,0.7142857142857143,1.2857142857142858,4.0,,0.7142857142857143,0.7142857142857143,,0.1428571428571428,1.0,0.2857142857142857,1.0,0.3924319727891156,0.3864253309012802,0.1590136054421768,0.1847705175424349,0.0561224489795918,0.0702496243276288,0.0446428571428571,0.0935016551928869,0.1156462585034013,0.1151575307294571,0.3295068027210884,0.242656667455166,0.0297619047619047,0.078742598543589,0.0340136054421768,0.064266815060174,0.3766156462585033,0.2984640216003066,8.544285714285714,2.8642857142857148,1.8485714285714283,0.8400000000000001,0.4471428571428572,0.1879742857142856,0.1537971428571428,0.5126571428571428,5.552857142857143,4.712857142857144,3.704285714285714,2.6885714285714286,0.3417714285714285,2.8642857142857148,1.8485714285714283,0.8400000000000001,0.4471428571428572,5.552857142857143,0.1879742857142856,0.1537971428571428,0.5126571428571428
5209202,Nyadiew Puoch,POR,2026-06-24,0.0,32.0,0.0,0.0,9.0,5,3,1,1,3,1,0,2,2,8,,0,0,,2,1,2,9,24.0,0.2083333333333333,0.125,0.0416666666666666,0.0416666666666666,0.125,0.3333333333333333,0.0,0.0833333333333333,0.4166666666666667,0.0,21.666666666666668,2.081665999466136,5.0,2.6666666666666665,0.3333333333333333,0.3333333333333333,1.6666666666666667,0.6666666666666666,0.3333333333333333,1.3333333333333333,2.0,5.666666666666667,,0.6666666666666666,0.6666666666666666,,1.3333333333333333,1.3333333333333333,2.0,-6.333333333333333,0.2281746031746031,0.2387144725300786,0.1218253968253968,0.0702918814776136,0.0138888888888888,0.0240562612162344,0.0138888888888888,0.0240562612162343,0.0734126984126984,0.0652955661583505,0.2547619047619047,0.1789202941405161,0.0317460317460317,0.0549857399228215,0.0603174603174603,0.0199678501990621,0.3290476190476191,0.2001773590011851,23.6,4.39317652729776,5.6,2.6,0.6,0.6,2.4,0.8,0.2,1.2,2.2,6.2,,0.6,0.6,,1.4,1.2,3.0,-4.4,0.2207757296466974,0.2248938717130547,0.1132711911744169,0.0570345018729593,0.0212365591397849,0.0301806427861061,0.0212365591397849,0.0301806427861061,0.0944875017455662,0.0598641917636797,0.2563762044407205,0.1284835884867187,0.0254992319508448,0.0414120253081526,0.051732998184611,0.0189552173790673,0.3193288646837034,0.1439629818257176,22.375,4.0686080455816125,6.125,2.25,1.0,0.75,2.125,1.25,0.25,1.0,2.25,5.5,,0.875,1.375,,1.25,1.0,2.625,-6.375,0.2637764520254104,0.201562675354762,0.1014393611263197,0.0542517011270096,0.044800677985079,0.0439341664181048,0.0314953558562274,0.0358258222470877,0.0886643585459174,0.0518574857037108,0.2392297691102451,0.1013614830708863,0.0614856742135844,0.0814106857439561,0.0442378857701438,0.0342951205498012,0.3105213515343661,0.1269998934081432,22.835,5.4350000000000005,2.6100000000000003,0.6599999999999999,0.61,0.50237,0.41103,1.3701,8.705000000000002,8.045000000000002,6.095000000000001,3.2700000000000005,0.9134,5.4350000000000005,2.6100000000000003,0.6599999999999999,0.61,8.705000000000002,0.50237,0.41103,1.3701
5274110,Monique Akoa Makani,PHX,2026-06-24,0.0,31.0,0.0,0.0,3.0,0,0,0,0,0,0,0,0,0,0,,0,0,,0,0,0,0,0.0,,,,,,,,,,0.0,0.0,0.0,0.0,0.0,0.0,0.0,0.0,0.0,0.0,0.0,0.0,0.0,,0.0,0.0,,0.0,0.0,0.0,0.0,,,,,,,,,,,,,,,,,,,0.0,0.0,0.0,0.0,0.0,0.0,0.0,0.0,0.0,0.0,0.0,0.0,,0.0,0.0,,0.0,0.0,0.0,0.0,,,,,,,,,,,,,,,,,,,0.0,0.0,0.0,0.0,0.0,0.0,0.0,0.0,0.0,0.0,0.0,0.0,,0.0,0.0,,0.0,0.0,0.0,0.0,,,,,,,,,,,,,,,,,,,8.0,0.0,0.0,0.0,0.0,0.176,0.144,0.48,0.0,0.0,0.0,0.0,0.3199999999999999,0.0,0.0,0.0,0.0,0.0,0.176,0.144,0.48
5277552,Juste Jocyte,GSV,2026-06-24,0.0,33.0,0.0,0.0,3.0,0,0,0,0,0,0,0,0,0,0,,0,0,,0,0,0,0,0.0,,,,,,,,,,0.0,0.0,0.0,0.0,0.0,0.0,0.0,0.0,0.0,0.0,0.0,0.0,0.0,,0.0,0.0,,0.0,0.0,0.0,0.0,,,,,,,,,,,,,,,,,,,0.0,0.0,0.0,0.0,0.0,0.0,0.0,0.0,0.0,0.0,0.0,0.0,,0.0,0.0,,0.0,0.0,0.0,0.0,,,,,,,,,,,,,,,,,,,0.0,0.0,0.0,0.0,0.0,0.0,0.0,0.0,0.0,0.0,0.0,0.0,,0.0,0.0,,0.0,0.0,0.0,0.0,,,,,,,,,,,,,,,,,,,8.0,0.0,0.0,0.0,0.0,0.176,0.144,0.48,0.0,0.0,0.0,0.0,0.3199999999999999,0.0,0.0,0.0,0.0,0.0,0.176,0.144,0.48
5278157,Alex Wilson,WSH,2026-06-24,0.0,31.0,0.0,0.0,7.0,0,0,0,0,0,0,0,0,0,0,,0,0,,0,0,0,0,0.0,,,,,,,,,,0.0,5.666666666666667,4.932882862316244,1.6666666666666667,0.3333333333333333,0.0,0.3333333333333333,1.0,0.0,0.3333333333333333,0.0,0.3333333333333333,1.0,,0.6666666666666666,1.0,,0.0,0.3333333333333333,0.0,-5.333333333333333,0.2916666666666666,0.0589255650988789,0.0555555555555555,0.0785674201318386,0.0,0.0,0.0555555555555555,0.0785674201318386,0.1666666666666666,0.2357022603955158,0.1666666666666666,0.2357022603955158,0.1875,0.2651650429449553,0.0,0.0,0.2491666666666667,0.1190296414997354,11.6,9.181503144910424,2.4,1.4,0.6,0.4,2.2,0.0,0.2,0.4,0.8,3.0,,0.4,0.6,,1.0,0.4,1.4,-4.0,0.227328431372549,0.0897066636274417,0.0988562091503268,0.0704132726353439,0.0355392156862745,0.0422394312245443,0.0381944444444444,0.0524294058004913,0.1752450980392156,0.1467521311757127,0.2212009803921568,0.1704489021353284,0.09375,0.1875,0.0208333333333333,0.0416666666666666,0.2832843137254902,0.1396989793042865,9.666666666666666,9.4798030921885,2.0,1.1666666666666667,0.5,0.3333333333333333,1.8333333333333333,0.0,0.1666666666666666,0.3333333333333333,0.6666666666666666,2.5,,0.3333333333333333,0.5,,0.8333333333333334,0.3333333333333333,1.1666666666666667,-3.333333333333333,0.227328431372549,0.0897066636274417,0.0988562091503268,0.0704132726353439,0.0355392156862745,0.0422394312245443,0.0381944444444444,0.0524294058004913,0.1752450980392156,0.1467521311757127,0.2212009803921568,0.1704489021353284,0.09375,0.1875,0.0208333333333333,0.0416666666666666,0.2832843137254902,0.1396989793042865,8.0,1.7399999999999998,0.8233333333333334,0.31,0.3066666666666666,0.176,0.144,0.48,2.873333333333333,2.563333333333333,2.05,1.1333333333333333,0.3199999999999999,1.7399999999999998,0.8233333333333334,0.31,0.3066666666666666,2.873333333333333,0.176,0.144,0.48
5278237,Anastasiia Olairi Kosu,MIN,2026-06-24,0.0,32.0,0.0,0.0,9.0,0,0,0,0,0,0,0,0,0,0,,0,0,,0,0,0,0,0.0,,,,,,,,,,0.0,6.666666666666667,7.023769168568492,2.333333333333333,1.3333333333333333,0.0,0.0,0.0,0.6666666666666666,0.3333333333333333,0.6666666666666666,1.0,1.6666666666666667,,0.3333333333333333,0.6666666666666666,,0.6666666666666666,0.6666666666666666,0.6666666666666666,5.333333333333333,0.3452380952380953,0.0168358757425369,0.1428571428571428,0.2020305089104421,0.0,0.0,0.0,0.0,0.0,0.0,0.2261904761904761,0.084179378712684,0.0714285714285714,0.101015254455221,0.0714285714285714,0.101015254455221,0.329047619047619,0.2296413451282025,6.8,5.167204273105525,2.2,1.2,0.6,0.0,0.0,0.4,0.2,0.4,1.0,1.8,,0.2,0.4,,0.6,0.6,1.2,2.6,0.3281746031746032,0.0758300004251265,0.126984126984127,0.1489020876134422,0.1055555555555555,0.1222222222222222,0.0,0.0,0.0,0.0,0.2686507936507936,0.1001667795422211,0.0357142857142857,0.0714285714285714,0.0357142857142857,0.0714285714285714,0.3200793650793651,0.151502843587229,6.875,5.617256574927962,3.125,1.5,0.375,0.0,0.0,0.375,0.25,0.25,1.25,2.125,,0.625,0.75,,0.625,0.875,0.875,3.875,0.441005291005291,0.1844015923410519,0.167989417989418,0.1418320067269413,0.0703703703703703,0.1092435644722416,0.0,0.0,0.0,0.0,0.3346560846560846,0.1802112829208524,0.0682539682539682,0.1127542897471621,0.0238095238095238,0.0583211843519804,0.3884973544973545,0.1816490090142375,8.0,2.095,1.12,0.285,0.0,0.176,0.144,0.48,3.5000000000000004,3.2150000000000003,2.3800000000000003,1.4050000000000002,0.3199999999999999,2.095,1.12,0.285,0.0,3.5000000000000004,0.176,0.144,0.48
5315047,Megan Nestor,CHI,2026-06-24,0.0,56.0,0.0,0.0,3.0,2,1,1,0,0,1,0,0,0,2,,2,4,,0,1,2,-7,11.0,0.1818181818181818,0.0909090909090909,0.0909090909090909,0.0,0.0,0.1818181818181818,0.3636363636363636,0.0,0.3418181818181818,0.0,10.5,0.7071067811865476,3.0,2.0,0.5,0.0,0.0,1.0,0.0,0.0,0.5,2.5,,2.0,3.0,,0.5,1.5,3.5,-0.5,0.2909090909090909,0.154277843167974,0.1954545454545454,0.1478495997026417,0.0454545454545454,0.0642824346533225,0.0,0.0,0.0,0.0,0.2409090909090909,0.0835671650493192,0.2818181818181818,0.1157083823759804,0.0,0.0,0.3649090909090909,0.0326554768038878,10.5,0.7071067811865476,3.0,2.0,0.5,0.0,0.0,1.0,0.0,0.0,0.5,2.5,,2.0,3.0,,0.5,1.5,3.5,-0.5,0.2909090909090909,0.154277843167974,0.1954545454545454,0.1478495997026417,0.0454545454545454,0.0642824346533225,0.0,0.0,0.0,0.0,0.2409090909090909,0.0835671650493192,0.2818181818181818,0.1157083823759804,0.0,0.0,0.3649090909090909,0.0326554768038878,10.5,0.7071067811865476,3.0,2.0,0.5,0.0,0.0,1.0,0.0,0.0,0.5,2.5,,2.0,3.0,,0.5,1.5,3.5,-0.5,0.2909090909090909,0.154277843167974,0.1954545454545454,0.1478495997026417,0.0454545454545454,0.0642824346533225,0.0,0.0,0.0,0.0,0.2409090909090909,0.0835671650493192,0.2818181818181818,0.1157083823759804,0.0,0.0,0.3649090909090909,0.0326554768038878,10.575,2.85,1.85,0.575,0.0,0.2326499999999999,0.1903499999999999,0.6345,5.275,4.7,3.425,2.425,0.4229999999999999,2.85,1.85,0.575,0.0,5.275,0.2326499999999999,0.1903499999999999,0.6345
5345322,Emma Cechova,MIN,2026-06-24,0.0,32.0,0.0,0.0,9.0,0,0,0,0,0,0,0,0,0,0,,0,0,,0,0,0,0,0.0,,,,,,,,,,0.0,0.0,0.0,0.0,0.0,0.0,0.0,0.0,0.0,0.0,0.0,0.0,0.0,,0.0,0.0,,0.0,0.0,0.0,0.0,,,,,,,,,,,,,,,,,,,6.6,9.838699100999076,2.6,1.6,0.0,0.0,0.2,0.2,0.2,0.4,1.0,2.2,,0.6,0.8,,0.6,1.0,1.2,-2.2,0.3409090909090909,0.224988521286629,0.2272727272727272,0.0642824346533224,0.0,0.0,0.0,0.0,0.0227272727272727,0.0321412173266612,0.3181818181818182,0.0642824346533225,0.0909090909090909,0.128564869306645,0.0454545454545454,0.0642824346533225,0.4036363636363637,0.1851334118015688,9.5,10.82325538564332,5.125,2.125,0.0,0.0,0.125,0.125,0.75,0.75,1.875,2.875,,1.375,2.25,,0.75,1.375,1.875,0.375,0.4950159489633173,0.2207797571720907,0.2156100478468899,0.0545221469411302,0.0,0.0,0.0,0.0,0.0113636363636363,0.0227272727272727,0.2977970494417863,0.0454633978410852,0.2022527910685805,0.1706512291298114,0.0698763955342902,0.0474636599687093,0.456664673046252,0.1294271404145791,8.0,1.935,0.985,0.0,0.0,0.176,0.144,0.48,2.92,2.92,1.935,0.985,0.3199999999999999,1.935,0.985,0.0,0.0,2.92,0.176,0.144,0.48
5345329,Iyana Martin,POR,2026-06-24,0.0,56.0,0.0,0.0,2.0,0,0,0,0,0,0,0,0,0,0,,0,0,,0,0,0,0,0.0,,,,,,,,,,0.0,0.0,,0.0,0.0,0.0,0.0,0.0,0.0,0.0,0.0,0.0,0.0,,0.0,0.0,,0.0,0.0,0.0,0.0,,,,,,,,,,,,,,,,,,,0.0,,0.0,0.0,0.0,0.0,0.0,0.0,0.0,0.0,0.0,0.0,,0.0,0.0,,0.0,0.0,0.0,0.0,,,,,,,,,,,,,,,,,,,0.0,,0.0,0.0,0.0,0.0,0.0,0.0,0.0,0.0,0.0,0.0,,0.0,0.0,,0.0,0.0,0.0,0.0,,,,,,,,,,,,,,,,,,,8.0,0.0,0.0,0.0,0.0,0.176,0.144,0.48,0.0,0.0,0.0,0.0,0.3199999999999999,0.0,0.0,0.0,0.0,0.0,0.176,0.144,0.48
5345332,Kejia Ran,ATL,2026-06-24,0.0,56.0,0.0,0.0,2.0,0,0,0,0,0,0,0,0,0,0,,0,0,,0,0,0,0,0.0,,,,,,,,,,0.0,0.0,,0.0,0.0,0.0,0.0,0.0,0.0,0.0,0.0,0.0,0.0,,0.0,0.0,,0.0,0.0,0.0,0.0,,,,,,,,,,,,,,,,,,,0.0,,0.0,0.0,0.0,0.0,0.0,0.0,0.0,0.0,0.0,0.0,,0.0,0.0,,0.0,0.0,0.0,0.0,,,,,,,,,,,,,,,,,,,0.0,,0.0,0.0,0.0,0.0,0.0,0.0,0.0,0.0,0.0,0.0,,0.0,0.0,,0.0,0.0,0.0,0.0,,,,,,,,,,,,,,,,,,,8.0,0.0,0.0,0.0,0.0,0.176,0.144,0.48,0.0,0.0,0.0,0.0,0.3199999999999999,0.0,0.0,0.0,0.0,0.0,0.176,0.144,0.48
5345336,Kokoro Tanaka,GSV,2026-06-24,0.0,60.0,0.0,0.0,2.0,0,0,0,0,0,0,0,0,0,0,,0,0,,0,0,0,0,0.0,,,,,,,,,,0.0,0.0,,0.0,0.0,0.0,0.0,0.0,0.0,0.0,0.0,0.0,0.0,,0.0,0.0,,0.0,0.0,0.0,0.0,,,,,,,,,,,,,,,,,,,0.0,,0.0,0.0,0.0,0.0,0.0,0.0,0.0,0.0,0.0,0.0,,0.0,0.0,,0.0,0.0,0.0,0.0,,,,,,,,,,,,,,,,,,,0.0,,0.0,0.0,0.0,0.0,0.0,0.0,0.0,0.0,0.0,0.0,,0.0,0.0,,0.0,0.0,0.0,0.0,,,,,,,,,,,,,,,,,,,8.0,0.0,0.0,0.0,0.0,0.176,0.144,0.48,0.0,0.0,0.0,0.0,0.3199999999999999,0.0,0.0,0.0,0.0,0.0,0.176,0.144,0.48
5345478,Eliska Hamzova,MIN,2026-06-24,0.0,32.0,0.0,0.0,10.0,0,0,0,0,0,0,0,0,0,0,,0,0,,0,0,0,0,0.0,,,,,,,,,,0.0,2.333333333333333,2.516611478423592,1.3333333333333333,2.0,0.6666666666666666,0.0,0.0,0.0,0.0,0.6666666666666666,0.0,0.3333333333333333,,1.3333333333333333,2.0,,0.6666666666666666,1.3333333333333333,0.0,2.333333333333333,0.4,0.5656854249492381,0.6,0.848528137423857,0.2,0.282842712474619,0.0,0.0,0.0,0.0,0.1,0.1414213562373095,0.6,0.848528137423857,0.2,0.282842712474619,0.5640000000000001,0.7976164491784257,2.4,2.5099800796022267,1.2,1.4,0.4,0.0,0.2,0.0,0.0,0.8,0.0,0.4,,1.2,1.6,,0.4,1.0,0.2,0.6,0.4000000000000001,0.4,0.4666666666666666,0.6429100507328637,0.1333333333333333,0.2309401076758503,0.0,0.0,0.0666666666666666,0.1154700538379251,0.1333333333333333,0.1154700538379251,0.5333333333333333,0.6110100926607787,0.2666666666666666,0.2309401076758503,0.6346666666666667,0.5771285241030228,6.666666666666667,7.3824115301167,3.0,1.2222222222222223,1.3333333333333333,0.2222222222222222,0.3333333333333333,0.1111111111111111,0.2222222222222222,1.7777777777777777,0.4444444444444444,1.5555555555555556,,1.8888888888888888,2.888888888888889,,0.5555555555555556,0.6666666666666666,1.2222222222222223,1.8888888888888888,0.4201692642869113,0.2555199963483602,0.2744762862409921,0.4581920244037937,0.1701944025473437,0.1910541409475533,0.0190631808278867,0.0295506283719413,0.05239651416122,0.0775554758712259,0.1977626948215183,0.1236200573382102,0.4716691804927099,0.4407194230937797,0.2578515166750461,0.1484708162036529,0.6631486509133568,0.3983675467656705,8.0,1.42,1.3344444444444443,0.6066666666666667,0.0444444444444444,0.176,0.144,0.48,3.3611111111111107,2.7544444444444443,2.0266666666666664,1.941111111111111,0.3199999999999999,1.42,1.3344444444444443,0.6066666666666667,0.0444444444444444,3.3611111111111107,0.176,0.144,0.48
5345524,Noemie Brochant,PHX,2026-06-24,0.0,31.0,0.0,0.0,9.0,6,5,2,0,2,2,1,1,3,7,,0,0,,2,3,2,0,31.0,0.1935483870967742,0.1612903225806451,0.064516129032258,0.0,0.064516129032258,0.2258064516129032,0.0,0.032258064516129,0.2580645161290322,0.0,23.666666666666668,8.08290376865476,3.6666666666666665,4.0,1.0,0.3333333333333333,2.0,0.6666666666666666,1.0,1.0,1.6666666666666667,5.0,,0.0,0.0,,1.3333333333333333,2.6666666666666665,1.3333333333333333,-3.6666666666666665,0.1311827956989247,0.1136534216062264,0.173763440860215,0.0227306843212452,0.0437275985663082,0.0378844738687421,0.0133333333333333,0.023094010767585,0.0926164874551971,0.0361017135152106,0.2174910394265232,0.0538173206720335,0.0,0.0,0.0551971326164874,0.0695636045531649,0.2726881720430107,0.1206664347870517,18.8,8.78635305459552,2.6,2.8,0.8,0.2,1.2,0.6,0.6,0.6,1.2,3.2,,0.0,0.0,,1.0,1.8,1.6,-1.0,0.1150733137829912,0.1052490993577123,0.1406217008797654,0.0803120563898206,0.0429032258064516,0.0398364966808044,0.008,0.0178885438199983,0.0555698924731182,0.0567891801660208,0.1486764418377321,0.1065841284190522,0.0,0.0,0.0331182795698924,0.057737029486623,0.1817947214076246,0.1542847640213135,16.0,9.31971796017148,3.75,2.25,0.5,0.625,1.5,0.375,0.375,0.5,1.5,3.375,,0.125,0.125,,0.625,1.625,1.25,-0.875,0.2260444304799143,0.2108646294537648,0.1331821672950705,0.0732507330767989,0.0306451612903225,0.038681042774264,0.0404365079365079,0.0687954595575312,0.0922721454173067,0.1076133020718032,0.1984593632174277,0.1218117787691879,0.0079365079365079,0.0209980262782904,0.032584485407066,0.0504849312161583,0.2345359121165573,0.1549419445362334,21.53,3.66,3.38,0.98,0.295,0.4736599999999999,0.3875399999999999,1.2917999999999998,8.02,7.039999999999999,4.64,4.359999999999999,0.8611999999999999,3.66,3.38,0.98,0.295,8.02,0.4736599999999999,0.3875399999999999,1.2917999999999998
5346554,Teja Oblak,POR,2026-06-24,0.0,32.0,0.0,0.0,5.0,3,1,9,1,1,0,0,2,1,4,,0,0,,0,1,2,7,17.0,0.1764705882352941,0.0588235294117647,0.5294117647058824,0.0588235294117647,0.0588235294117647,0.2352941176470588,0.0,0.1176470588235294,0.3529411764705882,0.0,5.666666666666667,9.814954576223638,1.0,0.3333333333333333,3.0,0.3333333333333333,0.3333333333333333,0.0,0.0,0.6666666666666666,0.3333333333333333,1.3333333333333333,,0.0,0.0,,0.0,0.3333333333333333,0.6666666666666666,2.333333333333333,0.1764705882352941,,0.0588235294117647,,0.5294117647058824,,0.0588235294117647,,0.0588235294117647,,0.2352941176470588,,0.0,,0.1176470588235294,,0.3529411764705882,,4.25,8.5,0.75,0.25,2.25,0.25,0.25,0.0,0.0,0.5,0.25,1.0,,0.0,0.0,,0.0,0.25,0.5,1.75,0.1764705882352941,,0.0588235294117647,,0.5294117647058824,,0.0588235294117647,,0.0588235294117647,,0.2352941176470588,,0.0,,0.1176470588235294,,0.3529411764705882,,4.25,8.5,0.75,0.25,2.25,0.25,0.25,0.0,0.0,0.5,0.25,1.0,,0.0,0.0,,0.0,0.25,0.5,1.75,0.1764705882352941,,0.0588235294117647,,0.5294117647058824,,0.0588235294117647,,0.0588235294117647,,0.2352941176470588,,0.0,,0.1176470588235294,,0.3529411764705882,,8.0,1.1625,0.3875,3.4875000000000003,0.3875,0.176,0.144,0.48,5.0375000000000005,1.55,4.65,3.875,0.3199999999999999,1.1625,0.3875,3.4875000000000003,0.3875,5.0375000000000005,0.176,0.144,0.48
5349415,Alicia Florez Getino,WSH,2026-06-24,0.0,45.0,0.0,0.0,2.0,0,0,0,0,0,0,0,0,0,0,,0,0,,0,0,0,0,0.0,,,,,,,,,,0.0,0.0,,0.0,0.0,0.0,0.0,0.0,0.0,0.0,0.0,0.0,0.0,,0.0,0.0,,0.0,0.0,0.0,0.0,,,,,,,,,,,,,,,,,,,0.0,,0.0,0.0,0.0,0.0,0.0,0.0,0.0,0.0,0.0,0.0,,0.0,0.0,,0.0,0.0,0.0,0.0,,,,,,,,,,,,,,,,,,,0.0,,0.0,0.0,0.0,0.0,0.0,0.0,0.0,0.0,0.0,0.0,,0.0,0.0,,0.0,0.0,0.0,0.0,,,,,,,,,,,,,,,,,,,8.0,0.0,0.0,0.0,0.0,0.176,0.144,0.48,0.0,0.0,0.0,0.0,0.3199999999999999,0.0,0.0,0.0,0.0,0.0,0.176,0.144,0.48
