player_id,player_name,team,asof_date,is_home,days_rest,games_last7,games_last14,season_game_number,lag1_pts,lag1_reb,lag1_ast,lag1_threes,lag1_fg3a,lag1_stl,lag1_blk,lag1_tov,lag1_fgm,lag1_fga,lag1_fg_pct,lag1_ftm,lag1_fta,lag1_ft_pct,lag1_oreb,lag1_dreb,lag1_pf,lag1_plus_minus,lag1_min,lag1_pts_per_min,lag1_reb_per_min,lag1_ast_per_min,lag1_fg3m_per_min,lag1_fg3a_per_min,lag1_fga_per_min,lag1_fta_per_min,lag1_tov_per_min,lag1_usage_per_min,b2b,roll3_min,roll3_min_std,roll3_pts,roll3_reb,roll3_ast,roll3_threes,roll3_fg3a,roll3_stl,roll3_blk,roll3_tov,roll3_fgm,roll3_fga,roll3_fg_pct,roll3_ftm,roll3_fta,roll3_ft_pct,roll3_oreb,roll3_dreb,roll3_pf,roll3_plus_minus,roll3_pts_per_min,roll3_pts_per_min_std,roll3_reb_per_min,roll3_reb_per_min_std,roll3_ast_per_min,roll3_ast_per_min_std,roll3_fg3m_per_min,roll3_fg3m_per_min_std,roll3_fg3a_per_min,roll3_fg3a_per_min_std,roll3_fga_per_min,roll3_fga_per_min_std,roll3_fta_per_min,roll3_fta_per_min_std,roll3_tov_per_min,roll3_tov_per_min_std,roll3_usage_per_min,roll3_usage_per_min_std,roll5_min,roll5_min_std,roll5_pts,roll5_reb,roll5_ast,roll5_threes,roll5_fg3a,roll5_stl,roll5_blk,roll5_tov,roll5_fgm,roll5_fga,roll5_fg_pct,roll5_ftm,roll5_fta,roll5_ft_pct,roll5_oreb,roll5_dreb,roll5_pf,roll5_plus_minus,roll5_pts_per_min,roll5_pts_per_min_std,roll5_reb_per_min,roll5_reb_per_min_std,roll5_ast_per_min,roll5_ast_per_min_std,roll5_fg3m_per_min,roll5_fg3m_per_min_std,roll5_fg3a_per_min,roll5_fg3a_per_min_std,roll5_fga_per_min,roll5_fga_per_min_std,roll5_fta_per_min,roll5_fta_per_min_std,roll5_tov_per_min,roll5_tov_per_min_std,roll5_usage_per_min,roll5_usage_per_min_std,roll10_min,roll10_min_std,roll10_pts,roll10_reb,roll10_ast,roll10_threes,roll10_fg3a,roll10_stl,roll10_blk,roll10_tov,roll10_fgm,roll10_fga,roll10_fg_pct,roll10_ftm,roll10_fta,roll10_ft_pct,roll10_oreb,roll10_dreb,roll10_pf,roll10_plus_minus,roll10_pts_per_min,roll10_pts_per_min_std,roll10_reb_per_min,roll10_reb_per_min_std,roll10_ast_per_min,roll10_ast_per_min_std,roll10_fg3m_per_min,roll10_fg3m_per_min_std,roll10_fg3a_per_min,roll10_fg3a_per_min_std,roll10_fga_per_min,roll10_fga_per_min_std,roll10_fta_per_min,roll10_fta_per_min_std,roll10_tov_per_min,roll10_tov_per_min_std,roll10_usage_per_min,roll10_usage_per_min_std,pred_min,pred_pts,pred_reb,pred_ast,pred_threes,pred_stl,pred_blk,pred_tov,pred_pra,pred_pr,pred_pa,pred_ra,pred_stocks,mean_pts,mean_reb,mean_ast,mean_threes,mean_pra,mean_stl,mean_blk,mean_tov,opponent,home,sd_pts,sd_reb,sd_ast,sd_threes,sd_pra,sd_stl,sd_blk,sd_tov
1107,Shey Peddy,CON,2026-07-06,0.0,54.0,0.0,0.0,11.0,0,0,0,0,0,0,0,0,0,0,,0,0,,0,0,0,0,0.0,,,,,,,,,,0.0,0.0,0.0,0.0,0.0,0.0,0.0,0.0,0.0,0.0,0.0,0.0,0.0,,0.0,0.0,,0.0,0.0,0.0,0.0,,,,,,,,,,,,,,,,,,,0.0,0.0,0.0,0.0,0.0,0.0,0.0,0.0,0.0,0.0,0.0,0.0,,0.0,0.0,,0.0,0.0,0.0,0.0,,,,,,,,,,,,,,,,,,,0.0,0.0,0.0,0.0,0.0,0.0,0.0,0.0,0.0,0.0,0.0,0.0,,0.0,0.0,,0.0,0.0,0.0,0.0,,,,,,,,,,,,,,,,,,,8.0,0.0,0.0,0.0,0.0,0.176,0.144,0.48,0.0,0.0,0.0,0.0,0.3199999999999999,0.0,0.0,0.0,0.0,0.0,0.176,0.144,0.48,,,,,,,,,,
2490553,Brittney Griner,CON,2026-07-06,0.0,45.0,0.0,0.0,19.0,0,0,0,0,0,0,0,0,0,0,,0,0,,0,0,0,0,0.0,,,,,,,,,,0.0,0.0,0.0,0.0,0.0,0.0,0.0,0.0,0.0,0.0,0.0,0.0,0.0,,0.0,0.0,,0.0,0.0,0.0,0.0,,,,,,,,,,,,,,,,,,,5.4,12.074767078498866,3.2,1.0,0.8,0.0,0.0,0.0,0.4,0.4,1.2,2.4,,0.8,1.4,,0.6,0.4,0.4,1.8,0.5925925925925926,,0.1851851851851851,,0.1481481481481481,,0.0,,0.0,,0.4444444444444444,,0.2592592592592592,,0.074074074074074,,0.6325925925925925,,5.4,11.384199576606164,3.2,1.0,0.8,0.0,0.0,0.0,0.4,0.4,1.2,2.4,,0.8,1.4,,0.6,0.4,0.4,1.8,0.5925925925925926,0.0,0.1851851851851851,0.0,0.1481481481481481,0.0,0.0,0.0,0.0,0.0,0.4444444444444444,0.0,0.2592592592592592,0.0,0.074074074074074,0.0,0.6325925925925925,0.0,8.0,1.76,0.55,0.44,0.0,0.176,0.144,0.48,2.75,2.31,2.2,0.99,0.3199999999999999,1.76,0.55,0.44,0.0,2.75,0.176,0.144,0.48,,,,,,,,,,
3922628,Kennedy Burke,CON,2026-07-06,0.0,45.0,0.0,0.0,19.0,7,3,1,1,5,1,1,2,3,9,,0,1,,2,1,2,-1,25.0,0.28,0.12,0.04,0.04,0.2,0.36,0.04,0.08,0.4576,0.0,24.33333333333333,1.154700538379251,9.666666666666666,4.0,1.0,1.6666666666666667,5.0,0.6666666666666666,1.0,1.3333333333333333,3.6666666666666665,8.666666666666666,,0.6666666666666666,1.6666666666666667,,1.6666666666666667,2.333333333333333,2.0,0.3333333333333333,0.4040579710144927,0.2148747088810084,0.1669565217391304,0.0813310813988864,0.041159420289855,0.0020081748493552,0.0701449275362318,0.0522125460832357,0.2057971014492754,0.010040874246776,0.3559420289855072,0.0070286119727433,0.0701449275362318,0.0522125460832357,0.0533333333333333,0.04618802153517,0.4401391304347826,0.0302431132312896,23.4,1.6733200530681511,8.8,4.8,1.4,1.6,4.6,0.8,1.0,1.0,3.2,7.8,,0.8,1.6,,1.2,3.6,2.0,0.6,0.3728695652173913,0.2794204101268609,0.2094906832298136,0.0823206860002019,0.0619627329192546,0.0452547794373025,0.0681739130434782,0.059135549650901,0.195527950310559,0.0307010786217775,0.3307494824016563,0.0521517386905315,0.0681739130434782,0.0591355496509009,0.0415238095238095,0.0401448624026072,0.4022698136645962,0.070223618824939,24.8,3.552776691859792,7.4,3.8,2.6,1.0,4.2,1.4,1.0,2.0,3.0,8.4,,0.4,0.8,,0.8,3.0,2.0,-7.8,0.3039079008882656,0.2443356160914533,0.1647683830895612,0.1000089612812771,0.1025251452614706,0.053709224403859,0.0424202898550724,0.0502260195258437,0.1730711948173378,0.0486871473082513,0.3407971682361584,0.0979297642498077,0.0340869565217391,0.0533408942340636,0.0763302611367127,0.0512300985562615,0.4321256902424364,0.1174141757770008,24.2,8.51,4.09,1.46,1.41,0.5324,0.4355999999999999,1.452,14.059999999999999,12.6,9.97,5.55,0.968,8.51,4.09,1.46,1.41,14.06,0.5324,0.4355999999999999,1.452,MIN,False,2.1275,1.0225,1.0,1.0,3.515,1.0,1.0,1.0
4398966,Olivia Nelson-Ododa,CON,2026-07-06,0.0,45.0,0.0,0.0,17.0,0,0,0,0,0,0,0,0,0,0,,0,0,,0,0,0,0,0.0,,,,,,,,,,0.0,0.0,0.0,0.0,0.0,0.0,0.0,0.0,0.0,0.0,0.0,0.0,0.0,,0.0,0.0,,0.0,0.0,0.0,0.0,,,,,,,,,,,,,,,,,,,0.0,0.0,0.0,0.0,0.0,0.0,0.0,0.0,0.0,0.0,0.0,0.0,,0.0,0.0,,0.0,0.0,0.0,0.0,,,,,,,,,,,,,,,,,,,6.8,9.390302326218135,3.8,1.4,0.8,0.0,0.0,0.4,0.2,0.6,1.4,1.8,,1.0,1.2,,0.0,1.4,1.2,-2.2,0.5265151515151514,0.1268421045946908,0.1780303030303029,0.1093466418919745,0.1098484848484848,0.0306170597297529,0.0,0.0,0.0,0.0,0.2424242424242423,0.0874773135135796,0.1742424242424242,0.0087477313513572,0.0871212121212121,0.0043738656756765,0.4062121212121211,0.0957001809838567,8.0,0.76,0.2799999999999999,0.16,0.0,0.176,0.144,0.48,1.2,1.04,0.92,0.44,0.3199999999999999,0.76,0.2799999999999999,0.16,0.0,1.2000000000000002,0.176,0.144,0.48,,,,,,,,,,
4433408,Aaliyah Edwards,CON,2026-07-06,0.0,45.0,0.0,0.0,19.0,10,7,2,0,0,2,1,1,5,11,,0,0,,2,5,3,-3,24.0,0.4166666666666667,0.2916666666666667,0.0833333333333333,0.0,0.0,0.4583333333333333,0.0,0.0416666666666666,0.5,0.0,25.0,1.7320508075688772,10.666666666666666,6.0,2.333333333333333,0.0,0.6666666666666666,1.6666666666666667,0.6666666666666666,2.0,5.0,11.333333333333334,,0.6666666666666666,0.6666666666666666,,2.0,4.0,3.333333333333333,-2.6666666666666665,0.4259259259259259,0.0160375074774895,0.2438271604938271,0.0828604553003629,0.0925925925925926,0.0160375074774896,0.0,0.0,0.0246913580246913,0.0427666866066389,0.4537037037037037,0.0080187537387447,0.0246913580246913,0.0427666866066389,0.0771604938271604,0.0614771119970435,0.5417283950617285,0.0722757003652198,23.8,4.08656334834051,11.2,4.8,2.0,0.0,0.8,1.6,0.6,2.4,5.0,10.4,,1.2,1.4,,1.8,3.0,3.0,-4.0,0.4856209150326797,0.1239107352342501,0.1994553376906318,0.0850930494690185,0.0777777777777777,0.0456435464587638,0.0,0.0,0.0296296296296296,0.0405720412966789,0.4316993464052287,0.0445714676078908,0.0649237472766884,0.0725264445042926,0.0994553376906318,0.0542032731846345,0.5597211328976035,0.0629210541183316,17.0,9.865765724632496,8.0,3.2,1.0,0.0,0.4,1.2,0.4,1.8,3.6,6.8,,0.8,1.0,,1.2,2.0,2.2,-6.6,0.4799836601307189,0.143867091025939,0.1834831154684096,0.0703781673900424,0.0486111111111111,0.0530174175233626,0.0,0.0,0.0185185185185185,0.0342896333249093,0.3874591503267974,0.0720606893309517,0.062636165577342,0.0773409520225,0.1062772331154684,0.0420416279954328,0.5212962962962964,0.0827549090002419,22.83,10.22,5.17,1.9,0.0,0.5022599999999999,0.4109399999999999,1.3698,17.29,15.39,12.12,7.07,0.9131999999999998,10.22,5.17,1.9,0.0,17.29,0.5022599999999999,0.4109399999999999,1.3698,MIN,False,2.555,1.2925,1.0,1.0,4.3225,1.0,1.0,1.0
4433412,Hailey Van Lith,CON,2026-07-06,0.0,45.0,0.0,0.0,19.0,5,0,1,1,1,0,0,1,2,5,,0,0,,0,0,0,-12,10.0,0.5,0.0,0.1,0.1,0.1,0.5,0.0,0.1,0.6,0.0,10.666666666666666,1.1547005383792517,3.333333333333333,0.0,1.0,0.6666666666666666,1.0,0.0,0.0,0.6666666666666666,1.3333333333333333,4.666666666666667,,0.0,0.0,,0.0,0.0,0.0,-8.666666666666666,0.3333333333333333,0.2886751345948129,0.0,0.0,0.0944444444444444,0.0096225044864937,0.0666666666666666,0.0577350269189625,0.0944444444444444,0.0096225044864937,0.4444444444444444,0.0962250448649376,0.0,0.0,0.0666666666666666,0.0577350269189625,0.5111111111111111,0.1539600717839001,13.8,6.340346993658944,4.4,0.2,1.4,0.6,1.4,0.0,0.2,0.8,1.8,5.4,,0.2,0.4,,0.0,0.2,0.8,-4.2,0.296,0.2703331278256515,0.0079999999999999,0.0178885438199984,0.0973333333333333,0.0151657508881037,0.048,0.0501996015920445,0.0973333333333333,0.015165750888103,0.4053333333333332,0.0871014733897577,0.016,0.0357770876399966,0.056,0.0517687164221791,0.4683733333333332,0.1333879354864349,18.2,6.338594306135848,8.6,0.4,2.0,1.2,2.2,0.4,0.4,1.2,3.4,6.8,,0.6,0.8,,0.2,0.2,1.2,-5.0,0.4323636363636363,0.2625394106582101,0.017090909090909,0.0221390546556719,0.1061212121212121,0.0475157355835744,0.0643636363636363,0.0506573864199296,0.1152121212121212,0.0374094287670566,0.3841212121212121,0.1101700460054046,0.0341818181818181,0.044278109311344,0.0632727272727272,0.0386246565745309,0.4624339393939394,0.1090517569548014,13.17,5.01,0.15,1.34,0.7999999999999999,0.28974,0.23706,0.7902,6.5,5.16,6.35,1.4899999999999998,0.5267999999999999,5.01,0.15,1.34,0.7999999999999999,6.5,0.28974,0.23706,0.7902,MIN,False,1.2525,1.0,1.0,1.0,1.625,1.0,1.0,1.0
4433413,Madison Hayes,CON,2026-07-06,0.0,64.0,0.0,0.0,5.0,2,4,0,0,0,0,0,0,1,2,,0,0,,1,3,0,-2,11.0,0.1818181818181818,0.3636363636363636,0.0,0.0,0.0,0.1818181818181818,0.0,0.0,0.1818181818181818,0.0,9.333333333333334,2.886751345948128,1.3333333333333333,2.6666666666666665,0.3333333333333333,0.0,0.3333333333333333,0.3333333333333333,0.0,0.0,0.6666666666666666,1.6666666666666667,,0.0,0.0,,0.6666666666666666,2.0,0.0,1.0,0.1212121212121212,0.1049727762162956,0.2424242424242424,0.2099455524325912,0.0555555555555555,0.0962250448649376,0.0,0.0,0.0555555555555555,0.0962250448649376,0.1767676767676767,0.0087477313513579,0.0,0.0,0.0,0.0,0.1767676767676767,0.0087477313513579,8.5,2.8867513459481287,1.0,2.0,0.5,0.0,0.5,0.5,0.0,0.0,0.5,1.5,,0.0,0.0,,0.5,1.5,0.0,2.5,0.0909090909090909,0.1049727762162956,0.1818181818181818,0.2099455524325912,0.0833333333333333,0.0962250448649376,0.0,0.0,0.0833333333333333,0.0962250448649376,0.1742424242424242,0.0087477313513579,0.0,0.0,0.0,0.0,0.1742424242424242,0.0087477313513579,8.5,2.8867513459481287,1.0,2.0,0.5,0.0,0.5,0.5,0.0,0.0,0.5,1.5,,0.0,0.0,,0.5,1.5,0.0,2.5,0.0909090909090909,0.1049727762162956,0.1818181818181818,0.2099455524325912,0.0833333333333333,0.0962250448649376,0.0,0.0,0.0833333333333333,0.0962250448649376,0.1742424242424242,0.0087477313513579,0.0,0.0,0.0,0.0,0.1742424242424242,0.0087477313513579,9.125,1.2499999999999998,2.5,0.375,0.0,0.2007499999999999,0.1642499999999999,0.5475,4.125,3.749999999999999,1.6249999999999998,2.875,0.365,1.2499999999999998,2.5,0.375,0.0,4.124999999999999,0.2007499999999999,0.1642499999999999,0.5475,,,,,,,,,,
4433514,Saniya Rivers,CON,2026-07-06,0.0,45.0,0.0,0.0,19.0,2,2,2,0,1,1,1,2,1,6,,0,2,,0,2,0,-17,21.0,0.0952380952380952,0.0952380952380952,0.0952380952380952,0.0,0.0476190476190476,0.2857142857142857,0.0952380952380952,0.0952380952380952,0.4228571428571428,0.0,18.33333333333333,4.618802153517007,2.0,2.6666666666666665,2.333333333333333,0.0,0.6666666666666666,1.0,0.6666666666666666,1.6666666666666667,1.0,4.333333333333333,,0.0,1.3333333333333333,,0.3333333333333333,2.333333333333333,0.3333333333333333,-5.0,0.1147741147741147,0.033837378414044,0.166056166056166,0.1226604967509095,0.1404151404151404,0.0782489375824767,0.0,0.0,0.0317460317460317,0.0274928699614107,0.2161172161172161,0.1205456606000317,0.0634920634920634,0.0549857399228215,0.0891330891330891,0.0105741807543887,0.3331868131868131,0.1553135669204619,19.2,6.340346993658944,3.4,3.0,3.2,0.0,1.0,1.6,0.4,1.4,1.6,4.4,,0.2,1.2,,0.6,2.4,1.0,0.8,0.1639194139194139,0.0927986030442557,0.1826007326007326,0.1142958399290083,0.1732600732600732,0.0715411904522754,0.0,0.0,0.0404761904761904,0.0442242276690636,0.2021978021978022,0.1143596548637159,0.0523809523809523,0.0487950036474266,0.076007326007326,0.0243148682185929,0.3012527472527472,0.1375642388720528,24.0,6.633249580710798,7.0,2.6,4.4,0.4,2.2,1.6,0.6,1.4,2.6,7.6,,1.4,2.0,,0.4,2.2,1.6,-3.8,0.2674358974358974,0.1487403220327584,0.1301098901098901,0.0979480908555823,0.1847252747252747,0.0630762187401144,0.0142857142857142,0.0301169300968417,0.0804761904761904,0.0794348899317747,0.2887179487179487,0.1251755302307406,0.0742857142857142,0.0458507662854115,0.062051282051282,0.0246356173026102,0.383454945054945,0.1329938546697524,20.17,3.49,2.6699999999999995,3.0,0.08,0.4437399999999999,0.3630599999999999,1.2102,9.16,6.16,6.49,5.67,0.8067999999999999,3.49,2.6699999999999995,3.0,0.08,9.16,0.4437399999999999,0.3630599999999999,1.2102,MIN,False,1.0,1.0,1.0,1.0,2.29,1.0,1.0,1.0
4433635,Diamond Miller,CON,2026-07-06,0.0,45.0,0.0,0.0,19.0,13,3,2,0,1,2,0,3,3,6,,7,8,,0,3,2,-6,23.0,0.5652173913043478,0.1304347826086956,0.0869565217391304,0.0,0.0434782608695652,0.2608695652173913,0.3478260869565217,0.1304347826086956,0.5443478260869565,0.0,20.33333333333333,4.618802153517006,9.333333333333334,2.6666666666666665,1.3333333333333333,0.0,1.6666666666666667,1.3333333333333333,0.3333333333333333,2.0,2.333333333333333,6.0,,4.666666666666667,5.333333333333333,,0.3333333333333333,2.333333333333333,1.3333333333333333,-6.666666666666667,0.4212560386473429,0.2493483771282731,0.1314009661835748,0.0016734790411293,0.0579710144927536,0.0502043712338804,0.0,0.0,0.0956521739130434,0.0903678682209849,0.3072463768115942,0.0803269939742088,0.2318840579710145,0.2008174849355219,0.0869565217391304,0.0753065568508207,0.496231884057971,0.0833392562482416,17.8,4.816637831516917,6.6,2.0,1.0,0.2,2.0,0.8,0.4,1.2,1.8,5.2,,2.8,3.2,,0.4,1.6,1.6,-5.0,0.3255741360089186,0.2223504003264854,0.1055072463768116,0.0589981469917166,0.0501672240802675,0.0459790203507275,0.0153846153846153,0.034401045807689,0.1281605351170568,0.0795671785070429,0.2951170568561873,0.1052427110651677,0.1391304347826087,0.1905121939148403,0.0521739130434782,0.0714420727180651,0.4085083612040134,0.1596107332829641,18.0,4.8074017006186525,6.6,2.0,0.8,0.8,2.6,0.6,0.2,0.8,1.8,6.6,,2.2,2.4,,0.4,1.6,2.6,-8.8,0.3608639910813823,0.2247151466025844,0.1094202898550724,0.0697160201206127,0.0411092530657748,0.0387724246490925,0.0503846153846153,0.0532040126200278,0.1577982162764771,0.0785899683058541,0.3712764771460423,0.1810831001038725,0.1128985507246376,0.1349689636843227,0.0344202898550724,0.053386560640822,0.4553721293199554,0.1970808461111297,19.38,8.379999999999999,2.35,1.21,0.23,0.4263599999999999,0.34884,1.1627999999999998,11.939999999999998,10.73,9.59,3.56,0.7751999999999999,8.379999999999999,2.35,1.21,0.23,11.939999999999998,0.4263599999999999,0.34884,1.1627999999999998,MIN,False,2.095,1.0,1.0,1.0,2.9849999999999994,1.0,1.0,1.0
4433798,Taylor Bigby,CON,2026-07-06,0.0,64.0,0.0,0.0,5.0,0,0,2,0,2,0,0,0,0,3,,0,0,,0,0,0,-3,10.0,0.0,0.0,0.2,0.0,0.2,0.3,0.0,0.0,0.3,0.0,9.666666666666666,0.5773502691896255,0.6666666666666666,0.3333333333333333,1.6666666666666667,0.0,1.6666666666666667,0.0,0.3333333333333333,0.0,0.3333333333333333,2.6666666666666665,,0.0,0.0,,0.0,0.3333333333333333,0.3333333333333333,0.0,0.074074074074074,0.1283000598199168,0.037037037037037,0.0641500299099584,0.1703703703703703,0.0513200239279667,0.0,0.0,0.1703703703703703,0.0513200239279667,0.2740740740740741,0.0449050209369708,0.0,0.0,0.0,0.0,0.2740740740740741,0.0449050209369708,9.5,0.5773502691896255,1.0,0.5,1.5,0.0,1.5,0.0,0.5,0.0,0.5,2.5,,0.0,0.0,,0.0,0.5,0.5,1.5,0.1111111111111111,0.1283000598199168,0.0555555555555555,0.0641500299099584,0.1555555555555555,0.0513200239279667,0.0,0.0,0.1555555555555555,0.0513200239279667,0.261111111111111,0.0449050209369708,0.0,0.0,0.0,0.0,0.261111111111111,0.0449050209369708,9.5,0.5773502691896255,1.0,0.5,1.5,0.0,1.5,0.0,0.5,0.0,0.5,2.5,,0.0,0.0,,0.0,0.5,0.5,1.5,0.1111111111111111,0.1283000598199168,0.0555555555555555,0.0641500299099584,0.1555555555555555,0.0513200239279667,0.0,0.0,0.1555555555555555,0.0513200239279667,0.261111111111111,0.0449050209369708,0.0,0.0,0.0,0.0,0.261111111111111,0.0449050209369708,9.625,0.75,0.375,1.625,0.0,0.21175,0.17325,0.5775,2.75,1.125,2.375,2.0,0.385,0.75,0.375,1.625,0.0,2.75,0.21175,0.17325,0.5775,,,,,,,,,,
4682860,Kyla Oldacre,CON,2026-07-06,0.0,64.0,0.0,0.0,5.0,0,0,0,0,0,0,0,2,0,1,,0,0,,0,0,0,-6,5.0,0.0,0.0,0.0,0.0,0.0,0.2,0.0,0.4,0.6,0.0,3.333333333333333,2.8867513459481287,0.0,0.0,0.0,0.0,0.0,0.0,0.0,1.3333333333333333,0.0,0.6666666666666666,,0.0,0.0,,0.0,0.0,0.0,-4.0,0.0,0.0,0.0,0.0,0.0,0.0,0.0,0.0,0.0,0.0,0.2,0.0,0.0,0.0,0.4,0.0,0.6,0.0,2.5,2.8867513459481287,0.0,0.0,0.0,0.0,0.0,0.0,0.0,1.0,0.0,0.5,,0.0,0.0,,0.0,0.0,0.0,-3.0,0.0,0.0,0.0,0.0,0.0,0.0,0.0,0.0,0.0,0.0,0.2,0.0,0.0,0.0,0.4,0.0,0.6,0.0,2.5,2.8867513459481287,0.0,0.0,0.0,0.0,0.0,0.0,0.0,1.0,0.0,0.5,,0.0,0.0,,0.0,0.0,0.0,-3.0,0.0,0.0,0.0,0.0,0.0,0.0,0.0,0.0,0.0,0.0,0.2,0.0,0.0,0.0,0.4,0.0,0.6,0.0,8.0,0.0,0.0,0.0,0.0,0.176,0.144,0.48,0.0,0.0,0.0,0.0,0.3199999999999999,0.0,0.0,0.0,0.0,0.0,0.176,0.144,0.48,,,,,,,,,,
4684384,Aneesah Morrow,CON,2026-07-06,0.0,45.0,0.0,0.0,19.0,7,6,0,1,1,0,0,2,3,5,,0,1,,1,5,2,-25,18.0,0.3888888888888889,0.3333333333333333,0.0,0.0555555555555555,0.0555555555555555,0.2777777777777778,0.0555555555555555,0.1111111111111111,0.4133333333333333,0.0,14.333333333333334,6.350852961085884,5.333333333333333,5.0,0.0,0.6666666666666666,0.6666666666666666,0.0,0.0,2.0,2.333333333333333,3.6666666666666665,,0.0,0.6666666666666666,,1.0,4.0,1.6666666666666667,-20.0,0.3544973544973545,0.0595678849163899,0.365079365079365,0.0549857399228215,0.0,0.0,0.037037037037037,0.0320750149549792,0.037037037037037,0.0320750149549792,0.2328042328042328,0.0778964648906638,0.037037037037037,0.0320750149549792,0.1693121693121693,0.100807189858506,0.4184126984126983,0.0087977183876514,16.8,11.077003204838393,6.0,6.0,0.8,0.6,1.2,0.2,0.2,2.4,2.6,4.4,,0.2,0.8,,1.4,4.6,1.4,-13.8,0.3404295051353875,0.0520592838496107,0.3753501400560224,0.0492392040090951,0.0235294117647058,0.0526133641764656,0.0281045751633986,0.0277873878032435,0.0457516339869281,0.0488559359076014,0.2270774976657329,0.0771711648961216,0.0339869281045751,0.0310543503743913,0.1822595704948645,0.0944784888375453,0.4242913165266106,0.0106673492708169,22.0,9.591663046625438,9.4,8.4,1.2,0.6,2.2,0.8,0.2,2.0,3.4,8.6,,2.0,3.0,,2.2,6.2,2.2,-10.6,0.41291627762216,0.1386875698002355,0.3887099284158107,0.0497072943337409,0.0383442265795207,0.0515889745754314,0.0253267973856209,0.0234774096538696,0.0818627450980392,0.0503109973405999,0.3577653283535636,0.1853039164898145,0.1210239651416122,0.1580511212892805,0.1177093059446,0.0989149212915728,0.5287251789604731,0.173252186922404,17.28,6.63,6.18,0.52,0.6799999999999999,0.38016,0.31104,1.0368,13.329999999999998,12.81,7.15,6.699999999999999,0.6912,6.63,6.18,0.52,0.6799999999999999,13.329999999999998,0.38016,0.31104,1.0368,MIN,False,1.6575,1.545,1.0,1.0,3.3325,1.0,1.0,1.0
4703609,Charlisse Leger-Walker,CON,2026-07-06,0.0,45.0,0.0,0.0,19.0,5,3,5,1,3,2,0,0,2,9,,0,0,,1,2,1,-6,30.0,0.1666666666666666,0.1,0.1666666666666666,0.0333333333333333,0.1,0.3,0.0,0.0,0.3,0.0,29.33333333333333,1.154700538379251,8.666666666666666,2.6666666666666665,4.333333333333333,1.0,4.0,1.6666666666666667,0.0,0.3333333333333333,3.333333333333333,11.0,,1.0,1.0,,0.6666666666666666,2.0,1.3333333333333333,-2.6666666666666665,0.3015873015873015,0.2336893946719914,0.0904761904761904,0.0164957219768464,0.1468253968253968,0.0343660874517634,0.0341269841269841,0.0013746434980705,0.138095238095238,0.0659828879073857,0.3785714285714285,0.1360897063089832,0.0357142857142857,0.0618589574131741,0.0119047619047619,0.020619652471058,0.4061904761904761,0.1839273000418379,27.8,2.8635642126552727,10.4,2.2,3.6,1.4,4.4,1.2,0.0,1.2,3.8,11.0,,1.4,1.6,,0.4,1.8,2.0,-1.6,0.3821946169772256,0.2045049330931327,0.0772670807453416,0.0236824405750301,0.1269151138716356,0.0372120452835557,0.0537060041407867,0.042909208629128,0.1604968944099379,0.057632924204779,0.3951552795031056,0.1283245070950046,0.0602484472049689,0.0556130456668837,0.0490683229813664,0.0720386450091481,0.4707329192546584,0.1613292635683783,23.0,5.734883511361755,8.6,1.8,3.2,1.2,2.8,0.8,0.0,1.4,3.0,7.6,,1.4,1.8,,0.2,1.6,1.8,-5.0,0.3706866804692891,0.2003154216999945,0.0790924775707384,0.031360696195029,0.1415976535541752,0.0507215599055203,0.051007591442374,0.0458921481027857,0.1087508626639061,0.0818084254573896,0.308567977915804,0.1385094493480447,0.0832643202208419,0.0866140987367282,0.0669254658385093,0.0741637332864786,0.4121297446514838,0.1443088219489968,27.630000000000003,8.709999999999999,2.38,3.95,1.18,0.6078600000000001,0.49734,1.6578000000000002,15.04,11.09,12.659999999999998,6.33,1.1052,8.709999999999999,2.38,3.95,1.18,15.04,0.6078600000000001,0.49734,1.6578000000000002,MIN,False,2.1775,1.0,1.0,1.0,3.76,1.0,1.0,1.0
4898898,Gianna Kneepkens,CON,2026-07-06,0.0,45.0,0.0,0.0,19.0,4,1,0,0,3,0,0,0,2,5,,0,0,,0,1,3,3,11.0,0.3636363636363636,0.0909090909090909,0.0,0.0,0.2727272727272727,0.4545454545454545,0.0,0.0,0.4545454545454545,0.0,8.666666666666666,4.04145188432738,3.333333333333333,1.0,0.0,0.0,2.333333333333333,0.0,0.0,0.0,1.3333333333333333,4.0,,0.6666666666666666,0.6666666666666666,,0.0,1.0,2.0,1.6666666666666667,0.409090909090909,0.0787295821622216,0.1439393939393939,0.0918511791892586,0.0,0.0,0.0,0.0,0.2651515151515151,0.0131215970270369,0.4696969696969697,0.0262431940540739,0.1666666666666666,0.2886751345948129,0.0,0.0,0.543030303030303,0.1532602532757915,6.8,3.8340579025361614,3.0,0.8,0.0,0.2,1.8,0.0,0.0,0.0,1.0,3.2,,0.8,0.8,,0.0,0.8,1.4,-0.4,0.4954545454545454,0.1577868632519071,0.1363636363636363,0.1101745422140074,0.0,0.0,0.05,0.1118033988749894,0.2590909090909091,0.0124482399432992,0.4818181818181818,0.0248964798865984,0.2,0.273861278752583,0.0,0.0,0.5698181818181818,0.1383467914725303,10.6,6.168017869984199,3.2,1.6,0.2,0.2,1.6,0.2,0.0,0.4,1.2,3.6,,0.6,0.6,,0.8,0.8,1.4,-3.2,0.406060606060606,0.2163243982566315,0.1390151515151515,0.0907651778967052,0.0111111111111111,0.0234242789642102,0.05,0.1054092553389459,0.1892676767676767,0.0900873982510971,0.3964646464646464,0.1158072964439046,0.1111111111111111,0.2062134949196304,0.0222222222222222,0.0468485579284204,0.4675757575757576,0.1600142836191404,8.75,3.29,1.05,0.04,0.11,0.1924999999999999,0.1575,0.525,4.38,4.34,3.33,1.09,0.35,3.29,1.05,0.04,0.11,4.38,0.1924999999999999,0.1575,0.525,,,,,,,,,,
4899316,Harmoni Turner,CON,2026-07-06,0.0,64.0,0.0,0.0,5.0,7,2,0,1,3,0,0,1,2,4,,2,2,,0,2,1,-8,14.0,0.5,0.1428571428571428,0.0,0.0714285714285714,0.2142857142857142,0.2857142857142857,0.1428571428571428,0.0714285714285714,0.42,0.0,9.333333333333334,8.082903768654761,4.666666666666667,1.3333333333333333,0.0,0.6666666666666666,2.0,0.0,0.0,0.6666666666666666,1.3333333333333333,2.6666666666666665,,1.3333333333333333,1.3333333333333333,,0.0,1.3333333333333333,0.6666666666666666,-5.333333333333333,0.5,0.0,0.1428571428571428,0.0,0.0,0.0,0.0714285714285714,0.0,0.2142857142857142,0.0,0.2857142857142857,0.0,0.1428571428571428,0.0,0.0714285714285714,0.0,0.42,0.0,7.0,8.082903768654761,3.5,1.0,0.0,0.5,1.5,0.0,0.0,0.5,1.0,2.0,,1.0,1.0,,0.0,1.0,0.5,-4.0,0.5,0.0,0.1428571428571428,0.0,0.0,0.0,0.0714285714285714,0.0,0.2142857142857142,0.0,0.2857142857142857,0.0,0.1428571428571428,0.0,0.0714285714285714,0.0,0.42,0.0,7.0,8.082903768654761,3.5,1.0,0.0,0.5,1.5,0.0,0.0,0.5,1.0,2.0,,1.0,1.0,,0.0,1.0,0.5,-4.0,0.5,0.0,0.1428571428571428,0.0,0.0,0.0,0.0714285714285714,0.0,0.2142857142857142,0.0,0.2857142857142857,0.0,0.1428571428571428,0.0,0.0714285714285714,0.0,0.42,0.0,8.75,4.375,1.2499999999999998,0.0,0.6249999999999999,0.1924999999999999,0.1575,0.525,5.625,5.625,4.375,1.2499999999999998,0.35,4.375,1.2499999999999998,0.0,0.6249999999999999,5.625,0.1924999999999999,0.1575,0.525,,,,,,,,,,
5105732,Raegan Beers,CON,2026-07-06,0.0,45.0,0.0,0.0,19.0,4,4,1,0,1,1,0,1,2,4,,0,0,,1,3,2,-5,14.0,0.2857142857142857,0.2857142857142857,0.0714285714285714,0.0,0.0714285714285714,0.2857142857142857,0.0,0.0714285714285714,0.3571428571428571,0.0,18.33333333333333,7.505553499465136,6.0,5.333333333333333,1.3333333333333333,0.3333333333333333,1.0,1.3333333333333333,0.0,1.3333333333333333,2.6666666666666665,5.333333333333333,,0.3333333333333333,1.0,,2.0,3.333333333333333,2.6666666666666665,0.6666666666666666,0.3139329805996472,0.0488762132647302,0.2892416225749559,0.0061095266580912,0.0723104056437389,0.0015273816645228,0.0123456790123456,0.0213833433033194,0.0599647266313932,0.0198559616387966,0.2892416225749559,0.0061095266580912,0.037037037037037,0.0641500299099584,0.0723104056437389,0.0015273816645228,0.3778483245149912,0.0358629214829958,17.4,9.50263121456368,6.4,5.2,1.2,0.4,0.8,1.2,0.0,1.4,2.8,5.2,,0.4,1.2,,2.4,2.8,2.6,2.4,0.4224338624338625,0.2152683720179666,0.3128042328042327,0.0490302361279008,0.0582010582010582,0.0325622582674369,0.0148148148148148,0.0202860206483394,0.0433862433862433,0.0297310245440979,0.3128042328042328,0.0490302361279009,0.0444444444444444,0.0608580619450184,0.0982010582010582,0.0569227093818402,0.4305608465608466,0.0996813433015523,15.4,7.441624673267108,6.2,4.2,1.0,0.2,0.4,0.8,0.0,1.0,2.6,5.2,,0.8,1.4,,2.2,2.0,2.8,2.8,0.4618051665110488,0.1926737480108479,0.286318082788671,0.0680124412597062,0.0526299408652349,0.048488913598183,0.0074074074074074,0.0156161859761401,0.0216931216931216,0.0302611789622958,0.3577466542172424,0.1259671379422928,0.0743230625583566,0.0649360105320987,0.080865234982882,0.0688852277899519,0.4713140367258014,0.1287527434288069,16.769999999999996,5.88,4.859999999999999,1.17,0.28,0.3689399999999999,0.3018599999999999,1.0061999999999998,11.909999999999998,10.739999999999998,7.05,6.029999999999999,0.6707999999999998,5.88,4.859999999999999,1.17,0.28,11.909999999999998,0.3689399999999999,0.3018599999999999,1.0061999999999998,MIN,False,1.47,1.215,1.0,1.0,2.9775,1.0,1.0,1.0
5106232,Ashlon Jackson,CON,2026-07-06,0.0,45.0,0.0,0.0,15.0,0,1,0,0,1,0,0,0,0,1,,0,0,,0,1,0,-15,9.0,0.0,0.1111111111111111,0.0,0.0,0.1111111111111111,0.1111111111111111,0.0,0.0,0.1111111111111111,0.0,11.0,3.4641016151377544,1.3333333333333333,1.0,0.3333333333333333,0.0,1.0,0.6666666666666666,0.0,0.0,0.6666666666666666,1.6666666666666667,,0.0,0.0,,0.0,1.0,0.6666666666666666,-14.333333333333334,0.0888888888888888,0.1539600717839001,0.0962962962962962,0.0256600119639833,0.0222222222222222,0.038490017945975,0.0,0.0,0.0962962962962962,0.0256600119639833,0.1407407407407407,0.0513200239279667,0.0,0.0,0.0,0.0,0.1407407407407407,0.0513200239279667,9.6,6.148170459575759,1.6,0.8,0.4,0.0,0.8,0.8,0.0,0.0,0.8,1.6,,0.0,0.0,,0.0,0.8,0.8,-11.2,0.1333333333333333,0.1539600717839002,0.0888888888888888,0.0256600119639833,0.0333333333333333,0.038490017945975,0.0,0.0,0.0888888888888888,0.0256600119639833,0.1555555555555555,0.0513200239279667,0.0,0.0,0.0,0.0,0.1555555555555555,0.0513200239279667,4.8,6.511528238439886,0.8,0.4,0.2,0.0,0.4,0.4,0.0,0.0,0.4,0.8,,0.0,0.0,,0.0,0.4,0.4,-5.6,0.1333333333333333,0.1539600717839002,0.0888888888888888,0.0256600119639833,0.0333333333333333,0.038490017945975,0.0,0.0,0.0888888888888888,0.0256600119639833,0.1555555555555555,0.0513200239279667,0.0,0.0,0.0,0.0,0.1555555555555555,0.0513200239279667,8.969999999999999,1.12,0.81,0.28,0.0,0.1973399999999999,0.1614599999999999,0.5381999999999999,2.21,1.93,1.4,1.09,0.3587999999999999,1.12,0.81,0.28,0.0,2.21,0.1973399999999999,0.1614599999999999,0.5381999999999999,,,,,,,,,,
5208981,Leila Lacan,CON,2026-07-06,0.0,64.0,0.0,0.0,5.0,0,0,0,0,0,0,0,0,0,0,,0,0,,0,0,0,0,0.0,,,,,,,,,,0.0,0.0,0.0,0.0,0.0,0.0,0.0,0.0,0.0,0.0,0.0,0.0,0.0,,0.0,0.0,,0.0,0.0,0.0,0.0,,,,,,,,,,,,,,,,,,,0.0,0.0,0.0,0.0,0.0,0.0,0.0,0.0,0.0,0.0,0.0,0.0,,0.0,0.0,,0.0,0.0,0.0,0.0,,,,,,,,,,,,,,,,,,,0.0,0.0,0.0,0.0,0.0,0.0,0.0,0.0,0.0,0.0,0.0,0.0,,0.0,0.0,,0.0,0.0,0.0,0.0,,,,,,,,,,,,,,,,,,,8.0,0.0,0.0,0.0,0.0,0.176,0.144,0.48,0.0,0.0,0.0,0.0,0.3199999999999999,0.0,0.0,0.0,0.0,0.0,0.176,0.144,0.48,,,,,,,,,,
5279789,Mamignan Toure,CON,2026-07-06,0.0,64.0,0.0,0.0,5.0,0,0,0,0,0,0,0,0,0,0,,0,0,,0,0,0,0,0.0,,,,,,,,,,0.0,2.333333333333333,4.04145188432738,0.0,0.0,0.0,0.0,0.3333333333333333,0.0,0.0,0.6666666666666666,0.0,0.3333333333333333,,0.0,0.0,,0.0,0.0,0.6666666666666666,-1.6666666666666667,0.0,,0.0,,0.0,,0.0,,0.1428571428571428,,0.1428571428571428,,0.0,,0.2857142857142857,,0.4285714285714285,,3.5,4.041451884327381,0.0,0.0,0.0,0.0,0.5,0.0,0.0,1.0,0.0,0.5,,0.0,0.0,,0.0,0.0,1.0,-2.5,0.0,0.0,0.0,0.0,0.0,0.0,0.0,0.0,0.1428571428571428,0.0,0.1428571428571428,0.0,0.0,0.0,0.2857142857142857,0.0,0.4285714285714285,0.0,3.5,4.041451884327381,0.0,0.0,0.0,0.0,0.5,0.0,0.0,1.0,0.0,0.5,,0.0,0.0,,0.0,0.0,1.0,-2.5,0.0,0.0,0.0,0.0,0.0,0.0,0.0,0.0,0.1428571428571428,0.0,0.1428571428571428,0.0,0.0,0.0,0.2857142857142857,0.0,0.4285714285714285,0.0,8.0,0.0,0.0,0.0,0.0,0.176,0.144,0.48,0.0,0.0,0.0,0.0,0.3199999999999999,0.0,0.0,0.0,0.0,0.0,0.176,0.144,0.48,,,,,,,,,,
5345319,Nell Angloma,CON,2026-07-06,0.0,45.0,0.0,0.0,13.0,2,3,1,0,0,0,0,0,0,1,,2,2,,1,2,3,-3,14.0,0.1428571428571428,0.2142857142857142,0.0714285714285714,0.0,0.0,0.0714285714285714,0.1428571428571428,0.0,0.1342857142857142,0.0,19.0,8.660254037844387,6.333333333333333,4.333333333333333,0.6666666666666666,0.0,0.0,1.0,0.3333333333333333,0.3333333333333333,2.333333333333333,4.666666666666667,,1.6666666666666667,2.6666666666666665,,1.0,3.333333333333333,3.0,0.6666666666666666,0.2676518883415435,0.2161508396966086,0.2233169129720853,0.015642494978044,0.0476190476190476,0.0412393049421161,0.0,0.0,0.0,0.0,0.1855500821018062,0.1976642547225566,0.1412151067323481,0.002844089996008,0.0114942528735632,0.019908629972056,0.2591789819376026,0.2163214850963691,17.8,11.166915420114904,7.0,4.0,0.4,0.0,0.0,1.2,0.4,0.4,2.8,5.2,,1.4,2.8,,0.8,3.2,2.8,1.6,0.3307060755336617,0.1871978796681999,0.1822660098522167,0.1027864118958883,0.0285714285714285,0.0391230398217975,0.0,0.0,0.0,0.0,0.1940886699507389,0.2026705994582895,0.2456486042692938,0.2353691396640412,0.0137931034482758,0.0188869847415574,0.3159671592775041,0.1877666885652143,12.0,10.770329614269007,5.0,2.2,0.4,0.0,0.0,0.6,0.2,0.4,2.0,3.8,,1.0,2.0,,0.6,1.6,2.0,1.4,0.3733579638752052,0.1616638859672649,0.1317733990147783,0.1066736878444565,0.0357142857142857,0.0381801774160606,0.0,0.0,0.0,0.0,0.2284482758620689,0.2078775626510053,0.2725779967159277,0.2432463090742546,0.0264778325123152,0.0315630842247186,0.3748604269293924,0.183497605901871,16.43,5.65,3.5899999999999994,0.5700000000000001,0.0,0.3614599999999999,0.2957399999999999,0.9858,9.81,9.239999999999998,6.22,4.159999999999999,0.6571999999999999,5.65,3.5899999999999994,0.5700000000000001,0.0,9.81,0.3614599999999999,0.2957399999999999,0.9858,MIN,False,1.4125,1.0,1.0,1.0,2.4525,1.0,1.0,1.0
1054,Tiffany Hayes,GSV,2026-07-06,0.0,45.0,0.0,0.0,9.0,19,2,2,2,2,1,0,2,7,13,,3,3,,0,2,3,0,26.0,0.7307692307692307,0.0769230769230769,0.0769230769230769,0.0769230769230769,0.0769230769230769,0.5,0.1153846153846153,0.0769230769230769,0.6276923076923077,0.0,22.0,6.928203230275509,15.666666666666666,1.6666666666666667,2.0,1.6666666666666667,2.6666666666666665,0.6666666666666666,0.0,1.3333333333333333,5.333333333333333,11.0,,3.333333333333333,3.333333333333333,,0.0,1.6666666666666667,2.333333333333333,1.0,0.7014652014652015,0.0507560676210659,0.075091575091575,0.0031722542263166,0.0989010989010989,0.0380670507157994,0.075091575091575,0.0031722542263166,0.1465201465201465,0.1205456606000317,0.5,0.0,0.1721611721611721,0.0983398810158153,0.0512820512820512,0.0444115591684327,0.627032967032967,0.0011420115214739,16.8,9.338094023943002,11.4,1.2,1.8,1.2,2.6,0.4,0.0,0.8,3.6,8.2,,3.0,3.2,,0.0,1.2,1.8,0.0,0.5994505494505494,0.2002330787733237,0.0593406593406593,0.0332860027051889,0.1379120879120879,0.0708024118513666,0.0593406593406593,0.0332860027051889,0.195054945054945,0.1088203424194415,0.45,0.1118033988749894,0.2604395604395604,0.1587046800251988,0.0307692307692307,0.0421325044234743,0.5953626373626374,0.0700868231714968,13.5,8.602325267042627,8.5,0.75,1.5,1.0,2.25,0.5,0.0,0.75,2.75,6.25,,2.0,2.25,,0.0,0.75,1.5,-2.5,0.5309065934065934,0.1944528816016339,0.037087912087912,0.0397029962434551,0.1424450549450549,0.0710391206417197,0.062087912087912,0.0399984473623483,0.2031593406593406,0.0844392292649165,0.4125,0.1093813773650968,0.2252747252747252,0.2013890727197824,0.0442307692307692,0.0480824172684817,0.5558516483516484,0.0765912725017959,19.08,13.239999999999998,1.37,1.83,1.42,0.4197599999999999,0.3434399999999999,1.1447999999999998,16.439999999999998,14.61,15.07,3.2,0.7631999999999999,13.239999999999998,1.37,1.83,1.42,16.439999999999998,0.4197599999999999,0.3434399999999999,1.1447999999999998,WSH,False,3.31,1.0,1.0,1.0,4.109999999999999,1.0,1.0,1.0
2529622,Kayla Thornton,GSV,2026-07-06,0.0,45.0,0.0,0.0,13.0,10,2,0,1,2,1,0,1,3,5,,3,3,,0,2,3,-9,27.0,0.3703703703703703,0.074074074074074,0.0,0.037037037037037,0.074074074074074,0.1851851851851851,0.1111111111111111,0.037037037037037,0.2711111111111111,0.0,27.33333333333333,0.5773502691896263,10.333333333333334,3.0,0.3333333333333333,0.6666666666666666,2.0,1.0,0.6666666666666666,0.6666666666666666,3.6666666666666665,6.333333333333333,,2.333333333333333,2.6666666666666665,,0.6666666666666666,2.333333333333333,3.0,-0.6666666666666666,0.3778659611992945,0.012982744148444,0.1089065255731922,0.0603315757486513,0.0119047619047619,0.020619652471058,0.0246913580246913,0.0213833433033194,0.0731922398589065,0.0015273816645228,0.2305996472663139,0.0786601557229252,0.0978835978835978,0.0229107249678422,0.0246913580246913,0.0213833433033194,0.2983597883597884,0.0471960934337551,28.0,1.224744871391592,8.4,4.0,0.4,0.4,2.2,0.8,1.0,0.4,3.2,7.8,,1.6,2.0,,1.4,2.6,2.6,2.4,0.3052910052910053,0.1710328201883799,0.141058201058201,0.0617704757045489,0.0142857142857142,0.0195615199108987,0.0148148148148148,0.0202860206483394,0.0782010582010582,0.0122575590319753,0.2759788359788359,0.0849155662829927,0.073015873015873,0.0453840585888755,0.0148148148148148,0.0202860206483394,0.3229206349206349,0.047630236780666,29.2,1.54919333848297,10.6,4.8,0.4,1.4,4.2,0.4,0.6,0.8,4.0,9.6,,1.2,1.4,,1.8,3.0,2.4,3.2,0.3618928144734596,0.2108749192643119,0.1632172725721112,0.074014546424079,0.0138095238095238,0.0178456753302288,0.0467622461170848,0.0466748762775232,0.1407134323263355,0.0791411587900989,0.324978665301246,0.0918366589141025,0.0498412698412698,0.04587762314914,0.0271923536439665,0.0264980032780725,0.3741011776753712,0.0724837146623994,27.89,9.66,3.56,0.32,0.77,0.6135799999999999,0.5020199999999999,1.6733999999999998,13.540000000000001,13.22,9.98,3.88,1.1155999999999997,9.66,3.56,0.32,0.77,13.54,0.6135799999999999,0.5020199999999999,1.6733999999999998,WSH,False,2.415,1.0,1.0,1.0,3.385,1.0,1.0,1.0
2590093,Kiah Stokes,GSV,2026-07-06,0.0,45.0,0.0,0.0,13.0,2,7,1,0,1,1,1,1,1,4,,0,0,,3,4,3,-1,23.0,0.0869565217391304,0.3043478260869565,0.0434782608695652,0.0,0.0434782608695652,0.1739130434782608,0.0,0.0434782608695652,0.217391304347826,0.0,24.0,1.7320508075688772,3.333333333333333,5.666666666666667,1.6666666666666667,0.6666666666666666,1.6666666666666667,1.0,1.0,0.6666666666666666,1.3333333333333333,3.6666666666666665,,0.0,0.0,,2.0,3.6666666666666665,2.6666666666666665,1.3333333333333333,0.1348940914158305,0.0830303062714177,0.2413600891861761,0.1090979605659326,0.0674470457079152,0.0415151531357088,0.0256410256410256,0.0444115591684327,0.0674470457079152,0.0415151531357088,0.1544035674470457,0.0337914037151118,0.0,0.0,0.0289855072463768,0.0251021856169402,0.1833890746934225,0.0588935893320521,25.4,2.5099800796022254,4.6,6.2,2.0,0.8,2.0,0.8,1.8,0.4,1.8,4.4,,0.2,0.4,,1.8,4.4,3.2,1.6,0.17536616307231,0.0808227455525441,0.243755045554146,0.1211157957806571,0.0773382539499481,0.0362565587846972,0.0307692307692307,0.0421325044234743,0.0773382539499481,0.0362565587846973,0.1708914773382539,0.0655726853925,0.0137931034482758,0.0308423169310315,0.017391304347826,0.023814024239355,0.1943517472033214,0.0806920575985162,23.0,5.696002496878354,4.4,5.6,1.8,0.4,1.6,0.8,2.0,0.2,1.8,4.4,,0.4,0.8,,1.2,4.4,3.4,-0.4,0.1772056279552531,0.0823108375118645,0.2392957367470111,0.0994847994259094,0.0705656786991119,0.0487342821447467,0.0153846153846153,0.0324336170273679,0.0692836274170607,0.0283328507337835,0.1854678430015761,0.0572306253407282,0.0445623342175066,0.0641107955323553,0.008695652173913,0.0183320444067732,0.2137709222311921,0.0638179423221981,24.14,3.79,6.04,1.7100000000000002,0.56,0.53108,0.4345199999999999,1.4484,11.540000000000001,9.83,5.5,7.75,0.9656,3.79,6.04,1.7100000000000002,0.56,11.54,0.53108,0.4345199999999999,1.4484,WSH,False,1.0,1.51,1.0,1.0,2.885,1.0,1.0,1.0
3142328,Gabby Williams,GSV,2026-07-06,0.0,45.0,0.0,0.0,13.0,6,0,3,0,3,4,0,3,2,8,,2,2,,0,0,0,-6,22.0,0.2727272727272727,0.0,0.1363636363636363,0.0,0.1363636363636363,0.3636363636363636,0.0909090909090909,0.1363636363636363,0.54,0.0,21.666666666666668,0.5773502691896263,9.333333333333334,0.6666666666666666,2.6666666666666665,1.3333333333333333,4.0,2.6666666666666665,0.0,2.0,2.6666666666666665,9.0,,2.6666666666666665,3.333333333333333,,0.0,0.6666666666666666,1.0,1.0,0.4357864357864358,0.2824267550581287,0.0317460317460317,0.0549857399228215,0.1226551226551226,0.0237438422394001,0.0634920634920634,0.109971479845643,0.1861471861471861,0.0862276376062428,0.4170274170274171,0.092476017142927,0.1558441558441558,0.1124708316603167,0.0909090909090909,0.0787295821622217,0.5765079365079365,0.0632336009112447,23.6,4.72228758124704,12.4,1.8,2.2,2.2,4.8,1.8,0.2,1.6,3.6,11.0,,3.0,4.0,,0.2,1.6,1.4,2.8,0.5263528138528139,0.2454220292429663,0.0693452380952381,0.0680272773171443,0.0988906926406926,0.0430418089158941,0.0949404761904761,0.0952404203585222,0.2063311688311688,0.0754136635678436,0.461228354978355,0.0891406609021359,0.1756493506493506,0.1014344120905117,0.0670454545454545,0.0682291502376276,0.6055595238095238,0.0598482171717709,26.2,5.094659513211412,13.2,3.6,2.6,2.4,5.8,2.0,0.4,2.2,4.2,11.6,,2.4,3.2,,1.0,2.6,1.2,4.0,0.4965097402597402,0.1979248889985395,0.131547619047619,0.086762177370215,0.1046536796536796,0.0481820057683993,0.0901785714285714,0.0695549008177366,0.219832251082251,0.0601058170264315,0.4399891774891775,0.0768057660656963,0.1315746753246753,0.0888996968338453,0.0814393939393939,0.0514433050188468,0.5793214285714285,0.0611505696152793,23.300000000000004,10.68,1.55,2.54,1.65,0.5126000000000001,0.4194,1.398,14.77,12.23,13.22,4.09,0.9320000000000002,10.68,1.55,2.54,1.65,14.77,0.5126000000000001,0.4194,1.398,WSH,False,2.67,1.0,1.0,1.0,3.6925,1.0,1.0,1.0
4065780,Kaila Charles,GSV,2026-07-06,0.0,45.0,0.0,0.0,13.0,4,7,1,0,3,0,0,2,0,6,,4,4,,2,5,4,-9,23.0,0.1739130434782608,0.3043478260869565,0.0434782608695652,0.0,0.1304347826086956,0.2608695652173913,0.1739130434782608,0.0869565217391304,0.4243478260869565,0.0,23.33333333333333,0.5773502691896263,7.0,7.0,1.0,0.3333333333333333,3.6666666666666665,0.0,0.0,1.6666666666666667,1.6666666666666667,7.333333333333333,,3.333333333333333,3.6666666666666665,,2.0,5.0,3.0,1.3333333333333333,0.2964975845410628,0.2123226533432862,0.3001207729468599,0.0073214708049408,0.0428743961352657,0.0010459244007058,0.0138888888888888,0.0240562612162344,0.1564009661835748,0.0449747492303512,0.3128019323671497,0.0899494984607025,0.1576086956521739,0.0282399588190577,0.0718599033816425,0.0261481100176461,0.4540096618357488,0.051375806562671,24.4,2.0736441353327684,8.6,7.4,1.2,0.6,4.0,0.0,0.0,1.4,2.8,8.2,,2.4,2.8,,2.6,4.8,2.8,4.4,0.3505175983436853,0.1845944485397551,0.3026915113871636,0.0122439635942264,0.048343685300207,0.0129365937654141,0.0238095238095238,0.0218704441319926,0.1640786749482401,0.0407158629571012,0.3353002070393375,0.0782835625516991,0.1195652173913043,0.0711728307266782,0.0585921325051759,0.0260068059107567,0.4465010351966874,0.0668945541155444,25.0,5.617433182117571,7.2,6.6,1.4,0.8,3.6,0.2,0.2,1.4,2.4,7.0,,1.6,1.8,,2.4,4.2,3.6,4.8,0.285120016386001,0.1465416204999468,0.2783192723729808,0.0855896355679828,0.0609047176182726,0.0331350504258132,0.0333015024191494,0.0202492922034478,0.1383927879452176,0.0505050130231925,0.2718072209120802,0.1034890061401983,0.0719038208168642,0.0725611528049706,0.0624575126493285,0.0359859776759683,0.3659024147208291,0.101882695375572,23.99,7.15,7.0600000000000005,1.15,0.47,0.5277799999999999,0.4318199999999999,1.4393999999999998,15.360000000000001,14.21,8.3,8.21,0.9595999999999998,7.15,7.0600000000000005,1.15,0.47,15.36,0.5277799999999999,0.4318199999999999,1.4393999999999998,WSH,False,1.7875,1.765,1.0,1.0,3.84,1.0,1.0,1.0
4257500,Cecilia Zandalasini,GSV,2026-07-06,0.0,45.0,0.0,0.0,7.0,0,0,0,0,0,0,0,0,0,0,,0,0,,0,0,0,0,0.0,,,,,,,,,,0.0,2.333333333333333,4.04145188432738,2.6666666666666665,0.6666666666666666,0.3333333333333333,0.3333333333333333,1.0,0.3333333333333333,0.0,0.0,1.0,1.6666666666666667,,0.3333333333333333,0.6666666666666666,,0.0,0.6666666666666666,0.0,2.6666666666666665,1.1428571428571428,,0.2857142857142857,,0.1428571428571428,,0.1428571428571428,,0.4285714285714285,,0.7142857142857143,,0.2857142857142857,,0.0,,0.84,,2.8,3.8340579025361614,3.2,0.8,0.4,0.4,1.2,0.4,0.0,0.0,1.2,2.0,,0.4,0.8,,0.0,0.8,0.0,3.2,1.1428571428571428,0.0,0.2857142857142857,0.0,0.1428571428571428,0.0,0.1428571428571428,0.0,0.4285714285714285,0.0,0.7142857142857143,0.0,0.2857142857142857,0.0,0.0,0.0,0.84,0.0,2.333333333333333,3.614784456460256,2.6666666666666665,0.6666666666666666,0.3333333333333333,0.3333333333333333,1.0,0.3333333333333333,0.0,0.0,1.0,1.6666666666666667,,0.3333333333333333,0.6666666666666666,,0.0,0.6666666666666666,0.0,2.6666666666666665,1.1428571428571428,0.0,0.2857142857142857,0.0,0.1428571428571428,0.0,0.1428571428571428,0.0,0.4285714285714285,0.0,0.7142857142857143,0.0,0.2857142857142857,0.0,0.0,0.0,0.84,0.0,8.0,2.453333333333333,0.6133333333333333,0.3066666666666666,0.3066666666666666,0.176,0.144,0.48,3.373333333333333,3.0666666666666664,2.76,0.92,0.3199999999999999,2.453333333333333,0.6133333333333333,0.3066666666666666,0.3066666666666666,3.373333333333333,0.176,0.144,0.48,,,,,,,,,,
4398577,Miela Sowah,GSV,2026-07-06,0.0,46.0,0.0,0.0,11.0,0,0,0,0,1,0,0,0,0,1,,0,0,,0,0,1,-4,3.0,0.0,0.0,0.0,0.0,0.3333333333333333,0.3333333333333333,0.0,0.0,0.3333333333333333,0.0,2.0,1.7320508075688772,0.0,0.0,0.0,0.0,0.6666666666666666,0.0,0.0,0.0,0.0,0.6666666666666666,,0.0,0.0,,0.0,0.0,0.6666666666666666,-2.6666666666666665,0.0,0.0,0.0,0.0,0.0,0.0,0.0,0.0,0.3333333333333333,0.0,0.3333333333333333,0.0,0.0,0.0,0.0,0.0,0.3333333333333333,0.0,1.2,1.6431676725154982,0.0,0.0,0.0,0.0,0.4,0.0,0.0,0.0,0.0,0.4,,0.0,0.0,,0.0,0.0,0.4,-1.6,0.0,0.0,0.0,0.0,0.0,0.0,0.0,0.0,0.3333333333333333,0.0,0.3333333333333333,0.0,0.0,0.0,0.0,0.0,0.3333333333333333,0.0,4.0,5.456901847914967,2.8,0.4,0.2,0.8,1.2,0.2,0.0,0.6,1.0,1.6,,0.0,0.0,,0.2,0.2,0.6,-1.8,0.3333333333333333,0.5163977794943222,0.0476190476190476,0.0737711113563317,0.0238095238095238,0.0368855556781658,0.0952380952380952,0.1475422227126634,0.3174603174603174,0.0245903704521105,0.365079365079365,0.0491807409042211,0.0,0.0,0.0714285714285714,0.1106566670344976,0.4365079365079365,0.1598374079387188,8.0,0.5599999999999999,0.08,0.04,0.16,0.176,0.144,0.48,0.6799999999999999,0.6399999999999999,0.6,0.12,0.3199999999999999,0.5599999999999999,0.08,0.04,0.16,0.6799999999999999,0.176,0.144,0.48,,,,,,,,,,
4398698,Cate Reese,GSV,2026-07-06,0.0,72.0,0.0,0.0,3.0,2,2,0,0,0,1,0,2,0,1,,2,2,,0,2,4,4,11.0,0.1818181818181818,0.1818181818181818,0.0,0.0,0.0,0.0909090909090909,0.1818181818181818,0.1818181818181818,0.3527272727272727,0.0,11.0,0.0,2.0,2.0,0.0,0.0,0.0,1.0,0.0,2.0,0.0,1.0,,2.0,2.0,,0.0,2.0,4.0,4.0,0.1818181818181818,0.0,0.1818181818181818,0.0,0.0,0.0,0.0,0.0,0.0,0.0,0.0909090909090909,0.0,0.1818181818181818,0.0,0.1818181818181818,0.0,0.3527272727272727,0.0,11.0,0.0,2.0,2.0,0.0,0.0,0.0,1.0,0.0,2.0,0.0,1.0,,2.0,2.0,,0.0,2.0,4.0,4.0,0.1818181818181818,0.0,0.1818181818181818,0.0,0.0,0.0,0.0,0.0,0.0,0.0,0.0909090909090909,0.0,0.1818181818181818,0.0,0.1818181818181818,0.0,0.3527272727272727,0.0,11.0,0.0,2.0,2.0,0.0,0.0,0.0,1.0,0.0,2.0,0.0,1.0,,2.0,2.0,,0.0,2.0,4.0,4.0,0.1818181818181818,0.0,0.1818181818181818,0.0,0.0,0.0,0.0,0.0,0.0,0.0,0.0909090909090909,0.0,0.1818181818181818,0.0,0.1818181818181818,0.0,0.3527272727272727,0.0,11.0,2.0,2.0,0.0,0.0,0.242,0.1979999999999999,0.6599999999999999,4.0,4.0,2.0,2.0,0.4399999999999999,2.0,2.0,0.0,0.0,4.0,0.242,0.1979999999999999,0.6599999999999999,WSH,False,1.0,1.0,1.0,1.0,1.0,1.0,1.0,1.0
4398935,Veronica Burton,GSV,2026-07-06,0.0,45.0,0.0,0.0,13.0,17,3,3,2,5,0,2,3,4,12,,7,8,,0,3,5,-6,29.0,0.5862068965517241,0.1034482758620689,0.1034482758620689,0.0689655172413793,0.1724137931034483,0.4137931034482758,0.2758620689655172,0.1034482758620689,0.6386206896551724,0.0,28.33333333333333,1.154700538379251,15.666666666666666,3.333333333333333,4.333333333333333,2.333333333333333,5.333333333333333,0.0,1.3333333333333333,2.333333333333333,4.333333333333333,12.666666666666666,,4.666666666666667,5.666666666666667,,0.3333333333333333,3.0,4.0,4.333333333333333,0.5512984248616433,0.0604632465817998,0.118348233290762,0.0258074832971097,0.155385270327799,0.0899575132070681,0.0830140485312899,0.0243327699658462,0.1890166028097062,0.0287569099596365,0.4487015751383567,0.0604632465817998,0.1962537249893571,0.137885696473129,0.0813111962537249,0.0383425466128487,0.6163644103873989,0.0385490064792255,29.6,3.7148351242013455,15.2,3.4,4.8,2.4,5.6,0.2,0.8,2.6,4.6,13.4,,3.6,4.4,,0.4,3.0,3.8,8.6,0.5159642401021711,0.0658810747204545,0.1173052362707535,0.0293287031714609,0.1673052362707535,0.0840004273430669,0.0831417624521072,0.0261127344235841,0.1911877394636015,0.0284274663625279,0.4562579821200511,0.0568479394652883,0.1473818646232439,0.1211216901777526,0.0839719029374201,0.0452224966824248,0.6050779054916986,0.0333862969372506,31.0,3.197221015541814,15.0,3.0,6.4,2.0,5.2,1.2,0.4,2.0,4.4,12.6,,4.2,4.8,,0.6,2.4,3.8,8.8,0.4869023709471428,0.0650682599563077,0.0986391772751617,0.0294272019310474,0.2084734066658427,0.1065027490686339,0.0662796625880608,0.0273344161377967,0.1693169880113706,0.0320041103418985,0.4099166254686276,0.0795810442119499,0.1545601079388621,0.0837243964797854,0.0623264532608247,0.0537092174875568,0.5402495262225517,0.1013912689869468,29.41,15.57,3.24,4.71,2.24,0.6470199999999999,0.52938,1.7646,23.520000000000003,18.81,20.28,7.949999999999999,1.1764,15.57,3.24,4.71,2.24,23.52,0.6470199999999999,0.52938,1.7646,WSH,False,3.8925,1.0,1.1775,1.0,5.88,1.0,1.0,1.0
4432834,Laeticia Amihere,GSV,2026-07-06,0.0,45.0,0.0,0.0,13.0,2,4,1,0,0,0,0,1,1,3,,0,2,,4,0,3,0,11.0,0.1818181818181818,0.3636363636363636,0.0909090909090909,0.0,0.0,0.2727272727272727,0.1818181818181818,0.0909090909090909,0.4436363636363636,0.0,11.666666666666666,1.1547005383792517,3.0,5.333333333333333,0.6666666666666666,0.0,0.0,0.3333333333333333,0.0,1.0,1.3333333333333333,3.0,,0.3333333333333333,2.0,,3.0,2.333333333333333,2.333333333333333,3.0,0.2494172494172495,0.1170850196258681,0.4475524475524476,0.1453469209148708,0.0606060606060606,0.0524863881081478,0.0,0.0,0.0,0.0,0.2587412587412587,0.0242244868191451,0.1724941724941725,0.0161496578794301,0.0862470862470862,0.008074828939715,0.4208857808857808,0.0394051652258094,11.8,1.095445115010344,3.4,5.0,0.6,0.0,0.0,0.6,0.4,1.0,1.4,2.8,,0.6,2.0,,2.0,3.0,1.6,2.8,0.281118881118881,0.10150705557573,0.4097902097902098,0.2182221587235666,0.0545454545454545,0.0497929597731968,0.0,0.0,0.0,0.0,0.2377622377622377,0.0376584951547867,0.1706293706293706,0.0153209106994452,0.0853146853146853,0.0076604553497225,0.3981538461538461,0.0425375366765044,15.0,5.120763831912405,5.2,4.6,1.6,0.0,0.2,0.4,1.0,1.2,2.0,3.6,,1.2,2.6,,1.8,2.8,2.4,7.8,0.3136655011655012,0.1429808108978408,0.313986013986014,0.1833381864366984,0.090530303030303,0.0712729878141782,0.0,0.0,0.0125,0.0263523138347365,0.2328962703962704,0.0464633308719636,0.1743298368298368,0.0130291064312296,0.0809149184149184,0.0111620360262239,0.3905163170163169,0.0498607394681672,12.28,3.43,4.869999999999999,0.88,0.0,0.2701599999999999,0.2210399999999999,0.7367999999999999,9.18,8.299999999999999,4.31,5.749999999999999,0.4911999999999999,3.43,4.869999999999999,0.88,0.0,9.18,0.2701599999999999,0.2210399999999999,0.7367999999999999,WSH,False,1.0,1.2174999999999998,1.0,1.0,2.295,1.0,1.0,1.0
4433534,Caroline Ducharme,GSV,2026-07-06,0.0,72.0,0.0,0.0,3.0,3,1,1,1,1,0,0,0,1,2,,0,0,,0,1,0,5,7.0,0.4285714285714285,0.1428571428571428,0.1428571428571428,0.1428571428571428,0.1428571428571428,0.2857142857142857,0.0,0.0,0.2857142857142857,0.0,7.0,0.0,3.0,1.0,1.0,1.0,1.0,0.0,0.0,0.0,1.0,2.0,,0.0,0.0,,0.0,1.0,0.0,5.0,0.4285714285714285,0.0,0.1428571428571428,0.0,0.1428571428571428,0.0,0.1428571428571428,0.0,0.1428571428571428,0.0,0.2857142857142857,0.0,0.0,0.0,0.0,0.0,0.2857142857142857,0.0,7.0,0.0,3.0,1.0,1.0,1.0,1.0,0.0,0.0,0.0,1.0,2.0,,0.0,0.0,,0.0,1.0,0.0,5.0,0.4285714285714285,0.0,0.1428571428571428,0.0,0.1428571428571428,0.0,0.1428571428571428,0.0,0.1428571428571428,0.0,0.2857142857142857,0.0,0.0,0.0,0.0,0.0,0.2857142857142857,0.0,7.0,0.0,3.0,1.0,1.0,1.0,1.0,0.0,0.0,0.0,1.0,2.0,,0.0,0.0,,0.0,1.0,0.0,5.0,0.4285714285714285,0.0,0.1428571428571428,0.0,0.1428571428571428,0.0,0.1428571428571428,0.0,0.1428571428571428,0.0,0.2857142857142857,0.0,0.0,0.0,0.0,0.0,0.2857142857142857,0.0,8.0,3.0,1.0,1.0,1.0,0.176,0.144,0.48,5.0,4.0,4.0,2.0,0.3199999999999999,3.0,1.0,1.0,1.0,5.0,0.176,0.144,0.48,,,,,,,,,,
4433634,Ashten Prechtel,GSV,2026-07-06,0.0,46.0,0.0,0.0,9.0,0,0,0,0,0,0,0,0,0,0,,0,0,,0,0,0,0,0.0,,,,,,,,,,0.0,0.0,0.0,0.0,0.0,0.0,0.0,0.0,0.0,0.0,0.0,0.0,0.0,,0.0,0.0,,0.0,0.0,0.0,0.0,,,,,,,,,,,,,,,,,,,1.8,4.024922359499622,0.0,0.6,0.2,0.0,0.6,0.0,0.4,0.2,0.0,0.8,,0.0,0.0,,0.4,0.2,0.0,0.0,0.0,,0.3333333333333333,,0.1111111111111111,,0.0,,0.3333333333333333,,0.4444444444444444,,0.0,,0.1111111111111111,,0.5555555555555556,,6.25,7.186296483088988,2.25,2.0,0.5,0.5,2.0,0.0,0.75,0.5,0.5,2.25,,0.75,1.5,,0.75,1.25,1.5,-2.25,0.28125,0.3247595264191645,0.3229166666666666,0.0120281306081172,0.0868055555555555,0.0280656380856068,0.0625,0.0721687836487032,0.3229166666666666,0.0120281306081172,0.3784722222222222,0.0761781605180756,0.1875,0.2165063509461096,0.0868055555555555,0.0280656380856068,0.5477777777777778,0.0089810041873941,8.0,0.45,0.61,0.1699999999999999,0.1,0.176,0.144,0.48,1.23,1.06,0.62,0.78,0.3199999999999999,0.45,0.61,0.1699999999999999,0.1,1.23,0.176,0.144,0.48,,,,,,,,,,
4790263,Iliana Rupert,GSV,2026-07-06,0.0,72.0,0.0,0.0,3.0,0,0,0,0,0,0,0,0,0,0,,0,0,,0,0,0,0,0.0,,,,,,,,,,0.0,0.0,0.0,0.0,0.0,0.0,0.0,0.0,0.0,0.0,0.0,0.0,0.0,,0.0,0.0,,0.0,0.0,0.0,0.0,,,,,,,,,,,,,,,,,,,0.0,0.0,0.0,0.0,0.0,0.0,0.0,0.0,0.0,0.0,0.0,0.0,,0.0,0.0,,0.0,0.0,0.0,0.0,,,,,,,,,,,,,,,,,,,0.0,0.0,0.0,0.0,0.0,0.0,0.0,0.0,0.0,0.0,0.0,0.0,,0.0,0.0,,0.0,0.0,0.0,0.0,,,,,,,,,,,,,,,,,,,8.0,0.0,0.0,0.0,0.0,0.176,0.144,0.48,0.0,0.0,0.0,0.0,0.3199999999999999,0.0,0.0,0.0,0.0,0.0,0.176,0.144,0.48,,,,,,,,,,
4790264,Janelle Salaun,GSV,2026-07-06,0.0,45.0,0.0,0.0,13.0,4,2,0,0,4,1,0,0,1,8,,2,2,,1,1,1,-6,21.0,0.1904761904761904,0.0952380952380952,0.0,0.0,0.1904761904761904,0.3809523809523809,0.0952380952380952,0.0,0.4228571428571429,0.0,22.666666666666668,2.886751345948128,6.666666666666667,3.333333333333333,0.3333333333333333,0.6666666666666666,5.0,1.3333333333333333,0.0,0.3333333333333333,1.6666666666666667,9.0,,2.6666666666666665,3.0,,1.6666666666666667,1.6666666666666667,1.3333333333333333,-2.333333333333333,0.2808302808302808,0.1564978751649535,0.1404151404151404,0.0782489375824767,0.0128205128205128,0.0222057795842163,0.0256410256410256,0.0444115591684327,0.2167277167277167,0.0454689772438716,0.3949938949938949,0.0243206157350941,0.1275946275946275,0.0560431579982604,0.0128205128205128,0.0222057795842163,0.4639560439560439,0.0711853848385451,22.2,3.834057902536165,7.6,3.4,0.4,1.0,5.2,1.2,0.0,0.4,1.8,8.6,,3.0,3.6,,1.6,1.8,1.4,-2.2,0.3313940960999784,0.1360653341542752,0.1421676362852833,0.0822366841600201,0.0153846153846153,0.0210662522117371,0.0425339366515837,0.0395248286007646,0.2309416074121956,0.0394523893651952,0.3804352510234863,0.0526495203965638,0.1620771385477268,0.0634890033997895,0.0153846153846153,0.0210662522117371,0.4671338073691015,0.0728656080107923,23.4,4.033195589934447,12.6,2.8,0.8,2.4,6.2,0.8,0.2,0.4,3.8,10.0,,2.6,3.4,,1.0,1.8,1.8,5.4,0.5106777753836578,0.2453891069802378,0.114857908975556,0.064332162188064,0.0304843304843304,0.0302644631768954,0.0949555890732361,0.0703273927346943,0.2589432354138236,0.0841093948200298,0.4150709856592209,0.1036011034934881,0.1498671263377145,0.0572991677286412,0.0150997150997151,0.0194994306062079,0.4961122363475304,0.1100764969791297,22.4,7.779999999999999,3.0500000000000003,0.4,1.0299999999999998,0.4927999999999999,0.4031999999999999,1.344,11.23,10.83,8.18,3.45,0.8959999999999999,7.779999999999999,3.0500000000000003,0.4,1.0299999999999998,11.23,0.4927999999999999,0.4031999999999999,1.344,WSH,False,1.945,1.0,1.0,1.0,2.8075,1.0,1.0,1.0
4899328,Kaitlyn Chen,GSV,2026-07-06,0.0,45.0,0.0,0.0,13.0,18,1,0,2,2,1,0,1,7,11,,2,3,,0,1,2,-3,19.0,0.9473684210526316,0.0526315789473684,0.0,0.1052631578947368,0.1052631578947368,0.5789473684210527,0.1578947368421052,0.0526315789473684,0.7010526315789474,0.0,17.666666666666668,2.309401076758504,12.666666666666666,0.6666666666666666,0.3333333333333333,1.3333333333333333,1.6666666666666667,0.6666666666666666,0.0,1.0,4.666666666666667,8.0,,2.0,2.6666666666666665,,0.0,0.6666666666666666,1.6666666666666667,-5.0,0.6760233918128655,0.4699833770245374,0.0350877192982456,0.0303868562731381,0.0222222222222222,0.038490017945975,0.0701754385964912,0.0607737125462763,0.0923976608187134,0.0222836946003013,0.4304093567251462,0.2572753831125701,0.1497076023391813,0.0141805329274645,0.0573099415204678,0.0081031616728368,0.5535906432748537,0.2554116559278176,17.2,2.0493901531919243,8.8,1.6,0.4,0.8,1.4,0.4,0.0,1.2,3.2,6.8,,1.6,2.0,,0.4,1.2,1.4,-6.8,0.4767251461988303,0.4311663823076219,0.087719298245614,0.1398015565834142,0.0266666666666666,0.036514837167011,0.0421052631578947,0.0576550060531753,0.0798830409356725,0.0236086441598636,0.3738011695906433,0.2262796713249702,0.1164912280701754,0.0662684319905465,0.0699415204678362,0.0240606144947345,0.4949988304093567,0.2237684283762512,15.4,3.6878177829171577,8.0,2.2,1.0,0.8,1.4,0.2,0.0,1.0,3.0,7.0,,1.2,1.4,,0.6,1.6,1.0,-1.6,0.4800292397660818,0.3734329569257191,0.156359649122807,0.1539529913503026,0.0827777777777777,0.0884324701863786,0.0460526315789473,0.0598165863902888,0.0829970760233918,0.0655317962948602,0.445233918128655,0.1810330554920426,0.0832456140350877,0.0725478607079055,0.0683040935672514,0.0436619325204962,0.550166081871345,0.166435572517922,17.25,11.18,1.35,0.44,1.14,0.3795,0.3105,1.035,12.969999999999999,12.53,11.62,1.79,0.69,11.18,1.35,0.44,1.14,12.97,0.3795,0.3105,1.035,WSH,False,2.795,1.0,1.0,1.0,3.2425,1.0,1.0,1.0
5106170,Ndjakalenga Mwenentanda,GSV,2026-07-06,0.0,45.0,0.0,0.0,13.0,0,0,0,0,0,0,0,0,0,0,,0,0,,0,0,0,0,0.0,,,,,,,,,,0.0,0.3333333333333333,0.5773502691896258,0.0,0.0,0.0,0.0,0.0,0.0,0.0,0.0,0.0,0.0,,0.0,0.0,,0.0,0.0,0.0,-1.0,0.0,,0.0,,0.0,,0.0,,0.0,,0.0,,0.0,,0.0,,0.0,,0.4,0.5477225575051661,0.0,0.0,0.0,0.0,0.0,0.0,0.0,0.0,0.0,0.0,,0.0,0.0,,0.0,0.0,0.0,-1.2,0.0,0.0,0.0,0.0,0.0,0.0,0.0,0.0,0.0,0.0,0.0,0.0,0.0,0.0,0.0,0.0,0.0,0.0,0.4,0.5163977794943237,0.0,0.0,0.0,0.0,0.0,0.0,0.0,0.0,0.0,0.0,,0.0,0.0,,0.0,0.0,0.0,-1.0,0.0,0.0,0.0,0.0,0.0,0.0,0.0,0.0,0.0,0.0,0.0,0.0,0.0,0.0,0.0,0.0,0.0,0.0,8.0,0.0,0.0,0.0,0.0,0.176,0.144,0.48,0.0,0.0,0.0,0.0,0.3199999999999999,0.0,0.0,0.0,0.0,0.0,0.176,0.144,0.48,,,,,,,,,,
5277552,Juste Jocyte,GSV,2026-07-06,0.0,45.0,0.0,0.0,5.0,0,0,0,0,0,0,0,0,0,0,,0,0,,0,0,0,0,0.0,,,,,,,,,,0.0,0.0,0.0,0.0,0.0,0.0,0.0,0.0,0.0,0.0,0.0,0.0,0.0,,0.0,0.0,,0.0,0.0,0.0,0.0,,,,,,,,,,,,,,,,,,,0.0,0.0,0.0,0.0,0.0,0.0,0.0,0.0,0.0,0.0,0.0,0.0,,0.0,0.0,,0.0,0.0,0.0,0.0,,,,,,,,,,,,,,,,,,,0.0,0.0,0.0,0.0,0.0,0.0,0.0,0.0,0.0,0.0,0.0,0.0,,0.0,0.0,,0.0,0.0,0.0,0.0,,,,,,,,,,,,,,,,,,,8.0,0.0,0.0,0.0,0.0,0.176,0.144,0.48,0.0,0.0,0.0,0.0,0.3199999999999999,0.0,0.0,0.0,0.0,0.0,0.176,0.144,0.48,,,,,,,,,,
5345336,Kokoro Tanaka,GSV,2026-07-06,0.0,72.0,0.0,0.0,3.0,0,0,0,0,0,0,0,0,0,0,,0,0,,0,0,0,0,0.0,,,,,,,,,,0.0,0.0,0.0,0.0,0.0,0.0,0.0,0.0,0.0,0.0,0.0,0.0,0.0,,0.0,0.0,,0.0,0.0,0.0,0.0,,,,,,,,,,,,,,,,,,,0.0,0.0,0.0,0.0,0.0,0.0,0.0,0.0,0.0,0.0,0.0,0.0,,0.0,0.0,,0.0,0.0,0.0,0.0,,,,,,,,,,,,,,,,,,,0.0,0.0,0.0,0.0,0.0,0.0,0.0,0.0,0.0,0.0,0.0,0.0,,0.0,0.0,,0.0,0.0,0.0,0.0,,,,,,,,,,,,,,,,,,,8.0,0.0,0.0,0.0,0.0,0.176,0.144,0.48,0.0,0.0,0.0,0.0,0.3199999999999999,0.0,0.0,0.0,0.0,0.0,0.176,0.144,0.48,,,,,,,,,,
1068,Nneka Ogwumike,LAS,2026-07-06,0.0,46.0,0.0,0.0,15.0,12,6,2,2,2,1,0,1,5,11,,0,0,,1,5,0,6,31.0,0.3870967741935484,0.1935483870967742,0.064516129032258,0.064516129032258,0.064516129032258,0.3548387096774194,0.0,0.032258064516129,0.3870967741935484,0.0,31.0,0.0,13.666666666666666,6.333333333333333,2.333333333333333,2.0,2.333333333333333,0.6666666666666666,0.0,1.3333333333333333,5.333333333333333,10.666666666666666,,1.0,1.3333333333333333,,0.6666666666666666,5.666666666666667,0.6666666666666666,0.6666666666666666,0.4408602150537634,0.093121011159617,0.2043010752688171,0.0186242022319234,0.075268817204301,0.0186242022319234,0.064516129032258,0.0,0.075268817204301,0.0186242022319234,0.3440860215053763,0.0186242022319234,0.043010752688172,0.0744968089276936,0.043010752688172,0.0186242022319234,0.406021505376344,0.0327785959281852,31.2,0.4472135954999581,15.6,6.2,2.6,1.8,2.4,0.6,0.0,1.6,6.0,10.6,,1.8,2.2,,0.4,5.8,1.6,1.2,0.4991935483870968,0.1070030925282719,0.1989919354838709,0.0288278252625001,0.083266129032258,0.0171607995473116,0.0578629032258064,0.0148770651728816,0.077016129032258,0.01805533320745,0.3397177419354839,0.0162857806667371,0.0703629032258064,0.0658274619566839,0.0512096774193548,0.0173199448346085,0.4218870967741935,0.0317936120456526,31.8,0.7888106377466313,15.6,6.6,2.0,1.8,2.8,1.2,0.2,2.0,5.8,10.4,,2.2,2.6,,1.2,5.4,1.8,-3.0,0.4897482893450635,0.1256833958446026,0.206977028347996,0.0575568703758379,0.0631292766373411,0.0367066590406318,0.0564882697947214,0.0239797437597519,0.0875610948191593,0.0363996030236531,0.3263929618768328,0.1016493427343737,0.0816776637341153,0.0502886709974352,0.0627260508308895,0.0205401149494918,0.425057184750733,0.0821184634846772,31.23,14.48,6.29,2.31,1.89,0.6870599999999999,0.5621399999999999,1.8738,23.08,20.77,16.79,8.6,1.2491999999999996,14.48,6.29,2.31,1.89,23.08,0.6870599999999999,0.5621399999999999,1.8738,SEA,True,3.62,1.5725,1.0,1.0,5.77,1.0,1.0,1.0
2284331,Emma Cannon,LAS,2026-07-06,0.0,44.0,0.0,0.0,17.0,0,0,0,0,0,0,0,0,0,0,,0,0,,0,0,1,1,1.0,0.0,0.0,0.0,0.0,0.0,0.0,0.0,0.0,0.0,0.0,0.6666666666666666,0.5773502691896258,0.0,0.0,0.0,0.0,0.0,0.0,0.0,0.0,0.0,0.0,,0.0,0.0,,0.0,0.0,0.6666666666666666,0.6666666666666666,0.0,0.0,0.0,0.0,0.0,0.0,0.0,0.0,0.0,0.0,0.0,0.0,0.0,0.0,0.0,0.0,0.0,0.0,0.4,0.5477225575051661,0.0,0.0,0.0,0.0,0.0,0.0,0.0,0.0,0.0,0.0,,0.0,0.0,,0.0,0.0,0.4,0.4,0.0,0.0,0.0,0.0,0.0,0.0,0.0,0.0,0.0,0.0,0.0,0.0,0.0,0.0,0.0,0.0,0.0,0.0,0.2,0.4216370213557733,0.0,0.0,0.0,0.0,0.0,0.0,0.0,0.0,0.0,0.0,,0.0,0.0,,0.0,0.0,0.2,0.2,0.0,0.0,0.0,0.0,0.0,0.0,0.0,0.0,0.0,0.0,0.0,0.0,0.0,0.0,0.0,0.0,0.0,0.0,8.0,0.0,0.0,0.0,0.0,0.176,0.144,0.48,0.0,0.0,0.0,0.0,0.3199999999999999,0.0,0.0,0.0,0.0,0.0,0.176,0.144,0.48,,,,,,,,,,
2491214,Erica Wheeler,LAS,2026-07-06,0.0,44.0,0.0,0.0,17.0,10,7,6,2,3,2,0,2,4,7,,0,0,,0,7,2,15,34.0,0.2941176470588235,0.2058823529411764,0.1764705882352941,0.0588235294117647,0.088235294117647,0.2058823529411764,0.0,0.0588235294117647,0.2647058823529412,0.0,31.33333333333333,4.618802153517006,8.333333333333334,5.0,5.333333333333333,1.6666666666666667,2.6666666666666665,1.3333333333333333,0.0,2.0,3.333333333333333,6.0,,0.0,0.0,,0.0,5.0,3.0,9.0,0.2601809954751131,0.0587800047817492,0.1500754147812971,0.0966604523077653,0.1689291101055807,0.0130622232848331,0.0520361990950226,0.0117560009563498,0.0844645550527903,0.0065311116424165,0.1885369532428355,0.0300431135551162,0.0,0.0,0.0648567119155354,0.0104497786278665,0.253393665158371,0.0195933349272497,30.0,3.999999999999999,6.8,3.6,5.4,1.2,2.6,1.0,0.2,2.2,2.6,6.2,,0.4,0.6,,0.2,3.4,3.8,4.0,0.221236802413273,0.0707531655330474,0.1110708898944193,0.0873132262626923,0.1787933634992458,0.0325197071723725,0.0389140271493212,0.0240181575150954,0.0860633484162896,0.0096274877247948,0.2038914027149321,0.0596947319836225,0.02,0.0447213595499957,0.0742986425339366,0.0169800864221314,0.2869900452488688,0.0893963837137788,28.8,5.050852513300213,6.2,2.6,5.6,1.0,2.6,1.2,0.2,2.0,2.2,6.0,,0.8,1.0,,0.2,2.4,3.6,5.4,0.2036054141936495,0.0880492949107821,0.0838471332588979,0.0651498053847551,0.1932494956024368,0.0290772993814101,0.0315782256958727,0.0283888493171105,0.0867979079743785,0.0257905873121912,0.2098677792795439,0.0586514032218231,0.0321212121212121,0.0434977221408865,0.0653311394487865,0.0374196658851518,0.2893322520616638,0.0829901484992858,30.76,7.62,4.33,5.51,1.42,0.67672,0.55368,1.8456,17.46,11.95,13.13,9.84,1.2304,7.62,4.33,5.51,1.42,17.46,0.67672,0.55368,1.8456,SEA,True,1.905,1.0825,1.3775,1.0,4.365,1.0,1.0,1.0
2566106,Dearica Hamby,LAS,2026-07-06,0.0,44.0,0.0,0.0,17.0,16,5,4,1,2,1,0,3,6,12,,3,4,,0,5,6,0,36.0,0.4444444444444444,0.1388888888888889,0.1111111111111111,0.0277777777777777,0.0555555555555555,0.3333333333333333,0.1111111111111111,0.0833333333333333,0.4655555555555555,0.0,34.0,3.4641016151377544,19.666666666666668,8.333333333333334,3.6666666666666665,1.3333333333333333,2.333333333333333,1.0,0.0,2.0,6.333333333333333,11.666666666666666,,5.666666666666667,6.333333333333333,,1.6666666666666667,6.666666666666667,5.0,4.333333333333333,0.5962962962962963,0.2630151226308294,0.2592592592592592,0.2084875972073648,0.1074074074074074,0.0064150029909958,0.0407407407407407,0.0224525104684854,0.0703703703703703,0.0256600119639833,0.3444444444444444,0.0192450089729875,0.1962962962962962,0.1475450687929043,0.0555555555555555,0.0481125224324688,0.4863703703703703,0.0360523168093966,32.6,3.130495168499705,21.4,9.8,3.4,1.4,2.4,1.4,0.0,1.4,6.6,11.4,,6.8,7.6,,2.8,7.0,4.2,5.0,0.6732616487455197,0.2277896356001945,0.3136200716845878,0.1810246536585669,0.1037992831541218,0.0068034301106907,0.0442293906810035,0.0205638426108461,0.0751254480286738,0.0230000309996255,0.3509677419354838,0.0168065582451089,0.2427240143369175,0.1280652233427863,0.0397849462365591,0.0418785800857255,0.4975512544802868,0.0312700894072988,31.6,2.547329756605716,19.8,8.8,3.0,0.8,1.6,1.4,0.0,2.0,6.8,10.4,,5.4,6.2,,2.2,6.6,4.0,1.6,0.6334675874428377,0.1612179419847702,0.2847647076999134,0.1265561571671347,0.0934736126560375,0.0327902521982926,0.0253405017921146,0.0260167764407761,0.0509108886417006,0.0348909997597212,0.3286401557285873,0.0339948909510323,0.2004012174020516,0.1065621955196937,0.0632044864664441,0.0493112831280822,0.4800211778519342,0.0397104723714736,33.33,19.75,8.44,3.49,1.1999999999999995,0.7332599999999999,0.5999399999999999,1.9998,31.68,28.19,23.24,11.93,1.3331999999999995,19.75,8.44,3.49,1.1999999999999995,31.68,0.7332599999999999,0.5999399999999999,1.9998,SEA,True,4.9375,2.11,1.0,1.0,7.92,1.0,1.0,1.0
3065570,Kelsey Plum,LAS,2026-07-06,0.0,44.0,0.0,0.0,17.0,38,4,9,6,7,1,0,3,12,17,,8,8,,0,4,4,11,37.0,1.027027027027027,0.1081081081081081,0.2432432432432432,0.1621621621621621,0.1891891891891892,0.4594594594594595,0.2162162162162162,0.081081081081081,0.6356756756756756,0.0,36.0,1.7320508075688772,30.666666666666668,3.0,8.333333333333334,5.333333333333333,8.0,1.0,0.0,3.333333333333333,10.0,16.0,,5.333333333333333,5.333333333333333,,0.0,3.0,3.333333333333333,12.0,0.8415474297827238,0.3212600861945454,0.0818759936406995,0.0454353550475142,0.2307896131425543,0.0215703200730623,0.1473237943826179,0.0257008068955636,0.2241653418124006,0.0605804733966856,0.4435612082670906,0.0275365788166753,0.1441441441441441,0.1248324906355947,0.0932697403285638,0.0211113770927844,0.6002543720190779,0.0613514976035525,35.6,1.5165750888103149,27.2,2.2,7.8,4.2,7.4,1.0,0.0,3.4,9.0,15.2,,5.0,5.4,,0.0,2.2,3.4,8.8,0.7546016604840133,0.2785208899082786,0.0605635046811517,0.043407212320101,0.2185391273626567,0.0230300255390899,0.1174792439498321,0.0548624090726506,0.2099894011658717,0.0881223306963115,0.4262674439145028,0.0317066041564469,0.1475975975975976,0.1395867541689286,0.0961579226285108,0.0196383447717641,0.5873683094859565,0.0542161230906891,35.4,1.7126976771553597,26.8,1.4,7.2,3.2,6.6,1.4,0.0,3.4,9.2,15.4,,5.2,6.2,,0.0,1.4,3.4,3.4,0.7538501067912832,0.1918826387856705,0.038464935523759,0.038461304495659,0.204881084292849,0.0587833979477926,0.0911652294005235,0.0573029870961118,0.1888399094281447,0.0788397039860494,0.4354787943023237,0.0357606122327273,0.1718400218400218,0.1094537087736945,0.0955605337958279,0.0284211886412121,0.6066489377077613,0.0471686184334601,35.88999999999999,29.78,2.55,8.02,4.609999999999999,0.7895799999999998,0.6460199999999998,2.1533999999999995,40.349999999999994,32.33,37.8,10.57,1.4355999999999995,29.78,2.55,8.02,4.609999999999999,40.35,0.7895799999999998,0.6460199999999998,2.1533999999999995,SEA,True,7.445,1.0,2.005,1.1525,10.0875,1.0,1.0,1.0
3146151,Ariel Atkins,LAS,2026-07-06,0.0,44.0,0.0,0.0,13.0,11,3,3,1,5,1,0,2,5,12,,0,0,,0,3,1,-5,30.0,0.3666666666666666,0.1,0.1,0.0333333333333333,0.1666666666666666,0.4,0.0,0.0666666666666666,0.4666666666666667,0.0,28.0,3.4641016151377544,11.0,2.333333333333333,2.6666666666666665,1.6666666666666667,5.666666666666667,1.6666666666666667,0.3333333333333333,2.0,4.666666666666667,10.666666666666666,,0.0,0.3333333333333333,,0.0,2.333333333333333,2.333333333333333,-2.6666666666666665,0.3972222222222222,0.0529237746757157,0.0805555555555555,0.0336787657027281,0.0944444444444444,0.0096225044864937,0.0638888888888888,0.0529237746757156,0.2083333333333333,0.0721687836487032,0.3777777777777777,0.038490017945975,0.0138888888888888,0.0240562612162344,0.0722222222222222,0.0096225044864937,0.4561111111111111,0.0182827585243381,24.8,5.761944116355172,9.2,2.0,2.4,1.6,5.0,1.8,0.4,2.0,3.6,8.8,,0.4,0.8,,0.2,1.8,3.0,-4.0,0.355,0.136498880744292,0.0816666666666666,0.0379143772202577,0.0983333333333333,0.0170782512765992,0.0633333333333333,0.0579151678463135,0.1958333333333333,0.0972718127494062,0.3433333333333333,0.061913918736689,0.0416666666666666,0.0510310363079828,0.0849999999999999,0.0238630351054605,0.4466666666666666,0.0183711730708743,23.8,6.876691711054735,7.2,2.4,2.6,1.0,4.2,1.8,0.4,2.0,2.6,8.0,,1.0,1.4,,0.6,1.8,2.2,-1.4,0.2870588235294117,0.1210953433894567,0.1018627450980392,0.0331556845013793,0.1157107843137255,0.0351360765028629,0.0434313725490196,0.0489101173721511,0.1651960784313725,0.0806939775069686,0.3187254901960784,0.0693937915999321,0.0693627450980392,0.0495585837912179,0.0855147058823529,0.0244918779762642,0.4347598039215686,0.0531685095277236,26.34,9.609999999999998,2.33,2.61,1.41,0.57948,0.47412,1.5804,14.549999999999997,11.939999999999998,12.219999999999995,4.94,1.0536,9.609999999999998,2.33,2.61,1.41,14.549999999999995,0.57948,0.47412,1.5804,SEA,True,2.4024999999999994,1.0,1.0,1.0,3.637499999999999,1.0,1.0,1.0
4398764,Rae Burrell,LAS,2026-07-06,0.0,44.0,0.0,0.0,17.0,10,2,2,2,6,1,0,1,3,7,,2,2,,0,2,1,-9,25.0,0.4,0.08,0.08,0.08,0.24,0.28,0.08,0.04,0.3551999999999999,0.0,24.0,1.7320508075688772,10.666666666666666,1.6666666666666667,2.0,2.0,5.666666666666667,0.6666666666666666,0.0,1.3333333333333333,3.333333333333333,7.666666666666667,,2.0,2.0,,0.0,1.6666666666666667,1.3333333333333333,-3.333333333333333,0.4484848484848485,0.0839782209730364,0.0684848484848484,0.0199448274810961,0.0836363636363636,0.0062983665729777,0.0836363636363636,0.0062983665729777,0.2357575757575757,0.0073480943351406,0.323030303030303,0.0745306711135698,0.0836363636363636,0.0062983665729777,0.0569696969696969,0.0293923773405627,0.4168,0.1066943297462428,22.4,2.8809720581775844,9.2,1.8,2.0,1.6,4.6,0.4,0.0,1.4,2.8,6.8,,2.0,2.0,,0.4,1.4,2.4,-0.8,0.4004040404040404,0.1773203481463655,0.0835151515151515,0.0495885735823861,0.0905858585858585,0.0127044849708138,0.0683636363636363,0.0386037295333533,0.198020202020202,0.0798939967025765,0.2978585858585859,0.1227372569410117,0.0905858585858585,0.0127044849708138,0.0634747474747474,0.0258366384133381,0.4011911111111111,0.1389484970753774,25.8,6.160808027812226,9.4,2.4,1.8,1.2,3.4,0.6,0.0,2.0,3.2,6.8,,1.8,2.0,,0.8,1.6,2.4,0.0,0.3545643628402249,0.1476874711233459,0.0938922227198089,0.0553019387872411,0.0747291635567497,0.0280565665015339,0.0456103896103896,0.0409015911950967,0.1355016171567895,0.0851652673054315,0.2632916355674976,0.1152605198143634,0.0816257152808876,0.0195385859689674,0.0727609095884957,0.0423670643822831,0.371967859879584,0.1110154233541852,23.95,9.8,1.91,1.96,1.7,0.5268999999999999,0.4310999999999999,1.4369999999999998,13.670000000000002,11.71,11.759999999999998,3.87,0.958,9.8,1.91,1.96,1.7,13.669999999999998,0.5268999999999999,0.4310999999999999,1.4369999999999998,SEA,True,2.45,1.0,1.0,1.0,3.4174999999999995,1.0,1.0,1.0
4398907,Kate Martin,LAS,2026-07-06,0.0,44.0,0.0,0.0,11.0,0,0,1,0,0,0,0,0,0,0,,0,0,,0,0,1,9,6.0,0.0,0.0,0.1666666666666666,0.0,0.0,0.0,0.0,0.0,0.0,0.0,4.333333333333333,2.886751345948128,0.0,0.0,0.6666666666666666,0.0,0.0,0.0,0.0,0.0,0.0,0.0,,0.0,0.0,,0.0,0.0,0.6666666666666666,6.0,0.0,0.0,0.0,0.0,0.1111111111111111,0.0962250448649376,0.0,0.0,0.0,0.0,0.0,0.0,0.0,0.0,0.0,0.0,0.0,0.0,6.4,6.9498201415576215,2.2,0.0,0.4,0.6,1.2,0.2,0.0,0.2,0.8,1.4,,0.0,0.0,,0.0,0.0,0.4,5.4,0.1222222222222222,0.2732971972499743,0.0,0.0,0.0666666666666666,0.0912870929175276,0.0333333333333333,0.0745355992499929,0.0666666666666666,0.1490711984999859,0.0777777777777777,0.1739163982499835,0.0,0.0,0.0111111111111111,0.0248451997499976,0.0888888888888888,0.1987615979999814,10.8,8.727988186161676,3.8,1.6,0.6,1.0,2.4,0.2,0.0,0.4,1.2,3.0,,0.4,0.8,,0.4,1.2,0.8,3.4,0.1917874396135265,0.2626902133791741,0.0942028985507246,0.1299867057688281,0.0507246376811594,0.0706702359339506,0.0507246376811594,0.0706702359339506,0.1434782608695652,0.1359884074995307,0.1966183574879227,0.1745500352097826,0.0347826086956521,0.0733281776270928,0.0198067632850241,0.0258853865345057,0.2317294685990338,0.2028742730152367,8.0,1.53,0.32,0.61,0.41,0.176,0.144,0.48,2.46,1.85,2.14,0.93,0.3199999999999999,1.53,0.32,0.61,0.41,2.46,0.176,0.144,0.48,,,,,,,,,,
4433404,Cameron Brink,LAS,2026-07-06,0.0,44.0,0.0,0.0,17.0,16,8,0,2,5,1,1,6,7,11,,0,1,,4,4,6,8,24.0,0.6666666666666666,0.3333333333333333,0.0,0.0833333333333333,0.2083333333333333,0.4583333333333333,0.0416666666666666,0.25,0.7266666666666666,0.0,22.33333333333333,2.886751345948128,14.666666666666666,7.0,0.3333333333333333,1.6666666666666667,4.0,1.0,1.6666666666666667,6.0,5.666666666666667,9.333333333333334,,1.6666666666666667,2.6666666666666665,,3.0,4.0,5.333333333333333,5.0,0.6549707602339181,0.0202579041820921,0.3099415204678362,0.0405158083641842,0.0175438596491228,0.0303868562731381,0.0730994152046783,0.0177256661593306,0.1739766081871344,0.0595075935348956,0.4108187134502923,0.0822977357397492,0.1330409356725146,0.1582648764225948,0.2719298245614035,0.0379835703414227,0.7412865497076023,0.0253223802276151,20.8,2.949576240750524,12.6,5.6,0.8,1.2,3.0,0.8,2.0,5.0,4.6,7.6,,2.2,3.2,,2.2,3.4,5.2,1.0,0.5970760233918129,0.1176950527435475,0.2608187134502924,0.090746969549805,0.0432748538011695,0.046158098855371,0.0543859649122806,0.0340583660672231,0.1365497076023391,0.0685994294749689,0.3540935672514619,0.1025381837091003,0.165204678362573,0.1403575397419596,0.2374269005847953,0.1068582443310721,0.6642105263157895,0.189962818930909,19.2,2.7808871486152262,11.2,4.6,1.0,0.6,2.2,0.8,2.0,3.4,4.0,6.6,,2.6,3.8,,1.4,3.2,4.4,-2.4,0.5782163742690059,0.1040354182663752,0.2316520467836257,0.0800053350344628,0.0557748538011695,0.0372317774506987,0.0271929824561403,0.0365672472534818,0.1073830409356725,0.0575432686435891,0.3374269005847953,0.0819736782713706,0.2108187134502924,0.1304083004762045,0.1683479532163742,0.1079518849658516,0.5985350877192983,0.163954550701723,21.42,13.449999999999998,6.18,0.58,1.34,0.4712399999999999,0.3855599999999999,1.2852,20.209999999999994,19.629999999999995,14.029999999999998,6.76,0.8567999999999999,13.449999999999998,6.18,0.58,1.34,20.21,0.4712399999999999,0.3855599999999999,1.2852,SEA,True,3.3624999999999994,1.545,1.0,1.0,5.0525,1.0,1.0,1.0
4433795,Sania Feagin,LAS,2026-07-06,0.0,46.0,0.0,0.0,9.0,0,0,0,0,0,0,0,0,0,0,,0,0,,0,0,0,0,0.0,,,,,,,,,,0.0,1.0,1.7320508075688772,0.0,0.0,0.0,0.0,0.0,0.0,0.0,0.0,0.0,0.0,,0.0,0.0,,0.0,0.0,0.3333333333333333,-1.3333333333333333,0.0,,0.0,,0.0,,0.0,,0.0,,0.0,,0.0,,0.0,,0.0,,3.2,4.08656334834051,1.6,0.6,0.0,0.0,0.0,0.2,0.0,0.2,0.4,0.6,,0.8,0.8,,0.4,0.2,0.6,-2.6,0.2666666666666666,0.4618802153517006,0.0999999999999999,0.1732050807568876,0.0,0.0,0.0,0.0,0.0,0.0,0.0999999999999999,0.1732050807568877,0.1333333333333333,0.2309401076758502,0.0333333333333333,0.0577350269189625,0.1919999999999999,0.3325537550532245,5.75,4.682795258023932,3.75,1.0,0.25,0.0,0.0,0.5,0.0,0.5,1.0,1.5,,1.75,2.0,,0.5,0.5,1.5,-2.0,0.5,0.3898717737923585,0.1333333333333333,0.1366260102127946,0.0333333333333333,0.0516397779494322,0.0,0.0,0.0,0.0,0.1999999999999999,0.1549193338482966,0.2666666666666666,0.2065591117977289,0.0666666666666666,0.0516397779494322,0.3839999999999999,0.2974451209887296,8.0,1.31,0.41,0.05,0.0,0.176,0.144,0.48,1.77,1.7200000000000002,1.36,0.46,0.3199999999999999,1.31,0.41,0.05,0.0,1.7700000000000002,0.176,0.144,0.48,,,,,,,,,,
4609797,Ta'Niya Latson,LAS,2026-07-06,0.0,44.0,0.0,0.0,17.0,0,0,0,0,0,0,0,0,0,0,,0,0,,0,0,0,0,0.0,,,,,,,,,,0.0,0.0,0.0,0.0,0.0,0.0,0.0,0.0,0.0,0.0,0.0,0.0,0.0,,0.0,0.0,,0.0,0.0,0.0,0.0,,,,,,,,,,,,,,,,,,,0.0,0.0,0.0,0.0,0.0,0.0,0.0,0.0,0.0,0.0,0.0,0.0,,0.0,0.0,,0.0,0.0,0.0,0.0,,,,,,,,,,,,,,,,,,,0.8,1.0327955589886504,0.0,0.0,0.0,0.0,0.2,0.0,0.0,0.2,0.0,0.2,,0.0,0.0,,0.0,0.0,0.0,-1.0,0.0,0.0,0.0,0.0,0.0,0.0,0.0,0.0,0.25,0.2886751345948128,0.25,0.2886751345948127,0.0,0.0,0.25,0.2886751345948128,0.5000000000000001,0.5773502691896257,8.0,0.0,0.0,0.0,0.0,0.176,0.144,0.48,0.0,0.0,0.0,0.0,0.3199999999999999,0.0,0.0,0.0,0.0,0.0,0.176,0.144,0.48,,,,,,,,,,
4874375,Jihyun Park,LAS,2026-07-06,0.0,44.0,0.0,0.0,17.0,0,1,1,0,1,1,0,0,0,1,,0,0,,0,1,2,0,7.0,0.0,0.1428571428571428,0.1428571428571428,0.0,0.1428571428571428,0.1428571428571428,0.0,0.0,0.1428571428571428,0.0,8.333333333333334,2.309401076758503,0.6666666666666666,1.0,1.0,0.0,0.6666666666666666,1.0,0.0,0.0,0.0,0.6666666666666666,,0.6666666666666666,0.6666666666666666,,0.0,1.0,2.333333333333333,3.0,0.0606060606060606,0.1049727762162956,0.1255411255411255,0.0299922217760844,0.1255411255411255,0.0299922217760844,0.0,0.0,0.0952380952380952,0.0824786098842322,0.0952380952380952,0.0824786098842322,0.0606060606060606,0.1049727762162956,0.0,0.0,0.1219047619047618,0.0362905883490621,8.8,2.049390153191919,1.2,1.0,1.2,0.0,0.8,0.8,0.0,0.0,0.2,1.0,,0.8,0.8,,0.2,0.8,2.6,1.2,0.1227272727272727,0.1154402281745481,0.1185064935064934,0.0262264519827979,0.1435064935064935,0.064951296672585,0.0,0.0,0.1071428571428571,0.1071428571428571,0.1321428571428571,0.1534052256779609,0.0727272727272727,0.0995859195463938,0.0,0.0,0.1641428571428571,0.1219907156052359,5.2,4.685675570881488,0.8,0.6,0.8,0.0,0.6,0.4,0.0,0.0,0.2,0.8,,0.4,0.4,,0.2,0.4,1.6,-0.6,0.1439393939393939,0.1155892795318827,0.1195887445887445,0.0236069699731881,0.1612554112554112,0.0725608795364775,0.0,0.0,0.1309523809523809,0.112183037994188,0.1726190476190476,0.1692821980747945,0.0606060606060606,0.093890505362604,0.0,0.0,0.1992857142857143,0.1389802511297256,8.0,0.78,0.92,1.0299999999999998,0.0,0.176,0.144,0.48,2.73,1.7,1.81,1.95,0.3199999999999999,0.78,0.92,1.0299999999999998,0.0,2.7299999999999995,0.176,0.144,0.48,,,,,,,,,,
5105729,Chance Gray,LAS,2026-07-06,0.0,44.0,0.0,0.0,17.0,0,0,0,0,0,0,0,0,0,0,,0,0,,0,0,0,0,0.0,,,,,,,,,,0.0,0.6666666666666666,1.1547005383792517,0.0,0.0,0.3333333333333333,0.0,0.3333333333333333,0.0,0.0,0.0,0.0,0.3333333333333333,,0.0,0.0,,0.0,0.0,0.3333333333333333,-1.0,0.0,,0.0,,0.5,,0.0,,0.5,,0.5,,0.0,,0.0,,0.5,,2.8,4.147288270665544,0.8,0.2,0.4,0.0,0.8,0.0,0.0,0.2,0.4,1.2,,0.0,0.0,,0.0,0.2,0.8,-4.2,0.1333333333333333,0.2309401076758501,0.0333333333333333,0.0577350269189625,0.3333333333333333,0.2886751345948129,0.0,0.0,0.3999999999999999,0.1732050807568877,0.4666666666666667,0.0577350269189617,0.0,0.0,0.0333333333333333,0.0577350269189625,0.5,0.0,7.8,6.268084945889686,1.2,0.6,0.2,0.0,1.0,0.0,0.0,0.4,0.6,1.8,,0.0,0.0,,0.0,0.6,1.2,-6.6,0.13125,0.1746169276690305,0.0633522727272727,0.0418045485258461,0.125,0.2314550249431378,0.0,0.0,0.2204545454545454,0.1917267585418585,0.3017045454545454,0.1643865829143815,0.0,0.0,0.0477272727272727,0.0511381673563563,0.3494318181818182,0.1703733572882562,8.0,0.52,0.19,0.28,0.0,0.176,0.144,0.48,0.99,0.71,0.8,0.47,0.3199999999999999,0.52,0.19,0.28,0.0,0.99,0.176,0.144,0.48,,,,,,,,,,
5107515,Laura Ziegler,LAS,2026-07-06,0.0,64.0,0.0,0.0,5.0,0,1,0,0,3,0,1,1,0,3,,0,0,,1,0,3,-8,10.0,0.0,0.1,0.0,0.0,0.3,0.3,0.0,0.1,0.4,0.0,11.333333333333334,2.309401076758503,0.6666666666666666,1.0,0.3333333333333333,0.0,3.0,0.3333333333333333,0.6666666666666666,1.0,0.3333333333333333,3.333333333333333,,0.0,0.0,,1.0,0.0,2.0,-6.666666666666667,0.0476190476190476,0.0824786098842322,0.0904761904761904,0.0164957219768464,0.0238095238095238,0.0412393049421161,0.0,0.0,0.2714285714285714,0.0494871659305393,0.2952380952380952,0.0082478609884232,0.0,0.0,0.0904761904761904,0.0164957219768464,0.3857142857142857,0.0247435829652696,12.0,2.309401076758503,1.0,1.0,0.5,0.0,3.0,0.5,0.5,1.0,0.5,3.5,,0.0,0.0,,1.0,0.0,1.5,-6.0,0.0714285714285714,0.0824786098842322,0.0857142857142857,0.0164957219768464,0.0357142857142857,0.0412393049421161,0.0,0.0,0.2571428571428571,0.0494871659305393,0.2928571428571428,0.0082478609884232,0.0,0.0,0.0857142857142857,0.0164957219768464,0.3785714285714285,0.0247435829652696,12.0,2.309401076758503,1.0,1.0,0.5,0.0,3.0,0.5,0.5,1.0,0.5,3.5,,0.0,0.0,,1.0,0.0,1.5,-6.0,0.0714285714285714,0.0824786098842322,0.0857142857142857,0.0164957219768464,0.0357142857142857,0.0412393049421161,0.0,0.0,0.2571428571428571,0.0494871659305393,0.2928571428571428,0.0082478609884232,0.0,0.0,0.0857142857142857,0.0164957219768464,0.3785714285714285,0.0247435829652696,11.5,0.75,1.0,0.375,0.0,0.253,0.207,0.69,2.125,1.75,1.125,1.375,0.4599999999999999,0.75,1.0,0.375,0.0,2.125,0.253,0.207,0.69,SEA,True,1.0,1.0,1.0,1.0,1.0,1.0,1.0,1.0
5209660,Sevgi Uzun,LAS,2026-07-06,0.0,64.0,0.0,0.0,5.0,2,2,0,0,2,0,0,0,1,4,,0,0,,0,2,0,-8,10.0,0.2,0.2,0.0,0.0,0.2,0.4,0.0,0.0,0.4,0.0,11.0,1.7320508075688772,2.0,2.0,0.0,0.0,1.6666666666666667,0.0,0.3333333333333333,1.3333333333333333,1.0,3.333333333333333,,0.0,0.0,,0.0,2.0,0.3333333333333333,-6.0,0.1846153846153846,0.0266469355010596,0.1846153846153846,0.0266469355010596,0.0,0.0,0.0,0.0,0.158974358974359,0.0710584946694924,0.317948717948718,0.1421169893389848,0.0,0.0,0.1025641025641025,0.177646236673731,0.4205128205128205,0.0355292473347462,11.5,1.7320508075688772,2.0,2.0,0.0,0.0,1.5,0.0,0.5,2.0,1.0,3.0,,0.0,0.0,,0.0,2.0,0.5,-5.0,0.1769230769230769,0.0266469355010596,0.1769230769230769,0.0266469355010596,0.0,0.0,0.0,0.0,0.1384615384615384,0.0710584946694924,0.2769230769230769,0.1421169893389848,0.0,0.0,0.1538461538461538,0.177646236673731,0.4307692307692308,0.0355292473347462,11.5,1.7320508075688772,2.0,2.0,0.0,0.0,1.5,0.0,0.5,2.0,1.0,3.0,,0.0,0.0,,0.0,2.0,0.5,-5.0,0.1769230769230769,0.0266469355010596,0.1769230769230769,0.0266469355010596,0.0,0.0,0.0,0.0,0.1384615384615384,0.0710584946694924,0.2769230769230769,0.1421169893389848,0.0,0.0,0.1538461538461538,0.177646236673731,0.4307692307692308,0.0355292473347462,11.125,2.0,2.0,0.0,0.0,0.24475,0.2002499999999999,0.6675,4.0,4.0,2.0,2.0,0.4449999999999999,2.0,2.0,0.0,0.0,4.0,0.24475,0.2002499999999999,0.6675,SEA,True,1.0,1.0,1.0,1.0,1.0,1.0,1.0,1.0
5239080,Amelia Hassett,LAS,2026-07-06,0.0,72.0,0.0,0.0,3.0,3,3,0,1,2,1,0,0,1,2,,0,0,,0,3,2,-6,12.0,0.25,0.25,0.0,0.0833333333333333,0.1666666666666666,0.1666666666666666,0.0,0.0,0.1666666666666666,0.0,12.0,0.0,3.0,3.0,0.0,1.0,2.0,1.0,0.0,0.0,1.0,2.0,,0.0,0.0,,0.0,3.0,2.0,-6.0,0.25,0.0,0.25,0.0,0.0,0.0,0.0833333333333333,0.0,0.1666666666666666,0.0,0.1666666666666666,0.0,0.0,0.0,0.0,0.0,0.1666666666666666,0.0,12.0,0.0,3.0,3.0,0.0,1.0,2.0,1.0,0.0,0.0,1.0,2.0,,0.0,0.0,,0.0,3.0,2.0,-6.0,0.25,0.0,0.25,0.0,0.0,0.0,0.0833333333333333,0.0,0.1666666666666666,0.0,0.1666666666666666,0.0,0.0,0.0,0.0,0.0,0.1666666666666666,0.0,12.0,0.0,3.0,3.0,0.0,1.0,2.0,1.0,0.0,0.0,1.0,2.0,,0.0,0.0,,0.0,3.0,2.0,-6.0,0.25,0.0,0.25,0.0,0.0,0.0,0.0833333333333333,0.0,0.1666666666666666,0.0,0.1666666666666666,0.0,0.0,0.0,0.0,0.0,0.1666666666666666,0.0,11.999999999999998,3.0,3.0,0.0,1.0,0.2639999999999999,0.2159999999999999,0.7199999999999999,6.0,5.999999999999999,3.0,3.0,0.4799999999999998,3.0,3.0,0.0,1.0,5.999999999999999,0.2639999999999999,0.2159999999999999,0.7199999999999999,SEA,True,1.0,1.0,1.0,1.0,1.4999999999999998,1.0,1.0,1.0
2529130,Natasha Howard,MIN,2026-07-06,0.0,44.0,0.0,0.0,17.0,26,14,5,0,0,0,0,3,11,15,,4,5,,5,9,5,16,33.0,0.7878787878787878,0.4242424242424242,0.1515151515151515,0.0,0.0,0.4545454545454545,0.1515151515151515,0.0909090909090909,0.6121212121212121,0.0,29.33333333333333,6.350852961085883,21.666666666666668,11.333333333333334,4.333333333333333,0.0,0.0,0.0,0.0,3.333333333333333,9.0,12.333333333333334,,3.6666666666666665,4.666666666666667,,4.666666666666667,6.666666666666667,4.333333333333333,17.333333333333332,0.7222222222222222,0.1137205075676535,0.3737373737373737,0.0874773135135797,0.1464646464646464,0.0087477313513579,0.0,0.0,0.0,0.0,0.4090909090909091,0.0787295821622216,0.1616161616161616,0.0174954627027159,0.1212121212121212,0.0524863881081477,0.6014141414141414,0.0185451904648789,27.8,5.540758070878028,19.0,9.8,4.6,0.0,0.2,0.4,0.0,3.6,8.0,11.8,,3.0,4.4,,4.2,5.6,3.8,15.0,0.6687565308254964,0.1087601882270701,0.3408568443051202,0.0776539923216738,0.1634273772204806,0.0442300753409513,0.0,0.0,0.0068965517241379,0.0154211584655157,0.412539184952978,0.0898585391064392,0.160919540229885,0.0198674538577132,0.1366771159874608,0.045459949954351,0.6200208986415883,0.0559322909406126,29.6,4.695151163109065,19.2,9.0,4.2,0.0,0.2,0.6,0.6,4.4,8.2,12.0,,2.8,5.0,,4.0,5.0,3.8,11.6,0.6381221077772803,0.1178120556428961,0.3058964024481266,0.1023036521894557,0.1425018659501418,0.0598134358472221,0.0,0.0,0.0068965517241379,0.014539207632958,0.4000626959247649,0.083603552286102,0.1699178981937602,0.0252680748783783,0.149717868338558,0.0402631734062716,0.6245444394685775,0.0672168942005008,29.4,20.89,10.73,4.5,0.0,0.6468,0.5292,1.764,36.120000000000005,31.62,25.39,15.23,1.1760000000000002,20.89,10.73,4.5,0.0,36.120000000000005,0.6468,0.5292,1.764,CON,True,5.2225,2.6825,1.125,1.0,9.03,1.0,1.0,1.0
2529205,Kayla McBride,MIN,2026-07-06,0.0,44.0,0.0,0.0,19.0,13,6,4,2,4,1,0,0,4,9,,3,3,,0,6,1,11,35.0,0.3714285714285714,0.1714285714285714,0.1142857142857142,0.0571428571428571,0.1142857142857142,0.2571428571428571,0.0857142857142857,0.0,0.2948571428571429,0.0,31.0,6.928203230275509,13.0,5.333333333333333,3.333333333333333,1.6666666666666667,3.6666666666666665,1.0,0.0,0.3333333333333333,4.333333333333333,8.666666666666666,,2.6666666666666665,3.0,,0.3333333333333333,5.0,1.0,13.666666666666666,0.4360248447204968,0.1118840273212194,0.1722567287784679,0.0014344106066823,0.105175983436853,0.0157785166735053,0.0525879917184265,0.0078892583367526,0.1196687370600414,0.0093236689434349,0.2873706004140786,0.0523559871439039,0.1006211180124223,0.0258193909202813,0.0144927536231884,0.0251021856169402,0.3461366459627329,0.088818704765768,31.2,7.75886589650833,14.4,5.4,2.6,1.6,4.0,1.6,0.2,0.8,5.2,10.2,,2.4,2.8,,0.8,4.6,1.6,10.6,0.4746583850931677,0.0979245289961278,0.1731366459627329,0.0016211656069733,0.0854968944099378,0.0364750858696974,0.0502484472049689,0.0068337096226927,0.1278881987577639,0.0147644598649976,0.3269875776397515,0.0711187243990507,0.0964596273291925,0.0342711396693422,0.027391304347826,0.0251460760711674,0.3968211180124224,0.095146002864226,33.0,5.849976258261423,14.2,5.4,2.2,1.4,4.2,1.6,0.4,1.6,4.4,10.2,,4.0,4.6,,0.8,4.6,2.0,6.6,0.4368835597480099,0.0915867215264101,0.1632483586319903,0.0597118733683511,0.0693126183279636,0.0375824444193637,0.0422454357236965,0.0231198600315425,0.1270724416248712,0.0430903153686614,0.3077763200141716,0.0793221669270058,0.1421781202599616,0.1001673494063984,0.0486421762380841,0.0308571009106021,0.418976869166639,0.0719864445038683,32.07,13.73,5.47,2.95,1.64,0.70554,0.57726,1.9242,22.15,19.2,16.68,8.42,1.2828,13.73,5.47,2.95,1.64,22.15,0.70554,0.57726,1.9242,CON,True,3.4325,1.3675,1.0,1.0,5.5375,1.0,1.0,1.0
2987891,Courtney Williams,MIN,2026-07-06,0.0,44.0,0.0,0.0,19.0,17,8,3,0,1,3,2,2,8,18,,1,1,,2,6,3,12,33.0,0.5151515151515151,0.2424242424242424,0.0909090909090909,0.0,0.0303030303030303,0.5454545454545454,0.0303030303030303,0.0606060606060606,0.6193939393939394,0.0,31.666666666666668,2.309401076758504,16.333333333333332,8.0,3.0,1.0,3.333333333333333,2.0,1.3333333333333333,1.3333333333333333,7.333333333333333,17.0,,0.6666666666666666,0.6666666666666666,,1.3333333333333333,6.666666666666667,2.6666666666666665,14.0,0.5158481365377917,0.00120658363467,0.2535701846046674,0.019305338154721,0.0950888192267502,0.0072395018080203,0.0344827586206896,0.0597258899161681,0.1121560431905259,0.1417735770737325,0.5360501567398118,0.0162888790680458,0.0202020202020202,0.0174954627027159,0.0404040404040404,0.0349909254054318,0.5853430860327412,0.0589778080626727,30.8,2.04939015319192,16.2,7.4,3.0,1.8,4.8,1.2,0.8,1.2,7.0,17.0,,0.4,0.4,,1.0,6.4,2.2,10.0,0.5262904911180772,0.0225951431291964,0.2406478578892372,0.0446083205865018,0.0977429467084639,0.0063952916516007,0.0613793103448275,0.0560490697193899,0.162466039707419,0.1245594628961415,0.5517450365726227,0.0477409558300639,0.0121212121212121,0.0165976532577323,0.0375757575757575,0.0343909356584511,0.5946541274817136,0.0779540515342713,30.6,1.4298407059684703,16.2,5.8,3.4,2.0,4.6,1.4,0.8,1.2,6.8,15.0,,0.6,0.8,,0.6,5.2,2.2,6.0,0.5286291165267806,0.1055446737431817,0.1892486601274143,0.065973839166651,0.1115596453972427,0.0293683824609535,0.0667111605487578,0.0445371423472732,0.1537061381332794,0.0860456876564925,0.4903886473185695,0.1111568861812233,0.026060606060606,0.040886014192076,0.0385728250244379,0.0250772970023055,0.5404281390096741,0.1225339715176467,31.35,16.36,7.35,3.08,1.33,0.6896999999999999,0.5642999999999999,1.881,26.79,23.71,19.44,10.43,1.2539999999999998,16.36,7.35,3.08,1.33,26.79,0.6896999999999999,0.5642999999999999,1.881,CON,True,4.09,1.8375,1.0,1.0,6.6975,1.0,1.0,1.0
3054590,Nia Coffey,MIN,2026-07-06,0.0,44.0,0.0,0.0,19.0,8,7,0,1,7,0,2,4,3,11,,1,1,,2,5,3,7,25.0,0.32,0.28,0.0,0.04,0.28,0.44,0.04,0.16,0.6175999999999999,0.0,25.0,0.0,8.0,5.666666666666667,0.6666666666666666,0.6666666666666666,4.666666666666667,0.3333333333333333,1.3333333333333333,3.0,3.333333333333333,8.666666666666666,,0.6666666666666666,0.6666666666666666,,1.6666666666666667,4.0,2.333333333333333,8.333333333333334,0.32,0.0,0.2266666666666666,0.0923760430703401,0.0266666666666666,0.04618802153517,0.0266666666666666,0.023094010767585,0.1866666666666666,0.1616580753730952,0.3466666666666667,0.1616580753730952,0.0266666666666666,0.023094010767585,0.12,0.069282032302755,0.4784,0.2411014724135877,25.0,0.0,6.8,4.6,1.2,0.4,3.4,0.4,0.8,2.2,3.0,6.8,,0.4,0.4,,1.2,3.4,2.6,7.0,0.2719999999999999,0.1073312629199901,0.184,0.0876356092008266,0.048,0.0438178046004132,0.016,0.0219089023002066,0.136,0.1402854233340014,0.2719999999999999,0.1533623161014465,0.016,0.0219089023002066,0.088,0.0657267069006199,0.36704,0.2287289400141573,25.2,3.011090610836324,8.8,6.2,1.0,1.4,3.4,0.4,1.0,1.6,3.6,6.4,,0.2,0.2,,0.8,5.4,3.8,5.6,0.3544761904761905,0.1849509750980522,0.2525714285714285,0.1383287935580878,0.0386666666666666,0.0378169731309913,0.0565714285714285,0.0596406472359337,0.1380952380952381,0.0985784574341332,0.2586666666666666,0.1167798392882843,0.008,0.0168654808542313,0.0641904761904761,0.0507205823649001,0.3263771428571428,0.1689107088900149,25.04,7.74,5.6,0.8200000000000001,0.77,0.5508799999999999,0.4507199999999999,1.5024,14.16,13.34,8.56,6.42,1.0015999999999998,7.74,5.6,0.8200000000000001,0.77,14.16,0.5508799999999999,0.4507199999999999,1.5024,CON,True,1.935,1.4,1.0,1.0,3.54,1.0,1.0,1.0
3913680,Emese Hof,MIN,2026-07-06,0.0,44.0,0.0,0.0,7.0,2,2,0,0,0,0,0,2,1,1,,0,0,,1,1,3,-4,6.0,0.3333333333333333,0.3333333333333333,0.0,0.0,0.0,0.1666666666666666,0.0,0.3333333333333333,0.5,0.0,7.666666666666667,2.886751345948129,2.333333333333333,2.333333333333333,0.6666666666666666,0.0,0.0,0.0,0.0,2.0,1.0,1.6666666666666667,,0.3333333333333333,0.6666666666666666,,1.0,1.3333333333333333,2.6666666666666665,-6.0,0.3131313131313131,0.0349909254054318,0.3131313131313131,0.0349909254054318,0.0606060606060606,0.1049727762162956,0.0,0.0,0.0,0.0,0.202020202020202,0.0612341194595057,0.0606060606060606,0.1049727762162956,0.2828282828282828,0.0874773135135796,0.5115151515151516,0.0199448274810962,7.6,3.2093613071762426,2.4,2.0,0.8,0.0,0.0,0.0,0.0,1.6,1.0,2.0,,0.4,0.8,,0.8,1.2,2.2,-6.4,0.3424242424242424,0.0931540978723599,0.2424242424242423,0.1388659301501769,0.0727272727272727,0.0995859195463938,0.0,0.0,0.0,0.0,0.2757575757575757,0.1361108768574285,0.0727272727272727,0.0995859195463938,0.206060606060606,0.1378704626191191,0.5138181818181818,0.0189213247138148,7.0,3.22490309931942,2.333333333333333,1.6666666666666667,0.6666666666666666,0.0,0.0,0.0,0.0,1.3333333333333333,1.0,2.0,,0.3333333333333333,0.6666666666666666,,0.6666666666666666,1.0,2.0,-6.0,0.3686868686868687,0.1052639633948527,0.202020202020202,0.1588140929861296,0.0606060606060606,0.093890505362604,0.0,0.0,0.0,0.0,0.3131313131313131,0.1523210888577317,0.0606060606060606,0.093890505362604,0.1717171717171717,0.1492763895103932,0.5115151515151516,0.0178391960188947,8.0,2.306666666666666,2.033333333333333,0.6133333333333333,0.0,0.176,0.144,0.48,4.953333333333333,4.34,2.92,2.6466666666666665,0.3199999999999999,2.306666666666666,2.033333333333333,0.6133333333333333,0.0,4.953333333333333,0.176,0.144,0.48,,,,,,,,,,
3917450,Napheesa Collier,MIN,2026-07-06,0.0,44.0,0.0,0.0,15.0,0,0,0,0,0,0,0,0,0,0,,0,0,,0,0,0,0,0.0,,,,,,,,,,0.0,0.0,0.0,0.0,0.0,0.0,0.0,0.0,0.0,0.0,0.0,0.0,0.0,,0.0,0.0,,0.0,0.0,0.0,0.0,,,,,,,,,,,,,,,,,,,0.0,0.0,0.0,0.0,0.0,0.0,0.0,0.0,0.0,0.0,0.0,0.0,,0.0,0.0,,0.0,0.0,0.0,0.0,,,,,,,,,,,,,,,,,,,0.0,0.0,0.0,0.0,0.0,0.0,0.0,0.0,0.0,0.0,0.0,0.0,,0.0,0.0,,0.0,0.0,0.0,0.0,,,,,,,,,,,,,,,,,,,8.0,0.0,0.0,0.0,0.0,0.176,0.144,0.48,0.0,0.0,0.0,0.0,0.3199999999999999,0.0,0.0,0.0,0.0,0.0,0.176,0.144,0.48,,,,,,,,,,
4280850,Maya Caldwell,MIN,2026-07-06,0.0,44.0,0.0,0.0,17.0,2,3,2,0,1,0,0,1,0,2,,2,2,,1,2,3,0,13.0,0.1538461538461538,0.2307692307692307,0.1538461538461538,0.0,0.0769230769230769,0.1538461538461538,0.1538461538461538,0.0769230769230769,0.2984615384615384,0.0,16.0,5.196152422706632,6.666666666666667,3.0,2.333333333333333,1.3333333333333333,3.0,0.3333333333333333,0.3333333333333333,0.6666666666666666,2.0,5.333333333333333,,1.3333333333333333,1.3333333333333333,,1.3333333333333333,1.6666666666666667,3.0,3.6666666666666665,0.344988344988345,0.3310679865283169,0.1993006993006993,0.0545050953430765,0.148018648018648,0.0100935361746438,0.0606060606060606,0.1049727762162956,0.1573426573426573,0.1392907992100845,0.2843822843822843,0.2260952103120212,0.1025641025641025,0.0888231183368655,0.0512820512820512,0.0444115591684327,0.3807925407925407,0.1426014790753677,17.2,4.549725266430931,8.2,2.8,2.4,1.8,3.6,0.4,0.6,0.4,2.8,6.4,,0.8,0.8,,1.2,1.6,2.4,3.4,0.4149475524475525,0.2923770730430393,0.1718531468531468,0.0539824924573393,0.141083916083916,0.0125399747135869,0.0852272727272727,0.0917925819397926,0.183041958041958,0.124916838687217,0.3297202797202797,0.2008116568618844,0.0615384615384615,0.0842650088469486,0.0307692307692307,0.0421325044234743,0.3875664335664336,0.1454829887466937,14.0,5.033222956847167,4.6,2.0,2.0,1.0,2.6,0.6,0.4,0.4,1.6,4.4,,0.4,0.4,,0.6,1.4,1.4,2.0,0.2387237762237762,0.2849192096855478,0.1484265734265734,0.0940711795472704,0.1375874125874125,0.0914298336337521,0.0488636363636363,0.0745740891049982,0.1585664335664335,0.1260030204260256,0.2625874125874126,0.1950270402461023,0.0307692307692307,0.0648672340547359,0.0335664335664335,0.0435841338648773,0.3096923076923076,0.1978579142981437,15.57,6.09,2.7299999999999995,2.24,1.23,0.34254,0.28026,0.9342,11.06,8.82,8.33,4.969999999999999,0.6228,6.09,2.7299999999999995,2.24,1.23,11.06,0.34254,0.28026,0.9342,CON,True,1.5225,1.0,1.0,1.0,2.765,1.0,1.0,1.0
4398938,Dorka Juhasz,MIN,2026-07-06,0.0,44.0,0.0,0.0,13.0,0,0,0,0,0,0,0,0,0,0,,0,0,,0,0,0,0,0.0,,,,,,,,,,0.0,0.0,0.0,0.0,0.0,0.0,0.0,0.0,0.0,0.0,0.0,0.0,0.0,,0.0,0.0,,0.0,0.0,0.0,0.0,,,,,,,,,,,,,,,,,,,0.0,0.0,0.0,0.0,0.0,0.0,0.0,0.0,0.0,0.0,0.0,0.0,,0.0,0.0,,0.0,0.0,0.0,0.0,,,,,,,,,,,,,,,,,,,0.0,0.0,0.0,0.0,0.0,0.0,0.0,0.0,0.0,0.0,0.0,0.0,,0.0,0.0,,0.0,0.0,0.0,0.0,,,,,,,,,,,,,,,,,,,8.0,0.0,0.0,0.0,0.0,0.176,0.144,0.48,0.0,0.0,0.0,0.0,0.3199999999999999,0.0,0.0,0.0,0.0,0.0,0.176,0.144,0.48,,,,,,,,,,
4433386,Jaylyn Sherrod,MIN,2026-07-06,0.0,66.0,0.0,0.0,7.0,0,1,1,0,0,0,0,0,0,0,,0,2,,1,0,1,0,6.0,0.0,0.1666666666666666,0.1666666666666666,0.0,0.0,0.0,0.3333333333333333,0.0,0.1466666666666666,0.0,8.0,3.4641016151377544,2.0,0.6666666666666666,0.6666666666666666,0.0,0.0,0.3333333333333333,0.0,0.3333333333333333,0.3333333333333333,0.6666666666666666,,1.3333333333333333,2.6666666666666665,,0.6666666666666666,0.0,1.3333333333333333,2.0,0.1666666666666666,0.2886751345948129,0.1111111111111111,0.0962250448649376,0.1111111111111111,0.0962250448649376,0.0,0.0,0.0,0.0,0.0555555555555555,0.0962250448649376,0.3333333333333333,0.0,0.0277777777777777,0.0481125224324688,0.2299999999999999,0.1443375672974065,10.0,3.741657386773941,4.2,0.4,0.8,0.0,0.0,0.8,0.0,0.4,1.2,1.8,,1.8,2.8,,0.4,0.0,2.0,5.0,0.3285714285714286,0.3055607090886776,0.0666666666666666,0.0912870929175276,0.0952380952380952,0.0874817765279706,0.0,0.0,0.0,0.0,0.1380952380952381,0.1481174382380551,0.2952380952380952,0.0851835419999919,0.0333333333333333,0.0456435464587638,0.3013333333333333,0.1415116799262716,10.666666666666666,3.723797345005051,5.0,0.3333333333333333,1.0,0.0,0.0,1.0,0.0,0.3333333333333333,1.6666666666666667,2.333333333333333,,1.6666666666666667,2.6666666666666665,,0.3333333333333333,0.0,2.333333333333333,6.333333333333333,0.3809523809523809,0.3019212854123306,0.0555555555555555,0.086066296582387,0.1031746031746031,0.0806249212647637,0.0,0.0,0.0,0.0,0.1746031746031746,0.1598374079387188,0.2698412698412698,0.0983614818084423,0.0277777777777777,0.0430331482911935,0.3211111111111111,0.1355264085239751,8.933333333333334,3.07,0.5566666666666666,0.8299999999999998,0.0,0.1965333333333333,0.1608,0.536,4.456666666666666,3.6266666666666665,3.9,1.3866666666666665,0.3573333333333333,3.07,0.5566666666666666,0.8299999999999998,0.0,4.456666666666666,0.1965333333333333,0.1608,0.536,,,,,,,,,,
4433542,Saylor Poffenbarger,MIN,2026-07-06,0.0,66.0,0.0,0.0,7.0,0,2,0,0,1,0,0,0,0,1,,0,0,,1,1,1,8,15.0,0.0,0.1333333333333333,0.0,0.0,0.0666666666666666,0.0666666666666666,0.0,0.0,0.0666666666666666,0.0,19.33333333333333,7.505553499465136,2.6666666666666665,2.333333333333333,0.3333333333333333,0.6666666666666666,4.0,0.0,0.6666666666666666,0.6666666666666666,1.0,4.333333333333333,,0.0,0.0,,0.6666666666666666,1.6666666666666667,1.3333333333333333,4.333333333333333,0.0952380952380952,0.1649572197684645,0.1246031746031746,0.0151210784787759,0.0119047619047619,0.020619652471058,0.0238095238095238,0.0412393049421161,0.1634920634920635,0.1677065067646056,0.1753968253968254,0.1883261592356636,0.0,0.0,0.0238095238095238,0.0412393049421161,0.1992063492063492,0.2295654641777798,22.4,6.8044103344816,5.0,4.6,0.6,1.0,5.2,0.2,1.0,0.8,1.8,6.0,,0.4,0.4,,1.0,3.6,1.4,4.2,0.1835164835164835,0.1693342055804664,0.1961904761904762,0.1703387980539049,0.0219780219780219,0.0200944214812194,0.0362637362637362,0.0357354121791408,0.2002930402930403,0.1475407221831675,0.2299633699633699,0.1630958602493619,0.0153846153846153,0.034401045807689,0.0285714285714285,0.0391230398217975,0.2653040293040293,0.1988098965210626,23.0,6.260990336999411,5.666666666666667,6.0,0.6666666666666666,1.0,5.0,0.3333333333333333,1.0,0.6666666666666666,2.0,6.0,,0.6666666666666666,0.6666666666666666,,1.3333333333333333,4.666666666666667,1.3333333333333333,5.333333333333333,0.2106227106227106,0.1653715327112266,0.2468253968253968,0.1964576698023965,0.0247252747252747,0.0191914826335966,0.0366300366300366,0.031975315520579,0.1925518925518925,0.1333197808727803,0.23009768009768,0.1458777431264159,0.0256410256410256,0.0397229061149478,0.0238095238095238,0.0368855556781658,0.2651892551892552,0.1778211995301939,20.49,3.6833333333333336,3.81,0.4433333333333333,0.75,0.45078,0.36882,1.2294,7.936666666666667,7.493333333333334,4.126666666666667,4.253333333333334,0.8196,3.6833333333333336,3.81,0.4433333333333333,0.75,7.936666666666667,0.45078,0.36882,1.2294,CON,True,1.0,1.0,1.0,1.0,1.9841666666666669,1.0,1.0,1.0
4433543,Reigan Richardson,MIN,2026-07-06,0.0,66.0,0.0,0.0,7.0,0,0,0,0,0,0,0,0,0,0,,0,0,,0,0,0,0,0.0,,,,,,,,,,0.0,4.0,6.928203230275509,1.6666666666666667,0.3333333333333333,0.0,0.0,0.3333333333333333,0.0,0.0,0.0,0.6666666666666666,1.0,,0.3333333333333333,0.3333333333333333,,0.0,0.3333333333333333,0.0,1.6666666666666667,0.4166666666666667,,0.0833333333333333,,0.0,,0.0,,0.0833333333333333,,0.25,,0.0833333333333333,,0.0,,0.2866666666666667,,7.0,6.4031242374328485,2.6,0.4,0.0,0.2,0.6,0.2,0.0,0.4,1.0,1.6,,0.4,0.4,,0.0,0.4,0.2,1.6,0.3686868686868687,0.0831034478379006,0.0555555555555555,0.0481125224324688,0.0,0.0,0.0303030303030303,0.0524863881081478,0.0858585858585858,0.0043738656756789,0.2272727272727273,0.0393647910811108,0.0555555555555555,0.0481125224324688,0.0606060606060606,0.1049727762162956,0.3123232323232324,0.0444384752648984,7.666666666666667,5.955389715767278,2.6666666666666665,0.3333333333333333,0.0,0.3333333333333333,0.6666666666666666,0.3333333333333333,0.0,0.6666666666666666,1.0,1.6666666666666667,,0.3333333333333333,0.3333333333333333,,0.0,0.3333333333333333,0.3333333333333333,1.0,0.3446969696969697,0.0831034478379006,0.0416666666666666,0.0481125224324688,0.0,0.0,0.0454545454545454,0.0524863881081478,0.0871212121212121,0.0043738656756789,0.2159090909090909,0.0393647910811108,0.0416666666666666,0.0481125224324688,0.0909090909090909,0.1049727762162956,0.3251515151515152,0.0444384752648984,8.0,1.9433333333333327,0.3066666666666666,0.0,0.1366666666666666,0.176,0.144,0.48,2.249999999999999,2.25,1.9433333333333327,0.3066666666666666,0.3199999999999999,1.9433333333333327,0.3066666666666666,0.0,0.1366666666666666,2.25,0.176,0.144,0.48,,,,,,,,,,
4433745,Sakima Walker,MIN,2026-07-06,0.0,70.0,0.0,0.0,5.0,0,0,0,0,0,0,0,0,0,0,,0,0,,0,0,1,-4,4.0,0.0,0.0,0.0,0.0,0.0,0.0,0.0,0.0,0.0,0.0,7.0,5.196152422706632,1.3333333333333333,0.6666666666666666,0.3333333333333333,0.0,0.0,0.0,0.6666666666666666,0.3333333333333333,0.6666666666666666,1.3333333333333333,,0.0,0.0,,0.3333333333333333,0.3333333333333333,1.3333333333333333,-2.0,0.1025641025641025,0.177646236673731,0.0512820512820512,0.0888231183368655,0.0256410256410256,0.0444115591684327,0.0,0.0,0.0,0.0,0.1025641025641025,0.177646236673731,0.0,0.0,0.0256410256410256,0.0444115591684327,0.1282051282051282,0.2220577958421637,8.5,5.196152422706632,2.0,1.0,0.5,0.0,0.0,0.0,1.0,0.5,1.0,2.0,,0.0,0.0,,0.5,0.5,1.5,-1.0,0.1538461538461538,0.177646236673731,0.0769230769230769,0.0888231183368655,0.0384615384615384,0.0444115591684327,0.0,0.0,0.0,0.0,0.1538461538461538,0.177646236673731,0.0,0.0,0.0384615384615384,0.0444115591684327,0.1923076923076923,0.2220577958421637,8.5,5.196152422706632,2.0,1.0,0.5,0.0,0.0,0.0,1.0,0.5,1.0,2.0,,0.0,0.0,,0.5,0.5,1.5,-1.0,0.1538461538461538,0.177646236673731,0.0769230769230769,0.0888231183368655,0.0384615384615384,0.0444115591684327,0.0,0.0,0.0,0.0,0.1538461538461538,0.177646236673731,0.0,0.0,0.0384615384615384,0.0444115591684327,0.1923076923076923,0.2220577958421637,8.0,1.5,0.75,0.375,0.0,0.176,0.144,0.48,2.625,2.25,1.875,1.125,0.3199999999999999,1.5,0.75,0.375,0.0,2.625,0.176,0.144,0.48,,,,,,,,,,
4433791,Olivia Miles,MIN,2026-07-06,0.0,44.0,0.0,0.0,19.0,14,9,5,0,2,2,0,5,4,14,,6,7,,1,8,3,8,33.0,0.4242424242424242,0.2727272727272727,0.1515151515151515,0.0,0.0606060606060606,0.4242424242424242,0.2121212121212121,0.1515151515151515,0.6690909090909091,0.0,29.666666666666668,5.773502691896258,14.0,7.333333333333333,5.0,0.0,1.6666666666666667,1.6666666666666667,0.3333333333333333,4.0,4.666666666666667,12.666666666666666,,4.666666666666667,5.333333333333333,,0.6666666666666666,6.666666666666667,2.0,12.666666666666666,0.4857268335529205,0.1064941207991405,0.2397891963109354,0.0570504218566823,0.173473869126043,0.0380336145711215,0.0,0.0,0.0548967940272288,0.0098887397884916,0.4277558190601669,0.0060853783313794,0.1703996486605182,0.072263867685131,0.1299956082564778,0.0372729422796991,0.6327272727272727,0.0629836657297772,29.4,5.89915248150105,13.8,6.4,4.4,0.2,2.0,2.0,0.6,3.6,4.8,11.6,,4.0,4.4,,0.6,5.8,2.0,12.2,0.4874609448522492,0.1127523646063138,0.2129418407679277,0.0545858070292285,0.1589911537737624,0.0657761581431771,0.0057142857142857,0.0127775312999987,0.0644908714473931,0.0291237424210465,0.4007528703180877,0.0645241048424262,0.1424882364012799,0.0645376392803864,0.1182458121588556,0.0323551373336346,0.5816935064935065,0.0914956778520696,29.8,4.779586221049311,13.8,5.4,5.0,0.2,2.0,1.4,0.6,3.2,5.2,11.2,,3.2,3.6,,0.6,4.8,2.6,9.0,0.4746233295689818,0.0841179764381913,0.1822676236806671,0.0746352936202355,0.1765560164473208,0.0749258134557348,0.0057142857142857,0.0120467720387366,0.0653086225368834,0.0305225585617931,0.3808709406535494,0.055559440289463,0.1196919203984421,0.0643471354874057,0.1046860928926146,0.0278481371375019,0.5382214785214786,0.079609500423079,30.1,13.89,6.869999999999999,4.79,0.11,0.6622,0.5418,1.806,25.549999999999997,20.76,18.68,11.66,1.204,13.89,6.869999999999999,4.79,0.11,25.55,0.6622,0.5418,1.806,CON,True,3.4725,1.7174999999999998,1.1975,1.0,6.3875,1.0,1.0,1.0
4596309,Liatu King,MIN,2026-07-06,0.0,44.0,0.0,0.0,13.0,0,4,0,0,0,1,3,2,0,1,,0,2,,1,3,3,-6,10.0,0.0,0.4,0.0,0.0,0.0,0.1,0.2,0.2,0.388,0.0,13.0,5.196152422706632,3.0,5.0,0.0,0.3333333333333333,0.6666666666666666,1.0,2.0,1.6666666666666667,1.0,2.333333333333333,,0.6666666666666666,2.6666666666666665,,1.3333333333333333,3.6666666666666665,2.0,-1.0,0.1578947368421052,0.2734817064582437,0.3894736842105263,0.0182321137638829,0.0,0.0,0.0175438596491228,0.0303868562731381,0.0350877192982456,0.0607737125462763,0.1543859649122807,0.0941992544467283,0.2035087719298245,0.0060773712546276,0.1508771929824561,0.0850831975647869,0.3948070175438596,0.0117901002339776,11.6,7.893034904268445,3.6,4.4,0.0,0.4,0.8,0.8,1.2,1.2,1.2,2.4,,0.8,2.4,,1.2,3.2,1.2,1.2,0.2368421052631578,0.2734817064582437,0.3842105263157894,0.0182321137638829,0.0,0.0,0.0263157894736842,0.0303868562731381,0.0526315789473684,0.0607737125462763,0.181578947368421,0.0941992544467284,0.2052631578947368,0.0060773712546276,0.1263157894736842,0.0850831975647869,0.3982105263157894,0.0117901002339776,11.0,6.863753427324667,3.4,3.6,0.8,0.2,0.4,0.8,0.6,1.4,1.0,2.0,,1.2,2.8,,1.4,2.2,2.2,0.4,0.2715460526315789,0.1829003995174657,0.3296052631578947,0.0625084086152084,0.0624999999999999,0.1157275124715689,0.0131578947368421,0.0243636868361197,0.0263157894736842,0.0487273736722395,0.1814144736842105,0.1089081953020857,0.2651315789473684,0.0855942471688215,0.1444078947368421,0.0654228506458137,0.4424802631578947,0.1508820476830142,11.66,2.8400000000000003,4.36,0.16,0.28,0.2565199999999999,0.2098799999999999,0.6996,7.360000000000001,7.200000000000001,3.0000000000000004,4.5200000000000005,0.4663999999999999,2.8400000000000003,4.36,0.16,0.28,7.360000000000001,0.2565199999999999,0.2098799999999999,0.6996,CON,True,1.0,1.09,1.0,1.0,1.8400000000000003,1.0,1.0,1.0
4682766,Amaya Battle,MIN,2026-07-06,0.0,70.0,0.0,0.0,5.0,0,0,0,0,0,0,0,0,0,0,,0,0,,0,0,0,-4,2.0,0.0,0.0,0.0,0.0,0.0,0.0,0.0,0.0,0.0,0.0,1.6666666666666667,0.5773502691896258,0.0,0.3333333333333333,0.0,0.0,0.0,0.3333333333333333,0.0,0.0,0.0,0.3333333333333333,,0.0,0.6666666666666666,,0.0,0.3333333333333333,0.6666666666666666,-3.6666666666666665,0.0,0.0,0.3333333333333333,0.5773502691896258,0.0,0.0,0.0,0.0,0.0,0.0,0.3333333333333333,0.5773502691896258,0.6666666666666666,1.1547005383792517,0.0,0.0,0.6266666666666666,1.0854185060764967,1.5,0.5773502691896257,0.0,0.5,0.0,0.0,0.0,0.5,0.0,0.0,0.0,0.5,,0.0,1.0,,0.0,0.5,1.0,-3.5,0.0,0.0,0.5,0.5773502691896257,0.0,0.0,0.0,0.0,0.0,0.0,0.5,0.5773502691896257,1.0,1.1547005383792517,0.0,0.0,0.94,1.0854185060764965,1.5,0.5773502691896257,0.0,0.5,0.0,0.0,0.0,0.5,0.0,0.0,0.0,0.5,,0.0,1.0,,0.0,0.5,1.0,-3.5,0.0,0.0,0.5,0.5773502691896257,0.0,0.0,0.0,0.0,0.0,0.0,0.5,0.5773502691896257,1.0,1.1547005383792517,0.0,0.0,0.94,1.0854185060764965,8.0,0.0,0.375,0.0,0.0,0.176,0.144,0.48,0.375,0.375,0.0,0.375,0.3199999999999999,0.0,0.375,0.0,0.0,0.375,0.176,0.144,0.48,,,,,,,,,,
4703766,Ra Shaya Kyle,MIN,2026-07-06,0.0,70.0,0.0,0.0,5.0,0,1,0,0,0,0,0,1,0,0,,0,0,,0,1,0,-3,4.0,0.0,0.25,0.0,0.0,0.0,0.0,0.0,0.25,0.25,0.0,7.0,5.196152422706632,1.6666666666666667,2.0,0.6666666666666666,0.0,0.0,0.3333333333333333,0.0,1.6666666666666667,0.3333333333333333,0.3333333333333333,,1.0,1.0,,0.3333333333333333,1.6666666666666667,1.3333333333333333,2.6666666666666665,0.1282051282051282,0.2220577958421637,0.2692307692307692,0.0333086693763245,0.0512820512820512,0.0888231183368655,0.0,0.0,0.0,0.0,0.0256410256410256,0.0444115591684327,0.0769230769230769,0.1332346775052982,0.2435897435897436,0.0111028897921081,0.3030769230769231,0.0919319274786558,8.5,5.196152422706632,2.5,2.5,1.0,0.0,0.0,0.5,0.0,2.0,0.5,0.5,,1.5,1.5,,0.5,2.0,2.0,5.5,0.1923076923076923,0.2220577958421637,0.2788461538461538,0.0333086693763245,0.0769230769230769,0.0888231183368655,0.0,0.0,0.0,0.0,0.0384615384615384,0.0444115591684327,0.1153846153846153,0.1332346775052982,0.2403846153846154,0.0111028897921081,0.3296153846153846,0.0919319274786557,8.5,5.196152422706632,2.5,2.5,1.0,0.0,0.0,0.5,0.0,2.0,0.5,0.5,,1.5,1.5,,0.5,2.0,2.0,5.5,0.1923076923076923,0.2220577958421637,0.2788461538461538,0.0333086693763245,0.0769230769230769,0.0888231183368655,0.0,0.0,0.0,0.0,0.0384615384615384,0.0444115591684327,0.1153846153846153,0.1332346775052982,0.2403846153846154,0.0111028897921081,0.3296153846153846,0.0919319274786557,8.0,1.875,2.125,0.75,0.0,0.176,0.144,0.48,4.75,4.0,2.625,2.875,0.3199999999999999,1.875,2.125,0.75,0.0,4.75,0.176,0.144,0.48,,,,,,,,,,
4873358,Antonia Delaere,MIN,2026-07-06,0.0,44.0,0.0,0.0,19.0,3,1,0,1,1,0,0,0,1,3,,0,0,,0,1,0,6,11.0,0.2727272727272727,0.0909090909090909,0.0,0.0909090909090909,0.0909090909090909,0.2727272727272727,0.0,0.0,0.2727272727272727,0.0,13.333333333333334,4.041451884327381,3.0,1.0,1.3333333333333333,1.0,1.6666666666666667,0.0,0.0,0.3333333333333333,1.0,3.0,,0.0,0.0,,0.3333333333333333,0.6666666666666666,1.0,7.333333333333333,0.2373737373737373,0.0612341194595057,0.0791245791245791,0.0204113731531685,0.074074074074074,0.1283000598199168,0.0791245791245791,0.0204113731531685,0.1161616161616161,0.0437386567567898,0.2373737373737373,0.0612341194595057,0.0,0.0,0.0185185185185185,0.0320750149549792,0.2558922558922559,0.0291591045045265,12.8,5.167204273105526,2.4,0.8,1.8,0.8,1.6,0.0,0.0,0.4,0.8,2.4,,0.0,0.0,,0.4,0.4,1.4,4.6,0.1757575757575757,0.1116492934966093,0.0585858585858585,0.0372164311655364,0.1222222222222222,0.1138550085106621,0.0585858585858585,0.0372164311655364,0.103030303030303,0.0689352313095595,0.1757575757575757,0.1116492934966093,0.0,0.0,0.0222222222222222,0.0304290309725092,0.1979797979797979,0.1135184573501922,13.4,5.015531433014407,2.8,0.6,1.4,0.6,1.0,0.0,0.0,0.4,1.0,2.0,,0.2,0.2,,0.2,0.4,1.2,-0.6,0.1720893141945773,0.1708603076764374,0.0446775446775446,0.0402426731336756,0.1036887089518668,0.0844472154299719,0.0398192450824029,0.0370977815174812,0.0620414673046251,0.0659403861472766,0.1299840510366826,0.1173787838934642,0.0105263157894736,0.0221914221766202,0.0264957264957264,0.0349395093259393,0.1611113564797775,0.1100545374070815,12.81,2.75,0.85,1.31,0.85,0.2818199999999999,0.2305799999999999,0.7686,4.91,3.6,4.0600000000000005,2.16,0.5124,2.75,0.85,1.31,0.85,4.91,0.2818199999999999,0.2305799999999999,0.7686,CON,True,1.0,1.0,1.0,1.0,1.2275,1.0,1.0,1.0
5105748,Lani White,MIN,2026-07-06,0.0,66.0,0.0,0.0,7.0,0,0,0,0,0,0,0,0,0,0,,0,0,,0,0,0,0,0.0,,,,,,,,,,0.0,3.333333333333333,5.773502691896256,3.6666666666666665,0.6666666666666666,0.0,0.6666666666666666,1.6666666666666667,0.0,0.0,0.3333333333333333,1.0,2.6666666666666665,,1.0,1.0,,0.3333333333333333,0.3333333333333333,0.3333333333333333,0.3333333333333333,1.1,,0.2,,0.0,,0.2,,0.5,,0.8,,0.3,,0.1,,1.032,,5.6,5.176871642217914,4.6,0.8,0.0,0.8,2.4,0.0,0.0,0.4,1.2,3.8,,1.4,1.6,,0.4,0.4,0.8,-0.8,0.775,0.5629165124598853,0.1333333333333333,0.1154700538379251,0.0,0.0,0.1333333333333333,0.1154700538379251,0.4166666666666667,0.1443375672974064,0.6583333333333333,0.2453738644055909,0.2833333333333334,0.0288675134594812,0.0666666666666666,0.0577350269189625,0.8496666666666667,0.3158105972467253,6.0,4.732863826479693,4.0,0.6666666666666666,0.0,0.6666666666666666,2.333333333333333,0.0,0.0,0.3333333333333333,1.0,3.6666666666666665,,1.3333333333333333,1.6666666666666667,,0.3333333333333333,0.3333333333333333,1.0,-1.6666666666666667,0.6125,0.5629165124598852,0.1,0.1154700538379251,0.0,0.0,0.1,0.1154700538379251,0.375,0.1443375672974064,0.5875,0.2453738644055909,0.275,0.0288675134594812,0.05,0.0577350269189625,0.7585,0.3158105972467253,8.0,3.51,0.6133333333333333,0.0,0.6133333333333333,0.176,0.144,0.48,4.123333333333333,4.123333333333333,3.51,0.6133333333333333,0.3199999999999999,3.51,0.6133333333333333,0.0,0.6133333333333333,4.123333333333333,0.176,0.144,0.48,,,,,,,,,,
5109356,Jade Masogayo,MIN,2026-07-06,0.0,66.0,0.0,0.0,7.0,0,0,0,0,0,0,0,0,0,0,,0,0,,0,0,0,0,0.0,,,,,,,,,,0.0,3.333333333333333,5.773502691896256,1.3333333333333333,1.0,0.3333333333333333,0.0,0.0,0.3333333333333333,0.0,0.6666666666666666,0.6666666666666666,1.6666666666666667,,0.0,0.0,,0.0,1.0,0.3333333333333333,1.6666666666666667,0.4,,0.3,,0.1,,0.0,,0.0,,0.5,,0.0,,0.2,,0.7,,5.6,5.176871642217914,2.8,1.2,0.4,0.0,0.0,0.4,0.0,1.2,1.4,2.8,,0.0,0.0,,0.0,1.2,1.6,0.8,0.5166666666666666,0.2020725942163689,0.1999999999999999,0.1732050807568877,0.0666666666666666,0.0577350269189625,0.0,0.0,0.0,0.0,0.5,0.0,0.0,0.0,0.2166666666666666,0.0288675134594812,0.7166666666666667,0.0288675134594812,6.0,4.732863826479693,3.333333333333333,1.0,0.3333333333333333,0.0,0.0,0.3333333333333333,0.0,1.3333333333333333,1.6666666666666667,3.0,,0.0,0.0,,0.0,1.0,2.333333333333333,-0.3333333333333333,0.575,0.2020725942163689,0.15,0.1732050807568877,0.05,0.0577350269189625,0.0,0.0,0.0,0.0,0.5,0.0,0.0,0.0,0.225,0.0288675134594812,0.725,0.0288675134594812,8.0,2.046666666666667,0.92,0.3066666666666666,0.0,0.176,0.144,0.48,3.2733333333333334,2.966666666666667,2.353333333333333,1.2266666666666666,0.3199999999999999,2.046666666666667,0.92,0.3066666666666666,0.0,3.273333333333333,0.176,0.144,0.48,,,,,,,,,,
5278237,Anastasiia Olairi Kosu,MIN,2026-07-06,0.0,44.0,0.0,0.0,17.0,0,0,0,0,0,0,0,0,0,0,,0,0,,0,0,0,0,0.0,,,,,,,,,,0.0,4.666666666666667,8.08290376865476,1.6666666666666667,1.3333333333333333,0.0,0.0,0.0,0.6666666666666666,0.3333333333333333,0.6666666666666666,0.6666666666666666,1.3333333333333333,,0.3333333333333333,0.6666666666666666,,0.6666666666666666,0.6666666666666666,0.3333333333333333,5.333333333333333,0.3571428571428571,,0.2857142857142857,,0.0,,0.0,,0.0,,0.2857142857142857,,0.1428571428571428,,0.1428571428571428,,0.4914285714285714,,6.8,7.014271166700072,2.4,1.6,0.0,0.0,0.0,0.8,0.4,0.8,1.0,1.8,,0.4,0.8,,0.8,0.8,0.6,6.4,0.3492063492063492,0.0137464349807031,0.1904761904761904,0.1649572197684644,0.0,0.0,0.0,0.0,0.0,0.0,0.246031746031746,0.0687321749035268,0.0952380952380952,0.0824786098842322,0.0952380952380952,0.0824786098842322,0.3831746031746031,0.1875013731368211,6.8,4.871686908385362,2.2,1.2,0.6,0.0,0.0,0.4,0.2,0.4,1.0,1.8,,0.2,0.4,,0.6,0.6,1.2,2.6,0.3281746031746032,0.0702049385593431,0.1269841269841269,0.1378565456106182,0.1055555555555555,0.1131557899722007,0.0,0.0,0.0,0.0,0.2686507936507936,0.0927364178296742,0.0357142857142857,0.0661300071266108,0.0357142857142857,0.0661300071266108,0.3200793650793651,0.1402643777657536,8.0,1.7799999999999998,1.2,0.12,0.0,0.176,0.144,0.48,3.0999999999999996,2.9799999999999995,1.9,1.3199999999999998,0.3199999999999999,1.7799999999999998,1.2,0.12,0.0,3.1,0.176,0.144,0.48,,,,,,,,,,
5345322,Emma Cechova,MIN,2026-07-06,0.0,44.0,0.0,0.0,17.0,0,0,0,0,0,0,0,0,0,0,,0,0,,0,0,0,0,0.0,,,,,,,,,,0.0,0.0,0.0,0.0,0.0,0.0,0.0,0.0,0.0,0.0,0.0,0.0,0.0,,0.0,0.0,,0.0,0.0,0.0,0.0,,,,,,,,,,,,,,,,,,,0.0,0.0,0.0,0.0,0.0,0.0,0.0,0.0,0.0,0.0,0.0,0.0,,0.0,0.0,,0.0,0.0,0.0,0.0,,,,,,,,,,,,,,,,,,,6.6,9.276014469827247,2.6,1.6,0.0,0.0,0.2,0.2,0.2,0.4,1.0,2.2,,0.6,0.8,,0.6,1.0,1.2,-2.2,0.3409090909090909,0.1837023583785175,0.2272727272727272,0.0524863881081477,0.0,0.0,0.0,0.0,0.0227272727272727,0.0262431940540739,0.3181818181818182,0.0524863881081478,0.0909090909090909,0.1049727762162956,0.0454545454545454,0.0524863881081478,0.4036363636363637,0.1511607977514657,8.0,0.52,0.32,0.0,0.0,0.176,0.144,0.48,0.8400000000000001,0.8400000000000001,0.52,0.32,0.3199999999999999,0.52,0.32,0.0,0.0,0.8400000000000001,0.176,0.144,0.48,,,,,,,,,,
5345478,Eliska Hamzova,MIN,2026-07-06,0.0,44.0,0.0,0.0,19.0,0,0,0,0,0,0,0,0,0,0,,0,0,,0,0,0,0,0.0,,,,,,,,,,0.0,1.6666666666666667,2.886751345948128,1.3333333333333333,2.0,0.6666666666666666,0.0,0.0,0.0,0.0,0.6666666666666666,0.0,0.3333333333333333,,1.3333333333333333,2.0,,0.6666666666666666,1.3333333333333333,0.0,1.3333333333333333,0.8,,1.2,,0.4,,0.0,,0.0,,0.2,,1.2,,0.4,,1.128,,2.4,2.5099800796022254,1.6,2.4,0.8,0.0,0.0,0.0,0.0,0.8,0.0,0.4,,1.6,2.4,,0.8,1.6,0.0,2.2,0.5333333333333333,0.4618802153517006,0.7999999999999999,0.6928203230275509,0.2666666666666666,0.2309401076758503,0.0,0.0,0.0,0.0,0.1333333333333333,0.1154700538379251,0.7999999999999999,0.6928203230275509,0.2666666666666666,0.2309401076758503,0.7520000000000001,0.6512511036458979,2.4,2.366431913239845,1.2,1.4,0.4,0.0,0.2,0.0,0.0,0.8,0.0,0.4,,1.2,1.6,,0.4,1.0,0.2,0.6,0.4000000000000001,0.3577708763999663,0.4666666666666666,0.5750362307426087,0.1333333333333333,0.2065591117977289,0.0,0.0,0.0666666666666666,0.1032795558988644,0.1333333333333333,0.1032795558988644,0.5333333333333333,0.5465040408511784,0.2666666666666666,0.2065591117977289,0.6346666666666667,0.516199444659394,8.0,1.2,1.72,0.56,0.0,0.176,0.144,0.48,3.48,2.92,1.76,2.28,0.3199999999999999,1.2,1.72,0.56,0.0,3.48,0.176,0.144,0.48,,,,,,,,,,
2529183,Stefanie Dolson,SEA,2026-07-06,0.0,43.0,0.0,0.0,19.0,16,3,2,2,2,0,2,1,3,3,,8,8,,0,3,5,16,26.0,0.6153846153846154,0.1153846153846153,0.0769230769230769,0.0769230769230769,0.0769230769230769,0.1153846153846153,0.3076923076923077,0.0384615384615384,0.2892307692307692,0.0,25.666666666666668,0.5773502691896263,12.333333333333334,3.333333333333333,2.6666666666666665,1.6666666666666667,1.6666666666666667,0.3333333333333333,1.3333333333333333,1.0,2.6666666666666665,3.0,,5.333333333333333,5.333333333333333,,0.0,3.333333333333333,4.333333333333333,18.666666666666668,0.4769230769230769,0.2398224195095369,0.1302564102564102,0.0257587043176909,0.1046153846153846,0.0479644839019073,0.0646153846153846,0.0213175484008477,0.0646153846153846,0.0213175484008477,0.1169230769230769,0.0026646935501059,0.2051282051282051,0.177646236673731,0.0389743589743589,0.0008882311833686,0.2461538461538461,0.074611419402967,26.0,1.2247448713915958,9.0,3.4,2.8,1.2,1.6,0.4,1.2,1.2,2.0,3.2,,3.8,4.0,,0.2,3.2,3.6,16.8,0.3475824175824176,0.2473905598839041,0.1315824175824175,0.026158878452054,0.109054945054945,0.0465603241458549,0.0467692307692307,0.0320059166127897,0.061054945054945,0.019350896391653,0.1227252747252747,0.0114882213402093,0.1516483516483516,0.1539246267682912,0.0456703296703296,0.0144198269493808,0.2351208791208791,0.0687529999565034,26.2,2.859681411936964,9.2,3.6,2.0,1.0,2.0,0.6,1.4,1.4,2.8,4.8,,2.6,2.8,,0.2,3.4,3.6,6.6,0.3699600399600399,0.2644706581865598,0.1371115551115551,0.0248020056480074,0.075003663003663,0.0536157060410252,0.0415664335664335,0.0398407401093327,0.0782763902763902,0.033408980738351,0.1883756243756243,0.0976687126030391,0.1082917082917082,0.1199182238625408,0.0572507492507492,0.0480465760847584,0.2932747252747253,0.1395327748916207,25.94,11.09,3.36,2.4799999999999995,1.42,0.57068,0.4669199999999999,1.5563999999999998,16.93,14.45,13.57,5.84,1.0376,11.09,3.36,2.4799999999999995,1.42,16.93,0.57068,0.4669199999999999,1.5563999999999998,LAS,False,2.7725,1.0,1.0,1.0,4.2325,1.0,1.0,1.0
3058892,Lexie Brown,SEA,2026-07-06,0.0,43.0,0.0,0.0,19.0,7,0,1,1,1,2,0,0,1,1,,4,5,,0,0,1,-3,8.0,0.875,0.0,0.125,0.125,0.125,0.125,0.625,0.0,0.4,0.0,9.666666666666666,2.886751345948129,5.666666666666667,0.3333333333333333,0.6666666666666666,1.0,1.0,1.3333333333333333,0.0,0.3333333333333333,1.0,1.0,,2.6666666666666665,3.333333333333333,,0.0,0.3333333333333333,1.0,-1.0,0.6602564102564102,0.3719468080356243,0.0256410256410256,0.0444115591684327,0.0833333333333333,0.0721687836487032,0.1089743589743589,0.0277572244802704,0.1089743589743589,0.0277572244802704,0.1089743589743589,0.0277572244802704,0.4166666666666667,0.3608439182435161,0.0256410256410256,0.0444115591684327,0.317948717948718,0.1421169893389848,12.8,5.718391382198317,5.0,0.8,0.8,0.8,1.0,1.2,0.0,0.4,1.2,2.0,,1.8,2.2,,0.0,0.8,1.4,0.0,0.4877622377622377,0.3535009778513701,0.0489510489510489,0.0450492962472907,0.0681818181818181,0.0637782509109194,0.0807692307692307,0.0511516772241168,0.0898601398601398,0.0345550703612619,0.1353146853146853,0.080489385180317,0.2590909090909091,0.3345428297821934,0.0307692307692307,0.0421325044234742,0.2800839160839161,0.1232796962808001,15.2,4.871686908385371,3.6,2.0,0.8,0.6,1.4,0.8,0.0,1.0,1.0,2.4,,1.0,1.2,,0.0,2.0,2.0,-3.0,0.3019025092554505,0.3148010212711903,0.1181252570958453,0.0881076520232697,0.0556818181818181,0.0522672373050313,0.0521493212669683,0.0503424027871865,0.0972696421225833,0.0502205747668921,0.1427241875771287,0.0804424914898468,0.1340909090909091,0.2593964174336463,0.0646493212669683,0.0724736636830111,0.266373508844097,0.0849143175747413,11.619999999999996,5.22,0.78,0.7899999999999999,0.85,0.2556399999999999,0.2091599999999999,0.6971999999999998,6.79,6.0,6.01,1.5699999999999998,0.4647999999999999,5.22,0.78,0.7899999999999999,0.85,6.79,0.2556399999999999,0.2091599999999999,0.6971999999999998,LAS,False,1.305,1.0,1.0,1.0,1.6975,1.0,1.0,1.0
3906753,Natisha Hiedeman,SEA,2026-07-06,0.0,43.0,0.0,0.0,19.0,24,1,5,4,6,0,0,2,7,12,,6,6,,0,1,3,4,28.0,0.8571428571428571,0.0357142857142857,0.1785714285714285,0.1428571428571428,0.2142857142857142,0.4285714285714285,0.2142857142857142,0.0714285714285714,0.5942857142857143,0.0,27.666666666666668,0.5773502691896263,19.666666666666668,1.3333333333333333,5.333333333333333,3.0,5.333333333333333,0.0,0.0,1.6666666666666667,6.0,11.333333333333334,,4.666666666666667,4.666666666666667,,0.0,1.3333333333333333,2.6666666666666665,6.666666666666667,0.7072310405643739,0.2596548829688793,0.0485008818342151,0.0221470341355808,0.1931216931216931,0.0252017974646265,0.1075837742504409,0.0610952665809127,0.1922398589065256,0.0381845416130704,0.4091710758377425,0.033602396619502,0.1675485008818342,0.0809512282197094,0.0599647266313932,0.0198559616387966,0.5428571428571428,0.0890768986749708,28.0,1.2247448713915912,18.0,1.4,5.4,2.6,5.8,0.2,0.0,1.4,6.0,12.4,,3.4,3.4,,0.0,1.4,2.2,7.0,0.6391534391534391,0.2253930993059628,0.0505820105820105,0.0214672392644235,0.1936507936507936,0.0265309756356298,0.0919576719576719,0.0531007146755199,0.2049735449735449,0.0625733801193038,0.4395767195767195,0.0942826857155265,0.122010582010582,0.0858616213625836,0.05005291005291,0.0195717139317584,0.5433142857142859,0.09682839860036,27.6,3.3065591380365964,15.8,1.2,4.6,2.4,5.8,0.4,0.2,1.4,5.6,12.8,,2.2,2.2,,0.0,1.2,2.4,1.2,0.554278576859222,0.2291523852744696,0.0415275644307902,0.0275407884687581,0.1718498347530605,0.0618270776228535,0.0844245837794225,0.0410249622806119,0.2075600862697636,0.0537052107394056,0.4504628465918788,0.1314811084502413,0.0772418501450759,0.0772402611539926,0.0529932194448323,0.0251596371662753,0.5374424801005446,0.1210528772573059,27.82,18.96,1.2799999999999998,5.159999999999999,2.89,0.6120399999999999,0.5007599999999999,1.6691999999999998,25.400000000000002,20.24,24.12,6.44,1.1127999999999998,18.96,1.2799999999999998,5.159999999999999,2.89,25.4,0.6120399999999999,0.5007599999999999,1.6691999999999998,LAS,False,4.74,1.0,1.2899999999999998,1.0,6.35,1.0,1.0,1.0
3916517,Beatrice Mompremier,SEA,2026-07-06,0.0,68.0,0.0,0.0,5.0,0,0,0,0,0,0,0,0,0,1,,0,0,,0,0,1,-2,2.0,0.0,0.0,0.0,0.0,0.0,0.5,0.0,0.0,0.5,0.0,1.3333333333333333,1.1547005383792517,0.0,0.0,0.0,0.0,0.0,0.0,0.0,0.0,0.0,0.6666666666666666,,0.0,0.0,,0.0,0.0,0.6666666666666666,-1.3333333333333333,0.0,0.0,0.0,0.0,0.0,0.0,0.0,0.0,0.0,0.0,0.5,0.0,0.0,0.0,0.0,0.0,0.5,0.0,1.0,1.1547005383792517,0.0,0.0,0.0,0.0,0.0,0.0,0.0,0.0,0.0,0.5,,0.0,0.0,,0.0,0.0,0.5,-1.0,0.0,0.0,0.0,0.0,0.0,0.0,0.0,0.0,0.0,0.0,0.5,0.0,0.0,0.0,0.0,0.0,0.5,0.0,1.0,1.1547005383792517,0.0,0.0,0.0,0.0,0.0,0.0,0.0,0.0,0.0,0.5,,0.0,0.0,,0.0,0.0,0.5,-1.0,0.0,0.0,0.0,0.0,0.0,0.0,0.0,0.0,0.0,0.0,0.5,0.0,0.0,0.0,0.0,0.0,0.5,0.0,8.0,0.0,0.0,0.0,0.0,0.176,0.144,0.48,0.0,0.0,0.0,0.0,0.3199999999999999,0.0,0.0,0.0,0.0,0.0,0.176,0.144,0.48,,,,,,,,,,
3917453,Katie Lou Samuelson,SEA,2026-07-06,0.0,43.0,0.0,0.0,19.0,3,2,2,1,2,0,0,1,1,2,,0,0,,0,2,0,12,18.0,0.1666666666666666,0.1111111111111111,0.1111111111111111,0.0555555555555555,0.1111111111111111,0.1111111111111111,0.0,0.0555555555555555,0.1666666666666666,0.0,12.0,10.392304845413264,2.0,1.3333333333333333,1.3333333333333333,0.6666666666666666,1.3333333333333333,0.0,0.0,0.6666666666666666,0.6666666666666666,1.3333333333333333,,0.0,0.0,,0.0,1.3333333333333333,0.0,8.0,0.1666666666666666,0.0,0.1111111111111111,0.0,0.1111111111111111,0.0,0.0555555555555555,0.0,0.1111111111111111,0.0,0.1111111111111111,0.0,0.0,0.0,0.0555555555555555,0.0,0.1666666666666666,0.0,7.2,9.85900603509299,1.2,0.8,0.8,0.4,0.8,0.0,0.0,0.4,0.4,0.8,,0.0,0.0,,0.0,0.8,0.0,4.8,0.1666666666666666,0.0,0.1111111111111111,0.0,0.1111111111111111,0.0,0.0555555555555555,0.0,0.1111111111111111,0.0,0.1111111111111111,0.0,0.0,0.0,0.0555555555555555,0.0,0.1666666666666666,0.0,3.6,7.58946638440411,0.6,0.4,0.4,0.2,0.4,0.0,0.0,0.2,0.2,0.4,,0.0,0.0,,0.0,0.4,0.0,2.4,0.1666666666666666,0.0,0.1111111111111111,0.0,0.1111111111111111,0.0,0.0555555555555555,0.0,0.1111111111111111,0.0,0.1111111111111111,0.0,0.0,0.0,0.0555555555555555,0.0,0.1666666666666666,0.0,9.54,1.59,1.06,1.06,0.53,0.2098799999999999,0.1717199999999999,0.5723999999999999,3.7100000000000004,2.65,2.65,2.12,0.3815999999999999,1.59,1.06,1.06,0.53,3.71,0.2098799999999999,0.1717199999999999,0.5723999999999999,,,,,,,,,,
4066527,Jaelyn Brown,SEA,2026-07-06,0.0,68.0,0.0,0.0,5.0,6,0,0,1,3,0,0,2,1,4,,3,4,,0,0,1,7,12.0,0.5,0.0,0.0,0.0833333333333333,0.25,0.3333333333333333,0.3333333333333333,0.1666666666666666,0.6466666666666666,0.0,12.0,0.0,6.666666666666667,0.6666666666666666,0.3333333333333333,1.0,2.333333333333333,0.3333333333333333,0.0,1.3333333333333333,1.3333333333333333,4.333333333333333,,3.0,4.0,,0.0,0.6666666666666666,1.0,8.0,0.5555555555555555,0.0962250448649375,0.0555555555555555,0.0962250448649376,0.0277777777777777,0.0481125224324688,0.0833333333333333,0.0,0.1944444444444444,0.0962250448649376,0.3611111111111111,0.0481125224324688,0.3333333333333333,0.0,0.1111111111111111,0.0962250448649376,0.6188888888888888,0.0481125224324687,12.0,0.0,7.0,1.0,0.5,1.0,2.0,0.5,0.0,1.0,1.5,4.5,,3.0,4.0,,0.0,1.0,1.0,8.5,0.5833333333333333,0.0962250448649375,0.0833333333333333,0.0962250448649376,0.0416666666666666,0.0481125224324688,0.0833333333333333,0.0,0.1666666666666666,0.0962250448649376,0.375,0.0481125224324688,0.3333333333333333,0.0,0.0833333333333333,0.0962250448649376,0.605,0.0481125224324687,12.0,0.0,7.0,1.0,0.5,1.0,2.0,0.5,0.0,1.0,1.5,4.5,,3.0,4.0,,0.0,1.0,1.0,8.5,0.5833333333333333,0.0962250448649375,0.0833333333333333,0.0962250448649376,0.0416666666666666,0.0481125224324688,0.0833333333333333,0.0,0.1666666666666666,0.0962250448649376,0.375,0.0481125224324688,0.3333333333333333,0.0,0.0833333333333333,0.0962250448649376,0.605,0.0481125224324687,11.999999999999998,6.75,0.75,0.375,1.0,0.2639999999999999,0.2159999999999999,0.7199999999999999,7.875,7.5,7.125,1.125,0.4799999999999998,6.75,0.75,0.375,1.0,7.875,0.2639999999999999,0.2159999999999999,0.7199999999999999,LAS,False,1.6875,1.0,1.0,1.0,1.96875,1.0,1.0,1.0
4068161,Joyner Holmes,SEA,2026-07-06,0.0,43.0,0.0,0.0,5.0,0,0,0,0,0,0,0,0,0,0,,0,0,,0,0,0,0,0.0,,,,,,,,,,0.0,5.0,8.660254037844387,0.6666666666666666,1.6666666666666667,0.3333333333333333,0.0,0.3333333333333333,0.0,1.0,0.6666666666666666,0.3333333333333333,1.3333333333333333,,0.0,0.0,,0.3333333333333333,1.3333333333333333,0.3333333333333333,-0.6666666666666666,0.1333333333333333,,0.3333333333333333,,0.0666666666666666,,0.0,,0.0666666666666666,,0.2666666666666666,,0.0,,0.1333333333333333,,0.4,,7.5,8.660254037844387,1.0,2.5,0.5,0.0,0.5,0.0,1.5,1.0,0.5,2.0,,0.0,0.0,,0.5,2.0,0.5,-1.0,0.1333333333333333,0.0,0.3333333333333333,0.0,0.0666666666666666,0.0,0.0,0.0,0.0666666666666666,0.0,0.2666666666666666,0.0,0.0,0.0,0.1333333333333333,0.0,0.4,0.0,7.5,8.660254037844387,1.0,2.5,0.5,0.0,0.5,0.0,1.5,1.0,0.5,2.0,,0.0,0.0,,0.5,2.0,0.5,-1.0,0.1333333333333333,0.0,0.3333333333333333,0.0,0.0666666666666666,0.0,0.0,0.0,0.0666666666666666,0.0,0.2666666666666666,0.0,0.0,0.0,0.1333333333333333,0.0,0.4,0.0,8.0,0.75,1.875,0.375,0.0,0.176,0.144,0.48,3.0,2.625,1.125,2.25,0.3199999999999999,0.75,1.875,0.375,0.0,3.0,0.176,0.144,0.48,,,,,,,,,,
4280888,Rennia Davis,SEA,2026-07-06,0.0,68.0,0.0,0.0,5.0,6,2,1,0,0,0,0,0,3,3,,0,0,,0,2,3,5,11.0,0.5454545454545454,0.1818181818181818,0.0909090909090909,0.0,0.0,0.2727272727272727,0.0,0.0,0.2727272727272727,0.0,9.333333333333334,2.886751345948128,6.333333333333333,2.6666666666666665,0.6666666666666666,0.0,0.0,0.0,0.0,0.3333333333333333,3.0,3.6666666666666665,,0.3333333333333333,0.3333333333333333,,1.0,1.6666666666666667,2.333333333333333,5.0,0.7525252525252526,0.3586569854056767,0.3434343434343434,0.2799274032434548,0.0606060606060606,0.0524863881081478,0.0,0.0,0.0,0.0,0.4595959595959595,0.3236660600002448,0.0555555555555555,0.0962250448649376,0.0555555555555555,0.0962250448649376,0.5395959595959596,0.462230124605755,8.5,2.8867513459481287,6.5,3.0,0.5,0.0,0.0,0.0,0.0,0.5,3.0,4.0,,0.5,0.5,,1.5,1.5,2.0,5.0,0.8560606060606061,0.3586569854056767,0.4242424242424242,0.2799274032434549,0.0454545454545454,0.0524863881081478,0.0,0.0,0.0,0.0,0.553030303030303,0.3236660600002448,0.0833333333333333,0.0962250448649376,0.0833333333333333,0.0962250448649376,0.6730303030303031,0.462230124605755,8.5,2.8867513459481287,6.5,3.0,0.5,0.0,0.0,0.0,0.0,0.5,3.0,4.0,,0.5,0.5,,1.5,1.5,2.0,5.0,0.8560606060606061,0.3586569854056767,0.4242424242424242,0.2799274032434549,0.0454545454545454,0.0524863881081478,0.0,0.0,0.0,0.0,0.553030303030303,0.3236660600002448,0.0833333333333333,0.0962250448649376,0.0833333333333333,0.0962250448649376,0.6730303030303031,0.462230124605755,9.125,6.374999999999999,2.75,0.6249999999999999,0.0,0.2007499999999999,0.1642499999999999,0.5475,9.75,9.124999999999998,6.999999999999999,3.375,0.365,6.374999999999999,2.75,0.6249999999999999,0.0,9.749999999999998,0.2007499999999999,0.1642499999999999,0.5475,,,,,,,,,,
4420318,Ezi Magbegor,SEA,2026-07-06,0.0,43.0,0.0,0.0,19.0,0,0,0,0,0,0,0,0,0,0,,0,0,,0,0,0,0,0.0,,,,,,,,,,0.0,0.0,0.0,0.0,0.0,0.0,0.0,0.0,0.0,0.0,0.0,0.0,0.0,,0.0,0.0,,0.0,0.0,0.0,0.0,,,,,,,,,,,,,,,,,,,0.0,0.0,0.0,0.0,0.0,0.0,0.0,0.0,0.0,0.0,0.0,0.0,,0.0,0.0,,0.0,0.0,0.0,0.0,,,,,,,,,,,,,,,,,,,0.0,0.0,0.0,0.0,0.0,0.0,0.0,0.0,0.0,0.0,0.0,0.0,,0.0,0.0,,0.0,0.0,0.0,0.0,,,,,,,,,,,,,,,,,,,8.0,0.0,0.0,0.0,0.0,0.176,0.144,0.48,0.0,0.0,0.0,0.0,0.3199999999999999,0.0,0.0,0.0,0.0,0.0,0.176,0.144,0.48,,,,,,,,,,
4432830,Jordan Horston,SEA,2026-07-06,0.0,43.0,0.0,0.0,19.0,5,3,1,1,3,1,0,1,2,4,,0,0,,0,3,3,6,20.0,0.25,0.15,0.05,0.05,0.15,0.2,0.0,0.05,0.25,0.0,20.666666666666668,1.154700538379251,6.0,3.333333333333333,0.6666666666666666,0.6666666666666666,2.6666666666666665,1.6666666666666667,0.0,1.0,2.6666666666666665,5.666666666666667,,0.0,0.0,,0.0,3.333333333333333,2.6666666666666665,10.0,0.2878787878787879,0.0656079851351847,0.1606060606060606,0.0183702358378517,0.0333333333333333,0.0288675134594812,0.0333333333333333,0.0288675134594812,0.1303030303030302,0.034116152270296,0.2696969696969697,0.1207186926487399,0.0,0.0,0.0484848484848484,0.0026243194054073,0.3181818181818182,0.1180943732433325,20.2,2.04939015319192,5.2,3.4,0.4,0.4,2.2,2.0,0.0,1.0,2.4,5.6,,0.0,0.0,,0.2,3.2,2.2,10.6,0.2454545454545454,0.148511902297314,0.1680213903743315,0.0165954276446255,0.02,0.0273861278752583,0.02,0.0273861278752583,0.1081283422459893,0.0404055727838453,0.2671657754010695,0.1338504917092259,0.0,0.0,0.0499465240641711,0.0054580831560012,0.3171122994652406,0.1289999579915786,18.4,2.547329756605706,3.2,2.8,1.0,0.2,1.4,1.4,0.0,1.0,1.4,4.0,,0.2,0.4,,0.2,2.6,1.8,5.4,0.1605050505050505,0.1388734406264269,0.150546642899584,0.0278955117864631,0.0611111111111111,0.0773356037697077,0.01,0.0210818510677891,0.0732798573975044,0.0512497747763627,0.2120142602495543,0.1546013372918557,0.0222222222222222,0.0468485579284204,0.0553000594177064,0.0076985518762024,0.2770920974450386,0.1392535085557586,19.95,5.01,3.2,0.69,0.53,0.4388999999999999,0.3591,1.1969999999999998,8.9,8.209999999999999,5.699999999999999,3.89,0.7979999999999999,5.01,3.2,0.69,0.53,8.899999999999999,0.4388999999999999,0.3591,1.1969999999999998,LAS,False,1.2525,1.0,1.0,1.0,2.225,1.0,1.0,1.0
4432832,Zia Cooke,SEA,2026-07-06,0.0,43.0,0.0,0.0,19.0,10,1,2,2,4,0,0,3,3,8,,2,2,,0,1,1,13,17.0,0.5882352941176471,0.0588235294117647,0.1176470588235294,0.1176470588235294,0.2352941176470588,0.4705882352941176,0.1176470588235294,0.1764705882352941,0.6988235294117647,0.0,19.33333333333333,4.041451884327381,15.0,2.333333333333333,1.6666666666666667,2.0,4.666666666666667,0.3333333333333333,0.0,2.6666666666666665,4.333333333333333,10.0,,4.333333333333333,4.666666666666667,,0.6666666666666666,1.6666666666666667,1.0,14.666666666666666,0.7393790849673203,0.2617887250001979,0.1086601307189542,0.0863195255406058,0.0923202614379085,0.043867299864898,0.1062091503267973,0.0198110386486636,0.2401960784313725,0.0084904451351415,0.5081699346405228,0.065093412702752,0.2173202614379085,0.1726390510812116,0.1454248366013072,0.0537728191892298,0.7492156862745097,0.0872817759892551,20.2,3.563705936241091,16.0,3.2,1.4,1.6,4.6,0.6,0.0,3.0,4.8,10.8,,4.8,5.2,,1.0,2.2,0.8,12.6,0.7572239422084623,0.2608870581118017,0.1489680082559339,0.0822951441484523,0.0742518059855521,0.0398663792053808,0.0803921568627451,0.0481041977464591,0.2256965944272445,0.0386090269262673,0.5268317853457173,0.0563732869951436,0.2347781217750258,0.1661177167032494,0.1565531475748194,0.0756311169386009,0.786687306501548,0.0804178210769511,19.6,3.1692971530679235,13.0,2.8,2.0,1.4,4.4,0.4,0.0,2.2,4.0,10.2,,3.6,4.0,,0.8,2.0,1.4,5.8,0.6369253682334178,0.2212633906366201,0.1421275447978234,0.0780391437126502,0.1037526972511492,0.0541741327544949,0.0708778966131907,0.0417335637976544,0.2275014072614691,0.0572008535905049,0.516047471620227,0.040040008869385,0.1824608312224411,0.1538055515601478,0.1170923632610939,0.0974012694972505,0.713422600619195,0.1205041116952426,19.34,14.2,2.53,1.69,1.74,0.4254799999999999,0.34812,1.1604,18.42,16.73,15.89,4.22,0.7736,14.2,2.53,1.69,1.74,18.42,0.4254799999999999,0.34812,1.1604,LAS,False,3.55,1.0,1.0,1.0,4.605,1.0,1.0,1.0
4433643,Mackenzie Holmes,SEA,2026-07-06,0.0,43.0,0.0,0.0,19.0,2,4,0,0,0,3,0,0,1,2,,0,0,,1,3,3,-4,14.0,0.1428571428571428,0.2857142857142857,0.0,0.0,0.0,0.1428571428571428,0.0,0.0,0.1428571428571428,0.0,15.333333333333334,2.309401076758504,2.0,4.666666666666667,0.3333333333333333,0.0,0.0,2.0,0.3333333333333333,0.3333333333333333,0.6666666666666666,2.0,,0.6666666666666666,1.3333333333333333,,1.3333333333333333,3.333333333333333,3.333333333333333,-4.0,0.1322751322751322,0.0183285799742738,0.3015873015873015,0.0274928699614107,0.0185185185185185,0.0320750149549792,0.0,0.0,0.0,0.0,0.1322751322751322,0.0183285799742738,0.074074074074074,0.1283000598199168,0.0185185185185185,0.0320750149549792,0.1833862433862433,0.0701984613014687,18.0,4.898979485566353,5.2,5.2,0.6,0.2,0.2,1.4,0.8,0.4,1.6,3.2,,1.8,2.6,,1.4,3.8,3.2,-5.4,0.24004884004884,0.2533181780586117,0.2937728937728937,0.0425129410767887,0.0299145299145299,0.0281856964920361,0.0076923076923076,0.0172005229038445,0.0076923076923076,0.0172005229038445,0.1631257631257631,0.0823592250320333,0.1273504273504273,0.1168942084619605,0.0222222222222222,0.0304290309725092,0.2413821733821734,0.1039911200968055,14.6,7.5306779981029,5.2,3.6,0.4,0.2,0.2,1.2,0.6,0.4,1.8,3.0,,1.4,1.8,,0.8,2.8,2.2,-6.6,0.2692551892551892,0.2622772063641466,0.22996336996337,0.0837754199135458,0.0188034188034188,0.0249348791875111,0.0076923076923076,0.016216808513684,0.0076923076923076,0.016216808513684,0.1723321123321123,0.123770947754696,0.0829059829059829,0.107494655745253,0.0311111111111111,0.0428094319312589,0.2399218559218559,0.1608531892141851,15.92,3.76,4.54,0.39,0.11,0.35024,0.28656,0.9552,8.690000000000001,8.3,4.15,4.93,0.6368,3.76,4.54,0.39,0.11,8.690000000000001,0.35024,0.28656,0.9552,LAS,False,1.0,1.135,1.0,1.0,2.1725000000000003,1.0,1.0,1.0
4698736,Flau'jae Johnson,SEA,2026-07-06,0.0,43.0,0.0,0.0,19.0,17,6,1,2,7,1,1,2,4,14,,7,7,,1,5,4,4,25.0,0.68,0.24,0.04,0.08,0.28,0.56,0.28,0.08,0.7631999999999999,0.0,27.0,3.4641016151377544,17.0,6.333333333333333,2.333333333333333,2.333333333333333,6.666666666666667,0.6666666666666666,1.6666666666666667,3.0,5.0,13.333333333333334,,4.666666666666667,4.666666666666667,,0.6666666666666666,5.666666666666667,3.333333333333333,8.666666666666666,0.6361290322580645,0.0759867451062475,0.235268817204301,0.0081946489820462,0.0804301075268817,0.070027000392032,0.0855913978494623,0.0096845851606001,0.2511827956989247,0.0499128619815547,0.5023655913978495,0.0998257239631094,0.1866666666666666,0.1616580753730952,0.1070967741935483,0.0469329896244469,0.691595698924731,0.1240222875028243,25.6,6.148170459575757,14.6,5.8,2.4,2.0,5.6,0.6,1.8,2.8,4.8,11.6,,3.0,3.2,,0.4,5.4,2.4,8.8,0.5538548387096774,0.1501142514938565,0.2238225806451613,0.021509411583782,0.080516129032258,0.075523011633278,0.0707096774193548,0.040407909714978,0.2144193548387097,0.0660845247548226,0.4538387096774194,0.097037303617961,0.137,0.1401606221447379,0.096516129032258,0.0675505745709829,0.6106348387096773,0.1474201178493701,25.8,5.553777493242276,12.0,5.6,1.6,1.0,4.0,0.8,2.0,2.4,3.6,10.6,,3.8,4.4,,0.8,4.8,2.2,1.4,0.4564532814238042,0.1681934327943605,0.214897743524551,0.0186437549423057,0.0540511679644049,0.0628281022313317,0.0353548387096774,0.0459841070032877,0.1551776577149213,0.0852221603753848,0.4126952169076752,0.116185841326376,0.172871921182266,0.1219679294257836,0.0832334339742571,0.0549325487354865,0.5719922962021293,0.1526333679215517,25.97,15.159999999999998,5.95,2.01,1.9,0.57134,0.4674599999999999,1.5581999999999998,23.119999999999997,21.11,17.169999999999998,7.96,1.0388,15.159999999999998,5.95,2.01,1.9,23.12,0.57134,0.4674599999999999,1.5581999999999998,LAS,False,3.79,1.4875,1.0,1.0,5.78,1.0,1.0,1.0
4858671,Jalyn Brown,SEA,2026-07-06,0.0,68.0,0.0,0.0,5.0,0,3,1,0,0,0,0,0,0,1,,0,0,,1,2,0,0,4.0,0.0,0.75,0.25,0.0,0.0,0.25,0.0,0.0,0.25,0.0,2.6666666666666665,2.309401076758504,0.0,2.0,0.6666666666666666,0.0,0.0,0.0,0.0,0.0,0.0,0.6666666666666666,,0.0,0.0,,0.6666666666666666,1.3333333333333333,0.0,0.0,0.0,0.0,0.75,0.0,0.25,0.0,0.0,0.0,0.0,0.0,0.25,0.0,0.0,0.0,0.0,0.0,0.25,0.0,2.0,2.309401076758503,0.0,1.5,0.5,0.0,0.0,0.0,0.0,0.0,0.0,0.5,,0.0,0.0,,0.5,1.0,0.0,0.0,0.0,0.0,0.75,0.0,0.25,0.0,0.0,0.0,0.0,0.0,0.25,0.0,0.0,0.0,0.0,0.0,0.25,0.0,2.0,2.309401076758503,0.0,1.5,0.5,0.0,0.0,0.0,0.0,0.0,0.0,0.5,,0.0,0.0,,0.5,1.0,0.0,0.0,0.0,0.0,0.75,0.0,0.25,0.0,0.0,0.0,0.0,0.0,0.25,0.0,0.0,0.0,0.0,0.0,0.25,0.0,8.0,0.0,1.875,0.6249999999999999,0.0,0.176,0.144,0.48,2.5,1.875,0.6249999999999999,2.5,0.3199999999999999,0.0,1.875,0.6249999999999999,0.0,2.5,0.176,0.144,0.48,,,,,,,,,,
4898400,Taylor Thierry,SEA,2026-07-06,0.0,45.0,0.0,0.0,11.0,0,1,0,0,0,0,0,0,0,0,,0,0,,1,0,0,-1,4.0,0.0,0.25,0.0,0.0,0.0,0.0,0.0,0.0,0.0,0.0,5.666666666666667,2.8867513459481287,2.0,1.3333333333333333,0.0,0.6666666666666666,1.0,0.0,0.0,0.0,0.6666666666666666,1.3333333333333333,,0.0,0.0,,1.0,0.3333333333333333,1.6666666666666667,-2.0,0.2222222222222222,0.3849001794597505,0.2407407407407407,0.0160375074774896,0.0,0.0,0.074074074074074,0.1283000598199168,0.1111111111111111,0.1924500897298752,0.1481481481481481,0.2566001196398336,0.0,0.0,0.0,0.0,0.1481481481481481,0.2566001196398336,5.2,3.834057902536163,2.4,1.2,0.0,0.8,1.2,0.0,0.0,0.0,0.8,1.6,,0.0,0.0,,0.8,0.4,2.0,-2.0,0.3333333333333333,0.3849001794597505,0.2361111111111111,0.0160375074774896,0.0,0.0,0.1111111111111111,0.1283000598199168,0.1666666666666666,0.1924500897298752,0.2222222222222222,0.2566001196398336,0.0,0.0,0.0,0.0,0.2222222222222222,0.2566001196398336,8.0,5.617433182117573,2.6,2.2,0.2,0.8,1.6,0.2,0.2,0.4,0.8,2.0,,0.2,0.4,,1.0,1.2,1.6,-0.8,0.3012820512820512,0.3257087985775588,0.2664072039072039,0.0350458155195529,0.0192307692307692,0.0356084653758673,0.094017094017094,0.1037779211764384,0.1781135531135531,0.1549100724655781,0.2251221001221001,0.2055251526095724,0.0384615384615384,0.0712169307517347,0.037087912087912,0.0397029962434551,0.2791330891330891,0.2307522535209596,8.0,1.96,1.41,0.04,0.64,0.176,0.144,0.48,3.41,3.37,2.0,1.4500000000000002,0.3199999999999999,1.96,1.41,0.04,0.64,3.41,0.176,0.144,0.48,,,,,,,,,,
5017726,Jade Melbourne,SEA,2026-07-06,0.0,43.0,0.0,0.0,19.0,3,2,6,0,2,2,0,2,0,6,,3,4,,1,1,4,6,25.0,0.12,0.08,0.24,0.0,0.08,0.24,0.16,0.08,0.3903999999999999,0.0,23.33333333333333,2.886751345948128,3.333333333333333,2.333333333333333,5.333333333333333,0.0,1.3333333333333333,2.0,0.0,1.6666666666666667,0.6666666666666666,5.666666666666667,,2.0,3.0,,0.6666666666666666,1.6666666666666667,3.333333333333333,5.333333333333333,0.1466666666666666,0.04618802153517,0.1033333333333333,0.0404145188432737,0.2266666666666666,0.023094010767585,0.0,0.0,0.0533333333333333,0.04618802153517,0.2433333333333333,0.0057735026918962,0.1233333333333333,0.0635085296108588,0.07,0.0173205080756887,0.3675999999999999,0.0394907584125703,24.0,4.183300132670377,5.0,2.4,4.6,0.0,1.0,1.6,0.2,2.2,1.0,5.2,,3.0,4.0,,0.4,2.0,2.6,2.6,0.2013333333333333,0.100708600537502,0.1053333333333333,0.0411366287172663,0.196,0.0572712842531053,0.0,0.0,0.0386666666666666,0.0401109572173101,0.2226666666666666,0.050188533440308,0.1506666666666666,0.1159837153320336,0.0853333333333333,0.0478771576247193,0.3742933333333333,0.052976254638805,26.4,3.806427312965383,8.8,1.8,4.4,0.2,1.6,1.4,0.2,2.8,2.2,6.2,,4.2,4.8,,0.4,1.4,3.0,-3.6,0.3200919540229884,0.1474033632621918,0.0733727422003284,0.0444502688421805,0.1715467980295566,0.0616051829616198,0.0071428571428571,0.0150584650484208,0.0578883415435139,0.0394169875474582,0.2372282430213465,0.0633717065082579,0.1714745484400656,0.1016303566302493,0.1016978653530377,0.0474456520069293,0.4143749096880131,0.0662301989909684,24.43,4.960000000000001,2.2,4.989999999999999,0.04,0.5374599999999999,0.4397399999999999,1.4658,12.15,7.16,9.95,7.19,0.9771999999999998,4.960000000000001,2.2,4.989999999999999,0.04,12.15,0.5374599999999999,0.4397399999999999,1.4658,LAS,False,1.2400000000000002,1.0,1.2474999999999998,1.0,3.0375,1.0,1.0,1.0
5105756,Elle Ladine,SEA,2026-07-06,0.0,68.0,0.0,0.0,5.0,3,1,0,1,2,1,0,0,1,2,,0,0,,1,0,2,4,6.0,0.5,0.1666666666666666,0.0,0.1666666666666666,0.3333333333333333,0.3333333333333333,0.0,0.0,0.3333333333333333,0.0,6.0,0.0,2.333333333333333,0.6666666666666666,0.0,0.6666666666666666,1.6666666666666667,0.6666666666666666,0.0,0.0,0.6666666666666666,2.0,,0.3333333333333333,0.6666666666666666,,0.6666666666666666,0.0,2.333333333333333,3.6666666666666665,0.3888888888888888,0.1924500897298752,0.1111111111111111,0.0962250448649376,0.0,0.0,0.1111111111111111,0.0962250448649376,0.2777777777777777,0.0962250448649376,0.3333333333333333,0.0,0.1111111111111111,0.1924500897298752,0.0,0.0,0.3822222222222222,0.0846780394811451,6.0,0.0,2.0,0.5,0.0,0.5,1.5,0.5,0.0,0.0,0.5,2.0,,0.5,1.0,,0.5,0.0,2.5,3.5,0.3333333333333333,0.1924500897298752,0.0833333333333333,0.0962250448649376,0.0,0.0,0.0833333333333333,0.0962250448649376,0.25,0.0962250448649376,0.3333333333333333,0.0,0.1666666666666666,0.1924500897298752,0.0,0.0,0.4066666666666666,0.0846780394811451,6.0,0.0,2.0,0.5,0.0,0.5,1.5,0.5,0.0,0.0,0.5,2.0,,0.5,1.0,,0.5,0.0,2.5,3.5,0.3333333333333333,0.1924500897298752,0.0833333333333333,0.0962250448649376,0.0,0.0,0.0833333333333333,0.0962250448649376,0.25,0.0962250448649376,0.3333333333333333,0.0,0.1666666666666666,0.1924500897298752,0.0,0.0,0.4066666666666666,0.0846780394811451,8.0,2.25,0.6249999999999999,0.0,0.6249999999999999,0.176,0.144,0.48,2.875,2.875,2.25,0.6249999999999999,0.3199999999999999,2.25,0.6249999999999999,0.0,0.6249999999999999,2.875,0.176,0.144,0.48,,,,,,,,,,
5106222,Taina Mair,SEA,2026-07-06,0.0,47.0,0.0,0.0,15.0,0,0,1,0,0,0,0,0,0,1,,0,0,,0,0,0,-1,3.0,0.0,0.0,0.3333333333333333,0.0,0.0,0.3333333333333333,0.0,0.0,0.3333333333333333,0.0,2.0,1.7320508075688772,0.0,0.0,0.6666666666666666,0.0,0.0,0.0,0.0,0.0,0.0,0.6666666666666666,,0.0,0.0,,0.0,0.0,0.0,-0.6666666666666666,0.0,0.0,0.0,0.0,0.3333333333333333,0.0,0.0,0.0,0.0,0.0,0.3333333333333333,0.0,0.0,0.0,0.0,0.0,0.3333333333333333,0.0,1.2,1.6431676725154982,0.0,0.0,0.4,0.0,0.0,0.0,0.0,0.0,0.0,0.4,,0.0,0.0,,0.0,0.0,0.0,-0.4,0.0,0.0,0.0,0.0,0.3333333333333333,0.0,0.0,0.0,0.0,0.0,0.3333333333333333,0.0,0.0,0.0,0.0,0.0,0.3333333333333333,0.0,0.6,1.2649110640673396,0.0,0.0,0.2,0.0,0.0,0.0,0.0,0.0,0.0,0.2,,0.0,0.0,,0.0,0.0,0.0,-0.2,0.0,0.0,0.0,0.0,0.3333333333333333,0.0,0.0,0.0,0.0,0.0,0.3333333333333333,0.0,0.0,0.0,0.0,0.0,0.3333333333333333,0.0,8.0,0.0,0.0,0.53,0.0,0.176,0.144,0.48,0.53,0.0,0.53,0.53,0.3199999999999999,0.0,0.0,0.53,0.0,0.53,0.176,0.144,0.48,,,,,,,,,,
5220150,Dominique Malonga,SEA,2026-07-06,0.0,43.0,0.0,0.0,19.0,0,0,0,0,0,0,0,0,0,0,,0,0,,0,0,0,0,0.0,,,,,,,,,,0.0,0.0,0.0,0.0,0.0,0.0,0.0,0.0,0.0,0.0,0.0,0.0,0.0,,0.0,0.0,,0.0,0.0,0.0,0.0,,,,,,,,,,,,,,,,,,,0.0,0.0,0.0,0.0,0.0,0.0,0.0,0.0,0.0,0.0,0.0,0.0,,0.0,0.0,,0.0,0.0,0.0,0.0,,,,,,,,,,,,,,,,,,,6.4,13.492384683385083,4.2,1.4,0.2,0.4,0.6,0.2,0.2,0.2,1.8,3.8,,0.2,0.8,,0.2,1.2,0.2,-2.0,0.65625,0.0,0.21875,0.0,0.03125,0.0,0.0625,0.0,0.09375,0.0,0.59375,0.0,0.125,0.0,0.03125,0.0,0.68,0.0,8.0,0.8400000000000001,0.2799999999999999,0.04,0.08,0.176,0.144,0.48,1.1600000000000001,1.12,0.8800000000000001,0.3199999999999999,0.3199999999999999,0.8400000000000001,0.2799999999999999,0.04,0.08,1.16,0.176,0.144,0.48,,,,,,,,,,
5345325,Awa Fam,SEA,2026-07-06,0.0,43.0,0.0,0.0,11.0,10,2,0,0,1,1,0,2,4,7,,2,2,,0,2,4,6,20.0,0.5,0.1,0.0,0.0,0.05,0.35,0.1,0.1,0.4939999999999999,0.0,13.333333333333334,11.547005383792516,6.666666666666667,1.3333333333333333,0.0,0.0,0.6666666666666666,0.6666666666666666,0.0,1.3333333333333333,2.6666666666666665,4.666666666666667,,1.3333333333333333,1.3333333333333333,,0.0,1.3333333333333333,2.6666666666666665,4.0,0.5,0.0,0.1,0.0,0.0,0.0,0.0,0.0,0.05,0.0,0.35,0.0,0.1,0.0,0.1,0.0,0.4939999999999999,0.0,8.0,10.954451150103322,4.0,0.8,0.0,0.0,0.4,0.4,0.0,0.8,1.6,2.8,,0.8,0.8,,0.0,0.8,1.6,2.4,0.5,0.0,0.1,0.0,0.0,0.0,0.0,0.0,0.05,0.0,0.35,0.0,0.1,0.0,0.1,0.0,0.4939999999999999,0.0,4.0,8.432740427115679,2.0,0.4,0.0,0.0,0.2,0.2,0.0,0.4,0.8,1.4,,0.4,0.4,,0.0,0.4,0.8,1.2,0.5,0.0,0.1,0.0,0.0,0.0,0.0,0.0,0.05,0.0,0.35,0.0,0.1,0.0,0.1,0.0,0.4939999999999999,0.0,10.6,5.300000000000001,1.06,0.0,0.0,0.2332,0.1908,0.636,6.360000000000001,6.360000000000001,5.300000000000001,1.06,0.424,5.300000000000001,1.06,0.0,0.0,6.360000000000001,0.2332,0.1908,0.636,LAS,False,1.3250000000000002,1.0,1.0,1.0,1.5900000000000003,1.0,1.0,1.0
4281233,Kamaria McDaniel,WSH,2026-07-06,0.0,72.0,0.0,0.0,3.0,1,1,1,0,1,0,1,0,0,2,,1,4,,1,0,1,4,8.0,0.125,0.125,0.125,0.0,0.125,0.25,0.5,0.0,0.47,0.0,8.0,0.0,1.0,1.0,1.0,0.0,1.0,0.0,1.0,0.0,0.0,2.0,,1.0,4.0,,1.0,0.0,1.0,4.0,0.125,0.0,0.125,0.0,0.125,0.0,0.0,0.0,0.125,0.0,0.25,0.0,0.5,0.0,0.0,0.0,0.47,0.0,8.0,0.0,1.0,1.0,1.0,0.0,1.0,0.0,1.0,0.0,0.0,2.0,,1.0,4.0,,1.0,0.0,1.0,4.0,0.125,0.0,0.125,0.0,0.125,0.0,0.0,0.0,0.125,0.0,0.25,0.0,0.5,0.0,0.0,0.0,0.47,0.0,8.0,0.0,1.0,1.0,1.0,0.0,1.0,0.0,1.0,0.0,0.0,2.0,,1.0,4.0,,1.0,0.0,1.0,4.0,0.125,0.0,0.125,0.0,0.125,0.0,0.0,0.0,0.125,0.0,0.25,0.0,0.5,0.0,0.0,0.0,0.47,0.0,8.0,1.0,1.0,1.0,0.0,0.176,0.144,0.48,3.0,2.0,2.0,2.0,0.3199999999999999,1.0,1.0,1.0,0.0,3.0,0.176,0.144,0.48,,,,,,,,,,
4281923,Mya Hollingshed,WSH,2026-07-06,0.0,72.0,0.0,0.0,3.0,0,0,0,0,0,0,0,0,0,0,,0,0,,0,0,0,0,0.0,,,,,,,,,,0.0,0.0,0.0,0.0,0.0,0.0,0.0,0.0,0.0,0.0,0.0,0.0,0.0,,0.0,0.0,,0.0,0.0,0.0,0.0,,,,,,,,,,,,,,,,,,,0.0,0.0,0.0,0.0,0.0,0.0,0.0,0.0,0.0,0.0,0.0,0.0,,0.0,0.0,,0.0,0.0,0.0,0.0,,,,,,,,,,,,,,,,,,,0.0,0.0,0.0,0.0,0.0,0.0,0.0,0.0,0.0,0.0,0.0,0.0,,0.0,0.0,,0.0,0.0,0.0,0.0,,,,,,,,,,,,,,,,,,,8.0,0.0,0.0,0.0,0.0,0.176,0.144,0.48,0.0,0.0,0.0,0.0,0.3199999999999999,0.0,0.0,0.0,0.0,0.0,0.176,0.144,0.48,,,,,,,,,,
4282173,Michaela Onyenwere,WSH,2026-07-06,0.0,43.0,0.0,0.0,9.0,6,0,0,0,1,1,0,2,1,3,,4,4,,0,0,4,6,17.0,0.3529411764705882,0.0,0.0,0.0,0.0588235294117647,0.1764705882352941,0.2352941176470588,0.1176470588235294,0.3976470588235294,0.0,11.333333333333334,9.814954576223638,4.0,0.0,0.0,0.0,0.6666666666666666,0.6666666666666666,0.0,1.3333333333333333,0.6666666666666666,2.0,,2.6666666666666665,2.6666666666666665,,0.0,0.0,2.6666666666666665,4.0,0.3529411764705882,0.0,0.0,0.0,0.0,0.0,0.0,0.0,0.0588235294117647,0.0,0.1764705882352941,0.0,0.2352941176470588,0.0,0.1176470588235294,0.0,0.3976470588235294,0.0,6.8,9.311283477587825,2.4,0.0,0.0,0.0,0.4,0.4,0.0,0.8,0.4,1.2,,1.6,1.6,,0.0,0.0,1.6,2.4,0.3529411764705882,0.0,0.0,0.0,0.0,0.0,0.0,0.0,0.0588235294117647,0.0,0.1764705882352941,0.0,0.2352941176470588,0.0,0.1176470588235294,0.0,0.3976470588235294,0.0,4.25,7.869470848066688,1.5,0.0,0.0,0.0,0.25,0.25,0.0,0.5,0.25,0.75,,1.0,1.0,,0.0,0.0,1.0,1.5,0.3529411764705882,0.0,0.0,0.0,0.0,0.0,0.0,0.0,0.0588235294117647,0.0,0.1764705882352941,0.0,0.2352941176470588,0.0,0.1176470588235294,0.0,0.3976470588235294,0.0,9.179999999999998,3.24,0.0,0.0,0.0,0.2019599999999999,0.1652399999999999,0.5507999999999998,3.24,3.24,3.24,0.0,0.3671999999999998,3.24,0.0,0.0,0.0,3.24,0.2019599999999999,0.1652399999999999,0.5507999999999998,,,,,,,,,,
4398911,Shakira Austin,WSH,2026-07-06,0.0,43.0,0.0,0.0,13.0,12,4,0,1,2,2,2,1,4,7,,3,3,,0,4,3,-10,29.0,0.4137931034482758,0.1379310344827586,0.0,0.0344827586206896,0.0689655172413793,0.2413793103448276,0.1034482758620689,0.0344827586206896,0.3213793103448276,0.0,28.0,1.7320508075688772,12.0,4.0,0.3333333333333333,0.6666666666666666,1.3333333333333333,1.6666666666666667,1.3333333333333333,2.0,4.333333333333333,8.0,,2.6666666666666665,2.6666666666666665,,0.0,4.0,2.0,-11.666666666666666,0.4297082228116711,0.0275657953459238,0.143236074270557,0.0091885984486412,0.0128205128205128,0.0222057795842163,0.0229885057471264,0.019908629972056,0.0459770114942528,0.0398172599441121,0.2891246684350133,0.0826973860377713,0.0946065428824049,0.0153143307477354,0.0742705570291777,0.0689144883648094,0.4050221043324491,0.1448735688735771,28.8,3.2710854467592307,13.4,5.0,1.4,0.4,0.8,1.2,1.4,2.6,5.0,9.0,,3.0,3.2,,0.2,4.8,2.2,-8.8,0.4618973318770479,0.0592093297754538,0.1696520518021532,0.0537292504189371,0.0447963800904977,0.0603143828482265,0.0137931034482758,0.0188869847415574,0.0275862068965517,0.0377739694831149,0.3151037603370261,0.0717727533171824,0.1074426587611171,0.0408033546051,0.0929786238102668,0.0597405726672972,0.4553571540021844,0.1269002546414179,30.0,3.197221015541798,15.4,7.6,2.4,0.2,0.8,1.0,1.4,2.2,5.6,10.8,,4.0,5.8,,0.6,7.0,2.8,-0.8,0.512372144420826,0.0846476467549895,0.2504741033138599,0.1002669000142359,0.0756322109263285,0.05636951503887,0.0068965517241379,0.014539207632958,0.026996566651739,0.0271045439531621,0.3615498429900052,0.0789124290715095,0.1912818081175079,0.1066014980026856,0.0756591616632184,0.0472391964541279,0.5213730002249272,0.1274633608577339,28.83,13.17,5.07,1.0699999999999998,0.53,0.6342599999999999,0.51894,1.7297999999999998,19.310000000000002,18.24,14.24,6.140000000000001,1.1532,13.17,5.07,1.0699999999999998,0.53,19.31,0.6342599999999999,0.51894,1.7297999999999998,GSV,True,3.2925,1.2675,1.0,1.0,4.8275,1.0,1.0,1.0
4433411,Angela Dugalic,WSH,2026-07-06,0.0,43.0,0.0,0.0,15.0,13,3,1,1,1,1,0,0,5,6,,2,3,,1,2,0,3,12.0,1.0833333333333333,0.25,0.0833333333333333,0.0833333333333333,0.0833333333333333,0.5,0.25,0.0,0.61,0.0,12.333333333333334,0.5773502691896255,9.333333333333334,3.0,1.0,0.6666666666666666,0.6666666666666666,0.6666666666666666,0.3333333333333333,0.0,3.6666666666666665,4.666666666666667,,1.3333333333333333,2.0,,0.6666666666666666,2.333333333333333,0.3333333333333333,-2.0,0.7735042735042734,0.5366396732852291,0.2435897435897435,0.0111028897921081,0.0811965811965812,0.003700963264036,0.0555555555555555,0.0481125224324688,0.0555555555555555,0.0481125224324688,0.3846153846153846,0.1998520162579474,0.1666666666666666,0.1443375672974064,0.0,0.0,0.457948717948718,0.2633605458688062,11.2,2.949576240750525,6.0,3.0,0.8,0.4,0.4,0.4,0.6,0.0,2.4,3.2,,0.8,1.2,,0.4,2.6,0.6,-5.0,0.4948717948717949,0.540848646464649,0.2923076923076922,0.1165010094681611,0.0641025641025641,0.0359774748728263,0.0333333333333333,0.0456435464587638,0.0333333333333333,0.0456435464587638,0.2615384615384615,0.2265642534618944,0.1,0.1369306393762915,0.0,0.0,0.3055384615384615,0.284942327809532,10.6,2.6331223544175315,4.4,2.6,0.4,0.4,1.2,0.4,0.4,0.2,1.8,3.2,,0.4,1.0,,0.2,2.4,1.2,-4.6,0.3807692307692307,0.4082840766044002,0.2694871794871795,0.1250915363580018,0.032051282051282,0.0414331611744985,0.0366666666666666,0.047661356865616,0.1099999999999999,0.1194638227174721,0.2774358974358974,0.1885184130317581,0.09,0.1173787790777267,0.0166666666666666,0.0351364184463153,0.3337025641025641,0.2360493092184276,11.54,7.729999999999999,2.9199999999999995,0.81,0.5700000000000001,0.2538799999999999,0.2077199999999999,0.6923999999999999,11.459999999999999,10.65,8.54,3.73,0.4615999999999999,7.729999999999999,2.9199999999999995,0.81,0.5700000000000001,11.46,0.2538799999999999,0.2077199999999999,0.6923999999999999,GSV,True,1.9325,1.0,1.0,1.0,2.865,1.0,1.0,1.0
4433416,Madison Scott,WSH,2026-07-06,0.0,64.0,0.0,0.0,5.0,0,0,0,0,0,1,0,1,0,1,,0,0,,0,0,1,-2,5.0,0.0,0.0,0.0,0.0,0.0,0.2,0.0,0.2,0.4,0.0,5.666666666666667,1.1547005383792517,0.0,0.3333333333333333,0.0,0.0,0.0,1.0,0.0,0.6666666666666666,0.0,1.3333333333333333,,0.0,0.0,,0.0,0.3333333333333333,0.6666666666666666,-1.6666666666666667,0.0,0.0,0.0476190476190476,0.0824786098842322,0.0,0.0,0.0,0.0,0.0,0.0,0.2285714285714285,0.0494871659305393,0.0,0.0,0.1333333333333333,0.1154700538379251,0.3619047619047619,0.0659828879073858,6.0,1.1547005383792517,0.0,0.5,0.0,0.0,0.0,1.0,0.0,0.5,0.0,1.5,,0.0,0.0,,0.0,0.5,0.5,-1.5,0.0,0.0,0.0714285714285714,0.0824786098842322,0.0,0.0,0.0,0.0,0.0,0.0,0.2428571428571428,0.0494871659305393,0.0,0.0,0.1,0.1154700538379251,0.3428571428571428,0.0659828879073858,6.0,1.1547005383792517,0.0,0.5,0.0,0.0,0.0,1.0,0.0,0.5,0.0,1.5,,0.0,0.0,,0.0,0.5,0.5,-1.5,0.0,0.0,0.0714285714285714,0.0824786098842322,0.0,0.0,0.0,0.0,0.0,0.0,0.2428571428571428,0.0494871659305393,0.0,0.0,0.1,0.1154700538379251,0.3428571428571428,0.0659828879073858,8.0,0.0,0.375,0.0,0.0,0.176,0.144,0.48,0.375,0.375,0.0,0.375,0.3199999999999999,0.0,0.375,0.0,0.0,0.375,0.176,0.144,0.48,,,,,,,,,,
4433523,Rori Harmon,WSH,2026-07-06,0.0,43.0,0.0,0.0,15.0,2,1,0,0,1,0,0,1,1,2,,0,0,,0,1,1,-2,3.0,0.6666666666666666,0.3333333333333333,0.0,0.0,0.3333333333333333,0.6666666666666666,0.0,0.3333333333333333,1.0,0.0,3.6666666666666665,1.154700538379251,2.0,1.0,0.6666666666666666,0.0,1.0,0.0,0.0,1.0,0.6666666666666666,2.0,,0.6666666666666666,0.6666666666666666,,0.0,1.0,1.3333333333333333,-2.0,0.5777777777777778,0.1539600717839002,0.2888888888888889,0.0769800358919501,0.1333333333333333,0.2309401076758503,0.0,0.0,0.2888888888888889,0.0769800358919501,0.5777777777777778,0.1539600717839002,0.1333333333333333,0.2309401076758503,0.2888888888888889,0.0769800358919501,0.9253333333333332,0.1293264602984761,5.0,2.4494897427831663,1.8,1.0,1.0,0.0,0.8,0.2,0.0,1.0,0.4,1.6,,1.0,1.2,,0.0,1.0,1.4,-2.0,0.4488888888888889,0.2311538422034817,0.2355555555555555,0.096353259505239,0.1822222222222222,0.2039123510569682,0.0,0.0,0.2133333333333333,0.1366260102127946,0.4266666666666666,0.2732520204255891,0.2044444444444444,0.2002467613523344,0.2355555555555555,0.0963532595052391,0.7521777777777778,0.3237010661813049,11.8,8.202980488145078,1.6,1.6,1.8,0.2,1.0,1.0,0.0,2.2,0.4,1.8,,0.6,0.8,,0.0,1.6,1.8,-4.0,0.2628282828282828,0.2538554415877863,0.1761616161616161,0.0905382134207649,0.1585858585858585,0.1411509495657794,0.009090909090909,0.0191653191525356,0.1339393939393939,0.1333394550171056,0.2606060606060606,0.2553698370963223,0.1244444444444444,0.1712377277250357,0.2043434343434343,0.080039555344832,0.5197050505050506,0.3300085100780237,8.0,1.85,1.12,0.91,0.04,0.176,0.144,0.48,3.8800000000000003,2.97,2.76,2.03,0.3199999999999999,1.85,1.12,0.91,0.04,3.88,0.176,0.144,0.48,,,,,,,,,,
4433524,Sonia Citron,WSH,2026-07-06,0.0,43.0,0.0,0.0,15.0,16,5,2,0,2,2,0,2,3,6,,10,11,,1,4,2,-8,32.0,0.5,0.15625,0.0625,0.0,0.0625,0.1875,0.34375,0.0625,0.40125,0.0,30.0,3.4641016151377544,13.0,3.6666666666666665,1.6666666666666667,0.3333333333333333,2.0,1.6666666666666667,0.0,3.0,3.0,6.0,,6.666666666666667,7.333333333333333,,0.6666666666666666,3.0,2.333333333333333,-6.666666666666667,0.4230769230769231,0.1332346775052982,0.1169871794871794,0.0680051999766626,0.0544871794871794,0.0138786122401352,0.0128205128205128,0.0222057795842163,0.0673076923076923,0.0083271673440811,0.2019230769230769,0.0249815020322434,0.2291666666666666,0.1984641550339338,0.1057692307692307,0.0749445060967302,0.408525641025641,0.0126017799140427,30.8,5.0199601592044525,15.2,3.6,2.0,0.6,2.4,1.4,0.2,3.2,4.4,7.6,,5.8,6.4,,0.6,3.0,2.2,-3.4,0.4655870445344129,0.214698993983832,0.1094635627530364,0.064819161810291,0.0614372469635627,0.0272888975561495,0.0206477732793522,0.0194900484241472,0.0768218623481781,0.017458230604699,0.2409919028340081,0.0744479039396435,0.1901315789473684,0.1766565283234884,0.1124493927125506,0.0730115582233491,0.4370991902834008,0.0568159879167603,33.2,4.341018825626593,19.2,3.8,1.8,1.0,4.0,1.6,0.6,2.6,5.8,10.0,,6.6,7.8,,1.0,2.8,2.0,0.4,0.5591265116032919,0.2057023410113035,0.1100637387208594,0.0537572703639958,0.0523560503823661,0.0360447624356246,0.0306025244105739,0.0342367747149837,0.1175646979439549,0.0487991289765336,0.2945929586409462,0.0758628713863314,0.2239959580323357,0.1238897445443378,0.0843636712444761,0.0569972004371287,0.4775148514196502,0.0574563027678111,31.22,15.46,3.87,1.86,0.51,0.6868399999999999,0.5619599999999999,1.8732,21.19,19.33,17.32,5.73,1.2487999999999997,15.46,3.87,1.86,0.51,21.19,0.6868399999999999,0.5619599999999999,1.8732,GSV,True,3.865,1.0,1.0,1.0,5.2975,1.0,1.0,1.0
4433815,Lucy Olsen,WSH,2026-07-06,0.0,43.0,0.0,0.0,15.0,0,2,2,0,1,0,0,0,0,1,,0,0,,0,2,0,-3,4.0,0.0,0.5,0.5,0.0,0.25,0.25,0.0,0.0,0.25,0.0,6.0,3.4641016151377544,2.6666666666666665,1.3333333333333333,2.0,0.0,0.6666666666666666,0.0,0.0,0.0,1.0,1.6666666666666667,,0.6666666666666666,0.6666666666666666,,0.0,1.3333333333333333,0.6666666666666666,-1.6666666666666667,0.2666666666666666,0.4618802153517007,0.3333333333333333,0.2886751345948129,0.3999999999999999,0.1732050807568877,0.0,0.0,0.1666666666666666,0.1443375672974064,0.2666666666666666,0.0288675134594812,0.0666666666666666,0.1154700538379251,0.0,0.0,0.296,0.0796743371481683,5.6,4.33589667773576,3.2,0.8,1.6,0.0,0.4,0.0,0.0,0.0,1.2,1.6,,0.8,0.8,,0.0,0.8,0.8,-0.8,0.4,0.4618802153517006,0.25,0.2886751345948128,0.35,0.1732050807568877,0.0,0.0,0.125,0.1443375672974064,0.275,0.0288675134594812,0.1,0.1154700538379251,0.0,0.0,0.319,0.0796743371481683,5.8,4.022160834399563,2.6,0.4,1.2,0.2,0.6,0.0,0.0,0.4,1.0,1.8,,0.4,0.4,,0.0,0.4,0.6,-1.0,0.45,0.4869731585445517,0.125,0.2314550249431378,0.25,0.1603567451474546,0.05,0.0925820099772551,0.1375,0.1026436275942851,0.3125,0.0582482372510717,0.05,0.0925820099772551,0.05,0.0925820099772551,0.3845,0.0951435006413244,8.0,2.44,1.06,1.7,0.04,0.176,0.144,0.48,5.2,3.5,4.14,2.76,0.3199999999999999,2.44,1.06,1.7,0.04,5.2,0.176,0.144,0.48,,,,,,,,,,
4565510,Nyla Harris,WSH,2026-07-06,0.0,72.0,0.0,0.0,3.0,4,2,0,0,0,0,0,0,2,2,,0,0,,2,0,2,1,11.0,0.3636363636363636,0.1818181818181818,0.0,0.0,0.0,0.1818181818181818,0.0,0.0,0.1818181818181818,0.0,11.0,0.0,4.0,2.0,0.0,0.0,0.0,0.0,0.0,0.0,2.0,2.0,,0.0,0.0,,2.0,0.0,2.0,1.0,0.3636363636363636,0.0,0.1818181818181818,0.0,0.0,0.0,0.0,0.0,0.0,0.0,0.1818181818181818,0.0,0.0,0.0,0.0,0.0,0.1818181818181818,0.0,11.0,0.0,4.0,2.0,0.0,0.0,0.0,0.0,0.0,0.0,2.0,2.0,,0.0,0.0,,2.0,0.0,2.0,1.0,0.3636363636363636,0.0,0.1818181818181818,0.0,0.0,0.0,0.0,0.0,0.0,0.0,0.1818181818181818,0.0,0.0,0.0,0.0,0.0,0.1818181818181818,0.0,11.0,0.0,4.0,2.0,0.0,0.0,0.0,0.0,0.0,0.0,2.0,2.0,,0.0,0.0,,2.0,0.0,2.0,1.0,0.3636363636363636,0.0,0.1818181818181818,0.0,0.0,0.0,0.0,0.0,0.0,0.0,0.1818181818181818,0.0,0.0,0.0,0.0,0.0,0.1818181818181818,0.0,11.0,4.0,2.0,0.0,0.0,0.242,0.1979999999999999,0.6599999999999999,6.0,6.0,4.0,2.0,0.4399999999999999,4.0,2.0,0.0,0.0,6.0,0.242,0.1979999999999999,0.6599999999999999,GSV,True,1.0,1.0,1.0,1.0,1.5,1.0,1.0,1.0
4583144,Cotie McMahon,WSH,2026-07-06,0.0,43.0,0.0,0.0,13.0,2,2,1,0,1,1,0,0,0,3,,2,2,,2,0,4,-8,16.0,0.125,0.125,0.0625,0.0,0.0625,0.1875,0.125,0.0,0.2425,0.0,17.666666666666668,2.886751345948128,3.6666666666666665,1.6666666666666667,1.0,0.3333333333333333,1.3333333333333333,0.6666666666666666,0.0,1.3333333333333333,0.6666666666666666,3.0,,2.0,2.0,,1.3333333333333333,0.3333333333333333,3.6666666666666665,-13.0,0.1944444444444444,0.120281306081172,0.0992063492063492,0.0446759136872924,0.0575396825396825,0.0085915218629408,0.0158730158730158,0.0274928699614107,0.0734126984126984,0.0189013480984698,0.1726190476190476,0.0257745655888225,0.115079365079365,0.0171830437258817,0.0634920634920634,0.109971479845643,0.2867460317460317,0.0766363750174324,20.8,5.718391382198322,6.2,2.2,1.2,0.8,2.0,0.4,0.0,1.8,1.8,4.8,,1.8,2.0,,0.8,1.4,3.6,-15.0,0.27,0.1385189517719507,0.1023809523809523,0.0528053693243258,0.0573809523809523,0.0090722565551392,0.0323809523809523,0.0305653457826308,0.0897619047619047,0.0293465058163338,0.2121428571428571,0.1073613842903242,0.1014285714285714,0.024475796735762,0.0828571428571428,0.0991803140440558,0.3396285714285715,0.0955802908909714,18.8,11.14350832448102,6.2,1.8,1.0,0.6,1.4,0.6,0.0,1.0,1.8,4.4,,2.0,2.6,,0.4,1.4,3.0,-6.8,0.30625,0.120081817346103,0.0940806878306878,0.0576625411848341,0.0534556878306878,0.0126487493143973,0.0285714285714285,0.0313811227065871,0.0727678571428571,0.0523004464053748,0.2196263227513227,0.1128455334693771,0.1365410052910053,0.0788874754447686,0.0559523809523809,0.0842947456631816,0.335656746031746,0.0952725590279032,18.74,4.8100000000000005,1.93,1.0699999999999998,0.4999999999999999,0.4122799999999999,0.3373199999999999,1.1243999999999998,7.8100000000000005,6.74,5.880000000000001,3.0,0.7495999999999998,4.8100000000000005,1.93,1.0699999999999998,0.4999999999999999,7.81,0.4122799999999999,0.3373199999999999,1.1243999999999998,GSV,True,1.2025,1.0,1.0,1.0,1.9525,1.0,1.0,1.0
4682992,Christeen Iwuala,WSH,2026-07-06,0.0,64.0,0.0,0.0,5.0,2,1,1,0,0,0,0,0,1,3,,0,0,,1,0,1,2,3.0,0.6666666666666666,0.3333333333333333,0.3333333333333333,0.0,0.0,1.0,0.0,0.0,1.0,0.0,4.333333333333333,2.309401076758504,2.333333333333333,1.6666666666666667,0.6666666666666666,0.0,0.0,0.3333333333333333,0.0,0.3333333333333333,1.0,3.333333333333333,,0.3333333333333333,0.6666666666666666,,0.6666666666666666,1.0,1.0,2.0,0.5873015873015873,0.1374643498070537,0.365079365079365,0.0549857399228215,0.2222222222222222,0.1924500897298752,0.0,0.0,0.0,0.0,0.8571428571428571,0.2474358296526967,0.0952380952380952,0.1649572197684645,0.0476190476190476,0.0824786098842322,0.9466666666666668,0.0923760430703401,5.0,2.309401076758503,2.5,2.0,0.5,0.0,0.0,0.5,0.0,0.5,1.0,3.5,,0.5,1.0,,0.5,1.5,1.0,2.0,0.5476190476190476,0.1374643498070537,0.3809523809523809,0.0549857399228215,0.1666666666666666,0.1924500897298752,0.0,0.0,0.0,0.0,0.7857142857142857,0.2474358296526967,0.1428571428571428,0.1649572197684644,0.0714285714285714,0.0824786098842322,0.92,0.0923760430703401,5.0,2.309401076758503,2.5,2.0,0.5,0.0,0.0,0.5,0.0,0.5,1.0,3.5,,0.5,1.0,,0.5,1.5,1.0,2.0,0.5476190476190476,0.1374643498070537,0.3809523809523809,0.0549857399228215,0.1666666666666666,0.1924500897298752,0.0,0.0,0.0,0.0,0.7857142857142857,0.2474358296526967,0.1428571428571428,0.1649572197684644,0.0714285714285714,0.0824786098842322,0.92,0.0923760430703401,8.0,2.375,1.75,0.6249999999999999,0.0,0.176,0.144,0.48,4.75,4.125,3.0,2.375,0.3199999999999999,2.375,1.75,0.6249999999999999,0.0,4.75,0.176,0.144,0.48,,,,,,,,,,
4704180,Georgia Amoore,WSH,2026-07-06,0.0,43.0,0.0,0.0,15.0,13,2,6,1,7,0,2,4,2,9,,8,8,,0,2,6,-13,26.0,0.5,0.0769230769230769,0.2307692307692307,0.0384615384615384,0.2692307692307692,0.3461538461538461,0.3076923076923077,0.1538461538461538,0.6353846153846153,0.0,25.33333333333333,1.154700538379251,9.666666666666666,1.6666666666666667,5.0,1.0,6.0,0.0,1.3333333333333333,3.333333333333333,1.6666666666666667,8.0,,5.333333333333333,5.333333333333333,,0.0,1.6666666666666667,4.333333333333333,-14.666666666666666,0.375,0.2165063509461096,0.0651709401709401,0.0203552979521983,0.1955128205128205,0.061065893856595,0.0395299145299145,0.001850481632018,0.235042735042735,0.059215412224577,0.3141025641025641,0.0555144489605409,0.2051282051282051,0.177646236673731,0.1303418803418803,0.0407105959043967,0.5347008547008546,0.1743893890013792,24.8,1.0954451150103326,7.8,1.2,4.4,1.0,4.8,0.0,0.8,2.8,1.6,6.6,,3.6,3.6,,0.0,1.2,3.4,-9.8,0.3083333333333333,0.1877313387678135,0.0474358974358974,0.0318422671974866,0.1756410256410256,0.0531220389204556,0.0403846153846153,0.0017555210176447,0.191025641025641,0.0790829257091853,0.2634615384615384,0.091118136465247,0.1397435897435897,0.157044740837091,0.1115384615384615,0.0386214623881848,0.4364871794871795,0.1851142565240231,23.0,2.309401076758503,7.2,1.4,4.6,1.2,4.8,0.6,0.4,2.8,2.0,7.0,,2.0,2.0,,0.0,1.4,2.8,-1.2,0.31,0.1258796211161507,0.0632417582417582,0.0525425640008489,0.2011538461538461,0.0788162104678209,0.0538827838827838,0.0245053910821534,0.2119413919413919,0.0959083362972309,0.3104212454212454,0.1190382326220382,0.0782051282051282,0.1256439327531572,0.1236263736263736,0.0758766548173925,0.4684578754578754,0.1833389602613997,24.78,9.02,1.5,4.859999999999999,1.04,0.54516,0.44604,1.4868,15.379999999999999,10.52,13.88,6.359999999999999,0.9912,9.02,1.5,4.859999999999999,1.04,15.38,0.54516,0.44604,1.4868,GSV,True,2.255,1.0,1.215,1.0,3.845,1.0,1.0,1.0
4898384,Kiki Iriafen,WSH,2026-07-06,0.0,43.0,0.0,0.0,15.0,13,4,0,1,1,2,1,0,4,8,,4,6,,1,3,2,-10,26.0,0.5,0.1538461538461538,0.0,0.0384615384615384,0.0384615384615384,0.3076923076923077,0.2307692307692307,0.0,0.4092307692307692,0.0,26.0,0.0,11.666666666666666,6.0,0.6666666666666666,1.0,1.0,1.6666666666666667,0.6666666666666666,0.6666666666666666,3.333333333333333,7.333333333333333,,4.0,6.0,,1.3333333333333333,4.666666666666667,2.0,-10.666666666666666,0.4487179487179487,0.0888231183368655,0.2307692307692308,0.1332346775052982,0.0256410256410256,0.0444115591684327,0.0384615384615384,0.0,0.0384615384615384,0.0,0.2820512820512821,0.0444115591684327,0.2307692307692307,0.0,0.0256410256410256,0.0444115591684327,0.4092307692307692,0.0,28.0,4.472135954999579,13.8,8.2,1.2,1.0,1.0,1.4,0.6,2.0,4.6,9.0,,3.6,5.6,,2.0,6.2,2.2,-6.8,0.4773504273504273,0.1436844671283017,0.2876068376068376,0.1224826882145607,0.0418803418803418,0.0392139136648015,0.0363247863247863,0.0047779230288457,0.0363247863247863,0.0047779230288456,0.3098290598290598,0.0985920683338404,0.2068376068376068,0.0535127379230718,0.0641025641025641,0.0690405744504423,0.4649401709401709,0.1245700092080652,28.8,3.9101008796307135,15.8,11.0,1.8,0.6,1.2,1.0,0.6,2.4,5.8,10.6,,3.6,5.4,,3.4,7.6,3.4,-1.4,0.5366910866910867,0.1533090632813802,0.3799145299145299,0.1418353498765834,0.0622100122100122,0.0372224068527783,0.0209401709401709,0.0184856161794966,0.0423687423687423,0.0158617933047534,0.3592796092796093,0.0993212342107933,0.1931013431013431,0.0583515675874048,0.0772893772893772,0.0558386165954985,0.5215335775335775,0.1270293081493695,27.26,13.44,7.47,0.98,0.92,0.59972,0.49068,1.6356,21.89,20.91,14.42,8.45,1.0904,13.44,7.47,0.98,0.92,21.89,0.59972,0.49068,1.6356,GSV,True,3.36,1.8675,1.0,1.0,5.4725,1.0,1.0,1.0
5105737,Lauren Betts,WSH,2026-07-06,0.0,43.0,0.0,0.0,15.0,6,3,0,0,0,0,0,2,2,4,,2,4,,1,2,2,-7,13.0,0.4615384615384615,0.2307692307692307,0.0,0.0,0.0,0.3076923076923077,0.3076923076923077,0.1538461538461538,0.5969230769230769,0.0,13.666666666666666,1.1547005383792517,7.666666666666667,3.0,0.0,0.0,0.0,0.0,0.0,1.3333333333333333,3.0,5.0,,1.6666666666666667,3.0,,0.6666666666666666,2.333333333333333,1.6666666666666667,-7.0,0.5521367521367521,0.1569208423951289,0.2205128205128205,0.0177646236673731,0.0,0.0,0.0,0.0,0.0,0.0,0.3606837606837607,0.0917838889480943,0.2273504273504273,0.1391562187277559,0.1025641025641025,0.0888231183368655,0.5632820512820512,0.0582679656289837,14.0,0.9999999999999992,7.6,2.8,0.0,0.0,0.0,0.0,0.0,1.0,3.0,4.8,,1.6,2.4,,0.8,2.0,2.0,-6.6,0.5350915750915751,0.1946848369194723,0.2008791208791208,0.0358989309698383,0.0,0.0,0.0,0.0,0.0,0.0,0.3383150183150183,0.135118071662751,0.1783150183150183,0.1221320349015809,0.0758241758241758,0.0769623133841456,0.4925978021978022,0.1305866658022633,14.4,2.1705094128133053,5.6,3.0,0.4,0.0,0.0,0.0,0.2,0.6,2.2,4.8,,1.2,1.8,,1.4,1.6,1.8,-7.2,0.3738949938949939,0.2515178005279322,0.2202808302808303,0.112547442157149,0.0277777777777777,0.037037037037037,0.0,0.0,0.0,0.0,0.3278876678876679,0.1131906577460047,0.1256654456654456,0.1084372032956695,0.045054945054945,0.0643271836440005,0.428235409035409,0.1201609930210852,13.83,6.98,2.93,0.08,0.0,0.30426,0.24894,0.8298,9.99,9.91,7.06,3.01,0.5531999999999999,6.98,2.93,0.08,0.0,9.99,0.30426,0.24894,0.8298,GSV,True,1.745,1.0,1.0,1.0,2.4975,1.0,1.0,1.0
5106145,Darianna Littlepage-Buggs,WSH,2026-07-06,0.0,57.0,0.0,0.0,7.0,0,0,0,0,0,0,0,0,0,0,,0,0,,0,0,0,0,0.0,,,,,,,,,,0.0,4.666666666666667,8.08290376865476,1.6666666666666667,0.6666666666666666,0.3333333333333333,0.3333333333333333,0.3333333333333333,0.0,0.3333333333333333,0.3333333333333333,0.6666666666666666,1.0,,0.0,0.0,,0.0,0.6666666666666666,0.0,1.3333333333333333,0.3571428571428571,,0.1428571428571428,,0.0714285714285714,,0.0714285714285714,,0.0714285714285714,,0.2142857142857142,,0.0,,0.0714285714285714,,0.2857142857142857,,7.6,7.127411872482185,3.0,1.4,0.4,0.4,0.6,0.0,0.4,0.6,1.0,1.8,,0.6,0.8,,0.2,1.2,0.0,1.2,0.4047619047619048,0.0824786098842322,0.1952380952380952,0.0907264708726554,0.0476190476190476,0.0412393049421161,0.0476190476190476,0.0412393049421161,0.0809523809523809,0.0164957219768464,0.2428571428571428,0.0494871659305393,0.1333333333333333,0.2309401076758503,0.0809523809523809,0.0164957219768464,0.3824761904761904,0.1675965352847599,8.0,6.44980619863884,3.333333333333333,1.6666666666666667,0.3333333333333333,0.3333333333333333,0.6666666666666666,0.0,0.3333333333333333,0.6666666666666666,1.0,2.0,,1.0,1.3333333333333333,,0.3333333333333333,1.3333333333333333,0.0,0.6666666666666666,0.4285714285714286,0.0824786098842322,0.2214285714285714,0.0907264708726554,0.0357142857142857,0.0412393049421161,0.0357142857142857,0.0412393049421161,0.0857142857142857,0.0164957219768464,0.2571428571428571,0.0494871659305393,0.2,0.2309401076758503,0.0857142857142857,0.0164957219768464,0.4308571428571428,0.1675965352847599,8.0,2.216666666666667,1.0233333333333334,0.3066666666666666,0.3066666666666666,0.176,0.144,0.48,3.546666666666667,3.24,2.523333333333333,1.33,0.3199999999999999,2.216666666666667,1.0233333333333334,0.3066666666666666,0.3066666666666666,3.546666666666667,0.176,0.144,0.48,,,,,,,,,,
5122345,Cassandre Prosper,WSH,2026-07-06,0.0,43.0,0.0,0.0,15.0,2,0,2,0,3,0,0,1,1,8,,0,0,,0,0,2,-8,22.0,0.0909090909090909,0.0,0.0909090909090909,0.0,0.1363636363636363,0.3636363636363636,0.0,0.0454545454545454,0.4090909090909091,0.0,23.0,1.7320508075688772,3.333333333333333,0.0,2.333333333333333,0.3333333333333333,2.6666666666666665,0.0,0.0,0.6666666666666666,1.3333333333333333,6.666666666666667,,0.3333333333333333,0.6666666666666666,,0.0,0.0,2.0,-10.0,0.1406060606060606,0.0860776764973624,0.0,0.0,0.1006060606060606,0.0167956441946073,0.0133333333333333,0.023094010767585,0.1175757575757575,0.0325415606270516,0.2957575757575757,0.117569509362251,0.0266666666666666,0.04618802153517,0.0303030303030303,0.0262431940540739,0.3377939393939393,0.1234899739408501,23.8,1.6431676725154982,3.6,0.8,2.0,0.4,2.4,0.0,0.2,1.2,1.4,6.0,,0.4,0.8,,0.0,0.8,2.8,-7.2,0.1483636363636363,0.0837706431941227,0.032,0.0715541752799931,0.0843636363636363,0.0493528365885775,0.016,0.0219089023002066,0.1025454545454545,0.030871635059382,0.2574545454545455,0.1022846457701769,0.032,0.0438178046004132,0.0501818181818181,0.06546212077376,0.3217163636363636,0.1155527267577751,23.8,3.224903099319421,4.0,1.6,1.4,0.2,2.2,0.4,0.2,1.2,1.8,6.4,,0.2,0.4,,0.8,0.8,4.4,-3.6,0.1603773069036226,0.0899049441636618,0.0639548872180451,0.0656565761178969,0.0632344497607655,0.0552807321007072,0.008,0.0168654808542313,0.0979945317840054,0.0461559148755632,0.2696445659603554,0.0737244860452669,0.016,0.0337309617084627,0.0516172248803827,0.061670286890514,0.3283017908407382,0.0810862377349097,23.290000000000003,3.3600000000000003,0.6000000000000001,1.98,0.28,0.5123800000000001,0.41922,1.3974000000000002,5.94,3.96,5.34,2.58,0.9316,3.3600000000000003,0.6000000000000001,1.98,0.28,5.94,0.5123800000000001,0.41922,1.3974000000000002,GSV,True,1.0,1.0,1.0,1.0,1.485,1.0,1.0,1.0
5278157,Alex Wilson,WSH,2026-07-06,0.0,43.0,0.0,0.0,13.0,0,0,0,0,0,0,0,0,0,0,,0,0,,0,0,0,0,0.0,,,,,,,,,,0.0,2.6666666666666665,4.618802153517007,0.6666666666666666,0.0,0.0,0.0,0.0,0.0,0.0,0.0,0.0,0.0,,0.6666666666666666,1.0,,0.0,0.0,0.0,-3.0,0.25,,0.0,,0.0,,0.0,,0.0,,0.0,,0.375,,0.0,,0.165,,5.0,4.582575694955841,1.4,0.2,0.0,0.2,0.6,0.0,0.2,0.0,0.2,0.6,,0.8,1.2,,0.0,0.2,0.0,-5.0,0.2777777777777777,0.0481125224324687,0.037037037037037,0.0641500299099585,0.0,0.0,0.037037037037037,0.0641500299099584,0.111111111111111,0.1924500897298752,0.111111111111111,0.1924500897298751,0.25,0.2165063509461096,0.0,0.0,0.2211111111111111,0.0971872953135871,11.6,8.656404180335697,2.4,1.4,0.6,0.4,2.2,0.0,0.2,0.4,0.8,3.0,,0.4,0.6,,1.0,0.4,1.4,-4.0,0.227328431372549,0.0830522322698208,0.0988562091503268,0.0651900230965659,0.0355392156862745,0.0391061144306434,0.0381944444444444,0.0485401977092264,0.1752450980392156,0.1358660727269329,0.2212009803921568,0.1578050195810516,0.09375,0.1735912687073534,0.0208333333333333,0.0385758374905229,0.2832843137254902,0.1293361229576181,8.0,1.17,0.35,0.12,0.15,0.176,0.144,0.48,1.6400000000000001,1.52,1.29,0.47,0.3199999999999999,1.17,0.35,0.12,0.15,1.64,0.176,0.144,0.48,,,,,,,,,,
5349415,Alicia Florez Getino,WSH,2026-07-06,0.0,57.0,0.0,0.0,3.0,0,0,0,0,0,0,0,0,0,0,,0,0,,0,0,0,0,0.0,,,,,,,,,,0.0,0.0,0.0,0.0,0.0,0.0,0.0,0.0,0.0,0.0,0.0,0.0,0.0,,0.0,0.0,,0.0,0.0,0.0,0.0,,,,,,,,,,,,,,,,,,,0.0,0.0,0.0,0.0,0.0,0.0,0.0,0.0,0.0,0.0,0.0,0.0,,0.0,0.0,,0.0,0.0,0.0,0.0,,,,,,,,,,,,,,,,,,,0.0,0.0,0.0,0.0,0.0,0.0,0.0,0.0,0.0,0.0,0.0,0.0,,0.0,0.0,,0.0,0.0,0.0,0.0,,,,,,,,,,,,,,,,,,,8.0,0.0,0.0,0.0,0.0,0.176,0.144,0.48,0.0,0.0,0.0,0.0,0.3199999999999999,0.0,0.0,0.0,0.0,0.0,0.176,0.144,0.48,,,,,,,,,,
