player_id,player_name,team,asof_date,is_home,days_rest,games_last7,games_last14,season_game_number,lag1_pts,lag1_reb,lag1_ast,lag1_threes,lag1_fg3a,lag1_stl,lag1_blk,lag1_tov,lag1_fgm,lag1_fga,lag1_fg_pct,lag1_ftm,lag1_fta,lag1_ft_pct,lag1_oreb,lag1_dreb,lag1_pf,lag1_plus_minus,lag1_min,lag1_pts_per_min,lag1_reb_per_min,lag1_ast_per_min,lag1_fg3m_per_min,lag1_fg3a_per_min,lag1_fga_per_min,lag1_fta_per_min,lag1_tov_per_min,lag1_usage_per_min,b2b,roll3_min,roll3_min_std,roll3_pts,roll3_reb,roll3_ast,roll3_threes,roll3_fg3a,roll3_stl,roll3_blk,roll3_tov,roll3_fgm,roll3_fga,roll3_fg_pct,roll3_ftm,roll3_fta,roll3_ft_pct,roll3_oreb,roll3_dreb,roll3_pf,roll3_plus_minus,roll3_pts_per_min,roll3_pts_per_min_std,roll3_reb_per_min,roll3_reb_per_min_std,roll3_ast_per_min,roll3_ast_per_min_std,roll3_fg3m_per_min,roll3_fg3m_per_min_std,roll3_fg3a_per_min,roll3_fg3a_per_min_std,roll3_fga_per_min,roll3_fga_per_min_std,roll3_fta_per_min,roll3_fta_per_min_std,roll3_tov_per_min,roll3_tov_per_min_std,roll3_usage_per_min,roll3_usage_per_min_std,roll5_min,roll5_min_std,roll5_pts,roll5_reb,roll5_ast,roll5_threes,roll5_fg3a,roll5_stl,roll5_blk,roll5_tov,roll5_fgm,roll5_fga,roll5_fg_pct,roll5_ftm,roll5_fta,roll5_ft_pct,roll5_oreb,roll5_dreb,roll5_pf,roll5_plus_minus,roll5_pts_per_min,roll5_pts_per_min_std,roll5_reb_per_min,roll5_reb_per_min_std,roll5_ast_per_min,roll5_ast_per_min_std,roll5_fg3m_per_min,roll5_fg3m_per_min_std,roll5_fg3a_per_min,roll5_fg3a_per_min_std,roll5_fga_per_min,roll5_fga_per_min_std,roll5_fta_per_min,roll5_fta_per_min_std,roll5_tov_per_min,roll5_tov_per_min_std,roll5_usage_per_min,roll5_usage_per_min_std,roll10_min,roll10_min_std,roll10_pts,roll10_reb,roll10_ast,roll10_threes,roll10_fg3a,roll10_stl,roll10_blk,roll10_tov,roll10_fgm,roll10_fga,roll10_fg_pct,roll10_ftm,roll10_fta,roll10_ft_pct,roll10_oreb,roll10_dreb,roll10_pf,roll10_plus_minus,roll10_pts_per_min,roll10_pts_per_min_std,roll10_reb_per_min,roll10_reb_per_min_std,roll10_ast_per_min,roll10_ast_per_min_std,roll10_fg3m_per_min,roll10_fg3m_per_min_std,roll10_fg3a_per_min,roll10_fg3a_per_min_std,roll10_fga_per_min,roll10_fga_per_min_std,roll10_fta_per_min,roll10_fta_per_min_std,roll10_tov_per_min,roll10_tov_per_min_std,roll10_usage_per_min,roll10_usage_per_min_std,pred_min,pred_pts,pred_reb,pred_ast,pred_threes,pred_stl,pred_blk,pred_tov,pred_pra,pred_pr,pred_pa,pred_ra,pred_stocks,mean_pts,mean_reb,mean_ast,mean_threes,mean_pra,mean_stl,mean_blk,mean_tov
924,Alysha Clark,DAL,2026-06-25,0.0,32.0,0.0,0.0,10.0,0,0,0,0,0,0,0,0,0,0,,0,0,,0,0,0,0,0.0,,,,,,,,,,0.0,1.3333333333333333,2.3094010767585025,0.0,0.0,0.0,0.0,0.3333333333333333,0.0,0.3333333333333333,0.3333333333333333,0.0,0.3333333333333333,,0.0,0.0,,0.0,0.0,0.0,0.0,0.0,,0.0,,0.0,,0.0,,0.25,,0.25,,0.0,,0.25,,0.5,,2.8,2.9495762407505244,0.6,0.2,0.0,0.2,0.6,0.2,0.2,0.2,0.2,0.6,,0.0,0.0,,0.2,0.0,0.0,-1.4,0.1428571428571428,0.2474358296526968,0.0476190476190476,0.0824786098842322,0.0,0.0,0.0476190476190476,0.0824786098842322,0.1785714285714285,0.1556749622693097,0.1785714285714286,0.1556749622693097,0.0,0.0,0.0833333333333333,0.1443375672974064,0.2619047619047619,0.2508488988774461,6.333333333333333,6.103277807866851,1.5555555555555556,1.2222222222222223,0.2222222222222222,0.2222222222222222,0.5555555555555556,0.4444444444444444,0.1111111111111111,0.4444444444444444,0.5555555555555556,1.0,,0.2222222222222222,0.3333333333333333,,0.2222222222222222,1.0,1.0,0.7777777777777778,0.2363945578231292,0.2847560461709352,0.1740362811791383,0.1573422885304428,0.028344671201814,0.0545750863789512,0.0561224489795918,0.1007141650985913,0.1224489795918367,0.1334031644152271,0.1564625850340136,0.1179369962420803,0.0238095238095238,0.0629940788348712,0.1122448979591836,0.1404992486552577,0.2791836734693877,0.1805864542099448,8.0,0.5211111111111111,0.3144444444444444,0.0444444444444444,0.1144444444444444,0.176,0.144,0.48,0.88,0.8355555555555556,0.5655555555555555,0.3588888888888889,0.3199999999999999,0.5211111111111111,0.3144444444444444,0.0444444444444444,0.1144444444444444,0.88,0.176,0.144,0.48
1068,Nneka Ogwumike,LAS,2026-06-25,0.0,35.0,0.0,0.0,8.0,12,6,2,2,2,1,0,1,5,11,,0,0,,1,5,0,6,31.0,0.3870967741935484,0.1935483870967742,0.064516129032258,0.064516129032258,0.064516129032258,0.3548387096774194,0.0,0.032258064516129,0.3870967741935484,0.0,31.33333333333333,0.5773502691896093,16.333333333333332,6.0,2.6666666666666665,1.6666666666666667,2.333333333333333,0.6666666666666666,0.0,1.6666666666666667,6.333333333333333,10.666666666666666,,2.0,2.333333333333333,,0.3333333333333333,5.666666666666667,2.0,3.333333333333333,0.5201612903225806,0.1214372608578676,0.1918682795698924,0.0348086492300541,0.085013440860215,0.0178154786852306,0.0534274193548387,0.019206208551671,0.0745967741935483,0.0192326451898578,0.3403897849462365,0.016389446771851,0.074260752688172,0.066687359940945,0.0530913978494623,0.0180703355641784,0.4261559139784946,0.0338748397684401,31.8,0.8366600265340906,15.6,6.6,2.0,1.8,2.8,1.2,0.2,2.0,5.8,10.4,,2.2,2.6,,1.2,5.4,1.8,-3.0,0.4897482893450635,0.1333073722264075,0.206977028347996,0.0610482800199451,0.0631292766373411,0.0389332912834999,0.0564882697947214,0.0254343591354545,0.0875610948191593,0.0386076091957852,0.3263929618768328,0.1078154093259467,0.0816776637341153,0.0533391904187185,0.0627260508308895,0.0217860818507052,0.425057184750733,0.0870997835859527,25.571428571428573,12.12239171749457,13.571428571428571,5.285714285714286,2.142857142857143,1.5714285714285714,2.4285714285714284,1.0,0.1428571428571428,1.4285714285714286,4.857142857142857,8.714285714285714,,2.2857142857142856,2.857142857142857,,1.1428571428571428,4.142857142857143,1.5714285714285714,0.8571428571428571,0.5497902411208863,0.1893327764287771,0.2058141902899967,0.0546774830145801,0.0942743971977843,0.083861505737018,0.0637402248289345,0.0288629591451486,0.0979675790159661,0.042920944424394,0.3469941348973607,0.1088383203170074,0.1263980531117627,0.1194802692671466,0.0522717090257412,0.0321786616470872,0.4548809872922776,0.1067981883217035,30.29428571428571,14.874285714285715,6.067142857142857,2.2285714285714286,1.7442857142857144,0.6664742857142856,0.5452971428571427,1.8176571428571424,23.17,20.94142857142857,17.102857142857143,8.295714285714286,1.2117714285714285,14.874285714285715,6.067142857142857,2.2285714285714286,1.7442857142857144,23.17,0.6664742857142856,0.5452971428571427,1.8176571428571424
2284331,Emma Cannon,LAS,2026-06-25,0.0,33.0,0.0,0.0,9.0,0,0,0,0,0,0,0,0,0,0,,0,0,,0,0,1,1,1.0,0.0,0.0,0.0,0.0,0.0,0.0,0.0,0.0,0.0,0.0,0.3333333333333333,0.5773502691896192,0.0,0.0,0.0,0.0,0.0,0.0,0.0,0.0,0.0,0.0,,0.0,0.0,,0.0,0.0,0.3333333333333333,0.3333333333333333,0.0,,0.0,,0.0,,0.0,,0.0,,0.0,,0.0,,0.0,,0.0,,0.2,0.4472135954999579,0.0,0.0,0.0,0.0,0.0,0.0,0.0,0.0,0.0,0.0,,0.0,0.0,,0.0,0.0,0.2,0.2,0.0,,0.0,,0.0,,0.0,,0.0,,0.0,,0.0,,0.0,,0.0,,2.625,4.033343171967536,1.25,0.375,0.125,0.25,0.5,0.0,0.0,0.375,0.25,0.625,,0.5,0.5,,0.0,0.375,0.625,0.375,0.56875,0.6472296732999809,0.08125,0.098689327352725,0.03125,0.0625,0.15625,0.2366211810750114,0.2125,0.2174664725116648,0.2375,0.2056493779875511,0.1,0.2,0.275,0.4856267428111155,0.5565,0.6583583117624221,8.0,0.25,0.075,0.025,0.05,0.176,0.144,0.48,0.35,0.325,0.275,0.1,0.3199999999999999,0.25,0.075,0.025,0.05,0.35,0.176,0.144,0.48
2327695,Rebekah Gardner,NYL,2026-06-25,0.0,32.0,0.0,0.0,9.0,4,1,0,0,0,0,0,1,2,2,,0,0,,0,1,0,-8,16.0,0.25,0.0625,0.0,0.0,0.0,0.125,0.0,0.0625,0.1875,0.0,18.33333333333333,2.081665999466131,10.0,2.6666666666666665,1.6666666666666667,1.0,2.0,0.0,0.3333333333333333,1.0,3.333333333333333,4.666666666666667,,2.333333333333333,2.6666666666666665,,0.3333333333333333,2.333333333333333,0.6666666666666666,-4.333333333333333,0.5271929824561403,0.2424815915755274,0.1392543859649122,0.0982629899264672,0.0833333333333333,0.1443375672974064,0.0508771929824561,0.0500230786995903,0.1017543859649122,0.1000461573991807,0.2460526315789473,0.1134711087492125,0.1368421052631579,0.1186255544166804,0.0550438596491228,0.0065899031584722,0.3613070175438597,0.1556915595871694,20.4,3.3615472627943217,9.4,2.6,2.2,1.0,2.0,0.0,0.2,0.8,3.4,4.6,,1.6,1.8,,0.6,2.0,0.8,-1.4,0.4610430622009569,0.1939199871722247,0.1257344497607655,0.072638292134172,0.1023636363636363,0.1113174301173625,0.0487081339712918,0.0478856302495431,0.0963253588516746,0.0788709387904805,0.2239952153110048,0.0859733191037767,0.0901052631578947,0.1064501495960925,0.0410263157894736,0.0242926952302795,0.3046678468899522,0.1373054376468388,21.0,2.725540575476988,9.125,3.125,1.75,0.75,1.75,0.25,0.125,0.875,3.0,4.625,,2.375,2.625,,0.875,2.25,1.5,2.75,0.4373731636403261,0.16589403533874,0.1453071630410017,0.0919554988267745,0.0813168172407302,0.0925967502231301,0.0363949646844383,0.0426034404605064,0.0837423103212576,0.0733362669942244,0.2206717695919641,0.0881888757696908,0.1235565197578927,0.1027984832596484,0.0429574646844383,0.0305792166386569,0.3179941029698753,0.1247151894119575,19.24,8.715,2.485,1.62,0.7999999999999999,0.4232799999999999,0.3463199999999999,1.1544,12.82,11.2,10.335,4.105,0.7695999999999998,8.715,2.485,1.62,0.7999999999999999,12.82,0.4232799999999999,0.3463199999999999,1.1544
2491214,Erica Wheeler,LAS,2026-06-25,0.0,33.0,0.0,0.0,9.0,10,7,6,2,3,2,0,2,4,7,,0,0,,0,7,2,15,34.0,0.2941176470588235,0.2058823529411764,0.1764705882352941,0.0588235294117647,0.088235294117647,0.2058823529411764,0.0,0.0588235294117647,0.2647058823529412,0.0,30.0,3.999999999999999,6.333333333333333,3.333333333333333,5.666666666666667,1.0,2.6666666666666665,1.0,0.3333333333333333,2.333333333333333,2.333333333333333,6.666666666666667,,0.6666666666666666,1.0,,0.3333333333333333,3.0,4.0,2.6666666666666665,0.206586224233283,0.0813376065575253,0.1036701860231272,0.0896346897904449,0.1878833584715937,0.040954137996748,0.0324283559577677,0.0298722508602388,0.0883861236802413,0.0115392008753751,0.2199095022624434,0.0740797366015252,0.0333333333333333,0.0577350269189625,0.0785822021116138,0.0206383127900363,0.3131583710407239,0.1145756212364402,28.8,5.357238094391547,6.2,2.6,5.6,1.0,2.6,1.2,0.2,2.0,2.2,6.0,,0.8,1.0,,0.2,2.4,3.6,5.4,0.2036054141936494,0.0933903802651623,0.0838471332588979,0.0691018037708163,0.1932494956024368,0.0308411333567796,0.0315782256958727,0.0301109217933179,0.0867979079743785,0.0273550487688511,0.2098677792795439,0.0622092074163866,0.0321212121212121,0.0461363014379836,0.0653311394487865,0.0396895492456886,0.2893322520616638,0.0880243451632852,23.5,8.569047288267898,5.375,1.75,4.75,0.875,3.0,1.25,0.125,1.5,1.875,5.875,,0.75,0.875,,0.25,1.5,3.0,3.25,0.2426574242750713,0.1473961245774266,0.0593489027312556,0.0645423754776134,0.2087859852565735,0.1169376435993452,0.0424636637871932,0.0623872027139332,0.1527335409688351,0.1566456346481458,0.272707766090119,0.1793874359261331,0.0367424242424242,0.0543149893100829,0.0605289318524612,0.0397145614001613,0.3494033646092469,0.1606854351384602,28.88,6.6450000000000005,3.31,5.51,1.125,0.6353599999999999,0.51984,1.7328,15.465,9.955,12.155,8.82,1.1551999999999998,6.6450000000000005,3.31,5.51,1.125,15.465,0.6353599999999999,0.51984,1.7328
2529047,Odyssey Sims,DAL,2026-06-25,0.0,32.0,0.0,0.0,10.0,0,0,2,0,0,0,0,0,0,0,,0,0,,0,0,0,3,8.0,0.0,0.0,0.25,0.0,0.0,0.0,0.0,0.0,0.0,0.0,16.0,6.999999999999998,6.0,0.3333333333333333,3.333333333333333,0.3333333333333333,1.0,1.0,0.0,0.3333333333333333,2.333333333333333,4.0,,1.0,1.0,,0.0,0.3333333333333333,0.6666666666666666,5.333333333333333,0.2923976608187135,0.3407906967095547,0.0158730158730158,0.0274928699614107,0.2153299916457811,0.0500952813124615,0.0158730158730158,0.0274928699614107,0.0492898913951545,0.0477069057151854,0.200501253132832,0.1742891092803379,0.0476190476190476,0.0824786098842322,0.0158730158730158,0.0274928699614108,0.2373266499582289,0.2094254864774102,17.8,6.3796551630946325,5.8,0.4,3.4,0.4,1.2,1.0,0.0,1.2,2.2,4.6,,1.0,1.0,,0.0,0.4,1.2,3.0,0.2634385964912281,0.2895540983469208,0.0175238095238095,0.0241461911852124,0.2031979949874686,0.0603592670834998,0.0175238095238095,0.0241461911852125,0.0580739348370927,0.0363445950237415,0.2218007518796992,0.1350315028789352,0.0445714285714285,0.0649521016611786,0.0675238095238095,0.1043674391669961,0.3089359899749374,0.1782357607249553,18.77777777777778,5.696002496878354,7.777777777777778,0.8888888888888888,3.2222222222222223,0.6666666666666666,1.4444444444444444,0.8888888888888888,0.0,1.2222222222222223,3.111111111111111,5.666666666666667,,0.8888888888888888,1.1111111111111112,,0.1111111111111111,0.7777777777777778,1.8888888888888888,1.7777777777777777,0.3670301753082073,0.2765784819401606,0.0453355983790766,0.0643984125427407,0.1842769735561497,0.0691891258121866,0.0300578206012988,0.030516572165796,0.0665210080198638,0.0454894483601661,0.2732303817887341,0.1202927427559803,0.0523972323972324,0.064411102347085,0.0594381624816407,0.0866966806493306,0.3557233265251571,0.1643328038418327,15.985555555555557,5.385555555555555,0.4177777777777778,3.1344444444444446,0.3733333333333333,0.3516822222222222,0.28774,0.9591333333333334,8.937777777777777,5.803333333333333,8.52,3.5522222222222224,0.6394222222222222,5.385555555555555,0.4177777777777778,3.1344444444444446,0.3733333333333333,8.937777777777777,0.3516822222222222,0.28774,0.9591333333333334
2529122,Chelsea Gray,LVA,2026-06-25,0.0,33.0,0.0,0.0,9.0,12,2,7,0,5,1,2,3,6,14,,0,0,,0,2,3,-7,37.0,0.3243243243243243,0.054054054054054,0.1891891891891892,0.0,0.1351351351351351,0.3783783783783784,0.0,0.081081081081081,0.4594594594594595,0.0,33.666666666666664,3.055050463303898,15.0,4.666666666666667,7.666666666666667,2.6666666666666665,6.0,1.0,1.0,3.6666666666666665,6.0,11.333333333333334,,0.3333333333333333,0.3333333333333333,,0.0,4.666666666666667,1.3333333333333333,0.6666666666666666,0.4492615782938363,0.1650469030794343,0.1437918857273696,0.0861362765774373,0.2311960053895537,0.0792271874237209,0.0827631150211795,0.0767231583407937,0.1796165667133409,0.0559430652872344,0.3327080746435585,0.0929058881678862,0.010752688172043,0.0186242022319234,0.1110934981902723,0.043748580873593,0.4485327556295298,0.0428373232454469,31.8,3.962322551231789,13.6,4.6,6.8,2.6,5.2,0.8,0.8,3.8,5.4,10.2,,0.2,0.2,,0.0,4.6,1.6,8.4,0.4234031008224557,0.1467337178323969,0.1511789775902679,0.0784782127917952,0.2161214493875784,0.0652586567462335,0.0823501767050154,0.0622868718103825,0.1620968631049276,0.0484672390545795,0.3159709986322889,0.0712391994072797,0.0064516129032258,0.0144262450161276,0.1195407142987788,0.0511778041863977,0.4383504226084871,0.0638004532613849,28.75,5.391792704790176,12.25,3.875,6.125,2.0,4.625,0.875,1.0,3.25,4.625,9.25,,1.0,1.0,,0.25,3.625,1.375,3.25,0.4182464666335634,0.1576019453277114,0.1346804636875201,0.0740889897256337,0.216094424385755,0.0597419488829223,0.0674621264339006,0.0568876995428711,0.158549596679637,0.0467292019314275,0.3197461839094904,0.066670307595042,0.0364396654719235,0.0907375748915055,0.1123812966050869,0.04348498658768,0.4481609333222237,0.056433868699275,32.53,13.509999999999998,4.085,6.955,2.11,0.71566,0.58554,1.9518,24.55,17.595,20.465,11.04,1.3012,13.509999999999998,4.085,6.955,2.11,24.55,0.71566,0.58554,1.9518
2529183,Stefanie Dolson,SEA,2026-06-25,0.0,32.0,0.0,0.0,10.0,16,3,2,2,2,0,2,1,3,3,,8,8,,0,3,5,16,26.0,0.6153846153846154,0.1153846153846153,0.0769230769230769,0.0769230769230769,0.0769230769230769,0.1153846153846153,0.3076923076923077,0.0384615384615384,0.2892307692307692,0.0,26.33333333333333,1.527525231651954,8.0,3.333333333333333,2.6666666666666665,1.0,1.6666666666666667,0.3333333333333333,1.3333333333333333,1.3333333333333333,1.6666666666666667,3.333333333333333,,3.6666666666666665,4.0,,0.3333333333333333,3.0,3.333333333333333,14.666666666666666,0.3075091575091575,0.2706401400687176,0.1275091575091575,0.0284380516043636,0.1027838827838827,0.0496267110498332,0.0389743589743589,0.038471793504638,0.0627838827838827,0.0199217565412683,0.126080586080586,0.0147110532167058,0.1501831501831501,0.1539769198313824,0.0499633699633699,0.0186053183641827,0.2421245421245421,0.0713782860471973,26.2,3.033150177620621,9.2,3.6,2.0,1.0,2.0,0.6,1.4,1.4,2.8,4.8,,2.6,2.8,,0.2,3.4,3.6,6.6,0.3699600399600399,0.2805134937428789,0.1371115551115551,0.0263064995710996,0.075003663003663,0.0568680439795702,0.0415664335664335,0.0422574862482001,0.0782763902763902,0.0354355752489281,0.1883756243756243,0.1035933134870535,0.1082917082917082,0.1271924839215736,0.0572507492507492,0.0509610896434921,0.2932747252747252,0.1479968569854616,23.666666666666668,4.716990566028301,7.111111111111111,3.4444444444444446,1.4444444444444444,0.6666666666666666,1.7777777777777777,0.4444444444444444,1.0,1.2222222222222223,2.111111111111111,4.111111111111111,,2.2222222222222223,2.555555555555556,,0.5555555555555556,2.888888888888889,3.555555555555556,3.7777777777777777,0.3036374119707453,0.234782533448374,0.1441478069255847,0.0322182386116938,0.0540143806810473,0.0582573430491989,0.0272076894299116,0.0362129800773891,0.0754166306944084,0.0274308349907677,0.1791681158347825,0.0825180845033337,0.1103898673343117,0.1064179699262018,0.051500269278047,0.0414530372186853,0.2792399267399267,0.1109543546734906,25.703333333333333,9.442222222222222,3.398888888888889,2.088888888888889,1.0833333333333333,0.5654733333333333,0.4626599999999999,1.5422,14.93,12.841111111111111,11.53111111111111,5.487777777777778,1.0281333333333331,9.442222222222222,3.398888888888889,2.088888888888889,1.0833333333333333,14.93,0.5654733333333333,0.4626599999999999,1.5422
2529458,Cheyenne Parker-Tyus,LVA,2026-06-25,0.0,33.0,0.0,0.0,9.0,0,0,0,0,0,0,0,0,0,0,,0,0,,0,0,0,0,0.0,,,,,,,,,,0.0,7.666666666666667,7.094598884597588,2.0,1.0,0.3333333333333333,0.0,0.3333333333333333,0.0,1.0,0.3333333333333333,1.0,2.0,,0.0,0.0,,0.3333333333333333,0.6666666666666666,1.0,-4.0,0.2936507936507936,0.2132544260721334,0.1269841269841269,0.0224478343233834,0.0357142857142857,0.0505076272276105,0.0,0.0,0.0555555555555555,0.0785674201318386,0.3134920634920635,0.3423294734315825,0.0,0.0,0.0357142857142857,0.0505076272276101,0.3492063492063492,0.2918218462039721,8.8,7.463243262818116,3.6,1.6,0.6,0.0,0.2,0.4,1.2,0.4,1.4,2.4,,0.8,1.0,,0.8,0.8,0.8,3.0,0.4523809523809524,0.225411729144347,0.1329365079365079,0.1143472424028367,0.115079365079365,0.1486904285332951,0.0,0.0,0.0277777777777777,0.0555555555555555,0.3095238095238095,0.198993857873984,0.0694444444444444,0.1388888888888889,0.0317460317460317,0.0372255219033606,0.3718253968253968,0.177647226252044,9.0,6.0,3.0,2.125,0.5,0.0,0.25,0.25,0.875,1.125,1.125,2.25,,0.75,1.125,,0.5,1.625,1.0,1.375,0.3342609771181199,0.2411506528378254,0.1885178313749742,0.1726577579295694,0.0787466501752216,0.1184319706932425,0.0,0.0,0.0277777777777777,0.0481125224324688,0.2827149041434755,0.1699441401849322,0.0916305916305916,0.1584396528271003,0.1536384250669965,0.2096786151818183,0.4766707895279323,0.263960485183991,8.0,2.46,1.285,0.41,0.0,0.176,0.144,0.48,4.155,3.745,2.87,1.6949999999999998,0.3199999999999999,2.46,1.285,0.41,0.0,4.155,0.176,0.144,0.48
2566106,Dearica Hamby,LAS,2026-06-25,0.0,33.0,0.0,0.0,9.0,16,5,4,1,2,1,0,3,6,12,,3,4,,0,5,6,0,36.0,0.4444444444444444,0.1388888888888889,0.1111111111111111,0.0277777777777777,0.0555555555555555,0.3333333333333333,0.1111111111111111,0.0833333333333333,0.4655555555555555,0.0,32.333333333333336,3.2145502536643167,21.33333333333333,9.666666666666666,3.333333333333333,1.3333333333333333,2.333333333333333,1.6666666666666667,0.0,1.3333333333333333,6.666666666666667,11.333333333333334,,6.666666666666667,7.666666666666667,,3.0,6.666666666666667,4.0,4.0,0.6739545997610513,0.2277975404722226,0.3097371565113501,0.1813367115589761,0.1026284348864994,0.0075211903156688,0.0422341696535244,0.0212774158449131,0.0733572281959378,0.0235042748518294,0.3516129032258064,0.0168991759629052,0.2452807646356033,0.1282564958218938,0.0385304659498207,0.0420192619630586,0.4980669056152926,0.0313019601980162,31.6,2.701851217221256,19.8,8.8,3.0,0.8,1.6,1.4,0.0,2.0,6.8,10.4,,5.4,6.2,,2.2,6.6,4.0,1.6,0.6334675874428377,0.1709974500395557,0.2847647076999134,0.1342330754006871,0.0934736126560375,0.0347793145293447,0.0253405017921146,0.0275949585688307,0.0509108886417006,0.0370074937987156,0.3286401557285873,0.0360570268757582,0.2004012174020516,0.1130262766051532,0.0632044864664441,0.0523025140333151,0.4800211778519342,0.0421193164469852,27.5,6.740072064048826,16.25,6.875,2.5,0.5,1.25,1.125,0.0,2.125,5.5,9.0,,4.75,5.875,,1.75,5.125,3.5,4.625,0.5838741134968028,0.1700397006621055,0.2430668799342782,0.1189937485556481,0.0918335322764952,0.0361245415409555,0.0158378136200716,0.024640099103841,0.0442614350306925,0.0338973373694312,0.3204707600983982,0.0552177573449213,0.2173864821238456,0.1048723186282287,0.0821745876672586,0.0477283324067451,0.4982953999001489,0.071903569865022,31.660000000000004,18.98,8.105,3.15,0.9299999999999998,0.69652,0.56988,1.8996,30.235,27.085,22.129999999999995,11.255,1.2664,18.98,8.105,3.15,0.9299999999999998,30.235,0.69652,0.56988,1.8996
2566110,Julie Vanloo,NYL,2026-06-25,0.0,35.0,0.0,0.0,8.0,2,2,8,0,2,0,0,4,1,3,,0,0,,0,2,3,-4,16.0,0.125,0.125,0.5,0.0,0.125,0.1875,0.0,0.25,0.4375,0.0,15.333333333333334,3.0550504633038944,4.666666666666667,0.6666666666666666,4.666666666666667,1.3333333333333333,2.6666666666666665,0.3333333333333333,0.0,2.333333333333333,1.6666666666666667,3.333333333333333,,0.0,0.0,,0.0,0.6666666666666666,2.0,0.3333333333333333,0.2916666666666667,0.1909406539564933,0.0416666666666666,0.0721687836487031,0.2962962962962963,0.1785861252035732,0.0833333333333333,0.0833333333333333,0.162037037037037,0.1023765943865554,0.2106481481481481,0.0590618093619123,0.0,0.0,0.1481481481481481,0.0892930626017866,0.3587962962962963,0.0973048590601096,16.2,4.024922359499621,5.8,2.0,5.4,1.4,2.8,0.4,0.0,2.4,1.8,3.4,,0.8,0.8,,0.2,1.8,2.2,6.4,0.3302447552447553,0.1827512703057805,0.104020979020979,0.1310343550394193,0.3085470085470085,0.1766513872460928,0.0835664335664335,0.0591335368052415,0.1706487956487956,0.0805828148270761,0.2089063714063714,0.0452698869104679,0.0363636363636363,0.0813115628181741,0.1469308469308469,0.0634634440707379,0.3718372183372183,0.0712460307856732,14.142857142857142,4.810702354423639,4.142857142857143,1.8571428571428568,4.285714285714286,1.0,2.4285714285714284,0.2857142857142857,0.0,2.0,1.2857142857142858,2.857142857142857,,0.5714285714285714,0.5714285714285714,,0.1428571428571428,1.7142857142857142,2.0,2.7142857142857144,0.2358891108891108,0.2196187570064924,0.1219197469197469,0.1158010157005712,0.268009768009768,0.163173158383763,0.0596903096903096,0.0631971957433999,0.1695110445110445,0.0732232352090653,0.1968378843378843,0.0531023175920132,0.0259740259740259,0.0687208132744049,0.1366966366966367,0.0842958347058494,0.3449630924630925,0.1214484591590394,15.498571428571427,4.558571428571429,1.5714285714285714,5.347142857142858,1.09,0.3409685714285714,0.2789742857142857,0.9299142857142856,11.47714285714286,6.13,9.905714285714286,6.918571428571429,0.6199428571428571,4.558571428571429,1.5714285714285714,5.347142857142858,1.09,11.47714285714286,0.3409685714285714,0.2789742857142857,0.9299142857142856
2566453,Isabelle Harrison,TOR,2026-06-25,0.0,33.0,0.0,0.0,5.0,0,0,0,0,0,0,0,0,0,0,,0,0,,0,0,0,0,0.0,,,,,,,,,,0.0,0.0,0.0,0.0,0.0,0.0,0.0,0.0,0.0,0.0,0.0,0.0,0.0,,0.0,0.0,,0.0,0.0,0.0,0.0,,,,,,,,,,,,,,,,,,,0.0,0.0,0.0,0.0,0.0,0.0,0.0,0.0,0.0,0.0,0.0,0.0,,0.0,0.0,,0.0,0.0,0.0,0.0,,,,,,,,,,,,,,,,,,,0.0,0.0,0.0,0.0,0.0,0.0,0.0,0.0,0.0,0.0,0.0,0.0,,0.0,0.0,,0.0,0.0,0.0,0.0,,,,,,,,,,,,,,,,,,,8.0,0.0,0.0,0.0,0.0,0.176,0.144,0.48,0.0,0.0,0.0,0.0,0.3199999999999999,0.0,0.0,0.0,0.0,0.0,0.176,0.144,0.48
2569044,Temi Fagbenle,TOR,2026-06-25,0.0,33.0,0.0,0.0,7.0,0,0,0,0,0,0,0,0,0,0,,0,0,,0,0,0,0,0.0,,,,,,,,,,0.0,0.0,0.0,0.0,0.0,0.0,0.0,0.0,0.0,0.0,0.0,0.0,0.0,,0.0,0.0,,0.0,0.0,0.0,0.0,,,,,,,,,,,,,,,,,,,6.2,8.497058314499201,1.2,1.6,0.6,0.0,0.2,0.2,0.2,0.8,0.4,1.8,,0.4,0.4,,0.4,1.2,1.4,0.2,0.1958333333333333,0.1001734606680942,0.2645833333333334,0.2857889907295629,0.0979166666666666,0.0500867303340471,0.0,0.0,0.03125,0.0441941738241592,0.2958333333333334,0.2415948169054037,0.0625,0.0883883476483184,0.125,0.1767766952966369,0.4483333333333332,0.025927248643507,8.666666666666666,9.709102258533829,1.6666666666666667,1.8333333333333333,0.8333333333333334,0.0,0.3333333333333333,0.6666666666666666,0.1666666666666666,1.0,0.6666666666666666,2.0,,0.3333333333333333,0.3333333333333333,,0.5,1.3333333333333333,1.5,1.6666666666666667,0.194047619047619,0.0709008281872766,0.2240079365079365,0.2139550468994045,0.0970238095238095,0.0354504140936383,0.0,0.0,0.0367063492063492,0.0326477830791752,0.2448412698412698,0.1923138044845291,0.0416666666666666,0.0721687836487032,0.115079365079365,0.1261755007586083,0.3782539682539682,0.1227577424885775,8.0,0.7533333333333334,0.9266666666666666,0.3766666666666667,0.0,0.176,0.144,0.48,2.056666666666666,1.6800000000000002,1.13,1.3033333333333332,0.3199999999999999,0.7533333333333334,0.9266666666666666,0.3766666666666667,0.0,2.056666666666666,0.176,0.144,0.48
2593770,Betnijah Laney-Hamilton,NYL,2026-06-25,0.0,42.0,0.0,0.0,7.0,8,2,2,2,5,1,0,0,3,6,,0,0,,0,2,1,12,17.0,0.4705882352941176,0.1176470588235294,0.1176470588235294,0.1176470588235294,0.2941176470588235,0.3529411764705882,0.0,0.0,0.3529411764705882,0.0,22.33333333333333,4.618802153517009,7.0,2.333333333333333,1.6666666666666667,1.3333333333333333,3.6666666666666665,0.3333333333333333,0.3333333333333333,1.3333333333333333,2.0,4.333333333333333,,1.6666666666666667,2.0,,0.3333333333333333,2.0,1.3333333333333333,4.333333333333333,0.3301960784313725,0.1854251015408383,0.1058823529411764,0.022445628268634,0.0792156862745098,0.0686128836079723,0.0658823529411764,0.060080683928488,0.1780392156862745,0.1565428109893063,0.2109803921568628,0.1863186738151226,0.08,0.0799999999999999,0.0533333333333333,0.0923760430703401,0.299513725490196,0.2076213606272164,19.0,11.379806676741042,6.6,1.8,1.8,0.8,2.8,0.2,0.2,1.2,2.0,4.0,,1.8,2.0,,0.2,1.6,0.8,5.6,0.3547899159663865,0.1591887964014683,0.0972689075630252,0.0251522679702126,0.095126050420168,0.0644285957241857,0.0494117647058823,0.0590895943587054,0.1603151260504201,0.1326411494545903,0.220735294117647,0.1533744804627183,0.0957142857142857,0.0724873904117639,0.0578571428571428,0.0759654414804503,0.3207067226890756,0.1747407377999894,17.833333333333332,10.571975532825768,5.833333333333333,1.5,1.6666666666666667,0.6666666666666666,2.5,0.1666666666666666,0.1666666666666666,1.3333333333333333,1.8333333333333333,4.0,,1.5,1.6666666666666667,,0.1666666666666666,1.3333333333333333,0.8333333333333334,2.833333333333333,0.3171652661064426,0.1615050341637313,0.0778151260504201,0.0486490032141965,0.0927675070028011,0.056045486843286,0.0395294117647058,0.0557403769217356,0.1449187675070028,0.1199187023714964,0.2432549019607843,0.1420509138652406,0.0765714285714285,0.0759806634907184,0.0796190476190476,0.0818288684928544,0.3565653781512605,0.1712599192541614,19.466666666666665,6.776666666666666,1.93,1.7633333333333336,1.1133333333333333,0.4282666666666666,0.3503999999999999,1.168,10.47,8.706666666666667,8.54,3.693333333333333,0.7786666666666666,6.776666666666666,1.93,1.7633333333333336,1.1133333333333333,10.47,0.4282666666666666,0.3503999999999999,1.168
2987869,Jewell Loyd,LVA,2026-06-25,0.0,33.0,0.0,0.0,9.0,10,0,2,3,11,0,0,1,3,13,,1,2,,0,0,3,0,29.0,0.3448275862068966,0.0,0.0689655172413793,0.1034482758620689,0.3793103448275862,0.4482758620689655,0.0689655172413793,0.0344827586206896,0.5131034482758621,0.0,28.33333333333333,1.1547005383792517,7.666666666666667,3.0,1.3333333333333333,2.0,7.333333333333333,0.6666666666666666,0.0,0.6666666666666666,2.333333333333333,9.0,,1.0,2.0,,0.0,3.0,3.6666666666666665,-5.666666666666667,0.2694763729246488,0.0659553069408702,0.1068539804171988,0.0933302482024102,0.0468284376330353,0.0192137660219612,0.0698169433801617,0.033213805193341,0.2554278416347381,0.1352622470480236,0.3137505321413367,0.1524581865065936,0.0706683695189442,0.0029494266625267,0.0238399318859088,0.0206854501715731,0.3686845466155811,0.1477696932025327,27.8,1.3038404810405295,7.2,3.0,1.6,1.8,6.6,0.8,0.2,1.0,2.4,8.6,,0.6,1.2,,0.0,3.0,2.8,2.0,0.2556418677108332,0.1225181859408811,0.1091673333052643,0.0722106924504811,0.0583168427996014,0.0350067644317377,0.0633187374566685,0.0454499992598753,0.2334764852006231,0.1169527838702439,0.3052832863177691,0.1295518672312148,0.0424010217113665,0.0387628055480847,0.0362819811095673,0.0252993218563044,0.3602217169803376,0.1336730008603616,27.125,1.7268882005337975,8.0,2.875,1.375,1.5,5.625,1.125,0.25,1.0,2.75,8.25,,1.0,1.5,,0.0,2.875,2.25,-0.625,0.2937047387478422,0.1267862003562913,0.1050313232425301,0.0768358242561825,0.0516723857241098,0.0357962803502326,0.0539972878334947,0.0511259998391825,0.203729579807166,0.1206785981112861,0.3021230246445764,0.108109996530245,0.0532863528553183,0.0738747373489555,0.0368131429553843,0.0270940833950874,0.3623821628563007,0.1022222795816176,28.005,7.92,2.525,1.5349999999999997,1.98,0.6161099999999999,0.5040899999999999,1.6803,11.98,10.445,9.455,4.06,1.1202,7.92,2.525,1.5349999999999997,1.98,11.98,0.6161099999999999,0.5040899999999999,1.6803
2988756,Brittney Sykes,TOR,2026-06-25,0.0,33.0,0.0,0.0,10.0,10,0,5,0,2,1,0,7,3,9,,4,4,,0,0,3,-23,34.0,0.2941176470588235,0.0,0.1470588235294117,0.0,0.0588235294117647,0.2647058823529412,0.1176470588235294,0.2058823529411764,0.5223529411764706,0.0,29.666666666666668,8.386497083606082,15.666666666666666,3.333333333333333,5.0,1.6666666666666667,4.666666666666667,0.3333333333333333,0.0,2.6666666666666665,5.0,11.666666666666666,,4.0,4.333333333333333,,1.0,2.333333333333333,2.6666666666666665,-11.666666666666666,0.4932773109243697,0.339873115891397,0.1166666666666666,0.1040832999733066,0.1728291316526611,0.0264983625574952,0.0547619047619047,0.0572914734072188,0.1624649859943977,0.0908858915045697,0.3858543417366946,0.1424997589332972,0.1320728291316526,0.0901555096056103,0.0852941176470588,0.1073831544913452,0.5292605042016807,0.1108757813114973,32.4,7.0922492905988594,22.4,3.0,5.0,2.0,5.8,1.6,0.2,2.8,6.4,15.0,,7.6,7.8,,0.6,2.4,3.0,-7.0,0.6502521008403361,0.3323996291400455,0.0981203007518796,0.0838388009325374,0.1594869526758071,0.0501654744107666,0.0600751879699248,0.0418750419245919,0.1795842547545333,0.0685089637069921,0.450610349402919,0.1342666994818962,0.2210482087571871,0.1404162207105387,0.0841088014153029,0.0759863748166742,0.6319803626713844,0.1616010973730325,26.666666666666668,12.30853362509117,16.88888888888889,3.0,3.6666666666666665,1.1111111111111112,4.333333333333333,1.4444444444444444,0.2222222222222222,2.555555555555556,4.888888888888889,12.88888888888889,,6.0,6.555555555555555,,0.7777777777777778,2.2222222222222223,2.6666666666666665,-3.555555555555556,0.5959129106187929,0.2629973924539603,0.1123740165922828,0.0836145076175841,0.1313351895782236,0.0731096784135387,0.037546992481203,0.0443702030611055,0.1641961688981812,0.0665969737205464,0.4811953848525055,0.1244934830972966,0.2271304933456636,0.1207178808737053,0.0987069109940627,0.0670383924564078,0.6798397129186603,0.147892348490817,30.67333333333333,17.41777777777778,2.65,4.733333333333333,1.4222222222222225,0.6748133333333333,0.5521199999999999,1.8404,24.801111111111112,20.067777777777778,22.151111111111117,7.383333333333333,1.2269333333333332,17.41777777777778,2.65,4.733333333333333,1.4222222222222225,24.801111111111112,0.6748133333333333,0.5521199999999999,1.8404
2998928,Breanna Stewart,NYL,2026-06-25,0.0,32.0,0.0,0.0,9.0,14,11,3,0,2,1,0,2,7,18,,0,0,,4,7,1,-17,34.0,0.4117647058823529,0.3235294117647059,0.088235294117647,0.0,0.0588235294117647,0.5294117647058824,0.0,0.0588235294117647,0.5882352941176471,0.0,30.666666666666668,3.055050463303897,18.0,9.0,2.0,0.3333333333333333,2.333333333333333,0.3333333333333333,0.3333333333333333,1.6666666666666667,7.333333333333333,15.0,,3.0,4.0,,2.333333333333333,6.666666666666667,2.0,-3.6666666666666665,0.5991596638655462,0.1869762062074582,0.2911764705882353,0.037550427455305,0.0635387488328664,0.0263998481701645,0.0119047619047619,0.020619652471058,0.0783380018674136,0.0573103584840353,0.4875816993464052,0.0492283138762105,0.138095238095238,0.1198071011943726,0.0545284780578898,0.0194074055706201,0.6028720821661998,0.0569523493573349,33.8,4.816637831516919,18.6,9.2,2.8,0.4,2.6,1.0,1.2,2.2,7.0,16.0,,4.2,4.8,,1.8,7.4,3.2,-0.8,0.5616550425838351,0.1538651988672671,0.2734913074541557,0.0377171030304829,0.0796887013914877,0.0289555852729541,0.0122710622710622,0.0171761284469458,0.0780419374227423,0.0442047515621076,0.4736556322934032,0.1046742538830139,0.1454752265278581,0.093466417037016,0.063756223137028,0.025683447167751,0.6014209551026888,0.1057080747751504,28.375,9.379879682444912,18.0,8.375,2.25,0.5,2.5,0.75,1.125,2.125,6.625,13.75,,4.25,4.75,,1.25,7.125,2.5,1.25,0.6838717032021986,0.374825993993652,0.3093249243017045,0.0615232452995378,0.0726228986871401,0.0384711131707879,0.0285027472527472,0.0575840967258833,0.0944111315241346,0.051037279060055,0.4865109606595674,0.1146691556818382,0.1653267784846732,0.1381235419130171,0.0750658934288965,0.0344813788044184,0.6343206366217202,0.1748804279468848,31.805,17.61,9.245,2.48,0.3399999999999999,0.6997099999999998,0.5724899999999998,1.9083,29.335,26.855,20.09,11.725,1.2721999999999998,17.61,9.245,2.48,0.3399999999999999,29.335,0.6997099999999998,0.5724899999999998,1.9083
2999101,Jonquel Jones,NYL,2026-06-25,0.0,32.0,0.0,0.0,9.0,14,7,2,0,3,1,0,1,5,11,,4,5,,2,5,3,-7,29.0,0.4827586206896552,0.2413793103448276,0.0689655172413793,0.0,0.1034482758620689,0.3793103448275862,0.1724137931034483,0.0344827586206896,0.4896551724137931,0.0,27.666666666666668,1.5275252316519392,12.0,8.0,2.6666666666666665,0.3333333333333333,2.0,0.6666666666666666,0.3333333333333333,1.6666666666666667,4.333333333333333,9.0,,3.0,3.6666666666666665,,1.6666666666666667,6.333333333333333,1.6666666666666667,1.6666666666666667,0.4283188076291525,0.1767341691047915,0.2910824807376531,0.0525931457212391,0.0971643299229506,0.024766134583674,0.0119047619047619,0.0206196524710581,0.0701970443349753,0.0608204838663338,0.3205759757483895,0.1464779462122809,0.1307313376278893,0.0488865583110879,0.0609448023241126,0.0230808841983726,0.4390425666287735,0.1554292877421955,28.2,3.768288736283355,13.2,7.8,2.6,1.0,2.8,0.6,0.4,2.4,4.4,9.2,,3.4,4.0,,1.6,6.2,2.8,2.6,0.4653246179108247,0.1356546290892805,0.2824926256974938,0.0595972864886777,0.0926123234439664,0.0186691133733242,0.0331232492997198,0.0364394711211738,0.0940790109147107,0.0632715360542821,0.3237181344686416,0.1037228092114652,0.1485368417924198,0.0925547463525071,0.0850962931591734,0.0369702452128732,0.4741706380164798,0.1272049581794219,25.0,6.187545093630776,11.875,6.875,2.0,1.125,3.125,0.75,0.875,2.0,3.875,7.875,,3.0,3.5,,1.125,5.75,2.625,4.75,0.4685751389415182,0.1533534968234421,0.2890121035151461,0.0883991678625166,0.0821134713832482,0.0472183636151197,0.0435591736694677,0.0501797324231203,0.1195136675359799,0.0982939976441979,0.3041736508927178,0.1028322586611406,0.1366450499297862,0.0903071844267833,0.0824159524552526,0.0498621198505905,0.4467134253170764,0.11238495373956,27.52,12.695,7.555,2.41,0.6749999999999999,0.60544,0.4953599999999999,1.6512,22.66,20.25,15.105,9.965,1.1008,12.695,7.555,2.41,0.6749999999999999,22.66,0.60544,0.4953599999999999,1.6512
3058892,Lexie Brown,SEA,2026-06-25,0.0,32.0,0.0,0.0,10.0,7,0,1,1,1,2,0,0,1,1,,4,5,,0,0,1,-3,8.0,0.875,0.0,0.125,0.125,0.125,0.125,0.625,0.0,0.4,0.0,14.333333333333334,7.0945988845975885,5.0,1.0,1.0,0.6666666666666666,1.0,1.3333333333333333,0.0,0.3333333333333333,1.3333333333333333,2.6666666666666665,,1.6666666666666667,2.0,,0.0,1.0,1.6666666666666667,0.0,0.4443473193473193,0.3729602591418823,0.0559440559440559,0.048951048951049,0.0719696969696969,0.0646163716258787,0.0673076923076923,0.0630522935029038,0.0824592074592074,0.0400606588899328,0.1582167832167832,0.1020408584297733,0.2234848484848484,0.3484642615789977,0.0256410256410256,0.0444115591684327,0.2821911421911422,0.1234146933273693,15.2,5.167204273105526,3.6,2.0,0.8,0.6,1.4,0.8,0.0,1.0,1.0,2.4,,1.0,1.2,,0.0,2.0,2.0,-3.0,0.3019025092554505,0.3338969052979639,0.1181252570958453,0.0934522773301179,0.0556818181818181,0.0554377768984112,0.0521493212669683,0.0533961815880662,0.0972696421225833,0.0532669634591331,0.1427241875771287,0.0853221468420177,0.1340909090909091,0.2751314486742415,0.0646493212669683,0.0768699285715356,0.2663735088440971,0.0900652346653914,18.11111111111111,5.254627590144816,5.555555555555555,2.333333333333333,1.0,1.1111111111111112,2.333333333333333,0.7777777777777778,0.1111111111111111,1.5555555555555556,1.7777777777777777,3.6666666666666665,,0.8888888888888888,1.1111111111111112,,0.2222222222222222,2.111111111111111,1.3333333333333333,-5.0,0.3327584254983635,0.3141998689445658,0.1241472055636142,0.1051046448955268,0.0572248170932381,0.0523883261193256,0.064315760492231,0.0797363282561281,0.1267629248975998,0.07353970493391,0.1881836484235864,0.1054462181454078,0.0950797448165869,0.2027344405999403,0.0811475495608622,0.073999558974884,0.311166285703747,0.0974093541584389,14.442222222222222,4.921111111111111,1.4666666666666668,0.93,0.7822222222222222,0.3177288888888889,0.2599599999999999,0.8665333333333333,7.317777777777778,6.387777777777778,5.851111111111111,2.3966666666666665,0.5776888888888889,4.921111111111111,1.4666666666666668,0.93,0.7822222222222222,7.317777777777778,0.3177288888888889,0.2599599999999999,0.8665333333333333
3058908,Lindsay Allen,DAL,2026-06-25,0.0,53.0,0.0,0.0,3.0,0,0,0,0,0,0,0,1,0,0,,0,0,,0,0,1,-4,4.0,0.0,0.0,0.0,0.0,0.0,0.0,0.0,0.25,0.25,0.0,9.0,7.071067811865476,1.5,0.0,1.0,0.0,0.0,0.0,0.0,1.0,0.5,1.0,,0.5,0.5,,0.0,0.0,2.0,-4.5,0.1071428571428571,0.1515228816828316,0.0,0.0,0.0714285714285714,0.101015254455221,0.0,0.0,0.0,0.0,0.0714285714285714,0.101015254455221,0.0357142857142857,0.0505076272276105,0.1607142857142857,0.1262690680690263,0.2478571428571428,0.0030304576336566,9.0,7.071067811865476,1.5,0.0,1.0,0.0,0.0,0.0,0.0,1.0,0.5,1.0,,0.5,0.5,,0.0,0.0,2.0,-4.5,0.1071428571428571,0.1515228816828316,0.0,0.0,0.0714285714285714,0.101015254455221,0.0,0.0,0.0,0.0,0.0714285714285714,0.101015254455221,0.0357142857142857,0.0505076272276105,0.1607142857142857,0.1262690680690263,0.2478571428571428,0.0030304576336566,9.0,7.071067811865476,1.5,0.0,1.0,0.0,0.0,0.0,0.0,1.0,0.5,1.0,,0.5,0.5,,0.0,0.0,2.0,-4.5,0.1071428571428571,0.1515228816828316,0.0,0.0,0.0714285714285714,0.101015254455221,0.0,0.0,0.0,0.0,0.0714285714285714,0.101015254455221,0.0357142857142857,0.0505076272276105,0.1607142857142857,0.1262690680690263,0.2478571428571428,0.0030304576336566,8.25,1.275,0.0,0.8499999999999999,0.0,0.1815,0.1485,0.495,2.125,1.275,2.125,0.8499999999999999,0.3299999999999999,1.275,0.0,0.8499999999999999,0.0,2.125,0.1815,0.1485,0.495
3065570,Kelsey Plum,LAS,2026-06-25,0.0,33.0,0.0,0.0,9.0,38,4,9,6,7,1,0,3,12,17,,8,8,,0,4,4,11,37.0,1.027027027027027,0.1081081081081081,0.2432432432432432,0.1621621621621621,0.1891891891891892,0.4594594594594595,0.2162162162162162,0.081081081081081,0.6356756756756756,0.0,35.666666666666664,1.5275252316519474,27.33333333333333,2.0,7.666666666666667,3.6666666666666665,6.666666666666667,1.0,0.0,3.333333333333333,9.0,15.0,,5.666666666666667,6.333333333333333,,0.0,2.0,3.6666666666666665,6.333333333333333,0.7584643466996407,0.2787217047545857,0.0550992168639227,0.0459143157579823,0.214523346876288,0.025521182832921,0.1025289995878231,0.0684558797904404,0.1888800565271153,0.1053924968886948,0.4200376847435671,0.0360053189416862,0.1739239239239239,0.1571067403812407,0.0940204910793146,0.0204921738129687,0.5905847023494083,0.0549270140811895,35.4,1.8165902124584952,26.8,1.4,7.2,3.2,6.6,1.4,0.0,3.4,9.2,15.4,,5.2,6.2,,0.0,1.4,3.4,3.4,0.7538501067912832,0.2035222726159747,0.038464935523759,0.0407943738332417,0.204881084292849,0.0623492089651073,0.0911652294005235,0.0607789961368588,0.1888399094281447,0.0836221339729134,0.4354787943023237,0.0379298571137161,0.1718400218400218,0.1160931895498454,0.0955605337958279,0.0301452228263748,0.6066489377077613,0.0500298749302507,31.375,7.501190381723233,24.5,1.75,5.5,3.25,6.375,1.125,0.0,3.25,8.125,14.125,,5.0,5.75,,0.25,1.5,2.875,5.375,0.7888150469032822,0.186514802784116,0.05717550533727,0.0432932060207819,0.1748760745084274,0.0779158652576717,0.1089623953594541,0.0573678538214703,0.2081043084719555,0.0996631971140628,0.4505472623119682,0.053614622360991,0.1921222358722358,0.1056424045103682,0.1081380320350908,0.0409130455627265,0.6432190781308429,0.0893727074920635,34.915,28.18,2.04,7.27,3.77,0.76813,0.62847,2.0949,37.49,30.22,35.45,9.31,1.3965999999999998,28.18,2.04,7.27,3.77,37.49,0.76813,0.62847,2.0949
3099736,Stephanie Talbot,LVA,2026-06-25,0.0,33.0,0.0,0.0,9.0,2,3,1,0,1,0,0,0,1,2,,0,0,,2,1,2,-23,16.0,0.125,0.1875,0.0625,0.0,0.0625,0.125,0.0,0.0,0.125,0.0,18.0,3.4641016151377544,1.0,3.0,1.6666666666666667,0.0,0.3333333333333333,0.3333333333333333,0.6666666666666666,0.6666666666666666,0.3333333333333333,1.0,,0.3333333333333333,0.6666666666666666,,1.0,2.0,2.333333333333333,-4.0,0.0568181818181818,0.0632700495776136,0.1818181818181818,0.1336133638216459,0.0928030303030303,0.0312930144732164,0.0,0.0,0.0208333333333333,0.0360843918243516,0.0625,0.0624999999999999,0.0303030303030303,0.0524863881081478,0.0303030303030303,0.0524863881081477,0.1061363636363636,0.0379055208696134,16.8,3.63318042491699,3.0,2.6,1.6,0.0,0.4,0.8,0.4,0.6,1.4,2.0,,0.2,0.4,,0.6,2.0,1.4,0.0,0.1896464646464646,0.1913793244100623,0.1646464646464646,0.0993224306107451,0.0890151515151515,0.0631565606080798,0.0,0.0,0.0236111111111111,0.0324239375831354,0.1263888888888888,0.10559209893749,0.0181818181818181,0.040655781409087,0.0292929292929292,0.0420134027133038,0.1636818181818181,0.1019787244416753,18.0,3.338091841585121,3.375,2.75,1.25,0.125,1.25,0.75,0.25,0.75,1.375,3.25,,0.5,0.625,,0.625,2.125,1.25,-1.75,0.1956821504518873,0.1759184765520533,0.1567317916002126,0.0976245119311922,0.0678952352472089,0.0579797817451133,0.006578947368421,0.0186080731891196,0.0655942650186071,0.0719503139933733,0.1806676967038809,0.1170145431534199,0.0311004784688995,0.0603055228984628,0.0380449229133439,0.0441134394805205,0.2323968301435406,0.1477928209300499,17.28,2.325,2.81,1.46,0.025,0.38016,0.31104,1.0368,6.595,5.135,3.785,4.27,0.6912,2.325,2.81,1.46,0.025,6.595,0.38016,0.31104,1.0368
3102133,Rebecca Allen,NYL,2026-06-25,0.0,32.0,0.0,0.0,8.0,0,0,0,0,0,0,0,0,0,0,,0,0,,0,0,0,0,0.0,,,,,,,,,,0.0,10.333333333333334,9.073771725877464,2.6666666666666665,1.3333333333333333,1.0,0.6666666666666666,1.6666666666666667,0.3333333333333333,0.0,0.6666666666666666,0.6666666666666666,2.6666666666666665,,0.6666666666666666,0.6666666666666666,,0.3333333333333333,1.0,1.6666666666666667,-9.333333333333334,0.2542016806722689,0.0564497010190941,0.1176470588235294,0.1663780661615406,0.0945378151260504,0.0326814058531597,0.065126050420168,0.0089131106872253,0.1596638655462184,0.0237682951659343,0.2542016806722689,0.0564497010190941,0.0588235294117647,0.0831890330807703,0.0588235294117647,0.0831890330807703,0.3389075630252101,0.1762419086554033,6.2,8.555699854482974,1.6,0.8,0.6,0.4,1.0,0.2,0.0,0.4,0.4,1.6,,0.4,0.4,,0.2,0.6,1.0,-5.6,0.2542016806722689,0.0564497010190941,0.1176470588235294,0.1663780661615406,0.0945378151260504,0.0326814058531597,0.065126050420168,0.0089131106872253,0.1596638655462184,0.0237682951659343,0.2542016806722689,0.0564497010190941,0.0588235294117647,0.0831890330807703,0.0588235294117647,0.0831890330807703,0.3389075630252101,0.1762419086554033,4.428571428571429,7.612646120264683,1.1428571428571428,0.5714285714285714,0.4285714285714285,0.2857142857142857,0.7142857142857143,0.1428571428571428,0.0,0.2857142857142857,0.2857142857142857,1.1428571428571428,,0.2857142857142857,0.2857142857142857,,0.1428571428571428,0.4285714285714285,0.7142857142857143,-4.0,0.2542016806722689,0.0564497010190941,0.1176470588235294,0.1663780661615406,0.0945378151260504,0.0326814058531597,0.065126050420168,0.0089131106872253,0.1596638655462184,0.0237682951659343,0.2542016806722689,0.0564497010190941,0.0588235294117647,0.0831890330807703,0.0588235294117647,0.0831890330807703,0.3389075630252101,0.1762419086554033,8.0,1.5885714285714283,0.7942857142857143,0.5957142857142858,0.3971428571428571,0.176,0.144,0.48,2.978571428571428,2.3828571428571426,2.184285714285714,1.39,0.3199999999999999,1.5885714285714283,0.7942857142857143,0.5957142857142858,0.3971428571428571,2.978571428571428,0.176,0.144,0.48
3142086,Brianna Turner,LVA,2026-06-25,0.0,33.0,0.0,0.0,9.0,2,1,1,0,0,0,0,0,0,0,,2,2,,0,1,2,-2,8.0,0.25,0.125,0.125,0.0,0.0,0.0,0.25,0.0,0.11,0.0,5.666666666666667,2.5166114784235747,0.6666666666666666,0.6666666666666666,0.3333333333333333,0.0,0.0,0.3333333333333333,0.0,0.0,0.0,0.0,,0.6666666666666666,0.6666666666666666,,0.3333333333333333,0.3333333333333333,1.0,-2.0,0.0833333333333333,0.1443375672974064,0.0972222222222222,0.0867360833110888,0.0416666666666666,0.0721687836487032,0.0,0.0,0.0,0.0,0.0,0.0,0.0833333333333333,0.1443375672974064,0.0,0.0,0.0366666666666666,0.0635085296108587,10.2,6.496152707564686,1.2,2.6,0.4,0.0,0.0,0.6,0.6,0.4,0.4,0.6,,0.4,0.4,,0.6,2.0,1.2,1.4,0.1,0.1369306393762915,0.1888888888888888,0.1438690462508728,0.0375,0.0559016994374947,0.0,0.0,0.0,0.0,0.0375,0.0838525491562421,0.05,0.1118033988749894,0.0222222222222222,0.0496903994999953,0.0817222222222222,0.0809464653145125,12.0,5.830951894845302,1.0,2.75,0.25,0.0,0.0,0.625,0.875,0.5,0.375,0.5,,0.25,0.25,,0.75,2.0,1.0,0.0,0.0756578947368421,0.1135702401423162,0.1881526733500417,0.1195776693489622,0.0234375,0.0465014880714278,0.0,0.0,0.0,0.0,0.030016447368421,0.0662446075449849,0.03125,0.0883883476483184,0.0293964076858813,0.0435965474591229,0.0731628550543024,0.0686209832142884,8.87,1.12,1.81,0.44,0.0,0.1951399999999999,0.1596599999999999,0.5321999999999999,3.37,2.93,1.5599999999999998,2.25,0.3547999999999999,1.12,1.81,0.44,0.0,3.37,0.1951399999999999,0.1596599999999999,0.5321999999999999
3142242,Amy Okonkwo,DAL,2026-06-25,0.0,53.0,0.0,0.0,3.0,8,3,0,1,4,1,0,1,2,5,,3,3,,1,2,1,-1,10.0,0.8,0.3,0.0,0.1,0.4,0.5,0.3,0.1,0.732,0.0,10.0,0.0,4.0,2.5,0.0,0.5,2.5,1.0,0.0,1.5,1.0,3.5,,1.5,1.5,,1.0,1.5,0.5,-3.5,0.4,0.5656854249492381,0.25,0.0707106781186547,0.0,0.0,0.05,0.0707106781186547,0.25,0.2121320343559642,0.35,0.2121320343559642,0.15,0.2121320343559642,0.15,0.0707106781186547,0.5660000000000001,0.2347594513539337,10.0,0.0,4.0,2.5,0.0,0.5,2.5,1.0,0.0,1.5,1.0,3.5,,1.5,1.5,,1.0,1.5,0.5,-3.5,0.4,0.5656854249492381,0.25,0.0707106781186547,0.0,0.0,0.05,0.0707106781186547,0.25,0.2121320343559642,0.35,0.2121320343559642,0.15,0.2121320343559642,0.15,0.0707106781186547,0.5660000000000001,0.2347594513539337,10.0,0.0,4.0,2.5,0.0,0.5,2.5,1.0,0.0,1.5,1.0,3.5,,1.5,1.5,,1.0,1.5,0.5,-3.5,0.4,0.5656854249492381,0.25,0.0707106781186547,0.0,0.0,0.05,0.0707106781186547,0.25,0.2121320343559642,0.35,0.2121320343559642,0.15,0.2121320343559642,0.15,0.0707106781186547,0.5660000000000001,0.2347594513539337,10.0,4.6,2.575,0.0,0.575,0.2199999999999999,0.18,0.6,7.175,7.175,4.6,2.575,0.3999999999999999,4.6,2.575,0.0,0.575,7.175,0.2199999999999999,0.18,0.6
3142327,Kia Nurse,TOR,2026-06-25,0.0,33.0,0.0,0.0,10.0,4,2,0,0,5,0,0,0,1,7,,2,2,,0,2,1,-3,12.0,0.3333333333333333,0.1666666666666666,0.0,0.0,0.4166666666666667,0.5833333333333334,0.1666666666666666,0.0,0.6566666666666666,0.0,17.333333333333332,8.386497083606086,9.0,2.6666666666666665,0.6666666666666666,2.0,6.0,0.3333333333333333,0.0,0.3333333333333333,2.333333333333333,7.333333333333333,,2.333333333333333,2.6666666666666665,,0.6666666666666666,2.0,1.6666666666666667,-4.666666666666667,0.3950617283950617,0.4292676210052768,0.1562203228869895,0.0094847978895717,0.0246913580246913,0.0427666866066389,0.074074074074074,0.1283000598199168,0.3259734093067426,0.1491384508596077,0.4062203228869895,0.2244170020981078,0.1296296296296296,0.1156481110814518,0.0123456790123456,0.0213833433033194,0.4756030389363723,0.2793797800990262,14.6,7.092249290598858,8.2,1.8,0.6,1.6,4.6,0.4,0.0,0.4,2.2,6.0,,2.2,2.4,,0.4,1.4,1.2,1.8,0.4925925925925926,0.3589918821752994,0.1159544159544159,0.0680309428614196,0.037037037037037,0.0523782800878924,0.0777777777777777,0.1082977149423218,0.29002849002849,0.1167910920009996,0.3992877492877492,0.1637523095202734,0.1444444444444444,0.1448711645600588,0.024074074074074,0.0368048276191699,0.4869173789173789,0.2025669729842585,13.666666666666666,5.958187643906492,6.444444444444445,1.1111111111111112,0.5555555555555556,1.2222222222222223,3.888888888888889,0.3333333333333333,0.0,0.5555555555555556,1.8888888888888888,5.333333333333333,,1.4444444444444444,1.5555555555555556,,0.2222222222222222,0.8888888888888888,1.2222222222222223,0.4444444444444444,0.397119341563786,0.3091748486365219,0.0755302310857866,0.074495492625605,0.0475602586713697,0.0590370719162912,0.0629629629629629,0.0853460638652067,0.2486048930493374,0.1486786608992518,0.3537489259711482,0.1914236629891542,0.0950617283950617,0.1248593172669449,0.0380658436213991,0.0400093343780217,0.4336419300863745,0.2157533286806977,14.843333333333334,7.458888888888889,1.9522222222222223,0.5211111111111111,1.4044444444444444,0.3265533333333333,0.26718,0.8906,9.932222222222222,9.411111111111111,7.979999999999999,2.4733333333333336,0.5937333333333332,7.458888888888889,1.9522222222222223,0.5211111111111111,1.4044444444444444,9.932222222222222,0.3265533333333333,0.26718,0.8906
3146151,Ariel Atkins,LAS,2026-06-25,0.0,33.0,0.0,0.0,7.0,11,3,3,1,5,1,0,2,5,12,,0,0,,0,3,1,-5,30.0,0.3666666666666666,0.1,0.1,0.0333333333333333,0.1666666666666666,0.4,0.0,0.0666666666666666,0.4666666666666667,0.0,23.33333333333333,7.023769168568493,8.0,2.0,2.333333333333333,1.3333333333333333,4.333333333333333,1.6666666666666667,0.3333333333333333,2.0,3.0,8.0,,0.6666666666666666,1.0,,0.3333333333333333,1.6666666666666667,3.0,-5.666666666666667,0.3166666666666666,0.1721998193314318,0.0888888888888888,0.042763345328724,0.1027777777777777,0.0209717623201965,0.0527777777777777,0.0647287788762835,0.1736111111111111,0.1147410530684604,0.3277777777777778,0.0751541625470482,0.0555555555555555,0.0636468846521644,0.0916666666666666,0.0300462606288665,0.4438888888888888,0.0198839224090811,23.8,7.293833011524188,7.2,2.4,2.6,1.0,4.2,1.8,0.4,2.0,2.6,8.0,,1.0,1.4,,0.6,1.8,2.2,-1.4,0.2870588235294117,0.1284410077211976,0.1018627450980392,0.0351669140187105,0.1157107843137255,0.0372674369391955,0.0434313725490196,0.051877013493717,0.1651960784313725,0.0855888880441384,0.3187254901960784,0.0736032309188371,0.0693627450980392,0.0525648159971579,0.0855147058823529,0.0259775595015149,0.4347598039215686,0.0563937204489523,23.666666666666668,6.531972647421808,7.333333333333333,3.0,2.833333333333333,1.1666666666666667,4.0,2.0,0.3333333333333333,1.6666666666666667,2.6666666666666665,7.5,,0.8333333333333334,1.1666666666666667,,0.5,2.5,2.333333333333333,3.8333333333333335,0.2971867007672634,0.117529219156852,0.1283638817845979,0.0721334246196415,0.125411160841148,0.0409349888659586,0.0506855640807047,0.0496862092727154,0.159402529127593,0.0778572892317578,0.3018364592213697,0.077752071901277,0.0578022875816993,0.0548845422006474,0.0712622549019607,0.0419363926895803,0.3985317206592782,0.1020737256399331,24.563333333333333,8.036666666666667,2.49,2.6266666666666665,1.1333333333333333,0.5403933333333333,0.44214,1.4738,13.153333333333334,10.526666666666667,10.663333333333334,5.116666666666666,0.9825333333333331,8.036666666666667,2.49,2.6266666666666665,1.1333333333333333,13.153333333333334,0.5403933333333333,0.44214,1.4738
3149391,A'ja Wilson,LVA,2026-06-25,0.0,33.0,0.0,0.0,8.0,24,15,4,2,4,2,4,3,8,20,,6,6,,2,13,1,-3,35.0,0.6857142857142857,0.4285714285714285,0.1142857142857142,0.0571428571428571,0.1142857142857142,0.5714285714285714,0.1714285714285714,0.0857142857142857,0.7325714285714285,0.0,32.666666666666664,2.0816659994661304,29.666666666666668,8.0,2.6666666666666665,2.0,2.6666666666666665,1.0,2.6666666666666665,3.333333333333333,9.666666666666666,16.666666666666668,,8.333333333333334,8.666666666666666,,0.6666666666666666,7.333333333333333,2.6666666666666665,3.0,0.9123751920122888,0.4281884875057756,0.2386232718894009,0.1719015886690826,0.0800979262672811,0.0426839333893109,0.0613863287250384,0.0038107062823397,0.0804339477726574,0.0293338160850163,0.5070084485407066,0.1039424700519136,0.2678283410138248,0.1229213375321759,0.1028321812596006,0.0230429207015519,0.7276850998463903,0.1098396098073622,29.8,5.263078946776306,26.0,7.8,2.4,1.2,2.0,0.8,2.4,2.8,8.8,15.8,,7.2,8.2,,1.2,6.6,2.6,12.2,0.8836155913978494,0.3386408303430958,0.2746025345622119,0.1904238332686468,0.0775825652841781,0.0355779820672102,0.036831797235023,0.0337304780204294,0.0615937019969278,0.0406365882275923,0.5403955453149002,0.1231116437074883,0.2864112903225806,0.1213792655878449,0.0912231182795699,0.0293454087109092,0.7576396313364056,0.1365747703909594,28.0,5.291502622129181,23.857142857142858,6.857142857142857,2.4285714285714284,1.1428571428571428,2.0,1.0,2.142857142857143,2.857142857142857,8.142857142857142,14.714285714285714,,6.428571428571429,8.0,,1.0,5.857142857142857,2.4285714285714284,3.7142857142857135,0.8560504741868697,0.2804902243814267,0.2510100919750789,0.1612823601210619,0.0854368219938746,0.0478372701482089,0.0382131885012069,0.0366437740146012,0.0680638244077434,0.0421521443834362,0.5311831534857983,0.122077795581451,0.2972295966072263,0.1717973383389478,0.101908852601349,0.039885649172634,0.7638730285943269,0.1137725377922656,31.08,26.371428571428574,8.751428571428573,2.725714285714285,1.5485714285714285,0.6837599999999999,0.5594399999999999,1.8648,37.84857142857143,35.12285714285714,29.09714285714286,11.47714285714286,1.2432,26.371428571428574,8.751428571428573,2.725714285714285,1.5485714285714285,37.84857142857143,0.6837599999999999,0.5594399999999999,1.8648
3156318,Kristy Wallace,TOR,2026-06-25,0.0,57.0,0.0,0.0,2.0,5,2,3,1,3,0,0,1,1,4,,2,4,,0,2,0,-5,17.0,0.2941176470588235,0.1176470588235294,0.1764705882352941,0.0588235294117647,0.1764705882352941,0.2352941176470588,0.2352941176470588,0.0588235294117647,0.3976470588235294,0.0,17.0,,5.0,2.0,3.0,1.0,3.0,0.0,0.0,1.0,1.0,4.0,,2.0,4.0,,0.0,2.0,0.0,-5.0,0.2941176470588235,,0.1176470588235294,,0.1764705882352941,,0.0588235294117647,,0.1764705882352941,,0.2352941176470588,,0.2352941176470588,,0.0588235294117647,,0.3976470588235294,,17.0,,5.0,2.0,3.0,1.0,3.0,0.0,0.0,1.0,1.0,4.0,,2.0,4.0,,0.0,2.0,0.0,-5.0,0.2941176470588235,,0.1176470588235294,,0.1764705882352941,,0.0588235294117647,,0.1764705882352941,,0.2352941176470588,,0.2352941176470588,,0.0588235294117647,,0.3976470588235294,,17.0,,5.0,2.0,3.0,1.0,3.0,0.0,0.0,1.0,1.0,4.0,,2.0,4.0,,0.0,2.0,0.0,-5.0,0.2941176470588235,,0.1176470588235294,,0.1764705882352941,,0.0588235294117647,,0.1764705882352941,,0.2352941176470588,,0.2352941176470588,,0.0588235294117647,,0.3976470588235294,,17.0,5.0,2.0,3.0,1.0,0.374,0.306,1.02,10.0,7.0,8.0,5.0,0.6799999999999999,5.0,2.0,3.0,1.0,10.0,0.374,0.306,1.02
3904479,Mariella Fasoula,TOR,2026-06-25,0.0,33.0,0.0,0.0,8.0,0,1,0,0,0,0,0,1,0,0,,0,0,,0,1,0,2,3.0,0.0,0.3333333333333333,0.0,0.0,0.0,0.0,0.0,0.3333333333333333,0.3333333333333333,0.0,4.666666666666667,5.686240703077327,1.3333333333333333,0.6666666666666666,0.3333333333333333,0.0,0.0,0.3333333333333333,0.6666666666666666,0.6666666666666666,0.6666666666666666,1.6666666666666667,,0.0,0.0,,0.3333333333333333,0.3333333333333333,1.0,0.0,0.1818181818181818,0.25712973861329,0.2121212121212121,0.1714198257421933,0.0454545454545454,0.0642824346533225,0.0,0.0,0.0,0.0,0.2272727272727272,0.3214121732666125,0.0,0.0,0.2121212121212121,0.1714198257421933,0.4393939393939393,0.1499923475244191,2.8,4.764451699828638,0.8,0.4,0.2,0.0,0.0,0.2,0.4,0.4,0.4,1.0,,0.0,0.0,,0.2,0.2,0.6,0.0,0.1818181818181818,0.25712973861329,0.2121212121212121,0.1714198257421926,0.0454545454545454,0.0642824346533225,0.0,0.0,0.0,0.0,0.2272727272727272,0.3214121732666125,0.0,0.0,0.2121212121212121,0.1714198257421933,0.4393939393939393,0.1499923475244191,3.0,4.163331998932265,1.2857142857142858,0.5714285714285714,0.1428571428571428,0.1428571428571428,0.1428571428571428,0.1428571428571428,0.4285714285714285,0.2857142857142857,0.5714285714285714,1.1428571428571428,,0.0,0.0,,0.1428571428571428,0.4285714285714285,1.0,-0.7142857142857143,0.2992424242424242,0.3951757986589387,0.3977272727272727,0.4140875180500328,0.0227272727272727,0.0454545454545454,0.0416666666666666,0.0833333333333333,0.0416666666666666,0.0833333333333333,0.2386363636363636,0.2761776686902755,0.0,0.0,0.106060606060606,0.1574591643244433,0.3446969696969696,0.2472298313951624,8.0,0.937142857142857,0.6042857142857143,0.1985714285714285,0.0285714285714285,0.176,0.144,0.48,1.74,1.5414285714285714,1.1357142857142857,0.8028571428571429,0.3199999999999999,0.937142857142857,0.6042857142857143,0.1985714285714285,0.0285714285714285,1.74,0.176,0.144,0.48
3904576,Marina Mabrey,TOR,2026-06-25,0.0,33.0,0.0,0.0,9.0,19,5,8,3,8,0,1,4,7,15,,2,3,,3,2,4,-17,28.0,0.6785714285714286,0.1785714285714285,0.2857142857142857,0.1071428571428571,0.2857142857142857,0.5357142857142857,0.1071428571428571,0.1428571428571428,0.7257142857142858,0.0,26.33333333333333,6.658328118479391,17.333333333333332,4.0,4.0,3.0,10.0,1.0,0.6666666666666666,3.333333333333333,6.333333333333333,15.666666666666666,,1.6666666666666667,2.0,,1.3333333333333333,2.6666666666666665,2.6666666666666665,-10.333333333333334,0.5913220551378445,0.3970584736021726,0.1466948621553884,0.037576603516336,0.144031954887218,0.1244109854028508,0.0982142857142857,0.0940683370790422,0.381422305764411,0.0832925435344055,0.5760494987468672,0.1274147061778106,0.0740914786967418,0.0290455099182176,0.1386278195488721,0.0741037308324328,0.7472775689223058,0.0540211766300712,25.2,5.263078946776306,14.6,3.4,3.2,2.4,8.0,0.8,0.6,3.2,4.8,12.8,,2.6,2.8,,1.0,2.4,3.2,-10.0,0.5291522074416811,0.3022159111907269,0.1301414594177752,0.0356442736183074,0.1171884037015616,0.1097666022822642,0.0838369963369963,0.0701380166567064,0.3167654713707345,0.1161073796875569,0.4947139483323693,0.1608580220741255,0.1059933487565066,0.1190142126482728,0.1348250433776749,0.0535456674927986,0.6761760651629073,0.1102921906175297,23.125,10.343217239193176,15.75,3.5,2.625,2.625,7.5,1.125,0.375,2.625,4.875,12.75,,3.375,3.75,,0.625,2.875,2.375,-5.375,0.6346161087637624,0.3055022849469557,0.1459959521292811,0.0483593195344843,0.1080081372909348,0.0916025144240495,0.1037259333441599,0.0733862767310897,0.3233053859544655,0.0981641850153108,0.5376035591536629,0.1525952246793829,0.1522284182415113,0.1698774373169309,0.1202773298346282,0.0578185402110082,0.7248613930145561,0.1336032031345012,25.545,16.31,3.84,4.045,2.715,0.5619899999999999,0.4598099999999999,1.5326999999999995,24.195,20.15,20.355,7.885,1.0217999999999998,16.31,3.84,4.045,2.715,24.195,0.5619899999999999,0.4598099999999999,1.5326999999999995
3904577,Arike Ogunbowale,DAL,2026-06-25,0.0,32.0,0.0,0.0,8.0,19,4,5,5,13,1,0,3,5,20,,4,6,,0,4,2,18,38.0,0.5,0.1052631578947368,0.131578947368421,0.131578947368421,0.3421052631578947,0.5263157894736842,0.1578947368421052,0.0789473684210526,0.6747368421052632,0.0,31.666666666666668,6.506407098647712,14.666666666666666,2.0,3.6666666666666665,3.0,8.0,0.3333333333333333,0.3333333333333333,2.0,4.333333333333333,15.666666666666666,,3.0,3.6666666666666665,,0.0,2.0,2.0,-0.6666666666666666,0.4329166666666666,0.3246159589935981,0.0559210526315789,0.0529390688797075,0.1092763157894736,0.0612500706653445,0.0855263157894736,0.0741409715104253,0.2432017543859649,0.0858806761474861,0.4887719298245614,0.0442397564190265,0.1047149122807017,0.0906895028671248,0.0633991228070175,0.0278469312717895,0.5982456140350877,0.0773833378626347,31.6,4.722287581247038,13.2,2.0,3.0,2.4,6.6,0.8,0.2,1.4,3.8,13.6,,3.2,3.6,,0.6,1.4,1.8,3.6,0.396719696969697,0.2555127325307051,0.060219298245614,0.060482519751121,0.090414274322169,0.054380490080515,0.070103668261563,0.057335860430541,0.2028907496012759,0.0823158530113296,0.4272025518341308,0.0926957628217482,0.105859250398724,0.0828897887232187,0.0447061403508771,0.0343771932622446,0.5184867623604467,0.1226660607737752,31.857142857142858,4.375255094603872,15.428571428571429,2.142857142857143,3.0,2.142857142857143,6.285714285714286,0.7142857142857143,0.1428571428571428,1.7142857142857142,4.857142857142857,14.0,,3.571428571428572,4.0,,0.4285714285714285,1.7142857142857142,2.2857142857142856,3.2857142857142856,0.4711106757227447,0.2512004711984086,0.0638129087085529,0.0544586825297639,0.0931804203560102,0.0611318815323902,0.0648523738814119,0.0562479008146554,0.1952777384946169,0.078105446257667,0.4385601150210951,0.0833517180578335,0.1181698531857333,0.0755812599279709,0.0546477904531443,0.0355988274941891,0.545202640875962,0.1144237043092074,32.63142857142857,14.955714285714285,2.3285714285714283,3.5,2.918571428571428,0.7178914285714285,0.5873657142857143,1.9578857142857145,20.784285714285712,17.284285714285712,18.455714285714283,5.828571428571427,1.305257142857143,14.955714285714285,2.3285714285714283,3.5,2.918571428571428,20.784285714285712,0.7178914285714285,0.5873657142857143,1.9578857142857145
3906753,Natisha Hiedeman,SEA,2026-06-25,0.0,32.0,0.0,0.0,10.0,24,1,5,4,6,0,0,2,7,12,,6,6,,0,1,3,4,28.0,0.8571428571428571,0.0357142857142857,0.1785714285714285,0.1428571428571428,0.2142857142857142,0.4285714285714285,0.2142857142857142,0.0714285714285714,0.5942857142857143,0.0,28.33333333333333,1.527525231651949,18.33333333333333,1.3333333333333333,5.333333333333333,2.6666666666666665,6.333333333333333,0.3333333333333333,0.0,1.3333333333333333,6.333333333333333,13.333333333333334,,3.0,3.0,,0.0,1.3333333333333333,2.0,6.333333333333333,0.6437389770723103,0.2257426696479605,0.0477072310405643,0.022865367747434,0.1891534391534391,0.0292504555390158,0.0932980599647266,0.0532274431014857,0.2208112874779541,0.0761359544290649,0.4663139329805996,0.1193767740402941,0.1072310405643739,0.0949235448306322,0.0472663139329805,0.0210069124514678,0.5607619047619048,0.1079763138551299,27.6,3.507135583350037,15.8,1.2,4.6,2.4,5.8,0.4,0.2,1.4,5.6,12.8,,2.2,2.2,,0.0,1.2,2.4,1.2,0.554278576859222,0.2430528083289747,0.0415275644307902,0.0292114174282247,0.1718498347530605,0.0655775187721002,0.0844245837794225,0.0435135435398146,0.2075600862697636,0.0569629780483294,0.4504628465918788,0.1394567750746342,0.0772418501450759,0.081925668663912,0.0529932194448323,0.0266858250786995,0.5374424801005446,0.1283959655861758,22.33333333333333,9.810708435174291,10.666666666666666,1.6666666666666667,3.555555555555556,1.3333333333333333,4.0,0.4444444444444444,0.2222222222222222,1.5555555555555556,3.888888888888889,9.444444444444445,,1.5555555555555556,1.7777777777777777,,0.1111111111111111,1.5555555555555556,2.2222222222222223,0.4444444444444444,0.4319174215738031,0.274394948619966,0.0806011682852496,0.0693313331283945,0.164919285755541,0.0579676205333897,0.052765364862139,0.0546910749899988,0.17412901951822,0.0736312694881822,0.4033739661720026,0.1269878751019881,0.074195888782144,0.0712830683095835,0.0756434568496279,0.0493987283666216,0.511663614085774,0.114128786553758,26.826666666666668,16.763333333333332,1.3033333333333332,4.67111111111111,2.5066666666666664,0.5901866666666666,0.48288,1.6096,22.737777777777776,18.066666666666663,21.43444444444444,5.974444444444444,1.0730666666666666,16.763333333333332,1.3033333333333332,4.67111111111111,2.5066666666666664,22.737777777777776,0.5901866666666666,0.48288,1.6096
3906949,Jessica Shepard,DAL,2026-06-25,0.0,32.0,0.0,0.0,9.0,10,11,6,0,1,0,0,1,5,9,,0,1,,2,9,3,21,33.0,0.303030303030303,0.3333333333333333,0.1818181818181818,0.0,0.0303030303030303,0.2727272727272727,0.0303030303030303,0.0303030303030303,0.3163636363636363,0.0,31.666666666666668,1.1547005383792446,12.666666666666666,10.666666666666666,6.666666666666667,0.0,1.0,0.0,0.0,1.6666666666666667,5.333333333333333,9.0,,2.0,3.333333333333333,,3.0,7.666666666666667,3.0,1.6666666666666667,0.4020853698273053,0.1549459690177412,0.3369175627240143,0.0164250024908809,0.2111436950146627,0.163277547297068,0.0,0.0,0.0316063864450961,0.0011287395292075,0.284457478005865,0.0653110189188272,0.1068752036493972,0.1595909568439142,0.0531117627891821,0.0378254072621217,0.384594330400782,0.0676327803292403,30.6,2.1908902300206625,11.4,10.8,6.0,0.0,0.8,0.2,0.0,1.0,4.6,8.4,,2.2,3.4,,3.0,7.8,2.6,2.0,0.3753014011078527,0.1390127241812155,0.3593787335722819,0.1448632819701117,0.1969371130661453,0.1216295624966433,0.0,0.0,0.0254154447702834,0.0142328639086618,0.2741392418811773,0.0482966537801546,0.1140653850331269,0.1210442046130393,0.0318670576735092,0.0395175723096066,0.3561950689692625,0.0645579701212871,29.125,5.19443383412888,11.0,9.5,5.5,0.0,0.5,0.375,0.0,1.125,4.5,7.875,,2.0,3.25,,2.5,7.0,2.875,1.125,0.377849369525425,0.106128721733914,0.3287907288811582,0.1177674176886668,0.1850446022128304,0.1078833585926211,0.0,0.0,0.0158846529814271,0.0169934618595492,0.2616477472383544,0.0752774658157503,0.1202338803515867,0.1119880443998385,0.0357939271749755,0.0361406775833016,0.3503445817680282,0.0748751612563815,30.985,11.489999999999998,10.53,6.1,0.0,0.6816699999999999,0.5577299999999998,1.8591,28.12,22.02,17.589999999999996,16.63,1.2393999999999998,11.489999999999998,10.53,6.1,0.0,28.12,0.6816699999999999,0.5577299999999998,1.8591
3910470,Maria Conde,TOR,2026-06-25,0.0,33.0,0.0,0.0,9.0,8,5,1,1,5,0,0,1,3,9,,1,2,,2,3,2,-21,23.0,0.3478260869565217,0.217391304347826,0.0434782608695652,0.0434782608695652,0.217391304347826,0.391304347826087,0.0869565217391304,0.0434782608695652,0.4730434782608696,0.0,25.33333333333333,6.806859285554045,4.333333333333333,3.333333333333333,1.3333333333333333,0.6666666666666666,4.333333333333333,0.0,0.3333333333333333,1.0,1.6666666666666667,8.0,,0.3333333333333333,0.6666666666666666,,1.0,2.333333333333333,2.6666666666666665,-13.333333333333334,0.1861440491875274,0.1469817339091585,0.1295344751866491,0.0840054068175057,0.0513614404918752,0.0086446816663809,0.031159420289855,0.0271811584543638,0.1795344751866491,0.0512517033529352,0.3213438735177865,0.0621031511865937,0.0289855072463768,0.0502043712338804,0.0412604303908651,0.0100340287439803,0.3753579270970575,0.0877974275704567,23.8,5.357238094391548,4.8,2.8,1.4,1.0,4.4,0.2,0.2,1.2,1.8,7.2,,0.2,0.4,,1.0,1.8,2.2,-7.0,0.2151646903820817,0.1150389505989548,0.1177206851119894,0.093755745182109,0.0569038208168642,0.0471340167681902,0.047391304347826,0.0355353334638305,0.1925032938076416,0.0485013236744797,0.3049802371541502,0.0512041568150421,0.017391304347826,0.0388881387391267,0.0534519104084321,0.0269882305388618,0.3660843214756258,0.0718269517178068,20.375,9.94179489399604,5.25,3.125,0.875,1.125,3.875,0.25,0.125,1.0,1.875,6.625,,0.375,0.5,,1.125,2.0,2.0,-2.25,0.2515544175963966,0.1651438704198076,0.1520664992179235,0.0988953127790222,0.0406455862977602,0.0474556643373307,0.0535553651745555,0.0503793089755239,0.1864350292386274,0.0729557958339474,0.3199776735009118,0.0717804137920625,0.0314699792960662,0.0553875697133116,0.0526298539042167,0.0239554670681284,0.3864543182953978,0.0730483870112698,23.455,5.23,3.355,1.215,0.925,0.51601,0.4221899999999999,1.4072999999999998,9.8,8.584999999999999,6.444999999999999,4.57,0.9382,5.23,3.355,1.215,0.925,9.8,0.51601,0.4221899999999999,1.4072999999999998
3913881,Alanna Smith,DAL,2026-06-25,0.0,32.0,0.0,0.0,10.0,0,2,3,0,1,1,0,0,0,1,,0,0,,0,2,3,-9,15.0,0.0,0.1333333333333333,0.2,0.0,0.0666666666666666,0.0666666666666666,0.0,0.0,0.0666666666666666,0.0,13.666666666666666,3.2145502536643096,3.0,3.333333333333333,1.0,0.3333333333333333,2.0,0.6666666666666666,0.3333333333333333,0.0,1.3333333333333333,3.333333333333333,,0.0,0.0,,1.3333333333333333,2.0,3.333333333333333,-6.333333333333333,0.2125,0.2190176933491903,0.2361111111111111,0.1248146774370054,0.0666666666666666,0.1154700538379251,0.0208333333333333,0.0360843918243516,0.1513888888888888,0.0736373118989531,0.2472222222222222,0.1607995070934033,0.0,0.0,0.0,0.0,0.2472222222222221,0.1607995070934033,15.0,7.648529270389178,3.6,3.0,1.8,0.4,1.6,1.2,0.4,0.8,1.6,3.8,,0.0,0.2,,1.4,1.6,3.4,-5.2,0.2576587301587302,0.1820180824135964,0.1998677248677248,0.1012710195759461,0.1056084656084656,0.09866100551447,0.0410714285714285,0.0630081384442048,0.1268121693121693,0.0724119610180906,0.2784920634920634,0.1417184556975949,0.0074074074074074,0.0165634664999984,0.0719576719576719,0.1237235716661504,0.3537089947089947,0.2331509116058834,17.0,7.000000000000001,4.777777777777778,3.888888888888889,2.2222222222222223,0.5555555555555556,2.0,1.0,0.4444444444444444,1.6666666666666667,1.8888888888888888,4.555555555555555,,0.4444444444444444,0.5555555555555556,,1.4444444444444444,2.4444444444444446,3.111111111111111,-1.4444444444444444,0.3250584021782852,0.2911689367895161,0.2406022772981837,0.1484231854109266,0.1206271852470683,0.0882366538851766,0.0471839320523531,0.0659785601069462,0.1250645904885671,0.0733491739943522,0.2882244190723723,0.1411283173852783,0.0269222438813082,0.0446217569998277,0.1019322998855162,0.1073254854931457,0.4020025062656641,0.1816365674959295,15.0,3.115555555555556,3.1277777777777773,1.8244444444444443,0.3511111111111111,0.3299999999999999,0.2699999999999999,0.8999999999999999,8.067777777777778,6.243333333333333,4.94,4.952222222222222,0.5999999999999999,3.115555555555556,3.1277777777777773,1.8244444444444443,0.3511111111111111,8.067777777777778,0.3299999999999999,0.2699999999999999,0.8999999999999999
3916517,Beatrice Mompremier,SEA,2026-06-25,0.0,57.0,0.0,0.0,3.0,0,0,0,0,0,0,0,0,0,1,,0,0,,0,0,1,-2,2.0,0.0,0.0,0.0,0.0,0.0,0.5,0.0,0.0,0.5,0.0,1.0,1.4142135623730951,0.0,0.0,0.0,0.0,0.0,0.0,0.0,0.0,0.0,0.5,,0.0,0.0,,0.0,0.0,0.5,-1.0,0.0,,0.0,,0.0,,0.0,,0.0,,0.5,,0.0,,0.0,,0.5,,1.0,1.4142135623730951,0.0,0.0,0.0,0.0,0.0,0.0,0.0,0.0,0.0,0.5,,0.0,0.0,,0.0,0.0,0.5,-1.0,0.0,,0.0,,0.0,,0.0,,0.0,,0.5,,0.0,,0.0,,0.5,,1.0,1.4142135623730951,0.0,0.0,0.0,0.0,0.0,0.0,0.0,0.0,0.0,0.5,,0.0,0.0,,0.0,0.0,0.5,-1.0,0.0,,0.0,,0.0,,0.0,,0.0,,0.5,,0.0,,0.0,,0.5,,8.0,0.0,0.0,0.0,0.0,0.176,0.144,0.48,0.0,0.0,0.0,0.0,0.3199999999999999,0.0,0.0,0.0,0.0,0.0,0.176,0.144,0.48
3917453,Katie Lou Samuelson,SEA,2026-06-25,0.0,32.0,0.0,0.0,10.0,3,2,2,1,2,0,0,1,1,2,,0,0,,0,2,0,12,18.0,0.1666666666666666,0.1111111111111111,0.1111111111111111,0.0555555555555555,0.1111111111111111,0.1111111111111111,0.0,0.0555555555555555,0.1666666666666666,0.0,6.0,10.392304845413264,1.0,0.6666666666666666,0.6666666666666666,0.3333333333333333,0.6666666666666666,0.0,0.0,0.3333333333333333,0.3333333333333333,0.6666666666666666,,0.0,0.0,,0.0,0.6666666666666666,0.0,4.0,0.1666666666666666,,0.1111111111111111,,0.1111111111111111,,0.0555555555555555,,0.1111111111111111,,0.1111111111111111,,0.0,,0.0555555555555555,,0.1666666666666666,,3.6,8.049844718999243,0.6,0.4,0.4,0.2,0.4,0.0,0.0,0.2,0.2,0.4,,0.0,0.0,,0.0,0.4,0.0,2.4,0.1666666666666666,,0.1111111111111111,,0.1111111111111111,,0.0555555555555555,,0.1111111111111111,,0.1111111111111111,,0.0,,0.0555555555555555,,0.1666666666666666,,2.0,6.0,0.3333333333333333,0.2222222222222222,0.2222222222222222,0.1111111111111111,0.2222222222222222,0.0,0.0,0.1111111111111111,0.1111111111111111,0.2222222222222222,,0.0,0.0,,0.0,0.2222222222222222,0.0,1.3333333333333333,0.1666666666666666,,0.1111111111111111,,0.1111111111111111,,0.0555555555555555,,0.1111111111111111,,0.1111111111111111,,0.0,,0.0555555555555555,,0.1666666666666666,,8.0,1.0266666666666666,0.6844444444444444,0.6844444444444444,0.3422222222222222,0.176,0.144,0.48,2.395555555555555,1.711111111111111,1.711111111111111,1.3688888888888888,0.3199999999999999,1.0266666666666666,0.6844444444444444,0.6844444444444444,0.3422222222222222,2.395555555555555,0.176,0.144,0.48
3920741,Kitija Laksa,TOR,2026-06-25,0.0,57.0,0.0,0.0,2.0,0,0,0,0,0,0,0,0,0,0,,0,0,,0,0,0,0,0.0,,,,,,,,,,0.0,0.0,,0.0,0.0,0.0,0.0,0.0,0.0,0.0,0.0,0.0,0.0,,0.0,0.0,,0.0,0.0,0.0,0.0,,,,,,,,,,,,,,,,,,,0.0,,0.0,0.0,0.0,0.0,0.0,0.0,0.0,0.0,0.0,0.0,,0.0,0.0,,0.0,0.0,0.0,0.0,,,,,,,,,,,,,,,,,,,0.0,,0.0,0.0,0.0,0.0,0.0,0.0,0.0,0.0,0.0,0.0,,0.0,0.0,,0.0,0.0,0.0,0.0,,,,,,,,,,,,,,,,,,,8.0,0.0,0.0,0.0,0.0,0.176,0.144,0.48,0.0,0.0,0.0,0.0,0.3199999999999999,0.0,0.0,0.0,0.0,0.0,0.176,0.144,0.48
4001679,Julie Allemand,TOR,2026-06-25,0.0,33.0,0.0,0.0,9.0,0,0,0,0,0,0,0,0,0,0,,0,0,,0,0,0,0,0.0,,,,,,,,,,0.0,0.0,0.0,0.0,0.0,0.0,0.0,0.0,0.0,0.0,0.0,0.0,0.0,,0.0,0.0,,0.0,0.0,0.0,0.0,,,,,,,,,,,,,,,,,,,10.0,13.982131454109563,1.4,0.8,2.0,0.2,1.0,1.0,0.0,0.8,0.6,1.8,,0.0,0.0,,0.0,0.8,0.2,0.2,0.1535303776683086,0.1195927725159513,0.0755336617405583,0.0394772258790516,0.1986863711001641,0.0116109487879563,0.0238095238095238,0.0336717514850736,0.105911330049261,0.052249269545804,0.1814449917898193,0.0127720436667522,0.0,0.0,0.0755336617405582,0.0394772258790519,0.2569786535303777,0.0267051822122998,12.75,13.966797362725234,1.875,1.625,1.75,0.375,1.125,0.75,0.0,0.5,0.75,1.75,,0.0,0.0,,0.0,1.625,0.5,0.125,0.1585833706523361,0.0866097295230307,0.1309486490520973,0.0979099756748661,0.1387371249440215,0.0702479184913226,0.0316017316017316,0.0219857738005287,0.0923496044185699,0.0354001663977892,0.1414800716524854,0.0547136127431723,0.0,0.0,0.0377668308702791,0.049206318764439,0.1792469025227646,0.0954129638436701,8.0,0.865,0.605,1.05,0.145,0.176,0.144,0.48,2.52,1.47,1.915,1.655,0.3199999999999999,0.865,0.605,1.05,0.145,2.52,0.176,0.144,0.48
4038379,Marine Johannes,NYL,2026-06-25,0.0,32.0,0.0,0.0,8.0,0,3,5,0,3,0,0,1,0,3,,0,0,,1,2,3,-1,22.0,0.0,0.1363636363636363,0.2272727272727272,0.0,0.1363636363636363,0.1363636363636363,0.0,0.0454545454545454,0.1818181818181818,0.0,25.33333333333333,3.0550504633038824,1.0,3.0,5.666666666666667,0.3333333333333333,5.0,1.0,0.0,1.3333333333333333,0.3333333333333333,5.0,,0.0,0.0,,0.6666666666666666,2.333333333333333,1.6666666666666667,7.666666666666667,0.0357142857142856,0.0618589574131754,0.1196303696303696,0.0150659651666889,0.2195304695304695,0.1773246119971565,0.0119047619047619,0.0206196524710577,0.1928904428904428,0.0568204231223707,0.1928904428904428,0.0568204231223706,0.0,0.0,0.0526973026973026,0.0215379726896607,0.2455877455877455,0.0558376622579769,29.2,5.890670590009257,9.2,2.8,4.6,2.0,7.0,1.4,0.0,1.8,3.0,8.2,,1.2,1.6,,1.0,1.8,1.8,5.8,0.2656546156546156,0.3211993141339706,0.1014260514260514,0.0429385072102123,0.1667715167715167,0.1466453564332574,0.0577571077571077,0.0692046284015302,0.2284287784287784,0.0800342684399898,0.2634820134820135,0.1077358883373788,0.0452088452088452,0.0638489802822291,0.0599558099558099,0.019573746601321,0.3433297153297153,0.1450513855215377,29.0,4.8304589153964805,10.714285714285714,3.2857142857142856,4.285714285714286,2.7142857142857144,7.571428571428571,2.142857142857143,0.0,1.5714285714285714,3.571428571428572,9.285714285714286,,0.8571428571428571,1.1428571428571428,,1.0,2.2857142857142856,1.7142857142857142,8.285714285714286,0.3356012912663159,0.2935380345137456,0.1176618171692063,0.0462127038518136,0.1541330679261713,0.1219895350682401,0.0864697145485322,0.0757299857915151,0.25341675587981,0.0781135327443449,0.3087151609319097,0.1196133714268394,0.0322920322920322,0.056607626269289,0.052853727730575,0.0200664606677702,0.3757773828709789,0.1331041741322734,26.92,5.662857142857142,2.9871428571428567,4.917142857142858,1.342857142857143,0.5922399999999999,0.4845599999999999,1.6151999999999995,13.567142857142857,8.649999999999999,10.58,7.904285714285715,1.0767999999999998,5.662857142857142,2.9871428571428567,4.917142857142858,1.342857142857143,13.567142857142857,0.5922399999999999,0.4845599999999999,1.6151999999999995
4065870,Jackie Young,LVA,2026-06-25,0.0,33.0,0.0,0.0,9.0,0,3,2,0,2,0,1,3,0,2,,0,0,,1,2,5,-9,19.0,0.0,0.1578947368421052,0.1052631578947368,0.0,0.1052631578947368,0.1052631578947368,0.0,0.1578947368421052,0.2631578947368421,0.0,28.0,7.937253933193771,4.333333333333333,5.333333333333333,5.0,0.0,3.0,0.6666666666666666,1.0,3.0,2.0,10.0,,0.3333333333333333,0.6666666666666666,,1.3333333333333333,4.0,3.6666666666666665,6.0,0.1397849462365591,0.2421146290150041,0.1857751589600186,0.024920275509462,0.1682312993108958,0.0548796119102237,0.0,0.0,0.1056127034854688,0.0412724574056671,0.3247777888744632,0.206875745266942,0.021505376344086,0.0372484044638468,0.1152501747727953,0.0509532668267829,0.4494903292386563,0.2077799462125087,28.4,5.813776741499453,8.8,4.4,6.0,0.4,3.2,1.0,0.8,2.2,3.6,10.4,,1.2,1.4,,1.0,3.4,3.0,11.4,0.2943847072879331,0.2849388475907294,0.1511305672995476,0.0670136884002655,0.2034477401600141,0.0664150882915467,0.0129032258064516,0.0288524900322553,0.1104405014222252,0.0429679407502596,0.3463601022374616,0.1493557047183612,0.0480286738351254,0.0477927119735721,0.0830091251743104,0.0570088363411984,0.4505018438992272,0.1469602619374663,27.25,4.6827952580239325,11.125,3.875,5.0,0.625,4.125,1.0,0.625,2.0,4.625,12.25,,1.25,1.5,,0.625,3.25,2.625,5.0,0.4057212112857274,0.2695789175448277,0.1388796814852941,0.0834768245214104,0.1763856068307781,0.0634399056125883,0.0230645161290322,0.033608153073698,0.1526791595427369,0.0732591276930376,0.443013525436875,0.1807354733564775,0.0544409980700303,0.048804818444094,0.0764960878493286,0.0456016166822247,0.5434636524370171,0.1802339507324817,26.64,6.605,4.365,4.9,0.265,0.5860799999999999,0.4795199999999999,1.5983999999999998,15.87,10.97,11.505,9.265,1.0656,6.605,4.365,4.9,0.265,15.87,0.5860799999999999,0.4795199999999999,1.5983999999999998
4066527,Jaelyn Brown,SEA,2026-06-25,0.0,57.0,0.0,0.0,3.0,6,0,0,1,3,0,0,2,1,4,,3,4,,0,0,1,7,12.0,0.5,0.0,0.0,0.0833333333333333,0.25,0.3333333333333333,0.3333333333333333,0.1666666666666666,0.6466666666666666,0.0,12.0,0.0,7.0,1.0,0.5,1.0,2.0,0.5,0.0,1.0,1.5,4.5,,3.0,4.0,,0.0,1.0,1.0,8.5,0.5833333333333333,0.1178511301977578,0.0833333333333333,0.1178511301977579,0.0416666666666666,0.0589255650988789,0.0833333333333333,0.0,0.1666666666666666,0.1178511301977579,0.375,0.0589255650988789,0.3333333333333333,0.0,0.0833333333333333,0.1178511301977579,0.605,0.0589255650988789,12.0,0.0,7.0,1.0,0.5,1.0,2.0,0.5,0.0,1.0,1.5,4.5,,3.0,4.0,,0.0,1.0,1.0,8.5,0.5833333333333333,0.1178511301977578,0.0833333333333333,0.1178511301977579,0.0416666666666666,0.0589255650988789,0.0833333333333333,0.0,0.1666666666666666,0.1178511301977579,0.375,0.0589255650988789,0.3333333333333333,0.0,0.0833333333333333,0.1178511301977579,0.605,0.0589255650988789,12.0,0.0,7.0,1.0,0.5,1.0,2.0,0.5,0.0,1.0,1.5,4.5,,3.0,4.0,,0.0,1.0,1.0,8.5,0.5833333333333333,0.1178511301977578,0.0833333333333333,0.1178511301977579,0.0416666666666666,0.0589255650988789,0.0833333333333333,0.0,0.1666666666666666,0.1178511301977579,0.375,0.0589255650988789,0.3333333333333333,0.0,0.0833333333333333,0.1178511301977579,0.605,0.0589255650988789,11.999999999999998,6.85,0.8499999999999999,0.4249999999999999,1.0,0.2639999999999999,0.2159999999999999,0.7199999999999999,8.125,7.699999999999999,7.274999999999999,1.275,0.4799999999999998,6.85,0.8499999999999999,0.4249999999999999,1.0,8.125,0.2639999999999999,0.2159999999999999,0.7199999999999999
4066533,Sabrina Ionescu,NYL,2026-06-25,0.0,32.0,0.0,0.0,6.0,11,5,7,2,5,0,0,1,4,15,,1,2,,0,5,2,-13,31.0,0.3548387096774194,0.1612903225806451,0.2258064516129032,0.064516129032258,0.1612903225806451,0.4838709677419355,0.064516129032258,0.032258064516129,0.5445161290322581,0.0,10.333333333333334,17.8978583448784,3.6666666666666665,1.6666666666666667,2.333333333333333,0.6666666666666666,1.6666666666666667,0.0,0.0,0.3333333333333333,1.3333333333333333,5.0,,0.3333333333333333,0.6666666666666666,,0.0,1.6666666666666667,0.6666666666666666,-4.333333333333333,0.3548387096774194,,0.1612903225806451,,0.2258064516129032,,0.064516129032258,,0.1612903225806451,,0.4838709677419355,,0.064516129032258,,0.032258064516129,,0.5445161290322581,,12.4,12.973048986263793,3.6,1.6,2.6,0.4,1.4,0.2,0.0,1.2,1.2,5.0,,0.8,1.2,,0.2,1.4,1.0,-5.6,0.2655017921146953,0.1724910859749507,0.1190412186379928,0.0509222973337373,0.2058243727598566,0.0729165531109235,0.021505376344086,0.0372484044638468,0.0968189964157706,0.0558726605852183,0.3724014336917562,0.2071960517894445,0.1076164874551971,0.0375578458281418,0.1176971326164874,0.0787932910395149,0.5374498207885304,0.2086730851801232,12.4,12.973048986263793,3.6,1.6,2.6,0.4,1.4,0.2,0.0,1.2,1.2,5.0,,0.8,1.2,,0.2,1.4,1.0,-5.6,0.2655017921146953,0.1724910859749507,0.1190412186379928,0.0509222973337373,0.2058243727598566,0.0729165531109235,0.021505376344086,0.0372484044638468,0.0968189964157706,0.0558726605852183,0.3724014336917562,0.2071960517894445,0.1076164874551971,0.0375578458281418,0.1176971326164874,0.0787932910395149,0.5374498207885304,0.2086730851801232,14.57,4.73,2.13,3.18,0.72,0.32054,0.26226,0.8742,10.04,6.859999999999999,7.91,5.3100000000000005,0.5828,4.73,2.13,3.18,0.72,10.04,0.32054,0.26226,0.8742
4068161,Joyner Holmes,SEA,2026-06-25,0.0,32.0,0.0,0.0,3.0,0,0,0,0,0,0,0,0,0,0,,0,0,,0,0,0,0,0.0,,,,,,,,,,0.0,7.5,10.606601717798211,1.0,2.5,0.5,0.0,0.5,0.0,1.5,1.0,0.5,2.0,,0.0,0.0,,0.5,2.0,0.5,-1.0,0.1333333333333333,,0.3333333333333333,,0.0666666666666666,,0.0,,0.0666666666666666,,0.2666666666666666,,0.0,,0.1333333333333333,,0.4,,7.5,10.606601717798211,1.0,2.5,0.5,0.0,0.5,0.0,1.5,1.0,0.5,2.0,,0.0,0.0,,0.5,2.0,0.5,-1.0,0.1333333333333333,,0.3333333333333333,,0.0666666666666666,,0.0,,0.0666666666666666,,0.2666666666666666,,0.0,,0.1333333333333333,,0.4,,7.5,10.606601717798211,1.0,2.5,0.5,0.0,0.5,0.0,1.5,1.0,0.5,2.0,,0.0,0.0,,0.5,2.0,0.5,-1.0,0.1333333333333333,,0.3333333333333333,,0.0666666666666666,,0.0,,0.0666666666666666,,0.2666666666666666,,0.0,,0.1333333333333333,,0.4,,8.0,0.8499999999999999,2.125,0.4249999999999999,0.0,0.176,0.144,0.48,3.3999999999999995,2.975,1.275,2.55,0.3199999999999999,0.8499999999999999,2.125,0.4249999999999999,0.0,3.3999999999999995,0.176,0.144,0.48
4280888,Rennia Davis,SEA,2026-06-25,0.0,57.0,0.0,0.0,3.0,6,2,1,0,0,0,0,0,3,3,,0,0,,0,2,3,5,11.0,0.5454545454545454,0.1818181818181818,0.0909090909090909,0.0,0.0,0.2727272727272727,0.0,0.0,0.2727272727272727,0.0,8.5,3.5355339059327378,6.5,3.0,0.5,0.0,0.0,0.0,0.0,0.5,3.0,4.0,,0.5,0.5,,1.5,1.5,2.0,5.0,0.8560606060606061,0.4392633034643705,0.4242424242424242,0.3428396514843866,0.0454545454545454,0.0642824346533225,0.0,0.0,0.0,0.0,0.553030303030303,0.3964083470288221,0.0833333333333333,0.1178511301977579,0.0833333333333333,0.1178511301977579,0.6730303030303031,0.5661139745135937,8.5,3.5355339059327378,6.5,3.0,0.5,0.0,0.0,0.0,0.0,0.5,3.0,4.0,,0.5,0.5,,1.5,1.5,2.0,5.0,0.8560606060606061,0.4392633034643705,0.4242424242424242,0.3428396514843866,0.0454545454545454,0.0642824346533225,0.0,0.0,0.0,0.0,0.553030303030303,0.3964083470288221,0.0833333333333333,0.1178511301977579,0.0833333333333333,0.1178511301977579,0.6730303030303031,0.5661139745135937,8.5,3.5355339059327378,6.5,3.0,0.5,0.0,0.0,0.0,0.0,0.5,3.0,4.0,,0.5,0.5,,1.5,1.5,2.0,5.0,0.8560606060606061,0.4392633034643705,0.4242424242424242,0.3428396514843866,0.0454545454545454,0.0642824346533225,0.0,0.0,0.0,0.0,0.553030303030303,0.3964083470288221,0.0833333333333333,0.1178511301977579,0.0833333333333333,0.1178511301977579,0.6730303030303031,0.5661139745135937,8.875,6.425,2.85,0.575,0.0,0.1952499999999999,0.1597499999999999,0.5325,9.85,9.275,7.0,3.425,0.355,6.425,2.85,0.575,0.0,9.85,0.1952499999999999,0.1597499999999999,0.5325
4280892,Chennedy Carter,LVA,2026-06-25,0.0,33.0,0.0,0.0,9.0,23,3,3,4,4,1,1,3,8,13,,3,4,,2,1,3,15,26.0,0.8846153846153846,0.1153846153846153,0.1153846153846153,0.1538461538461538,0.1538461538461538,0.5,0.1538461538461538,0.1153846153846153,0.683076923076923,0.0,23.0,2.645751311064593,20.33333333333333,2.0,2.333333333333333,1.6666666666666667,2.333333333333333,1.0,0.6666666666666666,2.0,6.666666666666667,11.333333333333334,,5.333333333333333,7.0,,0.6666666666666666,1.3333333333333333,2.333333333333333,3.6666666666666665,0.885059385059385,0.0671006688285972,0.0853590853590853,0.035996524794045,0.1012321012321012,0.0502198838889633,0.0671550671550671,0.078761677278975,0.0981795981795981,0.0542556404634218,0.4942279942279943,0.1278034208683885,0.3124653124653124,0.206124874932371,0.0853590853590853,0.035996524794045,0.7170718170718171,0.0899336445837727,22.8,2.5884358211089573,22.0,3.0,2.2,1.4,2.4,1.4,0.4,2.4,8.4,12.6,,3.8,5.2,,1.2,1.8,2.6,11.0,0.9670356310356312,0.1220714814127106,0.1252154512154512,0.1128665958544314,0.0927392607392607,0.0677957152460945,0.0582930402930403,0.0571091499156866,0.1049077589077589,0.0465748326488456,0.5545367965367966,0.1224704719929884,0.2374791874791874,0.1989954900148693,0.1032154512154512,0.0411790999976611,0.7622430902430903,0.0912132806333514,21.125,3.226563851175781,17.875,2.75,2.125,1.0,2.375,1.125,0.625,2.0,6.75,11.0,,3.375,4.625,,1.0,1.75,3.375,3.375,0.8217492430814799,0.2719993059258494,0.1226675517464991,0.1085960577768084,0.09924493269888,0.0525041053006762,0.0426831501831501,0.0506548577178942,0.1140048493173493,0.0705938627414816,0.5164045767828662,0.1087943228484903,0.2202994921744921,0.1964865362872749,0.0904964991149201,0.0560150962566586,0.703832852454563,0.1267995748186439,23.005,20.825,2.6499999999999995,2.345,1.79,0.50611,0.4140899999999999,1.3803,25.82,23.475,23.17,4.994999999999999,0.9202,20.825,2.6499999999999995,2.345,1.79,25.82,0.50611,0.4140899999999999,1.3803
4281190,Dana Evans,LVA,2026-06-25,0.0,41.0,0.0,0.0,3.0,0,0,0,0,0,0,0,0,0,0,,0,0,,0,0,0,0,0.0,,,,,,,,,,0.0,0.0,0.0,0.0,0.0,0.0,0.0,0.0,0.0,0.0,0.0,0.0,0.0,,0.0,0.0,,0.0,0.0,0.0,0.0,,,,,,,,,,,,,,,,,,,0.0,0.0,0.0,0.0,0.0,0.0,0.0,0.0,0.0,0.0,0.0,0.0,,0.0,0.0,,0.0,0.0,0.0,0.0,,,,,,,,,,,,,,,,,,,0.0,0.0,0.0,0.0,0.0,0.0,0.0,0.0,0.0,0.0,0.0,0.0,,0.0,0.0,,0.0,0.0,0.0,0.0,,,,,,,,,,,,,,,,,,,8.0,0.0,0.0,0.0,0.0,0.176,0.144,0.48,0.0,0.0,0.0,0.0,0.3199999999999999,0.0,0.0,0.0,0.0,0.0,0.176,0.144,0.48
4281929,Satou Sabally,NYL,2026-06-25,0.0,32.0,0.0,0.0,7.0,20,2,2,3,6,0,0,1,6,14,,5,5,,1,1,4,-17,25.0,0.8,0.08,0.08,0.12,0.24,0.56,0.2,0.04,0.688,0.0,13.666666666666666,12.662279942148386,8.333333333333334,2.0,1.3333333333333333,1.3333333333333333,3.0,0.0,0.3333333333333333,1.0,2.6666666666666665,7.333333333333333,,1.6666666666666667,1.6666666666666667,,0.3333333333333333,1.6666666666666667,2.333333333333333,-7.0,0.55625,0.3447145558284419,0.165,0.120208152801713,0.1025,0.0318198051533946,0.09125,0.0406586399182264,0.21375,0.0371231060122937,0.53,0.0424264068711928,0.1,0.1414213562373095,0.0825,0.0601040764008565,0.6565,0.0445477272147524,8.2,11.670475568716126,5.0,1.2,0.8,0.8,1.8,0.0,0.2,0.6,1.6,4.4,,1.0,1.0,,0.2,1.0,1.4,-4.2,0.55625,0.3447145558284419,0.165,0.120208152801713,0.1025,0.0318198051533946,0.09125,0.0406586399182264,0.21375,0.0371231060122937,0.53,0.0424264068711928,0.1,0.1414213562373095,0.0825,0.0601040764008565,0.6565,0.0445477272147524,6.833333333333333,10.96205576827023,4.166666666666667,1.0,0.6666666666666666,0.6666666666666666,1.5,0.0,0.1666666666666666,0.5,1.3333333333333333,3.6666666666666665,,0.8333333333333334,0.8333333333333334,,0.1666666666666666,0.8333333333333334,1.1666666666666667,-3.5,0.55625,0.3447145558284419,0.165,0.120208152801713,0.1025,0.0318198051533946,0.09125,0.0406586399182264,0.21375,0.0371231060122937,0.53,0.0424264068711928,0.1,0.1414213562373095,0.0825,0.0601040764008565,0.6565,0.0445477272147524,12.086666666666666,8.083333333333334,1.5199999999999998,1.1133333333333333,1.2633333333333332,0.2659066666666666,0.2175599999999999,0.7252,10.716666666666669,9.603333333333332,9.196666666666667,2.633333333333333,0.4834666666666666,8.083333333333334,1.5199999999999998,1.1133333333333333,1.2633333333333332,10.716666666666669,0.2659066666666666,0.2175599999999999,0.7252
4281930,Anneli Maley,NYL,2026-06-25,0.0,32.0,0.0,0.0,8.0,0,3,0,0,2,1,0,0,0,2,,0,0,,2,1,4,4,11.0,0.0,0.2727272727272727,0.0,0.0,0.1818181818181818,0.1818181818181818,0.0,0.0,0.1818181818181818,0.0,3.6666666666666665,6.350852961085884,0.0,1.0,0.0,0.0,0.6666666666666666,0.3333333333333333,0.0,0.0,0.0,0.6666666666666666,,0.0,0.0,,0.6666666666666666,0.3333333333333333,1.3333333333333333,1.3333333333333333,0.0,,0.2727272727272727,,0.0,,0.0,,0.1818181818181818,,0.1818181818181818,,0.0,,0.0,,0.1818181818181818,,3.4,4.979959839195493,0.2,1.0,0.0,0.0,0.4,0.2,0.0,0.0,0.0,0.8,,0.2,0.4,,0.4,0.6,1.0,0.2,0.0833333333333333,0.1178511301977577,0.303030303030303,0.0428549564355483,0.0,0.0,0.0,0.0,0.0909090909090909,0.1285648693066449,0.2575757575757575,0.1071373910888708,0.1666666666666666,0.2357022603955158,0.0,0.0,0.3309090909090909,0.2108463856628978,10.142857142857142,12.334620267477112,3.857142857142857,2.571428571428572,0.5714285714285714,0.1428571428571428,0.7142857142857143,0.1428571428571428,0.0,0.8571428571428571,1.0,2.857142857142857,,1.7142857142857142,1.8571428571428568,,0.8571428571428571,1.7142857142857142,1.5714285714285714,0.0,0.2854166666666666,0.247054406213752,0.2723484848484848,0.0437452170633172,0.0354166666666666,0.0473242362150022,0.0104166666666666,0.0208333333333333,0.0746212121212121,0.0792466731193792,0.2725378787878788,0.0911200729371538,0.1875,0.1423187606383277,0.0520833333333333,0.0788737270250038,0.4071212121212121,0.1808420768220474,8.0,0.8414285714285714,1.6142857142857143,0.1142857142857142,0.0285714285714285,0.176,0.144,0.48,2.57,2.455714285714285,0.9557142857142856,1.7285714285714286,0.3199999999999999,0.8414285714285714,1.6142857142857143,0.1142857142857142,0.0285714285714285,2.57,0.176,0.144,0.48
4336633,Li Yueru,DAL,2026-06-25,0.0,32.0,0.0,0.0,10.0,0,1,0,0,1,0,0,0,0,1,,0,0,,0,1,0,-4,3.0,0.0,0.3333333333333333,0.0,0.0,0.3333333333333333,0.3333333333333333,0.0,0.0,0.3333333333333333,0.0,9.333333333333334,9.29157324317757,2.333333333333333,3.333333333333333,1.0,0.3333333333333333,1.3333333333333333,0.3333333333333333,0.0,0.3333333333333333,0.3333333333333333,1.6666666666666667,,1.3333333333333333,2.0,,1.3333333333333333,2.0,1.0,5.0,0.1166666666666666,0.202072594216369,0.2611111111111111,0.2335316617442633,0.0499999999999999,0.0866025403784438,0.0166666666666666,0.0288675134594812,0.1611111111111111,0.1669442133479635,0.1777777777777777,0.1677740985615723,0.0999999999999999,0.1732050807568877,0.0166666666666666,0.0288675134594812,0.2384444444444444,0.2079276939850147,6.6,7.765307463326869,1.6,2.6,0.6,0.2,1.0,0.2,0.0,0.2,0.2,1.6,,1.0,1.6,,1.4,1.2,0.6,2.8,0.1375,0.170171482138851,0.3458333333333333,0.2550871310835661,0.0375,0.075,0.0125,0.025,0.1708333333333333,0.1376892636821525,0.2833333333333333,0.2516611478423582,0.175,0.2061552812808829,0.0125,0.0250000000000001,0.3728333333333333,0.3179058211343591,6.0,6.324555320336758,2.111111111111111,2.4444444444444446,0.5555555555555556,0.1111111111111111,0.6666666666666666,0.1111111111111111,0.0,0.5555555555555556,0.4444444444444444,1.5555555555555556,,1.1111111111111112,1.6666666666666667,,1.3333333333333333,1.1111111111111112,0.7777777777777778,1.6666666666666667,0.2809523809523809,0.3206516182985208,0.3285714285714285,0.2660956187292047,0.0452380952380952,0.0774084200333755,0.0071428571428571,0.0188982236504613,0.1095238095238095,0.1268774353377447,0.2571428571428571,0.2177020438447464,0.2785714285714286,0.3580702245569795,0.0714285714285714,0.1074598485371119,0.4511428571428571,0.3038127382026302,8.0,1.6822222222222225,2.5488888888888885,0.6211111111111112,0.1922222222222222,0.176,0.144,0.48,4.852222222222222,4.231111111111111,2.3033333333333337,3.17,0.3199999999999999,1.6822222222222225,2.5488888888888885,0.6211111111111112,0.1922222222222222,4.852222222222222,0.176,0.144,0.48
4337216,Han Xu,NYL,2026-06-25,0.0,32.0,0.0,0.0,9.0,6,2,0,2,3,0,0,0,2,4,,0,0,,0,2,0,-5,12.0,0.5,0.1666666666666666,0.0,0.1666666666666666,0.25,0.3333333333333333,0.0,0.0,0.3333333333333333,0.0,8.666666666666666,2.886751345948129,4.666666666666667,1.3333333333333333,0.6666666666666666,1.0,1.6666666666666667,0.0,0.0,0.3333333333333333,1.6666666666666667,3.0,,0.3333333333333333,0.6666666666666666,,0.3333333333333333,1.0,0.0,-1.6666666666666667,0.5476190476190476,0.148690428533295,0.1507936507936507,0.143516994603374,0.0952380952380952,0.1649572197684645,0.1031746031746031,0.09014140231429,0.1785714285714285,0.1556749622693098,0.3492063492063492,0.0727392967453308,0.0952380952380952,0.1649572197684644,0.0476190476190476,0.0824786098842322,0.4387301587301587,0.1108259378979484,11.6,8.384509526501832,3.6,1.8,0.4,0.6,1.4,0.2,0.2,0.2,1.4,3.0,,0.2,0.4,,0.4,1.4,1.2,-3.0,0.3593406593406593,0.2836889329868032,0.1289377289377289,0.1257656447938148,0.0571428571428571,0.1277753129999879,0.0619047619047619,0.0851835419999919,0.1225274725274725,0.136916859083063,0.2813186813186813,0.1066258148435097,0.0571428571428571,0.1277753129999879,0.0285714285714285,0.0638876564999939,0.335032967032967,0.1624359988303183,14.625,7.890998488331951,6.25,1.75,0.625,0.75,2.25,0.375,0.625,0.5,2.25,5.25,,1.0,1.125,,0.5,1.25,1.0,-1.375,0.4170121545121545,0.2942646746063421,0.1116466866466866,0.0983043294428974,0.0554112554112554,0.0968401267927243,0.0557359307359307,0.0693485685870164,0.1443827006327006,0.1159013640237432,0.3530969030969031,0.1427289395283441,0.0754870129870129,0.1400438754947383,0.0349025974025974,0.0547634019267305,0.4212137862137862,0.186934723546283,11.385,4.81,1.6800000000000002,0.4649999999999999,0.96,0.2504699999999999,0.2049299999999999,0.6830999999999999,6.955,6.49,5.275,2.145,0.4553999999999999,4.81,1.6800000000000002,0.4649999999999999,0.96,6.955,0.2504699999999999,0.2049299999999999,0.6830999999999999
4398589,Elizabeth Balogun,TOR,2026-06-25,0.0,55.0,0.0,0.0,3.0,12,1,0,2,3,1,0,0,5,8,,0,0,,1,0,3,-7,15.0,0.8,0.0666666666666666,0.0,0.1333333333333333,0.2,0.5333333333333333,0.0,0.0,0.5333333333333333,0.0,15.0,0.0,9.0,2.5,0.0,1.0,2.5,0.5,0.0,1.0,4.0,6.5,,0.0,0.0,,1.0,1.5,3.0,0.5,0.6000000000000001,0.282842712474619,0.1666666666666666,0.1414213562373095,0.0,0.0,0.0666666666666666,0.0942809041582063,0.1666666666666666,0.0471404520791031,0.4333333333333333,0.1414213562373095,0.0,0.0,0.0666666666666666,0.0942809041582063,0.5,0.0471404520791031,15.0,0.0,9.0,2.5,0.0,1.0,2.5,0.5,0.0,1.0,4.0,6.5,,0.0,0.0,,1.0,1.5,3.0,0.5,0.6000000000000001,0.282842712474619,0.1666666666666666,0.1414213562373095,0.0,0.0,0.0666666666666666,0.0942809041582063,0.1666666666666666,0.0471404520791031,0.4333333333333333,0.1414213562373095,0.0,0.0,0.0666666666666666,0.0942809041582063,0.5,0.0471404520791031,15.0,0.0,9.0,2.5,0.0,1.0,2.5,0.5,0.0,1.0,4.0,6.5,,0.0,0.0,,1.0,1.5,3.0,0.5,0.6000000000000001,0.282842712474619,0.1666666666666666,0.1414213562373095,0.0,0.0,0.0666666666666666,0.0942809041582063,0.1666666666666666,0.0471404520791031,0.4333333333333333,0.1414213562373095,0.0,0.0,0.0666666666666666,0.0942809041582063,0.5,0.0471404520791031,15.0,9.45,2.275,0.0,1.15,0.3299999999999999,0.2699999999999999,0.8999999999999999,11.725,11.725,9.45,2.275,0.5999999999999999,9.45,2.275,0.0,1.15,11.725,0.3299999999999999,0.2699999999999999,0.8999999999999999
4398736,Dara Mabrey,TOR,2026-06-25,0.0,57.0,0.0,0.0,2.0,0,3,1,0,3,1,0,0,0,4,,0,0,,0,3,1,1,14.0,0.0,0.2142857142857142,0.0714285714285714,0.0,0.2142857142857142,0.2857142857142857,0.0,0.0,0.2857142857142857,0.0,14.0,,0.0,3.0,1.0,0.0,3.0,1.0,0.0,0.0,0.0,4.0,,0.0,0.0,,0.0,3.0,1.0,1.0,0.0,,0.2142857142857142,,0.0714285714285714,,0.0,,0.2142857142857142,,0.2857142857142857,,0.0,,0.0,,0.2857142857142857,,14.0,,0.0,3.0,1.0,0.0,3.0,1.0,0.0,0.0,0.0,4.0,,0.0,0.0,,0.0,3.0,1.0,1.0,0.0,,0.2142857142857142,,0.0714285714285714,,0.0,,0.2142857142857142,,0.2857142857142857,,0.0,,0.0,,0.2857142857142857,,14.0,,0.0,3.0,1.0,0.0,3.0,1.0,0.0,0.0,0.0,4.0,,0.0,0.0,,0.0,3.0,1.0,1.0,0.0,,0.2142857142857142,,0.0714285714285714,,0.0,,0.2142857142857142,,0.2857142857142857,,0.0,,0.0,,0.2857142857142857,,14.0,0.0,3.0,1.0,0.0,0.308,0.252,0.84,4.0,3.0,1.0,4.0,0.56,0.0,3.0,1.0,0.0,4.0,0.308,0.252,0.84
4398764,Rae Burrell,LAS,2026-06-25,0.0,33.0,0.0,0.0,9.0,10,2,2,2,6,1,0,1,3,7,,2,2,,0,2,1,-9,25.0,0.4,0.08,0.08,0.08,0.24,0.28,0.08,0.04,0.3551999999999999,0.0,21.666666666666668,3.511884584284248,8.0,2.0,2.0,1.3333333333333333,4.0,0.3333333333333333,0.0,1.3333333333333333,2.333333333333333,6.0,,2.0,2.0,,0.6666666666666666,1.3333333333333333,3.0,-1.0,0.3521885521885521,0.2210837073275242,0.0973737373737373,0.0624458136702068,0.094006734006734,0.0157851782762266,0.0569696969696969,0.0496378066168321,0.1742760942760942,0.1030117498314624,0.2667340067340067,0.1494321917594075,0.094006734006734,0.0157851782762266,0.0621548821548821,0.0260882582395022,0.3702518518518518,0.1627451015110551,25.8,6.534523701081817,9.4,2.4,1.8,1.2,3.4,0.6,0.0,2.0,3.2,6.8,,1.8,2.0,,0.8,1.6,2.4,0.0,0.3545643628402249,0.1566462184914155,0.0938922227198089,0.0586565638938323,0.0747291635567497,0.0297584826450689,0.0456103896103896,0.0433826887430592,0.1355016171567895,0.0903314070498534,0.2632916355674977,0.1222522427457342,0.0816257152808876,0.0207237999501797,0.0727609095884957,0.0449370577855191,0.371967859879584,0.1177496380050596,21.875,10.548358030653736,7.0,2.125,1.25,0.875,2.75,0.75,0.125,1.625,2.5,5.625,,1.125,1.25,,0.875,1.25,1.875,0.0,0.3105164949992536,0.1489175406823004,0.0982450116932875,0.0484799133291938,0.0584800147854335,0.0382984636022446,0.0376808905380334,0.0392987119260355,0.1279660077197023,0.074878424335718,0.2583602385572829,0.1018361767144941,0.0583040823434912,0.0432745660245268,0.070112667846658,0.0372515406656446,0.354126702635077,0.1017874144612758,23.655,8.59,2.165,1.7799999999999998,1.295,0.52041,0.42579,1.4193,12.534999999999998,10.755,10.37,3.945,0.9462,8.59,2.165,1.7799999999999998,1.295,12.534999999999998,0.52041,0.42579,1.4193
4398768,Nyara Sabally,TOR,2026-06-25,0.0,33.0,0.0,0.0,9.0,9,3,0,1,1,0,1,0,4,6,,0,0,,1,2,1,-12,23.0,0.391304347826087,0.1304347826086956,0.0,0.0434782608695652,0.0434782608695652,0.2608695652173913,0.0,0.0,0.2608695652173913,0.0,7.666666666666667,13.279056191361391,3.0,1.0,0.0,0.3333333333333333,0.3333333333333333,0.0,0.3333333333333333,0.0,1.3333333333333333,2.0,,0.0,0.0,,0.3333333333333333,0.6666666666666666,0.3333333333333333,-4.0,0.391304347826087,,0.1304347826086956,,0.0,,0.0434782608695652,,0.0434782608695652,,0.2608695652173913,,0.0,,0.0,,0.2608695652173913,,14.2,13.274034804836091,6.0,3.2,1.4,0.2,0.4,0.4,0.8,0.4,2.4,4.0,,1.0,1.0,,1.6,1.6,1.0,-1.2,0.413768115942029,0.0774820344239561,0.217287784679089,0.0966633718958517,0.1023809523809523,0.1000849978903985,0.0144927536231884,0.0251021856169402,0.0263975155279503,0.0231881747252609,0.2726708074534161,0.0792333350080009,0.0642857142857142,0.0724920826078015,0.0333333333333333,0.0577350269189625,0.3342898550724637,0.0802739323927895,16.625,11.673382420826329,6.0,3.5,1.375,0.125,0.75,0.875,0.875,0.625,2.125,4.25,,1.625,2.125,,1.625,1.875,1.75,-1.125,0.3427814938684503,0.0999732862533945,0.1958233795190317,0.0780838903203396,0.0870879120879121,0.0765341423329469,0.0072463768115942,0.0177499256723418,0.049096193661411,0.0349276443071471,0.2465918139831183,0.0762915583668825,0.1295787545787546,0.0884164219580236,0.0358974358974359,0.0439652005114929,0.3395039018952062,0.0651161655265575,14.044999999999998,5.55,2.57,0.7649999999999999,0.345,0.3089899999999999,0.2528099999999999,0.8426999999999999,8.885,8.12,6.315,3.335,0.5617999999999999,5.55,2.57,0.7649999999999999,0.345,8.885,0.3089899999999999,0.2528099999999999,0.8426999999999999
4398776,NaLyssa Smith,LVA,2026-06-25,0.0,33.0,0.0,0.0,9.0,22,9,1,1,2,2,1,1,8,12,,5,7,,6,3,1,-1,28.0,0.7857142857142857,0.3214285714285714,0.0357142857142857,0.0357142857142857,0.0714285714285714,0.4285714285714285,0.25,0.0357142857142857,0.5742857142857142,0.0,21.666666666666668,5.686240703077327,13.0,6.333333333333333,0.6666666666666666,0.3333333333333333,1.0,0.6666666666666666,0.6666666666666666,1.0,5.333333333333333,7.666666666666667,,2.0,3.333333333333333,,3.0,3.333333333333333,2.333333333333333,5.666666666666667,0.5570028011204482,0.2867524186530442,0.2855742296918768,0.0448426489939759,0.0285714285714285,0.0257539376818856,0.0119047619047619,0.020619652471058,0.0404761904761904,0.0366542959960491,0.3379551820728291,0.0971999894995513,0.1333333333333333,0.1258305739211791,0.0452380952380952,0.0506757063185542,0.441859943977591,0.1812495146977245,19.8,4.816637831516918,11.4,6.0,1.2,0.2,0.6,0.8,0.8,1.0,4.6,6.4,,2.0,3.6,,2.6,3.4,3.2,7.2,0.5508683473389355,0.2507696608375295,0.3019000933706816,0.0518334116930125,0.0643650793650793,0.0525163593751092,0.0071428571428571,0.0159719141249984,0.0242857142857142,0.0341066753894666,0.3097175536881419,0.085074881609689,0.1744444444444444,0.1057454432372009,0.0493650793650793,0.0534710994669653,0.4358381886087768,0.1284638181614955,20.375,4.172614801981401,11.0,6.625,1.0,0.125,0.5,0.5,1.125,0.875,4.25,6.25,,2.375,4.5,,2.625,4.0,3.125,3.125,0.5311577964519141,0.2032682046634523,0.3346796218487395,0.1687005543404339,0.053125,0.0455475539027365,0.0044642857142857,0.0126269068069026,0.0201785714285714,0.0291416316268933,0.2999623599439776,0.0703339210069004,0.2125198412698412,0.0992692023116374,0.0408531746031746,0.0487989083823567,0.4343242647058823,0.1005621628069672,21.705,13.39,6.675,0.97,0.345,0.4775099999999999,0.3906899999999999,1.3022999999999998,21.035,20.065,14.36,7.645,0.8681999999999999,13.39,6.675,0.97,0.345,21.035,0.4775099999999999,0.3906899999999999,1.3022999999999998
4398899,Grace Berger,DAL,2026-06-25,0.0,53.0,0.0,0.0,3.0,2,1,2,0,0,1,0,0,0,1,,2,2,,0,1,1,0,9.0,0.2222222222222222,0.1111111111111111,0.2222222222222222,0.0,0.0,0.1111111111111111,0.2222222222222222,0.0,0.2088888888888888,0.0,11.5,3.5355339059327378,2.5,1.5,2.5,0.5,1.0,0.5,0.0,0.0,0.5,2.0,,1.0,1.0,,0.0,1.5,0.5,3.0,0.2182539682539682,0.0056119585808456,0.1269841269841269,0.0224478343233824,0.2182539682539682,0.0056119585808456,0.0357142857142857,0.0505076272276105,0.0714285714285714,0.101015254455221,0.1626984126984126,0.0729554615509929,0.1111111111111111,0.1571348402636772,0.0,0.0,0.2115873015873015,0.003816131834975,11.5,3.5355339059327378,2.5,1.5,2.5,0.5,1.0,0.5,0.0,0.0,0.5,2.0,,1.0,1.0,,0.0,1.5,0.5,3.0,0.2182539682539682,0.0056119585808456,0.1269841269841269,0.0224478343233824,0.2182539682539682,0.0056119585808456,0.0357142857142857,0.0505076272276105,0.0714285714285714,0.101015254455221,0.1626984126984126,0.0729554615509929,0.1111111111111111,0.1571348402636772,0.0,0.0,0.2115873015873015,0.003816131834975,11.5,3.5355339059327378,2.5,1.5,2.5,0.5,1.0,0.5,0.0,0.0,0.5,2.0,,1.0,1.0,,0.0,1.5,0.5,3.0,0.2182539682539682,0.0056119585808456,0.1269841269841269,0.0224478343233824,0.2182539682539682,0.0056119585808456,0.0357142857142857,0.0505076272276105,0.0714285714285714,0.101015254455221,0.1626984126984126,0.0729554615509929,0.1111111111111111,0.1571348402636772,0.0,0.0,0.2115873015873015,0.003816131834975,11.125,2.425,1.425,2.425,0.4249999999999999,0.24475,0.2002499999999999,0.6675,6.275,3.85,4.85,3.85,0.4449999999999999,2.425,1.425,2.425,0.4249999999999999,6.275,0.24475,0.2002499999999999,0.6675
4398907,Kate Martin,LAS,2026-06-25,0.0,33.0,0.0,0.0,6.0,0,0,1,0,0,0,0,0,0,0,,0,0,,0,0,1,9,6.0,0.0,0.0,0.1666666666666666,0.0,0.0,0.0,0.0,0.0,0.0,0.0,8.333333333333334,8.736894948054104,3.6666666666666665,0.0,0.3333333333333333,1.0,2.0,0.3333333333333333,0.0,0.3333333333333333,1.3333333333333333,2.333333333333333,,0.0,0.0,,0.0,0.0,0.3333333333333333,6.0,0.2037037037037037,0.3528251645047713,0.0,0.0,0.0555555555555555,0.0962250448649376,0.0555555555555555,0.0962250448649376,0.1111111111111111,0.1924500897298752,0.1296296296296296,0.2245251046848545,0.0,0.0,0.0185185185185185,0.0320750149549792,0.1481481481481481,0.2566001196398336,10.8,9.257429448826494,3.8,1.6,0.6,1.0,2.4,0.2,0.0,0.4,1.2,3.0,,0.4,0.8,,0.4,1.2,0.8,3.4,0.1917874396135265,0.2786250468476327,0.0942028985507246,0.1378717216698583,0.0507246376811594,0.0749571045854246,0.0507246376811594,0.0749571045854246,0.1434782608695652,0.1442374876585166,0.1966183574879227,0.1851382703297819,0.0347826086956521,0.0777762774782535,0.0198067632850241,0.0274555985282759,0.2317294685990338,0.2151806612660473,10.8,9.257429448826494,3.8,1.6,0.6,1.0,2.4,0.2,0.0,0.4,1.2,3.0,,0.4,0.8,,0.4,1.2,0.8,3.4,0.1917874396135265,0.2786250468476327,0.0942028985507246,0.1378717216698583,0.0507246376811594,0.0749571045854246,0.0507246376811594,0.0749571045854246,0.1434782608695652,0.1442374876585166,0.1966183574879227,0.1851382703297819,0.0347826086956521,0.0777762774782535,0.0198067632850241,0.0274555985282759,0.2317294685990338,0.2151806612660473,9.34,3.1899999999999995,0.88,0.58,0.8499999999999999,0.20548,0.16812,0.5604,4.65,4.069999999999999,3.77,1.46,0.3736,3.1899999999999995,0.88,0.58,0.8499999999999999,4.65,0.20548,0.16812,0.5604
4399342,Lexi Held,TOR,2026-06-25,0.0,33.0,0.0,0.0,10.0,3,2,1,1,1,0,0,0,1,2,,0,0,,1,1,2,6,8.0,0.375,0.25,0.125,0.125,0.125,0.25,0.0,0.0,0.25,0.0,13.333333333333334,8.386497083606088,3.0,1.3333333333333333,1.6666666666666667,0.6666666666666666,1.3333333333333333,0.0,0.0,0.6666666666666666,1.0,3.333333333333333,,0.3333333333333333,0.3333333333333333,,0.3333333333333333,1.0,2.0,-1.3333333333333333,0.2795893719806763,0.1308409203033246,0.1348631239935588,0.1052897230043882,0.1221819645732689,0.0099652929102146,0.056159420289855,0.0634575358265833,0.0851449275362318,0.073787724110204,0.2443639291465378,0.0199305858204298,0.037037037037037,0.0641500299099584,0.0515297906602254,0.0559914288267752,0.3121900161030596,0.0664590397954421,10.2,7.328028384224504,1.8,0.8,1.0,0.4,0.8,0.0,0.0,0.4,0.6,2.0,,0.2,0.2,,0.2,0.6,1.4,1.0,0.1677536231884057,0.1789154501161796,0.0809178743961352,0.1048779364268815,0.0733091787439613,0.0672917771461584,0.033695652173913,0.0544021467662704,0.0510869565217391,0.0699800808818255,0.1466183574879226,0.1345835542923169,0.0222222222222222,0.0496903994999953,0.0309178743961352,0.0486221744544391,0.1873140096618357,0.1773335383721721,11.11111111111111,8.978369067437088,3.888888888888889,0.5555555555555556,0.7777777777777778,0.8888888888888888,1.6666666666666667,0.3333333333333333,0.1111111111111111,0.5555555555555556,1.3333333333333333,3.111111111111111,,0.3333333333333333,0.3333333333333333,,0.2222222222222222,0.3333333333333333,1.4444444444444444,0.7777777777777778,0.2234116527594788,0.3118393914193308,0.0497852925389157,0.0839041262171897,0.050828331625433,0.0612338761165089,0.0488032498902064,0.0787581710839056,0.0832784365393061,0.1222012622966473,0.1706070365490655,0.1752032230158115,0.0224466891133557,0.0448266900865129,0.0323281120382569,0.0541122884048517,0.212811691797199,0.227115430088231,10.99222222222222,2.7577777777777777,1.0911111111111111,1.1555555555555554,0.6677777777777778,0.2418288888888888,0.1978599999999999,0.6595333333333332,5.004444444444444,3.848888888888889,3.913333333333333,2.2466666666666666,0.4396888888888888,2.7577777777777777,1.0911111111111111,1.1555555555555554,0.6677777777777778,5.004444444444444,0.2418288888888888,0.1978599999999999,0.6595333333333332
4399415,Maddy Siegrist,DAL,2026-06-25,0.0,32.0,0.0,0.0,10.0,2,1,0,0,0,1,1,1,1,1,,0,0,,0,1,1,2,6.0,0.3333333333333333,0.1666666666666666,0.0,0.0,0.0,0.1666666666666666,0.0,0.1666666666666666,0.3333333333333333,0.0,10.0,6.08276253029822,2.333333333333333,1.3333333333333333,0.3333333333333333,0.3333333333333333,0.6666666666666666,0.6666666666666666,0.6666666666666666,0.3333333333333333,1.0,3.333333333333333,,0.0,0.0,,0.6666666666666666,0.6666666666666666,0.6666666666666666,-2.6666666666666665,0.2091503267973856,0.1821877106505403,0.1423902894491129,0.0245131383619515,0.0196078431372549,0.0339617805405662,0.0196078431372549,0.0339617805405662,0.0672268907563025,0.0717983508009876,0.2600373482726424,0.1827306224341081,0.0,0.0,0.0555555555555555,0.0962250448649376,0.3155929038281979,0.16458420144945,13.2,6.300793600809347,6.8,1.6,0.8,0.6,1.8,0.4,0.6,0.2,2.8,6.0,,0.6,0.6,,0.4,1.2,1.2,4.0,0.4379901960784313,0.3928566825568887,0.1354341736694678,0.0905741333180356,0.0442647058823529,0.0435018294965875,0.0317647058823529,0.0458672675049833,0.1178361344537815,0.0860201254979241,0.3835224089635854,0.2287729700785023,0.0375,0.0838525491562421,0.0333333333333333,0.0745355992499929,0.4333557422969187,0.2287938835857952,15.88888888888889,7.672099524322604,8.333333333333334,3.333333333333333,0.6666666666666666,0.6666666666666666,2.111111111111111,0.3333333333333333,0.4444444444444444,0.3333333333333333,3.555555555555556,7.0,,0.5555555555555556,0.5555555555555556,,0.5555555555555556,2.7777777777777777,1.7777777777777777,5.555555555555555,0.4539881289796773,0.3011487285706083,0.202824511901591,0.1215620910650329,0.0358148478246517,0.0370382625566046,0.0314827335787444,0.0393421010362981,0.1220795197215075,0.0707896074570917,0.3982580278134706,0.1645952438720063,0.0284961685823754,0.063839846445514,0.0274004411935446,0.0550861785341179,0.4381967831832605,0.1678390192185829,11.697777777777777,5.046666666666667,1.7766666666666666,0.5133333333333333,0.4433333333333333,0.2573511111111111,0.2105599999999999,0.7018666666666665,7.336666666666667,6.823333333333333,5.5600000000000005,2.29,0.467911111111111,5.046666666666667,1.7766666666666666,0.5133333333333333,0.4433333333333333,7.336666666666667,0.2573511111111111,0.2105599999999999,0.7018666666666665
4420318,Ezi Magbegor,SEA,2026-06-25,0.0,32.0,0.0,0.0,10.0,0,0,0,0,0,0,0,0,0,0,,0,0,,0,0,0,0,0.0,,,,,,,,,,0.0,0.0,0.0,0.0,0.0,0.0,0.0,0.0,0.0,0.0,0.0,0.0,0.0,,0.0,0.0,,0.0,0.0,0.0,0.0,,,,,,,,,,,,,,,,,,,0.0,0.0,0.0,0.0,0.0,0.0,0.0,0.0,0.0,0.0,0.0,0.0,,0.0,0.0,,0.0,0.0,0.0,0.0,,,,,,,,,,,,,,,,,,,0.0,0.0,0.0,0.0,0.0,0.0,0.0,0.0,0.0,0.0,0.0,0.0,,0.0,0.0,,0.0,0.0,0.0,0.0,,,,,,,,,,,,,,,,,,,8.0,0.0,0.0,0.0,0.0,0.176,0.144,0.48,0.0,0.0,0.0,0.0,0.3199999999999999,0.0,0.0,0.0,0.0,0.0,0.176,0.144,0.48
4432830,Jordan Horston,SEA,2026-06-25,0.0,32.0,0.0,0.0,10.0,5,3,1,1,3,1,0,1,2,4,,0,0,,0,3,3,6,20.0,0.25,0.15,0.05,0.05,0.15,0.2,0.0,0.05,0.25,0.0,19.666666666666668,2.516611478423583,4.333333333333333,3.333333333333333,0.3333333333333333,0.3333333333333333,2.0,2.0,0.0,1.0,2.0,5.0,,0.0,0.0,,0.3333333333333333,3.0,2.0,9.666666666666666,0.2045454545454545,0.1860307448152829,0.1694295900178253,0.017037632331915,0.0166666666666666,0.0288675134594812,0.0166666666666666,0.0288675134594812,0.0999108734402852,0.0462499866355226,0.2422459893048128,0.1502445412450165,0.0,0.0,0.0514260249554367,0.0067976167435538,0.2936720142602495,0.1440896992866388,18.4,2.70185121722126,3.2,2.8,1.0,0.2,1.4,1.4,0.0,1.0,1.4,4.0,,0.2,0.4,,0.2,2.6,1.8,5.4,0.1605050505050505,0.1472975273904808,0.150546642899584,0.029587658323316,0.0611111111111111,0.0820267947790744,0.01,0.0223606797749978,0.0732798573975044,0.0543585949179741,0.2120142602495543,0.1639794809693698,0.0222222222222222,0.0496903994999953,0.0553000594177064,0.0081655473554689,0.2770920974450386,0.1477006503056938,13.555555555555555,8.048464311766423,2.2222222222222223,2.333333333333333,0.6666666666666666,0.1111111111111111,1.1111111111111112,0.8888888888888888,0.2222222222222222,1.0,0.8888888888888888,3.111111111111111,,0.3333333333333333,0.4444444444444444,,0.2222222222222222,2.111111111111111,1.1111111111111112,1.8888888888888888,0.1527417027417027,0.1434088091817759,0.1741999830235124,0.050850842430371,0.0531746031746031,0.0709907215041694,0.0071428571428571,0.0188982236504613,0.0809141838553603,0.050102563218175,0.2276292335115864,0.1365186556485232,0.0349206349206349,0.0599823607228291,0.077595280536457,0.0545503422326434,0.3205895934131228,0.1520989212782455,18.051111111111112,3.614444444444445,2.8966666666666665,0.7333333333333333,0.3422222222222222,0.3971244444444444,0.32492,1.0830666666666666,7.2444444444444445,6.511111111111111,4.347777777777778,3.63,0.7220444444444445,3.614444444444445,2.8966666666666665,0.7333333333333333,0.3422222222222222,7.2444444444444445,0.3971244444444444,0.32492,1.0830666666666666
4432832,Zia Cooke,SEA,2026-06-25,0.0,32.0,0.0,0.0,10.0,10,1,2,2,4,0,0,3,3,8,,2,2,,0,1,1,13,17.0,0.5882352941176471,0.0588235294117647,0.1176470588235294,0.1176470588235294,0.2352941176470588,0.4705882352941176,0.1176470588235294,0.1764705882352941,0.6988235294117647,0.0,20.0,3.6055512754639896,15.0,3.333333333333333,1.3333333333333333,1.3333333333333333,4.333333333333333,0.6666666666666666,0.0,3.333333333333333,4.666666666666667,10.666666666666666,,4.333333333333333,4.666666666666667,,1.0,2.333333333333333,0.6666666666666666,10.666666666666666,0.7187392500859994,0.2813718065983804,0.1592277261781905,0.0869594982692897,0.0706484348125214,0.0410695790035269,0.0669934640522875,0.0605016620312863,0.2143962848297213,0.0494811523480638,0.5267457860337117,0.056373778973467,0.2131922944616443,0.1763227306921162,0.1743206054351565,0.08993155753417,0.7948710010319918,0.0834824674289259,19.6,3.3615472627943217,13.0,2.8,2.0,1.4,4.4,0.4,0.0,2.2,4.0,10.2,,3.6,4.0,,0.8,2.0,1.4,5.8,0.6369253682334178,0.234685265921223,0.1421275447978234,0.0827730115758097,0.1037526972511492,0.0574603449534055,0.0708778966131907,0.0442651289466042,0.2275014072614691,0.0606706671952574,0.516047471620227,0.0424688426854675,0.1824608312224411,0.1631354227384766,0.1170923632610939,0.1033096472365264,0.713422600619195,0.1278139118108509,19.0,3.7749172176353754,12.77777777777778,2.6666666666666665,1.6666666666666667,1.5555555555555556,4.333333333333333,0.4444444444444444,0.0,1.7777777777777777,3.7777777777777777,10.0,,3.6666666666666665,4.444444444444445,,0.8888888888888888,1.7777777777777777,1.4444444444444444,3.4444444444444446,0.6472988492332729,0.2470717437607222,0.1331465426010452,0.099011810003527,0.0839688897772085,0.0648405183144724,0.0829890622622932,0.0660112914341276,0.235326868768449,0.1196937691550437,0.5242936839113983,0.0651351834563488,0.2205834462239541,0.137509205788605,0.095808156723152,0.0865784457005436,0.7171585569730901,0.1042906727033435,19.21,13.105555555555556,2.663333333333333,1.7333333333333334,1.501111111111111,0.42262,0.34578,1.1526,17.502222222222223,15.768888888888888,14.838888888888889,4.3966666666666665,0.7684,13.105555555555556,2.663333333333333,1.7333333333333334,1.501111111111111,17.502222222222223,0.42262,0.34578,1.1526
4432844,Aubrey Griffin,NYL,2026-06-25,0.0,42.0,0.0,0.0,8.0,0,1,0,0,0,0,0,0,0,0,,0,0,,0,1,1,-2,2.0,0.0,0.5,0.0,0.0,0.0,0.0,0.0,0.0,0.0,0.0,0.6666666666666666,1.1547005383792397,0.0,0.3333333333333333,0.0,0.0,0.0,0.0,0.0,0.0,0.0,0.0,,0.0,0.0,,0.0,0.3333333333333333,0.3333333333333333,-1.6666666666666667,0.0,,0.5,,0.0,,0.0,,0.0,,0.0,,0.0,,0.0,,0.0,,1.4,2.1908902300206616,0.4,0.2,0.0,0.0,0.0,0.0,0.0,0.2,0.2,0.2,,0.0,0.0,,0.0,0.2,0.2,0.2,0.2,0.282842712474619,0.25,0.3535533905932738,0.0,0.0,0.0,0.0,0.0,0.0,0.1,0.1414213562373095,0.0,0.0,0.1,0.1414213562373095,0.2,0.282842712474619,4.571428571428571,5.883795341363227,1.1428571428571428,0.4285714285714285,0.0,0.0,0.0,0.1428571428571428,0.1428571428571428,0.2857142857142857,0.4285714285714285,0.7142857142857143,,0.2857142857142857,0.2857142857142857,,0.0,0.4285714285714285,0.4285714285714285,2.7142857142857144,0.2,0.2309401076758503,0.1583333333333333,0.2362907813126304,0.0,0.0,0.0,0.0,0.0,0.0,0.1166666666666666,0.1374368541872553,0.0333333333333333,0.0666666666666666,0.0666666666666666,0.0942809041582063,0.198,0.2286540326927707,8.0,0.3685714285714285,0.4057142857142857,0.0,0.0,0.176,0.144,0.48,0.7742857142857142,0.7742857142857142,0.3685714285714285,0.4057142857142857,0.3199999999999999,0.3685714285714285,0.4057142857142857,0.0,0.0,0.7742857142857142,0.176,0.144,0.48
4433404,Cameron Brink,LAS,2026-06-25,0.0,33.0,0.0,0.0,9.0,16,8,0,2,5,1,1,6,7,11,,0,1,,4,4,6,8,24.0,0.6666666666666666,0.3333333333333333,0.0,0.0833333333333333,0.2083333333333333,0.4583333333333333,0.0416666666666666,0.25,0.7266666666666666,0.0,20.33333333333333,3.214550253664317,11.666666666666666,5.0,1.0,1.0,2.6666666666666665,0.6666666666666666,2.0,4.333333333333333,4.333333333333333,7.0,,2.0,3.0,,2.0,3.0,5.333333333333333,-0.6666666666666666,0.5623781676413255,0.1512669309297924,0.2358674463937621,0.1135968989031848,0.0545808966861598,0.0555811985551003,0.0453216374269005,0.0421448400742677,0.1230506822612085,0.0779266280740728,0.3321150097465886,0.1188991444179641,0.1561890838206627,0.1425126171589614,0.2071150097465886,0.1353135796138889,0.607953216374269,0.2445864049576336,19.2,2.9495762407505253,11.2,4.6,1.0,0.6,2.2,0.8,2.0,3.4,4.0,6.6,,2.6,3.8,,1.4,3.2,4.4,-2.4,0.5782163742690059,0.1103462246095992,0.2316520467836257,0.0848584724009554,0.0557748538011695,0.0394902634665262,0.0271929824561403,0.0387854227533932,0.1073830409356725,0.0610338532042816,0.3374269005847953,0.0869462156767357,0.2108187134502924,0.1383188903846056,0.1683479532163742,0.1145002648518357,0.5985350877192983,0.1739000619113728,16.75,4.862392121462146,8.25,4.125,0.625,0.375,1.5,0.875,1.625,3.0,3.0,5.0,,1.875,2.625,,1.375,2.75,4.25,-0.5,0.4308296783625731,0.2787995479989675,0.2541575292397661,0.0924760098488088,0.0348592836257309,0.0415257888514364,0.0169956140350877,0.0325219055308443,0.0775310672514619,0.0669882992789971,0.2664473684210526,0.1396463975138807,0.1456505847953216,0.1421186866448949,0.1937591374269006,0.144193170922627,0.5242927631578947,0.1733942993790437,19.77,11.47,5.135000000000001,0.7749999999999999,0.885,0.4349399999999999,0.3558599999999999,1.1862,17.38,16.605,12.245,5.91,0.7908,11.47,5.135000000000001,0.7749999999999999,0.885,17.38,0.4349399999999999,0.3558599999999999,1.1862
4433632,Ashley Owusu,NYL,2026-06-25,0.0,61.0,0.0,0.0,2.0,2,3,1,0,0,0,0,0,0,4,,2,2,,3,0,3,-10,13.0,0.1538461538461538,0.2307692307692307,0.0769230769230769,0.0,0.0,0.3076923076923077,0.1538461538461538,0.0,0.3753846153846153,0.0,13.0,,2.0,3.0,1.0,0.0,0.0,0.0,0.0,0.0,0.0,4.0,,2.0,2.0,,3.0,0.0,3.0,-10.0,0.1538461538461538,,0.2307692307692307,,0.0769230769230769,,0.0,,0.0,,0.3076923076923077,,0.1538461538461538,,0.0,,0.3753846153846153,,13.0,,2.0,3.0,1.0,0.0,0.0,0.0,0.0,0.0,0.0,4.0,,2.0,2.0,,3.0,0.0,3.0,-10.0,0.1538461538461538,,0.2307692307692307,,0.0769230769230769,,0.0,,0.0,,0.3076923076923077,,0.1538461538461538,,0.0,,0.3753846153846153,,13.0,,2.0,3.0,1.0,0.0,0.0,0.0,0.0,0.0,0.0,4.0,,2.0,2.0,,3.0,0.0,3.0,-10.0,0.1538461538461538,,0.2307692307692307,,0.0769230769230769,,0.0,,0.0,,0.3076923076923077,,0.1538461538461538,,0.0,,0.3753846153846153,,12.999999999999998,2.0,3.0,1.0,0.0,0.2859999999999999,0.2339999999999999,0.7799999999999999,6.0,5.0,3.0,4.0,0.5199999999999999,2.0,3.0,1.0,0.0,6.0,0.2859999999999999,0.2339999999999999,0.7799999999999999
4433633,Kierstan Bell,LVA,2026-06-25,0.0,33.0,0.0,0.0,9.0,0,0,0,0,0,0,0,0,0,0,,0,0,,0,0,0,0,0.0,,,,,,,,,,0.0,0.0,0.0,0.0,0.0,0.0,0.0,0.0,0.0,0.0,0.0,0.0,0.0,,0.0,0.0,,0.0,0.0,0.0,0.0,,,,,,,,,,,,,,,,,,,3.4,4.669047011971501,0.0,0.2,0.2,0.0,0.4,0.0,0.2,0.0,0.0,0.6,,0.0,0.0,,0.0,0.2,0.0,1.4,0.0,0.0,0.0555555555555555,0.0785674201318387,0.0625,0.0883883476483184,0.0,0.0,0.1180555555555555,0.0098209275164796,0.173611111111111,0.0687464926153588,0.0,0.0,0.0,0.0,0.173611111111111,0.0687464926153588,10.0,10.042765697612529,2.375,1.25,0.75,0.5,1.625,0.25,0.125,0.5,0.875,2.5,,0.125,0.125,,0.125,1.125,0.375,-1.0,0.1632478632478632,0.2417912312070901,0.1084570400359874,0.1290035198189502,0.0697143499775078,0.0512217223429251,0.0341880341880341,0.0513710054708175,0.1415092217723796,0.0970008996183534,0.2218061178587494,0.0988003643111232,0.0076923076923076,0.0172005229038445,0.0364372469635627,0.0508898991497025,0.2616279802069275,0.1407017494277443,8.0,0.475,0.32,0.22,0.1,0.176,0.144,0.48,1.015,0.795,0.6950000000000001,0.54,0.3199999999999999,0.475,0.32,0.22,0.1,1.015,0.176,0.144,0.48
4433643,Mackenzie Holmes,SEA,2026-06-25,0.0,32.0,0.0,0.0,10.0,2,4,0,0,0,3,0,0,1,2,,0,0,,1,3,3,-4,14.0,0.1428571428571428,0.2857142857142857,0.0,0.0,0.0,0.1428571428571428,0.0,0.0,0.1428571428571428,0.0,19.33333333333333,6.110100926607786,7.333333333333333,5.333333333333333,0.6666666666666666,0.3333333333333333,0.3333333333333333,1.3333333333333333,1.0,0.3333333333333333,2.333333333333333,4.0,,2.333333333333333,3.0,,1.3333333333333333,4.0,3.0,-6.333333333333333,0.3154253154253154,0.3267754536930329,0.2832722832722833,0.051325639943794,0.0313390313390313,0.0284543936687153,0.0128205128205128,0.0222057795842163,0.0128205128205128,0.0222057795842164,0.1872201872201872,0.1055324665266184,0.1381766381766381,0.1205956354034009,0.0185185185185185,0.0320750149549792,0.2665364265364265,0.1247384321173716,14.6,7.987490219086343,5.2,3.6,0.4,0.2,0.2,1.2,0.6,0.4,1.8,3.0,,1.4,1.8,,0.8,2.8,2.2,-6.6,0.2692551892551892,0.2781869867561274,0.2299633699633699,0.0888572512764282,0.0188034188034188,0.0264474332423347,0.0076923076923076,0.0172005229038445,0.0076923076923076,0.0172005229038445,0.1723321123321123,0.1312789147068472,0.0829059829059829,0.1140153000281729,0.0311111111111111,0.0454062594260056,0.2399218559218559,0.1706105713032497,15.666666666666666,6.819090848492928,4.888888888888889,4.444444444444445,0.4444444444444444,0.3333333333333333,0.6666666666666666,0.8888888888888888,0.5555555555555556,0.5555555555555556,1.6666666666666667,3.4444444444444446,,1.2222222222222223,1.4444444444444444,,1.3333333333333333,3.111111111111111,2.555555555555556,-3.555555555555556,0.2619118937959517,0.2041320672288059,0.2800270582879278,0.122576997167246,0.0201081795284693,0.0325731799402136,0.0176514306949089,0.0284663218167306,0.0326042717347065,0.0462464986462618,0.1889576338851701,0.1157479237882505,0.0672229005562338,0.1012273915966393,0.0326968790736906,0.0424636618114137,0.2512325892036037,0.1670624768892403,16.143333333333334,5.297777777777777,4.348888888888889,0.4288888888888889,0.2366666666666666,0.3551533333333333,0.29058,0.9686,10.075555555555557,9.646666666666668,5.726666666666667,4.777777777777779,0.6457333333333333,5.297777777777777,4.348888888888889,0.4288888888888889,0.2366666666666666,10.075555555555557,0.3551533333333333,0.29058,0.9686
4433730,Paige Bueckers,DAL,2026-06-25,0.0,32.0,0.0,0.0,10.0,24,6,2,2,4,0,0,1,7,13,,8,8,,2,4,4,8,36.0,0.6666666666666666,0.1666666666666666,0.0555555555555555,0.0555555555555555,0.1111111111111111,0.3611111111111111,0.2222222222222222,0.0277777777777777,0.4866666666666666,0.0,33.333333333333336,2.5166114784235782,18.33333333333333,3.333333333333333,4.333333333333333,1.3333333333333333,4.333333333333333,0.6666666666666666,0.0,2.333333333333333,7.0,15.0,,3.0,3.6666666666666665,,0.6666666666666666,2.6666666666666665,3.6666666666666665,-4.0,0.5399152818507656,0.2737088627914615,0.0966112740306288,0.067385489923863,0.13419137612686,0.0858643563749753,0.0393722167915716,0.0140492305787895,0.1318561963723254,0.0543734788508793,0.4520745085261214,0.1110009404959225,0.1056804605191702,0.1023675763941013,0.0718203540784186,0.038254558586405,0.5703942652329749,0.0992305542379038,32.8,2.0493901531919203,20.0,3.2,5.6,2.2,4.4,0.4,0.0,2.2,7.0,14.0,,3.8,4.4,,0.4,2.8,3.2,0.6,0.6072336265884652,0.2433108609472086,0.0955034213098729,0.0477179558746612,0.1745519713261649,0.0836930423023192,0.0672205930270446,0.0403418466238977,0.1352231997393287,0.0395307348502432,0.4278429455848811,0.0874620726851375,0.134376018246986,0.1500743641384167,0.0685076572173346,0.0361190219295096,0.5554760508308896,0.1225695673807564,30.0,5.338539126015656,18.444444444444443,3.0,5.222222222222222,2.111111111111111,4.0,0.5555555555555556,0.1111111111111111,1.6666666666666667,6.666666666666667,12.555555555555555,,3.0,3.6666666666666665,,0.2222222222222222,2.7777777777777777,2.4444444444444446,3.7777777777777777,0.6255464592158141,0.2288668541099298,0.1017316987075051,0.0465317736919057,0.1834000850801926,0.1071851017647462,0.0750341678433076,0.0563257158162266,0.1378133937945765,0.073505679499768,0.4262006263350349,0.097890400431235,0.1160043535715578,0.1180415792039473,0.0581986984540748,0.0520547745791413,0.5354412403605953,0.1330983111008049,32.879999999999995,19.788888888888888,3.62,4.604444444444444,1.8922222222222225,0.7233599999999999,0.5918399999999999,1.9728,28.01333333333333,23.40888888888889,24.39333333333333,8.224444444444444,1.3152,19.788888888888888,3.62,4.604444444444444,1.8922222222222225,28.01333333333333,0.7233599999999999,0.5918399999999999,1.9728
4433744,Ugonne Onyiah,NYL,2026-06-25,0.0,53.0,0.0,0.0,3.0,0,0,0,0,0,0,0,0,0,0,,0,0,,0,0,0,0,0.0,,,,,,,,,,0.0,0.0,0.0,0.0,0.0,0.0,0.0,0.0,0.0,0.0,0.0,0.0,0.0,,0.0,0.0,,0.0,0.0,0.0,0.0,,,,,,,,,,,,,,,,,,,0.0,0.0,0.0,0.0,0.0,0.0,0.0,0.0,0.0,0.0,0.0,0.0,,0.0,0.0,,0.0,0.0,0.0,0.0,,,,,,,,,,,,,,,,,,,0.0,0.0,0.0,0.0,0.0,0.0,0.0,0.0,0.0,0.0,0.0,0.0,,0.0,0.0,,0.0,0.0,0.0,0.0,,,,,,,,,,,,,,,,,,,8.0,0.0,0.0,0.0,0.0,0.176,0.144,0.48,0.0,0.0,0.0,0.0,0.3199999999999999,0.0,0.0,0.0,0.0,0.0,0.176,0.144,0.48
4433790,Azzi Fudd,DAL,2026-06-25,0.0,32.0,0.0,0.0,9.0,24,2,3,6,12,3,2,1,9,15,,0,0,,0,2,3,22,32.0,0.75,0.0625,0.09375,0.1875,0.375,0.46875,0.0,0.03125,0.5,0.0,27.0,5.5677643628300215,14.333333333333334,1.0,1.3333333333333333,3.0,6.0,1.3333333333333333,1.6666666666666667,0.6666666666666666,5.333333333333333,10.0,,0.6666666666666666,0.6666666666666666,,0.0,1.0,1.6666666666666667,9.0,0.503968253968254,0.2183261064044271,0.0367063492063492,0.0326477830791752,0.0431547619047619,0.0473158127844781,0.1021825396825397,0.0748399968751678,0.2123015873015873,0.1529580466048257,0.3705357142857142,0.1367995843396836,0.0238095238095238,0.0412393049421161,0.0223214285714285,0.0194593702836636,0.4033333333333333,0.1114499369016157,25.0,5.0,12.6,1.2,1.4,1.8,4.2,1.2,1.2,1.0,5.2,9.2,,0.4,0.4,,0.2,1.0,2.2,11.0,0.4823809523809523,0.1611115020716188,0.0486904761904761,0.0306775805039809,0.0508928571428571,0.0564339396180731,0.0613095238095238,0.0770252815050338,0.1557142857142857,0.1346380677856458,0.3673214285714286,0.0972345614942525,0.0142857142857142,0.0319438282499969,0.0417261904761904,0.036341467213488,0.4153333333333333,0.0813598986391696,22.5,5.291502622129181,10.25,0.875,1.125,1.375,3.75,0.875,0.75,0.75,4.125,8.125,,0.625,0.75,,0.25,0.625,2.0,8.25,0.425,0.1848137945228509,0.037375992063492,0.0327958395267148,0.0455729166666666,0.046672522555983,0.0512152777777777,0.0619859667745896,0.1565972222222222,0.1083795133645818,0.3576760912698412,0.1306550571614199,0.0327380952380952,0.0684616231560215,0.03203125,0.0339069097442602,0.4041121031746031,0.1490382126931632,26.15,14.36,1.195,1.565,2.705,0.5752999999999999,0.4706999999999999,1.569,17.12,15.555,15.925,2.76,1.0459999999999998,14.36,1.195,1.565,2.705,17.12,0.5752999999999999,0.4706999999999999,1.569
4433792,Rayah Marshall,DAL,2026-06-25,0.0,53.0,0.0,0.0,2.0,0,0,0,0,0,1,0,1,0,0,,0,0,,0,0,1,-4,3.0,0.0,0.0,0.0,0.0,0.0,0.0,0.0,0.3333333333333333,0.3333333333333333,0.0,3.0,,0.0,0.0,0.0,0.0,0.0,1.0,0.0,1.0,0.0,0.0,,0.0,0.0,,0.0,0.0,1.0,-4.0,0.0,,0.0,,0.0,,0.0,,0.0,,0.0,,0.0,,0.3333333333333333,,0.3333333333333333,,3.0,,0.0,0.0,0.0,0.0,0.0,1.0,0.0,1.0,0.0,0.0,,0.0,0.0,,0.0,0.0,1.0,-4.0,0.0,,0.0,,0.0,,0.0,,0.0,,0.0,,0.0,,0.3333333333333333,,0.3333333333333333,,3.0,,0.0,0.0,0.0,0.0,0.0,1.0,0.0,1.0,0.0,0.0,,0.0,0.0,,0.0,0.0,1.0,-4.0,0.0,,0.0,,0.0,,0.0,,0.0,,0.0,,0.0,,0.3333333333333333,,0.3333333333333333,,8.0,0.0,0.0,0.0,0.0,0.176,0.144,0.48,0.0,0.0,0.0,0.0,0.3199999999999999,0.0,0.0,0.0,0.0,0.0,0.176,0.144,0.48
4433795,Sania Feagin,LAS,2026-06-25,0.0,35.0,0.0,0.0,5.0,0,0,0,0,0,0,0,0,0,0,,0,0,,0,0,0,0,0.0,,,,,,,,,,0.0,4.333333333333333,5.131601439446883,2.6666666666666665,1.0,0.0,0.0,0.0,0.3333333333333333,0.0,0.3333333333333333,0.6666666666666666,1.0,,1.3333333333333333,1.3333333333333333,,0.6666666666666666,0.3333333333333333,0.6666666666666666,-3.0,0.4,0.5656854249492381,0.1499999999999999,0.2121320343559642,0.0,0.0,0.0,0.0,0.0,0.0,0.15,0.2121320343559642,0.2,0.282842712474619,0.05,0.0707106781186547,0.288,0.4072935059634514,5.75,5.057996968497839,3.75,1.0,0.25,0.0,0.0,0.5,0.0,0.5,1.0,1.5,,1.75,2.0,,0.5,0.5,1.5,-2.0,0.5,0.4358898943540673,0.1333333333333333,0.1527525231651946,0.0333333333333333,0.0577350269189625,0.0,0.0,0.0,0.0,0.1999999999999999,0.1732050807568877,0.2666666666666666,0.2309401076758503,0.0666666666666666,0.0577350269189625,0.3839999999999999,0.3325537550532244,5.75,5.057996968497839,3.75,1.0,0.25,0.0,0.0,0.5,0.0,0.5,1.0,1.5,,1.75,2.0,,0.5,0.5,1.5,-2.0,0.5,0.4358898943540673,0.1333333333333333,0.1527525231651946,0.0333333333333333,0.0577350269189625,0.0,0.0,0.0,0.0,0.1999999999999999,0.1732050807568877,0.2666666666666666,0.2309401076758503,0.0666666666666666,0.0577350269189625,0.3839999999999999,0.3325537550532244,8.0,2.8625,0.8499999999999999,0.1375,0.0,0.176,0.144,0.48,3.85,3.7125,3.0,0.9874999999999998,0.3199999999999999,2.8625,0.8499999999999999,0.1375,0.0,3.85,0.176,0.144,0.48
4433807,Aziaha James,DAL,2026-06-25,0.0,32.0,0.0,0.0,10.0,2,1,0,0,0,0,0,0,1,2,,0,0,,1,0,0,-3,4.0,0.5,0.25,0.0,0.0,0.0,0.5,0.0,0.0,0.5,0.0,10.0,7.211102550927977,4.0,3.0,1.6666666666666667,0.3333333333333333,1.3333333333333333,1.3333333333333333,0.3333333333333333,0.6666666666666666,1.6666666666666667,4.333333333333333,,0.3333333333333333,0.6666666666666666,,1.0,2.0,1.6666666666666667,-1.3333333333333333,0.4444444444444444,0.0962250448649378,0.3240740740740741,0.1529880707579473,0.0925925925925926,0.160375074774896,0.0185185185185185,0.0320750149549791,0.074074074074074,0.1283000598199169,0.4861111111111111,0.1463285243451769,0.037037037037037,0.0641500299099583,0.0601851851851851,0.0626284687892068,0.5625925925925926,0.1652545112786408,9.6,5.319774431308154,4.8,2.6,1.0,0.4,1.2,1.4,0.2,0.6,1.6,4.4,,1.2,1.4,,0.8,1.8,1.6,-1.2,0.5679653679653679,0.3303565002422388,0.2879509379509379,0.1244934807692274,0.0555555555555555,0.1242259987499883,0.0396825396825396,0.0624921259842207,0.1015873015873015,0.1409037525153787,0.5176406926406927,0.2350801568421437,0.1443001443001443,0.176751479070585,0.0542929292929292,0.0553111012974987,0.6354256854256854,0.2625128400240517,14.11111111111111,8.00694143297621,8.333333333333334,3.111111111111111,1.3333333333333333,0.7777777777777778,2.6666666666666665,1.6666666666666667,0.4444444444444444,1.3333333333333333,2.6666666666666665,7.0,,2.2222222222222223,2.6666666666666665,,0.8888888888888888,2.2222222222222223,2.555555555555556,4.111111111111111,0.6080041628903109,0.2947253129115028,0.2399098435942205,0.110858736708447,0.0685776700166327,0.0959592995687082,0.0559510841373586,0.0744286143923385,0.1649086456565899,0.1346517433885877,0.5279367612147499,0.210680267548056,0.1727672458143679,0.1591630700654988,0.0779963880849396,0.0667468592029559,0.6819507374580114,0.2575239994456983,9.782222222222222,4.846666666666667,2.5822222222222218,1.1166666666666667,0.3955555555555555,0.2152088888888888,0.17608,0.5869333333333333,8.545555555555556,7.428888888888888,5.963333333333333,3.698888888888888,0.3912888888888888,4.846666666666667,2.5822222222222218,1.1166666666666667,0.3955555555555555,8.545555555555556,0.2152088888888888,0.17608,0.5869333333333333
4434015,JJ Quinerly,DAL,2026-06-25,0.0,32.0,0.0,0.0,9.0,0,0,0,0,0,0,0,0,0,0,,0,0,,0,0,0,0,0.0,,,,,,,,,,0.0,0.0,0.0,0.0,0.0,0.0,0.0,0.0,0.0,0.0,0.0,0.0,0.0,,0.0,0.0,,0.0,0.0,0.0,0.0,,,,,,,,,,,,,,,,,,,0.0,0.0,0.0,0.0,0.0,0.0,0.0,0.0,0.0,0.0,0.0,0.0,,0.0,0.0,,0.0,0.0,0.0,0.0,,,,,,,,,,,,,,,,,,,1.375,3.8890872965260113,0.875,0.375,0.375,0.125,0.125,0.125,0.0,0.375,0.125,0.375,,0.5,0.5,,0.0,0.375,0.25,0.375,0.6363636363636364,,0.2727272727272727,,0.2727272727272727,,0.0909090909090909,,0.0909090909090909,,0.2727272727272727,,0.3636363636363636,,0.2727272727272727,,0.7054545454545454,,8.0,0.175,0.075,0.075,0.025,0.176,0.144,0.48,0.325,0.25,0.25,0.15,0.3199999999999999,0.175,0.075,0.075,0.025,0.325,0.176,0.144,0.48
4434020,Teonni Key,TOR,2026-06-25,0.0,33.0,0.0,0.0,10.0,4,2,0,0,0,0,1,1,2,2,,0,0,,1,1,2,-6,11.0,0.3636363636363636,0.1818181818181818,0.0,0.0,0.0,0.1818181818181818,0.0,0.0909090909090909,0.2727272727272727,0.0,12.666666666666666,2.886751345948128,3.6666666666666665,2.333333333333333,0.0,0.3333333333333333,1.3333333333333333,0.6666666666666666,0.6666666666666666,1.3333333333333333,1.6666666666666667,3.333333333333333,,0.0,0.0,,1.0,1.3333333333333333,2.0,-4.333333333333333,0.2954545454545454,0.0601307116151044,0.1837121212121212,0.0032803992567602,0.0,0.0,0.0303030303030303,0.0524863881081478,0.1117424242424242,0.1428763576707749,0.2556818181818182,0.0669876484235885,0.0,0.0,0.1117424242424242,0.0623275858784255,0.3674242424242424,0.0911455258751209,13.4,4.505552130427524,4.4,3.2,0.2,0.4,1.2,0.6,0.8,0.8,1.6,3.4,,0.8,0.8,,1.6,1.6,2.6,-2.8,0.3483838383838383,0.1233866395940964,0.2246717171717172,0.0720551282773842,0.0222222222222222,0.0496903994999953,0.0404040404040404,0.0557846516019558,0.0992676767676767,0.104715968275309,0.2356313131313131,0.0863559015084327,0.0644444444444444,0.0982564043085962,0.0670454545454545,0.075420652300205,0.3310323232323232,0.0944395419242888,13.77777777777778,5.286250509051236,3.111111111111111,3.0,0.4444444444444444,0.2222222222222222,1.0,0.4444444444444444,0.7777777777777778,0.8888888888888888,1.1111111111111112,2.888888888888889,,0.6666666666666666,1.1111111111111112,,1.3333333333333333,1.6666666666666667,2.7777777777777777,-3.0,0.2415263748597082,0.1725892845096396,0.212219416386083,0.0948839017305675,0.0347923681257014,0.0525133803383239,0.0224466891133557,0.0448266900865129,0.0787177328843995,0.0828115145491375,0.1936167227833894,0.0971405499286605,0.080695847362514,0.1019907503799041,0.0669893378226711,0.0628469324425204,0.2961122334455667,0.1111287251241125,12.895555555555555,3.862222222222222,2.72,0.1588888888888888,0.2844444444444444,0.2837022222222222,0.2321199999999999,0.7737333333333333,6.741111111111112,6.582222222222223,4.021111111111111,2.878888888888889,0.5158222222222222,3.862222222222222,2.72,0.1588888888888888,0.2844444444444444,6.741111111111112,0.2837022222222222,0.2321199999999999,0.7737333333333333
4565501,Janiah Barker,LVA,2026-06-25,0.0,33.0,0.0,0.0,5.0,0,0,0,0,0,0,0,0,0,0,,0,0,,0,0,0,0,0.0,,,,,,,,,,0.0,0.0,0.0,0.0,0.0,0.0,0.0,0.0,0.0,0.0,0.0,0.0,0.0,,0.0,0.0,,0.0,0.0,0.0,0.0,,,,,,,,,,,,,,,,,,,1.75,3.5,0.25,0.5,0.0,0.0,0.0,0.25,0.0,0.0,0.0,0.0,,0.25,0.5,,0.0,0.5,0.25,-3.25,0.1428571428571428,,0.2857142857142857,,0.0,,0.0,,0.0,,0.0,,0.2857142857142857,,0.0,,0.1257142857142857,,1.75,3.5,0.25,0.5,0.0,0.0,0.0,0.25,0.0,0.0,0.0,0.0,,0.25,0.5,,0.0,0.5,0.25,-3.25,0.1428571428571428,,0.2857142857142857,,0.0,,0.0,,0.0,,0.0,,0.2857142857142857,,0.0,,0.1257142857142857,,8.0,0.1375,0.275,0.0,0.0,0.176,0.144,0.48,0.4125,0.4125,0.1375,0.275,0.3199999999999999,0.1375,0.275,0.0,0.0,0.4125,0.176,0.144,0.48
4565505,Kiki Rice,TOR,2026-06-25,0.0,33.0,0.0,0.0,10.0,19,5,3,0,1,2,1,1,8,11,,3,4,,2,3,2,-17,30.0,0.6333333333333333,0.1666666666666666,0.1,0.0,0.0333333333333333,0.3666666666666666,0.1333333333333333,0.0333333333333333,0.4586666666666666,0.0,29.0,5.567764362830022,15.0,6.0,3.333333333333333,1.3333333333333333,2.0,1.3333333333333333,0.3333333333333333,1.0,5.333333333333333,8.333333333333334,,3.0,4.333333333333333,,1.6666666666666667,4.333333333333333,2.6666666666666665,-5.333333333333333,0.5175902244955953,0.1019370570226515,0.2111395282750781,0.0473209778344453,0.1207161125319693,0.046443914269826,0.0485933503836317,0.0443717431531904,0.0741972151179312,0.050343177511833,0.2922989485649332,0.0810665188114042,0.1514350667803353,0.0206407811771992,0.030718954248366,0.029498781951364,0.3896493321966467,0.0650731945687354,28.6,6.348228099241551,15.0,4.6,2.8,1.6,2.6,0.8,0.2,0.8,5.0,8.0,,3.4,4.6,,1.2,3.4,3.4,0.8,0.5238874680306905,0.0729060142505788,0.1552551455364754,0.0976032956342009,0.102905857995372,0.0430660442753633,0.0634417245158933,0.0550496867238826,0.0997564243088539,0.062160976900981,0.2877603215199123,0.0685302539120025,0.1480038972110583,0.1021722897370182,0.0279551820728291,0.0270713473809849,0.3808372183656071,0.0484948373144001,24.666666666666668,6.689544080129827,11.333333333333334,3.4444444444444446,2.2222222222222223,1.1111111111111112,2.2222222222222223,0.6666666666666666,0.1111111111111111,0.7777777777777778,4.0,7.222222222222222,,2.2222222222222223,3.0,,1.0,2.4444444444444446,2.555555555555556,-2.0,0.4355295741484999,0.1898845613828343,0.1315511711931149,0.0796435303553046,0.091367497079347,0.0387151449630093,0.0470723555122532,0.0474758563755005,0.0950057961993171,0.0525382793860018,0.299036522821689,0.0841548710989475,0.1020081462536705,0.0980512137865074,0.0351384998443821,0.0579529263605394,0.3790586070176863,0.1014917063498618,28.14333333333333,14.866666666666667,4.848888888888889,2.8744444444444444,1.1822222222222225,0.6191533333333333,0.50658,1.6886,22.590000000000003,19.71555555555556,17.74111111111111,7.723333333333334,1.1257333333333333,14.866666666666667,4.848888888888889,2.8744444444444444,1.1822222222222225,22.590000000000003,0.6191533333333333,0.50658,1.6886
4594527,Dulcy Fankam Mendjiadeu,DAL,2026-06-25,0.0,32.0,0.0,0.0,5.0,0,0,0,0,0,0,0,0,0,0,,0,0,,0,0,0,0,0.0,,,,,,,,,,0.0,3.333333333333333,5.773502691896258,0.0,0.3333333333333333,0.0,0.0,0.0,0.0,0.0,0.3333333333333333,0.0,0.0,,0.0,0.0,,0.3333333333333333,0.0,0.6666666666666666,0.0,0.0,,0.1,,0.0,,0.0,,0.0,,0.0,,0.0,,0.1,,0.1,,5.5,6.4031242374328485,2.0,1.0,0.25,0.0,0.0,0.0,0.0,0.5,1.0,1.75,,0.0,0.0,,0.5,0.5,1.75,1.5,0.3333333333333333,0.4714045207910317,0.175,0.1060660171779821,0.0416666666666666,0.0589255650988789,0.0,0.0,0.0,0.0,0.2916666666666667,0.4124789556921527,0.0,0.0,0.0916666666666666,0.0117851130197757,0.3833333333333333,0.4006938426723769,5.5,6.4031242374328485,2.0,1.0,0.25,0.0,0.0,0.0,0.0,0.5,1.0,1.75,,0.0,0.0,,0.5,0.5,1.75,1.5,0.3333333333333333,0.4714045207910317,0.175,0.1060660171779821,0.0416666666666666,0.0589255650988789,0.0,0.0,0.0,0.0,0.2916666666666667,0.4124789556921527,0.0,0.0,0.0916666666666666,0.0117851130197757,0.3833333333333333,0.4006938426723769,8.0,1.1,0.6499999999999999,0.1375,0.0,0.176,0.144,0.48,1.8875,1.75,1.2375,0.7874999999999999,0.3199999999999999,1.1,0.6499999999999999,0.1375,0.0,1.8875,0.176,0.144,0.48
4595823,Alex Fowler,NYL,2026-06-25,0.0,35.0,0.0,0.0,5.0,0,0,0,0,2,1,0,0,0,3,,0,0,,0,0,4,-6,15.0,0.0,0.0,0.0,0.0,0.1333333333333333,0.2,0.0,0.0,0.2,0.0,15.666666666666666,1.1547005383792466,4.0,0.6666666666666666,0.3333333333333333,0.6666666666666666,3.0,1.3333333333333333,0.0,1.3333333333333333,1.3333333333333333,4.333333333333333,,0.6666666666666666,0.6666666666666666,,0.0,0.6666666666666666,4.666666666666667,1.3333333333333333,0.2352941176470588,0.4075413664867947,0.0444444444444444,0.0769800358919501,0.0196078431372549,0.0339617805405662,0.0392156862745098,0.0679235610811324,0.1869281045751634,0.092828866810881,0.2705882352941176,0.1222624099460383,0.0392156862745098,0.0679235610811324,0.0810457516339869,0.0891096834883883,0.3688888888888888,0.2371434946125172,17.5,3.785938897200182,5.0,1.75,0.5,0.5,2.75,1.5,0.0,1.5,1.75,5.25,,1.0,2.0,,0.25,1.5,4.5,-2.5,0.2634271099744245,0.3374796358712365,0.0876811594202898,0.1069030933675943,0.0255754475703324,0.0301891410223798,0.0294117647058823,0.0588235294117647,0.1619352088661551,0.0907930523366939,0.2898976982097186,0.1070365328111449,0.0946291560102301,0.1239288126811838,0.0825234441602728,0.0728177503205282,0.4140579710144927,0.2136640866991211,17.5,3.785938897200182,5.0,1.75,0.5,0.5,2.75,1.5,0.0,1.5,1.75,5.25,,1.0,2.0,,0.25,1.5,4.5,-2.5,0.2634271099744245,0.3374796358712365,0.0876811594202898,0.1069030933675943,0.0255754475703324,0.0301891410223798,0.0294117647058823,0.0588235294117647,0.1619352088661551,0.0907930523366939,0.2898976982097186,0.1070365328111449,0.0946291560102301,0.1239288126811838,0.0825234441602728,0.0728177503205282,0.4140579710144927,0.2136640866991211,16.575,3.95,1.1625,0.375,0.475,0.36465,0.2983499999999999,0.9945,5.4875,5.1125,4.325,1.5375,0.6629999999999999,3.95,1.1625,0.375,0.475,5.4875,0.36465,0.2983499999999999,0.9945
4609797,Ta'Niya Latson,LAS,2026-06-25,0.0,33.0,0.0,0.0,9.0,0,0,0,0,0,0,0,0,0,0,,0,0,,0,0,0,0,0.0,,,,,,,,,,0.0,0.0,0.0,0.0,0.0,0.0,0.0,0.0,0.0,0.0,0.0,0.0,0.0,,0.0,0.0,,0.0,0.0,0.0,0.0,,,,,,,,,,,,,,,,,,,0.8,1.0954451150103317,0.0,0.0,0.0,0.0,0.2,0.0,0.0,0.2,0.0,0.2,,0.0,0.0,,0.0,0.0,0.0,-1.0,0.0,0.0,0.0,0.0,0.0,0.0,0.0,0.0,0.25,0.3535533905932738,0.25,0.3535533905932737,0.0,0.0,0.2499999999999999,0.3535533905932737,0.5000000000000001,0.7071067811865475,5.625,8.105333341166702,2.0,0.875,1.0,0.0,0.75,0.0,0.125,1.0,0.75,2.0,,0.5,0.875,,0.25,0.625,0.625,0.125,0.2436363636363636,0.2315417246371243,0.0997402597402597,0.1084139478031281,0.0831168831168831,0.122725554856389,0.0,0.0,0.1558441558441558,0.2046742534087595,0.2932467532467532,0.1968108869322139,0.0948051948051948,0.1876162708029208,0.2153246753246753,0.1924016221688096,0.5502857142857144,0.3897440290283679,8.0,0.4,0.175,0.2,0.0,0.176,0.144,0.48,0.7750000000000001,0.5750000000000001,0.6000000000000001,0.375,0.3199999999999999,0.4,0.175,0.2,0.0,0.7750000000000001,0.176,0.144,0.48
4683006,Leonie Fiebich,NYL,2026-06-25,0.0,53.0,0.0,0.0,3.0,0,0,0,0,0,0,0,0,0,0,,0,0,,0,0,0,0,0.0,,,,,,,,,,0.0,0.0,0.0,0.0,0.0,0.0,0.0,0.0,0.0,0.0,0.0,0.0,0.0,,0.0,0.0,,0.0,0.0,0.0,0.0,,,,,,,,,,,,,,,,,,,0.0,0.0,0.0,0.0,0.0,0.0,0.0,0.0,0.0,0.0,0.0,0.0,,0.0,0.0,,0.0,0.0,0.0,0.0,,,,,,,,,,,,,,,,,,,0.0,0.0,0.0,0.0,0.0,0.0,0.0,0.0,0.0,0.0,0.0,0.0,,0.0,0.0,,0.0,0.0,0.0,0.0,,,,,,,,,,,,,,,,,,,8.0,0.0,0.0,0.0,0.0,0.176,0.144,0.48,0.0,0.0,0.0,0.0,0.3199999999999999,0.0,0.0,0.0,0.0,0.0,0.176,0.144,0.48
4698736,Flau'jae Johnson,SEA,2026-06-25,0.0,32.0,0.0,0.0,10.0,17,6,1,2,7,1,1,2,4,14,,7,7,,1,5,4,4,25.0,0.68,0.24,0.04,0.08,0.28,0.56,0.28,0.08,0.7631999999999999,0.0,24.0,7.549834435270749,13.0,5.333333333333333,2.0,1.6666666666666667,5.0,0.6666666666666666,1.6666666666666667,2.333333333333333,4.333333333333333,10.666666666666666,,2.6666666666666665,3.0,,0.3333333333333333,5.0,2.0,7.333333333333333,0.5136290322580646,0.1861992341194789,0.217768817204301,0.0271572306239932,0.0670967741935483,0.0839899899887733,0.0589247311827956,0.0517149528765446,0.1995161290322581,0.0776721343717063,0.4406989247311828,0.1034946515849703,0.135,0.1402676013910554,0.0804301075268817,0.0806460215007885,0.5805290322580644,0.16890940770865,25.8,5.890670590009257,12.0,5.6,1.6,1.0,4.0,0.8,2.0,2.4,3.6,10.6,,3.8,4.4,,0.8,4.8,2.2,1.4,0.4564532814238043,0.1783960753199044,0.2148977435245511,0.0197746883197266,0.0540511679644048,0.0666392657052844,0.0353548387096774,0.0487735108332488,0.1551776577149213,0.0903917512632032,0.4126952169076752,0.123233694419617,0.172871921182266,0.1293665249763808,0.0832334339742571,0.0582647665780846,0.5719922962021293,0.1618921342390057,25.22222222222222,5.093568929978708,13.333333333333334,4.777777777777778,1.3333333333333333,1.4444444444444444,4.333333333333333,1.1111111111111112,1.2222222222222223,1.8888888888888888,3.7777777777777777,10.77777777777778,,4.333333333333333,4.888888888888889,,0.7777777777777778,4.0,2.4444444444444446,0.7777777777777778,0.5390565457081075,0.2322493679436954,0.1870243972073554,0.0484250478483746,0.0481270921139781,0.0516275262642557,0.0585405711086673,0.0571927508678182,0.1778329591306761,0.1085373585869902,0.4360788261638049,0.1187996983222065,0.1975120496753101,0.1452874767521198,0.0701874153358258,0.0524288787239596,0.5931715433567671,0.1735868105427022,25.02444444444444,13.316666666666666,5.415555555555556,1.5766666666666669,1.4388888888888889,0.5505377777777777,0.4504399999999999,1.5014666666666665,20.30888888888889,18.732222222222223,14.893333333333333,6.992222222222223,1.0009777777777775,13.316666666666666,5.415555555555556,1.5766666666666669,1.4388888888888889,20.30888888888889,0.5505377777777777,0.4504399999999999,1.5014666666666665
4703579,Derin Erdogan,NYL,2026-06-25,0.0,53.0,0.0,0.0,3.0,7,0,1,1,3,0,0,1,3,8,,0,0,,0,0,3,-4,18.0,0.3888888888888889,0.0,0.0555555555555555,0.0555555555555555,0.1666666666666666,0.4444444444444444,0.0,0.0555555555555555,0.5,0.0,16.0,2.8284271247461903,10.0,0.0,1.0,1.0,2.5,0.5,0.0,1.5,4.0,7.5,,1.0,1.0,,0.0,0.0,2.5,-7.5,0.6587301587301587,0.3816131834975018,0.0,0.0,0.0634920634920634,0.0112239171616912,0.0634920634920634,0.0112239171616912,0.1547619047619047,0.0168358757425368,0.4722222222222222,0.0392837100659193,0.0714285714285714,0.101015254455221,0.0992063492063492,0.0617315443893017,0.6028571428571428,0.1454619664155182,16.0,2.8284271247461903,10.0,0.0,1.0,1.0,2.5,0.5,0.0,1.5,4.0,7.5,,1.0,1.0,,0.0,0.0,2.5,-7.5,0.6587301587301587,0.3816131834975018,0.0,0.0,0.0634920634920634,0.0112239171616912,0.0634920634920634,0.0112239171616912,0.1547619047619047,0.0168358757425368,0.4722222222222222,0.0392837100659193,0.0714285714285714,0.101015254455221,0.0992063492063492,0.0617315443893017,0.6028571428571428,0.1454619664155182,16.0,2.8284271247461903,10.0,0.0,1.0,1.0,2.5,0.5,0.0,1.5,4.0,7.5,,1.0,1.0,,0.0,0.0,2.5,-7.5,0.6587301587301587,0.3816131834975018,0.0,0.0,0.0634920634920634,0.0112239171616912,0.0634920634920634,0.0112239171616912,0.1547619047619047,0.0168358757425368,0.4722222222222222,0.0392837100659193,0.0714285714285714,0.101015254455221,0.0992063492063492,0.0617315443893017,0.6028571428571428,0.1454619664155182,16.3,9.55,0.0,1.0,1.0,0.3586,0.2934,0.978,10.55,9.55,10.55,1.0,0.6519999999999999,9.55,0.0,1.0,1.0,10.55,0.3586,0.2934,0.978
4705226,Jordan Obi,LVA,2026-06-25,0.0,53.0,0.0,0.0,3.0,0,1,0,0,0,0,0,1,0,0,,0,0,,0,1,1,2,3.0,0.0,0.3333333333333333,0.0,0.0,0.0,0.0,0.0,0.3333333333333333,0.3333333333333333,0.0,4.0,1.4142135623730951,0.0,1.0,0.5,0.0,0.0,0.0,0.0,1.0,0.0,1.5,,0.0,0.0,,0.5,0.5,0.5,2.5,0.0,0.0,0.2666666666666666,0.0942809041582063,0.1,0.1414213562373095,0.0,0.0,0.0,0.0,0.3,0.4242640687119285,0.0,0.0,0.2666666666666666,0.0942809041582063,0.5666666666666667,0.3299831645537222,4.0,1.4142135623730951,0.0,1.0,0.5,0.0,0.0,0.0,0.0,1.0,0.0,1.5,,0.0,0.0,,0.5,0.5,0.5,2.5,0.0,0.0,0.2666666666666666,0.0942809041582063,0.1,0.1414213562373095,0.0,0.0,0.0,0.0,0.3,0.4242640687119285,0.0,0.0,0.2666666666666666,0.0942809041582063,0.5666666666666667,0.3299831645537222,4.0,1.4142135623730951,0.0,1.0,0.5,0.0,0.0,0.0,0.0,1.0,0.0,1.5,,0.0,0.0,,0.5,0.5,0.5,2.5,0.0,0.0,0.2666666666666666,0.0942809041582063,0.1,0.1414213562373095,0.0,0.0,0.0,0.0,0.3,0.4242640687119285,0.0,0.0,0.2666666666666666,0.0942809041582063,0.5666666666666667,0.3299831645537222,8.0,0.0,1.0,0.4249999999999999,0.0,0.176,0.144,0.48,1.4249999999999998,1.0,0.4249999999999999,1.4249999999999998,0.3199999999999999,0.0,1.0,0.4249999999999999,0.0,1.4249999999999998,0.176,0.144,0.48
4790258,Raquel Carrera,NYL,2026-06-25,0.0,32.0,0.0,0.0,4.0,0,0,1,0,0,0,0,0,0,0,,0,0,,0,0,0,0,1.0,0.0,0.0,1.0,0.0,0.0,0.0,0.0,0.0,0.0,0.0,0.3333333333333333,0.5773502691896258,0.0,0.0,0.3333333333333333,0.0,0.0,0.0,0.0,0.0,0.0,0.0,,0.0,0.0,,0.0,0.0,0.0,0.0,0.0,,0.0,,1.0,,0.0,,0.0,,0.0,,0.0,,0.0,,0.0,,0.3333333333333333,0.5773502691896258,0.0,0.0,0.3333333333333333,0.0,0.0,0.0,0.0,0.0,0.0,0.0,,0.0,0.0,,0.0,0.0,0.0,0.0,0.0,,0.0,,1.0,,0.0,,0.0,,0.0,,0.0,,0.0,,0.0,,0.3333333333333333,0.5773502691896258,0.0,0.0,0.3333333333333333,0.0,0.0,0.0,0.0,0.0,0.0,0.0,,0.0,0.0,,0.0,0.0,0.0,0.0,0.0,,0.0,,1.0,,0.0,,0.0,,0.0,,0.0,,0.0,,0.0,,8.0,0.0,0.0,0.4333333333333333,0.0,0.176,0.144,0.48,0.4333333333333333,0.0,0.4333333333333333,0.4333333333333333,0.3199999999999999,0.0,0.0,0.4333333333333333,0.0,0.4333333333333333,0.176,0.144,0.48
4790260,Marine Fauthoux,NYL,2026-06-25,0.0,46.0,0.0,0.0,4.0,0,0,0,0,0,0,0,0,0,0,,0,0,,0,0,0,0,0.0,,,,,,,,,,0.0,0.0,0.0,0.0,0.0,0.0,0.0,0.0,0.0,0.0,0.0,0.0,0.0,,0.0,0.0,,0.0,0.0,0.0,0.0,,,,,,,,,,,,,,,,,,,0.0,0.0,0.0,0.0,0.0,0.0,0.0,0.0,0.0,0.0,0.0,0.0,,0.0,0.0,,0.0,0.0,0.0,0.0,,,,,,,,,,,,,,,,,,,0.0,0.0,0.0,0.0,0.0,0.0,0.0,0.0,0.0,0.0,0.0,0.0,,0.0,0.0,,0.0,0.0,0.0,0.0,,,,,,,,,,,,,,,,,,,8.0,0.0,0.0,0.0,0.0,0.176,0.144,0.48,0.0,0.0,0.0,0.0,0.3199999999999999,0.0,0.0,0.0,0.0,0.0,0.176,0.144,0.48
4790266,Awak Kuier,DAL,2026-06-25,0.0,32.0,0.0,0.0,8.0,10,6,1,2,3,0,2,1,2,3,,4,4,,1,5,0,17,24.0,0.4166666666666667,0.25,0.0416666666666666,0.0833333333333333,0.125,0.125,0.1666666666666666,0.0416666666666666,0.24,0.0,15.333333333333334,9.60902353693305,8.666666666666666,3.6666666666666665,0.3333333333333333,1.3333333333333333,2.0,0.3333333333333333,1.0,1.3333333333333333,2.6666666666666665,3.6666666666666665,,2.0,3.0,,0.3333333333333333,3.333333333333333,0.3333333333333333,7.333333333333333,0.4526143790849673,0.4716168632675399,0.2284313725490196,0.0256967498472179,0.0138888888888888,0.0240562612162342,0.0669934640522875,0.0605016620312863,0.1475490196078431,0.0455724197740253,0.2926470588235294,0.1470808806987775,0.15359477124183,0.1474939097568204,0.0727124183006536,0.0922406968150018,0.4329411764705882,0.2113459912742176,14.4,8.502940667792526,7.0,3.0,1.0,0.8,1.6,0.8,0.8,1.0,2.4,3.4,,1.4,2.0,,0.6,2.4,0.6,7.8,0.3615686274509804,0.389956695709956,0.200392156862745,0.0428836125943539,0.0483333333333333,0.0866826908263055,0.0401960784313725,0.0563618915757051,0.1085294117647059,0.071715870558513,0.2355882352941176,0.1678417342345611,0.102156862745098,0.12708544867489,0.0769607843137255,0.0880922042380606,0.3574980392156862,0.189793295764794,12.714285714285714,8.400680244565232,5.857142857142857,2.857142857142857,1.0,0.7142857142857143,1.4285714285714286,0.7142857142857143,0.7142857142857143,0.7142857142857143,2.0,3.0,,1.1428571428571428,1.7142857142857142,,0.5714285714285714,2.2857142857142856,0.4285714285714285,7.0,0.315406162464986,0.347744381371771,0.2526610644257703,0.1171814236919644,0.1154761904761904,0.1838646701550271,0.038235294117647,0.0499935917974744,0.0965686274509804,0.0729898504054285,0.2063725490196078,0.1649121898858101,0.092016806722689,0.1120201595181935,0.0549719887955182,0.0811401262591014,0.3018319327731092,0.2046274618957072,15.78285714285714,7.721428571428571,3.621428571428571,0.8,1.1228571428571428,0.3472228571428571,0.2840914285714285,0.9469714285714284,12.142857142857142,11.342857142857142,8.52142857142857,4.421428571428572,0.6313142857142856,7.721428571428571,3.621428571428571,0.8,1.1228571428571428,12.142857142857142,0.3472228571428571,0.2840914285714285,0.9469714285714284
4858671,Jalyn Brown,SEA,2026-06-25,0.0,57.0,0.0,0.0,3.0,0,3,1,0,0,0,0,0,0,1,,0,0,,1,2,0,0,4.0,0.0,0.75,0.25,0.0,0.0,0.25,0.0,0.0,0.25,0.0,2.0,2.8284271247461903,0.0,1.5,0.5,0.0,0.0,0.0,0.0,0.0,0.0,0.5,,0.0,0.0,,0.5,1.0,0.0,0.0,0.0,,0.75,,0.25,,0.0,,0.0,,0.25,,0.0,,0.0,,0.25,,2.0,2.8284271247461903,0.0,1.5,0.5,0.0,0.0,0.0,0.0,0.0,0.0,0.5,,0.0,0.0,,0.5,1.0,0.0,0.0,0.0,,0.75,,0.25,,0.0,,0.0,,0.25,,0.0,,0.0,,0.25,,2.0,2.8284271247461903,0.0,1.5,0.5,0.0,0.0,0.0,0.0,0.0,0.0,0.5,,0.0,0.0,,0.5,1.0,0.0,0.0,0.0,,0.75,,0.25,,0.0,,0.0,,0.25,,0.0,,0.0,,0.25,,8.0,0.0,1.725,0.575,0.0,0.176,0.144,0.48,2.3,1.725,0.575,2.3,0.3199999999999999,0.0,1.725,0.575,0.0,2.3,0.176,0.144,0.48
4874375,Jihyun Park,LAS,2026-06-25,0.0,33.0,0.0,0.0,9.0,0,1,1,0,1,1,0,0,0,1,,0,0,,0,1,2,0,7.0,0.0,0.1428571428571428,0.1428571428571428,0.0,0.1428571428571428,0.1428571428571428,0.0,0.0,0.1428571428571428,0.0,8.666666666666666,2.0816659994661326,1.3333333333333333,1.0,1.3333333333333333,0.0,1.0,0.6666666666666666,0.0,0.0,0.3333333333333333,1.3333333333333333,,0.6666666666666666,0.6666666666666666,,0.3333333333333333,0.6666666666666666,2.6666666666666665,-1.0,0.1439393939393939,0.1292327432517574,0.1195887445887445,0.0263933948014225,0.1612554112554112,0.0811255295753686,0.0,0.0,0.1309523809523809,0.125424449438723,0.1726190476190476,0.1892632511379124,0.0606060606060606,0.1049727762162956,0.0,0.0,0.1992857142857143,0.1553846445280293,5.2,4.969909455915671,0.8,0.6,0.8,0.0,0.6,0.4,0.0,0.0,0.2,0.8,,0.4,0.4,,0.2,0.4,1.6,-0.6,0.1439393939393939,0.1292327432517574,0.1195887445887445,0.0263933948014225,0.1612554112554112,0.0811255295753686,0.0,0.0,0.1309523809523809,0.125424449438723,0.1726190476190476,0.1892632511379124,0.0606060606060606,0.1049727762162956,0.0,0.0,0.1992857142857143,0.1553846445280293,4.75,4.743416490252569,0.75,0.625,0.5,0.0,0.625,0.25,0.0,0.0,0.25,1.0,,0.25,0.25,,0.125,0.5,1.125,-0.5,0.1263636363636363,0.1180243706448617,0.1117532467532467,0.0739149600482933,0.0967532467532467,0.1053169885260092,0.0,0.0,0.1185714285714285,0.1146867962081503,0.2635714285714285,0.1960125464539118,0.0363636363636363,0.0813115628181741,0.0,0.0,0.2795714285714286,0.1707573167524302,8.0,0.83,0.7849999999999999,0.9299999999999998,0.0,0.176,0.144,0.48,2.5449999999999995,1.6149999999999998,1.7599999999999998,1.715,0.3199999999999999,0.83,0.7849999999999999,0.9299999999999998,0.0,2.5449999999999995,0.176,0.144,0.48
4874475,Nikolina Milic,TOR,2026-06-25,0.0,33.0,0.0,0.0,8.0,1,2,0,0,1,0,0,1,0,2,,1,2,,0,2,1,1,8.0,0.125,0.25,0.0,0.0,0.125,0.25,0.25,0.125,0.485,0.0,10.666666666666666,3.055050463303891,4.333333333333333,1.6666666666666667,0.3333333333333333,0.0,0.6666666666666666,0.0,0.0,0.6666666666666666,2.0,4.0,,0.3333333333333333,0.6666666666666666,,0.3333333333333333,1.3333333333333333,1.3333333333333333,-4.0,0.3654761904761905,0.2252077649970488,0.1738095238095238,0.09212162915311,0.0238095238095238,0.0412393049421161,0.0,0.0,0.0654761904761904,0.0627122247193615,0.3595238095238095,0.095920176564208,0.0833333333333333,0.1443375672974064,0.075,0.0661437827766148,0.4711904761904761,0.0376634758747247,9.4,3.2863353450309964,3.0,1.2,0.4,0.0,0.4,0.0,0.0,1.0,1.4,2.6,,0.2,0.4,,0.2,1.0,1.4,-4.8,0.2592857142857143,0.2269417348581088,0.1242857142857142,0.1004581342385666,0.0342857142857142,0.0480221037542046,0.0,0.0,0.0392857142857142,0.0570311407952546,0.2357142857142857,0.1859888080898791,0.05,0.1118033988749894,0.145,0.1504160895649132,0.4027142857142857,0.1204206064134356,6.714285714285714,5.313952882562588,2.142857142857143,0.8571428571428571,0.2857142857142857,0.0,0.2857142857142857,0.0,0.0,0.7142857142857143,1.0,1.8571428571428568,,0.1428571428571428,0.2857142857142857,,0.1428571428571428,0.7142857142857143,1.0,-3.4285714285714284,0.2592857142857143,0.2269417348581088,0.1242857142857142,0.1004581342385666,0.0342857142857142,0.0480221037542046,0.0,0.0,0.0392857142857142,0.0570311407952546,0.2357142857142857,0.1859888080898791,0.05,0.1118033988749894,0.145,0.1504160895649132,0.4027142857142857,0.1204206064134356,9.032857142857145,2.928571428571428,1.3914285714285717,0.2971428571428571,0.0,0.1987228571428571,0.1625914285714285,0.5419714285714285,4.6171428571428565,4.319999999999999,3.225714285714285,1.6885714285714286,0.3613142857142857,2.928571428571428,1.3914285714285717,0.2971428571428571,0.0,4.6171428571428565,0.1987228571428571,0.1625914285714285,0.5419714285714285
4898400,Taylor Thierry,SEA,2026-06-25,0.0,34.0,0.0,0.0,6.0,0,1,0,0,0,0,0,0,0,0,,0,0,,1,0,0,-1,4.0,0.0,0.25,0.0,0.0,0.0,0.0,0.0,0.0,0.0,0.0,4.333333333333333,4.509249752822894,2.0,1.0,0.0,0.6666666666666666,1.0,0.0,0.0,0.0,0.6666666666666666,1.3333333333333333,,0.0,0.0,,0.6666666666666666,0.3333333333333333,1.6666666666666667,-1.6666666666666667,0.3333333333333333,0.4714045207910317,0.2361111111111111,0.0196418550329596,0.0,0.0,0.1111111111111111,0.1571348402636772,0.1666666666666666,0.2357022603955158,0.2222222222222221,0.3142696805273544,0.0,0.0,0.0,0.0,0.2222222222222222,0.3142696805273545,8.0,5.958187643906492,2.6,2.2,0.2,0.8,1.6,0.2,0.2,0.4,0.8,2.0,,0.2,0.4,,1.0,1.2,1.6,-0.8,0.3012820512820512,0.351805711128519,0.2664072039072039,0.0378538071577434,0.0192307692307692,0.0384615384615384,0.094017094017094,0.1120929662273846,0.1781135531135531,0.1673220018701638,0.2251221001221001,0.2219925368438904,0.0384615384615384,0.0769230769230769,0.037087912087912,0.0428841372672824,0.2791330891330891,0.2492409201071019,8.0,5.958187643906492,2.6,2.2,0.2,0.8,1.6,0.2,0.2,0.4,0.8,2.0,,0.2,0.4,,1.0,1.2,1.6,-0.8,0.3012820512820512,0.351805711128519,0.2664072039072039,0.0378538071577434,0.0192307692307692,0.0384615384615384,0.094017094017094,0.1120929662273846,0.1781135531135531,0.1673220018701638,0.2251221001221001,0.2219925368438904,0.0384615384615384,0.0769230769230769,0.037087912087912,0.0428841372672824,0.2791330891330891,0.2492409201071019,8.0,2.03,1.66,0.11,0.64,0.176,0.144,0.48,3.8,3.69,2.14,1.7700000000000002,0.3199999999999999,2.03,1.66,0.11,0.64,3.8,0.176,0.144,0.48
5017726,Jade Melbourne,SEA,2026-06-25,0.0,32.0,0.0,0.0,10.0,3,2,6,0,2,2,0,2,0,6,,3,4,,1,1,4,6,25.0,0.12,0.08,0.24,0.0,0.08,0.24,0.16,0.08,0.3903999999999999,0.0,25.0,4.999999999999998,6.0,2.333333333333333,4.333333333333333,0.0,1.0,1.3333333333333333,0.3333333333333333,2.6666666666666665,1.0,5.0,,4.0,5.0,,0.3333333333333333,2.0,2.333333333333333,1.0,0.2288888888888889,0.1258452900868245,0.0988888888888889,0.044762749063297,0.18,0.0721110255092797,0.0,0.0,0.0377777777777777,0.0401847584889447,0.2077777777777777,0.0646643756753399,0.1811111111111111,0.1428415335387565,0.0988888888888888,0.060583581689847,0.3863555555555555,0.0624316633815934,26.4,4.037325847637271,8.8,1.8,4.4,0.2,1.6,1.4,0.2,2.8,2.2,6.2,,4.2,4.8,,0.4,1.4,3.0,-3.6,0.3200919540229885,0.1563448765985993,0.0733727422003284,0.0471466297858064,0.1715467980295566,0.065342163942599,0.0071428571428571,0.0159719141249984,0.0578883415435139,0.0418080287831301,0.2372282430213464,0.0672158451110292,0.1714745484400656,0.1077952715214848,0.1016978653530377,0.0503237134078753,0.4143749096880131,0.0702477342387723,23.11111111111111,5.10990323891863,9.444444444444445,1.4444444444444444,4.0,0.5555555555555556,1.7777777777777777,1.2222222222222223,0.3333333333333333,2.2222222222222223,2.6666666666666665,6.0,,3.555555555555556,4.666666666666667,,0.4444444444444444,1.0,3.333333333333333,-3.2222222222222223,0.4155068653037316,0.2138177367186873,0.0648382873611435,0.0458129254283631,0.1747613245975829,0.0598586703293711,0.0280439067736595,0.0403344970389331,0.0799483871509623,0.0504438400530308,0.2661908665959582,0.0603575524815623,0.1927029358025624,0.1451486896167243,0.0921939294902813,0.0584791777644932,0.4431740878393669,0.0769342217734774,25.112222222222226,7.218888888888889,1.9188888888888889,4.54,0.1811111111111111,0.5524688888888889,0.45202,1.5067333333333333,13.677777777777775,9.137777777777778,11.75888888888889,6.458888888888889,1.004488888888889,7.218888888888889,1.9188888888888889,4.54,0.1811111111111111,13.677777777777775,0.5524688888888889,0.45202,1.5067333333333333
5105729,Chance Gray,LAS,2026-06-25,0.0,33.0,0.0,0.0,9.0,0,0,0,0,0,0,0,0,0,0,,0,0,,0,0,0,0,0.0,,,,,,,,,,0.0,4.0,5.2915026221291805,1.3333333333333333,0.3333333333333333,0.3333333333333333,0.0,1.0,0.0,0.0,0.3333333333333333,0.6666666666666666,1.6666666666666667,,0.0,0.0,,0.0,0.3333333333333333,1.0,-6.0,0.2,0.2828427124746186,0.05,0.0707106781186547,0.25,0.3535533905932738,0.0,0.0,0.35,0.2121320343559642,0.4499999999999999,0.0707106781186548,0.0,0.0,0.05,0.0707106781186547,0.5,0.0,7.8,6.648308055437865,1.2,0.6,0.2,0.0,1.0,0.0,0.0,0.4,0.6,1.8,,0.0,0.0,,0.0,0.6,1.2,-6.6,0.13125,0.1886078382959377,0.0633522727272727,0.0451540731683362,0.125,0.25,0.0,0.0,0.2204545454545454,0.2070885678426731,0.3017045454545455,0.1775578030275717,0.0,0.0,0.0477272727272727,0.0552355337380551,0.3494318181818181,0.1840242584170642,9.625,6.1164298643664905,3.25,0.875,0.5,0.625,2.125,0.125,0.0,0.5,1.25,3.25,,0.125,0.25,,0.125,0.75,0.75,-6.75,0.2585811247575953,0.3159098122762493,0.0844398248810013,0.050023280070532,0.108678086619263,0.179037185056253,0.0446024563671622,0.088839581798439,0.2440250925545043,0.1809939482105607,0.3470955515073162,0.1692165050238936,0.0219780219780219,0.058148380462958,0.046665099606276,0.0454576901027062,0.4034309807839219,0.1879625847977791,8.0,1.47,0.485,0.27,0.125,0.176,0.144,0.48,2.225,1.955,1.74,0.755,0.3199999999999999,1.47,0.485,0.27,0.125,2.225,0.176,0.144,0.48
5105756,Elle Ladine,SEA,2026-06-25,0.0,57.0,0.0,0.0,3.0,3,1,0,1,2,1,0,0,1,2,,0,0,,1,0,2,4,6.0,0.5,0.1666666666666666,0.0,0.1666666666666666,0.3333333333333333,0.3333333333333333,0.0,0.0,0.3333333333333333,0.0,6.0,0.0,2.0,0.5,0.0,0.5,1.5,0.5,0.0,0.0,0.5,2.0,,0.5,1.0,,0.5,0.0,2.5,3.5,0.3333333333333333,0.2357022603955158,0.0833333333333333,0.1178511301977579,0.0,0.0,0.0833333333333333,0.1178511301977579,0.25,0.1178511301977579,0.3333333333333333,0.0,0.1666666666666666,0.2357022603955158,0.0,0.0,0.4066666666666666,0.1037089945740269,6.0,0.0,2.0,0.5,0.0,0.5,1.5,0.5,0.0,0.0,0.5,2.0,,0.5,1.0,,0.5,0.0,2.5,3.5,0.3333333333333333,0.2357022603955158,0.0833333333333333,0.1178511301977579,0.0,0.0,0.0833333333333333,0.1178511301977579,0.25,0.1178511301977579,0.3333333333333333,0.0,0.1666666666666666,0.2357022603955158,0.0,0.0,0.4066666666666666,0.1037089945740269,6.0,0.0,2.0,0.5,0.0,0.5,1.5,0.5,0.0,0.0,0.5,2.0,,0.5,1.0,,0.5,0.0,2.5,3.5,0.3333333333333333,0.2357022603955158,0.0833333333333333,0.1178511301977579,0.0,0.0,0.0833333333333333,0.1178511301977579,0.25,0.1178511301977579,0.3333333333333333,0.0,0.1666666666666666,0.2357022603955158,0.0,0.0,0.4066666666666666,0.1037089945740269,8.0,2.15,0.575,0.0,0.575,0.176,0.144,0.48,2.725,2.725,2.15,0.575,0.3199999999999999,2.15,0.575,0.0,0.575,2.725,0.176,0.144,0.48
5106084,Ny'Ceara Pryor,NYL,2026-06-25,0.0,61.0,0.0,0.0,2.0,1,3,5,0,0,4,0,3,0,4,,1,2,,1,2,3,2,24.0,0.0416666666666666,0.125,0.2083333333333333,0.0,0.0,0.1666666666666666,0.0833333333333333,0.125,0.3283333333333333,0.0,24.0,,1.0,3.0,5.0,0.0,0.0,4.0,0.0,3.0,0.0,4.0,,1.0,2.0,,1.0,2.0,3.0,2.0,0.0416666666666666,,0.125,,0.2083333333333333,,0.0,,0.0,,0.1666666666666666,,0.0833333333333333,,0.125,,0.3283333333333333,,24.0,,1.0,3.0,5.0,0.0,0.0,4.0,0.0,3.0,0.0,4.0,,1.0,2.0,,1.0,2.0,3.0,2.0,0.0416666666666666,,0.125,,0.2083333333333333,,0.0,,0.0,,0.1666666666666666,,0.0833333333333333,,0.125,,0.3283333333333333,,24.0,,1.0,3.0,5.0,0.0,0.0,4.0,0.0,3.0,0.0,4.0,,1.0,2.0,,1.0,2.0,3.0,2.0,0.0416666666666666,,0.125,,0.2083333333333333,,0.0,,0.0,,0.1666666666666666,,0.0833333333333333,,0.125,,0.3283333333333333,,24.0,1.0,3.0,5.0,0.0,0.5279999999999999,0.4319999999999999,1.4399999999999995,9.0,4.0,6.0,8.0,0.9599999999999996,1.0,3.0,5.0,0.0,9.0,0.5279999999999999,0.4319999999999999,1.4399999999999995
5106222,Taina Mair,SEA,2026-06-25,0.0,36.0,0.0,0.0,8.0,0,0,1,0,0,0,0,0,0,1,,0,0,,0,0,0,-1,3.0,0.0,0.0,0.3333333333333333,0.0,0.0,0.3333333333333333,0.0,0.0,0.3333333333333333,0.0,1.0,1.73205080756889,0.0,0.0,0.3333333333333333,0.0,0.0,0.0,0.0,0.0,0.0,0.3333333333333333,,0.0,0.0,,0.0,0.0,0.0,-0.3333333333333333,0.0,,0.0,,0.3333333333333333,,0.0,,0.0,,0.3333333333333333,,0.0,,0.0,,0.3333333333333333,,0.6,1.3416407864998827,0.0,0.0,0.2,0.0,0.0,0.0,0.0,0.0,0.0,0.2,,0.0,0.0,,0.0,0.0,0.0,-0.2,0.0,,0.0,,0.3333333333333333,,0.0,,0.0,,0.3333333333333333,,0.0,,0.0,,0.3333333333333333,,4.571428571428571,7.020378500174639,0.5714285714285714,0.8571428571428571,1.4285714285714286,0.0,0.4285714285714285,0.1428571428571428,0.0,0.5714285714285714,0.1428571428571428,1.0,,0.2857142857142857,0.2857142857142857,,0.4285714285714285,0.4285714285714285,0.7142857142857143,2.857142857142857,0.0947712418300653,0.0856558328240598,0.1503267973856209,0.1690525118480726,0.3284313725490196,0.0907855842031967,0.0,0.0,0.0588235294117647,0.1018853416216986,0.2450980392156862,0.0837647426011522,0.0555555555555555,0.0962250448649376,0.0947712418300653,0.0856558328240598,0.3643137254901961,0.0379663745681225,8.0,0.1142857142857142,0.1714285714285714,0.6057142857142858,0.0,0.176,0.144,0.48,0.8914285714285715,0.2857142857142857,0.7200000000000001,0.7771428571428571,0.3199999999999999,0.1142857142857142,0.1714285714285714,0.6057142857142858,0.0,0.8914285714285715,0.176,0.144,0.48
5107515,Laura Ziegler,LAS,2026-06-25,0.0,53.0,0.0,0.0,3.0,0,1,0,0,3,0,1,1,0,3,,0,0,,1,0,3,-8,10.0,0.0,0.1,0.0,0.0,0.3,0.3,0.0,0.1,0.4,0.0,12.0,2.8284271247461903,1.0,1.0,0.5,0.0,3.0,0.5,0.5,1.0,0.5,3.5,,0.0,0.0,,1.0,0.0,1.5,-6.0,0.0714285714285714,0.101015254455221,0.0857142857142857,0.0202030508910442,0.0357142857142857,0.0505076272276105,0.0,0.0,0.2571428571428571,0.0606091526731326,0.2928571428571428,0.0101015254455221,0.0,0.0,0.0857142857142857,0.0202030508910442,0.3785714285714285,0.0303045763365663,12.0,2.8284271247461903,1.0,1.0,0.5,0.0,3.0,0.5,0.5,1.0,0.5,3.5,,0.0,0.0,,1.0,0.0,1.5,-6.0,0.0714285714285714,0.101015254455221,0.0857142857142857,0.0202030508910442,0.0357142857142857,0.0505076272276105,0.0,0.0,0.2571428571428571,0.0606091526731326,0.2928571428571428,0.0101015254455221,0.0,0.0,0.0857142857142857,0.0202030508910442,0.3785714285714285,0.0303045763365663,12.0,2.8284271247461903,1.0,1.0,0.5,0.0,3.0,0.5,0.5,1.0,0.5,3.5,,0.0,0.0,,1.0,0.0,1.5,-6.0,0.0714285714285714,0.101015254455221,0.0857142857142857,0.0202030508910442,0.0357142857142857,0.0505076272276105,0.0,0.0,0.2571428571428571,0.0606091526731326,0.2928571428571428,0.0101015254455221,0.0,0.0,0.0857142857142857,0.0202030508910442,0.3785714285714285,0.0303045763365663,11.7,0.8499999999999999,1.0,0.4249999999999999,0.0,0.2573999999999999,0.2105999999999999,0.702,2.275,1.85,1.275,1.4249999999999998,0.4679999999999999,0.8499999999999999,1.0,0.4249999999999999,0.0,2.275,0.2573999999999999,0.2105999999999999,0.702
5107752,Charlise Dunn,TOR,2026-06-25,0.0,57.0,0.0,0.0,2.0,0,0,0,0,0,0,0,0,0,0,,0,0,,0,0,0,0,0.0,,,,,,,,,,0.0,0.0,,0.0,0.0,0.0,0.0,0.0,0.0,0.0,0.0,0.0,0.0,,0.0,0.0,,0.0,0.0,0.0,0.0,,,,,,,,,,,,,,,,,,,0.0,,0.0,0.0,0.0,0.0,0.0,0.0,0.0,0.0,0.0,0.0,,0.0,0.0,,0.0,0.0,0.0,0.0,,,,,,,,,,,,,,,,,,,0.0,,0.0,0.0,0.0,0.0,0.0,0.0,0.0,0.0,0.0,0.0,,0.0,0.0,,0.0,0.0,0.0,0.0,,,,,,,,,,,,,,,,,,,8.0,0.0,0.0,0.0,0.0,0.176,0.144,0.48,0.0,0.0,0.0,0.0,0.3199999999999999,0.0,0.0,0.0,0.0,0.0,0.176,0.144,0.48
5209660,Sevgi Uzun,LAS,2026-06-25,0.0,53.0,0.0,0.0,3.0,2,2,0,0,2,0,0,0,1,4,,0,0,,0,2,0,-8,10.0,0.2,0.2,0.0,0.0,0.2,0.4,0.0,0.0,0.4,0.0,11.5,2.1213203435596424,2.0,2.0,0.0,0.0,1.5,0.0,0.5,2.0,1.0,3.0,,0.0,0.0,,0.0,2.0,0.5,-5.0,0.1769230769230769,0.0326356975932252,0.1769230769230769,0.0326356975932252,0.0,0.0,0.0,0.0,0.1384615384615384,0.0870285269152674,0.2769230769230769,0.1740570538305348,0.0,0.0,0.1538461538461538,0.2175713172881684,0.4307692307692308,0.0435142634576337,11.5,2.1213203435596424,2.0,2.0,0.0,0.0,1.5,0.0,0.5,2.0,1.0,3.0,,0.0,0.0,,0.0,2.0,0.5,-5.0,0.1769230769230769,0.0326356975932252,0.1769230769230769,0.0326356975932252,0.0,0.0,0.0,0.0,0.1384615384615384,0.0870285269152674,0.2769230769230769,0.1740570538305348,0.0,0.0,0.1538461538461538,0.2175713172881684,0.4307692307692308,0.0435142634576337,11.5,2.1213203435596424,2.0,2.0,0.0,0.0,1.5,0.0,0.5,2.0,1.0,3.0,,0.0,0.0,,0.0,2.0,0.5,-5.0,0.1769230769230769,0.0326356975932252,0.1769230769230769,0.0326356975932252,0.0,0.0,0.0,0.0,0.1384615384615384,0.0870285269152674,0.2769230769230769,0.1740570538305348,0.0,0.0,0.1538461538461538,0.2175713172881684,0.4307692307692308,0.0435142634576337,11.275,2.0,2.0,0.0,0.0,0.2480499999999999,0.2029499999999999,0.6764999999999999,4.0,4.0,2.0,2.0,0.4509999999999999,2.0,2.0,0.0,0.0,4.0,0.2480499999999999,0.2029499999999999,0.6764999999999999
5220150,Dominique Malonga,SEA,2026-06-25,0.0,32.0,0.0,0.0,10.0,0,0,0,0,0,0,0,0,0,0,,0,0,,0,0,0,0,0.0,,,,,,,,,,0.0,0.0,0.0,0.0,0.0,0.0,0.0,0.0,0.0,0.0,0.0,0.0,0.0,,0.0,0.0,,0.0,0.0,0.0,0.0,,,,,,,,,,,,,,,,,,,6.4,14.310835055998654,4.2,1.4,0.2,0.4,0.6,0.2,0.2,0.2,1.8,3.8,,0.2,0.8,,0.2,1.2,0.2,-2.0,0.65625,,0.21875,,0.03125,,0.0625,,0.09375,,0.59375,,0.125,,0.03125,,0.68,,13.444444444444445,13.417443041719157,7.555555555555555,4.222222222222222,0.3333333333333333,0.3333333333333333,1.0,0.5555555555555556,0.7777777777777778,1.0,2.7777777777777777,6.555555555555555,,1.6666666666666667,3.0,,1.4444444444444444,2.7777777777777777,1.2222222222222223,-0.8888888888888888,0.5365788393397286,0.1652431779158142,0.3323309350963616,0.1467153615756675,0.0263001253132832,0.0252771455131221,0.0220238095238095,0.0306128354062471,0.0716408478091781,0.0525868235922295,0.4721732132054274,0.1077892521817803,0.2273697173969406,0.1058414082656977,0.0775160962751706,0.0352926638136188,0.6497319851352519,0.1219080353430148,8.0,2.981111111111111,1.3344444444444443,0.1366666666666666,0.2066666666666666,0.176,0.144,0.48,4.452222222222222,4.315555555555555,3.117777777777777,1.4711111111111113,0.3199999999999999,2.981111111111111,1.3344444444444443,0.1366666666666666,0.2066666666666666,4.452222222222222,0.176,0.144,0.48
5239080,Amelia Hassett,LAS,2026-06-25,0.0,61.0,0.0,0.0,2.0,3,3,0,1,2,1,0,0,1,2,,0,0,,0,3,2,-6,12.0,0.25,0.25,0.0,0.0833333333333333,0.1666666666666666,0.1666666666666666,0.0,0.0,0.1666666666666666,0.0,12.0,,3.0,3.0,0.0,1.0,2.0,1.0,0.0,0.0,1.0,2.0,,0.0,0.0,,0.0,3.0,2.0,-6.0,0.25,,0.25,,0.0,,0.0833333333333333,,0.1666666666666666,,0.1666666666666666,,0.0,,0.0,,0.1666666666666666,,12.0,,3.0,3.0,0.0,1.0,2.0,1.0,0.0,0.0,1.0,2.0,,0.0,0.0,,0.0,3.0,2.0,-6.0,0.25,,0.25,,0.0,,0.0833333333333333,,0.1666666666666666,,0.1666666666666666,,0.0,,0.0,,0.1666666666666666,,12.0,,3.0,3.0,0.0,1.0,2.0,1.0,0.0,0.0,1.0,2.0,,0.0,0.0,,0.0,3.0,2.0,-6.0,0.25,,0.25,,0.0,,0.0833333333333333,,0.1666666666666666,,0.1666666666666666,,0.0,,0.0,,0.1666666666666666,,11.999999999999998,3.0,3.0,0.0,1.0,0.2639999999999999,0.2159999999999999,0.7199999999999999,5.999999999999999,5.999999999999999,3.0,3.0,0.4799999999999998,3.0,3.0,0.0,1.0,5.999999999999999,0.2639999999999999,0.2159999999999999,0.7199999999999999
5345320,Pauline Astier,NYL,2026-06-25,0.0,32.0,0.0,0.0,9.0,7,0,1,1,2,1,0,2,2,3,,2,2,,0,0,1,-11,18.0,0.3888888888888889,0.0,0.0555555555555555,0.0555555555555555,0.1111111111111111,0.1666666666666666,0.1111111111111111,0.1111111111111111,0.3266666666666666,0.0,21.666666666666668,3.5118845842842474,11.333333333333334,2.6666666666666665,1.6666666666666667,1.6666666666666667,3.0,0.6666666666666666,0.0,0.6666666666666666,4.0,6.666666666666667,,1.6666666666666667,2.0,,0.0,2.6666666666666665,2.333333333333333,-2.333333333333333,0.525993265993266,0.3362098312677531,0.1121212121212121,0.1021800927278022,0.0754882154882155,0.0181034600314139,0.0773063973063973,0.0517330836212032,0.1412794612794612,0.1192606090948672,0.304040404040404,0.2097340423818296,0.0976430976430976,0.0916542598573481,0.037037037037037,0.0641500299099583,0.384040404040404,0.2184529740405391,26.0,6.670832032063169,15.2,3.6,3.0,1.4,2.8,1.2,0.0,1.8,5.6,8.8,,2.6,3.2,,0.8,2.8,3.0,-2.0,0.5784531024531024,0.2681094394660696,0.1291774891774891,0.0763984028209953,0.1052929292929293,0.055492967499438,0.0597171717171717,0.0497373162986153,0.1161962481962481,0.0923083283751123,0.3329004329004329,0.1662794174329212,0.1185858585858586,0.0791999068327874,0.0669841269841269,0.0723781675877543,0.4520623376623376,0.2003253827355891,21.5,10.309496315810694,11.625,2.625,2.875,0.875,1.75,1.0,0.125,1.375,4.25,6.625,,2.25,2.875,,0.625,2.0,2.75,1.25,0.5268171511028654,0.2509439283636177,0.1130488559059987,0.0699842736099694,0.1297546897546897,0.0618530209573774,0.0426551226551226,0.0499828122104322,0.0829973201401772,0.0943144248165794,0.2988249845392702,0.1479229318719281,0.1321067821067821,0.0692771828014376,0.0608328179756751,0.0655092913543038,0.4177847866419295,0.1778663759777775,22.6,12.095,2.585,2.275,1.315,0.4971999999999999,0.4067999999999999,1.356,16.955,14.68,14.37,4.859999999999999,0.904,12.095,2.585,2.275,1.315,16.955,0.4971999999999999,0.4067999999999999,1.356
5345325,Awa Fam,SEA,2026-06-25,0.0,32.0,0.0,0.0,6.0,10,2,0,0,1,1,0,2,4,7,,2,2,,0,2,4,6,20.0,0.5,0.1,0.0,0.0,0.05,0.35,0.1,0.1,0.4939999999999999,0.0,6.666666666666667,11.547005383792516,3.333333333333333,0.6666666666666666,0.0,0.0,0.3333333333333333,0.3333333333333333,0.0,0.6666666666666666,1.3333333333333333,2.333333333333333,,0.6666666666666666,0.6666666666666666,,0.0,0.6666666666666666,1.3333333333333333,2.0,0.5,,0.1,,0.0,,0.0,,0.05,,0.35,,0.1,,0.1,,0.4939999999999999,,4.0,8.94427190999916,2.0,0.4,0.0,0.0,0.2,0.2,0.0,0.4,0.8,1.4,,0.4,0.4,,0.0,0.4,0.8,1.2,0.5,,0.1,,0.0,,0.0,,0.05,,0.35,,0.1,,0.1,,0.4939999999999999,,4.0,8.94427190999916,2.0,0.4,0.0,0.0,0.2,0.2,0.0,0.4,0.8,1.4,,0.4,0.4,,0.0,0.4,0.8,1.2,0.5,,0.1,,0.0,,0.0,,0.05,,0.35,,0.1,,0.1,,0.4939999999999999,,8.0,3.6,0.72,0.0,0.0,0.176,0.144,0.48,4.32,4.32,3.6,0.72,0.3199999999999999,3.6,0.72,0.0,0.0,4.32,0.176,0.144,0.48
5345334,Saffron Shiels,TOR,2026-06-25,0.0,57.0,0.0,0.0,2.0,0,0,0,0,0,0,0,0,0,0,,0,0,,0,0,0,0,0.0,,,,,,,,,,0.0,0.0,,0.0,0.0,0.0,0.0,0.0,0.0,0.0,0.0,0.0,0.0,,0.0,0.0,,0.0,0.0,0.0,0.0,,,,,,,,,,,,,,,,,,,0.0,,0.0,0.0,0.0,0.0,0.0,0.0,0.0,0.0,0.0,0.0,,0.0,0.0,,0.0,0.0,0.0,0.0,,,,,,,,,,,,,,,,,,,0.0,,0.0,0.0,0.0,0.0,0.0,0.0,0.0,0.0,0.0,0.0,,0.0,0.0,,0.0,0.0,0.0,0.0,,,,,,,,,,,,,,,,,,,8.0,0.0,0.0,0.0,0.0,0.176,0.144,0.48,0.0,0.0,0.0,0.0,0.3199999999999999,0.0,0.0,0.0,0.0,0.0,0.176,0.144,0.48
5345444,Laura Juskaite,TOR,2026-06-25,0.0,33.0,0.0,0.0,10.0,3,2,1,0,1,0,0,1,1,3,,1,1,,0,2,3,-5,20.0,0.15,0.1,0.05,0.0,0.05,0.15,0.05,0.05,0.2219999999999999,0.0,23.0,2.9999999999999982,6.666666666666667,3.333333333333333,1.0,1.0,3.333333333333333,0.0,0.0,2.0,2.0,5.0,,1.6666666666666667,1.6666666666666667,,1.0,2.333333333333333,4.333333333333333,-6.0,0.2846711259754738,0.1430177856638049,0.1442586399108138,0.0638001689133784,0.0423076923076923,0.0390341983272777,0.0418060200668896,0.0435746295009879,0.1370680044593088,0.0905669830695184,0.2122073578595317,0.0597841873636782,0.0712931995540691,0.0191106714731912,0.0841137123745819,0.0327848769413718,0.3276900780379041,0.0990767777398378,23.0,2.549509756796394,8.6,3.6,1.6,1.0,3.0,1.2,0.0,1.8,2.8,5.8,,2.0,2.4,,1.2,2.4,4.4,0.4,0.3654693422519509,0.1849952934573817,0.1581742315655359,0.06435544541916,0.0669084249084249,0.0589513503679666,0.0410836120401337,0.0418372164539992,0.1237646121993948,0.0775352305661954,0.2469434623347667,0.0768572715506759,0.1018235387800605,0.0574646107887052,0.0775158464723682,0.0316299251238648,0.3692616658703615,0.0986806924114627,20.444444444444443,6.405292950191878,7.333333333333333,4.0,1.2222222222222223,0.6666666666666666,2.4444444444444446,1.2222222222222223,0.0,1.8888888888888888,2.333333333333333,6.0,,2.0,2.4444444444444446,,1.0,3.0,4.111111111111111,-1.6666666666666667,0.3371794312984244,0.2006947216524899,0.1993616240526995,0.0943304760390027,0.0528355075723496,0.054217453750686,0.0302316363185928,0.0381765709364784,0.1171986636975195,0.0606744582898133,0.2839744381391978,0.1048836839640925,0.1144076747051575,0.0934409286807356,0.0873277955200152,0.0494951558595432,0.4216416105294824,0.1777165037247034,22.038888888888884,6.926666666666667,3.3600000000000003,1.2544444444444445,0.7833333333333332,0.4848555555555554,0.3966999999999999,1.322333333333333,11.54111111111111,10.286666666666669,8.181111111111111,4.614444444444445,0.8815555555555553,6.926666666666667,3.3600000000000003,1.2544444444444445,0.7833333333333332,11.54111111111111,0.4848555555555554,0.3966999999999999,1.322333333333333
5345473,Costanza Verona,DAL,2026-06-25,0.0,32.0,0.0,0.0,3.0,0,0,0,0,0,0,0,0,0,0,,0,0,,0,0,0,0,0.0,,,,,,,,,,0.0,2.0,2.8284271247461903,0.0,0.0,0.0,0.0,0.0,0.5,0.0,0.0,0.0,2.0,,0.0,0.0,,0.0,0.0,0.0,-1.5,0.0,,0.0,,0.0,,0.0,,0.0,,1.0,,0.0,,0.0,,1.0,,2.0,2.8284271247461903,0.0,0.0,0.0,0.0,0.0,0.5,0.0,0.0,0.0,2.0,,0.0,0.0,,0.0,0.0,0.0,-1.5,0.0,,0.0,,0.0,,0.0,,0.0,,1.0,,0.0,,0.0,,1.0,,2.0,2.8284271247461903,0.0,0.0,0.0,0.0,0.0,0.5,0.0,0.0,0.0,2.0,,0.0,0.0,,0.0,0.0,0.0,-1.5,0.0,,0.0,,0.0,,0.0,,0.0,,1.0,,0.0,,0.0,,1.0,,8.0,0.0,0.0,0.0,0.0,0.176,0.144,0.48,0.0,0.0,0.0,0.0,0.3199999999999999,0.0,0.0,0.0,0.0,0.0,0.176,0.144,0.48
5345503,Maddison Rocci,TOR,2026-06-25,0.0,57.0,0.0,0.0,2.0,11,2,3,0,0,1,0,3,2,6,,7,7,,0,2,4,-13,14.0,0.7857142857142857,0.1428571428571428,0.2142857142857142,0.0,0.0,0.4285714285714285,0.5,0.2142857142857142,0.8628571428571429,0.0,14.0,,11.0,2.0,3.0,0.0,0.0,1.0,0.0,3.0,2.0,6.0,,7.0,7.0,,0.0,2.0,4.0,-13.0,0.7857142857142857,,0.1428571428571428,,0.2142857142857142,,0.0,,0.0,,0.4285714285714285,,0.5,,0.2142857142857142,,0.8628571428571429,,14.0,,11.0,2.0,3.0,0.0,0.0,1.0,0.0,3.0,2.0,6.0,,7.0,7.0,,0.0,2.0,4.0,-13.0,0.7857142857142857,,0.1428571428571428,,0.2142857142857142,,0.0,,0.0,,0.4285714285714285,,0.5,,0.2142857142857142,,0.8628571428571429,,14.0,,11.0,2.0,3.0,0.0,0.0,1.0,0.0,3.0,2.0,6.0,,7.0,7.0,,0.0,2.0,4.0,-13.0,0.7857142857142857,,0.1428571428571428,,0.2142857142857142,,0.0,,0.0,,0.4285714285714285,,0.5,,0.2142857142857142,,0.8628571428571429,,14.0,11.0,2.0,3.0,0.0,0.308,0.252,0.84,16.0,13.0,14.0,5.0,0.56,11.0,2.0,3.0,0.0,16.0,0.308,0.252,0.84
