date,snapshot_ts,player_id,player_name,team,stat,side,line,price,implied_prob,model_prob,model_prob_raw,edge,ev,bookmaker,bookmaker_title,commence_time,home_team,away_team
2026-05-26,2026-05-26T00:27:17.302700+00:00,4593803,Jalen Williams,OKC,ast,UNDER,3.5,112,0.4716981132075472,0.5287532246945327,0.8520655231207837,0.0570551114869855,0.12095683635240928,betrivers,BetRivers,2026-05-27T00:40:00Z,Oklahoma City Thunder,San Antonio Spurs
2026-05-26,2026-05-26T00:27:17.302700+00:00,4593803,Jalen Williams,OKC,ast,UNDER,3.5,111,0.47393364928909953,0.5306534303638522,0.8520655231207837,0.05671978107475262,0.11967873806772811,williamhill_us,Caesars,2026-05-27T00:40:00Z,Oklahoma City Thunder,San Antonio Spurs
2026-05-26,2026-05-26T00:27:17.302700+00:00,4593803,Jalen Williams,OKC,ast,UNDER,3.5,110,0.47619047619047616,0.5325717332300223,0.8520655231207837,0.05638125703954611,0.11840063978304682,betmgm,BetMGM,2026-05-27T00:40:00Z,Oklahoma City Thunder,San Antonio Spurs
2026-05-26,2026-05-26T00:27:17.302700+00:00,4593803,Jalen Williams,OKC,ast,UNDER,3.5,110,0.47619047619047616,0.5325717332300223,0.8520655231207837,0.05638125703954611,0.11840063978304682,bovada,Bovada,2026-05-27T00:40:00Z,Oklahoma City Thunder,San Antonio Spurs
2026-05-26,2026-05-26T00:27:17.302700+00:00,4593803,Jalen Williams,OKC,ast,UNDER,3.5,108,0.4807692307692308,0.5364636746219638,0.8520655231207837,0.05569444385273298,0.1158444432136847,fanduel,FanDuel,2026-05-27T00:40:00Z,Oklahoma City Thunder,San Antonio Spurs
2026-05-26,2026-05-26T00:27:17.302700+00:00,4593803,Jalen Williams,OKC,ast,UNDER,3.5,107,0.4830917874396135,0.538437847791789,0.8520655231207837,0.05534606035217554,0.11456634492900342,draftkings,DraftKings,2026-05-27T00:40:00Z,Oklahoma City Thunder,San Antonio Spurs
2026-05-26,2026-05-26T00:27:17.302700+00:00,4592479,Julian Champagnie,SAS,ast,OVER,1.5,145,0.40816326530612246,0.43196410026724114,0.5668354983802469,0.023800834961118678,0.058312045654740796,betmgm,BetMGM,2026-05-27T00:40:00Z,Oklahoma City Thunder,San Antonio Spurs
2026-05-26,2026-05-26T00:27:17.302700+00:00,4593803,Jalen Williams,OKC,ast,UNDER,4.5,-200,0.6666666666666666,0.7055393454418866,0.9258178585014663,0.03887267877521994,0.05830901816282985,bovada,Bovada,2026-05-27T00:40:00Z,Oklahoma City Thunder,San Antonio Spurs
2026-05-26,2026-05-26T00:27:17.302700+00:00,4592479,Julian Champagnie,SAS,ast,OVER,1.5,138,0.42016806722689076,0.4421681818998942,0.5668354983802469,0.022000114673003446,0.05236027292174816,fanduel,FanDuel,2026-05-27T00:40:00Z,Oklahoma City Thunder,San Antonio Spurs
2026-05-26,2026-05-26T00:27:17.302700+00:00,4592479,Julian Champagnie,SAS,ast,OVER,1.5,127,0.44052863436123346,0.4594746639640855,0.5668354983802469,0.01894602960285202,0.043007487198474026,draftkings,DraftKings,2026-05-27T00:40:00Z,Oklahoma City Thunder,San Antonio Spurs
2026-05-26,2026-05-26T00:27:17.302700+00:00,4592479,Julian Champagnie,SAS,ast,OVER,1.5,125,0.4444444444444444,0.4628031025348148,0.5668354983802469,0.018358658090370406,0.041306980703333385,bovada,Bovada,2026-05-27T00:40:00Z,Oklahoma City Thunder,San Antonio Spurs
2026-05-26,2026-05-26T00:27:17.302700+00:00,4395630,Devin Vassell,SAS,ast,OVER,2.5,138,0.42016806722689076,0.43609306244171525,0.5263347019923872,0.01592499521482449,0.037901488611282175,fanduel,FanDuel,2026-05-27T00:40:00Z,Oklahoma City Thunder,San Antonio Spurs
2026-05-26,2026-05-26T00:27:17.302700+00:00,4683692,Cason Wallace,OKC,ast,UNDER,1.5,180,0.35714285714285715,0.3702389221622855,0.44444995727237946,0.013096065019428338,0.03666898205439939,bovada,Bovada,2026-05-27T00:40:00Z,Oklahoma City Thunder,San Antonio Spurs
2026-05-26,2026-05-26T00:27:17.302700+00:00,4222252,Isaiah Hartenstein,OKC,ast,OVER,2.5,122,0.45045045045045046,0.466089787536447,0.5547126976904273,0.01563933708599652,0.03471932833091218,fanduel,FanDuel,2026-05-27T00:40:00Z,Oklahoma City Thunder,San Antonio Spurs
2026-05-26,2026-05-26T00:27:17.302700+00:00,4222252,Isaiah Hartenstein,OKC,ast,OVER,2.5,120,0.45454545454545453,0.46957054101720047,0.5547126976904273,0.015025086471745941,0.03305519023784098,draftkings,DraftKings,2026-05-27T00:40:00Z,Oklahoma City Thunder,San Antonio Spurs
2026-05-26,2026-05-26T00:27:17.302700+00:00,4222252,Isaiah Hartenstein,OKC,ast,OVER,2.5,120,0.45454545454545453,0.46957054101720047,0.5547126976904273,0.015025086471745941,0.03305519023784098,betrivers,BetRivers,2026-05-27T00:40:00Z,Oklahoma City Thunder,San Antonio Spurs
2026-05-26,2026-05-26T00:27:17.302700+00:00,4222252,Isaiah Hartenstein,OKC,ast,OVER,2.5,120,0.45454545454545453,0.46957054101720047,0.5547126976904273,0.015025086471745941,0.03305519023784098,betmgm,BetMGM,2026-05-27T00:40:00Z,Oklahoma City Thunder,San Antonio Spurs
2026-05-26,2026-05-26T00:27:17.302700+00:00,4222252,Isaiah Hartenstein,OKC,ast,OVER,2.5,120,0.45454545454545453,0.46957054101720047,0.5547126976904273,0.015025086471745941,0.03305519023784098,bovada,Bovada,2026-05-27T00:40:00Z,Oklahoma City Thunder,San Antonio Spurs
2026-05-26,2026-05-26T00:27:17.302700+00:00,4395630,Devin Vassell,SAS,ast,OVER,2.5,123,0.4484304932735426,0.4601161245813693,0.5263347019923872,0.011685631307826683,0.02605895781645351,betrivers,BetRivers,2026-05-27T00:40:00Z,Oklahoma City Thunder,San Antonio Spurs
2026-05-26,2026-05-26T00:27:17.302700+00:00,4395630,Devin Vassell,SAS,ast,OVER,2.5,120,0.45454545454545453,0.46531384166249445,0.5263347019923872,0.010768387117039924,0.023690451657487732,betmgm,BetMGM,2026-05-27T00:40:00Z,Oklahoma City Thunder,San Antonio Spurs
2026-05-26,2026-05-26T00:27:17.302700+00:00,4395630,Devin Vassell,SAS,ast,OVER,2.5,118,0.45871559633027525,0.46885846217959204,0.5263347019923872,0.010142865849316784,0.02211144755151062,draftkings,DraftKings,2026-05-27T00:40:00Z,Oklahoma City Thunder,San Antonio Spurs
2026-05-26,2026-05-26T00:27:17.302700+00:00,4433255,Chet Holmgren,OKC,ast,OVER,1.5,138,0.42016806722689076,0.42928693938251994,0.4809605482644186,0.009118872155629176,0.0217029157303974,fanduel,FanDuel,2026-05-27T00:40:00Z,Oklahoma City Thunder,San Antonio Spurs
2026-05-26,2026-05-26T00:27:17.302700+00:00,5037871,Dylan Harper,SAS,ast,UNDER,1.5,200,0.3333333333333333,0.3402127757696097,0.37919628290850915,0.006879442436276362,0.020638327308828974,bovada,Bovada,2026-05-27T00:40:00Z,Oklahoma City Thunder,San Antonio Spurs
2026-05-26,2026-05-26T00:27:17.302700+00:00,5104157,Victor Wembanyama,SAS,ast,OVER,3.5,110,0.47619047619047616,0.4857763839851601,0.5400965281550358,0.009585907794683934,0.02013040636883623,betmgm,BetMGM,2026-05-27T00:40:00Z,Oklahoma City Thunder,San Antonio Spurs
2026-05-26,2026-05-26T00:27:17.302700+00:00,4395630,Devin Vassell,SAS,ast,OVER,2.5,115,0.46511627906976744,0.4742990425081604,0.5263347019923872,0.009182763438392971,0.019742941392544733,bovada,Bovada,2026-05-27T00:40:00Z,Oklahoma City Thunder,San Antonio Spurs
2026-05-26,2026-05-26T00:27:17.302700+00:00,4433255,Chet Holmgren,OKC,ast,OVER,1.5,135,0.425531914893617,0.4338462098992373,0.4809605482644186,0.008314295005620254,0.019538593263207615,bovada,Bovada,2026-05-27T00:40:00Z,Oklahoma City Thunder,San Antonio Spurs
2026-05-26,2026-05-26T00:27:17.302700+00:00,4433255,Chet Holmgren,OKC,ast,OVER,1.5,134,0.42735042735042733,0.435391945487526,0.4809605482644186,0.008041518137098691,0.018817152440810947,draftkings,DraftKings,2026-05-27T00:40:00Z,Oklahoma City Thunder,San Antonio Spurs
2026-05-26,2026-05-26T00:27:17.302700+00:00,2991350,Alex Caruso,OKC,ast,UNDER,1.5,125,0.4444444444444444,0.45103889471737985,0.488407446264014,0.006594450272935426,0.014837513114104639,draftkings,DraftKings,2026-05-27T00:40:00Z,Oklahoma City Thunder,San Antonio Spurs
2026-05-26,2026-05-26T00:27:17.302700+00:00,2991350,Alex Caruso,OKC,ast,UNDER,1.5,125,0.4444444444444444,0.45103889471737985,0.488407446264014,0.006594450272935426,0.014837513114104639,bovada,Bovada,2026-05-27T00:40:00Z,Oklahoma City Thunder,San Antonio Spurs
2026-05-26,2026-05-26T00:27:17.302700+00:00,2991350,Alex Caruso,OKC,ast,UNDER,1.5,123,0.4484304932735426,0.45442703622211333,0.488407446264014,0.005996542948570716,0.013372290775312767,betrivers,BetRivers,2026-05-27T00:40:00Z,Oklahoma City Thunder,San Antonio Spurs
2026-05-26,2026-05-26T00:27:17.302700+00:00,2991350,Alex Caruso,OKC,ast,UNDER,1.5,122,0.45045045045045046,0.456143999822485,0.488407446264014,0.005693549372034534,0.01263967960591672,fanduel,FanDuel,2026-05-27T00:40:00Z,Oklahoma City Thunder,San Antonio Spurs
2026-05-26,2026-05-26T00:27:17.302700+00:00,5104157,Victor Wembanyama,SAS,ast,OVER,3.5,100,0.5,0.5060144792232554,0.5400965281550358,0.006014479223255376,0.012028958446510751,fanduel,FanDuel,2026-05-27T00:40:00Z,Oklahoma City Thunder,San Antonio Spurs
2026-05-26,2026-05-26T00:27:17.302700+00:00,5104157,Victor Wembanyama,SAS,ast,OVER,3.5,100,0.5,0.5060144792232554,0.5400965281550358,0.006014479223255376,0.012028958446510751,williamhill_us,Caesars,2026-05-27T00:40:00Z,Oklahoma City Thunder,San Antonio Spurs
2026-05-26,2026-05-26T00:27:17.302700+00:00,5104157,Victor Wembanyama,SAS,ast,OVER,3.5,100,0.5,0.5060144792232554,0.5400965281550358,0.006014479223255376,0.012028958446510751,bovada,Bovada,2026-05-27T00:40:00Z,Oklahoma City Thunder,San Antonio Spurs
2026-05-26,2026-05-26T00:27:17.302700+00:00,5104157,Victor Wembanyama,SAS,ast,OVER,3.5,-101,0.5024875621890548,0.508128907083952,0.5400965281550358,0.0056413448948972045,0.011226834889844994,draftkings,DraftKings,2026-05-27T00:40:00Z,Oklahoma City Thunder,San Antonio Spurs
2026-05-26,2026-05-26T00:27:17.302700+00:00,4395723,Keldon Johnson,SAS,ast,UNDER,0.5,107,0.4830917874396135,0.48777715061581955,0.5143275419476538,0.004685363176206048,0.00969870177474641,draftkings,DraftKings,2026-05-27T00:40:00Z,Oklahoma City Thunder,San Antonio Spurs
2026-05-26,2026-05-26T00:27:17.302700+00:00,4433255,Chet Holmgren,OKC,ast,OVER,1.5,120,0.45454545454545453,0.45850771860329914,0.4809605482644186,0.003962264057844611,0.008716980927258033,betrivers,BetRivers,2026-05-27T00:40:00Z,Oklahoma City Thunder,San Antonio Spurs
2026-05-26,2026-05-26T00:27:17.302700+00:00,5104157,Victor Wembanyama,SAS,ast,OVER,3.5,-105,0.5121951219512195,0.516380332881792,0.5400965281550358,0.004185210930572447,0.008171126102546222,betrivers,BetRivers,2026-05-27T00:40:00Z,Oklahoma City Thunder,San Antonio Spurs
2026-05-26,2026-05-26T00:27:17.302700+00:00,4432823,Jaylin Williams,OKC,ast,UNDER,2.5,-177,0.6389891696750902,0.644206838699931,0.6737736298406951,0.0052176690248407764,0.008165504632095422,draftkings,DraftKings,2026-05-27T00:40:00Z,Oklahoma City Thunder,San Antonio Spurs
2026-05-26,2026-05-26T00:27:17.302700+00:00,4278073,Shai Gilgeous-Alexander,OKC,ast,UNDER,9.5,-260,0.7222222222222222,0.725631067452781,0.7449478570926146,0.0034088452305588435,0.004719939550004548,bovada,Bovada,2026-05-27T00:40:00Z,Oklahoma City Thunder,San Antonio Spurs
2026-05-26,2026-05-26T00:27:17.302700+00:00,5037871,Dylan Harper,SAS,ast,OVER,2.5,122,0.45045045045045046,0.4523609401880786,0.46318704870130456,0.0019104897376281404,0.004241287217534473,fanduel,FanDuel,2026-05-27T00:40:00Z,Oklahoma City Thunder,San Antonio Spurs
2026-05-26,2026-05-26T00:27:17.302700+00:00,4683778,Jared McCain,OKC,ast,UNDER,1.5,-141,0.5850622406639004,0.5872621615389673,0.5997283798310128,0.0021999208750668187,0.003760148446036282,draftkings,DraftKings,2026-05-27T00:40:00Z,Oklahoma City Thunder,San Antonio Spurs
2026-05-26,2026-05-26T00:27:17.302700+00:00,4683778,Jared McCain,OKC,ast,UNDER,1.5,-143,0.588477366255144,0.5901650182915243,0.5997283798310128,0.0016876520363803271,0.0028678282855972848,betrivers,BetRivers,2026-05-27T00:40:00Z,Oklahoma City Thunder,San Antonio Spurs
2026-05-26,2026-05-26T00:27:17.302700+00:00,4683778,Jared McCain,OKC,ast,UNDER,1.5,-144,0.5901639344262295,0.591598601236947,0.5997283798310128,0.0014346668107174665,0.0024309632070489973,fanduel,FanDuel,2026-05-27T00:40:00Z,Oklahoma City Thunder,San Antonio Spurs
2026-05-26,2026-05-26T00:27:17.302700+00:00,4683778,Jared McCain,OKC,ast,UNDER,1.5,-145,0.5918367346938775,0.5930204814644479,0.5997283798310128,0.0011837467705703153,0.00200012385372228,bovada,Bovada,2026-05-27T00:40:00Z,Oklahoma City Thunder,San Antonio Spurs
2026-05-26,2026-05-26T00:27:17.302700+00:00,4845367,Stephon Castle,SAS,ast,OVER,6.5,-106,0.5145631067961165,0.5154071728802544,0.5201902140237025,0.0008440660841378955,0.0016403548427585402,fanduel,FanDuel,2026-05-27T00:40:00Z,Oklahoma City Thunder,San Antonio Spurs
2026-05-26,2026-05-26T00:27:17.302700+00:00,4433255,Chet Holmgren,OKC,ast,OVER,1.5,110,0.47619047619047616,0.4769059870015675,0.4809605482644186,0.0007155108110913355,0.0015025727032917935,betmgm,BetMGM,2026-05-27T00:40:00Z,Oklahoma City Thunder,San Antonio Spurs
2026-05-26,2026-05-26T00:27:17.302700+00:00,4278073,Shai Gilgeous-Alexander,OKC,ast,UNDER,8.5,-150,0.6,0.6003085615524737,0.6020570770164918,0.0003085615524737184,0.00051426925412279,bovada,Bovada,2026-05-27T00:40:00Z,Oklahoma City Thunder,San Antonio Spurs
2026-05-26,2026-05-26T00:27:17.302700+00:00,4066259,De'Aaron Fox,SAS,blk,OVER,0.5,260,0.2777777777777778,0.47671294231052475,0.47671294231052475,0.19893516453274696,0.716166592317889,betmgm,BetMGM,2026-05-27T00:40:00Z,Oklahoma City Thunder,San Antonio Spurs
2026-05-26,2026-05-26T00:27:17.302700+00:00,4845367,Stephon Castle,SAS,blk,OVER,0.5,230,0.30303030303030304,0.5087332698199543,0.5087332698199543,0.20570296678965122,0.678819790405849,betmgm,BetMGM,2026-05-27T00:40:00Z,Oklahoma City Thunder,San Antonio Spurs
2026-05-26,2026-05-26T00:27:17.302700+00:00,4066259,De'Aaron Fox,SAS,blk,OVER,0.5,244,0.29069767441860467,0.47671294231052475,0.47671294231052475,0.18601526789192008,0.6398925215482052,draftkings,DraftKings,2026-05-27T00:40:00Z,Oklahoma City Thunder,San Antonio Spurs
2026-05-26,2026-05-26T00:27:17.302700+00:00,4066259,De'Aaron Fox,SAS,blk,OVER,0.5,240,0.29411764705882354,0.47671294231052475,0.47671294231052475,0.1825952952517012,0.6208240038557842,bovada,Bovada,2026-05-27T00:40:00Z,Oklahoma City Thunder,San Antonio Spurs
2026-05-26,2026-05-26T00:27:17.302700+00:00,4845367,Stephon Castle,SAS,blk,OVER,0.5,196,0.33783783783783783,0.5087332698199543,0.5087332698199543,0.17089543198211643,0.5058504786670646,draftkings,DraftKings,2026-05-27T00:40:00Z,Oklahoma City Thunder,San Antonio Spurs
2026-05-26,2026-05-26T00:27:17.302700+00:00,4397020,Luguentz Dort,OKC,blk,OVER,0.5,325,0.23529411764705882,0.3502611923115303,0.3502611923115303,0.11496707466447148,0.4886100673240038,betmgm,BetMGM,2026-05-27T00:40:00Z,Oklahoma City Thunder,San Antonio Spurs
2026-05-26,2026-05-26T00:27:17.302700+00:00,4845367,Stephon Castle,SAS,blk,OVER,0.5,190,0.3448275862068966,0.5087332698199543,0.5087332698199543,0.16390568361305768,0.47532648247786735,bovada,Bovada,2026-05-27T00:40:00Z,Oklahoma City Thunder,San Antonio Spurs
2026-05-26,2026-05-26T00:27:17.302700+00:00,4593803,Jalen Williams,OKC,blk,OVER,0.5,230,0.30303030303030304,0.4405401014885013,0.4405401014885013,0.13750979845819827,0.4537823349120542,betmgm,BetMGM,2026-05-27T00:40:00Z,Oklahoma City Thunder,San Antonio Spurs
2026-05-26,2026-05-26T00:27:17.302700+00:00,4592479,Julian Champagnie,SAS,blk,OVER,0.5,165,0.37735849056603776,0.5163635282414571,0.5163635282414571,0.13900503767541939,0.3683633498398614,betmgm,BetMGM,2026-05-27T00:40:00Z,Oklahoma City Thunder,San Antonio Spurs
2026-05-26,2026-05-26T00:27:17.302700+00:00,4593803,Jalen Williams,OKC,blk,OVER,0.5,208,0.3246753246753247,0.4405401014885013,0.4405401014885013,0.11586477681317664,0.35686351258458404,draftkings,DraftKings,2026-05-27T00:40:00Z,Oklahoma City Thunder,San Antonio Spurs
2026-05-26,2026-05-26T00:27:17.302700+00:00,4593803,Jalen Williams,OKC,blk,OVER,0.5,205,0.32786885245901637,0.4405401014885013,0.4405401014885013,0.11267124902948494,0.34364730953992895,bovada,Bovada,2026-05-27T00:40:00Z,Oklahoma City Thunder,San Antonio Spurs
2026-05-26,2026-05-26T00:27:17.302700+00:00,5104157,Victor Wembanyama,SAS,blk,UNDER,3.5,-114,0.5327102803738317,0.6960848556004425,0.6960848556004425,0.1633745752266108,0.30668560612714646,fanduel,FanDuel,2026-05-27T00:40:00Z,Oklahoma City Thunder,San Antonio Spurs
2026-05-26,2026-05-26T00:27:17.302700+00:00,5104157,Victor Wembanyama,SAS,blk,UNDER,3.5,-114,0.5327102803738317,0.6960848556004425,0.6960848556004425,0.1633745752266108,0.30668560612714646,draftkings,DraftKings,2026-05-27T00:40:00Z,Oklahoma City Thunder,San Antonio Spurs
2026-05-26,2026-05-26T00:27:17.302700+00:00,5104157,Victor Wembanyama,SAS,blk,UNDER,3.5,-115,0.5348837209302325,0.6960848556004425,0.6960848556004425,0.16120113467021002,0.3013760343834361,bovada,Bovada,2026-05-27T00:40:00Z,Oklahoma City Thunder,San Antonio Spurs
2026-05-26,2026-05-26T00:27:17.302700+00:00,4395630,Devin Vassell,SAS,blk,OVER,0.5,135,0.425531914893617,0.5511522838536291,0.5511522838536291,0.1256203689600121,0.29520786705602853,betmgm,BetMGM,2026-05-27T00:40:00Z,Oklahoma City Thunder,San Antonio Spurs
2026-05-26,2026-05-26T00:27:17.302700+00:00,4395630,Devin Vassell,SAS,blk,OVER,0.5,133,0.4291845493562232,0.5511522838536291,0.5511522838536291,0.12196773449740594,0.28418482137895595,draftkings,DraftKings,2026-05-27T00:40:00Z,Oklahoma City Thunder,San Antonio Spurs
2026-05-26,2026-05-26T00:27:17.302700+00:00,4395630,Devin Vassell,SAS,blk,OVER,0.5,130,0.43478260869565216,0.5511522838536291,0.5511522838536291,0.11636967515797697,0.267650252863347,bovada,Bovada,2026-05-27T00:40:00Z,Oklahoma City Thunder,San Antonio Spurs
2026-05-26,2026-05-26T00:27:17.302700+00:00,5104157,Victor Wembanyama,SAS,blk,UNDER,4.5,-275,0.7333333333333333,0.9001494668672708,0.9001494668672708,0.16681613353393754,0.22747654572809656,bovada,Bovada,2026-05-27T00:40:00Z,Oklahoma City Thunder,San Antonio Spurs
2026-05-26,2026-05-26T00:27:17.302700+00:00,4592479,Julian Champagnie,SAS,blk,OVER,0.5,136,0.423728813559322,0.5163635282414571,0.5163635282414571,0.09263471468213513,0.21861792664983892,draftkings,DraftKings,2026-05-27T00:40:00Z,Oklahoma City Thunder,San Antonio Spurs
2026-05-26,2026-05-26T00:27:17.302700+00:00,5104157,Victor Wembanyama,SAS,blk,UNDER,2.5,205,0.32786885245901637,0.39895311977743986,0.39895311977743986,0.07108426731842349,0.2168070153211915,bovada,Bovada,2026-05-27T00:40:00Z,Oklahoma City Thunder,San Antonio Spurs
2026-05-26,2026-05-26T00:27:17.302700+00:00,4397020,Luguentz Dort,OKC,blk,OVER,0.5,247,0.2881844380403458,0.3502611923115303,0.3502611923115303,0.062076754271184476,0.21540633732101022,draftkings,DraftKings,2026-05-27T00:40:00Z,Oklahoma City Thunder,San Antonio Spurs
2026-05-26,2026-05-26T00:27:17.302700+00:00,4592479,Julian Champagnie,SAS,blk,OVER,0.5,135,0.425531914893617,0.5163635282414571,0.5163635282414571,0.09083161334784012,0.21345429136742433,bovada,Bovada,2026-05-27T00:40:00Z,Oklahoma City Thunder,San Antonio Spurs
2026-05-26,2026-05-26T00:27:17.302700+00:00,4397020,Luguentz Dort,OKC,blk,OVER,0.5,240,0.29411764705882354,0.3502611923115303,0.3502611923115303,0.05614354525270676,0.19088805385920304,bovada,Bovada,2026-05-27T00:40:00Z,Oklahoma City Thunder,San Antonio Spurs
2026-05-26,2026-05-26T00:27:17.302700+00:00,5104157,Victor Wembanyama,SAS,blk,UNDER,3.5,-145,0.5918367346938775,0.6960848556004425,0.6960848556004425,0.10424812090656499,0.17614337670419605,betmgm,BetMGM,2026-05-27T00:40:00Z,Oklahoma City Thunder,San Antonio Spurs
2026-05-26,2026-05-26T00:27:17.302700+00:00,4433255,Chet Holmgren,OKC,blk,UNDER,1.5,-135,0.574468085106383,0.6454646286827237,0.6454646286827237,0.07099654357634066,0.12358657585511157,bovada,Bovada,2026-05-27T00:40:00Z,Oklahoma City Thunder,San Antonio Spurs
2026-05-26,2026-05-26T00:27:17.302700+00:00,4433255,Chet Holmgren,OKC,blk,UNDER,1.5,-137,0.5780590717299579,0.6454646286827237,0.6454646286827237,0.06740555695276584,0.1166066934146388,draftkings,DraftKings,2026-05-27T00:40:00Z,Oklahoma City Thunder,San Antonio Spurs
2026-05-26,2026-05-26T00:27:17.302700+00:00,4222252,Isaiah Hartenstein,OKC,blk,OVER,0.5,115,0.46511627906976744,0.5140563101562703,0.5140563101562703,0.048940031086502855,0.10522106683598109,betmgm,BetMGM,2026-05-27T00:40:00Z,Oklahoma City Thunder,San Antonio Spurs
2026-05-26,2026-05-26T00:27:17.302700+00:00,4433255,Chet Holmgren,OKC,blk,UNDER,1.5,-145,0.5918367346938775,0.6454646286827237,0.6454646286827237,0.053627893988846154,0.09061264846391248,betmgm,BetMGM,2026-05-27T00:40:00Z,Oklahoma City Thunder,San Antonio Spurs
2026-05-26,2026-05-26T00:27:17.302700+00:00,4278073,Shai Gilgeous-Alexander,OKC,blk,OVER,0.5,-140,0.5833333333333334,0.6314700712876249,0.6314700712876249,0.04813673795429152,0.08252012220735694,betmgm,BetMGM,2026-05-27T00:40:00Z,Oklahoma City Thunder,San Antonio Spurs
2026-05-26,2026-05-26T00:27:17.302700+00:00,4433255,Chet Holmgren,OKC,blk,UNDER,1.5,-154,0.6062992125984252,0.6454646286827237,0.6454646286827237,0.039165416084298466,0.0645975044507261,fanduel,FanDuel,2026-05-27T00:40:00Z,Oklahoma City Thunder,San Antonio Spurs
2026-05-26,2026-05-26T00:27:17.302700+00:00,4278073,Shai Gilgeous-Alexander,OKC,blk,OVER,0.5,-158,0.6124031007751938,0.6314700712876249,0.6314700712876249,0.019066970512431114,0.031134673368400145,fanduel,FanDuel,2026-05-27T00:40:00Z,Oklahoma City Thunder,San Antonio Spurs
2026-05-26,2026-05-26T00:27:17.302700+00:00,4222252,Isaiah Hartenstein,OKC,blk,OVER,0.5,100,0.5,0.5140563101562703,0.5140563101562703,0.01405631015627029,0.02811262031254058,bovada,Bovada,2026-05-27T00:40:00Z,Oklahoma City Thunder,San Antonio Spurs
2026-05-26,2026-05-26T00:27:17.302700+00:00,4222252,Isaiah Hartenstein,OKC,blk,OVER,0.5,-101,0.5024875621890548,0.5140563101562703,0.5140563101562703,0.01156874796721552,0.023022953875349805,draftkings,DraftKings,2026-05-27T00:40:00Z,Oklahoma City Thunder,San Antonio Spurs
2026-05-26,2026-05-26T00:27:17.302700+00:00,4278073,Shai Gilgeous-Alexander,OKC,blk,OVER,0.5,-170,0.6296296296296297,0.6314700712876249,0.6314700712876249,0.0018404416579952398,0.0029230543979925083,draftkings,DraftKings,2026-05-27T00:40:00Z,Oklahoma City Thunder,San Antonio Spurs
2026-05-26,2026-05-26T00:27:17.302700+00:00,4278073,Shai Gilgeous-Alexander,OKC,blk,OVER,0.5,-170,0.6296296296296297,0.6314700712876249,0.6314700712876249,0.0018404416579952398,0.0029230543979925083,bovada,Bovada,2026-05-27T00:40:00Z,Oklahoma City Thunder,San Antonio Spurs
2026-05-26,2026-05-26T00:27:17.302700+00:00,5104157,Victor Wembanyama,SAS,dd,NO,,375,0.21052631578947367,0.40607328138056864,0.40607328138056864,0.19554696559109497,0.928848086557701,betmgm,BetMGM,2026-05-27T00:40:00Z,Oklahoma City Thunder,San Antonio Spurs
2026-05-26,2026-05-26T00:27:17.302700+00:00,4066259,De'Aaron Fox,SAS,dd,YES,,1200,0.07692307692307693,0.10459493344645694,0.10459493344645694,0.027671856523380015,0.35973413480394034,draftkings,DraftKings,2026-05-27T00:40:00Z,Oklahoma City Thunder,San Antonio Spurs
2026-05-26,2026-05-26T00:27:17.302700+00:00,4066259,De'Aaron Fox,SAS,dd,YES,,1150,0.08,0.10459493344645694,0.10459493344645694,0.02459493344645694,0.3074366680807118,betmgm,BetMGM,2026-05-27T00:40:00Z,Oklahoma City Thunder,San Antonio Spurs
2026-05-26,2026-05-26T00:27:17.302700+00:00,4066259,De'Aaron Fox,SAS,dd,YES,,1100,0.08333333333333333,0.10459493344645694,0.10459493344645694,0.021261600113123613,0.25513920135748325,fanduel,FanDuel,2026-05-27T00:40:00Z,Oklahoma City Thunder,San Antonio Spurs
2026-05-26,2026-05-26T00:27:17.302700+00:00,4066259,De'Aaron Fox,SAS,dd,YES,,1100,0.08333333333333333,0.10459493344645694,0.10459493344645694,0.021261600113123613,0.25513920135748325,bovada,Bovada,2026-05-27T00:40:00Z,Oklahoma City Thunder,San Antonio Spurs
2026-05-26,2026-05-26T00:27:17.302700+00:00,4066259,De'Aaron Fox,SAS,dd,YES,,1000,0.09090909090909091,0.10459493344645694,0.10459493344645694,0.01368584253736603,0.15054426791102637,williamhill_us,Caesars,2026-05-27T00:40:00Z,Oklahoma City Thunder,San Antonio Spurs
2026-05-26,2026-05-26T00:27:17.302700+00:00,4845367,Stephon Castle,SAS,dd,NO,,-500,0.8333333333333334,0.9014496654040903,0.9014496654040903,0.06811633207075696,0.08173959848490842,betmgm,BetMGM,2026-05-27T00:40:00Z,Oklahoma City Thunder,San Antonio Spurs
2026-05-26,2026-05-26T00:27:17.302700+00:00,4278073,Shai Gilgeous-Alexander,OKC,dd,NO,,-300,0.75,0.8053733561343658,0.8053733561343658,0.05537335613436578,0.07383114151248771,betmgm,BetMGM,2026-05-27T00:40:00Z,Oklahoma City Thunder,San Antonio Spurs
2026-05-26,2026-05-26T00:27:17.302700+00:00,5037871,Dylan Harper,SAS,dd,YES,,4300,0.022727272727272728,0.024289374368350436,0.024289374368350436,0.001562101641077708,0.06873247220741907,draftkings,DraftKings,2026-05-27T00:40:00Z,Oklahoma City Thunder,San Antonio Spurs
2026-05-26,2026-05-26T00:27:17.302700+00:00,4433255,Chet Holmgren,OKC,dd,NO,,-700,0.875,0.8832429316935565,0.8832429316935565,0.008242931693556499,0.009420493364064558,betmgm,BetMGM,2026-05-27T00:40:00Z,Oklahoma City Thunder,San Antonio Spurs
2026-05-26,2026-05-26T00:27:17.302700+00:00,4222252,Isaiah Hartenstein,OKC,dd,NO,,-1100,0.9166666666666666,0.920674020761746,0.920674020761746,0.004007354095079352,0.0043716590128138055,betmgm,BetMGM,2026-05-27T00:40:00Z,Oklahoma City Thunder,San Antonio Spurs
2026-05-26,2026-05-26T00:27:17.302700+00:00,4593803,Jalen Williams,OKC,pa,UNDER,16.5,135,0.425531914893617,0.5032007371802665,0.7785720161965692,0.07766882228664945,0.18252173237362623,bovada,Bovada,2026-05-27T00:40:00Z,Oklahoma City Thunder,San Antonio Spurs
2026-05-26,2026-05-26T00:27:17.302700+00:00,4278073,Shai Gilgeous-Alexander,OKC,pa,UNDER,36.5,115,0.46511627906976744,0.5363574647641468,0.7889398504078555,0.07124118569437937,0.15316854924291556,bovada,Bovada,2026-05-27T00:40:00Z,Oklahoma City Thunder,San Antonio Spurs
2026-05-26,2026-05-26T00:27:17.302700+00:00,4593803,Jalen Williams,OKC,pa,UNDER,17.5,105,0.4878048780487805,0.5596347733709244,0.8143044022403434,0.0718298953221439,0.147251285410395,bovada,Bovada,2026-05-27T00:40:00Z,Oklahoma City Thunder,San Antonio Spurs
2026-05-26,2026-05-26T00:27:17.302700+00:00,4593803,Jalen Williams,OKC,pa,UNDER,18.5,-105,0.5121951219512195,0.5856809230882334,0.8462214907558279,0.07348580113701386,0.14347227841036037,betmgm,BetMGM,2026-05-27T00:40:00Z,Oklahoma City Thunder,San Antonio Spurs
2026-05-26,2026-05-26T00:27:17.302700+00:00,4278073,Shai Gilgeous-Alexander,OKC,pa,UNDER,37.5,-105,0.5121951219512195,0.5807080329913719,0.8236174448610027,0.06851291104015234,0.1337633025069641,draftkings,DraftKings,2026-05-27T00:40:00Z,Oklahoma City Thunder,San Antonio Spurs
2026-05-26,2026-05-26T00:27:17.302700+00:00,4278073,Shai Gilgeous-Alexander,OKC,pa,UNDER,37.5,-105,0.5121951219512195,0.5807080329913719,0.8236174448610027,0.06851291104015234,0.1337633025069641,bovada,Bovada,2026-05-27T00:40:00Z,Oklahoma City Thunder,San Antonio Spurs
2026-05-26,2026-05-26T00:27:17.302700+00:00,4593803,Jalen Williams,OKC,pa,UNDER,17.5,-106,0.5145631067961165,0.5805061917938464,0.8143044022403434,0.06594308499772994,0.12815354254275813,fanduel,FanDuel,2026-05-27T00:40:00Z,Oklahoma City Thunder,San Antonio Spurs
2026-05-26,2026-05-26T00:27:17.302700+00:00,4278073,Shai Gilgeous-Alexander,OKC,pa,UNDER,37.5,-110,0.5238095238095238,0.5897672664408492,0.8236174448610027,0.06595774263132537,0.12591932684162122,betmgm,BetMGM,2026-05-27T00:40:00Z,Oklahoma City Thunder,San Antonio Spurs
2026-05-26,2026-05-26T00:27:17.302700+00:00,4278073,Shai Gilgeous-Alexander,OKC,pa,UNDER,37.5,-112,0.5283018867924528,0.5932713095675338,0.8236174448610027,0.064969422775081,0.12297783596711764,fanduel,FanDuel,2026-05-27T00:40:00Z,Oklahoma City Thunder,San Antonio Spurs
2026-05-26,2026-05-26T00:27:17.302700+00:00,4593803,Jalen Williams,OKC,pa,UNDER,18.5,-119,0.54337899543379,0.6100043444046384,0.8462214907558279,0.06662534897084837,0.1226130371816454,draftkings,DraftKings,2026-05-27T00:40:00Z,Oklahoma City Thunder,San Antonio Spurs
2026-05-26,2026-05-26T00:27:17.302700+00:00,4593803,Jalen Williams,OKC,pa,UNDER,18.5,-120,0.5454545454545454,0.6116232734208276,0.8462214907558279,0.06616872796628215,0.1213093346048506,bovada,Bovada,2026-05-27T00:40:00Z,Oklahoma City Thunder,San Antonio Spurs
2026-05-26,2026-05-26T00:27:17.302700+00:00,4278073,Shai Gilgeous-Alexander,OKC,pa,UNDER,38.5,-125,0.5555555555555556,0.6213132756793236,0.8544542833908649,0.06575772012376802,0.11836389622278248,bovada,Bovada,2026-05-27T00:40:00Z,Oklahoma City Thunder,San Antonio Spurs
2026-05-26,2026-05-26T00:27:17.302700+00:00,4592479,Julian Champagnie,SAS,pa,UNDER,8.5,155,0.39215686274509803,0.40935998241810073,0.47035286125874665,0.017203119673002698,0.043867955166156825,bovada,Bovada,2026-05-27T00:40:00Z,Oklahoma City Thunder,San Antonio Spurs
2026-05-26,2026-05-26T00:27:17.302700+00:00,5104157,Victor Wembanyama,SAS,pa,OVER,29.5,-106,0.5145631067961165,0.5358683007139092,0.6114048973315382,0.02130519391779273,0.04140443346288025,fanduel,FanDuel,2026-05-27T00:40:00Z,Oklahoma City Thunder,San Antonio Spurs
2026-05-26,2026-05-26T00:27:17.302700+00:00,5104157,Victor Wembanyama,SAS,pa,OVER,29.5,-109,0.5215311004784688,0.5413033357861441,0.6114048973315382,0.019772235307675246,0.03791190072756073,draftkings,DraftKings,2026-05-27T00:40:00Z,Oklahoma City Thunder,San Antonio Spurs
2026-05-26,2026-05-26T00:27:17.302700+00:00,5104157,Victor Wembanyama,SAS,pa,OVER,29.5,-110,0.5238095238095238,0.543080505984367,0.6114048973315382,0.019270982174843132,0.036790056879246025,betmgm,BetMGM,2026-05-27T00:40:00Z,Oklahoma City Thunder,San Antonio Spurs
2026-05-26,2026-05-26T00:27:17.302700+00:00,5104157,Victor Wembanyama,SAS,pa,OVER,29.5,-110,0.5238095238095238,0.543080505984367,0.6114048973315382,0.019270982174843132,0.036790056879246025,bovada,Bovada,2026-05-27T00:40:00Z,Oklahoma City Thunder,San Antonio Spurs
2026-05-26,2026-05-26T00:27:17.302700+00:00,5104157,Victor Wembanyama,SAS,pa,OVER,28.5,-130,0.5652173913043478,0.5858284408431351,0.6589039801170176,0.02061104953878734,0.036465703030162167,bovada,Bovada,2026-05-27T00:40:00Z,Oklahoma City Thunder,San Antonio Spurs
2026-05-26,2026-05-26T00:27:17.302700+00:00,2991350,Alex Caruso,OKC,pa,UNDER,9.5,120,0.45454545454545453,0.4700712556110718,0.5251172775709878,0.015525801065617295,0.03415676234435794,bovada,Bovada,2026-05-27T00:40:00Z,Oklahoma City Thunder,San Antonio Spurs
2026-05-26,2026-05-26T00:27:17.302700+00:00,5104157,Victor Wembanyama,SAS,pa,OVER,27.5,-160,0.6153846153846154,0.634881889553715,0.7040085888805229,0.019497274169099632,0.03168307052478697,bovada,Bovada,2026-05-27T00:40:00Z,Oklahoma City Thunder,San Antonio Spurs
2026-05-26,2026-05-26T00:27:17.302700+00:00,4222252,Isaiah Hartenstein,OKC,pa,OVER,9.5,-105,0.5121951219512195,0.5276740082004414,0.5825536958113191,0.01547888624922189,0.030220682677052246,betmgm,BetMGM,2026-05-27T00:40:00Z,Oklahoma City Thunder,San Antonio Spurs
2026-05-26,2026-05-26T00:27:17.302700+00:00,4222252,Isaiah Hartenstein,OKC,pa,OVER,9.5,-105,0.5121951219512195,0.5276740082004414,0.5825536958113191,0.01547888624922189,0.030220682677052246,bovada,Bovada,2026-05-27T00:40:00Z,Oklahoma City Thunder,San Antonio Spurs
2026-05-26,2026-05-26T00:27:17.302700+00:00,4683692,Cason Wallace,OKC,pa,UNDER,9.5,130,0.43478260869565216,0.4471897239859809,0.4911785872880555,0.01240711529032873,0.02853636516775604,bovada,Bovada,2026-05-27T00:40:00Z,Oklahoma City Thunder,San Antonio Spurs
2026-05-26,2026-05-26T00:27:17.302700+00:00,4222252,Isaiah Hartenstein,OKC,pa,OVER,9.5,-107,0.5169082125603864,0.5313502188755916,0.5825536958113191,0.014442006315205203,0.02793920847894832,draftkings,DraftKings,2026-05-27T00:40:00Z,Oklahoma City Thunder,San Antonio Spurs
2026-05-26,2026-05-26T00:27:17.302700+00:00,4066259,De'Aaron Fox,SAS,pa,OVER,19.5,-105,0.5121951219512195,0.5247630694579739,0.5693221560728305,0.012567947506754384,0.024537421322710917,betmgm,BetMGM,2026-05-27T00:40:00Z,Oklahoma City Thunder,San Antonio Spurs
2026-05-26,2026-05-26T00:27:17.302700+00:00,4066259,De'Aaron Fox,SAS,pa,OVER,19.5,-106,0.5145631067961165,0.5266100976369936,0.5693221560728305,0.012046990840877125,0.023412076539817805,fanduel,FanDuel,2026-05-27T00:40:00Z,Oklahoma City Thunder,San Antonio Spurs
2026-05-26,2026-05-26T00:27:17.302700+00:00,4222252,Isaiah Hartenstein,OKC,pa,OVER,8.5,-136,0.576271186440678,0.5883462878863612,0.6311580111937836,0.012075101445683245,0.0209538525086857,fanduel,FanDuel,2026-05-27T00:40:00Z,Oklahoma City Thunder,San Antonio Spurs
2026-05-26,2026-05-26T00:27:17.302700+00:00,4592479,Julian Champagnie,SAS,pa,UNDER,9.5,110,0.47619047619047616,0.48599991766910045,0.5207788465478592,0.009809441478624281,0.02059982710511099,bovada,Bovada,2026-05-27T00:40:00Z,Oklahoma City Thunder,San Antonio Spurs
2026-05-26,2026-05-26T00:27:17.302700+00:00,2991350,Alex Caruso,OKC,pa,UNDER,10.5,-114,0.5327102803738317,0.5420462502569591,0.5751465071153199,0.009335969883127349,0.01752541714902839,draftkings,DraftKings,2026-05-27T00:40:00Z,Oklahoma City Thunder,San Antonio Spurs
2026-05-26,2026-05-26T00:27:17.302700+00:00,2991350,Alex Caruso,OKC,pa,UNDER,10.5,-115,0.5348837209302325,0.5437415338909517,0.5751465071153199,0.008857812960719191,0.016560259013518375,bovada,Bovada,2026-05-27T00:40:00Z,Oklahoma City Thunder,San Antonio Spurs
2026-05-26,2026-05-26T00:27:17.302700+00:00,4683692,Cason Wallace,OKC,pa,UNDER,10.5,-103,0.5073891625615764,0.5149078649102563,0.5415650823283032,0.0075187023486799065,0.01481841336681583,draftkings,DraftKings,2026-05-27T00:40:00Z,Oklahoma City Thunder,San Antonio Spurs
2026-05-26,2026-05-26T00:27:17.302700+00:00,4222252,Isaiah Hartenstein,OKC,pa,OVER,8.5,-145,0.5918367346938775,0.6004874155238569,0.6311580111937836,0.00865068082997933,0.014616667609275436,bovada,Bovada,2026-05-27T00:40:00Z,Oklahoma City Thunder,San Antonio Spurs
2026-05-26,2026-05-26T00:27:17.302700+00:00,4066259,De'Aaron Fox,SAS,pa,OVER,20.5,105,0.4878048780487805,0.4947128434205748,0.5192047206478456,0.0069079653717943335,0.01416132901217837,bovada,Bovada,2026-05-27T00:40:00Z,Oklahoma City Thunder,San Antonio Spurs
2026-05-26,2026-05-26T00:27:17.302700+00:00,4683692,Cason Wallace,OKC,pa,UNDER,10.5,-105,0.5121951219512195,0.5186565132341779,0.5415650823283032,0.0064613912829584175,0.012615097266728326,bovada,Bovada,2026-05-27T00:40:00Z,Oklahoma City Thunder,San Antonio Spurs
2026-05-26,2026-05-26T00:27:17.302700+00:00,4592479,Julian Champagnie,SAS,pa,UNDER,10.5,-118,0.5412844036697247,0.547794085425052,0.5708738661939399,0.00650968175532729,0.012026361208994418,betmgm,BetMGM,2026-05-27T00:40:00Z,Oklahoma City Thunder,San Antonio Spurs
2026-05-26,2026-05-26T00:27:17.302700+00:00,4395630,Devin Vassell,SAS,pa,OVER,15.5,-125,0.5555555555555556,0.5618514556588471,0.5841732832977895,0.006295900103291507,0.011332620185924791,fanduel,FanDuel,2026-05-27T00:40:00Z,Oklahoma City Thunder,San Antonio Spurs
2026-05-26,2026-05-26T00:27:17.302700+00:00,4397020,Luguentz Dort,OKC,pa,UNDER,6.5,-130,0.5652173913043478,0.5716126550678685,0.5942867720476236,0.006395263763520731,0.011314697427767417,betmgm,BetMGM,2026-05-27T00:40:00Z,Oklahoma City Thunder,San Antonio Spurs
2026-05-26,2026-05-26T00:27:17.302700+00:00,5037871,Dylan Harper,SAS,pa,OVER,11.5,-106,0.5145631067961165,0.5196842681657963,0.5378411130219336,0.005121161369679772,0.009952445680698419,fanduel,FanDuel,2026-05-27T00:40:00Z,Oklahoma City Thunder,San Antonio Spurs
2026-05-26,2026-05-26T00:27:17.302700+00:00,4066259,De'Aaron Fox,SAS,pa,OVER,19.5,-120,0.5454545454545454,0.5507054197905682,0.5693221560728305,0.005250874336022782,0.009626602949375063,draftkings,DraftKings,2026-05-27T00:40:00Z,Oklahoma City Thunder,San Antonio Spurs
2026-05-26,2026-05-26T00:27:17.302700+00:00,4066259,De'Aaron Fox,SAS,pa,OVER,19.5,-120,0.5454545454545454,0.5507054197905682,0.5693221560728305,0.005250874336022782,0.009626602949375063,bovada,Bovada,2026-05-27T00:40:00Z,Oklahoma City Thunder,San Antonio Spurs
2026-05-26,2026-05-26T00:27:17.302700+00:00,4395630,Devin Vassell,SAS,pa,OVER,16.5,-105,0.5121951219512195,0.5170588010948011,0.5343027544220449,0.004863679143581545,0.009495754518421107,betmgm,BetMGM,2026-05-27T00:40:00Z,Oklahoma City Thunder,San Antonio Spurs
2026-05-26,2026-05-26T00:27:17.302700+00:00,4395630,Devin Vassell,SAS,pa,OVER,16.5,-105,0.5121951219512195,0.5170588010948011,0.5343027544220449,0.004863679143581545,0.009495754518421107,bovada,Bovada,2026-05-27T00:40:00Z,Oklahoma City Thunder,San Antonio Spurs
2026-05-26,2026-05-26T00:27:17.302700+00:00,4395630,Devin Vassell,SAS,pa,OVER,16.5,-106,0.5145631067961165,0.5189058292738208,0.5343027544220449,0.004342722477704286,0.008439630475538529,draftkings,DraftKings,2026-05-27T00:40:00Z,Oklahoma City Thunder,San Antonio Spurs
2026-05-26,2026-05-26T00:27:17.302700+00:00,4845367,Stephon Castle,SAS,pa,UNDER,23.5,100,0.5,0.5040617723507153,0.5184626015941602,0.004061772350715254,0.008123544701430507,bovada,Bovada,2026-05-27T00:40:00Z,Oklahoma City Thunder,San Antonio Spurs
2026-05-26,2026-05-26T00:27:17.302700+00:00,2991350,Alex Caruso,OKC,pa,UNDER,10.5,-125,0.5555555555555556,0.5598655648987038,0.5751465071153199,0.00431000934314818,0.007758016817666802,fanduel,FanDuel,2026-05-27T00:40:00Z,Oklahoma City Thunder,San Antonio Spurs
2026-05-26,2026-05-26T00:27:17.302700+00:00,4683778,Jared McCain,OKC,pa,UNDER,11.5,130,0.43478260869565216,0.4378443503359442,0.4486996161515252,0.0030617416402920483,0.007042005772671667,bovada,Bovada,2026-05-27T00:40:00Z,Oklahoma City Thunder,San Antonio Spurs
2026-05-26,2026-05-26T00:27:17.302700+00:00,4066259,De'Aaron Fox,SAS,pa,OVER,18.5,-150,0.6,0.6040361302852737,0.6183460467512443,0.00403613028527372,0.006726883808789497,bovada,Bovada,2026-05-27T00:40:00Z,Oklahoma City Thunder,San Antonio Spurs
2026-05-26,2026-05-26T00:27:17.302700+00:00,4845367,Stephon Castle,SAS,pa,UNDER,22.5,120,0.45454545454545453,0.4575144151807661,0.46804073016050696,0.002968960635311546,0.006531713397685324,bovada,Bovada,2026-05-27T00:40:00Z,Oklahoma City Thunder,San Antonio Spurs
2026-05-26,2026-05-26T00:27:17.302700+00:00,4592479,Julian Champagnie,SAS,pa,UNDER,10.5,-125,0.5555555555555556,0.5589255838960001,0.5708738661939399,0.003370028340444531,0.006066051012800222,bovada,Bovada,2026-05-27T00:40:00Z,Oklahoma City Thunder,San Antonio Spurs
2026-05-26,2026-05-26T00:27:17.302700+00:00,5037871,Dylan Harper,SAS,pa,OVER,11.5,-110,0.5238095238095238,0.526896473436254,0.5378411130219336,0.0030869496267301733,0.0058932674692122045,bovada,Bovada,2026-05-27T00:40:00Z,Oklahoma City Thunder,San Antonio Spurs
2026-05-26,2026-05-26T00:27:17.302700+00:00,4592479,Julian Champagnie,SAS,pa,UNDER,10.5,-126,0.5575221238938053,0.560459507199835,0.5708738661939399,0.0029373833060296617,0.005268639898116656,draftkings,DraftKings,2026-05-27T00:40:00Z,Oklahoma City Thunder,San Antonio Spurs
2026-05-26,2026-05-26T00:27:17.302700+00:00,4845367,Stephon Castle,SAS,pa,UNDER,24.5,-125,0.5555555555555556,0.5584232072704063,0.5685903360776045,0.0028676517148507052,0.005161773086731325,draftkings,DraftKings,2026-05-27T00:40:00Z,Oklahoma City Thunder,San Antonio Spurs
2026-05-26,2026-05-26T00:27:17.302700+00:00,4845367,Stephon Castle,SAS,pa,UNDER,24.5,-125,0.5555555555555556,0.5584232072704063,0.5685903360776045,0.0028676517148507052,0.005161773086731325,bovada,Bovada,2026-05-27T00:40:00Z,Oklahoma City Thunder,San Antonio Spurs
2026-05-26,2026-05-26T00:27:17.302700+00:00,4433255,Chet Holmgren,OKC,pa,UNDER,13.5,120,0.45454545454545453,0.4566220344669256,0.46398445418850487,0.002076579921471089,0.004568475827236296,bovada,Bovada,2026-05-27T00:40:00Z,Oklahoma City Thunder,San Antonio Spurs
2026-05-26,2026-05-26T00:27:17.302700+00:00,5037871,Dylan Harper,SAS,pa,OVER,11.5,-112,0.5283018867924528,0.5304005165629386,0.5378411130219336,0.002098629770485805,0.003972406351276714,draftkings,DraftKings,2026-05-27T00:40:00Z,Oklahoma City Thunder,San Antonio Spurs
2026-05-26,2026-05-26T00:27:17.302700+00:00,4395630,Devin Vassell,SAS,pa,OVER,15.5,-135,0.574468085106383,0.5766032287084925,0.5841732832977895,0.002135143602109424,0.0037167314555238695,bovada,Bovada,2026-05-27T00:40:00Z,Oklahoma City Thunder,San Antonio Spurs
2026-05-26,2026-05-26T00:27:17.302700+00:00,2991350,Alex Caruso,OKC,pa,UNDER,11.5,-160,0.6153846153846154,0.6172783393873507,0.6239924517606845,0.001893724002735242,0.0030773015044448515,bovada,Bovada,2026-05-27T00:40:00Z,Oklahoma City Thunder,San Antonio Spurs
2026-05-26,2026-05-26T00:27:17.302700+00:00,4433255,Chet Holmgren,OKC,pa,UNDER,14.5,-105,0.5121951219512195,0.5126790922249829,0.5143949868319618,0.00048397027376334556,0.0009448943440141244,betmgm,BetMGM,2026-05-27T00:40:00Z,Oklahoma City Thunder,San Antonio Spurs
2026-05-26,2026-05-26T00:27:17.302700+00:00,4278073,Shai Gilgeous-Alexander,OKC,pr,UNDER,32.5,115,0.46511627906976744,0.5419518813483495,0.8143690166996861,0.07683560227858205,0.1651965448989513,bovada,Bovada,2026-05-27T00:40:00Z,Oklahoma City Thunder,San Antonio Spurs
2026-05-26,2026-05-26T00:27:17.302700+00:00,4278073,Shai Gilgeous-Alexander,OKC,pr,UNDER,33.5,-105,0.5121951219512195,0.5855528559952385,0.8456393676058513,0.07335773404401902,0.1432222426573705,draftkings,DraftKings,2026-05-27T00:40:00Z,Oklahoma City Thunder,San Antonio Spurs
2026-05-26,2026-05-26T00:27:17.302700+00:00,4278073,Shai Gilgeous-Alexander,OKC,pr,UNDER,33.5,-105,0.5121951219512195,0.5855528559952385,0.8456393676058513,0.07335773404401902,0.1432222426573705,bovada,Bovada,2026-05-27T00:40:00Z,Oklahoma City Thunder,San Antonio Spurs
2026-05-26,2026-05-26T00:27:17.302700+00:00,4278073,Shai Gilgeous-Alexander,OKC,pr,UNDER,33.5,-110,0.5238095238095238,0.5946120894447159,0.8456393676058513,0.07080256563519205,0.13516853439445753,betmgm,BetMGM,2026-05-27T00:40:00Z,Oklahoma City Thunder,San Antonio Spurs
2026-05-26,2026-05-26T00:27:17.302700+00:00,4593803,Jalen Williams,OKC,pr,UNDER,17.5,110,0.47619047619047616,0.5386962829654951,0.7603077797132896,0.06250580677501894,0.1312621942275397,bovada,Bovada,2026-05-27T00:40:00Z,Oklahoma City Thunder,San Antonio Spurs
2026-05-26,2026-05-26T00:27:17.302700+00:00,4278073,Shai Gilgeous-Alexander,OKC,pr,UNDER,33.5,-114,0.5327102803738317,0.6015546795648761,0.8456393676058513,0.06884439919104435,0.1292342230428375,fanduel,FanDuel,2026-05-27T00:40:00Z,Oklahoma City Thunder,San Antonio Spurs
2026-05-26,2026-05-26T00:27:17.302700+00:00,4278073,Shai Gilgeous-Alexander,OKC,pr,UNDER,34.5,-125,0.5555555555555556,0.625439935129599,0.873211826346662,0.06988437957404336,0.12579188323327817,bovada,Bovada,2026-05-27T00:40:00Z,Oklahoma City Thunder,San Antonio Spurs
2026-05-26,2026-05-26T00:27:17.302700+00:00,4593803,Jalen Williams,OKC,pr,UNDER,17.5,-104,0.5098039215686274,0.5649147703604531,0.7603077797132896,0.055110848791825706,0.10810204955319658,fanduel,FanDuel,2026-05-27T00:40:00Z,Oklahoma City Thunder,San Antonio Spurs
2026-05-26,2026-05-26T00:27:17.302700+00:00,4593803,Jalen Williams,OKC,pr,UNDER,18.5,-115,0.5348837209302325,0.592557783918124,0.7970385526933754,0.05767406298789146,0.107825422107797,draftkings,DraftKings,2026-05-27T00:40:00Z,Oklahoma City Thunder,San Antonio Spurs
2026-05-26,2026-05-26T00:27:17.302700+00:00,4593803,Jalen Williams,OKC,pr,UNDER,18.5,-115,0.5348837209302325,0.592557783918124,0.7970385526933754,0.05767406298789146,0.107825422107797,betmgm,BetMGM,2026-05-27T00:40:00Z,Oklahoma City Thunder,San Antonio Spurs
2026-05-26,2026-05-26T00:27:17.302700+00:00,4593803,Jalen Williams,OKC,pr,UNDER,18.5,-115,0.5348837209302325,0.592557783918124,0.7970385526933754,0.05767406298789146,0.107825422107797,bovada,Bovada,2026-05-27T00:40:00Z,Oklahoma City Thunder,San Antonio Spurs
2026-05-26,2026-05-26T00:27:17.302700+00:00,4593803,Jalen Williams,OKC,pr,UNDER,19.5,-145,0.5918367346938775,0.6442728018963606,0.8301824947051644,0.05243606720248306,0.0885988721697128,bovada,Bovada,2026-05-27T00:40:00Z,Oklahoma City Thunder,San Antonio Spurs
2026-05-26,2026-05-26T00:27:17.302700+00:00,4066259,De'Aaron Fox,SAS,pr,OVER,18.5,100,0.5,0.5370521679802328,0.6684189453646945,0.03705216798023281,0.07410433596046562,bovada,Bovada,2026-05-27T00:40:00Z,Oklahoma City Thunder,San Antonio Spurs
2026-05-26,2026-05-26T00:27:17.302700+00:00,4066259,De'Aaron Fox,SAS,pr,OVER,17.5,-120,0.5454545454545454,0.5821029163998763,0.7120380497515039,0.03664837094533091,0.06718868006643997,fanduel,FanDuel,2026-05-27T00:40:00Z,Oklahoma City Thunder,San Antonio Spurs
2026-05-26,2026-05-26T00:27:17.302700+00:00,4066259,De'Aaron Fox,SAS,pr,OVER,17.5,-120,0.5454545454545454,0.5821029163998763,0.7120380497515039,0.03664837094533091,0.06718868006643997,betmgm,BetMGM,2026-05-27T00:40:00Z,Oklahoma City Thunder,San Antonio Spurs
2026-05-26,2026-05-26T00:27:17.302700+00:00,4066259,De'Aaron Fox,SAS,pr,OVER,17.5,-125,0.5555555555555556,0.5899817042786643,0.7120380497515039,0.034426148723108674,0.06196706770159566,bovada,Bovada,2026-05-27T00:40:00Z,Oklahoma City Thunder,San Antonio Spurs
2026-05-26,2026-05-26T00:27:17.302700+00:00,4066259,De'Aaron Fox,SAS,pr,OVER,17.5,-127,0.5594713656387665,0.5930360361435687,0.7120380497515039,0.03356467050480216,0.05999354491803227,draftkings,DraftKings,2026-05-27T00:40:00Z,Oklahoma City Thunder,San Antonio Spurs
2026-05-26,2026-05-26T00:27:17.302700+00:00,4592479,Julian Champagnie,SAS,pr,UNDER,12.5,145,0.40816326530612246,0.4298442660590113,0.5067132687283447,0.021681000752888868,0.05311845184457775,bovada,Bovada,2026-05-27T00:40:00Z,Oklahoma City Thunder,San Antonio Spurs
2026-05-26,2026-05-26T00:27:17.302700+00:00,5037871,Dylan Harper,SAS,pr,OVER,12.5,-102,0.504950495049505,0.5303613375554622,0.6204543246220379,0.025410842505957265,0.0503234331980722,fanduel,FanDuel,2026-05-27T00:40:00Z,Oklahoma City Thunder,San Antonio Spurs
2026-05-26,2026-05-26T00:27:17.302700+00:00,4066259,De'Aaron Fox,SAS,pr,OVER,16.5,-160,0.6153846153846154,0.6456033517660338,0.7527425080274259,0.030218736381418365,0.04910544661980487,bovada,Bovada,2026-05-27T00:40:00Z,Oklahoma City Thunder,San Antonio Spurs
2026-05-26,2026-05-26T00:27:17.302700+00:00,5037871,Dylan Harper,SAS,pr,OVER,12.5,-105,0.5121951219512195,0.5360121465387996,0.6204543246220379,0.02381702458758006,0.046499905147180165,bovada,Bovada,2026-05-27T00:40:00Z,Oklahoma City Thunder,San Antonio Spurs
2026-05-26,2026-05-26T00:27:17.302700+00:00,5037871,Dylan Harper,SAS,pr,OVER,12.5,-107,0.5169082125603864,0.5396883572139497,0.6204543246220379,0.02278014465356326,0.04406999946997747,draftkings,DraftKings,2026-05-27T00:40:00Z,Oklahoma City Thunder,San Antonio Spurs
2026-05-26,2026-05-26T00:27:17.302700+00:00,2991350,Alex Caruso,OKC,pr,UNDER,10.5,120,0.45454545454545453,0.4729359321740278,0.5381385346753329,0.018390477628573265,0.04045905078286116,bovada,Bovada,2026-05-27T00:40:00Z,Oklahoma City Thunder,San Antonio Spurs
2026-05-26,2026-05-26T00:27:17.302700+00:00,4592479,Julian Champagnie,SAS,pr,UNDER,14.5,-105,0.5121951219512195,0.5324521849122508,0.604272680864998,0.020257062961031247,0.039549503876299075,betmgm,BetMGM,2026-05-27T00:40:00Z,Oklahoma City Thunder,San Antonio Spurs
2026-05-26,2026-05-26T00:27:17.302700+00:00,4592479,Julian Champagnie,SAS,pr,UNDER,13.5,110,0.47619047619047616,0.4937303182402266,0.5559170309620691,0.017539842049750454,0.036833668304475986,bovada,Bovada,2026-05-27T00:40:00Z,Oklahoma City Thunder,San Antonio Spurs
2026-05-26,2026-05-26T00:27:17.302700+00:00,4845367,Stephon Castle,SAS,pr,UNDER,21.5,120,0.45454545454545453,0.47015510656537773,0.5254984182723783,0.015609652019923204,0.03434123444383097,bovada,Bovada,2026-05-27T00:40:00Z,Oklahoma City Thunder,San Antonio Spurs
2026-05-26,2026-05-26T00:27:17.302700+00:00,4397020,Luguentz Dort,OKC,pr,UNDER,6.5,135,0.425531914893617,0.44011919399056015,0.49183772897063127,0.014587279096943129,0.03428010587781649,bovada,Bovada,2026-05-27T00:40:00Z,Oklahoma City Thunder,San Antonio Spurs
2026-05-26,2026-05-26T00:27:17.302700+00:00,5037871,Dylan Harper,SAS,pr,OVER,11.5,-145,0.5918367346938775,0.6082788313632116,0.6665735377363052,0.01644209666933405,0.027781473682667868,bovada,Bovada,2026-05-27T00:40:00Z,Oklahoma City Thunder,San Antonio Spurs
2026-05-26,2026-05-26T00:27:17.302700+00:00,4845367,Stephon Castle,SAS,pr,UNDER,22.5,-105,0.5121951219512195,0.5258946709080875,0.5744657990278923,0.01369954895686798,0.026746738439599405,bovada,Bovada,2026-05-27T00:40:00Z,Oklahoma City Thunder,San Antonio Spurs
2026-05-26,2026-05-26T00:27:17.302700+00:00,4592479,Julian Champagnie,SAS,pr,UNDER,14.5,-118,0.5412844036697247,0.5551418246526848,0.604272680864998,0.013857420982960056,0.02560099808716343,draftkings,DraftKings,2026-05-27T00:40:00Z,Oklahoma City Thunder,San Antonio Spurs
2026-05-26,2026-05-26T00:27:17.302700+00:00,4845367,Stephon Castle,SAS,pr,UNDER,22.5,-107,0.5169082125603864,0.5295708815832377,0.5744657990278923,0.012662669022851292,0.024496939137665485,draftkings,DraftKings,2026-05-27T00:40:00Z,Oklahoma City Thunder,San Antonio Spurs
2026-05-26,2026-05-26T00:27:17.302700+00:00,4592479,Julian Champagnie,SAS,pr,UNDER,14.5,-120,0.5454545454545454,0.558394535244845,0.604272680864998,0.012939989790299533,0.023723314615549107,bovada,Bovada,2026-05-27T00:40:00Z,Oklahoma City Thunder,San Antonio Spurs
2026-05-26,2026-05-26T00:27:17.302700+00:00,4845367,Stephon Castle,SAS,pr,UNDER,23.5,-130,0.5652173913043478,0.5777776774559757,0.6223096010844746,0.012560286151627964,0.02222204472980327,bovada,Bovada,2026-05-27T00:40:00Z,Oklahoma City Thunder,San Antonio Spurs
2026-05-26,2026-05-26T00:27:17.302700+00:00,2991350,Alex Caruso,OKC,pr,UNDER,11.5,-115,0.5348837209302325,0.5463242359943393,0.5868860621307181,0.011440515064106815,0.02138878903289526,bovada,Bovada,2026-05-27T00:40:00Z,Oklahoma City Thunder,San Antonio Spurs
2026-05-26,2026-05-26T00:27:17.302700+00:00,2991350,Alex Caruso,OKC,pr,UNDER,11.5,-116,0.5370370370370371,0.5480038225576469,0.5868860621307181,0.010966785520609812,0.020420910969411454,draftkings,DraftKings,2026-05-27T00:40:00Z,Oklahoma City Thunder,San Antonio Spurs
2026-05-26,2026-05-26T00:27:17.302700+00:00,4222252,Isaiah Hartenstein,OKC,pr,OVER,14.5,-105,0.5121951219512195,0.5222468397553041,0.557884748333422,0.010051717804084537,0.019624782379403127,betmgm,BetMGM,2026-05-27T00:40:00Z,Oklahoma City Thunder,San Antonio Spurs
2026-05-26,2026-05-26T00:27:17.302700+00:00,3064560,Luke Kornet,SAS,pr,OVER,6.5,-124,0.5535714285714286,0.5642467427091137,0.6020955837427244,0.010675314137685077,0.019284438442269847,draftkings,DraftKings,2026-05-27T00:40:00Z,Oklahoma City Thunder,San Antonio Spurs
2026-05-26,2026-05-26T00:27:17.302700+00:00,5037871,Dylan Harper,SAS,pr,OVER,10.5,-190,0.6551724137931034,0.6673009917622158,0.7103023136527049,0.012128577969112375,0.01851204005811885,bovada,Bovada,2026-05-27T00:40:00Z,Oklahoma City Thunder,San Antonio Spurs
2026-05-26,2026-05-26T00:27:17.302700+00:00,4395630,Devin Vassell,SAS,pr,OVER,18.5,-110,0.5238095238095238,0.5328091149706305,0.5647167563600088,0.008999591161106713,0.01718103767120377,fanduel,FanDuel,2026-05-27T00:40:00Z,Oklahoma City Thunder,San Antonio Spurs
2026-05-26,2026-05-26T00:27:17.302700+00:00,4592479,Julian Champagnie,SAS,pr,UNDER,14.5,-130,0.5652173913043478,0.5738095550076908,0.604272680864998,0.008592163703343036,0.015201520398222257,fanduel,FanDuel,2026-05-27T00:40:00Z,Oklahoma City Thunder,San Antonio Spurs
2026-05-26,2026-05-26T00:27:17.302700+00:00,3064560,Luke Kornet,SAS,pr,OVER,6.5,-130,0.5652173913043478,0.5733305936407906,0.6020955837427244,0.00811320233644286,0.01435412721062962,fanduel,FanDuel,2026-05-27T00:40:00Z,Oklahoma City Thunder,San Antonio Spurs
2026-05-26,2026-05-26T00:27:17.302700+00:00,4222252,Isaiah Hartenstein,OKC,pr,OVER,14.5,-110,0.5238095238095238,0.5313060732047814,0.557884748333422,0.007496549395257568,0.0143115943000372,bovada,Bovada,2026-05-27T00:40:00Z,Oklahoma City Thunder,San Antonio Spurs
2026-05-26,2026-05-26T00:27:17.302700+00:00,4845367,Stephon Castle,SAS,pr,UNDER,22.5,-118,0.5412844036697247,0.5485843106485216,0.5744657990278923,0.0072999069787968995,0.013486268825234904,fanduel,FanDuel,2026-05-27T00:40:00Z,Oklahoma City Thunder,San Antonio Spurs
2026-05-26,2026-05-26T00:27:17.302700+00:00,2991350,Alex Caruso,OKC,pr,UNDER,12.5,-150,0.6,0.6075522138878878,0.6343282449449446,0.007552213887887849,0.012587023146479692,bovada,Bovada,2026-05-27T00:40:00Z,Oklahoma City Thunder,San Antonio Spurs
2026-05-26,2026-05-26T00:27:17.302700+00:00,4395630,Devin Vassell,SAS,pr,OVER,19.5,105,0.4878048780487805,0.4939223314009508,0.5156114841950092,0.006117453352170343,0.012540779371949307,bovada,Bovada,2026-05-27T00:40:00Z,Oklahoma City Thunder,San Antonio Spurs
2026-05-26,2026-05-26T00:27:17.302700+00:00,2991350,Alex Caruso,OKC,pr,UNDER,11.5,-125,0.5555555555555556,0.5624482670020914,0.5868860621307181,0.006892711446535804,0.012406880603764492,fanduel,FanDuel,2026-05-27T00:40:00Z,Oklahoma City Thunder,San Antonio Spurs
2026-05-26,2026-05-26T00:27:17.302700+00:00,4683692,Cason Wallace,OKC,pr,UNDER,10.5,135,0.425531914893617,0.4307996148402076,0.44947600555993794,0.005267699946590598,0.01237909487448785,bovada,Bovada,2026-05-27T00:40:00Z,Oklahoma City Thunder,San Antonio Spurs
2026-05-26,2026-05-26T00:27:17.302700+00:00,4222252,Isaiah Hartenstein,OKC,pr,OVER,14.5,-112,0.5283018867924528,0.534810116331466,0.557884748333422,0.0065082295390131994,0.012319148770275012,fanduel,FanDuel,2026-05-27T00:40:00Z,Oklahoma City Thunder,San Antonio Spurs
2026-05-26,2026-05-26T00:27:17.302700+00:00,4222252,Isaiah Hartenstein,OKC,pr,OVER,14.5,-112,0.5283018867924528,0.534810116331466,0.557884748333422,0.0065082295390131994,0.012319148770275012,draftkings,DraftKings,2026-05-27T00:40:00Z,Oklahoma City Thunder,San Antonio Spurs
2026-05-26,2026-05-26T00:27:17.302700+00:00,4397020,Luguentz Dort,OKC,pr,UNDER,7.5,-106,0.5145631067961165,0.520412612939031,0.5411517710820913,0.005849506142914462,0.01136790816453187,fanduel,FanDuel,2026-05-27T00:40:00Z,Oklahoma City Thunder,San Antonio Spurs
2026-05-26,2026-05-26T00:27:17.302700+00:00,4397020,Luguentz Dort,OKC,pr,UNDER,7.5,-108,0.5192307692307693,0.5240533896380601,0.5411517710820913,0.004822620407290867,0.009288009673301012,draftkings,DraftKings,2026-05-27T00:40:00Z,Oklahoma City Thunder,San Antonio Spurs
2026-05-26,2026-05-26T00:27:17.302700+00:00,4395630,Devin Vassell,SAS,pr,OVER,18.5,-120,0.5454545454545454,0.5496922318537474,0.5647167563600088,0.0042376863992019675,0.007769091731870237,draftkings,DraftKings,2026-05-27T00:40:00Z,Oklahoma City Thunder,San Antonio Spurs
2026-05-26,2026-05-26T00:27:17.302700+00:00,4395630,Devin Vassell,SAS,pr,OVER,18.5,-120,0.5454545454545454,0.5496922318537474,0.5647167563600088,0.0042376863992019675,0.007769091731870237,betmgm,BetMGM,2026-05-27T00:40:00Z,Oklahoma City Thunder,San Antonio Spurs
2026-05-26,2026-05-26T00:27:17.302700+00:00,4395630,Devin Vassell,SAS,pr,OVER,18.5,-120,0.5454545454545454,0.5496922318537474,0.5647167563600088,0.0042376863992019675,0.007769091731870237,bovada,Bovada,2026-05-27T00:40:00Z,Oklahoma City Thunder,San Antonio Spurs
2026-05-26,2026-05-26T00:27:17.302700+00:00,4397020,Luguentz Dort,OKC,pr,UNDER,7.5,-110,0.5238095238095238,0.5276248182094887,0.5411517710820913,0.0038152943999648636,0.007283743854478386,bovada,Bovada,2026-05-27T00:40:00Z,Oklahoma City Thunder,San Antonio Spurs
2026-05-26,2026-05-26T00:27:17.302700+00:00,5104157,Victor Wembanyama,SAS,pr,UNDER,39.5,-110,0.5238095238095238,0.5273762953578741,0.5400221217565706,0.003566771548350278,0.006809291137759632,betmgm,BetMGM,2026-05-27T00:40:00Z,Oklahoma City Thunder,San Antonio Spurs
2026-05-26,2026-05-26T00:27:17.302700+00:00,4433255,Chet Holmgren,OKC,pr,UNDER,21.5,-125,0.5555555555555556,0.5585879120260037,0.5693389940575921,0.003032356470448083,0.005458241646806639,betmgm,BetMGM,2026-05-27T00:40:00Z,Oklahoma City Thunder,San Antonio Spurs
2026-05-26,2026-05-26T00:27:17.302700+00:00,4222252,Isaiah Hartenstein,OKC,pr,OVER,13.5,-145,0.5918367346938775,0.5949946924884729,0.6061910883056747,0.0031579577945953785,0.005335859721902536,bovada,Bovada,2026-05-27T00:40:00Z,Oklahoma City Thunder,San Antonio Spurs
2026-05-26,2026-05-26T00:27:17.302700+00:00,4395630,Devin Vassell,SAS,pr,OVER,17.5,-150,0.6,0.602825394085553,0.6128427003888774,0.0028253940855530457,0.004708990142588354,bovada,Bovada,2026-05-27T00:40:00Z,Oklahoma City Thunder,San Antonio Spurs
2026-05-26,2026-05-26T00:27:17.302700+00:00,4432823,Jaylin Williams,OKC,pr,UNDER,11.5,-122,0.5495495495495496,0.551390682371774,0.5579183351051151,0.0018411328222244228,0.0033502580863429277,draftkings,DraftKings,2026-05-27T00:40:00Z,Oklahoma City Thunder,San Antonio Spurs
2026-05-26,2026-05-26T00:27:17.302700+00:00,4395723,Keldon Johnson,SAS,pr,UNDER,8.5,150,0.4,0.40113482151654,0.40515827962063633,0.0011348215165399855,0.0028370537913500193,bovada,Bovada,2026-05-27T00:40:00Z,Oklahoma City Thunder,San Antonio Spurs
2026-05-26,2026-05-26T00:27:17.302700+00:00,4433255,Chet Holmgren,OKC,pr,UNDER,19.5,115,0.46511627906976744,0.46639792102889466,0.47094192433852755,0.0012816419591272221,0.0027555302121234915,bovada,Bovada,2026-05-27T00:40:00Z,Oklahoma City Thunder,San Antonio Spurs
2026-05-26,2026-05-26T00:27:17.302700+00:00,4397020,Luguentz Dort,OKC,pr,UNDER,8.5,-140,0.5833333333333334,0.5847647292164808,0.5898396782567309,0.001431395883147446,0.002453821513967114,betmgm,BetMGM,2026-05-27T00:40:00Z,Oklahoma City Thunder,San Antonio Spurs
2026-05-26,2026-05-26T00:27:17.302700+00:00,4432823,Jaylin Williams,OKC,pr,UNDER,11.5,-125,0.5555555555555556,0.5560753670564587,0.5579183351051151,0.0005198115009030779,0.0009356607016255958,fanduel,FanDuel,2026-05-27T00:40:00Z,Oklahoma City Thunder,San Antonio Spurs
2026-05-26,2026-05-26T00:27:17.302700+00:00,4593803,Jalen Williams,OKC,pra,UNDER,20.5,135,0.425531914893617,0.5054517460899838,0.8077485794807584,0.07991983119636675,0.18781160331146196,bovada,Bovada,2026-05-27T00:40:00Z,Oklahoma City Thunder,San Antonio Spurs
2026-05-26,2026-05-26T00:27:17.302700+00:00,4278073,Shai Gilgeous-Alexander,OKC,pra,UNDER,39.5,130,0.43478260869565216,0.5031834712425859,0.7604272890880684,0.06840086254693373,0.1573219838579476,bovada,Bovada,2026-05-27T00:40:00Z,Oklahoma City Thunder,San Antonio Spurs
2026-05-26,2026-05-26T00:27:17.302700+00:00,4593803,Jalen Williams,OKC,pra,UNDER,21.5,110,0.47619047619047616,0.5434357551573636,0.8366396893345949,0.06724527896688748,0.14121508583046372,bovada,Bovada,2026-05-27T00:40:00Z,Oklahoma City Thunder,San Antonio Spurs
2026-05-26,2026-05-26T00:27:17.302700+00:00,4278073,Shai Gilgeous-Alexander,OKC,pra,UNDER,40.5,115,0.46511627906976744,0.5286962251085556,0.7935465355040392,0.0635799460387882,0.13669688398339452,bovada,Bovada,2026-05-27T00:40:00Z,Oklahoma City Thunder,San Antonio Spurs
2026-05-26,2026-05-26T00:27:17.302700+00:00,4593803,Jalen Williams,OKC,pra,UNDER,21.5,108,0.4807692307692308,0.5464119456335541,0.8366396893345949,0.06564271486432333,0.13653684691779255,betrivers,BetRivers,2026-05-27T00:40:00Z,Oklahoma City Thunder,San Antonio Spurs
2026-05-26,2026-05-26T00:27:17.302700+00:00,4397020,Luguentz Dort,OKC,pra,UNDER,6.5,185,0.3508771929824561,0.392711564666914,0.4408079384475285,0.04183437168445786,0.11922795930070484,bovada,Bovada,2026-05-27T00:40:00Z,Oklahoma City Thunder,San Antonio Spurs
2026-05-26,2026-05-26T00:27:17.302700+00:00,2991350,Alex Caruso,OKC,pra,UNDER,11.5,165,0.37735849056603776,0.4218401498605032,0.5088978913861639,0.04448165929446546,0.11787639713033349,bovada,Bovada,2026-05-27T00:40:00Z,Oklahoma City Thunder,San Antonio Spurs
2026-05-26,2026-05-26T00:27:17.302700+00:00,4683692,Cason Wallace,OKC,pra,UNDER,11.5,190,0.3448275862068966,0.38469772649009293,0.4174845454606295,0.039870140283196354,0.11562340682126948,bovada,Bovada,2026-05-27T00:40:00Z,Oklahoma City Thunder,San Antonio Spurs
2026-05-26,2026-05-26T00:27:17.302700+00:00,4278073,Shai Gilgeous-Alexander,OKC,pra,UNDER,40.5,105,0.4878048780487805,0.5434438144449142,0.7935465355040392,0.05563893639613371,0.11405981961207412,betrivers,BetRivers,2026-05-27T00:40:00Z,Oklahoma City Thunder,San Antonio Spurs
2026-05-26,2026-05-26T00:27:17.302700+00:00,4395723,Keldon Johnson,SAS,pra,UNDER,8.5,190,0.3448275862068966,0.3811210375040407,0.39704632268318807,0.03629345129714412,0.105251008761718,bovada,Bovada,2026-05-27T00:40:00Z,Oklahoma City Thunder,San Antonio Spurs
2026-05-26,2026-05-26T00:27:17.302700+00:00,4593803,Jalen Williams,OKC,pra,UNDER,22.5,-110,0.5238095238095238,0.5789225943542595,0.8625508793032517,0.05511307054473569,0.10521586194904087,betmgm,BetMGM,2026-05-27T00:40:00Z,Oklahoma City Thunder,San Antonio Spurs
2026-05-26,2026-05-26T00:27:17.302700+00:00,4593803,Jalen Williams,OKC,pra,UNDER,21.5,-106,0.5145631067961165,0.5683779650510298,0.8366396893345949,0.05381485825491328,0.10458359245766169,fanduel,FanDuel,2026-05-27T00:40:00Z,Oklahoma City Thunder,San Antonio Spurs
2026-05-26,2026-05-26T00:27:17.302700+00:00,4278073,Shai Gilgeous-Alexander,OKC,pra,UNDER,41.5,-105,0.5121951219512195,0.5645898227804894,0.8237885343554098,0.05239470082926989,0.10229441590476507,bovada,Bovada,2026-05-27T00:40:00Z,Oklahoma City Thunder,San Antonio Spurs
2026-05-26,2026-05-26T00:27:17.302700+00:00,4278073,Shai Gilgeous-Alexander,OKC,pra,UNDER,41.5,-106,0.5145631067961165,0.5661290129296724,0.8237885343554098,0.05156590613355594,0.10021298739162754,fanduel,FanDuel,2026-05-27T00:40:00Z,Oklahoma City Thunder,San Antonio Spurs
2026-05-26,2026-05-26T00:27:17.302700+00:00,4593803,Jalen Williams,OKC,pra,UNDER,22.5,-115,0.5348837209302325,0.5861208224827201,0.8625508793032517,0.05123710155248762,0.09579110290247672,draftkings,DraftKings,2026-05-27T00:40:00Z,Oklahoma City Thunder,San Antonio Spurs
2026-05-26,2026-05-26T00:27:17.302700+00:00,4593803,Jalen Williams,OKC,pra,UNDER,22.5,-115,0.5348837209302325,0.5861208224827201,0.8625508793032517,0.05123710155248762,0.09579110290247672,bovada,Bovada,2026-05-27T00:40:00Z,Oklahoma City Thunder,San Antonio Spurs
2026-05-26,2026-05-26T00:27:17.302700+00:00,4278073,Shai Gilgeous-Alexander,OKC,pra,UNDER,41.5,-110,0.5238095238095238,0.5721391839883871,0.8237885343554098,0.04832966017886331,0.09226571488692092,betmgm,BetMGM,2026-05-27T00:40:00Z,Oklahoma City Thunder,San Antonio Spurs
2026-05-26,2026-05-26T00:27:17.302700+00:00,4592479,Julian Champagnie,SAS,pra,UNDER,13.5,160,0.38461538461538464,0.4189192819737158,0.4652530398498046,0.03430389735833117,0.08919013313166113,bovada,Bovada,2026-05-27T00:40:00Z,Oklahoma City Thunder,San Antonio Spurs
2026-05-26,2026-05-26T00:27:17.302700+00:00,4278073,Shai Gilgeous-Alexander,OKC,pra,UNDER,42.5,-117,0.5391705069124424,0.5868971641164772,0.8510647692765123,0.047726657204034795,0.08851867190833806,draftkings,DraftKings,2026-05-27T00:40:00Z,Oklahoma City Thunder,San Antonio Spurs
2026-05-26,2026-05-26T00:27:17.302700+00:00,4593803,Jalen Williams,OKC,pra,UNDER,22.5,-121,0.5475113122171946,0.5943287568192456,0.8625508793032517,0.04681744460205095,0.08550954757895268,betrivers,BetRivers,2026-05-27T00:40:00Z,Oklahoma City Thunder,San Antonio Spurs
2026-05-26,2026-05-26T00:27:17.302700+00:00,4278073,Shai Gilgeous-Alexander,OKC,pra,UNDER,41.5,-114,0.5327102803738317,0.5779246757551874,0.8237885343554098,0.04521439538135563,0.08487614571587798,betrivers,BetRivers,2026-05-27T00:40:00Z,Oklahoma City Thunder,San Antonio Spurs
2026-05-26,2026-05-26T00:27:17.302700+00:00,4278073,Shai Gilgeous-Alexander,OKC,pra,UNDER,42.5,-120,0.5454545454545454,0.5909817891688441,0.8510647692765123,0.045527243714298726,0.08346661347621426,bovada,Bovada,2026-05-27T00:40:00Z,Oklahoma City Thunder,San Antonio Spurs
2026-05-26,2026-05-26T00:27:17.302700+00:00,4066259,De'Aaron Fox,SAS,pra,OVER,25.5,125,0.4444444444444444,0.47671448585052173,0.573289125495045,0.03227004140607731,0.07260759316367382,bovada,Bovada,2026-05-27T00:40:00Z,Oklahoma City Thunder,San Antonio Spurs
2026-05-26,2026-05-26T00:27:17.302700+00:00,4593803,Jalen Williams,OKC,pra,UNDER,23.5,-135,0.574468085106383,0.6158675717992583,0.8855046656006247,0.0413994866928753,0.07206577313204227,bovada,Bovada,2026-05-27T00:40:00Z,Oklahoma City Thunder,San Antonio Spurs
2026-05-26,2026-05-26T00:27:17.302700+00:00,4278073,Shai Gilgeous-Alexander,OKC,pra,UNDER,43.5,-135,0.574468085106383,0.6140930501001487,0.8753645416057131,0.039624964993765666,0.06897679091507364,bovada,Bovada,2026-05-27T00:40:00Z,Oklahoma City Thunder,San Antonio Spurs
2026-05-26,2026-05-26T00:27:17.302700+00:00,5037871,Dylan Harper,SAS,pra,OVER,16.5,130,0.43478260869565216,0.46339064659867574,0.5330397196942963,0.028608037903023575,0.06579848717695413,bovada,Bovada,2026-05-27T00:40:00Z,Oklahoma City Thunder,San Antonio Spurs
2026-05-26,2026-05-26T00:27:17.302700+00:00,2991350,Alex Caruso,OKC,pra,UNDER,12.5,125,0.4444444444444444,0.4731757981942436,0.5530680531734556,0.028731353749799182,0.06464554593704808,bovada,Bovada,2026-05-27T00:40:00Z,Oklahoma City Thunder,San Antonio Spurs
2026-05-26,2026-05-26T00:27:17.302700+00:00,4683692,Cason Wallace,OKC,pra,UNDER,12.5,145,0.40816326530612246,0.43352926697204197,0.4612751115603563,0.025366001665919513,0.0621467040815028,bovada,Bovada,2026-05-27T00:40:00Z,Oklahoma City Thunder,San Antonio Spurs
2026-05-26,2026-05-26T00:27:17.302700+00:00,4278073,Shai Gilgeous-Alexander,OKC,pra,UNDER,42.5,-137,0.5780590717299579,0.6121747312478623,0.8510647692765123,0.034115659517904406,0.05901760077184931,betrivers,BetRivers,2026-05-27T00:40:00Z,Oklahoma City Thunder,San Antonio Spurs
2026-05-26,2026-05-26T00:27:17.302700+00:00,4683778,Jared McCain,OKC,pra,UNDER,13.5,150,0.4,0.4221247884795271,0.4264273627401549,0.02212478847952709,0.05531197119881781,bovada,Bovada,2026-05-27T00:40:00Z,Oklahoma City Thunder,San Antonio Spurs
2026-05-26,2026-05-26T00:27:17.302700+00:00,4066259,De'Aaron Fox,SAS,pra,OVER,24.5,105,0.4878048780487805,0.5124315447416489,0.6163335657710948,0.024626666692868393,0.05048466672038021,bovada,Bovada,2026-05-27T00:40:00Z,Oklahoma City Thunder,San Antonio Spurs
2026-05-26,2026-05-26T00:27:17.302700+00:00,4066259,De'Aaron Fox,SAS,pra,OVER,23.5,-104,0.5098039215686274,0.5340203449181941,0.6579874051347787,0.02421642334956664,0.04750144580107296,fanduel,FanDuel,2026-05-27T00:40:00Z,Oklahoma City Thunder,San Antonio Spurs
2026-05-26,2026-05-26T00:27:17.302700+00:00,4397020,Luguentz Dort,OKC,pra,UNDER,7.5,130,0.43478260869565216,0.4549696166092305,0.4849195483260378,0.02018700791357836,0.04643011820123022,bovada,Bovada,2026-05-27T00:40:00Z,Oklahoma City Thunder,San Antonio Spurs
2026-05-26,2026-05-26T00:27:17.302700+00:00,4066259,De'Aaron Fox,SAS,pra,OVER,23.5,-105,0.5121951219512195,0.5355746251668789,0.6579874051347787,0.023379503215659403,0.04564569675438268,betrivers,BetRivers,2026-05-27T00:40:00Z,Oklahoma City Thunder,San Antonio Spurs
2026-05-26,2026-05-26T00:27:17.302700+00:00,4066259,De'Aaron Fox,SAS,pra,OVER,23.5,-105,0.5121951219512195,0.5355746251668789,0.6579874051347787,0.023379503215659403,0.04564569675438268,betmgm,BetMGM,2026-05-27T00:40:00Z,Oklahoma City Thunder,San Antonio Spurs
2026-05-26,2026-05-26T00:27:17.302700+00:00,4395723,Keldon Johnson,SAS,pra,UNDER,9.5,140,0.4166666666666667,0.4354079165284373,0.4404261896863082,0.018741249861770615,0.044978999668249475,bovada,Bovada,2026-05-27T00:40:00Z,Oklahoma City Thunder,San Antonio Spurs
2026-05-26,2026-05-26T00:27:17.302700+00:00,4593803,Jalen Williams,OKC,pra,UNDER,23.5,-159,0.6138996138996139,0.6414980655148583,0.8855046656006247,0.027598451615244435,0.04495596835439186,betrivers,BetRivers,2026-05-27T00:40:00Z,Oklahoma City Thunder,San Antonio Spurs
2026-05-26,2026-05-26T00:27:17.302700+00:00,4397020,Luguentz Dort,OKC,pra,OVER,10.5,155,0.39215686274509803,0.409566449492974,0.3837970783352016,0.01740958674787596,0.04439444620708377,bovada,Bovada,2026-05-27T00:40:00Z,Oklahoma City Thunder,San Antonio Spurs
2026-05-26,2026-05-26T00:27:17.302700+00:00,4222252,Isaiah Hartenstein,OKC,pra,OVER,18.5,125,0.4444444444444444,0.46404504713446443,0.5008923328318601,0.019600602690020008,0.04410135605254495,bovada,Bovada,2026-05-27T00:40:00Z,Oklahoma City Thunder,San Antonio Spurs
2026-05-26,2026-05-26T00:27:17.302700+00:00,4845367,Stephon Castle,SAS,pra,UNDER,27.5,125,0.4444444444444444,0.46303610882891966,0.4951269710858902,0.018591664384475237,0.041831244865069284,bovada,Bovada,2026-05-27T00:40:00Z,Oklahoma City Thunder,San Antonio Spurs
2026-05-26,2026-05-26T00:27:17.302700+00:00,4433255,Chet Holmgren,OKC,pra,UNDER,19.5,145,0.40816326530612246,0.42514914845098467,0.41338872001145766,0.016985883144862213,0.041615413704912396,bovada,Bovada,2026-05-27T00:40:00Z,Oklahoma City Thunder,San Antonio Spurs
2026-05-26,2026-05-26T00:27:17.302700+00:00,4593803,Jalen Williams,OKC,pra,UNDER,24.5,-170,0.6296296296296297,0.6552373965456899,0.9055893559224606,0.02560776691606026,0.040671159219625164,bovada,Bovada,2026-05-27T00:40:00Z,Oklahoma City Thunder,San Antonio Spurs
2026-05-26,2026-05-26T00:27:17.302700+00:00,4592479,Julian Champagnie,SAS,pra,UNDER,14.5,120,0.45454545454545453,0.47212318153801597,0.5095350633341174,0.017577726992561438,0.03867099938363516,bovada,Bovada,2026-05-27T00:40:00Z,Oklahoma City Thunder,San Antonio Spurs
2026-05-26,2026-05-26T00:27:17.302700+00:00,5037871,Dylan Harper,SAS,pra,OVER,15.5,105,0.4878048780487805,0.5055344381977775,0.576921528377544,0.01772956014899707,0.03634559830544404,bovada,Bovada,2026-05-27T00:40:00Z,Oklahoma City Thunder,San Antonio Spurs
2026-05-26,2026-05-26T00:27:17.302700+00:00,5037871,Dylan Harper,SAS,pra,OVER,15.5,102,0.49504950495049505,0.510243445683892,0.576921528377544,0.015193940733396971,0.03069176028146192,betrivers,BetRivers,2026-05-27T00:40:00Z,Oklahoma City Thunder,San Antonio Spurs
2026-05-26,2026-05-26T00:27:17.302700+00:00,4066259,De'Aaron Fox,SAS,pra,OVER,23.5,-115,0.5348837209302325,0.5503222145032374,0.6579874051347787,0.015438493573004863,0.02886327059300897,bovada,Bovada,2026-05-27T00:40:00Z,Oklahoma City Thunder,San Antonio Spurs
2026-05-26,2026-05-26T00:27:17.302700+00:00,4066259,De'Aaron Fox,SAS,pra,OVER,23.5,-116,0.5370370370370371,0.5517218699726604,0.6579874051347787,0.014684832935623282,0.02734417167322961,draftkings,DraftKings,2026-05-27T00:40:00Z,Oklahoma City Thunder,San Antonio Spurs
2026-05-26,2026-05-26T00:27:17.302700+00:00,4683778,Jared McCain,OKC,pra,OVER,17.5,140,0.4166666666666667,0.4279536362120364,0.3978303021640175,0.01128696954536973,0.027088726908887306,bovada,Bovada,2026-05-27T00:40:00Z,Oklahoma City Thunder,San Antonio Spurs
2026-05-26,2026-05-26T00:27:17.302700+00:00,4395630,Devin Vassell,SAS,pra,OVER,22.5,115,0.46511627906976744,0.47718073998752464,0.4991723348124333,0.012064460917757203,0.025938590973177966,bovada,Bovada,2026-05-27T00:40:00Z,Oklahoma City Thunder,San Antonio Spurs
2026-05-26,2026-05-26T00:27:17.302700+00:00,2991350,Alex Caruso,OKC,pra,UNDER,13.5,-105,0.5121951219512195,0.5248298889696227,0.5965889125790285,0.012634767018403159,0.024667878464501414,bovada,Bovada,2026-05-27T00:40:00Z,Oklahoma City Thunder,San Antonio Spurs
2026-05-26,2026-05-26T00:27:17.302700+00:00,4395723,Keldon Johnson,SAS,pra,OVER,12.5,130,0.43478260869565216,0.4448730023880868,0.4272246099195022,0.01009039369243464,0.023207905492599656,bovada,Bovada,2026-05-27T00:40:00Z,Oklahoma City Thunder,San Antonio Spurs
2026-05-26,2026-05-26T00:27:17.302700+00:00,4222252,Isaiah Hartenstein,OKC,pra,OVER,17.5,104,0.49019607843137253,0.5015239134328786,0.5451226425856373,0.011327835001506081,0.02310878340307243,betrivers,BetRivers,2026-05-27T00:40:00Z,Oklahoma City Thunder,San Antonio Spurs
2026-05-26,2026-05-26T00:27:17.302700+00:00,4845367,Stephon Castle,SAS,pra,UNDER,28.5,105,0.4878048780487805,0.49896634906951,0.5393895905017297,0.011161471020729508,0.022881015592495446,bovada,Bovada,2026-05-27T00:40:00Z,Oklahoma City Thunder,San Antonio Spurs
2026-05-26,2026-05-26T00:27:17.302700+00:00,2991350,Alex Caruso,OKC,pra,UNDER,13.5,-107,0.5169082125603864,0.5278933978655812,0.5965889125790285,0.010985185305194767,0.021251713627806645,draftkings,DraftKings,2026-05-27T00:40:00Z,Oklahoma City Thunder,San Antonio Spurs
2026-05-26,2026-05-26T00:27:17.302700+00:00,4395630,Devin Vassell,SAS,pra,UNDER,18.5,155,0.39215686274509803,0.39999635260364236,0.32911081039616374,0.007839489858544324,0.01999069913928797,bovada,Bovada,2026-05-27T00:40:00Z,Oklahoma City Thunder,San Antonio Spurs
2026-05-26,2026-05-26T00:27:17.302700+00:00,4683692,Cason Wallace,OKC,pra,UNDER,13.5,110,0.47619047619047616,0.4854934637155296,0.5055408810955436,0.00930298752505343,0.019536273802612136,bovada,Bovada,2026-05-27T00:40:00Z,Oklahoma City Thunder,San Antonio Spurs
2026-05-26,2026-05-26T00:27:17.302700+00:00,4222252,Isaiah Hartenstein,OKC,pra,UNDER,14.5,155,0.39215686274509803,0.3997236669879579,0.32755260687796683,0.007566804242859881,0.019295350819292678,bovada,Bovada,2026-05-27T00:40:00Z,Oklahoma City Thunder,San Antonio Spurs
2026-05-26,2026-05-26T00:27:17.302700+00:00,4433255,Chet Holmgren,OKC,pra,UNDER,20.5,120,0.45454545454545453,0.46294822458224444,0.4571067378725657,0.008402770036789908,0.01848609408093782,bovada,Bovada,2026-05-27T00:40:00Z,Oklahoma City Thunder,San Antonio Spurs
2026-05-26,2026-05-26T00:27:17.302700+00:00,4066259,De'Aaron Fox,SAS,pra,OVER,22.5,-132,0.5689655172413793,0.5794428434794483,0.6978014701288673,0.010477326238068962,0.018414694600242476,betrivers,BetRivers,2026-05-27T00:40:00Z,Oklahoma City Thunder,San Antonio Spurs
2026-05-26,2026-05-26T00:27:17.302700+00:00,4845367,Stephon Castle,SAS,pra,UNDER,28.5,102,0.49504950495049505,0.5036753565556245,0.5393895905017297,0.008625851605129409,0.017424220242361455,betrivers,BetRivers,2026-05-27T00:40:00Z,Oklahoma City Thunder,San Antonio Spurs
2026-05-26,2026-05-26T00:27:17.302700+00:00,4222252,Isaiah Hartenstein,OKC,pra,OVER,17.5,100,0.5,0.5078964624524865,0.5451226425856373,0.007896462452486541,0.015792924904973082,bovada,Bovada,2026-05-27T00:40:00Z,Oklahoma City Thunder,San Antonio Spurs
2026-05-26,2026-05-26T00:27:17.302700+00:00,4683778,Jared McCain,OKC,pra,UNDER,14.5,115,0.46511627906976744,0.4721384900925162,0.47035947826952773,0.007022211022748748,0.015097753698909755,bovada,Bovada,2026-05-27T00:40:00Z,Oklahoma City Thunder,San Antonio Spurs
2026-05-26,2026-05-26T00:27:17.302700+00:00,5037871,Dylan Harper,SAS,pra,UNDER,12.5,160,0.38461538461538464,0.38982021095886304,0.2989726340506459,0.005204826343478408,0.013532548493043972,bovada,Bovada,2026-05-27T00:40:00Z,Oklahoma City Thunder,San Antonio Spurs
2026-05-26,2026-05-26T00:27:17.302700+00:00,4683692,Cason Wallace,OKC,pra,UNDER,13.5,106,0.4854368932038835,0.4915036347742444,0.5055408810955436,0.006066741570360912,0.012497487634943516,betrivers,BetRivers,2026-05-27T00:40:00Z,Oklahoma City Thunder,San Antonio Spurs
2026-05-26,2026-05-26T00:27:17.302700+00:00,5037871,Dylan Harper,SAS,pra,OVER,14.5,-118,0.5412844036697247,0.5478118405240265,0.6198684465068883,0.0065274368543017935,0.012059163002015094,fanduel,FanDuel,2026-05-27T00:40:00Z,Oklahoma City Thunder,San Antonio Spurs
2026-05-26,2026-05-26T00:27:17.302700+00:00,5104157,Victor Wembanyama,SAS,pra,UNDER,40.5,125,0.4444444444444444,0.44895590534216495,0.41466866544729175,0.004511460897720532,0.010150787019871155,bovada,Bovada,2026-05-27T00:40:00Z,Oklahoma City Thunder,San Antonio Spurs
2026-05-26,2026-05-26T00:27:17.302700+00:00,4592479,Julian Champagnie,SAS,pra,UNDER,15.5,-105,0.5121951219512195,0.5173242729126103,0.5536996779675292,0.0051291509613907715,0.01001405663890581,bovada,Bovada,2026-05-27T00:40:00Z,Oklahoma City Thunder,San Antonio Spurs
2026-05-26,2026-05-26T00:27:17.302700+00:00,5104157,Victor Wembanyama,SAS,pra,UNDER,41.5,114,0.4672897196261682,0.4714600462733729,0.4584098772363632,0.004170326647204681,0.008924499025018018,betrivers,BetRivers,2026-05-27T00:40:00Z,Oklahoma City Thunder,San Antonio Spurs
2026-05-26,2026-05-26T00:27:17.302700+00:00,4592479,Julian Champagnie,SAS,pra,UNDER,15.5,-106,0.5145631067961165,0.5188634630617933,0.5536996779675292,0.004300356265676819,0.008357296138956805,draftkings,DraftKings,2026-05-27T00:40:00Z,Oklahoma City Thunder,San Antonio Spurs
2026-05-26,2026-05-26T00:27:17.302700+00:00,4395630,Devin Vassell,SAS,pra,OVER,21.5,-104,0.5098039215686274,0.5139698638190539,0.543413227425406,0.004165942250426435,0.008171655952759482,betrivers,BetRivers,2026-05-27T00:40:00Z,Oklahoma City Thunder,San Antonio Spurs
2026-05-26,2026-05-26T00:27:17.302700+00:00,4433255,Chet Holmgren,OKC,pra,UNDER,21.5,104,0.49019607843137253,0.4938638226259633,0.5013506951175493,0.0036677441945907607,0.0074821981569651586,betrivers,BetRivers,2026-05-27T00:40:00Z,Oklahoma City Thunder,San Antonio Spurs
2026-05-26,2026-05-26T00:27:17.302700+00:00,4845367,Stephon Castle,SAS,pra,UNDER,29.5,-113,0.5305164319248826,0.5343902396728445,0.5831689081238334,0.003873807747961866,0.007301956197485637,draftkings,DraftKings,2026-05-27T00:40:00Z,Oklahoma City Thunder,San Antonio Spurs
2026-05-26,2026-05-26T00:27:17.302700+00:00,4395630,Devin Vassell,SAS,pra,OVER,21.5,-105,0.5121951219512195,0.5155241440677387,0.543413227425406,0.003329022116519198,0.0064995193703469845,bovada,Bovada,2026-05-27T00:40:00Z,Oklahoma City Thunder,San Antonio Spurs
2026-05-26,2026-05-26T00:27:17.302700+00:00,4432823,Jaylin Williams,OKC,pra,UNDER,13.5,-113,0.5305164319248826,0.5337271801017077,0.5793799962887659,0.0032107481768250956,0.006052118244811944,draftkings,DraftKings,2026-05-27T00:40:00Z,Oklahoma City Thunder,San Antonio Spurs
2026-05-26,2026-05-26T00:27:17.302700+00:00,4845367,Stephon Castle,SAS,pra,UNDER,28.5,-105,0.5121951219512195,0.5148200076060954,0.5393895905017297,0.0026248856548758415,0.005124776754757587,betmgm,BetMGM,2026-05-27T00:40:00Z,Oklahoma City Thunder,San Antonio Spurs
2026-05-26,2026-05-26T00:27:17.302700+00:00,4395630,Devin Vassell,SAS,pra,OVER,21.5,-106,0.5145631067961165,0.5170633342169217,0.543413227425406,0.0025002274208052455,0.004858932534772431,draftkings,DraftKings,2026-05-27T00:40:00Z,Oklahoma City Thunder,San Antonio Spurs
2026-05-26,2026-05-26T00:27:17.302700+00:00,4592479,Julian Champagnie,SAS,pra,UNDER,16.5,-118,0.5412844036697247,0.5438461502764009,0.5972073593775988,0.002561746606676185,0.00473271830724914,betmgm,BetMGM,2026-05-27T00:40:00Z,Oklahoma City Thunder,San Antonio Spurs
2026-05-26,2026-05-26T00:27:17.302700+00:00,4845367,Stephon Castle,SAS,pra,UNDER,29.5,-115,0.5348837209302325,0.5372289775263219,0.5831689081238334,0.002345256596089418,0.004384610157906199,bovada,Bovada,2026-05-27T00:40:00Z,Oklahoma City Thunder,San Antonio Spurs
2026-05-26,2026-05-26T00:27:17.302700+00:00,4066259,De'Aaron Fox,SAS,pra,OVER,22.5,-145,0.5918367346938775,0.5943091348235722,0.6978014701288673,0.0024724001296946296,0.0041775036674150945,bovada,Bovada,2026-05-27T00:40:00Z,Oklahoma City Thunder,San Antonio Spurs
2026-05-26,2026-05-26T00:27:17.302700+00:00,5037871,Dylan Harper,SAS,pra,OVER,14.5,-124,0.5535714285714286,0.555798406710134,0.6198684465068883,0.0022269781387054266,0.004022928250564661,draftkings,DraftKings,2026-05-27T00:40:00Z,Oklahoma City Thunder,San Antonio Spurs
2026-05-26,2026-05-26T00:27:17.302700+00:00,4395723,Keldon Johnson,SAS,pra,UNDER,10.5,105,0.4878048780487805,0.4893665852180797,0.484533797064985,0.001561707169299209,0.0032014996970634035,bovada,Bovada,2026-05-27T00:40:00Z,Oklahoma City Thunder,San Antonio Spurs
2026-05-26,2026-05-26T00:27:17.302700+00:00,5037871,Dylan Harper,SAS,pra,OVER,14.5,-125,0.5555555555555556,0.5570880892498166,0.6198684465068883,0.0015325336942609846,0.002758560649669839,bovada,Bovada,2026-05-27T00:40:00Z,Oklahoma City Thunder,San Antonio Spurs
2026-05-26,2026-05-26T00:27:17.302700+00:00,4395630,Devin Vassell,SAS,pra,OVER,20.5,-118,0.5412844036697247,0.5420811879399742,0.5871218603123032,0.0007967842702494288,0.001472025177240377,fanduel,FanDuel,2026-05-27T00:40:00Z,Oklahoma City Thunder,San Antonio Spurs
2026-05-26,2026-05-26T00:27:17.302700+00:00,4683692,Cason Wallace,OKC,pra,UNDER,14.5,-110,0.5238095238095238,0.5241804137893333,0.5497384189322451,0.00037088997980949667,0.0007080626887272512,betmgm,BetMGM,2026-05-27T00:40:00Z,Oklahoma City Thunder,San Antonio Spurs
2026-05-26,2026-05-26T00:27:17.302700+00:00,4433255,Chet Holmgren,OKC,pra,OVER,23.5,120,0.45454545454545453,0.45483635562172553,0.41075320095531476,0.0002909010762709996,0.0006399823677961658,bovada,Bovada,2026-05-27T00:40:00Z,Oklahoma City Thunder,San Antonio Spurs
2026-05-26,2026-05-26T00:27:17.302700+00:00,4278073,Shai Gilgeous-Alexander,OKC,pts,UNDER,25.5,190,0.3448275862068966,0.5743261377442276,0.6651691949871723,0.229498551537331,0.66554579945826,bovada,Bovada,2026-05-27T00:40:00Z,Oklahoma City Thunder,San Antonio Spurs
2026-05-26,2026-05-26T00:27:17.302700+00:00,4593803,Jalen Williams,OKC,pts,UNDER,11.5,190,0.3448275862068966,0.5462327754326144,0.6027395009613652,0.20140518922571782,0.5840750487545816,bovada,Bovada,2026-05-27T00:40:00Z,Oklahoma City Thunder,San Antonio Spurs
2026-05-26,2026-05-26T00:27:17.302700+00:00,4278073,Shai Gilgeous-Alexander,OKC,pts,UNDER,26.5,160,0.38461538461538464,0.5955088149485457,0.7122418109967683,0.21089343033316105,0.5483229188662189,bovada,Bovada,2026-05-27T00:40:00Z,Oklahoma City Thunder,San Antonio Spurs
2026-05-26,2026-05-26T00:27:17.302700+00:00,4278073,Shai Gilgeous-Alexander,OKC,pts,UNDER,27.5,135,0.425531914893617,0.6151697645562431,0.7559328101249845,0.18963784966262603,0.44564894670717126,bovada,Bovada,2026-05-27T00:40:00Z,Oklahoma City Thunder,San Antonio Spurs
2026-05-26,2026-05-26T00:27:17.302700+00:00,4592479,Julian Champagnie,SAS,pts,UNDER,6.5,190,0.3448275862068966,0.4840496252756219,0.46455472283471533,0.13922203906872532,0.4037439132993035,bovada,Bovada,2026-05-27T00:40:00Z,Oklahoma City Thunder,San Antonio Spurs
2026-05-26,2026-05-26T00:27:17.302700+00:00,4593803,Jalen Williams,OKC,pts,UNDER,12.5,145,0.40816326530612246,0.5689073526881543,0.6531274504181206,0.16074408738203183,0.393823014085978,bovada,Bovada,2026-05-27T00:40:00Z,Oklahoma City Thunder,San Antonio Spurs
2026-05-26,2026-05-26T00:27:17.302700+00:00,5104157,Victor Wembanyama,SAS,pts,OVER,30.5,215,0.31746031746031744,0.4409199760810718,0.36871105795793735,0.12345965862075436,0.3888979246553762,bovada,Bovada,2026-05-27T00:40:00Z,Oklahoma City Thunder,San Antonio Spurs
2026-05-26,2026-05-26T00:27:17.302700+00:00,4066259,De'Aaron Fox,SAS,pts,OVER,17.5,200,0.3333333333333333,0.45816683168652256,0.40703740374782793,0.12483349835318924,0.37450049505956773,bovada,Bovada,2026-05-27T00:40:00Z,Oklahoma City Thunder,San Antonio Spurs
2026-05-26,2026-05-26T00:27:17.302700+00:00,4395630,Devin Vassell,SAS,pts,OVER,17.5,215,0.31746031746031744,0.4304018786118702,0.3453375080263782,0.11294156115155274,0.35576591762739107,bovada,Bovada,2026-05-27T00:40:00Z,Oklahoma City Thunder,San Antonio Spurs
2026-05-26,2026-05-26T00:27:17.302700+00:00,4278073,Shai Gilgeous-Alexander,OKC,pts,UNDER,27.5,120,0.45454545454545453,0.6151697645562431,0.7559328101249845,0.16062431001078853,0.35337348202373475,betrivers,BetRivers,2026-05-27T00:40:00Z,Oklahoma City Thunder,San Antonio Spurs
2026-05-26,2026-05-26T00:27:17.302700+00:00,4433255,Chet Holmgren,OKC,pts,UNDER,10.5,200,0.3333333333333333,0.44502012141159497,0.37782249202576657,0.11168678807826166,0.3350603642347849,bovada,Bovada,2026-05-27T00:40:00Z,Oklahoma City Thunder,San Antonio Spurs
2026-05-26,2026-05-26T00:27:17.302700+00:00,4278073,Shai Gilgeous-Alexander,OKC,pts,UNDER,28.5,110,0.47619047619047616,0.6330972294683397,0.7957716210407549,0.15690675327786352,0.3295041818835134,bovada,Bovada,2026-05-27T00:40:00Z,Oklahoma City Thunder,San Antonio Spurs
2026-05-26,2026-05-26T00:27:17.302700+00:00,4683778,Jared McCain,OKC,pts,UNDER,8.5,210,0.3225806451612903,0.42673666635548585,0.33719259190107964,0.10415602119419554,0.3228836657020062,bovada,Bovada,2026-05-27T00:40:00Z,Oklahoma City Thunder,San Antonio Spurs
2026-05-26,2026-05-26T00:27:17.302700+00:00,4395723,Keldon Johnson,SAS,pts,OVER,9.5,190,0.3448275862068966,0.4540044836860111,0.39778774152446905,0.10917689747911452,0.31661300268943215,bovada,Bovada,2026-05-27T00:40:00Z,Oklahoma City Thunder,San Antonio Spurs
2026-05-26,2026-05-26T00:27:17.302700+00:00,4222252,Isaiah Hartenstein,OKC,pts,OVER,8.5,165,0.37735849056603776,0.4953053135390483,0.4895673634201073,0.11794682297301051,0.31255908087847784,bovada,Bovada,2026-05-27T00:40:00Z,Oklahoma City Thunder,San Antonio Spurs
2026-05-26,2026-05-26T00:27:17.302700+00:00,5037871,Dylan Harper,SAS,pts,UNDER,6.5,210,0.3225806451612903,0.41955210204028986,0.32122689342286637,0.09697145687899955,0.3006115163248987,bovada,Bovada,2026-05-27T00:40:00Z,Oklahoma City Thunder,San Antonio Spurs
2026-05-26,2026-05-26T00:27:17.302700+00:00,4683778,Jared McCain,OKC,pts,OVER,14.5,200,0.3333333333333333,0.4334106372744828,0.35202363838773953,0.1000773039411495,0.30023191182344844,bovada,Bovada,2026-05-27T00:40:00Z,Oklahoma City Thunder,San Antonio Spurs
2026-05-26,2026-05-26T00:27:17.302700+00:00,5037871,Dylan Harper,SAS,pts,OVER,11.5,180,0.35714285714285715,0.46391161973193284,0.41980359940429524,0.1067687625890757,0.298952535249412,bovada,Bovada,2026-05-27T00:40:00Z,Oklahoma City Thunder,San Antonio Spurs
2026-05-26,2026-05-26T00:27:17.302700+00:00,2991350,Alex Caruso,OKC,pts,UNDER,6.5,170,0.37037037037037035,0.47781312803409937,0.45069584007577634,0.10744275766372902,0.29009544569206824,bovada,Bovada,2026-05-27T00:40:00Z,Oklahoma City Thunder,San Antonio Spurs
2026-05-26,2026-05-26T00:27:17.302700+00:00,5104157,Victor Wembanyama,SAS,pts,OVER,29.5,175,0.36363636363636365,0.4639925687937626,0.41998348620836135,0.10035620515739896,0.2759795641828472,bovada,Bovada,2026-05-27T00:40:00Z,Oklahoma City Thunder,San Antonio Spurs
2026-05-26,2026-05-26T00:27:17.302700+00:00,4683692,Cason Wallace,OKC,pts,UNDER,6.5,170,0.37037037037037035,0.4684345494750555,0.4298545543890122,0.09806417910468512,0.26477328358264973,bovada,Bovada,2026-05-27T00:40:00Z,Oklahoma City Thunder,San Antonio Spurs
2026-05-26,2026-05-26T00:27:17.302700+00:00,4222252,Isaiah Hartenstein,OKC,pts,UNDER,4.5,205,0.32786885245901637,0.4127064585904637,0.3060143524232526,0.08483760613144731,0.25875469870091405,bovada,Bovada,2026-05-27T00:40:00Z,Oklahoma City Thunder,San Antonio Spurs
2026-05-26,2026-05-26T00:27:17.302700+00:00,4278073,Shai Gilgeous-Alexander,OKC,pts,UNDER,28.5,-103,0.5073891625615764,0.6330972294683397,0.7957716210407549,0.12570806690676328,0.24775473380653357,betrivers,BetRivers,2026-05-27T00:40:00Z,Oklahoma City Thunder,San Antonio Spurs
2026-05-26,2026-05-26T00:27:17.302700+00:00,4845367,Stephon Castle,SAS,pts,UNDER,14.5,175,0.36363636363636365,0.4525167907281848,0.394481757173744,0.08888042709182115,0.24442117450250822,bovada,Bovada,2026-05-27T00:40:00Z,Oklahoma City Thunder,San Antonio Spurs
2026-05-26,2026-05-26T00:27:17.302700+00:00,4593803,Jalen Williams,OKC,pts,UNDER,13.5,110,0.47619047619047616,0.5904238134782739,0.7009418077294975,0.11423333728779772,0.23989000830437524,bovada,Bovada,2026-05-27T00:40:00Z,Oklahoma City Thunder,San Antonio Spurs
2026-05-26,2026-05-26T00:27:17.302700+00:00,4278073,Shai Gilgeous-Alexander,OKC,pts,UNDER,29.5,-110,0.5238095238095238,0.649156433146958,0.8314587403265734,0.1253469093374342,0.239298645098738,draftkings,DraftKings,2026-05-27T00:40:00Z,Oklahoma City Thunder,San Antonio Spurs
2026-05-26,2026-05-26T00:27:17.302700+00:00,4278073,Shai Gilgeous-Alexander,OKC,pts,UNDER,29.5,-110,0.5238095238095238,0.649156433146958,0.8314587403265734,0.1253469093374342,0.239298645098738,bovada,Bovada,2026-05-27T00:40:00Z,Oklahoma City Thunder,San Antonio Spurs
2026-05-26,2026-05-26T00:27:17.302700+00:00,4066259,De'Aaron Fox,SAS,pts,OVER,16.5,155,0.39215686274509803,0.4817489460278405,0.45944210228409,0.08959208328274249,0.22845981237099344,bovada,Bovada,2026-05-27T00:40:00Z,Oklahoma City Thunder,San Antonio Spurs
2026-05-26,2026-05-26T00:27:17.302700+00:00,4593803,Jalen Williams,OKC,pts,UNDER,13.5,108,0.4807692307692308,0.5904238134782739,0.7009418077294975,0.1096545827090431,0.22808153203480974,betrivers,BetRivers,2026-05-27T00:40:00Z,Oklahoma City Thunder,San Antonio Spurs
2026-05-26,2026-05-26T00:27:17.302700+00:00,4278073,Shai Gilgeous-Alexander,OKC,pts,UNDER,29.5,-113,0.5305164319248826,0.649156433146958,0.8314587403265734,0.11864000122207541,0.22363115274603595,williamhill_us,Caesars,2026-05-27T00:40:00Z,Oklahoma City Thunder,San Antonio Spurs
2026-05-26,2026-05-26T00:27:17.302700+00:00,4395630,Devin Vassell,SAS,pts,OVER,16.5,170,0.37037037037037035,0.4530454615454119,0.3956565812120265,0.08267509117504157,0.22322274617261217,bovada,Bovada,2026-05-27T00:40:00Z,Oklahoma City Thunder,San Antonio Spurs
2026-05-26,2026-05-26T00:27:17.302700+00:00,5104157,Victor Wembanyama,SAS,pts,OVER,28.5,150,0.4,0.4876938513309601,0.4726530029576891,0.08769385133096008,0.21923462832740026,bovada,Bovada,2026-05-27T00:40:00Z,Oklahoma City Thunder,San Antonio Spurs
2026-05-26,2026-05-26T00:27:17.302700+00:00,4592479,Julian Champagnie,SAS,pts,OVER,11.5,200,0.3333333333333333,0.4017797798957443,0.2817328442127651,0.068446446562411,0.20533933968723295,bovada,Bovada,2026-05-27T00:40:00Z,Oklahoma City Thunder,San Antonio Spurs
2026-05-26,2026-05-26T00:27:17.302700+00:00,4433255,Chet Holmgren,OKC,pts,OVER,16.5,190,0.3448275862068966,0.41562199127159555,0.31249331393687896,0.07079440506469897,0.20530377468762695,bovada,Bovada,2026-05-27T00:40:00Z,Oklahoma City Thunder,San Antonio Spurs
2026-05-26,2026-05-26T00:27:17.302700+00:00,4278073,Shai Gilgeous-Alexander,OKC,pts,UNDER,29.5,-118,0.5412844036697247,0.649156433146958,0.8314587403265734,0.10787202947723329,0.19928900361048174,fanduel,FanDuel,2026-05-27T00:40:00Z,Oklahoma City Thunder,San Antonio Spurs
2026-05-26,2026-05-26T00:27:17.302700+00:00,4395723,Keldon Johnson,SAS,pts,UNDER,5.5,165,0.37735849056603776,0.45137481159876874,0.3919440257750416,0.07401632103273098,0.19614325073673722,bovada,Bovada,2026-05-27T00:40:00Z,Oklahoma City Thunder,San Antonio Spurs
2026-05-26,2026-05-26T00:27:17.302700+00:00,4278073,Shai Gilgeous-Alexander,OKC,pts,UNDER,30.5,-125,0.5555555555555556,0.6632889594749066,0.8628643543886814,0.10773340391935105,0.19392012705483197,betmgm,BetMGM,2026-05-27T00:40:00Z,Oklahoma City Thunder,San Antonio Spurs
2026-05-26,2026-05-26T00:27:17.302700+00:00,4592479,Julian Champagnie,SAS,pts,UNDER,7.5,135,0.425531914893617,0.5079625388520796,0.5176945307823992,0.08243062395846262,0.19371196630238718,bovada,Bovada,2026-05-27T00:40:00Z,Oklahoma City Thunder,San Antonio Spurs
2026-05-26,2026-05-26T00:27:17.302700+00:00,4683692,Cason Wallace,OKC,pts,OVER,10.5,170,0.37037037037037035,0.43731491744289036,0.36069981653975636,0.06694454707252001,0.18075027709580394,bovada,Bovada,2026-05-27T00:40:00Z,Oklahoma City Thunder,San Antonio Spurs
2026-05-26,2026-05-26T00:27:17.302700+00:00,4278073,Shai Gilgeous-Alexander,OKC,pts,UNDER,30.5,-130,0.5652173913043478,0.6632889594749066,0.8628643543886814,0.09807156817055884,0.1735112359940656,bovada,Bovada,2026-05-27T00:40:00Z,Oklahoma City Thunder,San Antonio Spurs
2026-05-26,2026-05-26T00:27:17.302700+00:00,4278073,Shai Gilgeous-Alexander,OKC,pts,UNDER,29.5,-125,0.5555555555555556,0.649156433146958,0.8314587403265734,0.09360087759140245,0.16848157966452448,betrivers,BetRivers,2026-05-27T00:40:00Z,Oklahoma City Thunder,San Antonio Spurs
2026-05-26,2026-05-26T00:27:17.302700+00:00,4683778,Jared McCain,OKC,pts,OVER,13.5,155,0.39215686274509803,0.4561863024495728,0.4026362276657174,0.06402943970447478,0.16327507124641072,bovada,Bovada,2026-05-27T00:40:00Z,Oklahoma City Thunder,San Antonio Spurs
2026-05-26,2026-05-26T00:27:17.302700+00:00,2991350,Alex Caruso,OKC,pts,OVER,10.5,170,0.37037037037037035,0.42850044586171876,0.3411121019149306,0.05813007549134841,0.15695120382664063,bovada,Bovada,2026-05-27T00:40:00Z,Oklahoma City Thunder,San Antonio Spurs
2026-05-26,2026-05-26T00:27:17.302700+00:00,4397020,Luguentz Dort,OKC,pts,UNDER,4.5,120,0.45454545454545453,0.5253169519386578,0.5562598931970174,0.07077149739320326,0.15569729426504708,betrivers,BetRivers,2026-05-27T00:40:00Z,Oklahoma City Thunder,San Antonio Spurs
2026-05-26,2026-05-26T00:27:17.302700+00:00,4433255,Chet Holmgren,OKC,pts,UNDER,11.5,145,0.40816326530612246,0.468235392357107,0.4294119830157933,0.060072127050984525,0.14717671127491205,bovada,Bovada,2026-05-27T00:40:00Z,Oklahoma City Thunder,San Antonio Spurs
2026-05-26,2026-05-26T00:27:17.302700+00:00,4395723,Keldon Johnson,SAS,pts,OVER,8.5,140,0.4166666666666667,0.4774852433683228,0.44996720748516184,0.060818576701656135,0.14596458408397472,bovada,Bovada,2026-05-27T00:40:00Z,Oklahoma City Thunder,San Antonio Spurs
2026-05-26,2026-05-26T00:27:17.302700+00:00,5037871,Dylan Harper,SAS,pts,OVER,10.5,135,0.425531914893617,0.4876114265164556,0.4724698367032347,0.06207951162283859,0.1458868523136707,bovada,Bovada,2026-05-27T00:40:00Z,Oklahoma City Thunder,San Antonio Spurs
2026-05-26,2026-05-26T00:27:17.302700+00:00,4222252,Isaiah Hartenstein,OKC,pts,OVER,7.5,120,0.45454545454545453,0.5192045632072149,0.5426768071271442,0.06465910866176033,0.14225003905587263,bovada,Bovada,2026-05-27T00:40:00Z,Oklahoma City Thunder,San Antonio Spurs
2026-05-26,2026-05-26T00:27:17.302700+00:00,4593803,Jalen Williams,OKC,pts,UNDER,14.5,-115,0.5348837209302325,0.610482060391792,0.7455156897595376,0.07559833946155947,0.14133602594987194,betmgm,BetMGM,2026-05-27T00:40:00Z,Oklahoma City Thunder,San Antonio Spurs
2026-05-26,2026-05-26T00:27:17.302700+00:00,4395630,Devin Vassell,SAS,pts,UNDER,11.5,165,0.37735849056603776,0.42971882841642584,0.34381961870316846,0.05236033785038807,0.13875489530352847,bovada,Bovada,2026-05-27T00:40:00Z,Oklahoma City Thunder,San Antonio Spurs
2026-05-26,2026-05-26T00:27:17.302700+00:00,4593803,Jalen Williams,OKC,pts,UNDER,14.5,-116,0.5370370370370371,0.610482060391792,0.7455156897595376,0.07344502335475489,0.13675969866057813,draftkings,DraftKings,2026-05-27T00:40:00Z,Oklahoma City Thunder,San Antonio Spurs
2026-05-26,2026-05-26T00:27:17.302700+00:00,4397020,Luguentz Dort,OKC,pts,OVER,6.5,165,0.37735849056603776,0.42871014359144366,0.34157809686987484,0.0513516530254059,0.13608188051732562,bovada,Bovada,2026-05-27T00:40:00Z,Oklahoma City Thunder,San Antonio Spurs
2026-05-26,2026-05-26T00:27:17.302700+00:00,4066259,De'Aaron Fox,SAS,pts,UNDER,11.5,180,0.35714285714285715,0.4037430019960403,0.28609555999120073,0.046600144853183145,0.13048040558891283,bovada,Bovada,2026-05-27T00:40:00Z,Oklahoma City Thunder,San Antonio Spurs
2026-05-26,2026-05-26T00:27:17.302700+00:00,5104157,Victor Wembanyama,SAS,pts,OVER,27.5,120,0.45454545454545453,0.5116126607652423,0.5258059128116495,0.057067206219787725,0.12554785368353294,bovada,Bovada,2026-05-27T00:40:00Z,Oklahoma City Thunder,San Antonio Spurs
2026-05-26,2026-05-26T00:27:17.302700+00:00,4845367,Stephon Castle,SAS,pts,OVER,20.5,175,0.36363636363636365,0.4087598656645003,0.2972441459211117,0.04512350202813664,0.12408963057737576,bovada,Bovada,2026-05-27T00:40:00Z,Oklahoma City Thunder,San Antonio Spurs
2026-05-26,2026-05-26T00:27:17.302700+00:00,4683778,Jared McCain,OKC,pts,UNDER,9.5,150,0.4,0.44920906438427305,0.38713125418727345,0.04920906438427303,0.1230226609606826,bovada,Bovada,2026-05-27T00:40:00Z,Oklahoma City Thunder,San Antonio Spurs
2026-05-26,2026-05-26T00:27:17.302700+00:00,5104157,Victor Wembanyama,SAS,pts,UNDER,21.5,210,0.3225806451612903,0.3621169631433515,0.19359325142967,0.0395363179820612,0.12256258574438972,bovada,Bovada,2026-05-27T00:40:00Z,Oklahoma City Thunder,San Antonio Spurs
2026-05-26,2026-05-26T00:27:17.302700+00:00,4395630,Devin Vassell,SAS,pts,OVER,15.5,135,0.425531914893617,0.476500938225905,0.4477798627242333,0.05096902333228798,0.11977720483087684,bovada,Bovada,2026-05-27T00:40:00Z,Oklahoma City Thunder,San Antonio Spurs
2026-05-26,2026-05-26T00:27:17.302700+00:00,4593803,Jalen Williams,OKC,pts,UNDER,14.5,-120,0.5454545454545454,0.610482060391792,0.7455156897595376,0.06502751493724657,0.11921711071828534,williamhill_us,Caesars,2026-05-27T00:40:00Z,Oklahoma City Thunder,San Antonio Spurs
2026-05-26,2026-05-26T00:27:17.302700+00:00,4593803,Jalen Williams,OKC,pts,UNDER,14.5,-120,0.5454545454545454,0.610482060391792,0.7455156897595376,0.06502751493724657,0.11921711071828534,bovada,Bovada,2026-05-27T00:40:00Z,Oklahoma City Thunder,San Antonio Spurs
2026-05-26,2026-05-26T00:27:17.302700+00:00,4845367,Stephon Castle,SAS,pts,UNDER,15.5,135,0.425531914893617,0.47595801943881183,0.44657337653069296,0.050426104545194805,0.11850134568120774,bovada,Bovada,2026-05-27T00:40:00Z,Oklahoma City Thunder,San Antonio Spurs
2026-05-26,2026-05-26T00:27:17.302700+00:00,4066259,De'Aaron Fox,SAS,pts,OVER,15.5,120,0.45454545454545453,0.505653022251256,0.5125622716694578,0.05110756770580144,0.11243664895276306,bovada,Bovada,2026-05-27T00:40:00Z,Oklahoma City Thunder,San Antonio Spurs
2026-05-26,2026-05-26T00:27:17.302700+00:00,4066259,De'Aaron Fox,SAS,pts,OVER,14.5,108,0.4807692307692308,0.5294570351482251,0.5654600781071667,0.04868780437899428,0.1012706331083082,betrivers,BetRivers,2026-05-27T00:40:00Z,Oklahoma City Thunder,San Antonio Spurs
2026-05-26,2026-05-26T00:27:17.302700+00:00,4222252,Isaiah Hartenstein,OKC,pts,OVER,7.5,112,0.4716981132075472,0.5192045632072149,0.5426768071271442,0.04750644999966769,0.10071367399929554,betrivers,BetRivers,2026-05-27T00:40:00Z,Oklahoma City Thunder,San Antonio Spurs
2026-05-26,2026-05-26T00:27:17.302700+00:00,4593803,Jalen Williams,OKC,pts,UNDER,14.5,-125,0.5555555555555556,0.610482060391792,0.7455156897595376,0.0549265048362364,0.0988677087052256,betrivers,BetRivers,2026-05-27T00:40:00Z,Oklahoma City Thunder,San Antonio Spurs
2026-05-26,2026-05-26T00:27:17.302700+00:00,4278073,Shai Gilgeous-Alexander,OKC,pts,UNDER,31.5,-160,0.6153846153846154,0.675507131158477,0.890015847018838,0.06012251577386163,0.0976990881325252,bovada,Bovada,2026-05-27T00:40:00Z,Oklahoma City Thunder,San Antonio Spurs
2026-05-26,2026-05-26T00:27:17.302700+00:00,5104157,Victor Wembanyama,SAS,pts,OVER,27.5,114,0.4672897196261682,0.5116126607652423,0.5258059128116495,0.044322941139074035,0.09485109403761838,betrivers,BetRivers,2026-05-27T00:40:00Z,Oklahoma City Thunder,San Antonio Spurs
2026-05-26,2026-05-26T00:27:17.302700+00:00,4433255,Chet Holmgren,OKC,pts,OVER,15.5,150,0.4,0.4375048060172706,0.36112179114949017,0.037504806017270576,0.0937620150431765,bovada,Bovada,2026-05-27T00:40:00Z,Oklahoma City Thunder,San Antonio Spurs
2026-05-26,2026-05-26T00:27:17.302700+00:00,4278073,Shai Gilgeous-Alexander,OKC,pts,UNDER,30.5,-155,0.6078431372549019,0.6632889594749066,0.8628643543886814,0.055445822220004715,0.09121732042645925,betrivers,BetRivers,2026-05-27T00:40:00Z,Oklahoma City Thunder,San Antonio Spurs
2026-05-26,2026-05-26T00:27:17.302700+00:00,5037871,Dylan Harper,SAS,pts,UNDER,7.5,145,0.40816326530612246,0.44165565949910907,0.3703459099980202,0.03349239419298661,0.08205636577281716,bovada,Bovada,2026-05-27T00:40:00Z,Oklahoma City Thunder,San Antonio Spurs
2026-05-26,2026-05-26T00:27:17.302700+00:00,4066259,De'Aaron Fox,SAS,pts,OVER,14.5,104,0.49019607843137253,0.5294570351482251,0.5654600781071667,0.039260956716852535,0.08009235170237916,fanduel,FanDuel,2026-05-27T00:40:00Z,Oklahoma City Thunder,San Antonio Spurs
2026-05-26,2026-05-26T00:27:17.302700+00:00,2991350,Alex Caruso,OKC,pts,UNDER,7.5,115,0.46511627906976744,0.501692865600183,0.5037619235559623,0.03657658653041557,0.07863966104039344,bovada,Bovada,2026-05-27T00:40:00Z,Oklahoma City Thunder,San Antonio Spurs
2026-05-26,2026-05-26T00:27:17.302700+00:00,4683692,Cason Wallace,OKC,pts,UNDER,7.5,118,0.45871559633027525,0.4922090836993628,0.4826868526652506,0.03349348736908753,0.07301580246461081,betrivers,BetRivers,2026-05-27T00:40:00Z,Oklahoma City Thunder,San Antonio Spurs
2026-05-26,2026-05-26T00:27:17.302700+00:00,5104157,Victor Wembanyama,SAS,pts,OVER,26.5,100,0.5,0.5353261630193568,0.5785025844874595,0.03532616301935676,0.07065232603871352,bovada,Bovada,2026-05-27T00:40:00Z,Oklahoma City Thunder,San Antonio Spurs
2026-05-26,2026-05-26T00:27:17.302700+00:00,5104157,Victor Wembanyama,SAS,pts,OVER,25.5,-111,0.5260663507109005,0.5584225523126986,0.6298278940282189,0.032356201601798085,0.061505932774589156,betmgm,BetMGM,2026-05-27T00:40:00Z,Oklahoma City Thunder,San Antonio Spurs
2026-05-26,2026-05-26T00:27:17.302700+00:00,4683692,Cason Wallace,OKC,pts,UNDER,7.5,115,0.46511627906976744,0.4922090836993628,0.4826868526652506,0.027092804629595346,0.058249529953629975,bovada,Bovada,2026-05-27T00:40:00Z,Oklahoma City Thunder,San Antonio Spurs
2026-05-26,2026-05-26T00:27:17.302700+00:00,4592479,Julian Champagnie,SAS,pts,OVER,10.5,150,0.4,0.4227747053392401,0.3283882340872002,0.022774705339240087,0.05693676334810027,bovada,Bovada,2026-05-27T00:40:00Z,Oklahoma City Thunder,San Antonio Spurs
2026-05-26,2026-05-26T00:27:17.302700+00:00,4683778,Jared McCain,OKC,pts,OVER,12.5,120,0.45454545454545453,0.47972188465925075,0.45493752146500166,0.025176430113796222,0.05538814625035171,bovada,Bovada,2026-05-27T00:40:00Z,Oklahoma City Thunder,San Antonio Spurs
2026-05-26,2026-05-26T00:27:17.302700+00:00,4845367,Stephon Castle,SAS,pts,OVER,19.5,145,0.40816326530612246,0.4302243369792366,0.3449429710649703,0.022061071673114163,0.054049625599129736,bovada,Bovada,2026-05-27T00:40:00Z,Oklahoma City Thunder,San Antonio Spurs
2026-05-26,2026-05-26T00:27:17.302700+00:00,4593803,Jalen Williams,OKC,pts,UNDER,14.5,-138,0.5798319327731093,0.610482060391792,0.7455156897595376,0.030650127618682688,0.05286036502352531,fanduel,FanDuel,2026-05-27T00:40:00Z,Oklahoma City Thunder,San Antonio Spurs
2026-05-26,2026-05-26T00:27:17.302700+00:00,4397020,Luguentz Dort,OKC,pts,UNDER,4.5,100,0.5,0.5253169519386578,0.5562598931970174,0.025316951938657795,0.05063390387731559,bovada,Bovada,2026-05-27T00:40:00Z,Oklahoma City Thunder,San Antonio Spurs
2026-05-26,2026-05-26T00:27:17.302700+00:00,4066259,De'Aaron Fox,SAS,pts,OVER,14.5,-102,0.504950495049505,0.5294570351482251,0.5654600781071667,0.02450654009872011,0.0485325598033477,draftkings,DraftKings,2026-05-27T00:40:00Z,Oklahoma City Thunder,San Antonio Spurs
2026-05-26,2026-05-26T00:27:17.302700+00:00,5104157,Victor Wembanyama,SAS,pts,OVER,25.5,-114,0.5327102803738317,0.5584225523126986,0.6298278940282189,0.025712271938866826,0.048266896446644614,fanduel,FanDuel,2026-05-27T00:40:00Z,Oklahoma City Thunder,San Antonio Spurs
2026-05-26,2026-05-26T00:27:17.302700+00:00,4593803,Jalen Williams,OKC,pts,UNDER,15.5,-150,0.6,0.6288519201696617,0.7863376003770262,0.02885192016966176,0.04808653361610288,bovada,Bovada,2026-05-27T00:40:00Z,Oklahoma City Thunder,San Antonio Spurs
2026-05-26,2026-05-26T00:27:17.302700+00:00,4592479,Julian Champagnie,SAS,pts,UNDER,8.5,-103,0.5073891625615764,0.5317345615049269,0.5705212477887266,0.024345398943350527,0.047981708597088946,draftkings,DraftKings,2026-05-27T00:40:00Z,Oklahoma City Thunder,San Antonio Spurs
2026-05-26,2026-05-26T00:27:17.302700+00:00,4278073,Shai Gilgeous-Alexander,OKC,pts,UNDER,32.5,-190,0.6551724137931034,0.685884404185152,0.9130764537447822,0.030711990392048527,0.046876195861547676,bovada,Bovada,2026-05-27T00:40:00Z,Oklahoma City Thunder,San Antonio Spurs
2026-05-26,2026-05-26T00:27:17.302700+00:00,5104157,Victor Wembanyama,SAS,pts,OVER,25.5,-115,0.5348837209302325,0.5584225523126986,0.6298278940282189,0.02353883138246604,0.044007380410697294,draftkings,DraftKings,2026-05-27T00:40:00Z,Oklahoma City Thunder,San Antonio Spurs
2026-05-26,2026-05-26T00:27:17.302700+00:00,5104157,Victor Wembanyama,SAS,pts,OVER,25.5,-115,0.5348837209302325,0.5584225523126986,0.6298278940282189,0.02353883138246604,0.044007380410697294,fanatics,Fanatics,2026-05-27T00:40:00Z,Oklahoma City Thunder,San Antonio Spurs
2026-05-26,2026-05-26T00:27:17.302700+00:00,4592479,Julian Champagnie,SAS,pts,UNDER,8.5,-105,0.5121951219512195,0.5317345615049269,0.5705212477887266,0.019539439553707405,0.038148429604857315,bovada,Bovada,2026-05-27T00:40:00Z,Oklahoma City Thunder,San Antonio Spurs
2026-05-26,2026-05-26T00:27:17.302700+00:00,4683692,Cason Wallace,OKC,pts,OVER,9.5,125,0.4444444444444444,0.46025075414462463,0.4116683425436103,0.01580630970018021,0.03556419682540535,bovada,Bovada,2026-05-27T00:40:00Z,Oklahoma City Thunder,San Antonio Spurs
2026-05-26,2026-05-26T00:27:17.302700+00:00,4066259,De'Aaron Fox,SAS,pts,OVER,14.5,-105,0.5121951219512195,0.5294570351482251,0.5654600781071667,0.01726191319700554,0.03370183052748699,bovada,Bovada,2026-05-27T00:40:00Z,Oklahoma City Thunder,San Antonio Spurs
2026-05-26,2026-05-26T00:27:17.302700+00:00,4433255,Chet Holmgren,OKC,pts,UNDER,12.5,110,0.47619047619047616,0.4920069664867399,0.4822377033038665,0.015816490296263752,0.033214629622153824,bovada,Bovada,2026-05-27T00:40:00Z,Oklahoma City Thunder,San Antonio Spurs
2026-05-26,2026-05-26T00:27:17.302700+00:00,5104157,Victor Wembanyama,SAS,pts,OVER,26.5,-108,0.5192307692307693,0.5353261630193568,0.5785025844874595,0.016095393788587486,0.03099853618542786,betrivers,BetRivers,2026-05-27T00:40:00Z,Oklahoma City Thunder,San Antonio Spurs
2026-05-26,2026-05-26T00:27:17.302700+00:00,4592479,Julian Champagnie,SAS,pts,UNDER,8.5,-107,0.5169082125603864,0.5317345615049269,0.5705212477887266,0.01482634894454049,0.028682749827288523,williamhill_us,Caesars,2026-05-27T00:40:00Z,Oklahoma City Thunder,San Antonio Spurs
2026-05-26,2026-05-26T00:27:17.302700+00:00,2991350,Alex Caruso,OKC,pts,UNDER,8.5,-105,0.5121951219512195,0.5255426327848124,0.5567614061884719,0.013347510833592868,0.026059425913205092,betrivers,BetRivers,2026-05-27T00:40:00Z,Oklahoma City Thunder,San Antonio Spurs
2026-05-26,2026-05-26T00:27:17.302700+00:00,4397020,Luguentz Dort,OKC,pts,UNDER,5.5,-115,0.5348837209302325,0.5487238756773637,0.6082752792830304,0.013840154747131184,0.025875071918549486,betmgm,BetMGM,2026-05-27T00:40:00Z,Oklahoma City Thunder,San Antonio Spurs
2026-05-26,2026-05-26T00:27:17.302700+00:00,4395630,Devin Vassell,SAS,pts,OVER,14.5,105,0.4878048780487805,0.5003699650025747,0.5008221444501659,0.012565086953794213,0.025758428255278187,bovada,Bovada,2026-05-27T00:40:00Z,Oklahoma City Thunder,San Antonio Spurs
2026-05-26,2026-05-26T00:27:17.302700+00:00,5104157,Victor Wembanyama,SAS,pts,UNDER,22.5,170,0.37037037037037035,0.3795206726930531,0.2322681615401181,0.009150302322682768,0.024705816271243353,bovada,Bovada,2026-05-27T00:40:00Z,Oklahoma City Thunder,San Antonio Spurs
2026-05-26,2026-05-26T00:27:17.302700+00:00,4845367,Stephon Castle,SAS,pts,UNDER,16.5,105,0.4878048780487805,0.49982224728586705,0.4996049939685935,0.012017369237086573,0.02463560693602751,bovada,Bovada,2026-05-27T00:40:00Z,Oklahoma City Thunder,San Antonio Spurs
2026-05-26,2026-05-26T00:27:17.302700+00:00,5104157,Victor Wembanyama,SAS,pts,OVER,25.5,-120,0.5454545454545454,0.5584225523126986,0.6298278940282189,0.012968006858153136,0.02377467923994736,bovada,Bovada,2026-05-27T00:40:00Z,Oklahoma City Thunder,San Antonio Spurs
2026-05-26,2026-05-26T00:27:17.302700+00:00,5037871,Dylan Harper,SAS,pts,OVER,9.5,100,0.5,0.511530212130213,0.5256226936226954,0.011530212130212991,0.023060424260425982,bovada,Bovada,2026-05-27T00:40:00Z,Oklahoma City Thunder,San Antonio Spurs
2026-05-26,2026-05-26T00:27:17.302700+00:00,4395723,Keldon Johnson,SAS,pts,OVER,7.5,104,0.49019607843137253,0.5013624265128804,0.5030276144730677,0.011166348081507904,0.022779350086276073,fanduel,FanDuel,2026-05-27T00:40:00Z,Oklahoma City Thunder,San Antonio Spurs
2026-05-26,2026-05-26T00:27:17.302700+00:00,4222252,Isaiah Hartenstein,OKC,pts,UNDER,5.5,135,0.425531914893617,0.4344166915133205,0.3542593144740456,0.008884776619703494,0.02087922505630324,bovada,Bovada,2026-05-27T00:40:00Z,Oklahoma City Thunder,San Antonio Spurs
2026-05-26,2026-05-26T00:27:17.302700+00:00,4845367,Stephon Castle,SAS,pts,UNDER,16.5,104,0.49019607843137253,0.49982224728586705,0.4996049939685935,0.009626168854494521,0.019637384463168872,betrivers,BetRivers,2026-05-27T00:40:00Z,Oklahoma City Thunder,San Antonio Spurs
2026-05-26,2026-05-26T00:27:17.302700+00:00,4222252,Isaiah Hartenstein,OKC,pts,OVER,6.5,-114,0.5327102803738317,0.5427651628224957,0.5950336951611015,0.010054882448663927,0.0188749547720532,fanduel,FanDuel,2026-05-27T00:40:00Z,Oklahoma City Thunder,San Antonio Spurs
2026-05-26,2026-05-26T00:27:17.302700+00:00,4395630,Devin Vassell,SAS,pts,UNDER,12.5,125,0.4444444444444444,0.4523313691061499,0.39406970912477757,0.007886924661705486,0.017745580488837343,bovada,Bovada,2026-05-27T00:40:00Z,Oklahoma City Thunder,San Antonio Spurs
2026-05-26,2026-05-26T00:27:17.302700+00:00,5104157,Victor Wembanyama,SAS,pts,OVER,25.5,-122,0.5495495495495496,0.5584225523126986,0.6298278940282189,0.008873002763148952,0.016145955847697346,williamhill_us,Caesars,2026-05-27T00:40:00Z,Oklahoma City Thunder,San Antonio Spurs
2026-05-26,2026-05-26T00:27:17.302700+00:00,4683778,Jared McCain,OKC,pts,UNDER,10.5,115,0.46511627906976744,0.4725561202170427,0.4390136004823171,0.00743984114727525,0.01599565846664175,bovada,Bovada,2026-05-27T00:40:00Z,Oklahoma City Thunder,San Antonio Spurs
2026-05-26,2026-05-26T00:27:17.302700+00:00,4592479,Julian Champagnie,SAS,pts,UNDER,8.5,-110,0.5238095238095238,0.5317345615049269,0.5705212477887266,0.007925037695403092,0.015129617418496832,fanduel,FanDuel,2026-05-27T00:40:00Z,Oklahoma City Thunder,San Antonio Spurs
2026-05-26,2026-05-26T00:27:17.302700+00:00,2991350,Alex Caruso,OKC,pts,OVER,9.5,125,0.4444444444444444,0.4510566393029144,0.3912369762286987,0.0066121948584699775,0.014877438431557422,bovada,Bovada,2026-05-27T00:40:00Z,Oklahoma City Thunder,San Antonio Spurs
2026-05-26,2026-05-26T00:27:17.302700+00:00,4432823,Jaylin Williams,OKC,pts,OVER,6.5,105,0.4878048780487805,0.4947449008283944,0.4883220018408765,0.006940022779613919,0.014227046698208512,draftkings,DraftKings,2026-05-27T00:40:00Z,Oklahoma City Thunder,San Antonio Spurs
2026-05-26,2026-05-26T00:27:17.302700+00:00,4433255,Chet Holmgren,OKC,pts,UNDER,12.5,106,0.4854368932038835,0.4920069664867399,0.4822377033038665,0.0065700732828564146,0.013534350962684294,betrivers,BetRivers,2026-05-27T00:40:00Z,Oklahoma City Thunder,San Antonio Spurs
2026-05-26,2026-05-26T00:27:17.302700+00:00,4433255,Chet Holmgren,OKC,pts,OVER,14.5,120,0.45454545454545453,0.4604481118442527,0.41210691520945053,0.005902657298798186,0.012985846057355976,bovada,Bovada,2026-05-27T00:40:00Z,Oklahoma City Thunder,San Antonio Spurs
2026-05-26,2026-05-26T00:27:17.302700+00:00,4395723,Keldon Johnson,SAS,pts,OVER,7.5,102,0.49504950495049505,0.5013624265128804,0.5030276144730677,0.006312921562385387,0.01275210155601847,draftkings,DraftKings,2026-05-27T00:40:00Z,Oklahoma City Thunder,San Antonio Spurs
2026-05-26,2026-05-26T00:27:17.302700+00:00,4395630,Devin Vassell,SAS,pts,OVER,14.5,102,0.49504950495049505,0.5003699650025747,0.5008221444501659,0.005320460052079645,0.010747329305200837,betrivers,BetRivers,2026-05-27T00:40:00Z,Oklahoma City Thunder,San Antonio Spurs
2026-05-26,2026-05-26T00:27:17.302700+00:00,3064560,Luke Kornet,SAS,pts,OVER,3.5,-106,0.5145631067961165,0.5185286891767654,0.5411748648372565,0.003965582380648924,0.007706697834091281,fanduel,FanDuel,2026-05-27T00:40:00Z,Oklahoma City Thunder,San Antonio Spurs
2026-05-26,2026-05-26T00:27:17.302700+00:00,4683778,Jared McCain,OKC,pts,OVER,11.5,100,0.5,0.5036148821788979,0.5080330715086621,0.003614882178897938,0.007229764357795876,betrivers,BetRivers,2026-05-27T00:40:00Z,Oklahoma City Thunder,San Antonio Spurs
2026-05-26,2026-05-26T00:27:17.302700+00:00,4222252,Isaiah Hartenstein,OKC,pts,OVER,6.5,-117,0.5391705069124424,0.5427651628224957,0.5950336951611015,0.003594655910053257,0.006667011388731214,draftkings,DraftKings,2026-05-27T00:40:00Z,Oklahoma City Thunder,San Antonio Spurs
2026-05-26,2026-05-26T00:27:17.302700+00:00,4395723,Keldon Johnson,SAS,pts,OVER,7.5,100,0.5,0.5013624265128804,0.5030276144730677,0.0013624265128804325,0.002724853025760865,bovada,Bovada,2026-05-27T00:40:00Z,Oklahoma City Thunder,San Antonio Spurs
2026-05-26,2026-05-26T00:27:17.302700+00:00,4592479,Julian Champagnie,SAS,pts,UNDER,8.5,-113,0.5305164319248826,0.5317345615049269,0.5705212477887266,0.0012181295800443026,0.0022961203588445778,betrivers,BetRivers,2026-05-27T00:40:00Z,Oklahoma City Thunder,San Antonio Spurs
2026-05-26,2026-05-26T00:27:17.302700+00:00,4593803,Jalen Williams,OKC,ra,UNDER,6.5,175,0.36363636363636365,0.4609909478476081,0.806157200960202,0.09735458421124443,0.2677251065809222,bovada,Bovada,2026-05-27T00:40:00Z,Oklahoma City Thunder,San Antonio Spurs
2026-05-26,2026-05-26T00:27:17.302700+00:00,4593803,Jalen Williams,OKC,ra,UNDER,7.5,105,0.4878048780487805,0.5715844095772209,0.8686209304507824,0.08377953152844042,0.17174803963330287,bovada,Bovada,2026-05-27T00:40:00Z,Oklahoma City Thunder,San Antonio Spurs
2026-05-26,2026-05-26T00:27:17.302700+00:00,4593803,Jalen Williams,OKC,ra,UNDER,7.5,101,0.4975124378109453,0.5791563061917094,0.8686209304507824,0.08164386838076415,0.16410417544533595,draftkings,DraftKings,2026-05-27T00:40:00Z,Oklahoma City Thunder,San Antonio Spurs
2026-05-26,2026-05-26T00:27:17.302700+00:00,4593803,Jalen Williams,OKC,ra,UNDER,7.5,100,0.5,0.5810966046991721,0.8686209304507824,0.08109660469917213,0.16219320939834425,betmgm,BetMGM,2026-05-27T00:40:00Z,Oklahoma City Thunder,San Antonio Spurs
2026-05-26,2026-05-26T00:27:17.302700+00:00,4593803,Jalen Williams,OKC,ra,UNDER,7.5,-102,0.504950495049505,0.584957990837786,0.8686209304507824,0.08000749578828104,0.15844621714934082,fanduel,FanDuel,2026-05-27T00:40:00Z,Oklahoma City Thunder,San Antonio Spurs
2026-05-26,2026-05-26T00:27:17.302700+00:00,4593803,Jalen Williams,OKC,ra,UNDER,8.5,-160,0.6153846153846154,0.6814285866132345,0.9155844846056113,0.06604397122861905,0.107321453246506,bovada,Bovada,2026-05-27T00:40:00Z,Oklahoma City Thunder,San Antonio Spurs
2026-05-26,2026-05-26T00:27:17.302700+00:00,5104157,Victor Wembanyama,SAS,ra,UNDER,15.5,140,0.4166666666666667,0.458220175655768,0.6055462529807635,0.04155350898910132,0.0997284215738432,bovada,Bovada,2026-05-27T00:40:00Z,Oklahoma City Thunder,San Antonio Spurs
2026-05-26,2026-05-26T00:27:17.302700+00:00,5037871,Dylan Harper,SAS,ra,OVER,6.5,145,0.40816326530612246,0.4454334013215963,0.5775729744673672,0.037270136015473854,0.09131183323791103,bovada,Bovada,2026-05-27T00:40:00Z,Oklahoma City Thunder,San Antonio Spurs
2026-05-26,2026-05-26T00:27:17.302700+00:00,4066259,De'Aaron Fox,SAS,ra,OVER,9.5,105,0.4878048780487805,0.532093429953635,0.6891164776163008,0.04428855190485448,0.09079153140495166,bovada,Bovada,2026-05-27T00:40:00Z,Oklahoma City Thunder,San Antonio Spurs
2026-05-26,2026-05-26T00:27:17.302700+00:00,4066259,De'Aaron Fox,SAS,ra,OVER,9.5,104,0.49019607843137253,0.5339585662520567,0.6891164776163008,0.043762487820684204,0.08927547515419576,draftkings,DraftKings,2026-05-27T00:40:00Z,Oklahoma City Thunder,San Antonio Spurs
2026-05-26,2026-05-26T00:27:17.302700+00:00,5104157,Victor Wembanyama,SAS,ra,UNDER,16.5,100,0.5,0.543954320609274,0.6997923664057906,0.043954320609273956,0.08790864121854791,bovada,Bovada,2026-05-27T00:40:00Z,Oklahoma City Thunder,San Antonio Spurs
2026-05-26,2026-05-26T00:27:17.302700+00:00,4397020,Luguentz Dort,OKC,ra,OVER,4.5,185,0.3508771929824561,0.3814704364814098,0.4899373907049729,0.030593243498953704,0.08719074397201809,bovada,Bovada,2026-05-27T00:40:00Z,Oklahoma City Thunder,San Antonio Spurs
2026-05-26,2026-05-26T00:27:17.302700+00:00,5104157,Victor Wembanyama,SAS,ra,UNDER,16.5,-102,0.504950495049505,0.5478157067478878,0.6997923664057906,0.042865211698382866,0.08488992904973858,draftkings,DraftKings,2026-05-27T00:40:00Z,Oklahoma City Thunder,San Antonio Spurs
2026-05-26,2026-05-26T00:27:17.302700+00:00,4066259,De'Aaron Fox,SAS,ra,OVER,8.5,-130,0.5652173913043478,0.6109731985335803,0.7731983332554051,0.04575580722923256,0.08095258202094985,betmgm,BetMGM,2026-05-27T00:40:00Z,Oklahoma City Thunder,San Antonio Spurs
2026-05-26,2026-05-26T00:27:17.302700+00:00,5104157,Victor Wembanyama,SAS,ra,UNDER,16.5,-105,0.5121951219512195,0.5534665157312252,0.6997923664057906,0.04127139378000566,0.0805774830942968,betmgm,BetMGM,2026-05-27T00:40:00Z,Oklahoma City Thunder,San Antonio Spurs
2026-05-26,2026-05-26T00:27:17.302700+00:00,5104157,Victor Wembanyama,SAS,ra,UNDER,17.5,-135,0.574468085106383,0.620184155514059,0.782268405141274,0.045716070407676,0.07957982626521387,bovada,Bovada,2026-05-27T00:40:00Z,Oklahoma City Thunder,San Antonio Spurs
2026-05-26,2026-05-26T00:27:17.302700+00:00,5104157,Victor Wembanyama,SAS,ra,UNDER,16.5,-110,0.5238095238095238,0.5625257491807025,0.6997923664057906,0.03871622537117869,0.07391279389043204,fanduel,FanDuel,2026-05-27T00:40:00Z,Oklahoma City Thunder,San Antonio Spurs
2026-05-26,2026-05-26T00:27:17.302700+00:00,4066259,De'Aaron Fox,SAS,ra,OVER,8.5,-146,0.5934959349593496,0.6330304625844818,0.7731983332554051,0.03953452762513221,0.0666129712039899,fanduel,FanDuel,2026-05-27T00:40:00Z,Oklahoma City Thunder,San Antonio Spurs
2026-05-26,2026-05-26T00:27:17.302700+00:00,4066259,De'Aaron Fox,SAS,ra,OVER,8.5,-150,0.6,0.6381036333161891,0.7731983332554051,0.038103633316189156,0.06350605552698185,bovada,Bovada,2026-05-27T00:40:00Z,Oklahoma City Thunder,San Antonio Spurs
2026-05-26,2026-05-26T00:27:17.302700+00:00,5037871,Dylan Harper,SAS,ra,OVER,5.5,-110,0.5238095238095238,0.5569129995964319,0.6742798682954696,0.03310347578690809,0.06319754468409733,fanduel,FanDuel,2026-05-27T00:40:00Z,Oklahoma City Thunder,San Antonio Spurs
2026-05-26,2026-05-26T00:27:17.302700+00:00,4278073,Shai Gilgeous-Alexander,OKC,ra,UNDER,10.5,170,0.37037037037037035,0.3914699105960225,0.46627737139606196,0.021099540225652136,0.05696875860926065,bovada,Bovada,2026-05-27T00:40:00Z,Oklahoma City Thunder,San Antonio Spurs
2026-05-26,2026-05-26T00:27:17.302700+00:00,5037871,Dylan Harper,SAS,ra,OVER,5.5,-117,0.5391705069124424,0.5688945664167083,0.6742798682954696,0.02972405950426593,0.055129238567741046,draftkings,DraftKings,2026-05-27T00:40:00Z,Oklahoma City Thunder,San Antonio Spurs
2026-05-26,2026-05-26T00:27:17.302700+00:00,2991350,Alex Caruso,OKC,ra,UNDER,4.5,120,0.45454545454545453,0.4786440274360476,0.5640844222299686,0.024098572890593084,0.05301686035930475,bovada,Bovada,2026-05-27T00:40:00Z,Oklahoma City Thunder,San Antonio Spurs
2026-05-26,2026-05-26T00:27:17.302700+00:00,5037871,Dylan Harper,SAS,ra,OVER,5.5,-120,0.5454545454545454,0.5737961164795488,0.6742798682954696,0.028341571025003343,0.05195954687917276,bovada,Bovada,2026-05-27T00:40:00Z,Oklahoma City Thunder,San Antonio Spurs
2026-05-26,2026-05-26T00:27:17.302700+00:00,4432823,Jaylin Williams,OKC,ra,UNDER,7.5,-135,0.574468085106383,0.6027758006355038,0.7031395193296592,0.028307715529120814,0.049276393698840015,draftkings,DraftKings,2026-05-27T00:40:00Z,Oklahoma City Thunder,San Antonio Spurs
2026-05-26,2026-05-26T00:27:17.302700+00:00,4278073,Shai Gilgeous-Alexander,OKC,ra,UNDER,11.5,115,0.46511627906976744,0.48776438292553315,0.5680622056868843,0.02264810385576571,0.04869342328989623,bovada,Bovada,2026-05-27T00:40:00Z,Oklahoma City Thunder,San Antonio Spurs
2026-05-26,2026-05-26T00:27:17.302700+00:00,4066259,De'Aaron Fox,SAS,ra,OVER,7.5,-250,0.7142857142857143,0.7425304141473303,0.8426707136566962,0.02824469986161604,0.03954257980626247,bovada,Bovada,2026-05-27T00:40:00Z,Oklahoma City Thunder,San Antonio Spurs
2026-05-26,2026-05-26T00:27:17.302700+00:00,4278073,Shai Gilgeous-Alexander,OKC,ra,UNDER,12.5,-130,0.5652173913043478,0.5872792269125653,0.6654984622507911,0.022061835608217506,0.03903247838376939,fanduel,FanDuel,2026-05-27T00:40:00Z,Oklahoma City Thunder,San Antonio Spurs
2026-05-26,2026-05-26T00:27:17.302700+00:00,4278073,Shai Gilgeous-Alexander,OKC,ra,UNDER,12.5,-130,0.5652173913043478,0.5872792269125653,0.6654984622507911,0.022061835608217506,0.03903247838376939,draftkings,DraftKings,2026-05-27T00:40:00Z,Oklahoma City Thunder,San Antonio Spurs
2026-05-26,2026-05-26T00:27:17.302700+00:00,4278073,Shai Gilgeous-Alexander,OKC,ra,UNDER,12.5,-130,0.5652173913043478,0.5872792269125653,0.6654984622507911,0.022061835608217506,0.03903247838376939,bovada,Bovada,2026-05-27T00:40:00Z,Oklahoma City Thunder,San Antonio Spurs
2026-05-26,2026-05-26T00:27:17.302700+00:00,4845367,Stephon Castle,SAS,ra,UNDER,10.5,165,0.37735849056603776,0.3908517992172453,0.4386917117078901,0.013493308651207514,0.0357572679257,bovada,Bovada,2026-05-27T00:40:00Z,Oklahoma City Thunder,San Antonio Spurs
2026-05-26,2026-05-26T00:27:17.302700+00:00,4395630,Devin Vassell,SAS,ra,OVER,7.5,112,0.4716981132075472,0.48837016944472056,0.5474801870128807,0.016672056237173383,0.035344759222807665,draftkings,DraftKings,2026-05-27T00:40:00Z,Oklahoma City Thunder,San Antonio Spurs
2026-05-26,2026-05-26T00:27:17.302700+00:00,4397020,Luguentz Dort,OKC,ra,OVER,3.5,-105,0.5121951219512195,0.5295945677614415,0.5912835119976834,0.017399445810222014,0.03397034658186204,betmgm,BetMGM,2026-05-27T00:40:00Z,Oklahoma City Thunder,San Antonio Spurs
2026-05-26,2026-05-26T00:27:17.302700+00:00,4397020,Luguentz Dort,OKC,ra,OVER,3.5,-105,0.5121951219512195,0.5295945677614415,0.5912835119976834,0.017399445810222014,0.03397034658186204,bovada,Bovada,2026-05-27T00:40:00Z,Oklahoma City Thunder,San Antonio Spurs
2026-05-26,2026-05-26T00:27:17.302700+00:00,4395630,Devin Vassell,SAS,ra,OVER,7.5,110,0.47619047619047616,0.4918742125714052,0.5474801870128807,0.015683736380929014,0.03293584639995095,bovada,Bovada,2026-05-27T00:40:00Z,Oklahoma City Thunder,San Antonio Spurs
2026-05-26,2026-05-26T00:27:17.302700+00:00,4397020,Luguentz Dort,OKC,ra,OVER,3.5,-107,0.5169082125603864,0.5332707784365918,0.5912835119976834,0.016362565876205326,0.031654683517518656,draftkings,DraftKings,2026-05-27T00:40:00Z,Oklahoma City Thunder,San Antonio Spurs
2026-05-26,2026-05-26T00:27:17.302700+00:00,2991350,Alex Caruso,OKC,ra,UNDER,4.5,102,0.49504950495049505,0.5102371867519793,0.5640844222299686,0.01518768180148422,0.030679117238998077,fanduel,FanDuel,2026-05-27T00:40:00Z,Oklahoma City Thunder,San Antonio Spurs
2026-05-26,2026-05-26T00:27:17.302700+00:00,4845367,Stephon Castle,SAS,ra,UNDER,11.5,110,0.47619047619047616,0.490346721931839,0.5405370477421254,0.014156245741362816,0.029728116056861875,bovada,Bovada,2026-05-27T00:40:00Z,Oklahoma City Thunder,San Antonio Spurs
2026-05-26,2026-05-26T00:27:17.302700+00:00,4222252,Isaiah Hartenstein,OKC,ra,OVER,9.5,-105,0.5121951219512195,0.525520777602693,0.5727662840033718,0.013325655651473478,0.026016756271924457,betmgm,BetMGM,2026-05-27T00:40:00Z,Oklahoma City Thunder,San Antonio Spurs
2026-05-26,2026-05-26T00:27:17.302700+00:00,4845367,Stephon Castle,SAS,ra,UNDER,12.5,-135,0.574468085106383,0.5888358571164564,0.6397761396976256,0.014367772010073332,0.025010566091609177,draftkings,DraftKings,2026-05-27T00:40:00Z,Oklahoma City Thunder,San Antonio Spurs
2026-05-26,2026-05-26T00:27:17.302700+00:00,4845367,Stephon Castle,SAS,ra,UNDER,12.5,-135,0.574468085106383,0.5888358571164564,0.6397761396976256,0.014367772010073332,0.025010566091609177,betmgm,BetMGM,2026-05-27T00:40:00Z,Oklahoma City Thunder,San Antonio Spurs
2026-05-26,2026-05-26T00:27:17.302700+00:00,4845367,Stephon Castle,SAS,ra,UNDER,12.5,-135,0.574468085106383,0.5888358571164564,0.6397761396976256,0.014367772010073332,0.025010566091609177,bovada,Bovada,2026-05-27T00:40:00Z,Oklahoma City Thunder,San Antonio Spurs
2026-05-26,2026-05-26T00:27:17.302700+00:00,4278073,Shai Gilgeous-Alexander,OKC,ra,UNDER,11.5,-105,0.5121951219512195,0.5244858803730658,0.5680622056868843,0.012290758421846237,0.023996242633128384,betmgm,BetMGM,2026-05-27T00:40:00Z,Oklahoma City Thunder,San Antonio Spurs
2026-05-26,2026-05-26T00:27:17.302700+00:00,4395630,Devin Vassell,SAS,ra,OVER,6.5,-140,0.5833333333333334,0.5971877195508956,0.6463078161404342,0.013854386217562187,0.023750376372963844,betmgm,BetMGM,2026-05-27T00:40:00Z,Oklahoma City Thunder,San Antonio Spurs
2026-05-26,2026-05-26T00:27:17.302700+00:00,5037871,Dylan Harper,SAS,ra,OVER,4.5,-220,0.6875,0.7035548193750073,0.7604764517045787,0.0160548193750073,0.023352464545465135,bovada,Bovada,2026-05-27T00:40:00Z,Oklahoma City Thunder,San Antonio Spurs
2026-05-26,2026-05-26T00:27:17.302700+00:00,2991350,Alex Caruso,OKC,ra,UNDER,5.5,-150,0.6,0.6135981004249109,0.6618095473859589,0.013598100424910942,0.022663500708184847,bovada,Bovada,2026-05-27T00:40:00Z,Oklahoma City Thunder,San Antonio Spurs
2026-05-26,2026-05-26T00:27:17.302700+00:00,2991350,Alex Caruso,OKC,ra,UNDER,5.5,-153,0.6047430830039525,0.6172977051679939,0.6618095473859589,0.012554622164041351,0.020760257565375473,draftkings,DraftKings,2026-05-27T00:40:00Z,Oklahoma City Thunder,San Antonio Spurs
2026-05-26,2026-05-26T00:27:17.302700+00:00,4395630,Devin Vassell,SAS,ra,OVER,6.5,-150,0.6,0.6101877195508955,0.6463078161404342,0.01018771955089548,0.016979532584825763,bovada,Bovada,2026-05-27T00:40:00Z,Oklahoma City Thunder,San Antonio Spurs
2026-05-26,2026-05-26T00:27:17.302700+00:00,4683778,Jared McCain,OKC,ra,UNDER,3.5,116,0.46296296296296297,0.47070058165742695,0.49813395702870844,0.007737618694463988,0.016713256380042285,draftkings,DraftKings,2026-05-27T00:40:00Z,Oklahoma City Thunder,San Antonio Spurs
2026-05-26,2026-05-26T00:27:17.302700+00:00,4395630,Devin Vassell,SAS,ra,OVER,6.5,-152,0.6031746031746031,0.612663910027086,0.6463078161404342,0.009489306852482837,0.015732271887010985,fanduel,FanDuel,2026-05-27T00:40:00Z,Oklahoma City Thunder,San Antonio Spurs
2026-05-26,2026-05-26T00:27:17.302700+00:00,4683778,Jared McCain,OKC,ra,UNDER,3.5,115,0.46511627906976744,0.4723801682207345,0.49813395702870844,0.00726388915096704,0.015617361674579056,bovada,Bovada,2026-05-27T00:40:00Z,Oklahoma City Thunder,San Antonio Spurs
2026-05-26,2026-05-26T00:27:17.302700+00:00,4845367,Stephon Castle,SAS,ra,UNDER,11.5,-102,0.504950495049505,0.5127795366418815,0.5405370477421254,0.007829041592376518,0.015504572565294694,fanduel,FanDuel,2026-05-27T00:40:00Z,Oklahoma City Thunder,San Antonio Spurs
2026-05-26,2026-05-26T00:27:17.302700+00:00,4592479,Julian Champagnie,SAS,ra,OVER,7.5,130,0.43478260869565216,0.44055047585788104,0.46100018670578335,0.005767867162228879,0.013266094473126433,bovada,Bovada,2026-05-27T00:40:00Z,Oklahoma City Thunder,San Antonio Spurs
2026-05-26,2026-05-26T00:27:17.302700+00:00,4683692,Cason Wallace,OKC,ra,UNDER,4.5,165,0.37735849056603776,0.3810350064287595,0.39406992630568194,0.0036765158627217187,0.009742767036212685,bovada,Bovada,2026-05-27T00:40:00Z,Oklahoma City Thunder,San Antonio Spurs
2026-05-26,2026-05-26T00:27:17.302700+00:00,4222252,Isaiah Hartenstein,OKC,ra,OVER,9.5,-123,0.5515695067264574,0.5562327977273785,0.5727662840033718,0.00466329100092111,0.008454584497605,draftkings,DraftKings,2026-05-27T00:40:00Z,Oklahoma City Thunder,San Antonio Spurs
2026-05-26,2026-05-26T00:27:17.302700+00:00,4222252,Isaiah Hartenstein,OKC,ra,OVER,10.5,120,0.45454545454545453,0.458174546593682,0.47104132749194316,0.003629092048227478,0.007984002506100318,bovada,Bovada,2026-05-27T00:40:00Z,Oklahoma City Thunder,San Antonio Spurs
2026-05-26,2026-05-26T00:27:17.302700+00:00,4395723,Keldon Johnson,SAS,ra,UNDER,3.5,-102,0.504950495049505,0.5085321701797517,0.5212308365506269,0.003581675130246764,0.007093121336371022,draftkings,DraftKings,2026-05-27T00:40:00Z,Oklahoma City Thunder,San Antonio Spurs
2026-05-26,2026-05-26T00:27:17.302700+00:00,4222252,Isaiah Hartenstein,OKC,ra,OVER,9.5,-125,0.5555555555555556,0.5593419158140751,0.5727662840033718,0.0037863602585195277,0.0068154484653352165,bovada,Bovada,2026-05-27T00:40:00Z,Oklahoma City Thunder,San Antonio Spurs
2026-05-26,2026-05-26T00:27:17.302700+00:00,2991350,Alex Caruso,OKC,ra,UNDER,6.5,-275,0.7333333333333333,0.7369294222697601,0.7496791921352735,0.0035960889364268223,0.004903757640581985,bovada,Bovada,2026-05-27T00:40:00Z,Oklahoma City Thunder,San Antonio Spurs
2026-05-26,2026-05-26T00:27:17.302700+00:00,4222252,Isaiah Hartenstein,OKC,ra,OVER,9.5,-130,0.5652173913043478,0.566878147698133,0.5727662840033718,0.0016607563937852676,0.0029382613120815804,fanduel,FanDuel,2026-05-27T00:40:00Z,Oklahoma City Thunder,San Antonio Spurs
2026-05-26,2026-05-26T00:27:17.302700+00:00,4433255,Chet Holmgren,OKC,ra,UNDER,9.5,-140,0.5833333333333334,0.5842721682645697,0.5876007648389533,0.0009388349312363653,0.0016094313106909675,betmgm,BetMGM,2026-05-27T00:40:00Z,Oklahoma City Thunder,San Antonio Spurs
2026-05-26,2026-05-26T00:27:17.302700+00:00,4222252,Isaiah Hartenstein,OKC,ra,OVER,8.5,-200,0.6666666666666666,0.6673666938543856,0.6698486084290258,0.000700027187718999,0.001050040781578443,bovada,Bovada,2026-05-27T00:40:00Z,Oklahoma City Thunder,San Antonio Spurs
2026-05-26,2026-05-26T00:27:17.302700+00:00,4395630,Devin Vassell,SAS,ra,OVER,5.5,-275,0.7333333333333333,0.7339475503409363,0.7361252288224378,0.0006142170076030018,0.0008375686467312904,bovada,Bovada,2026-05-27T00:40:00Z,Oklahoma City Thunder,San Antonio Spurs
2026-05-26,2026-05-26T00:27:17.302700+00:00,4066259,De'Aaron Fox,SAS,reb,OVER,4.5,165,0.37735849056603776,0.429317477864543,0.7237517392227395,0.05195898729850523,0.13769131634103893,bovada,Bovada,2026-05-27T00:40:00Z,Oklahoma City Thunder,San Antonio Spurs
2026-05-26,2026-05-26T00:27:17.302700+00:00,5104157,Victor Wembanyama,SAS,reb,UNDER,11.5,180,0.35714285714285715,0.3942882670960983,0.6047789234977984,0.03714540995324117,0.10400714786907528,bovada,Bovada,2026-05-27T00:40:00Z,Oklahoma City Thunder,San Antonio Spurs
2026-05-26,2026-05-26T00:27:17.302700+00:00,5104157,Victor Wembanyama,SAS,reb,UNDER,12.5,120,0.45454545454545453,0.4951791680689831,0.7254368780356449,0.04063371352352857,0.08939416975176284,bovada,Bovada,2026-05-27T00:40:00Z,Oklahoma City Thunder,San Antonio Spurs
2026-05-26,2026-05-26T00:27:17.302700+00:00,5037871,Dylan Harper,SAS,reb,OVER,3.5,128,0.43859649122807015,0.47644198309355545,0.6908997703313057,0.0378454918654853,0.08628772145330643,fanduel,FanDuel,2026-05-27T00:40:00Z,Oklahoma City Thunder,San Antonio Spurs
2026-05-26,2026-05-26T00:27:17.302700+00:00,5037871,Dylan Harper,SAS,reb,OVER,3.5,125,0.4444444444444444,0.48141274332747364,0.6908997703313057,0.036968298883029216,0.08317867248681565,betrivers,BetRivers,2026-05-27T00:40:00Z,Oklahoma City Thunder,San Antonio Spurs
2026-05-26,2026-05-26T00:27:17.302700+00:00,5037871,Dylan Harper,SAS,reb,OVER,3.5,120,0.45454545454545453,0.4899986019133322,0.6908997703313057,0.03545314736787769,0.07799692420933091,bovada,Bovada,2026-05-27T00:40:00Z,Oklahoma City Thunder,San Antonio Spurs
2026-05-26,2026-05-26T00:27:17.302700+00:00,5037871,Dylan Harper,SAS,reb,OVER,3.5,119,0.45662100456621,0.4917628194309744,0.6908997703313057,0.035141814864764365,0.07696057455383398,draftkings,DraftKings,2026-05-27T00:40:00Z,Oklahoma City Thunder,San Antonio Spurs
2026-05-26,2026-05-26T00:27:17.302700+00:00,5037871,Dylan Harper,SAS,reb,OVER,3.5,119,0.45662100456621,0.4917628194309744,0.6908997703313057,0.035141814864764365,0.07696057455383398,williamhill_us,Caesars,2026-05-27T00:40:00Z,Oklahoma City Thunder,San Antonio Spurs
2026-05-26,2026-05-26T00:27:17.302700+00:00,5104157,Victor Wembanyama,SAS,reb,UNDER,13.5,-125,0.5555555555555556,0.5958876074382792,0.8244359014403796,0.040332051882723596,0.07259769338890254,betmgm,BetMGM,2026-05-27T00:40:00Z,Oklahoma City Thunder,San Antonio Spurs
2026-05-26,2026-05-26T00:27:17.302700+00:00,5104157,Victor Wembanyama,SAS,reb,UNDER,13.5,-125,0.5555555555555556,0.5958876074382792,0.8244359014403796,0.040332051882723596,0.07259769338890254,bovada,Bovada,2026-05-27T00:40:00Z,Oklahoma City Thunder,San Antonio Spurs
2026-05-26,2026-05-26T00:27:17.302700+00:00,4066259,De'Aaron Fox,SAS,reb,OVER,3.5,-125,0.5555555555555556,0.5956916143748924,0.823129281017801,0.040136058819336795,0.07224490587480631,fanduel,FanDuel,2026-05-27T00:40:00Z,Oklahoma City Thunder,San Antonio Spurs
2026-05-26,2026-05-26T00:27:17.302700+00:00,4066259,De'Aaron Fox,SAS,reb,OVER,3.5,-125,0.5555555555555556,0.5956916143748924,0.823129281017801,0.040136058819336795,0.07224490587480631,bovada,Bovada,2026-05-27T00:40:00Z,Oklahoma City Thunder,San Antonio Spurs
2026-05-26,2026-05-26T00:27:17.302700+00:00,5104157,Victor Wembanyama,SAS,reb,UNDER,13.5,-127,0.5594713656387665,0.5992160460090085,0.8244359014403796,0.039744680370241925,0.07103970428381828,draftkings,DraftKings,2026-05-27T00:40:00Z,Oklahoma City Thunder,San Antonio Spurs
2026-05-26,2026-05-26T00:27:17.302700+00:00,4066259,De'Aaron Fox,SAS,reb,OVER,3.5,-127,0.5594713656387665,0.5990200529456217,0.823129281017801,0.039548687306855124,0.07068938597367025,draftkings,DraftKings,2026-05-27T00:40:00Z,Oklahoma City Thunder,San Antonio Spurs
2026-05-26,2026-05-26T00:27:17.302700+00:00,4066259,De'Aaron Fox,SAS,reb,OVER,3.5,-129,0.5633187772925764,0.6022903528513601,0.823129281017801,0.03897157555878372,0.06918209924776336,williamhill_us,Caesars,2026-05-27T00:40:00Z,Oklahoma City Thunder,San Antonio Spurs
2026-05-26,2026-05-26T00:27:17.302700+00:00,5104157,Victor Wembanyama,SAS,reb,UNDER,13.5,-130,0.5652173913043478,0.6041001678247525,0.8244359014403796,0.03888277652040473,0.06879260461302372,williamhill_us,Caesars,2026-05-27T00:40:00Z,Oklahoma City Thunder,San Antonio Spurs
2026-05-26,2026-05-26T00:27:17.302700+00:00,4066259,De'Aaron Fox,SAS,reb,OVER,3.5,-130,0.5652173913043478,0.6039041747613658,0.823129281017801,0.03868678345701804,0.06844584765472417,betrivers,BetRivers,2026-05-27T00:40:00Z,Oklahoma City Thunder,San Antonio Spurs
2026-05-26,2026-05-26T00:27:17.302700+00:00,5104157,Victor Wembanyama,SAS,reb,UNDER,13.5,-132,0.5689655172413793,0.6072860748712294,0.8244359014403796,0.038320557629850094,0.06735128310700927,betrivers,BetRivers,2026-05-27T00:40:00Z,Oklahoma City Thunder,San Antonio Spurs
2026-05-26,2026-05-26T00:27:17.302700+00:00,4593803,Jalen Williams,OKC,reb,UNDER,3.5,118,0.45871559633027525,0.4893218495899714,0.6627572847282492,0.030606253259696126,0.06672163210613757,betrivers,BetRivers,2026-05-27T00:40:00Z,Oklahoma City Thunder,San Antonio Spurs
2026-05-26,2026-05-26T00:27:17.302700+00:00,4593803,Jalen Williams,OKC,reb,UNDER,3.5,115,0.46511627906976744,0.4947624299185397,0.6627572847282492,0.029646150848772257,0.06373922432486034,draftkings,DraftKings,2026-05-27T00:40:00Z,Oklahoma City Thunder,San Antonio Spurs
2026-05-26,2026-05-26T00:27:17.302700+00:00,4593803,Jalen Williams,OKC,reb,UNDER,3.5,115,0.46511627906976744,0.4947624299185397,0.6627572847282492,0.029646150848772257,0.06373922432486034,bovada,Bovada,2026-05-27T00:40:00Z,Oklahoma City Thunder,San Antonio Spurs
2026-05-26,2026-05-26T00:27:17.302700+00:00,5104157,Victor Wembanyama,SAS,reb,UNDER,13.5,-138,0.5798319327731093,0.6165225280731998,0.8244359014403796,0.036690595300090556,0.06327798319870698,fanduel,FanDuel,2026-05-27T00:40:00Z,Oklahoma City Thunder,San Antonio Spurs
2026-05-26,2026-05-26T00:27:17.302700+00:00,5037871,Dylan Harper,SAS,reb,OVER,3.5,105,0.4878048780487805,0.5182691118911592,0.6908997703313057,0.03046423384237873,0.062451679376876346,betmgm,BetMGM,2026-05-27T00:40:00Z,Oklahoma City Thunder,San Antonio Spurs
2026-05-26,2026-05-26T00:27:17.302700+00:00,4593803,Jalen Williams,OKC,reb,UNDER,3.5,112,0.4716981132075472,0.5003569889356525,0.6627572847282492,0.028658875728105326,0.060756816543583336,williamhill_us,Caesars,2026-05-27T00:40:00Z,Oklahoma City Thunder,San Antonio Spurs
2026-05-26,2026-05-26T00:27:17.302700+00:00,4593803,Jalen Williams,OKC,reb,UNDER,3.5,110,0.47619047619047616,0.5041754974711421,0.6627572847282492,0.027985021280665934,0.058768544689398405,betmgm,BetMGM,2026-05-27T00:40:00Z,Oklahoma City Thunder,San Antonio Spurs
2026-05-26,2026-05-26T00:27:17.302700+00:00,4397020,Luguentz Dort,OKC,reb,OVER,3.5,200,0.3333333333333333,0.35288494333141934,0.4636773999872401,0.019551609998086028,0.058654829994258084,bovada,Bovada,2026-05-27T00:40:00Z,Oklahoma City Thunder,San Antonio Spurs
2026-05-26,2026-05-26T00:27:17.302700+00:00,3064560,Luke Kornet,SAS,reb,OVER,3.5,128,0.43859649122807015,0.46386354502316307,0.6070435165286896,0.02526705379509292,0.05760888265281183,fanduel,FanDuel,2026-05-27T00:40:00Z,Oklahoma City Thunder,San Antonio Spurs
2026-05-26,2026-05-26T00:27:17.302700+00:00,5104157,Victor Wembanyama,SAS,reb,UNDER,14.5,-185,0.6491228070175439,0.6863338284001486,0.8971962829015748,0.03721102138260468,0.05732508699482347,bovada,Bovada,2026-05-27T00:40:00Z,Oklahoma City Thunder,San Antonio Spurs
2026-05-26,2026-05-26T00:27:17.302700+00:00,4593803,Jalen Williams,OKC,reb,UNDER,3.5,108,0.4807692307692308,0.5080674388630836,0.6627572847282492,0.027298208093852805,0.05678027283521392,fanduel,FanDuel,2026-05-27T00:40:00Z,Oklahoma City Thunder,San Antonio Spurs
2026-05-26,2026-05-26T00:27:17.302700+00:00,4066259,De'Aaron Fox,SAS,reb,OVER,3.5,-150,0.6,0.6334693921526702,0.823129281017801,0.033469392152670197,0.05578232025445029,betmgm,BetMGM,2026-05-27T00:40:00Z,Oklahoma City Thunder,San Antonio Spurs
2026-05-26,2026-05-26T00:27:17.302700+00:00,4278073,Shai Gilgeous-Alexander,OKC,reb,UNDER,3.5,128,0.43859649122807015,0.45818316872331544,0.5691743411963722,0.019586677495245286,0.04465762468915924,fanduel,FanDuel,2026-05-27T00:40:00Z,Oklahoma City Thunder,San Antonio Spurs
2026-05-26,2026-05-26T00:27:17.302700+00:00,3064560,Luke Kornet,SAS,reb,OVER,3.5,113,0.4694835680751174,0.49011756034315324,0.6070435165286896,0.02063399226803586,0.04395040353091639,draftkings,DraftKings,2026-05-27T00:40:00Z,Oklahoma City Thunder,San Antonio Spurs
2026-05-26,2026-05-26T00:27:17.302700+00:00,5104157,Victor Wembanyama,SAS,reb,UNDER,15.5,-280,0.7368421052631579,0.7680804087874376,0.945097462091689,0.031238303524279698,0.042394840497236685,bovada,Bovada,2026-05-27T00:40:00Z,Oklahoma City Thunder,San Antonio Spurs
2026-05-26,2026-05-26T00:27:17.302700+00:00,4278073,Shai Gilgeous-Alexander,OKC,reb,UNDER,3.5,120,0.45454545454545453,0.4717397875430922,0.5691743411963722,0.017194332997637674,0.03782753259480287,draftkings,DraftKings,2026-05-27T00:40:00Z,Oklahoma City Thunder,San Antonio Spurs
2026-05-26,2026-05-26T00:27:17.302700+00:00,4278073,Shai Gilgeous-Alexander,OKC,reb,UNDER,3.5,120,0.45454545454545453,0.4717397875430922,0.5691743411963722,0.017194332997637674,0.03782753259480287,bovada,Bovada,2026-05-27T00:40:00Z,Oklahoma City Thunder,San Antonio Spurs
2026-05-26,2026-05-26T00:27:17.302700+00:00,4278073,Shai Gilgeous-Alexander,OKC,reb,UNDER,3.5,118,0.45871559633027525,0.4752844080601898,0.5691743411963722,0.016568811729914534,0.03612000957121375,williamhill_us,Caesars,2026-05-27T00:40:00Z,Oklahoma City Thunder,San Antonio Spurs
2026-05-26,2026-05-26T00:27:17.302700+00:00,4845367,Stephon Castle,SAS,reb,UNDER,4.5,145,0.40816326530612246,0.42241883992211693,0.5032004294127523,0.01425557461599447,0.03492615780918651,bovada,Bovada,2026-05-27T00:40:00Z,Oklahoma City Thunder,San Antonio Spurs
2026-05-26,2026-05-26T00:27:17.302700+00:00,5037871,Dylan Harper,SAS,reb,OVER,2.5,-190,0.6551724137931034,0.676479689222503,0.7972209166557671,0.021307275429399586,0.0325216309185572,bovada,Bovada,2026-05-27T00:40:00Z,Oklahoma City Thunder,San Antonio Spurs
2026-05-26,2026-05-26T00:27:17.302700+00:00,4593803,Jalen Williams,OKC,reb,UNDER,4.5,-180,0.6428571428571429,0.6625848504999391,0.7743751938091177,0.01972770764279619,0.03068754522212752,bovada,Bovada,2026-05-27T00:40:00Z,Oklahoma City Thunder,San Antonio Spurs
2026-05-26,2026-05-26T00:27:17.302700+00:00,4432823,Jaylin Williams,OKC,reb,UNDER,4.5,114,0.4672897196261682,0.48128290660355527,0.5605776328087486,0.013993186977387051,0.02994542013160828,draftkings,DraftKings,2026-05-27T00:40:00Z,Oklahoma City Thunder,San Antonio Spurs
2026-05-26,2026-05-26T00:27:17.302700+00:00,4432823,Jaylin Williams,OKC,reb,UNDER,4.5,110,0.47619047619047616,0.488848549683217,0.5605776328087486,0.01265807349274084,0.026581954334755742,williamhill_us,Caesars,2026-05-27T00:40:00Z,Oklahoma City Thunder,San Antonio Spurs
2026-05-26,2026-05-26T00:27:17.302700+00:00,4395630,Devin Vassell,SAS,reb,OVER,5.5,145,0.40816326530612246,0.4179667014717505,0.4735195064103095,0.009803436165628066,0.024018418605788794,bovada,Bovada,2026-05-27T00:40:00Z,Oklahoma City Thunder,San Antonio Spurs
2026-05-26,2026-05-26T00:27:17.302700+00:00,2991350,Alex Caruso,OKC,reb,UNDER,2.5,120,0.45454545454545453,0.4654034700560239,0.5269322246159169,0.010858015510569363,0.023887634123252566,betmgm,BetMGM,2026-05-27T00:40:00Z,Oklahoma City Thunder,San Antonio Spurs
2026-05-26,2026-05-26T00:27:17.302700+00:00,4397020,Luguentz Dort,OKC,reb,OVER,2.5,-108,0.5192307692307693,0.5306969370742589,0.595671888187367,0.011466167843489639,0.022082989920794938,fanduel,FanDuel,2026-05-27T00:40:00Z,Oklahoma City Thunder,San Antonio Spurs
2026-05-26,2026-05-26T00:27:17.302700+00:00,4278073,Shai Gilgeous-Alexander,OKC,reb,UNDER,4.5,-157,0.6108949416342413,0.6233809692734235,0.6941351258954558,0.012486027639182162,0.020438911485795075,betrivers,BetRivers,2026-05-27T00:40:00Z,Oklahoma City Thunder,San Antonio Spurs
2026-05-26,2026-05-26T00:27:17.302700+00:00,2991350,Alex Caruso,OKC,reb,UNDER,2.5,115,0.46511627906976744,0.47438867090168985,0.5269322246159169,0.00927239183192241,0.019935642438633105,bovada,Bovada,2026-05-27T00:40:00Z,Oklahoma City Thunder,San Antonio Spurs
2026-05-26,2026-05-26T00:27:17.302700+00:00,4432823,Jaylin Williams,OKC,reb,UNDER,4.5,102,0.49504950495049505,0.5048787241292331,0.5605776328087486,0.009829219178738025,0.019855022741050776,fanduel,FanDuel,2026-05-27T00:40:00Z,Oklahoma City Thunder,San Antonio Spurs
2026-05-26,2026-05-26T00:27:17.302700+00:00,2991350,Alex Caruso,OKC,reb,UNDER,2.5,113,0.4694835680751174,0.4781008665562373,0.5269322246159169,0.008617298481119917,0.01835484576478541,draftkings,DraftKings,2026-05-27T00:40:00Z,Oklahoma City Thunder,San Antonio Spurs
2026-05-26,2026-05-26T00:27:17.302700+00:00,4845367,Stephon Castle,SAS,reb,UNDER,5.5,-130,0.5652173913043478,0.5754720953359987,0.6335820848486877,0.010254704031650963,0.018142937902151657,bovada,Bovada,2026-05-27T00:40:00Z,Oklahoma City Thunder,San Antonio Spurs
2026-05-26,2026-05-26T00:27:17.302700+00:00,4278073,Shai Gilgeous-Alexander,OKC,reb,UNDER,4.5,-165,0.6226415094339622,0.6333655519031862,0.6941351258954558,0.010724042469223982,0.0172234621475415,betmgm,BetMGM,2026-05-27T00:40:00Z,Oklahoma City Thunder,San Antonio Spurs
2026-05-26,2026-05-26T00:27:17.302700+00:00,4397020,Luguentz Dort,OKC,reb,OVER,2.5,-115,0.5348837209302325,0.5440019460188027,0.595671888187367,0.009118225088570187,0.017047116469935453,bovada,Bovada,2026-05-27T00:40:00Z,Oklahoma City Thunder,San Antonio Spurs
2026-05-26,2026-05-26T00:27:17.302700+00:00,4845367,Stephon Castle,SAS,reb,UNDER,5.5,-133,0.5708154506437768,0.5802304457745134,0.6335820848486877,0.009414995130736625,0.01649393883805733,draftkings,DraftKings,2026-05-27T00:40:00Z,Oklahoma City Thunder,San Antonio Spurs
2026-05-26,2026-05-26T00:27:17.302700+00:00,4397020,Luguentz Dort,OKC,reb,OVER,2.5,-116,0.5370370370370371,0.5458322647095866,0.595671888187367,0.008795227672549477,0.016377320493712877,draftkings,DraftKings,2026-05-27T00:40:00Z,Oklahoma City Thunder,San Antonio Spurs
2026-05-26,2026-05-26T00:27:17.302700+00:00,4683692,Cason Wallace,OKC,reb,OVER,3.5,110,0.47619047619047616,0.4837517923699064,0.5265992507200109,0.007561316179430233,0.015878763976803434,fanduel,FanDuel,2026-05-27T00:40:00Z,Oklahoma City Thunder,San Antonio Spurs
2026-05-26,2026-05-26T00:27:17.302700+00:00,4683692,Cason Wallace,OKC,reb,OVER,3.5,110,0.47619047619047616,0.4837517923699064,0.5265992507200109,0.007561316179430233,0.015878763976803434,bovada,Bovada,2026-05-27T00:40:00Z,Oklahoma City Thunder,San Antonio Spurs
2026-05-26,2026-05-26T00:27:17.302700+00:00,4845367,Stephon Castle,SAS,reb,UNDER,5.5,-135,0.574468085106383,0.5833351850677287,0.6335820848486877,0.008867099961345715,0.015435322154935205,betmgm,BetMGM,2026-05-27T00:40:00Z,Oklahoma City Thunder,San Antonio Spurs
2026-05-26,2026-05-26T00:27:17.302700+00:00,4278073,Shai Gilgeous-Alexander,OKC,reb,UNDER,4.5,-170,0.6296296296296297,0.6393054540695036,0.6941351258954558,0.009675824439873915,0.0153674858750939,bovada,Bovada,2026-05-27T00:40:00Z,Oklahoma City Thunder,San Antonio Spurs
2026-05-26,2026-05-26T00:27:17.302700+00:00,4683692,Cason Wallace,OKC,reb,OVER,3.5,108,0.4807692307692308,0.4876437337618478,0.5265992507200109,0.006874502992616993,0.014298966224643439,williamhill_us,Caesars,2026-05-27T00:40:00Z,Oklahoma City Thunder,San Antonio Spurs
2026-05-26,2026-05-26T00:27:17.302700+00:00,4395630,Devin Vassell,SAS,reb,OVER,4.5,-124,0.5535714285714286,0.5613202041827023,0.6052299326465872,0.007748775611273739,0.013997788201010664,betrivers,BetRivers,2026-05-27T00:40:00Z,Oklahoma City Thunder,San Antonio Spurs
2026-05-26,2026-05-26T00:27:17.302700+00:00,4397020,Luguentz Dort,OKC,reb,OVER,2.5,-120,0.5454545454545454,0.5529871468644687,0.595671888187367,0.00753260140992329,0.013809769251525994,betmgm,BetMGM,2026-05-27T00:40:00Z,Oklahoma City Thunder,San Antonio Spurs
2026-05-26,2026-05-26T00:27:17.302700+00:00,4683692,Cason Wallace,OKC,reb,OVER,3.5,107,0.4830917874396135,0.4896179069316731,0.5265992507200109,0.006526119492059612,0.013509067348563386,draftkings,DraftKings,2026-05-27T00:40:00Z,Oklahoma City Thunder,San Antonio Spurs
2026-05-26,2026-05-26T00:27:17.302700+00:00,4683692,Cason Wallace,OKC,reb,OVER,3.5,107,0.4830917874396135,0.4896179069316731,0.5265992507200109,0.006526119492059612,0.013509067348563386,betrivers,BetRivers,2026-05-27T00:40:00Z,Oklahoma City Thunder,San Antonio Spurs
2026-05-26,2026-05-26T00:27:17.302700+00:00,4395630,Devin Vassell,SAS,reb,OVER,4.5,-125,0.5555555555555556,0.5630067121192103,0.6052299326465872,0.007451156563654693,0.013412081814578536,williamhill_us,Caesars,2026-05-27T00:40:00Z,Oklahoma City Thunder,San Antonio Spurs
2026-05-26,2026-05-26T00:27:17.302700+00:00,4845367,Stephon Castle,SAS,reb,UNDER,5.5,-139,0.5815899581589958,0.5893887771624496,0.6335820848486877,0.007798819003453805,0.013409480157017706,williamhill_us,Caesars,2026-05-27T00:40:00Z,Oklahoma City Thunder,San Antonio Spurs
2026-05-26,2026-05-26T00:27:17.302700+00:00,4395630,Devin Vassell,SAS,reb,OVER,4.5,-130,0.5652173913043478,0.5712192725056837,0.6052299326465872,0.006001881201335935,0.0106187128946712,fanduel,FanDuel,2026-05-27T00:40:00Z,Oklahoma City Thunder,San Antonio Spurs
2026-05-26,2026-05-26T00:27:17.302700+00:00,4395630,Devin Vassell,SAS,reb,OVER,4.5,-130,0.5652173913043478,0.5712192725056837,0.6052299326465872,0.006001881201335935,0.0106187128946712,draftkings,DraftKings,2026-05-27T00:40:00Z,Oklahoma City Thunder,San Antonio Spurs
2026-05-26,2026-05-26T00:27:17.302700+00:00,4395630,Devin Vassell,SAS,reb,OVER,4.5,-130,0.5652173913043478,0.5712192725056837,0.6052299326465872,0.006001881201335935,0.0106187128946712,bovada,Bovada,2026-05-27T00:40:00Z,Oklahoma City Thunder,San Antonio Spurs
2026-05-26,2026-05-26T00:27:17.302700+00:00,4845367,Stephon Castle,SAS,reb,UNDER,6.5,-240,0.7058823529411765,0.7125095011365045,0.7500633409100297,0.006627148195327948,0.009388459943381333,bovada,Bovada,2026-05-27T00:40:00Z,Oklahoma City Thunder,San Antonio Spurs
2026-05-26,2026-05-26T00:27:17.302700+00:00,4845367,Stephon Castle,SAS,reb,UNDER,5.5,-148,0.5967741935483871,0.6022953772434322,0.6335820848486877,0.005521183695045062,0.0092517132187242,betrivers,BetRivers,2026-05-27T00:40:00Z,Oklahoma City Thunder,San Antonio Spurs
2026-05-26,2026-05-26T00:27:17.302700+00:00,4395630,Devin Vassell,SAS,reb,OVER,4.5,-135,0.574468085106383,0.5790823622374136,0.6052299326465872,0.004614277131030575,0.008032260191053298,betmgm,BetMGM,2026-05-27T00:40:00Z,Oklahoma City Thunder,San Antonio Spurs
2026-05-26,2026-05-26T00:27:17.302700+00:00,4845367,Stephon Castle,SAS,reb,UNDER,5.5,-152,0.6031746031746031,0.6077357254257159,0.6335820848486877,0.004561122251112715,0.007561860574213153,fanduel,FanDuel,2026-05-27T00:40:00Z,Oklahoma City Thunder,San Antonio Spurs
2026-05-26,2026-05-26T00:27:17.302700+00:00,4397020,Luguentz Dort,OKC,reb,OVER,2.5,-132,0.5689655172413793,0.5729714728832775,0.595671888187367,0.004005955641898207,0.007040770522124151,betrivers,BetRivers,2026-05-27T00:40:00Z,Oklahoma City Thunder,San Antonio Spurs
2026-05-26,2026-05-26T00:27:17.302700+00:00,4395723,Keldon Johnson,SAS,reb,OVER,3.5,150,0.4,0.4027570481997287,0.4183803213315245,0.0027570481997286622,0.006892620499321711,bovada,Bovada,2026-05-27T00:40:00Z,Oklahoma City Thunder,San Antonio Spurs
2026-05-26,2026-05-26T00:27:17.302700+00:00,4592479,Julian Champagnie,SAS,reb,UNDER,4.5,150,0.4,0.4012243394016403,0.4081622626776019,0.0012243394016402953,0.0030608485041008215,bovada,Bovada,2026-05-27T00:40:00Z,Oklahoma City Thunder,San Antonio Spurs
2026-05-26,2026-05-26T00:27:17.302700+00:00,4683778,Jared McCain,OKC,reb,OVER,2.5,-105,0.5121951219512195,0.5133542227628488,0.5199224606954145,0.0011591008116292878,0.002263006346514329,bovada,Bovada,2026-05-27T00:40:00Z,Oklahoma City Thunder,San Antonio Spurs
2026-05-26,2026-05-26T00:27:17.302700+00:00,4683778,Jared McCain,OKC,reb,OVER,2.5,-106,0.5145631067961165,0.5153670098810113,0.5199224606954145,0.0008039030848947526,0.00156230222158793,draftkings,DraftKings,2026-05-27T00:40:00Z,Oklahoma City Thunder,San Antonio Spurs
2026-05-26,2026-05-26T00:27:17.302700+00:00,4592479,Julian Champagnie,SAS,reb,UNDER,5.5,-115,0.5348837209302325,0.535688360033561,0.5402479816190893,0.0008046391033285083,0.0015043252801357765,betmgm,BetMGM,2026-05-27T00:40:00Z,Oklahoma City Thunder,San Antonio Spurs
2026-05-26,2026-05-26T00:27:17.302700+00:00,4683692,Cason Wallace,OKC,reb,OVER,3.5,-110,0.5238095238095238,0.524227982846097,0.5265992507200109,0.00041845903657311556,0.0007988763425487155,betmgm,BetMGM,2026-05-27T00:40:00Z,Oklahoma City Thunder,San Antonio Spurs
2026-05-26,2026-05-26T00:27:17.302700+00:00,4395723,Keldon Johnson,SAS,stl,OVER,0.5,169,0.37174721189591076,0.5120940556768756,0.5120940556768756,0.14034684378096485,0.3775330097707953,draftkings,DraftKings,2026-05-27T00:40:00Z,Oklahoma City Thunder,San Antonio Spurs
2026-05-26,2026-05-26T00:27:17.302700+00:00,4593803,Jalen Williams,OKC,stl,UNDER,0.5,154,0.3937007874015748,0.542006081689275,0.542006081689275,0.14830529428770017,0.37669544749075856,fanduel,FanDuel,2026-05-27T00:40:00Z,Oklahoma City Thunder,San Antonio Spurs
2026-05-26,2026-05-26T00:27:17.302700+00:00,4593803,Jalen Williams,OKC,stl,UNDER,0.5,151,0.398406374501992,0.542006081689275,0.542006081689275,0.143599707187283,0.3604352650400803,draftkings,DraftKings,2026-05-27T00:40:00Z,Oklahoma City Thunder,San Antonio Spurs
2026-05-26,2026-05-26T00:27:17.302700+00:00,4593803,Jalen Williams,OKC,stl,UNDER,0.5,150,0.4,0.542006081689275,0.542006081689275,0.14200608168927498,0.35501520422318744,bovada,Bovada,2026-05-27T00:40:00Z,Oklahoma City Thunder,San Antonio Spurs
2026-05-26,2026-05-26T00:27:17.302700+00:00,4592479,Julian Champagnie,SAS,stl,OVER,0.5,-144,0.5901639344262295,0.7829605399544296,0.7829605399544296,0.1927966055282001,0.32668313714500574,draftkings,DraftKings,2026-05-27T00:40:00Z,Oklahoma City Thunder,San Antonio Spurs
2026-05-26,2026-05-26T00:27:17.302700+00:00,4592479,Julian Champagnie,SAS,stl,OVER,0.5,-145,0.5918367346938775,0.7829605399544296,0.7829605399544296,0.19112380526055206,0.32293332612989833,bovada,Bovada,2026-05-27T00:40:00Z,Oklahoma City Thunder,San Antonio Spurs
2026-05-26,2026-05-26T00:27:17.302700+00:00,5104157,Victor Wembanyama,SAS,stl,UNDER,0.5,210,0.3225806451612903,0.4034847261347886,0.4034847261347886,0.08090408097349827,0.2508026510178446,bovada,Bovada,2026-05-27T00:40:00Z,Oklahoma City Thunder,San Antonio Spurs
2026-05-26,2026-05-26T00:27:17.302700+00:00,5037871,Dylan Harper,SAS,stl,OVER,0.5,-163,0.6197718631178707,0.7667267336553152,0.7667267336553152,0.1469548705374445,0.23711123283035518,draftkings,DraftKings,2026-05-27T00:40:00Z,Oklahoma City Thunder,San Antonio Spurs
2026-05-26,2026-05-26T00:27:17.302700+00:00,4683692,Cason Wallace,OKC,stl,OVER,1.5,-146,0.5934959349593496,0.670040699323373,0.670040699323373,0.07654476436402335,0.12897268516129962,fanduel,FanDuel,2026-05-27T00:40:00Z,Oklahoma City Thunder,San Antonio Spurs
2026-05-26,2026-05-26T00:27:17.302700+00:00,4683692,Cason Wallace,OKC,stl,OVER,1.5,-150,0.6,0.670040699323373,0.670040699323373,0.07004069932337298,0.11673449887228826,bovada,Bovada,2026-05-27T00:40:00Z,Oklahoma City Thunder,San Antonio Spurs
2026-05-26,2026-05-26T00:27:17.302700+00:00,4278073,Shai Gilgeous-Alexander,OKC,stl,OVER,1.5,138,0.42016806722689076,0.4683543277163513,0.4683543277163513,0.048186260489460564,0.11468329996491611,fanduel,FanDuel,2026-05-27T00:40:00Z,Oklahoma City Thunder,San Antonio Spurs
2026-05-26,2026-05-26T00:27:17.302700+00:00,4683692,Cason Wallace,OKC,stl,OVER,1.5,-154,0.6062992125984252,0.670040699323373,0.670040699323373,0.06374148672494773,0.10513206252036839,draftkings,DraftKings,2026-05-27T00:40:00Z,Oklahoma City Thunder,San Antonio Spurs
2026-05-26,2026-05-26T00:27:17.302700+00:00,4278073,Shai Gilgeous-Alexander,OKC,stl,OVER,1.5,135,0.425531914893617,0.4683543277163513,0.4683543277163513,0.0428224128227343,0.1006326701334257,draftkings,DraftKings,2026-05-27T00:40:00Z,Oklahoma City Thunder,San Antonio Spurs
2026-05-26,2026-05-26T00:27:17.302700+00:00,4278073,Shai Gilgeous-Alexander,OKC,stl,OVER,1.5,135,0.425531914893617,0.4683543277163513,0.4683543277163513,0.0428224128227343,0.1006326701334257,bovada,Bovada,2026-05-27T00:40:00Z,Oklahoma City Thunder,San Antonio Spurs
2026-05-26,2026-05-26T00:27:17.302700+00:00,4432823,Jaylin Williams,OKC,stl,OVER,0.5,112,0.4716981132075472,0.49303655767781485,0.49303655767781485,0.02133844447026767,0.045237502276967545,draftkings,DraftKings,2026-05-27T00:40:00Z,Oklahoma City Thunder,San Antonio Spurs
2026-05-26,2026-05-26T00:27:17.302700+00:00,4222252,Isaiah Hartenstein,OKC,stl,OVER,0.5,-150,0.6,0.6221318567866432,0.6221318567866432,0.0221318567866432,0.03688642797773861,bovada,Bovada,2026-05-27T00:40:00Z,Oklahoma City Thunder,San Antonio Spurs
2026-05-26,2026-05-26T00:27:17.302700+00:00,4066259,De'Aaron Fox,SAS,stl,OVER,0.5,-210,0.6774193548387096,0.700458172933655,0.700458172933655,0.023038818094945346,0.03400968385444303,fanduel,FanDuel,2026-05-27T00:40:00Z,Oklahoma City Thunder,San Antonio Spurs
2026-05-26,2026-05-26T00:27:17.302700+00:00,4066259,De'Aaron Fox,SAS,stl,OVER,0.5,-210,0.6774193548387096,0.700458172933655,0.700458172933655,0.023038818094945346,0.03400968385444303,draftkings,DraftKings,2026-05-27T00:40:00Z,Oklahoma City Thunder,San Antonio Spurs
2026-05-26,2026-05-26T00:27:17.302700+00:00,4066259,De'Aaron Fox,SAS,stl,OVER,0.5,-210,0.6774193548387096,0.700458172933655,0.700458172933655,0.023038818094945346,0.03400968385444303,bovada,Bovada,2026-05-27T00:40:00Z,Oklahoma City Thunder,San Antonio Spurs
2026-05-26,2026-05-26T00:27:17.302700+00:00,4222252,Isaiah Hartenstein,OKC,stl,OVER,0.5,-154,0.6062992125984252,0.6221318567866432,0.6221318567866432,0.015832644188217948,0.026113581972775135,draftkings,DraftKings,2026-05-27T00:40:00Z,Oklahoma City Thunder,San Antonio Spurs
2026-05-26,2026-05-26T00:27:17.302700+00:00,4395630,Devin Vassell,SAS,stl,OVER,0.5,-210,0.6774193548387096,0.6949475431871495,0.6949475431871495,0.017528188348439833,0.025874944704839642,fanduel,FanDuel,2026-05-27T00:40:00Z,Oklahoma City Thunder,San Antonio Spurs
2026-05-26,2026-05-26T00:27:17.302700+00:00,4395630,Devin Vassell,SAS,stl,OVER,0.5,-215,0.6825396825396826,0.6949475431871495,0.6949475431871495,0.012407860647466906,0.018178958623032926,bovada,Bovada,2026-05-27T00:40:00Z,Oklahoma City Thunder,San Antonio Spurs
2026-05-26,2026-05-26T00:27:17.302700+00:00,5104157,Victor Wembanyama,SAS,stl,UNDER,1.5,-245,0.7101449275362319,0.7220679779139685,0.7220679779139685,0.011923050377736555,0.016789601552322952,bovada,Bovada,2026-05-27T00:40:00Z,Oklahoma City Thunder,San Antonio Spurs
2026-05-26,2026-05-26T00:27:17.302700+00:00,5104157,Victor Wembanyama,SAS,stl,UNDER,1.5,-246,0.7109826589595376,0.7220679779139685,0.7220679779139685,0.011085318954430878,0.015591546171679238,draftkings,DraftKings,2026-05-27T00:40:00Z,Oklahoma City Thunder,San Antonio Spurs
2026-05-26,2026-05-26T00:27:17.302700+00:00,4395630,Devin Vassell,SAS,stl,OVER,0.5,-217,0.6845425867507886,0.6949475431871495,0.6949475431871495,0.010404956436360857,0.01519986723652711,draftkings,DraftKings,2026-05-27T00:40:00Z,Oklahoma City Thunder,San Antonio Spurs
2026-05-26,2026-05-26T00:27:17.302700+00:00,2991350,Alex Caruso,OKC,stl,OVER,1.5,138,0.42016806722689076,0.4229097062891092,0.4229097062891092,0.002741639062218415,0.006525100968079789,fanduel,FanDuel,2026-05-27T00:40:00Z,Oklahoma City Thunder,San Antonio Spurs
2026-05-26,2026-05-26T00:27:17.302700+00:00,4432823,Jaylin Williams,OKC,threes,OVER,1.5,162,0.3816793893129771,0.616657455986275,0.616657455986275,0.23497806667329785,0.6156425346840405,fanduel,FanDuel,2026-05-27T00:40:00Z,Oklahoma City Thunder,San Antonio Spurs
2026-05-26,2026-05-26T00:27:17.302700+00:00,4432823,Jaylin Williams,OKC,threes,OVER,1.5,149,0.40160642570281124,0.616657455986275,0.616657455986275,0.21505103028346373,0.5354770654058246,williamhill_us,Caesars,2026-05-27T00:40:00Z,Oklahoma City Thunder,San Antonio Spurs
2026-05-26,2026-05-26T00:27:17.302700+00:00,4432823,Jaylin Williams,OKC,threes,OVER,1.5,148,0.4032258064516129,0.616657455986275,0.616657455986275,0.2134316495346621,0.5293104908459619,draftkings,DraftKings,2026-05-27T00:40:00Z,Oklahoma City Thunder,San Antonio Spurs
2026-05-26,2026-05-26T00:27:17.302700+00:00,4433255,Chet Holmgren,OKC,threes,UNDER,0.5,200,0.3333333333333333,0.4579393746294793,0.4579393746294793,0.124606041296146,0.37381812388843794,bovada,Bovada,2026-05-27T00:40:00Z,Oklahoma City Thunder,San Antonio Spurs
2026-05-26,2026-05-26T00:27:17.302700+00:00,4592479,Julian Champagnie,SAS,threes,UNDER,1.5,150,0.4,0.5296758432486396,0.5296758432486396,0.12967584324863957,0.324189608121599,betrivers,BetRivers,2026-05-27T00:40:00Z,Oklahoma City Thunder,San Antonio Spurs
2026-05-26,2026-05-26T00:27:17.302700+00:00,4592479,Julian Champagnie,SAS,threes,UNDER,1.5,147,0.4048582995951417,0.5296758432486396,0.5296758432486396,0.1248175436534979,0.3082993328241398,draftkings,DraftKings,2026-05-27T00:40:00Z,Oklahoma City Thunder,San Antonio Spurs
2026-05-26,2026-05-26T00:27:17.302700+00:00,4592479,Julian Champagnie,SAS,threes,UNDER,1.5,145,0.40816326530612246,0.5296758432486396,0.5296758432486396,0.12151257794251713,0.297705815959167,bovada,Bovada,2026-05-27T00:40:00Z,Oklahoma City Thunder,San Antonio Spurs
2026-05-26,2026-05-26T00:27:17.302700+00:00,4592479,Julian Champagnie,SAS,threes,UNDER,1.5,141,0.4149377593360996,0.5296758432486396,0.5296758432486396,0.11473808391253998,0.2765187822292213,williamhill_us,Caesars,2026-05-27T00:40:00Z,Oklahoma City Thunder,San Antonio Spurs
2026-05-26,2026-05-26T00:27:17.302700+00:00,4433255,Chet Holmgren,OKC,threes,UNDER,0.5,178,0.3597122302158273,0.4579393746294793,0.4579393746294793,0.09822714441365199,0.27307146146995254,fanduel,FanDuel,2026-05-27T00:40:00Z,Oklahoma City Thunder,San Antonio Spurs
2026-05-26,2026-05-26T00:27:17.302700+00:00,4592479,Julian Champagnie,SAS,threes,UNDER,1.5,140,0.4166666666666667,0.5296758432486396,0.5296758432486396,0.1130091765819729,0.271222023796735,fanduel,FanDuel,2026-05-27T00:40:00Z,Oklahoma City Thunder,San Antonio Spurs
2026-05-26,2026-05-26T00:27:17.302700+00:00,4278073,Shai Gilgeous-Alexander,OKC,threes,UNDER,1.5,-125,0.5555555555555556,0.7027115816777907,0.7027115816777907,0.1471560261222351,0.26488084702002324,williamhill_us,Caesars,2026-05-27T00:40:00Z,Oklahoma City Thunder,San Antonio Spurs
2026-05-26,2026-05-26T00:27:17.302700+00:00,4593803,Jalen Williams,OKC,threes,UNDER,0.5,130,0.43478260869565216,0.5489769230607087,0.5489769230607087,0.1141943143650565,0.26264692303963,betmgm,BetMGM,2026-05-27T00:40:00Z,Oklahoma City Thunder,San Antonio Spurs
2026-05-26,2026-05-26T00:27:17.302700+00:00,4593803,Jalen Williams,OKC,threes,UNDER,0.5,127,0.44052863436123346,0.5489769230607087,0.5489769230607087,0.1084482886994752,0.2461776153478087,draftkings,DraftKings,2026-05-27T00:40:00Z,Oklahoma City Thunder,San Antonio Spurs
2026-05-26,2026-05-26T00:27:17.302700+00:00,4592479,Julian Champagnie,SAS,threes,UNDER,1.5,135,0.425531914893617,0.5296758432486396,0.5296758432486396,0.10414392835502256,0.24473823163430308,betmgm,BetMGM,2026-05-27T00:40:00Z,Oklahoma City Thunder,San Antonio Spurs
2026-05-26,2026-05-26T00:27:17.302700+00:00,4593803,Jalen Williams,OKC,threes,UNDER,0.5,125,0.4444444444444444,0.5489769230607087,0.5489769230607087,0.10453247861626425,0.23519807688659444,bovada,Bovada,2026-05-27T00:40:00Z,Oklahoma City Thunder,San Antonio Spurs
2026-05-26,2026-05-26T00:27:17.302700+00:00,4278073,Shai Gilgeous-Alexander,OKC,threes,UNDER,1.5,-132,0.5689655172413793,0.7027115816777907,0.7027115816777907,0.13374606443641135,0.23506884052460186,fanduel,FanDuel,2026-05-27T00:40:00Z,Oklahoma City Thunder,San Antonio Spurs
2026-05-26,2026-05-26T00:27:17.302700+00:00,4278073,Shai Gilgeous-Alexander,OKC,threes,UNDER,1.5,-135,0.574468085106383,0.7027115816777907,0.7027115816777907,0.12824349657140766,0.2232386792168949,bovada,Bovada,2026-05-27T00:40:00Z,Oklahoma City Thunder,San Antonio Spurs
2026-05-26,2026-05-26T00:27:17.302700+00:00,4278073,Shai Gilgeous-Alexander,OKC,threes,UNDER,1.5,-136,0.576271186440678,0.7027115816777907,0.7027115816777907,0.1264403952371127,0.21941127408793093,draftkings,DraftKings,2026-05-27T00:40:00Z,Oklahoma City Thunder,San Antonio Spurs
2026-05-26,2026-05-26T00:27:17.302700+00:00,4278073,Shai Gilgeous-Alexander,OKC,threes,UNDER,1.5,-136,0.576271186440678,0.7027115816777907,0.7027115816777907,0.1264403952371127,0.21941127408793093,betrivers,BetRivers,2026-05-27T00:40:00Z,Oklahoma City Thunder,San Antonio Spurs
2026-05-26,2026-05-26T00:27:17.302700+00:00,4397020,Luguentz Dort,OKC,threes,UNDER,1.5,-160,0.6153846153846154,0.7498125720014472,0.7498125720014472,0.13442795661683182,0.2184454295023518,betmgm,BetMGM,2026-05-27T00:40:00Z,Oklahoma City Thunder,San Antonio Spurs
2026-05-26,2026-05-26T00:27:17.302700+00:00,4683692,Cason Wallace,OKC,threes,OVER,1.5,108,0.4807692307692308,0.5843120131572833,0.5843120131572833,0.10354278238805253,0.21536898736714938,betrivers,BetRivers,2026-05-27T00:40:00Z,Oklahoma City Thunder,San Antonio Spurs
2026-05-26,2026-05-26T00:27:17.302700+00:00,4397020,Luguentz Dort,OKC,threes,UNDER,1.5,-162,0.6183206106870229,0.7498125720014472,0.7498125720014472,0.1314919613144243,0.21265983866900723,betrivers,BetRivers,2026-05-27T00:40:00Z,Oklahoma City Thunder,San Antonio Spurs
2026-05-26,2026-05-26T00:27:17.302700+00:00,4593803,Jalen Williams,OKC,threes,UNDER,0.5,120,0.45454545454545453,0.5489769230607087,0.5489769230607087,0.09443146851525414,0.207749230733559,fanduel,FanDuel,2026-05-27T00:40:00Z,Oklahoma City Thunder,San Antonio Spurs
2026-05-26,2026-05-26T00:27:17.302700+00:00,4278073,Shai Gilgeous-Alexander,OKC,threes,UNDER,1.5,-140,0.5833333333333334,0.7027115816777907,0.7027115816777907,0.11937824834445732,0.2046484257333555,betmgm,BetMGM,2026-05-27T00:40:00Z,Oklahoma City Thunder,San Antonio Spurs
2026-05-26,2026-05-26T00:27:17.302700+00:00,4683692,Cason Wallace,OKC,threes,OVER,1.5,105,0.4878048780487805,0.5843120131572833,0.5843120131572833,0.09650713510850284,0.19783962697243085,draftkings,DraftKings,2026-05-27T00:40:00Z,Oklahoma City Thunder,San Antonio Spurs
2026-05-26,2026-05-26T00:27:17.302700+00:00,4683692,Cason Wallace,OKC,threes,OVER,1.5,105,0.4878048780487805,0.5843120131572833,0.5843120131572833,0.09650713510850284,0.19783962697243085,williamhill_us,Caesars,2026-05-27T00:40:00Z,Oklahoma City Thunder,San Antonio Spurs
2026-05-26,2026-05-26T00:27:17.302700+00:00,4683692,Cason Wallace,OKC,threes,OVER,1.5,105,0.4878048780487805,0.5843120131572833,0.5843120131572833,0.09650713510850284,0.19783962697243085,bovada,Bovada,2026-05-27T00:40:00Z,Oklahoma City Thunder,San Antonio Spurs
2026-05-26,2026-05-26T00:27:17.302700+00:00,5037871,Dylan Harper,SAS,threes,UNDER,0.5,123,0.4484304932735426,0.5360486626013863,0.5360486626013863,0.08761816932784366,0.19538851760109144,draftkings,DraftKings,2026-05-27T00:40:00Z,Oklahoma City Thunder,San Antonio Spurs
2026-05-26,2026-05-26T00:27:17.302700+00:00,4397020,Luguentz Dort,OKC,threes,UNDER,1.5,-169,0.6282527881040892,0.7498125720014472,0.7498125720014472,0.121559783897358,0.1934886501088125,draftkings,DraftKings,2026-05-27T00:40:00Z,Oklahoma City Thunder,San Antonio Spurs
2026-05-26,2026-05-26T00:27:17.302700+00:00,4397020,Luguentz Dort,OKC,threes,UNDER,1.5,-170,0.6296296296296297,0.7498125720014472,0.7498125720014472,0.12018294237181759,0.19087879082582798,bovada,Bovada,2026-05-27T00:40:00Z,Oklahoma City Thunder,San Antonio Spurs
2026-05-26,2026-05-26T00:27:17.302700+00:00,4592479,Julian Champagnie,SAS,threes,UNDER,2.5,-210,0.6774193548387096,0.8005774753903987,0.8005774753903987,0.12315812055168907,0.18180484462392188,bovada,Bovada,2026-05-27T00:40:00Z,Oklahoma City Thunder,San Antonio Spurs
2026-05-26,2026-05-26T00:27:17.302700+00:00,5037871,Dylan Harper,SAS,threes,UNDER,0.5,120,0.45454545454545453,0.5360486626013863,0.5360486626013863,0.08150320805593175,0.17930705772304978,bovada,Bovada,2026-05-27T00:40:00Z,Oklahoma City Thunder,San Antonio Spurs
2026-05-26,2026-05-26T00:27:17.302700+00:00,5104157,Victor Wembanyama,SAS,threes,OVER,1.5,-150,0.6,0.7026967077914441,0.7026967077914441,0.10269670779144413,0.17116117965240685,fanatics,Fanatics,2026-05-27T00:40:00Z,Oklahoma City Thunder,San Antonio Spurs
2026-05-26,2026-05-26T00:27:17.302700+00:00,4397020,Luguentz Dort,OKC,threes,UNDER,1.5,-180,0.6428571428571429,0.7498125720014472,0.7498125720014472,0.10695542914430434,0.1663751120022513,williamhill_us,Caesars,2026-05-27T00:40:00Z,Oklahoma City Thunder,San Antonio Spurs
2026-05-26,2026-05-26T00:27:17.302700+00:00,4397020,Luguentz Dort,OKC,threes,UNDER,1.5,-182,0.6453900709219859,0.7498125720014472,0.7498125720014472,0.10442250107946138,0.16179750167257212,fanduel,FanDuel,2026-05-27T00:40:00Z,Oklahoma City Thunder,San Antonio Spurs
2026-05-26,2026-05-26T00:27:17.302700+00:00,5104157,Victor Wembanyama,SAS,threes,OVER,2.5,185,0.3508771929824561,0.40630575252019907,0.40630575252019907,0.05542855953774295,0.15797139468256738,bovada,Bovada,2026-05-27T00:40:00Z,Oklahoma City Thunder,San Antonio Spurs
2026-05-26,2026-05-26T00:27:17.302700+00:00,5104157,Victor Wembanyama,SAS,threes,OVER,1.5,-158,0.6124031007751938,0.7026967077914441,0.7026967077914441,0.09029360701625033,0.14744145955818094,fanduel,FanDuel,2026-05-27T00:40:00Z,Oklahoma City Thunder,San Antonio Spurs
2026-05-26,2026-05-26T00:27:17.302700+00:00,5104157,Victor Wembanyama,SAS,threes,OVER,1.5,-160,0.6153846153846154,0.7026967077914441,0.7026967077914441,0.08731209240682869,0.14188215016109668,betmgm,BetMGM,2026-05-27T00:40:00Z,Oklahoma City Thunder,San Antonio Spurs
2026-05-26,2026-05-26T00:27:17.302700+00:00,5104157,Victor Wembanyama,SAS,threes,OVER,1.5,-162,0.6183206106870229,0.7026967077914441,0.7026967077914441,0.08437609710442118,0.1364601076627059,betrivers,BetRivers,2026-05-27T00:40:00Z,Oklahoma City Thunder,San Antonio Spurs
2026-05-26,2026-05-26T00:27:17.302700+00:00,5037871,Dylan Harper,SAS,threes,UNDER,0.5,112,0.4716981132075472,0.5360486626013863,0.5360486626013863,0.06435054939383911,0.13642316471493898,fanduel,FanDuel,2026-05-27T00:40:00Z,Oklahoma City Thunder,San Antonio Spurs
2026-05-26,2026-05-26T00:27:17.302700+00:00,5104157,Victor Wembanyama,SAS,threes,OVER,1.5,-164,0.6212121212121212,0.7026967077914441,0.7026967077914441,0.08148458657932289,0.13117031010330027,draftkings,DraftKings,2026-05-27T00:40:00Z,Oklahoma City Thunder,San Antonio Spurs
2026-05-26,2026-05-26T00:27:17.302700+00:00,5104157,Victor Wembanyama,SAS,threes,OVER,1.5,-165,0.6226415094339622,0.7026967077914441,0.7026967077914441,0.08005519835748187,0.12857350039231935,bovada,Bovada,2026-05-27T00:40:00Z,Oklahoma City Thunder,San Antonio Spurs
2026-05-26,2026-05-26T00:27:17.302700+00:00,2991350,Alex Caruso,OKC,threes,OVER,1.5,112,0.4716981132075472,0.5243268537804859,0.5243268537804859,0.05262874057293876,0.1115729300146302,draftkings,DraftKings,2026-05-27T00:40:00Z,Oklahoma City Thunder,San Antonio Spurs
2026-05-26,2026-05-26T00:27:17.302700+00:00,5104157,Victor Wembanyama,SAS,threes,OVER,1.5,-175,0.6363636363636364,0.7026967077914441,0.7026967077914441,0.06633307142780775,0.10423768367226927,williamhill_us,Caesars,2026-05-27T00:40:00Z,Oklahoma City Thunder,San Antonio Spurs
2026-05-26,2026-05-26T00:27:17.302700+00:00,2991350,Alex Caruso,OKC,threes,OVER,1.5,110,0.47619047619047616,0.5243268537804859,0.5243268537804859,0.04813637759000977,0.10108639293902055,bovada,Bovada,2026-05-27T00:40:00Z,Oklahoma City Thunder,San Antonio Spurs
2026-05-26,2026-05-26T00:27:17.302700+00:00,5037871,Dylan Harper,SAS,threes,UNDER,0.5,105,0.4878048780487805,0.5360486626013863,0.5360486626013863,0.048243784552605806,0.09889975833284192,betmgm,BetMGM,2026-05-27T00:40:00Z,Oklahoma City Thunder,San Antonio Spurs
2026-05-26,2026-05-26T00:27:17.302700+00:00,4683692,Cason Wallace,OKC,threes,OVER,1.5,-115,0.5348837209302325,0.5843120131572833,0.5843120131572833,0.04942829222705081,0.0924094159027471,betmgm,BetMGM,2026-05-27T00:40:00Z,Oklahoma City Thunder,San Antonio Spurs
2026-05-26,2026-05-26T00:27:17.302700+00:00,4433255,Chet Holmgren,OKC,threes,UNDER,1.5,-220,0.6875,0.7465282473311349,0.7465282473311349,0.059028247331134875,0.0858592688452871,betmgm,BetMGM,2026-05-27T00:40:00Z,Oklahoma City Thunder,San Antonio Spurs
2026-05-26,2026-05-26T00:27:17.302700+00:00,2991350,Alex Caruso,OKC,threes,OVER,1.5,107,0.4830917874396135,0.5243268537804859,0.5243268537804859,0.04123506634087243,0.08535658732560591,williamhill_us,Caesars,2026-05-27T00:40:00Z,Oklahoma City Thunder,San Antonio Spurs
2026-05-26,2026-05-26T00:27:17.302700+00:00,4683778,Jared McCain,OKC,threes,UNDER,2.5,-180,0.6428571428571429,0.6958153858689131,0.6958153858689131,0.05295824301177021,0.08237948912942045,draftkings,DraftKings,2026-05-27T00:40:00Z,Oklahoma City Thunder,San Antonio Spurs
2026-05-26,2026-05-26T00:27:17.302700+00:00,4683778,Jared McCain,OKC,threes,UNDER,2.5,-180,0.6428571428571429,0.6958153858689131,0.6958153858689131,0.05295824301177021,0.08237948912942045,bovada,Bovada,2026-05-27T00:40:00Z,Oklahoma City Thunder,San Antonio Spurs
2026-05-26,2026-05-26T00:27:17.302700+00:00,4683778,Jared McCain,OKC,threes,UNDER,2.5,-182,0.6453900709219859,0.6958153858689131,0.6958153858689131,0.05042531494692726,0.07813153195073352,williamhill_us,Caesars,2026-05-27T00:40:00Z,Oklahoma City Thunder,San Antonio Spurs
2026-05-26,2026-05-26T00:27:17.302700+00:00,4683778,Jared McCain,OKC,threes,UNDER,2.5,-182,0.6453900709219859,0.6958153858689131,0.6958153858689131,0.05042531494692726,0.07813153195073352,betrivers,BetRivers,2026-05-27T00:40:00Z,Oklahoma City Thunder,San Antonio Spurs
2026-05-26,2026-05-26T00:27:17.302700+00:00,4683778,Jared McCain,OKC,threes,UNDER,2.5,-185,0.6491228070175439,0.6958153858689131,0.6958153858689131,0.04669257885136924,0.0719318106629202,betmgm,BetMGM,2026-05-27T00:40:00Z,Oklahoma City Thunder,San Antonio Spurs
2026-05-26,2026-05-26T00:27:17.302700+00:00,4433255,Chet Holmgren,OKC,threes,UNDER,1.5,-230,0.696969696969697,0.7465282473311349,0.7465282473311349,0.04955855036143786,0.07110574617075871,bovada,Bovada,2026-05-27T00:40:00Z,Oklahoma City Thunder,San Antonio Spurs
2026-05-26,2026-05-26T00:27:17.302700+00:00,4433255,Chet Holmgren,OKC,threes,UNDER,1.5,-231,0.6978851963746223,0.7465282473311349,0.7465282473311349,0.04864305095651256,0.0697006487731846,draftkings,DraftKings,2026-05-27T00:40:00Z,Oklahoma City Thunder,San Antonio Spurs
2026-05-26,2026-05-26T00:27:17.302700+00:00,4433255,Chet Holmgren,OKC,threes,UNDER,1.5,-240,0.7058823529411765,0.7465282473311349,0.7465282473311349,0.04064589438995836,0.05758168371910777,williamhill_us,Caesars,2026-05-27T00:40:00Z,Oklahoma City Thunder,San Antonio Spurs
2026-05-26,2026-05-26T00:27:17.302700+00:00,4683778,Jared McCain,OKC,threes,UNDER,1.5,165,0.37735849056603776,0.3986557280587488,0.3986557280587488,0.021297237492711063,0.056437679355684334,bovada,Bovada,2026-05-27T00:40:00Z,Oklahoma City Thunder,San Antonio Spurs
2026-05-26,2026-05-26T00:27:17.302700+00:00,4395630,Devin Vassell,SAS,threes,UNDER,3.5,-275,0.7333333333333333,0.7592002545913323,0.7592002545913323,0.025866921257999054,0.03527307444272593,bovada,Bovada,2026-05-27T00:40:00Z,Oklahoma City Thunder,San Antonio Spurs
2026-05-26,2026-05-26T00:27:17.302700+00:00,4845367,Stephon Castle,SAS,threes,UNDER,1.5,-140,0.5833333333333334,0.6028697214362378,0.6028697214362378,0.01953638810290448,0.0334909510335506,betmgm,BetMGM,2026-05-27T00:40:00Z,Oklahoma City Thunder,San Antonio Spurs
2026-05-26,2026-05-26T00:27:17.302700+00:00,2991350,Alex Caruso,OKC,threes,OVER,1.5,-104,0.5098039215686274,0.5243268537804859,0.5243268537804859,0.014522932211858519,0.028487290107876317,betrivers,BetRivers,2026-05-27T00:40:00Z,Oklahoma City Thunder,San Antonio Spurs
2026-05-26,2026-05-26T00:27:17.302700+00:00,4433255,Chet Holmgren,OKC,threes,UNDER,1.5,-265,0.726027397260274,0.7465282473311349,0.7465282473311349,0.020500850070860888,0.028237019908921634,betrivers,BetRivers,2026-05-27T00:40:00Z,Oklahoma City Thunder,San Antonio Spurs
2026-05-26,2026-05-26T00:27:17.302700+00:00,4845367,Stephon Castle,SAS,threes,UNDER,1.5,-143,0.588477366255144,0.6028697214362378,0.6028697214362378,0.01439235518109383,0.024456939223816754,draftkings,DraftKings,2026-05-27T00:40:00Z,Oklahoma City Thunder,San Antonio Spurs
2026-05-26,2026-05-26T00:27:17.302700+00:00,4845367,Stephon Castle,SAS,threes,UNDER,1.5,-143,0.588477366255144,0.6028697214362378,0.6028697214362378,0.01439235518109383,0.024456939223816754,williamhill_us,Caesars,2026-05-27T00:40:00Z,Oklahoma City Thunder,San Antonio Spurs
2026-05-26,2026-05-26T00:27:17.302700+00:00,4845367,Stephon Castle,SAS,threes,UNDER,1.5,-145,0.5918367346938775,0.6028697214362378,0.6028697214362378,0.011032986742360307,0.018641943116401882,bovada,Bovada,2026-05-27T00:40:00Z,Oklahoma City Thunder,San Antonio Spurs
2026-05-26,2026-05-26T00:27:17.302700+00:00,4395630,Devin Vassell,SAS,threes,OVER,2.5,-108,0.5192307692307693,0.5261114908955117,0.5261114908955117,0.006880721664742406,0.013251760243207678,fanduel,FanDuel,2026-05-27T00:40:00Z,Oklahoma City Thunder,San Antonio Spurs
2026-05-26,2026-05-26T00:27:17.302700+00:00,4845367,Stephon Castle,SAS,threes,UNDER,1.5,-150,0.6,0.6028697214362378,0.6028697214362378,0.002869721436237871,0.0047828690603963775,betrivers,BetRivers,2026-05-27T00:40:00Z,Oklahoma City Thunder,San Antonio Spurs
