player_id,player_name,team,position,season,snapshot_date,team_abbr,team_name,player_display_name,position_group,source_system,source_file,source_date,source_player_id,source_player_name,source_team_name
00-0033066,Andrew Billings,ARI,DL,2026,2026-08-01,ARI,Arizona Cardinals,Andrew Billings,DL,nflverse_roster,C:\Users\tempadmin\OneDrive\Coding\Syndicate\data\nfl_source\tracking\nflverse\roster\roster_2026.csv,2026-08-01,00-0033066,Andrew Billings,ARI
00-0035378,Andrew Wingard,ARI,DB,2026,2026-08-01,ARI,Arizona Cardinals,Andrew Wingard,DB,nflverse_roster,C:\Users\tempadmin\OneDrive\Coding\Syndicate\data\nfl_source\tracking\nflverse\roster\roster_2026.csv,2026-08-01,00-0035378,Andrew Wingard,ARI
00-0040501,Austin Keys,ARI,LB,2026,2026-08-01,ARI,Arizona Cardinals,Austin Keys,LB,nflverse_roster,C:\Users\tempadmin\OneDrive\Coding\Syndicate\data\nfl_source\tracking\nflverse\roster\roster_2026.csv,2026-08-01,00-0040501,Austin Keys,ARI
00-0039155,BJ Ojulari,ARI,LB,2026,2026-08-01,ARI,Arizona Cardinals,BJ Ojulari,LB,nflverse_roster,C:\Users\tempadmin\OneDrive\Coding\Syndicate\data\nfl_source\tracking\nflverse\roster\roster_2026.csv,2026-08-01,00-0039155,BJ Ojulari,ARI
00-0037157,Bam Knight,ARI,RB,2026,2026-08-01,ARI,Arizona Cardinals,Bam Knight,RB,nflverse_roster,C:\Users\tempadmin\OneDrive\Coding\Syndicate\data\nfl_source\tracking\nflverse\roster\roster_2026.csv,2026-08-01,00-0037157,Bam Knight,ARI
00-0036995,Baron Browning,ARI,LB,2026,2026-08-01,ARI,Arizona Cardinals,Baron Browning,LB,nflverse_roster,C:\Users\tempadmin\OneDrive\Coding\Syndicate\data\nfl_source\tracking\nflverse\roster\roster_2026.csv,2026-08-01,00-0036995,Baron Browning,ARI
00-0035859,Blake Gillikin,ARI,P,2026,2026-08-01,ARI,Arizona Cardinals,Blake Gillikin,P,nflverse_roster,C:\Users\tempadmin\OneDrive\Coding\Syndicate\data\nfl_source\tracking\nflverse\roster\roster_2026.csv,2026-08-01,00-0035859,Blake Gillikin,ARI
00-0040383,Bryson Green,ARI,WR,2026,2026-08-01,ARI,Arizona Cardinals,Bryson Green,WR,nflverse_roster,C:\Users\tempadmin\OneDrive\Coding\Syndicate\data\nfl_source\tracking\nflverse\roster\roster_2026.csv,2026-08-01,00-0040383,Bryson Green,ARI
00-0033890,Budda Baker,ARI,DB,2026,2026-08-01,ARI,Arizona Cardinals,Budda Baker,DB,nflverse_roster,C:\Users\tempadmin\OneDrive\Coding\Syndicate\data\nfl_source\tracking\nflverse\roster\roster_2026.csv,2026-08-01,00-0033890,Budda Baker,ARI
00-0041367,Cameron Robertson,ARI,LB,2026,2026-08-01,ARI,Arizona Cardinals,Cameron Robertson,LB,nflverse_roster,C:\Users\tempadmin\OneDrive\Coding\Syndicate\data\nfl_source\tracking\nflverse\roster\roster_2026.csv,2026-08-01,00-0041367,Cameron Robertson,ARI
00-0041561,Carson Beck,ARI,QB,2026,2026-08-01,ARI,Arizona Cardinals,Carson Beck,QB,nflverse_roster,C:\Users\tempadmin\OneDrive\Coding\Syndicate\data\nfl_source\tracking\nflverse\roster\roster_2026.csv,2026-08-01,00-0041561,Carson Beck,ARI
00-0030957,Casey Kreiter,ARI,LS,2026,2026-08-01,ARI,Arizona Cardinals,Casey Kreiter,LS,nflverse_roster,C:\Users\tempadmin\OneDrive\Coding\Syndicate\data\nfl_source\tracking\nflverse\roster\roster_2026.csv,2026-08-01,00-0030957,Casey Kreiter,ARI
00-0038567,Chad Ryland,ARI,K,2026,2026-08-01,ARI,Arizona Cardinals,Chad Ryland,K,nflverse_roster,C:\Users\tempadmin\OneDrive\Coding\Syndicate\data\nfl_source\tracking\nflverse\roster\roster_2026.csv,2026-08-01,00-0038567,Chad Ryland,ARI
00-0041468,Chase Bisontis,ARI,OL,2026,2026-08-01,ARI,Arizona Cardinals,Chase Bisontis,OL,nflverse_roster,C:\Users\tempadmin\OneDrive\Coding\Syndicate\data\nfl_source\tracking\nflverse\roster\roster_2026.csv,2026-08-01,00-0041468,Chase Bisontis,ARI
00-0039382,Christian Jones,ARI,OL,2026,2026-08-01,ARI,Arizona Cardinals,Christian Jones,OL,nflverse_roster,C:\Users\tempadmin\OneDrive\Coding\Syndicate\data\nfl_source\tracking\nflverse\roster\roster_2026.csv,2026-08-01,00-0039382,Christian Jones,ARI
00-0040645,Cody Simon,ARI,LB,2026,2026-08-01,ARI,Arizona Cardinals,Cody Simon,LB,nflverse_roster,C:\Users\tempadmin\OneDrive\Coding\Syndicate\data\nfl_source\tracking\nflverse\roster\roster_2026.csv,2026-08-01,00-0040645,Cody Simon,ARI
00-0040556,Corey Kiner,ARI,RB,2026,2026-08-01,ARI,Arizona Cardinals,Corey Kiner,RB,nflverse_roster,C:\Users\tempadmin\OneDrive\Coding\Syndicate\data\nfl_source\tracking\nflverse\roster\roster_2026.csv,2026-08-01,00-0040556,Corey Kiner,ARI
00-0039864,Dadrion Taylor-Demerson,ARI,DB,2026,2026-08-01,ARI,Arizona Cardinals,Dadrion Taylor-Demerson,DB,nflverse_roster,C:\Users\tempadmin\OneDrive\Coding\Syndicate\data\nfl_source\tracking\nflverse\roster\roster_2026.csv,2026-08-01,00-0039864,Dadrion Taylor-Demerson,ARI
00-0041369,Damonic Williams,ARI,DL,2026,2026-08-01,ARI,Arizona Cardinals,Damonic Williams,DL,nflverse_roster,C:\Users\tempadmin\OneDrive\Coding\Syndicate\data\nfl_source\tracking\nflverse\roster\roster_2026.csv,2026-08-01,00-0041369,Damonic Williams,ARI
00-0038623,Dante Stills,ARI,DL,2026,2026-08-01,ARI,Arizona Cardinals,Dante Stills,DL,nflverse_roster,C:\Users\tempadmin\OneDrive\Coding\Syndicate\data\nfl_source\tracking\nflverse\roster\roster_2026.csv,2026-08-01,00-0038623,Dante Stills,ARI
00-0039854,Darius Robinson,ARI,DL,2026,2026-08-01,ARI,Arizona Cardinals,Darius Robinson,DL,nflverse_roster,C:\Users\tempadmin\OneDrive\Coding\Syndicate\data\nfl_source\tracking\nflverse\roster\roster_2026.csv,2026-08-01,00-0039854,Darius Robinson,ARI
00-0038792,Demontrey Jacobs,ARI,OL,2026,2026-08-01,ARI,Arizona Cardinals,Demontrey Jacobs,OL,nflverse_roster,C:\Users\tempadmin\OneDrive\Coding\Syndicate\data\nfl_source\tracking\nflverse\roster\roster_2026.csv,2026-08-01,00-0038792,Demontrey Jacobs,ARI
00-0040195,Denzel Burke,ARI,DB,2026,2026-08-01,ARI,Arizona Cardinals,Denzel Burke,DB,nflverse_roster,C:\Users\tempadmin\OneDrive\Coding\Syndicate\data\nfl_source\tracking\nflverse\roster\roster_2026.csv,2026-08-01,00-0040195,Denzel Burke,ARI
00-0036331,Devin Duvernay,ARI,WR,2026,2026-08-01,ARI,Arizona Cardinals,Devin Duvernay,WR,nflverse_roster,C:\Users\tempadmin\OneDrive\Coding\Syndicate\data\nfl_source\tracking\nflverse\roster\roster_2026.csv,2026-08-01,00-0036331,Devin Duvernay,ARI
00-0038782,Eku Leota,ARI,LB,2026,2026-08-01,ARI,Arizona Cardinals,Eku Leota,LB,nflverse_roster,C:\Users\tempadmin\OneDrive\Coding\Syndicate\data\nfl_source\tracking\nflverse\roster\roster_2026.csv,2026-08-01,00-0038782,Eku Leota,ARI
00-0041364,Elijah Culp,ARI,DB,2026,2026-08-01,ARI,Arizona Cardinals,Elijah Culp,DB,nflverse_roster,C:\Users\tempadmin\OneDrive\Coding\Syndicate\data\nfl_source\tracking\nflverse\roster\roster_2026.csv,2026-08-01,00-0041364,Elijah Culp,ARI
00-0039041,Elijah Higgins,ARI,TE,2026,2026-08-01,ARI,Arizona Cardinals,Elijah Higgins,TE,nflverse_roster,C:\Users\tempadmin\OneDrive\Coding\Syndicate\data\nfl_source\tracking\nflverse\roster\roster_2026.csv,2026-08-01,00-0039041,Elijah Higgins,ARI
00-0039823,Elijah Jones,ARI,DB,2026,2026-08-01,ARI,Arizona Cardinals,Elijah Jones,DB,nflverse_roster,C:\Users\tempadmin\OneDrive\Coding\Syndicate\data\nfl_source\tracking\nflverse\roster\roster_2026.csv,2026-08-01,00-0039823,Elijah Jones,ARI
00-0033676,Elijah Wilkinson,ARI,OL,2026,2026-08-01,ARI,Arizona Cardinals,Elijah Wilkinson,OL,nflverse_roster,C:\Users\tempadmin\OneDrive\Coding\Syndicate\data\nfl_source\tracking\nflverse\roster\roster_2026.csv,2026-08-01,00-0033676,Elijah Wilkinson,ARI
00-0039956,Elliott Brown,ARI,LB,2026,2026-08-01,ARI,Arizona Cardinals,Elliott Brown,LB,nflverse_roster,C:\Users\tempadmin\OneDrive\Coding\Syndicate\data\nfl_source\tracking\nflverse\roster\roster_2026.csv,2026-08-01,00-0039956,Elliott Brown,ARI
00-0035289,Gardner Minshew,ARI,QB,2026,2026-08-01,ARI,Arizona Cardinals,Gardner Minshew,QB,nflverse_roster,C:\Users\tempadmin\OneDrive\Coding\Syndicate\data\nfl_source\tracking\nflverse\roster\roster_2026.csv,2026-08-01,00-0035289,Gardner Minshew,ARI
00-0039007,Garrett Williams,ARI,DB,2026,2026-08-01,ARI,Arizona Cardinals,Garrett Williams,DB,nflverse_roster,C:\Users\tempadmin\OneDrive\Coding\Syndicate\data\nfl_source\tracking\nflverse\roster\roster_2026.csv,2026-08-01,00-0039007,Garrett Williams,ARI
00-0041368,Harrison Wallace,ARI,WR,2026,2026-08-01,ARI,Arizona Cardinals,Harrison Wallace,WR,nflverse_roster,C:\Users\tempadmin\OneDrive\Coding\Syndicate\data\nfl_source\tracking\nflverse\roster\roster_2026.csv,2026-08-01,00-0041368,Harrison Wallace,ARI
00-0040219,Hayden Conner,ARI,OL,2026,2026-08-01,ARI,Arizona Cardinals,Hayden Conner,OL,nflverse_roster,C:\Users\tempadmin\OneDrive\Coding\Syndicate\data\nfl_source\tracking\nflverse\roster\roster_2026.csv,2026-08-01,00-0040219,Hayden Conner,ARI
00-0035258,Hjalte Froholdt,ARI,OL,2026,2026-08-01,ARI,Arizona Cardinals,Hjalte Froholdt,OL,nflverse_roster,C:\Users\tempadmin\OneDrive\Coding\Syndicate\data\nfl_source\tracking\nflverse\roster\roster_2026.csv,2026-08-01,00-0035258,Hjalte Froholdt,ARI
00-0036635,Ihmir Smith-Marsette,ARI,WR,2026,2026-08-01,ARI,Arizona Cardinals,Ihmir Smith-Marsette,WR,nflverse_roster,C:\Users\tempadmin\OneDrive\Coding\Syndicate\data\nfl_source\tracking\nflverse\roster\roster_2026.csv,2026-08-01,00-0036635,Ihmir Smith-Marsette,ARI
00-0032954,Isaac Seumalo,ARI,OL,2026,2026-08-01,ARI,Arizona Cardinals,Isaac Seumalo,OL,nflverse_roster,C:\Users\tempadmin\OneDrive\Coding\Syndicate\data\nfl_source\tracking\nflverse\roster\roster_2026.csv,2026-08-01,00-0032954,Isaac Seumalo,ARI
00-0039808,Isaiah Adams,ARI,OL,2026,2026-08-01,ARI,Arizona Cardinals,Isaiah Adams,OL,nflverse_roster,C:\Users\tempadmin\OneDrive\Coding\Syndicate\data\nfl_source\tracking\nflverse\roster\roster_2026.csv,2026-08-01,00-0039808,Isaiah Adams,ARI
00-0034357,Isaiah Oliver,ARI,DB,2026,2026-08-01,ARI,Arizona Cardinals,Isaiah Oliver,DB,nflverse_roster,C:\Users\tempadmin\OneDrive\Coding\Syndicate\data\nfl_source\tracking\nflverse\roster\roster_2026.csv,2026-08-01,00-0034357,Isaiah Oliver,ARI
00-0037596,Jack Gibbens,ARI,LB,2026,2026-08-01,ARI,Arizona Cardinals,Jack Gibbens,LB,nflverse_roster,C:\Users\tempadmin\OneDrive\Coding\Syndicate\data\nfl_source\tracking\nflverse\roster\roster_2026.csv,2026-08-01,00-0037596,Jack Gibbens,ARI
00-0033119,Jacoby Brissett,ARI,QB,2026,2026-08-01,ARI,Arizona Cardinals,Jacoby Brissett,QB,nflverse_roster,C:\Users\tempadmin\OneDrive\Coding\Syndicate\data\nfl_source\tracking\nflverse\roster\roster_2026.csv,2026-08-01,00-0033119,Jacoby Brissett,ARI
00-0039416,Jaden Davis,ARI,DB,2026,2026-08-01,ARI,Arizona Cardinals,Jaden Davis,DB,nflverse_roster,C:\Users\tempadmin\OneDrive\Coding\Syndicate\data\nfl_source\tracking\nflverse\roster\roster_2026.csv,2026-08-01,00-0039416,Jaden Davis,ARI
00-0038640,Jalen Brooks,ARI,WR,2026,2026-08-01,ARI,Arizona Cardinals,Jalen Brooks,WR,nflverse_roster,C:\Users\tempadmin\OneDrive\Coding\Syndicate\data\nfl_source\tracking\nflverse\roster\roster_2026.csv,2026-08-01,00-0038640,Jalen Brooks,ARI
00-0033553,James Conner,ARI,RB,2026,2026-08-01,ARI,Arizona Cardinals,James Conner,RB,nflverse_roster,C:\Users\tempadmin\OneDrive\Coding\Syndicate\data\nfl_source\tracking\nflverse\roster\roster_2026.csv,2026-08-01,00-0033553,James Conner,ARI
00-0041366,Jameson Geers,ARI,TE,2026,2026-08-01,ARI,Arizona Cardinals,Jameson Geers,TE,nflverse_roster,C:\Users\tempadmin\OneDrive\Coding\Syndicate\data\nfl_source\tracking\nflverse\roster\roster_2026.csv,2026-08-01,00-0041366,Jameson Geers,ARI
00-0041113,Jayden Williams,ARI,OL,2026,2026-08-01,ARI,Arizona Cardinals,Jayden Williams,OL,nflverse_roster,C:\Users\tempadmin\OneDrive\Coding\Syndicate\data\nfl_source\tracking\nflverse\roster\roster_2026.csv,2026-08-01,00-0041113,Jayden Williams,ARI
00-0041027,Jeremiyah Love,ARI,RB,2026,2026-08-01,ARI,Arizona Cardinals,Jeremiyah Love,RB,nflverse_roster,C:\Users\tempadmin\OneDrive\Coding\Syndicate\data\nfl_source\tracking\nflverse\roster\roster_2026.csv,2026-08-01,00-0041027,Jeremiyah Love,ARI
00-0037141,Joey Blount,ARI,DB,2026,2026-08-01,ARI,Arizona Cardinals,Joey Blount,DB,nflverse_roster,C:\Users\tempadmin\OneDrive\Coding\Syndicate\data\nfl_source\tracking\nflverse\roster\roster_2026.csv,2026-08-01,00-0037141,Joey Blount,ARI
00-0038571,Jon Gaines II,ARI,OL,2026,2026-08-01,ARI,Arizona Cardinals,Jon Gaines II,OL,nflverse_roster,C:\Users\tempadmin\OneDrive\Coding\Syndicate\data\nfl_source\tracking\nflverse\roster\roster_2026.csv,2026-08-01,00-0038571,Jon Gaines II,ARI
00-0035944,Jonah Williams,ARI,DL,2026,2026-08-01,ARI,Arizona Cardinals,Jonah Williams,DL,nflverse_roster,C:\Users\tempadmin\OneDrive\Coding\Syndicate\data\nfl_source\tracking\nflverse\roster\roster_2026.csv,2026-08-01,00-0035944,Jonah Williams,ARI
00-0040137,Jordan Burch,ARI,LB,2026,2026-08-01,ARI,Arizona Cardinals,Jordan Burch,LB,nflverse_roster,C:\Users\tempadmin\OneDrive\Coding\Syndicate\data\nfl_source\tracking\nflverse\roster\roster_2026.csv,2026-08-01,00-0040137,Jordan Burch,ARI
00-0040382,Josh Fryar,ARI,OL,2026,2026-08-01,ARI,Arizona Cardinals,Josh Fryar,OL,nflverse_roster,C:\Users\tempadmin\OneDrive\Coding\Syndicate\data\nfl_source\tracking\nflverse\roster\roster_2026.csv,2026-08-01,00-0040382,Josh Fryar,ARI
00-0034381,Josh Sweat,ARI,LB,2026,2026-08-01,ARI,Arizona Cardinals,Josh Sweat,LB,nflverse_roster,C:\Users\tempadmin\OneDrive\Coding\Syndicate\data\nfl_source\tracking\nflverse\roster\roster_2026.csv,2026-08-01,00-0034381,Josh Sweat,ARI
00-0041365,Ka'ena De Cambra,ARI,OL,2026,2026-08-01,ARI,Arizona Cardinals,Ka'ena De Cambra,OL,nflverse_roster,C:\Users\tempadmin\OneDrive\Coding\Syndicate\data\nfl_source\tracking\nflverse\roster\roster_2026.csv,2026-08-01,00-0041365,Ka'ena De Cambra,ARI
00-0041555,Kaleb Proctor,ARI,DL,2026,2026-08-01,ARI,Arizona Cardinals,Kaleb Proctor,DL,nflverse_roster,C:\Users\tempadmin\OneDrive\Coding\Syndicate\data\nfl_source\tracking\nflverse\roster\roster_2026.csv,2026-08-01,00-0041555,Kaleb Proctor,ARI
00-0039239,Kalen King,ARI,DB,2026,2026-08-01,ARI,Arizona Cardinals,Kalen King,DB,nflverse_roster,C:\Users\tempadmin\OneDrive\Coding\Syndicate\data\nfl_source\tracking\nflverse\roster\roster_2026.csv,2026-08-01,00-0039239,Kalen King,ARI
00-0041093,Karson Sharar,ARI,LB,2026,2026-08-01,ARI,Arizona Cardinals,Karson Sharar,LB,nflverse_roster,C:\Users\tempadmin\OneDrive\Coding\Syndicate\data\nfl_source\tracking\nflverse\roster\roster_2026.csv,2026-08-01,00-0041093,Karson Sharar,ARI
00-0039577,Kedon Slovis,ARI,QB,2026,2026-08-01,ARI,Arizona Cardinals,Kedon Slovis,QB,nflverse_roster,C:\Users\tempadmin\OneDrive\Coding\Syndicate\data\nfl_source\tracking\nflverse\roster\roster_2026.csv,2026-08-01,00-0039577,Kedon Slovis,ARI
00-0038984,Kei'Trel Clark,ARI,DB,2026,2026-08-01,ARI,Arizona Cardinals,Kei'Trel Clark,DB,nflverse_roster,C:\Users\tempadmin\OneDrive\Coding\Syndicate\data\nfl_source\tracking\nflverse\roster\roster_2026.csv,2026-08-01,00-0038984,Kei'Trel Clark,ARI
00-0033307,Kendrick Bourne,ARI,WR,2026,2026-08-01,ARI,Arizona Cardinals,Kendrick Bourne,WR,nflverse_roster,C:\Users\tempadmin\OneDrive\Coding\Syndicate\data\nfl_source\tracking\nflverse\roster\roster_2026.csv,2026-08-01,00-0033307,Kendrick Bourne,ARI
00-0040230,Kitan Crawford,ARI,DB,2026,2026-08-01,ARI,Arizona Cardinals,Kitan Crawford,DB,nflverse_roster,C:\Users\tempadmin\OneDrive\Coding\Syndicate\data\nfl_source\tracking\nflverse\roster\roster_2026.csv,2026-08-01,00-0040230,Kitan Crawford,ARI
00-0035636,L.J. Collier,ARI,DL,2026,2026-08-01,ARI,Arizona Cardinals,L.J. Collier,DL,nflverse_roster,C:\Users\tempadmin\OneDrive\Coding\Syndicate\data\nfl_source\tracking\nflverse\roster\roster_2026.csv,2026-08-01,00-0035636,L.J. Collier,ARI
00-0035144,Mack Wilson,ARI,LB,2026,2026-08-01,ARI,Arizona Cardinals,Mack Wilson,LB,nflverse_roster,C:\Users\tempadmin\OneDrive\Coding\Syndicate\data\nfl_source\tracking\nflverse\roster\roster_2026.csv,2026-08-01,00-0035144,Mack Wilson,ARI
00-0039849,Marvin Harrison Jr.,ARI,WR,2026,2026-08-01,ARI,Arizona Cardinals,Marvin Harrison Jr.,WR,nflverse_roster,C:\Users\tempadmin\OneDrive\Coding\Syndicate\data\nfl_source\tracking\nflverse\roster\roster_2026.csv,2026-08-01,00-0039849,Marvin Harrison Jr.,ARI
00-0034417,Matt Pryor,ARI,OL,2026,2026-08-01,ARI,Arizona Cardinals,Matt Pryor,OL,nflverse_roster,C:\Users\tempadmin\OneDrive\Coding\Syndicate\data\nfl_source\tracking\nflverse\roster\roster_2026.csv,2026-08-01,00-0034417,Matt Pryor,ARI
00-0039807,Max Melton,ARI,DB,2026,2026-08-01,ARI,Arizona Cardinals,Max Melton,DB,nflverse_roster,C:\Users\tempadmin\OneDrive\Coding\Syndicate\data\nfl_source\tracking\nflverse\roster\roster_2026.csv,2026-08-01,00-0039807,Max Melton,ARI
00-0038559,Michael Wilson,ARI,WR,2026,2026-08-01,ARI,Arizona Cardinals,Michael Wilson,WR,nflverse_roster,C:\Users\tempadmin\OneDrive\Coding\Syndicate\data\nfl_source\tracking\nflverse\roster\roster_2026.csv,2026-08-01,00-0038559,Michael Wilson,ARI
00-0034994,Olisaemeka Udoh,ARI,OL,2026,2026-08-01,ARI,Arizona Cardinals,Olisaemeka Udoh,OL,nflverse_roster,C:\Users\tempadmin\OneDrive\Coding\Syndicate\data\nfl_source\tracking\nflverse\roster\roster_2026.csv,2026-08-01,00-0034994,Olisaemeka Udoh,ARI
00-0038600,Owen Pappoe,ARI,LB,2026,2026-08-01,ARI,Arizona Cardinals,Owen Pappoe,LB,nflverse_roster,C:\Users\tempadmin\OneDrive\Coding\Syndicate\data\nfl_source\tracking\nflverse\roster\roster_2026.csv,2026-08-01,00-0038600,Owen Pappoe,ARI
00-0038795,PJ Mustipher,ARI,DL,2026,2026-08-01,ARI,Arizona Cardinals,PJ Mustipher,DL,nflverse_roster,C:\Users\tempadmin\OneDrive\Coding\Syndicate\data\nfl_source\tracking\nflverse\roster\roster_2026.csv,2026-08-01,00-0038795,PJ Mustipher,ARI
00-0038540,Paris Johnson Jr.,ARI,OL,2026,2026-08-01,ARI,Arizona Cardinals,Paris Johnson Jr.,OL,nflverse_roster,C:\Users\tempadmin\OneDrive\Coding\Syndicate\data\nfl_source\tracking\nflverse\roster\roster_2026.csv,2026-08-01,00-0038540,Paris Johnson Jr.,ARI
00-0041070,Reggie Virgil,ARI,WR,2026,2026-08-01,ARI,Arizona Cardinals,Reggie Virgil,WR,nflverse_roster,C:\Users\tempadmin\OneDrive\Coding\Syndicate\data\nfl_source\tracking\nflverse\roster\roster_2026.csv,2026-08-01,00-0041070,Reggie Virgil,ARI
00-0040046,Rivaldo Fairweather,ARI,TE,2026,2026-08-01,ARI,Arizona Cardinals,Rivaldo Fairweather,TE,nflverse_roster,C:\Users\tempadmin\OneDrive\Coding\Syndicate\data\nfl_source\tracking\nflverse\roster\roster_2026.csv,2026-08-01,00-0040046,Rivaldo Fairweather,ARI
00-0036568,Roy Lopez,ARI,DL,2026,2026-08-01,ARI,Arizona Cardinals,Roy Lopez,DL,nflverse_roster,C:\Users\tempadmin\OneDrive\Coding\Syndicate\data\nfl_source\tracking\nflverse\roster\roster_2026.csv,2026-08-01,00-0036568,Roy Lopez,ARI
00-0035239,Sean Murphy-Bunting,ARI,DB,2026,2026-08-01,ARI,Arizona Cardinals,Sean Murphy-Bunting,DB,nflverse_roster,C:\Users\tempadmin\OneDrive\Coding\Syndicate\data\nfl_source\tracking\nflverse\roster\roster_2026.csv,2026-08-01,00-0035239,Sean Murphy-Bunting,ARI
00-0036646,Simi Fehoko,ARI,WR,2026,2026-08-01,ARI,Arizona Cardinals,Simi Fehoko,WR,nflverse_roster,C:\Users\tempadmin\OneDrive\Coding\Syndicate\data\nfl_source\tracking\nflverse\roster\roster_2026.csv,2026-08-01,00-0036646,Simi Fehoko,ARI
00-0038663,Starling Thomas V,ARI,DB,2026,2026-08-01,ARI,Arizona Cardinals,Starling Thomas V,DB,nflverse_roster,C:\Users\tempadmin\OneDrive\Coding\Syndicate\data\nfl_source\tracking\nflverse\roster\roster_2026.csv,2026-08-01,00-0038663,Starling Thomas V,ARI
00-0041473,Stephen Dix,ARI,LB,2026,2026-08-01,ARI,Arizona Cardinals,Stephen Dix,LB,nflverse_roster,C:\Users\tempadmin\OneDrive\Coding\Syndicate\data\nfl_source\tracking\nflverse\roster\roster_2026.csv,2026-08-01,00-0041473,Stephen Dix,ARI
00-0037277,Teagan Quitoriano,ARI,TE,2026,2026-08-01,ARI,Arizona Cardinals,Teagan Quitoriano,TE,nflverse_roster,C:\Users\tempadmin\OneDrive\Coding\Syndicate\data\nfl_source\tracking\nflverse\roster\roster_2026.csv,2026-08-01,00-0037277,Teagan Quitoriano,ARI
00-0039397,Tejhaun Palmer,ARI,WR,2026,2026-08-01,ARI,Arizona Cardinals,Tejhaun Palmer,WR,nflverse_roster,C:\Users\tempadmin\OneDrive\Coding\Syndicate\data\nfl_source\tracking\nflverse\roster\roster_2026.csv,2026-08-01,00-0039397,Tejhaun Palmer,ARI
00-0039737,Tip Reiman,ARI,TE,2026,2026-08-01,ARI,Arizona Cardinals,Tip Reiman,TE,nflverse_roster,C:\Users\tempadmin\OneDrive\Coding\Syndicate\data\nfl_source\tracking\nflverse\roster\roster_2026.csv,2026-08-01,00-0039737,Tip Reiman,ARI
00-0039921,Trey Benson,ARI,RB,2026,2026-08-01,ARI,Arizona Cardinals,Trey Benson,RB,nflverse_roster,C:\Users\tempadmin\OneDrive\Coding\Syndicate\data\nfl_source\tracking\nflverse\roster\roster_2026.csv,2026-08-01,00-0039921,Trey Benson,ARI
00-0037744,Trey McBride,ARI,TE,2026,2026-08-01,ARI,Arizona Cardinals,Trey McBride,TE,nflverse_roster,C:\Users\tempadmin\OneDrive\Coding\Syndicate\data\nfl_source\tracking\nflverse\roster\roster_2026.csv,2026-08-01,00-0037744,Trey McBride,ARI
00-0037263,Tyler Allgeier,ARI,RB,2026,2026-08-01,ARI,Arizona Cardinals,Tyler Allgeier,RB,nflverse_roster,C:\Users\tempadmin\OneDrive\Coding\Syndicate\data\nfl_source\tracking\nflverse\roster\roster_2026.csv,2026-08-01,00-0037263,Tyler Allgeier,ARI
00-0040765,Valentin Senn,ARI,OL,2026,2026-08-01,ARI,Arizona Cardinals,Valentin Senn,OL,nflverse_roster,C:\Users\tempadmin\OneDrive\Coding\Syndicate\data\nfl_source\tracking\nflverse\roster\roster_2026.csv,2026-08-01,00-0040765,Valentin Senn,ARI
00-0040706,Walter Nolen,ARI,DL,2026,2026-08-01,ARI,Arizona Cardinals,Walter Nolen,DL,nflverse_roster,C:\Users\tempadmin\OneDrive\Coding\Syndicate\data\nfl_source\tracking\nflverse\roster\roster_2026.csv,2026-08-01,00-0040706,Walter Nolen,ARI
00-0040751,Will Johnson,ARI,DB,2026,2026-08-01,ARI,Arizona Cardinals,Will Johnson,DB,nflverse_roster,C:\Users\tempadmin\OneDrive\Coding\Syndicate\data\nfl_source\tracking\nflverse\roster\roster_2026.csv,2026-08-01,00-0040751,Will Johnson,ARI
00-0041370,Wydett Williams,ARI,DB,2026,2026-08-01,ARI,Arizona Cardinals,Wydett Williams,DB,nflverse_roster,C:\Users\tempadmin\OneDrive\Coding\Syndicate\data\nfl_source\tracking\nflverse\roster\roster_2026.csv,2026-08-01,00-0041370,Wydett Williams,ARI
00-0039521,Xavier Weaver,ARI,WR,2026,2026-08-01,ARI,Arizona Cardinals,Xavier Weaver,WR,nflverse_roster,C:\Users\tempadmin\OneDrive\Coding\Syndicate\data\nfl_source\tracking\nflverse\roster\roster_2026.csv,2026-08-01,00-0039521,Xavier Weaver,ARI
00-0037804,Zachary Carter,ARI,DL,2026,2026-08-01,ARI,Arizona Cardinals,Zachary Carter,DL,nflverse_roster,C:\Users\tempadmin\OneDrive\Coding\Syndicate\data\nfl_source\tracking\nflverse\roster\roster_2026.csv,2026-08-01,00-0037804,Zachary Carter,ARI
00-0036933,Zaven Collins,ARI,LB,2026,2026-08-01,ARI,Arizona Cardinals,Zaven Collins,LB,nflverse_roster,C:\Users\tempadmin\OneDrive\Coding\Syndicate\data\nfl_source\tracking\nflverse\roster\roster_2026.csv,2026-08-01,00-0036933,Zaven Collins,ARI
00-0036285,A.J. Terrell,ATL,DB,2026,2026-08-01,ATL,Atlanta Falcons,A.J. Terrell,DB,nflverse_roster,C:\Users\tempadmin\OneDrive\Coding\Syndicate\data\nfl_source\tracking\nflverse\roster\roster_2026.csv,2026-08-01,00-0036285,A.J. Terrell,ATL
00-0039685,A.J. Woods,ATL,DB,2026,2026-08-01,ATL,Atlanta Falcons,A.J. Woods,DB,nflverse_roster,C:\Users\tempadmin\OneDrive\Coding\Syndicate\data\nfl_source\tracking\nflverse\roster\roster_2026.csv,2026-08-01,00-0039685,A.J. Woods,ATL
00-0037620,Andrew Stueber,ATL,OL,2026,2026-08-01,ATL,Atlanta Falcons,Andrew Stueber,OL,nflverse_roster,C:\Users\tempadmin\OneDrive\Coding\Syndicate\data\nfl_source\tracking\nflverse\roster\roster_2026.csv,2026-08-01,00-0037620,Andrew Stueber,ATL
00-0041484,Anterio Thompson,ATL,DL,2026,2026-08-01,ATL,Atlanta Falcons,Anterio Thompson,DL,nflverse_roster,C:\Users\tempadmin\OneDrive\Coding\Syndicate\data\nfl_source\tracking\nflverse\roster\roster_2026.csv,2026-08-01,00-0041484,Anterio Thompson,ATL
00-0032392,Austin Hooper,ATL,TE,2026,2026-08-01,ATL,Atlanta Falcons,Austin Hooper,TE,nflverse_roster,C:\Users\tempadmin\OneDrive\Coding\Syndicate\data\nfl_source\tracking\nflverse\roster\roster_2026.csv,2026-08-01,00-0032392,Austin Hooper,ATL
00-0041469,Avieon Terrell,ATL,DB,2026,2026-08-01,ATL,Atlanta Falcons,Avieon Terrell,DB,nflverse_roster,C:\Users\tempadmin\OneDrive\Coding\Syndicate\data\nfl_source\tracking\nflverse\roster\roster_2026.csv,2026-08-01,00-0041469,Avieon Terrell,ATL
00-0036552,Azeez Ojulari,ATL,LB,2026,2026-08-01,ATL,Atlanta Falcons,Azeez Ojulari,LB,nflverse_roster,C:\Users\tempadmin\OneDrive\Coding\Syndicate\data\nfl_source\tracking\nflverse\roster\roster_2026.csv,2026-08-01,00-0036552,Azeez Ojulari,ATL
00-0038542,Bijan Robinson,ATL,RB,2026,2026-08-01,ATL,Atlanta Falcons,Bijan Robinson,RB,nflverse_roster,C:\Users\tempadmin\OneDrive\Coding\Syndicate\data\nfl_source\tracking\nflverse\roster\roster_2026.csv,2026-08-01,00-0038542,Bijan Robinson,ATL
00-0040156,Billy Bowman Jr.,ATL,DB,2026,2026-08-01,ATL,Atlanta Falcons,Billy Bowman Jr.,DB,nflverse_roster,C:\Users\tempadmin\OneDrive\Coding\Syndicate\data\nfl_source\tracking\nflverse\roster\roster_2026.csv,2026-08-01,00-0040156,Billy Bowman Jr.,ATL
00-0039837,Bralen Trice,ATL,LB,2026,2026-08-01,ATL,Atlanta Falcons,Bralen Trice,LB,nflverse_roster,C:\Users\tempadmin\OneDrive\Coding\Syndicate\data\nfl_source\tracking\nflverse\roster\roster_2026.csv,2026-08-01,00-0039837,Bralen Trice,ATL
00-0039859,Brandon Dorlus,ATL,DL,2026,2026-08-01,ATL,Atlanta Falcons,Brandon Dorlus,DL,nflverse_roster,C:\Users\tempadmin\OneDrive\Coding\Syndicate\data\nfl_source\tracking\nflverse\roster\roster_2026.csv,2026-08-01,00-0039859,Brandon Dorlus,ATL
00-0036123,Brandon Walton,ATL,OL,2026,2026-08-01,ATL,Atlanta Falcons,Brandon Walton,OL,nflverse_roster,C:\Users\tempadmin\OneDrive\Coding\Syndicate\data\nfl_source\tracking\nflverse\roster\roster_2026.csv,2026-08-01,00-0036123,Brandon Walton,ATL
00-0037746,Brian Robinson,ATL,RB,2026,2026-08-01,ATL,Atlanta Falcons,Brian Robinson,RB,nflverse_roster,C:\Users\tempadmin\OneDrive\Coding\Syndicate\data\nfl_source\tracking\nflverse\roster\roster_2026.csv,2026-08-01,00-0037746,Brian Robinson,ATL
00-0036281,C.J. Henderson,ATL,DB,2026,2026-08-01,ATL,Atlanta Falcons,C.J. Henderson,DB,nflverse_roster,C:\Users\tempadmin\OneDrive\Coding\Syndicate\data\nfl_source\tracking\nflverse\roster\roster_2026.csv,2026-08-01,00-0036281,C.J. Henderson,ATL
00-0041193,C.J. Nunnally,ATL,DL,2026,2026-08-01,ATL,Atlanta Falcons,C.J. Nunnally,DL,nflverse_roster,C:\Users\tempadmin\OneDrive\Coding\Syndicate\data\nfl_source\tracking\nflverse\roster\roster_2026.csv,2026-08-01,00-0041193,C.J. Nunnally,ATL
00-0037815,Cameron Thomas,ATL,DL,2026,2026-08-01,ATL,Atlanta Falcons,Cameron Thomas,DL,nflverse_roster,C:\Users\tempadmin\OneDrive\Coding\Syndicate\data\nfl_source\tracking\nflverse\roster\roster_2026.csv,2026-08-01,00-0037815,Cameron Thomas,ATL
00-0041184,Carlos Allen,ATL,DL,2026,2026-08-01,ATL,Atlanta Falcons,Carlos Allen,DL,nflverse_roster,C:\Users\tempadmin\OneDrive\Coding\Syndicate\data\nfl_source\tracking\nflverse\roster\roster_2026.csv,2026-08-01,00-0041184,Carlos Allen,ATL
00-0039394,Casey Washington,ATL,WR,2026,2026-08-01,ATL,Atlanta Falcons,Casey Washington,WR,nflverse_roster,C:\Users\tempadmin\OneDrive\Coding\Syndicate\data\nfl_source\tracking\nflverse\roster\roster_2026.csv,2026-08-01,00-0039394,Casey Washington,ATL
00-0041191,Cash Jones,ATL,RB,2026,2026-08-01,ATL,Atlanta Falcons,Cash Jones,RB,nflverse_roster,C:\Users\tempadmin\OneDrive\Coding\Syndicate\data\nfl_source\tracking\nflverse\roster\roster_2026.csv,2026-08-01,00-0041191,Cash Jones,ATL
00-0037813,Channing Tindall,ATL,LB,2026,2026-08-01,ATL,Atlanta Falcons,Channing Tindall,LB,nflverse_roster,C:\Users\tempadmin\OneDrive\Coding\Syndicate\data\nfl_source\tracking\nflverse\roster\roster_2026.csv,2026-08-01,00-0037813,Channing Tindall,ATL
00-0036429,Charlie Woerner,ATL,TE,2026,2026-08-01,ATL,Atlanta Falcons,Charlie Woerner,TE,nflverse_roster,C:\Users\tempadmin\OneDrive\Coding\Syndicate\data\nfl_source\tracking\nflverse\roster\roster_2026.csv,2026-08-01,00-0036429,Charlie Woerner,ATL
00-0036463,Chris Blair,ATL,WR,2026,2026-08-01,ATL,Atlanta Falcons,Chris Blair,WR,nflverse_roster,C:\Users\tempadmin\OneDrive\Coding\Syndicate\data\nfl_source\tracking\nflverse\roster\roster_2026.csv,2026-08-01,00-0036463,Chris Blair,ATL
00-0035630,Chris Lindstrom,ATL,OL,2026,2026-08-01,ATL,Atlanta Falcons,Chris Lindstrom,OL,nflverse_roster,C:\Users\tempadmin\OneDrive\Coding\Syndicate\data\nfl_source\tracking\nflverse\roster\roster_2026.csv,2026-08-01,00-0035630,Chris Lindstrom,ATL
00-0035857,Chris Williams,ATL,DL,2026,2026-08-01,ATL,Atlanta Falcons,Chris Williams,DL,nflverse_roster,C:\Users\tempadmin\OneDrive\Coding\Syndicate\data\nfl_source\tracking\nflverse\roster\roster_2026.csv,2026-08-01,00-0035857,Chris Williams,ATL
00-0037823,Christian Harris,ATL,LB,2026,2026-08-01,ATL,Atlanta Falcons,Christian Harris,LB,nflverse_roster,C:\Users\tempadmin\OneDrive\Coding\Syndicate\data\nfl_source\tracking\nflverse\roster\roster_2026.csv,2026-08-01,00-0037823,Christian Harris,ATL
00-0038568,Clark Phillips III,ATL,DB,2026,2026-08-01,ATL,Atlanta Falcons,Clark Phillips III,DB,nflverse_roster,C:\Users\tempadmin\OneDrive\Coding\Syndicate\data\nfl_source\tracking\nflverse\roster\roster_2026.csv,2026-08-01,00-0038568,Clark Phillips III,ATL
00-0040546,Cobee Bryant,ATL,DB,2026,2026-08-01,ATL,Atlanta Falcons,Cobee Bryant,DB,nflverse_roster,C:\Users\tempadmin\OneDrive\Coding\Syndicate\data\nfl_source\tracking\nflverse\roster\roster_2026.csv,2026-08-01,00-0040546,Cobee Bryant,ATL
00-0033793,Corey Levin,ATL,OL,2026,2026-08-01,ATL,Atlanta Falcons,Corey Levin,OL,nflverse_roster,C:\Users\tempadmin\OneDrive\Coding\Syndicate\data\nfl_source\tracking\nflverse\roster\roster_2026.csv,2026-08-01,00-0033793,Corey Levin,ATL
00-0034371,Da'Shawn Hand,ATL,DL,2026,2026-08-01,ATL,Atlanta Falcons,Da'Shawn Hand,DL,nflverse_roster,C:\Users\tempadmin\OneDrive\Coding\Syndicate\data\nfl_source\tracking\nflverse\roster\roster_2026.csv,2026-08-01,00-0034371,Da'Shawn Hand,ATL
00-0036394,Darnay Holmes,ATL,DB,2026,2026-08-01,ATL,Atlanta Falcons,Darnay Holmes,DB,nflverse_roster,C:\Users\tempadmin\OneDrive\Coding\Syndicate\data\nfl_source\tracking\nflverse\roster\roster_2026.csv,2026-08-01,00-0036394,Darnay Holmes,ATL
00-0036956,Darren Hall,ATL,DB,2026,2026-08-01,ATL,Atlanta Falcons,Darren Hall,DB,nflverse_roster,C:\Users\tempadmin\OneDrive\Coding\Syndicate\data\nfl_source\tracking\nflverse\roster\roster_2026.csv,2026-08-01,00-0036956,Darren Hall,ATL
00-0041409,Daveren Rayner,ATL,LB,2026,2026-08-01,ATL,Atlanta Falcons,Daveren Rayner,LB,nflverse_roster,C:\Users\tempadmin\OneDrive\Coding\Syndicate\data\nfl_source\tracking\nflverse\roster\roster_2026.csv,2026-08-01,00-0041409,Daveren Rayner,ATL
00-0037808,DeAngelo Malone,ATL,LB,2026,2026-08-01,ATL,Atlanta Falcons,DeAngelo Malone,LB,nflverse_roster,C:\Users\tempadmin\OneDrive\Coding\Syndicate\data\nfl_source\tracking\nflverse\roster\roster_2026.csv,2026-08-01,00-0037808,DeAngelo Malone,ATL
00-0038628,DeMarcco Hellams,ATL,DB,2026,2026-08-01,ATL,Atlanta Falcons,DeMarcco Hellams,DB,nflverse_roster,C:\Users\tempadmin\OneDrive\Coding\Syndicate\data\nfl_source\tracking\nflverse\roster\roster_2026.csv,2026-08-01,00-0038628,DeMarcco Hellams,ATL
00-0036990,Divine Deablo,ATL,LB,2026,2026-08-01,ATL,Atlanta Falcons,Divine Deablo,LB,nflverse_roster,C:\Users\tempadmin\OneDrive\Coding\Syndicate\data\nfl_source\tracking\nflverse\roster\roster_2026.csv,2026-08-01,00-0036990,Divine Deablo,ATL
00-0037238,Drake London,ATL,WR,2026,2026-08-01,ATL,Atlanta Falcons,Drake London,WR,nflverse_roster,C:\Users\tempadmin\OneDrive\Coding\Syndicate\data\nfl_source\tracking\nflverse\roster\roster_2026.csv,2026-08-01,00-0037238,Drake London,ATL
00-0038953,Dylan Drummond,ATL,WR,2026,2026-08-01,ATL,Atlanta Falcons,Dylan Drummond,WR,nflverse_roster,C:\Users\tempadmin\OneDrive\Coding\Syndicate\data\nfl_source\tracking\nflverse\roster\roster_2026.csv,2026-08-01,00-0038953,Dylan Drummond,ATL
00-0037051,Elijah Garcia,ATL,DL,2026,2026-08-01,ATL,Atlanta Falcons,Elijah Garcia,DL,nflverse_roster,C:\Users\tempadmin\OneDrive\Coding\Syndicate\data\nfl_source\tracking\nflverse\roster\roster_2026.csv,2026-08-01,00-0037051,Elijah Garcia,ATL
00-0041121,Ethan Onianwa,ATL,OL,2026,2026-08-01,ATL,Atlanta Falcons,Ethan Onianwa,OL,nflverse_roster,C:\Users\tempadmin\OneDrive\Coding\Syndicate\data\nfl_source\tracking\nflverse\roster\roster_2026.csv,2026-08-01,00-0041121,Ethan Onianwa,ATL
00-0041112,Harold Perkins,ATL,LB,2026,2026-08-01,ATL,Atlanta Falcons,Harold Perkins,LB,nflverse_roster,C:\Users\tempadmin\OneDrive\Coding\Syndicate\data\nfl_source\tracking\nflverse\roster\roster_2026.csv,2026-08-01,00-0041112,Harold Perkins,ATL
00-0039370,JD Bertrand,ATL,LB,2026,2026-08-01,ATL,Atlanta Falcons,JD Bertrand,LB,nflverse_roster,C:\Users\tempadmin\OneDrive\Coding\Syndicate\data\nfl_source\tracking\nflverse\roster\roster_2026.csv,2026-08-01,00-0039370,JD Bertrand,ATL
00-0040224,Jack Nelson,ATL,OL,2026,2026-08-01,ATL,Atlanta Falcons,Jack Nelson,OL,nflverse_roster,C:\Users\tempadmin\OneDrive\Coding\Syndicate\data\nfl_source\tracking\nflverse\roster\roster_2026.csv,2026-08-01,00-0040224,Jack Nelson,ATL
00-0041194,Jack Strand,ATL,QB,2026,2026-08-01,ATL,Atlanta Falcons,Jack Strand,QB,nflverse_roster,C:\Users\tempadmin\OneDrive\Coding\Syndicate\data\nfl_source\tracking\nflverse\roster\roster_2026.csv,2026-08-01,00-0041194,Jack Strand,ATL
00-0041195,Jack Velling,ATL,TE,2026,2026-08-01,ATL,Atlanta Falcons,Jack Velling,TE,nflverse_roster,C:\Users\tempadmin\OneDrive\Coding\Syndicate\data\nfl_source\tracking\nflverse\roster\roster_2026.csv,2026-08-01,00-0041195,Jack Velling,ATL
00-0037741,Jahan Dotson,ATL,WR,2026,2026-08-01,ATL,Atlanta Falcons,Jahan Dotson,WR,nflverse_roster,C:\Users\tempadmin\OneDrive\Coding\Syndicate\data\nfl_source\tracking\nflverse\roster\roster_2026.csv,2026-08-01,00-0037741,Jahan Dotson,ATL
00-0035280,Jake Bailey,ATL,P,2026,2026-08-01,ATL,Atlanta Falcons,Jake Bailey,P,nflverse_roster,C:\Users\tempadmin\OneDrive\Coding\Syndicate\data\nfl_source\tracking\nflverse\roster\roster_2026.csv,2026-08-01,00-0035280,Jake Bailey,ATL
00-0031279,Jake Matthews,ATL,OL,2026,2026-08-01,ATL,Atlanta Falcons,Jake Matthews,OL,nflverse_roster,C:\Users\tempadmin\OneDrive\Coding\Syndicate\data\nfl_source\tracking\nflverse\roster\roster_2026.csv,2026-08-01,00-0031279,Jake Matthews,ATL
00-0040577,Jalon Walker,ATL,LB,2026,2026-08-01,ATL,Atlanta Falcons,Jalon Walker,LB,nflverse_roster,C:\Users\tempadmin\OneDrive\Coding\Syndicate\data\nfl_source\tracking\nflverse\roster\roster_2026.csv,2026-08-01,00-0040577,Jalon Walker,ATL
00-0041186,James Brockermeyer,ATL,OL,2026,2026-08-01,ATL,Atlanta Falcons,James Brockermeyer,OL,nflverse_roster,C:\Users\tempadmin\OneDrive\Coding\Syndicate\data\nfl_source\tracking\nflverse\roster\roster_2026.csv,2026-08-01,00-0041186,James Brockermeyer,ATL
00-0040578,James Pearce Jr.,ATL,LB,2026,2026-08-01,ATL,Atlanta Falcons,James Pearce Jr.,LB,nflverse_roster,C:\Users\tempadmin\OneDrive\Coding\Syndicate\data\nfl_source\tracking\nflverse\roster\roster_2026.csv,2026-08-01,00-0040578,James Pearce Jr.,ATL
00-0038587,Jammie Robinson,ATL,DB,2026,2026-08-01,ATL,Atlanta Falcons,Jammie Robinson,DB,nflverse_roster,C:\Users\tempadmin\OneDrive\Coding\Syndicate\data\nfl_source\tracking\nflverse\roster\roster_2026.csv,2026-08-01,00-0038587,Jammie Robinson,ATL
00-0035237,Jawaan Taylor,ATL,OL,2026,2026-08-01,ATL,Atlanta Falcons,Jawaan Taylor,OL,nflverse_roster,C:\Users\tempadmin\OneDrive\Coding\Syndicate\data\nfl_source\tracking\nflverse\roster\roster_2026.csv,2026-08-01,00-0035237,Jawaan Taylor,ATL
00-0034675,Jessie Bates,ATL,DB,2026,2026-08-01,ATL,Atlanta Falcons,Jessie Bates,DB,nflverse_roster,C:\Users\tempadmin\OneDrive\Coding\Syndicate\data\nfl_source\tracking\nflverse\roster\roster_2026.csv,2026-08-01,00-0034675,Jessie Bates,ATL
00-0040552,Joshua Simon,ATL,TE,2026,2026-08-01,ATL,Atlanta Falcons,Joshua Simon,TE,nflverse_roster,C:\Users\tempadmin\OneDrive\Coding\Syndicate\data\nfl_source\tracking\nflverse\roster\roster_2026.csv,2026-08-01,00-0040552,Joshua Simon,ATL
00-0035235,Kaleb McGary,ATL,OL,2026,2026-08-01,ATL,Atlanta Falcons,Kaleb McGary,OL,nflverse_roster,C:\Users\tempadmin\OneDrive\Coding\Syndicate\data\nfl_source\tracking\nflverse\roster\roster_2026.csv,2026-08-01,00-0035235,Kaleb McGary,ATL
00-0041276,Kam Dewberry,ATL,OL,2026,2026-08-01,ATL,Atlanta Falcons,Kam Dewberry,OL,nflverse_roster,C:\Users\tempadmin\OneDrive\Coding\Syndicate\data\nfl_source\tracking\nflverse\roster\roster_2026.csv,2026-08-01,00-0041276,Kam Dewberry,ATL
00-0041266,Keelan Marion,ATL,WR,2026,2026-08-01,ATL,Atlanta Falcons,Keelan Marion,WR,nflverse_roster,C:\Users\tempadmin\OneDrive\Coding\Syndicate\data\nfl_source\tracking\nflverse\roster\roster_2026.csv,2026-08-01,00-0041266,Keelan Marion,ATL
00-0041066,Kendal Daniels,ATL,LB,2026,2026-08-01,ATL,Atlanta Falcons,Kendal Daniels,LB,nflverse_roster,C:\Users\tempadmin\OneDrive\Coding\Syndicate\data\nfl_source\tracking\nflverse\roster\roster_2026.csv,2026-08-01,00-0041066,Kendal Daniels,ATL
00-0036354,Kyle Hinton,ATL,OL,2026,2026-08-01,ATL,Atlanta Falcons,Kyle Hinton,OL,nflverse_roster,C:\Users\tempadmin\OneDrive\Coding\Syndicate\data\nfl_source\tracking\nflverse\roster\roster_2026.csv,2026-08-01,00-0036354,Kyle Hinton,ATL
00-0036970,Kyle Pitts,ATL,TE,2026,2026-08-01,ATL,Atlanta Falcons,Kyle Pitts,TE,nflverse_roster,C:\Users\tempadmin\OneDrive\Coding\Syndicate\data\nfl_source\tracking\nflverse\roster\roster_2026.csv,2026-08-01,00-0036970,Kyle Pitts,ATL
00-0036204,LaCale London,ATL,DL,2026,2026-08-01,ATL,Atlanta Falcons,LaCale London,DL,nflverse_roster,C:\Users\tempadmin\OneDrive\Coding\Syndicate\data\nfl_source\tracking\nflverse\roster\roster_2026.csv,2026-08-01,00-0036204,LaCale London,ATL
00-0039887,Layden Robinson,ATL,OL,2026,2026-08-01,ATL,Atlanta Falcons,Layden Robinson,OL,nflverse_roster,C:\Users\tempadmin\OneDrive\Coding\Syndicate\data\nfl_source\tracking\nflverse\roster\roster_2026.csv,2026-08-01,00-0039887,Layden Robinson,ATL
00-0041187,Le'Meke Brockington,ATL,WR,2026,2026-08-01,ATL,Atlanta Falcons,Le'Meke Brockington,WR,nflverse_roster,C:\Users\tempadmin\OneDrive\Coding\Syndicate\data\nfl_source\tracking\nflverse\roster\roster_2026.csv,2026-08-01,00-0041187,Le'Meke Brockington,ATL
00-0036082,Liam McCullough,ATL,LS,2026,2026-08-01,ATL,Atlanta Falcons,Liam McCullough,LS,nflverse_roster,C:\Users\tempadmin\OneDrive\Coding\Syndicate\data\nfl_source\tracking\nflverse\roster\roster_2026.csv,2026-08-01,00-0036082,Liam McCullough,ATL
00-0039889,Maason Smith,ATL,DL,2026,2026-08-01,ATL,Atlanta Falcons,Maason Smith,DL,nflverse_roster,C:\Users\tempadmin\OneDrive\Coding\Syndicate\data\nfl_source\tracking\nflverse\roster\roster_2026.csv,2026-08-01,00-0039889,Maason Smith,ATL
00-0041188,Malcolm DeWalt,ATL,DB,2026,2026-08-01,ATL,Atlanta Falcons,Malcolm DeWalt,DB,nflverse_roster,C:\Users\tempadmin\OneDrive\Coding\Syndicate\data\nfl_source\tracking\nflverse\roster\roster_2026.csv,2026-08-01,00-0041188,Malcolm DeWalt,ATL
00-0040554,Malik Verdon,ATL,LB,2026,2026-08-01,ATL,Atlanta Falcons,Malik Verdon,LB,nflverse_roster,C:\Users\tempadmin\OneDrive\Coding\Syndicate\data\nfl_source\tracking\nflverse\roster\roster_2026.csv,2026-08-01,00-0040554,Malik Verdon,ATL
00-0039048,Matthew Bergeron,ATL,OL,2026,2026-08-01,ATL,Atlanta Falcons,Matthew Bergeron,OL,nflverse_roster,C:\Users\tempadmin\OneDrive\Coding\Syndicate\data\nfl_source\tracking\nflverse\roster\roster_2026.csv,2026-08-01,00-0039048,Matthew Bergeron,ATL
00-0039842,Michael Jerrell,ATL,OL,2026,2026-08-01,ATL,Atlanta Falcons,Michael Jerrell,OL,nflverse_roster,C:\Users\tempadmin\OneDrive\Coding\Syndicate\data\nfl_source\tracking\nflverse\roster\roster_2026.csv,2026-08-01,00-0039842,Michael Jerrell,ATL
00-0039917,Michael Penix Jr.,ATL,QB,2026,2026-08-01,ATL,Atlanta Falcons,Michael Penix Jr.,QB,nflverse_roster,C:\Users\tempadmin\OneDrive\Coding\Syndicate\data\nfl_source\tracking\nflverse\roster\roster_2026.csv,2026-08-01,00-0039917,Michael Penix Jr.,ATL
00-0034639,Mike Ford,ATL,DB,2026,2026-08-01,ATL,Atlanta Falcons,Mike Ford,DB,nflverse_roster,C:\Users\tempadmin\OneDrive\Coding\Syndicate\data\nfl_source\tracking\nflverse\roster\roster_2026.csv,2026-08-01,00-0034639,Mike Ford,ATL
00-0034843,Mike Hughes,ATL,DB,2026,2026-08-01,ATL,Atlanta Falcons,Mike Hughes,DB,nflverse_roster,C:\Users\tempadmin\OneDrive\Coding\Syndicate\data\nfl_source\tracking\nflverse\roster\roster_2026.csv,2026-08-01,00-0034843,Mike Hughes,ATL
00-0040547,Nate Carter,ATL,RB,2026,2026-08-01,ATL,Atlanta Falcons,Nate Carter,RB,nflverse_roster,C:\Users\tempadmin\OneDrive\Coding\Syndicate\data\nfl_source\tracking\nflverse\roster\roster_2026.csv,2026-08-01,00-0040547,Nate Carter,ATL
00-0038966,Natrone Brooks,ATL,DB,2026,2026-08-01,ATL,Atlanta Falcons,Natrone Brooks,DB,nflverse_roster,C:\Users\tempadmin\OneDrive\Coding\Syndicate\data\nfl_source\tracking\nflverse\roster\roster_2026.csv,2026-08-01,00-0038966,Natrone Brooks,ATL
00-0025565,Nick Folk,ATL,K,2026,2026-08-01,ATL,Atlanta Falcons,Nick Folk,K,nflverse_roster,C:\Users\tempadmin\OneDrive\Coding\Syndicate\data\nfl_source\tracking\nflverse\roster\roster_2026.csv,2026-08-01,00-0025565,Nick Folk,ATL
00-0035208,Olamide Zaccheaus,ATL,WR,2026,2026-08-01,ATL,Atlanta Falcons,Olamide Zaccheaus,WR,nflverse_roster,C:\Users\tempadmin\OneDrive\Coding\Syndicate\data\nfl_source\tracking\nflverse\roster\roster_2026.csv,2026-08-01,00-0035208,Olamide Zaccheaus,ATL
00-0041189,Philip Florenzo,ATL,LS,2026,2026-08-01,ATL,Atlanta Falcons,Philip Florenzo,LS,nflverse_roster,C:\Users\tempadmin\OneDrive\Coding\Syndicate\data\nfl_source\tracking\nflverse\roster\roster_2026.csv,2026-08-01,00-0041189,Philip Florenzo,ATL
00-0041192,Riley Mahlman,ATL,OL,2026,2026-08-01,ATL,Atlanta Falcons,Riley Mahlman,OL,nflverse_roster,C:\Users\tempadmin\OneDrive\Coding\Syndicate\data\nfl_source\tracking\nflverse\roster\roster_2026.csv,2026-08-01,00-0041192,Riley Mahlman,ATL
00-0036289,Ross Blacklock,ATL,DL,2026,2026-08-01,ATL,Atlanta Falcons,Ross Blacklock,DL,nflverse_roster,C:\Users\tempadmin\OneDrive\Coding\Syndicate\data\nfl_source\tracking\nflverse\roster\roster_2026.csv,2026-08-01,00-0036289,Ross Blacklock,ATL
00-0036833,Ryan Neuzil,ATL,OL,2026,2026-08-01,ATL,Atlanta Falcons,Ryan Neuzil,OL,nflverse_roster,C:\Users\tempadmin\OneDrive\Coding\Syndicate\data\nfl_source\tracking\nflverse\roster\roster_2026.csv,2026-08-01,00-0036833,Ryan Neuzil,ATL
00-0033945,Samson Ebukam,ATL,DL,2026,2026-08-01,ATL,Atlanta Falcons,Samson Ebukam,DL,nflverse_roster,C:\Users\tempadmin\OneDrive\Coding\Syndicate\data\nfl_source\tracking\nflverse\roster\roster_2026.csv,2026-08-01,00-0033945,Samson Ebukam,ATL
00-0033752,Storm Norton,ATL,OL,2026,2026-08-01,ATL,Atlanta Falcons,Storm Norton,OL,nflverse_roster,C:\Users\tempadmin\OneDrive\Coding\Syndicate\data\nfl_source\tracking\nflverse\roster\roster_2026.csv,2026-08-01,00-0033752,Storm Norton,ATL
00-0039002,Sydney Brown,ATL,DB,2026,2026-08-01,ATL,Atlanta Falcons,Sydney Brown,DB,nflverse_roster,C:\Users\tempadmin\OneDrive\Coding\Syndicate\data\nfl_source\tracking\nflverse\roster\roster_2026.csv,2026-08-01,00-0039002,Sydney Brown,ATL
00-0032156,Trevor Siemian,ATL,QB,2026,2026-08-01,ATL,Atlanta Falcons,Trevor Siemian,QB,nflverse_roster,C:\Users\tempadmin\OneDrive\Coding\Syndicate\data\nfl_source\tracking\nflverse\roster\roster_2026.csv,2026-08-01,00-0032156,Trevor Siemian,ATL
00-0037810,Troy Andersen,ATL,LB,2026,2026-08-01,ATL,Atlanta Falcons,Troy Andersen,LB,nflverse_roster,C:\Users\tempadmin\OneDrive\Coding\Syndicate\data\nfl_source\tracking\nflverse\roster\roster_2026.csv,2026-08-01,00-0037810,Troy Andersen,ATL
00-0036212,Tua Tagovailoa,ATL,QB,2026,2026-08-01,ATL,Atlanta Falcons,Tua Tagovailoa,QB,nflverse_roster,C:\Users\tempadmin\OneDrive\Coding\Syndicate\data\nfl_source\tracking\nflverse\roster\roster_2026.csv,2026-08-01,00-0036212,Tua Tagovailoa,ATL
00-0037120,Tyler Goodson,ATL,RB,2026,2026-08-01,ATL,Atlanta Falcons,Tyler Goodson,RB,nflverse_roster,C:\Users\tempadmin\OneDrive\Coding\Syndicate\data\nfl_source\tracking\nflverse\roster\roster_2026.csv,2026-08-01,00-0037120,Tyler Goodson,ATL
00-0041185,Vinny Anthony,ATL,WR,2026,2026-08-01,ATL,Atlanta Falcons,Vinny Anthony,WR,nflverse_roster,C:\Users\tempadmin\OneDrive\Coding\Syndicate\data\nfl_source\tracking\nflverse\roster\roster_2026.csv,2026-08-01,00-0041185,Vinny Anthony,ATL
00-0040148,Xavier Watts,ATL,DB,2026,2026-08-01,ATL,Atlanta Falcons,Xavier Watts,DB,nflverse_roster,C:\Users\tempadmin\OneDrive\Coding\Syndicate\data\nfl_source\tracking\nflverse\roster\roster_2026.csv,2026-08-01,00-0040148,Xavier Watts,ATL
00-0038980,Zach Harrison,ATL,DL,2026,2026-08-01,ATL,Atlanta Falcons,Zach Harrison,DL,nflverse_roster,C:\Users\tempadmin\OneDrive\Coding\Syndicate\data\nfl_source\tracking\nflverse\roster\roster_2026.csv,2026-08-01,00-0038980,Zach Harrison,ATL
00-0041044,Zachariah Branch,ATL,WR,2026,2026-08-01,ATL,Atlanta Falcons,Zachariah Branch,WR,nflverse_roster,C:\Users\tempadmin\OneDrive\Coding\Syndicate\data\nfl_source\tracking\nflverse\roster\roster_2026.csv,2026-08-01,00-0041044,Zachariah Branch,ATL
00-0040982,Aaron Graves,BAL,DL,2026,2026-08-01,BAL,Baltimore Ravens,Aaron Graves,DL,nflverse_roster,C:\Users\tempadmin\OneDrive\Coding\Syndicate\data\nfl_source\tracking\nflverse\roster\roster_2026.csv,2026-08-01,00-0040982,Aaron Graves,BAL
00-0040888,Adam Randall,BAL,RB,2026,2026-08-01,BAL,Baltimore Ravens,Adam Randall,RB,nflverse_roster,C:\Users\tempadmin\OneDrive\Coding\Syndicate\data\nfl_source\tracking\nflverse\roster\roster_2026.csv,2026-08-01,00-0040888,Adam Randall,BAL
00-0039791,Adisa Isaac,BAL,LB,2026,2026-08-01,BAL,Baltimore Ravens,Adisa Isaac,LB,nflverse_roster,C:\Users\tempadmin\OneDrive\Coding\Syndicate\data\nfl_source\tracking\nflverse\roster\roster_2026.csv,2026-08-01,00-0039791,Adisa Isaac,BAL
00-0040076,Aeneas Peebles,BAL,DL,2026,2026-08-01,BAL,Baltimore Ravens,Aeneas Peebles,DL,nflverse_roster,C:\Users\tempadmin\OneDrive\Coding\Syndicate\data\nfl_source\tracking\nflverse\roster\roster_2026.csv,2026-08-01,00-0040076,Aeneas Peebles,BAL
00-0035270,Amani Oruwariye,BAL,DB,2026,2026-08-01,BAL,Baltimore Ravens,Amani Oruwariye,DB,nflverse_roster,C:\Users\tempadmin\OneDrive\Coding\Syndicate\data\nfl_source\tracking\nflverse\roster\roster_2026.csv,2026-08-01,00-0035270,Amani Oruwariye,BAL
00-0038383,Andrew Vorhees,BAL,OL,2026,2026-08-01,BAL,Baltimore Ravens,Andrew Vorhees,OL,nflverse_roster,C:\Users\tempadmin\OneDrive\Coding\Syndicate\data\nfl_source\tracking\nflverse\roster\roster_2026.csv,2026-08-01,00-0038383,Andrew Vorhees,BAL
00-0039176,Basil Okoye,BAL,DL,2026,2026-08-01,BAL,Baltimore Ravens,Basil Okoye,DL,nflverse_roster,C:\Users\tempadmin\OneDrive\Coding\Syndicate\data\nfl_source\tracking\nflverse\roster\roster_2026.csv,2026-08-01,00-0039176,Basil Okoye,BAL
00-0040073,Bilhal Kone,BAL,DB,2026,2026-08-01,BAL,Baltimore Ravens,Bilhal Kone,DB,nflverse_roster,C:\Users\tempadmin\OneDrive\Coding\Syndicate\data\nfl_source\tracking\nflverse\roster\roster_2026.csv,2026-08-01,00-0040073,Bilhal Kone,BAL
00-0036081,Broderick Washington,BAL,DL,2026,2026-08-01,BAL,Baltimore Ravens,Broderick Washington,DL,nflverse_roster,C:\Users\tempadmin\OneDrive\Coding\Syndicate\data\nfl_source\tracking\nflverse\roster\roster_2026.csv,2026-08-01,00-0036081,Broderick Washington,BAL
00-0026190,Calais Campbell,BAL,DL,2026,2026-08-01,BAL,Baltimore Ravens,Calais Campbell,DL,nflverse_roster,C:\Users\tempadmin\OneDrive\Coding\Syndicate\data\nfl_source\tracking\nflverse\roster\roster_2026.csv,2026-08-01,00-0026190,Calais Campbell,BAL
00-0039460,Carl Jones,BAL,LB,2026,2026-08-01,BAL,Baltimore Ravens,Carl Jones,LB,nflverse_roster,C:\Users\tempadmin\OneDrive\Coding\Syndicate\data\nfl_source\tracking\nflverse\roster\roster_2026.csv,2026-08-01,00-0039460,Carl Jones,BAL
00-0040070,Carson Vinson,BAL,OL,2026,2026-08-01,BAL,Baltimore Ravens,Carson Vinson,OL,nflverse_roster,C:\Users\tempadmin\OneDrive\Coding\Syndicate\data\nfl_source\tracking\nflverse\roster\roster_2026.csv,2026-08-01,00-0040070,Carson Vinson,BAL
00-0040885,Chandler Rivers,BAL,DB,2026,2026-08-01,BAL,Baltimore Ravens,Chandler Rivers,DB,nflverse_roster,C:\Users\tempadmin\OneDrive\Coding\Syndicate\data\nfl_source\tracking\nflverse\roster\roster_2026.csv,2026-08-01,00-0040885,Chandler Rivers,BAL
00-0033548,Chidobe Awuzie,BAL,DB,2026,2026-08-01,BAL,Baltimore Ravens,Chidobe Awuzie,DB,nflverse_roster,C:\Users\tempadmin\OneDrive\Coding\Syndicate\data\nfl_source\tracking\nflverse\roster\roster_2026.csv,2026-08-01,00-0033548,Chidobe Awuzie,BAL
00-0039242,Corey Bullock,BAL,OL,2026,2026-08-01,BAL,Baltimore Ravens,Corey Bullock,OL,nflverse_roster,C:\Users\tempadmin\OneDrive\Coding\Syndicate\data\nfl_source\tracking\nflverse\roster\roster_2026.csv,2026-08-01,00-0039242,Corey Bullock,BAL
00-0039437,Cornelius Johnson,BAL,WR,2026,2026-08-01,BAL,Baltimore Ravens,Cornelius Johnson,WR,nflverse_roster,C:\Users\tempadmin\OneDrive\Coding\Syndicate\data\nfl_source\tracking\nflverse\roster\roster_2026.csv,2026-08-01,00-0039437,Cornelius Johnson,BAL
00-0040977,Cortez Braham,BAL,WR,2026,2026-08-01,BAL,Baltimore Ravens,Cortez Braham,WR,nflverse_roster,C:\Users\tempadmin\OneDrive\Coding\Syndicate\data\nfl_source\tracking\nflverse\roster\roster_2026.csv,2026-08-01,00-0040977,Cortez Braham,BAL
00-0036215,Danny Pinter,BAL,OL,2026,2026-08-01,BAL,Baltimore Ravens,Danny Pinter,OL,nflverse_roster,C:\Users\tempadmin\OneDrive\Coding\Syndicate\data\nfl_source\tracking\nflverse\roster\roster_2026.csv,2026-08-01,00-0036215,Danny Pinter,BAL
00-0039938,David Olajiga,BAL,DL,2026,2026-08-01,BAL,Baltimore Ravens,David Olajiga,DL,nflverse_roster,C:\Users\tempadmin\OneDrive\Coding\Syndicate\data\nfl_source\tracking\nflverse\roster\roster_2026.csv,2026-08-01,00-0039938,David Olajiga,BAL
00-0039259,Dayton Wade,BAL,WR,2026,2026-08-01,BAL,Baltimore Ravens,Dayton Wade,WR,nflverse_roster,C:\Users\tempadmin\OneDrive\Coding\Syndicate\data\nfl_source\tracking\nflverse\roster\roster_2026.csv,2026-08-01,00-0039259,Dayton Wade,BAL
00-0032764,Derrick Henry,BAL,RB,2026,2026-08-01,BAL,Baltimore Ravens,Derrick Henry,RB,nflverse_roster,C:\Users\tempadmin\OneDrive\Coding\Syndicate\data\nfl_source\tracking\nflverse\roster\roster_2026.csv,2026-08-01,00-0032764,Derrick Henry,BAL
00-0039792,Devontez Walker,BAL,WR,2026,2026-08-01,BAL,Baltimore Ravens,Devontez Walker,WR,nflverse_roster,C:\Users\tempadmin\OneDrive\Coding\Syndicate\data\nfl_source\tracking\nflverse\roster\roster_2026.csv,2026-08-01,00-0039792,Devontez Walker,BAL
00-0040985,Diego Pavia,BAL,QB,2026,2026-08-01,BAL,Baltimore Ravens,Diego Pavia,QB,nflverse_roster,C:\Users\tempadmin\OneDrive\Coding\Syndicate\data\nfl_source\tracking\nflverse\roster\roster_2026.csv,2026-08-01,00-0040985,Diego Pavia,BAL
00-0040987,Diego Pounds,BAL,OL,2026,2026-08-01,BAL,Baltimore Ravens,Diego Pounds,OL,nflverse_roster,C:\Users\tempadmin\OneDrive\Coding\Syndicate\data\nfl_source\tracking\nflverse\roster\roster_2026.csv,2026-08-01,00-0040987,Diego Pounds,BAL
00-0040995,Dion Wilson,BAL,DL,2026,2026-08-01,BAL,Baltimore Ravens,Dion Wilson,DL,nflverse_roster,C:\Users\tempadmin\OneDrive\Coding\Syndicate\data\nfl_source\tracking\nflverse\roster\roster_2026.csv,2026-08-01,00-0040995,Dion Wilson,BAL
00-0040980,Dominic DeLuca,BAL,LB,2026,2026-08-01,BAL,Baltimore Ravens,Dominic DeLuca,LB,nflverse_roster,C:\Users\tempadmin\OneDrive\Coding\Syndicate\data\nfl_source\tracking\nflverse\roster\roster_2026.csv,2026-08-01,00-0040980,Dominic DeLuca,BAL
00-0040984,Dontae McMillan,BAL,RB,2026,2026-08-01,BAL,Baltimore Ravens,Dontae McMillan,RB,nflverse_roster,C:\Users\tempadmin\OneDrive\Coding\Syndicate\data\nfl_source\tracking\nflverse\roster\roster_2026.csv,2026-08-01,00-0040984,Dontae McMillan,BAL
00-0034798,Durham Smythe,BAL,TE,2026,2026-08-01,BAL,Baltimore Ravens,Durham Smythe,TE,nflverse_roster,C:\Users\tempadmin\OneDrive\Coding\Syndicate\data\nfl_source\tracking\nflverse\roster\roster_2026.csv,2026-08-01,00-0034798,Durham Smythe,BAL
00-0040876,Elijah Sarratt,BAL,WR,2026,2026-08-01,BAL,Baltimore Ravens,Elijah Sarratt,WR,nflverse_roster,C:\Users\tempadmin\OneDrive\Coding\Syndicate\data\nfl_source\tracking\nflverse\roster\roster_2026.csv,2026-08-01,00-0040876,Elijah Sarratt,BAL
00-0040991,Elijah Tau-Tolliver,BAL,RB,2026,2026-08-01,BAL,Baltimore Ravens,Elijah Tau-Tolliver,RB,nflverse_roster,C:\Users\tempadmin\OneDrive\Coding\Syndicate\data\nfl_source\tracking\nflverse\roster\roster_2026.csv,2026-08-01,00-0040991,Elijah Tau-Tolliver,BAL
00-0040068,Emery Jones Jr.,BAL,OL,2026,2026-08-01,BAL,Baltimore Ravens,Emery Jones Jr.,OL,nflverse_roster,C:\Users\tempadmin\OneDrive\Coding\Syndicate\data\nfl_source\tracking\nflverse\roster\roster_2026.csv,2026-08-01,00-0040068,Emery Jones Jr.,BAL
00-0040978,Ethan Burke,BAL,DL,2026,2026-08-01,BAL,Baltimore Ravens,Ethan Burke,DL,nflverse_roster,C:\Users\tempadmin\OneDrive\Coding\Syndicate\data\nfl_source\tracking\nflverse\roster\roster_2026.csv,2026-08-01,00-0040978,Ethan Burke,BAL
00-0040909,Evan Beerntsen,BAL,OL,2026,2026-08-01,BAL,Baltimore Ravens,Evan Beerntsen,OL,nflverse_roster,C:\Users\tempadmin\OneDrive\Coding\Syndicate\data\nfl_source\tracking\nflverse\roster\roster_2026.csv,2026-08-01,00-0040909,Evan Beerntsen,BAL
00-0040098,Gerad Lichtenhan,BAL,OL,2026,2026-08-01,BAL,Baltimore Ravens,Gerad Lichtenhan,OL,nflverse_roster,C:\Users\tempadmin\OneDrive\Coding\Syndicate\data\nfl_source\tracking\nflverse\roster\roster_2026.csv,2026-08-01,00-0040098,Gerad Lichtenhan,BAL
00-0040870,Ja'Kobi Lane,BAL,WR,2026,2026-08-01,BAL,Baltimore Ravens,Ja'Kobi Lane,WR,nflverse_roster,C:\Users\tempadmin\OneDrive\Coding\Syndicate\data\nfl_source\tracking\nflverse\roster\roster_2026.csv,2026-08-01,00-0040870,Ja'Kobi Lane,BAL
00-0040988,Jahquez Robinson,BAL,DB,2026,2026-08-01,BAL,Baltimore Ravens,Jahquez Robinson,DB,nflverse_roster,C:\Users\tempadmin\OneDrive\Coding\Syndicate\data\nfl_source\tracking\nflverse\roster\roster_2026.csv,2026-08-01,00-0040988,Jahquez Robinson,BAL
00-0040110,Jared Penning,BAL,OL,2026,2026-08-01,BAL,Baltimore Ravens,Jared Penning,OL,nflverse_roster,C:\Users\tempadmin\OneDrive\Coding\Syndicate\data\nfl_source\tracking\nflverse\roster\roster_2026.csv,2026-08-01,00-0040110,Jared Penning,BAL
00-0040100,Jay Higgins,BAL,LB,2026,2026-08-01,BAL,Baltimore Ravens,Jay Higgins,LB,nflverse_roster,C:\Users\tempadmin\OneDrive\Coding\Syndicate\data\nfl_source\tracking\nflverse\roster\roster_2026.csv,2026-08-01,00-0040100,Jay Higgins,BAL
00-0036302,Jaylinn Hawkins,BAL,DB,2026,2026-08-01,BAL,Baltimore Ravens,Jaylinn Hawkins,DB,nflverse_roster,C:\Users\tempadmin\OneDrive\Coding\Syndicate\data\nfl_source\tracking\nflverse\roster\roster_2026.csv,2026-08-01,00-0036302,Jaylinn Hawkins,BAL
00-0040981,Joe Fagnano,BAL,QB,2026,2026-08-01,BAL,Baltimore Ravens,Joe Fagnano,QB,nflverse_roster,C:\Users\tempadmin\OneDrive\Coding\Syndicate\data\nfl_source\tracking\nflverse\roster\roster_2026.csv,2026-08-01,00-0040981,Joe Fagnano,BAL
00-0030070,John Jenkins,BAL,DL,2026,2026-08-01,BAL,Baltimore Ravens,John Jenkins,DL,nflverse_roster,C:\Users\tempadmin\OneDrive\Coding\Syndicate\data\nfl_source\tracking\nflverse\roster\roster_2026.csv,2026-08-01,00-0030070,John Jenkins,BAL
00-0036369,John Simpson,BAL,OL,2026,2026-08-01,BAL,Baltimore Ravens,John Simpson,OL,nflverse_roster,C:\Users\tempadmin\OneDrive\Coding\Syndicate\data\nfl_source\tracking\nflverse\roster\roster_2026.csv,2026-08-01,00-0036369,John Simpson,BAL
00-0040887,Josh Cuevas,BAL,TE,2026,2026-08-01,BAL,Baltimore Ravens,Josh Cuevas,TE,nflverse_roster,C:\Users\tempadmin\OneDrive\Coding\Syndicate\data\nfl_source\tracking\nflverse\roster\roster_2026.csv,2026-08-01,00-0040887,Josh Cuevas,BAL
00-0038629,Jovaughn Gwyn,BAL,OL,2026,2026-08-01,BAL,Baltimore Ravens,Jovaughn Gwyn,OL,nflverse_roster,C:\Users\tempadmin\OneDrive\Coding\Syndicate\data\nfl_source\tracking\nflverse\roster\roster_2026.csv,2026-08-01,00-0038629,Jovaughn Gwyn,BAL
00-0034975,Justice Hill,BAL,RB,2026,2026-08-01,BAL,Baltimore Ravens,Justice Hill,RB,nflverse_roster,C:\Users\tempadmin\OneDrive\Coding\Syndicate\data\nfl_source\tracking\nflverse\roster\roster_2026.csv,2026-08-01,00-0034975,Justice Hill,BAL
00-0036395,K'Von Wallace,BAL,DB,2026,2026-08-01,BAL,Baltimore Ravens,K'Von Wallace,DB,nflverse_roster,C:\Users\tempadmin\OneDrive\Coding\Syndicate\data\nfl_source\tracking\nflverse\roster\roster_2026.csv,2026-08-01,00-0036395,K'Von Wallace,BAL
00-0040658,Kaimon Rucker,BAL,DL,2026,2026-08-01,BAL,Baltimore Ravens,Kaimon Rucker,DL,nflverse_roster,C:\Users\tempadmin\OneDrive\Coding\Syndicate\data\nfl_source\tracking\nflverse\roster\roster_2026.csv,2026-08-01,00-0040658,Kaimon Rucker,BAL
00-0040104,Keondre Jackson,BAL,DB,2026,2026-08-01,BAL,Baltimore Ravens,Keondre Jackson,DB,nflverse_roster,C:\Users\tempadmin\OneDrive\Coding\Syndicate\data\nfl_source\tracking\nflverse\roster\roster_2026.csv,2026-08-01,00-0040104,Keondre Jackson,BAL
00-0040636,Keyon Martin,BAL,DB,2026,2026-08-01,BAL,Baltimore Ravens,Keyon Martin,DB,nflverse_roster,C:\Users\tempadmin\OneDrive\Coding\Syndicate\data\nfl_source\tracking\nflverse\roster\roster_2026.csv,2026-08-01,00-0040636,Keyon Martin,BAL
00-0038038,Kyle Hamilton,BAL,DB,2026,2026-08-01,BAL,Baltimore Ravens,Kyle Hamilton,DB,nflverse_roster,C:\Users\tempadmin\OneDrive\Coding\Syndicate\data\nfl_source\tracking\nflverse\roster\roster_2026.csv,2026-08-01,00-0038038,Kyle Hamilton,BAL
00-0040075,LaJohntay Wester,BAL,WR,2026,2026-08-01,BAL,Baltimore Ravens,LaJohntay Wester,WR,nflverse_roster,C:\Users\tempadmin\OneDrive\Coding\Syndicate\data\nfl_source\tracking\nflverse\roster\roster_2026.csv,2026-08-01,00-0040075,LaJohntay Wester,BAL
00-0034796,Lamar Jackson,BAL,QB,2026,2026-08-01,BAL,Baltimore Ravens,Lamar Jackson,QB,nflverse_roster,C:\Users\tempadmin\OneDrive\Coding\Syndicate\data\nfl_source\tracking\nflverse\roster\roster_2026.csv,2026-08-01,00-0034796,Lamar Jackson,BAL
00-0040993,Lardarius Webb,BAL,DB,2026,2026-08-01,BAL,Baltimore Ravens,Lardarius Webb,DB,nflverse_roster,C:\Users\tempadmin\OneDrive\Coding\Syndicate\data\nfl_source\tracking\nflverse\roster\roster_2026.csv,2026-08-01,00-0040993,Lardarius Webb,BAL
00-0040637,Lucas Scott,BAL,RB,2026,2026-08-01,BAL,Baltimore Ravens,Lucas Scott,RB,nflverse_roster,C:\Users\tempadmin\OneDrive\Coding\Syndicate\data\nfl_source\tracking\nflverse\roster\roster_2026.csv,2026-08-01,00-0040637,Lucas Scott,BAL
00-0040859,Luke Elzinga,BAL,P,2026,2026-08-01,BAL,Baltimore Ravens,Luke Elzinga,P,nflverse_roster,C:\Users\tempadmin\OneDrive\Coding\Syndicate\data\nfl_source\tracking\nflverse\roster\roster_2026.csv,2026-08-01,00-0040859,Luke Elzinga,BAL
00-0040688,Malaki Starks,BAL,DB,2026,2026-08-01,BAL,Baltimore Ravens,Malaki Starks,DB,nflverse_roster,C:\Users\tempadmin\OneDrive\Coding\Syndicate\data\nfl_source\tracking\nflverse\roster\roster_2026.csv,2026-08-01,00-0040688,Malaki Starks,BAL
00-0034753,Mark Andrews,BAL,TE,2026,2026-08-01,BAL,Baltimore Ravens,Mark Andrews,TE,nflverse_roster,C:\Users\tempadmin\OneDrive\Coding\Syndicate\data\nfl_source\tracking\nflverse\roster\roster_2026.csv,2026-08-01,00-0034753,Mark Andrews,BAL
00-0033281,Marlon Humphrey,BAL,DB,2026,2026-08-01,BAL,Baltimore Ravens,Marlon Humphrey,DB,nflverse_roster,C:\Users\tempadmin\OneDrive\Coding\Syndicate\data\nfl_source\tracking\nflverse\roster\roster_2026.csv,2026-08-01,00-0033281,Marlon Humphrey,BAL
00-0040112,Marquise Robinson,BAL,DB,2026,2026-08-01,BAL,Baltimore Ravens,Marquise Robinson,DB,nflverse_roster,C:\Users\tempadmin\OneDrive\Coding\Syndicate\data\nfl_source\tracking\nflverse\roster\roster_2026.csv,2026-08-01,00-0040112,Marquise Robinson,BAL
00-0040879,Matthew Hibner,BAL,TE,2026,2026-08-01,BAL,Baltimore Ravens,Matthew Hibner,TE,nflverse_roster,C:\Users\tempadmin\OneDrive\Coding\Syndicate\data\nfl_source\tracking\nflverse\roster\roster_2026.csv,2026-08-01,00-0040879,Matthew Hibner,BAL
00-0040983,Matthew McDoom,BAL,DB,2026,2026-08-01,BAL,Baltimore Ravens,Matthew McDoom,DB,nflverse_roster,C:\Users\tempadmin\OneDrive\Coding\Syndicate\data\nfl_source\tracking\nflverse\roster\roster_2026.csv,2026-08-01,00-0040983,Matthew McDoom,BAL
00-0040722,Mike Green,BAL,LB,2026,2026-08-01,BAL,Baltimore Ravens,Mike Green,LB,nflverse_roster,C:\Users\tempadmin\OneDrive\Coding\Syndicate\data\nfl_source\tracking\nflverse\roster\roster_2026.csv,2026-08-01,00-0040722,Mike Green,BAL
00-0039232,Nate Wiggins,BAL,DB,2026,2026-08-01,BAL,Baltimore Ravens,Nate Wiggins,DB,nflverse_roster,C:\Users\tempadmin\OneDrive\Coding\Syndicate\data\nfl_source\tracking\nflverse\roster\roster_2026.csv,2026-08-01,00-0039232,Nate Wiggins,BAL
00-0040979,Nick Dawkins,BAL,OL,2026,2026-08-01,BAL,Baltimore Ravens,Nick Dawkins,OL,nflverse_roster,C:\Users\tempadmin\OneDrive\Coding\Syndicate\data\nfl_source\tracking\nflverse\roster\roster_2026.csv,2026-08-01,00-0040979,Nick Dawkins,BAL
00-0035408,Nick Moore,BAL,LS,2026,2026-08-01,BAL,Baltimore Ravens,Nick Moore,LS,nflverse_roster,C:\Users\tempadmin\OneDrive\Coding\Syndicate\data\nfl_source\tracking\nflverse\roster\roster_2026.csv,2026-08-01,00-0035408,Nick Moore,BAL
00-0036130,Nnamdi Madubuike,BAL,DL,2026,2026-08-01,BAL,Baltimore Ravens,Nnamdi Madubuike,DL,nflverse_roster,C:\Users\tempadmin\OneDrive\Coding\Syndicate\data\nfl_source\tracking\nflverse\roster\roster_2026.csv,2026-08-01,00-0036130,Nnamdi Madubuike,BAL
00-0040989,Octavian Smith,BAL,WR,2026,2026-08-01,BAL,Baltimore Ravens,Octavian Smith,WR,nflverse_roster,C:\Users\tempadmin\OneDrive\Coding\Syndicate\data\nfl_source\tracking\nflverse\roster\roster_2026.csv,2026-08-01,00-0040989,Octavian Smith,BAL
00-0040866,Olaivavega Ioane,BAL,OL,2026,2026-08-01,BAL,Baltimore Ravens,Olaivavega Ioane,OL,nflverse_roster,C:\Users\tempadmin\OneDrive\Coding\Syndicate\data\nfl_source\tracking\nflverse\roster\roster_2026.csv,2026-08-01,00-0040866,Olaivavega Ioane,BAL
00-0039796,Rasheen Ali,BAL,RB,2026,2026-08-01,BAL,Baltimore Ravens,Rasheen Ali,RB,nflverse_roster,C:\Users\tempadmin\OneDrive\Coding\Syndicate\data\nfl_source\tracking\nflverse\roster\roster_2026.csv,2026-08-01,00-0039796,Rasheen Ali,BAL
00-0036550,Rashod Bateman,BAL,WR,2026,2026-08-01,BAL,Baltimore Ravens,Rashod Bateman,WR,nflverse_roster,C:\Users\tempadmin\OneDrive\Coding\Syndicate\data\nfl_source\tracking\nflverse\roster\roster_2026.csv,2026-08-01,00-0036550,Rashod Bateman,BAL
00-0040907,Rayshaun Benny,BAL,DL,2026,2026-08-01,BAL,Baltimore Ravens,Rayshaun Benny,DL,nflverse_roster,C:\Users\tempadmin\OneDrive\Coding\Syndicate\data\nfl_source\tracking\nflverse\roster\roster_2026.csv,2026-08-01,00-0040907,Rayshaun Benny,BAL
00-0040994,Reid Williford,BAL,LB,2026,2026-08-01,BAL,Baltimore Ravens,Reid Williford,LB,nflverse_roster,C:\Users\tempadmin\OneDrive\Coding\Syndicate\data\nfl_source\tracking\nflverse\roster\roster_2026.csv,2026-08-01,00-0040994,Reid Williford,BAL
00-0040077,Robert Longerbeam,BAL,DB,2026,2026-08-01,BAL,Baltimore Ravens,Robert Longerbeam,DB,nflverse_roster,C:\Users\tempadmin\OneDrive\Coding\Syndicate\data\nfl_source\tracking\nflverse\roster\roster_2026.csv,2026-08-01,00-0040077,Robert Longerbeam,BAL
00-0039233,Roger Rosengarten,BAL,OL,2026,2026-08-01,BAL,Baltimore Ravens,Roger Rosengarten,OL,nflverse_roster,C:\Users\tempadmin\OneDrive\Coding\Syndicate\data\nfl_source\tracking\nflverse\roster\roster_2026.csv,2026-08-01,00-0039233,Roger Rosengarten,BAL
00-0032965,Ronnie Stanley,BAL,OL,2026,2026-08-01,BAL,Baltimore Ravens,Ronnie Stanley,OL,nflverse_roster,C:\Users\tempadmin\OneDrive\Coding\Syndicate\data\nfl_source\tracking\nflverse\roster\roster_2026.csv,2026-08-01,00-0032965,Ronnie Stanley,BAL
00-0034874,Roquan Smith,BAL,LB,2026,2026-08-01,BAL,Baltimore Ravens,Roquan Smith,LB,nflverse_roster,C:\Users\tempadmin\OneDrive\Coding\Syndicate\data\nfl_source\tracking\nflverse\roster\roster_2026.csv,2026-08-01,00-0034874,Roquan Smith,BAL
00-0040898,Ryan Eckley,BAL,P,2026,2026-08-01,BAL,Baltimore Ravens,Ryan Eckley,P,nflverse_roster,C:\Users\tempadmin\OneDrive\Coding\Syndicate\data\nfl_source\tracking\nflverse\roster\roster_2026.csv,2026-08-01,00-0040898,Ryan Eckley,BAL
00-0040992,Silas Walters,BAL,DB,2026,2026-08-01,BAL,Baltimore Ravens,Silas Walters,DB,nflverse_roster,C:\Users\tempadmin\OneDrive\Coding\Syndicate\data\nfl_source\tracking\nflverse\roster\roster_2026.csv,2026-08-01,00-0040992,Silas Walters,BAL
00-0037327,Skylar Thompson,BAL,QB,2026,2026-08-01,BAL,Baltimore Ravens,Skylar Thompson,QB,nflverse_roster,C:\Users\tempadmin\OneDrive\Coding\Syndicate\data\nfl_source\tracking\nflverse\roster\roster_2026.csv,2026-08-01,00-0037327,Skylar Thompson,BAL
00-0039234,T.J. Tampa,BAL,DB,2026,2026-08-01,BAL,Baltimore Ravens,T.J. Tampa,DB,nflverse_roster,C:\Users\tempadmin\OneDrive\Coding\Syndicate\data\nfl_source\tracking\nflverse\roster\roster_2026.csv,2026-08-01,00-0039234,T.J. Tampa,BAL
00-0038505,Tavius Robinson,BAL,LB,2026,2026-08-01,BAL,Baltimore Ravens,Tavius Robinson,LB,nflverse_roster,C:\Users\tempadmin\OneDrive\Coding\Syndicate\data\nfl_source\tracking\nflverse\roster\roster_2026.csv,2026-08-01,00-0038505,Tavius Robinson,BAL
00-0040069,Teddye Buchanan,BAL,LB,2026,2026-08-01,BAL,Baltimore Ravens,Teddye Buchanan,LB,nflverse_roster,C:\Users\tempadmin\OneDrive\Coding\Syndicate\data\nfl_source\tracking\nflverse\roster\roster_2026.csv,2026-08-01,00-0040069,Teddye Buchanan,BAL
00-0037756,Travis Jones,BAL,DL,2026,2026-08-01,BAL,Baltimore Ravens,Travis Jones,DL,nflverse_roster,C:\Users\tempadmin\OneDrive\Coding\Syndicate\data\nfl_source\tracking\nflverse\roster\roster_2026.csv,2026-08-01,00-0037756,Travis Jones,BAL
00-0038504,Trenton Simpson,BAL,LB,2026,2026-08-01,BAL,Baltimore Ravens,Trenton Simpson,LB,nflverse_roster,C:\Users\tempadmin\OneDrive\Coding\Syndicate\data\nfl_source\tracking\nflverse\roster\roster_2026.csv,2026-08-01,00-0038504,Trenton Simpson,BAL
00-0033935,Trey Hendrickson,BAL,DL,2026,2026-08-01,BAL,Baltimore Ravens,Trey Hendrickson,DL,nflverse_roster,C:\Users\tempadmin\OneDrive\Coding\Syndicate\data\nfl_source\tracking\nflverse\roster\roster_2026.csv,2026-08-01,00-0033935,Trey Hendrickson,BAL
00-0040986,Ty Pezza,BAL,WR,2026,2026-08-01,BAL,Baltimore Ravens,Ty Pezza,WR,nflverse_roster,C:\Users\tempadmin\OneDrive\Coding\Syndicate\data\nfl_source\tracking\nflverse\roster\roster_2026.csv,2026-08-01,00-0040986,Ty Pezza,BAL
00-0035993,Tyler Huntley,BAL,QB,2026,2026-08-01,BAL,Baltimore Ravens,Tyler Huntley,QB,nflverse_roster,C:\Users\tempadmin\OneDrive\Coding\Syndicate\data\nfl_source\tracking\nflverse\roster\roster_2026.csv,2026-08-01,00-0035993,Tyler Huntley,BAL
00-0040074,Tyler Loop,BAL,K,2026,2026-08-01,BAL,Baltimore Ravens,Tyler Loop,K,nflverse_roster,C:\Users\tempadmin\OneDrive\Coding\Syndicate\data\nfl_source\tracking\nflverse\roster\roster_2026.csv,2026-08-01,00-0040074,Tyler Loop,BAL
00-0040099,Xavier Guillory,BAL,WR,2026,2026-08-01,BAL,Baltimore Ravens,Xavier Guillory,WR,nflverse_roster,C:\Users\tempadmin\OneDrive\Coding\Syndicate\data\nfl_source\tracking\nflverse\roster\roster_2026.csv,2026-08-01,00-0040099,Xavier Guillory,BAL
00-0039064,Zay Flowers,BAL,WR,2026,2026-08-01,BAL,Baltimore Ravens,Zay Flowers,WR,nflverse_roster,C:\Users\tempadmin\OneDrive\Coding\Syndicate\data\nfl_source\tracking\nflverse\roster\roster_2026.csv,2026-08-01,00-0039064,Zay Flowers,BAL
00-0041494,Zion Young,BAL,LB,2026,2026-08-01,BAL,Baltimore Ravens,Zion Young,LB,nflverse_roster,C:\Users\tempadmin\OneDrive\Coding\Syndicate\data\nfl_source\tracking\nflverse\roster\roster_2026.csv,2026-08-01,00-0041494,Zion Young,BAL
00-0037428,Alec Anderson,BUF,OL,2026,2026-08-01,BUF,Buffalo Bills,Alec Anderson,OL,nflverse_roster,C:\Users\tempadmin\OneDrive\Coding\Syndicate\data\nfl_source\tracking\nflverse\roster\roster_2026.csv,2026-08-01,00-0037428,Alec Anderson,BUF
00-0038635,Andre Jones Jr.,BUF,DL,2026,2026-08-01,BUF,Buffalo Bills,Andre Jones Jr.,DL,nflverse_roster,C:\Users\tempadmin\OneDrive\Coding\Syndicate\data\nfl_source\tracking\nflverse\roster\roster_2026.csv,2026-08-01,00-0038635,Andre Jones Jr.,BUF
00-0041128,Ar'maj Reed-Adams,BUF,OL,2026,2026-08-01,BUF,Buffalo Bills,Ar'maj Reed-Adams,OL,nflverse_roster,C:\Users\tempadmin\OneDrive\Coding\Syndicate\data\nfl_source\tracking\nflverse\roster\roster_2026.csv,2026-08-01,00-0041128,Ar'maj Reed-Adams,BUF
00-0034261,Austin Corbett,BUF,OL,2026,2026-08-01,BUF,Buffalo Bills,Austin Corbett,OL,nflverse_roster,C:\Users\tempadmin\OneDrive\Coding\Syndicate\data\nfl_source\tracking\nflverse\roster\roster_2026.csv,2026-08-01,00-0034261,Austin Corbett,BUF
00-0038489,Ben VanSumeren,BUF,RB,2026,2026-08-01,BUF,Buffalo Bills,Ben VanSumeren,RB,nflverse_roster,C:\Users\tempadmin\OneDrive\Coding\Syndicate\data\nfl_source\tracking\nflverse\roster\roster_2026.csv,2026-08-01,00-0038489,Ben VanSumeren,BUF
00-0034832,Bradley Chubb,BUF,LB,2026,2026-08-01,BUF,Buffalo Bills,Bradley Chubb,LB,nflverse_roster,C:\Users\tempadmin\OneDrive\Coding\Syndicate\data\nfl_source\tracking\nflverse\roster\roster_2026.csv,2026-08-01,00-0034832,Bradley Chubb,BUF
00-0041270,Bruno Fina,BUF,OL,2026,2026-08-01,BUF,Buffalo Bills,Bruno Fina,OL,nflverse_roster,C:\Users\tempadmin\OneDrive\Coding\Syndicate\data\nfl_source\tracking\nflverse\roster\roster_2026.csv,2026-08-01,00-0041270,Bruno Fina,BUF
00-0035253,C.J. Gardner-Johnson,BUF,DB,2026,2026-08-01,BUF,Buffalo Bills,C.J. Gardner-Johnson,DB,nflverse_roster,C:\Users\tempadmin\OneDrive\Coding\Syndicate\data\nfl_source\tracking\nflverse\roster\roster_2026.csv,2026-08-01,00-0035253,C.J. Gardner-Johnson,BUF
00-0041268,Cade Denhoff,BUF,DL,2026,2026-08-01,BUF,Buffalo Bills,Cade Denhoff,DL,nflverse_roster,C:\Users\tempadmin\OneDrive\Coding\Syndicate\data\nfl_source\tracking\nflverse\roster\roster_2026.csv,2026-08-01,00-0041268,Cade Denhoff,BUF
00-0040217,Chase Lundt,BUF,OL,2026,2026-08-01,BUF,Buffalo Bills,Chase Lundt,OL,nflverse_roster,C:\Users\tempadmin\OneDrive\Coding\Syndicate\data\nfl_source\tracking\nflverse\roster\roster_2026.csv,2026-08-01,00-0040217,Chase Lundt,BUF
00-0037288,Christian Benford,BUF,DB,2026,2026-08-01,BUF,Buffalo Bills,Christian Benford,DB,nflverse_roster,C:\Users\tempadmin\OneDrive\Coding\Syndicate\data\nfl_source\tracking\nflverse\roster\roster_2026.csv,2026-08-01,00-0037288,Christian Benford,BUF
00-0039872,Cole Bishop,BUF,DB,2026,2026-08-01,BUF,Buffalo Bills,Cole Bishop,DB,nflverse_roster,C:\Users\tempadmin\OneDrive\Coding\Syndicate\data\nfl_source\tracking\nflverse\roster\roster_2026.csv,2026-08-01,00-0039872,Cole Bishop,BUF
00-0035679,Connor McGovern,BUF,OL,2026,2026-08-01,BUF,Buffalo Bills,Connor McGovern,OL,nflverse_roster,C:\Users\tempadmin\OneDrive\Coding\Syndicate\data\nfl_source\tracking\nflverse\roster\roster_2026.csv,2026-08-01,00-0035679,Connor McGovern,BUF
00-0034827,DJ Moore,BUF,WR,2026,2026-08-01,BUF,Buffalo Bills,DJ Moore,WR,nflverse_roster,C:\Users\tempadmin\OneDrive\Coding\Syndicate\data\nfl_source\tracking\nflverse\roster\roster_2026.csv,2026-08-01,00-0034827,DJ Moore,BUF
00-0041224,Da'Metrius Weatherspoon,BUF,OL,2026,2026-08-01,BUF,Buffalo Bills,Da'Metrius Weatherspoon,OL,nflverse_roster,C:\Users\tempadmin\OneDrive\Coding\Syndicate\data\nfl_source\tracking\nflverse\roster\roster_2026.csv,2026-08-01,00-0041224,Da'Metrius Weatherspoon,BUF
00-0038933,Dalton Kincaid,BUF,TE,2026,2026-08-01,BUF,Buffalo Bills,Dalton Kincaid,TE,nflverse_roster,C:\Users\tempadmin\OneDrive\Coding\Syndicate\data\nfl_source\tracking\nflverse\roster\roster_2026.csv,2026-08-01,00-0038933,Dalton Kincaid,BUF
00-0036888,Damar Hamlin,BUF,DB,2026,2026-08-01,BUF,Buffalo Bills,Damar Hamlin,DB,nflverse_roster,C:\Users\tempadmin\OneDrive\Coding\Syndicate\data\nfl_source\tracking\nflverse\roster\roster_2026.csv,2026-08-01,00-0036888,Damar Hamlin,BUF
00-0041391,Davison Igbinosun,BUF,DB,2026,2026-08-01,BUF,Buffalo Bills,Davison Igbinosun,DB,nflverse_roster,C:\Users\tempadmin\OneDrive\Coding\Syndicate\data\nfl_source\tracking\nflverse\roster\roster_2026.csv,2026-08-01,00-0041391,Davison Igbinosun,BUF
00-0035689,Dawson Knox,BUF,TE,2026,2026-08-01,BUF,Buffalo Bills,Dawson Knox,TE,nflverse_roster,C:\Users\tempadmin\OneDrive\Coding\Syndicate\data\nfl_source\tracking\nflverse\roster\roster_2026.csv,2026-08-01,00-0035689,Dawson Knox,BUF
00-0039873,DeWayne Carter,BUF,DL,2026,2026-08-01,BUF,Buffalo Bills,DeWayne Carter,DL,nflverse_roster,C:\Users\tempadmin\OneDrive\Coding\Syndicate\data\nfl_source\tracking\nflverse\roster\roster_2026.csv,2026-08-01,00-0039873,DeWayne Carter,BUF
00-0037034,Dee Alford,BUF,DB,2026,2026-08-01,BUF,Buffalo Bills,Dee Alford,DB,nflverse_roster,C:\Users\tempadmin\OneDrive\Coding\Syndicate\data\nfl_source\tracking\nflverse\roster\roster_2026.csv,2026-08-01,00-0037034,Dee Alford,BUF
00-0035020,Demetrius Flannigan-Fowles,BUF,LB,2026,2026-08-01,BUF,Buffalo Bills,Demetrius Flannigan-Fowles,LB,nflverse_roster,C:\Users\tempadmin\OneDrive\Coding\Syndicate\data\nfl_source\tracking\nflverse\roster\roster_2026.csv,2026-08-01,00-0035020,Demetrius Flannigan-Fowles,BUF
00-0040710,Deone Walker,BUF,DL,2026,2026-08-01,BUF,Buffalo Bills,Deone Walker,DL,nflverse_roster,C:\Users\tempadmin\OneDrive\Coding\Syndicate\data\nfl_source\tracking\nflverse\roster\roster_2026.csv,2026-08-01,00-0040710,Deone Walker,BUF
00-0041273,Desmond Reid,BUF,RB,2026,2026-08-01,BUF,Buffalo Bills,Desmond Reid,RB,nflverse_roster,C:\Users\tempadmin\OneDrive\Coding\Syndicate\data\nfl_source\tracking\nflverse\roster\roster_2026.csv,2026-08-01,00-0041273,Desmond Reid,BUF
00-0033904,Dion Dawkins,BUF,OL,2026,2026-08-01,BUF,Buffalo Bills,Dion Dawkins,OL,nflverse_roster,C:\Users\tempadmin\OneDrive\Coding\Syndicate\data\nfl_source\tracking\nflverse\roster\roster_2026.csv,2026-08-01,00-0033904,Dion Dawkins,BUF
00-0040197,Dorian Strong,BUF,DB,2026,2026-08-01,BUF,Buffalo Bills,Dorian Strong,DB,nflverse_roster,C:\Users\tempadmin\OneDrive\Coding\Syndicate\data\nfl_source\tracking\nflverse\roster\roster_2026.csv,2026-08-01,00-0040197,Dorian Strong,BUF
00-0038557,Dorian Williams,BUF,LB,2026,2026-08-01,BUF,Buffalo Bills,Dorian Williams,LB,nflverse_roster,C:\Users\tempadmin\OneDrive\Coding\Syndicate\data\nfl_source\tracking\nflverse\roster\roster_2026.csv,2026-08-01,00-0038557,Dorian Williams,BUF
00-0035230,Ed Oliver,BUF,DL,2026,2026-08-01,BUF,Buffalo Bills,Ed Oliver,DL,nflverse_roster,C:\Users\tempadmin\OneDrive\Coding\Syndicate\data\nfl_source\tracking\nflverse\roster\roster_2026.csv,2026-08-01,00-0035230,Ed Oliver,BUF
00-0039471,Frank Gore Jr.,BUF,RB,2026,2026-08-01,BUF,Buffalo Bills,Frank Gore Jr.,RB,nflverse_roster,C:\Users\tempadmin\OneDrive\Coding\Syndicate\data\nfl_source\tracking\nflverse\roster\roster_2026.csv,2026-08-01,00-0039471,Frank Gore Jr.,BUF
00-0041222,Gabriel Benyard,BUF,WR,2026,2026-08-01,BUF,Buffalo Bills,Gabriel Benyard,WR,nflverse_roster,C:\Users\tempadmin\OneDrive\Coding\Syndicate\data\nfl_source\tracking\nflverse\roster\roster_2026.csv,2026-08-01,00-0041222,Gabriel Benyard,BUF
00-0036199,Geno Stone,BUF,DB,2026,2026-08-01,BUF,Buffalo Bills,Geno Stone,DB,nflverse_roster,C:\Users\tempadmin\OneDrive\Coding\Syndicate\data\nfl_source\tracking\nflverse\roster\roster_2026.csv,2026-08-01,00-0036199,Geno Stone,BUF
00-0036914,Greg Rousseau,BUF,DL,2026,2026-08-01,BUF,Buffalo Bills,Greg Rousseau,DL,nflverse_roster,C:\Users\tempadmin\OneDrive\Coding\Syndicate\data\nfl_source\tracking\nflverse\roster\roster_2026.csv,2026-08-01,00-0036914,Greg Rousseau,BUF
00-0041272,Ja'Mori Maclin,BUF,WR,2026,2026-08-01,BUF,Buffalo Bills,Ja'Mori Maclin,WR,nflverse_roster,C:\Users\tempadmin\OneDrive\Coding\Syndicate\data\nfl_source\tracking\nflverse\roster\roster_2026.csv,2026-08-01,00-0041272,Ja'Mori Maclin,BUF
00-0041221,Jackson Acker,BUF,RB,2026,2026-08-01,BUF,Buffalo Bills,Jackson Acker,RB,nflverse_roster,C:\Users\tempadmin\OneDrive\Coding\Syndicate\data\nfl_source\tracking\nflverse\roster\roster_2026.csv,2026-08-01,00-0041221,Jackson Acker,BUF
00-0040194,Jackson Hawes,BUF,TE,2026,2026-08-01,BUF,Buffalo Bills,Jackson Hawes,TE,nflverse_roster,C:\Users\tempadmin\OneDrive\Coding\Syndicate\data\nfl_source\tracking\nflverse\roster\roster_2026.csv,2026-08-01,00-0040194,Jackson Hawes,BUF
00-0037387,Jalen Virgil,BUF,WR,2026,2026-08-01,BUF,Buffalo Bills,Jalen Virgil,WR,nflverse_roster,C:\Users\tempadmin\OneDrive\Coding\Syndicate\data\nfl_source\tracking\nflverse\roster\roster_2026.csv,2026-08-01,00-0037387,Jalen Virgil,BUF
00-0041086,Jalon Kilgore,BUF,DB,2026,2026-08-01,BUF,Buffalo Bills,Jalon Kilgore,DB,nflverse_roster,C:\Users\tempadmin\OneDrive\Coding\Syndicate\data\nfl_source\tracking\nflverse\roster\roster_2026.csv,2026-08-01,00-0041086,Jalon Kilgore,BUF
00-0037248,James Cook,BUF,RB,2026,2026-08-01,BUF,Buffalo Bills,James Cook,RB,nflverse_roster,C:\Users\tempadmin\OneDrive\Coding\Syndicate\data\nfl_source\tracking\nflverse\roster\roster_2026.csv,2026-08-01,00-0037248,James Cook,BUF
00-0039879,Javon Solomon,BUF,DL,2026,2026-08-01,BUF,Buffalo Bills,Javon Solomon,DL,nflverse_roster,C:\Users\tempadmin\OneDrive\Coding\Syndicate\data\nfl_source\tracking\nflverse\roster\roster_2026.csv,2026-08-01,00-0039879,Javon Solomon,BUF
00-0039277,Jimmy Ciarlo,BUF,LB,2026,2026-08-01,BUF,Buffalo Bills,Jimmy Ciarlo,LB,nflverse_roster,C:\Users\tempadmin\OneDrive\Coding\Syndicate\data\nfl_source\tracking\nflverse\roster\roster_2026.csv,2026-08-01,00-0039277,Jimmy Ciarlo,BUF
00-0039763,Joe Andreessen,BUF,LB,2026,2026-08-01,BUF,Buffalo Bills,Joe Andreessen,LB,nflverse_roster,C:\Users\tempadmin\OneDrive\Coding\Syndicate\data\nfl_source\tracking\nflverse\roster\roster_2026.csv,2026-08-01,00-0039763,Joe Andreessen,BUF
00-0041269,Jordan Dunbar,BUF,DB,2026,2026-08-01,BUF,Buffalo Bills,Jordan Dunbar,DB,nflverse_roster,C:\Users\tempadmin\OneDrive\Coding\Syndicate\data\nfl_source\tracking\nflverse\roster\roster_2026.csv,2026-08-01,00-0041269,Jordan Dunbar,BUF
00-0040192,Jordan Hancock,BUF,DB,2026,2026-08-01,BUF,Buffalo Bills,Jordan Hancock,DB,nflverse_roster,C:\Users\tempadmin\OneDrive\Coding\Syndicate\data\nfl_source\tracking\nflverse\roster\roster_2026.csv,2026-08-01,00-0040192,Jordan Hancock,BUF
00-0034857,Josh Allen,BUF,QB,2026,2026-08-01,BUF,Buffalo Bills,Josh Allen,QB,nflverse_roster,C:\Users\tempadmin\OneDrive\Coding\Syndicate\data\nfl_source\tracking\nflverse\roster\roster_2026.csv,2026-08-01,00-0034857,Josh Allen,BUF
00-0036988,Josh Palmer,BUF,WR,2026,2026-08-01,BUF,Buffalo Bills,Josh Palmer,WR,nflverse_roster,C:\Users\tempadmin\OneDrive\Coding\Syndicate\data\nfl_source\tracking\nflverse\roster\roster_2026.csv,2026-08-01,00-0036988,Josh Palmer,BUF
00-0041548,Jude Bowry,BUF,OL,2026,2026-08-01,BUF,Buffalo Bills,Jude Bowry,OL,nflverse_roster,C:\Users\tempadmin\OneDrive\Coding\Syndicate\data\nfl_source\tracking\nflverse\roster\roster_2026.csv,2026-08-01,00-0041548,Jude Bowry,BUF
00-0041444,Kaleb Elarms-Orr,BUF,LB,2026,2026-08-01,BUF,Buffalo Bills,Kaleb Elarms-Orr,LB,nflverse_roster,C:\Users\tempadmin\OneDrive\Coding\Syndicate\data\nfl_source\tracking\nflverse\roster\roster_2026.csv,2026-08-01,00-0041444,Kaleb Elarms-Orr,BUF
00-0041275,Kani Walker,BUF,DB,2026,2026-08-01,BUF,Buffalo Bills,Kani Walker,DB,nflverse_roster,C:\Users\tempadmin\OneDrive\Coding\Syndicate\data\nfl_source\tracking\nflverse\roster\roster_2026.csv,2026-08-01,00-0041275,Kani Walker,BUF
00-0040363,Keleki Latu,BUF,TE,2026,2026-08-01,BUF,Buffalo Bills,Keleki Latu,TE,nflverse_roster,C:\Users\tempadmin\OneDrive\Coding\Syndicate\data\nfl_source\tracking\nflverse\roster\roster_2026.csv,2026-08-01,00-0040363,Keleki Latu,BUF
00-0039901,Keon Coleman,BUF,WR,2026,2026-08-01,BUF,Buffalo Bills,Keon Coleman,WR,nflverse_roster,C:\Users\tempadmin\OneDrive\Coding\Syndicate\data\nfl_source\tracking\nflverse\roster\roster_2026.csv,2026-08-01,00-0039901,Keon Coleman,BUF
00-0040362,Keonta Jenkins,BUF,LB,2026,2026-08-01,BUF,Buffalo Bills,Keonta Jenkins,LB,nflverse_roster,C:\Users\tempadmin\OneDrive\Coding\Syndicate\data\nfl_source\tracking\nflverse\roster\roster_2026.csv,2026-08-01,00-0040362,Keonta Jenkins,BUF
00-0037261,Khalil Shakir,BUF,WR,2026,2026-08-01,BUF,Buffalo Bills,Khalil Shakir,WR,nflverse_roster,C:\Users\tempadmin\OneDrive\Coding\Syndicate\data\nfl_source\tracking\nflverse\roster\roster_2026.csv,2026-08-01,00-0037261,Khalil Shakir,BUF
00-0041271,Kody Huisman,BUF,DL,2026,2026-08-01,BUF,Buffalo Bills,Kody Huisman,DL,nflverse_roster,C:\Users\tempadmin\OneDrive\Coding\Syndicate\data\nfl_source\tracking\nflverse\roster\roster_2026.csv,2026-08-01,00-0041271,Kody Huisman,BUF
00-0034577,Kyle Allen,BUF,QB,2026,2026-08-01,BUF,Buffalo Bills,Kyle Allen,QB,nflverse_roster,C:\Users\tempadmin\OneDrive\Coding\Syndicate\data\nfl_source\tracking\nflverse\roster\roster_2026.csv,2026-08-01,00-0034577,Kyle Allen,BUF
00-0040132,Landon Jackson,BUF,DL,2026,2026-08-01,BUF,Buffalo Bills,Landon Jackson,DL,nflverse_roster,C:\Users\tempadmin\OneDrive\Coding\Syndicate\data\nfl_source\tracking\nflverse\roster\roster_2026.csv,2026-08-01,00-0040132,Landon Jackson,BUF
00-0036391,Lloyd Cushenberry III,BUF,OL,2026,2026-08-01,BUF,Buffalo Bills,Lloyd Cushenberry III,OL,nflverse_roster,C:\Users\tempadmin\OneDrive\Coding\Syndicate\data\nfl_source\tracking\nflverse\roster\roster_2026.csv,2026-08-01,00-0036391,Lloyd Cushenberry III,BUF
00-0040086,Mac Dalena,BUF,WR,2026,2026-08-01,BUF,Buffalo Bills,Mac Dalena,WR,nflverse_roster,C:\Users\tempadmin\OneDrive\Coding\Syndicate\data\nfl_source\tracking\nflverse\roster\roster_2026.csv,2026-08-01,00-0040086,Mac Dalena,BUF
00-0040709,Maxwell Hairston,BUF,DB,2026,2026-08-01,BUF,Buffalo Bills,Maxwell Hairston,DB,nflverse_roster,C:\Users\tempadmin\OneDrive\Coding\Syndicate\data\nfl_source\tracking\nflverse\roster\roster_2026.csv,2026-08-01,00-0040709,Maxwell Hairston,BUF
00-0035140,Mecole Hardman,BUF,WR,2026,2026-08-01,BUF,Buffalo Bills,Mecole Hardman,WR,nflverse_roster,C:\Users\tempadmin\OneDrive\Coding\Syndicate\data\nfl_source\tracking\nflverse\roster\roster_2026.csv,2026-08-01,00-0035140,Mecole Hardman,BUF
00-0036378,Michael Danna,BUF,DL,2026,2026-08-01,BUF,Buffalo Bills,Michael Danna,DL,nflverse_roster,C:\Users\tempadmin\OneDrive\Coding\Syndicate\data\nfl_source\tracking\nflverse\roster\roster_2026.csv,2026-08-01,00-0036378,Michael Danna,BUF
00-0035933,Michael Hoecht,BUF,LB,2026,2026-08-01,BUF,Buffalo Bills,Michael Hoecht,LB,nflverse_roster,C:\Users\tempadmin\OneDrive\Coding\Syndicate\data\nfl_source\tracking\nflverse\roster\roster_2026.csv,2026-08-01,00-0035933,Michael Hoecht,BUF
00-0034941,Mitch Wishnowsky,BUF,P,2026,2026-08-01,BUF,Buffalo Bills,Mitch Wishnowsky,P,nflverse_roster,C:\Users\tempadmin\OneDrive\Coding\Syndicate\data\nfl_source\tracking\nflverse\roster\roster_2026.csv,2026-08-01,00-0034941,Mitch Wishnowsky,BUF
00-0038633,Nick Broeker,BUF,OL,2026,2026-08-01,BUF,Buffalo Bills,Nick Broeker,OL,nflverse_roster,C:\Users\tempadmin\OneDrive\Coding\Syndicate\data\nfl_source\tracking\nflverse\roster\roster_2026.csv,2026-08-01,00-0038633,Nick Broeker,BUF
00-0038548,O'Cyrus Torrence,BUF,OL,2026,2026-08-01,BUF,Buffalo Bills,O'Cyrus Torrence,OL,nflverse_roster,C:\Users\tempadmin\OneDrive\Coding\Syndicate\data\nfl_source\tracking\nflverse\roster\roster_2026.csv,2026-08-01,00-0038548,O'Cyrus Torrence,BUF
00-0038099,Phidarian Mathis,BUF,DL,2026,2026-08-01,BUF,Buffalo Bills,Phidarian Mathis,DL,nflverse_roster,C:\Users\tempadmin\OneDrive\Coding\Syndicate\data\nfl_source\tracking\nflverse\roster\roster_2026.csv,2026-08-01,00-0038099,Phidarian Mathis,BUF
00-0039875,Ray Davis,BUF,RB,2026,2026-08-01,BUF,Buffalo Bills,Ray Davis,RB,nflverse_roster,C:\Users\tempadmin\OneDrive\Coding\Syndicate\data\nfl_source\tracking\nflverse\roster\roster_2026.csv,2026-08-01,00-0039875,Ray Davis,BUF
00-0032497,Reid Ferguson,BUF,LS,2026,2026-08-01,BUF,Buffalo Bills,Reid Ferguson,LS,nflverse_roster,C:\Users\tempadmin\OneDrive\Coding\Syndicate\data\nfl_source\tracking\nflverse\roster\roster_2026.csv,2026-08-01,00-0032497,Reid Ferguson,BUF
00-0036037,Sam Franklin Jr.,BUF,DB,2026,2026-08-01,BUF,Buffalo Bills,Sam Franklin Jr.,DB,nflverse_roster,C:\Users\tempadmin\OneDrive\Coding\Syndicate\data\nfl_source\tracking\nflverse\roster\roster_2026.csv,2026-08-01,00-0036037,Sam Franklin Jr.,BUF
00-0039876,Sedrick Van Pran-Granger,BUF,OL,2026,2026-08-01,BUF,Buffalo Bills,Sedrick Van Pran-Granger,OL,nflverse_roster,C:\Users\tempadmin\OneDrive\Coding\Syndicate\data\nfl_source\tracking\nflverse\roster\roster_2026.csv,2026-08-01,00-0039876,Sedrick Van Pran-Granger,BUF
00-0036679,Shane Buechele,BUF,QB,2026,2026-08-01,BUF,Buffalo Bills,Shane Buechele,QB,nflverse_roster,C:\Users\tempadmin\OneDrive\Coding\Syndicate\data\nfl_source\tracking\nflverse\roster\roster_2026.csv,2026-08-01,00-0036679,Shane Buechele,BUF
00-0036534,Shane Zylstra,BUF,TE,2026,2026-08-01,BUF,Buffalo Bills,Shane Zylstra,TE,nflverse_roster,C:\Users\tempadmin\OneDrive\Coding\Syndicate\data\nfl_source\tracking\nflverse\roster\roster_2026.csv,2026-08-01,00-0036534,Shane Zylstra,BUF
00-0041443,Skyler Bell,BUF,WR,2026,2026-08-01,BUF,Buffalo Bills,Skyler Bell,WR,nflverse_roster,C:\Users\tempadmin\OneDrive\Coding\Syndicate\data\nfl_source\tracking\nflverse\roster\roster_2026.csv,2026-08-01,00-0041443,Skyler Bell,BUF
00-0036976,Spencer Brown,BUF,OL,2026,2026-08-01,BUF,Buffalo Bills,Spencer Brown,OL,nflverse_roster,C:\Users\tempadmin\OneDrive\Coding\Syndicate\data\nfl_source\tracking\nflverse\roster\roster_2026.csv,2026-08-01,00-0036976,Spencer Brown,BUF
00-0040361,Stephen Gosnell,BUF,WR,2026,2026-08-01,BUF,Buffalo Bills,Stephen Gosnell,WR,nflverse_roster,C:\Users\tempadmin\OneDrive\Coding\Syndicate\data\nfl_source\tracking\nflverse\roster\roster_2026.csv,2026-08-01,00-0040361,Stephen Gosnell,BUF
00-0041036,T.J. Parker,BUF,LB,2026,2026-08-01,BUF,Buffalo Bills,T.J. Parker,LB,nflverse_roster,C:\Users\tempadmin\OneDrive\Coding\Syndicate\data\nfl_source\tracking\nflverse\roster\roster_2026.csv,2026-08-01,00-0041036,T.J. Parker,BUF
00-0040724,T.J. Sanders,BUF,DL,2026,2026-08-01,BUF,Buffalo Bills,T.J. Sanders,DL,nflverse_roster,C:\Users\tempadmin\OneDrive\Coding\Syndicate\data\nfl_source\tracking\nflverse\roster\roster_2026.csv,2026-08-01,00-0040724,T.J. Sanders,BUF
00-0039469,Te'Cory Couch,BUF,DB,2026,2026-08-01,BUF,Buffalo Bills,Te'Cory Couch,DB,nflverse_roster,C:\Users\tempadmin\OneDrive\Coding\Syndicate\data\nfl_source\tracking\nflverse\roster\roster_2026.csv,2026-08-01,00-0039469,Te'Cory Couch,BUF
00-0037254,Terrel Bernard,BUF,LB,2026,2026-08-01,BUF,Buffalo Bills,Terrel Bernard,LB,nflverse_roster,C:\Users\tempadmin\OneDrive\Coding\Syndicate\data\nfl_source\tracking\nflverse\roster\roster_2026.csv,2026-08-01,00-0037254,Terrel Bernard,BUF
00-0041223,Theron Gaines,BUF,LB,2026,2026-08-01,BUF,Buffalo Bills,Theron Gaines,LB,nflverse_roster,C:\Users\tempadmin\OneDrive\Coding\Syndicate\data\nfl_source\tracking\nflverse\roster\roster_2026.csv,2026-08-01,00-0041223,Theron Gaines,BUF
00-0040022,Tommy Akingbesote,BUF,DL,2026,2026-08-01,BUF,Buffalo Bills,Tommy Akingbesote,DL,nflverse_roster,C:\Users\tempadmin\OneDrive\Coding\Syndicate\data\nfl_source\tracking\nflverse\roster\roster_2026.csv,2026-08-01,00-0040022,Tommy Akingbesote,BUF
00-0041126,Tommy Doman,BUF,P,2026,2026-08-01,BUF,Buffalo Bills,Tommy Doman,P,nflverse_roster,C:\Users\tempadmin\OneDrive\Coding\Syndicate\data\nfl_source\tracking\nflverse\roster\roster_2026.csv,2026-08-01,00-0041126,Tommy Doman,BUF
00-0041115,Toriano Pride,BUF,DB,2026,2026-08-01,BUF,Buffalo Bills,Toriano Pride,DB,nflverse_roster,C:\Users\tempadmin\OneDrive\Coding\Syndicate\data\nfl_source\tracking\nflverse\roster\roster_2026.csv,2026-08-01,00-0041115,Toriano Pride,BUF
00-0039930,Travis Clayton,BUF,OL,2026,2026-08-01,BUF,Buffalo Bills,Travis Clayton,OL,nflverse_roster,C:\Users\tempadmin\OneDrive\Coding\Syndicate\data\nfl_source\tracking\nflverse\roster\roster_2026.csv,2026-08-01,00-0039930,Travis Clayton,BUF
00-0034487,Trent Sherfield,BUF,WR,2026,2026-08-01,BUF,Buffalo Bills,Trent Sherfield,WR,nflverse_roster,C:\Users\tempadmin\OneDrive\Coding\Syndicate\data\nfl_source\tracking\nflverse\roster\roster_2026.csv,2026-08-01,00-0034487,Trent Sherfield,BUF
00-0035537,Ty Johnson,BUF,RB,2026,2026-08-01,BUF,Buffalo Bills,Ty Johnson,RB,nflverse_roster,C:\Users\tempadmin\OneDrive\Coding\Syndicate\data\nfl_source\tracking\nflverse\roster\roster_2026.csv,2026-08-01,00-0035537,Ty Johnson,BUF
00-0039882,Tylan Grable,BUF,OL,2026,2026-08-01,BUF,Buffalo Bills,Tylan Grable,OL,nflverse_roster,C:\Users\tempadmin\OneDrive\Coding\Syndicate\data\nfl_source\tracking\nflverse\roster\roster_2026.csv,2026-08-01,00-0039882,Tylan Grable,BUF
00-0036162,Tyler Bass,BUF,K,2026,2026-08-01,BUF,Buffalo Bills,Tyler Bass,K,nflverse_roster,C:\Users\tempadmin\OneDrive\Coding\Syndicate\data\nfl_source\tracking\nflverse\roster\roster_2026.csv,2026-08-01,00-0036162,Tyler Bass,BUF
00-0038679,Tyrell Shavers,BUF,WR,2026,2026-08-01,BUF,Buffalo Bills,Tyrell Shavers,WR,nflverse_roster,C:\Users\tempadmin\OneDrive\Coding\Syndicate\data\nfl_source\tracking\nflverse\roster\roster_2026.csv,2026-08-01,00-0038679,Tyrell Shavers,BUF
00-0040364,Wande Owens,BUF,DB,2026,2026-08-01,BUF,Buffalo Bills,Wande Owens,DB,nflverse_roster,C:\Users\tempadmin\OneDrive\Coding\Syndicate\data\nfl_source\tracking\nflverse\roster\roster_2026.csv,2026-08-01,00-0040364,Wande Owens,BUF
00-0041091,Zane Durant,BUF,DL,2026,2026-08-01,BUF,Buffalo Bills,Zane Durant,DL,nflverse_roster,C:\Users\tempadmin\OneDrive\Coding\Syndicate\data\nfl_source\tracking\nflverse\roster\roster_2026.csv,2026-08-01,00-0041091,Zane Durant,BUF
00-0039400,Zion Logue,BUF,DL,2026,2026-08-01,BUF,Buffalo Bills,Zion Logue,DL,nflverse_roster,C:\Users\tempadmin\OneDrive\Coding\Syndicate\data\nfl_source\tracking\nflverse\roster\roster_2026.csv,2026-08-01,00-0039400,Zion Logue,BUF
00-0036265,AJ Dillon,CAR,RB,2026,2026-08-01,CAR,Carolina Panthers,AJ Dillon,RB,nflverse_roster,C:\Users\tempadmin\OneDrive\Coding\Syndicate\data\nfl_source\tracking\nflverse\roster\roster_2026.csv,2026-08-01,00-0036265,AJ Dillon,CAR
00-0041148,Aaron Hall,CAR,DL,2026,2026-08-01,CAR,Carolina Panthers,Aaron Hall,DL,nflverse_roster,C:\Users\tempadmin\OneDrive\Coding\Syndicate\data\nfl_source\tracking\nflverse\roster\roster_2026.csv,2026-08-01,00-0041148,Aaron Hall,CAR
00-0039747,Ainias Smith,CAR,WR,2026,2026-08-01,CAR,Carolina Panthers,Ainias Smith,WR,nflverse_roster,C:\Users\tempadmin\OneDrive\Coding\Syndicate\data\nfl_source\tracking\nflverse\roster\roster_2026.csv,2026-08-01,00-0039747,Ainias Smith,CAR
00-0038101,Akayleb Evans,CAR,DB,2026,2026-08-01,CAR,Carolina Panthers,Akayleb Evans,DB,nflverse_roster,C:\Users\tempadmin\OneDrive\Coding\Syndicate\data\nfl_source\tracking\nflverse\roster\roster_2026.csv,2026-08-01,00-0038101,Akayleb Evans,CAR
00-0041138,Albert Reese,CAR,OL,2026,2026-08-01,CAR,Carolina Panthers,Albert Reese,OL,nflverse_roster,C:\Users\tempadmin\OneDrive\Coding\Syndicate\data\nfl_source\tracking\nflverse\roster\roster_2026.csv,2026-08-01,00-0041138,Albert Reese,CAR
00-0040394,Anthony Tyus III,CAR,RB,2026,2026-08-01,CAR,Carolina Panthers,Anthony Tyus III,RB,nflverse_roster,C:\Users\tempadmin\OneDrive\Coding\Syndicate\data\nfl_source\tracking\nflverse\roster\roster_2026.csv,2026-08-01,00-0040394,Anthony Tyus III,CAR
00-0040289,Bam Martin-Scott,CAR,LB,2026,2026-08-01,CAR,Carolina Panthers,Bam Martin-Scott,LB,nflverse_roster,C:\Users\tempadmin\OneDrive\Coding\Syndicate\data\nfl_source\tracking\nflverse\roster\roster_2026.csv,2026-08-01,00-0040289,Bam Martin-Scott,CAR
00-0036903,Bobby Brown III,CAR,DL,2026,2026-08-01,CAR,Carolina Panthers,Bobby Brown III,DL,nflverse_roster,C:\Users\tempadmin\OneDrive\Coding\Syndicate\data\nfl_source\tracking\nflverse\roster\roster_2026.csv,2026-08-01,00-0036903,Bobby Brown III,CAR
00-0040292,Bryce Pierre,CAR,TE,2026,2026-08-01,CAR,Carolina Panthers,Bryce Pierre,TE,nflverse_roster,C:\Users\tempadmin\OneDrive\Coding\Syndicate\data\nfl_source\tracking\nflverse\roster\roster_2026.csv,2026-08-01,00-0040292,Bryce Pierre,CAR
00-0039150,Bryce Young,CAR,QB,2026,2026-08-01,CAR,Carolina Panthers,Bryce Young,QB,nflverse_roster,C:\Users\tempadmin\OneDrive\Coding\Syndicate\data\nfl_source\tracking\nflverse\roster\roster_2026.csv,2026-08-01,00-0039150,Bryce Young,CAR
00-0038840,Brycen Tremayne,CAR,WR,2026,2026-08-01,CAR,Carolina Panthers,Brycen Tremayne,WR,nflverse_roster,C:\Users\tempadmin\OneDrive\Coding\Syndicate\data\nfl_source\tracking\nflverse\roster\roster_2026.csv,2026-08-01,00-0038840,Brycen Tremayne,CAR
00-0040174,Cam Jackson,CAR,DL,2026,2026-08-01,CAR,Carolina Panthers,Cam Jackson,DL,nflverse_roster,C:\Users\tempadmin\OneDrive\Coding\Syndicate\data\nfl_source\tracking\nflverse\roster\roster_2026.csv,2026-08-01,00-0040174,Cam Jackson,CAR
00-0041150,Cam Miller,CAR,DB,2026,2026-08-01,CAR,Carolina Panthers,Cam Miller,DB,nflverse_roster,C:\Users\tempadmin\OneDrive\Coding\Syndicate\data\nfl_source\tracking\nflverse\roster\roster_2026.csv,2026-08-01,00-0041150,Cam Miller,CAR
00-0038536,Chandler Zavala,CAR,OL,2026,2026-08-01,CAR,Carolina Panthers,Chandler Zavala,OL,nflverse_roster,C:\Users\tempadmin\OneDrive\Coding\Syndicate\data\nfl_source\tracking\nflverse\roster\roster_2026.csv,2026-08-01,00-0038536,Chandler Zavala,CAR
00-0039380,Chau Smith-Wade,CAR,DB,2026,2026-08-01,CAR,Carolina Panthers,Chau Smith-Wade,DB,nflverse_roster,C:\Users\tempadmin\OneDrive\Coding\Syndicate\data\nfl_source\tracking\nflverse\roster\roster_2026.csv,2026-08-01,00-0039380,Chau Smith-Wade,CAR
00-0041047,Chris Brazzell,CAR,WR,2026,2026-08-01,CAR,Carolina Panthers,Chris Brazzell,WR,nflverse_roster,C:\Users\tempadmin\OneDrive\Coding\Syndicate\data\nfl_source\tracking\nflverse\roster\roster_2026.csv,2026-08-01,00-0041047,Chris Brazzell,CAR
00-0036555,Chuba Hubbard,CAR,RB,2026,2026-08-01,CAR,Carolina Panthers,Chuba Hubbard,RB,nflverse_roster,C:\Users\tempadmin\OneDrive\Coding\Syndicate\data\nfl_source\tracking\nflverse\roster\roster_2026.csv,2026-08-01,00-0036555,Chuba Hubbard,CAR
00-0038493,Claudin Cherelus,CAR,LB,2026,2026-08-01,CAR,Carolina Panthers,Claudin Cherelus,LB,nflverse_roster,C:\Users\tempadmin\OneDrive\Coding\Syndicate\data\nfl_source\tracking\nflverse\roster\roster_2026.csv,2026-08-01,00-0038493,Claudin Cherelus,CAR
00-0040296,Corey Thornton,CAR,DB,2026,2026-08-01,CAR,Carolina Panthers,Corey Thornton,DB,nflverse_roster,C:\Users\tempadmin\OneDrive\Coding\Syndicate\data\nfl_source\tracking\nflverse\roster\roster_2026.csv,2026-08-01,00-0040296,Corey Thornton,CAR
00-0036417,Damien Lewis,CAR,OL,2026,2026-08-01,CAR,Carolina Panthers,Damien Lewis,OL,nflverse_roster,C:\Users\tempadmin\OneDrive\Coding\Syndicate\data\nfl_source\tracking\nflverse\roster\roster_2026.csv,2026-08-01,00-0036417,Damien Lewis,CAR
00-0035976,Dan Chisena,CAR,WR,2026,2026-08-01,CAR,Carolina Panthers,Dan Chisena,WR,nflverse_roster,C:\Users\tempadmin\OneDrive\Coding\Syndicate\data\nfl_source\tracking\nflverse\roster\roster_2026.csv,2026-08-01,00-0035976,Dan Chisena,CAR
00-0033589,David Moore,CAR,WR,2026,2026-08-01,CAR,Carolina Panthers,David Moore,WR,nflverse_roster,C:\Users\tempadmin\OneDrive\Coding\Syndicate\data\nfl_source\tracking\nflverse\roster\roster_2026.csv,2026-08-01,00-0033589,David Moore,CAR
00-0041153,DeVonta Smith,CAR,DB,2026,2026-08-01,CAR,Carolina Panthers,DeVonta Smith,DB,nflverse_roster,C:\Users\tempadmin\OneDrive\Coding\Syndicate\data\nfl_source\tracking\nflverse\roster\roster_2026.csv,2026-08-01,00-0041153,DeVonta Smith,CAR
00-0039601,Demani Richardson,CAR,DB,2026,2026-08-01,CAR,Carolina Panthers,Demani Richardson,DB,nflverse_roster,C:\Users\tempadmin\OneDrive\Coding\Syndicate\data\nfl_source\tracking\nflverse\roster\roster_2026.csv,2026-08-01,00-0039601,Demani Richardson,CAR
00-0036220,Derrick Brown,CAR,DL,2026,2026-08-01,CAR,Carolina Panthers,Derrick Brown,DL,nflverse_roster,C:\Users\tempadmin\OneDrive\Coding\Syndicate\data\nfl_source\tracking\nflverse\roster\roster_2026.csv,2026-08-01,00-0036220,Derrick Brown,CAR
00-0037244,Devin Lloyd,CAR,LB,2026,2026-08-01,CAR,Carolina Panthers,Devin Lloyd,LB,nflverse_roster,C:\Users\tempadmin\OneDrive\Coding\Syndicate\data\nfl_source\tracking\nflverse\roster\roster_2026.csv,2026-08-01,00-0037244,Devin Lloyd,CAR
00-0036825,Feleipe Franks,CAR,TE,2026,2026-08-01,CAR,Carolina Panthers,Feleipe Franks,TE,nflverse_roster,C:\Users\tempadmin\OneDrive\Coding\Syndicate\data\nfl_source\tracking\nflverse\roster\roster_2026.csv,2026-08-01,00-0036825,Feleipe Franks,CAR
00-0041149,Haynes King,CAR,QB,2026,2026-08-01,CAR,Carolina Panthers,Haynes King,QB,nflverse_roster,C:\Users\tempadmin\OneDrive\Coding\Syndicate\data\nfl_source\tracking\nflverse\roster\roster_2026.csv,2026-08-01,00-0041149,Haynes King,CAR
00-0037229,Ikem Ekwonu,CAR,OL,2026,2026-08-01,CAR,Carolina Panthers,Ikem Ekwonu,OL,nflverse_roster,C:\Users\tempadmin\OneDrive\Coding\Syndicate\data\nfl_source\tracking\nflverse\roster\roster_2026.csv,2026-08-01,00-0037229,Ikem Ekwonu,CAR
00-0041146,Isaia Glass,CAR,OL,2026,2026-08-01,CAR,Carolina Panthers,Isaia Glass,OL,nflverse_roster,C:\Users\tempadmin\OneDrive\Coding\Syndicate\data\nfl_source\tracking\nflverse\roster\roster_2026.csv,2026-08-01,00-0041146,Isaia Glass,CAR
00-0036356,Isaiah Simmons,CAR,LB,2026,2026-08-01,CAR,Carolina Panthers,Isaiah Simmons,LB,nflverse_roster,C:\Users\tempadmin\OneDrive\Coding\Syndicate\data\nfl_source\tracking\nflverse\roster\roster_2026.csv,2026-08-01,00-0036356,Isaiah Simmons,CAR
00-0041154,Isaiah Smith,CAR,DL,2026,2026-08-01,CAR,Carolina Panthers,Isaiah Smith,DL,nflverse_roster,C:\Users\tempadmin\OneDrive\Coding\Syndicate\data\nfl_source\tracking\nflverse\roster\roster_2026.csv,2026-08-01,00-0041154,Isaiah Smith,CAR
00-0026027,J.J. Jansen,CAR,LS,2026,2026-08-01,CAR,Carolina Panthers,J.J. Jansen,LS,nflverse_roster,C:\Users\tempadmin\OneDrive\Coding\Syndicate\data\nfl_source\tracking\nflverse\roster\roster_2026.csv,2026-08-01,00-0026027,J.J. Jansen,CAR
00-0040265,Ja'Seem Reed,CAR,WR,2026,2026-08-01,CAR,Carolina Panthers,Ja'Seem Reed,WR,nflverse_roster,C:\Users\tempadmin\OneDrive\Coding\Syndicate\data\nfl_source\tracking\nflverse\roster\roster_2026.csv,2026-08-01,00-0040265,Ja'Seem Reed,CAR
00-0039356,Ja'Tavion Sanders,CAR,TE,2026,2026-08-01,CAR,Carolina Panthers,Ja'Tavion Sanders,TE,nflverse_roster,C:\Users\tempadmin\OneDrive\Coding\Syndicate\data\nfl_source\tracking\nflverse\roster\roster_2026.csv,2026-08-01,00-0039356,Ja'Tavion Sanders,CAR
00-0037089,Ja'Tyre Carter,CAR,OL,2026,2026-08-01,CAR,Carolina Panthers,Ja'Tyre Carter,OL,nflverse_roster,C:\Users\tempadmin\OneDrive\Coding\Syndicate\data\nfl_source\tracking\nflverse\roster\roster_2026.csv,2026-08-01,00-0037089,Ja'Tyre Carter,CAR
00-0041119,Jackson Kuwatch,CAR,LB,2026,2026-08-01,CAR,Carolina Panthers,Jackson Kuwatch,LB,nflverse_roster,C:\Users\tempadmin\OneDrive\Coding\Syndicate\data\nfl_source\tracking\nflverse\roster\roster_2026.csv,2026-08-01,00-0041119,Jackson Kuwatch,CAR
00-0036934,Jaelan Phillips,CAR,LB,2026,2026-08-01,CAR,Carolina Panthers,Jaelan Phillips,LB,nflverse_roster,C:\Users\tempadmin\OneDrive\Coding\Syndicate\data\nfl_source\tracking\nflverse\roster\roster_2026.csv,2026-08-01,00-0036934,Jaelan Phillips,CAR
00-0039491,Jalen Coker,CAR,WR,2026,2026-08-01,CAR,Carolina Panthers,Jalen Coker,WR,nflverse_roster,C:\Users\tempadmin\OneDrive\Coding\Syndicate\data\nfl_source\tracking\nflverse\roster\roster_2026.csv,2026-08-01,00-0039491,Jalen Coker,CAR
00-0037282,James Mitchell,CAR,TE,2026,2026-08-01,CAR,Carolina Panthers,James Mitchell,TE,nflverse_roster,C:\Users\tempadmin\OneDrive\Coding\Syndicate\data\nfl_source\tracking\nflverse\roster\roster_2026.csv,2026-08-01,00-0037282,James Mitchell,CAR
00-0040395,Jared Bartlett,CAR,LB,2026,2026-08-01,CAR,Carolina Panthers,Jared Bartlett,LB,nflverse_roster,C:\Users\tempadmin\OneDrive\Coding\Syndicate\data\nfl_source\tracking\nflverse\roster\roster_2026.csv,2026-08-01,00-0040395,Jared Bartlett,CAR
00-0040283,Jared Harrison-Hunte,CAR,DL,2026,2026-08-01,CAR,Carolina Panthers,Jared Harrison-Hunte,DL,nflverse_roster,C:\Users\tempadmin\OneDrive\Coding\Syndicate\data\nfl_source\tracking\nflverse\roster\roster_2026.csv,2026-08-01,00-0040283,Jared Harrison-Hunte,CAR
00-0036944,Jaycee Horn,CAR,DB,2026,2026-08-01,CAR,Carolina Panthers,Jaycee Horn,DB,nflverse_roster,C:\Users\tempadmin\OneDrive\Coding\Syndicate\data\nfl_source\tracking\nflverse\roster\roster_2026.csv,2026-08-01,00-0036944,Jaycee Horn,CAR
00-0041147,Jaylon Guilbeau,CAR,DB,2026,2026-08-01,CAR,Carolina Panthers,Jaylon Guilbeau,DB,nflverse_roster,C:\Users\tempadmin\OneDrive\Coding\Syndicate\data\nfl_source\tracking\nflverse\roster\roster_2026.csv,2026-08-01,00-0041147,Jaylon Guilbeau,CAR
00-0040218,Jimmy Horn Jr.,CAR,WR,2026,2026-08-01,CAR,Carolina Panthers,Jimmy Horn Jr.,WR,nflverse_roster,C:\Users\tempadmin\OneDrive\Coding\Syndicate\data\nfl_source\tracking\nflverse\roster\roster_2026.csv,2026-08-01,00-0040218,Jimmy Horn Jr.,CAR
00-0037614,John Metchie III,CAR,WR,2026,2026-08-01,CAR,Carolina Panthers,John Metchie III,WR,nflverse_roster,C:\Users\tempadmin\OneDrive\Coding\Syndicate\data\nfl_source\tracking\nflverse\roster\roster_2026.csv,2026-08-01,00-0037614,John Metchie III,CAR
00-0039344,Jonathon Brooks,CAR,RB,2026,2026-08-01,CAR,Carolina Panthers,Jonathon Brooks,RB,nflverse_roster,C:\Users\tempadmin\OneDrive\Coding\Syndicate\data\nfl_source\tracking\nflverse\roster\roster_2026.csv,2026-08-01,00-0039344,Jonathon Brooks,CAR
00-0040548,Joshua Gray,CAR,OL,2026,2026-08-01,CAR,Carolina Panthers,Joshua Gray,OL,nflverse_roster,C:\Users\tempadmin\OneDrive\Coding\Syndicate\data\nfl_source\tracking\nflverse\roster\roster_2026.csv,2026-08-01,00-0040548,Joshua Gray,CAR
00-0038102,Kenny Pickett,CAR,QB,2026,2026-08-01,CAR,Carolina Panthers,Kenny Pickett,QB,nflverse_roster,C:\Users\tempadmin\OneDrive\Coding\Syndicate\data\nfl_source\tracking\nflverse\roster\roster_2026.csv,2026-08-01,00-0038102,Kenny Pickett,CAR
00-0041152,Kobe Prentice,CAR,WR,2026,2026-08-01,CAR,Carolina Panthers,Kobe Prentice,WR,nflverse_roster,C:\Users\tempadmin\OneDrive\Coding\Syndicate\data\nfl_source\tracking\nflverse\roster\roster_2026.csv,2026-08-01,00-0041152,Kobe Prentice,CAR
00-0037203,LaBryan Ray,CAR,DL,2026,2026-08-01,CAR,Carolina Panthers,LaBryan Ray,DL,nflverse_roster,C:\Users\tempadmin\OneDrive\Coding\Syndicate\data\nfl_source\tracking\nflverse\roster\roster_2026.csv,2026-08-01,00-0037203,LaBryan Ray,CAR
00-0040159,Lathan Ransom,CAR,DB,2026,2026-08-01,CAR,Carolina Panthers,Lathan Ransom,DB,nflverse_roster,C:\Users\tempadmin\OneDrive\Coding\Syndicate\data\nfl_source\tracking\nflverse\roster\roster_2026.csv,2026-08-01,00-0040159,Lathan Ransom,CAR
00-0041478,Lee Hunter,CAR,DL,2026,2026-08-01,CAR,Carolina Panthers,Lee Hunter,DL,nflverse_roster,C:\Users\tempadmin\OneDrive\Coding\Syndicate\data\nfl_source\tracking\nflverse\roster\roster_2026.csv,2026-08-01,00-0041478,Lee Hunter,CAR
00-0037814,Luke Fortner,CAR,OL,2026,2026-08-01,CAR,Carolina Panthers,Luke Fortner,OL,nflverse_roster,C:\Users\tempadmin\OneDrive\Coding\Syndicate\data\nfl_source\tracking\nflverse\roster\roster_2026.csv,2026-08-01,00-0037814,Luke Fortner,CAR
00-0039637,Maema Njongmeta,CAR,LB,2026,2026-08-01,CAR,Carolina Panthers,Maema Njongmeta,LB,nflverse_roster,C:\Users\tempadmin\OneDrive\Coding\Syndicate\data\nfl_source\tracking\nflverse\roster\roster_2026.csv,2026-08-01,00-0039637,Maema Njongmeta,CAR
00-0041542,Malick Meiga,CAR,WR,2026,2026-08-01,CAR,Carolina Panthers,Malick Meiga,WR,nflverse_roster,C:\Users\tempadmin\OneDrive\Coding\Syndicate\data\nfl_source\tracking\nflverse\roster\roster_2026.csv,2026-08-01,00-0041542,Malick Meiga,CAR
00-0040763,Mapalo Mwansa,CAR,DL,2026,2026-08-01,CAR,Carolina Panthers,Mapalo Mwansa,DL,nflverse_roster,C:\Users\tempadmin\OneDrive\Coding\Syndicate\data\nfl_source\tracking\nflverse\roster\roster_2026.csv,2026-08-01,00-0040763,Mapalo Mwansa,CAR
00-0040293,Michael Reid,CAR,DB,2026,2026-08-01,CAR,Carolina Panthers,Michael Reid,DB,nflverse_roster,C:\Users\tempadmin\OneDrive\Coding\Syndicate\data\nfl_source\tracking\nflverse\roster\roster_2026.csv,2026-08-01,00-0040293,Michael Reid,CAR
00-0035277,Mike Jackson,CAR,DB,2026,2026-08-01,CAR,Carolina Panthers,Mike Jackson,DB,nflverse_roster,C:\Users\tempadmin\OneDrive\Coding\Syndicate\data\nfl_source\tracking\nflverse\roster\roster_2026.csv,2026-08-01,00-0035277,Mike Jackson,CAR
00-0041485,Miles Davis,CAR,RB,2026,2026-08-01,CAR,Carolina Panthers,Miles Davis,RB,nflverse_roster,C:\Users\tempadmin\OneDrive\Coding\Syndicate\data\nfl_source\tracking\nflverse\roster\roster_2026.csv,2026-08-01,00-0041485,Miles Davis,CAR
00-0040187,Mitchell Evans,CAR,TE,2026,2026-08-01,CAR,Carolina Panthers,Mitchell Evans,TE,nflverse_roster,C:\Users\tempadmin\OneDrive\Coding\Syndicate\data\nfl_source\tracking\nflverse\roster\roster_2026.csv,2026-08-01,00-0040187,Mitchell Evans,CAR
00-0041034,Monroe Freeling,CAR,OL,2026,2026-08-01,CAR,Carolina Panthers,Monroe Freeling,OL,nflverse_roster,C:\Users\tempadmin\OneDrive\Coding\Syndicate\data\nfl_source\tracking\nflverse\roster\roster_2026.csv,2026-08-01,00-0041034,Monroe Freeling,CAR
00-0040746,Nic Scourton,CAR,LB,2026,2026-08-01,CAR,Carolina Panthers,Nic Scourton,LB,nflverse_roster,C:\Users\tempadmin\OneDrive\Coding\Syndicate\data\nfl_source\tracking\nflverse\roster\roster_2026.csv,2026-08-01,00-0040746,Nic Scourton,CAR
00-0039076,Nick Hampton,CAR,LB,2026,2026-08-01,CAR,Carolina Panthers,Nick Hampton,LB,nflverse_roster,C:\Users\tempadmin\OneDrive\Coding\Syndicate\data\nfl_source\tracking\nflverse\roster\roster_2026.csv,2026-08-01,00-0039076,Nick Hampton,CAR
00-0039237,Nick Samac,CAR,OL,2026,2026-08-01,CAR,Carolina Panthers,Nick Samac,OL,nflverse_roster,C:\Users\tempadmin\OneDrive\Coding\Syndicate\data\nfl_source\tracking\nflverse\roster\roster_2026.csv,2026-08-01,00-0039237,Nick Samac,CAR
00-0035669,Nick Scott,CAR,DB,2026,2026-08-01,CAR,Carolina Panthers,Nick Scott,DB,nflverse_roster,C:\Users\tempadmin\OneDrive\Coding\Syndicate\data\nfl_source\tracking\nflverse\roster\roster_2026.csv,2026-08-01,00-0035669,Nick Scott,CAR
00-0041151,Parker Petersen,CAR,DL,2026,2026-08-01,CAR,Carolina Panthers,Parker Petersen,DL,nflverse_roster,C:\Users\tempadmin\OneDrive\Coding\Syndicate\data\nfl_source\tracking\nflverse\roster\roster_2026.csv,2026-08-01,00-0041151,Parker Petersen,CAR
00-0037007,Patrick Jones II,CAR,LB,2026,2026-08-01,CAR,Carolina Panthers,Patrick Jones II,LB,nflverse_roster,C:\Users\tempadmin\OneDrive\Coding\Syndicate\data\nfl_source\tracking\nflverse\roster\roster_2026.csv,2026-08-01,00-0037007,Patrick Jones II,CAR
00-0040136,Princely Umanmielen,CAR,LB,2026,2026-08-01,CAR,Carolina Panthers,Princely Umanmielen,LB,nflverse_roster,C:\Users\tempadmin\OneDrive\Coding\Syndicate\data\nfl_source\tracking\nflverse\roster\roster_2026.csv,2026-08-01,00-0040136,Princely Umanmielen,CAR
00-0037196,Rasheed Walker,CAR,OL,2026,2026-08-01,CAR,Carolina Panthers,Rasheed Walker,OL,nflverse_roster,C:\Users\tempadmin\OneDrive\Coding\Syndicate\data\nfl_source\tracking\nflverse\roster\roster_2026.csv,2026-08-01,00-0037196,Rasheed Walker,CAR
00-0036325,Robert Hunt,CAR,OL,2026,2026-08-01,CAR,Carolina Panthers,Robert Hunt,OL,nflverse_roster,C:\Users\tempadmin\OneDrive\Coding\Syndicate\data\nfl_source\tracking\nflverse\roster\roster_2026.csv,2026-08-01,00-0036325,Robert Hunt,CAR
00-0036904,Robert Rochell,CAR,DB,2026,2026-08-01,CAR,Carolina Panthers,Robert Rochell,DB,nflverse_roster,C:\Users\tempadmin\OneDrive\Coding\Syndicate\data\nfl_source\tracking\nflverse\roster\roster_2026.csv,2026-08-01,00-0036904,Robert Rochell,CAR
00-0040279,Ryan Fitzgerald,CAR,K,2026,2026-08-01,CAR,Carolina Panthers,Ryan Fitzgerald,K,nflverse_roster,C:\Users\tempadmin\OneDrive\Coding\Syndicate\data\nfl_source\tracking\nflverse\roster\roster_2026.csv,2026-08-01,00-0040279,Ryan Fitzgerald,CAR
00-0036334,Saahdiq Charles,CAR,OL,2026,2026-08-01,CAR,Carolina Panthers,Saahdiq Charles,OL,nflverse_roster,C:\Users\tempadmin\OneDrive\Coding\Syndicate\data\nfl_source\tracking\nflverse\roster\roster_2026.csv,2026-08-01,00-0036334,Saahdiq Charles,CAR
00-0041071,Sam Hecht,CAR,OL,2026,2026-08-01,CAR,Carolina Panthers,Sam Hecht,OL,nflverse_roster,C:\Users\tempadmin\OneDrive\Coding\Syndicate\data\nfl_source\tracking\nflverse\roster\roster_2026.csv,2026-08-01,00-0041071,Sam Hecht,CAR
00-0030092,Sam Martin,CAR,P,2026,2026-08-01,CAR,Carolina Panthers,Sam Martin,P,nflverse_roster,C:\Users\tempadmin\OneDrive\Coding\Syndicate\data\nfl_source\tracking\nflverse\roster\roster_2026.csv,2026-08-01,00-0030092,Sam Martin,CAR
00-0036653,Stone Forsythe,CAR,OL,2026,2026-08-01,CAR,Carolina Panthers,Stone Forsythe,OL,nflverse_roster,C:\Users\tempadmin\OneDrive\Coding\Syndicate\data\nfl_source\tracking\nflverse\roster\roster_2026.csv,2026-08-01,00-0036653,Stone Forsythe,CAR
00-0033284,Taylor Moton,CAR,OL,2026,2026-08-01,CAR,Carolina Panthers,Taylor Moton,OL,nflverse_roster,C:\Users\tempadmin\OneDrive\Coding\Syndicate\data\nfl_source\tracking\nflverse\roster\roster_2026.csv,2026-08-01,00-0033284,Taylor Moton,CAR
00-0035890,Tershawn Wharton,CAR,DL,2026,2026-08-01,CAR,Carolina Panthers,Tershawn Wharton,DL,nflverse_roster,C:\Users\tempadmin\OneDrive\Coding\Syndicate\data\nfl_source\tracking\nflverse\roster\roster_2026.csv,2026-08-01,00-0035890,Tershawn Wharton,CAR
00-0040124,Tetairoa McMillan,CAR,WR,2026,2026-08-01,CAR,Carolina Panthers,Tetairoa McMillan,WR,nflverse_roster,C:\Users\tempadmin\OneDrive\Coding\Syndicate\data\nfl_source\tracking\nflverse\roster\roster_2026.csv,2026-08-01,00-0040124,Tetairoa McMillan,CAR
00-0038791,Thomas Incoom,CAR,LB,2026,2026-08-01,CAR,Carolina Panthers,Thomas Incoom,LB,nflverse_roster,C:\Users\tempadmin\OneDrive\Coding\Syndicate\data\nfl_source\tracking\nflverse\roster\roster_2026.csv,2026-08-01,00-0038791,Thomas Incoom,CAR
00-0037005,Tommy Tremble,CAR,TE,2026,2026-08-01,CAR,Carolina Panthers,Tommy Tremble,TE,nflverse_roster,C:\Users\tempadmin\OneDrive\Coding\Syndicate\data\nfl_source\tracking\nflverse\roster\roster_2026.csv,2026-08-01,00-0037005,Tommy Tremble,CAR
00-0036962,Tre'von Moehrig,CAR,DB,2026,2026-08-01,CAR,Carolina Panthers,Tre'von Moehrig,DB,nflverse_roster,C:\Users\tempadmin\OneDrive\Coding\Syndicate\data\nfl_source\tracking\nflverse\roster\roster_2026.csv,2026-08-01,00-0036962,Tre'von Moehrig,CAR
00-0039347,Trevin Wallace,CAR,LB,2026,2026-08-01,CAR,Carolina Panthers,Trevin Wallace,LB,nflverse_roster,C:\Users\tempadmin\OneDrive\Coding\Syndicate\data\nfl_source\tracking\nflverse\roster\roster_2026.csv,2026-08-01,00-0039347,Trevin Wallace,CAR
00-0036305,Trevis Gipson,CAR,DL,2026,2026-08-01,CAR,Carolina Panthers,Trevis Gipson,DL,nflverse_roster,C:\Users\tempadmin\OneDrive\Coding\Syndicate\data\nfl_source\tracking\nflverse\roster\roster_2026.csv,2026-08-01,00-0036305,Trevis Gipson,CAR
00-0040644,Trevor Etienne,CAR,RB,2026,2026-08-01,CAR,Carolina Panthers,Trevor Etienne,RB,nflverse_roster,C:\Users\tempadmin\OneDrive\Coding\Syndicate\data\nfl_source\tracking\nflverse\roster\roster_2026.csv,2026-08-01,00-0040644,Trevor Etienne,CAR
00-0039586,Tyrek Funderburk,CAR,DB,2026,2026-08-01,CAR,Carolina Panthers,Tyrek Funderburk,DB,nflverse_roster,C:\Users\tempadmin\OneDrive\Coding\Syndicate\data\nfl_source\tracking\nflverse\roster\roster_2026.csv,2026-08-01,00-0039586,Tyrek Funderburk,CAR
00-0041487,Tywone Malone,CAR,DL,2026,2026-08-01,CAR,Carolina Panthers,Tywone Malone,DL,nflverse_roster,C:\Users\tempadmin\OneDrive\Coding\Syndicate\data\nfl_source\tracking\nflverse\roster\roster_2026.csv,2026-08-01,00-0041487,Tywone Malone,CAR
00-0035251,Will Grier,CAR,QB,2026,2026-08-01,CAR,Carolina Panthers,Will Grier,QB,nflverse_roster,C:\Users\tempadmin\OneDrive\Coding\Syndicate\data\nfl_source\tracking\nflverse\roster\roster_2026.csv,2026-08-01,00-0035251,Will Grier,CAR
00-0041063,Will Lee,CAR,DB,2026,2026-08-01,CAR,Carolina Panthers,Will Lee,DB,nflverse_roster,C:\Users\tempadmin\OneDrive\Coding\Syndicate\data\nfl_source\tracking\nflverse\roster\roster_2026.csv,2026-08-01,00-0041063,Will Lee,CAR
00-0039342,Xavier Legette,CAR,WR,2026,2026-08-01,CAR,Carolina Panthers,Xavier Legette,WR,nflverse_roster,C:\Users\tempadmin\OneDrive\Coding\Syndicate\data\nfl_source\tracking\nflverse\roster\roster_2026.csv,2026-08-01,00-0039342,Xavier Legette,CAR
00-0041076,Zakee Wheatley,CAR,DB,2026,2026-08-01,CAR,Carolina Panthers,Zakee Wheatley,DB,nflverse_roster,C:\Users\tempadmin\OneDrive\Coding\Syndicate\data\nfl_source\tracking\nflverse\roster\roster_2026.csv,2026-08-01,00-0041076,Zakee Wheatley,CAR
00-0038411,Anthony Johnson Jr.,CHI,DB,2026,2026-08-01,CHI,Chicago Bears,Anthony Johnson Jr.,DB,nflverse_roster,C:\Users\tempadmin\OneDrive\Coding\Syndicate\data\nfl_source\tracking\nflverse\roster\roster_2026.csv,2026-08-01,00-0038411,Anthony Johnson Jr.,CHI
00-0039840,Austin Booker,CHI,DL,2026,2026-08-01,CHI,Chicago Bears,Austin Booker,DL,nflverse_roster,C:\Users\tempadmin\OneDrive\Coding\Syndicate\data\nfl_source\tracking\nflverse\roster\roster_2026.csv,2026-08-01,00-0039840,Austin Booker,CHI
00-0041167,Beau Gardner,CHI,LS,2026,2026-08-01,CHI,Chicago Bears,Beau Gardner,LS,nflverse_roster,C:\Users\tempadmin\OneDrive\Coding\Syndicate\data\nfl_source\tracking\nflverse\roster\roster_2026.csv,2026-08-01,00-0041167,Beau Gardner,CHI
00-0037081,Braxton Jones,CHI,OL,2026,2026-08-01,CHI,Chicago Bears,Braxton Jones,OL,nflverse_roster,C:\Users\tempadmin\OneDrive\Coding\Syndicate\data\nfl_source\tracking\nflverse\roster\roster_2026.csv,2026-08-01,00-0037081,Braxton Jones,CHI
00-0037329,Brittain Brown,CHI,RB,2026,2026-08-01,CHI,Chicago Bears,Brittain Brown,RB,nflverse_roster,C:\Users\tempadmin\OneDrive\Coding\Syndicate\data\nfl_source\tracking\nflverse\roster\roster_2026.csv,2026-08-01,00-0037329,Brittain Brown,CHI
00-0041164,Caden Barnett,CHI,OL,2026,2026-08-01,CHI,Chicago Bears,Caden Barnett,OL,nflverse_roster,C:\Users\tempadmin\OneDrive\Coding\Syndicate\data\nfl_source\tracking\nflverse\roster\roster_2026.csv,2026-08-01,00-0041164,Caden Barnett,CHI
00-0031203,Cairo Santos,CHI,K,2026,2026-08-01,CHI,Chicago Bears,Cairo Santos,K,nflverse_roster,C:\Users\tempadmin\OneDrive\Coding\Syndicate\data\nfl_source\tracking\nflverse\roster\roster_2026.csv,2026-08-01,00-0031203,Cairo Santos,CHI
00-0039918,Caleb Williams,CHI,QB,2026,2026-08-01,CHI,Chicago Bears,Caleb Williams,QB,nflverse_roster,C:\Users\tempadmin\OneDrive\Coding\Syndicate\data\nfl_source\tracking\nflverse\roster\roster_2026.csv,2026-08-01,00-0039918,Caleb Williams,CHI
00-0035357,Cam Lewis,CHI,DB,2026,2026-08-01,CHI,Chicago Bears,Cam Lewis,DB,nflverse_roster,C:\Users\tempadmin\OneDrive\Coding\Syndicate\data\nfl_source\tracking\nflverse\roster\roster_2026.csv,2026-08-01,00-0035357,Cam Lewis,CHI
00-0028986,Case Keenum,CHI,QB,2026,2026-08-01,CHI,Chicago Bears,Case Keenum,QB,nflverse_roster,C:\Users\tempadmin\OneDrive\Coding\Syndicate\data\nfl_source\tracking\nflverse\roster\roster_2026.csv,2026-08-01,00-0028986,Case Keenum,CHI
00-0038136,Coby Bryant,CHI,DB,2026,2026-08-01,CHI,Chicago Bears,Coby Bryant,DB,nflverse_roster,C:\Users\tempadmin\OneDrive\Coding\Syndicate\data\nfl_source\tracking\nflverse\roster\roster_2026.csv,2026-08-01,00-0038136,Coby Bryant,CHI
00-0036290,Cole Kmet,CHI,TE,2026,2026-08-01,CHI,Chicago Bears,Cole Kmet,TE,nflverse_roster,C:\Users\tempadmin\OneDrive\Coding\Syndicate\data\nfl_source\tracking\nflverse\roster\roster_2026.csv,2026-08-01,00-0036290,Cole Kmet,CHI
00-0041165,Coleman Bennett,CHI,RB,2026,2026-08-01,CHI,Chicago Bears,Coleman Bennett,RB,nflverse_roster,C:\Users\tempadmin\OneDrive\Coding\Syndicate\data\nfl_source\tracking\nflverse\roster\roster_2026.csv,2026-08-01,00-0041165,Coleman Bennett,CHI
00-0040126,Colston Loveland,CHI,TE,2026,2026-08-01,CHI,Chicago Bears,Colston Loveland,TE,nflverse_roster,C:\Users\tempadmin\OneDrive\Coding\Syndicate\data\nfl_source\tracking\nflverse\roster\roster_2026.csv,2026-08-01,00-0040126,Colston Loveland,CHI
00-0036275,D'Andre Swift,CHI,RB,2026,2026-08-01,CHI,Chicago Bears,D'Andre Swift,RB,nflverse_roster,C:\Users\tempadmin\OneDrive\Coding\Syndicate\data\nfl_source\tracking\nflverse\roster\roster_2026.csv,2026-08-01,00-0036275,D'Andre Swift,CHI
00-0037271,D'Marco Jackson,CHI,LB,2026,2026-08-01,CHI,Chicago Bears,D'Marco Jackson,LB,nflverse_roster,C:\Users\tempadmin\OneDrive\Coding\Syndicate\data\nfl_source\tracking\nflverse\roster\roster_2026.csv,2026-08-01,00-0037271,D'Marco Jackson,CHI
00-0037395,Dallis Flowers,CHI,DB,2026,2026-08-01,CHI,Chicago Bears,Dallis Flowers,DB,nflverse_roster,C:\Users\tempadmin\OneDrive\Coding\Syndicate\data\nfl_source\tracking\nflverse\roster\roster_2026.csv,2026-08-01,00-0037395,Dallis Flowers,CHI
00-0037843,Daniel Hardy,CHI,DL,2026,2026-08-01,CHI,Chicago Bears,Daniel Hardy,DL,nflverse_roster,C:\Users\tempadmin\OneDrive\Coding\Syndicate\data\nfl_source\tracking\nflverse\roster\roster_2026.csv,2026-08-01,00-0037843,Daniel Hardy,CHI
00-0038932,Darnell Wright,CHI,OL,2026,2026-08-01,CHI,Chicago Bears,Darnell Wright,OL,nflverse_roster,C:\Users\tempadmin\OneDrive\Coding\Syndicate\data\nfl_source\tracking\nflverse\roster\roster_2026.csv,2026-08-01,00-0038932,Darnell Wright,CHI
00-0036480,Dayo Odeyingbo,CHI,DL,2026,2026-08-01,CHI,Chicago Bears,Dayo Odeyingbo,DL,nflverse_roster,C:\Users\tempadmin\OneDrive\Coding\Syndicate\data\nfl_source\tracking\nflverse\roster\roster_2026.csv,2026-08-01,00-0036480,Dayo Odeyingbo,CHI
00-0035525,Devin Bush,CHI,LB,2026,2026-08-01,CHI,Chicago Bears,Devin Bush,LB,nflverse_roster,C:\Users\tempadmin\OneDrive\Coding\Syndicate\data\nfl_source\tracking\nflverse\roster\roster_2026.csv,2026-08-01,00-0035525,Devin Bush,CHI
00-0041538,Dillon Thieneman,CHI,DB,2026,2026-08-01,CHI,Chicago Bears,Dillon Thieneman,DB,nflverse_roster,C:\Users\tempadmin\OneDrive\Coding\Syndicate\data\nfl_source\tracking\nflverse\roster\roster_2026.csv,2026-08-01,00-0041538,Dillon Thieneman,CHI
00-0039381,Dominique Hampton,CHI,DB,2026,2026-08-01,CHI,Chicago Bears,Dominique Hampton,DB,nflverse_roster,C:\Users\tempadmin\OneDrive\Coding\Syndicate\data\nfl_source\tracking\nflverse\roster\roster_2026.csv,2026-08-01,00-0039381,Dominique Hampton,CHI
00-0040550,Dontae Manning,CHI,DB,2026,2026-08-01,CHI,Chicago Bears,Dontae Manning,DB,nflverse_roster,C:\Users\tempadmin\OneDrive\Coding\Syndicate\data\nfl_source\tracking\nflverse\roster\roster_2026.csv,2026-08-01,00-0040550,Dontae Manning,CHI
00-0037096,Elijah Hicks,CHI,DB,2026,2026-08-01,CHI,Chicago Bears,Elijah Hicks,DB,nflverse_roster,C:\Users\tempadmin\OneDrive\Coding\Syndicate\data\nfl_source\tracking\nflverse\roster\roster_2026.csv,2026-08-01,00-0037096,Elijah Hicks,CHI
00-0041174,Gabriel Plascencia,CHI,K,2026,2026-08-01,CHI,Chicago Bears,Gabriel Plascencia,K,nflverse_roster,C:\Users\tempadmin\OneDrive\Coding\Syndicate\data\nfl_source\tracking\nflverse\roster\roster_2026.csv,2026-08-01,00-0041174,Gabriel Plascencia,CHI
00-0035588,Garrett Bradbury,CHI,OL,2026,2026-08-01,CHI,Chicago Bears,Garrett Bradbury,OL,nflverse_roster,C:\Users\tempadmin\OneDrive\Coding\Syndicate\data\nfl_source\tracking\nflverse\roster\roster_2026.csv,2026-08-01,00-0035588,Garrett Bradbury,CHI
00-0038413,Gervarrius Owens,CHI,DB,2026,2026-08-01,CHI,Chicago Bears,Gervarrius Owens,DB,nflverse_roster,C:\Users\tempadmin\OneDrive\Coding\Syndicate\data\nfl_source\tracking\nflverse\roster\roster_2026.csv,2026-08-01,00-0038413,Gervarrius Owens,CHI
00-0039070,Gervon Dexter Sr.,CHI,DL,2026,2026-08-01,CHI,Chicago Bears,Gervon Dexter Sr.,DL,nflverse_roster,C:\Users\tempadmin\OneDrive\Coding\Syndicate\data\nfl_source\tracking\nflverse\roster\roster_2026.csv,2026-08-01,00-0039070,Gervon Dexter Sr.,CHI
00-0031583,Grady Jarrett,CHI,DL,2026,2026-08-01,CHI,Chicago Bears,Grady Jarrett,DL,nflverse_roster,C:\Users\tempadmin\OneDrive\Coding\Syndicate\data\nfl_source\tracking\nflverse\roster\roster_2026.csv,2026-08-01,00-0031583,Grady Jarrett,CHI
00-0041170,Hayden Large,CHI,TE,2026,2026-08-01,CHI,Chicago Bears,Hayden Large,TE,nflverse_roster,C:\Users\tempadmin\OneDrive\Coding\Syndicate\data\nfl_source\tracking\nflverse\roster\roster_2026.csv,2026-08-01,00-0041170,Hayden Large,CHI
00-0040275,JP Richardson,CHI,WR,2026,2026-08-01,CHI,Chicago Bears,JP Richardson,WR,nflverse_roster,C:\Users\tempadmin\OneDrive\Coding\Syndicate\data\nfl_source\tracking\nflverse\roster\roster_2026.csv,2026-08-01,00-0040275,JP Richardson,CHI
00-0037109,Jack Sanborn,CHI,LB,2026,2026-08-01,CHI,Chicago Bears,Jack Sanborn,LB,nflverse_roster,C:\Users\tempadmin\OneDrive\Coding\Syndicate\data\nfl_source\tracking\nflverse\roster\roster_2026.csv,2026-08-01,00-0037109,Jack Sanborn,CHI
00-0040277,Jahdae Walker,CHI,WR,2026,2026-08-01,CHI,Chicago Bears,Jahdae Walker,WR,nflverse_roster,C:\Users\tempadmin\OneDrive\Coding\Syndicate\data\nfl_source\tracking\nflverse\roster\roster_2026.csv,2026-08-01,00-0040277,Jahdae Walker,CHI
00-0036337,James Lynch,CHI,DL,2026,2026-08-01,CHI,Chicago Bears,James Lynch,DL,nflverse_roster,C:\Users\tempadmin\OneDrive\Coding\Syndicate\data\nfl_source\tracking\nflverse\roster\roster_2026.csv,2026-08-01,00-0036337,James Lynch,CHI
00-0039461,Jamree Kromah,CHI,DL,2026,2026-08-01,CHI,Chicago Bears,Jamree Kromah,DL,nflverse_roster,C:\Users\tempadmin\OneDrive\Coding\Syndicate\data\nfl_source\tracking\nflverse\roster\roster_2026.csv,2026-08-01,00-0039461,Jamree Kromah,CHI
00-0041169,Jaren Kump,CHI,OL,2026,2026-08-01,CHI,Chicago Bears,Jaren Kump,OL,nflverse_roster,C:\Users\tempadmin\OneDrive\Coding\Syndicate\data\nfl_source\tracking\nflverse\roster\roster_2026.csv,2026-08-01,00-0041169,Jaren Kump,CHI
00-0041171,Jayden Loving,CHI,DL,2026,2026-08-01,CHI,Chicago Bears,Jayden Loving,DL,nflverse_roster,C:\Users\tempadmin\OneDrive\Coding\Syndicate\data\nfl_source\tracking\nflverse\roster\roster_2026.csv,2026-08-01,00-0041171,Jayden Loving,CHI
00-0036292,Jaylon Johnson,CHI,DB,2026,2026-08-01,CHI,Chicago Bears,Jaylon Johnson,DB,nflverse_roster,C:\Users\tempadmin\OneDrive\Coding\Syndicate\data\nfl_source\tracking\nflverse\roster\roster_2026.csv,2026-08-01,00-0036292,Jaylon Johnson,CHI
00-0037106,Jaylon Jones,CHI,DB,2026,2026-08-01,CHI,Chicago Bears,Jaylon Jones,DB,nflverse_roster,C:\Users\tempadmin\OneDrive\Coding\Syndicate\data\nfl_source\tracking\nflverse\roster\roster_2026.csv,2026-08-01,00-0037106,Jaylon Jones,CHI
00-0036267,Jedrick Wills,CHI,OL,2026,2026-08-01,CHI,Chicago Bears,Jedrick Wills,OL,nflverse_roster,C:\Users\tempadmin\OneDrive\Coding\Syndicate\data\nfl_source\tracking\nflverse\roster\roster_2026.csv,2026-08-01,00-0036267,Jedrick Wills,CHI
00-0038716,Jeremiah Martin,CHI,DL,2026,2026-08-01,CHI,Chicago Bears,Jeremiah Martin,DL,nflverse_roster,C:\Users\tempadmin\OneDrive\Coding\Syndicate\data\nfl_source\tracking\nflverse\roster\roster_2026.csv,2026-08-01,00-0038716,Jeremiah Martin,CHI
00-0032391,Joe Thuney,CHI,OL,2026,2026-08-01,CHI,Chicago Bears,Joe Thuney,OL,nflverse_roster,C:\Users\tempadmin\OneDrive\Coding\Syndicate\data\nfl_source\tracking\nflverse\roster\roster_2026.csv,2026-08-01,00-0032391,Joe Thuney,CHI
00-0036802,Jon Rhattigan,CHI,LB,2026,2026-08-01,CHI,Chicago Bears,Jon Rhattigan,LB,nflverse_roster,C:\Users\tempadmin\OneDrive\Coding\Syndicate\data\nfl_source\tracking\nflverse\roster\roster_2026.csv,2026-08-01,00-0036802,Jon Rhattigan,CHI
00-0036258,Jonah Jackson,CHI,OL,2026,2026-08-01,CHI,Chicago Bears,Jonah Jackson,OL,nflverse_roster,C:\Users\tempadmin\OneDrive\Coding\Syndicate\data\nfl_source\tracking\nflverse\roster\roster_2026.csv,2026-08-01,00-0036258,Jonah Jackson,CHI
00-0036239,Jonathan Garvin,CHI,LB,2026,2026-08-01,CHI,Chicago Bears,Jonathan Garvin,LB,nflverse_roster,C:\Users\tempadmin\OneDrive\Coding\Syndicate\data\nfl_source\tracking\nflverse\roster\roster_2026.csv,2026-08-01,00-0036239,Jonathan Garvin,CHI
00-0038595,Jordan McFadden,CHI,OL,2026,2026-08-01,CHI,Chicago Bears,Jordan McFadden,OL,nflverse_roster,C:\Users\tempadmin\OneDrive\Coding\Syndicate\data\nfl_source\tracking\nflverse\roster\roster_2026.csv,2026-08-01,00-0038595,Jordan McFadden,CHI
00-0041110,Jordan van den Berg,CHI,DL,2026,2026-08-01,CHI,Chicago Bears,Jordan van den Berg,DL,nflverse_roster,C:\Users\tempadmin\OneDrive\Coding\Syndicate\data\nfl_source\tracking\nflverse\roster\roster_2026.csv,2026-08-01,00-0041110,Jordan van den Berg,CHI
00-0037129,Josh Blackwell,CHI,DB,2026,2026-08-01,CHI,Chicago Bears,Josh Blackwell,DB,nflverse_roster,C:\Users\tempadmin\OneDrive\Coding\Syndicate\data\nfl_source\tracking\nflverse\roster\roster_2026.csv,2026-08-01,00-0037129,Josh Blackwell,CHI
00-0041166,K.C. Eziomume,CHI,DB,2026,2026-08-01,CHI,Chicago Bears,K.C. Eziomume,DB,nflverse_roster,C:\Users\tempadmin\OneDrive\Coding\Syndicate\data\nfl_source\tracking\nflverse\roster\roster_2026.csv,2026-08-01,00-0041166,K.C. Eziomume,CHI
00-0032464,Kalif Raymond,CHI,WR,2026,2026-08-01,CHI,Chicago Bears,Kalif Raymond,WR,nflverse_roster,C:\Users\tempadmin\OneDrive\Coding\Syndicate\data\nfl_source\tracking\nflverse\roster\roster_2026.csv,2026-08-01,00-0032464,Kalif Raymond,CHI
00-0034320,Kentavius Street,CHI,DL,2026,2026-08-01,CHI,Chicago Bears,Kentavius Street,DL,nflverse_roster,C:\Users\tempadmin\OneDrive\Coding\Syndicate\data\nfl_source\tracking\nflverse\roster\roster_2026.csv,2026-08-01,00-0034320,Kentavius Street,CHI
00-0041085,Keyshaun Elliott,CHI,LB,2026,2026-08-01,CHI,Chicago Bears,Keyshaun Elliott,LB,nflverse_roster,C:\Users\tempadmin\OneDrive\Coding\Syndicate\data\nfl_source\tracking\nflverse\roster\roster_2026.csv,2026-08-01,00-0041085,Keyshaun Elliott,CHI
00-0039822,Kiran Amegadjie,CHI,OL,2026,2026-08-01,CHI,Chicago Bears,Kiran Amegadjie,OL,nflverse_roster,C:\Users\tempadmin\OneDrive\Coding\Syndicate\data\nfl_source\tracking\nflverse\roster\roster_2026.csv,2026-08-01,00-0039822,Kiran Amegadjie,CHI
00-0039624,Kyle Hergel,CHI,OL,2026,2026-08-01,CHI,Chicago Bears,Kyle Hergel,OL,nflverse_roster,C:\Users\tempadmin\OneDrive\Coding\Syndicate\data\nfl_source\tracking\nflverse\roster\roster_2026.csv,2026-08-01,00-0039624,Kyle Hergel,CHI
00-0040236,Kyle Monangai,CHI,RB,2026,2026-08-01,CHI,Chicago Bears,Kyle Monangai,RB,nflverse_roster,C:\Users\tempadmin\OneDrive\Coding\Syndicate\data\nfl_source\tracking\nflverse\roster\roster_2026.csv,2026-08-01,00-0040236,Kyle Monangai,CHI
00-0038111,Kyler Gordon,CHI,DB,2026,2026-08-01,CHI,Chicago Bears,Kyler Gordon,DB,nflverse_roster,C:\Users\tempadmin\OneDrive\Coding\Syndicate\data\nfl_source\tracking\nflverse\roster\roster_2026.csv,2026-08-01,00-0038111,Kyler Gordon,CHI
00-0041407,Kyron Hudson,CHI,WR,2026,2026-08-01,CHI,Chicago Bears,Kyron Hudson,WR,nflverse_roster,C:\Users\tempadmin\OneDrive\Coding\Syndicate\data\nfl_source\tracking\nflverse\roster\roster_2026.csv,2026-08-01,00-0041407,Kyron Hudson,CHI
00-0041539,Logan Jones,CHI,OL,2026,2026-08-01,CHI,Chicago Bears,Logan Jones,OL,nflverse_roster,C:\Users\tempadmin\OneDrive\Coding\Syndicate\data\nfl_source\tracking\nflverse\roster\roster_2026.csv,2026-08-01,00-0041539,Logan Jones,CHI
00-0040271,Luke Elkin,CHI,LS,2026,2026-08-01,CHI,Chicago Bears,Luke Elkin,LS,nflverse_roster,C:\Users\tempadmin\OneDrive\Coding\Syndicate\data\nfl_source\tracking\nflverse\roster\roster_2026.csv,2026-08-01,00-0040271,Luke Elkin,CHI
00-0040210,Luke Newman,CHI,OL,2026,2026-08-01,CHI,Chicago Bears,Luke Newman,OL,nflverse_roster,C:\Users\tempadmin\OneDrive\Coding\Syndicate\data\nfl_source\tracking\nflverse\roster\roster_2026.csv,2026-08-01,00-0040210,Luke Newman,CHI
00-0040735,Luther Burden III,CHI,WR,2026,2026-08-01,CHI,Chicago Bears,Luther Burden III,WR,nflverse_roster,C:\Users\tempadmin\OneDrive\Coding\Syndicate\data\nfl_source\tracking\nflverse\roster\roster_2026.csv,2026-08-01,00-0040735,Luther Burden III,CHI
00-0041060,Malik Muhammad,CHI,DB,2026,2026-08-01,CHI,Chicago Bears,Malik Muhammad,DB,nflverse_roster,C:\Users\tempadmin\OneDrive\Coding\Syndicate\data\nfl_source\tracking\nflverse\roster\roster_2026.csv,2026-08-01,00-0041060,Malik Muhammad,CHI
00-0041173,Mason Murphy,CHI,OL,2026,2026-08-01,CHI,Chicago Bears,Mason Murphy,OL,nflverse_roster,C:\Users\tempadmin\OneDrive\Coding\Syndicate\data\nfl_source\tracking\nflverse\roster\roster_2026.csv,2026-08-01,00-0041173,Mason Murphy,CHI
00-0037708,Maurice Alexander,CHI,WR,2026,2026-08-01,CHI,Chicago Bears,Maurice Alexander,WR,nflverse_roster,C:\Users\tempadmin\OneDrive\Coding\Syndicate\data\nfl_source\tracking\nflverse\roster\roster_2026.csv,2026-08-01,00-0037708,Maurice Alexander,CHI
00-0041172,Miller Moss,CHI,QB,2026,2026-08-01,CHI,Chicago Bears,Miller Moss,QB,nflverse_roster,C:\Users\tempadmin\OneDrive\Coding\Syndicate\data\nfl_source\tracking\nflverse\roster\roster_2026.csv,2026-08-01,00-0041172,Miller Moss,CHI
00-0035647,Montez Sweat,CHI,DL,2026,2026-08-01,CHI,Chicago Bears,Montez Sweat,DL,nflverse_roster,C:\Users\tempadmin\OneDrive\Coding\Syndicate\data\nfl_source\tracking\nflverse\roster\roster_2026.csv,2026-08-01,00-0035647,Montez Sweat,CHI
00-0037544,Nephi Sewell,CHI,LB,2026,2026-08-01,CHI,Chicago Bears,Nephi Sewell,LB,nflverse_roster,C:\Users\tempadmin\OneDrive\Coding\Syndicate\data\nfl_source\tracking\nflverse\roster\roster_2026.csv,2026-08-01,00-0037544,Nephi Sewell,CHI
00-0036366,Neville Gallimore,CHI,DL,2026,2026-08-01,CHI,Chicago Bears,Neville Gallimore,DL,nflverse_roster,C:\Users\tempadmin\OneDrive\Coding\Syndicate\data\nfl_source\tracking\nflverse\roster\roster_2026.csv,2026-08-01,00-0036366,Neville Gallimore,CHI
00-0037031,Nikola Kalinic,CHI,TE,2026,2026-08-01,CHI,Chicago Bears,Nikola Kalinic,TE,nflverse_roster,C:\Users\tempadmin\OneDrive\Coding\Syndicate\data\nfl_source\tracking\nflverse\roster\roster_2026.csv,2026-08-01,00-0037031,Nikola Kalinic,CHI
00-0038390,Noah Sewell,CHI,LB,2026,2026-08-01,CHI,Chicago Bears,Noah Sewell,LB,nflverse_roster,C:\Users\tempadmin\OneDrive\Coding\Syndicate\data\nfl_source\tracking\nflverse\roster\roster_2026.csv,2026-08-01,00-0038390,Noah Sewell,CHI
00-0041168,Omari Kelly,CHI,WR,2026,2026-08-01,CHI,Chicago Bears,Omari Kelly,WR,nflverse_roster,C:\Users\tempadmin\OneDrive\Coding\Syndicate\data\nfl_source\tracking\nflverse\roster\roster_2026.csv,2026-08-01,00-0041168,Omari Kelly,CHI
00-0040740,Ozzy Trapilo,CHI,OL,2026,2026-08-01,CHI,Chicago Bears,Ozzy Trapilo,OL,nflverse_roster,C:\Users\tempadmin\OneDrive\Coding\Syndicate\data\nfl_source\tracking\nflverse\roster\roster_2026.csv,2026-08-01,00-0040740,Ozzy Trapilo,CHI
00-0039843,Qadir Ismail,CHI,TE,2026,2026-08-01,CHI,Chicago Bears,Qadir Ismail,TE,nflverse_roster,C:\Users\tempadmin\OneDrive\Coding\Syndicate\data\nfl_source\tracking\nflverse\roster\roster_2026.csv,2026-08-01,00-0039843,Qadir Ismail,CHI
00-0039919,Rome Odunze,CHI,WR,2026,2026-08-01,CHI,Chicago Bears,Rome Odunze,WR,nflverse_roster,C:\Users\tempadmin\OneDrive\Coding\Syndicate\data\nfl_source\tracking\nflverse\roster\roster_2026.csv,2026-08-01,00-0039919,Rome Odunze,CHI
00-0039021,Roschon Johnson,CHI,RB,2026,2026-08-01,CHI,Chicago Bears,Roschon Johnson,RB,nflverse_roster,C:\Users\tempadmin\OneDrive\Coding\Syndicate\data\nfl_source\tracking\nflverse\roster\roster_2026.csv,2026-08-01,00-0039021,Roschon Johnson,CHI
00-0040167,Ruben Hyppolite II,CHI,LB,2026,2026-08-01,CHI,Chicago Bears,Ruben Hyppolite II,LB,nflverse_roster,C:\Users\tempadmin\OneDrive\Coding\Syndicate\data\nfl_source\tracking\nflverse\roster\roster_2026.csv,2026-08-01,00-0040167,Ruben Hyppolite II,CHI
00-0036020,Salvon Ahmed,CHI,RB,2026,2026-08-01,CHI,Chicago Bears,Salvon Ahmed,RB,nflverse_roster,C:\Users\tempadmin\OneDrive\Coding\Syndicate\data\nfl_source\tracking\nflverse\roster\roster_2026.csv,2026-08-01,00-0036020,Salvon Ahmed,CHI
00-0041558,Sam Roush,CHI,TE,2026,2026-08-01,CHI,Chicago Bears,Sam Roush,TE,nflverse_roster,C:\Users\tempadmin\OneDrive\Coding\Syndicate\data\nfl_source\tracking\nflverse\roster\roster_2026.csv,2026-08-01,00-0041558,Sam Roush,CHI
00-0035298,Scott Miller,CHI,WR,2026,2026-08-01,CHI,Chicago Bears,Scott Miller,WR,nflverse_roster,C:\Users\tempadmin\OneDrive\Coding\Syndicate\data\nfl_source\tracking\nflverse\roster\roster_2026.csv,2026-08-01,00-0035298,Scott Miller,CHI
00-0040741,Shemar Turner,CHI,DL,2026,2026-08-01,CHI,Chicago Bears,Shemar Turner,DL,nflverse_roster,C:\Users\tempadmin\OneDrive\Coding\Syndicate\data\nfl_source\tracking\nflverse\roster\roster_2026.csv,2026-08-01,00-0040741,Shemar Turner,CHI
00-0041175,Skyler Thomas,CHI,DB,2026,2026-08-01,CHI,Chicago Bears,Skyler Thomas,DB,nflverse_roster,C:\Users\tempadmin\OneDrive\Coding\Syndicate\data\nfl_source\tracking\nflverse\roster\roster_2026.csv,2026-08-01,00-0041175,Skyler Thomas,CHI
00-0041265,Squirrel White,CHI,WR,2026,2026-08-01,CHI,Chicago Bears,Squirrel White,WR,nflverse_roster,C:\Users\tempadmin\OneDrive\Coding\Syndicate\data\nfl_source\tracking\nflverse\roster\roster_2026.csv,2026-08-01,00-0041265,Squirrel White,CHI
00-0035039,Stephen Carlson,CHI,TE,2026,2026-08-01,CHI,Chicago Bears,Stephen Carlson,TE,nflverse_roster,C:\Users\tempadmin\OneDrive\Coding\Syndicate\data\nfl_source\tracking\nflverse\roster\roster_2026.csv,2026-08-01,00-0035039,Stephen Carlson,CHI
00-0035386,T.J. Edwards,CHI,LB,2026,2026-08-01,CHI,Chicago Bears,T.J. Edwards,LB,nflverse_roster,C:\Users\tempadmin\OneDrive\Coding\Syndicate\data\nfl_source\tracking\nflverse\roster\roster_2026.csv,2026-08-01,00-0035386,T.J. Edwards,CHI
00-0038395,Terell Smith,CHI,DB,2026,2026-08-01,CHI,Chicago Bears,Terell Smith,DB,nflverse_roster,C:\Users\tempadmin\OneDrive\Coding\Syndicate\data\nfl_source\tracking\nflverse\roster\roster_2026.csv,2026-08-01,00-0038395,Terell Smith,CHI
00-0039459,Theo Benedet,CHI,OL,2026,2026-08-01,CHI,Chicago Bears,Theo Benedet,OL,nflverse_roster,C:\Users\tempadmin\OneDrive\Coding\Syndicate\data\nfl_source\tracking\nflverse\roster\roster_2026.csv,2026-08-01,00-0039459,Theo Benedet,CHI
00-0039745,Tory Taylor,CHI,P,2026,2026-08-01,CHI,Chicago Bears,Tory Taylor,P,nflverse_roster,C:\Users\tempadmin\OneDrive\Coding\Syndicate\data\nfl_source\tracking\nflverse\roster\roster_2026.csv,2026-08-01,00-0039745,Tory Taylor,CHI
00-0039071,Tyrique Stevenson,CHI,DB,2026,2026-08-01,CHI,Chicago Bears,Tyrique Stevenson,DB,nflverse_roster,C:\Users\tempadmin\OneDrive\Coding\Syndicate\data\nfl_source\tracking\nflverse\roster\roster_2026.csv,2026-08-01,00-0039071,Tyrique Stevenson,CHI
00-0038416,Tyson Bagent,CHI,QB,2026,2026-08-01,CHI,Chicago Bears,Tyson Bagent,QB,nflverse_roster,C:\Users\tempadmin\OneDrive\Coding\Syndicate\data\nfl_source\tracking\nflverse\roster\roster_2026.csv,2026-08-01,00-0038416,Tyson Bagent,CHI
00-0041408,Wayne Matthews,CHI,LB,2026,2026-08-01,CHI,Chicago Bears,Wayne Matthews,LB,nflverse_roster,C:\Users\tempadmin\OneDrive\Coding\Syndicate\data\nfl_source\tracking\nflverse\roster\roster_2026.csv,2026-08-01,00-0041408,Wayne Matthews,CHI
00-0041051,Zavion Thomas,CHI,WR,2026,2026-08-01,CHI,Chicago Bears,Zavion Thomas,WR,nflverse_roster,C:\Users\tempadmin\OneDrive\Coding\Syndicate\data\nfl_source\tracking\nflverse\roster\roster_2026.csv,2026-08-01,00-0041051,Zavion Thomas,CHI
00-0039925,Amarius Mims,CIN,OL,2026,2026-08-01,CIN,Cincinnati Bengals,Amarius Mims,OL,nflverse_roster,C:\Users\tempadmin\OneDrive\Coding\Syndicate\data\nfl_source\tracking\nflverse\roster\roster_2026.csv,2026-08-01,00-0039925,Amarius Mims,CIN
00-0038619,Andrei Iosivas,CIN,WR,2026,2026-08-01,CIN,Cincinnati Bengals,Andrei Iosivas,WR,nflverse_roster,C:\Users\tempadmin\OneDrive\Coding\Syndicate\data\nfl_source\tracking\nflverse\roster\roster_2026.csv,2026-08-01,00-0038619,Andrei Iosivas,CIN
00-0039535,Andrew Coker,CIN,OL,2026,2026-08-01,CIN,Cincinnati Bengals,Andrew Coker,OL,nflverse_roster,C:\Users\tempadmin\OneDrive\Coding\Syndicate\data\nfl_source\tracking\nflverse\roster\roster_2026.csv,2026-08-01,00-0039535,Andrew Coker,CIN
00-0040018,Antwaun Powell-Ryland,CIN,LB,2026,2026-08-01,CIN,Cincinnati Bengals,Antwaun Powell-Ryland,LB,nflverse_roster,C:\Users\tempadmin\OneDrive\Coding\Syndicate\data\nfl_source\tracking\nflverse\roster\roster_2026.csv,2026-08-01,00-0040018,Antwaun Powell-Ryland,CIN
00-0034800,B.J. Hill,CIN,DL,2026,2026-08-01,CIN,Cincinnati Bengals,B.J. Hill,DL,nflverse_roster,C:\Users\tempadmin\OneDrive\Coding\Syndicate\data\nfl_source\tracking\nflverse\roster\roster_2026.csv,2026-08-01,00-0034800,B.J. Hill,CIN
00-0040157,Barrett Carter,CIN,LB,2026,2026-08-01,CIN,Cincinnati Bengals,Barrett Carter,LB,nflverse_roster,C:\Users\tempadmin\OneDrive\Coding\Syndicate\data\nfl_source\tracking\nflverse\roster\roster_2026.csv,2026-08-01,00-0040157,Barrett Carter,CIN
00-0038133,Boye Mafe,CIN,LB,2026,2026-08-01,CIN,Cincinnati Bengals,Boye Mafe,LB,nflverse_roster,C:\Users\tempadmin\OneDrive\Coding\Syndicate\data\nfl_source\tracking\nflverse\roster\roster_2026.csv,2026-08-01,00-0038133,Boye Mafe,CIN
00-0040372,Bralyn Lux,CIN,DB,2026,2026-08-01,CIN,Cincinnati Bengals,Bralyn Lux,DB,nflverse_roster,C:\Users\tempadmin\OneDrive\Coding\Syndicate\data\nfl_source\tracking\nflverse\roster\roster_2026.csv,2026-08-01,00-0040372,Bralyn Lux,CIN
00-0041098,Brian Parker,CIN,OL,2026,2026-08-01,CIN,Cincinnati Bengals,Brian Parker,OL,nflverse_roster,C:\Users\tempadmin\OneDrive\Coding\Syndicate\data\nfl_source\tracking\nflverse\roster\roster_2026.csv,2026-08-01,00-0041098,Brian Parker,CIN
00-0037193,Bryan Cook,CIN,DB,2026,2026-08-01,CIN,Cincinnati Bengals,Bryan Cook,DB,nflverse_roster,C:\Users\tempadmin\OneDrive\Coding\Syndicate\data\nfl_source\tracking\nflverse\roster\roster_2026.csv,2026-08-01,00-0037193,Bryan Cook,CIN
00-0039631,Cam Grandy,CIN,TE,2026,2026-08-01,CIN,Cincinnati Bengals,Cam Grandy,TE,nflverse_roster,C:\Users\tempadmin\OneDrive\Coding\Syndicate\data\nfl_source\tracking\nflverse\roster\roster_2026.csv,2026-08-01,00-0039631,Cam Grandy,CIN
00-0041546,Cashius Howell,CIN,DL,2026,2026-08-01,CIN,Cincinnati Bengals,Cashius Howell,DL,nflverse_roster,C:\Users\tempadmin\OneDrive\Coding\Syndicate\data\nfl_source\tracking\nflverse\roster\roster_2026.csv,2026-08-01,00-0041546,Cashius Howell,CIN
00-0039752,Cedric Johnson,CIN,DL,2026,2026-08-01,CIN,Cincinnati Bengals,Cedric Johnson,DL,nflverse_roster,C:\Users\tempadmin\OneDrive\Coding\Syndicate\data\nfl_source\tracking\nflverse\roster\roster_2026.csv,2026-08-01,00-0039752,Cedric Johnson,CIN
00-0041249,Ceyair Wright,CIN,DB,2026,2026-08-01,CIN,Cincinnati Bengals,Ceyair Wright,DB,nflverse_roster,C:\Users\tempadmin\OneDrive\Coding\Syndicate\data\nfl_source\tracking\nflverse\roster\roster_2026.csv,2026-08-01,00-0041249,Ceyair Wright,CIN
00-0038576,Charlie Jones,CIN,WR,2026,2026-08-01,CIN,Cincinnati Bengals,Charlie Jones,WR,nflverse_roster,C:\Users\tempadmin\OneDrive\Coding\Syndicate\data\nfl_source\tracking\nflverse\roster\roster_2026.csv,2026-08-01,00-0038576,Charlie Jones,CIN
00-0038597,Chase Brown,CIN,RB,2026,2026-08-01,CIN,Cincinnati Bengals,Chase Brown,RB,nflverse_roster,C:\Users\tempadmin\OneDrive\Coding\Syndicate\data\nfl_source\tracking\nflverse\roster\roster_2026.csv,2026-08-01,00-0038597,Chase Brown,CIN
00-0041245,Christian Jones,CIN,OL,2026,2026-08-01,CIN,Cincinnati Bengals,Christian Jones,OL,nflverse_roster,C:\Users\tempadmin\OneDrive\Coding\Syndicate\data\nfl_source\tracking\nflverse\roster\roster_2026.csv,2026-08-01,00-0041245,Christian Jones,CIN
00-0035238,Cody Ford,CIN,OL,2026,2026-08-01,CIN,Cincinnati Bengals,Cody Ford,OL,nflverse_roster,C:\Users\tempadmin\OneDrive\Coding\Syndicate\data\nfl_source\tracking\nflverse\roster\roster_2026.csv,2026-08-01,00-0035238,Cody Ford,CIN
00-0041069,Colbie Young,CIN,WR,2026,2026-08-01,CIN,Cincinnati Bengals,Colbie Young,WR,nflverse_roster,C:\Users\tempadmin\OneDrive\Coding\Syndicate\data\nfl_source\tracking\nflverse\roster\roster_2026.csv,2026-08-01,00-0041069,Colbie Young,CIN
00-0041062,Connor Lew,CIN,OL,2026,2026-08-01,CIN,Cincinnati Bengals,Connor Lew,OL,nflverse_roster,C:\Users\tempadmin\OneDrive\Coding\Syndicate\data\nfl_source\tracking\nflverse\roster\roster_2026.csv,2026-08-01,00-0041062,Connor Lew,CIN
00-0041247,Corey Robinson,CIN,OL,2026,2026-08-01,CIN,Cincinnati Bengals,Corey Robinson,OL,nflverse_roster,C:\Users\tempadmin\OneDrive\Coding\Syndicate\data\nfl_source\tracking\nflverse\roster\roster_2026.csv,2026-08-01,00-0041247,Corey Robinson,CIN
00-0038642,D.J. Ivey,CIN,DB,2026,2026-08-01,CIN,Cincinnati Bengals,D.J. Ivey,DB,nflverse_roster,C:\Users\tempadmin\OneDrive\Coding\Syndicate\data\nfl_source\tracking\nflverse\roster\roster_2026.csv,2026-08-01,00-0038642,D.J. Ivey,CIN
00-0038549,DJ Turner II,CIN,DB,2026,2026-08-01,CIN,Cincinnati Bengals,DJ Turner II,DB,nflverse_roster,C:\Users\tempadmin\OneDrive\Coding\Syndicate\data\nfl_source\tracking\nflverse\roster\roster_2026.csv,2026-08-01,00-0038549,DJ Turner II,CIN
00-0039414,Daijahn Anthony,CIN,DB,2026,2026-08-01,CIN,Cincinnati Bengals,Daijahn Anthony,DB,nflverse_roster,C:\Users\tempadmin\OneDrive\Coding\Syndicate\data\nfl_source\tracking\nflverse\roster\roster_2026.csv,2026-08-01,00-0039414,Daijahn Anthony,CIN
00-0035702,Dalton Risner,CIN,OL,2026,2026-08-01,CIN,Cincinnati Bengals,Dalton Risner,OL,nflverse_roster,C:\Users\tempadmin\OneDrive\Coding\Syndicate\data\nfl_source\tracking\nflverse\roster\roster_2026.csv,2026-08-01,00-0035702,Dalton Risner,CIN
00-0037743,Daxton Hill,CIN,DB,2026,2026-08-01,CIN,Cincinnati Bengals,Daxton Hill,DB,nflverse_roster,C:\Users\tempadmin\OneDrive\Coding\Syndicate\data\nfl_source\tracking\nflverse\roster\roster_2026.csv,2026-08-01,00-0037743,Daxton Hill,CIN
00-0040738,Demetrius Knight Jr.,CIN,LB,2026,2026-08-01,CIN,Cincinnati Bengals,Demetrius Knight Jr.,LB,nflverse_roster,C:\Users\tempadmin\OneDrive\Coding\Syndicate\data\nfl_source\tracking\nflverse\roster\roster_2026.csv,2026-08-01,00-0040738,Demetrius Knight Jr.,CIN
00-0035683,Dexter Lawrence,CIN,DL,2026,2026-08-01,CIN,Cincinnati Bengals,Dexter Lawrence,DL,nflverse_roster,C:\Users\tempadmin\OneDrive\Coding\Syndicate\data\nfl_source\tracking\nflverse\roster\roster_2026.csv,2026-08-01,00-0035683,Dexter Lawrence,CIN
00-0040785,Dohnte Meyers,CIN,WR,2026,2026-08-01,CIN,Cincinnati Bengals,Dohnte Meyers,WR,nflverse_roster,C:\Users\tempadmin\OneDrive\Coding\Syndicate\data\nfl_source\tracking\nflverse\roster\roster_2026.csv,2026-08-01,00-0040785,Dohnte Meyers,CIN
00-0035631,Drew Sample,CIN,TE,2026,2026-08-01,CIN,Cincinnati Bengals,Drew Sample,TE,nflverse_roster,C:\Users\tempadmin\OneDrive\Coding\Syndicate\data\nfl_source\tracking\nflverse\roster\roster_2026.csv,2026-08-01,00-0035631,Drew Sample,CIN
00-0040140,Dylan Fairchild,CIN,OL,2026,2026-08-01,CIN,Cincinnati Bengals,Dylan Fairchild,OL,nflverse_roster,C:\Users\tempadmin\OneDrive\Coding\Syndicate\data\nfl_source\tracking\nflverse\roster\roster_2026.csv,2026-08-01,00-0040140,Dylan Fairchild,CIN
00-0041243,Eric Gentry,CIN,LB,2026,2026-08-01,CIN,Cincinnati Bengals,Eric Gentry,LB,nflverse_roster,C:\Users\tempadmin\OneDrive\Coding\Syndicate\data\nfl_source\tracking\nflverse\roster\roster_2026.csv,2026-08-01,00-0041243,Eric Gentry,CIN
00-0039814,Erick All,CIN,TE,2026,2026-08-01,CIN,Cincinnati Bengals,Erick All,TE,nflverse_roster,C:\Users\tempadmin\OneDrive\Coding\Syndicate\data\nfl_source\tracking\nflverse\roster\roster_2026.csv,2026-08-01,00-0039814,Erick All,CIN
00-0036854,Evan McPherson,CIN,K,2026,2026-08-01,CIN,Cincinnati Bengals,Evan McPherson,K,nflverse_roster,C:\Users\tempadmin\OneDrive\Coding\Syndicate\data\nfl_source\tracking\nflverse\roster\roster_2026.csv,2026-08-01,00-0036854,Evan McPherson,CIN
00-0036569,Gary Brightwell,CIN,RB,2026,2026-08-01,CIN,Cincinnati Bengals,Gary Brightwell,RB,nflverse_roster,C:\Users\tempadmin\OneDrive\Coding\Syndicate\data\nfl_source\tracking\nflverse\roster\roster_2026.csv,2026-08-01,00-0036569,Gary Brightwell,CIN
00-0040369,Howard Cross III,CIN,DL,2026,2026-08-01,CIN,Cincinnati Bengals,Howard Cross III,DL,nflverse_roster,C:\Users\tempadmin\OneDrive\Coding\Syndicate\data\nfl_source\tracking\nflverse\roster\roster_2026.csv,2026-08-01,00-0040369,Howard Cross III,CIN
00-0039143,Isaiah Foskey,CIN,DL,2026,2026-08-01,CIN,Cincinnati Bengals,Isaiah Foskey,DL,nflverse_roster,C:\Users\tempadmin\OneDrive\Coding\Syndicate\data\nfl_source\tracking\nflverse\roster\roster_2026.csv,2026-08-01,00-0039143,Isaiah Foskey,CIN
00-0041389,Isaiah Nwokobia,CIN,DB,2026,2026-08-01,CIN,Cincinnati Bengals,Isaiah Nwokobia,DB,nflverse_roster,C:\Users\tempadmin\OneDrive\Coding\Syndicate\data\nfl_source\tracking\nflverse\roster\roster_2026.csv,2026-08-01,00-0041389,Isaiah Nwokobia,CIN
00-0036900,Ja'Marr Chase,CIN,WR,2026,2026-08-01,CIN,Cincinnati Bengals,Ja'Marr Chase,WR,nflverse_roster,C:\Users\tempadmin\OneDrive\Coding\Syndicate\data\nfl_source\tracking\nflverse\roster\roster_2026.csv,2026-08-01,00-0036900,Ja'Marr Chase,CIN
00-0037307,Ja'Sir Taylor,CIN,DB,2026,2026-08-01,CIN,Cincinnati Bengals,Ja'Sir Taylor,DB,nflverse_roster,C:\Users\tempadmin\OneDrive\Coding\Syndicate\data\nfl_source\tracking\nflverse\roster\roster_2026.csv,2026-08-01,00-0037307,Ja'Sir Taylor,CIN
00-0041242,Jack Dingle,CIN,LB,2026,2026-08-01,CIN,Cincinnati Bengals,Jack Dingle,LB,nflverse_roster,C:\Users\tempadmin\OneDrive\Coding\Syndicate\data\nfl_source\tracking\nflverse\roster\roster_2026.csv,2026-08-01,00-0041242,Jack Dingle,CIN
00-0041116,Jack Endries,CIN,TE,2026,2026-08-01,CIN,Cincinnati Bengals,Jack Endries,TE,nflverse_roster,C:\Users\tempadmin\OneDrive\Coding\Syndicate\data\nfl_source\tracking\nflverse\roster\roster_2026.csv,2026-08-01,00-0041116,Jack Endries,CIN
00-0040359,Jacob Bayer,CIN,OL,2026,2026-08-01,CIN,Cincinnati Bengals,Jacob Bayer,OL,nflverse_roster,C:\Users\tempadmin\OneDrive\Coding\Syndicate\data\nfl_source\tracking\nflverse\roster\roster_2026.csv,2026-08-01,00-0040359,Jacob Bayer,CIN
00-0034446,Jalen Davis,CIN,DB,2026,2026-08-01,CIN,Cincinnati Bengals,Jalen Davis,DB,nflverse_roster,C:\Users\tempadmin\OneDrive\Coding\Syndicate\data\nfl_source\tracking\nflverse\roster\roster_2026.csv,2026-08-01,00-0034446,Jalen Davis,CIN
00-0040518,Jalen Kimber,CIN,DB,2026,2026-08-01,CIN,Cincinnati Bengals,Jalen Kimber,DB,nflverse_roster,C:\Users\tempadmin\OneDrive\Coding\Syndicate\data\nfl_source\tracking\nflverse\roster\roster_2026.csv,2026-08-01,00-0040518,Jalen Kimber,CIN
00-0040180,Jalen Rivers,CIN,OL,2026,2026-08-01,CIN,Cincinnati Bengals,Jalen Rivers,OL,nflverse_roster,C:\Users\tempadmin\OneDrive\Coding\Syndicate\data\nfl_source\tracking\nflverse\roster\roster_2026.csv,2026-08-01,00-0040180,Jalen Rivers,CIN
00-0041244,Jamal Haynes,CIN,RB,2026,2026-08-01,CIN,Cincinnati Bengals,Jamal Haynes,RB,nflverse_roster,C:\Users\tempadmin\OneDrive\Coding\Syndicate\data\nfl_source\tracking\nflverse\roster\roster_2026.csv,2026-08-01,00-0041244,Jamal Haynes,CIN
00-0039742,Javon Foster,CIN,OL,2026,2026-08-01,CIN,Cincinnati Bengals,Javon Foster,OL,nflverse_roster,C:\Users\tempadmin\OneDrive\Coding\Syndicate\data\nfl_source\tracking\nflverse\roster\roster_2026.csv,2026-08-01,00-0039742,Javon Foster,CIN
00-0036442,Joe Burrow,CIN,QB,2026,2026-08-01,CIN,Cincinnati Bengals,Joe Burrow,QB,nflverse_roster,C:\Users\tempadmin\OneDrive\Coding\Syndicate\data\nfl_source\tracking\nflverse\roster\roster_2026.csv,2026-08-01,00-0036442,Joe Burrow,CIN
00-0026158,Joe Flacco,CIN,QB,2026,2026-08-01,CIN,Cincinnati Bengals,Joe Flacco,QB,nflverse_roster,C:\Users\tempadmin\OneDrive\Coding\Syndicate\data\nfl_source\tracking\nflverse\roster\roster_2026.csv,2026-08-01,00-0026158,Joe Flacco,CIN
00-0035363,Joe Giles-Harris,CIN,LB,2026,2026-08-01,CIN,Cincinnati Bengals,Joe Giles-Harris,LB,nflverse_roster,C:\Users\tempadmin\OneDrive\Coding\Syndicate\data\nfl_source\tracking\nflverse\roster\roster_2026.csv,2026-08-01,00-0035363,Joe Giles-Harris,CIN
00-0033523,Jonathan Allen,CIN,DL,2026,2026-08-01,CIN,Cincinnati Bengals,Jonathan Allen,DL,nflverse_roster,C:\Users\tempadmin\OneDrive\Coding\Syndicate\data\nfl_source\tracking\nflverse\roster\roster_2026.csv,2026-08-01,00-0033523,Jonathan Allen,CIN
00-0038560,Jordan Battle,CIN,DB,2026,2026-08-01,CIN,Cincinnati Bengals,Jordan Battle,DB,nflverse_roster,C:\Users\tempadmin\OneDrive\Coding\Syndicate\data\nfl_source\tracking\nflverse\roster\roster_2026.csv,2026-08-01,00-0038560,Jordan Battle,CIN
00-0039743,Jordan Jefferson,CIN,DL,2026,2026-08-01,CIN,Cincinnati Bengals,Jordan Jefferson,DL,nflverse_roster,C:\Users\tempadmin\OneDrive\Coding\Syndicate\data\nfl_source\tracking\nflverse\roster\roster_2026.csv,2026-08-01,00-0039743,Jordan Jefferson,CIN
00-0040375,Jordan Moore,CIN,WR,2026,2026-08-01,CIN,Cincinnati Bengals,Jordan Moore,WR,nflverse_roster,C:\Users\tempadmin\OneDrive\Coding\Syndicate\data\nfl_source\tracking\nflverse\roster\roster_2026.csv,2026-08-01,00-0040375,Jordan Moore,CIN
00-0026300,Josh Johnson,CIN,QB,2026,2026-08-01,CIN,Cincinnati Bengals,Josh Johnson,QB,nflverse_roster,C:\Users\tempadmin\OneDrive\Coding\Syndicate\data\nfl_source\tracking\nflverse\roster\roster_2026.csv,2026-08-01,00-0026300,Josh Johnson,CIN
00-0041246,Josh Kattus,CIN,TE,2026,2026-08-01,CIN,Cincinnati Bengals,Josh Kattus,TE,nflverse_roster,C:\Users\tempadmin\OneDrive\Coding\Syndicate\data\nfl_source\tracking\nflverse\roster\roster_2026.csv,2026-08-01,00-0041246,Josh Kattus,CIN
00-0039375,Josh Newton,CIN,DB,2026,2026-08-01,CIN,Cincinnati Bengals,Josh Newton,DB,nflverse_roster,C:\Users\tempadmin\OneDrive\Coding\Syndicate\data\nfl_source\tracking\nflverse\roster\roster_2026.csv,2026-08-01,00-0039375,Josh Newton,CIN
00-0040534,Ke'Shawn Williams,CIN,WR,2026,2026-08-01,CIN,Cincinnati Bengals,Ke'Shawn Williams,WR,nflverse_roster,C:\Users\tempadmin\OneDrive\Coding\Syndicate\data\nfl_source\tracking\nflverse\roster\roster_2026.csv,2026-08-01,00-0040534,Ke'Shawn Williams,CIN
00-0039266,Kendall Milton,CIN,RB,2026,2026-08-01,CIN,Cincinnati Bengals,Kendall Milton,RB,nflverse_roster,C:\Users\tempadmin\OneDrive\Coding\Syndicate\data\nfl_source\tracking\nflverse\roster\roster_2026.csv,2026-08-01,00-0039266,Kendall Milton,CIN
00-0037422,Kendric Pryor,CIN,WR,2026,2026-08-01,CIN,Cincinnati Bengals,Kendric Pryor,WR,nflverse_roster,C:\Users\tempadmin\OneDrive\Coding\Syndicate\data\nfl_source\tracking\nflverse\roster\roster_2026.csv,2026-08-01,00-0037422,Kendric Pryor,CIN
00-0041241,Kentrel Bullock,CIN,RB,2026,2026-08-01,CIN,Cincinnati Bengals,Kentrel Bullock,RB,nflverse_roster,C:\Users\tempadmin\OneDrive\Coding\Syndicate\data\nfl_source\tracking\nflverse\roster\roster_2026.csv,2026-08-01,00-0041241,Kentrel Bullock,CIN
00-0039908,Kris Jenkins,CIN,DL,2026,2026-08-01,CIN,Cincinnati Bengals,Kris Jenkins,DL,nflverse_roster,C:\Users\tempadmin\OneDrive\Coding\Syndicate\data\nfl_source\tracking\nflverse\roster\roster_2026.csv,2026-08-01,00-0039908,Kris Jenkins,CIN
00-0036231,Kyle Dugger,CIN,DB,2026,2026-08-01,CIN,Cincinnati Bengals,Kyle Dugger,DB,nflverse_roster,C:\Users\tempadmin\OneDrive\Coding\Syndicate\data\nfl_source\tracking\nflverse\roster\roster_2026.csv,2026-08-01,00-0036231,Kyle Dugger,CIN
00-0041118,Landon Robinson,CIN,DL,2026,2026-08-01,CIN,Cincinnati Bengals,Landon Robinson,DL,nflverse_roster,C:\Users\tempadmin\OneDrive\Coding\Syndicate\data\nfl_source\tracking\nflverse\roster\roster_2026.csv,2026-08-01,00-0041118,Landon Robinson,CIN
00-0038429,Liam Anderson,CIN,LB,2026,2026-08-01,CIN,Cincinnati Bengals,Liam Anderson,LB,nflverse_roster,C:\Users\tempadmin\OneDrive\Coding\Syndicate\data\nfl_source\tracking\nflverse\roster\roster_2026.csv,2026-08-01,00-0038429,Liam Anderson,CIN
00-0041240,Liam Brown,CIN,OL,2026,2026-08-01,CIN,Cincinnati Bengals,Liam Brown,OL,nflverse_roster,C:\Users\tempadmin\OneDrive\Coding\Syndicate\data\nfl_source\tracking\nflverse\roster\roster_2026.csv,2026-08-01,00-0041240,Liam Brown,CIN
00-0039354,McKinnley Jackson,CIN,DL,2026,2026-08-01,CIN,Cincinnati Bengals,McKinnley Jackson,DL,nflverse_roster,C:\Users\tempadmin\OneDrive\Coding\Syndicate\data\nfl_source\tracking\nflverse\roster\roster_2026.csv,2026-08-01,00-0039354,McKinnley Jackson,CIN
00-0034829,Mike Gesicki,CIN,TE,2026,2026-08-01,CIN,Cincinnati Bengals,Mike Gesicki,TE,nflverse_roster,C:\Users\tempadmin\OneDrive\Coding\Syndicate\data\nfl_source\tracking\nflverse\roster\roster_2026.csv,2026-08-01,00-0034829,Mike Gesicki,CIN
00-0038839,Mitchell Tinsley,CIN,WR,2026,2026-08-01,CIN,Cincinnati Bengals,Mitchell Tinsley,WR,nflverse_roster,C:\Users\tempadmin\OneDrive\Coding\Syndicate\data\nfl_source\tracking\nflverse\roster\roster_2026.csv,2026-08-01,00-0038839,Mitchell Tinsley,CIN
00-0038546,Myles Murphy,CIN,DL,2026,2026-08-01,CIN,Cincinnati Bengals,Myles Murphy,DL,nflverse_roster,C:\Users\tempadmin\OneDrive\Coding\Syndicate\data\nfl_source\tracking\nflverse\roster\roster_2026.csv,2026-08-01,00-0038546,Myles Murphy,CIN
00-0041248,Noah Thomas,CIN,WR,2026,2026-08-01,CIN,Cincinnati Bengals,Noah Thomas,WR,nflverse_roster,C:\Users\tempadmin\OneDrive\Coding\Syndicate\data\nfl_source\tracking\nflverse\roster\roster_2026.csv,2026-08-01,00-0041248,Noah Thomas,CIN
00-0034754,Oren Burks,CIN,LB,2026,2026-08-01,CIN,Cincinnati Bengals,Oren Burks,LB,nflverse_roster,C:\Users\tempadmin\OneDrive\Coding\Syndicate\data\nfl_source\tracking\nflverse\roster\roster_2026.csv,2026-08-01,00-0034754,Oren Burks,CIN
00-0034752,Orlando Brown,CIN,OL,2026,2026-08-01,CIN,Cincinnati Bengals,Orlando Brown,OL,nflverse_roster,C:\Users\tempadmin\OneDrive\Coding\Syndicate\data\nfl_source\tracking\nflverse\roster\roster_2026.csv,2026-08-01,00-0034752,Orlando Brown,CIN
00-0039632,PJ Jules,CIN,DB,2026,2026-08-01,CIN,Cincinnati Bengals,PJ Jules,DB,nflverse_roster,C:\Users\tempadmin\OneDrive\Coding\Syndicate\data\nfl_source\tracking\nflverse\roster\roster_2026.csv,2026-08-01,00-0039632,PJ Jules,CIN
00-0037844,Russ Yeast,CIN,DB,2026,2026-08-01,CIN,Cincinnati Bengals,Russ Yeast,DB,nflverse_roster,C:\Users\tempadmin\OneDrive\Coding\Syndicate\data\nfl_source\tracking\nflverse\roster\roster_2026.csv,2026-08-01,00-0037844,Russ Yeast,CIN
00-0039323,Ryan Rehkow,CIN,P,2026,2026-08-01,CIN,Cincinnati Bengals,Ryan Rehkow,P,nflverse_roster,C:\Users\tempadmin\OneDrive\Coding\Syndicate\data\nfl_source\tracking\nflverse\roster\roster_2026.csv,2026-08-01,00-0039323,Ryan Rehkow,CIN
00-0033526,Samaje Perine,CIN,RB,2026,2026-08-01,CIN,Cincinnati Bengals,Samaje Perine,RB,nflverse_roster,C:\Users\tempadmin\OneDrive\Coding\Syndicate\data\nfl_source\tracking\nflverse\roster\roster_2026.csv,2026-08-01,00-0033526,Samaje Perine,CIN
00-0038391,Sean Clifford,CIN,QB,2026,2026-08-01,CIN,Cincinnati Bengals,Sean Clifford,QB,nflverse_roster,C:\Users\tempadmin\OneDrive\Coding\Syndicate\data\nfl_source\tracking\nflverse\roster\roster_2026.csv,2026-08-01,00-0038391,Sean Clifford,CIN
00-0038890,Shaka Heyward,CIN,LB,2026,2026-08-01,CIN,Cincinnati Bengals,Shaka Heyward,LB,nflverse_roster,C:\Users\tempadmin\OneDrive\Coding\Syndicate\data\nfl_source\tracking\nflverse\roster\roster_2026.csv,2026-08-01,00-0038890,Shaka Heyward,CIN
00-0040756,Shemar Stewart,CIN,DL,2026,2026-08-01,CIN,Cincinnati Bengals,Shemar Stewart,DL,nflverse_roster,C:\Users\tempadmin\OneDrive\Coding\Syndicate\data\nfl_source\tracking\nflverse\roster\roster_2026.csv,2026-08-01,00-0040756,Shemar Stewart,CIN
00-0039313,Swayze Bozeman,CIN,LB,2026,2026-08-01,CIN,Cincinnati Bengals,Swayze Bozeman,LB,nflverse_roster,C:\Users\tempadmin\OneDrive\Coding\Syndicate\data\nfl_source\tracking\nflverse\roster\roster_2026.csv,2026-08-01,00-0039313,Swayze Bozeman,CIN
00-0041464,Tacario Davis,CIN,DB,2026,2026-08-01,CIN,Cincinnati Bengals,Tacario Davis,DB,nflverse_roster,C:\Users\tempadmin\OneDrive\Coding\Syndicate\data\nfl_source\tracking\nflverse\roster\roster_2026.csv,2026-08-01,00-0041464,Tacario Davis,CIN
00-0040208,Tahj Brooks,CIN,RB,2026,2026-08-01,CIN,Cincinnati Bengals,Tahj Brooks,RB,nflverse_roster,C:\Users\tempadmin\OneDrive\Coding\Syndicate\data\nfl_source\tracking\nflverse\roster\roster_2026.csv,2026-08-01,00-0040208,Tahj Brooks,CIN
00-0034613,Tanner Hudson,CIN,TE,2026,2026-08-01,CIN,Cincinnati Bengals,Tanner Hudson,TE,nflverse_roster,C:\Users\tempadmin\OneDrive\Coding\Syndicate\data\nfl_source\tracking\nflverse\roster\roster_2026.csv,2026-08-01,00-0034613,Tanner Hudson,CIN
00-0032445,Ted Karras,CIN,OL,2026,2026-08-01,CIN,Cincinnati Bengals,Ted Karras,OL,nflverse_roster,C:\Users\tempadmin\OneDrive\Coding\Syndicate\data\nfl_source\tracking\nflverse\roster\roster_2026.csv,2026-08-01,00-0032445,Ted Karras,CIN
00-0036642,Tedarrell Slaton,CIN,DL,2026,2026-08-01,CIN,Cincinnati Bengals,Tedarrell Slaton,DL,nflverse_roster,C:\Users\tempadmin\OneDrive\Coding\Syndicate\data\nfl_source\tracking\nflverse\roster\roster_2026.csv,2026-08-01,00-0036642,Tedarrell Slaton,CIN
00-0036410,Tee Higgins,CIN,WR,2026,2026-08-01,CIN,Cincinnati Bengals,Tee Higgins,WR,nflverse_roster,C:\Users\tempadmin\OneDrive\Coding\Syndicate\data\nfl_source\tracking\nflverse\roster\roster_2026.csv,2026-08-01,00-0036410,Tee Higgins,CIN
00-0040379,William Wagner,CIN,LS,2026,2026-08-01,CIN,Cincinnati Bengals,William Wagner,LS,nflverse_roster,C:\Users\tempadmin\OneDrive\Coding\Syndicate\data\nfl_source\tracking\nflverse\roster\roster_2026.csv,2026-08-01,00-0040379,William Wagner,CIN
00-0039473,Xavier Johnson,CIN,WR,2026,2026-08-01,CIN,Cincinnati Bengals,Xavier Johnson,WR,nflverse_roster,C:\Users\tempadmin\OneDrive\Coding\Syndicate\data\nfl_source\tracking\nflverse\roster\roster_2026.csv,2026-08-01,00-0039473,Xavier Johnson,CIN
00-0041491,Aaron Anderson,CLE,WR,2026,2026-08-01,CLE,Cleveland Browns,Aaron Anderson,WR,nflverse_roster,C:\Users\tempadmin\OneDrive\Coding\Syndicate\data\nfl_source\tracking\nflverse\roster\roster_2026.csv,2026-08-01,00-0041491,Aaron Anderson,CLE
00-0040255,Adin Huntington,CLE,DL,2026,2026-08-01,CLE,Cleveland Browns,Adin Huntington,DL,nflverse_roster,C:\Users\tempadmin\OneDrive\Coding\Syndicate\data\nfl_source\tracking\nflverse\roster\roster_2026.csv,2026-08-01,00-0040255,Adin Huntington,CLE
00-0040260,Ahmani Marshall,CLE,RB,2026,2026-08-01,CLE,Cleveland Browns,Ahmani Marshall,RB,nflverse_roster,C:\Users\tempadmin\OneDrive\Coding\Syndicate\data\nfl_source\tracking\nflverse\roster\roster_2026.csv,2026-08-01,00-0040260,Ahmani Marshall,CLE
00-0037251,Alex Wright,CLE,DL,2026,2026-08-01,CLE,Cleveland Browns,Alex Wright,DL,nflverse_roster,C:\Users\tempadmin\OneDrive\Coding\Syndicate\data\nfl_source\tracking\nflverse\roster\roster_2026.csv,2026-08-01,00-0037251,Alex Wright,CLE
00-0038428,Andre Szmyt,CLE,K,2026,2026-08-01,CLE,Cleveland Browns,Andre Szmyt,K,nflverse_roster,C:\Users\tempadmin\OneDrive\Coding\Syndicate\data\nfl_source\tracking\nflverse\roster\roster_2026.csv,2026-08-01,00-0038428,Andre Szmyt,CLE
00-0041049,Austin Barber,CLE,OL,2026,2026-08-01,CLE,Cleveland Browns,Austin Barber,OL,nflverse_roster,C:\Users\tempadmin\OneDrive\Coding\Syndicate\data\nfl_source\tracking\nflverse\roster\roster_2026.csv,2026-08-01,00-0041049,Austin Barber,CLE
00-0037638,Benton Whitley,CLE,LB,2026,2026-08-01,CLE,Cleveland Browns,Benton Whitley,LB,nflverse_roster,C:\Users\tempadmin\OneDrive\Coding\Syndicate\data\nfl_source\tracking\nflverse\roster\roster_2026.csv,2026-08-01,00-0037638,Benton Whitley,CLE
00-0038710,Blake Whiteheart,CLE,TE,2026,2026-08-01,CLE,Cleveland Browns,Blake Whiteheart,TE,nflverse_roster,C:\Users\tempadmin\OneDrive\Coding\Syndicate\data\nfl_source\tracking\nflverse\roster\roster_2026.csv,2026-08-01,00-0038710,Blake Whiteheart,CLE
00-0039458,Brenden Bates,CLE,TE,2026,2026-08-01,CLE,Cleveland Browns,Brenden Bates,TE,nflverse_roster,C:\Users\tempadmin\OneDrive\Coding\Syndicate\data\nfl_source\tracking\nflverse\roster\roster_2026.csv,2026-08-01,00-0039458,Brenden Bates,CLE
00-0041131,Carsen Ryan,CLE,TE,2026,2026-08-01,CLE,Cleveland Browns,Carsen Ryan,TE,nflverse_roster,C:\Users\tempadmin\OneDrive\Coding\Syndicate\data\nfl_source\tracking\nflverse\roster\roster_2026.csv,2026-08-01,00-0041131,Carsen Ryan,CLE
00-0040579,Carson Schwesinger,CLE,LB,2026,2026-08-01,CLE,Cleveland Browns,Carson Schwesinger,LB,nflverse_roster,C:\Users\tempadmin\OneDrive\Coding\Syndicate\data\nfl_source\tracking\nflverse\roster\roster_2026.csv,2026-08-01,00-0040579,Carson Schwesinger,CLE
00-0038979,Cedric Tillman,CLE,WR,2026,2026-08-01,CLE,Cleveland Browns,Cedric Tillman,WR,nflverse_roster,C:\Users\tempadmin\OneDrive\Coding\Syndicate\data\nfl_source\tracking\nflverse\roster\roster_2026.csv,2026-08-01,00-0038979,Cedric Tillman,CLE
00-0039513,Chris Edmonds,CLE,DB,2026,2026-08-01,CLE,Cleveland Browns,Chris Edmonds,DB,nflverse_roster,C:\Users\tempadmin\OneDrive\Coding\Syndicate\data\nfl_source\tracking\nflverse\roster\roster_2026.csv,2026-08-01,00-0039513,Chris Edmonds,CLE
00-0034721,Corey Bojorquez,CLE,P,2026,2026-08-01,CLE,Cleveland Browns,Corey Bojorquez,P,nflverse_roster,C:\Users\tempadmin\OneDrive\Coding\Syndicate\data\nfl_source\tracking\nflverse\roster\roster_2026.csv,2026-08-01,00-0034721,Corey Bojorquez,CLE
00-0034966,D'Angelo Ross,CLE,DB,2026,2026-08-01,CLE,Cleveland Browns,D'Angelo Ross,DB,nflverse_roster,C:\Users\tempadmin\OneDrive\Coding\Syndicate\data\nfl_source\tracking\nflverse\roster\roster_2026.csv,2026-08-01,00-0034966,D'Angelo Ross,CLE
00-0036306,Daniel Thomas,CLE,DB,2026,2026-08-01,CLE,Cleveland Browns,Daniel Thomas,DB,nflverse_roster,C:\Users\tempadmin\OneDrive\Coding\Syndicate\data\nfl_source\tracking\nflverse\roster\roster_2026.csv,2026-08-01,00-0036306,Daniel Thomas,CLE
00-0041277,Davon Booth,CLE,RB,2026,2026-08-01,CLE,Cleveland Browns,Davon Booth,RB,nflverse_roster,C:\Users\tempadmin\OneDrive\Coding\Syndicate\data\nfl_source\tracking\nflverse\roster\roster_2026.csv,2026-08-01,00-0041277,Davon Booth,CLE
00-0039014,Dawand Jones,CLE,OL,2026,2026-08-01,CLE,Cleveland Browns,Dawand Jones,OL,nflverse_roster,C:\Users\tempadmin\OneDrive\Coding\Syndicate\data\nfl_source\tracking\nflverse\roster\roster_2026.csv,2026-08-01,00-0039014,Dawand Jones,CLE
00-0041037,Denzel Boston,CLE,WR,2026,2026-08-01,CLE,Cleveland Browns,Denzel Boston,WR,nflverse_roster,C:\Users\tempadmin\OneDrive\Coding\Syndicate\data\nfl_source\tracking\nflverse\roster\roster_2026.csv,2026-08-01,00-0041037,Denzel Boston,CLE
00-0034856,Denzel Ward,CLE,DB,2026,2026-08-01,CLE,Cleveland Browns,Denzel Ward,DB,nflverse_roster,C:\Users\tempadmin\OneDrive\Coding\Syndicate\data\nfl_source\tracking\nflverse\roster\roster_2026.csv,2026-08-01,00-0034856,Denzel Ward,CLE
00-0033537,Deshaun Watson,CLE,QB,2026,2026-08-01,CLE,Cleveland Browns,Deshaun Watson,QB,nflverse_roster,C:\Users\tempadmin\OneDrive\Coding\Syndicate\data\nfl_source\tracking\nflverse\roster\roster_2026.csv,2026-08-01,00-0033537,Deshaun Watson,CLE
00-0040704,Dillon Gabriel,CLE,QB,2026,2026-08-01,CLE,Cleveland Browns,Dillon Gabriel,QB,nflverse_roster,C:\Users\tempadmin\OneDrive\Coding\Syndicate\data\nfl_source\tracking\nflverse\roster\roster_2026.csv,2026-08-01,00-0040704,Dillon Gabriel,CLE
00-0040258,Dom Jones,CLE,DB,2026,2026-08-01,CLE,Cleveland Browns,Dom Jones,DB,nflverse_roster,C:\Users\tempadmin\OneDrive\Coding\Syndicate\data\nfl_source\tracking\nflverse\roster\roster_2026.csv,2026-08-01,00-0040258,Dom Jones,CLE
00-0040263,Donovan McMillon,CLE,DB,2026,2026-08-01,CLE,Cleveland Browns,Donovan McMillon,DB,nflverse_roster,C:\Users\tempadmin\OneDrive\Coding\Syndicate\data\nfl_source\tracking\nflverse\roster\roster_2026.csv,2026-08-01,00-0040263,Donovan McMillon,CLE
00-0040162,Dylan Sampson,CLE,RB,2026,2026-08-01,CLE,Cleveland Browns,Dylan Sampson,RB,nflverse_roster,C:\Users\tempadmin\OneDrive\Coding\Syndicate\data\nfl_source\tracking\nflverse\roster\roster_2026.csv,2026-08-01,00-0040162,Dylan Sampson,CLE
00-0040261,Easton Mascarenas-Arnold,CLE,LB,2026,2026-08-01,CLE,Cleveland Browns,Easton Mascarenas-Arnold,LB,nflverse_roster,C:\Users\tempadmin\OneDrive\Coding\Syndicate\data\nfl_source\tracking\nflverse\roster\roster_2026.csv,2026-08-01,00-0040261,Easton Mascarenas-Arnold,CLE
00-0039878,Edefuan Ulofoshio,CLE,LB,2026,2026-08-01,CLE,Cleveland Browns,Edefuan Ulofoshio,LB,nflverse_roster,C:\Users\tempadmin\OneDrive\Coding\Syndicate\data\nfl_source\tracking\nflverse\roster\roster_2026.csv,2026-08-01,00-0039878,Edefuan Ulofoshio,CLE
00-0035526,Elgton Jenkins,CLE,OL,2026,2026-08-01,CLE,Cleveland Browns,Elgton Jenkins,OL,nflverse_roster,C:\Users\tempadmin\OneDrive\Coding\Syndicate\data\nfl_source\tracking\nflverse\roster\roster_2026.csv,2026-08-01,00-0035526,Elgton Jenkins,CLE
00-0039764,Elijah Chatman,CLE,DL,2026,2026-08-01,CLE,Cleveland Browns,Elijah Chatman,DL,nflverse_roster,C:\Users\tempadmin\OneDrive\Coding\Syndicate\data\nfl_source\tracking\nflverse\roster\roster_2026.csv,2026-08-01,00-0039764,Elijah Chatman,CLE
00-0041471,Emmanuel McNeil-Warren,CLE,DB,2026,2026-08-01,CLE,Cleveland Browns,Emmanuel McNeil-Warren,DB,nflverse_roster,C:\Users\tempadmin\OneDrive\Coding\Syndicate\data\nfl_source\tracking\nflverse\roster\roster_2026.csv,2026-08-01,00-0041471,Emmanuel McNeil-Warren,CLE
00-0040259,Gage Larvadain,CLE,WR,2026,2026-08-01,CLE,Cleveland Browns,Gage Larvadain,WR,nflverse_roster,C:\Users\tempadmin\OneDrive\Coding\Syndicate\data\nfl_source\tracking\nflverse\roster\roster_2026.csv,2026-08-01,00-0040259,Gage Larvadain,CLE
00-0036282,Grant Delpit,CLE,DB,2026,2026-08-01,CLE,Cleveland Browns,Grant Delpit,DB,nflverse_roster,C:\Users\tempadmin\OneDrive\Coding\Syndicate\data\nfl_source\tracking\nflverse\roster\roster_2026.csv,2026-08-01,00-0036282,Grant Delpit,CLE
00-0040663,Harold Fannin Jr.,CLE,TE,2026,2026-08-01,CLE,Cleveland Browns,Harold Fannin Jr.,TE,nflverse_roster,C:\Users\tempadmin\OneDrive\Coding\Syndicate\data\nfl_source\tracking\nflverse\roster\roster_2026.csv,2026-08-01,00-0040663,Harold Fannin Jr.,CLE
00-0040782,Isaiah Bond,CLE,WR,2026,2026-08-01,CLE,Cleveland Browns,Isaiah Bond,WR,nflverse_roster,C:\Users\tempadmin\OneDrive\Coding\Syndicate\data\nfl_source\tracking\nflverse\roster\roster_2026.csv,2026-08-01,00-0040782,Isaiah Bond,CLE
00-0038574,Isaiah McGuire,CLE,DL,2026,2026-08-01,CLE,Cleveland Browns,Isaiah McGuire,DL,nflverse_roster,C:\Users\tempadmin\OneDrive\Coding\Syndicate\data\nfl_source\tracking\nflverse\roster\roster_2026.csv,2026-08-01,00-0038574,Isaiah McGuire,CLE
00-0041282,Izavion Miller,CLE,OL,2026,2026-08-01,CLE,Cleveland Browns,Izavion Miller,OL,nflverse_roster,C:\Users\tempadmin\OneDrive\Coding\Syndicate\data\nfl_source\tracking\nflverse\roster\roster_2026.csv,2026-08-01,00-0041282,Izavion Miller,CLE
00-0040564,Jack Conley,CLE,OL,2026,2026-08-01,CLE,Cleveland Browns,Jack Conley,OL,nflverse_roster,C:\Users\tempadmin\OneDrive\Coding\Syndicate\data\nfl_source\tracking\nflverse\roster\roster_2026.csv,2026-08-01,00-0040564,Jack Conley,CLE
00-0036741,Jack Stoll,CLE,TE,2026,2026-08-01,CLE,Cleveland Browns,Jack Stoll,TE,nflverse_roster,C:\Users\tempadmin\OneDrive\Coding\Syndicate\data\nfl_source\tracking\nflverse\roster\roster_2026.csv,2026-08-01,00-0036741,Jack Stoll,CLE
00-0039379,Jamari Thrash,CLE,WR,2026,2026-08-01,CLE,Cleveland Browns,Jamari Thrash,WR,nflverse_roster,C:\Users\tempadmin\OneDrive\Coding\Syndicate\data\nfl_source\tracking\nflverse\roster\roster_2026.csv,2026-08-01,00-0039379,Jamari Thrash,CLE
00-0039852,Jared Verse,CLE,LB,2026,2026-08-01,CLE,Cleveland Browns,Jared Verse,LB,nflverse_roster,C:\Users\tempadmin\OneDrive\Coding\Syndicate\data\nfl_source\tracking\nflverse\roster\roster_2026.csv,2026-08-01,00-0039852,Jared Verse,CLE
00-0040380,Jeremiah Byers,CLE,OL,2026,2026-08-01,CLE,Cleveland Browns,Jeremiah Byers,OL,nflverse_roster,C:\Users\tempadmin\OneDrive\Coding\Syndicate\data\nfl_source\tracking\nflverse\roster\roster_2026.csv,2026-08-01,00-0040380,Jeremiah Byers,CLE
00-0036915,Jeremiah Owusu-Koramoah,CLE,LB,2026,2026-08-01,CLE,Cleveland Browns,Jeremiah Owusu-Koramoah,LB,nflverse_roster,C:\Users\tempadmin\OneDrive\Coding\Syndicate\data\nfl_source\tracking\nflverse\roster\roster_2026.csv,2026-08-01,00-0036915,Jeremiah Owusu-Koramoah,CLE
00-0036407,Jerry Jeudy,CLE,WR,2026,2026-08-01,CLE,Cleveland Browns,Jerry Jeudy,WR,nflverse_roster,C:\Users\tempadmin\OneDrive\Coding\Syndicate\data\nfl_source\tracking\nflverse\roster\roster_2026.csv,2026-08-01,00-0036407,Jerry Jeudy,CLE
00-0041087,Joe Royer,CLE,TE,2026,2026-08-01,CLE,Cleveland Browns,Joe Royer,TE,nflverse_roster,C:\Users\tempadmin\OneDrive\Coding\Syndicate\data\nfl_source\tracking\nflverse\roster\roster_2026.csv,2026-08-01,00-0041087,Joe Royer,CLE
00-0036249,Julian Okwara,CLE,LB,2026,2026-08-01,CLE,Cleveland Browns,Julian Okwara,LB,nflverse_roster,C:\Users\tempadmin\OneDrive\Coding\Syndicate\data\nfl_source\tracking\nflverse\roster\roster_2026.csv,2026-08-01,00-0036249,Julian Okwara,CLE
00-0041075,Justin Jefferson,CLE,LB,2026,2026-08-01,CLE,Cleveland Browns,Justin Jefferson,LB,nflverse_roster,C:\Users\tempadmin\OneDrive\Coding\Syndicate\data\nfl_source\tracking\nflverse\roster\roster_2026.csv,2026-08-01,00-0041075,Justin Jefferson,CLE
00-0041547,K.C. Concepcion,CLE,WR,2026,2026-08-01,CLE,Cleveland Browns,K.C. Concepcion,WR,nflverse_roster,C:\Users\tempadmin\OneDrive\Coding\Syndicate\data\nfl_source\tracking\nflverse\roster\roster_2026.csv,2026-08-01,00-0041547,K.C. Concepcion,CLE
00-0039755,KT Leveston,CLE,OL,2026,2026-08-01,CLE,Cleveland Browns,KT Leveston,OL,nflverse_roster,C:\Users\tempadmin\OneDrive\Coding\Syndicate\data\nfl_source\tracking\nflverse\roster\roster_2026.csv,2026-08-01,00-0039755,KT Leveston,CLE
00-0037832,Kalia Davis,CLE,DL,2026,2026-08-01,CLE,Cleveland Browns,Kalia Davis,DL,nflverse_roster,C:\Users\tempadmin\OneDrive\Coding\Syndicate\data\nfl_source\tracking\nflverse\roster\roster_2026.csv,2026-08-01,00-0037832,Kalia Davis,CLE
00-0036983,Kendrick Green,CLE,OL,2026,2026-08-01,CLE,Cleveland Browns,Kendrick Green,OL,nflverse_roster,C:\Users\tempadmin\OneDrive\Coding\Syndicate\data\nfl_source\tracking\nflverse\roster\roster_2026.csv,2026-08-01,00-0036983,Kendrick Green,CLE
00-0041285,Khordae Sydnor,CLE,DL,2026,2026-08-01,CLE,Cleveland Browns,Khordae Sydnor,DL,nflverse_roster,C:\Users\tempadmin\OneDrive\Coding\Syndicate\data\nfl_source\tracking\nflverse\roster\roster_2026.csv,2026-08-01,00-0041285,Khordae Sydnor,CLE
00-0039442,Kingsley Eguakun,CLE,OL,2026,2026-08-01,CLE,Cleveland Browns,Kingsley Eguakun,OL,nflverse_roster,C:\Users\tempadmin\OneDrive\Coding\Syndicate\data\nfl_source\tracking\nflverse\roster\roster_2026.csv,2026-08-01,00-0039442,Kingsley Eguakun,CLE
00-0041287,Kole Wilson,CLE,WR,2026,2026-08-01,CLE,Cleveland Browns,Kole Wilson,WR,nflverse_roster,C:\Users\tempadmin\OneDrive\Coding\Syndicate\data\nfl_source\tracking\nflverse\roster\roster_2026.csv,2026-08-01,00-0041287,Kole Wilson,CLE
00-0041279,Logan Fano,CLE,DL,2026,2026-08-01,CLE,Cleveland Browns,Logan Fano,DL,nflverse_roster,C:\Users\tempadmin\OneDrive\Coding\Syndicate\data\nfl_source\tracking\nflverse\roster\roster_2026.csv,2026-08-01,00-0041279,Logan Fano,CLE
00-0040617,Luke Floriea,CLE,WR,2026,2026-08-01,CLE,Cleveland Browns,Luke Floriea,WR,nflverse_roster,C:\Users\tempadmin\OneDrive\Coding\Syndicate\data\nfl_source\tracking\nflverse\roster\roster_2026.csv,2026-08-01,00-0040617,Luke Floriea,CLE
00-0038609,Luke Wypler,CLE,OL,2026,2026-08-01,CLE,Cleveland Browns,Luke Wypler,OL,nflverse_roster,C:\Users\tempadmin\OneDrive\Coding\Syndicate\data\nfl_source\tracking\nflverse\roster\roster_2026.csv,2026-08-01,00-0038609,Luke Wypler,CLE
00-0039920,Malachi Corley,CLE,WR,2026,2026-08-01,CLE,Cleveland Browns,Malachi Corley,WR,nflverse_roster,C:\Users\tempadmin\OneDrive\Coding\Syndicate\data\nfl_source\tracking\nflverse\roster\roster_2026.csv,2026-08-01,00-0039920,Malachi Corley,CLE
00-0033131,Maliek Collins,CLE,DL,2026,2026-08-01,CLE,Cleveland Browns,Maliek Collins,DL,nflverse_roster,C:\Users\tempadmin\OneDrive\Coding\Syndicate\data\nfl_source\tracking\nflverse\roster\roster_2026.csv,2026-08-01,00-0033131,Maliek Collins,CLE
00-0038958,Markees Watts,CLE,LB,2026,2026-08-01,CLE,Cleveland Browns,Markees Watts,LB,nflverse_roster,C:\Users\tempadmin\OneDrive\Coding\Syndicate\data\nfl_source\tracking\nflverse\roster\roster_2026.csv,2026-08-01,00-0038958,Markees Watts,CLE
00-0040685,Mason Graham,CLE,DL,2026,2026-08-01,CLE,Cleveland Browns,Mason Graham,DL,nflverse_roster,C:\Users\tempadmin\OneDrive\Coding\Syndicate\data\nfl_source\tracking\nflverse\roster\roster_2026.csv,2026-08-01,00-0040685,Mason Graham,CLE
00-0031595,Michael Burton,CLE,RB,2026,2026-08-01,CLE,Cleveland Browns,Michael Burton,RB,nflverse_roster,C:\Users\tempadmin\OneDrive\Coding\Syndicate\data\nfl_source\tracking\nflverse\roster\roster_2026.csv,2026-08-01,00-0031595,Michael Burton,CLE
00-0041411,Michael Coats,CLE,DB,2026,2026-08-01,CLE,Cleveland Browns,Michael Coats,DB,nflverse_roster,C:\Users\tempadmin\OneDrive\Coding\Syndicate\data\nfl_source\tracking\nflverse\roster\roster_2026.csv,2026-08-01,00-0041411,Michael Coats,CLE
00-0039895,Mike Hall Jr.,CLE,DL,2026,2026-08-01,CLE,Cleveland Browns,Mike Hall Jr.,DL,nflverse_roster,C:\Users\tempadmin\OneDrive\Coding\Syndicate\data\nfl_source\tracking\nflverse\roster\roster_2026.csv,2026-08-01,00-0039895,Mike Hall Jr.,CLE
00-0036087,Myles Bryant,CLE,DB,2026,2026-08-01,CLE,Cleveland Browns,Myles Bryant,DB,nflverse_roster,C:\Users\tempadmin\OneDrive\Coding\Syndicate\data\nfl_source\tracking\nflverse\roster\roster_2026.csv,2026-08-01,00-0036087,Myles Bryant,CLE
00-0039417,Myles Harden,CLE,DB,2026,2026-08-01,CLE,Cleveland Browns,Myles Harden,DB,nflverse_roster,C:\Users\tempadmin\OneDrive\Coding\Syndicate\data\nfl_source\tracking\nflverse\roster\roster_2026.csv,2026-08-01,00-0039417,Myles Harden,CLE
00-0041278,Nate Evans,CLE,DB,2026,2026-08-01,CLE,Cleveland Browns,Nate Evans,DB,nflverse_roster,C:\Users\tempadmin\OneDrive\Coding\Syndicate\data\nfl_source\tracking\nflverse\roster\roster_2026.csv,2026-08-01,00-0041278,Nate Evans,CLE
00-0039406,Nathaniel Watson,CLE,LB,2026,2026-08-01,CLE,Cleveland Browns,Nathaniel Watson,LB,nflverse_roster,C:\Users\tempadmin\OneDrive\Coding\Syndicate\data\nfl_source\tracking\nflverse\roster\roster_2026.csv,2026-08-01,00-0039406,Nathaniel Watson,CLE
00-0039567,Nik Constantinou,CLE,P,2026,2026-08-01,CLE,Cleveland Browns,Nik Constantinou,P,nflverse_roster,C:\Users\tempadmin\OneDrive\Coding\Syndicate\data\nfl_source\tracking\nflverse\roster\roster_2026.csv,2026-08-01,00-0039567,Nik Constantinou,CLE
00-0041073,Parker Brailsford,CLE,OL,2026,2026-08-01,CLE,Cleveland Browns,Parker Brailsford,OL,nflverse_roster,C:\Users\tempadmin\OneDrive\Coding\Syndicate\data\nfl_source\tracking\nflverse\roster\roster_2026.csv,2026-08-01,00-0041073,Parker Brailsford,CLE
00-0035680,Quincy Williams,CLE,LB,2026,2026-08-01,CLE,Cleveland Browns,Quincy Williams,LB,nflverse_roster,C:\Users\tempadmin\OneDrive\Coding\Syndicate\data\nfl_source\tracking\nflverse\roster\roster_2026.csv,2026-08-01,00-0035680,Quincy Williams,CLE
00-0040784,Quinshon Judkins,CLE,RB,2026,2026-08-01,CLE,Cleveland Browns,Quinshon Judkins,RB,nflverse_roster,C:\Users\tempadmin\OneDrive\Coding\Syndicate\data\nfl_source\tracking\nflverse\roster\roster_2026.csv,2026-08-01,00-0040784,Quinshon Judkins,CLE
00-0040466,Raheim Sanders,CLE,RB,2026,2026-08-01,CLE,Cleveland Browns,Raheim Sanders,RB,nflverse_roster,C:\Users\tempadmin\OneDrive\Coding\Syndicate\data\nfl_source\tracking\nflverse\roster\roster_2026.csv,2026-08-01,00-0040466,Raheim Sanders,CLE
00-0041492,Reid Carrico,CLE,LB,2026,2026-08-01,CLE,Cleveland Browns,Reid Carrico,LB,nflverse_roster,C:\Users\tempadmin\OneDrive\Coding\Syndicate\data\nfl_source\tracking\nflverse\roster\roster_2026.csv,2026-08-01,00-0041492,Reid Carrico,CLE
00-0036443,Rex Sunahara,CLE,LS,2026,2026-08-01,CLE,Cleveland Browns,Rex Sunahara,LS,nflverse_roster,C:\Users\tempadmin\OneDrive\Coding\Syndicate\data\nfl_source\tracking\nflverse\roster\roster_2026.csv,2026-08-01,00-0036443,Rex Sunahara,CLE
00-0038715,Ronnie Hickman,CLE,DB,2026,2026-08-01,CLE,Cleveland Browns,Ronnie Hickman,DB,nflverse_roster,C:\Users\tempadmin\OneDrive\Coding\Syndicate\data\nfl_source\tracking\nflverse\roster\roster_2026.csv,2026-08-01,00-0038715,Ronnie Hickman,CLE
00-0036705,Sam Kamara,CLE,DL,2026,2026-08-01,CLE,Cleveland Browns,Sam Kamara,DL,nflverse_roster,C:\Users\tempadmin\OneDrive\Coding\Syndicate\data\nfl_source\tracking\nflverse\roster\roster_2026.csv,2026-08-01,00-0036705,Sam Kamara,CLE
00-0040668,Shedeur Sanders,CLE,QB,2026,2026-08-01,CLE,Cleveland Browns,Shedeur Sanders,QB,nflverse_roster,C:\Users\tempadmin\OneDrive\Coding\Syndicate\data\nfl_source\tracking\nflverse\roster\roster_2026.csv,2026-08-01,00-0040668,Shedeur Sanders,CLE
00-0041030,Spencer Fano,CLE,OL,2026,2026-08-01,CLE,Cleveland Browns,Spencer Fano,OL,nflverse_roster,C:\Users\tempadmin\OneDrive\Coding\Syndicate\data\nfl_source\tracking\nflverse\roster\roster_2026.csv,2026-08-01,00-0041030,Spencer Fano,CLE
00-0041281,T.J. Harden,CLE,RB,2026,2026-08-01,CLE,Cleveland Browns,T.J. Harden,RB,nflverse_roster,C:\Users\tempadmin\OneDrive\Coding\Syndicate\data\nfl_source\tracking\nflverse\roster\roster_2026.csv,2026-08-01,00-0041281,T.J. Harden,CLE
00-0041092,Taylen Green,CLE,QB,2026,2026-08-01,CLE,Cleveland Browns,Taylen Green,QB,nflverse_roster,C:\Users\tempadmin\OneDrive\Coding\Syndicate\data\nfl_source\tracking\nflverse\roster\roster_2026.csv,2026-08-01,00-0041092,Taylen Green,CLE
00-0036953,Teven Jenkins,CLE,OL,2026,2026-08-01,CLE,Cleveland Browns,Teven Jenkins,OL,nflverse_roster,C:\Users\tempadmin\OneDrive\Coding\Syndicate\data\nfl_source\tracking\nflverse\roster\roster_2026.csv,2026-08-01,00-0036953,Teven Jenkins,CLE
00-0037593,Tre Avery,CLE,DB,2026,2026-08-01,CLE,Cleveland Browns,Tre Avery,DB,nflverse_roster,C:\Users\tempadmin\OneDrive\Coding\Syndicate\data\nfl_source\tracking\nflverse\roster\roster_2026.csv,2026-08-01,00-0037593,Tre Avery,CLE
00-0036630,Tylan Wallace,CLE,WR,2026,2026-08-01,CLE,Cleveland Browns,Tylan Wallace,WR,nflverse_roster,C:\Users\tempadmin\OneDrive\Coding\Syndicate\data\nfl_source\tracking\nflverse\roster\roster_2026.csv,2026-08-01,00-0036630,Tylan Wallace,CLE
00-0036214,Tyre Phillips,CLE,OL,2026,2026-08-01,CLE,Cleveland Browns,Tyre Phillips,OL,nflverse_roster,C:\Users\tempadmin\OneDrive\Coding\Syndicate\data\nfl_source\tracking\nflverse\roster\roster_2026.csv,2026-08-01,00-0036214,Tyre Phillips,CLE
00-0041288,Tyreak Sapp,CLE,DL,2026,2026-08-01,CLE,Cleveland Browns,Tyreak Sapp,DL,nflverse_roster,C:\Users\tempadmin\OneDrive\Coding\Syndicate\data\nfl_source\tracking\nflverse\roster\roster_2026.csv,2026-08-01,00-0041288,Tyreak Sapp,CLE
00-0040038,Tyron Herring,CLE,DB,2026,2026-08-01,CLE,Cleveland Browns,Tyron Herring,DB,nflverse_roster,C:\Users\tempadmin\OneDrive\Coding\Syndicate\data\nfl_source\tracking\nflverse\roster\roster_2026.csv,2026-08-01,00-0040038,Tyron Herring,CLE
00-0036974,Tyson Campbell,CLE,DB,2026,2026-08-01,CLE,Cleveland Browns,Tyson Campbell,DB,nflverse_roster,C:\Users\tempadmin\OneDrive\Coding\Syndicate\data\nfl_source\tracking\nflverse\roster\roster_2026.csv,2026-08-01,00-0036974,Tyson Campbell,CLE
00-0035234,Tytus Howard,CLE,OL,2026,2026-08-01,CLE,Cleveland Browns,Tytus Howard,OL,nflverse_roster,C:\Users\tempadmin\OneDrive\Coding\Syndicate\data\nfl_source\tracking\nflverse\roster\roster_2026.csv,2026-08-01,00-0035234,Tytus Howard,CLE
00-0041284,Wes Pahl,CLE,P,2026,2026-08-01,CLE,Cleveland Browns,Wes Pahl,P,nflverse_roster,C:\Users\tempadmin\OneDrive\Coding\Syndicate\data\nfl_source\tracking\nflverse\roster\roster_2026.csv,2026-08-01,00-0041284,Wes Pahl,CLE
00-0039515,Winston Reid,CLE,LB,2026,2026-08-01,CLE,Cleveland Browns,Winston Reid,LB,nflverse_roster,C:\Users\tempadmin\OneDrive\Coding\Syndicate\data\nfl_source\tracking\nflverse\roster\roster_2026.csv,2026-08-01,00-0039515,Winston Reid,CLE
00-0039350,Zak Zinter,CLE,OL,2026,2026-08-01,CLE,Cleveland Browns,Zak Zinter,OL,nflverse_roster,C:\Users\tempadmin\OneDrive\Coding\Syndicate\data\nfl_source\tracking\nflverse\roster\roster_2026.csv,2026-08-01,00-0039350,Zak Zinter,CLE
00-0037818,Zion Johnson,CLE,OL,2026,2026-08-01,CLE,Cleveland Browns,Zion Johnson,OL,nflverse_roster,C:\Users\tempadmin\OneDrive\Coding\Syndicate\data\nfl_source\tracking\nflverse\roster\roster_2026.csv,2026-08-01,00-0037818,Zion Johnson,CLE
00-0041286,Zion Washington,CLE,DB,2026,2026-08-01,CLE,Cleveland Browns,Zion Washington,DB,nflverse_roster,C:\Users\tempadmin\OneDrive\Coding\Syndicate\data\nfl_source\tracking\nflverse\roster\roster_2026.csv,2026-08-01,00-0041286,Zion Washington,CLE
00-0038144,Adedayo Odeleye,DAL,DL,2026,2026-08-01,DAL,Dallas Cowboys,Adedayo Odeleye,DL,nflverse_roster,C:\Users\tempadmin\OneDrive\Coding\Syndicate\data\nfl_source\tracking\nflverse\roster\roster_2026.csv,2026-08-01,00-0038144,Adedayo Odeleye,DAL
00-0040017,Ajani Cornelius,DAL,OL,2026,2026-08-01,DAL,Dallas Cowboys,Ajani Cornelius,OL,nflverse_roster,C:\Users\tempadmin\OneDrive\Coding\Syndicate\data\nfl_source\tracking\nflverse\roster\roster_2026.csv,2026-08-01,00-0040017,Ajani Cornelius,DAL
00-0040045,Alijah Clark,DAL,DB,2026,2026-08-01,DAL,Dallas Cowboys,Alijah Clark,DB,nflverse_roster,C:\Users\tempadmin\OneDrive\Coding\Syndicate\data\nfl_source\tracking\nflverse\roster\roster_2026.csv,2026-08-01,00-0040045,Alijah Clark,DAL
00-0040900,Anthony Smith,DAL,WR,2026,2026-08-01,DAL,Dallas Cowboys,Anthony Smith,WR,nflverse_roster,C:\Users\tempadmin\OneDrive\Coding\Syndicate\data\nfl_source\tracking\nflverse\roster\roster_2026.csv,2026-08-01,00-0040900,Anthony Smith,DAL
00-0037692,Brandon Aubrey,DAL,K,2026,2026-08-01,DAL,Dallas Cowboys,Brandon Aubrey,K,nflverse_roster,C:\Users\tempadmin\OneDrive\Coding\Syndicate\data\nfl_source\tracking\nflverse\roster\roster_2026.csv,2026-08-01,00-0037692,Brandon Aubrey,DAL
00-0039530,Brevyn Spann-Ford,DAL,TE,2026,2026-08-01,DAL,Dallas Cowboys,Brevyn Spann-Ford,TE,nflverse_roster,C:\Users\tempadmin\OneDrive\Coding\Syndicate\data\nfl_source\tracking\nflverse\roster\roster_2026.csv,2026-08-01,00-0039530,Brevyn Spann-Ford,DAL
00-0029692,Bryan Anger,DAL,P,2026,2026-08-01,DAL,Dallas Cowboys,Bryan Anger,P,nflverse_roster,C:\Users\tempadmin\OneDrive\Coding\Syndicate\data\nfl_source\tracking\nflverse\roster\roster_2026.csv,2026-08-01,00-0029692,Bryan Anger,DAL
00-0039387,Caelen Carson,DAL,DB,2026,2026-08-01,DAL,Dallas Cowboys,Caelen Carson,DB,nflverse_roster,C:\Users\tempadmin\OneDrive\Coding\Syndicate\data\nfl_source\tracking\nflverse\roster\roster_2026.csv,2026-08-01,00-0039387,Caelen Carson,DAL
00-0040865,Caleb Downs,DAL,DB,2026,2026-08-01,DAL,Dallas Cowboys,Caleb Downs,DB,nflverse_roster,C:\Users\tempadmin\OneDrive\Coding\Syndicate\data\nfl_source\tracking\nflverse\roster\roster_2026.csv,2026-08-01,00-0040865,Caleb Downs,DAL
00-0040930,Camden Brown,DAL,WR,2026,2026-08-01,DAL,Dallas Cowboys,Camden Brown,WR,nflverse_roster,C:\Users\tempadmin\OneDrive\Coding\Syndicate\data\nfl_source\tracking\nflverse\roster\roster_2026.csv,2026-08-01,00-0040930,Camden Brown,DAL
00-0036358,CeeDee Lamb,DAL,WR,2026,2026-08-01,DAL,Dallas Cowboys,CeeDee Lamb,WR,nflverse_roster,C:\Users\tempadmin\OneDrive\Coding\Syndicate\data\nfl_source\tracking\nflverse\roster\roster_2026.csv,2026-08-01,00-0036358,CeeDee Lamb,DAL
00-0037839,Cobie Durant,DAL,DB,2026,2026-08-01,DAL,Dallas Cowboys,Cobie Durant,DB,nflverse_roster,C:\Users\tempadmin\OneDrive\Coding\Syndicate\data\nfl_source\tracking\nflverse\roster\roster_2026.csv,2026-08-01,00-0037839,Cobie Durant,DAL
00-0039348,Cooper Beebe,DAL,OL,2026,2026-08-01,DAL,Dallas Cowboys,Cooper Beebe,OL,nflverse_roster,C:\Users\tempadmin\OneDrive\Coding\Syndicate\data\nfl_source\tracking\nflverse\roster\roster_2026.csv,2026-08-01,00-0039348,Cooper Beebe,DAL
00-0035633,Corey Ballentine,DAL,DB,2026,2026-08-01,DAL,Dallas Cowboys,Corey Ballentine,DB,nflverse_roster,C:\Users\tempadmin\OneDrive\Coding\Syndicate\data\nfl_source\tracking\nflverse\roster\roster_2026.csv,2026-08-01,00-0035633,Corey Ballentine,DAL
00-0036728,Curtis Robinson,DAL,LB,2026,2026-08-01,DAL,Dallas Cowboys,Curtis Robinson,LB,nflverse_roster,C:\Users\tempadmin\OneDrive\Coding\Syndicate\data\nfl_source\tracking\nflverse\roster\roster_2026.csv,2026-08-01,00-0036728,Curtis Robinson,DAL
00-0040938,D.J. Rogers,DAL,TE,2026,2026-08-01,DAL,Dallas Cowboys,D.J. Rogers,TE,nflverse_roster,C:\Users\tempadmin\OneDrive\Coding\Syndicate\data\nfl_source\tracking\nflverse\roster\roster_2026.csv,2026-08-01,00-0040938,D.J. Rogers,DAL
00-0041437,D.J. Wingfield,DAL,OL,2026,2026-08-01,DAL,Dallas Cowboys,D.J. Wingfield,OL,nflverse_roster,C:\Users\tempadmin\OneDrive\Coding\Syndicate\data\nfl_source\tracking\nflverse\roster\roster_2026.csv,2026-08-01,00-0041437,D.J. Wingfield,DAL
00-0040940,D.J. Withers,DAL,DL,2026,2026-08-01,DAL,Dallas Cowboys,D.J. Withers,DL,nflverse_roster,C:\Users\tempadmin\OneDrive\Coding\Syndicate\data\nfl_source\tracking\nflverse\roster\roster_2026.csv,2026-08-01,00-0040940,D.J. Withers,DAL
00-0037275,DaRon Bland,DAL,DB,2026,2026-08-01,DAL,Dallas Cowboys,DaRon Bland,DB,nflverse_roster,C:\Users\tempadmin\OneDrive\Coding\Syndicate\data\nfl_source\tracking\nflverse\roster\roster_2026.csv,2026-08-01,00-0037275,DaRon Bland,DAL
00-0033077,Dak Prescott,DAL,QB,2026,2026-08-01,DAL,Dallas Cowboys,Dak Prescott,QB,nflverse_roster,C:\Users\tempadmin\OneDrive\Coding\Syndicate\data\nfl_source\tracking\nflverse\roster\roster_2026.csv,2026-08-01,00-0033077,Dak Prescott,DAL
00-0038556,DeMarvion Overshown,DAL,LB,2026,2026-08-01,DAL,Dallas Cowboys,DeMarvion Overshown,LB,nflverse_roster,C:\Users\tempadmin\OneDrive\Coding\Syndicate\data\nfl_source\tracking\nflverse\roster\roster_2026.csv,2026-08-01,00-0038556,DeMarvion Overshown,DAL
00-0038625,Dee Winters,DAL,LB,2026,2026-08-01,DAL,Dallas Cowboys,Dee Winters,LB,nflverse_roster,C:\Users\tempadmin\OneDrive\Coding\Syndicate\data\nfl_source\tracking\nflverse\roster\roster_2026.csv,2026-08-01,00-0038625,Dee Winters,DAL
00-0037842,Derion Kendrick,DAL,DB,2026,2026-08-01,DAL,Dallas Cowboys,Derion Kendrick,DB,nflverse_roster,C:\Users\tempadmin\OneDrive\Coding\Syndicate\data\nfl_source\tracking\nflverse\roster\roster_2026.csv,2026-08-01,00-0037842,Derion Kendrick,DAL
00-0040875,Devin Moore,DAL,DB,2026,2026-08-01,DAL,Dallas Cowboys,Devin Moore,DB,nflverse_roster,C:\Users\tempadmin\OneDrive\Coding\Syndicate\data\nfl_source\tracking\nflverse\roster\roster_2026.csv,2026-08-01,00-0040875,Devin Moore,DAL
00-0040937,Dominic Richardson,DAL,RB,2026,2026-08-01,DAL,Dallas Cowboys,Dominic Richardson,RB,nflverse_roster,C:\Users\tempadmin\OneDrive\Coding\Syndicate\data\nfl_source\tracking\nflverse\roster\roster_2026.csv,2026-08-01,00-0040937,Dominic Richardson,DAL
00-0040725,Donovan Ezeiruaku,DAL,DL,2026,2026-08-01,DAL,Dallas Cowboys,Donovan Ezeiruaku,DL,nflverse_roster,C:\Users\tempadmin\OneDrive\Coding\Syndicate\data\nfl_source\tracking\nflverse\roster\roster_2026.csv,2026-08-01,00-0040725,Donovan Ezeiruaku,DAL
00-0040874,Drew Shelton,DAL,OL,2026,2026-08-01,DAL,Dallas Cowboys,Drew Shelton,OL,nflverse_roster,C:\Users\tempadmin\OneDrive\Coding\Syndicate\data\nfl_source\tracking\nflverse\roster\roster_2026.csv,2026-08-01,00-0040874,Drew Shelton,DAL
00-0037247,George Pickens,DAL,WR,2026,2026-08-01,DAL,Dallas Cowboys,George Pickens,WR,nflverse_roster,C:\Users\tempadmin\OneDrive\Coding\Syndicate\data\nfl_source\tracking\nflverse\roster\roster_2026.csv,2026-08-01,00-0037247,George Pickens,DAL
00-0038738,Hunter Luepke,DAL,RB,2026,2026-08-01,DAL,Dallas Cowboys,Hunter Luepke,RB,nflverse_roster,C:\Users\tempadmin\OneDrive\Coding\Syndicate\data\nfl_source\tracking\nflverse\roster\roster_2026.csv,2026-08-01,00-0038738,Hunter Luepke,DAL
00-0038737,Isaiah Land,DAL,DL,2026,2026-08-01,DAL,Dallas Cowboys,Isaiah Land,DL,nflverse_roster,C:\Users\tempadmin\OneDrive\Coding\Syndicate\data\nfl_source\tracking\nflverse\roster\roster_2026.csv,2026-08-01,00-0038737,Isaiah Land,DAL
00-0038389,Israel Abanikanda,DAL,RB,2026,2026-08-01,DAL,Dallas Cowboys,Israel Abanikanda,RB,nflverse_roster,C:\Users\tempadmin\OneDrive\Coding\Syndicate\data\nfl_source\tracking\nflverse\roster\roster_2026.csv,2026-08-01,00-0038389,Israel Abanikanda,DAL
00-0040769,Jaden Smith,DAL,WR,2026,2026-08-01,DAL,Dallas Cowboys,Jaden Smith,WR,nflverse_roster,C:\Users\tempadmin\OneDrive\Coding\Syndicate\data\nfl_source\tracking\nflverse\roster\roster_2026.csv,2026-08-01,00-0040769,Jaden Smith,DAL
00-0040872,Jaishawn Barham,DAL,LB,2026,2026-08-01,DAL,Dallas Cowboys,Jaishawn Barham,LB,nflverse_roster,C:\Users\tempadmin\OneDrive\Coding\Syndicate\data\nfl_source\tracking\nflverse\roster\roster_2026.csv,2026-08-01,00-0040872,Jaishawn Barham,DAL
00-0038041,Jake Ferguson,DAL,TE,2026,2026-08-01,DAL,Dallas Cowboys,Jake Ferguson,TE,nflverse_roster,C:\Users\tempadmin\OneDrive\Coding\Syndicate\data\nfl_source\tracking\nflverse\roster\roster_2026.csv,2026-08-01,00-0038041,Jake Ferguson,DAL
00-0035705,Jalen Thompson,DAL,DB,2026,2026-08-01,DAL,Dallas Cowboys,Jalen Thompson,DB,nflverse_roster,C:\Users\tempadmin\OneDrive\Coding\Syndicate\data\nfl_source\tracking\nflverse\roster\roster_2026.csv,2026-08-01,00-0035705,Jalen Thompson,DAL
00-0037310,James Houston,DAL,DL,2026,2026-08-01,DAL,Dallas Cowboys,James Houston,DL,nflverse_roster,C:\Users\tempadmin\OneDrive\Coding\Syndicate\data\nfl_source\tracking\nflverse\roster\roster_2026.csv,2026-08-01,00-0037310,James Houston,DAL
00-0036997,Javonte Williams,DAL,RB,2026,2026-08-01,DAL,Dallas Cowboys,Javonte Williams,RB,nflverse_roster,C:\Users\tempadmin\OneDrive\Coding\Syndicate\data\nfl_source\tracking\nflverse\roster\roster_2026.csv,2026-08-01,00-0036997,Javonte Williams,DAL
00-0040019,Jay Toia,DAL,DL,2026,2026-08-01,DAL,Dallas Cowboys,Jay Toia,DL,nflverse_roster,C:\Users\tempadmin\OneDrive\Coding\Syndicate\data\nfl_source\tracking\nflverse\roster\roster_2026.csv,2026-08-01,00-0040019,Jay Toia,DAL
00-0040586,Jaydon Blue,DAL,RB,2026,2026-08-01,DAL,Dallas Cowboys,Jaydon Blue,RB,nflverse_roster,C:\Users\tempadmin\OneDrive\Coding\Syndicate\data\nfl_source\tracking\nflverse\roster\roster_2026.csv,2026-08-01,00-0040586,Jaydon Blue,DAL
00-0039398,Joe Milton III,DAL,QB,2026,2026-08-01,DAL,Dallas Cowboys,Joe Milton III,QB,nflverse_roster,C:\Users\tempadmin\OneDrive\Coding\Syndicate\data\nfl_source\tracking\nflverse\roster\roster_2026.csv,2026-08-01,00-0039398,Joe Milton III,DAL
00-0033093,Jonathan Bullard,DAL,DL,2026,2026-08-01,DAL,Dallas Cowboys,Jonathan Bullard,DL,nflverse_roster,C:\Users\tempadmin\OneDrive\Coding\Syndicate\data\nfl_source\tracking\nflverse\roster\roster_2026.csv,2026-08-01,00-0033093,Jonathan Bullard,DAL
00-0039062,Jonathan Mingo,DAL,WR,2026,2026-08-01,DAL,Dallas Cowboys,Jonathan Mingo,WR,nflverse_roster,C:\Users\tempadmin\OneDrive\Coding\Syndicate\data\nfl_source\tracking\nflverse\roster\roster_2026.csv,2026-08-01,00-0039062,Jonathan Mingo,DAL
00-0040934,Jordan Hudson,DAL,WR,2026,2026-08-01,DAL,Dallas Cowboys,Jordan Hudson,WR,nflverse_roster,C:\Users\tempadmin\OneDrive\Coding\Syndicate\data\nfl_source\tracking\nflverse\roster\roster_2026.csv,2026-08-01,00-0040934,Jordan Hudson,DAL
00-0038348,Josh Butler,DAL,DB,2026,2026-08-01,DAL,Dallas Cowboys,Josh Butler,DB,nflverse_roster,C:\Users\tempadmin\OneDrive\Coding\Syndicate\data\nfl_source\tracking\nflverse\roster\roster_2026.csv,2026-08-01,00-0038348,Josh Butler,DAL
00-0039532,Julius Wood,DAL,DB,2026,2026-08-01,DAL,Dallas Cowboys,Julius Wood,DB,nflverse_roster,C:\Users\tempadmin\OneDrive\Coding\Syndicate\data\nfl_source\tracking\nflverse\roster\roster_2026.csv,2026-08-01,00-0039532,Julius Wood,DAL
00-0040043,Justin Barron,DAL,LB,2026,2026-08-01,DAL,Dallas Cowboys,Justin Barron,LB,nflverse_roster,C:\Users\tempadmin\OneDrive\Coding\Syndicate\data\nfl_source\tracking\nflverse\roster\roster_2026.csv,2026-08-01,00-0040043,Justin Barron,DAL
00-0037801,KaVontae Turpin,DAL,WR,2026,2026-08-01,DAL,Dallas Cowboys,KaVontae Turpin,WR,nflverse_roster,C:\Users\tempadmin\OneDrive\Coding\Syndicate\data\nfl_source\tracking\nflverse\roster\roster_2026.csv,2026-08-01,00-0037801,KaVontae Turpin,DAL
00-0040933,Kelvin Gilliam,DAL,DL,2026,2026-08-01,DAL,Dallas Cowboys,Kelvin Gilliam,DL,nflverse_roster,C:\Users\tempadmin\OneDrive\Coding\Syndicate\data\nfl_source\tracking\nflverse\roster\roster_2026.csv,2026-08-01,00-0040933,Kelvin Gilliam,DAL
00-0033120,Kenny Clark,DAL,DL,2026,2026-08-01,DAL,Dallas Cowboys,Kenny Clark,DL,nflverse_roster,C:\Users\tempadmin\OneDrive\Coding\Syndicate\data\nfl_source\tracking\nflverse\roster\roster_2026.csv,2026-08-01,00-0033120,Kenny Clark,DAL
00-0040880,L.T. Overton,DAL,DL,2026,2026-08-01,DAL,Dallas Cowboys,L.T. Overton,DL,nflverse_roster,C:\Users\tempadmin\OneDrive\Coding\Syndicate\data\nfl_source\tracking\nflverse\roster\roster_2026.csv,2026-08-01,00-0040880,L.T. Overton,DAL
00-0040935,Langston Patterson,DAL,LB,2026,2026-08-01,DAL,Dallas Cowboys,Langston Patterson,LB,nflverse_roster,C:\Users\tempadmin\OneDrive\Coding\Syndicate\data\nfl_source\tracking\nflverse\roster\roster_2026.csv,2026-08-01,00-0040935,Langston Patterson,DAL
00-0038547,Luke Schoonmaker,DAL,TE,2026,2026-08-01,DAL,Dallas Cowboys,Luke Schoonmaker,TE,nflverse_roster,C:\Users\tempadmin\OneDrive\Coding\Syndicate\data\nfl_source\tracking\nflverse\roster\roster_2026.csv,2026-08-01,00-0038547,Luke Schoonmaker,DAL
00-0041537,Malachi Lawrence,DAL,DL,2026,2026-08-01,DAL,Dallas Cowboys,Malachi Lawrence,DL,nflverse_roster,C:\Users\tempadmin\OneDrive\Coding\Syndicate\data\nfl_source\tracking\nflverse\roster\roster_2026.csv,2026-08-01,00-0041537,Malachi Lawrence,DAL
00-0037563,Malik Davis,DAL,RB,2026,2026-08-01,DAL,Dallas Cowboys,Malik Davis,RB,nflverse_roster,C:\Users\tempadmin\OneDrive\Coding\Syndicate\data\nfl_source\tracking\nflverse\roster\roster_2026.csv,2026-08-01,00-0037563,Malik Davis,DAL
00-0033877,Malik Hooker,DAL,DB,2026,2026-08-01,DAL,Dallas Cowboys,Malik Hooker,DB,nflverse_roster,C:\Users\tempadmin\OneDrive\Coding\Syndicate\data\nfl_source\tracking\nflverse\roster\roster_2026.csv,2026-08-01,00-0033877,Malik Hooker,DAL
00-0039507,Marcellus Johnson,DAL,OL,2026,2026-08-01,DAL,Dallas Cowboys,Marcellus Johnson,OL,nflverse_roster,C:\Users\tempadmin\OneDrive\Coding\Syndicate\data\nfl_source\tracking\nflverse\roster\roster_2026.csv,2026-08-01,00-0039507,Marcellus Johnson,DAL
00-0039352,Marist Liufau,DAL,LB,2026,2026-08-01,DAL,Dallas Cowboys,Marist Liufau,LB,nflverse_roster,C:\Users\tempadmin\OneDrive\Coding\Syndicate\data\nfl_source\tracking\nflverse\roster\roster_2026.csv,2026-08-01,00-0039352,Marist Liufau,DAL
00-0037561,Markquese Bell,DAL,DB,2026,2026-08-01,DAL,Dallas Cowboys,Markquese Bell,DB,nflverse_roster,C:\Users\tempadmin\OneDrive\Coding\Syndicate\data\nfl_source\tracking\nflverse\roster\roster_2026.csv,2026-08-01,00-0037561,Markquese Bell,DAL
00-0034272,Marquez Valdes-Scantling,DAL,WR,2026,2026-08-01,DAL,Dallas Cowboys,Marquez Valdes-Scantling,WR,nflverse_roster,C:\Users\tempadmin\OneDrive\Coding\Syndicate\data\nfl_source\tracking\nflverse\roster\roster_2026.csv,2026-08-01,00-0034272,Marquez Valdes-Scantling,DAL
00-0036295,Matt Hennessy,DAL,OL,2026,2026-08-01,DAL,Dallas Cowboys,Matt Hennessy,OL,nflverse_roster,C:\Users\tempadmin\OneDrive\Coding\Syndicate\data\nfl_source\tracking\nflverse\roster\roster_2026.csv,2026-08-01,00-0036295,Matt Hennessy,DAL
00-0040939,Michael Trigg,DAL,TE,2026,2026-08-01,DAL,Dallas Cowboys,Michael Trigg,TE,nflverse_roster,C:\Users\tempadmin\OneDrive\Coding\Syndicate\data\nfl_source\tracking\nflverse\roster\roster_2026.csv,2026-08-01,00-0040939,Michael Trigg,DAL
00-0039422,Nathan Thomas,DAL,OL,2026,2026-08-01,DAL,Dallas Cowboys,Nathan Thomas,OL,nflverse_roster,C:\Users\tempadmin\OneDrive\Coding\Syndicate\data\nfl_source\tracking\nflverse\roster\roster_2026.csv,2026-08-01,00-0039422,Nathan Thomas,DAL
00-0036105,Nick Leverett,DAL,OL,2026,2026-08-01,DAL,Dallas Cowboys,Nick Leverett,OL,nflverse_roster,C:\Users\tempadmin\OneDrive\Coding\Syndicate\data\nfl_source\tracking\nflverse\roster\roster_2026.csv,2026-08-01,00-0036105,Nick Leverett,DAL
00-0037270,Otito Ogbonnia,DAL,DL,2026,2026-08-01,DAL,Dallas Cowboys,Otito Ogbonnia,DL,nflverse_roster,C:\Users\tempadmin\OneDrive\Coding\Syndicate\data\nfl_source\tracking\nflverse\roster\roster_2026.csv,2026-08-01,00-0037270,Otito Ogbonnia,DAL
00-0035227,P.J. Locke,DAL,DB,2026,2026-08-01,DAL,Dallas Cowboys,P.J. Locke,DB,nflverse_roster,C:\Users\tempadmin\OneDrive\Coding\Syndicate\data\nfl_source\tracking\nflverse\roster\roster_2026.csv,2026-08-01,00-0035227,P.J. Locke,DAL
00-0035639,Parris Campbell,DAL,WR,2026,2026-08-01,DAL,Dallas Cowboys,Parris Campbell,WR,nflverse_roster,C:\Users\tempadmin\OneDrive\Coding\Syndicate\data\nfl_source\tracking\nflverse\roster\roster_2026.csv,2026-08-01,00-0035639,Parris Campbell,DAL
00-0040021,Phil Mafah,DAL,RB,2026,2026-08-01,DAL,Dallas Cowboys,Phil Mafah,RB,nflverse_roster,C:\Users\tempadmin\OneDrive\Coding\Syndicate\data\nfl_source\tracking\nflverse\roster\roster_2026.csv,2026-08-01,00-0040021,Phil Mafah,DAL
00-0038735,Princeton Fant,DAL,TE,2026,2026-08-01,DAL,Dallas Cowboys,Princeton Fant,TE,nflverse_roster,C:\Users\tempadmin\OneDrive\Coding\Syndicate\data\nfl_source\tracking\nflverse\roster\roster_2026.csv,2026-08-01,00-0038735,Princeton Fant,DAL
00-0035718,Quinnen Williams,DAL,DL,2026,2026-08-01,DAL,Dallas Cowboys,Quinnen Williams,DL,nflverse_roster,C:\Users\tempadmin\OneDrive\Coding\Syndicate\data\nfl_source\tracking\nflverse\roster\roster_2026.csv,2026-08-01,00-0035718,Quinnen Williams,DAL
00-0034967,Rashan Gary,DAL,DL,2026,2026-08-01,DAL,Dallas Cowboys,Rashan Gary,DL,nflverse_roster,C:\Users\tempadmin\OneDrive\Coding\Syndicate\data\nfl_source\tracking\nflverse\roster\roster_2026.csv,2026-08-01,00-0034967,Rashan Gary,DAL
00-0039465,Reddy Steward,DAL,DB,2026,2026-08-01,DAL,Dallas Cowboys,Reddy Steward,DB,nflverse_roster,C:\Users\tempadmin\OneDrive\Coding\Syndicate\data\nfl_source\tracking\nflverse\roster\roster_2026.csv,2026-08-01,00-0039465,Reddy Steward,DAL
00-0041516,Romello Brinson,DAL,WR,2026,2026-08-01,DAL,Dallas Cowboys,Romello Brinson,WR,nflverse_roster,C:\Users\tempadmin\OneDrive\Coding\Syndicate\data\nfl_source\tracking\nflverse\roster\roster_2026.csv,2026-08-01,00-0041516,Romello Brinson,DAL
00-0039410,Ryan Flournoy,DAL,WR,2026,2026-08-01,DAL,Dallas Cowboys,Ryan Flournoy,WR,nflverse_roster,C:\Users\tempadmin\OneDrive\Coding\Syndicate\data\nfl_source\tracking\nflverse\roster\roster_2026.csv,2026-08-01,00-0039410,Ryan Flournoy,DAL
00-0037077,Sam Howell,DAL,QB,2026,2026-08-01,DAL,Dallas Cowboys,Sam Howell,QB,nflverse_roster,C:\Users\tempadmin\OneDrive\Coding\Syndicate\data\nfl_source\tracking\nflverse\roster\roster_2026.csv,2026-08-01,00-0037077,Sam Howell,DAL
00-0037665,Sam Williams,DAL,DL,2026,2026-08-01,DAL,Dallas Cowboys,Sam Williams,DL,nflverse_roster,C:\Users\tempadmin\OneDrive\Coding\Syndicate\data\nfl_source\tracking\nflverse\roster\roster_2026.csv,2026-08-01,00-0037665,Sam Williams,DAL
00-0040008,Shavon Revel Jr.,DAL,DB,2026,2026-08-01,DAL,Dallas Cowboys,Shavon Revel Jr.,DB,nflverse_roster,C:\Users\tempadmin\OneDrive\Coding\Syndicate\data\nfl_source\tracking\nflverse\roster\roster_2026.csv,2026-08-01,00-0040008,Shavon Revel Jr.,DAL
00-0040011,Shemar James,DAL,LB,2026,2026-08-01,DAL,Dallas Cowboys,Shemar James,LB,nflverse_roster,C:\Users\tempadmin\OneDrive\Coding\Syndicate\data\nfl_source\tracking\nflverse\roster\roster_2026.csv,2026-08-01,00-0040011,Shemar James,DAL
00-0040936,Shiyazh Pete,DAL,OL,2026,2026-08-01,DAL,Dallas Cowboys,Shiyazh Pete,OL,nflverse_roster,C:\Users\tempadmin\OneDrive\Coding\Syndicate\data\nfl_source\tracking\nflverse\roster\roster_2026.csv,2026-08-01,00-0040936,Shiyazh Pete,DAL
00-0038731,TJ Bass,DAL,OL,2026,2026-08-01,DAL,Dallas Cowboys,TJ Bass,OL,nflverse_roster,C:\Users\tempadmin\OneDrive\Coding\Syndicate\data\nfl_source\tracking\nflverse\roster\roster_2026.csv,2026-08-01,00-0038731,TJ Bass,DAL
00-0036036,Terence Steele,DAL,OL,2026,2026-08-01,DAL,Dallas Cowboys,Terence Steele,OL,nflverse_roster,C:\Users\tempadmin\OneDrive\Coding\Syndicate\data\nfl_source\tracking\nflverse\roster\roster_2026.csv,2026-08-01,00-0036036,Terence Steele,DAL
00-0040931,Tommy Dunn,DAL,DL,2026,2026-08-01,DAL,Dallas Cowboys,Tommy Dunn,DL,nflverse_roster,C:\Users\tempadmin\OneDrive\Coding\Syndicate\data\nfl_source\tracking\nflverse\roster\roster_2026.csv,2026-08-01,00-0040931,Tommy Dunn,DAL
00-0040048,Traeshon Holden,DAL,WR,2026,2026-08-01,DAL,Dallas Cowboys,Traeshon Holden,WR,nflverse_roster,C:\Users\tempadmin\OneDrive\Coding\Syndicate\data\nfl_source\tracking\nflverse\roster\roster_2026.csv,2026-08-01,00-0040048,Traeshon Holden,DAL
00-0034198,Trent Sieg,DAL,LS,2026,2026-08-01,DAL,Dallas Cowboys,Trent Sieg,LS,nflverse_roster,C:\Users\tempadmin\OneDrive\Coding\Syndicate\data\nfl_source\tracking\nflverse\roster\roster_2026.csv,2026-08-01,00-0034198,Trent Sieg,DAL
00-0039310,Trevor Keegan,DAL,OL,2026,2026-08-01,DAL,Dallas Cowboys,Trevor Keegan,OL,nflverse_roster,C:\Users\tempadmin\OneDrive\Coding\Syndicate\data\nfl_source\tracking\nflverse\roster\roster_2026.csv,2026-08-01,00-0039310,Trevor Keegan,DAL
00-0040251,Trikweze Bridges,DAL,DB,2026,2026-08-01,DAL,Dallas Cowboys,Trikweze Bridges,DB,nflverse_roster,C:\Users\tempadmin\OneDrive\Coding\Syndicate\data\nfl_source\tracking\nflverse\roster\roster_2026.csv,2026-08-01,00-0040251,Trikweze Bridges,DAL
00-0040007,Tyler Booker,DAL,OL,2026,2026-08-01,DAL,Dallas Cowboys,Tyler Booker,OL,nflverse_roster,C:\Users\tempadmin\OneDrive\Coding\Syndicate\data\nfl_source\tracking\nflverse\roster\roster_2026.csv,2026-08-01,00-0040007,Tyler Booker,DAL
00-0039341,Tyler Guyton,DAL,OL,2026,2026-08-01,DAL,Dallas Cowboys,Tyler Guyton,OL,nflverse_roster,C:\Users\tempadmin\OneDrive\Coding\Syndicate\data\nfl_source\tracking\nflverse\roster\roster_2026.csv,2026-08-01,00-0039341,Tyler Guyton,DAL
00-0036427,Tyler Johnson,DAL,WR,2026,2026-08-01,DAL,Dallas Cowboys,Tyler Johnson,WR,nflverse_roster,C:\Users\tempadmin\OneDrive\Coding\Syndicate\data\nfl_source\tracking\nflverse\roster\roster_2026.csv,2026-08-01,00-0036427,Tyler Johnson,DAL
00-0037243,Tyler Smith,DAL,OL,2026,2026-08-01,DAL,Dallas Cowboys,Tyler Smith,OL,nflverse_roster,C:\Users\tempadmin\OneDrive\Coding\Syndicate\data\nfl_source\tracking\nflverse\roster\roster_2026.csv,2026-08-01,00-0037243,Tyler Smith,DAL
00-0038742,Tyrus Wheat,DAL,DL,2026,2026-08-01,DAL,Dallas Cowboys,Tyrus Wheat,DL,nflverse_roster,C:\Users\tempadmin\OneDrive\Coding\Syndicate\data\nfl_source\tracking\nflverse\roster\roster_2026.csv,2026-08-01,00-0038742,Tyrus Wheat,DAL
00-0040044,Zion Childress,DAL,DB,2026,2026-08-01,DAL,Dallas Cowboys,Zion Childress,DB,nflverse_roster,C:\Users\tempadmin\OneDrive\Coding\Syndicate\data\nfl_source\tracking\nflverse\roster\roster_2026.csv,2026-08-01,00-0040044,Zion Childress,DAL
00-0036727,Adam Prentice,DEN,RB,2026,2026-08-01,DEN,Denver Broncos,Adam Prentice,RB,nflverse_roster,C:\Users\tempadmin\OneDrive\Coding\Syndicate\data\nfl_source\tracking\nflverse\roster\roster_2026.csv,2026-08-01,00-0036727,Adam Prentice,DEN
00-0036422,Adam Trautman,DEN,TE,2026,2026-08-01,DEN,Denver Broncos,Adam Trautman,TE,nflverse_roster,C:\Users\tempadmin\OneDrive\Coding\Syndicate\data\nfl_source\tracking\nflverse\roster\roster_2026.csv,2026-08-01,00-0036422,Adam Trautman,DEN
00-0041291,Ahmari Harvey,DEN,DB,2026,2026-08-01,DEN,Denver Broncos,Ahmari Harvey,DB,nflverse_roster,C:\Users\tempadmin\OneDrive\Coding\Syndicate\data\nfl_source\tracking\nflverse\roster\roster_2026.csv,2026-08-01,00-0041291,Ahmari Harvey,DEN
00-0038649,Alex Forsyth,DEN,OL,2026,2026-08-01,DEN,Denver Broncos,Alex Forsyth,OL,nflverse_roster,C:\Users\tempadmin\OneDrive\Coding\Syndicate\data\nfl_source\tracking\nflverse\roster\roster_2026.csv,2026-08-01,00-0038649,Alex Forsyth,DEN
00-0038796,Alex Palczewski,DEN,OL,2026,2026-08-01,DEN,Denver Broncos,Alex Palczewski,OL,nflverse_roster,C:\Users\tempadmin\OneDrive\Coding\Syndicate\data\nfl_source\tracking\nflverse\roster\roster_2026.csv,2026-08-01,00-0038796,Alex Palczewski,DEN
00-0031898,Alex Singleton,DEN,LB,2026,2026-08-01,DEN,Denver Broncos,Alex Singleton,LB,nflverse_roster,C:\Users\tempadmin\OneDrive\Coding\Syndicate\data\nfl_source\tracking\nflverse\roster\roster_2026.csv,2026-08-01,00-0031898,Alex Singleton,DEN
00-0034978,Ben Powers,DEN,OL,2026,2026-08-01,DEN,Denver Broncos,Ben Powers,OL,nflverse_roster,C:\Users\tempadmin\OneDrive\Coding\Syndicate\data\nfl_source\tracking\nflverse\roster\roster_2026.csv,2026-08-01,00-0034978,Ben Powers,DEN
00-0039732,Bo Nix,DEN,QB,2026,2026-08-01,DEN,Denver Broncos,Bo Nix,QB,nflverse_roster,C:\Users\tempadmin\OneDrive\Coding\Syndicate\data\nfl_source\tracking\nflverse\roster\roster_2026.csv,2026-08-01,00-0039732,Bo Nix,DEN
00-0036221,Brandon Jones,DEN,DB,2026,2026-08-01,DEN,Denver Broncos,Brandon Jones,DB,nflverse_roster,C:\Users\tempadmin\OneDrive\Coding\Syndicate\data\nfl_source\tracking\nflverse\roster\roster_2026.csv,2026-08-01,00-0036221,Brandon Jones,DEN
00-0041289,Brent Austin,DEN,DB,2026,2026-08-01,DEN,Denver Broncos,Brent Austin,DB,nflverse_roster,C:\Users\tempadmin\OneDrive\Coding\Syndicate\data\nfl_source\tracking\nflverse\roster\roster_2026.csv,2026-08-01,00-0041289,Brent Austin,DEN
00-0040240,Caleb Lohner,DEN,TE,2026,2026-08-01,DEN,Denver Broncos,Caleb Lohner,TE,nflverse_roster,C:\Users\tempadmin\OneDrive\Coding\Syndicate\data\nfl_source\tracking\nflverse\roster\roster_2026.csv,2026-08-01,00-0040240,Caleb Lohner,DEN
00-0035764,Calvin Throckmorton,DEN,OL,2026,2026-08-01,DEN,Denver Broncos,Calvin Throckmorton,OL,nflverse_roster,C:\Users\tempadmin\OneDrive\Coding\Syndicate\data\nfl_source\tracking\nflverse\roster\roster_2026.csv,2026-08-01,00-0035764,Calvin Throckmorton,DEN
00-0041299,Cam Ross,DEN,WR,2026,2026-08-01,DEN,Denver Broncos,Cam Ross,WR,nflverse_roster,C:\Users\tempadmin\OneDrive\Coding\Syndicate\data\nfl_source\tracking\nflverse\roster\roster_2026.csv,2026-08-01,00-0041299,Cam Ross,DEN
00-0039703,Cody Schrader,DEN,RB,2026,2026-08-01,DEN,Denver Broncos,Cody Schrader,RB,nflverse_roster,C:\Users\tempadmin\OneDrive\Coding\Syndicate\data\nfl_source\tracking\nflverse\roster\roster_2026.csv,2026-08-01,00-0039703,Cody Schrader,DEN
00-0034348,Courtland Sutton,DEN,WR,2026,2026-08-01,DEN,Denver Broncos,Courtland Sutton,WR,nflverse_roster,C:\Users\tempadmin\OneDrive\Coding\Syndicate\data\nfl_source\tracking\nflverse\roster\roster_2026.csv,2026-08-01,00-0034348,Courtland Sutton,DEN
00-0033297,D.J. Jones,DEN,DL,2026,2026-08-01,DEN,Denver Broncos,D.J. Jones,DL,nflverse_roster,C:\Users\tempadmin\OneDrive\Coding\Syndicate\data\nfl_source\tracking\nflverse\roster\roster_2026.csv,2026-08-01,00-0033297,D.J. Jones,DEN
00-0041133,Dallen Bentley,DEN,TE,2026,2026-08-01,DEN,Denver Broncos,Dallen Bentley,TE,nflverse_roster,C:\Users\tempadmin\OneDrive\Coding\Syndicate\data\nfl_source\tracking\nflverse\roster\roster_2026.csv,2026-08-01,00-0041133,Dallen Bentley,DEN
00-0041293,Dane Key,DEN,WR,2026,2026-08-01,DEN,Denver Broncos,Dane Key,WR,nflverse_roster,C:\Users\tempadmin\OneDrive\Coding\Syndicate\data\nfl_source\tracking\nflverse\roster\roster_2026.csv,2026-08-01,00-0041293,Dane Key,DEN
00-0041295,Dasan McCullough,DEN,LB,2026,2026-08-01,DEN,Denver Broncos,Dasan McCullough,LB,nflverse_roster,C:\Users\tempadmin\OneDrive\Coding\Syndicate\data\nfl_source\tracking\nflverse\roster\roster_2026.csv,2026-08-01,00-0041295,Dasan McCullough,DEN
00-0036683,Devon Key,DEN,DB,2026,2026-08-01,DEN,Denver Broncos,Devon Key,DB,nflverse_roster,C:\Users\tempadmin\OneDrive\Coding\Syndicate\data\nfl_source\tracking\nflverse\roster\roster_2026.csv,2026-08-01,00-0036683,Devon Key,DEN
00-0037799,Dondrea Tillman,DEN,LB,2026,2026-08-01,DEN,Denver Broncos,Dondrea Tillman,LB,nflverse_roster,C:\Users\tempadmin\OneDrive\Coding\Syndicate\data\nfl_source\tracking\nflverse\roster\roster_2026.csv,2026-08-01,00-0037799,Dondrea Tillman,DEN
00-0039003,Drew Sanders,DEN,LB,2026,2026-08-01,DEN,Denver Broncos,Drew Sanders,LB,nflverse_roster,C:\Users\tempadmin\OneDrive\Coding\Syndicate\data\nfl_source\tracking\nflverse\roster\roster_2026.csv,2026-08-01,00-0039003,Drew Sanders,DEN
00-0033881,Evan Engram,DEN,TE,2026,2026-08-01,DEN,Denver Broncos,Evan Engram,TE,nflverse_roster,C:\Users\tempadmin\OneDrive\Coding\Syndicate\data\nfl_source\tracking\nflverse\roster\roster_2026.csv,2026-08-01,00-0033881,Evan Engram,DEN
00-0038106,Eyioma Uwazurike,DEN,DL,2026,2026-08-01,DEN,Denver Broncos,Eyioma Uwazurike,DL,nflverse_roster,C:\Users\tempadmin\OneDrive\Coding\Syndicate\data\nfl_source\tracking\nflverse\roster\roster_2026.csv,2026-08-01,00-0038106,Eyioma Uwazurike,DEN
00-0039568,Frank Crum,DEN,OL,2026,2026-08-01,DEN,Denver Broncos,Frank Crum,OL,nflverse_roster,C:\Users\tempadmin\OneDrive\Coding\Syndicate\data\nfl_source\tracking\nflverse\roster\roster_2026.csv,2026-08-01,00-0039568,Frank Crum,DEN
00-0033538,Garett Bolles,DEN,OL,2026,2026-08-01,DEN,Denver Broncos,Garett Bolles,OL,nflverse_roster,C:\Users\tempadmin\OneDrive\Coding\Syndicate\data\nfl_source\tracking\nflverse\roster\roster_2026.csv,2026-08-01,00-0033538,Garett Bolles,DEN
00-0041297,Gavin Ortega,DEN,OL,2026,2026-08-01,DEN,Denver Broncos,Gavin Ortega,OL,nflverse_roster,C:\Users\tempadmin\OneDrive\Coding\Syndicate\data\nfl_source\tracking\nflverse\roster\roster_2026.csv,2026-08-01,00-0041297,Gavin Ortega,DEN
00-0036158,J.K. Dobbins,DEN,RB,2026,2026-08-01,DEN,Denver Broncos,J.K. Dobbins,RB,nflverse_roster,C:\Users\tempadmin\OneDrive\Coding\Syndicate\data\nfl_source\tracking\nflverse\roster\roster_2026.csv,2026-08-01,00-0036158,J.K. Dobbins,DEN
00-0038605,JL Skinner,DEN,DB,2026,2026-08-01,DEN,Denver Broncos,JL Skinner,DB,nflverse_roster,C:\Users\tempadmin\OneDrive\Coding\Syndicate\data\nfl_source\tracking\nflverse\roster\roster_2026.csv,2026-08-01,00-0038605,JL Skinner,DEN
00-0037384,Ja'Quan McMillian,DEN,DB,2026,2026-08-01,DEN,Denver Broncos,Ja'Quan McMillian,DB,nflverse_roster,C:\Users\tempadmin\OneDrive\Coding\Syndicate\data\nfl_source\tracking\nflverse\roster\roster_2026.csv,2026-08-01,00-0037384,Ja'Quan McMillian,DEN
00-0040450,Jaden Robinson,DEN,DB,2026,2026-08-01,DEN,Denver Broncos,Jaden Robinson,DB,nflverse_roster,C:\Users\tempadmin\OneDrive\Coding\Syndicate\data\nfl_source\tracking\nflverse\roster\roster_2026.csv,2026-08-01,00-0040450,Jaden Robinson,DEN
00-0040720,Jahdae Barron,DEN,DB,2026,2026-08-01,DEN,Denver Broncos,Jahdae Barron,DB,nflverse_roster,C:\Users\tempadmin\OneDrive\Coding\Syndicate\data\nfl_source\tracking\nflverse\roster\roster_2026.csv,2026-08-01,00-0040720,Jahdae Barron,DEN
00-0038794,Jaleel McLaughlin,DEN,RB,2026,2026-08-01,DEN,Denver Broncos,Jaleel McLaughlin,RB,nflverse_roster,C:\Users\tempadmin\OneDrive\Coding\Syndicate\data\nfl_source\tracking\nflverse\roster\roster_2026.csv,2026-08-01,00-0038794,Jaleel McLaughlin,DEN
00-0035264,Jarrett Stidham,DEN,QB,2026,2026-08-01,DEN,Denver Broncos,Jarrett Stidham,QB,nflverse_roster,C:\Users\tempadmin\OneDrive\Coding\Syndicate\data\nfl_source\tracking\nflverse\roster\roster_2026.csv,2026-08-01,00-0035264,Jarrett Stidham,DEN
00-0036613,Jaylen Waddle,DEN,WR,2026,2026-08-01,DEN,Denver Broncos,Jaylen Waddle,WR,nflverse_roster,C:\Users\tempadmin\OneDrive\Coding\Syndicate\data\nfl_source\tracking\nflverse\roster\roster_2026.csv,2026-08-01,00-0036613,Jaylen Waddle,DEN
00-0040223,Jeremy Crawshaw,DEN,P,2026,2026-08-01,DEN,Denver Broncos,Jeremy Crawshaw,P,nflverse_roster,C:\Users\tempadmin\OneDrive\Coding\Syndicate\data\nfl_source\tracking\nflverse\roster\roster_2026.csv,2026-08-01,00-0040223,Jeremy Crawshaw,DEN
00-0040452,Johnny Walker Jr.,DEN,DL,2026,2026-08-01,DEN,Denver Broncos,Johnny Walker Jr.,DL,nflverse_roster,C:\Users\tempadmin\OneDrive\Coding\Syndicate\data\nfl_source\tracking\nflverse\roster\roster_2026.csv,2026-08-01,00-0040452,Johnny Walker Jr.,DEN
00-0041496,Jonah Coleman,DEN,RB,2026,2026-08-01,DEN,Denver Broncos,Jonah Coleman,RB,nflverse_roster,C:\Users\tempadmin\OneDrive\Coding\Syndicate\data\nfl_source\tracking\nflverse\roster\roster_2026.csv,2026-08-01,00-0041496,Jonah Coleman,DEN
00-0039809,Jonah Elliss,DEN,LB,2026,2026-08-01,DEN,Denver Broncos,Jonah Elliss,LB,nflverse_roster,C:\Users\tempadmin\OneDrive\Coding\Syndicate\data\nfl_source\tracking\nflverse\roster\roster_2026.csv,2026-08-01,00-0039809,Jonah Elliss,DEN
00-0036952,Jonathon Cooper,DEN,LB,2026,2026-08-01,DEN,Denver Broncos,Jonathon Cooper,LB,nflverse_roster,C:\Users\tempadmin\OneDrive\Coding\Syndicate\data\nfl_source\tracking\nflverse\roster\roster_2026.csv,2026-08-01,00-0036952,Jonathon Cooper,DEN
00-0037294,Jordan Jackson,DEN,DL,2026,2026-08-01,DEN,Denver Broncos,Jordan Jackson,DL,nflverse_roster,C:\Users\tempadmin\OneDrive\Coding\Syndicate\data\nfl_source\tracking\nflverse\roster\roster_2026.csv,2026-08-01,00-0037294,Jordan Jackson,DEN
00-0039570,Jordan Miller,DEN,DL,2026,2026-08-01,DEN,Denver Broncos,Jordan Miller,DL,nflverse_roster,C:\Users\tempadmin\OneDrive\Coding\Syndicate\data\nfl_source\tracking\nflverse\roster\roster_2026.csv,2026-08-01,00-0039570,Jordan Miller,DEN
00-0040634,Jordan Turner,DEN,LB,2026,2026-08-01,DEN,Denver Broncos,Jordan Turner,LB,nflverse_roster,C:\Users\tempadmin\OneDrive\Coding\Syndicate\data\nfl_source\tracking\nflverse\roster\roster_2026.csv,2026-08-01,00-0040634,Jordan Turner,DEN
00-0041294,Joseph Manjack,DEN,WR,2026,2026-08-01,DEN,Denver Broncos,Joseph Manjack,WR,nflverse_roster,C:\Users\tempadmin\OneDrive\Coding\Syndicate\data\nfl_source\tracking\nflverse\roster\roster_2026.csv,2026-08-01,00-0041294,Joseph Manjack,DEN
00-0041077,Justin Joly,DEN,TE,2026,2026-08-01,DEN,Denver Broncos,Justin Joly,TE,nflverse_roster,C:\Users\tempadmin\OneDrive\Coding\Syndicate\data\nfl_source\tracking\nflverse\roster\roster_2026.csv,2026-08-01,00-0041077,Justin Joly,DEN
00-0036428,Justin Strnad,DEN,LB,2026,2026-08-01,DEN,Denver Broncos,Justin Strnad,LB,nflverse_roster,C:\Users\tempadmin\OneDrive\Coding\Syndicate\data\nfl_source\tracking\nflverse\roster\roster_2026.csv,2026-08-01,00-0036428,Justin Strnad,DEN
00-0041498,Kage Casey,DEN,OL,2026,2026-08-01,DEN,Denver Broncos,Kage Casey,OL,nflverse_roster,C:\Users\tempadmin\OneDrive\Coding\Syndicate\data\nfl_source\tracking\nflverse\roster\roster_2026.csv,2026-08-01,00-0041498,Kage Casey,DEN
00-0040449,Karene Reid,DEN,LB,2026,2026-08-01,DEN,Denver Broncos,Karene Reid,LB,nflverse_roster,C:\Users\tempadmin\OneDrive\Coding\Syndicate\data\nfl_source\tracking\nflverse\roster\roster_2026.csv,2026-08-01,00-0040449,Karene Reid,DEN
00-0041292,Kolbe Katsis,DEN,WR,2026,2026-08-01,DEN,Denver Broncos,Kolbe Katsis,WR,nflverse_roster,C:\Users\tempadmin\OneDrive\Coding\Syndicate\data\nfl_source\tracking\nflverse\roster\roster_2026.csv,2026-08-01,00-0041292,Kolbe Katsis,DEN
00-0039371,Kris Abrams-Draine,DEN,DB,2026,2026-08-01,DEN,Denver Broncos,Kris Abrams-Draine,DB,nflverse_roster,C:\Users\tempadmin\OneDrive\Coding\Syndicate\data\nfl_source\tracking\nflverse\roster\roster_2026.csv,2026-08-01,00-0039371,Kris Abrams-Draine,DEN
00-0040454,Kristian Williams,DEN,DL,2026,2026-08-01,DEN,Denver Broncos,Kristian Williams,DL,nflverse_roster,C:\Users\tempadmin\OneDrive\Coding\Syndicate\data\nfl_source\tracking\nflverse\roster\roster_2026.csv,2026-08-01,00-0040454,Kristian Williams,DEN
00-0039565,Levelle Bailey,DEN,LB,2026,2026-08-01,DEN,Denver Broncos,Levelle Bailey,LB,nflverse_roster,C:\Users\tempadmin\OneDrive\Coding\Syndicate\data\nfl_source\tracking\nflverse\roster\roster_2026.csv,2026-08-01,00-0039565,Levelle Bailey,DEN
00-0035406,Lil'Jordan Humphrey,DEN,WR,2026,2026-08-01,DEN,Denver Broncos,Lil'Jordan Humphrey,WR,nflverse_roster,C:\Users\tempadmin\OneDrive\Coding\Syndicate\data\nfl_source\tracking\nflverse\roster\roster_2026.csv,2026-08-01,00-0035406,Lil'Jordan Humphrey,DEN
00-0037539,Lucas Krull,DEN,TE,2026,2026-08-01,DEN,Denver Broncos,Lucas Krull,TE,nflverse_roster,C:\Users\tempadmin\OneDrive\Coding\Syndicate\data\nfl_source\tracking\nflverse\roster\roster_2026.csv,2026-08-01,00-0037539,Lucas Krull,DEN
00-0041290,Luke Basso,DEN,LS,2026,2026-08-01,DEN,Denver Broncos,Luke Basso,LS,nflverse_roster,C:\Users\tempadmin\OneDrive\Coding\Syndicate\data\nfl_source\tracking\nflverse\roster\roster_2026.csv,2026-08-01,00-0041290,Luke Basso,DEN
00-0037278,Luke Wattenberg,DEN,OL,2026,2026-08-01,DEN,Denver Broncos,Luke Wattenberg,OL,nflverse_roster,C:\Users\tempadmin\OneDrive\Coding\Syndicate\data\nfl_source\tracking\nflverse\roster\roster_2026.csv,2026-08-01,00-0037278,Luke Wattenberg,DEN
00-0035763,Malcolm Roach,DEN,DL,2026,2026-08-01,DEN,Denver Broncos,Malcolm Roach,DL,nflverse_roster,C:\Users\tempadmin\OneDrive\Coding\Syndicate\data\nfl_source\tracking\nflverse\roster\roster_2026.csv,2026-08-01,00-0035763,Malcolm Roach,DEN
00-0038976,Marvin Mims Jr.,DEN,WR,2026,2026-08-01,DEN,Denver Broncos,Marvin Mims Jr.,WR,nflverse_roster,C:\Users\tempadmin\OneDrive\Coding\Syndicate\data\nfl_source\tracking\nflverse\roster\roster_2026.csv,2026-08-01,00-0038976,Marvin Mims Jr.,DEN
00-0037303,Matt Henningsen,DEN,DL,2026,2026-08-01,DEN,Denver Broncos,Matt Henningsen,DL,nflverse_roster,C:\Users\tempadmin\OneDrive\Coding\Syndicate\data\nfl_source\tracking\nflverse\roster\roster_2026.csv,2026-08-01,00-0037303,Matt Henningsen,DEN
00-0036392,Matt Peart,DEN,OL,2026,2026-08-01,DEN,Denver Broncos,Matt Peart,OL,nflverse_roster,C:\Users\tempadmin\OneDrive\Coding\Syndicate\data\nfl_source\tracking\nflverse\roster\roster_2026.csv,2026-08-01,00-0036392,Matt Peart,DEN
00-0036959,Michael Bandy,DEN,WR,2026,2026-08-01,DEN,Denver Broncos,Michael Bandy,WR,nflverse_roster,C:\Users\tempadmin\OneDrive\Coding\Syndicate\data\nfl_source\tracking\nflverse\roster\roster_2026.csv,2026-08-01,00-0036959,Michael Bandy,DEN
00-0035686,Michael Deiter,DEN,OL,2026,2026-08-01,DEN,Denver Broncos,Michael Deiter,OL,nflverse_roster,C:\Users\tempadmin\OneDrive\Coding\Syndicate\data\nfl_source\tracking\nflverse\roster\roster_2026.csv,2026-08-01,00-0035686,Michael Deiter,DEN
00-0034847,Mike McGlinchey,DEN,OL,2026,2026-08-01,DEN,Denver Broncos,Mike McGlinchey,OL,nflverse_roster,C:\Users\tempadmin\OneDrive\Coding\Syndicate\data\nfl_source\tracking\nflverse\roster\roster_2026.csv,2026-08-01,00-0034847,Mike McGlinchey,DEN
00-0037300,Mike Woods,DEN,WR,2026,2026-08-01,DEN,Denver Broncos,Mike Woods,WR,nflverse_roster,C:\Users\tempadmin\OneDrive\Coding\Syndicate\data\nfl_source\tracking\nflverse\roster\roster_2026.csv,2026-08-01,00-0037300,Mike Woods,DEN
00-0041130,Miles Scott,DEN,DB,2026,2026-08-01,DEN,Denver Broncos,Miles Scott,DB,nflverse_roster,C:\Users\tempadmin\OneDrive\Coding\Syndicate\data\nfl_source\tracking\nflverse\roster\roster_2026.csv,2026-08-01,00-0041130,Miles Scott,DEN
00-0036943,Mitchell Fraboni,DEN,LS,2026,2026-08-01,DEN,Denver Broncos,Mitchell Fraboni,LS,nflverse_roster,C:\Users\tempadmin\OneDrive\Coding\Syndicate\data\nfl_source\tracking\nflverse\roster\roster_2026.csv,2026-08-01,00-0036943,Mitchell Fraboni,DEN
00-0040475,Nash Jones,DEN,OL,2026,2026-08-01,DEN,Denver Broncos,Nash Jones,OL,nflverse_roster,C:\Users\tempadmin\OneDrive\Coding\Syndicate\data\nfl_source\tracking\nflverse\roster\roster_2026.csv,2026-08-01,00-0040475,Nash Jones,DEN
00-0038783,Nate Adkins,DEN,TE,2026,2026-08-01,DEN,Denver Broncos,Nate Adkins,TE,nflverse_roster,C:\Users\tempadmin\OneDrive\Coding\Syndicate\data\nfl_source\tracking\nflverse\roster\roster_2026.csv,2026-08-01,00-0038783,Nate Adkins,DEN
00-0039438,Nick Gargiulo,DEN,OL,2026,2026-08-01,DEN,Denver Broncos,Nick Gargiulo,OL,nflverse_roster,C:\Users\tempadmin\OneDrive\Coding\Syndicate\data\nfl_source\tracking\nflverse\roster\roster_2026.csv,2026-08-01,00-0039438,Nick Gargiulo,DEN
00-0037249,Nik Bonitto,DEN,LB,2026,2026-08-01,DEN,Denver Broncos,Nik Bonitto,LB,nflverse_roster,C:\Users\tempadmin\OneDrive\Coding\Syndicate\data\nfl_source\tracking\nflverse\roster\roster_2026.csv,2026-08-01,00-0037249,Nik Bonitto,DEN
00-0041298,Parker Robertson,DEN,DB,2026,2026-08-01,DEN,Denver Broncos,Parker Robertson,DB,nflverse_roster,C:\Users\tempadmin\OneDrive\Coding\Syndicate\data\nfl_source\tracking\nflverse\roster\roster_2026.csv,2026-08-01,00-0041298,Parker Robertson,DEN
00-0040134,Pat Bryant,DEN,WR,2026,2026-08-01,DEN,Denver Broncos,Pat Bryant,WR,nflverse_roster,C:\Users\tempadmin\OneDrive\Coding\Syndicate\data\nfl_source\tracking\nflverse\roster\roster_2026.csv,2026-08-01,00-0040134,Pat Bryant,DEN
00-0036874,Pat Surtain II,DEN,DB,2026,2026-08-01,DEN,Denver Broncos,Pat Surtain II,DB,nflverse_roster,C:\Users\tempadmin\OneDrive\Coding\Syndicate\data\nfl_source\tracking\nflverse\roster\roster_2026.csv,2026-08-01,00-0036874,Pat Surtain II,DEN
00-0041450,Paul Manning,DEN,DB,2026,2026-08-01,DEN,Denver Broncos,Paul Manning,DB,nflverse_roster,C:\Users\tempadmin\OneDrive\Coding\Syndicate\data\nfl_source\tracking\nflverse\roster\roster_2026.csv,2026-08-01,00-0041450,Paul Manning,DEN
00-0040168,Que Robinson,DEN,LB,2026,2026-08-01,DEN,Denver Broncos,Que Robinson,LB,nflverse_roster,C:\Users\tempadmin\OneDrive\Coding\Syndicate\data\nfl_source\tracking\nflverse\roster\roster_2026.csv,2026-08-01,00-0040168,Que Robinson,DEN
00-0037001,Quinn Meinerz,DEN,OL,2026,2026-08-01,DEN,Denver Broncos,Quinn Meinerz,OL,nflverse_roster,C:\Users\tempadmin\OneDrive\Coding\Syndicate\data\nfl_source\tracking\nflverse\roster\roster_2026.csv,2026-08-01,00-0037001,Quinn Meinerz,DEN
00-0040730,RJ Harvey,DEN,RB,2026,2026-08-01,DEN,Denver Broncos,RJ Harvey,RB,nflverse_roster,C:\Users\tempadmin\OneDrive\Coding\Syndicate\data\nfl_source\tracking\nflverse\roster\roster_2026.csv,2026-08-01,00-0040730,RJ Harvey,DEN
00-0041134,Red Murdock,DEN,LB,2026,2026-08-01,DEN,Denver Broncos,Red Murdock,LB,nflverse_roster,C:\Users\tempadmin\OneDrive\Coding\Syndicate\data\nfl_source\tracking\nflverse\roster\roster_2026.csv,2026-08-01,00-0041134,Red Murdock,DEN
00-0038521,Reese Taylor,DEN,DB,2026,2026-08-01,DEN,Denver Broncos,Reese Taylor,DB,nflverse_roster,C:\Users\tempadmin\OneDrive\Coding\Syndicate\data\nfl_source\tracking\nflverse\roster\roster_2026.csv,2026-08-01,00-0038521,Reese Taylor,DEN
00-0038552,Riley Moss,DEN,DB,2026,2026-08-01,DEN,Denver Broncos,Riley Moss,DB,nflverse_roster,C:\Users\tempadmin\OneDrive\Coding\Syndicate\data\nfl_source\tracking\nflverse\roster\roster_2026.csv,2026-08-01,00-0038552,Riley Moss,DEN
00-0040153,Sai'vion Jones,DEN,DL,2026,2026-08-01,DEN,Denver Broncos,Sai'vion Jones,DL,nflverse_roster,C:\Users\tempadmin\OneDrive\Coding\Syndicate\data\nfl_source\tracking\nflverse\roster\roster_2026.csv,2026-08-01,00-0040153,Sai'vion Jones,DEN
00-0036879,Sam Ehlinger,DEN,QB,2026,2026-08-01,DEN,Denver Broncos,Sam Ehlinger,QB,nflverse_roster,C:\Users\tempadmin\OneDrive\Coding\Syndicate\data\nfl_source\tracking\nflverse\roster\roster_2026.csv,2026-08-01,00-0036879,Sam Ehlinger,DEN
00-0036564,Talanoa Hufanga,DEN,DB,2026,2026-08-01,DEN,Denver Broncos,Talanoa Hufanga,DB,nflverse_roster,C:\Users\tempadmin\OneDrive\Coding\Syndicate\data\nfl_source\tracking\nflverse\roster\roster_2026.csv,2026-08-01,00-0036564,Talanoa Hufanga,DEN
00-0041301,Taurean York,DEN,LB,2026,2026-08-01,DEN,Denver Broncos,Taurean York,LB,nflverse_roster,C:\Users\tempadmin\OneDrive\Coding\Syndicate\data\nfl_source\tracking\nflverse\roster\roster_2026.csv,2026-08-01,00-0041301,Taurean York,DEN
00-0039868,Troy Franklin,DEN,WR,2026,2026-08-01,DEN,Denver Broncos,Troy Franklin,WR,nflverse_roster,C:\Users\tempadmin\OneDrive\Coding\Syndicate\data\nfl_source\tracking\nflverse\roster\roster_2026.csv,2026-08-01,00-0039868,Troy Franklin,DEN
00-0037752,Tycen Anderson,DEN,DB,2026,2026-08-01,DEN,Denver Broncos,Tycen Anderson,DB,nflverse_roster,C:\Users\tempadmin\OneDrive\Coding\Syndicate\data\nfl_source\tracking\nflverse\roster\roster_2026.csv,2026-08-01,00-0037752,Tycen Anderson,DEN
00-0037085,Tyler Badie,DEN,RB,2026,2026-08-01,DEN,Denver Broncos,Tyler Badie,RB,nflverse_roster,C:\Users\tempadmin\OneDrive\Coding\Syndicate\data\nfl_source\tracking\nflverse\roster\roster_2026.csv,2026-08-01,00-0037085,Tyler Badie,DEN
00-0041296,Tyler Miller,DEN,OL,2026,2026-08-01,DEN,Denver Broncos,Tyler Miller,OL,nflverse_roster,C:\Users\tempadmin\OneDrive\Coding\Syndicate\data\nfl_source\tracking\nflverse\roster\roster_2026.csv,2026-08-01,00-0041296,Tyler Miller,DEN
00-0041552,Tyler Onyedim,DEN,DL,2026,2026-08-01,DEN,Denver Broncos,Tyler Onyedim,DL,nflverse_roster,C:\Users\tempadmin\OneDrive\Coding\Syndicate\data\nfl_source\tracking\nflverse\roster\roster_2026.csv,2026-08-01,00-0041552,Tyler Onyedim,DEN
00-0032569,Wil Lutz,DEN,K,2026,2026-08-01,DEN,Denver Broncos,Wil Lutz,K,nflverse_roster,C:\Users\tempadmin\OneDrive\Coding\Syndicate\data\nfl_source\tracking\nflverse\roster\roster_2026.csv,2026-08-01,00-0032569,Wil Lutz,DEN
00-0035248,Zach Allen,DEN,DL,2026,2026-08-01,DEN,Denver Broncos,Zach Allen,DL,nflverse_roster,C:\Users\tempadmin\OneDrive\Coding\Syndicate\data\nfl_source\tracking\nflverse\roster\roster_2026.csv,2026-08-01,00-0035248,Zach Allen,DEN
00-0041454,Aamaris Brown,DET,DB,2026,2026-08-01,DET,Detroit Lions,Aamaris Brown,DB,nflverse_roster,C:\Users\tempadmin\OneDrive\Coding\Syndicate\data\nfl_source\tracking\nflverse\roster\roster_2026.csv,2026-08-01,00-0041454,Aamaris Brown,DET
00-0040761,Ahmed Hassanein,DET,DL,2026,2026-08-01,DET,Detroit Lions,Ahmed Hassanein,DL,nflverse_roster,C:\Users\tempadmin\OneDrive\Coding\Syndicate\data\nfl_source\tracking\nflverse\roster\roster_2026.csv,2026-08-01,00-0040761,Ahmed Hassanein,DET
00-0037236,Aidan Hutchinson,DET,DL,2026,2026-08-01,DET,Detroit Lions,Aidan Hutchinson,DL,nflverse_roster,C:\Users\tempadmin\OneDrive\Coding\Syndicate\data\nfl_source\tracking\nflverse\roster\roster_2026.csv,2026-08-01,00-0037236,Aidan Hutchinson,DET
00-0041456,Aidan Keanaaina,DET,DL,2026,2026-08-01,DET,Detroit Lions,Aidan Keanaaina,DL,nflverse_roster,C:\Users\tempadmin\OneDrive\Coding\Syndicate\data\nfl_source\tracking\nflverse\roster\roster_2026.csv,2026-08-01,00-0041456,Aidan Keanaaina,DET
00-0036624,Alim McNeill,DET,DL,2026,2026-08-01,DET,Detroit Lions,Alim McNeill,DL,nflverse_roster,C:\Users\tempadmin\OneDrive\Coding\Syndicate\data\nfl_source\tracking\nflverse\roster\roster_2026.csv,2026-08-01,00-0036624,Alim McNeill,DET
00-0036963,Amon-Ra St. Brown,DET,WR,2026,2026-08-01,DET,Detroit Lions,Amon-Ra St. Brown,WR,nflverse_roster,C:\Users\tempadmin\OneDrive\Coding\Syndicate\data\nfl_source\tracking\nflverse\roster\roster_2026.csv,2026-08-01,00-0036963,Amon-Ra St. Brown,DET
00-0041458,Anthony Lucas,DET,DL,2026,2026-08-01,DET,Detroit Lions,Anthony Lucas,DL,nflverse_roster,C:\Users\tempadmin\OneDrive\Coding\Syndicate\data\nfl_source\tracking\nflverse\roster\roster_2026.csv,2026-08-01,00-0041458,Anthony Lucas,DET
00-0034377,Avonte Maddox,DET,DB,2026,2026-08-01,DET,Detroit Lions,Avonte Maddox,DB,nflverse_roster,C:\Users\tempadmin\OneDrive\Coding\Syndicate\data\nfl_source\tracking\nflverse\roster\roster_2026.csv,2026-08-01,00-0034377,Avonte Maddox,DET
00-0036272,Ben Bartch,DET,OL,2026,2026-08-01,DET,Detroit Lions,Ben Bartch,OL,nflverse_roster,C:\Users\tempadmin\OneDrive\Coding\Syndicate\data\nfl_source\tracking\nflverse\roster\roster_2026.csv,2026-08-01,00-0036272,Ben Bartch,DET
00-0041439,Blake Miller,DET,OL,2026,2026-08-01,DET,Detroit Lions,Blake Miller,OL,nflverse_roster,C:\Users\tempadmin\OneDrive\Coding\Syndicate\data\nfl_source\tracking\nflverse\roster\roster_2026.csv,2026-08-01,00-0041439,Blake Miller,DET
00-0039141,Brian Branch,DET,DB,2026,2026-08-01,DET,Detroit Lions,Brian Branch,DB,nflverse_roster,C:\Users\tempadmin\OneDrive\Coding\Syndicate\data\nfl_source\tracking\nflverse\roster\roster_2026.csv,2026-08-01,00-0039141,Brian Branch,DET
00-0036754,Brock Wright,DET,TE,2026,2026-08-01,DET,Detroit Lions,Brock Wright,TE,nflverse_roster,C:\Users\tempadmin\OneDrive\Coding\Syndicate\data\nfl_source\tracking\nflverse\roster\roster_2026.csv,2026-08-01,00-0036754,Brock Wright,DET
00-0037297,Cade Mays,DET,OL,2026,2026-08-01,DET,Detroit Lions,Cade Mays,OL,nflverse_roster,C:\Users\tempadmin\OneDrive\Coding\Syndicate\data\nfl_source\tracking\nflverse\roster\roster_2026.csv,2026-08-01,00-0037297,Cade Mays,DET
00-0034418,Cedrick Wilson Jr.,DET,WR,2026,2026-08-01,DET,Detroit Lions,Cedrick Wilson Jr.,WR,nflverse_roster,C:\Users\tempadmin\OneDrive\Coding\Syndicate\data\nfl_source\tracking\nflverse\roster\roster_2026.csv,2026-08-01,00-0034418,Cedrick Wilson Jr.,DET
00-0038661,Chris Smith,DET,DL,2026,2026-08-01,DET,Detroit Lions,Chris Smith,DL,nflverse_roster,C:\Users\tempadmin\OneDrive\Coding\Syndicate\data\nfl_source\tracking\nflverse\roster\roster_2026.csv,2026-08-01,00-0038661,Chris Smith,DET
00-0038820,Christian Izien,DET,DB,2026,2026-08-01,DET,Detroit Lions,Christian Izien,DB,nflverse_roster,C:\Users\tempadmin\OneDrive\Coding\Syndicate\data\nfl_source\tracking\nflverse\roster\roster_2026.csv,2026-08-01,00-0038820,Christian Izien,DET
00-0039408,Christian Mahogany,DET,OL,2026,2026-08-01,DET,Detroit Lions,Christian Mahogany,OL,nflverse_roster,C:\Users\tempadmin\OneDrive\Coding\Syndicate\data\nfl_source\tracking\nflverse\roster\roster_2026.csv,2026-08-01,00-0039408,Christian Mahogany,DET
00-0033294,Chuck Clark,DET,DB,2026,2026-08-01,DET,Detroit Lions,Chuck Clark,DB,nflverse_roster,C:\Users\tempadmin\OneDrive\Coding\Syndicate\data\nfl_source\tracking\nflverse\roster\roster_2026.csv,2026-08-01,00-0033294,Chuck Clark,DET
00-0038592,Colby Sorsdal,DET,OL,2026,2026-08-01,DET,Detroit Lions,Colby Sorsdal,OL,nflverse_roster,C:\Users\tempadmin\OneDrive\Coding\Syndicate\data\nfl_source\tracking\nflverse\roster\roster_2026.csv,2026-08-01,00-0038592,Colby Sorsdal,DET
00-0034384,D.J. Reed,DET,DB,2026,2026-08-01,DET,Detroit Lions,D.J. Reed,DB,nflverse_roster,C:\Users\tempadmin\OneDrive\Coding\Syndicate\data\nfl_source\tracking\nflverse\roster\roster_2026.csv,2026-08-01,00-0034384,D.J. Reed,DET
00-0036335,D.J. Wonnum,DET,LB,2026,2026-08-01,DET,Detroit Lions,D.J. Wonnum,LB,nflverse_roster,C:\Users\tempadmin\OneDrive\Coding\Syndicate\data\nfl_source\tracking\nflverse\roster\roster_2026.csv,2026-08-01,00-0036335,D.J. Wonnum,DET
00-0037281,Damone Clark,DET,LB,2026,2026-08-01,DET,Detroit Lions,Damone Clark,LB,nflverse_roster,C:\Users\tempadmin\OneDrive\Coding\Syndicate\data\nfl_source\tracking\nflverse\roster\roster_2026.csv,2026-08-01,00-0037281,Damone Clark,DET
00-0040233,Dan Jackson,DET,DB,2026,2026-08-01,DET,Detroit Lions,Dan Jackson,DB,nflverse_roster,C:\Users\tempadmin\OneDrive\Coding\Syndicate\data\nfl_source\tracking\nflverse\roster\roster_2026.csv,2026-08-01,00-0040233,Dan Jackson,DET
00-0041461,De'Shawn Rucker,DET,DB,2026,2026-08-01,DET,Detroit Lions,De'Shawn Rucker,DB,nflverse_roster,C:\Users\tempadmin\OneDrive\Coding\Syndicate\data\nfl_source\tracking\nflverse\roster\roster_2026.csv,2026-08-01,00-0041461,De'Shawn Rucker,DET
00-0036964,Derrick Barnes,DET,LB,2026,2026-08-01,DET,Detroit Lions,Derrick Barnes,LB,nflverse_roster,C:\Users\tempadmin\OneDrive\Coding\Syndicate\data\nfl_source\tracking\nflverse\roster\roster_2026.csv,2026-08-01,00-0036964,Derrick Barnes,DET
00-0041441,Derrick Moore,DET,DL,2026,2026-08-01,DET,Detroit Lions,Derrick Moore,DL,nflverse_roster,C:\Users\tempadmin\OneDrive\Coding\Syndicate\data\nfl_source\tracking\nflverse\roster\roster_2026.csv,2026-08-01,00-0041441,Derrick Moore,DET
00-0037414,Devin Cochran,DET,OL,2026,2026-08-01,DET,Detroit Lions,Devin Cochran,OL,nflverse_roster,C:\Users\tempadmin\OneDrive\Coding\Syndicate\data\nfl_source\tracking\nflverse\roster\roster_2026.csv,2026-08-01,00-0037414,Devin Cochran,DET
00-0040241,Dominic Lovett,DET,WR,2026,2026-08-01,DET,Detroit Lions,Dominic Lovett,WR,nflverse_roster,C:\Users\tempadmin\OneDrive\Coding\Syndicate\data\nfl_source\tracking\nflverse\roster\roster_2026.csv,2026-08-01,00-0040241,Dominic Lovett,DET
00-0039862,Ennis Rakestraw Jr.,DET,DB,2026,2026-08-01,DET,Detroit Lions,Ennis Rakestraw Jr.,DB,nflverse_roster,C:\Users\tempadmin\OneDrive\Coding\Syndicate\data\nfl_source\tracking\nflverse\roster\roster_2026.csv,2026-08-01,00-0039862,Ennis Rakestraw Jr.,DET
00-0041459,Eric O'Neill,DET,DL,2026,2026-08-01,DET,Detroit Lions,Eric O'Neill,DL,nflverse_roster,C:\Users\tempadmin\OneDrive\Coding\Syndicate\data\nfl_source\tracking\nflverse\roster\roster_2026.csv,2026-08-01,00-0041459,Eric O'Neill,DET
00-0041455,Erick Hunter,DET,LB,2026,2026-08-01,DET,Detroit Lions,Erick Hunter,LB,nflverse_roster,C:\Users\tempadmin\OneDrive\Coding\Syndicate\data\nfl_source\tracking\nflverse\roster\roster_2026.csv,2026-08-01,00-0041455,Erick Hunter,DET
00-0039362,Giovanni Manu,DET,OL,2026,2026-08-01,DET,Detroit Lions,Giovanni Manu,OL,nflverse_roster,C:\Users\tempadmin\OneDrive\Coding\Syndicate\data\nfl_source\tracking\nflverse\roster\roster_2026.csv,2026-08-01,00-0039362,Giovanni Manu,DET
00-0035500,Greg Dortch,DET,WR,2026,2026-08-01,DET,Detroit Lions,Greg Dortch,WR,nflverse_roster,C:\Users\tempadmin\OneDrive\Coding\Syndicate\data\nfl_source\tracking\nflverse\roster\roster_2026.csv,2026-08-01,00-0035500,Greg Dortch,DET
00-0039445,Hogan Hatten,DET,LS,2026,2026-08-01,DET,Detroit Lions,Hogan Hatten,LS,nflverse_roster,C:\Users\tempadmin\OneDrive\Coding\Syndicate\data\nfl_source\tracking\nflverse\roster\roster_2026.csv,2026-08-01,00-0039445,Hogan Hatten,DET
00-0040669,Isaac TeSlaa,DET,WR,2026,2026-08-01,DET,Detroit Lions,Isaac TeSlaa,WR,nflverse_roster,C:\Users\tempadmin\OneDrive\Coding\Syndicate\data\nfl_source\tracking\nflverse\roster\roster_2026.csv,2026-08-01,00-0040669,Isaac TeSlaa,DET
00-0037197,Isiah Pacheco,DET,RB,2026,2026-08-01,DET,Detroit Lions,Isiah Pacheco,RB,nflverse_roster,C:\Users\tempadmin\OneDrive\Coding\Syndicate\data\nfl_source\tracking\nflverse\roster\roster_2026.csv,2026-08-01,00-0037197,Isiah Pacheco,DET
00-0039652,Jabari Small,DET,RB,2026,2026-08-01,DET,Detroit Lions,Jabari Small,RB,nflverse_roster,C:\Users\tempadmin\OneDrive\Coding\Syndicate\data\nfl_source\tracking\nflverse\roster\roster_2026.csv,2026-08-01,00-0039652,Jabari Small,DET
00-0039018,Jack Campbell,DET,LB,2026,2026-08-01,DET,Detroit Lions,Jack Campbell,LB,nflverse_roster,C:\Users\tempadmin\OneDrive\Coding\Syndicate\data\nfl_source\tracking\nflverse\roster\roster_2026.csv,2026-08-01,00-0039018,Jack Campbell,DET
00-0035156,Jack Fox,DET,P,2026,2026-08-01,DET,Detroit Lions,Jack Fox,P,nflverse_roster,C:\Users\tempadmin\OneDrive\Coding\Syndicate\data\nfl_source\tracking\nflverse\roster\roster_2026.csv,2026-08-01,00-0035156,Jack Fox,DET
00-0040390,Jackson Meeks,DET,WR,2026,2026-08-01,DET,Detroit Lions,Jackson Meeks,WR,nflverse_roster,C:\Users\tempadmin\OneDrive\Coding\Syndicate\data\nfl_source\tracking\nflverse\roster\roster_2026.csv,2026-08-01,00-0040390,Jackson Meeks,DET
00-0038896,Jacob Saylors,DET,RB,2026,2026-08-01,DET,Detroit Lions,Jacob Saylors,RB,nflverse_roster,C:\Users\tempadmin\OneDrive\Coding\Syndicate\data\nfl_source\tracking\nflverse\roster\roster_2026.csv,2026-08-01,00-0038896,Jacob Saylors,DET
00-0039139,Jahmyr Gibbs,DET,RB,2026,2026-08-01,DET,Detroit Lions,Jahmyr Gibbs,RB,nflverse_roster,C:\Users\tempadmin\OneDrive\Coding\Syndicate\data\nfl_source\tracking\nflverse\roster\roster_2026.csv,2026-08-01,00-0039139,Jahmyr Gibbs,DET
00-0039172,Jake Bates,DET,K,2026,2026-08-01,DET,Detroit Lions,Jake Bates,K,nflverse_roster,C:\Users\tempadmin\OneDrive\Coding\Syndicate\data\nfl_source\tracking\nflverse\roster\roster_2026.csv,2026-08-01,00-0039172,Jake Bates,DET
00-0037240,Jameson Williams,DET,WR,2026,2026-08-01,DET,Detroit Lions,Jameson Williams,WR,nflverse_roster,C:\Users\tempadmin\OneDrive\Coding\Syndicate\data\nfl_source\tracking\nflverse\roster\roster_2026.csv,2026-08-01,00-0037240,Jameson Williams,DET
00-0033106,Jared Goff,DET,QB,2026,2026-08-01,DET,Detroit Lions,Jared Goff,QB,nflverse_roster,C:\Users\tempadmin\OneDrive\Coding\Syndicate\data\nfl_source\tracking\nflverse\roster\roster_2026.csv,2026-08-01,00-0033106,Jared Goff,DET
00-0036881,Jay Tufele,DET,DL,2026,2026-08-01,DET,Detroit Lions,Jay Tufele,DL,nflverse_roster,C:\Users\tempadmin\OneDrive\Coding\Syndicate\data\nfl_source\tracking\nflverse\roster\roster_2026.csv,2026-08-01,00-0036881,Jay Tufele,DET
00-0041442,Jimmy Rolder,DET,LB,2026,2026-08-01,DET,Detroit Lions,Jimmy Rolder,LB,nflverse_roster,C:\Users\tempadmin\OneDrive\Coding\Syndicate\data\nfl_source\tracking\nflverse\roster\roster_2026.csv,2026-08-01,00-0041442,Jimmy Rolder,DET
00-0035895,Joe Bachie,DET,LB,2026,2026-08-01,DET,Detroit Lions,Joe Bachie,LB,nflverse_roster,C:\Users\tempadmin\OneDrive\Coding\Syndicate\data\nfl_source\tracking\nflverse\roster\roster_2026.csv,2026-08-01,00-0035895,Joe Bachie,DET
00-0038936,Juice Scruggs,DET,OL,2026,2026-08-01,DET,Detroit Lions,Juice Scruggs,OL,nflverse_roster,C:\Users\tempadmin\OneDrive\Coding\Syndicate\data\nfl_source\tracking\nflverse\roster\roster_2026.csv,2026-08-01,00-0038936,Juice Scruggs,DET
00-0041445,Keith Abney,DET,DB,2026,2026-08-01,DET,Detroit Lions,Keith Abney,DB,nflverse_roster,C:\Users\tempadmin\OneDrive\Coding\Syndicate\data\nfl_source\tracking\nflverse\roster\roster_2026.csv,2026-08-01,00-0041445,Keith Abney,DET
00-0041446,Kendrick Law,DET,WR,2026,2026-08-01,DET,Detroit Lions,Kendrick Law,WR,nflverse_roster,C:\Users\tempadmin\OneDrive\Coding\Syndicate\data\nfl_source\tracking\nflverse\roster\roster_2026.csv,2026-08-01,00-0041446,Kendrick Law,DET
00-0037667,Kerby Joseph,DET,DB,2026,2026-08-01,DET,Detroit Lions,Kerby Joseph,DB,nflverse_roster,C:\Users\tempadmin\OneDrive\Coding\Syndicate\data\nfl_source\tracking\nflverse\roster\roster_2026.csv,2026-08-01,00-0037667,Kerby Joseph,DET
00-0036124,Khalil Dorsey,DET,DB,2026,2026-08-01,DET,Detroit Lions,Khalil Dorsey,DB,nflverse_roster,C:\Users\tempadmin\OneDrive\Coding\Syndicate\data\nfl_source\tracking\nflverse\roster\roster_2026.csv,2026-08-01,00-0036124,Khalil Dorsey,DET
00-0040393,Kye Robichaux,DET,RB,2026,2026-08-01,DET,Detroit Lions,Kye Robichaux,RB,nflverse_roster,C:\Users\tempadmin\OneDrive\Coding\Syndicate\data\nfl_source\tracking\nflverse\roster\roster_2026.csv,2026-08-01,00-0040393,Kye Robichaux,DET
00-0041536,Kyre Duplessis,DET,WR,2026,2026-08-01,DET,Detroit Lions,Kyre Duplessis,WR,nflverse_roster,C:\Users\tempadmin\OneDrive\Coding\Syndicate\data\nfl_source\tracking\nflverse\roster\roster_2026.csv,2026-08-01,00-0041536,Kyre Duplessis,DET
00-0036905,Larry Borom,DET,OL,2026,2026-08-01,DET,Detroit Lions,Larry Borom,OL,nflverse_roster,C:\Users\tempadmin\OneDrive\Coding\Syndicate\data\nfl_source\tracking\nflverse\roster\roster_2026.csv,2026-08-01,00-0036905,Larry Borom,DET
00-0036954,Levi Onwuzurike,DET,DL,2026,2026-08-01,DET,Detroit Lions,Levi Onwuzurike,DL,nflverse_roster,C:\Users\tempadmin\OneDrive\Coding\Syndicate\data\nfl_source\tracking\nflverse\roster\roster_2026.csv,2026-08-01,00-0036954,Levi Onwuzurike,DET
00-0039448,Loren Strickland,DET,DB,2026,2026-08-01,DET,Detroit Lions,Loren Strickland,DB,nflverse_roster,C:\Users\tempadmin\OneDrive\Coding\Syndicate\data\nfl_source\tracking\nflverse\roster\roster_2026.csv,2026-08-01,00-0039448,Loren Strickland,DET
00-0041453,Luke Altmyer,DET,QB,2026,2026-08-01,DET,Detroit Lions,Luke Altmyer,QB,nflverse_roster,C:\Users\tempadmin\OneDrive\Coding\Syndicate\data\nfl_source\tracking\nflverse\roster\roster_2026.csv,2026-08-01,00-0041453,Luke Altmyer,DET
00-0037289,Malcolm Rodriguez,DET,LB,2026,2026-08-01,DET,Detroit Lions,Malcolm Rodriguez,LB,nflverse_roster,C:\Users\tempadmin\OneDrive\Coding\Syndicate\data\nfl_source\tracking\nflverse\roster\roster_2026.csv,2026-08-01,00-0037289,Malcolm Rodriguez,DET
00-0038911,Malik Cunningham,DET,WR,2026,2026-08-01,DET,Detroit Lions,Malik Cunningham,WR,nflverse_roster,C:\Users\tempadmin\OneDrive\Coding\Syndicate\data\nfl_source\tracking\nflverse\roster\roster_2026.csv,2026-08-01,00-0038911,Malik Cunningham,DET
00-0040391,Mason Miller,DET,OL,2026,2026-08-01,DET,Detroit Lions,Mason Miller,OL,nflverse_roster,C:\Users\tempadmin\OneDrive\Coding\Syndicate\data\nfl_source\tracking\nflverse\roster\roster_2026.csv,2026-08-01,00-0040391,Mason Miller,DET
00-0039396,Mekhi Wingo,DET,DL,2026,2026-08-01,DET,Detroit Lions,Mekhi Wingo,DL,nflverse_roster,C:\Users\tempadmin\OneDrive\Coding\Syndicate\data\nfl_source\tracking\nflverse\roster\roster_2026.csv,2026-08-01,00-0039396,Mekhi Wingo,DET
00-0041460,Melvin Priestly,DET,OL,2026,2026-08-01,DET,Detroit Lions,Melvin Priestly,OL,nflverse_roster,C:\Users\tempadmin\OneDrive\Coding\Syndicate\data\nfl_source\tracking\nflverse\roster\roster_2026.csv,2026-08-01,00-0041460,Melvin Priestly,DET
00-0037385,Michael Niese,DET,OL,2026,2026-08-01,DET,Detroit Lions,Michael Niese,OL,nflverse_roster,C:\Users\tempadmin\OneDrive\Coding\Syndicate\data\nfl_source\tracking\nflverse\roster\roster_2026.csv,2026-08-01,00-0037385,Michael Niese,DET
00-0040193,Miles Frazier,DET,OL,2026,2026-08-01,DET,Detroit Lions,Miles Frazier,OL,nflverse_roster,C:\Users\tempadmin\OneDrive\Coding\Syndicate\data\nfl_source\tracking\nflverse\roster\roster_2026.csv,2026-08-01,00-0040193,Miles Frazier,DET
00-0041457,Miles Kitselman,DET,TE,2026,2026-08-01,DET,Detroit Lions,Miles Kitselman,TE,nflverse_roster,C:\Users\tempadmin\OneDrive\Coding\Syndicate\data\nfl_source\tracking\nflverse\roster\roster_2026.csv,2026-08-01,00-0041457,Miles Kitselman,DET
00-0035946,Myles Adams,DET,DL,2026,2026-08-01,DET,Detroit Lions,Myles Adams,DL,nflverse_roster,C:\Users\tempadmin\OneDrive\Coding\Syndicate\data\nfl_source\tracking\nflverse\roster\roster_2026.csv,2026-08-01,00-0035946,Myles Adams,DET
00-0038841,Nick Whiteside,DET,DB,2026,2026-08-01,DET,Detroit Lions,Nick Whiteside,DB,nflverse_roster,C:\Users\tempadmin\OneDrive\Coding\Syndicate\data\nfl_source\tracking\nflverse\roster\roster_2026.csv,2026-08-01,00-0038841,Nick Whiteside,DET
00-0036926,Payton Turner,DET,DL,2026,2026-08-01,DET,Detroit Lions,Payton Turner,DL,nflverse_roster,C:\Users\tempadmin\OneDrive\Coding\Syndicate\data\nfl_source\tracking\nflverse\roster\roster_2026.csv,2026-08-01,00-0036926,Payton Turner,DET
00-0036880,Penei Sewell,DET,OL,2026,2026-08-01,DET,Detroit Lions,Penei Sewell,OL,nflverse_roster,C:\Users\tempadmin\OneDrive\Coding\Syndicate\data\nfl_source\tracking\nflverse\roster\roster_2026.csv,2026-08-01,00-0036880,Penei Sewell,DET
00-0035637,Rock Ya-Sin,DET,DB,2026,2026-08-01,DET,Detroit Lions,Rock Ya-Sin,DB,nflverse_roster,C:\Users\tempadmin\OneDrive\Coding\Syndicate\data\nfl_source\tracking\nflverse\roster\roster_2026.csv,2026-08-01,00-0035637,Rock Ya-Sin,DET
00-0038125,Roger McCreary,DET,DB,2026,2026-08-01,DET,Detroit Lions,Roger McCreary,DB,nflverse_roster,C:\Users\tempadmin\OneDrive\Coding\Syndicate\data\nfl_source\tracking\nflverse\roster\roster_2026.csv,2026-08-01,00-0038125,Roger McCreary,DET
00-0039065,Sam LaPorta,DET,TE,2026,2026-08-01,DET,Detroit Lions,Sam LaPorta,TE,nflverse_roster,C:\Users\tempadmin\OneDrive\Coding\Syndicate\data\nfl_source\tracking\nflverse\roster\roster_2026.csv,2026-08-01,00-0039065,Sam LaPorta,DET
00-0040374,Seth McLaughlin,DET,OL,2026,2026-08-01,DET,Detroit Lions,Seth McLaughlin,OL,nflverse_roster,C:\Users\tempadmin\OneDrive\Coding\Syndicate\data\nfl_source\tracking\nflverse\roster\roster_2026.csv,2026-08-01,00-0040374,Seth McLaughlin,DET
00-0039364,Sione Vaki,DET,RB,2026,2026-08-01,DET,Detroit Lions,Sione Vaki,RB,nflverse_roster,C:\Users\tempadmin\OneDrive\Coding\Syndicate\data\nfl_source\tracking\nflverse\roster\roster_2026.csv,2026-08-01,00-0039364,Sione Vaki,DET
00-0041447,Skyler Gill-Howard,DET,DL,2026,2026-08-01,DET,Detroit Lions,Skyler Gill-Howard,DL,nflverse_roster,C:\Users\tempadmin\OneDrive\Coding\Syndicate\data\nfl_source\tracking\nflverse\roster\roster_2026.csv,2026-08-01,00-0041447,Skyler Gill-Howard,DET
00-0040728,Tate Ratledge,DET,OL,2026,2026-08-01,DET,Detroit Lions,Tate Ratledge,OL,nflverse_roster,C:\Users\tempadmin\OneDrive\Coding\Syndicate\data\nfl_source\tracking\nflverse\roster\roster_2026.csv,2026-08-01,00-0040728,Tate Ratledge,DET
00-0031237,Teddy Bridgewater,DET,QB,2026,2026-08-01,DET,Detroit Lions,Teddy Bridgewater,QB,nflverse_roster,C:\Users\tempadmin\OneDrive\Coding\Syndicate\data\nfl_source\tracking\nflverse\roster\roster_2026.csv,2026-08-01,00-0031237,Teddy Bridgewater,DET
00-0039903,Terrion Arnold,DET,DB,2026,2026-08-01,DET,Detroit Lions,Terrion Arnold,DB,nflverse_roster,C:\Users\tempadmin\OneDrive\Coding\Syndicate\data\nfl_source\tracking\nflverse\roster\roster_2026.csv,2026-08-01,00-0039903,Terrion Arnold,DET
00-0040697,Thomas Gordon,DET,TE,2026,2026-08-01,DET,Detroit Lions,Thomas Gordon,TE,nflverse_roster,C:\Users\tempadmin\OneDrive\Coding\Syndicate\data\nfl_source\tracking\nflverse\roster\roster_2026.csv,2026-08-01,00-0040697,Thomas Gordon,DET
00-0039660,Thomas Harper,DET,DB,2026,2026-08-01,DET,Detroit Lions,Thomas Harper,DB,nflverse_roster,C:\Users\tempadmin\OneDrive\Coding\Syndicate\data\nfl_source\tracking\nflverse\roster\roster_2026.csv,2026-08-01,00-0039660,Thomas Harper,DET
00-0035544,Tom Kennedy,DET,WR,2026,2026-08-01,DET,Detroit Lions,Tom Kennedy,WR,nflverse_roster,C:\Users\tempadmin\OneDrive\Coding\Syndicate\data\nfl_source\tracking\nflverse\roster\roster_2026.csv,2026-08-01,00-0035544,Tom Kennedy,DET
00-0038660,Trevor Nowaske,DET,LB,2026,2026-08-01,DET,Detroit Lions,Trevor Nowaske,LB,nflverse_roster,C:\Users\tempadmin\OneDrive\Coding\Syndicate\data\nfl_source\tracking\nflverse\roster\roster_2026.csv,2026-08-01,00-0038660,Trevor Nowaske,DET
00-0040672,Tyleik Williams,DET,DL,2026,2026-08-01,DET,Detroit Lions,Tyleik Williams,DL,nflverse_roster,C:\Users\tempadmin\OneDrive\Coding\Syndicate\data\nfl_source\tracking\nflverse\roster\roster_2026.csv,2026-08-01,00-0040672,Tyleik Williams,DET
00-0034270,Tyler Conklin,DET,TE,2026,2026-08-01,DET,Detroit Lions,Tyler Conklin,TE,nflverse_roster,C:\Users\tempadmin\OneDrive\Coding\Syndicate\data\nfl_source\tracking\nflverse\roster\roster_2026.csv,2026-08-01,00-0034270,Tyler Conklin,DET
00-0038940,Tyler Lacy,DET,DL,2026,2026-08-01,DET,Detroit Lions,Tyler Lacy,DL,nflverse_roster,C:\Users\tempadmin\OneDrive\Coding\Syndicate\data\nfl_source\tracking\nflverse\roster\roster_2026.csv,2026-08-01,00-0038940,Tyler Lacy,DET
00-0041448,Tyre West,DET,DL,2026,2026-08-01,DET,Detroit Lions,Tyre West,DL,nflverse_roster,C:\Users\tempadmin\OneDrive\Coding\Syndicate\data\nfl_source\tracking\nflverse\roster\roster_2026.csv,2026-08-01,00-0041448,Tyre West,DET
00-0040387,Zach Horton,DET,TE,2026,2026-08-01,DET,Detroit Lions,Zach Horton,TE,nflverse_roster,C:\Users\tempadmin\OneDrive\Coding\Syndicate\data\nfl_source\tracking\nflverse\roster\roster_2026.csv,2026-08-01,00-0040387,Zach Horton,DET
00-0036551,Aaron Banks,GB,OL,2026,2026-08-01,GB,Green Bay Packers,Aaron Banks,OL,nflverse_roster,C:\Users\tempadmin\OneDrive\Coding\Syndicate\data\nfl_source\tracking\nflverse\roster\roster_2026.csv,2026-08-01,00-0036551,Aaron Banks,GB
00-0040726,Anthony Belton,GB,OL,2026,2026-08-01,GB,Green Bay Packers,Anthony Belton,OL,nflverse_roster,C:\Users\tempadmin\OneDrive\Coding\Syndicate\data\nfl_source\tracking\nflverse\roster\roster_2026.csv,2026-08-01,00-0040726,Anthony Belton,GB
00-0040689,Anthony Campbell,GB,DL,2026,2026-08-01,GB,Green Bay Packers,Anthony Campbell,DL,nflverse_roster,C:\Users\tempadmin\OneDrive\Coding\Syndicate\data\nfl_source\tracking\nflverse\roster\roster_2026.csv,2026-08-01,00-0040689,Anthony Campbell,GB
00-0037364,Arron Mosby,GB,DL,2026,2026-08-01,GB,Green Bay Packers,Arron Mosby,DL,nflverse_roster,C:\Users\tempadmin\OneDrive\Coding\Syndicate\data\nfl_source\tracking\nflverse\roster\roster_2026.csv,2026-08-01,00-0037364,Arron Mosby,GB
00-0040010,Barryn Sorrell,GB,DL,2026,2026-08-01,GB,Green Bay Packers,Barryn Sorrell,DL,nflverse_roster,C:\Users\tempadmin\OneDrive\Coding\Syndicate\data\nfl_source\tracking\nflverse\roster\roster_2026.csv,2026-08-01,00-0040010,Barryn Sorrell,GB
00-0036625,Benjamin St-Juste,GB,DB,2026,2026-08-01,GB,Green Bay Packers,Benjamin St-Juste,DB,nflverse_roster,C:\Users\tempadmin\OneDrive\Coding\Syndicate\data\nfl_source\tracking\nflverse\roster\roster_2026.csv,2026-08-01,00-0036625,Benjamin St-Juste,GB
00-0037091,Bo Melton,GB,DB,2026,2026-08-01,GB,Green Bay Packers,Bo Melton,DB,nflverse_roster,C:\Users\tempadmin\OneDrive\Coding\Syndicate\data\nfl_source\tracking\nflverse\roster\roster_2026.csv,2026-08-01,00-0037091,Bo Melton,GB
00-0041470,Brandon Cisse,GB,DB,2026,2026-08-01,GB,Green Bay Packers,Brandon Cisse,DB,nflverse_roster,C:\Users\tempadmin\OneDrive\Coding\Syndicate\data\nfl_source\tracking\nflverse\roster\roster_2026.csv,2026-08-01,00-0041470,Brandon Cisse,GB
00-0040034,Brant Banks,GB,OL,2026,2026-08-01,GB,Green Bay Packers,Brant Banks,OL,nflverse_roster,C:\Users\tempadmin\OneDrive\Coding\Syndicate\data\nfl_source\tracking\nflverse\roster\roster_2026.csv,2026-08-01,00-0040034,Brant Banks,GB
00-0039415,Brenden Rice,GB,WR,2026,2026-08-01,GB,Green Bay Packers,Brenden Rice,WR,nflverse_roster,C:\Users\tempadmin\OneDrive\Coding\Syndicate\data\nfl_source\tracking\nflverse\roster\roster_2026.csv,2026-08-01,00-0039415,Brenden Rice,GB
00-0038463,Brenton Cox Jr.,GB,DL,2026,2026-08-01,GB,Green Bay Packers,Brenton Cox Jr.,DL,nflverse_roster,C:\Users\tempadmin\OneDrive\Coding\Syndicate\data\nfl_source\tracking\nflverse\roster\roster_2026.csv,2026-08-01,00-0038463,Brenton Cox Jr.,GB
00-0038408,Carrington Valentine,GB,DB,2026,2026-08-01,GB,Green Bay Packers,Carrington Valentine,DB,nflverse_roster,C:\Users\tempadmin\OneDrive\Coding\Syndicate\data\nfl_source\tracking\nflverse\roster\roster_2026.csv,2026-08-01,00-0038408,Carrington Valentine,GB
00-0038685,Chris Brooks,GB,RB,2026,2026-08-01,GB,Green Bay Packers,Chris Brooks,RB,nflverse_roster,C:\Users\tempadmin\OneDrive\Coding\Syndicate\data\nfl_source\tracking\nflverse\roster\roster_2026.csv,2026-08-01,00-0038685,Chris Brooks,GB
00-0040869,Chris McClellan,GB,DL,2026,2026-08-01,GB,Green Bay Packers,Chris McClellan,DL,nflverse_roster,C:\Users\tempadmin\OneDrive\Coding\Syndicate\data\nfl_source\tracking\nflverse\roster\roster_2026.csv,2026-08-01,00-0040869,Chris McClellan,GB
00-0038124,Christian Watson,GB,WR,2026,2026-08-01,GB,Green Bay Packers,Christian Watson,WR,nflverse_roster,C:\Users\tempadmin\OneDrive\Coding\Syndicate\data\nfl_source\tracking\nflverse\roster\roster_2026.csv,2026-08-01,00-0038124,Christian Watson,GB
00-0040012,Collin Oliver,GB,LB,2026,2026-08-01,GB,Green Bay Packers,Collin Oliver,LB,nflverse_roster,C:\Users\tempadmin\OneDrive\Coding\Syndicate\data\nfl_source\tracking\nflverse\roster\roster_2026.csv,2026-08-01,00-0040012,Collin Oliver,GB
00-0040083,Dalton Cooper,GB,OL,2026,2026-08-01,GB,Green Bay Packers,Dalton Cooper,OL,nflverse_roster,C:\Users\tempadmin\OneDrive\Coding\Syndicate\data\nfl_source\tracking\nflverse\roster\roster_2026.csv,2026-08-01,00-0040083,Dalton Cooper,GB
00-0040651,Damien Martinez,GB,RB,2026,2026-08-01,GB,Green Bay Packers,Damien Martinez,RB,nflverse_roster,C:\Users\tempadmin\OneDrive\Coding\Syndicate\data\nfl_source\tracking\nflverse\roster\roster_2026.csv,2026-08-01,00-0040651,Damien Martinez,GB
00-0040877,Dani Dennis-Sutton,GB,DL,2026,2026-08-01,GB,Green Bay Packers,Dani Dennis-Sutton,DL,nflverse_roster,C:\Users\tempadmin\OneDrive\Coding\Syndicate\data\nfl_source\tracking\nflverse\roster\roster_2026.csv,2026-08-01,00-0040877,Dani Dennis-Sutton,GB
00-0037547,Daniel Whelan,GB,P,2026,2026-08-01,GB,Green Bay Packers,Daniel Whelan,P,nflverse_roster,C:\Users\tempadmin\OneDrive\Coding\Syndicate\data\nfl_source\tracking\nflverse\roster\roster_2026.csv,2026-08-01,00-0037547,Daniel Whelan,GB
00-0037194,Darian Kinnard,GB,OL,2026,2026-08-01,GB,Green Bay Packers,Darian Kinnard,OL,nflverse_roster,C:\Users\tempadmin\OneDrive\Coding\Syndicate\data\nfl_source\tracking\nflverse\roster\roster_2026.csv,2026-08-01,00-0037194,Darian Kinnard,GB
00-0037075,Devonte Wyatt,GB,DL,2026,2026-08-01,GB,Green Bay Packers,Devonte Wyatt,DL,nflverse_roster,C:\Users\tempadmin\OneDrive\Coding\Syndicate\data\nfl_source\tracking\nflverse\roster\roster_2026.csv,2026-08-01,00-0037075,Devonte Wyatt,GB
00-0040949,Dillon Wade,GB,OL,2026,2026-08-01,GB,Green Bay Packers,Dillon Wade,OL,nflverse_roster,C:\Users\tempadmin\OneDrive\Coding\Syndicate\data\nfl_source\tracking\nflverse\roster\roster_2026.csv,2026-08-01,00-0040949,Dillon Wade,GB
00-0040896,Domani Jackson,GB,DB,2026,2026-08-01,GB,Green Bay Packers,Domani Jackson,DB,nflverse_roster,C:\Users\tempadmin\OneDrive\Coding\Syndicate\data\nfl_source\tracking\nflverse\roster\roster_2026.csv,2026-08-01,00-0040896,Domani Jackson,GB
00-0039272,Donovan Jennings,GB,OL,2026,2026-08-01,GB,Green Bay Packers,Donovan Jennings,OL,nflverse_roster,C:\Users\tempadmin\OneDrive\Coding\Syndicate\data\nfl_source\tracking\nflverse\roster\roster_2026.csv,2026-08-01,00-0039272,Donovan Jennings,GB
00-0040628,Drake Dabney,GB,TE,2026,2026-08-01,GB,Green Bay Packers,Drake Dabney,TE,nflverse_roster,C:\Users\tempadmin\OneDrive\Coding\Syndicate\data\nfl_source\tracking\nflverse\roster\roster_2026.csv,2026-08-01,00-0040628,Drake Dabney,GB
00-0040941,Dylan Barrett,GB,OL,2026,2026-08-01,GB,Green Bay Packers,Dylan Barrett,OL,nflverse_roster,C:\Users\tempadmin\OneDrive\Coding\Syndicate\data\nfl_source\tracking\nflverse\roster\roster_2026.csv,2026-08-01,00-0040941,Dylan Barrett,GB
00-0039850,Edgerrin Cooper,GB,LB,2026,2026-08-01,GB,Green Bay Packers,Edgerrin Cooper,LB,nflverse_roster,C:\Users\tempadmin\OneDrive\Coding\Syndicate\data\nfl_source\tracking\nflverse\roster\roster_2026.csv,2026-08-01,00-0039850,Edgerrin Cooper,GB
00-0039813,Evan Williams,GB,DB,2026,2026-08-01,GB,Green Bay Packers,Evan Williams,DB,nflverse_roster,C:\Users\tempadmin\OneDrive\Coding\Syndicate\data\nfl_source\tracking\nflverse\roster\roster_2026.csv,2026-08-01,00-0039813,Evan Williams,GB
00-0036658,Isaiah McDuffie,GB,LB,2026,2026-08-01,GB,Green Bay Packers,Isaiah McDuffie,LB,nflverse_roster,C:\Users\tempadmin\OneDrive\Coding\Syndicate\data\nfl_source\tracking\nflverse\roster\roster_2026.csv,2026-08-01,00-0036658,Isaiah McDuffie,GB
00-0040558,Isaiah Neyor,GB,WR,2026,2026-08-01,GB,Green Bay Packers,Isaiah Neyor,WR,nflverse_roster,C:\Users\tempadmin\OneDrive\Coding\Syndicate\data\nfl_source\tracking\nflverse\roster\roster_2026.csv,2026-08-01,00-0040558,Isaiah Neyor,GB
00-0040948,J.Michael Sturdivant,GB,WR,2026,2026-08-01,GB,Green Bay Packers,J.Michael Sturdivant,WR,nflverse_roster,C:\Users\tempadmin\OneDrive\Coding\Syndicate\data\nfl_source\tracking\nflverse\roster\roster_2026.csv,2026-08-01,00-0040948,J.Michael Sturdivant,GB
00-0039817,Jacob Monk,GB,OL,2026,2026-08-01,GB,Green Bay Packers,Jacob Monk,OL,nflverse_roster,C:\Users\tempadmin\OneDrive\Coding\Syndicate\data\nfl_source\tracking\nflverse\roster\roster_2026.csv,2026-08-01,00-0039817,Jacob Monk,GB
00-0039402,Jaden Crumedy,GB,DL,2026,2026-08-01,GB,Green Bay Packers,Jaden Crumedy,DL,nflverse_roster,C:\Users\tempadmin\OneDrive\Coding\Syndicate\data\nfl_source\tracking\nflverse\roster\roster_2026.csv,2026-08-01,00-0039402,Jaden Crumedy,GB
00-0040946,Jaden Nixon,GB,RB,2026,2026-08-01,GB,Green Bay Packers,Jaden Nixon,RB,nflverse_roster,C:\Users\tempadmin\OneDrive\Coding\Syndicate\data\nfl_source\tracking\nflverse\roster\roster_2026.csv,2026-08-01,00-0040946,Jaden Nixon,GB
00-0040884,Jager Burton,GB,OL,2026,2026-08-01,GB,Green Bay Packers,Jager Burton,OL,nflverse_roster,C:\Users\tempadmin\OneDrive\Coding\Syndicate\data\nfl_source\tracking\nflverse\roster\roster_2026.csv,2026-08-01,00-0040884,Jager Burton,GB
00-0040388,Jakobie Keeney-James,GB,WR,2026,2026-08-01,GB,Green Bay Packers,Jakobie Keeney-James,WR,nflverse_roster,C:\Users\tempadmin\OneDrive\Coding\Syndicate\data\nfl_source\tracking\nflverse\roster\roster_2026.csv,2026-08-01,00-0040388,Jakobie Keeney-James,GB
00-0039867,Javon Bullard,GB,DB,2026,2026-08-01,GB,Green Bay Packers,Javon Bullard,DB,nflverse_roster,C:\Users\tempadmin\OneDrive\Coding\Syndicate\data\nfl_source\tracking\nflverse\roster\roster_2026.csv,2026-08-01,00-0039867,Javon Bullard,GB
00-0033109,Javon Hargrave,GB,DL,2026,2026-08-01,GB,Green Bay Packers,Javon Hargrave,DL,nflverse_roster,C:\Users\tempadmin\OneDrive\Coding\Syndicate\data\nfl_source\tracking\nflverse\roster\roster_2026.csv,2026-08-01,00-0033109,Javon Hargrave,GB
00-0039146,Jayden Reed,GB,WR,2026,2026-08-01,GB,Green Bay Packers,Jayden Reed,WR,nflverse_roster,C:\Users\tempadmin\OneDrive\Coding\Syndicate\data\nfl_source\tracking\nflverse\roster\roster_2026.csv,2026-08-01,00-0039146,Jayden Reed,GB
00-0039383,Jaylin Simpson,GB,DB,2026,2026-08-01,GB,Green Bay Packers,Jaylin Simpson,DB,nflverse_roster,C:\Users\tempadmin\OneDrive\Coding\Syndicate\data\nfl_source\tracking\nflverse\roster\roster_2026.csv,2026-08-01,00-0039383,Jaylin Simpson,GB
00-0040023,John Williams,GB,OL,2026,2026-08-01,GB,Green Bay Packers,John Williams,OL,nflverse_roster,C:\Users\tempadmin\OneDrive\Coding\Syndicate\data\nfl_source\tracking\nflverse\roster\roster_2026.csv,2026-08-01,00-0040023,John Williams,GB
00-0040033,Johnathan Baldwin,GB,DB,2026,2026-08-01,GB,Green Bay Packers,Johnathan Baldwin,DB,nflverse_roster,C:\Users\tempadmin\OneDrive\Coding\Syndicate\data\nfl_source\tracking\nflverse\roster\roster_2026.csv,2026-08-01,00-0040033,Johnathan Baldwin,GB
00-0037094,Jonathan Ford,GB,DL,2026,2026-08-01,GB,Green Bay Packers,Jonathan Ford,DL,nflverse_roster,C:\Users\tempadmin\OneDrive\Coding\Syndicate\data\nfl_source\tracking\nflverse\roster\roster_2026.csv,2026-08-01,00-0037094,Jonathan Ford,GB
00-0036264,Jordan Love,GB,QB,2026,2026-08-01,GB,Green Bay Packers,Jordan Love,QB,nflverse_roster,C:\Users\tempadmin\OneDrive\Coding\Syndicate\data\nfl_source\tracking\nflverse\roster\roster_2026.csv,2026-08-01,00-0036264,Jordan Love,GB
00-0039904,Jordan Morgan,GB,OL,2026,2026-08-01,GB,Green Bay Packers,Jordan Morgan,OL,nflverse_roster,C:\Users\tempadmin\OneDrive\Coding\Syndicate\data\nfl_source\tracking\nflverse\roster\roster_2026.csv,2026-08-01,00-0039904,Jordan Morgan,GB
00-0038506,Jordon Riley,GB,DL,2026,2026-08-01,GB,Green Bay Packers,Jordon Riley,DL,nflverse_roster,C:\Users\tempadmin\OneDrive\Coding\Syndicate\data\nfl_source\tracking\nflverse\roster\roster_2026.csv,2026-08-01,00-0038506,Jordon Riley,GB
00-0040943,Josh Gesky,GB,OL,2026,2026-08-01,GB,Green Bay Packers,Josh Gesky,OL,nflverse_roster,C:\Users\tempadmin\OneDrive\Coding\Syndicate\data\nfl_source\tracking\nflverse\roster\roster_2026.csv,2026-08-01,00-0040943,Josh Gesky,GB
00-0035700,Josh Jacobs,GB,RB,2026,2026-08-01,GB,Green Bay Packers,Josh Jacobs,RB,nflverse_roster,C:\Users\tempadmin\OneDrive\Coding\Syndicate\data\nfl_source\tracking\nflverse\roster\roster_2026.csv,2026-08-01,00-0035700,Josh Jacobs,GB
00-0038589,Josh Whyle,GB,TE,2026,2026-08-01,GB,Green Bay Packers,Josh Whyle,TE,nflverse_roster,C:\Users\tempadmin\OneDrive\Coding\Syndicate\data\nfl_source\tracking\nflverse\roster\roster_2026.csv,2026-08-01,00-0038589,Josh Whyle,GB
00-0039831,Kamal Hadden,GB,DB,2026,2026-08-01,GB,Green Bay Packers,Kamal Hadden,DB,nflverse_roster,C:\Users\tempadmin\OneDrive\Coding\Syndicate\data\nfl_source\tracking\nflverse\roster\roster_2026.csv,2026-08-01,00-0039831,Kamal Hadden,GB
00-0038398,Karl Brooks,GB,DL,2026,2026-08-01,GB,Green Bay Packers,Karl Brooks,DL,nflverse_roster,C:\Users\tempadmin\OneDrive\Coding\Syndicate\data\nfl_source\tracking\nflverse\roster\roster_2026.csv,2026-08-01,00-0038398,Karl Brooks,GB
00-0039655,Karsen Barnhart,GB,OL,2026,2026-08-01,GB,Green Bay Packers,Karsen Barnhart,OL,nflverse_roster,C:\Users\tempadmin\OneDrive\Coding\Syndicate\data\nfl_source\tracking\nflverse\roster\roster_2026.csv,2026-08-01,00-0039655,Karsen Barnhart,GB
00-0035133,Keisean Nixon,GB,DB,2026,2026-08-01,GB,Green Bay Packers,Keisean Nixon,DB,nflverse_roster,C:\Users\tempadmin\OneDrive\Coding\Syndicate\data\nfl_source\tracking\nflverse\roster\roster_2026.csv,2026-08-01,00-0035133,Keisean Nixon,GB
00-0039818,Kitan Oladapo,GB,DB,2026,2026-08-01,GB,Green Bay Packers,Kitan Oladapo,DB,nflverse_roster,C:\Users\tempadmin\OneDrive\Coding\Syndicate\data\nfl_source\tracking\nflverse\roster\roster_2026.csv,2026-08-01,00-0039818,Kitan Oladapo,GB
00-0036157,Kristian Welch,GB,LB,2026,2026-08-01,GB,Green Bay Packers,Kristian Welch,LB,nflverse_roster,C:\Users\tempadmin\OneDrive\Coding\Syndicate\data\nfl_source\tracking\nflverse\roster\roster_2026.csv,2026-08-01,00-0036157,Kristian Welch,GB
00-0040014,Kyle McCord,GB,QB,2026,2026-08-01,GB,Green Bay Packers,Kyle McCord,QB,nflverse_roster,C:\Users\tempadmin\OneDrive\Coding\Syndicate\data\nfl_source\tracking\nflverse\roster\roster_2026.csv,2026-08-01,00-0040014,Kyle McCord,GB
00-0040942,Kyron Drones,GB,QB,2026,2026-08-01,GB,Green Bay Packers,Kyron Drones,QB,nflverse_roster,C:\Users\tempadmin\OneDrive\Coding\Syndicate\data\nfl_source\tracking\nflverse\roster\roster_2026.csv,2026-08-01,00-0040942,Kyron Drones,GB
00-0038152,Lucas Havrisik,GB,K,2026,2026-08-01,GB,Green Bay Packers,Lucas Havrisik,K,nflverse_roster,C:\Users\tempadmin\OneDrive\Coding\Syndicate\data\nfl_source\tracking\nflverse\roster\roster_2026.csv,2026-08-01,00-0038152,Lucas Havrisik,GB
00-0039112,Lukas Van Ness,GB,DL,2026,2026-08-01,GB,Green Bay Packers,Lukas Van Ness,DL,nflverse_roster,C:\Users\tempadmin\OneDrive\Coding\Syndicate\data\nfl_source\tracking\nflverse\roster\roster_2026.csv,2026-08-01,00-0039112,Lukas Van Ness,GB
00-0039144,Luke Musgrave,GB,TE,2026,2026-08-01,GB,Green Bay Packers,Luke Musgrave,TE,nflverse_roster,C:\Users\tempadmin\OneDrive\Coding\Syndicate\data\nfl_source\tracking\nflverse\roster\roster_2026.csv,2026-08-01,00-0039144,Luke Musgrave,GB
00-0039418,MJ Devonshire,GB,DB,2026,2026-08-01,GB,Green Bay Packers,MJ Devonshire,DB,nflverse_roster,C:\Users\tempadmin\OneDrive\Coding\Syndicate\data\nfl_source\tracking\nflverse\roster\roster_2026.csv,2026-08-01,00-0039418,MJ Devonshire,GB
00-0039811,MarShawn Lloyd,GB,RB,2026,2026-08-01,GB,Green Bay Packers,MarShawn Lloyd,RB,nflverse_roster,C:\Users\tempadmin\OneDrive\Coding\Syndicate\data\nfl_source\tracking\nflverse\roster\roster_2026.csv,2026-08-01,00-0039811,MarShawn Lloyd,GB
00-0039488,Mark Perry,GB,DB,2026,2026-08-01,GB,Green Bay Packers,Mark Perry,DB,nflverse_roster,C:\Users\tempadmin\OneDrive\Coding\Syndicate\data\nfl_source\tracking\nflverse\roster\roster_2026.csv,2026-08-01,00-0039488,Mark Perry,GB
00-0041493,Marlon Jones,GB,DB,2026,2026-08-01,GB,Green Bay Packers,Marlon Jones,DB,nflverse_roster,C:\Users\tempadmin\OneDrive\Coding\Syndicate\data\nfl_source\tracking\nflverse\roster\roster_2026.csv,2026-08-01,00-0041493,Marlon Jones,GB
00-0040667,Matthew Golden,GB,WR,2026,2026-08-01,GB,Green Bay Packers,Matthew Golden,WR,nflverse_roster,C:\Users\tempadmin\OneDrive\Coding\Syndicate\data\nfl_source\tracking\nflverse\roster\roster_2026.csv,2026-08-01,00-0040667,Matthew Golden,GB
00-0035118,Matthew Orzech,GB,LS,2026,2026-08-01,GB,Green Bay Packers,Matthew Orzech,LS,nflverse_roster,C:\Users\tempadmin\OneDrive\Coding\Syndicate\data\nfl_source\tracking\nflverse\roster\roster_2026.csv,2026-08-01,00-0035118,Matthew Orzech,GB
00-0039275,Messiah Swinson,GB,TE,2026,2026-08-01,GB,Green Bay Packers,Messiah Swinson,TE,nflverse_roster,C:\Users\tempadmin\OneDrive\Coding\Syndicate\data\nfl_source\tracking\nflverse\roster\roster_2026.csv,2026-08-01,00-0039275,Messiah Swinson,GB
00-0036932,Micah Parsons,GB,LB,2026,2026-08-01,GB,Green Bay Packers,Micah Parsons,LB,nflverse_roster,C:\Users\tempadmin\OneDrive\Coding\Syndicate\data\nfl_source\tracking\nflverse\roster\roster_2026.csv,2026-08-01,00-0036932,Micah Parsons,GB
00-0040968,Murvin Kenion,GB,DB,2026,2026-08-01,GB,Green Bay Packers,Murvin Kenion,DB,nflverse_roster,C:\Users\tempadmin\OneDrive\Coding\Syndicate\data\nfl_source\tracking\nflverse\roster\roster_2026.csv,2026-08-01,00-0040968,Murvin Kenion,GB
00-0040041,Nazir Stackhouse,GB,DL,2026,2026-08-01,GB,Green Bay Packers,Nazir Stackhouse,DL,nflverse_roster,C:\Users\tempadmin\OneDrive\Coding\Syndicate\data\nfl_source\tracking\nflverse\roster\roster_2026.csv,2026-08-01,00-0040041,Nazir Stackhouse,GB
00-0036648,Nick Niemann,GB,LB,2026,2026-08-01,GB,Green Bay Packers,Nick Niemann,LB,nflverse_roster,C:\Users\tempadmin\OneDrive\Coding\Syndicate\data\nfl_source\tracking\nflverse\roster\roster_2026.csv,2026-08-01,00-0036648,Nick Niemann,GB
00-0040944,Nyjalik Kelly,GB,DL,2026,2026-08-01,GB,Green Bay Packers,Nyjalik Kelly,DL,nflverse_roster,C:\Users\tempadmin\OneDrive\Coding\Syndicate\data\nfl_source\tracking\nflverse\roster\roster_2026.csv,2026-08-01,00-0040944,Nyjalik Kelly,GB
00-0038098,Pierre Strong,GB,RB,2026,2026-08-01,GB,Green Bay Packers,Pierre Strong,RB,nflverse_roster,C:\Users\tempadmin\OneDrive\Coding\Syndicate\data\nfl_source\tracking\nflverse\roster\roster_2026.csv,2026-08-01,00-0038098,Pierre Strong,GB
00-0040789,Quinshon Judkins,GB,DL,2026,2026-08-01,GB,Green Bay Packers,Quinshon Judkins,DL,nflverse_roster,C:\Users\tempadmin\OneDrive\Coding\Syndicate\data\nfl_source\tracking\nflverse\roster\roster_2026.csv,2026-08-01,00-0040789,Quinshon Judkins,GB
00-0040945,R.J. Maryland,GB,TE,2026,2026-08-01,GB,Green Bay Packers,R.J. Maryland,TE,nflverse_roster,C:\Users\tempadmin\OneDrive\Coding\Syndicate\data\nfl_source\tracking\nflverse\roster\roster_2026.csv,2026-08-01,00-0040945,R.J. Maryland,GB
00-0040009,Savion Williams,GB,WR,2026,2026-08-01,GB,Green Bay Packers,Savion Williams,WR,nflverse_roster,C:\Users\tempadmin\OneDrive\Coding\Syndicate\data\nfl_source\tracking\nflverse\roster\roster_2026.csv,2026-08-01,00-0040009,Savion Williams,GB
00-0037076,Sean Rhyan,GB,OL,2026,2026-08-01,GB,Green Bay Packers,Sean Rhyan,OL,nflverse_roster,C:\Users\tempadmin\OneDrive\Coding\Syndicate\data\nfl_source\tracking\nflverse\roster\roster_2026.csv,2026-08-01,00-0037076,Sean Rhyan,GB
00-0039292,Shemar Bartholomew,GB,DB,2026,2026-08-01,GB,Green Bay Packers,Shemar Bartholomew,DB,nflverse_roster,C:\Users\tempadmin\OneDrive\Coding\Syndicate\data\nfl_source\tracking\nflverse\roster\roster_2026.csv,2026-08-01,00-0039292,Shemar Bartholomew,GB
00-0038090,Skyy Moore,GB,WR,2026,2026-08-01,GB,Green Bay Packers,Skyy Moore,WR,nflverse_roster,C:\Users\tempadmin\OneDrive\Coding\Syndicate\data\nfl_source\tracking\nflverse\roster\roster_2026.csv,2026-08-01,00-0038090,Skyy Moore,GB
00-0040947,T.J. Quinn,GB,LB,2026,2026-08-01,GB,Green Bay Packers,T.J. Quinn,LB,nflverse_roster,C:\Users\tempadmin\OneDrive\Coding\Syndicate\data\nfl_source\tracking\nflverse\roster\roster_2026.csv,2026-08-01,00-0040947,T.J. Quinn,GB
00-0039819,Travis Glover,GB,OL,2026,2026-08-01,GB,Green Bay Packers,Travis Glover,OL,nflverse_roster,C:\Users\tempadmin\OneDrive\Coding\Syndicate\data\nfl_source\tracking\nflverse\roster\roster_2026.csv,2026-08-01,00-0039819,Travis Glover,GB
00-0040899,Trey Smack,GB,K,2026,2026-08-01,GB,Green Bay Packers,Trey Smack,K,nflverse_roster,C:\Users\tempadmin\OneDrive\Coding\Syndicate\data\nfl_source\tracking\nflverse\roster\roster_2026.csv,2026-08-01,00-0040899,Trey Smack,GB
00-0038996,Tucker Kraft,GB,TE,2026,2026-08-01,GB,Green Bay Packers,Tucker Kraft,TE,nflverse_roster,C:\Users\tempadmin\OneDrive\Coding\Syndicate\data\nfl_source\tracking\nflverse\roster\roster_2026.csv,2026-08-01,00-0038996,Tucker Kraft,GB
00-0039812,Ty'Ron Hopper,GB,LB,2026,2026-08-01,GB,Green Bay Packers,Ty'Ron Hopper,LB,nflverse_roster,C:\Users\tempadmin\OneDrive\Coding\Syndicate\data\nfl_source\tracking\nflverse\roster\roster_2026.csv,2026-08-01,00-0039812,Ty'Ron Hopper,GB
00-0028118,Tyrod Taylor,GB,QB,2026,2026-08-01,GB,Green Bay Packers,Tyrod Taylor,QB,nflverse_roster,C:\Users\tempadmin\OneDrive\Coding\Syndicate\data\nfl_source\tracking\nflverse\roster\roster_2026.csv,2026-08-01,00-0028118,Tyrod Taylor,GB
00-0040016,Warren Brinson,GB,DL,2026,2026-08-01,GB,Green Bay Packers,Warren Brinson,DL,nflverse_roster,C:\Users\tempadmin\OneDrive\Coding\Syndicate\data\nfl_source\tracking\nflverse\roster\roster_2026.csv,2026-08-01,00-0040016,Warren Brinson,GB
00-0040753,Will Sheppard,GB,WR,2026,2026-08-01,GB,Green Bay Packers,Will Sheppard,WR,nflverse_roster,C:\Users\tempadmin\OneDrive\Coding\Syndicate\data\nfl_source\tracking\nflverse\roster\roster_2026.csv,2026-08-01,00-0040753,Will Sheppard,GB
00-0036388,Xavier McKinney,GB,DB,2026,2026-08-01,GB,Green Bay Packers,Xavier McKinney,DB,nflverse_roster,C:\Users\tempadmin\OneDrive\Coding\Syndicate\data\nfl_source\tracking\nflverse\roster\roster_2026.csv,2026-08-01,00-0036388,Xavier McKinney,GB
00-0037817,Zach Tom,GB,OL,2026,2026-08-01,GB,Green Bay Packers,Zach Tom,OL,nflverse_roster,C:\Users\tempadmin\OneDrive\Coding\Syndicate\data\nfl_source\tracking\nflverse\roster\roster_2026.csv,2026-08-01,00-0037817,Zach Tom,GB
00-0034431,Zaire Franklin,GB,LB,2026,2026-08-01,GB,Green Bay Packers,Zaire Franklin,LB,nflverse_roster,C:\Users\tempadmin\OneDrive\Coding\Syndicate\data\nfl_source\tracking\nflverse\roster\roster_2026.csv,2026-08-01,00-0034431,Zaire Franklin,GB
00-0041449,Aiden Fisher,HOU,LB,2026,2026-08-01,HOU,Houston Texans,Aiden Fisher,LB,nflverse_roster,C:\Users\tempadmin\OneDrive\Coding\Syndicate\data\nfl_source\tracking\nflverse\roster\roster_2026.csv,2026-08-01,00-0041449,Aiden Fisher,HOU
00-0040745,Aireontae Ersery,HOU,OL,2026,2026-08-01,HOU,Houston Texans,Aireontae Ersery,OL,nflverse_roster,C:\Users\tempadmin\OneDrive\Coding\Syndicate\data\nfl_source\tracking\nflverse\roster\roster_2026.csv,2026-08-01,00-0040745,Aireontae Ersery,HOU
00-0040770,Ajani Carter,HOU,DB,2026,2026-08-01,HOU,Houston Texans,Ajani Carter,DB,nflverse_roster,C:\Users\tempadmin\OneDrive\Coding\Syndicate\data\nfl_source\tracking\nflverse\roster\roster_2026.csv,2026-08-01,00-0040770,Ajani Carter,HOU
00-0038724,Ali Gaye,HOU,LB,2026,2026-08-01,HOU,Houston Texans,Ali Gaye,LB,nflverse_roster,C:\Users\tempadmin\OneDrive\Coding\Syndicate\data\nfl_source\tracking\nflverse\roster\roster_2026.csv,2026-08-01,00-0038724,Ali Gaye,HOU
00-0040411,Alijah Huzzie,HOU,DB,2026,2026-08-01,HOU,Houston Texans,Alijah Huzzie,DB,nflverse_roster,C:\Users\tempadmin\OneDrive\Coding\Syndicate\data\nfl_source\tracking\nflverse\roster\roster_2026.csv,2026-08-01,00-0040411,Alijah Huzzie,HOU
00-0040409,Austin Brinkman,HOU,LS,2026,2026-08-01,HOU,Houston Texans,Austin Brinkman,LS,nflverse_roster,C:\Users\tempadmin\OneDrive\Coding\Syndicate\data\nfl_source\tracking\nflverse\roster\roster_2026.csv,2026-08-01,00-0040409,Austin Brinkman,HOU
00-0035166,Azeez Al-Shaair,HOU,LB,2026,2026-08-01,HOU,Houston Texans,Azeez Al-Shaair,LB,nflverse_roster,C:\Users\tempadmin\OneDrive\Coding\Syndicate\data\nfl_source\tracking\nflverse\roster\roster_2026.csv,2026-08-01,00-0035166,Azeez Al-Shaair,HOU
00-0039857,Blake Fisher,HOU,OL,2026,2026-08-01,HOU,Houston Texans,Blake Fisher,OL,nflverse_roster,C:\Users\tempadmin\OneDrive\Coding\Syndicate\data\nfl_source\tracking\nflverse\roster\roster_2026.csv,2026-08-01,00-0039857,Blake Fisher,HOU
00-0034836,Braden Smith,HOU,OL,2026,2026-08-01,HOU,Houston Texans,Braden Smith,OL,nflverse_roster,C:\Users\tempadmin\OneDrive\Coding\Syndicate\data\nfl_source\tracking\nflverse\roster\roster_2026.csv,2026-08-01,00-0034836,Braden Smith,HOU
00-0039333,Brandon Codrington,HOU,DB,2026,2026-08-01,HOU,Houston Texans,Brandon Codrington,DB,nflverse_roster,C:\Users\tempadmin\OneDrive\Coding\Syndicate\data\nfl_source\tracking\nflverse\roster\roster_2026.csv,2026-08-01,00-0039333,Brandon Codrington,HOU
00-0036556,Brevin Jordan,HOU,TE,2026,2026-08-01,HOU,Houston Texans,Brevin Jordan,TE,nflverse_roster,C:\Users\tempadmin\OneDrive\Coding\Syndicate\data\nfl_source\tracking\nflverse\roster\roster_2026.csv,2026-08-01,00-0036556,Brevin Jordan,HOU
00-0039603,British Brooks,HOU,RB,2026,2026-08-01,HOU,Houston Texans,British Brooks,RB,nflverse_roster,C:\Users\tempadmin\OneDrive\Coding\Syndicate\data\nfl_source\tracking\nflverse\roster\roster_2026.csv,2026-08-01,00-0039603,British Brooks,HOU
00-0039163,C.J. Stroud,HOU,QB,2026,2026-08-01,HOU,Houston Texans,C.J. Stroud,QB,nflverse_roster,C:\Users\tempadmin\OneDrive\Coding\Syndicate\data\nfl_source\tracking\nflverse\roster\roster_2026.csv,2026-08-01,00-0039163,C.J. Stroud,HOU
00-0039359,Cade Stover,HOU,TE,2026,2026-08-01,HOU,Houston Texans,Cade Stover,TE,nflverse_roster,C:\Users\tempadmin\OneDrive\Coding\Syndicate\data\nfl_source\tracking\nflverse\roster\roster_2026.csv,2026-08-01,00-0039359,Cade Stover,HOU
00-0039838,Calen Bullock,HOU,DB,2026,2026-08-01,HOU,Houston Texans,Calen Bullock,DB,nflverse_roster,C:\Users\tempadmin\OneDrive\Coding\Syndicate\data\nfl_source\tracking\nflverse\roster\roster_2026.csv,2026-08-01,00-0039838,Calen Bullock,HOU
00-0041313,Collin Wright,HOU,DB,2026,2026-08-01,HOU,Houston Texans,Collin Wright,DB,nflverse_roster,C:\Users\tempadmin\OneDrive\Coding\Syndicate\data\nfl_source\tracking\nflverse\roster\roster_2026.csv,2026-08-01,00-0041313,Collin Wright,HOU
00-0034383,Dalton Schultz,HOU,TE,2026,2026-08-01,HOU,Houston Texans,Dalton Schultz,TE,nflverse_roster,C:\Users\tempadmin\OneDrive\Coding\Syndicate\data\nfl_source\tracking\nflverse\roster\roster_2026.csv,2026-08-01,00-0034383,Dalton Schultz,HOU
00-0041309,Daniel Sobkowicz,HOU,WR,2026,2026-08-01,HOU,Houston Texans,Daniel Sobkowicz,WR,nflverse_roster,C:\Users\tempadmin\OneDrive\Coding\Syndicate\data\nfl_source\tracking\nflverse\roster\roster_2026.csv,2026-08-01,00-0041309,Daniel Sobkowicz,HOU
00-0031565,Danielle Hunter,HOU,DL,2026,2026-08-01,HOU,Houston Texans,Danielle Hunter,DL,nflverse_roster,C:\Users\tempadmin\OneDrive\Coding\Syndicate\data\nfl_source\tracking\nflverse\roster\roster_2026.csv,2026-08-01,00-0031565,Danielle Hunter,HOU
00-0035685,David Montgomery,HOU,RB,2026,2026-08-01,HOU,Houston Texans,David Montgomery,RB,nflverse_roster,C:\Users\tempadmin\OneDrive\Coding\Syndicate\data\nfl_source\tracking\nflverse\roster\roster_2026.csv,2026-08-01,00-0035685,David Montgomery,HOU
00-0036898,Davis Mills,HOU,QB,2026,2026-08-01,HOU,Houston Texans,Davis Mills,QB,nflverse_roster,C:\Users\tempadmin\OneDrive\Coding\Syndicate\data\nfl_source\tracking\nflverse\roster\roster_2026.csv,2026-08-01,00-0036898,Davis Mills,HOU
00-0037237,Derek Stingley Jr.,HOU,DB,2026,2026-08-01,HOU,Houston Texans,Derek Stingley Jr.,DB,nflverse_roster,C:\Users\tempadmin\OneDrive\Coding\Syndicate\data\nfl_source\tracking\nflverse\roster\roster_2026.csv,2026-08-01,00-0037237,Derek Stingley Jr.,HOU
00-0041519,Derrick Graham,HOU,OL,2026,2026-08-01,HOU,Houston Texans,Derrick Graham,OL,nflverse_roster,C:\Users\tempadmin\OneDrive\Coding\Syndicate\data\nfl_source\tracking\nflverse\roster\roster_2026.csv,2026-08-01,00-0041519,Derrick Graham,HOU
00-0041302,Dominic Bailey,HOU,DL,2026,2026-08-01,HOU,Houston Texans,Dominic Bailey,DL,nflverse_roster,C:\Users\tempadmin\OneDrive\Coding\Syndicate\data\nfl_source\tracking\nflverse\roster\roster_2026.csv,2026-08-01,00-0041302,Dominic Bailey,HOU
00-0037082,Dominique Robinson,HOU,DL,2026,2026-08-01,HOU,Houston Texans,Dominique Robinson,DL,nflverse_roster,C:\Users\tempadmin\OneDrive\Coding\Syndicate\data\nfl_source\tracking\nflverse\roster\roster_2026.csv,2026-08-01,00-0037082,Dominique Robinson,HOU
00-0039009,Dylan Horton,HOU,DL,2026,2026-08-01,HOU,Houston Texans,Dylan Horton,DL,nflverse_roster,C:\Users\tempadmin\OneDrive\Coding\Syndicate\data\nfl_source\tracking\nflverse\roster\roster_2026.csv,2026-08-01,00-0039009,Dylan Horton,HOU
00-0034987,E.J. Speed,HOU,LB,2026,2026-08-01,HOU,Houston Texans,E.J. Speed,LB,nflverse_roster,C:\Users\tempadmin\OneDrive\Coding\Syndicate\data\nfl_source\tracking\nflverse\roster\roster_2026.csv,2026-08-01,00-0034987,E.J. Speed,HOU
00-0038131,Ed Ingram,HOU,OL,2026,2026-08-01,HOU,Houston Texans,Ed Ingram,OL,nflverse_roster,C:\Users\tempadmin\OneDrive\Coding\Syndicate\data\nfl_source\tracking\nflverse\roster\roster_2026.csv,2026-08-01,00-0038131,Ed Ingram,HOU
00-0040410,Eli Cox,HOU,OL,2026,2026-08-01,HOU,Houston Texans,Eli Cox,OL,nflverse_roster,C:\Users\tempadmin\OneDrive\Coding\Syndicate\data\nfl_source\tracking\nflverse\roster\roster_2026.csv,2026-08-01,00-0040410,Eli Cox,HOU
00-0034495,Evan Brown,HOU,OL,2026,2026-08-01,HOU,Houston Texans,Evan Brown,OL,nflverse_roster,C:\Users\tempadmin\OneDrive\Coding\Syndicate\data\nfl_source\tracking\nflverse\roster\roster_2026.csv,2026-08-01,00-0034495,Evan Brown,HOU
00-0038397,Evan Hull,HOU,RB,2026,2026-08-01,HOU,Houston Texans,Evan Hull,RB,nflverse_roster,C:\Users\tempadmin\OneDrive\Coding\Syndicate\data\nfl_source\tracking\nflverse\roster\roster_2026.csv,2026-08-01,00-0038397,Evan Hull,HOU
00-0041559,Febechi Nwaiwu,HOU,OL,2026,2026-08-01,HOU,Houston Texans,Febechi Nwaiwu,OL,nflverse_roster,C:\Users\tempadmin\OneDrive\Coding\Syndicate\data\nfl_source\tracking\nflverse\roster\roster_2026.csv,2026-08-01,00-0041559,Febechi Nwaiwu,HOU
00-0034981,Foster Moreau,HOU,TE,2026,2026-08-01,HOU,Houston Texans,Foster Moreau,TE,nflverse_roster,C:\Users\tempadmin\OneDrive\Coding\Syndicate\data\nfl_source\tracking\nflverse\roster\roster_2026.csv,2026-08-01,00-0034981,Foster Moreau,HOU
00-0040211,Graham Mertz,HOU,QB,2026,2026-08-01,HOU,Houston Texans,Graham Mertz,QB,nflverse_roster,C:\Users\tempadmin\OneDrive\Coding\Syndicate\data\nfl_source\tracking\nflverse\roster\roster_2026.csv,2026-08-01,00-0040211,Graham Mertz,HOU
00-0038599,Henry To'oTo'o,HOU,LB,2026,2026-08-01,HOU,Houston Texans,Henry To'oTo'o,LB,nflverse_roster,C:\Users\tempadmin\OneDrive\Coding\Syndicate\data\nfl_source\tracking\nflverse\roster\roster_2026.csv,2026-08-01,00-0038599,Henry To'oTo'o,HOU
00-0037661,Ja'Marcus Ingram,HOU,DB,2026,2026-08-01,HOU,Houston Texans,Ja'Marcus Ingram,DB,nflverse_roster,C:\Users\tempadmin\OneDrive\Coding\Syndicate\data\nfl_source\tracking\nflverse\roster\roster_2026.csv,2026-08-01,00-0037661,Ja'Marcus Ingram,HOU
00-0041310,Jack Stonehouse,HOU,P,2026,2026-08-01,HOU,Houston Texans,Jack Stonehouse,P,nflverse_roster,C:\Users\tempadmin\OneDrive\Coding\Syndicate\data\nfl_source\tracking\nflverse\roster\roster_2026.csv,2026-08-01,00-0041310,Jack Stonehouse,HOU
00-0037633,Jacob Hummel,HOU,LB,2026,2026-08-01,HOU,Houston Texans,Jacob Hummel,LB,nflverse_roster,C:\Users\tempadmin\OneDrive\Coding\Syndicate\data\nfl_source\tracking\nflverse\roster\roster_2026.csv,2026-08-01,00-0037633,Jacob Hummel,HOU
00-0039030,Jake Andrews,HOU,OL,2026,2026-08-01,HOU,Houston Texans,Jake Andrews,OL,nflverse_roster,C:\Users\tempadmin\OneDrive\Coding\Syndicate\data\nfl_source\tracking\nflverse\roster\roster_2026.csv,2026-08-01,00-0039030,Jake Andrews,HOU
00-0037457,Jake Hansen,HOU,LB,2026,2026-08-01,HOU,Houston Texans,Jake Hansen,LB,nflverse_roster,C:\Users\tempadmin\OneDrive\Coding\Syndicate\data\nfl_source\tracking\nflverse\roster\roster_2026.csv,2026-08-01,00-0037457,Jake Hansen,HOU
00-0037246,Jalen Pitre,HOU,DB,2026,2026-08-01,HOU,Houston Texans,Jalen Pitre,DB,nflverse_roster,C:\Users\tempadmin\OneDrive\Coding\Syndicate\data\nfl_source\tracking\nflverse\roster\roster_2026.csv,2026-08-01,00-0037246,Jalen Pitre,HOU
00-0039395,Jamal Hill,HOU,LB,2026,2026-08-01,HOU,Houston Texans,Jamal Hill,LB,nflverse_roster,C:\Users\tempadmin\OneDrive\Coding\Syndicate\data\nfl_source\tracking\nflverse\roster\roster_2026.csv,2026-08-01,00-0039395,Jamal Hill,HOU
00-0041306,James Neal,HOU,OL,2026,2026-08-01,HOU,Houston Texans,James Neal,OL,nflverse_roster,C:\Users\tempadmin\OneDrive\Coding\Syndicate\data\nfl_source\tracking\nflverse\roster\roster_2026.csv,2026-08-01,00-0041306,James Neal,HOU
00-0038728,Jared Wayne,HOU,WR,2026,2026-08-01,HOU,Houston Texans,Jared Wayne,WR,nflverse_roster,C:\Users\tempadmin\OneDrive\Coding\Syndicate\data\nfl_source\tracking\nflverse\roster\roster_2026.csv,2026-08-01,00-0038728,Jared Wayne,HOU
00-0039832,Jarrett Kingston,HOU,OL,2026,2026-08-01,HOU,Houston Texans,Jarrett Kingston,OL,nflverse_roster,C:\Users\tempadmin\OneDrive\Coding\Syndicate\data\nfl_source\tracking\nflverse\roster\roster_2026.csv,2026-08-01,00-0039832,Jarrett Kingston,HOU
00-0038615,Jarrett Patterson,HOU,OL,2026,2026-08-01,HOU,Houston Texans,Jarrett Patterson,OL,nflverse_roster,C:\Users\tempadmin\OneDrive\Coding\Syndicate\data\nfl_source\tracking\nflverse\roster\roster_2026.csv,2026-08-01,00-0038615,Jarrett Patterson,HOU
00-0039405,Jawhar Jordan,HOU,RB,2026,2026-08-01,HOU,Houston Texans,Jawhar Jordan,RB,nflverse_roster,C:\Users\tempadmin\OneDrive\Coding\Syndicate\data\nfl_source\tracking\nflverse\roster\roster_2026.csv,2026-08-01,00-0039405,Jawhar Jordan,HOU
00-0040130,Jayden Higgins,HOU,WR,2026,2026-08-01,HOU,Houston Texans,Jayden Higgins,WR,nflverse_roster,C:\Users\tempadmin\OneDrive\Coding\Syndicate\data\nfl_source\tracking\nflverse\roster\roster_2026.csv,2026-08-01,00-0040130,Jayden Higgins,HOU
00-0040204,Jaylen Reed,HOU,DB,2026,2026-08-01,HOU,Houston Texans,Jaylen Reed,DB,nflverse_roster,C:\Users\tempadmin\OneDrive\Coding\Syndicate\data\nfl_source\tracking\nflverse\roster\roster_2026.csv,2026-08-01,00-0040204,Jaylen Reed,HOU
00-0040138,Jaylin Noel,HOU,WR,2026,2026-08-01,HOU,Houston Texans,Jaylin Noel,WR,nflverse_roster,C:\Users\tempadmin\OneDrive\Coding\Syndicate\data\nfl_source\tracking\nflverse\roster\roster_2026.csv,2026-08-01,00-0040138,Jaylin Noel,HOU
00-0040149,Jaylin Smith,HOU,DB,2026,2026-08-01,HOU,Houston Texans,Jaylin Smith,DB,nflverse_roster,C:\Users\tempadmin\OneDrive\Coding\Syndicate\data\nfl_source\tracking\nflverse\roster\roster_2026.csv,2026-08-01,00-0040149,Jaylin Smith,HOU
00-0039392,Jha'Quan Jackson,HOU,WR,2026,2026-08-01,HOU,Houston Texans,Jha'Quan Jackson,WR,nflverse_roster,C:\Users\tempadmin\OneDrive\Coding\Syndicate\data\nfl_source\tracking\nflverse\roster\roster_2026.csv,2026-08-01,00-0039392,Jha'Quan Jackson,HOU
00-0040049,Josh Kelly,HOU,WR,2026,2026-08-01,HOU,Houston Texans,Josh Kelly,WR,nflverse_roster,C:\Users\tempadmin\OneDrive\Coding\Syndicate\data\nfl_source\tracking\nflverse\roster\roster_2026.csv,2026-08-01,00-0040049,Josh Kelly,HOU
00-0041307,Josh Pitsenberger,HOU,RB,2026,2026-08-01,HOU,Houston Texans,Josh Pitsenberger,RB,nflverse_roster,C:\Users\tempadmin\OneDrive\Coding\Syndicate\data\nfl_source\tracking\nflverse\roster\roster_2026.csv,2026-08-01,00-0041307,Josh Pitsenberger,HOU
00-0040414,Junior Tafuna,HOU,DL,2026,2026-08-01,HOU,Houston Texans,Junior Tafuna,DL,nflverse_roster,C:\Users\tempadmin\OneDrive\Coding\Syndicate\data\nfl_source\tracking\nflverse\roster\roster_2026.csv,2026-08-01,00-0040414,Junior Tafuna,HOU
00-0034386,Justin Watson,HOU,WR,2026,2026-08-01,HOU,Houston Texans,Justin Watson,WR,nflverse_roster,C:\Users\tempadmin\OneDrive\Coding\Syndicate\data\nfl_source\tracking\nflverse\roster\roster_2026.csv,2026-08-01,00-0034386,Justin Watson,HOU
00-0040413,K.C. Ossai,HOU,LB,2026,2026-08-01,HOU,Houston Texans,K.C. Ossai,LB,nflverse_roster,C:\Users\tempadmin\OneDrive\Coding\Syndicate\data\nfl_source\tracking\nflverse\roster\roster_2026.csv,2026-08-01,00-0040413,K.C. Ossai,HOU
00-0032726,Ka'imi Fairbairn,HOU,K,2026,2026-08-01,HOU,Houston Texans,Ka'imi Fairbairn,K,nflverse_roster,C:\Users\tempadmin\OneDrive\Coding\Syndicate\data\nfl_source\tracking\nflverse\roster\roster_2026.csv,2026-08-01,00-0032726,Ka'imi Fairbairn,HOU
00-0038823,Kaevon Merriweather,HOU,DB,2026,2026-08-01,HOU,Houston Texans,Kaevon Merriweather,DB,nflverse_roster,C:\Users\tempadmin\OneDrive\Coding\Syndicate\data\nfl_source\tracking\nflverse\roster\roster_2026.csv,2026-08-01,00-0038823,Kaevon Merriweather,HOU
00-0040654,Kai Kroeger,HOU,P,2026,2026-08-01,HOU,Houston Texans,Kai Kroeger,P,nflverse_roster,C:\Users\tempadmin\OneDrive\Coding\Syndicate\data\nfl_source\tracking\nflverse\roster\roster_2026.csv,2026-08-01,00-0040654,Kai Kroeger,HOU
00-0039343,Kamari Lassiter,HOU,DB,2026,2026-08-01,HOU,Houston Texans,Kamari Lassiter,DB,nflverse_roster,C:\Users\tempadmin\OneDrive\Coding\Syndicate\data\nfl_source\tracking\nflverse\roster\roster_2026.csv,2026-08-01,00-0039343,Kamari Lassiter,HOU
00-0041466,Kamari Ramsey,HOU,DB,2026,2026-08-01,HOU,Houston Texans,Kamari Ramsey,DB,nflverse_roster,C:\Users\tempadmin\OneDrive\Coding\Syndicate\data\nfl_source\tracking\nflverse\roster\roster_2026.csv,2026-08-01,00-0041466,Kamari Ramsey,HOU
00-0041440,Kayden McDonald,HOU,DL,2026,2026-08-01,HOU,Houston Texans,Kayden McDonald,DL,nflverse_roster,C:\Users\tempadmin\OneDrive\Coding\Syndicate\data\nfl_source\tracking\nflverse\roster\roster_2026.csv,2026-08-01,00-0041440,Kayden McDonald,HOU
00-0041532,Keylan Rutledge,HOU,OL,2026,2026-08-01,HOU,Houston Texans,Keylan Rutledge,OL,nflverse_roster,C:\Users\tempadmin\OneDrive\Coding\Syndicate\data\nfl_source\tracking\nflverse\roster\roster_2026.csv,2026-08-01,00-0041532,Keylan Rutledge,HOU
00-0040229,Kyonte Hamilton,HOU,DL,2026,2026-08-01,HOU,Houston Texans,Kyonte Hamilton,DL,nflverse_roster,C:\Users\tempadmin\OneDrive\Coding\Syndicate\data\nfl_source\tracking\nflverse\roster\roster_2026.csv,2026-08-01,00-0040229,Kyonte Hamilton,HOU
00-0040792,Layne Pryor,HOU,TE,2026,2026-08-01,HOU,Houston Texans,Layne Pryor,TE,nflverse_roster,C:\Users\tempadmin\OneDrive\Coding\Syndicate\data\nfl_source\tracking\nflverse\roster\roster_2026.csv,2026-08-01,00-0040792,Layne Pryor,HOU
00-0041467,Lewis Bond,HOU,WR,2026,2026-08-01,HOU,Houston Texans,Lewis Bond,WR,nflverse_roster,C:\Users\tempadmin\OneDrive\Coding\Syndicate\data\nfl_source\tracking\nflverse\roster\roster_2026.csv,2026-08-01,00-0041467,Lewis Bond,HOU
00-0038127,Logan Hall,HOU,DL,2026,2026-08-01,HOU,Houston Texans,Logan Hall,DL,nflverse_roster,C:\Users\tempadmin\OneDrive\Coding\Syndicate\data\nfl_source\tracking\nflverse\roster\roster_2026.csv,2026-08-01,00-0038127,Logan Hall,HOU
00-0041535,Louis Hansen,HOU,TE,2026,2026-08-01,HOU,Houston Texans,Louis Hansen,TE,nflverse_roster,C:\Users\tempadmin\OneDrive\Coding\Syndicate\data\nfl_source\tracking\nflverse\roster\roster_2026.csv,2026-08-01,00-0041535,Louis Hansen,HOU
00-0034355,M.J. Stewart,HOU,DB,2026,2026-08-01,HOU,Houston Texans,M.J. Stewart,DB,nflverse_roster,C:\Users\tempadmin\OneDrive\Coding\Syndicate\data\nfl_source\tracking\nflverse\roster\roster_2026.csv,2026-08-01,00-0034355,M.J. Stewart,HOU
00-0041472,Marlin Klein,HOU,TE,2026,2026-08-01,HOU,Houston Texans,Marlin Klein,TE,nflverse_roster,C:\Users\tempadmin\OneDrive\Coding\Syndicate\data\nfl_source\tracking\nflverse\roster\roster_2026.csv,2026-08-01,00-0041472,Marlin Klein,HOU
00-0039054,Marte Mapu,HOU,LB,2026,2026-08-01,HOU,Houston Texans,Marte Mapu,LB,nflverse_roster,C:\Users\tempadmin\OneDrive\Coding\Syndicate\data\nfl_source\tracking\nflverse\roster\roster_2026.csv,2026-08-01,00-0039054,Marte Mapu,HOU
00-0036695,Naquan Jones,HOU,DL,2026,2026-08-01,HOU,Houston Texans,Naquan Jones,DL,nflverse_roster,C:\Users\tempadmin\OneDrive\Coding\Syndicate\data\nfl_source\tracking\nflverse\roster\roster_2026.csv,2026-08-01,00-0036695,Naquan Jones,HOU
00-0036554,Nico Collins,HOU,WR,2026,2026-08-01,HOU,Houston Texans,Nico Collins,WR,nflverse_roster,C:\Users\tempadmin\OneDrive\Coding\Syndicate\data\nfl_source\tracking\nflverse\roster\roster_2026.csv,2026-08-01,00-0036554,Nico Collins,HOU
00-0041312,Noah Whittington,HOU,RB,2026,2026-08-01,HOU,Houston Texans,Noah Whittington,RB,nflverse_roster,C:\Users\tempadmin\OneDrive\Coding\Syndicate\data\nfl_source\tracking\nflverse\roster\roster_2026.csv,2026-08-01,00-0041312,Noah Whittington,HOU
00-0037130,Reed Blankenship,HOU,DB,2026,2026-08-01,HOU,Houston Texans,Reed Blankenship,DB,nflverse_roster,C:\Users\tempadmin\OneDrive\Coding\Syndicate\data\nfl_source\tracking\nflverse\roster\roster_2026.csv,2026-08-01,00-0037130,Reed Blankenship,HOU
00-0041305,Sabastian Harsh,HOU,DL,2026,2026-08-01,HOU,Houston Texans,Sabastian Harsh,DL,nflverse_roster,C:\Users\tempadmin\OneDrive\Coding\Syndicate\data\nfl_source\tracking\nflverse\roster\roster_2026.csv,2026-08-01,00-0041305,Sabastian Harsh,HOU
00-0041303,Sam Hagen,HOU,OL,2026,2026-08-01,HOU,Houston Texans,Sam Hagen,OL,nflverse_roster,C:\Users\tempadmin\OneDrive\Coding\Syndicate\data\nfl_source\tracking\nflverse\roster\roster_2026.csv,2026-08-01,00-0041303,Sam Hagen,HOU
00-0032759,Sheldon Rankins,HOU,DL,2026,2026-08-01,HOU,Houston Texans,Sheldon Rankins,DL,nflverse_roster,C:\Users\tempadmin\OneDrive\Coding\Syndicate\data\nfl_source\tracking\nflverse\roster\roster_2026.csv,2026-08-01,00-0032759,Sheldon Rankins,HOU
00-0039427,Solomon Byrd,HOU,DL,2026,2026-08-01,HOU,Houston Texans,Solomon Byrd,DL,nflverse_roster,C:\Users\tempadmin\OneDrive\Coding\Syndicate\data\nfl_source\tracking\nflverse\roster\roster_2026.csv,2026-08-01,00-0039427,Solomon Byrd,HOU
00-0041304,Stephen Hall,HOU,DB,2026,2026-08-01,HOU,Houston Texans,Stephen Hall,DB,nflverse_roster,C:\Users\tempadmin\OneDrive\Coding\Syndicate\data\nfl_source\tracking\nflverse\roster\roster_2026.csv,2026-08-01,00-0041304,Stephen Hall,HOU
00-0038977,Tank Dell,HOU,WR,2026,2026-08-01,HOU,Houston Texans,Tank Dell,WR,nflverse_roster,C:\Users\tempadmin\OneDrive\Coding\Syndicate\data\nfl_source\tracking\nflverse\roster\roster_2026.csv,2026-08-01,00-0038977,Tank Dell,HOU
00-0036883,Tommy Togiai,HOU,DL,2026,2026-08-01,HOU,Houston Texans,Tommy Togiai,DL,nflverse_roster,C:\Users\tempadmin\OneDrive\Coding\Syndicate\data\nfl_source\tracking\nflverse\roster\roster_2026.csv,2026-08-01,00-0036883,Tommy Togiai,HOU
00-0034278,Tremon Smith,HOU,DB,2026,2026-08-01,HOU,Houston Texans,Tremon Smith,DB,nflverse_roster,C:\Users\tempadmin\OneDrive\Coding\Syndicate\data\nfl_source\tracking\nflverse\roster\roster_2026.csv,2026-08-01,00-0034278,Tremon Smith,HOU
00-0032071,Trent Brown,HOU,OL,2026,2026-08-01,HOU,Houston Texans,Trent Brown,OL,nflverse_roster,C:\Users\tempadmin\OneDrive\Coding\Syndicate\data\nfl_source\tracking\nflverse\roster\roster_2026.csv,2026-08-01,00-0032071,Trent Brown,HOU
00-0041308,Treyvhon Saunders,HOU,WR,2026,2026-08-01,HOU,Houston Texans,Treyvhon Saunders,WR,nflverse_roster,C:\Users\tempadmin\OneDrive\Coding\Syndicate\data\nfl_source\tracking\nflverse\roster\roster_2026.csv,2026-08-01,00-0041308,Treyvhon Saunders,HOU
00-0041465,Wade Woodaz,HOU,LB,2026,2026-08-01,HOU,Houston Texans,Wade Woodaz,LB,nflverse_roster,C:\Users\tempadmin\OneDrive\Coding\Syndicate\data\nfl_source\tracking\nflverse\roster\roster_2026.csv,2026-08-01,00-0041465,Wade Woodaz,HOU
00-0039108,Will Anderson Jr.,HOU,DL,2026,2026-08-01,HOU,Houston Texans,Will Anderson Jr.,DL,nflverse_roster,C:\Users\tempadmin\OneDrive\Coding\Syndicate\data\nfl_source\tracking\nflverse\roster\roster_2026.csv,2026-08-01,00-0039108,Will Anderson Jr.,HOU
00-0040583,Woody Marks,HOU,RB,2026,2026-08-01,HOU,Houston Texans,Woody Marks,RB,nflverse_roster,C:\Users\tempadmin\OneDrive\Coding\Syndicate\data\nfl_source\tracking\nflverse\roster\roster_2026.csv,2026-08-01,00-0040583,Woody Marks,HOU
00-0034399,Wyatt Teller,HOU,OL,2026,2026-08-01,HOU,Houston Texans,Wyatt Teller,OL,nflverse_roster,C:\Users\tempadmin\OneDrive\Coding\Syndicate\data\nfl_source\tracking\nflverse\roster\roster_2026.csv,2026-08-01,00-0034399,Wyatt Teller,HOU
00-0038618,Xavier Hutchinson,HOU,WR,2026,2026-08-01,HOU,Houston Texans,Xavier Hutchinson,WR,nflverse_roster,C:\Users\tempadmin\OneDrive\Coding\Syndicate\data\nfl_source\tracking\nflverse\roster\roster_2026.csv,2026-08-01,00-0038618,Xavier Hutchinson,HOU
00-0039367,Xavier Thomas,HOU,LB,2026,2026-08-01,HOU,Houston Texans,Xavier Thomas,LB,nflverse_roster,C:\Users\tempadmin\OneDrive\Coding\Syndicate\data\nfl_source\tracking\nflverse\roster\roster_2026.csv,2026-08-01,00-0039367,Xavier Thomas,HOU
00-0041043,A.J. Haulcy,IND,DB,2026,2026-08-01,IND,Indianapolis Colts,A.J. Haulcy,DB,nflverse_roster,C:\Users\tempadmin\OneDrive\Coding\Syndicate\data\nfl_source\tracking\nflverse\roster\roster_2026.csv,2026-08-01,00-0041043,A.J. Haulcy,IND
00-0039031,Adetomiwa Adebawore,IND,DL,2026,2026-08-01,IND,Indianapolis Colts,Adetomiwa Adebawore,DL,nflverse_roster,C:\Users\tempadmin\OneDrive\Coding\Syndicate\data\nfl_source\tracking\nflverse\roster\roster_2026.csv,2026-08-01,00-0039031,Adetomiwa Adebawore,IND
00-0036298,Akeem Davis-Gaither,IND,LB,2026,2026-08-01,IND,Indianapolis Colts,Akeem Davis-Gaither,LB,nflverse_roster,C:\Users\tempadmin\OneDrive\Coding\Syndicate\data\nfl_source\tracking\nflverse\roster\roster_2026.csv,2026-08-01,00-0036298,Akeem Davis-Gaither,IND
00-0037664,Alec Pierce,IND,WR,2026,2026-08-01,IND,Indianapolis Colts,Alec Pierce,WR,nflverse_roster,C:\Users\tempadmin\OneDrive\Coding\Syndicate\data\nfl_source\tracking\nflverse\roster\roster_2026.csv,2026-08-01,00-0037664,Alec Pierce,IND
00-0041486,Anderson Castle,IND,RB,2026,2026-08-01,IND,Indianapolis Colts,Anderson Castle,RB,nflverse_roster,C:\Users\tempadmin\OneDrive\Coding\Syndicate\data\nfl_source\tracking\nflverse\roster\roster_2026.csv,2026-08-01,00-0041486,Anderson Castle,IND
00-0037292,Andrew Ogletree,IND,TE,2026,2026-08-01,IND,Indianapolis Colts,Andrew Ogletree,TE,nflverse_roster,C:\Users\tempadmin\OneDrive\Coding\Syndicate\data\nfl_source\tracking\nflverse\roster\roster_2026.csv,2026-08-01,00-0037292,Andrew Ogletree,IND
00-0039816,Anthony Gould,IND,WR,2026,2026-08-01,IND,Indianapolis Colts,Anthony Gould,WR,nflverse_roster,C:\Users\tempadmin\OneDrive\Coding\Syndicate\data\nfl_source\tracking\nflverse\roster\roster_2026.csv,2026-08-01,00-0039816,Anthony Gould,IND
00-0039164,Anthony Richardson,IND,QB,2026,2026-08-01,IND,Indianapolis Colts,Anthony Richardson,QB,nflverse_roster,C:\Users\tempadmin\OneDrive\Coding\Syndicate\data\nfl_source\tracking\nflverse\roster\roster_2026.csv,2026-08-01,00-0039164,Anthony Richardson,IND
00-0034825,Arden Key,IND,DL,2026,2026-08-01,IND,Indianapolis Colts,Arden Key,DL,nflverse_roster,C:\Users\tempadmin\OneDrive\Coding\Syndicate\data\nfl_source\tracking\nflverse\roster\roster_2026.csv,2026-08-01,00-0034825,Arden Key,IND
00-0035021,Ashton Dulin,IND,WR,2026,2026-08-01,IND,Indianapolis Colts,Ashton Dulin,WR,nflverse_roster,C:\Users\tempadmin\OneDrive\Coding\Syndicate\data\nfl_source\tracking\nflverse\roster\roster_2026.csv,2026-08-01,00-0035021,Ashton Dulin,IND
00-0039178,Austin Ajiake,IND,LB,2026,2026-08-01,IND,Indianapolis Colts,Austin Ajiake,LB,nflverse_roster,C:\Users\tempadmin\OneDrive\Coding\Syndicate\data\nfl_source\tracking\nflverse\roster\roster_2026.csv,2026-08-01,00-0039178,Austin Ajiake,IND
00-0041226,Austin Brown,IND,DB,2026,2026-08-01,IND,Indianapolis Colts,Austin Brown,DB,nflverse_roster,C:\Users\tempadmin\OneDrive\Coding\Syndicate\data\nfl_source\tracking\nflverse\roster\roster_2026.csv,2026-08-01,00-0041226,Austin Brown,IND
00-0039933,Bayron Matos,IND,OL,2026,2026-08-01,IND,Indianapolis Colts,Bayron Matos,OL,nflverse_roster,C:\Users\tempadmin\OneDrive\Coding\Syndicate\data\nfl_source\tracking\nflverse\roster\roster_2026.csv,2026-08-01,00-0039933,Bayron Matos,IND
00-0039679,Ben Nikkel,IND,WR,2026,2026-08-01,IND,Indianapolis Colts,Ben Nikkel,WR,nflverse_roster,C:\Users\tempadmin\OneDrive\Coding\Syndicate\data\nfl_source\tracking\nflverse\roster\roster_2026.csv,2026-08-01,00-0039679,Ben Nikkel,IND
00-0037757,Bernhard Raimann,IND,OL,2026,2026-08-01,IND,Indianapolis Colts,Bernhard Raimann,OL,nflverse_roster,C:\Users\tempadmin\OneDrive\Coding\Syndicate\data\nfl_source\tracking\nflverse\roster\roster_2026.csv,2026-08-01,00-0037757,Bernhard Raimann,IND
00-0039158,Blake Freeland,IND,OL,2026,2026-08-01,IND,Indianapolis Colts,Blake Freeland,OL,nflverse_roster,C:\Users\tempadmin\OneDrive\Coding\Syndicate\data\nfl_source\tracking\nflverse\roster\roster_2026.csv,2026-08-01,00-0039158,Blake Freeland,IND
00-0038905,Blake Grupe,IND,K,2026,2026-08-01,IND,Indianapolis Colts,Blake Grupe,K,nflverse_roster,C:\Users\tempadmin\OneDrive\Coding\Syndicate\data\nfl_source\tracking\nflverse\roster\roster_2026.csv,2026-08-01,00-0038905,Blake Grupe,IND
00-0041518,Bryce Boettcher,IND,LB,2026,2026-08-01,IND,Indianapolis Colts,Bryce Boettcher,LB,nflverse_roster,C:\Users\tempadmin\OneDrive\Coding\Syndicate\data\nfl_source\tracking\nflverse\roster\roster_2026.csv,2026-08-01,00-0041518,Bryce Boettcher,IND
00-0041039,C.J. Allen,IND,LB,2026,2026-08-01,IND,Indianapolis Colts,C.J. Allen,LB,nflverse_roster,C:\Users\tempadmin\OneDrive\Coding\Syndicate\data\nfl_source\tracking\nflverse\roster\roster_2026.csv,2026-08-01,00-0041039,C.J. Allen,IND
00-0041111,Caden Curry,IND,DL,2026,2026-08-01,IND,Indianapolis Colts,Caden Curry,DL,nflverse_roster,C:\Users\tempadmin\OneDrive\Coding\Syndicate\data\nfl_source\tracking\nflverse\roster\roster_2026.csv,2026-08-01,00-0041111,Caden Curry,IND
00-0037753,Cam Taylor-Britt,IND,DB,2026,2026-08-01,IND,Indianapolis Colts,Cam Taylor-Britt,DB,nflverse_roster,C:\Users\tempadmin\OneDrive\Coding\Syndicate\data\nfl_source\tracking\nflverse\roster\roster_2026.csv,2026-08-01,00-0037753,Cam Taylor-Britt,IND
00-0041225,Cameron Ball,IND,DL,2026,2026-08-01,IND,Indianapolis Colts,Cameron Ball,DL,nflverse_roster,C:\Users\tempadmin\OneDrive\Coding\Syndicate\data\nfl_source\tracking\nflverse\roster\roster_2026.csv,2026-08-01,00-0041225,Cameron Ball,IND
00-0038585,Cameron Mitchell,IND,DB,2026,2026-08-01,IND,Indianapolis Colts,Cameron Mitchell,DB,nflverse_roster,C:\Users\tempadmin\OneDrive\Coding\Syndicate\data\nfl_source\tracking\nflverse\roster\roster_2026.csv,2026-08-01,00-0038585,Cameron Mitchell,IND
00-0036629,Camryn Bynum,IND,DB,2026,2026-08-01,IND,Indianapolis Colts,Camryn Bynum,DB,nflverse_roster,C:\Users\tempadmin\OneDrive\Coding\Syndicate\data\nfl_source\tracking\nflverse\roster\roster_2026.csv,2026-08-01,00-0036629,Camryn Bynum,IND
00-0040853,Carson Towt,IND,TE,2026,2026-08-01,IND,Indianapolis Colts,Carson Towt,TE,nflverse_roster,C:\Users\tempadmin\OneDrive\Coding\Syndicate\data\nfl_source\tracking\nflverse\roster\roster_2026.csv,2026-08-01,00-0040853,Carson Towt,IND
00-0034573,Charvarius Ward,IND,DB,2026,2026-08-01,IND,Indianapolis Colts,Charvarius Ward,DB,nflverse_roster,C:\Users\tempadmin\OneDrive\Coding\Syndicate\data\nfl_source\tracking\nflverse\roster\roster_2026.csv,2026-08-01,00-0034573,Charvarius Ward,IND
00-0038387,Colby Wooden,IND,DL,2026,2026-08-01,IND,Indianapolis Colts,Colby Wooden,DL,nflverse_roster,C:\Users\tempadmin\OneDrive\Coding\Syndicate\data\nfl_source\tracking\nflverse\roster\roster_2026.csv,2026-08-01,00-0038387,Colby Wooden,IND
00-0040352,Coleman Owen,IND,WR,2026,2026-08-01,IND,Indianapolis Colts,Coleman Owen,WR,nflverse_roster,C:\Users\tempadmin\OneDrive\Coding\Syndicate\data\nfl_source\tracking\nflverse\roster\roster_2026.csv,2026-08-01,00-0040352,Coleman Owen,IND
00-0040179,DJ Giddens,IND,RB,2026,2026-08-01,IND,Indianapolis Colts,DJ Giddens,RB,nflverse_roster,C:\Users\tempadmin\OneDrive\Coding\Syndicate\data\nfl_source\tracking\nflverse\roster\roster_2026.csv,2026-08-01,00-0040179,DJ Giddens,IND
00-0039578,Dalton Tucker,IND,OL,2026,2026-08-01,IND,Indianapolis Colts,Dalton Tucker,OL,nflverse_roster,C:\Users\tempadmin\OneDrive\Coding\Syndicate\data\nfl_source\tracking\nflverse\roster\roster_2026.csv,2026-08-01,00-0039578,Dalton Tucker,IND
00-0035710,Daniel Jones,IND,QB,2026,2026-08-01,IND,Indianapolis Colts,Daniel Jones,QB,nflverse_roster,C:\Users\tempadmin\OneDrive\Coding\Syndicate\data\nfl_source\tracking\nflverse\roster\roster_2026.csv,2026-08-01,00-0035710,Daniel Jones,IND
00-0038392,Daniel Scott,IND,DB,2026,2026-08-01,IND,Indianapolis Colts,Daniel Scott,DB,nflverse_roster,C:\Users\tempadmin\OneDrive\Coding\Syndicate\data\nfl_source\tracking\nflverse\roster\roster_2026.csv,2026-08-01,00-0038392,Daniel Scott,IND
00-0032378,DeForest Buckner,IND,DL,2026,2026-08-01,IND,Indianapolis Colts,DeForest Buckner,DL,nflverse_roster,C:\Users\tempadmin\OneDrive\Coding\Syndicate\data\nfl_source\tracking\nflverse\roster\roster_2026.csv,2026-08-01,00-0032378,DeForest Buckner,IND
00-0041132,Deion Burks,IND,WR,2026,2026-08-01,IND,Indianapolis Colts,Deion Burks,WR,nflverse_roster,C:\Users\tempadmin\OneDrive\Coding\Syndicate\data\nfl_source\tracking\nflverse\roster\roster_2026.csv,2026-08-01,00-0041132,Deion Burks,IND
00-0034818,Derrick Nnadi,IND,DL,2026,2026-08-01,IND,Indianapolis Colts,Derrick Nnadi,DL,nflverse_roster,C:\Users\tempadmin\OneDrive\Coding\Syndicate\data\nfl_source\tracking\nflverse\roster\roster_2026.csv,2026-08-01,00-0034818,Derrick Nnadi,IND
00-0040787,Devin Veresuk,IND,LB,2026,2026-08-01,IND,Indianapolis Colts,Devin Veresuk,LB,nflverse_roster,C:\Users\tempadmin\OneDrive\Coding\Syndicate\data\nfl_source\tracking\nflverse\roster\roster_2026.csv,2026-08-01,00-0040787,Devin Veresuk,IND
00-0039207,Durell Nchami,IND,DL,2026,2026-08-01,IND,Indianapolis Colts,Durell Nchami,DL,nflverse_roster,C:\Users\tempadmin\OneDrive\Coding\Syndicate\data\nfl_source\tracking\nflverse\roster\roster_2026.csv,2026-08-01,00-0039207,Durell Nchami,IND
00-0041229,E.J. Horton,IND,WR,2026,2026-08-01,IND,Indianapolis Colts,E.J. Horton,WR,nflverse_roster,C:\Users\tempadmin\OneDrive\Coding\Syndicate\data\nfl_source\tracking\nflverse\roster\roster_2026.csv,2026-08-01,00-0041229,E.J. Horton,IND
00-0035282,Easton Stick,IND,QB,2026,2026-08-01,IND,Indianapolis Colts,Easton Stick,QB,nflverse_roster,C:\Users\tempadmin\OneDrive\Coding\Syndicate\data\nfl_source\tracking\nflverse\roster\roster_2026.csv,2026-08-01,00-0035282,Easton Stick,IND
00-0040337,Eli Pancol,IND,WR,2026,2026-08-01,IND,Indianapolis Colts,Eli Pancol,WR,nflverse_roster,C:\Users\tempadmin\OneDrive\Coding\Syndicate\data\nfl_source\tracking\nflverse\roster\roster_2026.csv,2026-08-01,00-0040337,Eli Pancol,IND
00-0041234,Geno VanDeMark,IND,OL,2026,2026-08-01,IND,Indianapolis Colts,Geno VanDeMark,OL,nflverse_roster,C:\Users\tempadmin\OneDrive\Coding\Syndicate\data\nfl_source\tracking\nflverse\roster\roster_2026.csv,2026-08-01,00-0041234,Geno VanDeMark,IND
00-0041080,George Gumbs,IND,DL,2026,2026-08-01,IND,Indianapolis Colts,George Gumbs,DL,nflverse_roster,C:\Users\tempadmin\OneDrive\Coding\Syndicate\data\nfl_source\tracking\nflverse\roster\roster_2026.csv,2026-08-01,00-0041080,George Gumbs,IND
00-0033952,Grover Stewart,IND,DL,2026,2026-08-01,IND,Indianapolis Colts,Grover Stewart,DL,nflverse_roster,C:\Users\tempadmin\OneDrive\Coding\Syndicate\data\nfl_source\tracking\nflverse\roster\roster_2026.csv,2026-08-01,00-0033952,Grover Stewart,IND
00-0040235,Hunter Wohler,IND,DB,2026,2026-08-01,IND,Indianapolis Colts,Hunter Wohler,DB,nflverse_roster,C:\Users\tempadmin\OneDrive\Coding\Syndicate\data\nfl_source\tracking\nflverse\roster\roster_2026.csv,2026-08-01,00-0040235,Hunter Wohler,IND
00-0040744,JT Tuimoloau,IND,DL,2026,2026-08-01,IND,Indianapolis Colts,JT Tuimoloau,DL,nflverse_roster,C:\Users\tempadmin\OneDrive\Coding\Syndicate\data\nfl_source\tracking\nflverse\roster\roster_2026.csv,2026-08-01,00-0040744,JT Tuimoloau,IND
00-0041514,Jai'Onte' McMillan,IND,DB,2026,2026-08-01,IND,Indianapolis Colts,Jai'Onte' McMillan,DB,nflverse_roster,C:\Users\tempadmin\OneDrive\Coding\Syndicate\data\nfl_source\tracking\nflverse\roster\roster_2026.csv,2026-08-01,00-0041514,Jai'Onte' McMillan,IND
00-0041517,Jalen Farmer,IND,OL,2026,2026-08-01,IND,Indianapolis Colts,Jalen Farmer,OL,nflverse_roster,C:\Users\tempadmin\OneDrive\Coding\Syndicate\data\nfl_source\tracking\nflverse\roster\roster_2026.csv,2026-08-01,00-0041517,Jalen Farmer,IND
00-0040163,Jalen Travis,IND,OL,2026,2026-08-01,IND,Indianapolis Colts,Jalen Travis,OL,nflverse_roster,C:\Users\tempadmin\OneDrive\Coding\Syndicate\data\nfl_source\tracking\nflverse\roster\roster_2026.csv,2026-08-01,00-0040163,Jalen Travis,IND
00-0039377,Jaylon Carlies,IND,LB,2026,2026-08-01,IND,Indianapolis Colts,Jaylon Carlies,LB,nflverse_roster,C:\Users\tempadmin\OneDrive\Coding\Syndicate\data\nfl_source\tracking\nflverse\roster\roster_2026.csv,2026-08-01,00-0039377,Jaylon Carlies,IND
00-0038407,Jaylon Jones,IND,DB,2026,2026-08-01,IND,Indianapolis Colts,Jaylon Jones,DB,nflverse_roster,C:\Users\tempadmin\OneDrive\Coding\Syndicate\data\nfl_source\tracking\nflverse\roster\roster_2026.csv,2026-08-01,00-0038407,Jaylon Jones,IND
00-0035674,Jerry Tillery,IND,DL,2026,2026-08-01,IND,Indianapolis Colts,Jerry Tillery,DL,nflverse_roster,C:\Users\tempadmin\OneDrive\Coding\Syndicate\data\nfl_source\tracking\nflverse\roster\roster_2026.csv,2026-08-01,00-0035674,Jerry Tillery,IND
00-0036859,Jimmy Morrissey,IND,OL,2026,2026-08-01,IND,Indianapolis Colts,Jimmy Morrissey,OL,nflverse_roster,C:\Users\tempadmin\OneDrive\Coding\Syndicate\data\nfl_source\tracking\nflverse\roster\roster_2026.csv,2026-08-01,00-0036859,Jimmy Morrissey,IND
00-0040347,Johnathan Edwards,IND,DB,2026,2026-08-01,IND,Indianapolis Colts,Johnathan Edwards,DB,nflverse_roster,C:\Users\tempadmin\OneDrive\Coding\Syndicate\data\nfl_source\tracking\nflverse\roster\roster_2026.csv,2026-08-01,00-0040347,Johnathan Edwards,IND
00-0034485,Jonathan Owens,IND,DB,2026,2026-08-01,IND,Indianapolis Colts,Jonathan Owens,DB,nflverse_roster,C:\Users\tempadmin\OneDrive\Coding\Syndicate\data\nfl_source\tracking\nflverse\roster\roster_2026.csv,2026-08-01,00-0034485,Jonathan Owens,IND
00-0036223,Jonathan Taylor,IND,RB,2026,2026-08-01,IND,Indianapolis Colts,Jonathan Taylor,RB,nflverse_roster,C:\Users\tempadmin\OneDrive\Coding\Syndicate\data\nfl_source\tracking\nflverse\roster\roster_2026.csv,2026-08-01,00-0036223,Jonathan Taylor,IND
00-0038997,Josh Downs,IND,WR,2026,2026-08-01,IND,Indianapolis Colts,Josh Downs,WR,nflverse_roster,C:\Users\tempadmin\OneDrive\Coding\Syndicate\data\nfl_source\tracking\nflverse\roster\roster_2026.csv,2026-08-01,00-0038997,Josh Downs,IND
00-0041513,Josh Kreutz,IND,OL,2026,2026-08-01,IND,Indianapolis Colts,Josh Kreutz,OL,nflverse_roster,C:\Users\tempadmin\OneDrive\Coding\Syndicate\data\nfl_source\tracking\nflverse\roster\roster_2026.csv,2026-08-01,00-0041513,Josh Kreutz,IND
00-0037138,Josh Sills,IND,OL,2026,2026-08-01,IND,Indianapolis Colts,Josh Sills,OL,nflverse_roster,C:\Users\tempadmin\OneDrive\Coding\Syndicate\data\nfl_source\tracking\nflverse\roster\roster_2026.csv,2026-08-01,00-0037138,Josh Sills,IND
00-0037578,Juanyeh Thomas,IND,DB,2026,2026-08-01,IND,Indianapolis Colts,Juanyeh Thomas,DB,nflverse_roster,C:\Users\tempadmin\OneDrive\Coding\Syndicate\data\nfl_source\tracking\nflverse\roster\roster_2026.csv,2026-08-01,00-0037578,Juanyeh Thomas,IND
00-0040139,Justin Walley,IND,DB,2026,2026-08-01,IND,Indianapolis Colts,Justin Walley,DB,nflverse_roster,C:\Users\tempadmin\OneDrive\Coding\Syndicate\data\nfl_source\tracking\nflverse\roster\roster_2026.csv,2026-08-01,00-0040139,Justin Walley,IND
00-0039340,Laiatu Latu,IND,DL,2026,2026-08-01,IND,Indianapolis Colts,Laiatu Latu,DL,nflverse_roster,C:\Users\tempadmin\OneDrive\Coding\Syndicate\data\nfl_source\tracking\nflverse\roster\roster_2026.csv,2026-08-01,00-0039340,Laiatu Latu,IND
00-0032951,Laquon Treadwell,IND,WR,2026,2026-08-01,IND,Indianapolis Colts,Laquon Treadwell,WR,nflverse_roster,C:\Users\tempadmin\OneDrive\Coding\Syndicate\data\nfl_source\tracking\nflverse\roster\roster_2026.csv,2026-08-01,00-0032951,Laquon Treadwell,IND
00-0041231,Lincoln Pare,IND,RB,2026,2026-08-01,IND,Indianapolis Colts,Lincoln Pare,RB,nflverse_roster,C:\Users\tempadmin\OneDrive\Coding\Syndicate\data\nfl_source\tracking\nflverse\roster\roster_2026.csv,2026-08-01,00-0041231,Lincoln Pare,IND
00-0032753,Luke Rhodes,IND,LS,2026,2026-08-01,IND,Indianapolis Colts,Luke Rhodes,LS,nflverse_roster,C:\Users\tempadmin\OneDrive\Coding\Syndicate\data\nfl_source\tracking\nflverse\roster\roster_2026.csv,2026-08-01,00-0032753,Luke Rhodes,IND
00-0037305,Luke Tenuta,IND,OL,2026,2026-08-01,IND,Indianapolis Colts,Luke Tenuta,OL,nflverse_roster,C:\Users\tempadmin\OneDrive\Coding\Syndicate\data\nfl_source\tracking\nflverse\roster\roster_2026.csv,2026-08-01,00-0037305,Luke Tenuta,IND
00-0039736,Matt Goncalves,IND,OL,2026,2026-08-01,IND,Indianapolis Colts,Matt Goncalves,OL,nflverse_roster,C:\Users\tempadmin\OneDrive\Coding\Syndicate\data\nfl_source\tracking\nflverse\roster\roster_2026.csv,2026-08-01,00-0039736,Matt Goncalves,IND
00-0038565,Mekhi Blackmon,IND,DB,2026,2026-08-01,IND,Indianapolis Colts,Mekhi Blackmon,DB,nflverse_roster,C:\Users\tempadmin\OneDrive\Coding\Syndicate\data\nfl_source\tracking\nflverse\roster\roster_2026.csv,2026-08-01,00-0038565,Mekhi Blackmon,IND
00-0038107,Micheal Clemons,IND,DL,2026,2026-08-01,IND,Indianapolis Colts,Micheal Clemons,DL,nflverse_roster,C:\Users\tempadmin\OneDrive\Coding\Syndicate\data\nfl_source\tracking\nflverse\roster\roster_2026.csv,2026-08-01,00-0038107,Micheal Clemons,IND
00-0041230,Mitchell Melton,IND,DL,2026,2026-08-01,IND,Indianapolis Colts,Mitchell Melton,DL,nflverse_roster,C:\Users\tempadmin\OneDrive\Coding\Syndicate\data\nfl_source\tracking\nflverse\roster\roster_2026.csv,2026-08-01,00-0041230,Mitchell Melton,IND
00-0033217,Mo Alie-Cox,IND,TE,2026,2026-08-01,IND,Indianapolis Colts,Mo Alie-Cox,TE,nflverse_roster,C:\Users\tempadmin\OneDrive\Coding\Syndicate\data\nfl_source\tracking\nflverse\roster\roster_2026.csv,2026-08-01,00-0033217,Mo Alie-Cox,IND
00-0036182,Nick Westbrook-Ikhine,IND,WR,2026,2026-08-01,IND,Indianapolis Colts,Nick Westbrook-Ikhine,WR,nflverse_roster,C:\Users\tempadmin\OneDrive\Coding\Syndicate\data\nfl_source\tracking\nflverse\roster\roster_2026.csv,2026-08-01,00-0036182,Nick Westbrook-Ikhine,IND
00-0041232,Nolan Rucci,IND,OL,2026,2026-08-01,IND,Indianapolis Colts,Nolan Rucci,OL,nflverse_roster,C:\Users\tempadmin\OneDrive\Coding\Syndicate\data\nfl_source\tracking\nflverse\roster\roster_2026.csv,2026-08-01,00-0041232,Nolan Rucci,IND
00-0034342,Quenton Nelson,IND,OL,2026,2026-08-01,IND,Indianapolis Colts,Quenton Nelson,OL,nflverse_roster,C:\Users\tempadmin\OneDrive\Coding\Syndicate\data\nfl_source\tracking\nflverse\roster\roster_2026.csv,2026-08-01,00-0034342,Quenton Nelson,IND
00-0041233,Raylen Sharpe,IND,WR,2026,2026-08-01,IND,Indianapolis Colts,Raylen Sharpe,WR,nflverse_roster,C:\Users\tempadmin\OneDrive\Coding\Syndicate\data\nfl_source\tracking\nflverse\roster\roster_2026.csv,2026-08-01,00-0041233,Raylen Sharpe,IND
00-0040106,Reuben Lowery,IND,DB,2026,2026-08-01,IND,Indianapolis Colts,Reuben Lowery,DB,nflverse_roster,C:\Users\tempadmin\OneDrive\Coding\Syndicate\data\nfl_source\tracking\nflverse\roster\roster_2026.csv,2026-08-01,00-0040106,Reuben Lowery,IND
00-0033269,Rigoberto Sanchez,IND,P,2026,2026-08-01,IND,Indianapolis Colts,Rigoberto Sanchez,P,nflverse_roster,C:\Users\tempadmin\OneDrive\Coding\Syndicate\data\nfl_source\tracking\nflverse\roster\roster_2026.csv,2026-08-01,00-0033269,Rigoberto Sanchez,IND
00-0040206,Riley Leonard,IND,QB,2026,2026-08-01,IND,Indianapolis Colts,Riley Leonard,QB,nflverse_roster,C:\Users\tempadmin\OneDrive\Coding\Syndicate\data\nfl_source\tracking\nflverse\roster\roster_2026.csv,2026-08-01,00-0040206,Riley Leonard,IND
00-0040790,Rob Carter,IND,DB,2026,2026-08-01,IND,Indianapolis Colts,Rob Carter,DB,nflverse_roster,C:\Users\tempadmin\OneDrive\Coding\Syndicate\data\nfl_source\tracking\nflverse\roster\roster_2026.csv,2026-08-01,00-0040790,Rob Carter,IND
00-0041228,Sahmir Hagans,IND,WR,2026,2026-08-01,IND,Indianapolis Colts,Sahmir Hagans,WR,nflverse_roster,C:\Users\tempadmin\OneDrive\Coding\Syndicate\data\nfl_source\tracking\nflverse\roster\roster_2026.csv,2026-08-01,00-0041228,Sahmir Hagans,IND
00-0037190,Sauce Gardner,IND,DB,2026,2026-08-01,IND,Indianapolis Colts,Sauce Gardner,DB,nflverse_roster,C:\Users\tempadmin\OneDrive\Coding\Syndicate\data\nfl_source\tracking\nflverse\roster\roster_2026.csv,2026-08-01,00-0037190,Sauce Gardner,IND
00-0036032,Sean McKeon,IND,TE,2026,2026-08-01,IND,Indianapolis Colts,Sean McKeon,TE,nflverse_roster,C:\Users\tempadmin\OneDrive\Coding\Syndicate\data\nfl_source\tracking\nflverse\roster\roster_2026.csv,2026-08-01,00-0036032,Sean McKeon,IND
00-0041125,Seth McGowan,IND,RB,2026,2026-08-01,IND,Indianapolis Colts,Seth McGowan,RB,nflverse_roster,C:\Users\tempadmin\OneDrive\Coding\Syndicate\data\nfl_source\tracking\nflverse\roster\roster_2026.csv,2026-08-01,00-0041125,Seth McGowan,IND
00-0039576,Spencer Shrader,IND,K,2026,2026-08-01,IND,Indianapolis Colts,Spencer Shrader,K,nflverse_roster,C:\Users\tempadmin\OneDrive\Coding\Syndicate\data\nfl_source\tracking\nflverse\roster\roster_2026.csv,2026-08-01,00-0039576,Spencer Shrader,IND
00-0041227,Tahj Chambers,IND,LB,2026,2026-08-01,IND,Indianapolis Colts,Tahj Chambers,LB,nflverse_roster,C:\Users\tempadmin\OneDrive\Coding\Syndicate\data\nfl_source\tracking\nflverse\roster\roster_2026.csv,2026-08-01,00-0041227,Tahj Chambers,IND
00-0039744,Tanor Bortolini,IND,OL,2026,2026-08-01,IND,Indianapolis Colts,Tanor Bortolini,OL,nflverse_roster,C:\Users\tempadmin\OneDrive\Coding\Syndicate\data\nfl_source\tracking\nflverse\roster\roster_2026.csv,2026-08-01,00-0039744,Tanor Bortolini,IND
00-0040207,Tim Smith,IND,DL,2026,2026-08-01,IND,Indianapolis Colts,Tim Smith,DL,nflverse_roster,C:\Users\tempadmin\OneDrive\Coding\Syndicate\data\nfl_source\tracking\nflverse\roster\roster_2026.csv,2026-08-01,00-0040207,Tim Smith,IND
00-0040357,Trey Washington,IND,DB,2026,2026-08-01,IND,Indianapolis Colts,Trey Washington,DB,nflverse_roster,C:\Users\tempadmin\OneDrive\Coding\Syndicate\data\nfl_source\tracking\nflverse\roster\roster_2026.csv,2026-08-01,00-0040357,Trey Washington,IND
00-0040128,Tyler Warren,IND,TE,2026,2026-08-01,IND,Indianapolis Colts,Tyler Warren,TE,nflverse_roster,C:\Users\tempadmin\OneDrive\Coding\Syndicate\data\nfl_source\tracking\nflverse\roster\roster_2026.csv,2026-08-01,00-0040128,Tyler Warren,IND
00-0040476,Ulysses Bentley IV,IND,RB,2026,2026-08-01,IND,Indianapolis Colts,Ulysses Bentley IV,RB,nflverse_roster,C:\Users\tempadmin\OneDrive\Coding\Syndicate\data\nfl_source\tracking\nflverse\roster\roster_2026.csv,2026-08-01,00-0040476,Ulysses Bentley IV,IND
00-0041236,West Weeks,IND,LB,2026,2026-08-01,IND,Indianapolis Colts,West Weeks,LB,nflverse_roster,C:\Users\tempadmin\OneDrive\Coding\Syndicate\data\nfl_source\tracking\nflverse\roster\roster_2026.csv,2026-08-01,00-0041236,West Weeks,IND
00-0038394,Will Mallory,IND,TE,2026,2026-08-01,IND,Indianapolis Colts,Will Mallory,TE,nflverse_roster,C:\Users\tempadmin\OneDrive\Coding\Syndicate\data\nfl_source\tracking\nflverse\roster\roster_2026.csv,2026-08-01,00-0038394,Will Mallory,IND
00-0041045,Albert Regis,JAX,DL,2026,2026-08-01,JAX,Jacksonville Jaguars,Albert Regis,DL,nflverse_roster,C:\Users\tempadmin\OneDrive\Coding\Syndicate\data\nfl_source\tracking\nflverse\roster\roster_2026.csv,2026-08-01,00-0041045,Albert Regis,JAX
00-0041206,Alex Bullock,JAX,WR,2026,2026-08-01,JAX,Jacksonville Jaguars,Alex Bullock,WR,nflverse_roster,C:\Users\tempadmin\OneDrive\Coding\Syndicate\data\nfl_source\tracking\nflverse\roster\roster_2026.csv,2026-08-01,00-0041206,Alex Bullock,JAX
00-0032104,Ameer Abdullah,JAX,RB,2026,2026-08-01,JAX,Jacksonville Jaguars,Ameer Abdullah,RB,nflverse_roster,C:\Users\tempadmin\OneDrive\Coding\Syndicate\data\nfl_source\tracking\nflverse\roster\roster_2026.csv,2026-08-01,00-0032104,Ameer Abdullah,JAX
00-0038934,Anton Harrison,JAX,OL,2026,2026-08-01,JAX,Jacksonville Jaguars,Anton Harrison,OL,nflverse_roster,C:\Users\tempadmin\OneDrive\Coding\Syndicate\data\nfl_source\tracking\nflverse\roster\roster_2026.csv,2026-08-01,00-0038934,Anton Harrison,JAX
00-0038596,Antonio Johnson,JAX,DB,2026,2026-08-01,JAX,Jacksonville Jaguars,Antonio Johnson,DB,nflverse_roster,C:\Users\tempadmin\OneDrive\Coding\Syndicate\data\nfl_source\tracking\nflverse\roster\roster_2026.csv,2026-08-01,00-0038596,Antonio Johnson,JAX
00-0032164,Arik Armstead,JAX,DL,2026,2026-08-01,JAX,Jacksonville Jaguars,Arik Armstead,DL,nflverse_roster,C:\Users\tempadmin\OneDrive\Coding\Syndicate\data\nfl_source\tracking\nflverse\roster\roster_2026.csv,2026-08-01,00-0032164,Arik Armstead,JAX
00-0036841,Austin Trammell,JAX,WR,2026,2026-08-01,JAX,Jacksonville Jaguars,Austin Trammell,WR,nflverse_roster,C:\Users\tempadmin\OneDrive\Coding\Syndicate\data\nfl_source\tracking\nflverse\roster\roster_2026.csv,2026-08-01,00-0036841,Austin Trammell,JAX
00-0040329,BJ Green II,JAX,DL,2026,2026-08-01,JAX,Jacksonville Jaguars,BJ Green II,DL,nflverse_roster,C:\Users\tempadmin\OneDrive\Coding\Syndicate\data\nfl_source\tracking\nflverse\roster\roster_2026.csv,2026-08-01,00-0040329,BJ Green II,JAX
00-0041215,Ben Patterson,JAX,WR,2026,2026-08-01,JAX,Jacksonville Jaguars,Ben Patterson,WR,nflverse_roster,C:\Users\tempadmin\OneDrive\Coding\Syndicate\data\nfl_source\tracking\nflverse\roster\roster_2026.csv,2026-08-01,00-0041215,Ben Patterson,JAX
00-0040719,Bhayshul Tuten,JAX,RB,2026,2026-08-01,JAX,Jacksonville Jaguars,Bhayshul Tuten,RB,nflverse_roster,C:\Users\tempadmin\OneDrive\Coding\Syndicate\data\nfl_source\tracking\nflverse\roster\roster_2026.csv,2026-08-01,00-0040719,Bhayshul Tuten,JAX
00-0041205,Brady Boyd,JAX,WR,2026,2026-08-01,JAX,Jacksonville Jaguars,Brady Boyd,WR,nflverse_roster,C:\Users\tempadmin\OneDrive\Coding\Syndicate\data\nfl_source\tracking\nflverse\roster\roster_2026.csv,2026-08-01,00-0041205,Brady Boyd,JAX
00-0040326,Branson Combs,JAX,LB,2026,2026-08-01,JAX,Jacksonville Jaguars,Branson Combs,LB,nflverse_roster,C:\Users\tempadmin\OneDrive\Coding\Syndicate\data\nfl_source\tracking\nflverse\roster\roster_2026.csv,2026-08-01,00-0040326,Branson Combs,JAX
00-0038935,Brenton Strange,JAX,TE,2026,2026-08-01,JAX,Jacksonville Jaguars,Brenton Strange,TE,nflverse_roster,C:\Users\tempadmin\OneDrive\Coding\Syndicate\data\nfl_source\tracking\nflverse\roster\roster_2026.csv,2026-08-01,00-0038935,Brenton Strange,JAX
00-0039893,Brian Thomas Jr.,JAX,WR,2026,2026-08-01,JAX,Jacksonville Jaguars,Brian Thomas Jr.,WR,nflverse_roster,C:\Users\tempadmin\OneDrive\Coding\Syndicate\data\nfl_source\tracking\nflverse\roster\roster_2026.csv,2026-08-01,00-0039893,Brian Thomas Jr.,JAX
00-0041218,Bryan Thomas,JAX,DL,2026,2026-08-01,JAX,Jacksonville Jaguars,Bryan Thomas,DL,nflverse_roster,C:\Users\tempadmin\OneDrive\Coding\Syndicate\data\nfl_source\tracking\nflverse\roster\roster_2026.csv,2026-08-01,00-0041218,Bryan Thomas,JAX
00-0041106,C.J. Williams,JAX,WR,2026,2026-08-01,JAX,Jacksonville Jaguars,C.J. Williams,WR,nflverse_roster,C:\Users\tempadmin\OneDrive\Coding\Syndicate\data\nfl_source\tracking\nflverse\roster\roster_2026.csv,2026-08-01,00-0041106,C.J. Williams,JAX
00-0040145,Caleb Ransaw,JAX,DB,2026,2026-08-01,JAX,Jacksonville Jaguars,Caleb Ransaw,DB,nflverse_roster,C:\Users\tempadmin\OneDrive\Coding\Syndicate\data\nfl_source\tracking\nflverse\roster\roster_2026.csv,2026-08-01,00-0040145,Caleb Ransaw,JAX
00-0039409,Cam Little,JAX,K,2026,2026-08-01,JAX,Jacksonville Jaguars,Cam Little,K,nflverse_roster,C:\Users\tempadmin\OneDrive\Coding\Syndicate\data\nfl_source\tracking\nflverse\roster\roster_2026.csv,2026-08-01,00-0039409,Cam Little,JAX
00-0040339,Cam'Ron Silmon-Craig,JAX,DB,2026,2026-08-01,JAX,Jacksonville Jaguars,Cam'Ron Silmon-Craig,DB,nflverse_roster,C:\Users\tempadmin\OneDrive\Coding\Syndicate\data\nfl_source\tracking\nflverse\roster\roster_2026.csv,2026-08-01,00-0040339,Cam'Ron Silmon-Craig,JAX
00-0039534,Carter Bradley,JAX,QB,2026,2026-08-01,JAX,Jacksonville Jaguars,Carter Bradley,QB,nflverse_roster,C:\Users\tempadmin\OneDrive\Coding\Syndicate\data\nfl_source\tracking\nflverse\roster\roster_2026.csv,2026-08-01,00-0039534,Carter Bradley,JAX
00-0040323,Chandler Brayboy,JAX,WR,2026,2026-08-01,JAX,Jacksonville Jaguars,Chandler Brayboy,WR,nflverse_roster,C:\Users\tempadmin\OneDrive\Coding\Syndicate\data\nfl_source\tracking\nflverse\roster\roster_2026.csv,2026-08-01,00-0040323,Chandler Brayboy,JAX
00-0038611,Chris Rodriguez Jr.,JAX,RB,2026,2026-08-01,JAX,Jacksonville Jaguars,Chris Rodriguez Jr.,RB,nflverse_roster,C:\Users\tempadmin\OneDrive\Coding\Syndicate\data\nfl_source\tracking\nflverse\roster\roster_2026.csv,2026-08-01,00-0038611,Chris Rodriguez Jr.,JAX
00-0038616,Christian Braswell,JAX,DB,2026,2026-08-01,JAX,Jacksonville Jaguars,Christian Braswell,DB,nflverse_roster,C:\Users\tempadmin\OneDrive\Coding\Syndicate\data\nfl_source\tracking\nflverse\roster\roster_2026.csv,2026-08-01,00-0038616,Christian Braswell,JAX
00-0035698,Chuma Edoga,JAX,OL,2026,2026-08-01,JAX,Jacksonville Jaguars,Chuma Edoga,OL,nflverse_roster,C:\Users\tempadmin\OneDrive\Coding\Syndicate\data\nfl_source\tracking\nflverse\roster\roster_2026.csv,2026-08-01,00-0035698,Chuma Edoga,JAX
00-0036655,Cole Van Lanen,JAX,OL,2026,2026-08-01,JAX,Jacksonville Jaguars,Cole Van Lanen,OL,nflverse_roster,C:\Users\tempadmin\OneDrive\Coding\Syndicate\data\nfl_source\tracking\nflverse\roster\roster_2026.csv,2026-08-01,00-0036655,Cole Van Lanen,JAX
00-0036262,DaVon Hamilton,JAX,DL,2026,2026-08-01,JAX,Jacksonville Jaguars,DaVon Hamilton,DL,nflverse_roster,C:\Users\tempadmin\OneDrive\Coding\Syndicate\data\nfl_source\tracking\nflverse\roster\roster_2026.csv,2026-08-01,00-0036262,DaVon Hamilton,JAX
00-0036166,Dane Jackson,JAX,DB,2026,2026-08-01,JAX,Jacksonville Jaguars,Dane Jackson,DB,nflverse_roster,C:\Users\tempadmin\OneDrive\Coding\Syndicate\data\nfl_source\tracking\nflverse\roster\roster_2026.csv,2026-08-01,00-0036166,Dane Jackson,JAX
00-0040342,Danny Striggow,JAX,DL,2026,2026-08-01,JAX,Jacksonville Jaguars,Danny Striggow,DL,nflverse_roster,C:\Users\tempadmin\OneDrive\Coding\Syndicate\data\nfl_source\tracking\nflverse\roster\roster_2026.csv,2026-08-01,00-0040342,Danny Striggow,JAX
00-0036425,DeeJay Dallas,JAX,RB,2026,2026-08-01,JAX,Jacksonville Jaguars,DeeJay Dallas,RB,nflverse_roster,C:\Users\tempadmin\OneDrive\Coding\Syndicate\data\nfl_source\tracking\nflverse\roster\roster_2026.csv,2026-08-01,00-0036425,DeeJay Dallas,JAX
00-0034473,Dennis Gardeck,JAX,LB,2026,2026-08-01,JAX,Jacksonville Jaguars,Dennis Gardeck,LB,nflverse_roster,C:\Users\tempadmin\OneDrive\Coding\Syndicate\data\nfl_source\tracking\nflverse\roster\roster_2026.csv,2026-08-01,00-0034473,Dennis Gardeck,JAX
00-0041213,Devin Neal,JAX,DB,2026,2026-08-01,JAX,Jacksonville Jaguars,Devin Neal,DB,nflverse_roster,C:\Users\tempadmin\OneDrive\Coding\Syndicate\data\nfl_source\tracking\nflverse\roster\roster_2026.csv,2026-08-01,00-0041213,Devin Neal,JAX
00-0041212,Devon Marshall,JAX,DB,2026,2026-08-01,JAX,Jacksonville Jaguars,Devon Marshall,DB,nflverse_roster,C:\Users\tempadmin\OneDrive\Coding\Syndicate\data\nfl_source\tracking\nflverse\roster\roster_2026.csv,2026-08-01,00-0041212,Devon Marshall,JAX
00-0041050,Emmanuel Pregnon,JAX,OL,2026,2026-08-01,JAX,Jacksonville Jaguars,Emmanuel Pregnon,OL,nflverse_roster,C:\Users\tempadmin\OneDrive\Coding\Syndicate\data\nfl_source\tracking\nflverse\roster\roster_2026.csv,2026-08-01,00-0041050,Emmanuel Pregnon,JAX
00-0033038,Eric Murray,JAX,DB,2026,2026-08-01,JAX,Jacksonville Jaguars,Eric Murray,DB,nflverse_roster,C:\Users\tempadmin\OneDrive\Coding\Syndicate\data\nfl_source\tracking\nflverse\roster\roster_2026.csv,2026-08-01,00-0033038,Eric Murray,JAX
00-0041207,Ethan Conner,JAX,TE,2026,2026-08-01,JAX,Jacksonville Jaguars,Ethan Conner,TE,nflverse_roster,C:\Users\tempadmin\OneDrive\Coding\Syndicate\data\nfl_source\tracking\nflverse\roster\roster_2026.csv,2026-08-01,00-0041207,Ethan Conner,JAX
00-0036327,Ezra Cleveland,JAX,OL,2026,2026-08-01,JAX,Jacksonville Jaguars,Ezra Cleveland,OL,nflverse_roster,C:\Users\tempadmin\OneDrive\Coding\Syndicate\data\nfl_source\tracking\nflverse\roster\roster_2026.csv,2026-08-01,00-0036327,Ezra Cleveland,JAX
00-0034413,Foye Oluokun,JAX,LB,2026,2026-08-01,JAX,Jacksonville Jaguars,Foye Oluokun,LB,nflverse_roster,C:\Users\tempadmin\OneDrive\Coding\Syndicate\data\nfl_source\tracking\nflverse\roster\roster_2026.csv,2026-08-01,00-0034413,Foye Oluokun,JAX
00-0041208,Garrett DiGiorgio,JAX,OL,2026,2026-08-01,JAX,Jacksonville Jaguars,Garrett DiGiorgio,OL,nflverse_roster,C:\Users\tempadmin\OneDrive\Coding\Syndicate\data\nfl_source\tracking\nflverse\roster\roster_2026.csv,2026-08-01,00-0041208,Garrett DiGiorgio,JAX
00-0037004,Hunter Long,JAX,TE,2026,2026-08-01,JAX,Jacksonville Jaguars,Hunter Long,TE,nflverse_roster,C:\Users\tempadmin\OneDrive\Coding\Syndicate\data\nfl_source\tracking\nflverse\roster\roster_2026.csv,2026-08-01,00-0037004,Hunter Long,JAX
00-0041217,J'mari Taylor,JAX,RB,2026,2026-08-01,JAX,Jacksonville Jaguars,J'mari Taylor,RB,nflverse_roster,C:\Users\tempadmin\OneDrive\Coding\Syndicate\data\nfl_source\tracking\nflverse\roster\roster_2026.csv,2026-08-01,00-0041217,J'mari Taylor,JAX
00-0040336,Jabbar Muhammad,JAX,DB,2026,2026-08-01,JAX,Jacksonville Jaguars,Jabbar Muhammad,DB,nflverse_roster,C:\Users\tempadmin\OneDrive\Coding\Syndicate\data\nfl_source\tracking\nflverse\roster\roster_2026.csv,2026-08-01,00-0040336,Jabbar Muhammad,JAX
00-0040723,Jack Kiser,JAX,LB,2026,2026-08-01,JAX,Jacksonville Jaguars,Jack Kiser,LB,nflverse_roster,C:\Users\tempadmin\OneDrive\Coding\Syndicate\data\nfl_source\tracking\nflverse\roster\roster_2026.csv,2026-08-01,00-0040723,Jack Kiser,JAX
00-0034960,Jakobi Meyers,JAX,WR,2026,2026-08-01,JAX,Jacksonville Jaguars,Jakobi Meyers,WR,nflverse_roster,C:\Users\tempadmin\OneDrive\Coding\Syndicate\data\nfl_source\tracking\nflverse\roster\roster_2026.csv,2026-08-01,00-0034960,Jakobi Meyers,JAX
00-0041211,Jalen Hunt,JAX,DL,2026,2026-08-01,JAX,Jacksonville Jaguars,Jalen Hunt,DL,nflverse_roster,C:\Users\tempadmin\OneDrive\Coding\Syndicate\data\nfl_source\tracking\nflverse\roster\roster_2026.csv,2026-08-01,00-0041211,Jalen Hunt,JAX
00-0041055,Jalen Huskey,JAX,DB,2026,2026-08-01,JAX,Jacksonville Jaguars,Jalen Huskey,DB,nflverse_roster,C:\Users\tempadmin\OneDrive\Coding\Syndicate\data\nfl_source\tracking\nflverse\roster\roster_2026.csv,2026-08-01,00-0041055,Jalen Huskey,JAX
00-0040209,Jalen McLeod,JAX,LB,2026,2026-08-01,JAX,Jacksonville Jaguars,Jalen McLeod,LB,nflverse_roster,C:\Users\tempadmin\OneDrive\Coding\Syndicate\data\nfl_source\tracking\nflverse\roster\roster_2026.csv,2026-08-01,00-0040209,Jalen McLeod,JAX
00-0039353,Jarrian Jones,JAX,DB,2026,2026-08-01,JAX,Jacksonville Jaguars,Jarrian Jones,DB,nflverse_roster,C:\Users\tempadmin\OneDrive\Coding\Syndicate\data\nfl_source\tracking\nflverse\roster\roster_2026.csv,2026-08-01,00-0039353,Jarrian Jones,JAX
00-0038509,Jerome Carvin,JAX,OL,2026,2026-08-01,JAX,Jacksonville Jaguars,Jerome Carvin,OL,nflverse_roster,C:\Users\tempadmin\OneDrive\Coding\Syndicate\data\nfl_source\tracking\nflverse\roster\roster_2026.csv,2026-08-01,00-0038509,Jerome Carvin,JAX
00-0041214,Jimto Obidegwu,JAX,OL,2026,2026-08-01,JAX,Jacksonville Jaguars,Jimto Obidegwu,OL,nflverse_roster,C:\Users\tempadmin\OneDrive\Coding\Syndicate\data\nfl_source\tracking\nflverse\roster\roster_2026.csv,2026-08-01,00-0041214,Jimto Obidegwu,JAX
00-0041203,Joey Aguilar,JAX,QB,2026,2026-08-01,JAX,Jacksonville Jaguars,Joey Aguilar,QB,nflverse_roster,C:\Users\tempadmin\OneDrive\Coding\Syndicate\data\nfl_source\tracking\nflverse\roster\roster_2026.csv,2026-08-01,00-0041203,Joey Aguilar,JAX
00-0040227,Jonah Monheim,JAX,OL,2026,2026-08-01,JAX,Jacksonville Jaguars,Jonah Monheim,OL,nflverse_roster,C:\Users\tempadmin\OneDrive\Coding\Syndicate\data\nfl_source\tracking\nflverse\roster\roster_2026.csv,2026-08-01,00-0040227,Jonah Monheim,JAX
00-0041219,Jordan White,JAX,OL,2026,2026-08-01,JAX,Jacksonville Jaguars,Jordan White,OL,nflverse_roster,C:\Users\tempadmin\OneDrive\Coding\Syndicate\data\nfl_source\tracking\nflverse\roster\roster_2026.csv,2026-08-01,00-0041219,Jordan White,JAX
00-0041100,Josh Cameron,JAX,WR,2026,2026-08-01,JAX,Jacksonville Jaguars,Josh Cameron,WR,nflverse_roster,C:\Users\tempadmin\OneDrive\Coding\Syndicate\data\nfl_source\tracking\nflverse\roster\roster_2026.csv,2026-08-01,00-0041100,Josh Cameron,JAX
00-0035642,Josh Hines-Allen,JAX,DL,2026,2026-08-01,JAX,Jacksonville Jaguars,Josh Hines-Allen,DL,nflverse_roster,C:\Users\tempadmin\OneDrive\Coding\Syndicate\data\nfl_source\tracking\nflverse\roster\roster_2026.csv,2026-08-01,00-0035642,Josh Hines-Allen,JAX
00-0033928,Jourdan Lewis,JAX,DB,2026,2026-08-01,JAX,Jacksonville Jaguars,Jourdan Lewis,DB,nflverse_roster,C:\Users\tempadmin\OneDrive\Coding\Syndicate\data\nfl_source\tracking\nflverse\roster\roster_2026.csv,2026-08-01,00-0033928,Jourdan Lewis,JAX
00-0036561,Keith Taylor,JAX,DB,2026,2026-08-01,JAX,Jacksonville Jaguars,Keith Taylor,DB,nflverse_roster,C:\Users\tempadmin\OneDrive\Coding\Syndicate\data\nfl_source\tracking\nflverse\roster\roster_2026.csv,2026-08-01,00-0036561,Keith Taylor,JAX
00-0040338,Keivie Rose,JAX,DL,2026,2026-08-01,JAX,Jacksonville Jaguars,Keivie Rose,DL,nflverse_roster,C:\Users\tempadmin\OneDrive\Coding\Syndicate\data\nfl_source\tracking\nflverse\roster\roster_2026.csv,2026-08-01,00-0040338,Keivie Rose,JAX
00-0039475,Keni-H Lovely,JAX,DB,2026,2026-08-01,JAX,Jacksonville Jaguars,Keni-H Lovely,DB,nflverse_roster,C:\Users\tempadmin\OneDrive\Coding\Syndicate\data\nfl_source\tracking\nflverse\roster\roster_2026.csv,2026-08-01,00-0039475,Keni-H Lovely,JAX
00-0038729,Kilian Zierer,JAX,OL,2026,2026-08-01,JAX,Jacksonville Jaguars,Kilian Zierer,OL,nflverse_roster,C:\Users\tempadmin\OneDrive\Coding\Syndicate\data\nfl_source\tracking\nflverse\roster\roster_2026.csv,2026-08-01,00-0038729,Kilian Zierer,JAX
00-0040238,LeQuint Allen Jr.,JAX,RB,2026,2026-08-01,JAX,Jacksonville Jaguars,LeQuint Allen Jr.,RB,nflverse_roster,C:\Users\tempadmin\OneDrive\Coding\Syndicate\data\nfl_source\tracking\nflverse\roster\roster_2026.csv,2026-08-01,00-0040238,LeQuint Allen Jr.,JAX
00-0034437,Logan Cooke,JAX,P,2026,2026-08-01,JAX,Jacksonville Jaguars,Logan Cooke,P,nflverse_roster,C:\Users\tempadmin\OneDrive\Coding\Syndicate\data\nfl_source\tracking\nflverse\roster\roster_2026.csv,2026-08-01,00-0034437,Logan Cooke,JAX
00-0034657,Matt Dickerson,JAX,DL,2026,2026-08-01,JAX,Jacksonville Jaguars,Matt Dickerson,DL,nflverse_roster,C:\Users\tempadmin\OneDrive\Coding\Syndicate\data\nfl_source\tracking\nflverse\roster\roster_2026.csv,2026-08-01,00-0034657,Matt Dickerson,JAX
00-0041220,Michael Wortham,JAX,WR,2026,2026-08-01,JAX,Jacksonville Jaguars,Michael Wortham,WR,nflverse_roster,C:\Users\tempadmin\OneDrive\Coding\Syndicate\data\nfl_source\tracking\nflverse\roster\roster_2026.csv,2026-08-01,00-0041220,Michael Wortham,JAX
00-0037313,Montaric Brown,JAX,DB,2026,2026-08-01,JAX,Jacksonville Jaguars,Montaric Brown,DB,nflverse_roster,C:\Users\tempadmin\OneDrive\Coding\Syndicate\data\nfl_source\tracking\nflverse\roster\roster_2026.csv,2026-08-01,00-0037313,Montaric Brown,JAX
00-0041503,Nate Boerkircher,JAX,TE,2026,2026-08-01,JAX,Jacksonville Jaguars,Nate Boerkircher,TE,nflverse_roster,C:\Users\tempadmin\OneDrive\Coding\Syndicate\data\nfl_source\tracking\nflverse\roster\roster_2026.csv,2026-08-01,00-0041503,Nate Boerkircher,JAX
00-0033319,Nick Mullens,JAX,QB,2026,2026-08-01,JAX,Jacksonville Jaguars,Nick Mullens,QB,nflverse_roster,C:\Users\tempadmin\OneDrive\Coding\Syndicate\data\nfl_source\tracking\nflverse\roster\roster_2026.csv,2026-08-01,00-0033319,Nick Mullens,JAX
00-0041127,Parker Hughes,JAX,LB,2026,2026-08-01,JAX,Jacksonville Jaguars,Parker Hughes,LB,nflverse_roster,C:\Users\tempadmin\OneDrive\Coding\Syndicate\data\nfl_source\tracking\nflverse\roster\roster_2026.csv,2026-08-01,00-0041127,Parker Hughes,JAX
00-0038606,Parker Washington,JAX,WR,2026,2026-08-01,JAX,Jacksonville Jaguars,Parker Washington,WR,nflverse_roster,C:\Users\tempadmin\OneDrive\Coding\Syndicate\data\nfl_source\tracking\nflverse\roster\roster_2026.csv,2026-08-01,00-0038606,Parker Washington,JAX
00-0040331,Patrick Herbert,JAX,TE,2026,2026-08-01,JAX,Jacksonville Jaguars,Patrick Herbert,TE,nflverse_roster,C:\Users\tempadmin\OneDrive\Coding\Syndicate\data\nfl_source\tracking\nflverse\roster\roster_2026.csv,2026-08-01,00-0040331,Patrick Herbert,JAX
00-0035112,Patrick Mekari,JAX,OL,2026,2026-08-01,JAX,Jacksonville Jaguars,Patrick Mekari,OL,nflverse_roster,C:\Users\tempadmin\OneDrive\Coding\Syndicate\data\nfl_source\tracking\nflverse\roster\roster_2026.csv,2026-08-01,00-0035112,Patrick Mekari,JAX
00-0041210,Preston Hodge,JAX,DB,2026,2026-08-01,JAX,Jacksonville Jaguars,Preston Hodge,DB,nflverse_roster,C:\Users\tempadmin\OneDrive\Coding\Syndicate\data\nfl_source\tracking\nflverse\roster\roster_2026.csv,2026-08-01,00-0041210,Preston Hodge,JAX
00-0041209,Quindarius Dunnigan,JAX,DL,2026,2026-08-01,JAX,Jacksonville Jaguars,Quindarius Dunnigan,DL,nflverse_roster,C:\Users\tempadmin\OneDrive\Coding\Syndicate\data\nfl_source\tracking\nflverse\roster\roster_2026.csv,2026-08-01,00-0041209,Quindarius Dunnigan,JAX
00-0036590,Quintin Morris,JAX,TE,2026,2026-08-01,JAX,Jacksonville Jaguars,Quintin Morris,TE,nflverse_roster,C:\Users\tempadmin\OneDrive\Coding\Syndicate\data\nfl_source\tracking\nflverse\roster\roster_2026.csv,2026-08-01,00-0036590,Quintin Morris,JAX
00-0036649,Quinton Bohanna,JAX,DL,2026,2026-08-01,JAX,Jacksonville Jaguars,Quinton Bohanna,DL,nflverse_roster,C:\Users\tempadmin\OneDrive\Coding\Syndicate\data\nfl_source\tracking\nflverse\roster\roster_2026.csv,2026-08-01,00-0036649,Quinton Bohanna,JAX
00-0040213,Rayuan Lane III,JAX,DB,2026,2026-08-01,JAX,Jacksonville Jaguars,Rayuan Lane III,DB,nflverse_roster,C:\Users\tempadmin\OneDrive\Coding\Syndicate\data\nfl_source\tracking\nflverse\roster\roster_2026.csv,2026-08-01,00-0040213,Rayuan Lane III,JAX
00-0038776,Ricky Lee,JAX,OL,2026,2026-08-01,JAX,Jacksonville Jaguars,Ricky Lee,OL,nflverse_roster,C:\Users\tempadmin\OneDrive\Coding\Syndicate\data\nfl_source\tracking\nflverse\roster\roster_2026.csv,2026-08-01,00-0038776,Ricky Lee,JAX
00-0036985,Robert Hainsey,JAX,OL,2026,2026-08-01,JAX,Jacksonville Jaguars,Robert Hainsey,OL,nflverse_roster,C:\Users\tempadmin\OneDrive\Coding\Syndicate\data\nfl_source\tracking\nflverse\roster\roster_2026.csv,2026-08-01,00-0036985,Robert Hainsey,JAX
00-0035827,Ross Matiscik,JAX,LS,2026,2026-08-01,JAX,Jacksonville Jaguars,Ross Matiscik,LS,nflverse_roster,C:\Users\tempadmin\OneDrive\Coding\Syndicate\data\nfl_source\tracking\nflverse\roster\roster_2026.csv,2026-08-01,00-0035827,Ross Matiscik,JAX
00-0039733,Ruke Orhorhoro,JAX,DL,2026,2026-08-01,JAX,Jacksonville Jaguars,Ruke Orhorhoro,DL,nflverse_roster,C:\Users\tempadmin\OneDrive\Coding\Syndicate\data\nfl_source\tracking\nflverse\roster\roster_2026.csv,2026-08-01,00-0039733,Ruke Orhorhoro,JAX
00-0041204,T.J. Bollers,JAX,DL,2026,2026-08-01,JAX,Jacksonville Jaguars,T.J. Bollers,DL,nflverse_roster,C:\Users\tempadmin\OneDrive\Coding\Syndicate\data\nfl_source\tracking\nflverse\roster\roster_2026.csv,2026-08-01,00-0041204,T.J. Bollers,JAX
00-0041084,Tanner Koziol,JAX,TE,2026,2026-08-01,JAX,Jacksonville Jaguars,Tanner Koziol,TE,nflverse_roster,C:\Users\tempadmin\OneDrive\Coding\Syndicate\data\nfl_source\tracking\nflverse\roster\roster_2026.csv,2026-08-01,00-0041084,Tanner Koziol,JAX
00-0036497,Tim Jones,JAX,WR,2026,2026-08-01,JAX,Jacksonville Jaguars,Tim Jones,WR,nflverse_roster,C:\Users\tempadmin\OneDrive\Coding\Syndicate\data\nfl_source\tracking\nflverse\roster\roster_2026.csv,2026-08-01,00-0036497,Tim Jones,JAX
00-0040718,Travis Hunter,JAX,WR,2026,2026-08-01,JAX,Jacksonville Jaguars,Travis Hunter,WR,nflverse_roster,C:\Users\tempadmin\OneDrive\Coding\Syndicate\data\nfl_source\tracking\nflverse\roster\roster_2026.csv,2026-08-01,00-0040718,Travis Hunter,JAX
00-0037235,Travon Walker,JAX,DL,2026,2026-08-01,JAX,Jacksonville Jaguars,Travon Walker,DL,nflverse_roster,C:\Users\tempadmin\OneDrive\Coding\Syndicate\data\nfl_source\tracking\nflverse\roster\roster_2026.csv,2026-08-01,00-0037235,Travon Walker,JAX
00-0041216,Trebor Pena,JAX,WR,2026,2026-08-01,JAX,Jacksonville Jaguars,Trebor Pena,WR,nflverse_roster,C:\Users\tempadmin\OneDrive\Coding\Syndicate\data\nfl_source\tracking\nflverse\roster\roster_2026.csv,2026-08-01,00-0041216,Trebor Pena,JAX
00-0040295,Trevian Thomas,JAX,DB,2026,2026-08-01,JAX,Jacksonville Jaguars,Trevian Thomas,DB,nflverse_roster,C:\Users\tempadmin\OneDrive\Coding\Syndicate\data\nfl_source\tracking\nflverse\roster\roster_2026.csv,2026-08-01,00-0040295,Trevian Thomas,JAX
00-0036971,Trevor Lawrence,JAX,QB,2026,2026-08-01,JAX,Jacksonville Jaguars,Trevor Lawrence,QB,nflverse_roster,C:\Users\tempadmin\OneDrive\Coding\Syndicate\data\nfl_source\tracking\nflverse\roster\roster_2026.csv,2026-08-01,00-0036971,Trevor Lawrence,JAX
00-0035992,Trystan Colon,JAX,OL,2026,2026-08-01,JAX,Jacksonville Jaguars,Trystan Colon,OL,nflverse_roster,C:\Users\tempadmin\OneDrive\Coding\Syndicate\data\nfl_source\tracking\nflverse\roster\roster_2026.csv,2026-08-01,00-0035992,Trystan Colon,JAX
00-0038570,Ventrell Miller,JAX,LB,2026,2026-08-01,JAX,Jacksonville Jaguars,Ventrell Miller,LB,nflverse_roster,C:\Users\tempadmin\OneDrive\Coding\Syndicate\data\nfl_source\tracking\nflverse\roster\roster_2026.csv,2026-08-01,00-0038570,Ventrell Miller,JAX
00-0036975,Walker Little,JAX,OL,2026,2026-08-01,JAX,Jacksonville Jaguars,Walker Little,OL,nflverse_roster,C:\Users\tempadmin\OneDrive\Coding\Syndicate\data\nfl_source\tracking\nflverse\roster\roster_2026.csv,2026-08-01,00-0036975,Walker Little,JAX
00-0041059,Wesley Williams,JAX,DL,2026,2026-08-01,JAX,Jacksonville Jaguars,Wesley Williams,DL,nflverse_roster,C:\Users\tempadmin\OneDrive\Coding\Syndicate\data\nfl_source\tracking\nflverse\roster\roster_2026.csv,2026-08-01,00-0041059,Wesley Williams,JAX
00-0040146,Wyatt Milum,JAX,OL,2026,2026-08-01,JAX,Jacksonville Jaguars,Wyatt Milum,OL,nflverse_roster,C:\Users\tempadmin\OneDrive\Coding\Syndicate\data\nfl_source\tracking\nflverse\roster\roster_2026.csv,2026-08-01,00-0040146,Wyatt Milum,JAX
00-0038580,Yasir Abdullah,JAX,LB,2026,2026-08-01,JAX,Jacksonville Jaguars,Yasir Abdullah,LB,nflverse_roster,C:\Users\tempadmin\OneDrive\Coding\Syndicate\data\nfl_source\tracking\nflverse\roster\roster_2026.csv,2026-08-01,00-0038580,Yasir Abdullah,JAX
00-0041122,Zach Durfee,JAX,DL,2026,2026-08-01,JAX,Jacksonville Jaguars,Zach Durfee,DL,nflverse_roster,C:\Users\tempadmin\OneDrive\Coding\Syndicate\data\nfl_source\tracking\nflverse\roster\roster_2026.csv,2026-08-01,00-0041122,Zach Durfee,JAX
00-0036380,Alohi Gilman,KC,DB,2026,2026-08-01,KC,Kansas City Chiefs,Alohi Gilman,DB,nflverse_roster,C:\Users\tempadmin\OneDrive\Coding\Syndicate\data\nfl_source\tracking\nflverse\roster\roster_2026.csv,2026-08-01,00-0036380,Alohi Gilman,KC
00-0040956,Amari McNeill,KC,DL,2026,2026-08-01,KC,Kansas City Chiefs,Amari McNeill,DL,nflverse_roster,C:\Users\tempadmin\OneDrive\Coding\Syndicate\data\nfl_source\tracking\nflverse\roster\roster_2026.csv,2026-08-01,00-0040956,Amari McNeill,KC
00-0040298,Andrew Armstrong,KC,WR,2026,2026-08-01,KC,Kansas City Chiefs,Andrew Armstrong,WR,nflverse_roster,C:\Users\tempadmin\OneDrive\Coding\Syndicate\data\nfl_source\tracking\nflverse\roster\roster_2026.csv,2026-08-01,00-0040298,Andrew Armstrong,KC
00-0041012,Anthony Dunn,KC,DL,2026,2026-08-01,KC,Kansas City Chiefs,Anthony Dunn,DL,nflverse_roster,C:\Users\tempadmin\OneDrive\Coding\Syndicate\data\nfl_source\tracking\nflverse\roster\roster_2026.csv,2026-08-01,00-0041012,Anthony Dunn,KC
00-0040640,Ashton Gillotte,KC,DL,2026,2026-08-01,KC,Kansas City Chiefs,Ashton Gillotte,DL,nflverse_roster,C:\Users\tempadmin\OneDrive\Coding\Syndicate\data\nfl_source\tracking\nflverse\roster\roster_2026.csv,2026-08-01,00-0040640,Ashton Gillotte,KC
00-0040078,Brashard Smith,KC,RB,2026,2026-08-01,KC,Kansas City Chiefs,Brashard Smith,RB,nflverse_roster,C:\Users\tempadmin\OneDrive\Coding\Syndicate\data\nfl_source\tracking\nflverse\roster\roster_2026.csv,2026-08-01,00-0040078,Brashard Smith,KC
00-0040962,Bryce Phillips,KC,DB,2026,2026-08-01,KC,Kansas City Chiefs,Bryce Phillips,DB,nflverse_roster,C:\Users\tempadmin\OneDrive\Coding\Syndicate\data\nfl_source\tracking\nflverse\roster\roster_2026.csv,2026-08-01,00-0040962,Bryce Phillips,KC
00-0039833,C.J. Hanson,KC,OL,2026,2026-08-01,KC,Kansas City Chiefs,C.J. Hanson,OL,nflverse_roster,C:\Users\tempadmin\OneDrive\Coding\Syndicate\data\nfl_source\tracking\nflverse\roster\roster_2026.csv,2026-08-01,00-0039833,C.J. Hanson,KC
00-0038982,Chamarri Conner,KC,DB,2026,2026-08-01,KC,Kansas City Chiefs,Chamarri Conner,DB,nflverse_roster,C:\Users\tempadmin\OneDrive\Coding\Syndicate\data\nfl_source\tracking\nflverse\roster\roster_2026.csv,2026-08-01,00-0038982,Chamarri Conner,KC
00-0032762,Chris Jones,KC,DL,2026,2026-08-01,KC,Kansas City Chiefs,Chris Jones,DL,nflverse_roster,C:\Users\tempadmin\OneDrive\Coding\Syndicate\data\nfl_source\tracking\nflverse\roster\roster_2026.csv,2026-08-01,00-0032762,Chris Jones,KC
00-0037324,Chris Oladokun,KC,QB,2026,2026-08-01,KC,Kansas City Chiefs,Chris Oladokun,QB,nflverse_roster,C:\Users\tempadmin\OneDrive\Coding\Syndicate\data\nfl_source\tracking\nflverse\roster\roster_2026.csv,2026-08-01,00-0037324,Chris Oladokun,KC
00-0039324,Christian Roland-Wallace,KC,DB,2026,2026-08-01,KC,Kansas City Chiefs,Christian Roland-Wallace,DB,nflverse_roster,C:\Users\tempadmin\OneDrive\Coding\Syndicate\data\nfl_source\tracking\nflverse\roster\roster_2026.csv,2026-08-01,00-0039324,Christian Roland-Wallace,KC
00-0039174,Chukwuebuka Godrick,KC,OL,2026,2026-08-01,KC,Kansas City Chiefs,Chukwuebuka Godrick,OL,nflverse_roster,C:\Users\tempadmin\OneDrive\Coding\Syndicate\data\nfl_source\tracking\nflverse\roster\roster_2026.csv,2026-08-01,00-0039174,Chukwuebuka Godrick,KC
00-0040952,Cole Brevard,KC,DL,2026,2026-08-01,KC,Kansas City Chiefs,Cole Brevard,DL,nflverse_roster,C:\Users\tempadmin\OneDrive\Coding\Syndicate\data\nfl_source\tracking\nflverse\roster\roster_2026.csv,2026-08-01,00-0040952,Cole Brevard,KC
00-0035900,Cole Christiansen,KC,LB,2026,2026-08-01,KC,Kansas City Chiefs,Cole Christiansen,LB,nflverse_roster,C:\Users\tempadmin\OneDrive\Coding\Syndicate\data\nfl_source\tracking\nflverse\roster\roster_2026.csv,2026-08-01,00-0035900,Cole Christiansen,KC
00-0040118,Cooper McDonald,KC,LB,2026,2026-08-01,KC,Kansas City Chiefs,Cooper McDonald,LB,nflverse_roster,C:\Users\tempadmin\OneDrive\Coding\Syndicate\data\nfl_source\tracking\nflverse\roster\roster_2026.csv,2026-08-01,00-0040118,Cooper McDonald,KC
00-0036623,Creed Humphrey,KC,OL,2026,2026-08-01,KC,Kansas City Chiefs,Creed Humphrey,OL,nflverse_roster,C:\Users\tempadmin\OneDrive\Coding\Syndicate\data\nfl_source\tracking\nflverse\roster\roster_2026.csv,2026-08-01,00-0036623,Creed Humphrey,KC
00-0040890,Cyrus Allen,KC,WR,2026,2026-08-01,KC,Kansas City Chiefs,Cyrus Allen,WR,nflverse_roster,C:\Users\tempadmin\OneDrive\Coding\Syndicate\data\nfl_source\tracking\nflverse\roster\roster_2026.csv,2026-08-01,00-0040890,Cyrus Allen,KC
00-0040961,D'Arco Perkins-McAllister,KC,DB,2026,2026-08-01,KC,Kansas City Chiefs,D'Arco Perkins-McAllister,DB,nflverse_roster,C:\Users\tempadmin\OneDrive\Coding\Syndicate\data\nfl_source\tracking\nflverse\roster\roster_2026.csv,2026-08-01,00-0040961,D'Arco Perkins-McAllister,KC
00-0040960,Damon Payne,KC,DL,2026,2026-08-01,KC,Kansas City Chiefs,Damon Payne,DL,nflverse_roster,C:\Users\tempadmin\OneDrive\Coding\Syndicate\data\nfl_source\tracking\nflverse\roster\roster_2026.csv,2026-08-01,00-0040960,Damon Payne,KC
00-0040963,DeShon Singleton,KC,DB,2026,2026-08-01,KC,Kansas City Chiefs,DeShon Singleton,DB,nflverse_roster,C:\Users\tempadmin\OneDrive\Coding\Syndicate\data\nfl_source\tracking\nflverse\roster\roster_2026.csv,2026-08-01,00-0040963,DeShon Singleton,KC
00-0035262,Drue Tranquill,KC,LB,2026,2026-08-01,KC,Kansas City Chiefs,Drue Tranquill,LB,nflverse_roster,C:\Users\tempadmin\OneDrive\Coding\Syndicate\data\nfl_source\tracking\nflverse\roster\roster_2026.csv,2026-08-01,00-0035262,Drue Tranquill,KC
00-0040964,E.J. Smith,KC,RB,2026,2026-08-01,KC,Kansas City Chiefs,E.J. Smith,RB,nflverse_roster,C:\Users\tempadmin\OneDrive\Coding\Syndicate\data\nfl_source\tracking\nflverse\roster\roster_2026.csv,2026-08-01,00-0040964,E.J. Smith,KC
00-0038705,Emari Demercado,KC,RB,2026,2026-08-01,KC,Kansas City Chiefs,Emari Demercado,RB,nflverse_roster,C:\Users\tempadmin\OneDrive\Coding\Syndicate\data\nfl_source\tracking\nflverse\roster\roster_2026.csv,2026-08-01,00-0038705,Emari Demercado,KC
00-0041013,Emmett Johnson,KC,RB,2026,2026-08-01,KC,Kansas City Chiefs,Emmett Johnson,RB,nflverse_roster,C:\Users\tempadmin\OneDrive\Coding\Syndicate\data\nfl_source\tracking\nflverse\roster\roster_2026.csv,2026-08-01,00-0041013,Emmett Johnson,KC
00-0040092,Esa Pole,KC,OL,2026,2026-08-01,KC,Kansas City Chiefs,Esa Pole,OL,nflverse_roster,C:\Users\tempadmin\OneDrive\Coding\Syndicate\data\nfl_source\tracking\nflverse\roster\roster_2026.csv,2026-08-01,00-0040092,Esa Pole,KC
00-0040328,Ethan Downs,KC,LB,2026,2026-08-01,KC,Kansas City Chiefs,Ethan Downs,LB,nflverse_roster,C:\Users\tempadmin\OneDrive\Coding\Syndicate\data\nfl_source\tracking\nflverse\roster\roster_2026.csv,2026-08-01,00-0040328,Ethan Downs,KC
00-0039317,Ethan Driskell,KC,OL,2026,2026-08-01,KC,Kansas City Chiefs,Ethan Driskell,OL,nflverse_roster,C:\Users\tempadmin\OneDrive\Coding\Syndicate\data\nfl_source\tracking\nflverse\roster\roster_2026.csv,2026-08-01,00-0039317,Ethan Driskell,KC
00-0039006,Felix Anudike-Uzomah,KC,DL,2026,2026-08-01,KC,Kansas City Chiefs,Felix Anudike-Uzomah,DL,nflverse_roster,C:\Users\tempadmin\OneDrive\Coding\Syndicate\data\nfl_source\tracking\nflverse\roster\roster_2026.csv,2026-08-01,00-0039006,Felix Anudike-Uzomah,KC
00-0040906,Garrett Nussmeier,KC,QB,2026,2026-08-01,KC,Kansas City Chiefs,Garrett Nussmeier,QB,nflverse_roster,C:\Users\tempadmin\OneDrive\Coding\Syndicate\data\nfl_source\tracking\nflverse\roster\roster_2026.csv,2026-08-01,00-0040906,Garrett Nussmeier,KC
00-0037192,George Karlaftis,KC,DL,2026,2026-08-01,KC,Kansas City Chiefs,George Karlaftis,DL,nflverse_roster,C:\Users\tempadmin\OneDrive\Coding\Syndicate\data\nfl_source\tracking\nflverse\roster\roster_2026.csv,2026-08-01,00-0037192,George Karlaftis,KC
00-0033303,Harrison Butker,KC,K,2026,2026-08-01,KC,Kansas City Chiefs,Harrison Butker,K,nflverse_roster,C:\Users\tempadmin\OneDrive\Coding\Syndicate\data\nfl_source\tracking\nflverse\roster\roster_2026.csv,2026-08-01,00-0033303,Harrison Butker,KC
00-0039827,Hunter Nourzad,KC,OL,2026,2026-08-01,KC,Kansas City Chiefs,Hunter Nourzad,OL,nflverse_roster,C:\Users\tempadmin\OneDrive\Coding\Syndicate\data\nfl_source\tracking\nflverse\roster\roster_2026.csv,2026-08-01,00-0039827,Hunter Nourzad,KC
00-0037208,Jack Cochrane,KC,LB,2026,2026-08-01,KC,Kansas City Chiefs,Jack Cochrane,LB,nflverse_roster,C:\Users\tempadmin\OneDrive\Coding\Syndicate\data\nfl_source\tracking\nflverse\roster\roster_2026.csv,2026-08-01,00-0037208,Jack Cochrane,KC
00-0040967,Jacob De Jesus,KC,WR,2026,2026-08-01,KC,Kansas City Chiefs,Jacob De Jesus,WR,nflverse_roster,C:\Users\tempadmin\OneDrive\Coding\Syndicate\data\nfl_source\tracking\nflverse\roster\roster_2026.csv,2026-08-01,00-0040967,Jacob De Jesus,KC
00-0039825,Jaden Hicks,KC,DB,2026,2026-08-01,KC,Kansas City Chiefs,Jaden Hicks,DB,nflverse_roster,C:\Users\tempadmin\OneDrive\Coding\Syndicate\data\nfl_source\tracking\nflverse\roster\roster_2026.csv,2026-08-01,00-0039825,Jaden Hicks,KC
00-0041497,Jadon Canady,KC,DB,2026,2026-08-01,KC,Kansas City Chiefs,Jadon Canady,DB,nflverse_roster,C:\Users\tempadmin\OneDrive\Coding\Syndicate\data\nfl_source\tracking\nflverse\roster\roster_2026.csv,2026-08-01,00-0041497,Jadon Canady,KC
00-0040081,Jake Briningstool,KC,TE,2026,2026-08-01,KC,Kansas City Chiefs,Jake Briningstool,TE,nflverse_roster,C:\Users\tempadmin\OneDrive\Coding\Syndicate\data\nfl_source\tracking\nflverse\roster\roster_2026.csv,2026-08-01,00-0040081,Jake Briningstool,KC
00-0040646,Jalen Royals,KC,WR,2026,2026-08-01,KC,Kansas City Chiefs,Jalen Royals,WR,nflverse_roster,C:\Users\tempadmin\OneDrive\Coding\Syndicate\data\nfl_source\tracking\nflverse\roster\roster_2026.csv,2026-08-01,00-0040646,Jalen Royals,KC
00-0030615,James Winchester,KC,LS,2026,2026-08-01,KC,Kansas City Chiefs,James Winchester,LS,nflverse_roster,C:\Users\tempadmin\OneDrive\Coding\Syndicate\data\nfl_source\tracking\nflverse\roster\roster_2026.csv,2026-08-01,00-0030615,James Winchester,KC
00-0039824,Jared Wiley,KC,TE,2026,2026-08-01,KC,Kansas City Chiefs,Jared Wiley,TE,nflverse_roster,C:\Users\tempadmin\OneDrive\Coding\Syndicate\data\nfl_source\tracking\nflverse\roster\roster_2026.csv,2026-08-01,00-0039824,Jared Wiley,KC
00-0038492,Jason Brownlee,KC,WR,2026,2026-08-01,KC,Kansas City Chiefs,Jason Brownlee,WR,nflverse_roster,C:\Users\tempadmin\OneDrive\Coding\Syndicate\data\nfl_source\tracking\nflverse\roster\roster_2026.csv,2026-08-01,00-0038492,Jason Brownlee,KC
00-0040959,Jaydn Ott,KC,RB,2026,2026-08-01,KC,Kansas City Chiefs,Jaydn Ott,RB,nflverse_roster,C:\Users\tempadmin\OneDrive\Coding\Syndicate\data\nfl_source\tracking\nflverse\roster\roster_2026.csv,2026-08-01,00-0040959,Jaydn Ott,KC
00-0036557,Jaylon Moore,KC,OL,2026,2026-08-01,KC,Kansas City Chiefs,Jaylon Moore,OL,nflverse_roster,C:\Users\tempadmin\OneDrive\Coding\Syndicate\data\nfl_source\tracking\nflverse\roster\roster_2026.csv,2026-08-01,00-0036557,Jaylon Moore,KC
00-0040953,Jeff Caldwell,KC,WR,2026,2026-08-01,KC,Kansas City Chiefs,Jeff Caldwell,WR,nflverse_roster,C:\Users\tempadmin\OneDrive\Coding\Syndicate\data\nfl_source\tracking\nflverse\roster\roster_2026.csv,2026-08-01,00-0040953,Jeff Caldwell,KC
00-0040072,Jeffrey Bassa,KC,LB,2026,2026-08-01,KC,Kansas City Chiefs,Jeffrey Bassa,LB,nflverse_roster,C:\Users\tempadmin\OneDrive\Coding\Syndicate\data\nfl_source\tracking\nflverse\roster\roster_2026.csv,2026-08-01,00-0040072,Jeffrey Bassa,KC
00-0040120,Jimmy Holiday,KC,WR,2026,2026-08-01,KC,Kansas City Chiefs,Jimmy Holiday,WR,nflverse_roster,C:\Users\tempadmin\OneDrive\Coding\Syndicate\data\nfl_source\tracking\nflverse\roster\roster_2026.csv,2026-08-01,00-0040120,Jimmy Holiday,KC
00-0040955,John Michael Gyllenborg,KC,TE,2026,2026-08-01,KC,Kansas City Chiefs,John Michael Gyllenborg,TE,nflverse_roster,C:\Users\tempadmin\OneDrive\Coding\Syndicate\data\nfl_source\tracking\nflverse\roster\roster_2026.csv,2026-08-01,00-0040955,John Michael Gyllenborg,KC
00-0040116,Josh Simmons,KC,OL,2026,2026-08-01,KC,Kansas City Chiefs,Josh Simmons,OL,nflverse_roster,C:\Users\tempadmin\OneDrive\Coding\Syndicate\data\nfl_source\tracking\nflverse\roster\roster_2026.csv,2026-08-01,00-0040116,Josh Simmons,KC
00-0040965,Josh Thompson,KC,OL,2026,2026-08-01,KC,Kansas City Chiefs,Josh Thompson,OL,nflverse_roster,C:\Users\tempadmin\OneDrive\Coding\Syndicate\data\nfl_source\tracking\nflverse\roster\roster_2026.csv,2026-08-01,00-0040965,Josh Thompson,KC
00-0036945,Justin Fields,KC,QB,2026,2026-08-01,KC,Kansas City Chiefs,Justin Fields,QB,nflverse_roster,C:\Users\tempadmin\OneDrive\Coding\Syndicate\data\nfl_source\tracking\nflverse\roster\roster_2026.csv,2026-08-01,00-0036945,Justin Fields,KC
00-0037353,Kader Kohou,KC,DB,2026,2026-08-01,KC,Kansas City Chiefs,Kader Kohou,DB,nflverse_roster,C:\Users\tempadmin\OneDrive\Coding\Syndicate\data\nfl_source\tracking\nflverse\roster\roster_2026.csv,2026-08-01,00-0037353,Kader Kohou,KC
00-0041019,Kahlil Benson,KC,OL,2026,2026-08-01,KC,Kansas City Chiefs,Kahlil Benson,OL,nflverse_roster,C:\Users\tempadmin\OneDrive\Coding\Syndicate\data\nfl_source\tracking\nflverse\roster\roster_2026.csv,2026-08-01,00-0041019,Kahlil Benson,KC
00-0037242,Kaiir Elam,KC,DB,2026,2026-08-01,KC,Kansas City Chiefs,Kaiir Elam,DB,nflverse_roster,C:\Users\tempadmin\OneDrive\Coding\Syndicate\data\nfl_source\tracking\nflverse\roster\roster_2026.csv,2026-08-01,00-0037242,Kaiir Elam,KC
00-0040313,Kam Arnold,KC,LB,2026,2026-08-01,KC,Kansas City Chiefs,Kam Arnold,LB,nflverse_roster,C:\Users\tempadmin\OneDrive\Coding\Syndicate\data\nfl_source\tracking\nflverse\roster\roster_2026.csv,2026-08-01,00-0040313,Kam Arnold,KC
00-0038134,Kenneth Walker III,KC,RB,2026,2026-08-01,KC,Kansas City Chiefs,Kenneth Walker III,RB,nflverse_roster,C:\Users\tempadmin\OneDrive\Coding\Syndicate\data\nfl_source\tracking\nflverse\roster\roster_2026.csv,2026-08-01,00-0038134,Kenneth Walker III,KC
00-0040089,Kevin Knowles,KC,DB,2026,2026-08-01,KC,Kansas City Chiefs,Kevin Knowles,DB,nflverse_roster,C:\Users\tempadmin\OneDrive\Coding\Syndicate\data\nfl_source\tracking\nflverse\roster\roster_2026.csv,2026-08-01,00-0040089,Kevin Knowles,KC
00-0036909,Khyiris Tonga,KC,DL,2026,2026-08-01,KC,Kansas City Chiefs,Khyiris Tonga,DL,nflverse_roster,C:\Users\tempadmin\OneDrive\Coding\Syndicate\data\nfl_source\tracking\nflverse\roster\roster_2026.csv,2026-08-01,00-0036909,Khyiris Tonga,KC
00-0039844,Kingsley Suamataia,KC,OL,2026,2026-08-01,KC,Kansas City Chiefs,Kingsley Suamataia,OL,nflverse_roster,C:\Users\tempadmin\OneDrive\Coding\Syndicate\data\nfl_source\tracking\nflverse\roster\roster_2026.csv,2026-08-01,00-0039844,Kingsley Suamataia,KC
00-0036416,Kristian Fulton,KC,DB,2026,2026-08-01,KC,Kansas City Chiefs,Kristian Fulton,DB,nflverse_roster,C:\Users\tempadmin\OneDrive\Coding\Syndicate\data\nfl_source\tracking\nflverse\roster\roster_2026.csv,2026-08-01,00-0036416,Kristian Fulton,KC
00-0036374,L'Jarius Sneed,KC,DB,2026,2026-08-01,KC,Kansas City Chiefs,L'Jarius Sneed,DB,nflverse_roster,C:\Users\tempadmin\OneDrive\Coding\Syndicate\data\nfl_source\tracking\nflverse\roster\roster_2026.csv,2026-08-01,00-0036374,L'Jarius Sneed,KC
00-0041543,Mansoor Delane,KC,DB,2026,2026-08-01,KC,Kansas City Chiefs,Mansoor Delane,DB,nflverse_roster,C:\Users\tempadmin\OneDrive\Coding\Syndicate\data\nfl_source\tracking\nflverse\roster\roster_2026.csv,2026-08-01,00-0041543,Mansoor Delane,KC
00-0039433,Marcus Harris,KC,DL,2026,2026-08-01,KC,Kansas City Chiefs,Marcus Harris,DL,nflverse_roster,C:\Users\tempadmin\OneDrive\Coding\Syndicate\data\nfl_source\tracking\nflverse\roster\roster_2026.csv,2026-08-01,00-0039433,Marcus Harris,KC
00-0037284,Matt Araiza,KC,P,2026,2026-08-01,KC,Kansas City Chiefs,Matt Araiza,P,nflverse_roster,C:\Users\tempadmin\OneDrive\Coding\Syndicate\data\nfl_source\tracking\nflverse\roster\roster_2026.csv,2026-08-01,00-0037284,Matt Araiza,KC
00-0037266,Matt Waletzko,KC,OL,2026,2026-08-01,KC,Kansas City Chiefs,Matt Waletzko,OL,nflverse_roster,C:\Users\tempadmin\OneDrive\Coding\Syndicate\data\nfl_source\tracking\nflverse\roster\roster_2026.csv,2026-08-01,00-0037266,Matt Waletzko,KC
00-0040093,Melvin Smith Jr.,KC,DB,2026,2026-08-01,KC,Kansas City Chiefs,Melvin Smith Jr.,DB,nflverse_roster,C:\Users\tempadmin\OneDrive\Coding\Syndicate\data\nfl_source\tracking\nflverse\roster\roster_2026.csv,2026-08-01,00-0040093,Melvin Smith Jr.,KC
00-0037207,Mike Caliendo,KC,OL,2026,2026-08-01,KC,Kansas City Chiefs,Mike Caliendo,OL,nflverse_roster,C:\Users\tempadmin\OneDrive\Coding\Syndicate\data\nfl_source\tracking\nflverse\roster\roster_2026.csv,2026-08-01,00-0037207,Mike Caliendo,KC
00-0036621,Nick Bolton,KC,LB,2026,2026-08-01,KC,Kansas City Chiefs,Nick Bolton,LB,nflverse_roster,C:\Users\tempadmin\OneDrive\Coding\Syndicate\data\nfl_source\tracking\nflverse\roster\roster_2026.csv,2026-08-01,00-0036621,Nick Bolton,KC
00-0038519,Nikko Remigio,KC,WR,2026,2026-08-01,KC,Kansas City Chiefs,Nikko Remigio,WR,nflverse_roster,C:\Users\tempadmin\OneDrive\Coding\Syndicate\data\nfl_source\tracking\nflverse\roster\roster_2026.csv,2026-08-01,00-0038519,Nikko Remigio,KC
00-0036637,Noah Gray,KC,TE,2026,2026-08-01,KC,Kansas City Chiefs,Noah Gray,TE,nflverse_roster,C:\Users\tempadmin\OneDrive\Coding\Syndicate\data\nfl_source\tracking\nflverse\roster\roster_2026.csv,2026-08-01,00-0036637,Noah Gray,KC
00-0040670,Nohl Williams,KC,DB,2026,2026-08-01,KC,Kansas City Chiefs,Nohl Williams,DB,nflverse_roster,C:\Users\tempadmin\OneDrive\Coding\Syndicate\data\nfl_source\tracking\nflverse\roster\roster_2026.csv,2026-08-01,00-0040670,Nohl Williams,KC
00-0040954,Omari Evans,KC,WR,2026,2026-08-01,KC,Kansas City Chiefs,Omari Evans,WR,nflverse_roster,C:\Users\tempadmin\OneDrive\Coding\Syndicate\data\nfl_source\tracking\nflverse\roster\roster_2026.csv,2026-08-01,00-0040954,Omari Evans,KC
00-0040748,Omarr Norman-Lott,KC,DL,2026,2026-08-01,KC,Kansas City Chiefs,Omarr Norman-Lott,DL,nflverse_roster,C:\Users\tempadmin\OneDrive\Coding\Syndicate\data\nfl_source\tracking\nflverse\roster\roster_2026.csv,2026-08-01,00-0040748,Omarr Norman-Lott,KC
00-0033873,Patrick Mahomes,KC,QB,2026,2026-08-01,KC,Kansas City Chiefs,Patrick Mahomes,QB,nflverse_roster,C:\Users\tempadmin\OneDrive\Coding\Syndicate\data\nfl_source\tracking\nflverse\roster\roster_2026.csv,2026-08-01,00-0033873,Patrick Mahomes,KC
00-0040958,Pete Nygra,KC,OL,2026,2026-08-01,KC,Kansas City Chiefs,Pete Nygra,OL,nflverse_roster,C:\Users\tempadmin\OneDrive\Coding\Syndicate\data\nfl_source\tracking\nflverse\roster\roster_2026.csv,2026-08-01,00-0040958,Pete Nygra,KC
00-0041545,Peter Woods,KC,DL,2026,2026-08-01,KC,Kansas City Chiefs,Peter Woods,DL,nflverse_roster,C:\Users\tempadmin\OneDrive\Coding\Syndicate\data\nfl_source\tracking\nflverse\roster\roster_2026.csv,2026-08-01,00-0041545,Peter Woods,KC
00-0041501,R Mason Thomas,KC,DL,2026,2026-08-01,KC,Kansas City Chiefs,R Mason Thomas,DL,nflverse_roster,C:\Users\tempadmin\OneDrive\Coding\Syndicate\data\nfl_source\tracking\nflverse\roster\roster_2026.csv,2026-08-01,00-0041501,R Mason Thomas,KC
00-0039067,Rashee Rice,KC,WR,2026,2026-08-01,KC,Kansas City Chiefs,Rashee Rice,WR,nflverse_roster,C:\Users\tempadmin\OneDrive\Coding\Syndicate\data\nfl_source\tracking\nflverse\roster\roster_2026.csv,2026-08-01,00-0039067,Rashee Rice,KC
00-0038717,Tanner McCalister,KC,DB,2026,2026-08-01,KC,Kansas City Chiefs,Tanner McCalister,DB,nflverse_roster,C:\Users\tempadmin\OneDrive\Coding\Syndicate\data\nfl_source\tracking\nflverse\roster\roster_2026.csv,2026-08-01,00-0038717,Tanner McCalister,KC
00-0030506,Travis Kelce,KC,TE,2026,2026-08-01,KC,Kansas City Chiefs,Travis Kelce,TE,nflverse_roster,C:\Users\tempadmin\OneDrive\Coding\Syndicate\data\nfl_source\tracking\nflverse\roster\roster_2026.csv,2026-08-01,00-0030506,Travis Kelce,KC
00-0040094,Tre Watson,KC,TE,2026,2026-08-01,KC,Kansas City Chiefs,Tre Watson,TE,nflverse_roster,C:\Users\tempadmin\OneDrive\Coding\Syndicate\data\nfl_source\tracking\nflverse\roster\roster_2026.csv,2026-08-01,00-0040094,Tre Watson,KC
00-0036660,Trey Smith,KC,OL,2026,2026-08-01,KC,Kansas City Chiefs,Trey Smith,OL,nflverse_roster,C:\Users\tempadmin\OneDrive\Coding\Syndicate\data\nfl_source\tracking\nflverse\roster\roster_2026.csv,2026-08-01,00-0036660,Trey Smith,KC
00-0038104,Tyquan Thornton,KC,WR,2026,2026-08-01,KC,Kansas City Chiefs,Tyquan Thornton,WR,nflverse_roster,C:\Users\tempadmin\OneDrive\Coding\Syndicate\data\nfl_source\tracking\nflverse\roster\roster_2026.csv,2026-08-01,00-0038104,Tyquan Thornton,KC
00-0037080,Tyreke Smith,KC,LB,2026,2026-08-01,KC,Kansas City Chiefs,Tyreke Smith,LB,nflverse_roster,C:\Users\tempadmin\OneDrive\Coding\Syndicate\data\nfl_source\tracking\nflverse\roster\roster_2026.csv,2026-08-01,00-0037080,Tyreke Smith,KC
00-0040950,Vincent Anthony,KC,DL,2026,2026-08-01,KC,Kansas City Chiefs,Vincent Anthony,DL,nflverse_roster,C:\Users\tempadmin\OneDrive\Coding\Syndicate\data\nfl_source\tracking\nflverse\roster\roster_2026.csv,2026-08-01,00-0040950,Vincent Anthony,KC
00-0038981,Wanya Morris,KC,OL,2026,2026-08-01,KC,Kansas City Chiefs,Wanya Morris,OL,nflverse_roster,C:\Users\tempadmin\OneDrive\Coding\Syndicate\data\nfl_source\tracking\nflverse\roster\roster_2026.csv,2026-08-01,00-0038981,Wanya Morris,KC
00-0040951,Wesley Bissainthe,KC,LB,2026,2026-08-01,KC,Kansas City Chiefs,Wesley Bissainthe,LB,nflverse_roster,C:\Users\tempadmin\OneDrive\Coding\Syndicate\data\nfl_source\tracking\nflverse\roster\roster_2026.csv,2026-08-01,00-0040951,Wesley Bissainthe,KC
00-0041020,Xavier Loyd,KC,WR,2026,2026-08-01,KC,Kansas City Chiefs,Xavier Loyd,WR,nflverse_roster,C:\Users\tempadmin\OneDrive\Coding\Syndicate\data\nfl_source\tracking\nflverse\roster\roster_2026.csv,2026-08-01,00-0041020,Xavier Loyd,KC
00-0040957,Xavier Nwankpa,KC,DB,2026,2026-08-01,KC,Kansas City Chiefs,Xavier Nwankpa,DB,nflverse_roster,C:\Users\tempadmin\OneDrive\Coding\Syndicate\data\nfl_source\tracking\nflverse\roster\roster_2026.csv,2026-08-01,00-0040957,Xavier Nwankpa,KC
00-0039894,Xavier Worthy,KC,WR,2026,2026-08-01,KC,Kansas City Chiefs,Xavier Worthy,WR,nflverse_roster,C:\Users\tempadmin\OneDrive\Coding\Syndicate\data\nfl_source\tracking\nflverse\roster\roster_2026.csv,2026-08-01,00-0039894,Xavier Worthy,KC
00-0040966,Zelmar Vedder,KC,DB,2026,2026-08-01,KC,Kansas City Chiefs,Zelmar Vedder,DB,nflverse_roster,C:\Users\tempadmin\OneDrive\Coding\Syndicate\data\nfl_source\tracking\nflverse\roster\roster_2026.csv,2026-08-01,00-0040966,Zelmar Vedder,KC
00-0037845,A.J. Arcuri,LA,OL,2026,2026-08-01,LA,Los Angeles Rams,A.J. Arcuri,OL,nflverse_roster,C:\Users\tempadmin\OneDrive\Coding\Syndicate\data\nfl_source\tracking\nflverse\roster\roster_2026.csv,2026-08-01,00-0037845,A.J. Arcuri,LA
00-0041417,Al'zillion Hamilton,LA,DB,2026,2026-08-01,LA,Los Angeles Rams,Al'zillion Hamilton,DB,nflverse_roster,C:\Users\tempadmin\OneDrive\Coding\Syndicate\data\nfl_source\tracking\nflverse\roster\roster_2026.csv,2026-08-01,00-0041417,Al'zillion Hamilton,LA
00-0036603,Alaric Jackson,LA,OL,2026,2026-08-01,LA,Los Angeles Rams,Alaric Jackson,OL,nflverse_roster,C:\Users\tempadmin\OneDrive\Coding\Syndicate\data\nfl_source\tracking\nflverse\roster\roster_2026.csv,2026-08-01,00-0036603,Alaric Jackson,LA
00-0039506,Alex Johnson,LA,DB,2026,2026-08-01,LA,Los Angeles Rams,Alex Johnson,DB,nflverse_roster,C:\Users\tempadmin\OneDrive\Coding\Syndicate\data\nfl_source\tracking\nflverse\roster\roster_2026.csv,2026-08-01,00-0039506,Alex Johnson,LA
00-0041425,Austin Blaske,LA,OL,2026,2026-08-01,LA,Los Angeles Rams,Austin Blaske,OL,nflverse_roster,C:\Users\tempadmin\OneDrive\Coding\Syndicate\data\nfl_source\tracking\nflverse\roster\roster_2026.csv,2026-08-01,00-0041425,Austin Blaske,LA
00-0039753,Beaux Limmer,LA,OL,2026,2026-08-01,LA,Los Angeles Rams,Beaux Limmer,OL,nflverse_roster,C:\Users\tempadmin\OneDrive\Coding\Syndicate\data\nfl_source\tracking\nflverse\roster\roster_2026.csv,2026-08-01,00-0039753,Beaux Limmer,LA
00-0040595,Bill Norton,LA,DL,2026,2026-08-01,LA,Los Angeles Rams,Bill Norton,DL,nflverse_roster,C:\Users\tempadmin\OneDrive\Coding\Syndicate\data\nfl_source\tracking\nflverse\roster\roster_2026.csv,2026-08-01,00-0040595,Bill Norton,LA
00-0039738,Blake Corum,LA,RB,2026,2026-08-01,LA,Los Angeles Rams,Blake Corum,RB,nflverse_roster,C:\Users\tempadmin\OneDrive\Coding\Syndicate\data\nfl_source\tracking\nflverse\roster\roster_2026.csv,2026-08-01,00-0039738,Blake Corum,LA
00-0039734,Braden Fiske,LA,DL,2026,2026-08-01,LA,Los Angeles Rams,Braden Fiske,DL,nflverse_roster,C:\Users\tempadmin\OneDrive\Coding\Syndicate\data\nfl_source\tracking\nflverse\roster\roster_2026.csv,2026-08-01,00-0039734,Braden Fiske,LA
00-0040597,Brennan Presley,LA,WR,2026,2026-08-01,LA,Los Angeles Rams,Brennan Presley,WR,nflverse_roster,C:\Users\tempadmin\OneDrive\Coding\Syndicate\data\nfl_source\tracking\nflverse\roster\roster_2026.csv,2026-08-01,00-0040597,Brennan Presley,LA
00-0041418,Bryce Henderson,LA,OL,2026,2026-08-01,LA,Los Angeles Rams,Bryce Henderson,OL,nflverse_roster,C:\Users\tempadmin\OneDrive\Coding\Syndicate\data\nfl_source\tracking\nflverse\roster\roster_2026.csv,2026-08-01,00-0041418,Bryce Henderson,LA
00-0039137,Byron Young,LA,LB,2026,2026-08-01,LA,Los Angeles Rams,Byron Young,LB,nflverse_roster,C:\Users\tempadmin\OneDrive\Coding\Syndicate\data\nfl_source\tracking\nflverse\roster\roster_2026.csv,2026-08-01,00-0039137,Byron Young,LA
00-0041399,C.J. Daniels,LA,WR,2026,2026-08-01,LA,Los Angeles Rams,C.J. Daniels,WR,nflverse_roster,C:\Users\tempadmin\OneDrive\Coding\Syndicate\data\nfl_source\tracking\nflverse\roster\roster_2026.csv,2026-08-01,00-0041399,C.J. Daniels,LA
00-0039780,Cam Lampkin,LA,DB,2026,2026-08-01,LA,Los Angeles Rams,Cam Lampkin,DB,nflverse_roster,C:\Users\tempadmin\OneDrive\Coding\Syndicate\data\nfl_source\tracking\nflverse\roster\roster_2026.csv,2026-08-01,00-0039780,Cam Lampkin,LA
00-0041426,Chad Lindberg,LA,OL,2026,2026-08-01,LA,Los Angeles Rams,Chad Lindberg,OL,nflverse_roster,C:\Users\tempadmin\OneDrive\Coding\Syndicate\data\nfl_source\tracking\nflverse\roster\roster_2026.csv,2026-08-01,00-0041426,Chad Lindberg,LA
00-0036244,Colby Parkinson,LA,TE,2026,2026-08-01,LA,Los Angeles Rams,Colby Parkinson,TE,nflverse_roster,C:\Users\tempadmin\OneDrive\Coding\Syndicate\data\nfl_source\tracking\nflverse\roster\roster_2026.csv,2026-08-01,00-0036244,Colby Parkinson,LA
00-0034114,Coleman Shelton,LA,OL,2026,2026-08-01,LA,Los Angeles Rams,Coleman Shelton,OL,nflverse_roster,C:\Users\tempadmin\OneDrive\Coding\Syndicate\data\nfl_source\tracking\nflverse\roster\roster_2026.csv,2026-08-01,00-0034114,Coleman Shelton,LA
00-0041422,Dan Villari,LA,TE,2026,2026-08-01,LA,Los Angeles Rams,Dan Villari,TE,nflverse_roster,C:\Users\tempadmin\OneDrive\Coding\Syndicate\data\nfl_source\tracking\nflverse\roster\roster_2026.csv,2026-08-01,00-0041422,Dan Villari,LA
00-0041421,Darryl Peterson,LA,LB,2026,2026-08-01,LA,Los Angeles Rams,Darryl Peterson,LB,nflverse_roster,C:\Users\tempadmin\OneDrive\Coding\Syndicate\data\nfl_source\tracking\nflverse\roster\roster_2026.csv,2026-08-01,00-0041421,Darryl Peterson,LA
00-0031381,Davante Adams,LA,WR,2026,2026-08-01,LA,Los Angeles Rams,Davante Adams,WR,nflverse_roster,C:\Users\tempadmin\OneDrive\Coding\Syndicate\data\nfl_source\tracking\nflverse\roster\roster_2026.csv,2026-08-01,00-0031381,Davante Adams,LA
00-0030097,David Quessenberry,LA,OL,2026,2026-08-01,LA,Los Angeles Rams,David Quessenberry,OL,nflverse_roster,C:\Users\tempadmin\OneDrive\Coding\Syndicate\data\nfl_source\tracking\nflverse\roster\roster_2026.csv,2026-08-01,00-0030097,David Quessenberry,LA
00-0039074,Davis Allen,LA,TE,2026,2026-08-01,LA,Los Angeles Rams,Davis Allen,TE,nflverse_roster,C:\Users\tempadmin\OneDrive\Coding\Syndicate\data\nfl_source\tracking\nflverse\roster\roster_2026.csv,2026-08-01,00-0039074,Davis Allen,LA
00-0041415,Dean Connors,LA,RB,2026,2026-08-01,LA,Los Angeles Rams,Dean Connors,RB,nflverse_roster,C:\Users\tempadmin\OneDrive\Coding\Syndicate\data\nfl_source\tracking\nflverse\roster\roster_2026.csv,2026-08-01,00-0041415,Dean Connors,LA
00-0039061,Desjuan Johnson,LA,DL,2026,2026-08-01,LA,Los Angeles Rams,Desjuan Johnson,DL,nflverse_roster,C:\Users\tempadmin\OneDrive\Coding\Syndicate\data\nfl_source\tracking\nflverse\roster\roster_2026.csv,2026-08-01,00-0039061,Desjuan Johnson,LA
00-0041420,Drey Norwood,LA,DB,2026,2026-08-01,LA,Los Angeles Rams,Drey Norwood,DB,nflverse_roster,C:\Users\tempadmin\OneDrive\Coding\Syndicate\data\nfl_source\tracking\nflverse\roster\roster_2026.csv,2026-08-01,00-0041420,Drey Norwood,LA
00-0039830,Dylan McMahon,LA,OL,2026,2026-08-01,LA,Los Angeles Rams,Dylan McMahon,OL,nflverse_roster,C:\Users\tempadmin\OneDrive\Coding\Syndicate\data\nfl_source\tracking\nflverse\roster\roster_2026.csv,2026-08-01,00-0039830,Dylan McMahon,LA
00-0041429,Eddie Walls,LA,LB,2026,2026-08-01,LA,Los Angeles Rams,Eddie Walls,LB,nflverse_roster,C:\Users\tempadmin\OneDrive\Coding\Syndicate\data\nfl_source\tracking\nflverse\roster\roster_2026.csv,2026-08-01,00-0041429,Eddie Walls,LA
00-0039775,Elias Neal,LA,LB,2026,2026-08-01,LA,Los Angeles Rams,Elias Neal,LB,nflverse_roster,C:\Users\tempadmin\OneDrive\Coding\Syndicate\data\nfl_source\tracking\nflverse\roster\roster_2026.csv,2026-08-01,00-0039775,Elias Neal,LA
00-0039151,Emmanuel Forbes,LA,DB,2026,2026-08-01,LA,Los Angeles Rams,Emmanuel Forbes,DB,nflverse_roster,C:\Users\tempadmin\OneDrive\Coding\Syndicate\data\nfl_source\tracking\nflverse\roster\roster_2026.csv,2026-08-01,00-0039151,Emmanuel Forbes,LA
00-0039059,Ethan Evans,LA,P,2026,2026-08-01,LA,Los Angeles Rams,Ethan Evans,P,nflverse_roster,C:\Users\tempadmin\OneDrive\Coding\Syndicate\data\nfl_source\tracking\nflverse\roster\roster_2026.csv,2026-08-01,00-0039059,Ethan Evans,LA
00-0036672,Grant Stuard,LA,LB,2026,2026-08-01,LA,Los Angeles Rams,Grant Stuard,LB,nflverse_roster,C:\Users\tempadmin\OneDrive\Coding\Syndicate\data\nfl_source\tracking\nflverse\roster\roster_2026.csv,2026-08-01,00-0036672,Grant Stuard,LA
00-0039498,Harrison Mevis,LA,K,2026,2026-08-01,LA,Los Angeles Rams,Harrison Mevis,K,nflverse_roster,C:\Users\tempadmin\OneDrive\Coding\Syndicate\data\nfl_source\tracking\nflverse\roster\roster_2026.csv,2026-08-01,00-0039498,Harrison Mevis,LA
00-0040692,Jarquez Hunter,LA,RB,2026,2026-08-01,LA,Los Angeles Rams,Jarquez Hunter,RB,nflverse_roster,C:\Users\tempadmin\OneDrive\Coding\Syndicate\data\nfl_source\tracking\nflverse\roster\roster_2026.csv,2026-08-01,00-0040692,Jarquez Hunter,LA
00-0041428,Jaxson Moi,LA,DL,2026,2026-08-01,LA,Los Angeles Rams,Jaxson Moi,DL,nflverse_roster,C:\Users\tempadmin\OneDrive\Coding\Syndicate\data\nfl_source\tracking\nflverse\roster\roster_2026.csv,2026-08-01,00-0041428,Jaxson Moi,LA
00-0039776,Jaylen McCollough,LA,DB,2026,2026-08-01,LA,Los Angeles Rams,Jaylen McCollough,DB,nflverse_roster,C:\Users\tempadmin\OneDrive\Coding\Syndicate\data\nfl_source\tracking\nflverse\roster\roster_2026.csv,2026-08-01,00-0039776,Jaylen McCollough,LA
00-0037195,Jaylen Watson,LA,DB,2026,2026-08-01,LA,Los Angeles Rams,Jaylen Watson,DB,nflverse_roster,C:\Users\tempadmin\OneDrive\Coding\Syndicate\data\nfl_source\tracking\nflverse\roster\roster_2026.csv,2026-08-01,00-0037195,Jaylen Watson,LA
00-0032228,Joe Cardona,LA,LS,2026,2026-08-01,LA,Los Angeles Rams,Joe Cardona,LS,nflverse_roster,C:\Users\tempadmin\OneDrive\Coding\Syndicate\data\nfl_source\tracking\nflverse\roster\roster_2026.csv,2026-08-01,00-0032228,Joe Cardona,LA
00-0040601,Jordan Waters,LA,RB,2026,2026-08-01,LA,Los Angeles Rams,Jordan Waters,RB,nflverse_roster,C:\Users\tempadmin\OneDrive\Coding\Syndicate\data\nfl_source\tracking\nflverse\roster\roster_2026.csv,2026-08-01,00-0040601,Jordan Waters,LA
00-0039751,Jordan Whittington,LA,WR,2026,2026-08-01,LA,Los Angeles Rams,Jordan Whittington,WR,nflverse_roster,C:\Users\tempadmin\OneDrive\Coding\Syndicate\data\nfl_source\tracking\nflverse\roster\roster_2026.csv,2026-08-01,00-0039751,Jordan Whittington,LA
00-0040580,Josaiah Stewart,LA,LB,2026,2026-08-01,LA,Los Angeles Rams,Josaiah Stewart,LB,nflverse_roster,C:\Users\tempadmin\OneDrive\Coding\Syndicate\data\nfl_source\tracking\nflverse\roster\roster_2026.csv,2026-08-01,00-0040580,Josaiah Stewart,LA
00-0039772,Josh Wallace,LA,DB,2026,2026-08-01,LA,Los Angeles Rams,Josh Wallace,DB,nflverse_roster,C:\Users\tempadmin\OneDrive\Coding\Syndicate\data\nfl_source\tracking\nflverse\roster\roster_2026.csv,2026-08-01,00-0039772,Josh Wallace,LA
00-0039784,Justin Dedich,LA,OL,2026,2026-08-01,LA,Los Angeles Rams,Justin Dedich,OL,nflverse_roster,C:\Users\tempadmin\OneDrive\Coding\Syndicate\data\nfl_source\tracking\nflverse\roster\roster_2026.csv,2026-08-01,00-0039784,Justin Dedich,LA
00-0036349,Kam Curl,LA,DB,2026,2026-08-01,LA,Los Angeles Rams,Kam Curl,DB,nflverse_roster,C:\Users\tempadmin\OneDrive\Coding\Syndicate\data\nfl_source\tracking\nflverse\roster\roster_2026.csv,2026-08-01,00-0036349,Kam Curl,LA
00-0039834,Kamren Kinchens,LA,DB,2026,2026-08-01,LA,Los Angeles Rams,Kamren Kinchens,DB,nflverse_roster,C:\Users\tempadmin\OneDrive\Coding\Syndicate\data\nfl_source\tracking\nflverse\roster\roster_2026.csv,2026-08-01,00-0039834,Kamren Kinchens,LA
00-0041394,Keagen Trost,LA,OL,2026,2026-08-01,LA,Los Angeles Rams,Keagen Trost,OL,nflverse_roster,C:\Users\tempadmin\OneDrive\Coding\Syndicate\data\nfl_source\tracking\nflverse\roster\roster_2026.csv,2026-08-01,00-0041394,Keagen Trost,LA
00-0037057,Keir Thomas,LA,LB,2026,2026-08-01,LA,Los Angeles Rams,Keir Thomas,LB,nflverse_roster,C:\Users\tempadmin\OneDrive\Coding\Syndicate\data\nfl_source\tracking\nflverse\roster\roster_2026.csv,2026-08-01,00-0037057,Keir Thomas,LA
00-0036339,Kevin Dotson,LA,OL,2026,2026-08-01,LA,Los Angeles Rams,Kevin Dotson,OL,nflverse_roster,C:\Users\tempadmin\OneDrive\Coding\Syndicate\data\nfl_source\tracking\nflverse\roster\roster_2026.csv,2026-08-01,00-0036339,Kevin Dotson,LA
00-0039138,Kobie Turner,LA,DL,2026,2026-08-01,LA,Los Angeles Rams,Kobie Turner,DL,nflverse_roster,C:\Users\tempadmin\OneDrive\Coding\Syndicate\data\nfl_source\tracking\nflverse\roster\roster_2026.csv,2026-08-01,00-0039138,Kobie Turner,LA
00-0040590,Konata Mumpfield,LA,WR,2026,2026-08-01,LA,Los Angeles Rams,Konata Mumpfield,WR,nflverse_roster,C:\Users\tempadmin\OneDrive\Coding\Syndicate\data\nfl_source\tracking\nflverse\roster\roster_2026.csv,2026-08-01,00-0040590,Konata Mumpfield,LA
00-0037840,Kyren Williams,LA,RB,2026,2026-08-01,LA,Los Angeles Rams,Kyren Williams,RB,nflverse_roster,C:\Users\tempadmin\OneDrive\Coding\Syndicate\data\nfl_source\tracking\nflverse\roster\roster_2026.csv,2026-08-01,00-0037840,Kyren Williams,LA
00-0036237,Larrell Murchison,LA,DL,2026,2026-08-01,LA,Los Angeles Rams,Larrell Murchison,DL,nflverse_roster,C:\Users\tempadmin\OneDrive\Coding\Syndicate\data\nfl_source\tracking\nflverse\roster\roster_2026.csv,2026-08-01,00-0036237,Larrell Murchison,LA
00-0040603,Mario Williams,LA,WR,2026,2026-08-01,LA,Los Angeles Rams,Mario Williams,WR,nflverse_roster,C:\Users\tempadmin\OneDrive\Coding\Syndicate\data\nfl_source\tracking\nflverse\roster\roster_2026.csv,2026-08-01,00-0040603,Mario Williams,LA
00-0040598,Mark Redman,LA,TE,2026,2026-08-01,LA,Los Angeles Rams,Mark Redman,TE,nflverse_roster,C:\Users\tempadmin\OneDrive\Coding\Syndicate\data\nfl_source\tracking\nflverse\roster\roster_2026.csv,2026-08-01,00-0040598,Mark Redman,LA
00-0041414,Matthew Caldwell,LA,QB,2026,2026-08-01,LA,Los Angeles Rams,Matthew Caldwell,QB,nflverse_roster,C:\Users\tempadmin\OneDrive\Coding\Syndicate\data\nfl_source\tracking\nflverse\roster\roster_2026.csv,2026-08-01,00-0041414,Matthew Caldwell,LA
00-0026498,Matthew Stafford,LA,QB,2026,2026-08-01,LA,Los Angeles Rams,Matthew Stafford,QB,nflverse_roster,C:\Users\tempadmin\OneDrive\Coding\Syndicate\data\nfl_source\tracking\nflverse\roster\roster_2026.csv,2026-08-01,00-0026498,Matthew Stafford,LA
00-0041510,Max Klare,LA,TE,2026,2026-08-01,LA,Los Angeles Rams,Max Klare,TE,nflverse_roster,C:\Users\tempadmin\OneDrive\Coding\Syndicate\data\nfl_source\tracking\nflverse\roster\roster_2026.csv,2026-08-01,00-0041510,Max Klare,LA
00-0033868,Myles Garrett,LA,DL,2026,2026-08-01,LA,Los Angeles Rams,Myles Garrett,DL,nflverse_roster,C:\Users\tempadmin\OneDrive\Coding\Syndicate\data\nfl_source\tracking\nflverse\roster\roster_2026.csv,2026-08-01,00-0033868,Myles Garrett,LA
00-0037587,Nate Landman,LA,LB,2026,2026-08-01,LA,Los Angeles Rams,Nate Landman,LB,nflverse_roster,C:\Users\tempadmin\OneDrive\Coding\Syndicate\data\nfl_source\tracking\nflverse\roster\roster_2026.csv,2026-08-01,00-0037587,Nate Landman,LA
00-0040600,Nate Valcarcel,LA,DB,2026,2026-08-01,LA,Los Angeles Rams,Nate Valcarcel,DB,nflverse_roster,C:\Users\tempadmin\OneDrive\Coding\Syndicate\data\nfl_source\tracking\nflverse\roster\roster_2026.csv,2026-08-01,00-0040600,Nate Valcarcel,LA
00-0041413,Nick Andersen,LA,DB,2026,2026-08-01,LA,Los Angeles Rams,Nick Andersen,DB,nflverse_roster,C:\Users\tempadmin\OneDrive\Coding\Syndicate\data\nfl_source\tracking\nflverse\roster\roster_2026.csv,2026-08-01,00-0041413,Nick Andersen,LA
00-0041419,Nikhai Hill-Green,LA,LB,2026,2026-08-01,LA,Los Angeles Rams,Nikhai Hill-Green,LB,nflverse_roster,C:\Users\tempadmin\OneDrive\Coding\Syndicate\data\nfl_source\tracking\nflverse\roster\roster_2026.csv,2026-08-01,00-0041419,Nikhai Hill-Green,LA
00-0041416,Nyzier Fourqurean,LA,DB,2026,2026-08-01,LA,Los Angeles Rams,Nyzier Fourqurean,DB,nflverse_roster,C:\Users\tempadmin\OneDrive\Coding\Syndicate\data\nfl_source\tracking\nflverse\roster\roster_2026.csv,2026-08-01,00-0041416,Nyzier Fourqurean,LA
00-0039774,Omar Speights,LA,LB,2026,2026-08-01,LA,Los Angeles Rams,Omar Speights,LB,nflverse_roster,C:\Users\tempadmin\OneDrive\Coding\Syndicate\data\nfl_source\tracking\nflverse\roster\roster_2026.csv,2026-08-01,00-0039774,Omar Speights,LA
00-0041423,Payton Zdroik,LA,DL,2026,2026-08-01,LA,Los Angeles Rams,Payton Zdroik,DL,nflverse_roster,C:\Users\tempadmin\OneDrive\Coding\Syndicate\data\nfl_source\tracking\nflverse\roster\roster_2026.csv,2026-08-01,00-0041423,Payton Zdroik,LA
00-0034234,Poona Ford,LA,DL,2026,2026-08-01,LA,Los Angeles Rams,Poona Ford,DL,nflverse_roster,C:\Users\tempadmin\OneDrive\Coding\Syndicate\data\nfl_source\tracking\nflverse\roster\roster_2026.csv,2026-08-01,00-0034234,Poona Ford,LA
00-0039075,Puka Nacua,LA,WR,2026,2026-08-01,LA,Los Angeles Rams,Puka Nacua,WR,nflverse_roster,C:\Users\tempadmin\OneDrive\Coding\Syndicate\data\nfl_source\tracking\nflverse\roster\roster_2026.csv,2026-08-01,00-0039075,Puka Nacua,LA
00-0037841,Quentin Lake,LA,DB,2026,2026-08-01,LA,Los Angeles Rams,Quentin Lake,DB,nflverse_roster,C:\Users\tempadmin\OneDrive\Coding\Syndicate\data\nfl_source\tracking\nflverse\roster\roster_2026.csv,2026-08-01,00-0037841,Quentin Lake,LA
00-0041403,Rohan Jones,LA,TE,2026,2026-08-01,LA,Los Angeles Rams,Rohan Jones,TE,nflverse_roster,C:\Users\tempadmin\OneDrive\Coding\Syndicate\data\nfl_source\tracking\nflverse\roster\roster_2026.csv,2026-08-01,00-0041403,Rohan Jones,LA
00-0037557,Ronnie Rivers,LA,RB,2026,2026-08-01,LA,Los Angeles Rams,Ronnie Rivers,RB,nflverse_roster,C:\Users\tempadmin\OneDrive\Coding\Syndicate\data\nfl_source\tracking\nflverse\roster\roster_2026.csv,2026-08-01,00-0037557,Ronnie Rivers,LA
00-0040613,Shaun Dolac,LA,LB,2026,2026-08-01,LA,Los Angeles Rams,Shaun Dolac,LB,nflverse_roster,C:\Users\tempadmin\OneDrive\Coding\Syndicate\data\nfl_source\tracking\nflverse\roster\roster_2026.csv,2026-08-01,00-0040613,Shaun Dolac,LA
00-0039107,Stetson Bennett,LA,QB,2026,2026-08-01,LA,Los Angeles Rams,Stetson Bennett,QB,nflverse_roster,C:\Users\tempadmin\OneDrive\Coding\Syndicate\data\nfl_source\tracking\nflverse\roster\roster_2026.csv,2026-08-01,00-0039107,Stetson Bennett,LA
00-0039058,Steve Avila,LA,OL,2026,2026-08-01,LA,Los Angeles Rams,Steve Avila,OL,nflverse_roster,C:\Users\tempadmin\OneDrive\Coding\Syndicate\data\nfl_source\tracking\nflverse\roster\roster_2026.csv,2026-08-01,00-0039058,Steve Avila,LA
00-0038366,Tanner Ingle,LA,DB,2026,2026-08-01,LA,Los Angeles Rams,Tanner Ingle,DB,nflverse_roster,C:\Users\tempadmin\OneDrive\Coding\Syndicate\data\nfl_source\tracking\nflverse\roster\roster_2026.csv,2026-08-01,00-0038366,Tanner Ingle,LA
00-0040737,Terrance Ferguson,LA,TE,2026,2026-08-01,LA,Los Angeles Rams,Terrance Ferguson,TE,nflverse_roster,C:\Users\tempadmin\OneDrive\Coding\Syndicate\data\nfl_source\tracking\nflverse\roster\roster_2026.csv,2026-08-01,00-0040737,Terrance Ferguson,LA
00-0041534,Tim Keenan,LA,DL,2026,2026-08-01,LA,Los Angeles Rams,Tim Keenan,DL,nflverse_roster,C:\Users\tempadmin\OneDrive\Coding\Syndicate\data\nfl_source\tracking\nflverse\roster\roster_2026.csv,2026-08-01,00-0041534,Tim Keenan,LA
00-0037447,Tomon Fox,LA,LB,2026,2026-08-01,LA,Los Angeles Rams,Tomon Fox,LB,nflverse_roster,C:\Users\tempadmin\OneDrive\Coding\Syndicate\data\nfl_source\tracking\nflverse\roster\roster_2026.csv,2026-08-01,00-0037447,Tomon Fox,LA
00-0037191,Trent McDuffie,LA,DB,2026,2026-08-01,LA,Los Angeles Rams,Trent McDuffie,DB,nflverse_roster,C:\Users\tempadmin\OneDrive\Coding\Syndicate\data\nfl_source\tracking\nflverse\roster\roster_2026.csv,2026-08-01,00-0037191,Trent McDuffie,LA
00-0040609,Tru Edwards,LA,WR,2026,2026-08-01,LA,Los Angeles Rams,Tru Edwards,WR,nflverse_roster,C:\Users\tempadmin\OneDrive\Coding\Syndicate\data\nfl_source\tracking\nflverse\roster\roster_2026.csv,2026-08-01,00-0040609,Tru Edwards,LA
00-0040585,Ty Hamilton,LA,DL,2026,2026-08-01,LA,Los Angeles Rams,Ty Hamilton,DL,nflverse_roster,C:\Users\tempadmin\OneDrive\Coding\Syndicate\data\nfl_source\tracking\nflverse\roster\roster_2026.csv,2026-08-01,00-0040585,Ty Hamilton,LA
00-0041568,Ty Simpson,LA,QB,2026,2026-08-01,LA,Los Angeles Rams,Ty Simpson,QB,nflverse_roster,C:\Users\tempadmin\OneDrive\Coding\Syndicate\data\nfl_source\tracking\nflverse\roster\roster_2026.csv,2026-08-01,00-0041568,Ty Simpson,LA
00-0039749,Tyler Davis,LA,DL,2026,2026-08-01,LA,Los Angeles Rams,Tyler Davis,DL,nflverse_roster,C:\Users\tempadmin\OneDrive\Coding\Syndicate\data\nfl_source\tracking\nflverse\roster\roster_2026.csv,2026-08-01,00-0039749,Tyler Davis,LA
00-0033110,Tyler Higbee,LA,TE,2026,2026-08-01,LA,Los Angeles Rams,Tyler Higbee,TE,nflverse_roster,C:\Users\tempadmin\OneDrive\Coding\Syndicate\data\nfl_source\tracking\nflverse\roster\roster_2026.csv,2026-08-01,00-0033110,Tyler Higbee,LA
00-0038941,Tyler Scott,LA,WR,2026,2026-08-01,LA,Los Angeles Rams,Tyler Scott,WR,nflverse_roster,C:\Users\tempadmin\OneDrive\Coding\Syndicate\data\nfl_source\tracking\nflverse\roster\roster_2026.csv,2026-08-01,00-0038941,Tyler Scott,LA
00-0039077,Warren McClendon Jr.,LA,OL,2026,2026-08-01,LA,Los Angeles Rams,Warren McClendon Jr.,OL,nflverse_roster,C:\Users\tempadmin\OneDrive\Coding\Syndicate\data\nfl_source\tracking\nflverse\roster\roster_2026.csv,2026-08-01,00-0039077,Warren McClendon Jr.,LA
00-0041404,Wesley Bailey,LA,DL,2026,2026-08-01,LA,Los Angeles Rams,Wesley Bailey,DL,nflverse_roster,C:\Users\tempadmin\OneDrive\Coding\Syndicate\data\nfl_source\tracking\nflverse\roster\roster_2026.csv,2026-08-01,00-0041404,Wesley Bailey,LA
00-0040611,Wyatt Bowles,LA,OL,2026,2026-08-01,LA,Los Angeles Rams,Wyatt Bowles,OL,nflverse_roster,C:\Users\tempadmin\OneDrive\Coding\Syndicate\data\nfl_source\tracking\nflverse\roster\roster_2026.csv,2026-08-01,00-0040611,Wyatt Bowles,LA
00-0038359,Xavier Smith,LA,WR,2026,2026-08-01,LA,Los Angeles Rams,Xavier Smith,WR,nflverse_roster,C:\Users\tempadmin\OneDrive\Coding\Syndicate\data\nfl_source\tracking\nflverse\roster\roster_2026.csv,2026-08-01,00-0038359,Xavier Smith,LA
00-0041544,Akheem Mesidor,LAC,LB,2026,2026-08-01,LAC,Los Angeles Chargers,Akheem Mesidor,LB,nflverse_roster,C:\Users\tempadmin\OneDrive\Coding\Syndicate\data\nfl_source\tracking\nflverse\roster\roster_2026.csv,2026-08-01,00-0041544,Akheem Mesidor,LAC
00-0035125,Alec Ingold,LAC,RB,2026,2026-08-01,LAC,Los Angeles Chargers,Alec Ingold,RB,nflverse_roster,C:\Users\tempadmin\OneDrive\Coding\Syndicate\data\nfl_source\tracking\nflverse\roster\roster_2026.csv,2026-08-01,00-0035125,Alec Ingold,LAC
00-0041107,Alex Harkey,LAC,OL,2026,2026-08-01,LAC,Los Angeles Chargers,Alex Harkey,OL,nflverse_roster,C:\Users\tempadmin\OneDrive\Coding\Syndicate\data\nfl_source\tracking\nflverse\roster\roster_2026.csv,2026-08-01,00-0041107,Alex Harkey,LAC
00-0040039,Amar Johnson,LAC,RB,2026,2026-08-01,LAC,Los Angeles Chargers,Amar Johnson,RB,nflverse_roster,C:\Users\tempadmin\OneDrive\Coding\Syndicate\data\nfl_source\tracking\nflverse\roster\roster_2026.csv,2026-08-01,00-0040039,Amar Johnson,LAC
00-0041382,Avery Smith,LAC,DB,2026,2026-08-01,LAC,Los Angeles Chargers,Avery Smith,DB,nflverse_roster,C:\Users\tempadmin\OneDrive\Coding\Syndicate\data\nfl_source\tracking\nflverse\roster\roster_2026.csv,2026-08-01,00-0041382,Avery Smith,LAC
00-0036977,Ben Cleveland,LAC,OL,2026,2026-08-01,LAC,Los Angeles Chargers,Ben Cleveland,OL,nflverse_roster,C:\Users\tempadmin\OneDrive\Coding\Syndicate\data\nfl_source\tracking\nflverse\roster\roster_2026.csv,2026-08-01,00-0036977,Ben Cleveland,LAC
00-0040212,Branson Taylor,LAC,OL,2026,2026-08-01,LAC,Los Angeles Chargers,Branson Taylor,OL,nflverse_roster,C:\Users\tempadmin\OneDrive\Coding\Syndicate\data\nfl_source\tracking\nflverse\roster\roster_2026.csv,2026-08-01,00-0040212,Branson Taylor,LAC
00-0041550,Brenen Thompson,LAC,WR,2026,2026-08-01,LAC,Los Angeles Chargers,Brenen Thompson,WR,nflverse_roster,C:\Users\tempadmin\OneDrive\Coding\Syndicate\data\nfl_source\tracking\nflverse\roster\roster_2026.csv,2026-08-01,00-0041550,Brenen Thompson,LAC
00-0032146,Bud Dupree,LAC,LB,2026,2026-08-01,LAC,Los Angeles Chargers,Bud Dupree,LB,nflverse_roster,C:\Users\tempadmin\OneDrive\Coding\Syndicate\data\nfl_source\tracking\nflverse\roster\roster_2026.csv,2026-08-01,00-0032146,Bud Dupree,LAC
00-0039369,Cam Hart,LAC,DB,2026,2026-08-01,LAC,Los Angeles Chargers,Cam Hart,DB,nflverse_roster,C:\Users\tempadmin\OneDrive\Coding\Syndicate\data\nfl_source\tracking\nflverse\roster\roster_2026.csv,2026-08-01,00-0039369,Cam Hart,LAC
00-0037224,Cameron Dicker,LAC,K,2026,2026-08-01,LAC,Los Angeles Chargers,Cameron Dicker,K,nflverse_roster,C:\Users\tempadmin\OneDrive\Coding\Syndicate\data\nfl_source\tracking\nflverse\roster\roster_2026.csv,2026-08-01,00-0037224,Cameron Dicker,LAC
00-0038046,Charlie Kolar,LAC,TE,2026,2026-08-01,LAC,Los Angeles Chargers,Charlie Kolar,TE,nflverse_roster,C:\Users\tempadmin\OneDrive\Coding\Syndicate\data\nfl_source\tracking\nflverse\roster\roster_2026.csv,2026-08-01,00-0038046,Charlie Kolar,LAC
00-0038103,Cole Strange,LAC,OL,2026,2026-08-01,LAC,Los Angeles Chargers,Cole Strange,OL,nflverse_roster,C:\Users\tempadmin\OneDrive\Coding\Syndicate\data\nfl_source\tracking\nflverse\roster\roster_2026.csv,2026-08-01,00-0038103,Cole Strange,LAC
00-0040464,DJ Uiagalelei,LAC,QB,2026,2026-08-01,LAC,Los Angeles Chargers,DJ Uiagalelei,QB,nflverse_roster,C:\Users\tempadmin\OneDrive\Coding\Syndicate\data\nfl_source\tracking\nflverse\roster\roster_2026.csv,2026-08-01,00-0040464,DJ Uiagalelei,LAC
00-0038553,Daiyan Henley,LAC,LB,2026,2026-08-01,LAC,Los Angeles Chargers,Daiyan Henley,LB,nflverse_roster,C:\Users\tempadmin\OneDrive\Coding\Syndicate\data\nfl_source\tracking\nflverse\roster\roster_2026.csv,2026-08-01,00-0038553,Daiyan Henley,LAC
00-0040629,Dalevon Campbell,LAC,WR,2026,2026-08-01,LAC,Los Angeles Chargers,Dalevon Campbell,WR,nflverse_roster,C:\Users\tempadmin\OneDrive\Coding\Syndicate\data\nfl_source\tracking\nflverse\roster\roster_2026.csv,2026-08-01,00-0040629,Dalevon Campbell,LAC
00-0033546,Dalvin Tomlinson,LAC,DL,2026,2026-08-01,LAC,Los Angeles Chargers,Dalvin Tomlinson,DL,nflverse_roster,C:\Users\tempadmin\OneDrive\Coding\Syndicate\data\nfl_source\tracking\nflverse\roster\roster_2026.csv,2026-08-01,00-0033546,Dalvin Tomlinson,LAC
00-0033885,David Njoku,LAC,TE,2026,2026-08-01,LAC,Los Angeles Chargers,David Njoku,TE,nflverse_roster,C:\Users\tempadmin\OneDrive\Coding\Syndicate\data\nfl_source\tracking\nflverse\roster\roster_2026.csv,2026-08-01,00-0033885,David Njoku,LAC
00-0037320,Deane Leonard,LAC,DB,2026,2026-08-01,LAC,Los Angeles Chargers,Deane Leonard,DB,nflverse_roster,C:\Users\tempadmin\OneDrive\Coding\Syndicate\data\nfl_source\tracking\nflverse\roster\roster_2026.csv,2026-08-01,00-0037320,Deane Leonard,LAC
00-0035202,Del'Shawn Phillips,LAC,LB,2026,2026-08-01,LAC,Los Angeles Chargers,Del'Shawn Phillips,LB,nflverse_roster,C:\Users\tempadmin\OneDrive\Coding\Syndicate\data\nfl_source\tracking\nflverse\roster\roster_2026.csv,2026-08-01,00-0035202,Del'Shawn Phillips,LAC
00-0032103,Denzel Perryman,LAC,LB,2026,2026-08-01,LAC,Los Angeles Chargers,Denzel Perryman,LB,nflverse_roster,C:\Users\tempadmin\OneDrive\Coding\Syndicate\data\nfl_source\tracking\nflverse\roster\roster_2026.csv,2026-08-01,00-0032103,Denzel Perryman,LAC
00-0038573,Derius Davis,LAC,WR,2026,2026-08-01,LAC,Los Angeles Chargers,Derius Davis,WR,nflverse_roster,C:\Users\tempadmin\OneDrive\Coding\Syndicate\data\nfl_source\tracking\nflverse\roster\roster_2026.csv,2026-08-01,00-0038573,Derius Davis,LAC
00-0034790,Derwin James,LAC,DB,2026,2026-08-01,LAC,Los Angeles Chargers,Derwin James,DB,nflverse_roster,C:\Users\tempadmin\OneDrive\Coding\Syndicate\data\nfl_source\tracking\nflverse\roster\roster_2026.csv,2026-08-01,00-0034790,Derwin James,LAC
00-0041377,Devin Grant,LAC,DB,2026,2026-08-01,LAC,Los Angeles Chargers,Devin Grant,DB,nflverse_roster,C:\Users\tempadmin\OneDrive\Coding\Syndicate\data\nfl_source\tracking\nflverse\roster\roster_2026.csv,2026-08-01,00-0041377,Devin Grant,LAC
00-0041380,Devonte Ross,LAC,WR,2026,2026-08-01,LAC,Los Angeles Chargers,Devonte Ross,WR,nflverse_roster,C:\Users\tempadmin\OneDrive\Coding\Syndicate\data\nfl_source\tracking\nflverse\roster\roster_2026.csv,2026-08-01,00-0041380,Devonte Ross,LAC
00-0034356,Donte Jackson,LAC,DB,2026,2026-08-01,LAC,Los Angeles Chargers,Donte Jackson,DB,nflverse_roster,C:\Users\tempadmin\OneDrive\Coding\Syndicate\data\nfl_source\tracking\nflverse\roster\roster_2026.csv,2026-08-01,00-0034356,Donte Jackson,LAC
00-0036992,Elijah Molden,LAC,DB,2026,2026-08-01,LAC,Los Angeles Chargers,Elijah Molden,DB,nflverse_roster,C:\Users\tempadmin\OneDrive\Coding\Syndicate\data\nfl_source\tracking\nflverse\roster\roster_2026.csv,2026-08-01,00-0036992,Elijah Molden,LAC
00-0039526,Emany Johnson,LAC,LB,2026,2026-08-01,LAC,Los Angeles Chargers,Emany Johnson,LB,nflverse_roster,C:\Users\tempadmin\OneDrive\Coding\Syndicate\data\nfl_source\tracking\nflverse\roster\roster_2026.csv,2026-08-01,00-0039526,Emany Johnson,LAC
00-0040468,Eric Rogers,LAC,DB,2026,2026-08-01,LAC,Los Angeles Chargers,Eric Rogers,DB,nflverse_roster,C:\Users\tempadmin\OneDrive\Coding\Syndicate\data\nfl_source\tracking\nflverse\roster\roster_2026.csv,2026-08-01,00-0040468,Eric Rogers,LAC
00-0041384,Evan Svoboda,LAC,TE,2026,2026-08-01,LAC,Los Angeles Chargers,Evan Svoboda,TE,nflverse_roster,C:\Users\tempadmin\OneDrive\Coding\Syndicate\data\nfl_source\tracking\nflverse\roster\roster_2026.csv,2026-08-01,00-0041384,Evan Svoboda,LAC
00-0040472,Garmon Randolph,LAC,LB,2026,2026-08-01,LAC,Los Angeles Chargers,Garmon Randolph,LB,nflverse_roster,C:\Users\tempadmin\OneDrive\Coding\Syndicate\data\nfl_source\tracking\nflverse\roster\roster_2026.csv,2026-08-01,00-0040472,Garmon Randolph,LAC
00-0041064,Genesis Smith,LAC,DB,2026,2026-08-01,LAC,Los Angeles Chargers,Genesis Smith,DB,nflverse_roster,C:\Users\tempadmin\OneDrive\Coding\Syndicate\data\nfl_source\tracking\nflverse\roster\roster_2026.csv,2026-08-01,00-0041064,Genesis Smith,LAC
00-0041376,Gregory Desrosiers,LAC,RB,2026,2026-08-01,LAC,Los Angeles Chargers,Gregory Desrosiers,RB,nflverse_roster,C:\Users\tempadmin\OneDrive\Coding\Syndicate\data\nfl_source\tracking\nflverse\roster\roster_2026.csv,2026-08-01,00-0041376,Gregory Desrosiers,LAC
00-0041387,Isaiah World,LAC,OL,2026,2026-08-01,LAC,Los Angeles Chargers,Isaiah World,OL,nflverse_roster,C:\Users\tempadmin\OneDrive\Coding\Syndicate\data\nfl_source\tracking\nflverse\roster\roster_2026.csv,2026-08-01,00-0041387,Isaiah World,LAC
00-0040065,Isas Waxter,LAC,DB,2026,2026-08-01,LAC,Los Angeles Chargers,Isas Waxter,DB,nflverse_roster,C:\Users\tempadmin\OneDrive\Coding\Syndicate\data\nfl_source\tracking\nflverse\roster\roster_2026.csv,2026-08-01,00-0040065,Isas Waxter,LAC
00-0034162,J.K. Scott,LAC,P,2026,2026-08-01,LAC,Los Angeles Chargers,J.K. Scott,P,nflverse_roster,C:\Users\tempadmin\OneDrive\Coding\Syndicate\data\nfl_source\tracking\nflverse\roster\roster_2026.csv,2026-08-01,00-0034162,J.K. Scott,LAC
00-0039722,JaQuae Jackson,LAC,WR,2026,2026-08-01,LAC,Los Angeles Chargers,JaQuae Jackson,WR,nflverse_roster,C:\Users\tempadmin\OneDrive\Coding\Syndicate\data\nfl_source\tracking\nflverse\roster\roster_2026.csv,2026-08-01,00-0039722,JaQuae Jackson,LAC
00-0041383,Jacob Spomer,LAC,OL,2026,2026-08-01,LAC,Los Angeles Chargers,Jacob Spomer,OL,nflverse_roster,C:\Users\tempadmin\OneDrive\Coding\Syndicate\data\nfl_source\tracking\nflverse\roster\roster_2026.csv,2026-08-01,00-0041383,Jacob Spomer,LAC
00-0041378,Jacobian Guillory,LAC,DL,2026,2026-08-01,LAC,Los Angeles Chargers,Jacobian Guillory,DL,nflverse_roster,C:\Users\tempadmin\OneDrive\Coding\Syndicate\data\nfl_source\tracking\nflverse\roster\roster_2026.csv,2026-08-01,00-0041378,Jacobian Guillory,LAC
00-0041375,Jahmeer Carter,LAC,DL,2026,2026-08-01,LAC,Los Angeles Chargers,Jahmeer Carter,DL,nflverse_roster,C:\Users\tempadmin\OneDrive\Coding\Syndicate\data\nfl_source\tracking\nflverse\roster\roster_2026.csv,2026-08-01,00-0041375,Jahmeer Carter,LAC
00-0041392,Jake Slaughter,LAC,OL,2026,2026-08-01,LAC,Los Angeles Chargers,Jake Slaughter,OL,nflverse_roster,C:\Users\tempadmin\OneDrive\Coding\Syndicate\data\nfl_source\tracking\nflverse\roster\roster_2026.csv,2026-08-01,00-0041392,Jake Slaughter,LAC
00-0040144,Jamaree Caldwell,LAC,DL,2026,2026-08-01,LAC,Los Angeles Chargers,Jamaree Caldwell,DL,nflverse_roster,C:\Users\tempadmin\OneDrive\Coding\Syndicate\data\nfl_source\tracking\nflverse\roster\roster_2026.csv,2026-08-01,00-0040144,Jamaree Caldwell,LAC
00-0036755,Jaret Patterson,LAC,RB,2026,2026-08-01,LAC,Los Angeles Chargers,Jaret Patterson,RB,nflverse_roster,C:\Users\tempadmin\OneDrive\Coding\Syndicate\data\nfl_source\tracking\nflverse\roster\roster_2026.csv,2026-08-01,00-0036755,Jaret Patterson,LAC
00-0041373,Jerand Bradley,LAC,WR,2026,2026-08-01,LAC,Los Angeles Chargers,Jerand Bradley,WR,nflverse_roster,C:\Users\tempadmin\OneDrive\Coding\Syndicate\data\nfl_source\tracking\nflverse\roster\roster_2026.csv,2026-08-01,00-0041373,Jerand Bradley,LAC
00-0039897,Joe Alt,LAC,OL,2026,2026-08-01,LAC,Los Angeles Chargers,Joe Alt,OL,nflverse_roster,C:\Users\tempadmin\OneDrive\Coding\Syndicate\data\nfl_source\tracking\nflverse\roster\roster_2026.csv,2026-08-01,00-0039897,Joe Alt,LAC
00-0041452,Johnny Pascuzzi,LAC,TE,2026,2026-08-01,LAC,Los Angeles Chargers,Johnny Pascuzzi,TE,nflverse_roster,C:\Users\tempadmin\OneDrive\Coding\Syndicate\data\nfl_source\tracking\nflverse\roster\roster_2026.csv,2026-08-01,00-0041452,Johnny Pascuzzi,LAC
00-0028845,Josh Harris,LAC,LS,2026,2026-08-01,LAC,Los Angeles Chargers,Josh Harris,LS,nflverse_roster,C:\Users\tempadmin\OneDrive\Coding\Syndicate\data\nfl_source\tracking\nflverse\roster\roster_2026.csv,2026-08-01,00-0028845,Josh Harris,LAC
00-0040467,Josh Kaltenberger,LAC,OL,2026,2026-08-01,LAC,Los Angeles Chargers,Josh Kaltenberger,OL,nflverse_roster,C:\Users\tempadmin\OneDrive\Coding\Syndicate\data\nfl_source\tracking\nflverse\roster\roster_2026.csv,2026-08-01,00-0040467,Josh Kaltenberger,LAC
00-0039346,Junior Colson,LAC,LB,2026,2026-08-01,LAC,Los Angeles Chargers,Junior Colson,LB,nflverse_roster,C:\Users\tempadmin\OneDrive\Coding\Syndicate\data\nfl_source\tracking\nflverse\roster\roster_2026.csv,2026-08-01,00-0039346,Junior Colson,LAC
00-0039835,Justin Eboigbe,LAC,DL,2026,2026-08-01,LAC,Los Angeles Chargers,Justin Eboigbe,DL,nflverse_roster,C:\Users\tempadmin\OneDrive\Coding\Syndicate\data\nfl_source\tracking\nflverse\roster\roster_2026.csv,2026-08-01,00-0039835,Justin Eboigbe,LAC
00-0036355,Justin Herbert,LAC,QB,2026,2026-08-01,LAC,Los Angeles Chargers,Justin Herbert,QB,nflverse_roster,C:\Users\tempadmin\OneDrive\Coding\Syndicate\data\nfl_source\tracking\nflverse\roster\roster_2026.csv,2026-08-01,00-0036355,Justin Herbert,LAC
00-0036736,Kayode Awosika,LAC,OL,2026,2026-08-01,LAC,Los Angeles Chargers,Kayode Awosika,OL,nflverse_roster,C:\Users\tempadmin\OneDrive\Coding\Syndicate\data\nfl_source\tracking\nflverse\roster\roster_2026.csv,2026-08-01,00-0036736,Kayode Awosika,LAC
00-0040184,KeAndre Lambert-Smith,LAC,WR,2026,2026-08-01,LAC,Los Angeles Chargers,KeAndre Lambert-Smith,WR,nflverse_roster,C:\Users\tempadmin\OneDrive\Coding\Syndicate\data\nfl_source\tracking\nflverse\roster\roster_2026.csv,2026-08-01,00-0040184,KeAndre Lambert-Smith,LAC
00-0038454,Keaton Mitchell,LAC,RB,2026,2026-08-01,LAC,Los Angeles Chargers,Keaton Mitchell,RB,nflverse_roster,C:\Users\tempadmin\OneDrive\Coding\Syndicate\data\nfl_source\tracking\nflverse\roster\roster_2026.csv,2026-08-01,00-0038454,Keaton Mitchell,LAC
00-0038414,Kendall Williamson,LAC,DB,2026,2026-08-01,LAC,Los Angeles Chargers,Kendall Williamson,DB,nflverse_roster,C:\Users\tempadmin\OneDrive\Coding\Syndicate\data\nfl_source\tracking\nflverse\roster\roster_2026.csv,2026-08-01,00-0038414,Kendall Williamson,LAC
00-0031040,Khalil Mack,LAC,LB,2026,2026-08-01,LAC,Los Angeles Chargers,Khalil Mack,LB,nflverse_roster,C:\Users\tempadmin\OneDrive\Coding\Syndicate\data\nfl_source\tracking\nflverse\roster\roster_2026.csv,2026-08-01,00-0031040,Khalil Mack,LAC
00-0039391,Kimani Vidal,LAC,RB,2026,2026-08-01,LAC,Los Angeles Chargers,Kimani Vidal,RB,nflverse_roster,C:\Users\tempadmin\OneDrive\Coding\Syndicate\data\nfl_source\tracking\nflverse\roster\roster_2026.csv,2026-08-01,00-0039391,Kimani Vidal,LAC
00-0040161,Kyle Kennard,LAC,LB,2026,2026-08-01,LAC,Los Angeles Chargers,Kyle Kennard,LB,nflverse_roster,C:\Users\tempadmin\OneDrive\Coding\Syndicate\data\nfl_source\tracking\nflverse\roster\roster_2026.csv,2026-08-01,00-0040161,Kyle Kennard,LAC
00-0039915,Ladd McConkey,LAC,WR,2026,2026-08-01,LAC,Los Angeles Chargers,Ladd McConkey,WR,nflverse_roster,C:\Users\tempadmin\OneDrive\Coding\Syndicate\data\nfl_source\tracking\nflverse\roster\roster_2026.csv,2026-08-01,00-0039915,Ladd McConkey,LAC
00-0039932,Laekin Vakalahi,LAC,OL,2026,2026-08-01,LAC,Los Angeles Chargers,Laekin Vakalahi,OL,nflverse_roster,C:\Users\tempadmin\OneDrive\Coding\Syndicate\data\nfl_source\tracking\nflverse\roster\roster_2026.csv,2026-08-01,00-0039932,Laekin Vakalahi,LAC
00-0041372,Lander Barton,LAC,LB,2026,2026-08-01,LAC,Los Angeles Chargers,Lander Barton,LB,nflverse_roster,C:\Users\tempadmin\OneDrive\Coding\Syndicate\data\nfl_source\tracking\nflverse\roster\roster_2026.csv,2026-08-01,00-0041372,Lander Barton,LAC
00-0041105,Logan Taylor,LAC,OL,2026,2026-08-01,LAC,Los Angeles Chargers,Logan Taylor,OL,nflverse_roster,C:\Users\tempadmin\OneDrive\Coding\Syndicate\data\nfl_source\tracking\nflverse\roster\roster_2026.csv,2026-08-01,00-0041105,Logan Taylor,LAC
00-0040461,Luke Grimm,LAC,WR,2026,2026-08-01,LAC,Los Angeles Chargers,Luke Grimm,WR,nflverse_roster,C:\Users\tempadmin\OneDrive\Coding\Syndicate\data\nfl_source\tracking\nflverse\roster\roster_2026.csv,2026-08-01,00-0040461,Luke Grimm,LAC
00-0041474,Mante Morrow,LAC,WR,2026,2026-08-01,LAC,Los Angeles Chargers,Mante Morrow,WR,nflverse_roster,C:\Users\tempadmin\OneDrive\Coding\Syndicate\data\nfl_source\tracking\nflverse\roster\roster_2026.csv,2026-08-01,00-0041474,Mante Morrow,LAC
00-0040460,Marlowe Wax,LAC,LB,2026,2026-08-01,LAC,Los Angeles Chargers,Marlowe Wax,LB,nflverse_roster,C:\Users\tempadmin\OneDrive\Coding\Syndicate\data\nfl_source\tracking\nflverse\roster\roster_2026.csv,2026-08-01,00-0040460,Marlowe Wax,LAC
00-0040473,Myles Purchase,LAC,DB,2026,2026-08-01,LAC,Los Angeles Chargers,Myles Purchase,DB,nflverse_roster,C:\Users\tempadmin\OneDrive\Coding\Syndicate\data\nfl_source\tracking\nflverse\roster\roster_2026.csv,2026-08-01,00-0040473,Myles Purchase,LAC
00-0041385,Nadame Tucker,LAC,DL,2026,2026-08-01,LAC,Los Angeles Chargers,Nadame Tucker,DL,nflverse_roster,C:\Users\tempadmin\OneDrive\Coding\Syndicate\data\nfl_source\tracking\nflverse\roster\roster_2026.csv,2026-08-01,00-0041385,Nadame Tucker,LAC
00-0041072,Nick Barrett,LAC,DL,2026,2026-08-01,LAC,Los Angeles Chargers,Nick Barrett,DL,nflverse_roster,C:\Users\tempadmin\OneDrive\Coding\Syndicate\data\nfl_source\tracking\nflverse\roster\roster_2026.csv,2026-08-01,00-0041072,Nick Barrett,LAC
00-0040471,Nikko Reed,LAC,DB,2026,2026-08-01,LAC,Los Angeles Chargers,Nikko Reed,DB,nflverse_roster,C:\Users\tempadmin\OneDrive\Coding\Syndicate\data\nfl_source\tracking\nflverse\roster\roster_2026.csv,2026-08-01,00-0040471,Nikko Reed,LAC
00-0041371,Noah Avinger,LAC,DB,2026,2026-08-01,LAC,Los Angeles Chargers,Noah Avinger,DB,nflverse_roster,C:\Users\tempadmin\OneDrive\Coding\Syndicate\data\nfl_source\tracking\nflverse\roster\roster_2026.csv,2026-08-01,00-0041371,Noah Avinger,LAC
00-0040666,Omarion Hampton,LAC,RB,2026,2026-08-01,LAC,Los Angeles Chargers,Omarion Hampton,RB,nflverse_roster,C:\Users\tempadmin\OneDrive\Coding\Syndicate\data\nfl_source\tracking\nflverse\roster\roster_2026.csv,2026-08-01,00-0040666,Omarion Hampton,LAC
00-0040189,Oronde Gadsden II,LAC,TE,2026,2026-08-01,LAC,Los Angeles Chargers,Oronde Gadsden II,TE,nflverse_roster,C:\Users\tempadmin\OneDrive\Coding\Syndicate\data\nfl_source\tracking\nflverse\roster\roster_2026.csv,2026-08-01,00-0040189,Oronde Gadsden II,LAC
00-0038544,Quentin Johnston,LAC,WR,2026,2026-08-01,LAC,Los Angeles Chargers,Quentin Johnston,WR,nflverse_roster,C:\Users\tempadmin\OneDrive\Coding\Syndicate\data\nfl_source\tracking\nflverse\roster\roster_2026.csv,2026-08-01,00-0038544,Quentin Johnston,LAC
00-0040221,R.J. Mickens,LAC,DB,2026,2026-08-01,LAC,Los Angeles Chargers,R.J. Mickens,DB,nflverse_roster,C:\Users\tempadmin\OneDrive\Coding\Syndicate\data\nfl_source\tracking\nflverse\roster\roster_2026.csv,2026-08-01,00-0040221,R.J. Mickens,LAC
00-0037009,Rashawn Slater,LAC,OL,2026,2026-08-01,LAC,Los Angeles Chargers,Rashawn Slater,OL,nflverse_roster,C:\Users\tempadmin\OneDrive\Coding\Syndicate\data\nfl_source\tracking\nflverse\roster\roster_2026.csv,2026-08-01,00-0037009,Rashawn Slater,LAC
00-0041381,Rodney Shelley,LAC,DB,2026,2026-08-01,LAC,Los Angeles Chargers,Rodney Shelley,DB,nflverse_roster,C:\Users\tempadmin\OneDrive\Coding\Syndicate\data\nfl_source\tracking\nflverse\roster\roster_2026.csv,2026-08-01,00-0041381,Rodney Shelley,LAC
00-0038614,Scott Matlock,LAC,RB,2026,2026-08-01,LAC,Los Angeles Chargers,Scott Matlock,RB,nflverse_roster,C:\Users\tempadmin\OneDrive\Coding\Syndicate\data\nfl_source\tracking\nflverse\roster\roster_2026.csv,2026-08-01,00-0038614,Scott Matlock,LAC
00-0041374,Sincere Brown,LAC,WR,2026,2026-08-01,LAC,Los Angeles Chargers,Sincere Brown,WR,nflverse_roster,C:\Users\tempadmin\OneDrive\Coding\Syndicate\data\nfl_source\tracking\nflverse\roster\roster_2026.csv,2026-08-01,00-0041374,Sincere Brown,LAC
00-0039366,Tarheeb Still,LAC,DB,2026,2026-08-01,LAC,Los Angeles Chargers,Tarheeb Still,DB,nflverse_roster,C:\Users\tempadmin\OneDrive\Coding\Syndicate\data\nfl_source\tracking\nflverse\roster\roster_2026.csv,2026-08-01,00-0039366,Tarheeb Still,LAC
00-0040458,TeRah Edwards,LAC,DL,2026,2026-08-01,LAC,Los Angeles Chargers,TeRah Edwards,DL,nflverse_roster,C:\Users\tempadmin\OneDrive\Coding\Syndicate\data\nfl_source\tracking\nflverse\roster\roster_2026.csv,2026-08-01,00-0040458,TeRah Edwards,LAC
00-0036181,Teair Tart,LAC,DL,2026,2026-08-01,LAC,Los Angeles Chargers,Teair Tart,DL,nflverse_roster,C:\Users\tempadmin\OneDrive\Coding\Syndicate\data\nfl_source\tracking\nflverse\roster\roster_2026.csv,2026-08-01,00-0036181,Teair Tart,LAC
00-0041386,Terry Webb,LAC,DL,2026,2026-08-01,LAC,Los Angeles Chargers,Terry Webb,DL,nflverse_roster,C:\Users\tempadmin\OneDrive\Coding\Syndicate\data\nfl_source\tracking\nflverse\roster\roster_2026.csv,2026-08-01,00-0041386,Terry Webb,LAC
00-0030294,Tony Jefferson,LAC,DB,2026,2026-08-01,LAC,Los Angeles Chargers,Tony Jefferson,DB,nflverse_roster,C:\Users\tempadmin\OneDrive\Coding\Syndicate\data\nfl_source\tracking\nflverse\roster\roster_2026.csv,2026-08-01,00-0030294,Tony Jefferson,LAC
00-0041058,Travis Burke,LAC,OL,2026,2026-08-01,LAC,Los Angeles Chargers,Travis Burke,OL,nflverse_roster,C:\Users\tempadmin\OneDrive\Coding\Syndicate\data\nfl_source\tracking\nflverse\roster\roster_2026.csv,2026-08-01,00-0041058,Travis Burke,LAC
00-0040727,Tre Harris,LAC,WR,2026,2026-08-01,LAC,Los Angeles Chargers,Tre Harris,WR,nflverse_roster,C:\Users\tempadmin\OneDrive\Coding\Syndicate\data\nfl_source\tracking\nflverse\roster\roster_2026.csv,2026-08-01,00-0040727,Tre Harris,LAC
00-0037241,Trevor Penning,LAC,OL,2026,2026-08-01,LAC,Los Angeles Chargers,Trevor Penning,OL,nflverse_roster,C:\Users\tempadmin\OneDrive\Coding\Syndicate\data\nfl_source\tracking\nflverse\roster\roster_2026.csv,2026-08-01,00-0037241,Trevor Penning,LAC
00-0037012,Trey Lance,LAC,QB,2026,2026-08-01,LAC,Los Angeles Chargers,Trey Lance,QB,nflverse_roster,C:\Users\tempadmin\OneDrive\Coding\Syndicate\data\nfl_source\tracking\nflverse\roster\roster_2026.csv,2026-08-01,00-0037012,Trey Lance,LAC
00-0035688,Trey Pipkins,LAC,OL,2026,2026-08-01,LAC,Los Angeles Chargers,Trey Pipkins,OL,nflverse_roster,C:\Users\tempadmin\OneDrive\Coding\Syndicate\data\nfl_source\tracking\nflverse\roster\roster_2026.csv,2026-08-01,00-0035688,Trey Pipkins,LAC
00-0036338,Troy Dye,LAC,LB,2026,2026-08-01,LAC,Los Angeles Chargers,Troy Dye,LB,nflverse_roster,C:\Users\tempadmin\OneDrive\Coding\Syndicate\data\nfl_source\tracking\nflverse\roster\roster_2026.csv,2026-08-01,00-0036338,Troy Dye,LAC
00-0039111,Tuli Tuipulotu,LAC,LB,2026,2026-08-01,LAC,Los Angeles Chargers,Tuli Tuipulotu,LB,nflverse_roster,C:\Users\tempadmin\OneDrive\Coding\Syndicate\data\nfl_source\tracking\nflverse\roster\roster_2026.csv,2026-08-01,00-0039111,Tuli Tuipulotu,LAC
00-0036376,Tyler Biadasz,LAC,OL,2026,2026-08-01,LAC,Los Angeles Chargers,Tyler Biadasz,OL,nflverse_roster,C:\Users\tempadmin\OneDrive\Coding\Syndicate\data\nfl_source\tracking\nflverse\roster\roster_2026.csv,2026-08-01,00-0036376,Tyler Biadasz,LAC
00-0035190,AJ Cole,LV,P,2026,2026-08-01,LV,Las Vegas Raiders,AJ Cole,P,nflverse_roster,C:\Users\tempadmin\OneDrive\Coding\Syndicate\data\nfl_source\tracking\nflverse\roster\roster_2026.csv,2026-08-01,00-0035190,AJ Cole,LV
00-0033381,Adam Butler,LV,DL,2026,2026-08-01,LV,Las Vegas Raiders,Adam Butler,DL,nflverse_roster,C:\Users\tempadmin\OneDrive\Coding\Syndicate\data\nfl_source\tracking\nflverse\roster\roster_2026.csv,2026-08-01,00-0033381,Adam Butler,LV
00-0038579,Aidan O'Connell,LV,QB,2026,2026-08-01,LV,Las Vegas Raiders,Aidan O'Connell,QB,nflverse_roster,C:\Users\tempadmin\OneDrive\Coding\Syndicate\data\nfl_source\tracking\nflverse\roster\roster_2026.csv,2026-08-01,00-0038579,Aidan O'Connell,LV
00-0036423,Albert Okwuegbunam,LV,TE,2026,2026-08-01,LV,Las Vegas Raiders,Albert Okwuegbunam,TE,nflverse_roster,C:\Users\tempadmin\OneDrive\Coding\Syndicate\data\nfl_source\tracking\nflverse\roster\roster_2026.csv,2026-08-01,00-0036423,Albert Okwuegbunam,LV
00-0038360,Alex Ward,LV,LS,2026,2026-08-01,LV,Las Vegas Raiders,Alex Ward,LS,nflverse_roster,C:\Users\tempadmin\OneDrive\Coding\Syndicate\data\nfl_source\tracking\nflverse\roster\roster_2026.csv,2026-08-01,00-0038360,Alex Ward,LV
00-0040122,Ashton Jeanty,LV,RB,2026,2026-08-01,LV,Las Vegas Raiders,Ashton Jeanty,RB,nflverse_roster,C:\Users\tempadmin\OneDrive\Coding\Syndicate\data\nfl_source\tracking\nflverse\roster\roster_2026.csv,2026-08-01,00-0040122,Ashton Jeanty,LV
00-0038586,Atonio Mafi,LV,OL,2026,2026-08-01,LV,Las Vegas Raiders,Atonio Mafi,OL,nflverse_roster,C:\Users\tempadmin\OneDrive\Coding\Syndicate\data\nfl_source\tracking\nflverse\roster\roster_2026.csv,2026-08-01,00-0038586,Atonio Mafi,LV
00-0035841,Benito Jones,LV,DL,2026,2026-08-01,LV,Las Vegas Raiders,Benito Jones,DL,nflverse_roster,C:\Users\tempadmin\OneDrive\Coding\Syndicate\data\nfl_source\tracking\nflverse\roster\roster_2026.csv,2026-08-01,00-0035841,Benito Jones,LV
00-0040902,Brandon Cleveland,LV,DL,2026,2026-08-01,LV,Las Vegas Raiders,Brandon Cleveland,DL,nflverse_roster,C:\Users\tempadmin\OneDrive\Coding\Syndicate\data\nfl_source\tracking\nflverse\roster\roster_2026.csv,2026-08-01,00-0040902,Brandon Cleveland,LV
00-0037382,Brandon Johnson,LV,WR,2026,2026-08-01,LV,Las Vegas Raiders,Brandon Johnson,WR,nflverse_roster,C:\Users\tempadmin\OneDrive\Coding\Syndicate\data\nfl_source\tracking\nflverse\roster\roster_2026.csv,2026-08-01,00-0037382,Brandon Johnson,LV
00-0039836,Brennan Jackson,LV,LB,2026,2026-08-01,LV,Las Vegas Raiders,Brennan Jackson,LB,nflverse_roster,C:\Users\tempadmin\OneDrive\Coding\Syndicate\data\nfl_source\tracking\nflverse\roster\roster_2026.csv,2026-08-01,00-0039836,Brennan Jackson,LV
00-0039338,Brock Bowers,LV,TE,2026,2026-08-01,LV,Las Vegas Raiders,Brock Bowers,TE,nflverse_roster,C:\Users\tempadmin\OneDrive\Coding\Syndicate\data\nfl_source\tracking\nflverse\roster\roster_2026.csv,2026-08-01,00-0039338,Brock Bowers,LV
00-0041002,Caleb Offord,LV,DB,2026,2026-08-01,LV,Las Vegas Raiders,Caleb Offord,DB,nflverse_roster,C:\Users\tempadmin\OneDrive\Coding\Syndicate\data\nfl_source\tracking\nflverse\roster\roster_2026.csv,2026-08-01,00-0041002,Caleb Offord,LV
00-0040150,Caleb Rogers,LV,OL,2026,2026-08-01,LV,Las Vegas Raiders,Caleb Rogers,OL,nflverse_roster,C:\Users\tempadmin\OneDrive\Coding\Syndicate\data\nfl_source\tracking\nflverse\roster\roster_2026.csv,2026-08-01,00-0040150,Caleb Rogers,LV
00-0036644,Cameron McGrone,LV,LB,2026,2026-08-01,LV,Las Vegas Raiders,Cameron McGrone,LB,nflverse_roster,C:\Users\tempadmin\OneDrive\Coding\Syndicate\data\nfl_source\tracking\nflverse\roster\roster_2026.csv,2026-08-01,00-0036644,Cameron McGrone,LV
00-0040488,Carter Runyon,LV,TE,2026,2026-08-01,LV,Las Vegas Raiders,Carter Runyon,TE,nflverse_roster,C:\Users\tempadmin\OneDrive\Coding\Syndicate\data\nfl_source\tracking\nflverse\roster\roster_2026.csv,2026-08-01,00-0040488,Carter Runyon,LV
00-0040151,Charles Grant,LV,OL,2026,2026-08-01,LV,Las Vegas Raiders,Charles Grant,OL,nflverse_roster,C:\Users\tempadmin\OneDrive\Coding\Syndicate\data\nfl_source\tracking\nflverse\roster\roster_2026.csv,2026-08-01,00-0040151,Charles Grant,LV
00-0041004,Chase Roberts,LV,WR,2026,2026-08-01,LV,Las Vegas Raiders,Chase Roberts,WR,nflverse_roster,C:\Users\tempadmin\OneDrive\Coding\Syndicate\data\nfl_source\tracking\nflverse\roster\roster_2026.csv,2026-08-01,00-0041004,Chase Roberts,LV
00-0039676,Chigozie Anusiem,LV,DB,2026,2026-08-01,LV,Las Vegas Raiders,Chigozie Anusiem,DB,nflverse_roster,C:\Users\tempadmin\OneDrive\Coding\Syndicate\data\nfl_source\tracking\nflverse\roster\roster_2026.csv,2026-08-01,00-0039676,Chigozie Anusiem,LV
00-0039244,Chris Collier,LV,RB,2026,2026-08-01,LV,Las Vegas Raiders,Chris Collier,RB,nflverse_roster,C:\Users\tempadmin\OneDrive\Coding\Syndicate\data\nfl_source\tracking\nflverse\roster\roster_2026.csv,2026-08-01,00-0039244,Chris Collier,LV
00-0041009,Christian Thomas,LV,LB,2026,2026-08-01,LV,Las Vegas Raiders,Christian Thomas,LB,nflverse_roster,C:\Users\tempadmin\OneDrive\Coding\Syndicate\data\nfl_source\tracking\nflverse\roster\roster_2026.csv,2026-08-01,00-0041009,Christian Thomas,LV
00-0041006,Cian Slone,LV,LB,2026,2026-08-01,LV,Las Vegas Raiders,Cian Slone,LB,nflverse_roster,C:\Users\tempadmin\OneDrive\Coding\Syndicate\data\nfl_source\tracking\nflverse\roster\roster_2026.csv,2026-08-01,00-0041006,Cian Slone,LV
00-0040228,Cody Lindenberg,LV,LB,2026,2026-08-01,LV,Las Vegas Raiders,Cody Lindenberg,LB,nflverse_roster,C:\Users\tempadmin\OneDrive\Coding\Syndicate\data\nfl_source\tracking\nflverse\roster\roster_2026.csv,2026-08-01,00-0040228,Cody Lindenberg,LV
00-0037304,Connor Heyward,LV,TE,2026,2026-08-01,LV,Las Vegas Raiders,Connor Heyward,TE,nflverse_roster,C:\Users\tempadmin\OneDrive\Coding\Syndicate\data\nfl_source\tracking\nflverse\roster\roster_2026.csv,2026-08-01,00-0037304,Connor Heyward,LV
00-0041005,Corey Rucker,LV,WR,2026,2026-08-01,LV,Las Vegas Raiders,Corey Rucker,WR,nflverse_roster,C:\Users\tempadmin\OneDrive\Coding\Syndicate\data\nfl_source\tracking\nflverse\roster\roster_2026.csv,2026-08-01,00-0041005,Corey Rucker,LV
00-0039349,DJ Glaze,LV,OL,2026,2026-08-01,LV,Las Vegas Raiders,DJ Glaze,OL,nflverse_roster,C:\Users\tempadmin\OneDrive\Coding\Syndicate\data\nfl_source\tracking\nflverse\roster\roster_2026.csv,2026-08-01,00-0039349,DJ Glaze,LV
00-0040883,Dalton Johnson,LV,DB,2026,2026-08-01,LV,Las Vegas Raiders,Dalton Johnson,DB,nflverse_roster,C:\Users\tempadmin\OneDrive\Coding\Syndicate\data\nfl_source\tracking\nflverse\roster\roster_2026.csv,2026-08-01,00-0040883,Dalton Johnson,LV
00-0038923,Dalton Wagner,LV,OL,2026,2026-08-01,LV,Las Vegas Raiders,Dalton Wagner,OL,nflverse_roster,C:\Users\tempadmin\OneDrive\Coding\Syndicate\data\nfl_source\tracking\nflverse\roster\roster_2026.csv,2026-08-01,00-0038923,Dalton Wagner,LV
00-0037093,Dareke Young,LV,WR,2026,2026-08-01,LV,Las Vegas Raiders,Dareke Young,WR,nflverse_roster,C:\Users\tempadmin\OneDrive\Coding\Syndicate\data\nfl_source\tracking\nflverse\roster\roster_2026.csv,2026-08-01,00-0037093,Dareke Young,LV
00-0040641,Darien Porter,LV,DB,2026,2026-08-01,LV,Las Vegas Raiders,Darien Porter,DB,nflverse_roster,C:\Users\tempadmin\OneDrive\Coding\Syndicate\data\nfl_source\tracking\nflverse\roster\roster_2026.csv,2026-08-01,00-0040641,Darien Porter,LV
00-0039357,Decamerion Richardson,LV,DB,2026,2026-08-01,LV,Las Vegas Raiders,Decamerion Richardson,DB,nflverse_roster,C:\Users\tempadmin\OneDrive\Coding\Syndicate\data\nfl_source\tracking\nflverse\roster\roster_2026.csv,2026-08-01,00-0039357,Decamerion Richardson,LV
00-0041000,Devin Lafayette,LV,DB,2026,2026-08-01,LV,Las Vegas Raiders,Devin Lafayette,DB,nflverse_roster,C:\Users\tempadmin\OneDrive\Coding\Syndicate\data\nfl_source\tracking\nflverse\roster\roster_2026.csv,2026-08-01,00-0041000,Devin Lafayette,LV
00-0041018,Devyn Perkins,LV,DB,2026,2026-08-01,LV,Las Vegas Raiders,Devyn Perkins,DB,nflverse_roster,C:\Users\tempadmin\OneDrive\Coding\Syndicate\data\nfl_source\tracking\nflverse\roster\roster_2026.csv,2026-08-01,00-0041018,Devyn Perkins,LV
00-0040581,Dont'e Thornton Jr.,LV,WR,2026,2026-08-01,LV,Las Vegas Raiders,Dont'e Thornton Jr.,WR,nflverse_roster,C:\Users\tempadmin\OneDrive\Coding\Syndicate\data\nfl_source\tracking\nflverse\roster\roster_2026.csv,2026-08-01,00-0040581,Dont'e Thornton Jr.,LV
00-0039407,Dylan Laube,LV,RB,2026,2026-08-01,LV,Las Vegas Raiders,Dylan Laube,RB,nflverse_roster,C:\Users\tempadmin\OneDrive\Coding\Syndicate\data\nfl_source\tracking\nflverse\roster\roster_2026.csv,2026-08-01,00-0039407,Dylan Laube,LV
00-0041011,E.J. Williams,LV,WR,2026,2026-08-01,LV,Las Vegas Raiders,E.J. Williams,WR,nflverse_roster,C:\Users\tempadmin\OneDrive\Coding\Syndicate\data\nfl_source\tracking\nflverse\roster\roster_2026.csv,2026-08-01,00-0041011,E.J. Williams,LV
00-0036901,Eric Stokes,LV,DB,2026,2026-08-01,LV,Las Vegas Raiders,Eric Stokes,DB,nflverse_roster,C:\Users\tempadmin\OneDrive\Coding\Syndicate\data\nfl_source\tracking\nflverse\roster\roster_2026.csv,2026-08-01,00-0036901,Eric Stokes,LV
00-0041562,Fernando Mendoza,LV,QB,2026,2026-08-01,LV,Las Vegas Raiders,Fernando Mendoza,QB,nflverse_roster,C:\Users\tempadmin\OneDrive\Coding\Syndicate\data\nfl_source\tracking\nflverse\roster\roster_2026.csv,2026-08-01,00-0041562,Fernando Mendoza,LV
00-0041007,Gary Smith,LV,DL,2026,2026-08-01,LV,Las Vegas Raiders,Gary Smith,DL,nflverse_roster,C:\Users\tempadmin\OneDrive\Coding\Syndicate\data\nfl_source\tracking\nflverse\roster\roster_2026.csv,2026-08-01,00-0041007,Gary Smith,LV
00-0040489,Greedy Vance,LV,DB,2026,2026-08-01,LV,Las Vegas Raiders,Greedy Vance,DB,nflverse_roster,C:\Users\tempadmin\OneDrive\Coding\Syndicate\data\nfl_source\tracking\nflverse\roster\roster_2026.csv,2026-08-01,00-0040489,Greedy Vance,LV
00-0040889,Hezekiah Masses,LV,DB,2026,2026-08-01,LV,Las Vegas Raiders,Hezekiah Masses,DB,nflverse_roster,C:\Users\tempadmin\OneDrive\Coding\Syndicate\data\nfl_source\tracking\nflverse\roster\roster_2026.csv,2026-08-01,00-0040889,Hezekiah Masses,LV
00-0034365,Ian Thomas,LV,TE,2026,2026-08-01,LV,Las Vegas Raiders,Ian Thomas,TE,nflverse_roster,C:\Users\tempadmin\OneDrive\Coding\Syndicate\data\nfl_source\tracking\nflverse\roster\roster_2026.csv,2026-08-01,00-0034365,Ian Thomas,LV
00-0040999,Isaiah Jatta,LV,OL,2026,2026-08-01,LV,Las Vegas Raiders,Isaiah Jatta,OL,nflverse_roster,C:\Users\tempadmin\OneDrive\Coding\Syndicate\data\nfl_source\tracking\nflverse\roster\roster_2026.csv,2026-08-01,00-0040999,Isaiah Jatta,LV
00-0037512,Isaiah Pola-Mao,LV,DB,2026,2026-08-01,LV,Las Vegas Raiders,Isaiah Pola-Mao,DB,nflverse_roster,C:\Users\tempadmin\OneDrive\Coding\Syndicate\data\nfl_source\tracking\nflverse\roster\roster_2026.csv,2026-08-01,00-0037512,Isaiah Pola-Mao,LV
00-0040199,JJ Pegues,LV,DL,2026,2026-08-01,LV,Las Vegas Raiders,JJ Pegues,DL,nflverse_roster,C:\Users\tempadmin\OneDrive\Coding\Syndicate\data\nfl_source\tracking\nflverse\roster\roster_2026.csv,2026-08-01,00-0040199,JJ Pegues,LV
00-0040729,Jack Bech,LV,WR,2026,2026-08-01,LV,Las Vegas Raiders,Jack Bech,WR,nflverse_roster,C:\Users\tempadmin\OneDrive\Coding\Syndicate\data\nfl_source\tracking\nflverse\roster\roster_2026.csv,2026-08-01,00-0040729,Jack Bech,LV
00-0039735,Jackson Powers-Johnson,LV,OL,2026,2026-08-01,LV,Las Vegas Raiders,Jackson Powers-Johnson,OL,nflverse_roster,C:\Users\tempadmin\OneDrive\Coding\Syndicate\data\nfl_source\tracking\nflverse\roster\roster_2026.csv,2026-08-01,00-0039735,Jackson Powers-Johnson,LV
00-0040996,Jacob Clark,LV,QB,2026,2026-08-01,LV,Las Vegas Raiders,Jacob Clark,QB,nflverse_roster,C:\Users\tempadmin\OneDrive\Coding\Syndicate\data\nfl_source\tracking\nflverse\roster\roster_2026.csv,2026-08-01,00-0040996,Jacob Clark,LV
00-0040604,Jahfari Harvey,LV,DL,2026,2026-08-01,LV,Las Vegas Raiders,Jahfari Harvey,DL,nflverse_roster,C:\Users\tempadmin\OneDrive\Coding\Syndicate\data\nfl_source\tracking\nflverse\roster\roster_2026.csv,2026-08-01,00-0040604,Jahfari Harvey,LV
00-0037291,Jalen Nailor,LV,WR,2026,2026-08-01,LV,Las Vegas Raiders,Jalen Nailor,WR,nflverse_roster,C:\Users\tempadmin\OneDrive\Coding\Syndicate\data\nfl_source\tracking\nflverse\roster\roster_2026.csv,2026-08-01,00-0037291,Jalen Nailor,LV
00-0036293,Jeremy Chinn,LV,DB,2026,2026-08-01,LV,Las Vegas Raiders,Jeremy Chinn,DB,nflverse_roster,C:\Users\tempadmin\OneDrive\Coding\Syndicate\data\nfl_source\tracking\nflverse\roster\roster_2026.csv,2026-08-01,00-0036293,Jeremy Chinn,LV
00-0041563,Jermod McCoy,LV,DB,2026,2026-08-01,LV,Las Vegas Raiders,Jermod McCoy,DB,nflverse_roster,C:\Users\tempadmin\OneDrive\Coding\Syndicate\data\nfl_source\tracking\nflverse\roster\roster_2026.csv,2026-08-01,00-0041563,Jermod McCoy,LV
00-0039423,Jonah Laulu,LV,DL,2026,2026-08-01,LV,Las Vegas Raiders,Jonah Laulu,DL,nflverse_roster,C:\Users\tempadmin\OneDrive\Coding\Syndicate\data\nfl_source\tracking\nflverse\roster\roster_2026.csv,2026-08-01,00-0039423,Jonah Laulu,LV
00-0041022,Jonathan Brady,LV,WR,2026,2026-08-01,LV,Las Vegas Raiders,Jonathan Brady,WR,nflverse_roster,C:\Users\tempadmin\OneDrive\Coding\Syndicate\data\nfl_source\tracking\nflverse\roster\roster_2026.csv,2026-08-01,00-0041022,Jonathan Brady,LV
00-0036604,Jordan Meredith,LV,OL,2026,2026-08-01,LV,Las Vegas Raiders,Jordan Meredith,OL,nflverse_roster,C:\Users\tempadmin\OneDrive\Coding\Syndicate\data\nfl_source\tracking\nflverse\roster\roster_2026.csv,2026-08-01,00-0036604,Jordan Meredith,LV
00-0035317,Joshua Miles,LV,OL,2026,2026-08-01,LV,Las Vegas Raiders,Joshua Miles,OL,nflverse_roster,C:\Users\tempadmin\OneDrive\Coding\Syndicate\data\nfl_source\tracking\nflverse\roster\roster_2026.csv,2026-08-01,00-0035317,Joshua Miles,LV
00-0041003,Justin Pickett,LV,OL,2026,2026-08-01,LV,Las Vegas Raiders,Justin Pickett,OL,nflverse_roster,C:\Users\tempadmin\OneDrive\Coding\Syndicate\data\nfl_source\tracking\nflverse\roster\roster_2026.csv,2026-08-01,00-0041003,Justin Pickett,LV
00-0038590,Justin Shorter,LV,WR,2026,2026-08-01,LV,Las Vegas Raiders,Justin Shorter,WR,nflverse_roster,C:\Users\tempadmin\OneDrive\Coding\Syndicate\data\nfl_source\tracking\nflverse\roster\roster_2026.csv,2026-08-01,00-0038590,Justin Shorter,LV
00-0041017,Kamar Missouri,LV,OL,2026,2026-08-01,LV,Las Vegas Raiders,Kamar Missouri,OL,nflverse_roster,C:\Users\tempadmin\OneDrive\Coding\Syndicate\data\nfl_source\tracking\nflverse\roster\roster_2026.csv,2026-08-01,00-0041017,Kamar Missouri,LV
Kansei Matsuzawa|LV|K,Kansei Matsuzawa,LV,K,2026,2026-08-01,LV,Las Vegas Raiders,Kansei Matsuzawa,K,nflverse_roster,C:\Users\tempadmin\OneDrive\Coding\Syndicate\data\nfl_source\tracking\nflverse\roster\roster_2026.csv,2026-08-01,Kansei Matsuzawa|LV|K,Kansei Matsuzawa,LV
00-0041553,Keyron Crawford,LV,DL,2026,2026-08-01,LV,Las Vegas Raiders,Keyron Crawford,DL,nflverse_roster,C:\Users\tempadmin\OneDrive\Coding\Syndicate\data\nfl_source\tracking\nflverse\roster\roster_2026.csv,2026-08-01,00-0041553,Keyron Crawford,LV
00-0029604,Kirk Cousins,LV,QB,2026,2026-08-01,LV,Las Vegas Raiders,Kirk Cousins,QB,nflverse_roster,C:\Users\tempadmin\OneDrive\Coding\Syndicate\data\nfl_source\tracking\nflverse\roster\roster_2026.csv,2026-08-01,00-0029604,Kirk Cousins,LV
00-0034759,Kolton Miller,LV,OL,2026,2026-08-01,LV,Las Vegas Raiders,Kolton Miller,OL,nflverse_roster,C:\Users\tempadmin\OneDrive\Coding\Syndicate\data\nfl_source\tracking\nflverse\roster\roster_2026.csv,2026-08-01,00-0034759,Kolton Miller,LV
00-0036479,Kwity Paye,LV,DL,2026,2026-08-01,LV,Las Vegas Raiders,Kwity Paye,DL,nflverse_roster,C:\Users\tempadmin\OneDrive\Coding\Syndicate\data\nfl_source\tracking\nflverse\roster\roster_2026.csv,2026-08-01,00-0036479,Kwity Paye,LV
00-0040762,Laki Tasi,LV,DL,2026,2026-08-01,LV,Las Vegas Raiders,Laki Tasi,DL,nflverse_roster,C:\Users\tempadmin\OneDrive\Coding\Syndicate\data\nfl_source\tracking\nflverse\roster\roster_2026.csv,2026-08-01,00-0040762,Laki Tasi,LV
00-0036989,Malcolm Koonce,LV,DL,2026,2026-08-01,LV,Las Vegas Raiders,Malcolm Koonce,DL,nflverse_roster,C:\Users\tempadmin\OneDrive\Coding\Syndicate\data\nfl_source\tracking\nflverse\roster\roster_2026.csv,2026-08-01,00-0036989,Malcolm Koonce,LV
00-0040894,Malik Benson,LV,WR,2026,2026-08-01,LV,Las Vegas Raiders,Malik Benson,WR,nflverse_roster,C:\Users\tempadmin\OneDrive\Coding\Syndicate\data\nfl_source\tracking\nflverse\roster\roster_2026.csv,2026-08-01,00-0040894,Malik Benson,LV
00-0035269,Matt Gay,LV,K,2026,2026-08-01,LV,Las Vegas Raiders,Matt Gay,K,nflverse_roster,C:\Users\tempadmin\OneDrive\Coding\Syndicate\data\nfl_source\tracking\nflverse\roster\roster_2026.csv,2026-08-01,00-0035269,Matt Gay,LV
00-0034973,Maxx Crosby,LV,DL,2026,2026-08-01,LV,Las Vegas Raiders,Maxx Crosby,DL,nflverse_roster,C:\Users\tempadmin\OneDrive\Coding\Syndicate\data\nfl_source\tracking\nflverse\roster\roster_2026.csv,2026-08-01,00-0034973,Maxx Crosby,LV
00-0039066,Michael Mayer,LV,TE,2026,2026-08-01,LV,Las Vegas Raiders,Michael Mayer,TE,nflverse_roster,C:\Users\tempadmin\OneDrive\Coding\Syndicate\data\nfl_source\tracking\nflverse\roster\roster_2026.csv,2026-08-01,00-0039066,Michael Mayer,LV
00-0040878,Mike Washington,LV,RB,2026,2026-08-01,LV,Las Vegas Raiders,Mike Washington,RB,nflverse_roster,C:\Users\tempadmin\OneDrive\Coding\Syndicate\data\nfl_source\tracking\nflverse\roster\roster_2026.csv,2026-08-01,00-0040878,Mike Washington,LV
00-0037615,Nakobe Dean,LV,LB,2026,2026-08-01,LV,Las Vegas Raiders,Nakobe Dean,LB,nflverse_roster,C:\Users\tempadmin\OneDrive\Coding\Syndicate\data\nfl_source\tracking\nflverse\roster\roster_2026.csv,2026-08-01,00-0037615,Nakobe Dean,LV
00-0041014,Niklas Henning,LV,OL,2026,2026-08-01,LV,Las Vegas Raiders,Niklas Henning,OL,nflverse_roster,C:\Users\tempadmin\OneDrive\Coding\Syndicate\data\nfl_source\tracking\nflverse\roster\roster_2026.csv,2026-08-01,00-0041014,Niklas Henning,LV
00-0041016,Patrick Gurd,LV,TE,2026,2026-08-01,LV,Las Vegas Raiders,Patrick Gurd,TE,nflverse_roster,C:\Users\tempadmin\OneDrive\Coding\Syndicate\data\nfl_source\tracking\nflverse\roster\roster_2026.csv,2026-08-01,00-0041016,Patrick Gurd,LV
00-0032208,Phillip Dorsett,LV,WR,2026,2026-08-01,LV,Las Vegas Raiders,Phillip Dorsett,WR,nflverse_roster,C:\Users\tempadmin\OneDrive\Coding\Syndicate\data\nfl_source\tracking\nflverse\roster\roster_2026.csv,2026-08-01,00-0032208,Phillip Dorsett,LV
00-0037074,Quay Walker,LV,LB,2026,2026-08-01,LV,Las Vegas Raiders,Quay Walker,LB,nflverse_roster,C:\Users\tempadmin\OneDrive\Coding\Syndicate\data\nfl_source\tracking\nflverse\roster\roster_2026.csv,2026-08-01,00-0037074,Quay Walker,LV
00-0040998,Roman Hemby,LV,RB,2026,2026-08-01,LV,Las Vegas Raiders,Roman Hemby,RB,nflverse_roster,C:\Users\tempadmin\OneDrive\Coding\Syndicate\data\nfl_source\tracking\nflverse\roster\roster_2026.csv,2026-08-01,00-0040998,Roman Hemby,LV
00-0037527,Segun Olubi,LV,LB,2026,2026-08-01,LV,Las Vegas Raiders,Segun Olubi,LB,nflverse_roster,C:\Users\tempadmin\OneDrive\Coding\Syndicate\data\nfl_source\tracking\nflverse\roster\roster_2026.csv,2026-08-01,00-0037527,Segun Olubi,LV
00-0038891,Shedrick Jackson,LV,WR,2026,2026-08-01,LV,Las Vegas Raiders,Shedrick Jackson,WR,nflverse_roster,C:\Users\tempadmin\OneDrive\Coding\Syndicate\data\nfl_source\tracking\nflverse\roster\roster_2026.csv,2026-08-01,00-0038891,Shedrick Jackson,LV
00-0037829,Spencer Burford,LV,OL,2026,2026-08-01,LV,Las Vegas Raiders,Spencer Burford,OL,nflverse_roster,C:\Users\tempadmin\OneDrive\Coding\Syndicate\data\nfl_source\tracking\nflverse\roster\roster_2026.csv,2026-08-01,00-0037829,Spencer Burford,LV
00-0041010,Tanner Wall,LV,DB,2026,2026-08-01,LV,Las Vegas Raiders,Tanner Wall,DB,nflverse_roster,C:\Users\tempadmin\OneDrive\Coding\Syndicate\data\nfl_source\tracking\nflverse\roster\roster_2026.csv,2026-08-01,00-0041010,Tanner Wall,LV
00-0034376,Taron Johnson,LV,DB,2026,2026-08-01,LV,Las Vegas Raiders,Taron Johnson,DB,nflverse_roster,C:\Users\tempadmin\OneDrive\Coding\Syndicate\data\nfl_source\tracking\nflverse\roster\roster_2026.csv,2026-08-01,00-0034376,Taron Johnson,LV
00-0037262,Thomas Booker,LV,DL,2026,2026-08-01,LV,Las Vegas Raiders,Thomas Booker,DL,nflverse_roster,C:\Users\tempadmin\OneDrive\Coding\Syndicate\data\nfl_source\tracking\nflverse\roster\roster_2026.csv,2026-08-01,00-0037262,Thomas Booker,LV
00-0039374,Tommy Eichenberg,LV,LB,2026,2026-08-01,LV,Las Vegas Raiders,Tommy Eichenberg,LB,nflverse_roster,C:\Users\tempadmin\OneDrive\Coding\Syndicate\data\nfl_source\tracking\nflverse\roster\roster_2026.csv,2026-08-01,00-0039374,Tommy Eichenberg,LV
00-0040169,Tonka Hemingway,LV,DL,2026,2026-08-01,LV,Las Vegas Raiders,Tonka Hemingway,DL,nflverse_roster,C:\Users\tempadmin\OneDrive\Coding\Syndicate\data\nfl_source\tracking\nflverse\roster\roster_2026.csv,2026-08-01,00-0040169,Tonka Hemingway,LV
00-0038563,Tre Tucker,LV,WR,2026,2026-08-01,LV,Las Vegas Raiders,Tre Tucker,WR,nflverse_roster,C:\Users\tempadmin\OneDrive\Coding\Syndicate\data\nfl_source\tracking\nflverse\roster\roster_2026.csv,2026-08-01,00-0038563,Tre Tucker,LV
00-0040487,Treven Ma'ae,LV,DL,2026,2026-08-01,LV,Las Vegas Raiders,Treven Ma'ae,DL,nflverse_roster,C:\Users\tempadmin\OneDrive\Coding\Syndicate\data\nfl_source\tracking\nflverse\roster\roster_2026.csv,2026-08-01,00-0040487,Treven Ma'ae,LV
00-0040871,Trey Zuhn,LV,OL,2026,2026-08-01,LV,Las Vegas Raiders,Trey Zuhn,OL,nflverse_roster,C:\Users\tempadmin\OneDrive\Coding\Syndicate\data\nfl_source\tracking\nflverse\roster\roster_2026.csv,2026-08-01,00-0040871,Trey Zuhn,LV
00-0040868,Treydan Stukes,LV,DB,2026,2026-08-01,LV,Las Vegas Raiders,Treydan Stukes,DB,nflverse_roster,C:\Users\tempadmin\OneDrive\Coding\Syndicate\data\nfl_source\tracking\nflverse\roster\roster_2026.csv,2026-08-01,00-0040868,Treydan Stukes,LV
00-0037461,Tristin McCollum,LV,DB,2026,2026-08-01,LV,Las Vegas Raiders,Tristin McCollum,DB,nflverse_roster,C:\Users\tempadmin\OneDrive\Coding\Syndicate\data\nfl_source\tracking\nflverse\roster\roster_2026.csv,2026-08-01,00-0037461,Tristin McCollum,LV
00-0040997,Tyler Duzansky,LV,LS,2026,2026-08-01,LV,Las Vegas Raiders,Tyler Duzansky,LS,nflverse_roster,C:\Users\tempadmin\OneDrive\Coding\Syndicate\data\nfl_source\tracking\nflverse\roster\roster_2026.csv,2026-08-01,00-0040997,Tyler Duzansky,LV
00-0037825,Tyler Linderbaum,LV,OL,2026,2026-08-01,LV,Las Vegas Raiders,Tyler Linderbaum,OL,nflverse_roster,C:\Users\tempadmin\OneDrive\Coding\Syndicate\data\nfl_source\tracking\nflverse\roster\roster_2026.csv,2026-08-01,00-0037825,Tyler Linderbaum,LV
00-0039544,Will Putnam,LV,OL,2026,2026-08-01,LV,Las Vegas Raiders,Will Putnam,OL,nflverse_roster,C:\Users\tempadmin\OneDrive\Coding\Syndicate\data\nfl_source\tracking\nflverse\roster\roster_2026.csv,2026-08-01,00-0039544,Will Putnam,LV
00-0041008,Xavian Sorey,LV,LB,2026,2026-08-01,LV,Las Vegas Raiders,Xavian Sorey,LB,nflverse_roster,C:\Users\tempadmin\OneDrive\Coding\Syndicate\data\nfl_source\tracking\nflverse\roster\roster_2026.csv,2026-08-01,00-0041008,Xavian Sorey,LV
00-0036114,A.J. Green,MIA,DB,2026,2026-08-01,MIA,Miami Dolphins,A.J. Green,DB,nflverse_roster,C:\Users\tempadmin\OneDrive\Coding\Syndicate\data\nfl_source\tracking\nflverse\roster\roster_2026.csv,2026-08-01,00-0036114,A.J. Green,MIA
00-0040302,A.J. Henning,MIA,WR,2026,2026-08-01,MIA,Miami Dolphins,A.J. Henning,WR,nflverse_roster,C:\Users\tempadmin\OneDrive\Coding\Syndicate\data\nfl_source\tracking\nflverse\roster\roster_2026.csv,2026-08-01,00-0040302,A.J. Henning,MIA
00-0036171,Aaron Brewer,MIA,OL,2026,2026-08-01,MIA,Miami Dolphins,Aaron Brewer,OL,nflverse_roster,C:\Users\tempadmin\OneDrive\Coding\Syndicate\data\nfl_source\tracking\nflverse\roster\roster_2026.csv,2026-08-01,00-0036171,Aaron Brewer,MIA
00-0038646,Alex Austin,MIA,DB,2026,2026-08-01,MIA,Miami Dolphins,Alex Austin,DB,nflverse_roster,C:\Users\tempadmin\OneDrive\Coding\Syndicate\data\nfl_source\tracking\nflverse\roster\roster_2026.csv,2026-08-01,00-0038646,Alex Austin,MIA
00-0040304,Alex Huntley,MIA,DL,2026,2026-08-01,MIA,Miami Dolphins,Alex Huntley,DL,nflverse_roster,C:\Users\tempadmin\OneDrive\Coding\Syndicate\data\nfl_source\tracking\nflverse\roster\roster_2026.csv,2026-08-01,00-0040304,Alex Huntley,MIA
00-0039485,Andrew Meyer,MIA,OL,2026,2026-08-01,MIA,Miami Dolphins,Andrew Meyer,OL,nflverse_roster,C:\Users\tempadmin\OneDrive\Coding\Syndicate\data\nfl_source\tracking\nflverse\roster\roster_2026.csv,2026-08-01,00-0039485,Andrew Meyer,MIA
00-0041157,Anthony Hankerson,MIA,RB,2026,2026-08-01,MIA,Miami Dolphins,Anthony Hankerson,RB,nflverse_roster,C:\Users\tempadmin\OneDrive\Coding\Syndicate\data\nfl_source\tracking\nflverse\roster\roster_2026.csv,2026-08-01,00-0041157,Anthony Hankerson,MIA
00-0036248,Austin Jackson,MIA,OL,2026,2026-08-01,MIA,Miami Dolphins,Austin Jackson,OL,nflverse_roster,C:\Users\tempadmin\OneDrive\Coding\Syndicate\data\nfl_source\tracking\nflverse\roster\roster_2026.csv,2026-08-01,00-0036248,Austin Jackson,MIA
00-0038809,Ben Sims,MIA,TE,2026,2026-08-01,MIA,Miami Dolphins,Ben Sims,TE,nflverse_roster,C:\Users\tempadmin\OneDrive\Coding\Syndicate\data\nfl_source\tracking\nflverse\roster\roster_2026.csv,2026-08-01,00-0038809,Ben Sims,MIA
00-0032065,Bradley Pinion,MIA,P,2026,2026-08-01,MIA,Miami Dolphins,Bradley Pinion,P,nflverse_roster,C:\Users\tempadmin\OneDrive\Coding\Syndicate\data\nfl_source\tracking\nflverse\roster\roster_2026.csv,2026-08-01,00-0032065,Bradley Pinion,MIA
00-0041523,Caleb Douglas,MIA,WR,2026,2026-08-01,MIA,Miami Dolphins,Caleb Douglas,WR,nflverse_roster,C:\Users\tempadmin\OneDrive\Coding\Syndicate\data\nfl_source\tracking\nflverse\roster\roster_2026.csv,2026-08-01,00-0041523,Caleb Douglas,MIA
00-0040222,Cam Miller,MIA,QB,2026,2026-08-01,MIA,Miami Dolphins,Cam Miller,QB,nflverse_roster,C:\Users\tempadmin\OneDrive\Coding\Syndicate\data\nfl_source\tracking\nflverse\roster\roster_2026.csv,2026-08-01,00-0040222,Cam Miller,MIA
00-0037315,Cameron Goode,MIA,LB,2026,2026-08-01,MIA,Miami Dolphins,Cameron Goode,LB,nflverse_roster,C:\Users\tempadmin\OneDrive\Coding\Syndicate\data\nfl_source\tracking\nflverse\roster\roster_2026.csv,2026-08-01,00-0037315,Cameron Goode,MIA
00-0038930,Carlos Washington,MIA,RB,2026,2026-08-01,MIA,Miami Dolphins,Carlos Washington,RB,nflverse_roster,C:\Users\tempadmin\OneDrive\Coding\Syndicate\data\nfl_source\tracking\nflverse\roster\roster_2026.csv,2026-08-01,00-0038930,Carlos Washington,MIA
00-0039004,Carter Warren,MIA,OL,2026,2026-08-01,MIA,Miami Dolphins,Carter Warren,OL,nflverse_roster,C:\Users\tempadmin\OneDrive\Coding\Syndicate\data\nfl_source\tracking\nflverse\roster\roster_2026.csv,2026-08-01,00-0039004,Carter Warren,MIA
00-0036195,Charlie Heck,MIA,OL,2026,2026-08-01,MIA,Miami Dolphins,Charlie Heck,OL,nflverse_roster,C:\Users\tempadmin\OneDrive\Coding\Syndicate\data\nfl_source\tracking\nflverse\roster\roster_2026.csv,2026-08-01,00-0036195,Charlie Heck,MIA
00-0039911,Chop Robinson,MIA,LB,2026,2026-08-01,MIA,Miami Dolphins,Chop Robinson,LB,nflverse_roster,C:\Users\tempadmin\OneDrive\Coding\Syndicate\data\nfl_source\tracking\nflverse\roster\roster_2026.csv,2026-08-01,00-0039911,Chop Robinson,MIA
00-0041525,Chris Bell,MIA,WR,2026,2026-08-01,MIA,Miami Dolphins,Chris Bell,WR,nflverse_roster,C:\Users\tempadmin\OneDrive\Coding\Syndicate\data\nfl_source\tracking\nflverse\roster\roster_2026.csv,2026-08-01,00-0041525,Chris Bell,MIA
00-0041533,Chris Johnson,MIA,DB,2026,2026-08-01,MIA,Miami Dolphins,Chris Johnson,DB,nflverse_roster,C:\Users\tempadmin\OneDrive\Coding\Syndicate\data\nfl_source\tracking\nflverse\roster\roster_2026.csv,2026-08-01,00-0041533,Chris Johnson,MIA
00-0037078,Cole Turner,MIA,TE,2026,2026-08-01,MIA,Miami Dolphins,Cole Turner,TE,nflverse_roster,C:\Users\tempadmin\OneDrive\Coding\Syndicate\data\nfl_source\tracking\nflverse\roster\roster_2026.csv,2026-08-01,00-0037078,Cole Turner,MIA
00-0041530,D.J. Campbell,MIA,OL,2026,2026-08-01,MIA,Miami Dolphins,D.J. Campbell,OL,nflverse_roster,C:\Users\tempadmin\OneDrive\Coding\Syndicate\data\nfl_source\tracking\nflverse\roster\roster_2026.csv,2026-08-01,00-0041530,D.J. Campbell,MIA
00-0041436,D.J. Herman,MIA,RB,2026,2026-08-01,MIA,Miami Dolphins,D.J. Herman,RB,nflverse_roster,C:\Users\tempadmin\OneDrive\Coding\Syndicate\data\nfl_source\tracking\nflverse\roster\roster_2026.csv,2026-08-01,00-0041436,D.J. Herman,MIA
00-0040182,Dante Trader Jr.,MIA,DB,2026,2026-08-01,MIA,Miami Dolphins,Dante Trader Jr.,DB,nflverse_roster,C:\Users\tempadmin\OneDrive\Coding\Syndicate\data\nfl_source\tracking\nflverse\roster\roster_2026.csv,2026-08-01,00-0040182,Dante Trader Jr.,MIA
00-0037549,Darrell Baker Jr.,MIA,DB,2026,2026-08-01,MIA,Miami Dolphins,Darrell Baker Jr.,DB,nflverse_roster,C:\Users\tempadmin\OneDrive\Coding\Syndicate\data\nfl_source\tracking\nflverse\roster\roster_2026.csv,2026-08-01,00-0037549,Darrell Baker Jr.,MIA
00-0038142,David Ojabo,MIA,LB,2026,2026-08-01,MIA,Miami Dolphins,David Ojabo,LB,nflverse_roster,C:\Users\tempadmin\OneDrive\Coding\Syndicate\data\nfl_source\tracking\nflverse\roster\roster_2026.csv,2026-08-01,00-0038142,David Ojabo,MIA
00-0039040,De'Von Achane,MIA,RB,2026,2026-08-01,MIA,Miami Dolphins,De'Von Achane,RB,nflverse_roster,C:\Users\tempadmin\OneDrive\Coding\Syndicate\data\nfl_source\tracking\nflverse\roster\roster_2026.csv,2026-08-01,00-0039040,De'Von Achane,MIA
00-0041158,Donaven McCulley,MIA,WR,2026,2026-08-01,MIA,Miami Dolphins,Donaven McCulley,WR,nflverse_roster,C:\Users\tempadmin\OneDrive\Coding\Syndicate\data\nfl_source\tracking\nflverse\roster\roster_2026.csv,2026-08-01,00-0041158,Donaven McCulley,MIA
00-0040400,Donovan Edwards,MIA,RB,2026,2026-08-01,MIA,Miami Dolphins,Donovan Edwards,RB,nflverse_roster,C:\Users\tempadmin\OneDrive\Coding\Syndicate\data\nfl_source\tracking\nflverse\roster\roster_2026.csv,2026-08-01,00-0040400,Donovan Edwards,MIA
00-0038684,Ethan Bonner,MIA,DB,2026,2026-08-01,MIA,Miami Dolphins,Ethan Bonner,DB,nflverse_roster,C:\Users\tempadmin\OneDrive\Coding\Syndicate\data\nfl_source\tracking\nflverse\roster\roster_2026.csv,2026-08-01,00-0038684,Ethan Bonner,MIA
00-0040308,Ethan Robinson,MIA,DB,2026,2026-08-01,MIA,Miami Dolphins,Ethan Robinson,DB,nflverse_roster,C:\Users\tempadmin\OneDrive\Coding\Syndicate\data\nfl_source\tracking\nflverse\roster\roster_2026.csv,2026-08-01,00-0040308,Ethan Robinson,MIA
00-0037252,Greg Dulcich,MIA,TE,2026,2026-08-01,MIA,Miami Dolphins,Greg Dulcich,TE,nflverse_roster,C:\Users\tempadmin\OneDrive\Coding\Syndicate\data\nfl_source\tracking\nflverse\roster\roster_2026.csv,2026-08-01,00-0037252,Greg Dulcich,MIA
00-0040066,Jackson Woodard,MIA,LB,2026,2026-08-01,MIA,Miami Dolphins,Jackson Woodard,LB,nflverse_roster,C:\Users\tempadmin\OneDrive\Coding\Syndicate\data\nfl_source\tracking\nflverse\roster\roster_2026.csv,2026-08-01,00-0040066,Jackson Woodard,MIA
00-0041522,Jacob Rodriguez,MIA,LB,2026,2026-08-01,MIA,Miami Dolphins,Jacob Rodriguez,LB,nflverse_roster,C:\Users\tempadmin\OneDrive\Coding\Syndicate\data\nfl_source\tracking\nflverse\roster\roster_2026.csv,2026-08-01,00-0041522,Jacob Rodriguez,MIA
00-0036387,Jalen Reagor,MIA,WR,2026,2026-08-01,MIA,Miami Dolphins,Jalen Reagor,WR,nflverse_roster,C:\Users\tempadmin\OneDrive\Coding\Syndicate\data\nfl_source\tracking\nflverse\roster\roster_2026.csv,2026-08-01,00-0036387,Jalen Reagor,MIA
00-0037666,Jalen Tolbert,MIA,WR,2026,2026-08-01,MIA,Miami Dolphins,Jalen Tolbert,WR,nflverse_roster,C:\Users\tempadmin\OneDrive\Coding\Syndicate\data\nfl_source\tracking\nflverse\roster\roster_2026.csv,2026-08-01,00-0037666,Jalen Tolbert,MIA
00-0037295,Jamaree Salyer,MIA,OL,2026,2026-08-01,MIA,Miami Dolphins,Jamaree Salyer,OL,nflverse_roster,C:\Users\tempadmin\OneDrive\Coding\Syndicate\data\nfl_source\tracking\nflverse\roster\roster_2026.csv,2026-08-01,00-0037295,Jamaree Salyer,MIA
00-0039269,James Ester,MIA,DL,2026,2026-08-01,MIA,Miami Dolphins,James Ester,DL,nflverse_roster,C:\Users\tempadmin\OneDrive\Coding\Syndicate\data\nfl_source\tracking\nflverse\roster\roster_2026.csv,2026-08-01,00-0039269,James Ester,MIA
00-0040178,Jason Marshall Jr.,MIA,DB,2026,2026-08-01,MIA,Miami Dolphins,Jason Marshall Jr.,DB,nflverse_roster,C:\Users\tempadmin\OneDrive\Coding\Syndicate\data\nfl_source\tracking\nflverse\roster\roster_2026.csv,2026-08-01,00-0040178,Jason Marshall Jr.,MIA
00-0039874,Jaylen Wright,MIA,RB,2026,2026-08-01,MIA,Miami Dolphins,Jaylen Wright,RB,nflverse_roster,C:\Users\tempadmin\OneDrive\Coding\Syndicate\data\nfl_source\tracking\nflverse\roster\roster_2026.csv,2026-08-01,00-0039874,Jaylen Wright,MIA
00-0041155,Jim Bonifas,MIA,OL,2026,2026-08-01,MIA,Miami Dolphins,Jim Bonifas,OL,nflverse_roster,C:\Users\tempadmin\OneDrive\Coding\Syndicate\data\nfl_source\tracking\nflverse\roster\roster_2026.csv,2026-08-01,00-0041155,Jim Bonifas,MIA
00-0040742,Jonah Savaiinaea,MIA,OL,2026,2026-08-01,MIA,Miami Dolphins,Jonah Savaiinaea,OL,nflverse_roster,C:\Users\tempadmin\OneDrive\Coding\Syndicate\data\nfl_source\tracking\nflverse\roster\roster_2026.csv,2026-08-01,00-0040742,Jonah Savaiinaea,MIA
00-0040175,Jordan Phillips,MIA,DL,2026,2026-08-01,MIA,Miami Dolphins,Jordan Phillips,DL,nflverse_roster,C:\Users\tempadmin\OneDrive\Coding\Syndicate\data\nfl_source\tracking\nflverse\roster\roster_2026.csv,2026-08-01,00-0040175,Jordan Phillips,MIA
00-0036409,Jordyn Brooks,MIA,LB,2026,2026-08-01,MIA,Miami Dolphins,Jordyn Brooks,LB,nflverse_roster,C:\Users\tempadmin\OneDrive\Coding\Syndicate\data\nfl_source\tracking\nflverse\roster\roster_2026.csv,2026-08-01,00-0036409,Jordyn Brooks,MIA
00-0040307,Josh Priebe,MIA,OL,2026,2026-08-01,MIA,Miami Dolphins,Josh Priebe,OL,nflverse_roster,C:\Users\tempadmin\OneDrive\Coding\Syndicate\data\nfl_source\tracking\nflverse\roster\roster_2026.csv,2026-08-01,00-0040307,Josh Priebe,MIA
00-0036159,Joshua Uche,MIA,LB,2026,2026-08-01,MIA,Miami Dolphins,Joshua Uche,LB,nflverse_roster,C:\Users\tempadmin\OneDrive\Coding\Syndicate\data\nfl_source\tracking\nflverse\roster\roster_2026.csv,2026-08-01,00-0036159,Joshua Uche,MIA
00-0039156,Julius Brents,MIA,DB,2026,2026-08-01,MIA,Miami Dolphins,Julius Brents,DB,nflverse_roster,C:\Users\tempadmin\OneDrive\Coding\Syndicate\data\nfl_source\tracking\nflverse\roster\roster_2026.csv,2026-08-01,00-0039156,Julius Brents,MIA
00-0041521,Kadyn Proctor,MIA,OL,2026,2026-08-01,MIA,Miami Dolphins,Kadyn Proctor,OL,nflverse_roster,C:\Users\tempadmin\OneDrive\Coding\Syndicate\data\nfl_source\tracking\nflverse\roster\roster_2026.csv,2026-08-01,00-0041521,Kadyn Proctor,MIA
00-0041163,Kahlil Saunders,MIA,DL,2026,2026-08-01,MIA,Miami Dolphins,Kahlil Saunders,DL,nflverse_roster,C:\Users\tempadmin\OneDrive\Coding\Syndicate\data\nfl_source\tracking\nflverse\roster\roster_2026.csv,2026-08-01,00-0041163,Kahlil Saunders,MIA
00-0040655,Keith Cooper Jr.,MIA,DL,2026,2026-08-01,MIA,Miami Dolphins,Keith Cooper Jr.,DL,nflverse_roster,C:\Users\tempadmin\OneDrive\Coding\Syndicate\data\nfl_source\tracking\nflverse\roster\roster_2026.csv,2026-08-01,00-0040655,Keith Cooper Jr.,MIA
00-0040127,Kenneth Grant,MIA,DL,2026,2026-08-01,MIA,Miami Dolphins,Kenneth Grant,DL,nflverse_roster,C:\Users\tempadmin\OneDrive\Coding\Syndicate\data\nfl_source\tracking\nflverse\roster\roster_2026.csv,2026-08-01,00-0040127,Kenneth Grant,MIA
00-0041137,Kevin Cline,MIA,OL,2026,2026-08-01,MIA,Miami Dolphins,Kevin Cline,OL,nflverse_roster,C:\Users\tempadmin\OneDrive\Coding\Syndicate\data\nfl_source\tracking\nflverse\roster\roster_2026.csv,2026-08-01,00-0041137,Kevin Cline,MIA
00-0041529,Kevin Coleman,MIA,WR,2026,2026-08-01,MIA,Miami Dolphins,Kevin Coleman,WR,nflverse_roster,C:\Users\tempadmin\OneDrive\Coding\Syndicate\data\nfl_source\tracking\nflverse\roster\roster_2026.csv,2026-08-01,00-0041529,Kevin Coleman,MIA
00-0036839,Kion Smith,MIA,OL,2026,2026-08-01,MIA,Miami Dolphins,Kion Smith,OL,nflverse_roster,C:\Users\tempadmin\OneDrive\Coding\Syndicate\data\nfl_source\tracking\nflverse\roster\roster_2026.csv,2026-08-01,00-0036839,Kion Smith,MIA
00-0041527,Kyle Louis,MIA,LB,2026,2026-08-01,MIA,Miami Dolphins,Kyle Louis,LB,nflverse_roster,C:\Users\tempadmin\OneDrive\Coding\Syndicate\data\nfl_source\tracking\nflverse\roster\roster_2026.csv,2026-08-01,00-0041527,Kyle Louis,MIA
00-0041161,Le'Veon Moss,MIA,RB,2026,2026-08-01,MIA,Miami Dolphins,Le'Veon Moss,RB,nflverse_roster,C:\Users\tempadmin\OneDrive\Coding\Syndicate\data\nfl_source\tracking\nflverse\roster\roster_2026.csv,2026-08-01,00-0041161,Le'Veon Moss,MIA
00-0035244,Lonnie Johnson,MIA,DB,2026,2026-08-01,MIA,Miami Dolphins,Lonnie Johnson,DB,nflverse_roster,C:\Users\tempadmin\OneDrive\Coding\Syndicate\data\nfl_source\tracking\nflverse\roster\roster_2026.csv,2026-08-01,00-0035244,Lonnie Johnson,MIA
00-0041160,Louis Moore,MIA,DB,2026,2026-08-01,MIA,Miami Dolphins,Louis Moore,DB,nflverse_roster,C:\Users\tempadmin\OneDrive\Coding\Syndicate\data\nfl_source\tracking\nflverse\roster\roster_2026.csv,2026-08-01,00-0041160,Louis Moore,MIA
00-0039880,Malik Washington,MIA,WR,2026,2026-08-01,MIA,Miami Dolphins,Malik Washington,WR,nflverse_roster,C:\Users\tempadmin\OneDrive\Coding\Syndicate\data\nfl_source\tracking\nflverse\roster\roster_2026.csv,2026-08-01,00-0039880,Malik Washington,MIA
00-0038128,Malik Willis,MIA,QB,2026,2026-08-01,MIA,Miami Dolphins,Malik Willis,QB,nflverse_roster,C:\Users\tempadmin\OneDrive\Coding\Syndicate\data\nfl_source\tracking\nflverse\roster\roster_2026.csv,2026-08-01,00-0038128,Malik Willis,MIA
00-0036884,Marco Wilson,MIA,DB,2026,2026-08-01,MIA,Miami Dolphins,Marco Wilson,DB,nflverse_roster,C:\Users\tempadmin\OneDrive\Coding\Syndicate\data\nfl_source\tracking\nflverse\roster\roster_2026.csv,2026-08-01,00-0036884,Marco Wilson,MIA
00-0041156,Mark Gronowski,MIA,QB,2026,2026-08-01,MIA,Miami Dolphins,Mark Gronowski,QB,nflverse_roster,C:\Users\tempadmin\OneDrive\Coding\Syndicate\data\nfl_source\tracking\nflverse\roster\roster_2026.csv,2026-08-01,00-0041156,Mark Gronowski,MIA
00-0040442,Marques Cox,MIA,OL,2026,2026-08-01,MIA,Miami Dolphins,Marques Cox,OL,nflverse_roster,C:\Users\tempadmin\OneDrive\Coding\Syndicate\data\nfl_source\tracking\nflverse\roster\roster_2026.csv,2026-08-01,00-0040442,Marques Cox,MIA
00-0041162,Mason Reiger,MIA,DL,2026,2026-08-01,MIA,Miami Dolphins,Mason Reiger,DL,nflverse_roster,C:\Users\tempadmin\OneDrive\Coding\Syndicate\data\nfl_source\tracking\nflverse\roster\roster_2026.csv,2026-08-01,00-0041162,Mason Reiger,MIA
00-0037280,Matthew Butler,MIA,DL,2026,2026-08-01,MIA,Miami Dolphins,Matthew Butler,DL,nflverse_roster,C:\Users\tempadmin\OneDrive\Coding\Syndicate\data\nfl_source\tracking\nflverse\roster\roster_2026.csv,2026-08-01,00-0037280,Matthew Butler,MIA
00-0041531,Max Llewellyn,MIA,DL,2026,2026-08-01,MIA,Miami Dolphins,Max Llewellyn,DL,nflverse_roster,C:\Users\tempadmin\OneDrive\Coding\Syndicate\data\nfl_source\tracking\nflverse\roster\roster_2026.csv,2026-08-01,00-0041531,Max Llewellyn,MIA
00-0041528,Michael Taaffe,MIA,DB,2026,2026-08-01,MIA,Miami Dolphins,Michael Taaffe,DB,nflverse_roster,C:\Users\tempadmin\OneDrive\Coding\Syndicate\data\nfl_source\tracking\nflverse\roster\roster_2026.csv,2026-08-01,00-0041528,Michael Taaffe,MIA
00-0039312,Miles Battle,MIA,DB,2026,2026-08-01,MIA,Miami Dolphins,Miles Battle,DB,nflverse_roster,C:\Users\tempadmin\OneDrive\Coding\Syndicate\data\nfl_source\tracking\nflverse\roster\roster_2026.csv,2026-08-01,00-0039312,Miles Battle,MIA
00-0040198,Ollie Gordon II,MIA,RB,2026,2026-08-01,MIA,Miami Dolphins,Ollie Gordon II,RB,nflverse_roster,C:\Users\tempadmin\OneDrive\Coding\Syndicate\data\nfl_source\tracking\nflverse\roster\roster_2026.csv,2026-08-01,00-0040198,Ollie Gordon II,MIA
00-0039566,Omar Brown,MIA,DB,2026,2026-08-01,MIA,Miami Dolphins,Omar Brown,DB,nflverse_roster,C:\Users\tempadmin\OneDrive\Coding\Syndicate\data\nfl_source\tracking\nflverse\roster\roster_2026.csv,2026-08-01,00-0039566,Omar Brown,MIA
00-0039899,Patrick Paul,MIA,OL,2026,2026-08-01,MIA,Miami Dolphins,Patrick Paul,OL,nflverse_roster,C:\Users\tempadmin\OneDrive\Coding\Syndicate\data\nfl_source\tracking\nflverse\roster\roster_2026.csv,2026-08-01,00-0039899,Patrick Paul,MIA
00-0040234,Quinn Ewers,MIA,QB,2026,2026-08-01,MIA,Miami Dolphins,Quinn Ewers,QB,nflverse_roster,C:\Users\tempadmin\OneDrive\Coding\Syndicate\data\nfl_source\tracking\nflverse\roster\roster_2026.csv,2026-08-01,00-0040234,Quinn Ewers,MIA
00-0041136,Rene Konga,MIA,DL,2026,2026-08-01,MIA,Miami Dolphins,Rene Konga,DL,nflverse_roster,C:\Users\tempadmin\OneDrive\Coding\Syndicate\data\nfl_source\tracking\nflverse\roster\roster_2026.csv,2026-08-01,00-0041136,Rene Konga,MIA
00-0036816,Riley Patterson,MIA,K,2026,2026-08-01,MIA,Miami Dolphins,Riley Patterson,K,nflverse_roster,C:\Users\tempadmin\OneDrive\Coding\Syndicate\data\nfl_source\tracking\nflverse\roster\roster_2026.csv,2026-08-01,00-0036816,Riley Patterson,MIA
00-0038603,Robert Beal Jr.,MIA,DL,2026,2026-08-01,MIA,Miami Dolphins,Robert Beal Jr.,DL,nflverse_roster,C:\Users\tempadmin\OneDrive\Coding\Syndicate\data\nfl_source\tracking\nflverse\roster\roster_2026.csv,2026-08-01,00-0038603,Robert Beal Jr.,MIA
00-0041159,Rodney McGraw,MIA,DL,2026,2026-08-01,MIA,Miami Dolphins,Rodney McGraw,DL,nflverse_roster,C:\Users\tempadmin\OneDrive\Coding\Syndicate\data\nfl_source\tracking\nflverse\roster\roster_2026.csv,2026-08-01,00-0041159,Rodney McGraw,MIA
00-0034779,Ronnie Harrison,MIA,LB,2026,2026-08-01,MIA,Miami Dolphins,Ronnie Harrison,LB,nflverse_roster,C:\Users\tempadmin\OneDrive\Coding\Syndicate\data\nfl_source\tracking\nflverse\roster\roster_2026.csv,2026-08-01,00-0034779,Ronnie Harrison,MIA
00-0040054,Seth Coleman,MIA,DL,2026,2026-08-01,MIA,Miami Dolphins,Seth Coleman,DL,nflverse_roster,C:\Users\tempadmin\OneDrive\Coding\Syndicate\data\nfl_source\tracking\nflverse\roster\roster_2026.csv,2026-08-01,00-0040054,Seth Coleman,MIA
Seydou Traore|MIA|TE,Seydou Traore,MIA,TE,2026,2026-08-01,MIA,Miami Dolphins,Seydou Traore,TE,nflverse_roster,C:\Users\tempadmin\OneDrive\Coding\Syndicate\data\nfl_source\tracking\nflverse\roster\roster_2026.csv,2026-08-01,Seydou Traore|MIA|TE,Seydou Traore,MIA
00-0039481,Storm Duck,MIA,DB,2026,2026-08-01,MIA,Miami Dolphins,Storm Duck,DB,nflverse_roster,C:\Users\tempadmin\OneDrive\Coding\Syndicate\data\nfl_source\tracking\nflverse\roster\roster_2026.csv,2026-08-01,00-0039481,Storm Duck,MIA
00-0039884,Tahj Washington,MIA,WR,2026,2026-08-01,MIA,Miami Dolphins,Tahj Washington,WR,nflverse_roster,C:\Users\tempadmin\OneDrive\Coding\Syndicate\data\nfl_source\tracking\nflverse\roster\roster_2026.csv,2026-08-01,00-0039884,Tahj Washington,MIA
00-0036955,Terrace Marshall Jr.,MIA,WR,2026,2026-08-01,MIA,Miami Dolphins,Terrace Marshall Jr.,WR,nflverse_roster,C:\Users\tempadmin\OneDrive\Coding\Syndicate\data\nfl_source\tracking\nflverse\roster\roster_2026.csv,2026-08-01,00-0036955,Terrace Marshall Jr.,MIA
00-0040311,Theo Wease Jr.,MIA,WR,2026,2026-08-01,MIA,Miami Dolphins,Theo Wease Jr.,WR,nflverse_roster,C:\Users\tempadmin\OneDrive\Coding\Syndicate\data\nfl_source\tracking\nflverse\roster\roster_2026.csv,2026-08-01,00-0040311,Theo Wease Jr.,MIA
00-0041526,Trey Moore,MIA,LB,2026,2026-08-01,MIA,Miami Dolphins,Trey Moore,LB,nflverse_roster,C:\Users\tempadmin\OneDrive\Coding\Syndicate\data\nfl_source\tracking\nflverse\roster\roster_2026.csv,2026-08-01,00-0041526,Trey Moore,MIA
00-0037686,Tucker Addington,MIA,LS,2026,2026-08-01,MIA,Miami Dolphins,Tucker Addington,LS,nflverse_roster,C:\Users\tempadmin\OneDrive\Coding\Syndicate\data\nfl_source\tracking\nflverse\roster\roster_2026.csv,2026-08-01,00-0037686,Tucker Addington,MIA
00-0036849,Tutu Atwell,MIA,WR,2026,2026-08-01,MIA,Miami Dolphins,Tutu Atwell,WR,nflverse_roster,C:\Users\tempadmin\OneDrive\Coding\Syndicate\data\nfl_source\tracking\nflverse\roster\roster_2026.csv,2026-08-01,00-0036849,Tutu Atwell,MIA
00-0035352,Tyrel Dodson,MIA,LB,2026,2026-08-01,MIA,Miami Dolphins,Tyrel Dodson,LB,nflverse_roster,C:\Users\tempadmin\OneDrive\Coding\Syndicate\data\nfl_source\tracking\nflverse\roster\roster_2026.csv,2026-08-01,00-0035352,Tyrel Dodson,MIA
00-0041524,Will Kacmarek,MIA,TE,2026,2026-08-01,MIA,Miami Dolphins,Will Kacmarek,TE,nflverse_roster,C:\Users\tempadmin\OneDrive\Coding\Syndicate\data\nfl_source\tracking\nflverse\roster\roster_2026.csv,2026-08-01,00-0041524,Will Kacmarek,MIA
00-0036362,Willie Gay Jr.,MIA,LB,2026,2026-08-01,MIA,Miami Dolphins,Willie Gay Jr.,LB,nflverse_roster,C:\Users\tempadmin\OneDrive\Coding\Syndicate\data\nfl_source\tracking\nflverse\roster\roster_2026.csv,2026-08-01,00-0036362,Willie Gay Jr.,MIA
00-0034285,Zach Sieler,MIA,DL,2026,2026-08-01,MIA,Miami Dolphins,Zach Sieler,DL,nflverse_roster,C:\Users\tempadmin\OneDrive\Coding\Syndicate\data\nfl_source\tracking\nflverse\roster\roster_2026.csv,2026-08-01,00-0034285,Zach Sieler,MIA
00-0033862,Zane Gonzalez,MIA,K,2026,2026-08-01,MIA,Miami Dolphins,Zane Gonzalez,K,nflverse_roster,C:\Users\tempadmin\OneDrive\Coding\Syndicate\data\nfl_source\tracking\nflverse\roster\roster_2026.csv,2026-08-01,00-0033862,Zane Gonzalez,MIA
00-0036677,Zayne Anderson,MIA,DB,2026,2026-08-01,MIA,Miami Dolphins,Zayne Anderson,DB,nflverse_roster,C:\Users\tempadmin\OneDrive\Coding\Syndicate\data\nfl_source\tracking\nflverse\roster\roster_2026.csv,2026-08-01,00-0036677,Zayne Anderson,MIA
00-0040248,Zeek Biggers,MIA,DL,2026,2026-08-01,MIA,Miami Dolphins,Zeek Biggers,DL,nflverse_roster,C:\Users\tempadmin\OneDrive\Coding\Syndicate\data\nfl_source\tracking\nflverse\roster\roster_2026.csv,2026-08-01,00-0040248,Zeek Biggers,MIA
00-0033293,Aaron Jones,MIN,RB,2026,2026-08-01,MIN,Minnesota Vikings,Aaron Jones,RB,nflverse_roster,C:\Users\tempadmin\OneDrive\Coding\Syndicate\data\nfl_source\tracking\nflverse\roster\roster_2026.csv,2026-08-01,00-0033293,Aaron Jones,MIN
00-0030035,Adam Thielen,MIN,WR,2026,2026-08-01,MIN,Minnesota Vikings,Adam Thielen,WR,nflverse_roster,C:\Users\tempadmin\OneDrive\Coding\Syndicate\data\nfl_source\tracking\nflverse\roster\roster_2026.csv,2026-08-01,00-0030035,Adam Thielen,MIN
00-0029714,Andrew DePaola,MIN,LS,2026,2026-08-01,MIN,Minnesota Vikings,Andrew DePaola,LS,nflverse_roster,C:\Users\tempadmin\OneDrive\Coding\Syndicate\data\nfl_source\tracking\nflverse\roster\roster_2026.csv,2026-08-01,00-0029714,Andrew DePaola,MIN
00-0035272,Andrew Van Ginkel,MIN,LB,2026,2026-08-01,MIN,Minnesota Vikings,Andrew Van Ginkel,LB,nflverse_roster,C:\Users\tempadmin\OneDrive\Coding\Syndicate\data\nfl_source\tracking\nflverse\roster\roster_2026.csv,2026-08-01,00-0035272,Andrew Van Ginkel,MIN
00-0041355,Arden Walker,MIN,DL,2026,2026-08-01,MIN,Minnesota Vikings,Arden Walker,DL,nflverse_roster,C:\Users\tempadmin\OneDrive\Coding\Syndicate\data\nfl_source\tracking\nflverse\roster\roster_2026.csv,2026-08-01,00-0041355,Arden Walker,MIN
00-0041431,Bangally Kamara,MIN,LB,2026,2026-08-01,MIN,Minnesota Vikings,Bangally Kamara,LB,nflverse_roster,C:\Users\tempadmin\OneDrive\Coding\Syndicate\data\nfl_source\tracking\nflverse\roster\roster_2026.csv,2026-08-01,00-0041431,Bangally Kamara,MIN
00-0040509,Ben Yurosek,MIN,TE,2026,2026-08-01,MIN,Minnesota Vikings,Ben Yurosek,TE,nflverse_roster,C:\Users\tempadmin\OneDrive\Coding\Syndicate\data\nfl_source\tracking\nflverse\roster\roster_2026.csv,2026-08-01,00-0040509,Ben Yurosek,MIN
00-0036347,Blake Brandel,MIN,OL,2026,2026-08-01,MIN,Minnesota Vikings,Blake Brandel,OL,nflverse_roster,C:\Users\tempadmin\OneDrive\Coding\Syndicate\data\nfl_source\tracking\nflverse\roster\roster_2026.csv,2026-08-01,00-0036347,Blake Brandel,MIN
00-0035276,Blake Cashman,MIN,LB,2026,2026-08-01,MIN,Minnesota Vikings,Blake Cashman,LB,nflverse_roster,C:\Users\tempadmin\OneDrive\Coding\Syndicate\data\nfl_source\tracking\nflverse\roster\roster_2026.csv,2026-08-01,00-0035276,Blake Cashman,MIN
00-0039718,Bo Richter,MIN,LB,2026,2026-08-01,MIN,Minnesota Vikings,Bo Richter,LB,nflverse_roster,C:\Users\tempadmin\OneDrive\Coding\Syndicate\data\nfl_source\tracking\nflverse\roster\roster_2026.csv,2026-08-01,00-0039718,Bo Richter,MIN
Brett Thorson|MIN|P,Brett Thorson,MIN,P,2026,2026-08-01,MIN,Minnesota Vikings,Brett Thorson,P,nflverse_roster,C:\Users\tempadmin\OneDrive\Coding\Syndicate\data\nfl_source\tracking\nflverse\roster\roster_2026.csv,2026-08-01,Brett Thorson|MIN|P,Brett Thorson,MIN
00-0034158,Brian O'Neill,MIN,OL,2026,2026-08-01,MIN,Minnesota Vikings,Brian O'Neill,OL,nflverse_roster,C:\Users\tempadmin\OneDrive\Coding\Syndicate\data\nfl_source\tracking\nflverse\roster\roster_2026.csv,2026-08-01,00-0034158,Brian O'Neill,MIN
00-0040504,Bryson Nesbit,MIN,TE,2026,2026-08-01,MIN,Minnesota Vikings,Bryson Nesbit,TE,nflverse_roster,C:\Users\tempadmin\OneDrive\Coding\Syndicate\data\nfl_source\tracking\nflverse\roster\roster_2026.csv,2026-08-01,00-0040504,Bryson Nesbit,MIN
00-0035236,Byron Murphy,MIN,DB,2026,2026-08-01,MIN,Minnesota Vikings,Byron Murphy,DB,nflverse_roster,C:\Users\tempadmin\OneDrive\Coding\Syndicate\data\nfl_source\tracking\nflverse\roster\roster_2026.csv,2026-08-01,00-0035236,Byron Murphy,MIN
00-0032918,C.J. Ham,MIN,RB,2026,2026-08-01,MIN,Minnesota Vikings,C.J. Ham,RB,nflverse_roster,C:\Users\tempadmin\OneDrive\Coding\Syndicate\data\nfl_source\tracking\nflverse\roster\roster_2026.csv,2026-08-01,00-0032918,C.J. Ham,MIN
00-0041033,Caleb Banks,MIN,DL,2026,2026-08-01,MIN,Minnesota Vikings,Caleb Banks,DL,nflverse_roster,C:\Users\tempadmin\OneDrive\Coding\Syndicate\data\nfl_source\tracking\nflverse\roster\roster_2026.csv,2026-08-01,00-0041033,Caleb Banks,MIN
00-0040370,Caleb Etienne,MIN,OL,2026,2026-08-01,MIN,Minnesota Vikings,Caleb Etienne,OL,nflverse_roster,C:\Users\tempadmin\OneDrive\Coding\Syndicate\data\nfl_source\tracking\nflverse\roster\roster_2026.csv,2026-08-01,00-0040370,Caleb Etienne,MIN
00-0041053,Caleb Tiernan,MIN,OL,2026,2026-08-01,MIN,Minnesota Vikings,Caleb Tiernan,OL,nflverse_roster,C:\Users\tempadmin\OneDrive\Coding\Syndicate\data\nfl_source\tracking\nflverse\roster\roster_2026.csv,2026-08-01,00-0041053,Caleb Tiernan,MIN
00-0041353,Cam'Ron Stewart,MIN,LB,2026,2026-08-01,MIN,Minnesota Vikings,Cam'Ron Stewart,LB,nflverse_roster,C:\Users\tempadmin\OneDrive\Coding\Syndicate\data\nfl_source\tracking\nflverse\roster\roster_2026.csv,2026-08-01,00-0041353,Cam'Ron Stewart,MIN
00-0032950,Carson Wentz,MIN,QB,2026,2026-08-01,MIN,Minnesota Vikings,Carson Wentz,QB,nflverse_roster,C:\Users\tempadmin\OneDrive\Coding\Syndicate\data\nfl_source\tracking\nflverse\roster\roster_2026.csv,2026-08-01,00-0032950,Carson Wentz,MIN
00-0041083,Charles Demmings,MIN,DB,2026,2026-08-01,MIN,Minnesota Vikings,Charles Demmings,DB,nflverse_roster,C:\Users\tempadmin\OneDrive\Coding\Syndicate\data\nfl_source\tracking\nflverse\roster\roster_2026.csv,2026-08-01,00-0041083,Charles Demmings,MIN
00-0040496,Chaz Chambliss,MIN,LB,2026,2026-08-01,MIN,Minnesota Vikings,Chaz Chambliss,LB,nflverse_roster,C:\Users\tempadmin\OneDrive\Coding\Syndicate\data\nfl_source\tracking\nflverse\roster\roster_2026.csv,2026-08-01,00-0040496,Chaz Chambliss,MIN
00-0036616,Christian Darrisaw,MIN,OL,2026,2026-08-01,MIN,Minnesota Vikings,Christian Darrisaw,OL,nflverse_roster,C:\Users\tempadmin\OneDrive\Coding\Syndicate\data\nfl_source\tracking\nflverse\roster\roster_2026.csv,2026-08-01,00-0036616,Christian Darrisaw,MIN
00-0041341,Da'Veawn Armstead,MIN,DB,2026,2026-08-01,MIN,Minnesota Vikings,Da'Veawn Armstead,DB,nflverse_roster,C:\Users\tempadmin\OneDrive\Coding\Syndicate\data\nfl_source\tracking\nflverse\roster\roster_2026.csv,2026-08-01,00-0041341,Da'Veawn Armstead,MIN
00-0039924,Dallas Turner,MIN,LB,2026,2026-08-01,MIN,Minnesota Vikings,Dallas Turner,LB,nflverse_roster,C:\Users\tempadmin\OneDrive\Coding\Syndicate\data\nfl_source\tracking\nflverse\roster\roster_2026.csv,2026-08-01,00-0039924,Dallas Turner,MIN
00-0041349,Delby Lemieux,MIN,OL,2026,2026-08-01,MIN,Minnesota Vikings,Delby Lemieux,OL,nflverse_roster,C:\Users\tempadmin\OneDrive\Coding\Syndicate\data\nfl_source\tracking\nflverse\roster\roster_2026.csv,2026-08-01,00-0041349,Delby Lemieux,MIN
00-0041104,Demond Claiborne,MIN,RB,2026,2026-08-01,MIN,Minnesota Vikings,Demond Claiborne,RB,nflverse_roster,C:\Users\tempadmin\OneDrive\Coding\Syndicate\data\nfl_source\tracking\nflverse\roster\roster_2026.csv,2026-08-01,00-0041104,Demond Claiborne,MIN
00-0041342,Dillon Bell,MIN,WR,2026,2026-08-01,MIN,Minnesota Vikings,Dillon Bell,WR,nflverse_roster,C:\Users\tempadmin\OneDrive\Coding\Syndicate\data\nfl_source\tracking\nflverse\roster\roster_2026.csv,2026-08-01,00-0041342,Dillon Bell,MIN
00-0041046,Domonique Orange,MIN,DL,2026,2026-08-01,MIN,Minnesota Vikings,Domonique Orange,DL,nflverse_roster,C:\Users\tempadmin\OneDrive\Coding\Syndicate\data\nfl_source\tracking\nflverse\roster\roster_2026.csv,2026-08-01,00-0041046,Domonique Orange,MIN
00-0040661,Donovan Jackson,MIN,OL,2026,2026-08-01,MIN,Minnesota Vikings,Donovan Jackson,OL,nflverse_roster,C:\Users\tempadmin\OneDrive\Coding\Syndicate\data\nfl_source\tracking\nflverse\roster\roster_2026.csv,2026-08-01,00-0040661,Donovan Jackson,MIN
00-0040498,Dontae Fleming,MIN,WR,2026,2026-08-01,MIN,Minnesota Vikings,Dontae Fleming,WR,nflverse_roster,C:\Users\tempadmin\OneDrive\Coding\Syndicate\data\nfl_source\tracking\nflverse\roster\roster_2026.csv,2026-08-01,00-0040498,Dontae Fleming,MIN
00-0039714,Dwight McGlothern,MIN,DB,2026,2026-08-01,MIN,Minnesota Vikings,Dwight McGlothern,DB,nflverse_roster,C:\Users\tempadmin\OneDrive\Coding\Syndicate\data\nfl_source\tracking\nflverse\roster\roster_2026.csv,2026-08-01,00-0039714,Dwight McGlothern,MIN
00-0040624,Elijah Williams,MIN,DL,2026,2026-08-01,MIN,Minnesota Vikings,Elijah Williams,DL,nflverse_roster,C:\Users\tempadmin\OneDrive\Coding\Syndicate\data\nfl_source\tracking\nflverse\roster\roster_2026.csv,2026-08-01,00-0040624,Elijah Williams,MIN
00-0037269,Eric Johnson,MIN,DL,2026,2026-08-01,MIN,Minnesota Vikings,Eric Johnson,DL,nflverse_roster,C:\Users\tempadmin\OneDrive\Coding\Syndicate\data\nfl_source\tracking\nflverse\roster\roster_2026.csv,2026-08-01,00-0037269,Eric Johnson,MIN
00-0033336,Eric Wilson,MIN,LB,2026,2026-08-01,MIN,Minnesota Vikings,Eric Wilson,LB,nflverse_roster,C:\Users\tempadmin\OneDrive\Coding\Syndicate\data\nfl_source\tracking\nflverse\roster\roster_2026.csv,2026-08-01,00-0033336,Eric Wilson,MIN
00-0040215,Gavin Bartholomew,MIN,TE,2026,2026-08-01,MIN,Minnesota Vikings,Gavin Bartholomew,TE,nflverse_roster,C:\Users\tempadmin\OneDrive\Coding\Syndicate\data\nfl_source\tracking\nflverse\roster\roster_2026.csv,2026-08-01,00-0040215,Gavin Bartholomew,MIN
00-0041124,Gavin Gerhardt,MIN,OL,2026,2026-08-01,MIN,Minnesota Vikings,Gavin Gerhardt,OL,nflverse_roster,C:\Users\tempadmin\OneDrive\Coding\Syndicate\data\nfl_source\tracking\nflverse\roster\roster_2026.csv,2026-08-01,00-0041124,Gavin Gerhardt,MIN
00-0038785,Henry Byrd,MIN,OL,2026,2026-08-01,MIN,Minnesota Vikings,Henry Byrd,OL,nflverse_roster,C:\Users\tempadmin\OneDrive\Coding\Syndicate\data\nfl_source\tracking\nflverse\roster\roster_2026.csv,2026-08-01,00-0038785,Henry Byrd,MIN
00-0036222,Isaiah Rodgers,MIN,DB,2026,2026-08-01,MIN,Minnesota Vikings,Isaiah Rodgers,DB,nflverse_roster,C:\Users\tempadmin\OneDrive\Coding\Syndicate\data\nfl_source\tracking\nflverse\roster\roster_2026.csv,2026-08-01,00-0036222,Isaiah Rodgers,MIN
00-0036843,Isaiahh Loudermilk,MIN,DL,2026,2026-08-01,MIN,Minnesota Vikings,Isaiahh Loudermilk,DL,nflverse_roster,C:\Users\tempadmin\OneDrive\Coding\Syndicate\data\nfl_source\tracking\nflverse\roster\roster_2026.csv,2026-08-01,00-0036843,Isaiahh Loudermilk,MIN
00-0038807,Ivan Pace Jr.,MIN,LB,2026,2026-08-01,MIN,Minnesota Vikings,Ivan Pace Jr.,LB,nflverse_roster,C:\Users\tempadmin\OneDrive\Coding\Syndicate\data\nfl_source\tracking\nflverse\roster\roster_2026.csv,2026-08-01,00-0038807,Ivan Pace Jr.,MIN
00-0039923,J.J. McCarthy,MIN,QB,2026,2026-08-01,MIN,Minnesota Vikings,J.J. McCarthy,QB,nflverse_roster,C:\Users\tempadmin\OneDrive\Coding\Syndicate\data\nfl_source\tracking\nflverse\roster\roster_2026.csv,2026-08-01,00-0039923,J.J. McCarthy,MIN
00-0040786,Jacob Roberts,MIN,LB,2026,2026-08-01,MIN,Minnesota Vikings,Jacob Roberts,LB,nflverse_roster,C:\Users\tempadmin\OneDrive\Coding\Syndicate\data\nfl_source\tracking\nflverse\roster\roster_2026.csv,2026-08-01,00-0040786,Jacob Roberts,MIN
00-0041354,Jacob Thomas,MIN,DB,2026,2026-08-01,MIN,Minnesota Vikings,Jacob Thomas,DB,nflverse_roster,C:\Users\tempadmin\OneDrive\Coding\Syndicate\data\nfl_source\tracking\nflverse\roster\roster_2026.csv,2026-08-01,00-0041354,Jacob Thomas,MIN
00-0041495,Jake Golday,MIN,LB,2026,2026-08-01,MIN,Minnesota Vikings,Jake Golday,LB,nflverse_roster,C:\Users\tempadmin\OneDrive\Coding\Syndicate\data\nfl_source\tracking\nflverse\roster\roster_2026.csv,2026-08-01,00-0041495,Jake Golday,MIN
00-0041054,Jakobe Thomas,MIN,DB,2026,2026-08-01,MIN,Minnesota Vikings,Jakobe Thomas,DB,nflverse_roster,C:\Users\tempadmin\OneDrive\Coding\Syndicate\data\nfl_source\tracking\nflverse\roster\roster_2026.csv,2026-08-01,00-0041054,Jakobe Thomas,MIN
00-0038778,Jalen Redmond,MIN,DL,2026,2026-08-01,MIN,Minnesota Vikings,Jalen Redmond,DL,nflverse_roster,C:\Users\tempadmin\OneDrive\Coding\Syndicate\data\nfl_source\tracking\nflverse\roster\roster_2026.csv,2026-08-01,00-0038778,Jalen Redmond,MIN
00-0035795,James Pierre,MIN,DB,2026,2026-08-01,MIN,Minnesota Vikings,James Pierre,DB,nflverse_roster,C:\Users\tempadmin\OneDrive\Coding\Syndicate\data\nfl_source\tracking\nflverse\roster\roster_2026.csv,2026-08-01,00-0035795,James Pierre,MIN
00-0036259,Jauan Jennings,MIN,WR,2026,2026-08-01,MIN,Minnesota Vikings,Jauan Jennings,WR,nflverse_roster,C:\Users\tempadmin\OneDrive\Coding\Syndicate\data\nfl_source\tracking\nflverse\roster\roster_2026.csv,2026-08-01,00-0036259,Jauan Jennings,MIN
00-0038578,Jay Ward,MIN,DB,2026,2026-08-01,MIN,Minnesota Vikings,Jay Ward,DB,nflverse_roster,C:\Users\tempadmin\OneDrive\Coding\Syndicate\data\nfl_source\tracking\nflverse\roster\roster_2026.csv,2026-08-01,00-0038578,Jay Ward,MIN
00-0039710,Jeshaun Jones,MIN,WR,2026,2026-08-01,MIN,Minnesota Vikings,Jeshaun Jones,WR,nflverse_roster,C:\Users\tempadmin\OneDrive\Coding\Syndicate\data\nfl_source\tracking\nflverse\roster\roster_2026.csv,2026-08-01,00-0039710,Jeshaun Jones,MIN
00-0040500,Joe Huber,MIN,OL,2026,2026-08-01,MIN,Minnesota Vikings,Joe Huber,OL,nflverse_roster,C:\Users\tempadmin\OneDrive\Coding\Syndicate\data\nfl_source\tracking\nflverse\roster\roster_2026.csv,2026-08-01,00-0040500,Joe Huber,MIN
00-0028872,Johnny Hekker,MIN,P,2026,2026-08-01,MIN,Minnesota Vikings,Johnny Hekker,P,nflverse_roster,C:\Users\tempadmin\OneDrive\Coding\Syndicate\data\nfl_source\tracking\nflverse\roster\roster_2026.csv,2026-08-01,00-0028872,Johnny Hekker,MIN
00-0038994,Jordan Addison,MIN,WR,2026,2026-08-01,MIN,Minnesota Vikings,Jordan Addison,WR,nflverse_roster,C:\Users\tempadmin\OneDrive\Coding\Syndicate\data\nfl_source\tracking\nflverse\roster\roster_2026.csv,2026-08-01,00-0038994,Jordan Addison,MIN
00-0037525,Jordan Mason,MIN,RB,2026,2026-08-01,MIN,Minnesota Vikings,Jordan Mason,RB,nflverse_roster,C:\Users\tempadmin\OneDrive\Coding\Syndicate\data\nfl_source\tracking\nflverse\roster\roster_2026.csv,2026-08-01,00-0037525,Jordan Mason,MIN
00-0036348,Josh Metellus,MIN,DB,2026,2026-08-01,MIN,Minnesota Vikings,Josh Metellus,DB,nflverse_roster,C:\Users\tempadmin\OneDrive\Coding\Syndicate\data\nfl_source\tracking\nflverse\roster\roster_2026.csv,2026-08-01,00-0036348,Josh Metellus,MIN
00-0035249,Josh Oliver,MIN,TE,2026,2026-08-01,MIN,Minnesota Vikings,Josh Oliver,TE,nflverse_roster,C:\Users\tempadmin\OneDrive\Coding\Syndicate\data\nfl_source\tracking\nflverse\roster\roster_2026.csv,2026-08-01,00-0035249,Josh Oliver,MIN
00-0037184,Josh Ross,MIN,LB,2026,2026-08-01,MIN,Minnesota Vikings,Josh Ross,LB,nflverse_roster,C:\Users\tempadmin\OneDrive\Coding\Syndicate\data\nfl_source\tracking\nflverse\roster\roster_2026.csv,2026-08-01,00-0037184,Josh Ross,MIN
00-0036322,Justin Jefferson,MIN,WR,2026,2026-08-01,MIN,Minnesota Vikings,Justin Jefferson,WR,nflverse_roster,C:\Users\tempadmin\OneDrive\Coding\Syndicate\data\nfl_source\tracking\nflverse\roster\roster_2026.csv,2026-08-01,00-0036322,Justin Jefferson,MIN
00-0038523,Kahlef Hailassie,MIN,DB,2026,2026-08-01,MIN,Minnesota Vikings,Kahlef Hailassie,DB,nflverse_roster,C:\Users\tempadmin\OneDrive\Coding\Syndicate\data\nfl_source\tracking\nflverse\roster\roster_2026.csv,2026-08-01,00-0038523,Kahlef Hailassie,MIN
00-0041350,Kejon Owens,MIN,RB,2026,2026-08-01,MIN,Minnesota Vikings,Kejon Owens,RB,nflverse_roster,C:\Users\tempadmin\OneDrive\Coding\Syndicate\data\nfl_source\tracking\nflverse\roster\roster_2026.csv,2026-08-01,00-0041350,Kejon Owens,MIN
00-0041347,Keli Lawson,MIN,LB,2026,2026-08-01,MIN,Minnesota Vikings,Keli Lawson,LB,nflverse_roster,C:\Users\tempadmin\OneDrive\Coding\Syndicate\data\nfl_source\tracking\nflverse\roster\roster_2026.csv,2026-08-01,00-0041347,Keli Lawson,MIN
00-0035228,Kyler Murray,MIN,QB,2026,2026-08-01,MIN,Minnesota Vikings,Kyler Murray,QB,nflverse_roster,C:\Users\tempadmin\OneDrive\Coding\Syndicate\data\nfl_source\tracking\nflverse\roster\roster_2026.csv,2026-08-01,00-0035228,Kyler Murray,MIN
00-0039421,Levi Drake Rodriguez,MIN,DL,2026,2026-08-01,MIN,Minnesota Vikings,Levi Drake Rodriguez,DL,nflverse_roster,C:\Users\tempadmin\OneDrive\Coding\Syndicate\data\nfl_source\tracking\nflverse\roster\roster_2026.csv,2026-08-01,00-0039421,Levi Drake Rodriguez,MIN
00-0041356,Luke Wysong,MIN,WR,2026,2026-08-01,MIN,Minnesota Vikings,Luke Wysong,WR,nflverse_roster,C:\Users\tempadmin\OneDrive\Coding\Syndicate\data\nfl_source\tracking\nflverse\roster\roster_2026.csv,2026-08-01,00-0041356,Luke Wysong,MIN
00-0041340,Marcus Allen,MIN,DB,2026,2026-08-01,MIN,Minnesota Vikings,Marcus Allen,DB,nflverse_roster,C:\Users\tempadmin\OneDrive\Coding\Syndicate\data\nfl_source\tracking\nflverse\roster\roster_2026.csv,2026-08-01,00-0041340,Marcus Allen,MIN
00-0041352,Marcus Sanders,MIN,WR,2026,2026-08-01,MIN,Minnesota Vikings,Marcus Sanders,WR,nflverse_roster,C:\Users\tempadmin\OneDrive\Coding\Syndicate\data\nfl_source\tracking\nflverse\roster\roster_2026.csv,2026-08-01,00-0041352,Marcus Sanders,MIN
00-0041081,Max Bredeson,MIN,RB,2026,2026-08-01,MIN,Minnesota Vikings,Max Bredeson,RB,nflverse_roster,C:\Users\tempadmin\OneDrive\Coding\Syndicate\data\nfl_source\tracking\nflverse\roster\roster_2026.csv,2026-08-01,00-0041081,Max Bredeson,MIN
00-0040494,Max Brosmer,MIN,QB,2026,2026-08-01,MIN,Minnesota Vikings,Max Brosmer,QB,nflverse_roster,C:\Users\tempadmin\OneDrive\Coding\Syndicate\data\nfl_source\tracking\nflverse\roster\roster_2026.csv,2026-08-01,00-0040494,Max Brosmer,MIN
00-0040970,Michael Briscoe,MIN,WR,2026,2026-08-01,MIN,Minnesota Vikings,Michael Briscoe,WR,nflverse_roster,C:\Users\tempadmin\OneDrive\Coding\Syndicate\data\nfl_source\tracking\nflverse\roster\roster_2026.csv,2026-08-01,00-0040970,Michael Briscoe,MIN
00-0039419,Michael Jurgens,MIN,OL,2026,2026-08-01,MIN,Minnesota Vikings,Michael Jurgens,OL,nflverse_roster,C:\Users\tempadmin\OneDrive\Coding\Syndicate\data\nfl_source\tracking\nflverse\roster\roster_2026.csv,2026-08-01,00-0039419,Michael Jurgens,MIN
00-0041345,Monkell Goodwine,MIN,DL,2026,2026-08-01,MIN,Minnesota Vikings,Monkell Goodwine,DL,nflverse_roster,C:\Users\tempadmin\OneDrive\Coding\Syndicate\data\nfl_source\tracking\nflverse\roster\roster_2026.csv,2026-08-01,00-0041345,Monkell Goodwine,MIN
00-0040506,Myles Price,MIN,WR,2026,2026-08-01,MIN,Minnesota Vikings,Myles Price,WR,nflverse_roster,C:\Users\tempadmin\OneDrive\Coding\Syndicate\data\nfl_source\tracking\nflverse\roster\roster_2026.csv,2026-08-01,00-0040506,Myles Price,MIN
00-0037404,Ryan Van Demark,MIN,OL,2026,2026-08-01,MIN,Minnesota Vikings,Ryan Van Demark,OL,nflverse_roster,C:\Users\tempadmin\OneDrive\Coding\Syndicate\data\nfl_source\tracking\nflverse\roster\roster_2026.csv,2026-08-01,00-0037404,Ryan Van Demark,MIN
00-0041432,Smith Vilbert,MIN,DL,2026,2026-08-01,MIN,Minnesota Vikings,Smith Vilbert,DL,nflverse_roster,C:\Users\tempadmin\OneDrive\Coding\Syndicate\data\nfl_source\tracking\nflverse\roster\roster_2026.csv,2026-08-01,00-0041432,Smith Vilbert,MIN
00-0035229,T.J. Hockenson,MIN,TE,2026,2026-08-01,MIN,Minnesota Vikings,T.J. Hockenson,TE,nflverse_roster,C:\Users\tempadmin\OneDrive\Coding\Syndicate\data\nfl_source\tracking\nflverse\roster\roster_2026.csv,2026-08-01,00-0035229,T.J. Hockenson,MIN
00-0040154,Tai Felton,MIN,WR,2026,2026-08-01,MIN,Minnesota Vikings,Tai Felton,WR,nflverse_roster,C:\Users\tempadmin\OneDrive\Coding\Syndicate\data\nfl_source\tracking\nflverse\roster\roster_2026.csv,2026-08-01,00-0040154,Tai Felton,MIN
00-0039720,Taki Taimani,MIN,DL,2026,2026-08-01,MIN,Minnesota Vikings,Taki Taimani,DL,nflverse_roster,C:\Users\tempadmin\OneDrive\Coding\Syndicate\data\nfl_source\tracking\nflverse\roster\roster_2026.csv,2026-08-01,00-0039720,Taki Taimani,MIN
00-0034488,Tavierre Thomas,MIN,DB,2026,2026-08-01,MIN,Minnesota Vikings,Tavierre Thomas,DB,nflverse_roster,C:\Users\tempadmin\OneDrive\Coding\Syndicate\data\nfl_source\tracking\nflverse\roster\roster_2026.csv,2026-08-01,00-0034488,Tavierre Thomas,MIN
00-0041481,Terrill Davis,MIN,WR,2026,2026-08-01,MIN,Minnesota Vikings,Terrill Davis,WR,nflverse_roster,C:\Users\tempadmin\OneDrive\Coding\Syndicate\data\nfl_source\tracking\nflverse\roster\roster_2026.csv,2026-08-01,00-0041481,Terrill Davis,MIN
00-0037301,Theo Jackson,MIN,DB,2026,2026-08-01,MIN,Minnesota Vikings,Theo Jackson,DB,nflverse_roster,C:\Users\tempadmin\OneDrive\Coding\Syndicate\data\nfl_source\tracking\nflverse\roster\roster_2026.csv,2026-08-01,00-0037301,Theo Jackson,MIN
00-0041351,Tomas Rimac,MIN,OL,2026,2026-08-01,MIN,Minnesota Vikings,Tomas Rimac,OL,nflverse_roster,C:\Users\tempadmin\OneDrive\Coding\Syndicate\data\nfl_source\tracking\nflverse\roster\roster_2026.csv,2026-08-01,00-0041351,Tomas Rimac,MIN
00-0041475,Trayvon Rudolph,MIN,WR,2026,2026-08-01,MIN,Minnesota Vikings,Trayvon Rudolph,WR,nflverse_roster,C:\Users\tempadmin\OneDrive\Coding\Syndicate\data\nfl_source\tracking\nflverse\roster\roster_2026.csv,2026-08-01,00-0041475,Trayvon Rudolph,MIN
00-0041348,Tristan Leigh,MIN,OL,2026,2026-08-01,MIN,Minnesota Vikings,Tristan Leigh,OL,nflverse_roster,C:\Users\tempadmin\OneDrive\Coding\Syndicate\data\nfl_source\tracking\nflverse\roster\roster_2026.csv,2026-08-01,00-0041348,Tristan Leigh,MIN
00-0040492,Tyler Batty,MIN,LB,2026,2026-08-01,MIN,Minnesota Vikings,Tyler Batty,LB,nflverse_roster,C:\Users\tempadmin\OneDrive\Coding\Syndicate\data\nfl_source\tracking\nflverse\roster\roster_2026.csv,2026-08-01,00-0040492,Tyler Batty,MIN
00-0041344,Tyreek Chappell,MIN,DB,2026,2026-08-01,MIN,Minnesota Vikings,Tyreek Chappell,DB,nflverse_roster,C:\Users\tempadmin\OneDrive\Coding\Syndicate\data\nfl_source\tracking\nflverse\roster\roster_2026.csv,2026-08-01,00-0041344,Tyreek Chappell,MIN
00-0040173,Tyrion Ingram-Dawkins,MIN,DL,2026,2026-08-01,MIN,Minnesota Vikings,Tyrion Ingram-Dawkins,DL,nflverse_roster,C:\Users\tempadmin\OneDrive\Coding\Syndicate\data\nfl_source\tracking\nflverse\roster\roster_2026.csv,2026-08-01,00-0040173,Tyrion Ingram-Dawkins,MIN
00-0040712,Vershon Lee,MIN,OL,2026,2026-08-01,MIN,Minnesota Vikings,Vershon Lee,OL,nflverse_roster,C:\Users\tempadmin\OneDrive\Coding\Syndicate\data\nfl_source\tracking\nflverse\roster\roster_2026.csv,2026-08-01,00-0040712,Vershon Lee,MIN
00-0039828,Walter Rouse,MIN,OL,2026,2026-08-01,MIN,Minnesota Vikings,Walter Rouse,OL,nflverse_roster,C:\Users\tempadmin\OneDrive\Coding\Syndicate\data\nfl_source\tracking\nflverse\roster\roster_2026.csv,2026-08-01,00-0039828,Walter Rouse,MIN
00-0036483,Will Fries,MIN,OL,2026,2026-08-01,MIN,Minnesota Vikings,Will Fries,OL,nflverse_roster,C:\Users\tempadmin\OneDrive\Coding\Syndicate\data\nfl_source\tracking\nflverse\roster\roster_2026.csv,2026-08-01,00-0036483,Will Fries,MIN
00-0039404,Will Reichard,MIN,K,2026,2026-08-01,MIN,Minnesota Vikings,Will Reichard,K,nflverse_roster,C:\Users\tempadmin\OneDrive\Coding\Syndicate\data\nfl_source\tracking\nflverse\roster\roster_2026.csv,2026-08-01,00-0039404,Will Reichard,MIN
00-0038440,Zavier Scott,MIN,RB,2026,2026-08-01,MIN,Minnesota Vikings,Zavier Scott,RB,nflverse_roster,C:\Users\tempadmin\OneDrive\Coding\Syndicate\data\nfl_source\tracking\nflverse\roster\roster_2026.csv,2026-08-01,00-0038440,Zavier Scott,MIN
00-0040507,Zemaiah Vaughn,MIN,DB,2026,2026-08-01,MIN,Minnesota Vikings,Zemaiah Vaughn,DB,nflverse_roster,C:\Users\tempadmin\OneDrive\Coding\Syndicate\data\nfl_source\tracking\nflverse\roster\roster_2026.csv,2026-08-01,00-0040507,Zemaiah Vaughn,MIN
00-0035676,A.J. Brown,NE,WR,2026,2026-08-01,NE,New England Patriots,A.J. Brown,WR,nflverse_roster,C:\Users\tempadmin\OneDrive\Coding\Syndicate\data\nfl_source\tracking\nflverse\roster\roster_2026.csv,2026-08-01,00-0035676,A.J. Brown,NE
00-0036979,Alijah Vera-Tucker,NE,OL,2026,2026-08-01,NE,New England Patriots,Alijah Vera-Tucker,OL,nflverse_roster,C:\Users\tempadmin\OneDrive\Coding\Syndicate\data\nfl_source\tracking\nflverse\roster\roster_2026.csv,2026-08-01,00-0036979,Alijah Vera-Tucker,NE
00-0039539,Amari Gainer,NE,LB,2026,2026-08-01,NE,New England Patriots,Amari Gainer,LB,nflverse_roster,C:\Users\tempadmin\OneDrive\Coding\Syndicate\data\nfl_source\tracking\nflverse\roster\roster_2026.csv,2026-08-01,00-0039539,Amari Gainer,NE
00-0037605,Andrew Rupcich,NE,OL,2026,2026-08-01,NE,New England Patriots,Andrew Rupcich,OL,nflverse_roster,C:\Users\tempadmin\OneDrive\Coding\Syndicate\data\nfl_source\tracking\nflverse\roster\roster_2026.csv,2026-08-01,00-0037605,Andrew Rupcich,NE
00-0040200,Andy Borregales,NE,K,2026,2026-08-01,NE,New England Patriots,Andy Borregales,K,nflverse_roster,C:\Users\tempadmin\OneDrive\Coding\Syndicate\data\nfl_source\tracking\nflverse\roster\roster_2026.csv,2026-08-01,00-0040200,Andy Borregales,NE
00-0041123,Behren Morton,NE,QB,2026,2026-08-01,NE,New England Patriots,Behren Morton,QB,nflverse_roster,C:\Users\tempadmin\OneDrive\Coding\Syndicate\data\nfl_source\tracking\nflverse\roster\roster_2026.csv,2026-08-01,00-0041123,Behren Morton,NE
00-0037413,Ben Brown,NE,OL,2026,2026-08-01,NE,New England Patriots,Ben Brown,OL,nflverse_roster,C:\Users\tempadmin\OneDrive\Coding\Syndicate\data\nfl_source\tracking\nflverse\roster\roster_2026.csv,2026-08-01,00-0037413,Ben Brown,NE
00-0040176,Bradyn Swinson,NE,LB,2026,2026-08-01,NE,New England Patriots,Bradyn Swinson,LB,nflverse_roster,C:\Users\tempadmin\OneDrive\Coding\Syndicate\data\nfl_source\tracking\nflverse\roster\roster_2026.csv,2026-08-01,00-0040176,Bradyn Swinson,NE
00-0040565,Brandon Crossley,NE,DB,2026,2026-08-01,NE,New England Patriots,Brandon Crossley,DB,nflverse_roster,C:\Users\tempadmin\OneDrive\Coding\Syndicate\data\nfl_source\tracking\nflverse\roster\roster_2026.csv,2026-08-01,00-0040565,Brandon Crossley,NE
00-0037205,Brenden Schooler,NE,DB,2026,2026-08-01,NE,New England Patriots,Brenden Schooler,DB,nflverse_roster,C:\Users\tempadmin\OneDrive\Coding\Syndicate\data\nfl_source\tracking\nflverse\roster\roster_2026.csv,2026-08-01,00-0037205,Brenden Schooler,NE
00-0040567,Brock Lampe,NE,RB,2026,2026-08-01,NE,New England Patriots,Brock Lampe,RB,nflverse_roster,C:\Users\tempadmin\OneDrive\Coding\Syndicate\data\nfl_source\tracking\nflverse\roster\roster_2026.csv,2026-08-01,00-0040567,Brock Lampe,NE
00-0038610,Bryce Baringer,NE,P,2026,2026-08-01,NE,New England Patriots,Bryce Baringer,P,nflverse_roster,C:\Users\tempadmin\OneDrive\Coding\Syndicate\data\nfl_source\tracking\nflverse\roster\roster_2026.csv,2026-08-01,00-0038610,Bryce Baringer,NE
00-0040566,CJ Dippre,NE,TE,2026,2026-08-01,NE,New England Patriots,CJ Dippre,TE,nflverse_roster,C:\Users\tempadmin\OneDrive\Coding\Syndicate\data\nfl_source\tracking\nflverse\roster\roster_2026.csv,2026-08-01,00-0040566,CJ Dippre,NE
00-0039863,Caedan Wallace,NE,OL,2026,2026-08-01,NE,New England Patriots,Caedan Wallace,OL,nflverse_roster,C:\Users\tempadmin\OneDrive\Coding\Syndicate\data\nfl_source\tracking\nflverse\roster\roster_2026.csv,2026-08-01,00-0039863,Caedan Wallace,NE
00-0041541,Caleb Lomu,NE,OL,2026,2026-08-01,NE,New England Patriots,Caleb Lomu,OL,nflverse_roster,C:\Users\tempadmin\OneDrive\Coding\Syndicate\data\nfl_source\tracking\nflverse\roster\roster_2026.csv,2026-08-01,00-0041541,Caleb Lomu,NE
00-0041319,Cameron Dorner,NE,WR,2026,2026-08-01,NE,New England Patriots,Cameron Dorner,WR,nflverse_roster,C:\Users\tempadmin\OneDrive\Coding\Syndicate\data\nfl_source\tracking\nflverse\roster\roster_2026.csv,2026-08-01,00-0041319,Cameron Dorner,NE
00-0034778,Carlton Davis III,NE,DB,2026,2026-08-01,NE,New England Patriots,Carlton Davis III,DB,nflverse_roster,C:\Users\tempadmin\OneDrive\Coding\Syndicate\data\nfl_source\tracking\nflverse\roster\roster_2026.csv,2026-08-01,00-0034778,Carlton Davis III,NE
00-0037811,Chad Muma,NE,LB,2026,2026-08-01,NE,New England Patriots,Chad Muma,LB,nflverse_roster,C:\Users\tempadmin\OneDrive\Coding\Syndicate\data\nfl_source\tracking\nflverse\roster\roster_2026.csv,2026-08-01,00-0037811,Chad Muma,NE
00-0041316,Channing Canada,NE,DB,2026,2026-08-01,NE,New England Patriots,Channing Canada,DB,nflverse_roster,C:\Users\tempadmin\OneDrive\Coding\Syndicate\data\nfl_source\tracking\nflverse\roster\roster_2026.csv,2026-08-01,00-0041316,Channing Canada,NE
00-0039770,Charles Woods,NE,DB,2026,2026-08-01,NE,New England Patriots,Charles Woods,DB,nflverse_roster,C:\Users\tempadmin\OneDrive\Coding\Syndicate\data\nfl_source\tracking\nflverse\roster\roster_2026.csv,2026-08-01,00-0039770,Charles Woods,NE
00-0036981,Christian Barmore,NE,DL,2026,2026-08-01,NE,New England Patriots,Christian Barmore,DL,nflverse_roster,C:\Users\tempadmin\OneDrive\Coding\Syndicate\data\nfl_source\tracking\nflverse\roster\roster_2026.csv,2026-08-01,00-0036981,Christian Barmore,NE
00-0036813,Christian Elliss,NE,LB,2026,2026-08-01,NE,New England Patriots,Christian Elliss,LB,nflverse_roster,C:\Users\tempadmin\OneDrive\Coding\Syndicate\data\nfl_source\tracking\nflverse\roster\roster_2026.csv,2026-08-01,00-0036813,Christian Elliss,NE
00-0039147,Christian Gonzalez,NE,DB,2026,2026-08-01,NE,New England Patriots,Christian Gonzalez,DB,nflverse_roster,C:\Users\tempadmin\OneDrive\Coding\Syndicate\data\nfl_source\tracking\nflverse\roster\roster_2026.csv,2026-08-01,00-0039147,Christian Gonzalez,NE
00-0038653,Cory Durden,NE,DL,2026,2026-08-01,NE,New England Patriots,Cory Durden,DL,nflverse_roster,C:\Users\tempadmin\OneDrive\Coding\Syndicate\data\nfl_source\tracking\nflverse\roster\roster_2026.csv,2026-08-01,00-0038653,Cory Durden,NE
00-0040716,Craig Woodson,NE,DB,2026,2026-08-01,NE,New England Patriots,Craig Woodson,DB,nflverse_roster,C:\Users\tempadmin\OneDrive\Coding\Syndicate\data\nfl_source\tracking\nflverse\roster\roster_2026.csv,2026-08-01,00-0040716,Craig Woodson,NE
00-0041103,Dametrious Crownover,NE,OL,2026,2026-08-01,NE,New England Patriots,Dametrious Crownover,OL,nflverse_roster,C:\Users\tempadmin\OneDrive\Coding\Syndicate\data\nfl_source\tracking\nflverse\roster\roster_2026.csv,2026-08-01,00-0041103,Dametrious Crownover,NE
00-0041315,David Blay,NE,DL,2026,2026-08-01,NE,New England Patriots,David Blay,DL,nflverse_roster,C:\Users\tempadmin\OneDrive\Coding\Syndicate\data\nfl_source\tracking\nflverse\roster\roster_2026.csv,2026-08-01,00-0041315,David Blay,NE
00-0038621,DeMario Douglas,NE,WR,2026,2026-08-01,NE,New England Patriots,DeMario Douglas,WR,nflverse_roster,C:\Users\tempadmin\OneDrive\Coding\Syndicate\data\nfl_source\tracking\nflverse\roster\roster_2026.csv,2026-08-01,00-0038621,DeMario Douglas,NE
00-0039692,Dell Pettus,NE,DB,2026,2026-08-01,NE,New England Patriots,Dell Pettus,DB,nflverse_roster,C:\Users\tempadmin\OneDrive\Coding\Syndicate\data\nfl_source\tracking\nflverse\roster\roster_2026.csv,2026-08-01,00-0039692,Dell Pettus,NE
00-0039851,Drake Maye,NE,QB,2026,2026-08-01,NE,New England Patriots,Drake Maye,QB,nflverse_roster,C:\Users\tempadmin\OneDrive\Coding\Syndicate\data\nfl_source\tracking\nflverse\roster\roster_2026.csv,2026-08-01,00-0039851,Drake Maye,NE
00-0035678,Dre'Mont Jones,NE,LB,2026,2026-08-01,NE,New England Patriots,Dre'Mont Jones,LB,nflverse_roster,C:\Users\tempadmin\OneDrive\Coding\Syndicate\data\nfl_source\tracking\nflverse\roster\roster_2026.csv,2026-08-01,00-0035678,Dre'Mont Jones,NE
00-0040563,Efton Chism III,NE,WR,2026,2026-08-01,NE,New England Patriots,Efton Chism III,WR,nflverse_roster,C:\Users\tempadmin\OneDrive\Coding\Syndicate\data\nfl_source\tracking\nflverse\roster\roster_2026.csv,2026-08-01,00-0040563,Efton Chism III,NE
00-0041395,Eli Raridon,NE,TE,2026,2026-08-01,NE,New England Patriots,Eli Raridon,TE,nflverse_roster,C:\Users\tempadmin\OneDrive\Coding\Syndicate\data\nfl_source\tracking\nflverse\roster\roster_2026.csv,2026-08-01,00-0041395,Eli Raridon,NE
00-0040574,Elijah Ponder,NE,LB,2026,2026-08-01,NE,New England Patriots,Elijah Ponder,LB,nflverse_roster,C:\Users\tempadmin\OneDrive\Coding\Syndicate\data\nfl_source\tracking\nflverse\roster\roster_2026.csv,2026-08-01,00-0040574,Elijah Ponder,NE
00-0040371,Eric Gregory,NE,DL,2026,2026-08-01,NE,New England Patriots,Eric Gregory,DL,nflverse_roster,C:\Users\tempadmin\OneDrive\Coding\Syndicate\data\nfl_source\tracking\nflverse\roster\roster_2026.csv,2026-08-01,00-0040371,Eric Gregory,NE
00-0041569,Gabe Jacas,NE,LB,2026,2026-08-01,NE,New England Patriots,Gabe Jacas,LB,nflverse_roster,C:\Users\tempadmin\OneDrive\Coding\Syndicate\data\nfl_source\tracking\nflverse\roster\roster_2026.csv,2026-08-01,00-0041569,Gabe Jacas,NE
00-0034828,Harold Landry III,NE,LB,2026,2026-08-01,NE,New England Patriots,Harold Landry III,LB,nflverse_roster,C:\Users\tempadmin\OneDrive\Coding\Syndicate\data\nfl_source\tracking\nflverse\roster\roster_2026.csv,2026-08-01,00-0034828,Harold Landry III,NE
00-0033090,Hunter Henry,NE,TE,2026,2026-08-01,NE,New England Patriots,Hunter Henry,TE,nflverse_roster,C:\Users\tempadmin\OneDrive\Coding\Syndicate\data\nfl_source\tracking\nflverse\roster\roster_2026.csv,2026-08-01,00-0033090,Hunter Henry,NE
00-0039305,Jack Westover,NE,RB,2026,2026-08-01,NE,New England Patriots,Jack Westover,RB,nflverse_roster,C:\Users\tempadmin\OneDrive\Coding\Syndicate\data\nfl_source\tracking\nflverse\roster\roster_2026.csv,2026-08-01,00-0039305,Jack Westover,NE
00-0041325,Jacob Rizy,NE,OL,2026,2026-08-01,NE,New England Patriots,Jacob Rizy,OL,nflverse_roster,C:\Users\tempadmin\OneDrive\Coding\Syndicate\data\nfl_source\tracking\nflverse\roster\roster_2026.csv,2026-08-01,00-0041325,Jacob Rizy,NE
00-0041129,Jam Miller,NE,RB,2026,2026-08-01,NE,New England Patriots,Jam Miller,RB,nflverse_roster,C:\Users\tempadmin\OneDrive\Coding\Syndicate\data\nfl_source\tracking\nflverse\roster\roster_2026.csv,2026-08-01,00-0041129,Jam Miller,NE
00-0036866,James Hudson,NE,OL,2026,2026-08-01,NE,New England Patriots,James Hudson,OL,nflverse_roster,C:\Users\tempadmin\OneDrive\Coding\Syndicate\data\nfl_source\tracking\nflverse\roster\roster_2026.csv,2026-08-01,00-0036866,James Hudson,NE
00-0040147,Jared Wilson,NE,OL,2026,2026-08-01,NE,New England Patriots,Jared Wilson,OL,nflverse_roster,C:\Users\tempadmin\OneDrive\Coding\Syndicate\data\nfl_source\tracking\nflverse\roster\roster_2026.csv,2026-08-01,00-0040147,Jared Wilson,NE
00-0037711,Jeremiah Pharms Jr.,NE,DL,2026,2026-08-01,NE,New England Patriots,Jeremiah Pharms Jr.,DL,nflverse_roster,C:\Users\tempadmin\OneDrive\Coding\Syndicate\data\nfl_source\tracking\nflverse\roster\roster_2026.csv,2026-08-01,00-0037711,Jeremiah Pharms Jr.,NE
00-0040570,Jeremiah Webb,NE,WR,2026,2026-08-01,NE,New England Patriots,Jeremiah Webb,WR,nflverse_roster,C:\Users\tempadmin\OneDrive\Coding\Syndicate\data\nfl_source\tracking\nflverse\roster\roster_2026.csv,2026-08-01,00-0040570,Jeremiah Webb,NE
00-0037330,Jesse Luketa,NE,LB,2026,2026-08-01,NE,New England Patriots,Jesse Luketa,LB,nflverse_roster,C:\Users\tempadmin\OneDrive\Coding\Syndicate\data\nfl_source\tracking\nflverse\roster\roster_2026.csv,2026-08-01,00-0037330,Jesse Luketa,NE
00-0041322,Jimmy Kibble,NE,WR,2026,2026-08-01,NE,New England Patriots,Jimmy Kibble,WR,nflverse_roster,C:\Users\tempadmin\OneDrive\Coding\Syndicate\data\nfl_source\tracking\nflverse\roster\roster_2026.csv,2026-08-01,00-0041322,Jimmy Kibble,NE
00-0040310,John Saunders Jr.,NE,DB,2026,2026-08-01,NE,New England Patriots,John Saunders Jr.,DB,nflverse_roster,C:\Users\tempadmin\OneDrive\Coding\Syndicate\data\nfl_source\tracking\nflverse\roster\roster_2026.csv,2026-08-01,00-0040310,John Saunders Jr.,NE
00-0041324,JonDarius Morgan,NE,OL,2026,2026-08-01,NE,New England Patriots,JonDarius Morgan,OL,nflverse_roster,C:\Users\tempadmin\OneDrive\Coding\Syndicate\data\nfl_source\tracking\nflverse\roster\roster_2026.csv,2026-08-01,00-0041324,JonDarius Morgan,NE
00-0040171,Joshua Farmer,NE,DL,2026,2026-08-01,NE,New England Patriots,Joshua Farmer,DL,nflverse_roster,C:\Users\tempadmin\OneDrive\Coding\Syndicate\data\nfl_source\tracking\nflverse\roster\roster_2026.csv,2026-08-01,00-0040171,Joshua Farmer,NE
00-0040246,Julian Ashby,NE,LS,2026,2026-08-01,NE,New England Patriots,Julian Ashby,LS,nflverse_roster,C:\Users\tempadmin\OneDrive\Coding\Syndicate\data\nfl_source\tracking\nflverse\roster\roster_2026.csv,2026-08-01,00-0040246,Julian Ashby,NE
00-0038720,Julian Hill,NE,TE,2026,2026-08-01,NE,New England Patriots,Julian Hill,TE,nflverse_roster,C:\Users\tempadmin\OneDrive\Coding\Syndicate\data\nfl_source\tracking\nflverse\roster\roster_2026.csv,2026-08-01,00-0038720,Julian Hill,NE
00-0036643,K.J. Britt,NE,LB,2026,2026-08-01,NE,New England Patriots,K.J. Britt,LB,nflverse_roster,C:\Users\tempadmin\OneDrive\Coding\Syndicate\data\nfl_source\tracking\nflverse\roster\roster_2026.csv,2026-08-01,00-0036643,K.J. Britt,NE
00-0041088,Karon Prunty,NE,DB,2026,2026-08-01,NE,New England Patriots,Karon Prunty,DB,nflverse_roster,C:\Users\tempadmin\OneDrive\Coding\Syndicate\data\nfl_source\tracking\nflverse\roster\roster_2026.csv,2026-08-01,00-0041088,Karon Prunty,NE
00-0038608,Kayshon Boutte,NE,WR,2026,2026-08-01,NE,New England Patriots,Kayshon Boutte,WR,nflverse_roster,C:\Users\tempadmin\OneDrive\Coding\Syndicate\data\nfl_source\tracking\nflverse\roster\roster_2026.csv,2026-08-01,00-0038608,Kayshon Boutte,NE
00-0041320,Kenneth Harris,NE,DB,2026,2026-08-01,NE,New England Patriots,Kenneth Harris,DB,nflverse_roster,C:\Users\tempadmin\OneDrive\Coding\Syndicate\data\nfl_source\tracking\nflverse\roster\roster_2026.csv,2026-08-01,00-0041320,Kenneth Harris,NE
00-0033132,Kevin Byard,NE,DB,2026,2026-08-01,NE,New England Patriots,Kevin Byard,DB,nflverse_roster,C:\Users\tempadmin\OneDrive\Coding\Syndicate\data\nfl_source\tracking\nflverse\roster\roster_2026.csv,2026-08-01,00-0033132,Kevin Byard,NE
00-0041321,Khalil Jacobs,NE,LB,2026,2026-08-01,NE,New England Patriots,Khalil Jacobs,LB,nflverse_roster,C:\Users\tempadmin\OneDrive\Coding\Syndicate\data\nfl_source\tracking\nflverse\roster\roster_2026.csv,2026-08-01,00-0041321,Khalil Jacobs,NE
00-0036307,Kindle Vildor,NE,DB,2026,2026-08-01,NE,New England Patriots,Kindle Vildor,DB,nflverse_roster,C:\Users\tempadmin\OneDrive\Coding\Syndicate\data\nfl_source\tracking\nflverse\roster\roster_2026.csv,2026-08-01,00-0036307,Kindle Vildor,NE
00-0040252,Kobee Minor,NE,DB,2026,2026-08-01,NE,New England Patriots,Kobee Minor,DB,nflverse_roster,C:\Users\tempadmin\OneDrive\Coding\Syndicate\data\nfl_source\tracking\nflverse\roster\roster_2026.csv,2026-08-01,00-0040252,Kobee Minor,NE
00-0041318,Kyle Dixon,NE,WR,2026,2026-08-01,NE,New England Patriots,Kyle Dixon,WR,nflverse_roster,C:\Users\tempadmin\OneDrive\Coding\Syndicate\data\nfl_source\tracking\nflverse\roster\roster_2026.csv,2026-08-01,00-0041318,Kyle Dixon,NE
00-0040131,Kyle Williams,NE,WR,2026,2026-08-01,NE,New England Patriots,Kyle Williams,WR,nflverse_roster,C:\Users\tempadmin\OneDrive\Coding\Syndicate\data\nfl_source\tracking\nflverse\roster\roster_2026.csv,2026-08-01,00-0040131,Kyle Williams,NE
00-0040568,Lan Larison,NE,RB,2026,2026-08-01,NE,New England Patriots,Lan Larison,RB,nflverse_roster,C:\Users\tempadmin\OneDrive\Coding\Syndicate\data\nfl_source\tracking\nflverse\roster\roster_2026.csv,2026-08-01,00-0040568,Lan Larison,NE
00-0039289,Leonard Taylor III,NE,DL,2026,2026-08-01,NE,New England Patriots,Leonard Taylor III,DL,nflverse_roster,C:\Users\tempadmin\OneDrive\Coding\Syndicate\data\nfl_source\tracking\nflverse\roster\roster_2026.csv,2026-08-01,00-0039289,Leonard Taylor III,NE
00-0038426,Lorenz Metz,NE,OL,2026,2026-08-01,NE,New England Patriots,Lorenz Metz,OL,nflverse_roster,C:\Users\tempadmin\OneDrive\Coding\Syndicate\data\nfl_source\tracking\nflverse\roster\roster_2026.csv,2026-08-01,00-0038426,Lorenz Metz,NE
00-0033555,Mack Hollins,NE,WR,2026,2026-08-01,NE,New England Patriots,Mack Hollins,WR,nflverse_roster,C:\Users\tempadmin\OneDrive\Coding\Syndicate\data\nfl_source\tracking\nflverse\roster\roster_2026.csv,2026-08-01,00-0033555,Mack Hollins,NE
00-0039390,Marcellas Dial Jr.,NE,DB,2026,2026-08-01,NE,New England Patriots,Marcellas Dial Jr.,DB,nflverse_roster,C:\Users\tempadmin\OneDrive\Coding\Syndicate\data\nfl_source\tracking\nflverse\roster\roster_2026.csv,2026-08-01,00-0039390,Marcellas Dial Jr.,NE
00-0040226,Marcus Bryant,NE,OL,2026,2026-08-01,NE,New England Patriots,Marcus Bryant,OL,nflverse_roster,C:\Users\tempadmin\OneDrive\Coding\Syndicate\data\nfl_source\tracking\nflverse\roster\roster_2026.csv,2026-08-01,00-0040226,Marcus Bryant,NE
00-0037253,Marcus Jones,NE,DB,2026,2026-08-01,NE,New England Patriots,Marcus Jones,DB,nflverse_roster,C:\Users\tempadmin\OneDrive\Coding\Syndicate\data\nfl_source\tracking\nflverse\roster\roster_2026.csv,2026-08-01,00-0037253,Marcus Jones,NE
00-0040593,Mehki Butler,NE,OL,2026,2026-08-01,NE,New England Patriots,Mehki Butler,OL,nflverse_roster,C:\Users\tempadmin\OneDrive\Coding\Syndicate\data\nfl_source\tracking\nflverse\roster\roster_2026.csv,2026-08-01,00-0040593,Mehki Butler,NE
00-0037493,Mike Brown,NE,DB,2026,2026-08-01,NE,New England Patriots,Mike Brown,DB,nflverse_roster,C:\Users\tempadmin\OneDrive\Coding\Syndicate\data\nfl_source\tracking\nflverse\roster\roster_2026.csv,2026-08-01,00-0037493,Mike Brown,NE
00-0036198,Mike Onwenu,NE,OL,2026,2026-08-01,NE,New England Patriots,Mike Onwenu,OL,nflverse_roster,C:\Users\tempadmin\OneDrive\Coding\Syndicate\data\nfl_source\tracking\nflverse\roster\roster_2026.csv,2026-08-01,00-0036198,Mike Onwenu,NE
00-0036916,Milton Williams,NE,DL,2026,2026-08-01,NE,New England Patriots,Milton Williams,DL,nflverse_roster,C:\Users\tempadmin\OneDrive\Coding\Syndicate\data\nfl_source\tracking\nflverse\roster\roster_2026.csv,2026-08-01,00-0036916,Milton Williams,NE
00-0031330,Morgan Moses,NE,OL,2026,2026-08-01,NE,New England Patriots,Morgan Moses,OL,nflverse_roster,C:\Users\tempadmin\OneDrive\Coding\Syndicate\data\nfl_source\tracking\nflverse\roster\roster_2026.csv,2026-08-01,00-0031330,Morgan Moses,NE
00-0041323,Myles Montgomery,NE,RB,2026,2026-08-01,NE,New England Patriots,Myles Montgomery,RB,nflverse_roster,C:\Users\tempadmin\OneDrive\Coding\Syndicate\data\nfl_source\tracking\nflverse\roster\roster_2026.csv,2026-08-01,00-0041323,Myles Montgomery,NE
00-0041109,Namdi Obiazor,NE,LB,2026,2026-08-01,NE,New England Patriots,Namdi Obiazor,LB,nflverse_roster,C:\Users\tempadmin\OneDrive\Coding\Syndicate\data\nfl_source\tracking\nflverse\roster\roster_2026.csv,2026-08-01,00-0041109,Namdi Obiazor,NE
00-0041317,Nick DeGennaro,NE,WR,2026,2026-08-01,NE,New England Patriots,Nick DeGennaro,WR,nflverse_roster,C:\Users\tempadmin\OneDrive\Coding\Syndicate\data\nfl_source\tracking\nflverse\roster\roster_2026.csv,2026-08-01,00-0041317,Nick DeGennaro,NE
00-0038853,Otis Reese,NE,LB,2026,2026-08-01,NE,New England Patriots,Otis Reese,LB,nflverse_roster,C:\Users\tempadmin\OneDrive\Coding\Syndicate\data\nfl_source\tracking\nflverse\roster\roster_2026.csv,2026-08-01,00-0038853,Otis Reese,NE
00-0041405,Peter Manuma,NE,DB,2026,2026-08-01,NE,New England Patriots,Peter Manuma,DB,nflverse_roster,C:\Users\tempadmin\OneDrive\Coding\Syndicate\data\nfl_source\tracking\nflverse\roster\roster_2026.csv,2026-08-01,00-0041405,Peter Manuma,NE
00-0041402,Quintayvious Hutchins,NE,LB,2026,2026-08-01,NE,New England Patriots,Quintayvious Hutchins,LB,nflverse_roster,C:\Users\tempadmin\OneDrive\Coding\Syndicate\data\nfl_source\tracking\nflverse\roster\roster_2026.csv,2026-08-01,00-0041402,Quintayvious Hutchins,NE
00-0036187,Reggie Gilliam,NE,RB,2026,2026-08-01,NE,New England Patriots,Reggie Gilliam,RB,nflverse_roster,C:\Users\tempadmin\OneDrive\Coding\Syndicate\data\nfl_source\tracking\nflverse\roster\roster_2026.csv,2026-08-01,00-0036187,Reggie Gilliam,NE
00-0036875,Rhamondre Stevenson,NE,RB,2026,2026-08-01,NE,New England Patriots,Rhamondre Stevenson,RB,nflverse_roster,C:\Users\tempadmin\OneDrive\Coding\Syndicate\data\nfl_source\tracking\nflverse\roster\roster_2026.csv,2026-08-01,00-0036875,Rhamondre Stevenson,NE
00-0034720,Robert Spillane,NE,LB,2026,2026-08-01,NE,New England Patriots,Robert Spillane,LB,nflverse_roster,C:\Users\tempadmin\OneDrive\Coding\Syndicate\data\nfl_source\tracking\nflverse\roster\roster_2026.csv,2026-08-01,00-0034720,Robert Spillane,NE
00-0037816,Romeo Doubs,NE,WR,2026,2026-08-01,NE,New England Patriots,Romeo Doubs,WR,nflverse_roster,C:\Users\tempadmin\OneDrive\Coding\Syndicate\data\nfl_source\tracking\nflverse\roster\roster_2026.csv,2026-08-01,00-0037816,Romeo Doubs,NE
00-0037381,Sebastian Gutierrez,NE,OL,2026,2026-08-01,NE,New England Patriots,Sebastian Gutierrez,OL,nflverse_roster,C:\Users\tempadmin\OneDrive\Coding\Syndicate\data\nfl_source\tracking\nflverse\roster\roster_2026.csv,2026-08-01,00-0037381,Sebastian Gutierrez,NE
00-0041314,Tanner Arkin,NE,TE,2026,2026-08-01,NE,New England Patriots,Tanner Arkin,TE,nflverse_roster,C:\Users\tempadmin\OneDrive\Coding\Syndicate\data\nfl_source\tracking\nflverse\roster\roster_2026.csv,2026-08-01,00-0041314,Tanner Arkin,NE
00-0039757,Terrell Jennings,NE,RB,2026,2026-08-01,NE,New England Patriots,Terrell Jennings,RB,nflverse_roster,C:\Users\tempadmin\OneDrive\Coding\Syndicate\data\nfl_source\tracking\nflverse\roster\roster_2026.csv,2026-08-01,00-0039757,Terrell Jennings,NE
00-0038476,Tommy DeVito,NE,QB,2026,2026-08-01,NE,New England Patriots,Tommy DeVito,QB,nflverse_roster,C:\Users\tempadmin\OneDrive\Coding\Syndicate\data\nfl_source\tracking\nflverse\roster\roster_2026.csv,2026-08-01,00-0038476,Tommy DeVito,NE
00-0041500,Travis Shaw,NE,DL,2026,2026-08-01,NE,New England Patriots,Travis Shaw,DL,nflverse_roster,C:\Users\tempadmin\OneDrive\Coding\Syndicate\data\nfl_source\tracking\nflverse\roster\roster_2026.csv,2026-08-01,00-0041500,Travis Shaw,NE
00-0040734,TreVeyon Henderson,NE,RB,2026,2026-08-01,NE,New England Patriots,TreVeyon Henderson,RB,nflverse_roster,C:\Users\tempadmin\OneDrive\Coding\Syndicate\data\nfl_source\tracking\nflverse\roster\roster_2026.csv,2026-08-01,00-0040734,TreVeyon Henderson,NE
00-0040699,Will Campbell,NE,OL,2026,2026-08-01,NE,New England Patriots,Will Campbell,OL,nflverse_roster,C:\Users\tempadmin\OneDrive\Coding\Syndicate\data\nfl_source\tracking\nflverse\roster\roster_2026.csv,2026-08-01,00-0040699,Will Campbell,NE
00-0041412,Xavier Holmes,NE,DL,2026,2026-08-01,NE,New England Patriots,Xavier Holmes,DL,nflverse_roster,C:\Users\tempadmin\OneDrive\Coding\Syndicate\data\nfl_source\tracking\nflverse\roster\roster_2026.csv,2026-08-01,00-0041412,Xavier Holmes,NE
00-0041330,Alan Herron,NO,OL,2026,2026-08-01,NO,New Orleans Saints,Alan Herron,OL,nflverse_roster,C:\Users\tempadmin\OneDrive\Coding\Syndicate\data\nfl_source\tracking\nflverse\roster\roster_2026.csv,2026-08-01,00-0041330,Alan Herron,NO
00-0041336,Alex Wollschlaeger,NO,OL,2026,2026-08-01,NO,New Orleans Saints,Alex Wollschlaeger,OL,nflverse_roster,C:\Users\tempadmin\OneDrive\Coding\Syndicate\data\nfl_source\tracking\nflverse\roster\roster_2026.csv,2026-08-01,00-0041336,Alex Wollschlaeger,NO
00-0033906,Alvin Kamara,NO,RB,2026,2026-08-01,NO,New Orleans Saints,Alvin Kamara,RB,nflverse_roster,C:\Users\tempadmin\OneDrive\Coding\Syndicate\data\nfl_source\tracking\nflverse\roster\roster_2026.csv,2026-08-01,00-0033906,Alvin Kamara,NO
00-0036193,Anfernee Jennings,NO,LB,2026,2026-08-01,NO,New Orleans Saints,Anfernee Jennings,LB,nflverse_roster,C:\Users\tempadmin\OneDrive\Coding\Syndicate\data\nfl_source\tracking\nflverse\roster\roster_2026.csv,2026-08-01,00-0036193,Anfernee Jennings,NO
00-0038601,Asim Richards,NO,OL,2026,2026-08-01,NO,New Orleans Saints,Asim Richards,OL,nflverse_roster,C:\Users\tempadmin\OneDrive\Coding\Syndicate\data\nfl_source\tracking\nflverse\roster\roster_2026.csv,2026-08-01,00-0038601,Asim Richards,NO
00-0039373,Audric Estimé,NO,RB,2026,2026-08-01,NO,New Orleans Saints,Audric Estimé,RB,nflverse_roster,C:\Users\tempadmin\OneDrive\Coding\Syndicate\data\nfl_source\tracking\nflverse\roster\roster_2026.csv,2026-08-01,00-0039373,Audric Estimé,NO
00-0041099,Barion Brown,NO,KR,2026,2026-08-01,NO,New Orleans Saints,Barion Brown,KR,nflverse_roster,C:\Users\tempadmin\OneDrive\Coding\Syndicate\data\nfl_source\tracking\nflverse\roster\roster_2026.csv,2026-08-01,00-0041099,Barion Brown,NO
00-0038304,Barry Wesley,NO,OL,2026,2026-08-01,NO,New Orleans Saints,Barry Wesley,OL,nflverse_roster,C:\Users\tempadmin\OneDrive\Coding\Syndicate\data\nfl_source\tracking\nflverse\roster\roster_2026.csv,2026-08-01,00-0038304,Barry Wesley,NO
00-0039454,Beanie Bishop Jr.,NO,DB,2026,2026-08-01,NO,New Orleans Saints,Beanie Bishop Jr.,DB,nflverse_roster,C:\Users\tempadmin\OneDrive\Coding\Syndicate\data\nfl_source\tracking\nflverse\roster\roster_2026.csv,2026-08-01,00-0039454,Beanie Bishop Jr.,NO
00-0041451,Brock Rechsteiner,NO,WR,2026,2026-08-01,NO,New Orleans Saints,Brock Rechsteiner,WR,nflverse_roster,C:\Users\tempadmin\OneDrive\Coding\Syndicate\data\nfl_source\tracking\nflverse\roster\roster_2026.csv,2026-08-01,00-0041451,Brock Rechsteiner,NO
00-0038995,Bryan Bresee,NO,DL,2026,2026-08-01,NO,New Orleans Saints,Bryan Bresee,DL,nflverse_roster,C:\Users\tempadmin\OneDrive\Coding\Syndicate\data\nfl_source\tracking\nflverse\roster\roster_2026.csv,2026-08-01,00-0038995,Bryan Bresee,NO
00-0041067,Bryce Lance,NO,WR,2026,2026-08-01,NO,New Orleans Saints,Bryce Lance,WR,nflverse_roster,C:\Users\tempadmin\OneDrive\Coding\Syndicate\data\nfl_source\tracking\nflverse\roster\roster_2026.csv,2026-08-01,00-0041067,Bryce Lance,NO
00-0039386,Bub Means,NO,WR,2026,2026-08-01,NO,New Orleans Saints,Bub Means,WR,nflverse_roster,C:\Users\tempadmin\OneDrive\Coding\Syndicate\data\nfl_source\tracking\nflverse\roster\roster_2026.csv,2026-08-01,00-0039386,Bub Means,NO
00-0041326,C.J. Donaldson,NO,RB,2026,2026-08-01,NO,New Orleans Saints,C.J. Donaldson,RB,nflverse_roster,C:\Users\tempadmin\OneDrive\Coding\Syndicate\data\nfl_source\tracking\nflverse\roster\roster_2026.csv,2026-08-01,00-0041326,C.J. Donaldson,NO
00-0035402,Carl Granderson,NO,LB,2026,2026-08-01,NO,New Orleans Saints,Carl Granderson,LB,nflverse_roster,C:\Users\tempadmin\OneDrive\Coding\Syndicate\data\nfl_source\tracking\nflverse\roster\roster_2026.csv,2026-08-01,00-0035402,Carl Granderson,NO
00-0036408,Cesar Ruiz,NO,OL,2026,2026-08-01,NO,New Orleans Saints,Cesar Ruiz,OL,nflverse_roster,C:\Users\tempadmin\OneDrive\Coding\Syndicate\data\nfl_source\tracking\nflverse\roster\roster_2026.csv,2026-08-01,00-0036408,Cesar Ruiz,NO
00-0039229,Charlie Smyth,NO,K,2026,2026-08-01,NO,New Orleans Saints,Charlie Smyth,K,nflverse_roster,C:\Users\tempadmin\OneDrive\Coding\Syndicate\data\nfl_source\tracking\nflverse\roster\roster_2026.csv,2026-08-01,00-0039229,Charlie Smyth,NO
00-0036321,Chase Young,NO,LB,2026,2026-08-01,NO,New Orleans Saints,Chase Young,LB,nflverse_roster,C:\Users\tempadmin\OneDrive\Coding\Syndicate\data\nfl_source\tracking\nflverse\roster\roster_2026.csv,2026-08-01,00-0036321,Chase Young,NO
00-0037239,Chris Olave,NO,WR,2026,2026-08-01,NO,New Orleans Saints,Chris Olave,WR,nflverse_roster,C:\Users\tempadmin\OneDrive\Coding\Syndicate\data\nfl_source\tracking\nflverse\roster\roster_2026.csv,2026-08-01,00-0037239,Chris Olave,NO
00-0036867,Chris Rumph II,NO,LB,2026,2026-08-01,NO,New Orleans Saints,Chris Rumph II,LB,nflverse_roster,C:\Users\tempadmin\OneDrive\Coding\Syndicate\data\nfl_source\tracking\nflverse\roster\roster_2026.csv,2026-08-01,00-0036867,Chris Rumph II,NO
00-0041390,Christen Miller,NO,DL,2026,2026-08-01,NO,New Orleans Saints,Christen Miller,DL,nflverse_roster,C:\Users\tempadmin\OneDrive\Coding\Syndicate\data\nfl_source\tracking\nflverse\roster\roster_2026.csv,2026-08-01,00-0041390,Christen Miller,NO
00-0041327,Cody Hardy,NO,TE,2026,2026-08-01,NO,New Orleans Saints,Cody Hardy,TE,nflverse_roster,C:\Users\tempadmin\OneDrive\Coding\Syndicate\data\nfl_source\tracking\nflverse\roster\roster_2026.csv,2026-08-01,00-0041327,Cody Hardy,NO
00-0040088,Coziah Izzard,NO,DL,2026,2026-08-01,NO,New Orleans Saints,Coziah Izzard,DL,nflverse_roster,C:\Users\tempadmin\OneDrive\Coding\Syndicate\data\nfl_source\tracking\nflverse\roster\roster_2026.csv,2026-08-01,00-0040088,Coziah Izzard,NO
00-0041331,DaShawn Jones,NO,DB,2026,2026-08-01,NO,New Orleans Saints,DaShawn Jones,DB,nflverse_roster,C:\Users\tempadmin\OneDrive\Coding\Syndicate\data\nfl_source\tracking\nflverse\roster\roster_2026.csv,2026-08-01,00-0041331,DaShawn Jones,NO
00-0040535,Dalys Beanum,NO,DB,2026,2026-08-01,NO,New Orleans Saints,Dalys Beanum,DB,nflverse_roster,C:\Users\tempadmin\OneDrive\Coding\Syndicate\data\nfl_source\tracking\nflverse\roster\roster_2026.csv,2026-08-01,00-0040535,Dalys Beanum,NO
00-0040788,Damien Alford,NO,WR,2026,2026-08-01,NO,New Orleans Saints,Damien Alford,WR,nflverse_roster,C:\Users\tempadmin\OneDrive\Coding\Syndicate\data\nfl_source\tracking\nflverse\roster\roster_2026.csv,2026-08-01,00-0040788,Damien Alford,NO
00-0040155,Danny Stutsman,NO,LB,2026,2026-08-01,NO,New Orleans Saints,Danny Stutsman,LB,nflverse_roster,C:\Users\tempadmin\OneDrive\Coding\Syndicate\data\nfl_source\tracking\nflverse\roster\roster_2026.csv,2026-08-01,00-0040155,Danny Stutsman,NO
00-0035668,David Edwards,NO,OL,2026,2026-08-01,NO,New Orleans Saints,David Edwards,OL,nflverse_roster,C:\Users\tempadmin\OneDrive\Coding\Syndicate\data\nfl_source\tracking\nflverse\roster\roster_2026.csv,2026-08-01,00-0035668,David Edwards,NO
00-0033860,Davon Godchaux,NO,DL,2026,2026-08-01,NO,New Orleans Saints,Davon Godchaux,DL,nflverse_roster,C:\Users\tempadmin\OneDrive\Coding\Syndicate\data\nfl_source\tracking\nflverse\roster\roster_2026.csv,2026-08-01,00-0033860,Davon Godchaux,NO
00-0039424,Devaughn Vele,NO,WR,2026,2026-08-01,NO,New Orleans Saints,Devaughn Vele,WR,nflverse_roster,C:\Users\tempadmin\OneDrive\Coding\Syndicate\data\nfl_source\tracking\nflverse\roster\roster_2026.csv,2026-08-01,00-0039424,Devaughn Vele,NO
00-0040202,Devin Neal,NO,RB,2026,2026-08-01,NO,New Orleans Saints,Devin Neal,RB,nflverse_roster,C:\Users\tempadmin\OneDrive\Coding\Syndicate\data\nfl_source\tracking\nflverse\roster\roster_2026.csv,2026-08-01,00-0040202,Devin Neal,NO
00-0036619,Dillon Radunz,NO,OL,2026,2026-08-01,NO,New Orleans Saints,Dillon Radunz,OL,nflverse_roster,C:\Users\tempadmin\OneDrive\Coding\Syndicate\data\nfl_source\tracking\nflverse\roster\roster_2026.csv,2026-08-01,00-0036619,Dillon Radunz,NO
00-0040539,Easton Kilty,NO,OL,2026,2026-08-01,NO,New Orleans Saints,Easton Kilty,OL,nflverse_roster,C:\Users\tempadmin\OneDrive\Coding\Syndicate\data\nfl_source\tracking\nflverse\roster\roster_2026.csv,2026-08-01,00-0040539,Easton Kilty,NO
00-0040537,Elliott Davison,NO,DB,2026,2026-08-01,NO,New Orleans Saints,Elliott Davison,DB,nflverse_roster,C:\Users\tempadmin\OneDrive\Coding\Syndicate\data\nfl_source\tracking\nflverse\roster\roster_2026.csv,2026-08-01,00-0040537,Elliott Davison,NO
00-0035242,Erik McCoy,NO,OL,2026,2026-08-01,NO,New Orleans Saints,Erik McCoy,OL,nflverse_roster,C:\Users\tempadmin\OneDrive\Coding\Syndicate\data\nfl_source\tracking\nflverse\roster\roster_2026.csv,2026-08-01,00-0035242,Erik McCoy,NO
00-0040249,Fadil Diggs,NO,LB,2026,2026-08-01,NO,New Orleans Saints,Fadil Diggs,LB,nflverse_roster,C:\Users\tempadmin\OneDrive\Coding\Syndicate\data\nfl_source\tracking\nflverse\roster\roster_2026.csv,2026-08-01,00-0040249,Fadil Diggs,NO
00-0034780,Isaac Yiadom,NO,DB,2026,2026-08-01,NO,New Orleans Saints,Isaac Yiadom,DB,nflverse_roster,C:\Users\tempadmin\OneDrive\Coding\Syndicate\data\nfl_source\tracking\nflverse\roster\roster_2026.csv,2026-08-01,00-0034780,Isaac Yiadom,NO
00-0039622,Isaiah Stalbird,NO,LB,2026,2026-08-01,NO,New Orleans Saints,Isaiah Stalbird,LB,nflverse_roster,C:\Users\tempadmin\OneDrive\Coding\Syndicate\data\nfl_source\tracking\nflverse\roster\roster_2026.csv,2026-08-01,00-0039622,Isaiah Stalbird,NO
00-0039907,Ja'Lynn Polk,NO,WR,2026,2026-08-01,NO,New Orleans Saints,Ja'Lynn Polk,WR,nflverse_roster,C:\Users\tempadmin\OneDrive\Coding\Syndicate\data\nfl_source\tracking\nflverse\roster\roster_2026.csv,2026-08-01,00-0039907,Ja'Lynn Polk,NO
00-0039288,Jackson Sirmon,NO,LB,2026,2026-08-01,NO,New Orleans Saints,Jackson Sirmon,LB,nflverse_roster,C:\Users\tempadmin\OneDrive\Coding\Syndicate\data\nfl_source\tracking\nflverse\roster\roster_2026.csv,2026-08-01,00-0039288,Jackson Sirmon,NO
00-0041335,Jay'viar Suggs,NO,DL,2026,2026-08-01,NO,New Orleans Saints,Jay'viar Suggs,DL,nflverse_roster,C:\Users\tempadmin\OneDrive\Coding\Syndicate\data\nfl_source\tracking\nflverse\roster\roster_2026.csv,2026-08-01,00-0041335,Jay'viar Suggs,NO
00-0039725,Jayden Price,NO,DB,2026,2026-08-01,NO,New Orleans Saints,Jayden Price,DB,nflverse_roster,C:\Users\tempadmin\OneDrive\Coding\Syndicate\data\nfl_source\tracking\nflverse\roster\roster_2026.csv,2026-08-01,00-0039725,Jayden Price,NO
00-0039388,Jaylan Ford,NO,LB,2026,2026-08-01,NO,New Orleans Saints,Jaylan Ford,LB,nflverse_roster,C:\Users\tempadmin\OneDrive\Coding\Syndicate\data\nfl_source\tracking\nflverse\roster\roster_2026.csv,2026-08-01,00-0039388,Jaylan Ford,NO
00-0041065,Jeremiah Wright,NO,OL,2026,2026-08-01,NO,New Orleans Saints,Jeremiah Wright,OL,nflverse_roster,C:\Users\tempadmin\OneDrive\Coding\Syndicate\data\nfl_source\tracking\nflverse\roster\roster_2026.csv,2026-08-01,00-0041065,Jeremiah Wright,NO
00-0037283,John Ridgeway,NO,DL,2026,2026-08-01,NO,New Orleans Saints,John Ridgeway,DL,nflverse_roster,C:\Users\tempadmin\OneDrive\Coding\Syndicate\data\nfl_source\tracking\nflverse\roster\roster_2026.csv,2026-08-01,00-0037283,John Ridgeway,NO
00-0040643,Jonas Sanker,NO,DB,2026,2026-08-01,NO,New Orleans Saints,Jonas Sanker,DB,nflverse_roster,C:\Users\tempadmin\OneDrive\Coding\Syndicate\data\nfl_source\tracking\nflverse\roster\roster_2026.csv,2026-08-01,00-0040643,Jonas Sanker,NO
00-0038588,Jordan Howden,NO,DB,2026,2026-08-01,NO,New Orleans Saints,Jordan Howden,DB,nflverse_roster,C:\Users\tempadmin\OneDrive\Coding\Syndicate\data\nfl_source\tracking\nflverse\roster\roster_2026.csv,2026-08-01,00-0038588,Jordan Howden,NO
00-0041029,Jordyn Tyson,NO,WR,2026,2026-08-01,NO,New Orleans Saints,Jordyn Tyson,WR,nflverse_roster,C:\Users\tempadmin\OneDrive\Coding\Syndicate\data\nfl_source\tracking\nflverse\roster\roster_2026.csv,2026-08-01,00-0041029,Jordyn Tyson,NO
00-0036253,Julian Blackmon,NO,DB,2026,2026-08-01,NO,New Orleans Saints,Julian Blackmon,DB,nflverse_roster,C:\Users\tempadmin\OneDrive\Coding\Syndicate\data\nfl_source\tracking\nflverse\roster\roster_2026.csv,2026-08-01,00-0036253,Julian Blackmon,NO
00-0034361,Justin Reid,NO,DB,2026,2026-08-01,NO,New Orleans Saints,Justin Reid,DB,nflverse_roster,C:\Users\tempadmin\OneDrive\Coding\Syndicate\data\nfl_source\tracking\nflverse\roster\roster_2026.csv,2026-08-01,00-0034361,Justin Reid,NO
00-0036040,Juwan Johnson,NO,TE,2026,2026-08-01,NO,New Orleans Saints,Juwan Johnson,TE,nflverse_roster,C:\Users\tempadmin\OneDrive\Coding\Syndicate\data\nfl_source\tracking\nflverse\roster\roster_2026.csv,2026-08-01,00-0036040,Juwan Johnson,NO
00-0035316,Kaden Elliss,NO,LB,2026,2026-08-01,NO,New Orleans Saints,Kaden Elliss,LB,nflverse_roster,C:\Users\tempadmin\OneDrive\Coding\Syndicate\data\nfl_source\tracking\nflverse\roster\roster_2026.csv,2026-08-01,00-0035316,Kaden Elliss,NO
00-0041334,Keeshawn Silver,NO,DL,2026,2026-08-01,NO,New Orleans Saints,Keeshawn Silver,DL,nflverse_roster,C:\Users\tempadmin\OneDrive\Coding\Syndicate\data\nfl_source\tracking\nflverse\roster\roster_2026.csv,2026-08-01,00-0041334,Keeshawn Silver,NO
00-0040125,Kelvin Banks Jr.,NO,OL,2026,2026-08-01,NO,New Orleans Saints,Kelvin Banks Jr.,OL,nflverse_roster,C:\Users\tempadmin\OneDrive\Coding\Syndicate\data\nfl_source\tracking\nflverse\roster\roster_2026.csv,2026-08-01,00-0040125,Kelvin Banks Jr.,NO
00-0038551,Kendre Miller,NO,RB,2026,2026-08-01,NO,New Orleans Saints,Kendre Miller,RB,nflverse_roster,C:\Users\tempadmin\OneDrive\Coding\Syndicate\data\nfl_source\tracking\nflverse\roster\roster_2026.csv,2026-08-01,00-0038551,Kendre Miller,NO
00-0037231,Kevin Austin Jr.,NO,WR,2026,2026-08-01,NO,New Orleans Saints,Kevin Austin Jr.,WR,nflverse_roster,C:\Users\tempadmin\OneDrive\Coding\Syndicate\data\nfl_source\tracking\nflverse\roster\roster_2026.csv,2026-08-01,00-0037231,Kevin Austin Jr.,NO
00-0039401,Khristian Boyd,NO,DL,2026,2026-08-01,NO,New Orleans Saints,Khristian Boyd,DL,nflverse_roster,C:\Users\tempadmin\OneDrive\Coding\Syndicate\data\nfl_source\tracking\nflverse\roster\roster_2026.csv,2026-08-01,00-0039401,Khristian Boyd,NO
00-0039860,Kool-Aid McKinstry,NO,DB,2026,2026-08-01,NO,New Orleans Saints,Kool-Aid McKinstry,DB,nflverse_roster,C:\Users\tempadmin\OneDrive\Coding\Syndicate\data\nfl_source\tracking\nflverse\roster\roster_2026.csv,2026-08-01,00-0039860,Kool-Aid McKinstry,NO
00-0041089,Lorenzo Styles,NO,DB,2026,2026-08-01,NO,New Orleans Saints,Lorenzo Styles,DB,nflverse_roster,C:\Users\tempadmin\OneDrive\Coding\Syndicate\data\nfl_source\tracking\nflverse\roster\roster_2026.csv,2026-08-01,00-0041089,Lorenzo Styles,NO
00-0037250,Martin Emerson,NO,DB,2026,2026-08-01,NO,New Orleans Saints,Martin Emerson,DB,nflverse_roster,C:\Users\tempadmin\OneDrive\Coding\Syndicate\data\nfl_source\tracking\nflverse\roster\roster_2026.csv,2026-08-01,00-0037250,Martin Emerson,NO
00-0041333,Mason Shipley,NO,K,2026,2026-08-01,NO,New Orleans Saints,Mason Shipley,K,nflverse_roster,C:\Users\tempadmin\OneDrive\Coding\Syndicate\data\nfl_source\tracking\nflverse\roster\roster_2026.csv,2026-08-01,00-0041333,Mason Shipley,NO
00-0039623,Mason Tipton,NO,WR,2026,2026-08-01,NO,New Orleans Saints,Mason Tipton,WR,nflverse_roster,C:\Users\tempadmin\OneDrive\Coding\Syndicate\data\nfl_source\tracking\nflverse\roster\roster_2026.csv,2026-08-01,00-0039623,Mason Tipton,NO
00-0041329,Michael Heldman,NO,DL,2026,2026-08-01,NO,New Orleans Saints,Michael Heldman,DL,nflverse_roster,C:\Users\tempadmin\OneDrive\Coding\Syndicate\data\nfl_source\tracking\nflverse\roster\roster_2026.csv,2026-08-01,00-0041329,Michael Heldman,NO
00-0040244,Moliki Matavao,NO,TE,2026,2026-08-01,NO,New Orleans Saints,Moliki Matavao,TE,nflverse_roster,C:\Users\tempadmin\OneDrive\Coding\Syndicate\data\nfl_source\tracking\nflverse\roster\roster_2026.csv,2026-08-01,00-0040244,Moliki Matavao,NO
00-0039425,Myles Cole,NO,DL,2026,2026-08-01,NO,New Orleans Saints,Myles Cole,DL,nflverse_roster,C:\Users\tempadmin\OneDrive\Coding\Syndicate\data\nfl_source\tracking\nflverse\roster\roster_2026.csv,2026-08-01,00-0039425,Myles Cole,NO
00-0034760,Nathan Shepherd,NO,DL,2026,2026-08-01,NO,New Orleans Saints,Nathan Shepherd,DL,nflverse_roster,C:\Users\tempadmin\OneDrive\Coding\Syndicate\data\nfl_source\tracking\nflverse\roster\roster_2026.csv,2026-08-01,00-0034760,Nathan Shepherd,NO
00-0038566,Nick Saldiveri,NO,OL,2026,2026-08-01,NO,New Orleans Saints,Nick Saldiveri,OL,nflverse_roster,C:\Users\tempadmin\OneDrive\Coding\Syndicate\data\nfl_source\tracking\nflverse\roster\roster_2026.csv,2026-08-01,00-0038566,Nick Saldiveri,NO
00-0035644,Noah Fant,NO,TE,2026,2026-08-01,NO,New Orleans Saints,Noah Fant,TE,nflverse_roster,C:\Users\tempadmin\OneDrive\Coding\Syndicate\data\nfl_source\tracking\nflverse\roster\roster_2026.csv,2026-08-01,00-0035644,Noah Fant,NO
00-0041041,Oscar Delp,NO,TE,2026,2026-08-01,NO,New Orleans Saints,Oscar Delp,TE,nflverse_roster,C:\Users\tempadmin\OneDrive\Coding\Syndicate\data\nfl_source\tracking\nflverse\roster\roster_2026.csv,2026-08-01,00-0041041,Oscar Delp,NO
00-0036927,Pete Werner,NO,LB,2026,2026-08-01,NO,New Orleans Saints,Pete Werner,LB,nflverse_roster,C:\Users\tempadmin\OneDrive\Coding\Syndicate\data\nfl_source\tracking\nflverse\roster\roster_2026.csv,2026-08-01,00-0036927,Pete Werner,NO
00-0040166,Quincy Riley,NO,DB,2026,2026-08-01,NO,New Orleans Saints,Quincy Riley,DB,nflverse_roster,C:\Users\tempadmin\OneDrive\Coding\Syndicate\data\nfl_source\tracking\nflverse\roster\roster_2026.csv,2026-08-01,00-0040166,Quincy Riley,NO
00-0038781,Rejzohn Wright,NO,DB,2026,2026-08-01,NO,New Orleans Saints,Rejzohn Wright,DB,nflverse_roster,C:\Users\tempadmin\OneDrive\Coding\Syndicate\data\nfl_source\tracking\nflverse\roster\roster_2026.csv,2026-08-01,00-0038781,Rejzohn Wright,NO
00-0038647,Ronnie Bell,NO,WR,2026,2026-08-01,NO,New Orleans Saints,Ronnie Bell,WR,nflverse_roster,C:\Users\tempadmin\OneDrive\Coding\Syndicate\data\nfl_source\tracking\nflverse\roster\roster_2026.csv,2026-08-01,00-0038647,Ronnie Bell,NO
00-0037500,Ryan Wright,NO,P,2026,2026-08-01,NO,New Orleans Saints,Ryan Wright,P,nflverse_roster,C:\Users\tempadmin\OneDrive\Coding\Syndicate\data\nfl_source\tracking\nflverse\roster\roster_2026.csv,2026-08-01,00-0037500,Ryan Wright,NO
00-0039376,Spencer Rattler,NO,QB,2026,2026-08-01,NO,New Orleans Saints,Spencer Rattler,QB,nflverse_roster,C:\Users\tempadmin\OneDrive\Coding\Syndicate\data\nfl_source\tracking\nflverse\roster\roster_2026.csv,2026-08-01,00-0039376,Spencer Rattler,NO
00-0041114,T.J. Hall,NO,DB,2026,2026-08-01,NO,New Orleans Saints,T.J. Hall,DB,nflverse_roster,C:\Users\tempadmin\OneDrive\Coding\Syndicate\data\nfl_source\tracking\nflverse\roster\roster_2026.csv,2026-08-01,00-0041114,T.J. Hall,NO
00-0039339,Taliese Fuaga,NO,OL,2026,2026-08-01,NO,New Orleans Saints,Taliese Fuaga,OL,nflverse_roster,C:\Users\tempadmin\OneDrive\Coding\Syndicate\data\nfl_source\tracking\nflverse\roster\roster_2026.csv,2026-08-01,00-0039339,Taliese Fuaga,NO
00-0036421,Terrell Burgess,NO,DB,2026,2026-08-01,NO,New Orleans Saints,Terrell Burgess,DB,nflverse_roster,C:\Users\tempadmin\OneDrive\Coding\Syndicate\data\nfl_source\tracking\nflverse\roster\roster_2026.csv,2026-08-01,00-0036421,Terrell Burgess,NO
00-0040541,Torricelli Simpkins III,NO,OL,2026,2026-08-01,NO,New Orleans Saints,Torricelli Simpkins III,OL,nflverse_roster,C:\Users\tempadmin\OneDrive\Coding\Syndicate\data\nfl_source\tracking\nflverse\roster\roster_2026.csv,2026-08-01,00-0040541,Torricelli Simpkins III,NO
00-0036973,Travis Etienne,NO,RB,2026,2026-08-01,NO,New Orleans Saints,Travis Etienne,RB,nflverse_roster,C:\Users\tempadmin\OneDrive\Coding\Syndicate\data\nfl_source\tracking\nflverse\roster\roster_2026.csv,2026-08-01,00-0036973,Travis Etienne,NO
00-0039052,Trey Palmer,NO,WR,2026,2026-08-01,NO,New Orleans Saints,Trey Palmer,WR,nflverse_roster,C:\Users\tempadmin\OneDrive\Coding\Syndicate\data\nfl_source\tracking\nflverse\roster\roster_2026.csv,2026-08-01,00-0039052,Trey Palmer,NO
00-0039518,Treyton Welch,NO,TE,2026,2026-08-01,NO,New Orleans Saints,Treyton Welch,TE,nflverse_roster,C:\Users\tempadmin\OneDrive\Coding\Syndicate\data\nfl_source\tracking\nflverse\roster\roster_2026.csv,2026-08-01,00-0039518,Treyton Welch,NO
00-0037276,Ty Chandler,NO,RB,2026,2026-08-01,NO,New Orleans Saints,Ty Chandler,RB,nflverse_roster,C:\Users\tempadmin\OneDrive\Coding\Syndicate\data\nfl_source\tracking\nflverse\roster\roster_2026.csv,2026-08-01,00-0037276,Ty Chandler,NO
00-0040743,Tyler Shough,NO,QB,2026,2026-08-01,NO,New Orleans Saints,Tyler Shough,QB,nflverse_roster,C:\Users\tempadmin\OneDrive\Coding\Syndicate\data\nfl_source\tracking\nflverse\roster\roster_2026.csv,2026-08-01,00-0040743,Tyler Shough,NO
00-0038541,Tyree Wilson,NO,DL,2026,2026-08-01,NO,New Orleans Saints,Tyree Wilson,DL,nflverse_roster,C:\Users\tempadmin\OneDrive\Coding\Syndicate\data\nfl_source\tracking\nflverse\roster\roster_2026.csv,2026-08-01,00-0038541,Tyree Wilson,NO
00-0040642,Vernon Broughton,NO,DL,2026,2026-08-01,NO,New Orleans Saints,Vernon Broughton,DL,nflverse_roster,C:\Users\tempadmin\OneDrive\Coding\Syndicate\data\nfl_source\tracking\nflverse\roster\roster_2026.csv,2026-08-01,00-0040642,Vernon Broughton,NO
00-0036535,Will Sherman,NO,OL,2026,2026-08-01,NO,New Orleans Saints,Will Sherman,OL,nflverse_roster,C:\Users\tempadmin\OneDrive\Coding\Syndicate\data\nfl_source\tracking\nflverse\roster\roster_2026.csv,2026-08-01,00-0036535,Will Sherman,NO
00-0040451,Xavier Truss,NO,OL,2026,2026-08-01,NO,New Orleans Saints,Xavier Truss,OL,nflverse_roster,C:\Users\tempadmin\OneDrive\Coding\Syndicate\data\nfl_source\tracking\nflverse\roster\roster_2026.csv,2026-08-01,00-0040451,Xavier Truss,NO
00-0037013,Zach Wilson,NO,QB,2026,2026-08-01,NO,New Orleans Saints,Zach Wilson,QB,nflverse_roster,C:\Users\tempadmin\OneDrive\Coding\Syndicate\data\nfl_source\tracking\nflverse\roster\roster_2026.csv,2026-08-01,00-0037013,Zach Wilson,NO
00-0033063,Zach Wood,NO,LS,2026,2026-08-01,NO,New Orleans Saints,Zach Wood,LS,nflverse_roster,C:\Users\tempadmin\OneDrive\Coding\Syndicate\data\nfl_source\tracking\nflverse\roster\roster_2026.csv,2026-08-01,00-0033063,Zach Wood,NO
00-0037340,Zaire Mitchell-Paden,NO,TE,2026,2026-08-01,NO,New Orleans Saints,Zaire Mitchell-Paden,TE,nflverse_roster,C:\Users\tempadmin\OneDrive\Coding\Syndicate\data\nfl_source\tracking\nflverse\roster\roster_2026.csv,2026-08-01,00-0037340,Zaire Mitchell-Paden,NO
00-0041328,Zxavian Harris,NO,DL,2026,2026-08-01,NO,New Orleans Saints,Zxavian Harris,DL,nflverse_roster,C:\Users\tempadmin\OneDrive\Coding\Syndicate\data\nfl_source\tracking\nflverse\roster\roster_2026.csv,2026-08-01,00-0041328,Zxavian Harris,NO
00-0034668,Aaron Stinnie,NYG,OL,2026,2026-08-01,NYG,New York Giants,Aaron Stinnie,OL,nflverse_roster,C:\Users\tempadmin\OneDrive\Coding\Syndicate\data\nfl_source\tracking\nflverse\roster\roster_2026.csv,2026-08-01,00-0034668,Aaron Stinnie,NYG
00-0040677,Abdul Carter,NYG,LB,2026,2026-08-01,NYG,New York Giants,Abdul Carter,LB,nflverse_roster,C:\Users\tempadmin\OneDrive\Coding\Syndicate\data\nfl_source\tracking\nflverse\roster\roster_2026.csv,2026-08-01,00-0040677,Abdul Carter,NYG
00-0036386,Andrew Thomas,NYG,OL,2026,2026-08-01,NYG,New York Giants,Andrew Thomas,OL,nflverse_roster,C:\Users\tempadmin\OneDrive\Coding\Syndicate\data\nfl_source\tracking\nflverse\roster\roster_2026.csv,2026-08-01,00-0036386,Andrew Thomas,NYG
00-0039821,Andru Phillips,NYG,DB,2026,2026-08-01,NYG,New York Giants,Andru Phillips,DB,nflverse_roster,C:\Users\tempadmin\OneDrive\Coding\Syndicate\data\nfl_source\tracking\nflverse\roster\roster_2026.csv,2026-08-01,00-0039821,Andru Phillips,NYG
00-0041140,Anquin Barnes,NYG,DL,2026,2026-08-01,NYG,New York Giants,Anquin Barnes,DL,nflverse_roster,C:\Users\tempadmin\OneDrive\Coding\Syndicate\data\nfl_source\tracking\nflverse\roster\roster_2026.csv,2026-08-01,00-0041140,Anquin Barnes,NYG
00-0036587,Ar'Darius Washington,NYG,DB,2026,2026-08-01,NYG,New York Giants,Ar'Darius Washington,DB,nflverse_roster,C:\Users\tempadmin\OneDrive\Coding\Syndicate\data\nfl_source\tracking\nflverse\roster\roster_2026.csv,2026-08-01,00-0036587,Ar'Darius Washington,NYG
00-0038788,Art Green,NYG,DB,2026,2026-08-01,NYG,New York Giants,Art Green,DB,nflverse_roster,C:\Users\tempadmin\OneDrive\Coding\Syndicate\data\nfl_source\tracking\nflverse\roster\roster_2026.csv,2026-08-01,00-0038788,Art Green,NYG
00-0041509,Arvell Reese,NYG,LB,2026,2026-08-01,NYG,New York Giants,Arvell Reese,LB,nflverse_roster,C:\Users\tempadmin\OneDrive\Coding\Syndicate\data\nfl_source\tracking\nflverse\roster\roster_2026.csv,2026-08-01,00-0041509,Arvell Reese,NYG
00-0039241,Beau Brade,NYG,DB,2026,2026-08-01,NYG,New York Giants,Beau Brade,DB,nflverse_roster,C:\Users\tempadmin\OneDrive\Coding\Syndicate\data\nfl_source\tracking\nflverse\roster\roster_2026.csv,2026-08-01,00-0039241,Beau Brade,NYG
00-0040432,Beaux Collins,NYG,WR,2026,2026-08-01,NYG,New York Giants,Beaux Collins,WR,nflverse_roster,C:\Users\tempadmin\OneDrive\Coding\Syndicate\data\nfl_source\tracking\nflverse\roster\roster_2026.csv,2026-08-01,00-0040432,Beaux Collins,NYG
00-0041141,Ben Barten,NYG,DL,2026,2026-08-01,NYG,New York Giants,Ben Barten,DL,nflverse_roster,C:\Users\tempadmin\OneDrive\Coding\Syndicate\data\nfl_source\tracking\nflverse\roster\roster_2026.csv,2026-08-01,00-0041141,Ben Barten,NYG
00-0041143,Ben Mann,NYG,LS,2026,2026-08-01,NYG,New York Giants,Ben Mann,LS,nflverse_roster,C:\Users\tempadmin\OneDrive\Coding\Syndicate\data\nfl_source\tracking\nflverse\roster\roster_2026.csv,2026-08-01,00-0041143,Ben Mann,NYG
00-0040530,Ben Sauls,NYG,K,2026,2026-08-01,NYG,New York Giants,Ben Sauls,K,nflverse_roster,C:\Users\tempadmin\OneDrive\Coding\Syndicate\data\nfl_source\tracking\nflverse\roster\roster_2026.csv,2026-08-01,00-0040530,Ben Sauls,NYG
00-0041095,Bobby Jamison-Travis,NYG,DL,2026,2026-08-01,NYG,New York Giants,Bobby Jamison-Travis,DL,nflverse_roster,C:\Users\tempadmin\OneDrive\Coding\Syndicate\data\nfl_source\tracking\nflverse\roster\roster_2026.csv,2026-08-01,00-0041095,Bobby Jamison-Travis,NYG
00-0032434,Brandon Allen,NYG,QB,2026,2026-08-01,NYG,New York Giants,Brandon Allen,QB,nflverse_roster,C:\Users\tempadmin\OneDrive\Coding\Syndicate\data\nfl_source\tracking\nflverse\roster\roster_2026.csv,2026-08-01,00-0032434,Brandon Allen,NYG
00-0034419,Braxton Berrios,NYG,WR,2026,2026-08-01,NYG,New York Giants,Braxton Berrios,WR,nflverse_roster,C:\Users\tempadmin\OneDrive\Coding\Syndicate\data\nfl_source\tracking\nflverse\roster\roster_2026.csv,2026-08-01,00-0034419,Braxton Berrios,NYG
00-0035713,Brian Burns,NYG,LB,2026,2026-08-01,NYG,New York Giants,Brian Burns,LB,nflverse_roster,C:\Users\tempadmin\OneDrive\Coding\Syndicate\data\nfl_source\tracking\nflverse\roster\roster_2026.csv,2026-08-01,00-0035713,Brian Burns,NYG
00-0039446,Bryan Hudson,NYG,OL,2026,2026-08-01,NYG,New York Giants,Bryan Hudson,OL,nflverse_roster,C:\Users\tempadmin\OneDrive\Coding\Syndicate\data\nfl_source\tracking\nflverse\roster\roster_2026.csv,2026-08-01,00-0039446,Bryan Hudson,NYG
00-0038851,Caleb Murphy,NYG,LB,2026,2026-08-01,NYG,New York Giants,Caleb Murphy,LB,nflverse_roster,C:\Users\tempadmin\OneDrive\Coding\Syndicate\data\nfl_source\tracking\nflverse\roster\roster_2026.csv,2026-08-01,00-0038851,Caleb Murphy,NYG
00-0037837,Calvin Austin III,NYG,WR,2026,2026-08-01,NYG,New York Giants,Calvin Austin III,WR,nflverse_roster,C:\Users\tempadmin\OneDrive\Coding\Syndicate\data\nfl_source\tracking\nflverse\roster\roster_2026.csv,2026-08-01,00-0037837,Calvin Austin III,NYG
00-0038513,Cam Jones,NYG,LB,2026,2026-08-01,NYG,New York Giants,Cam Jones,LB,nflverse_roster,C:\Users\tempadmin\OneDrive\Coding\Syndicate\data\nfl_source\tracking\nflverse\roster\roster_2026.csv,2026-08-01,00-0038513,Cam Jones,NYG
00-0040715,Cam Skattebo,NYG,RB,2026,2026-08-01,NYG,New York Giants,Cam Skattebo,RB,nflverse_roster,C:\Users\tempadmin\OneDrive\Coding\Syndicate\data\nfl_source\tracking\nflverse\roster\roster_2026.csv,2026-08-01,00-0040715,Cam Skattebo,NYG
00-0036982,Chauncey Golston,NYG,DL,2026,2026-08-01,NYG,New York Giants,Chauncey Golston,DL,nflverse_roster,C:\Users\tempadmin\OneDrive\Coding\Syndicate\data\nfl_source\tracking\nflverse\roster\roster_2026.csv,2026-08-01,00-0036982,Chauncey Golston,NYG
00-0031484,Chris Manhertz,NYG,TE,2026,2026-08-01,NYG,New York Giants,Chris Manhertz,TE,nflverse_roster,C:\Users\tempadmin\OneDrive\Coding\Syndicate\data\nfl_source\tracking\nflverse\roster\roster_2026.csv,2026-08-01,00-0031484,Chris Manhertz,NYG
00-0041462,Colton Hood,NYG,DB,2026,2026-08-01,NYG,New York Giants,Colton Hood,DB,nflverse_roster,C:\Users\tempadmin\OneDrive\Coding\Syndicate\data\nfl_source\tracking\nflverse\roster\roster_2026.csv,2026-08-01,00-0041462,Colton Hood,NYG
00-0032424,DJ Reader,NYG,DL,2026,2026-08-01,NYG,New York Giants,DJ Reader,DL,nflverse_roster,C:\Users\tempadmin\OneDrive\Coding\Syndicate\data\nfl_source\tracking\nflverse\roster\roster_2026.csv,2026-08-01,00-0032424,DJ Reader,NYG
00-0040431,Dalen Cambre,NYG,WR,2026,2026-08-01,NYG,New York Giants,Dalen Cambre,WR,nflverse_roster,C:\Users\tempadmin\OneDrive\Coding\Syndicate\data\nfl_source\tracking\nflverse\roster\roster_2026.csv,2026-08-01,00-0040431,Dalen Cambre,NYG
00-0041139,Damon Bankston,NYG,RB,2026,2026-08-01,NYG,New York Giants,Damon Bankston,RB,nflverse_roster,C:\Users\tempadmin\OneDrive\Coding\Syndicate\data\nfl_source\tracking\nflverse\roster\roster_2026.csv,2026-08-01,00-0041139,Damon Bankston,NYG
00-0038118,Daniel Faalele,NYG,OL,2026,2026-08-01,NYG,New York Giants,Daniel Faalele,OL,nflverse_roster,C:\Users\tempadmin\OneDrive\Coding\Syndicate\data\nfl_source\tracking\nflverse\roster\roster_2026.csv,2026-08-01,00-0038118,Daniel Faalele,NYG
00-0039230,Dante Miller,NYG,RB,2026,2026-08-01,NYG,New York Giants,Dante Miller,RB,nflverse_roster,C:\Users\tempadmin\OneDrive\Coding\Syndicate\data\nfl_source\tracking\nflverse\roster\roster_2026.csv,2026-08-01,00-0039230,Dante Miller,NYG
00-0040694,Darius Alexander,NYG,DL,2026,2026-08-01,NYG,New York Giants,Darius Alexander,DL,nflverse_roster,C:\Users\tempadmin\OneDrive\Coding\Syndicate\data\nfl_source\tracking\nflverse\roster\roster_2026.csv,2026-08-01,00-0040694,Darius Alexander,NYG
00-0039829,Darius Muasau,NYG,LB,2026,2026-08-01,NYG,New York Giants,Darius Muasau,LB,nflverse_roster,C:\Users\tempadmin\OneDrive\Coding\Syndicate\data\nfl_source\tracking\nflverse\roster\roster_2026.csv,2026-08-01,00-0039829,Darius Muasau,NYG
00-0035535,Darius Slayton,NYG,WR,2026,2026-08-01,NYG,New York Giants,Darius Slayton,WR,nflverse_roster,C:\Users\tempadmin\OneDrive\Coding\Syndicate\data\nfl_source\tracking\nflverse\roster\roster_2026.csv,2026-08-01,00-0035535,Darius Slayton,NYG
00-0036309,Darnell Mooney,NYG,WR,2026,2026-08-01,NYG,New York Giants,Darnell Mooney,WR,nflverse_roster,C:\Users\tempadmin\OneDrive\Coding\Syndicate\data\nfl_source\tracking\nflverse\roster\roster_2026.csv,2026-08-01,00-0036309,Darnell Mooney,NYG
00-0039000,Deonte Banks,NYG,DB,2026,2026-08-01,NYG,New York Giants,Deonte Banks,DB,nflverse_roster,C:\Users\tempadmin\OneDrive\Coding\Syndicate\data\nfl_source\tracking\nflverse\roster\roster_2026.csv,2026-08-01,00-0039000,Deonte Banks,NYG
00-0035250,Devin Singletary,NYG,RB,2026,2026-08-01,NYG,New York Giants,Devin Singletary,RB,nflverse_roster,C:\Users\tempadmin\OneDrive\Coding\Syndicate\data\nfl_source\tracking\nflverse\roster\roster_2026.csv,2026-08-01,00-0035250,Devin Singletary,NYG
00-0041145,Dominic Zvada,NYG,K,2026,2026-08-01,NYG,New York Giants,Dominic Zvada,K,nflverse_roster,C:\Users\tempadmin\OneDrive\Coding\Syndicate\data\nfl_source\tracking\nflverse\roster\roster_2026.csv,2026-08-01,00-0041145,Dominic Zvada,NYG
00-0034248,Elijah Campbell,NYG,DB,2026,2026-08-01,NYG,New York Giants,Elijah Campbell,DB,nflverse_roster,C:\Users\tempadmin\OneDrive\Coding\Syndicate\data\nfl_source\tracking\nflverse\roster\roster_2026.csv,2026-08-01,00-0034248,Elijah Campbell,NYG
00-0038396,Eric Gray,NYG,RB,2026,2026-08-01,NYG,New York Giants,Eric Gray,RB,nflverse_roster,C:\Users\tempadmin\OneDrive\Coding\Syndicate\data\nfl_source\tracking\nflverse\roster\roster_2026.csv,2026-08-01,00-0038396,Eric Gray,NYG
00-0037612,Evan Neal,NYG,OL,2026,2026-08-01,NYG,New York Giants,Evan Neal,OL,nflverse_roster,C:\Users\tempadmin\OneDrive\Coding\Syndicate\data\nfl_source\tracking\nflverse\roster\roster_2026.csv,2026-08-01,00-0037612,Evan Neal,NYG
00-0041505,Francis Mauigoa,NYG,OL,2026,2026-08-01,NYG,New York Giants,Francis Mauigoa,OL,nflverse_roster,C:\Users\tempadmin\OneDrive\Coding\Syndicate\data\nfl_source\tracking\nflverse\roster\roster_2026.csv,2026-08-01,00-0041505,Francis Mauigoa,NYG
00-0036996,Greg Newsome II,NYG,DB,2026,2026-08-01,NYG,New York Giants,Greg Newsome II,DB,nflverse_roster,C:\Users\tempadmin\OneDrive\Coding\Syndicate\data\nfl_source\tracking\nflverse\roster\roster_2026.csv,2026-08-01,00-0036996,Greg Newsome II,NYG
00-0035645,Gunner Olszewski,NYG,WR,2026,2026-08-01,NYG,New York Giants,Gunner Olszewski,WR,nflverse_roster,C:\Users\tempadmin\OneDrive\Coding\Syndicate\data\nfl_source\tracking\nflverse\roster\roster_2026.csv,2026-08-01,00-0035645,Gunner Olszewski,NYG
00-0036165,Isaiah Hodgins,NYG,WR,2026,2026-08-01,NYG,New York Giants,Isaiah Hodgins,WR,nflverse_roster,C:\Users\tempadmin\OneDrive\Coding\Syndicate\data\nfl_source\tracking\nflverse\roster\roster_2026.csv,2026-08-01,00-0036165,Isaiah Hodgins,NYG
00-0037838,Isaiah Likely,NYG,TE,2026,2026-08-01,NYG,New York Giants,Isaiah Likely,TE,nflverse_roster,C:\Users\tempadmin\OneDrive\Coding\Syndicate\data\nfl_source\tracking\nflverse\roster\roster_2026.csv,2026-08-01,00-0037838,Isaiah Likely,NYG
00-0041101,J.C. Davis,NYG,OL,2026,2026-08-01,NYG,New York Giants,J.C. Davis,OL,nflverse_roster,C:\Users\tempadmin\OneDrive\Coding\Syndicate\data\nfl_source\tracking\nflverse\roster\roster_2026.csv,2026-08-01,00-0041101,J.C. Davis,NYG
00-0041102,Jack Kelly,NYG,LB,2026,2026-08-01,NYG,New York Giants,Jack Kelly,LB,nflverse_roster,C:\Users\tempadmin\OneDrive\Coding\Syndicate\data\nfl_source\tracking\nflverse\roster\roster_2026.csv,2026-08-01,00-0041102,Jack Kelly,NYG
00-0039508,Jake Kubas,NYG,OL,2026,2026-08-01,NYG,New York Giants,Jake Kubas,OL,nflverse_roster,C:\Users\tempadmin\OneDrive\Coding\Syndicate\data\nfl_source\tracking\nflverse\roster\roster_2026.csv,2026-08-01,00-0039508,Jake Kubas,NYG
00-0038938,Jalin Hyatt,NYG,WR,2026,2026-08-01,NYG,New York Giants,Jalin Hyatt,WR,nflverse_roster,C:\Users\tempadmin\OneDrive\Coding\Syndicate\data\nfl_source\tracking\nflverse\roster\roster_2026.csv,2026-08-01,00-0038938,Jalin Hyatt,NYG
00-0031503,Jameis Winston,NYG,QB,2026,2026-08-01,NYG,New York Giants,Jameis Winston,QB,nflverse_roster,C:\Users\tempadmin\OneDrive\Coding\Syndicate\data\nfl_source\tracking\nflverse\roster\roster_2026.csv,2026-08-01,00-0031503,Jameis Winston,NYG
00-0038401,Jarrick Bernard-Converse,NYG,DB,2026,2026-08-01,NYG,New York Giants,Jarrick Bernard-Converse,DB,nflverse_roster,C:\Users\tempadmin\OneDrive\Coding\Syndicate\data\nfl_source\tracking\nflverse\roster\roster_2026.csv,2026-08-01,00-0038401,Jarrick Bernard-Converse,NYG
Jarrod Gray|NYG|OL,Jarrod Gray,NYG,OL,2026,2026-08-01,NYG,New York Giants,Jarrod Gray,OL,nflverse_roster,C:\Users\tempadmin\OneDrive\Coding\Syndicate\data\nfl_source\tracking\nflverse\roster\roster_2026.csv,2026-08-01,Jarrod Gray|NYG|OL,Jarrod Gray,NYG
00-0036502,Jason Pinnock,NYG,DB,2026,2026-08-01,NYG,New York Giants,Jason Pinnock,DB,nflverse_roster,C:\Users\tempadmin\OneDrive\Coding\Syndicate\data\nfl_source\tracking\nflverse\roster\roster_2026.csv,2026-08-01,00-0036502,Jason Pinnock,NYG
00-0040691,Jaxson Dart,NYG,QB,2026,2026-08-01,NYG,New York Giants,Jaxson Dart,QB,nflverse_roster,C:\Users\tempadmin\OneDrive\Coding\Syndicate\data\nfl_source\tracking\nflverse\roster\roster_2026.csv,2026-08-01,00-0040691,Jaxson Dart,NYG
00-0033290,Jermaine Eluemunor,NYG,OL,2026,2026-08-01,NYG,New York Giants,Jermaine Eluemunor,OL,nflverse_roster,C:\Users\tempadmin\OneDrive\Coding\Syndicate\data\nfl_source\tracking\nflverse\roster\roster_2026.csv,2026-08-01,00-0033290,Jermaine Eluemunor,NYG
00-0036998,Jevon Holland,NYG,DB,2026,2026-08-01,NYG,New York Giants,Jevon Holland,DB,nflverse_roster,C:\Users\tempadmin\OneDrive\Coding\Syndicate\data\nfl_source\tracking\nflverse\roster\roster_2026.csv,2026-08-01,00-0036998,Jevon Holland,NYG
00-0039019,John Michael Schmitz,NYG,OL,2026,2026-08-01,NYG,New York Giants,John Michael Schmitz,OL,nflverse_roster,C:\Users\tempadmin\OneDrive\Coding\Syndicate\data\nfl_source\tracking\nflverse\roster\roster_2026.csv,2026-08-01,00-0039019,John Michael Schmitz,NYG
00-0036246,Jon Runyan,NYG,OL,2026,2026-08-01,NYG,New York Giants,Jon Runyan,OL,nflverse_roster,C:\Users\tempadmin\OneDrive\Coding\Syndicate\data\nfl_source\tracking\nflverse\roster\roster_2026.csv,2026-08-01,00-0036246,Jon Runyan,NYG
00-0038094,Jordan Stout,NYG,P,2026,2026-08-01,NYG,New York Giants,Jordan Stout,P,nflverse_roster,C:\Users\tempadmin\OneDrive\Coding\Syndicate\data\nfl_source\tracking\nflverse\roster\roster_2026.csv,2026-08-01,00-0038094,Jordan Stout,NYG
00-0033347,Josh Tupou,NYG,DL,2026,2026-08-01,NYG,New York Giants,Josh Tupou,DL,nflverse_roster,C:\Users\tempadmin\OneDrive\Coding\Syndicate\data\nfl_source\tracking\nflverse\roster\roster_2026.csv,2026-08-01,00-0033347,Josh Tupou,NYG
00-0037807,Joshua Ezeudu,NYG,OL,2026,2026-08-01,NYG,New York Giants,Joshua Ezeudu,OL,nflverse_roster,C:\Users\tempadmin\OneDrive\Coding\Syndicate\data\nfl_source\tracking\nflverse\roster\roster_2026.csv,2026-08-01,00-0037807,Joshua Ezeudu,NYG
00-0033857,JuJu Smith-Schuster,NYG,WR,2026,2026-08-01,NYG,New York Giants,JuJu Smith-Schuster,WR,nflverse_roster,C:\Users\tempadmin\OneDrive\Coding\Syndicate\data\nfl_source\tracking\nflverse\roster\roster_2026.csv,2026-08-01,00-0033857,JuJu Smith-Schuster,NYG
00-0037611,Kayvon Thibodeaux,NYG,LB,2026,2026-08-01,NYG,New York Giants,Kayvon Thibodeaux,LB,nflverse_roster,C:\Users\tempadmin\OneDrive\Coding\Syndicate\data\nfl_source\tracking\nflverse\roster\roster_2026.csv,2026-08-01,00-0037611,Kayvon Thibodeaux,NYG
00-0036341,Khalid Kareem,NYG,DL,2026,2026-08-01,NYG,New York Giants,Khalid Kareem,DL,nflverse_roster,C:\Users\tempadmin\OneDrive\Coding\Syndicate\data\nfl_source\tracking\nflverse\roster\roster_2026.csv,2026-08-01,00-0036341,Khalid Kareem,NYG
00-0040243,Korie Black,NYG,DB,2026,2026-08-01,NYG,New York Giants,Korie Black,DB,nflverse_roster,C:\Users\tempadmin\OneDrive\Coding\Syndicate\data\nfl_source\tracking\nflverse\roster\roster_2026.csv,2026-08-01,00-0040243,Korie Black,NYG
00-0036371,Leki Fotu,NYG,DL,2026,2026-08-01,NYG,New York Giants,Leki Fotu,DL,nflverse_roster,C:\Users\tempadmin\OneDrive\Coding\Syndicate\data\nfl_source\tracking\nflverse\roster\roster_2026.csv,2026-08-01,00-0036371,Leki Fotu,NYG
00-0033082,Lucas Patrick,NYG,OL,2026,2026-08-01,NYG,New York Giants,Lucas Patrick,OL,nflverse_roster,C:\Users\tempadmin\OneDrive\Coding\Syndicate\data\nfl_source\tracking\nflverse\roster\roster_2026.csv,2026-08-01,00-0033082,Lucas Patrick,NYG
00-0041042,Malachi Fields,NYG,WR,2026,2026-08-01,NYG,New York Giants,Malachi Fields,WR,nflverse_roster,C:\Users\tempadmin\OneDrive\Coding\Syndicate\data\nfl_source\tracking\nflverse\roster\roster_2026.csv,2026-08-01,00-0041042,Malachi Fields,NYG
00-0039337,Malik Nabers,NYG,WR,2026,2026-08-01,NYG,New York Giants,Malik Nabers,WR,nflverse_roster,C:\Users\tempadmin\OneDrive\Coding\Syndicate\data\nfl_source\tracking\nflverse\roster\roster_2026.csv,2026-08-01,00-0039337,Malik Nabers,NYG
00-0040181,Marcus Mbow,NYG,OL,2026,2026-08-01,NYG,New York Giants,Marcus Mbow,OL,nflverse_roster,C:\Users\tempadmin\OneDrive\Coding\Syndicate\data\nfl_source\tracking\nflverse\roster\roster_2026.csv,2026-08-01,00-0040181,Marcus Mbow,NYG
00-0037259,Micah McFadden,NYG,LB,2026,2026-08-01,NYG,New York Giants,Micah McFadden,LB,nflverse_roster,C:\Users\tempadmin\OneDrive\Coding\Syndicate\data\nfl_source\tracking\nflverse\roster\roster_2026.csv,2026-08-01,00-0037259,Micah McFadden,NYG
00-0038986,Nic Jones,NYG,DB,2026,2026-08-01,NYG,New York Giants,Nic Jones,DB,nflverse_roster,C:\Users\tempadmin\OneDrive\Coding\Syndicate\data\nfl_source\tracking\nflverse\roster\roster_2026.csv,2026-08-01,00-0038986,Nic Jones,NYG
00-0031235,Odell Beckham Jr.,NYG,WR,2026,2026-08-01,NYG,New York Giants,Odell Beckham Jr.,WR,nflverse_roster,C:\Users\tempadmin\OneDrive\Coding\Syndicate\data\nfl_source\tracking\nflverse\roster\roster_2026.csv,2026-08-01,00-0031235,Odell Beckham Jr.,NYG
00-0033376,Patrick Ricard,NYG,RB,2026,2026-08-01,NYG,New York Giants,Patrick Ricard,RB,nflverse_roster,C:\Users\tempadmin\OneDrive\Coding\Syndicate\data\nfl_source\tracking\nflverse\roster\roster_2026.csv,2026-08-01,00-0033376,Patrick Ricard,NYG
00-0036937,Paulson Adebo,NYG,DB,2026,2026-08-01,NYG,New York Giants,Paulson Adebo,DB,nflverse_roster,C:\Users\tempadmin\OneDrive\Coding\Syndicate\data\nfl_source\tracking\nflverse\roster\roster_2026.csv,2026-08-01,00-0036937,Paulson Adebo,NYG
00-0037468,Raheem Layne,NYG,DB,2026,2026-08-01,NYG,New York Giants,Raheem Layne,DB,nflverse_roster,C:\Users\tempadmin\OneDrive\Coding\Syndicate\data\nfl_source\tracking\nflverse\roster\roster_2026.csv,2026-08-01,00-0037468,Raheem Layne,NYG
00-0039620,Rico Payton,NYG,DB,2026,2026-08-01,NYG,New York Giants,Rico Payton,DB,nflverse_roster,C:\Users\tempadmin\OneDrive\Coding\Syndicate\data\nfl_source\tracking\nflverse\roster\roster_2026.csv,2026-08-01,00-0039620,Rico Payton,NYG
00-0032667,Roy Robertson-Harris,NYG,DL,2026,2026-08-01,NYG,New York Giants,Roy Robertson-Harris,DL,nflverse_roster,C:\Users\tempadmin\OneDrive\Coding\Syndicate\data\nfl_source\tracking\nflverse\roster\roster_2026.csv,2026-08-01,00-0032667,Roy Robertson-Harris,NYG
00-0038824,Ryan Miller,NYG,WR,2026,2026-08-01,NYG,New York Giants,Ryan Miller,WR,nflverse_roster,C:\Users\tempadmin\OneDrive\Coding\Syndicate\data\nfl_source\tracking\nflverse\roster\roster_2026.csv,2026-08-01,00-0038824,Ryan Miller,NYG
00-0041144,Ryan Schernecke,NYG,OL,2026,2026-08-01,NYG,New York Giants,Ryan Schernecke,OL,nflverse_roster,C:\Users\tempadmin\OneDrive\Coding\Syndicate\data\nfl_source\tracking\nflverse\roster\roster_2026.csv,2026-08-01,00-0041144,Ryan Schernecke,NYG
00-0037298,Sam Roberts,NYG,DL,2026,2026-08-01,NYG,New York Giants,Sam Roberts,DL,nflverse_roster,C:\Users\tempadmin\OneDrive\Coding\Syndicate\data\nfl_source\tracking\nflverse\roster\roster_2026.csv,2026-08-01,00-0037298,Sam Roberts,NYG
00-0031270,Shelby Harris,NYG,DL,2026,2026-08-01,NYG,New York Giants,Shelby Harris,DL,nflverse_roster,C:\Users\tempadmin\OneDrive\Coding\Syndicate\data\nfl_source\tracking\nflverse\roster\roster_2026.csv,2026-08-01,00-0031270,Shelby Harris,NYG
00-0037348,Tanner Conner,NYG,TE,2026,2026-08-01,NYG,New York Giants,Tanner Conner,TE,nflverse_roster,C:\Users\tempadmin\OneDrive\Coding\Syndicate\data\nfl_source\tracking\nflverse\roster\roster_2026.csv,2026-08-01,00-0037348,Tanner Conner,NYG
00-0041142,Thaddeus Dixon,NYG,DB,2026,2026-08-01,NYG,New York Giants,Thaddeus Dixon,DB,nflverse_roster,C:\Users\tempadmin\OneDrive\Coding\Syndicate\data\nfl_source\tracking\nflverse\roster\roster_2026.csv,2026-08-01,00-0041142,Thaddeus Dixon,NYG
00-0039847,Theo Johnson,NYG,TE,2026,2026-08-01,NYG,New York Giants,Theo Johnson,TE,nflverse_roster,C:\Users\tempadmin\OneDrive\Coding\Syndicate\data\nfl_source\tracking\nflverse\roster\roster_2026.csv,2026-08-01,00-0039847,Theo Johnson,NYG
00-0040225,Thomas Fidone II,NYG,TE,2026,2026-08-01,NYG,New York Giants,Thomas Fidone II,TE,nflverse_roster,C:\Users\tempadmin\OneDrive\Coding\Syndicate\data\nfl_source\tracking\nflverse\roster\roster_2026.csv,2026-08-01,00-0040225,Thomas Fidone II,NYG
00-0040434,Trace Ford,NYG,LB,2026,2026-08-01,NYG,New York Giants,Trace Ford,LB,nflverse_roster,C:\Users\tempadmin\OneDrive\Coding\Syndicate\data\nfl_source\tracking\nflverse\roster\roster_2026.csv,2026-08-01,00-0040434,Trace Ford,NYG
00-0034673,Tremaine Edmunds,NYG,LB,2026,2026-08-01,NYG,New York Giants,Tremaine Edmunds,LB,nflverse_roster,C:\Users\tempadmin\OneDrive\Coding\Syndicate\data\nfl_source\tracking\nflverse\roster\roster_2026.csv,2026-08-01,00-0034673,Tremaine Edmunds,NYG
00-0039861,Tyler Nubin,NYG,DB,2026,2026-08-01,NYG,New York Giants,Tyler Nubin,DB,nflverse_roster,C:\Users\tempadmin\OneDrive\Coding\Syndicate\data\nfl_source\tracking\nflverse\roster\roster_2026.csv,2026-08-01,00-0039861,Tyler Nubin,NYG
00-0039384,Tyrone Tracy Jr.,NYG,RB,2026,2026-08-01,NYG,New York Giants,Tyrone Tracy Jr.,RB,nflverse_roster,C:\Users\tempadmin\OneDrive\Coding\Syndicate\data\nfl_source\tracking\nflverse\roster\roster_2026.csv,2026-08-01,00-0039384,Tyrone Tracy Jr.,NYG
00-0038496,Xavier Gipson,NYG,WR,2026,2026-08-01,NYG,New York Giants,Xavier Gipson,WR,nflverse_roster,C:\Users\tempadmin\OneDrive\Coding\Syndicate\data\nfl_source\tracking\nflverse\roster\roster_2026.csv,2026-08-01,00-0038496,Xavier Gipson,NYG
00-0038937,Zacch Pickens,NYG,DL,2026,2026-08-01,NYG,New York Giants,Zacch Pickens,DL,nflverse_roster,C:\Users\tempadmin\OneDrive\Coding\Syndicate\data\nfl_source\tracking\nflverse\roster\roster_2026.csv,2026-08-01,00-0038937,Zacch Pickens,NYG
00-0038399,Zaire Barnes,NYG,LB,2026,2026-08-01,NYG,New York Giants,Zaire Barnes,LB,nflverse_roster,C:\Users\tempadmin\OneDrive\Coding\Syndicate\data\nfl_source\tracking\nflverse\roster\roster_2026.csv,2026-08-01,00-0038399,Zaire Barnes,NYG
00-0039890,Adonai Mitchell,NYJ,WR,2026,2026-08-01,NYJ,New York Jets,Adonai Mitchell,WR,nflverse_roster,C:\Users\tempadmin\OneDrive\Coding\Syndicate\data\nfl_source\tracking\nflverse\roster\roster_2026.csv,2026-08-01,00-0039890,Adonai Mitchell,NYJ
00-0036941,Andre Cisco,NYJ,DB,2026,2026-08-01,NYJ,New York Jets,Andre Cisco,DB,nflverse_roster,C:\Users\tempadmin\OneDrive\Coding\Syndicate\data\nfl_source\tracking\nflverse\roster\roster_2026.csv,2026-08-01,00-0036941,Andre Cisco,NYJ
00-0034959,Andrew Beck,NYJ,RB,2026,2026-08-01,NYJ,New York Jets,Andrew Beck,RB,nflverse_roster,C:\Users\tempadmin\OneDrive\Coding\Syndicate\data\nfl_source\tracking\nflverse\roster\roster_2026.csv,2026-08-01,00-0034959,Andrew Beck,NYJ
00-0041097,Anez Cooper,NYJ,OL,2026,2026-08-01,NYJ,New York Jets,Anez Cooper,OL,nflverse_roster,C:\Users\tempadmin\OneDrive\Coding\Syndicate\data\nfl_source\tracking\nflverse\roster\roster_2026.csv,2026-08-01,00-0041097,Anez Cooper,NYJ
00-0040582,Arian Smith,NYJ,WR,2026,2026-08-01,NYJ,New York Jets,Arian Smith,WR,nflverse_roster,C:\Users\tempadmin\OneDrive\Coding\Syndicate\data\nfl_source\tracking\nflverse\roster\roster_2026.csv,2026-08-01,00-0040582,Arian Smith,NYJ
00-0040123,Armand Membou,NYJ,OL,2026,2026-08-01,NYJ,New York Jets,Armand Membou,OL,nflverse_roster,C:\Users\tempadmin\OneDrive\Coding\Syndicate\data\nfl_source\tracking\nflverse\roster\roster_2026.csv,2026-08-01,00-0040123,Armand Membou,NYJ
00-0039634,Austin McNamara,NYJ,P,2026,2026-08-01,NYJ,New York Jets,Austin McNamara,P,nflverse_roster,C:\Users\tempadmin\OneDrive\Coding\Syndicate\data\nfl_source\tracking\nflverse\roster\roster_2026.csv,2026-08-01,00-0039634,Austin McNamara,NYJ
00-0040133,Azareye'h Thomas,NYJ,DB,2026,2026-08-01,NYJ,New York Jets,Azareye'h Thomas,DB,nflverse_roster,C:\Users\tempadmin\OneDrive\Coding\Syndicate\data\nfl_source\tracking\nflverse\roster\roster_2026.csv,2026-08-01,00-0040133,Azareye'h Thomas,NYJ
00-0038108,Bailey Zappe,NYJ,QB,2026,2026-08-01,NYJ,New York Jets,Bailey Zappe,QB,nflverse_roster,C:\Users\tempadmin\OneDrive\Coding\Syndicate\data\nfl_source\tracking\nflverse\roster\roster_2026.csv,2026-08-01,00-0038108,Bailey Zappe,NYJ
00-0040398,Brady Cook,NYJ,QB,2026,2026-08-01,NYJ,New York Jets,Brady Cook,QB,nflverse_roster,C:\Users\tempadmin\OneDrive\Coding\Syndicate\data\nfl_source\tracking\nflverse\roster\roster_2026.csv,2026-08-01,00-0040398,Brady Cook,NYJ
00-0039794,Braelon Allen,NYJ,RB,2026,2026-08-01,NYJ,New York Jets,Braelon Allen,RB,nflverse_roster,C:\Users\tempadmin\OneDrive\Coding\Syndicate\data\nfl_source\tracking\nflverse\roster\roster_2026.csv,2026-08-01,00-0039794,Braelon Allen,NYJ
00-0039284,Braiden McGregor,NYJ,DL,2026,2026-08-01,NYJ,New York Jets,Braiden McGregor,DL,nflverse_roster,C:\Users\tempadmin\OneDrive\Coding\Syndicate\data\nfl_source\tracking\nflverse\roster\roster_2026.csv,2026-08-01,00-0039284,Braiden McGregor,NYJ
00-0036987,Brandon Stephens,NYJ,DB,2026,2026-08-01,NYJ,New York Jets,Brandon Stephens,DB,nflverse_roster,C:\Users\tempadmin\OneDrive\Coding\Syndicate\data\nfl_source\tracking\nflverse\roster\roster_2026.csv,2026-08-01,00-0036987,Brandon Stephens,NYJ
00-0038120,Breece Hall,NYJ,RB,2026,2026-08-01,NYJ,New York Jets,Breece Hall,RB,nflverse_roster,C:\Users\tempadmin\OneDrive\Coding\Syndicate\data\nfl_source\tracking\nflverse\roster\roster_2026.csv,2026-08-01,00-0038120,Breece Hall,NYJ
00-0041056,Cade Klubnik,NYJ,QB,2026,2026-08-01,NYJ,New York Jets,Cade Klubnik,QB,nflverse_roster,C:\Users\tempadmin\OneDrive\Coding\Syndicate\data\nfl_source\tracking\nflverse\roster\roster_2026.csv,2026-08-01,00-0041056,Cade Klubnik,NYJ
00-0038097,Cade York,NYJ,K,2026,2026-08-01,NYJ,New York Jets,Cade York,K,nflverse_roster,C:\Users\tempadmin\OneDrive\Coding\Syndicate\data\nfl_source\tracking\nflverse\roster\roster_2026.csv,2026-08-01,00-0038097,Cade York,NYJ
00-0041199,Caullin Lacy,NYJ,WR,2026,2026-08-01,NYJ,New York Jets,Caullin Lacy,WR,nflverse_roster,C:\Users\tempadmin\OneDrive\Coding\Syndicate\data\nfl_source\tracking\nflverse\roster\roster_2026.csv,2026-08-01,00-0041199,Caullin Lacy,NYJ
00-0041237,Chase Curtis,NYJ,TE,2026,2026-08-01,NYJ,New York Jets,Chase Curtis,TE,nflverse_roster,C:\Users\tempadmin\OneDrive\Coding\Syndicate\data\nfl_source\tracking\nflverse\roster\roster_2026.csv,2026-08-01,00-0041237,Chase Curtis,NYJ
00-0041515,Chase Wilson,NYJ,LB,2026,2026-08-01,NYJ,New York Jets,Chase Wilson,LB,nflverse_roster,C:\Users\tempadmin\OneDrive\Coding\Syndicate\data\nfl_source\tracking\nflverse\roster\roster_2026.csv,2026-08-01,00-0041515,Chase Wilson,NYJ
00-0041239,Chip Trayanum,NYJ,RB,2026,2026-08-01,NYJ,New York Jets,Chip Trayanum,RB,nflverse_roster,C:\Users\tempadmin\OneDrive\Coding\Syndicate\data\nfl_source\tracking\nflverse\roster\roster_2026.csv,2026-08-01,00-0041239,Chip Trayanum,NYJ
00-0034768,Chukwuma Okorafor,NYJ,OL,2026,2026-08-01,NYJ,New York Jets,Chukwuma Okorafor,OL,nflverse_roster,C:\Users\tempadmin\OneDrive\Coding\Syndicate\data\nfl_source\tracking\nflverse\roster\roster_2026.csv,2026-08-01,00-0034768,Chukwuma Okorafor,NYJ
00-0041507,Courtland Ford,NYJ,OL,2026,2026-08-01,NYJ,New York Jets,Courtland Ford,OL,nflverse_roster,C:\Users\tempadmin\OneDrive\Coding\Syndicate\data\nfl_source\tracking\nflverse\roster\roster_2026.csv,2026-08-01,00-0041507,Courtland Ford,NYJ
00-0041038,D'Angelo Ponds,NYJ,DB,2026,2026-08-01,NYJ,New York Jets,D'Angelo Ponds,DB,nflverse_roster,C:\Users\tempadmin\OneDrive\Coding\Syndicate\data\nfl_source\tracking\nflverse\roster\roster_2026.csv,2026-08-01,00-0041038,D'Angelo Ponds,NYJ
00-0041201,D.T. Sheffield,NYJ,WR,2026,2026-08-01,NYJ,New York Jets,D.T. Sheffield,WR,nflverse_roster,C:\Users\tempadmin\OneDrive\Coding\Syndicate\data\nfl_source\tracking\nflverse\roster\roster_2026.csv,2026-08-01,00-0041201,D.T. Sheffield,NYJ
00-0038123,Dane Belton,NYJ,DB,2026,2026-08-01,NYJ,New York Jets,Dane Belton,DB,nflverse_roster,C:\Users\tempadmin\OneDrive\Coding\Syndicate\data\nfl_source\tracking\nflverse\roster\roster_2026.csv,2026-08-01,00-0038123,Dane Belton,NYJ
00-0041549,Darrell Jackson,NYJ,DL,2026,2026-08-01,NYJ,New York Jets,Darrell Jackson,DL,nflverse_roster,C:\Users\tempadmin\OneDrive\Coding\Syndicate\data\nfl_source\tracking\nflverse\roster\roster_2026.csv,2026-08-01,00-0041549,Darrell Jackson,NYJ
00-0041026,David Bailey,NYJ,LB,2026,2026-08-01,NYJ,New York Jets,David Bailey,LB,nflverse_roster,C:\Users\tempadmin\OneDrive\Coding\Syndicate\data\nfl_source\tracking\nflverse\roster\roster_2026.csv,2026-08-01,00-0041026,David Bailey,NYJ
00-0033051,David Onyemata,NYJ,DL,2026,2026-08-01,NYJ,New York Jets,David Onyemata,DL,nflverse_roster,C:\Users\tempadmin\OneDrive\Coding\Syndicate\data\nfl_source\tracking\nflverse\roster\roster_2026.csv,2026-08-01,00-0033051,David Onyemata,NYJ
00-0040396,Dean Clark,NYJ,DB,2026,2026-08-01,NYJ,New York Jets,Dean Clark,DB,nflverse_roster,C:\Users\tempadmin\OneDrive\Coding\Syndicate\data\nfl_source\tracking\nflverse\roster\roster_2026.csv,2026-08-01,00-0040396,Dean Clark,NYJ
00-0029607,Demario Davis,NYJ,LB,2026,2026-08-01,NYJ,New York Jets,Demario Davis,LB,nflverse_roster,C:\Users\tempadmin\OneDrive\Coding\Syndicate\data\nfl_source\tracking\nflverse\roster\roster_2026.csv,2026-08-01,00-0029607,Demario Davis,NYJ
00-0037255,Dylan Parham,NYJ,OL,2026,2026-08-01,NYJ,New York Jets,Dylan Parham,OL,nflverse_roster,C:\Users\tempadmin\OneDrive\Coding\Syndicate\data\nfl_source\tracking\nflverse\roster\roster_2026.csv,2026-08-01,00-0037255,Dylan Parham,NYJ
00-0039291,Eric Watts,NYJ,DL,2026,2026-08-01,NYJ,New York Jets,Eric Watts,DL,nflverse_roster,C:\Users\tempadmin\OneDrive\Coding\Syndicate\data\nfl_source\tracking\nflverse\roster\roster_2026.csv,2026-08-01,00-0039291,Eric Watts,NYJ
00-0040186,Francisco Mauigoa,NYJ,LB,2026,2026-08-01,NYJ,New York Jets,Francisco Mauigoa,LB,nflverse_roster,C:\Users\tempadmin\OneDrive\Coding\Syndicate\data\nfl_source\tracking\nflverse\roster\roster_2026.csv,2026-08-01,00-0040186,Francisco Mauigoa,NYJ
00-0037740,Garrett Wilson,NYJ,WR,2026,2026-08-01,NYJ,New York Jets,Garrett Wilson,WR,nflverse_roster,C:\Users\tempadmin\OneDrive\Coding\Syndicate\data\nfl_source\tracking\nflverse\roster\roster_2026.csv,2026-08-01,00-0037740,Garrett Wilson,NYJ
00-0041198,Garrison Grimes,NYJ,LS,2026,2026-08-01,NYJ,New York Jets,Garrison Grimes,LS,nflverse_roster,C:\Users\tempadmin\OneDrive\Coding\Syndicate\data\nfl_source\tracking\nflverse\roster\roster_2026.csv,2026-08-01,00-0041198,Garrison Grimes,NYJ
00-0040571,Gee Scott Jr.,NYJ,WR,2026,2026-08-01,NYJ,New York Jets,Gee Scott Jr.,WR,nflverse_roster,C:\Users\tempadmin\OneDrive\Coding\Syndicate\data\nfl_source\tracking\nflverse\roster\roster_2026.csv,2026-08-01,00-0040571,Gee Scott Jr.,NYJ
00-0030565,Geno Smith,NYJ,QB,2026,2026-08-01,NYJ,New York Jets,Geno Smith,QB,nflverse_roster,C:\Users\tempadmin\OneDrive\Coding\Syndicate\data\nfl_source\tracking\nflverse\roster\roster_2026.csv,2026-08-01,00-0030565,Geno Smith,NYJ
00-0034782,Harrison Phillips,NYJ,DL,2026,2026-08-01,NYJ,New York Jets,Harrison Phillips,DL,nflverse_roster,C:\Users\tempadmin\OneDrive\Coding\Syndicate\data\nfl_source\tracking\nflverse\roster\roster_2026.csv,2026-08-01,00-0034782,Harrison Phillips,NYJ
00-0039798,Isaiah Davis,NYJ,RB,2026,2026-08-01,NYJ,New York Jets,Isaiah Davis,RB,nflverse_roster,C:\Users\tempadmin\OneDrive\Coding\Syndicate\data\nfl_source\tracking\nflverse\roster\roster_2026.csv,2026-08-01,00-0039798,Isaiah Davis,NYJ
00-0039451,Isaiah Williams,NYJ,WR,2026,2026-08-01,NYJ,New York Jets,Isaiah Williams,WR,nflverse_roster,C:\Users\tempadmin\OneDrive\Coding\Syndicate\data\nfl_source\tracking\nflverse\roster\roster_2026.csv,2026-08-01,00-0039451,Isaiah Williams,NYJ
00-0036788,Jack Heflin,NYJ,DL,2026,2026-08-01,NYJ,New York Jets,Jack Heflin,DL,nflverse_roster,C:\Users\tempadmin\OneDrive\Coding\Syndicate\data\nfl_source\tracking\nflverse\roster\roster_2026.csv,2026-08-01,00-0036788,Jack Heflin,NYJ
00-0041410,Jaden Keller,NYJ,LB,2026,2026-08-01,NYJ,New York Jets,Jaden Keller,LB,nflverse_roster,C:\Users\tempadmin\OneDrive\Coding\Syndicate\data\nfl_source\tracking\nflverse\roster\roster_2026.csv,2026-08-01,00-0041410,Jaden Keller,NYJ
00-0041311,Jalen Walthall,NYJ,WR,2026,2026-08-01,NYJ,New York Jets,Jalen Walthall,WR,nflverse_roster,C:\Users\tempadmin\OneDrive\Coding\Syndicate\data\nfl_source\tracking\nflverse\roster\roster_2026.csv,2026-08-01,00-0041311,Jalen Walthall,NYJ
00-0040405,Jamaal Pritchett,NYJ,WR,2026,2026-08-01,NYJ,New York Jets,Jamaal Pritchett,WR,nflverse_roster,C:\Users\tempadmin\OneDrive\Coding\Syndicate\data\nfl_source\tracking\nflverse\roster\roster_2026.csv,2026-08-01,00-0040405,Jamaal Pritchett,NYJ
00-0036500,Jamien Sherwood,NYJ,LB,2026,2026-08-01,NYJ,New York Jets,Jamien Sherwood,LB,nflverse_roster,C:\Users\tempadmin\OneDrive\Coding\Syndicate\data\nfl_source\tracking\nflverse\roster\roster_2026.csv,2026-08-01,00-0036500,Jamien Sherwood,NYJ
00-0039285,Jarius Monroe,NYJ,DB,2026,2026-08-01,NYJ,New York Jets,Jarius Monroe,DB,nflverse_roster,C:\Users\tempadmin\OneDrive\Coding\Syndicate\data\nfl_source\tracking\nflverse\roster\roster_2026.csv,2026-08-01,00-0039285,Jarius Monroe,NYJ
00-0039372,Jarvis Brownlee Jr.,NYJ,DB,2026,2026-08-01,NYJ,New York Jets,Jarvis Brownlee Jr.,DB,nflverse_roster,C:\Users\tempadmin\OneDrive\Coding\Syndicate\data\nfl_source\tracking\nflverse\roster\roster_2026.csv,2026-08-01,00-0039372,Jarvis Brownlee Jr.,NYJ
00-0034794,Jason Sanders,NYJ,K,2026,2026-08-01,NYJ,New York Jets,Jason Sanders,K,nflverse_roster,C:\Users\tempadmin\OneDrive\Coding\Syndicate\data\nfl_source\tracking\nflverse\roster\roster_2026.csv,2026-08-01,00-0034794,Jason Sanders,NYJ
00-0037755,Jelani Woods,NYJ,TE,2026,2026-08-01,NYJ,New York Jets,Jelani Woods,TE,nflverse_roster,C:\Users\tempadmin\OneDrive\Coding\Syndicate\data\nfl_source\tracking\nflverse\roster\roster_2026.csv,2026-08-01,00-0037755,Jelani Woods,NYJ
00-0037805,Jeremy Ruckert,NYJ,TE,2026,2026-08-01,NYJ,New York Jets,Jeremy Ruckert,TE,nflverse_roster,C:\Users\tempadmin\OneDrive\Coding\Syndicate\data\nfl_source\tracking\nflverse\roster\roster_2026.csv,2026-08-01,00-0037805,Jeremy Ruckert,NYJ
00-0039145,Joe Tippmann,NYJ,OL,2026,2026-08-01,NYJ,New York Jets,Joe Tippmann,OL,nflverse_roster,C:\Users\tempadmin\OneDrive\Coding\Syndicate\data\nfl_source\tracking\nflverse\roster\roster_2026.csv,2026-08-01,00-0039145,Joe Tippmann,NYJ
00-0040397,Jordan Clark,NYJ,DB,2026,2026-08-01,NYJ,New York Jets,Jordan Clark,DB,nflverse_roster,C:\Users\tempadmin\OneDrive\Coding\Syndicate\data\nfl_source\tracking\nflverse\roster\roster_2026.csv,2026-08-01,00-0040397,Jordan Clark,NYJ
00-0036902,Joseph Ossai,NYJ,DL,2026,2026-08-01,NYJ,New York Jets,Joseph Ossai,DL,nflverse_roster,C:\Users\tempadmin\OneDrive\Coding\Syndicate\data\nfl_source\tracking\nflverse\roster\roster_2026.csv,2026-08-01,00-0036902,Joseph Ossai,NYJ
00-0036622,Josh Myers,NYJ,OL,2026,2026-08-01,NYJ,New York Jets,Josh Myers,OL,nflverse_roster,C:\Users\tempadmin\OneDrive\Coding\Syndicate\data\nfl_source\tracking\nflverse\roster\roster_2026.csv,2026-08-01,00-0036622,Josh Myers,NYJ
00-0039431,Jowon Briggs,NYJ,DL,2026,2026-08-01,NYJ,New York Jets,Jowon Briggs,DL,nflverse_roster,C:\Users\tempadmin\OneDrive\Coding\Syndicate\data\nfl_source\tracking\nflverse\roster\roster_2026.csv,2026-08-01,00-0039431,Jowon Briggs,NYJ
00-0038696,Keidron Smith,NYJ,DB,2026,2026-08-01,NYJ,New York Jets,Keidron Smith,DB,nflverse_roster,C:\Users\tempadmin\OneDrive\Coding\Syndicate\data\nfl_source\tracking\nflverse\roster\roster_2026.csv,2026-08-01,00-0038696,Keidron Smith,NYJ
00-0036842,Kene Nwangwu,NYJ,RB,2026,2026-08-01,NYJ,New York Jets,Kene Nwangwu,RB,nflverse_roster,C:\Users\tempadmin\OneDrive\Coding\Syndicate\data\nfl_source\tracking\nflverse\roster\roster_2026.csv,2026-08-01,00-0036842,Kene Nwangwu,NYJ
00-0041032,Kenyon Sadiq,NYJ,TE,2026,2026-08-01,NYJ,New York Jets,Kenyon Sadiq,TE,nflverse_roster,C:\Users\tempadmin\OneDrive\Coding\Syndicate\data\nfl_source\tracking\nflverse\roster\roster_2026.csv,2026-08-01,00-0041032,Kenyon Sadiq,NYJ
00-0037083,Kingsley Enagbare,NYJ,DL,2026,2026-08-01,NYJ,New York Jets,Kingsley Enagbare,DL,nflverse_roster,C:\Users\tempadmin\OneDrive\Coding\Syndicate\data\nfl_source\tracking\nflverse\roster\roster_2026.csv,2026-08-01,00-0037083,Kingsley Enagbare,NYJ
00-0037431,Kingsley Jonathan,NYJ,DL,2026,2026-08-01,NYJ,New York Jets,Kingsley Jonathan,DL,nflverse_roster,C:\Users\tempadmin\OneDrive\Coding\Syndicate\data\nfl_source\tracking\nflverse\roster\roster_2026.csv,2026-08-01,00-0037431,Kingsley Jonathan,NYJ
00-0040214,Kobe King,NYJ,LB,2026,2026-08-01,NYJ,New York Jets,Kobe King,LB,nflverse_roster,C:\Users\tempadmin\OneDrive\Coding\Syndicate\data\nfl_source\tracking\nflverse\roster\roster_2026.csv,2026-08-01,00-0040214,Kobe King,NYJ
00-0038194,Kohl Levao,NYJ,OL,2026,2026-08-01,NYJ,New York Jets,Kohl Levao,OL,nflverse_roster,C:\Users\tempadmin\OneDrive\Coding\Syndicate\data\nfl_source\tracking\nflverse\roster\roster_2026.csv,2026-08-01,00-0038194,Kohl Levao,NYJ
00-0036930,Landon Young,NYJ,OL,2026,2026-08-01,NYJ,New York Jets,Landon Young,OL,nflverse_roster,C:\Users\tempadmin\OneDrive\Coding\Syndicate\data\nfl_source\tracking\nflverse\roster\roster_2026.csv,2026-08-01,00-0036930,Landon Young,NYJ
00-0038223,Liam Fornadel,NYJ,OL,2026,2026-08-01,NYJ,New York Jets,Liam Fornadel,OL,nflverse_roster,C:\Users\tempadmin\OneDrive\Coding\Syndicate\data\nfl_source\tracking\nflverse\roster\roster_2026.csv,2026-08-01,00-0038223,Liam Fornadel,NYJ
00-0040165,Malachi Moore,NYJ,DB,2026,2026-08-01,NYJ,New York Jets,Malachi Moore,DB,nflverse_roster,C:\Users\tempadmin\OneDrive\Coding\Syndicate\data\nfl_source\tracking\nflverse\roster\roster_2026.csv,2026-08-01,00-0040165,Malachi Moore,NYJ
00-0041267,Malik McClain,NYJ,WR,2026,2026-08-01,NYJ,New York Jets,Malik McClain,WR,nflverse_roster,C:\Users\tempadmin\OneDrive\Coding\Syndicate\data\nfl_source\tracking\nflverse\roster\roster_2026.csv,2026-08-01,00-0041267,Malik McClain,NYJ
00-0037526,Marcelino McCrary-Ball,NYJ,LB,2026,2026-08-01,NYJ,New York Jets,Marcelino McCrary-Ball,LB,nflverse_roster,C:\Users\tempadmin\OneDrive\Coding\Syndicate\data\nfl_source\tracking\nflverse\roster\roster_2026.csv,2026-08-01,00-0037526,Marcelino McCrary-Ball,NYJ
00-0037748,Marquis Hayes,NYJ,OL,2026,2026-08-01,NYJ,New York Jets,Marquis Hayes,OL,nflverse_roster,C:\Users\tempadmin\OneDrive\Coding\Syndicate\data\nfl_source\tracking\nflverse\roster\roster_2026.csv,2026-08-01,00-0037748,Marquis Hayes,NYJ
00-0040736,Mason Taylor,NYJ,TE,2026,2026-08-01,NYJ,New York Jets,Mason Taylor,TE,nflverse_roster,C:\Users\tempadmin\OneDrive\Coding\Syndicate\data\nfl_source\tracking\nflverse\roster\roster_2026.csv,2026-08-01,00-0040736,Mason Taylor,NYJ
00-0038114,Max Mitchell,NYJ,OL,2026,2026-08-01,NYJ,New York Jets,Max Mitchell,OL,nflverse_roster,C:\Users\tempadmin\OneDrive\Coding\Syndicate\data\nfl_source\tracking\nflverse\roster\roster_2026.csv,2026-08-01,00-0038114,Max Mitchell,NYJ
00-0038545,Mazi Smith,NYJ,DL,2026,2026-08-01,NYJ,New York Jets,Mazi Smith,DL,nflverse_roster,C:\Users\tempadmin\OneDrive\Coding\Syndicate\data\nfl_source\tracking\nflverse\roster\roster_2026.csv,2026-08-01,00-0038545,Mazi Smith,NYJ
00-0034789,Minkah Fitzpatrick,NYJ,DB,2026,2026-08-01,NYJ,New York Jets,Minkah Fitzpatrick,DB,nflverse_roster,C:\Users\tempadmin\OneDrive\Coding\Syndicate\data\nfl_source\tracking\nflverse\roster\roster_2026.csv,2026-08-01,00-0034789,Minkah Fitzpatrick,NYJ
00-0041196,Mory Bamba,NYJ,DB,2026,2026-08-01,NYJ,New York Jets,Mory Bamba,DB,nflverse_roster,C:\Users\tempadmin\OneDrive\Coding\Syndicate\data\nfl_source\tracking\nflverse\roster\roster_2026.csv,2026-08-01,00-0041196,Mory Bamba,NYJ
00-0036300,Mykal Walker,NYJ,LB,2026,2026-08-01,NYJ,New York Jets,Mykal Walker,LB,nflverse_roster,C:\Users\tempadmin\OneDrive\Coding\Syndicate\data\nfl_source\tracking\nflverse\roster\roster_2026.csv,2026-08-01,00-0036300,Mykal Walker,NYJ
00-0036986,Nahshon Wright,NYJ,DB,2026,2026-08-01,NYJ,New York Jets,Nahshon Wright,DB,nflverse_roster,C:\Users\tempadmin\OneDrive\Coding\Syndicate\data\nfl_source\tracking\nflverse\roster\roster_2026.csv,2026-08-01,00-0036986,Nahshon Wright,NYJ
00-0041202,Nathan Voorhis,NYJ,DL,2026,2026-08-01,NYJ,New York Jets,Nathan Voorhis,DL,nflverse_roster,C:\Users\tempadmin\OneDrive\Coding\Syndicate\data\nfl_source\tracking\nflverse\roster\roster_2026.csv,2026-08-01,00-0041202,Nathan Voorhis,NYJ
00-0039790,Olumuyiwa Fashanu,NYJ,OL,2026,2026-08-01,NYJ,New York Jets,Olumuyiwa Fashanu,OL,nflverse_roster,C:\Users\tempadmin\OneDrive\Coding\Syndicate\data\nfl_source\tracking\nflverse\roster\roster_2026.csv,2026-08-01,00-0039790,Olumuyiwa Fashanu,NYJ
00-0041511,Omar Cooper,NYJ,WR,2026,2026-08-01,NYJ,New York Jets,Omar Cooper,WR,nflverse_roster,C:\Users\tempadmin\OneDrive\Coding\Syndicate\data\nfl_source\tracking\nflverse\roster\roster_2026.csv,2026-08-01,00-0041511,Omar Cooper,NYJ
00-0040793,Paschal Ekeji,NYJ,DL,2026,2026-08-01,NYJ,New York Jets,Paschal Ekeji,DL,nflverse_roster,C:\Users\tempadmin\OneDrive\Coding\Syndicate\data\nfl_source\tracking\nflverse\roster\roster_2026.csv,2026-08-01,00-0040793,Paschal Ekeji,NYJ
00-0040404,Payton Page,NYJ,DL,2026,2026-08-01,NYJ,New York Jets,Payton Page,DL,nflverse_roster,C:\Users\tempadmin\OneDrive\Coding\Syndicate\data\nfl_source\tracking\nflverse\roster\roster_2026.csv,2026-08-01,00-0040404,Payton Page,NYJ
00-0040406,Quentin Skinner,NYJ,WR,2026,2026-08-01,NYJ,New York Jets,Quentin Skinner,WR,nflverse_roster,C:\Users\tempadmin\OneDrive\Coding\Syndicate\data\nfl_source\tracking\nflverse\roster\roster_2026.csv,2026-08-01,00-0040406,Quentin Skinner,NYJ
00-0039789,Qwan'tez Stiggers,NYJ,DB,2026,2026-08-01,NYJ,New York Jets,Qwan'tez Stiggers,DB,nflverse_roster,C:\Users\tempadmin\OneDrive\Coding\Syndicate\data\nfl_source\tracking\nflverse\roster\roster_2026.csv,2026-08-01,00-0039789,Qwan'tez Stiggers,NYJ
00-0041200,Sam Scott,NYJ,RB,2026,2026-08-01,NYJ,New York Jets,Sam Scott,RB,nflverse_roster,C:\Users\tempadmin\OneDrive\Coding\Syndicate\data\nfl_source\tracking\nflverse\roster\roster_2026.csv,2026-08-01,00-0041200,Sam Scott,NYJ
00-0037830,Samuel Womack,NYJ,DB,2026,2026-08-01,NYJ,New York Jets,Samuel Womack,DB,nflverse_roster,C:\Users\tempadmin\OneDrive\Coding\Syndicate\data\nfl_source\tracking\nflverse\roster\roster_2026.csv,2026-08-01,00-0037830,Samuel Womack,NYJ
00-0039886,T'Vondre Sweat,NYJ,DL,2026,2026-08-01,NYJ,New York Jets,T'Vondre Sweat,DL,nflverse_roster,C:\Users\tempadmin\OneDrive\Coding\Syndicate\data\nfl_source\tracking\nflverse\roster\roster_2026.csv,2026-08-01,00-0039886,T'Vondre Sweat,NYJ
00-0033260,Thomas Hennessy,NYJ,LS,2026,2026-08-01,NYJ,New York Jets,Thomas Hennessy,LS,nflverse_roster,C:\Users\tempadmin\OneDrive\Coding\Syndicate\data\nfl_source\tracking\nflverse\roster\roster_2026.csv,2026-08-01,00-0033260,Thomas Hennessy,NYJ
00-0033375,Tim Patrick,NYJ,WR,2026,2026-08-01,NYJ,New York Jets,Tim Patrick,WR,nflverse_roster,C:\Users\tempadmin\OneDrive\Coding\Syndicate\data\nfl_source\tracking\nflverse\roster\roster_2026.csv,2026-08-01,00-0033375,Tim Patrick,NYJ
00-0036885,Tre Brown,NYJ,DB,2026,2026-08-01,NYJ,New York Jets,Tre Brown,DB,nflverse_roster,C:\Users\tempadmin\OneDrive\Coding\Syndicate\data\nfl_source\tracking\nflverse\roster\roster_2026.csv,2026-08-01,00-0036885,Tre Brown,NYJ
00-0040196,Tyler Baron,NYJ,DL,2026,2026-08-01,NYJ,New York Jets,Tyler Baron,DL,nflverse_roster,C:\Users\tempadmin\OneDrive\Coding\Syndicate\data\nfl_source\tracking\nflverse\roster\roster_2026.csv,2026-08-01,00-0040196,Tyler Baron,NYJ
00-0041120,Victor Payne,NYJ,DB,2026,2026-08-01,NYJ,New York Jets,Victor Payne,DB,nflverse_roster,C:\Users\tempadmin\OneDrive\Coding\Syndicate\data\nfl_source\tracking\nflverse\roster\roster_2026.csv,2026-08-01,00-0041120,Victor Payne,NYJ
00-0039142,Will McDonald IV,NYJ,DL,2026,2026-08-01,NYJ,New York Jets,Will McDonald IV,DL,nflverse_roster,C:\Users\tempadmin\OneDrive\Coding\Syndicate\data\nfl_source\tracking\nflverse\roster\roster_2026.csv,2026-08-01,00-0039142,Will McDonald IV,NYJ
00-0041238,Xavier Hill,NYJ,OL,2026,2026-08-01,NYJ,New York Jets,Xavier Hill,OL,nflverse_roster,C:\Users\tempadmin\OneDrive\Coding\Syndicate\data\nfl_source\tracking\nflverse\roster\roster_2026.csv,2026-08-01,00-0041238,Xavier Hill,NYJ
00-0037601,Xavier Newman-Johnson,NYJ,OL,2026,2026-08-01,NYJ,New York Jets,Xavier Newman-Johnson,OL,nflverse_roster,C:\Users\tempadmin\OneDrive\Coding\Syndicate\data\nfl_source\tracking\nflverse\roster\roster_2026.csv,2026-08-01,00-0037601,Xavier Newman-Johnson,NYJ
00-0037008,Ambry Thomas,PHI,DB,2026,2026-08-01,PHI,Philadelphia Eagles,Ambry Thomas,DB,nflverse_roster,C:\Users\tempadmin\OneDrive\Coding\Syndicate\data\nfl_source\tracking\nflverse\roster\roster_2026.csv,2026-08-01,00-0037008,Ambry Thomas,PHI
00-0039267,Andre' Sam,PHI,DB,2026,2026-08-01,PHI,Philadelphia Eagles,Andre' Sam,DB,nflverse_roster,C:\Users\tempadmin\OneDrive\Coding\Syndicate\data\nfl_source\tracking\nflverse\roster\roster_2026.csv,2026-08-01,00-0039267,Andre' Sam,PHI
00-0040749,Andrew Mukuba,PHI,DB,2026,2026-08-01,PHI,Philadelphia Eagles,Andrew Mukuba,DB,nflverse_roster,C:\Users\tempadmin\OneDrive\Coding\Syndicate\data\nfl_source\tracking\nflverse\roster\roster_2026.csv,2026-08-01,00-0040749,Andrew Mukuba,PHI
00-0027973,Andy Dalton,PHI,QB,2026,2026-08-01,PHI,Philadelphia Eagles,Andy Dalton,QB,nflverse_roster,C:\Users\tempadmin\OneDrive\Coding\Syndicate\data\nfl_source\tracking\nflverse\roster\roster_2026.csv,2026-08-01,00-0027973,Andy Dalton,PHI
00-0038116,Arnold Ebiketie,PHI,LB,2026,2026-08-01,PHI,Philadelphia Eagles,Arnold Ebiketie,LB,nflverse_roster,C:\Users\tempadmin\OneDrive\Coding\Syndicate\data\nfl_source\tracking\nflverse\roster\roster_2026.csv,2026-08-01,00-0038116,Arnold Ebiketie,PHI
00-0036313,Braden Mann,PHI,P,2026,2026-08-01,PHI,Philadelphia Eagles,Braden Mann,P,nflverse_roster,C:\Users\tempadmin\OneDrive\Coding\Syndicate\data\nfl_source\tracking\nflverse\roster\roster_2026.csv,2026-08-01,00-0036313,Braden Mann,PHI
00-0040027,Brandon Johnson,PHI,DB,2026,2026-08-01,PHI,Philadelphia Eagles,Brandon Johnson,DB,nflverse_roster,C:\Users\tempadmin\OneDrive\Coding\Syndicate\data\nfl_source\tracking\nflverse\roster\roster_2026.csv,2026-08-01,00-0040027,Brandon Johnson,PHI
00-0037132,Britain Covey,PHI,WR,2026,2026-08-01,PHI,Philadelphia Eagles,Britain Covey,WR,nflverse_roster,C:\Users\tempadmin\OneDrive\Coding\Syndicate\data\nfl_source\tracking\nflverse\roster\roster_2026.csv,2026-08-01,00-0037132,Britain Covey,PHI
00-0038978,Byron Young,PHI,DL,2026,2026-08-01,PHI,Philadelphia Eagles,Byron Young,DL,nflverse_roster,C:\Users\tempadmin\OneDrive\Coding\Syndicate\data\nfl_source\tracking\nflverse\roster\roster_2026.csv,2026-08-01,00-0038978,Byron Young,PHI
00-0038112,Cam Jurgens,PHI,OL,2026,2026-08-01,PHI,Philadelphia Eagles,Cam Jurgens,OL,nflverse_roster,C:\Users\tempadmin\OneDrive\Coding\Syndicate\data\nfl_source\tracking\nflverse\roster\roster_2026.csv,2026-08-01,00-0038112,Cam Jurgens,PHI
00-0038564,Cameron Latu,PHI,TE,2026,2026-08-01,PHI,Philadelphia Eagles,Cameron Latu,TE,nflverse_roster,C:\Users\tempadmin\OneDrive\Coding\Syndicate\data\nfl_source\tracking\nflverse\roster\roster_2026.csv,2026-08-01,00-0038564,Cameron Latu,PHI
00-0040687,Cameron Williams,PHI,OL,2026,2026-08-01,PHI,Philadelphia Eagles,Cameron Williams,OL,nflverse_roster,C:\Users\tempadmin\OneDrive\Coding\Syndicate\data\nfl_source\tracking\nflverse\roster\roster_2026.csv,2026-08-01,00-0040687,Cameron Williams,PHI
00-0039325,Carson Steele,PHI,RB,2026,2026-08-01,PHI,Philadelphia Eagles,Carson Steele,RB,nflverse_roster,C:\Users\tempadmin\OneDrive\Coding\Syndicate\data\nfl_source\tracking\nflverse\roster\roster_2026.csv,2026-08-01,00-0039325,Carson Steele,PHI
00-0037312,Chance Campbell,PHI,LB,2026,2026-08-01,PHI,Philadelphia Eagles,Chance Campbell,LB,nflverse_roster,C:\Users\tempadmin\OneDrive\Coding\Syndicate\data\nfl_source\tracking\nflverse\roster\roster_2026.csv,2026-08-01,00-0037312,Chance Campbell,PHI
00-0040108,Chandler Martin,PHI,LB,2026,2026-08-01,PHI,Philadelphia Eagles,Chandler Martin,LB,nflverse_roster,C:\Users\tempadmin\OneDrive\Coding\Syndicate\data\nfl_source\tracking\nflverse\roster\roster_2026.csv,2026-08-01,00-0040108,Chandler Martin,PHI
00-0040891,Cole Payton,PHI,QB,2026,2026-08-01,PHI,Philadelphia Eagles,Cole Payton,QB,nflverse_roster,C:\Users\tempadmin\OneDrive\Coding\Syndicate\data\nfl_source\tracking\nflverse\roster\roster_2026.csv,2026-08-01,00-0040891,Cole Payton,PHI
00-0040905,Cole Wisniewski,PHI,DB,2026,2026-08-01,PHI,Philadelphia Eagles,Cole Wisniewski,DB,nflverse_roster,C:\Users\tempadmin\OneDrive\Coding\Syndicate\data\nfl_source\tracking\nflverse\roster\roster_2026.csv,2026-08-01,00-0040905,Cole Wisniewski,PHI
00-0039841,Cooper DeJean,PHI,DB,2026,2026-08-01,PHI,Philadelphia Eagles,Cooper DeJean,DB,nflverse_roster,C:\Users\tempadmin\OneDrive\Coding\Syndicate\data\nfl_source\tracking\nflverse\roster\roster_2026.csv,2026-08-01,00-0039841,Cooper DeJean,PHI
00-0040927,Dae'Quan Wright,PHI,TE,2026,2026-08-01,PHI,Philadelphia Eagles,Dae'Quan Wright,TE,nflverse_roster,C:\Users\tempadmin\OneDrive\Coding\Syndicate\data\nfl_source\tracking\nflverse\roster\roster_2026.csv,2026-08-01,00-0040927,Dae'Quan Wright,PHI
00-0034351,Dallas Goedert,PHI,TE,2026,2026-08-01,PHI,Philadelphia Eagles,Dallas Goedert,TE,nflverse_roster,C:\Users\tempadmin\OneDrive\Coding\Syndicate\data\nfl_source\tracking\nflverse\roster\roster_2026.csv,2026-08-01,00-0034351,Dallas Goedert,PHI
00-0037258,Dameon Pierce,PHI,RB,2026,2026-08-01,PHI,Philadelphia Eagles,Dameon Pierce,RB,nflverse_roster,C:\Users\tempadmin\OneDrive\Coding\Syndicate\data\nfl_source\tracking\nflverse\roster\roster_2026.csv,2026-08-01,00-0037258,Dameon Pierce,PHI
00-0037828,Danny Gray,PHI,WR,2026,2026-08-01,PHI,Philadelphia Eagles,Danny Gray,WR,nflverse_roster,C:\Users\tempadmin\OneDrive\Coding\Syndicate\data\nfl_source\tracking\nflverse\roster\roster_2026.csv,2026-08-01,00-0037828,Danny Gray,PHI
00-0040024,Darius Cooper,PHI,WR,2026,2026-08-01,PHI,Philadelphia Eagles,Darius Cooper,WR,nflverse_roster,C:\Users\tempadmin\OneDrive\Coding\Syndicate\data\nfl_source\tracking\nflverse\roster\roster_2026.csv,2026-08-01,00-0040024,Darius Cooper,PHI
00-0036912,DeVonta Smith,PHI,WR,2026,2026-08-01,PHI,Philadelphia Eagles,DeVonta Smith,WR,nflverse_roster,C:\Users\tempadmin\OneDrive\Coding\Syndicate\data\nfl_source\tracking\nflverse\roster\roster_2026.csv,2026-08-01,00-0036912,DeVonta Smith,PHI
00-0040922,Deontae Lawson,PHI,LB,2026,2026-08-01,PHI,Philadelphia Eagles,Deontae Lawson,LB,nflverse_roster,C:\Users\tempadmin\OneDrive\Coding\Syndicate\data\nfl_source\tracking\nflverse\roster\roster_2026.csv,2026-08-01,00-0040922,Deontae Lawson,PHI
00-0038393,Dontayvion Wicks,PHI,WR,2026,2026-08-01,PHI,Philadelphia Eagles,Dontayvion Wicks,WR,nflverse_roster,C:\Users\tempadmin\OneDrive\Coding\Syndicate\data\nfl_source\tracking\nflverse\roster\roster_2026.csv,2026-08-01,00-0038393,Dontayvion Wicks,PHI
00-0040587,Drew Kendall,PHI,OL,2026,2026-08-01,PHI,Philadelphia Eagles,Drew Kendall,OL,nflverse_roster,C:\Users\tempadmin\OneDrive\Coding\Syndicate\data\nfl_source\tracking\nflverse\roster\roster_2026.csv,2026-08-01,00-0040587,Drew Kendall,PHI
00-0038498,E.J. Jenkins,PHI,TE,2026,2026-08-01,PHI,Philadelphia Eagles,E.J. Jenkins,TE,nflverse_roster,C:\Users\tempadmin\OneDrive\Coding\Syndicate\data\nfl_source\tracking\nflverse\roster\roster_2026.csv,2026-08-01,00-0038498,E.J. Jenkins,PHI
00-0041483,Eli Stowers,PHI,TE,2026,2026-08-01,PHI,Philadelphia Eagles,Eli Stowers,TE,nflverse_roster,C:\Users\tempadmin\OneDrive\Coding\Syndicate\data\nfl_source\tracking\nflverse\roster\roster_2026.csv,2026-08-01,00-0041483,Eli Stowers,PHI
00-0036567,Elijah Mitchell,PHI,RB,2026,2026-08-01,PHI,Philadelphia Eagles,Elijah Mitchell,RB,nflverse_roster,C:\Users\tempadmin\OneDrive\Coding\Syndicate\data\nfl_source\tracking\nflverse\roster\roster_2026.csv,2026-08-01,00-0036567,Elijah Mitchell,PHI
00-0036980,Elijah Moore,PHI,WR,2026,2026-08-01,PHI,Philadelphia Eagles,Elijah Moore,WR,nflverse_roster,C:\Users\tempadmin\OneDrive\Coding\Syndicate\data\nfl_source\tracking\nflverse\roster\roster_2026.csv,2026-08-01,00-0036980,Elijah Moore,PHI
00-0034951,Fred Johnson,PHI,OL,2026,2026-08-01,PHI,Philadelphia Eagles,Fred Johnson,OL,nflverse_roster,C:\Users\tempadmin\OneDrive\Coding\Syndicate\data\nfl_source\tracking\nflverse\roster\roster_2026.csv,2026-08-01,00-0034951,Fred Johnson,PHI
00-0039265,Gabe Hall,PHI,DL,2026,2026-08-01,PHI,Philadelphia Eagles,Gabe Hall,DL,nflverse_roster,C:\Users\tempadmin\OneDrive\Coding\Syndicate\data\nfl_source\tracking\nflverse\roster\roster_2026.csv,2026-08-01,00-0039265,Gabe Hall,PHI
00-0037086,Grant Calcaterra,PHI,TE,2026,2026-08-01,PHI,Philadelphia Eagles,Grant Calcaterra,TE,nflverse_roster,C:\Users\tempadmin\OneDrive\Coding\Syndicate\data\nfl_source\tracking\nflverse\roster\roster_2026.csv,2026-08-01,00-0037086,Grant Calcaterra,PHI
00-0040031,Hollin Pierce,PHI,OL,2026,2026-08-01,PHI,Philadelphia Eagles,Hollin Pierce,OL,nflverse_roster,C:\Users\tempadmin\OneDrive\Coding\Syndicate\data\nfl_source\tracking\nflverse\roster\roster_2026.csv,2026-08-01,00-0040031,Hollin Pierce,PHI
00-0041015,Isiah King,PHI,LB,2026,2026-08-01,PHI,Philadelphia Eagles,Isiah King,LB,nflverse_roster,C:\Users\tempadmin\OneDrive\Coding\Syndicate\data\nfl_source\tracking\nflverse\roster\roster_2026.csv,2026-08-01,00-0041015,Isiah King,PHI
00-0034116,J.T. Gray,PHI,DB,2026,2026-08-01,PHI,Philadelphia Eagles,J.T. Gray,DB,nflverse_roster,C:\Users\tempadmin\OneDrive\Coding\Syndicate\data\nfl_source\tracking\nflverse\roster\roster_2026.csv,2026-08-01,00-0034116,J.T. Gray,PHI
00-0040924,Jaeden Roberts,PHI,OL,2026,2026-08-01,PHI,Philadelphia Eagles,Jaeden Roberts,OL,nflverse_roster,C:\Users\tempadmin\OneDrive\Coding\Syndicate\data\nfl_source\tracking\nflverse\roster\roster_2026.csv,2026-08-01,00-0040924,Jaeden Roberts,PHI
00-0033787,Jake Elliott,PHI,K,2026,2026-08-01,PHI,Philadelphia Eagles,Jake Elliott,K,nflverse_roster,C:\Users\tempadmin\OneDrive\Coding\Syndicate\data\nfl_source\tracking\nflverse\roster\roster_2026.csv,2026-08-01,00-0033787,Jake Elliott,PHI
00-0040422,Jake Majors,PHI,OL,2026,2026-08-01,PHI,Philadelphia Eagles,Jake Majors,OL,nflverse_roster,C:\Users\tempadmin\OneDrive\Coding\Syndicate\data\nfl_source\tracking\nflverse\roster\roster_2026.csv,2026-08-01,00-0040422,Jake Majors,PHI
00-0039072,Jakorian Bennett,PHI,DB,2026,2026-08-01,PHI,Philadelphia Eagles,Jakorian Bennett,DB,nflverse_roster,C:\Users\tempadmin\OneDrive\Coding\Syndicate\data\nfl_source\tracking\nflverse\roster\roster_2026.csv,2026-08-01,00-0039072,Jakorian Bennett,PHI
00-0038386,Jalen Carter,PHI,DL,2026,2026-08-01,PHI,Philadelphia Eagles,Jalen Carter,DL,nflverse_roster,C:\Users\tempadmin\OneDrive\Coding\Syndicate\data\nfl_source\tracking\nflverse\roster\roster_2026.csv,2026-08-01,00-0038386,Jalen Carter,PHI
00-0036389,Jalen Hurts,PHI,QB,2026,2026-08-01,PHI,Philadelphia Eagles,Jalen Hurts,QB,nflverse_roster,C:\Users\tempadmin\OneDrive\Coding\Syndicate\data\nfl_source\tracking\nflverse\roster\roster_2026.csv,2026-08-01,00-0036389,Jalen Hurts,PHI
00-0039740,Jalyx Hunt,PHI,LB,2026,2026-08-01,PHI,Philadelphia Eagles,Jalyx Hunt,LB,nflverse_roster,C:\Users\tempadmin\OneDrive\Coding\Syndicate\data\nfl_source\tracking\nflverse\roster\roster_2026.csv,2026-08-01,00-0039740,Jalyx Hunt,PHI
00-0039826,Jeremiah Trotter Jr.,PHI,LB,2026,2026-08-01,PHI,Philadelphia Eagles,Jeremiah Trotter Jr.,LB,nflverse_roster,C:\Users\tempadmin\OneDrive\Coding\Syndicate\data\nfl_source\tracking\nflverse\roster\roster_2026.csv,2026-08-01,00-0039826,Jeremiah Trotter Jr.,PHI
00-0040708,Jihaad Campbell,PHI,LB,2026,2026-08-01,PHI,Philadelphia Eagles,Jihaad Campbell,LB,nflverse_roster,C:\Users\tempadmin\OneDrive\Coding\Syndicate\data\nfl_source\tracking\nflverse\roster\roster_2026.csv,2026-08-01,00-0040708,Jihaad Campbell,PHI
00-0036967,Joe Tryon-Shoyinka,PHI,DL,2026,2026-08-01,PHI,Philadelphia Eagles,Joe Tryon-Shoyinka,DL,nflverse_roster,C:\Users\tempadmin\OneDrive\Coding\Syndicate\data\nfl_source\tracking\nflverse\roster\roster_2026.csv,2026-08-01,00-0036967,Joe Tryon-Shoyinka,PHI
00-0038852,John Ojukwu,PHI,OL,2026,2026-08-01,PHI,Philadelphia Eagles,John Ojukwu,OL,nflverse_roster,C:\Users\tempadmin\OneDrive\Coding\Syndicate\data\nfl_source\tracking\nflverse\roster\roster_2026.csv,2026-08-01,00-0038852,John Ojukwu,PHI
00-0033246,Johnny Mundt,PHI,TE,2026,2026-08-01,PHI,Philadelphia Eagles,Johnny Mundt,TE,nflverse_roster,C:\Users\tempadmin\OneDrive\Coding\Syndicate\data\nfl_source\tracking\nflverse\roster\roster_2026.csv,2026-08-01,00-0033246,Johnny Mundt,PHI
00-0039236,Johnny Wilson,PHI,WR,2026,2026-08-01,PHI,Philadelphia Eagles,Johnny Wilson,WR,nflverse_roster,C:\Users\tempadmin\OneDrive\Coding\Syndicate\data\nfl_source\tracking\nflverse\roster\roster_2026.csv,2026-08-01,00-0039236,Johnny Wilson,PHI
00-0036224,Jonathan Greenard,PHI,LB,2026,2026-08-01,PHI,Philadelphia Eagles,Jonathan Greenard,LB,nflverse_roster,C:\Users\tempadmin\OneDrive\Coding\Syndicate\data\nfl_source\tracking\nflverse\roster\roster_2026.csv,2026-08-01,00-0036224,Jonathan Greenard,PHI
00-0032580,Jonathan Jones,PHI,DB,2026,2026-08-01,PHI,Philadelphia Eagles,Jonathan Jones,DB,nflverse_roster,C:\Users\tempadmin\OneDrive\Coding\Syndicate\data\nfl_source\tracking\nflverse\roster\roster_2026.csv,2026-08-01,00-0032580,Jonathan Jones,PHI
00-0037073,Jordan Davis,PHI,DL,2026,2026-08-01,PHI,Philadelphia Eagles,Jordan Davis,DL,nflverse_roster,C:\Users\tempadmin\OneDrive\Coding\Syndicate\data\nfl_source\tracking\nflverse\roster\roster_2026.csv,2026-08-01,00-0037073,Jordan Davis,PHI
00-0034429,Jordan Mailata,PHI,OL,2026,2026-08-01,PHI,Philadelphia Eagles,Jordan Mailata,OL,nflverse_roster,C:\Users\tempadmin\OneDrive\Coding\Syndicate\data\nfl_source\tracking\nflverse\roster\roster_2026.csv,2026-08-01,00-0034429,Jordan Mailata,PHI
00-0039053,Jose Ramirez,PHI,LB,2026,2026-08-01,PHI,Philadelphia Eagles,Jose Ramirez,LB,nflverse_roster,C:\Users\tempadmin\OneDrive\Coding\Syndicate\data\nfl_source\tracking\nflverse\roster\roster_2026.csv,2026-08-01,00-0039053,Jose Ramirez,PHI
00-0040926,Joshua Weru,PHI,DL,2026,2026-08-01,PHI,Philadelphia Eagles,Joshua Weru,DL,nflverse_roster,C:\Users\tempadmin\OneDrive\Coding\Syndicate\data\nfl_source\tracking\nflverse\roster\roster_2026.csv,2026-08-01,00-0040926,Joshua Weru,PHI
00-0040928,Kapena Gushiken,PHI,DB,2026,2026-08-01,PHI,Philadelphia Eagles,Kapena Gushiken,DB,nflverse_roster,C:\Users\tempadmin\OneDrive\Coding\Syndicate\data\nfl_source\tracking\nflverse\roster\roster_2026.csv,2026-08-01,00-0040928,Kapena Gushiken,PHI
00-0039140,Kelee Ringo,PHI,DB,2026,2026-08-01,PHI,Philadelphia Eagles,Kelee Ringo,DB,nflverse_roster,C:\Users\tempadmin\OneDrive\Coding\Syndicate\data\nfl_source\tracking\nflverse\roster\roster_2026.csv,2026-08-01,00-0039140,Kelee Ringo,PHI
00-0040908,Keyshawn James-Newby,PHI,LB,2026,2026-08-01,PHI,Philadelphia Eagles,Keyshawn James-Newby,LB,nflverse_roster,C:\Users\tempadmin\OneDrive\Coding\Syndicate\data\nfl_source\tracking\nflverse\roster\roster_2026.csv,2026-08-01,00-0040908,Keyshawn James-Newby,PHI
00-0037002,Landon Dickerson,PHI,OL,2026,2026-08-01,PHI,Philadelphia Eagles,Landon Dickerson,OL,nflverse_roster,C:\Users\tempadmin\OneDrive\Coding\Syndicate\data\nfl_source\tracking\nflverse\roster\roster_2026.csv,2026-08-01,00-0037002,Landon Dickerson,PHI
00-0030561,Lane Johnson,PHI,OL,2026,2026-08-01,PHI,Philadelphia Eagles,Lane Johnson,OL,nflverse_roster,C:\Users\tempadmin\OneDrive\Coding\Syndicate\data\nfl_source\tracking\nflverse\roster\roster_2026.csv,2026-08-01,00-0030561,Lane Johnson,PHI
00-0040071,Mac McWilliams,PHI,DB,2026,2026-08-01,PHI,Philadelphia Eagles,Mac McWilliams,DB,nflverse_roster,C:\Users\tempadmin\OneDrive\Coding\Syndicate\data\nfl_source\tracking\nflverse\roster\roster_2026.csv,2026-08-01,00-0040071,Mac McWilliams,PHI
00-0040867,Makai Lemon,PHI,WR,2026,2026-08-01,PHI,Philadelphia Eagles,Makai Lemon,WR,nflverse_roster,C:\Users\tempadmin\OneDrive\Coding\Syndicate\data\nfl_source\tracking\nflverse\roster\roster_2026.csv,2026-08-01,00-0040867,Makai Lemon,PHI
00-0034993,Marcus Epps,PHI,DB,2026,2026-08-01,PHI,Philadelphia Eagles,Marcus Epps,DB,nflverse_roster,C:\Users\tempadmin\OneDrive\Coding\Syndicate\data\nfl_source\tracking\nflverse\roster\roster_2026.csv,2026-08-01,00-0034993,Marcus Epps,PHI
00-0041554,Markel Bell,PHI,OL,2026,2026-08-01,PHI,Philadelphia Eagles,Markel Bell,OL,nflverse_roster,C:\Users\tempadmin\OneDrive\Coding\Syndicate\data\nfl_source\tracking\nflverse\roster\roster_2026.csv,2026-08-01,00-0041554,Markel Bell,PHI
00-0035662,Marquise Brown,PHI,WR,2026,2026-08-01,PHI,Philadelphia Eagles,Marquise Brown,WR,nflverse_roster,C:\Users\tempadmin\OneDrive\Coding\Syndicate\data\nfl_source\tracking\nflverse\roster\roster_2026.csv,2026-08-01,00-0035662,Marquise Brown,PHI
00-0040923,Maximus Pulley,PHI,DB,2026,2026-08-01,PHI,Philadelphia Eagles,Maximus Pulley,DB,nflverse_roster,C:\Users\tempadmin\OneDrive\Coding\Syndicate\data\nfl_source\tracking\nflverse\roster\roster_2026.csv,2026-08-01,00-0040923,Maximus Pulley,PHI
00-0040897,Micah Morris,PHI,OL,2026,2026-08-01,PHI,Philadelphia Eagles,Micah Morris,OL,nflverse_roster,C:\Users\tempadmin\OneDrive\Coding\Syndicate\data\nfl_source\tracking\nflverse\roster\roster_2026.csv,2026-08-01,00-0040897,Micah Morris,PHI
00-0036501,Michael Carter II,PHI,DB,2026,2026-08-01,PHI,Philadelphia Eagles,Michael Carter II,DB,nflverse_roster,C:\Users\tempadmin\OneDrive\Coding\Syndicate\data\nfl_source\tracking\nflverse\roster\roster_2026.csv,2026-08-01,00-0036501,Michael Carter II,PHI
00-0035266,Mike Jordan,PHI,OL,2026,2026-08-01,PHI,Philadelphia Eagles,Mike Jordan,OL,nflverse_roster,C:\Users\tempadmin\OneDrive\Coding\Syndicate\data\nfl_source\tracking\nflverse\roster\roster_2026.csv,2026-08-01,00-0035266,Mike Jordan,PHI
00-0038412,Moro Ojomo,PHI,DL,2026,2026-08-01,PHI,Philadelphia Eagles,Moro Ojomo,DL,nflverse_roster,C:\Users\tempadmin\OneDrive\Coding\Syndicate\data\nfl_source\tracking\nflverse\roster\roster_2026.csv,2026-08-01,00-0038412,Moro Ojomo,PHI
00-0040015,Myles Hinton,PHI,OL,2026,2026-08-01,PHI,Philadelphia Eagles,Myles Hinton,OL,nflverse_roster,C:\Users\tempadmin\OneDrive\Coding\Syndicate\data\nfl_source\tracking\nflverse\roster\roster_2026.csv,2026-08-01,00-0040015,Myles Hinton,PHI
00-0039013,Nolan Smith,PHI,LB,2026,2026-08-01,PHI,Philadelphia Eagles,Nolan Smith,LB,nflverse_roster,C:\Users\tempadmin\OneDrive\Coding\Syndicate\data\nfl_source\tracking\nflverse\roster\roster_2026.csv,2026-08-01,00-0039013,Nolan Smith,PHI
00-0036271,Quez Watkins,PHI,WR,2026,2026-08-01,PHI,Philadelphia Eagles,Quez Watkins,WR,nflverse_roster,C:\Users\tempadmin\OneDrive\Coding\Syndicate\data\nfl_source\tracking\nflverse\roster\roster_2026.csv,2026-08-01,00-0036271,Quez Watkins,PHI
00-0039888,Quinyon Mitchell,PHI,DB,2026,2026-08-01,PHI,Philadelphia Eagles,Quinyon Mitchell,DB,nflverse_roster,C:\Users\tempadmin\OneDrive\Coding\Syndicate\data\nfl_source\tracking\nflverse\roster\roster_2026.csv,2026-08-01,00-0039888,Quinyon Mitchell,PHI
00-0037079,Riq Woolen,PHI,DB,2026,2026-08-01,PHI,Philadelphia Eagles,Riq Woolen,DB,nflverse_roster,C:\Users\tempadmin\OneDrive\Coding\Syndicate\data\nfl_source\tracking\nflverse\roster\roster_2026.csv,2026-08-01,00-0037079,Riq Woolen,PHI
00-0040925,Rocco Underwood,PHI,LS,2026,2026-08-01,PHI,Philadelphia Eagles,Rocco Underwood,LS,nflverse_roster,C:\Users\tempadmin\OneDrive\Coding\Syndicate\data\nfl_source\tracking\nflverse\roster\roster_2026.csv,2026-08-01,00-0040925,Rocco Underwood,PHI
00-0037098,Samori Toure,PHI,WR,2026,2026-08-01,PHI,Philadelphia Eagles,Samori Toure,WR,nflverse_roster,C:\Users\tempadmin\OneDrive\Coding\Syndicate\data\nfl_source\tracking\nflverse\roster\roster_2026.csv,2026-08-01,00-0037098,Samori Toure,PHI
00-0034844,Saquon Barkley,PHI,RB,2026,2026-08-01,PHI,Philadelphia Eagles,Saquon Barkley,RB,nflverse_roster,C:\Users\tempadmin\OneDrive\Coding\Syndicate\data\nfl_source\tracking\nflverse\roster\roster_2026.csv,2026-08-01,00-0034844,Saquon Barkley,PHI
00-0040013,Smael Mondon Jr.,PHI,LB,2026,2026-08-01,PHI,Philadelphia Eagles,Smael Mondon Jr.,LB,nflverse_roster,C:\Users\tempadmin\OneDrive\Coding\Syndicate\data\nfl_source\tracking\nflverse\roster\roster_2026.csv,2026-08-01,00-0040013,Smael Mondon Jr.,PHI
00-0037475,Stone Smartt,PHI,TE,2026,2026-08-01,PHI,Philadelphia Eagles,Stone Smartt,TE,nflverse_roster,C:\Users\tempadmin\OneDrive\Coding\Syndicate\data\nfl_source\tracking\nflverse\roster\roster_2026.csv,2026-08-01,00-0037475,Stone Smartt,PHI
00-0036948,Ta'Quon Graham,PHI,DL,2026,2026-08-01,PHI,Philadelphia Eagles,Ta'Quon Graham,DL,nflverse_roster,C:\Users\tempadmin\OneDrive\Coding\Syndicate\data\nfl_source\tracking\nflverse\roster\roster_2026.csv,2026-08-01,00-0036948,Ta'Quon Graham,PHI
00-0038555,Tank Bigsby,PHI,RB,2026,2026-08-01,PHI,Philadelphia Eagles,Tank Bigsby,RB,nflverse_roster,C:\Users\tempadmin\OneDrive\Coding\Syndicate\data\nfl_source\tracking\nflverse\roster\roster_2026.csv,2026-08-01,00-0038555,Tank Bigsby,PHI
00-0038400,Tanner McKee,PHI,QB,2026,2026-08-01,PHI,Philadelphia Eagles,Tanner McKee,QB,nflverse_roster,C:\Users\tempadmin\OneDrive\Coding\Syndicate\data\nfl_source\tracking\nflverse\roster\roster_2026.csv,2026-08-01,00-0038400,Tanner McKee,PHI
00-0037833,Tariq Castro-Fields,PHI,DB,2026,2026-08-01,PHI,Philadelphia Eagles,Tariq Castro-Fields,DB,nflverse_roster,C:\Users\tempadmin\OneDrive\Coding\Syndicate\data\nfl_source\tracking\nflverse\roster\roster_2026.csv,2026-08-01,00-0037833,Tariq Castro-Fields,PHI
00-0040929,Tucker Large,PHI,DB,2026,2026-08-01,PHI,Philadelphia Eagles,Tucker Large,DB,nflverse_roster,C:\Users\tempadmin\OneDrive\Coding\Syndicate\data\nfl_source\tracking\nflverse\roster\roster_2026.csv,2026-08-01,00-0040929,Tucker Large,PHI
00-0040662,Ty Robinson,PHI,DL,2026,2026-08-01,PHI,Philadelphia Eagles,Ty Robinson,DL,nflverse_roster,C:\Users\tempadmin\OneDrive\Coding\Syndicate\data\nfl_source\tracking\nflverse\roster\roster_2026.csv,2026-08-01,00-0040662,Ty Robinson,PHI
00-0039001,Tyler Steen,PHI,OL,2026,2026-08-01,PHI,Philadelphia Eagles,Tyler Steen,OL,nflverse_roster,C:\Users\tempadmin\OneDrive\Coding\Syndicate\data\nfl_source\tracking\nflverse\roster\roster_2026.csv,2026-08-01,00-0039001,Tyler Steen,PHI
Uar Bernard|PHI|DL,Uar Bernard,PHI,DL,2026,2026-08-01,PHI,Philadelphia Eagles,Uar Bernard,DL,nflverse_roster,C:\Users\tempadmin\OneDrive\Coding\Syndicate\data\nfl_source\tracking\nflverse\roster\roster_2026.csv,2026-08-01,Uar Bernard|PHI|DL,Uar Bernard,PHI
00-0039746,Will Shipley,PHI,RB,2026,2026-08-01,PHI,Philadelphia Eagles,Will Shipley,RB,nflverse_roster,C:\Users\tempadmin\OneDrive\Coding\Syndicate\data\nfl_source\tracking\nflverse\roster\roster_2026.csv,2026-08-01,00-0039746,Will Shipley,PHI
00-0040631,Willie Lampkin,PHI,OL,2026,2026-08-01,PHI,Philadelphia Eagles,Willie Lampkin,OL,nflverse_roster,C:\Users\tempadmin\OneDrive\Coding\Syndicate\data\nfl_source\tracking\nflverse\roster\roster_2026.csv,2026-08-01,00-0040631,Willie Lampkin,PHI
00-0036418,Zack Baun,PHI,LB,2026,2026-08-01,PHI,Philadelphia Eagles,Zack Baun,LB,nflverse_roster,C:\Users\tempadmin\OneDrive\Coding\Syndicate\data\nfl_source\tracking\nflverse\roster\roster_2026.csv,2026-08-01,00-0036418,Zack Baun,PHI
00-0041540,Zion Wilson,PHI,DL,2026,2026-08-01,PHI,Philadelphia Eagles,Zion Wilson,DL,nflverse_roster,C:\Users\tempadmin\OneDrive\Coding\Syndicate\data\nfl_source\tracking\nflverse\roster\roster_2026.csv,2026-08-01,00-0041540,Zion Wilson,PHI
00-0038612,A.T. Perry,PIT,WR,2026,2026-08-01,PIT,Pittsburgh Steelers,A.T. Perry,WR,nflverse_roster,C:\Users\tempadmin\OneDrive\Coding\Syndicate\data\nfl_source\tracking\nflverse\roster\roster_2026.csv,2026-08-01,00-0038612,A.T. Perry,PIT
00-0023459,Aaron Rodgers,PIT,QB,2026,2026-08-01,PIT,Pittsburgh Steelers,Aaron Rodgers,QB,nflverse_roster,C:\Users\tempadmin\OneDrive\Coding\Syndicate\data\nfl_source\tracking\nflverse\roster\roster_2026.csv,2026-08-01,00-0023459,Aaron Rodgers,PIT
00-0041135,Aidan Laros,PIT,P,2026,2026-08-01,PIT,Pittsburgh Steelers,Aidan Laros,P,nflverse_roster,C:\Users\tempadmin\OneDrive\Coding\Syndicate\data\nfl_source\tracking\nflverse\roster\roster_2026.csv,2026-08-01,00-0041135,Aidan Laros,PIT
00-0040533,Aiden Williams,PIT,OL,2026,2026-08-01,PIT,Pittsburgh Steelers,Aiden Williams,OL,nflverse_roster,C:\Users\tempadmin\OneDrive\Coding\Syndicate\data\nfl_source\tracking\nflverse\roster\roster_2026.csv,2026-08-01,00-0040533,Aiden Williams,PIT
00-0036333,Alex Highsmith,PIT,LB,2026,2026-08-01,PIT,Pittsburgh Steelers,Alex Highsmith,LB,nflverse_roster,C:\Users\tempadmin\OneDrive\Coding\Syndicate\data\nfl_source\tracking\nflverse\roster\roster_2026.csv,2026-08-01,00-0036333,Alex Highsmith,PIT
00-0039783,Anthony Goodlow,PIT,DL,2026,2026-08-01,PIT,Pittsburgh Steelers,Anthony Goodlow,DL,nflverse_roster,C:\Users\tempadmin\OneDrive\Coding\Syndicate\data\nfl_source\tracking\nflverse\roster\roster_2026.csv,2026-08-01,00-0039783,Anthony Goodlow,PIT
00-0036617,Asante Samuel Jr.,PIT,DB,2026,2026-08-01,PIT,Pittsburgh Steelers,Asante Samuel Jr.,DB,nflverse_roster,C:\Users\tempadmin\OneDrive\Coding\Syndicate\data\nfl_source\tracking\nflverse\roster\roster_2026.csv,2026-08-01,00-0036617,Asante Samuel Jr.,PIT
00-0036862,Ben Skowronek,PIT,WR,2026,2026-08-01,PIT,Pittsburgh Steelers,Ben Skowronek,WR,nflverse_roster,C:\Users\tempadmin\OneDrive\Coding\Syndicate\data\nfl_source\tracking\nflverse\roster\roster_2026.csv,2026-08-01,00-0036862,Ben Skowronek,PIT
00-0036504,Brandin Echols,PIT,DB,2026,2026-08-01,PIT,Pittsburgh Steelers,Brandin Echols,DB,nflverse_roster,C:\Users\tempadmin\OneDrive\Coding\Syndicate\data\nfl_source\tracking\nflverse\roster\roster_2026.csv,2026-08-01,00-0036504,Brandin Echols,PIT
00-0036775,Brandon Smith,PIT,WR,2026,2026-08-01,PIT,Pittsburgh Steelers,Brandon Smith,WR,nflverse_roster,C:\Users\tempadmin\OneDrive\Coding\Syndicate\data\nfl_source\tracking\nflverse\roster\roster_2026.csv,2026-08-01,00-0036775,Brandon Smith,PIT
00-0037336,Brock Hoffman,PIT,OL,2026,2026-08-01,PIT,Pittsburgh Steelers,Brock Hoffman,OL,nflverse_roster,C:\Users\tempadmin\OneDrive\Coding\Syndicate\data\nfl_source\tracking\nflverse\roster\roster_2026.csv,2026-08-01,00-0037336,Brock Hoffman,PIT
00-0039109,Broderick Jones,PIT,OL,2026,2026-08-01,PIT,Pittsburgh Steelers,Broderick Jones,OL,nflverse_roster,C:\Users\tempadmin\OneDrive\Coding\Syndicate\data\nfl_source\tracking\nflverse\roster\roster_2026.csv,2026-08-01,00-0039109,Broderick Jones,PIT
00-0037412,Cal Adomitis,PIT,LS,2026,2026-08-01,PIT,Pittsburgh Steelers,Cal Adomitis,LS,nflverse_roster,C:\Users\tempadmin\OneDrive\Coding\Syndicate\data\nfl_source\tracking\nflverse\roster\roster_2026.csv,2026-08-01,00-0037412,Cal Adomitis,PIT
00-0027969,Cameron Heyward,PIT,DL,2026,2026-08-01,PIT,Pittsburgh Steelers,Cameron Heyward,DL,nflverse_roster,C:\Users\tempadmin\OneDrive\Coding\Syndicate\data\nfl_source\tracking\nflverse\roster\roster_2026.csv,2026-08-01,00-0027969,Cameron Heyward,PIT
00-0033729,Cameron Johnston,PIT,P,2026,2026-08-01,PIT,Pittsburgh Steelers,Cameron Johnston,P,nflverse_roster,C:\Users\tempadmin\OneDrive\Coding\Syndicate\data\nfl_source\tracking\nflverse\roster\roster_2026.csv,2026-08-01,00-0033729,Cameron Johnston,PIT
00-0040231,Carson Bruener,PIT,LB,2026,2026-08-01,PIT,Pittsburgh Steelers,Carson Bruener,LB,nflverse_roster,C:\Users\tempadmin\OneDrive\Coding\Syndicate\data\nfl_source\tracking\nflverse\roster\roster_2026.csv,2026-08-01,00-0040231,Carson Bruener,PIT
00-0031136,Chris Boswell,PIT,K,2026,2026-08-01,PIT,Pittsburgh Steelers,Chris Boswell,K,nflverse_roster,C:\Users\tempadmin\OneDrive\Coding\Syndicate\data\nfl_source\tracking\nflverse\roster\roster_2026.csv,2026-08-01,00-0031136,Chris Boswell,PIT
00-0034051,Christian Kuntz,PIT,LS,2026,2026-08-01,PIT,Pittsburgh Steelers,Christian Kuntz,LS,nflverse_roster,C:\Users\tempadmin\OneDrive\Coding\Syndicate\data\nfl_source\tracking\nflverse\roster\roster_2026.csv,2026-08-01,00-0034051,Christian Kuntz,PIT
00-0039626,Cole Burgess,PIT,WR,2026,2026-08-01,PIT,Pittsburgh Steelers,Cole Burgess,WR,nflverse_roster,C:\Users\tempadmin\OneDrive\Coding\Syndicate\data\nfl_source\tracking\nflverse\roster\roster_2026.csv,2026-08-01,00-0039626,Cole Burgess,PIT
00-0035286,Cole Holcomb,PIT,LB,2026,2026-08-01,PIT,Pittsburgh Steelers,Cole Holcomb,LB,nflverse_roster,C:\Users\tempadmin\OneDrive\Coding\Syndicate\data\nfl_source\tracking\nflverse\roster\roster_2026.csv,2026-08-01,00-0035286,Cole Holcomb,PIT
00-0038877,D'Shawn Jamison,PIT,DB,2026,2026-08-01,PIT,Pittsburgh Steelers,D'Shawn Jamison,DB,nflverse_roster,C:\Users\tempadmin\OneDrive\Coding\Syndicate\data\nfl_source\tracking\nflverse\roster\roster_2026.csv,2026-08-01,00-0038877,D'Shawn Jamison,PIT
00-0035640,DK Metcalf,PIT,WR,2026,2026-08-01,PIT,Pittsburgh Steelers,DK Metcalf,WR,nflverse_roster,C:\Users\tempadmin\OneDrive\Coding\Syndicate\data\nfl_source\tracking\nflverse\roster\roster_2026.csv,2026-08-01,00-0035640,DK Metcalf,PIT
00-0039883,Daequan Hardy,PIT,DB,2026,2026-08-01,PIT,Pittsburgh Steelers,Daequan Hardy,DB,nflverse_roster,C:\Users\tempadmin\OneDrive\Coding\Syndicate\data\nfl_source\tracking\nflverse\roster\roster_2026.csv,2026-08-01,00-0039883,Daequan Hardy,PIT
00-0034968,Darnell Savage,PIT,DB,2026,2026-08-01,PIT,Pittsburgh Steelers,Darnell Savage,DB,nflverse_roster,C:\Users\tempadmin\OneDrive\Coding\Syndicate\data\nfl_source\tracking\nflverse\roster\roster_2026.csv,2026-08-01,00-0034968,Darnell Savage,PIT
00-0038558,Darnell Washington,PIT,TE,2026,2026-08-01,PIT,Pittsburgh Steelers,Darnell Washington,TE,nflverse_roster,C:\Users\tempadmin\OneDrive\Coding\Syndicate\data\nfl_source\tracking\nflverse\roster\roster_2026.csv,2026-08-01,00-0038558,Darnell Washington,PIT
00-0041260,Daylan Carnell,PIT,DB,2026,2026-08-01,PIT,Pittsburgh Steelers,Daylan Carnell,DB,nflverse_roster,C:\Users\tempadmin\OneDrive\Coding\Syndicate\data\nfl_source\tracking\nflverse\roster\roster_2026.csv,2026-08-01,00-0041260,Daylan Carnell,PIT
00-0041393,Daylen Everette,PIT,DB,2026,2026-08-01,PIT,Pittsburgh Steelers,Daylen Everette,DB,nflverse_roster,C:\Users\tempadmin\OneDrive\Coding\Syndicate\data\nfl_source\tracking\nflverse\roster\roster_2026.csv,2026-08-01,00-0041393,Daylen Everette,PIT
00-0034277,DeShon Elliott,PIT,DB,2026,2026-08-01,PIT,Pittsburgh Steelers,DeShon Elliott,DB,nflverse_roster,C:\Users\tempadmin\OneDrive\Coding\Syndicate\data\nfl_source\tracking\nflverse\roster\roster_2026.csv,2026-08-01,00-0034277,DeShon Elliott,PIT
00-0032412,Dean Lowry,PIT,DL,2026,2026-08-01,PIT,Pittsburgh Steelers,Dean Lowry,DL,nflverse_roster,C:\Users\tempadmin\OneDrive\Coding\Syndicate\data\nfl_source\tracking\nflverse\roster\roster_2026.csv,2026-08-01,00-0032412,Dean Lowry,PIT
00-0040678,Derrick Harmon,PIT,DL,2026,2026-08-01,PIT,Pittsburgh Steelers,Derrick Harmon,DL,nflverse_roster,C:\Users\tempadmin\OneDrive\Coding\Syndicate\data\nfl_source\tracking\nflverse\roster\roster_2026.csv,2026-08-01,00-0040678,Derrick Harmon,PIT
00-0041259,Devan Boykin,PIT,DB,2026,2026-08-01,PIT,Pittsburgh Steelers,Devan Boykin,DB,nflverse_roster,C:\Users\tempadmin\OneDrive\Coding\Syndicate\data\nfl_source\tracking\nflverse\roster\roster_2026.csv,2026-08-01,00-0041259,Devan Boykin,PIT
00-0040341,Doneiko Slaughter,PIT,DB,2026,2026-08-01,PIT,Pittsburgh Steelers,Doneiko Slaughter,DB,nflverse_roster,C:\Users\tempadmin\OneDrive\Coding\Syndicate\data\nfl_source\tracking\nflverse\roster\roster_2026.csv,2026-08-01,00-0040341,Doneiko Slaughter,PIT
00-0040232,Donte Kent,PIT,DB,2026,2026-08-01,PIT,Pittsburgh Steelers,Donte Kent,DB,nflverse_roster,C:\Users\tempadmin\OneDrive\Coding\Syndicate\data\nfl_source\tracking\nflverse\roster\roster_2026.csv,2026-08-01,00-0040232,Donte Kent,PIT
00-0039716,Doug Nester,PIT,OL,2026,2026-08-01,PIT,Pittsburgh Steelers,Doug Nester,OL,nflverse_roster,C:\Users\tempadmin\OneDrive\Coding\Syndicate\data\nfl_source\tracking\nflverse\roster\roster_2026.csv,2026-08-01,00-0039716,Doug Nester,PIT
00-0041565,Drew Allar,PIT,QB,2026,2026-08-01,PIT,Pittsburgh Steelers,Drew Allar,QB,nflverse_roster,C:\Users\tempadmin\OneDrive\Coding\Syndicate\data\nfl_source\tracking\nflverse\roster\roster_2026.csv,2026-08-01,00-0041565,Drew Allar,PIT
00-0037480,Dylan Cook,PIT,OL,2026,2026-08-01,PIT,Pittsburgh Steelers,Dylan Cook,OL,nflverse_roster,C:\Users\tempadmin\OneDrive\Coding\Syndicate\data\nfl_source\tracking\nflverse\roster\roster_2026.csv,2026-08-01,00-0037480,Dylan Cook,PIT
00-0041490,Eli Heidenreich,PIT,RB,2026,2026-08-01,PIT,Pittsburgh Steelers,Eli Heidenreich,RB,nflverse_roster,C:\Users\tempadmin\OneDrive\Coding\Syndicate\data\nfl_source\tracking\nflverse\roster\roster_2026.csv,2026-08-01,00-0041490,Eli Heidenreich,PIT
00-0037274,Esezi Otomewo,PIT,DL,2026,2026-08-01,PIT,Pittsburgh Steelers,Esezi Otomewo,DL,nflverse_roster,C:\Users\tempadmin\OneDrive\Coding\Syndicate\data\nfl_source\tracking\nflverse\roster\roster_2026.csv,2026-08-01,00-0037274,Esezi Otomewo,PIT
00-0041400,Gabe Rubio,PIT,DL,2026,2026-08-01,PIT,Pittsburgh Steelers,Gabe Rubio,DL,nflverse_roster,C:\Users\tempadmin\OneDrive\Coding\Syndicate\data\nfl_source\tracking\nflverse\roster\roster_2026.csv,2026-08-01,00-0041400,Gabe Rubio,PIT
00-0041396,Gennings Dunker,PIT,OL,2026,2026-08-01,PIT,Pittsburgh Steelers,Gennings Dunker,OL,nflverse_roster,C:\Users\tempadmin\OneDrive\Coding\Syndicate\data\nfl_source\tracking\nflverse\roster\roster_2026.csv,2026-08-01,00-0041396,Gennings Dunker,PIT
00-0041489,Germie Bernard,PIT,WR,2026,2026-08-01,PIT,Pittsburgh Steelers,Germie Bernard,WR,nflverse_roster,C:\Users\tempadmin\OneDrive\Coding\Syndicate\data\nfl_source\tracking\nflverse\roster\roster_2026.csv,2026-08-01,00-0041489,Germie Bernard,PIT
00-0041430,Greg Crippen,PIT,OL,2026,2026-08-01,PIT,Pittsburgh Steelers,Greg Crippen,OL,nflverse_roster,C:\Users\tempadmin\OneDrive\Coding\Syndicate\data\nfl_source\tracking\nflverse\roster\roster_2026.csv,2026-08-01,00-0041430,Greg Crippen,PIT
00-0040528,JJ Galbreath,PIT,TE,2026,2026-08-01,PIT,Pittsburgh Steelers,JJ Galbreath,TE,nflverse_roster,C:\Users\tempadmin\OneDrive\Coding\Syndicate\data\nfl_source\tracking\nflverse\roster\roster_2026.csv,2026-08-01,00-0040528,JJ Galbreath,PIT
00-0036396,Jack Driscoll,PIT,OL,2026,2026-08-01,PIT,Pittsburgh Steelers,Jack Driscoll,OL,nflverse_roster,C:\Users\tempadmin\OneDrive\Coding\Syndicate\data\nfl_source\tracking\nflverse\roster\roster_2026.csv,2026-08-01,00-0036396,Jack Driscoll,PIT
00-0040284,Jack Henderson,PIT,DB,2026,2026-08-01,PIT,Pittsburgh Steelers,Jack Henderson,DB,nflverse_roster,C:\Users\tempadmin\OneDrive\Coding\Syndicate\data\nfl_source\tracking\nflverse\roster\roster_2026.csv,2026-08-01,00-0040284,Jack Henderson,PIT
00-0040160,Jack Sawyer,PIT,LB,2026,2026-08-01,PIT,Pittsburgh Steelers,Jack Sawyer,LB,nflverse_roster,C:\Users\tempadmin\OneDrive\Coding\Syndicate\data\nfl_source\tracking\nflverse\roster\roster_2026.csv,2026-08-01,00-0040160,Jack Sawyer,PIT
00-0039420,Jaheim Bell,PIT,TE,2026,2026-08-01,PIT,Pittsburgh Steelers,Jaheim Bell,TE,nflverse_roster,C:\Users\tempadmin\OneDrive\Coding\Syndicate\data\nfl_source\tracking\nflverse\roster\roster_2026.csv,2026-08-01,00-0039420,Jaheim Bell,PIT
00-0033055,Jalen Ramsey,PIT,DB,2026,2026-08-01,PIT,Pittsburgh Steelers,Jalen Ramsey,DB,nflverse_roster,C:\Users\tempadmin\OneDrive\Coding\Syndicate\data\nfl_source\tracking\nflverse\roster\roster_2026.csv,2026-08-01,00-0033055,Jalen Ramsey,PIT
00-0035699,Jamel Dean,PIT,DB,2026,2026-08-01,PIT,Pittsburgh Steelers,Jamel Dean,DB,nflverse_roster,C:\Users\tempadmin\OneDrive\Coding\Syndicate\data\nfl_source\tracking\nflverse\roster\roster_2026.csv,2026-08-01,00-0035699,Jamel Dean,PIT
00-0036614,Jamin Davis,PIT,LB,2026,2026-08-01,PIT,Pittsburgh Steelers,Jamin Davis,LB,nflverse_roster,C:\Users\tempadmin\OneDrive\Coding\Syndicate\data\nfl_source\tracking\nflverse\roster\roster_2026.csv,2026-08-01,00-0036614,Jamin Davis,PIT
00-0038135,Jaquan Brisker,PIT,DB,2026,2026-08-01,PIT,Pittsburgh Steelers,Jaquan Brisker,DB,nflverse_roster,C:\Users\tempadmin\OneDrive\Coding\Syndicate\data\nfl_source\tracking\nflverse\roster\roster_2026.csv,2026-08-01,00-0038135,Jaquan Brisker,PIT
00-0037228,Jaylen Warren,PIT,RB,2026,2026-08-01,PIT,Pittsburgh Steelers,Jaylen Warren,RB,nflverse_roster,C:\Users\tempadmin\OneDrive\Coding\Syndicate\data\nfl_source\tracking\nflverse\roster\roster_2026.csv,2026-08-01,00-0037228,Jaylen Warren,PIT
00-0039167,Joey Porter Jr.,PIT,DB,2026,2026-08-01,PIT,Pittsburgh Steelers,Joey Porter Jr.,DB,nflverse_roster,C:\Users\tempadmin\OneDrive\Coding\Syndicate\data\nfl_source\tracking\nflverse\roster\roster_2026.csv,2026-08-01,00-0039167,Joey Porter Jr.,PIT
00-0039931,Julius Welschof,PIT,LB,2026,2026-08-01,PIT,Pittsburgh Steelers,Julius Welschof,LB,nflverse_roster,C:\Users\tempadmin\OneDrive\Coding\Syndicate\data\nfl_source\tracking\nflverse\roster\roster_2026.csv,2026-08-01,00-0039931,Julius Welschof,PIT
00-0038581,KJ Henry,PIT,DL,2026,2026-08-01,PIT,Pittsburgh Steelers,KJ Henry,DL,nflverse_roster,C:\Users\tempadmin\OneDrive\Coding\Syndicate\data\nfl_source\tracking\nflverse\roster\roster_2026.csv,2026-08-01,00-0038581,KJ Henry,PIT
00-0041397,Kaden Wetjen,PIT,WR,2026,2026-08-01,PIT,Pittsburgh Steelers,Kaden Wetjen,WR,nflverse_roster,C:\Users\tempadmin\OneDrive\Coding\Syndicate\data\nfl_source\tracking\nflverse\roster\roster_2026.csv,2026-08-01,00-0041397,Kaden Wetjen,PIT
00-0040142,Kaleb Johnson,PIT,RB,2026,2026-08-01,PIT,Pittsburgh Steelers,Kaleb Johnson,RB,nflverse_roster,C:\Users\tempadmin\OneDrive\Coding\Syndicate\data\nfl_source\tracking\nflverse\roster\roster_2026.csv,2026-08-01,00-0040142,Kaleb Johnson,PIT
00-0039110,Keeanu Benton,PIT,DL,2026,2026-08-01,PIT,Pittsburgh Steelers,Keeanu Benton,DL,nflverse_roster,C:\Users\tempadmin\OneDrive\Coding\Syndicate\data\nfl_source\tracking\nflverse\roster\roster_2026.csv,2026-08-01,00-0039110,Keeanu Benton,PIT
00-0041261,Kevin Jobity,PIT,DL,2026,2026-08-01,PIT,Pittsburgh Steelers,Kevin Jobity,DL,nflverse_roster,C:\Users\tempadmin\OneDrive\Coding\Syndicate\data\nfl_source\tracking\nflverse\roster\roster_2026.csv,2026-08-01,00-0041261,Kevin Jobity,PIT
00-0039609,Kyler Baugh,PIT,DL,2026,2026-08-01,PIT,Pittsburgh Steelers,Kyler Baugh,DL,nflverse_roster,C:\Users\tempadmin\OneDrive\Coding\Syndicate\data\nfl_source\tracking\nflverse\roster\roster_2026.csv,2026-08-01,00-0039609,Kyler Baugh,PIT
00-0041262,Laith Marjan,PIT,K,2026,2026-08-01,PIT,Pittsburgh Steelers,Laith Marjan,K,nflverse_roster,C:\Users\tempadmin\OneDrive\Coding\Syndicate\data\nfl_source\tracking\nflverse\roster\roster_2026.csv,2026-08-01,00-0041262,Laith Marjan,PIT
00-0041263,Lake McRee,PIT,TE,2026,2026-08-01,PIT,Pittsburgh Steelers,Lake McRee,TE,nflverse_roster,C:\Users\tempadmin\OneDrive\Coding\Syndicate\data\nfl_source\tracking\nflverse\roster\roster_2026.csv,2026-08-01,00-0041263,Lake McRee,PIT
00-0038409,Lew Nichols III,PIT,RB,2026,2026-08-01,PIT,Pittsburgh Steelers,Lew Nichols III,RB,nflverse_roster,C:\Users\tempadmin\OneDrive\Coding\Syndicate\data\nfl_source\tracking\nflverse\roster\roster_2026.csv,2026-08-01,00-0038409,Lew Nichols III,PIT
00-0039389,Logan Lee,PIT,DL,2026,2026-08-01,PIT,Pittsburgh Steelers,Logan Lee,DL,nflverse_roster,C:\Users\tempadmin\OneDrive\Coding\Syndicate\data\nfl_source\tracking\nflverse\roster\roster_2026.csv,2026-08-01,00-0039389,Logan Lee,PIT
00-0039517,Lorenzo Thompson,PIT,OL,2026,2026-08-01,PIT,Pittsburgh Steelers,Lorenzo Thompson,OL,nflverse_roster,C:\Users\tempadmin\OneDrive\Coding\Syndicate\data\nfl_source\tracking\nflverse\roster\roster_2026.csv,2026-08-01,00-0039517,Lorenzo Thompson,PIT
00-0036280,Malik Harrison,PIT,LB,2026,2026-08-01,PIT,Pittsburgh Steelers,Malik Harrison,LB,nflverse_roster,C:\Users\tempadmin\OneDrive\Coding\Syndicate\data\nfl_source\tracking\nflverse\roster\roster_2026.csv,2026-08-01,00-0036280,Malik Harrison,PIT
00-0039358,Mason McCormick,PIT,OL,2026,2026-08-01,PIT,Pittsburgh Steelers,Mason McCormick,OL,nflverse_roster,C:\Users\tempadmin\OneDrive\Coding\Syndicate\data\nfl_source\tracking\nflverse\roster\roster_2026.csv,2026-08-01,00-0039358,Mason McCormick,PIT
00-0034771,Mason Rudolph,PIT,QB,2026,2026-08-01,PIT,Pittsburgh Steelers,Mason Rudolph,QB,nflverse_roster,C:\Users\tempadmin\OneDrive\Coding\Syndicate\data\nfl_source\tracking\nflverse\roster\roster_2026.csv,2026-08-01,00-0034771,Mason Rudolph,PIT
00-0040618,Max Hurleman,PIT,RB,2026,2026-08-01,PIT,Pittsburgh Steelers,Max Hurleman,RB,nflverse_roster,C:\Users\tempadmin\OneDrive\Coding\Syndicate\data\nfl_source\tracking\nflverse\roster\roster_2026.csv,2026-08-01,00-0040618,Max Hurleman,PIT
00-0041482,Max Iheanachor,PIT,OL,2026,2026-08-01,PIT,Pittsburgh Steelers,Max Iheanachor,OL,nflverse_roster,C:\Users\tempadmin\OneDrive\Coding\Syndicate\data\nfl_source\tracking\nflverse\roster\roster_2026.csv,2026-08-01,00-0041482,Max Iheanachor,PIT
00-0036252,Michael Pittman,PIT,WR,2026,2026-08-01,PIT,Pittsburgh Steelers,Michael Pittman,WR,nflverse_roster,C:\Users\tempadmin\OneDrive\Coding\Syndicate\data\nfl_source\tracking\nflverse\roster\roster_2026.csv,2026-08-01,00-0036252,Michael Pittman,PIT
00-0038577,Nick Herbig,PIT,LB,2026,2026-08-01,PIT,Pittsburgh Steelers,Nick Herbig,LB,nflverse_roster,C:\Users\tempadmin\OneDrive\Coding\Syndicate\data\nfl_source\tracking\nflverse\roster\roster_2026.csv,2026-08-01,00-0038577,Nick Herbig,PIT
00-0036894,Pat Freiermuth,PIT,TE,2026,2026-08-01,PIT,Pittsburgh Steelers,Pat Freiermuth,TE,nflverse_roster,C:\Users\tempadmin\OneDrive\Coding\Syndicate\data\nfl_source\tracking\nflverse\roster\roster_2026.csv,2026-08-01,00-0036894,Pat Freiermuth,PIT
00-0036323,Patrick Queen,PIT,LB,2026,2026-08-01,PIT,Pittsburgh Steelers,Patrick Queen,LB,nflverse_roster,C:\Users\tempadmin\OneDrive\Coding\Syndicate\data\nfl_source\tracking\nflverse\roster\roster_2026.csv,2026-08-01,00-0036323,Patrick Queen,PIT
00-0039741,Payton Wilson,PIT,LB,2026,2026-08-01,PIT,Pittsburgh Steelers,Payton Wilson,LB,nflverse_roster,C:\Users\tempadmin\OneDrive\Coding\Syndicate\data\nfl_source\tracking\nflverse\roster\roster_2026.csv,2026-08-01,00-0039741,Payton Wilson,PIT
00-0036139,Rico Dowdle,PIT,RB,2026,2026-08-01,PIT,Pittsburgh Steelers,Rico Dowdle,RB,nflverse_roster,C:\Users\tempadmin\OneDrive\Coding\Syndicate\data\nfl_source\tracking\nflverse\roster\roster_2026.csv,2026-08-01,00-0036139,Rico Dowdle,PIT
00-0041398,Riley Nowakowski,PIT,TE,2026,2026-08-01,PIT,Pittsburgh Steelers,Riley Nowakowski,TE,nflverse_roster,C:\Users\tempadmin\OneDrive\Coding\Syndicate\data\nfl_source\tracking\nflverse\roster\roster_2026.csv,2026-08-01,00-0041398,Riley Nowakowski,PIT
00-0041401,Robert Spears-Jennings,PIT,DB,2026,2026-08-01,PIT,Pittsburgh Steelers,Robert Spears-Jennings,DB,nflverse_roster,C:\Users\tempadmin\OneDrive\Coding\Syndicate\data\nfl_source\tracking\nflverse\roster\roster_2026.csv,2026-08-01,00-0041401,Robert Spears-Jennings,PIT
00-0033757,Robert Tonyan,PIT,TE,2026,2026-08-01,PIT,Pittsburgh Steelers,Robert Tonyan,TE,nflverse_roster,C:\Users\tempadmin\OneDrive\Coding\Syndicate\data\nfl_source\tracking\nflverse\roster\roster_2026.csv,2026-08-01,00-0033757,Robert Tonyan,PIT
00-0039739,Roman Wilson,PIT,WR,2026,2026-08-01,PIT,Pittsburgh Steelers,Roman Wilson,WR,nflverse_roster,C:\Users\tempadmin\OneDrive\Coding\Syndicate\data\nfl_source\tracking\nflverse\roster\roster_2026.csv,2026-08-01,00-0039739,Roman Wilson,PIT
00-0036783,Ryan McCollum,PIT,OL,2026,2026-08-01,PIT,Pittsburgh Steelers,Ryan McCollum,OL,nflverse_roster,C:\Users\tempadmin\OneDrive\Coding\Syndicate\data\nfl_source\tracking\nflverse\roster\roster_2026.csv,2026-08-01,00-0036783,Ryan McCollum,PIT
00-0040527,Sebastian Castro,PIT,DB,2026,2026-08-01,PIT,Pittsburgh Steelers,Sebastian Castro,DB,nflverse_roster,C:\Users\tempadmin\OneDrive\Coding\Syndicate\data\nfl_source\tracking\nflverse\roster\roster_2026.csv,2026-08-01,00-0040527,Sebastian Castro,PIT
00-0034810,Sebastian Joseph-Day,PIT,DL,2026,2026-08-01,PIT,Pittsburgh Steelers,Sebastian Joseph-Day,DL,nflverse_roster,C:\Users\tempadmin\OneDrive\Coding\Syndicate\data\nfl_source\tracking\nflverse\roster\roster_2026.csv,2026-08-01,00-0034810,Sebastian Joseph-Day,PIT
00-0038645,Spencer Anderson,PIT,OL,2026,2026-08-01,PIT,Pittsburgh Steelers,Spencer Anderson,OL,nflverse_roster,C:\Users\tempadmin\OneDrive\Coding\Syndicate\data\nfl_source\tracking\nflverse\roster\roster_2026.csv,2026-08-01,00-0038645,Spencer Anderson,PIT
00-0039555,Steven Jones,PIT,OL,2026,2026-08-01,PIT,Pittsburgh Steelers,Steven Jones,OL,nflverse_roster,C:\Users\tempadmin\OneDrive\Coding\Syndicate\data\nfl_source\tracking\nflverse\roster\roster_2026.csv,2026-08-01,00-0039555,Steven Jones,PIT
00-0033886,T.J. Watt,PIT,LB,2026,2026-08-01,PIT,Pittsburgh Steelers,T.J. Watt,LB,nflverse_roster,C:\Users\tempadmin\OneDrive\Coding\Syndicate\data\nfl_source\tracking\nflverse\roster\roster_2026.csv,2026-08-01,00-0033886,T.J. Watt,PIT
00-0041488,Tamon Lynum,PIT,DB,2026,2026-08-01,PIT,Pittsburgh Steelers,Tamon Lynum,DB,nflverse_roster,C:\Users\tempadmin\OneDrive\Coding\Syndicate\data\nfl_source\tracking\nflverse\roster\roster_2026.csv,2026-08-01,00-0041488,Tamon Lynum,PIT
00-0035594,Travis Homer,PIT,RB,2026,2026-08-01,PIT,Pittsburgh Steelers,Travis Homer,RB,nflverse_roster,C:\Users\tempadmin\OneDrive\Coding\Syndicate\data\nfl_source\tracking\nflverse\roster\roster_2026.csv,2026-08-01,00-0035594,Travis Homer,PIT
00-0039871,Troy Fautanu,PIT,OL,2026,2026-08-01,PIT,Pittsburgh Steelers,Troy Fautanu,OL,nflverse_roster,C:\Users\tempadmin\OneDrive\Coding\Syndicate\data\nfl_source\tracking\nflverse\roster\roster_2026.csv,2026-08-01,00-0039871,Troy Fautanu,PIT
00-0040203,Will Howard,PIT,QB,2026,2026-08-01,PIT,Pittsburgh Steelers,Will Howard,QB,nflverse_roster,C:\Users\tempadmin\OneDrive\Coding\Syndicate\data\nfl_source\tracking\nflverse\roster\roster_2026.csv,2026-08-01,00-0040203,Will Howard,PIT
00-0040188,Yahya Black,PIT,DL,2026,2026-08-01,PIT,Pittsburgh Steelers,Yahya Black,DL,nflverse_roster,C:\Users\tempadmin\OneDrive\Coding\Syndicate\data\nfl_source\tracking\nflverse\roster\roster_2026.csv,2026-08-01,00-0040188,Yahya Black,PIT
00-0039896,Zach Frazier,PIT,OL,2026,2026-08-01,PIT,Pittsburgh Steelers,Zach Frazier,OL,nflverse_roster,C:\Users\tempadmin\OneDrive\Coding\Syndicate\data\nfl_source\tracking\nflverse\roster\roster_2026.csv,2026-08-01,00-0039896,Zach Frazier,PIT
00-0039793,AJ Barner,SEA,TE,2026,2026-08-01,SEA,Seattle Seahawks,AJ Barner,TE,nflverse_roster,C:\Users\tempadmin\OneDrive\Coding\Syndicate\data\nfl_source\tracking\nflverse\roster\roster_2026.csv,2026-08-01,00-0039793,AJ Barner,SEA
00-0038866,AJ Finley,SEA,DB,2026,2026-08-01,SEA,Seattle Seahawks,AJ Finley,DB,nflverse_roster,C:\Users\tempadmin\OneDrive\Coding\Syndicate\data\nfl_source\tracking\nflverse\roster\roster_2026.csv,2026-08-01,00-0038866,AJ Finley,SEA
00-0037812,Abraham Lucas,SEA,OL,2026,2026-08-01,SEA,Seattle Seahawks,Abraham Lucas,OL,nflverse_roster,C:\Users\tempadmin\OneDrive\Coding\Syndicate\data\nfl_source\tracking\nflverse\roster\roster_2026.csv,2026-08-01,00-0037812,Abraham Lucas,SEA
00-0040972,Aidan Hubbard,SEA,DL,2026,2026-08-01,SEA,Seattle Seahawks,Aidan Hubbard,DL,nflverse_roster,C:\Users\tempadmin\OneDrive\Coding\Syndicate\data\nfl_source\tracking\nflverse\roster\roster_2026.csv,2026-08-01,00-0040972,Aidan Hubbard,SEA
00-0040059,Amari Kight,SEA,OL,2026,2026-08-01,SEA,Seattle Seahawks,Amari Kight,OL,nflverse_roster,C:\Users\tempadmin\OneDrive\Coding\Syndicate\data\nfl_source\tracking\nflverse\roster\roster_2026.csv,2026-08-01,00-0040059,Amari Kight,SEA
00-0040903,Andre Fuller,SEA,DB,2026,2026-08-01,SEA,Seattle Seahawks,Andre Fuller,DB,nflverse_roster,C:\Users\tempadmin\OneDrive\Coding\Syndicate\data\nfl_source\tracking\nflverse\roster\roster_2026.csv,2026-08-01,00-0040903,Andre Fuller,SEA
00-0039020,Anthony Bradford,SEA,OL,2026,2026-08-01,SEA,Seattle Seahawks,Anthony Bradford,OL,nflverse_roster,C:\Users\tempadmin\OneDrive\Coding\Syndicate\data\nfl_source\tracking\nflverse\roster\roster_2026.csv,2026-08-01,00-0039020,Anthony Bradford,SEA
00-0040882,Beau Stephens,SEA,OL,2026,2026-08-01,SEA,Seattle Seahawks,Beau Stephens,OL,nflverse_roster,C:\Users\tempadmin\OneDrive\Coding\Syndicate\data\nfl_source\tracking\nflverse\roster\roster_2026.csv,2026-08-01,00-0040882,Beau Stephens,SEA
00-0031622,Bobby Hart,SEA,OL,2026,2026-08-01,SEA,Seattle Seahawks,Bobby Hart,OL,nflverse_roster,C:\Users\tempadmin\OneDrive\Coding\Syndicate\data\nfl_source\tracking\nflverse\roster\roster_2026.csv,2026-08-01,00-0031622,Bobby Hart,SEA
00-0038488,Brady Russell,SEA,RB,2026,2026-08-01,SEA,Seattle Seahawks,Brady Russell,RB,nflverse_roster,C:\Users\tempadmin\OneDrive\Coding\Syndicate\data\nfl_source\tracking\nflverse\roster\roster_2026.csv,2026-08-01,00-0038488,Brady Russell,SEA
00-0038694,Brandon Pili,SEA,DL,2026,2026-08-01,SEA,Seattle Seahawks,Brandon Pili,DL,nflverse_roster,C:\Users\tempadmin\OneDrive\Coding\Syndicate\data\nfl_source\tracking\nflverse\roster\roster_2026.csv,2026-08-01,00-0038694,Brandon Pili,SEA
00-0040650,Bryce Cabeldue,SEA,OL,2026,2026-08-01,SEA,Seattle Seahawks,Bryce Cabeldue,OL,nflverse_roster,C:\Users\tempadmin\OneDrive\Coding\Syndicate\data\nfl_source\tracking\nflverse\roster\roster_2026.csv,2026-08-01,00-0040650,Bryce Cabeldue,SEA
00-0041463,Bud Clark,SEA,DB,2026,2026-08-01,SEA,Seattle Seahawks,Bud Clark,DB,nflverse_roster,C:\Users\tempadmin\OneDrive\Coding\Syndicate\data\nfl_source\tracking\nflverse\roster\roster_2026.csv,2026-08-01,00-0041463,Bud Clark,SEA
00-0039309,Byron Murphy II,SEA,DL,2026,2026-08-01,SEA,Seattle Seahawks,Byron Murphy II,DL,nflverse_roster,C:\Users\tempadmin\OneDrive\Coding\Syndicate\data\nfl_source\tracking\nflverse\roster\roster_2026.csv,2026-08-01,00-0039309,Byron Murphy II,SEA
00-0037821,Charles Cross,SEA,OL,2026,2026-08-01,SEA,Seattle Seahawks,Charles Cross,OL,nflverse_roster,C:\Users\tempadmin\OneDrive\Coding\Syndicate\data\nfl_source\tracking\nflverse\roster\roster_2026.csv,2026-08-01,00-0037821,Charles Cross,SEA
00-0037003,Chazz Surratt,SEA,LB,2026,2026-08-01,SEA,Seattle Seahawks,Chazz Surratt,LB,nflverse_roster,C:\Users\tempadmin\OneDrive\Coding\Syndicate\data\nfl_source\tracking\nflverse\roster\roster_2026.csv,2026-08-01,00-0037003,Chazz Surratt,SEA
00-0038769,Chris Stoll,SEA,LS,2026,2026-08-01,SEA,Seattle Seahawks,Chris Stoll,LS,nflverse_roster,C:\Users\tempadmin\OneDrive\Coding\Syndicate\data\nfl_source\tracking\nflverse\roster\roster_2026.csv,2026-08-01,00-0038769,Chris Stoll,SEA
00-0039839,Christian Haynes,SEA,OL,2026,2026-08-01,SEA,Seattle Seahawks,Christian Haynes,OL,nflverse_roster,C:\Users\tempadmin\OneDrive\Coding\Syndicate\data\nfl_source\tracking\nflverse\roster\roster_2026.csv,2026-08-01,00-0039839,Christian Haynes,SEA
00-0035891,Cody White,SEA,WR,2026,2026-08-01,SEA,Seattle Seahawks,Cody White,WR,nflverse_roster,C:\Users\tempadmin\OneDrive\Coding\Syndicate\data\nfl_source\tracking\nflverse\roster\roster_2026.csv,2026-08-01,00-0035891,Cody White,SEA
00-0040061,Connor O'Toole,SEA,LB,2026,2026-08-01,SEA,Seattle Seahawks,Connor O'Toole,LB,nflverse_roster,C:\Users\tempadmin\OneDrive\Coding\Syndicate\data\nfl_source\tracking\nflverse\roster\roster_2026.csv,2026-08-01,00-0040061,Connor O'Toole,SEA
00-0033908,Cooper Kupp,SEA,WR,2026,2026-08-01,SEA,Seattle Seahawks,Cooper Kupp,WR,nflverse_roster,C:\Users\tempadmin\OneDrive\Coding\Syndicate\data\nfl_source\tracking\nflverse\roster\roster_2026.csv,2026-08-01,00-0033908,Cooper Kupp,SEA
00-0037332,D'Anthony Bell,SEA,DB,2026,2026-08-01,SEA,Seattle Seahawks,D'Anthony Bell,DB,nflverse_roster,C:\Users\tempadmin\OneDrive\Coding\Syndicate\data\nfl_source\tracking\nflverse\roster\roster_2026.csv,2026-08-01,00-0037332,D'Anthony Bell,SEA
00-0032052,Dante Fowler Jr.,SEA,DL,2026,2026-08-01,SEA,Seattle Seahawks,Dante Fowler Jr.,DL,nflverse_roster,C:\Users\tempadmin\OneDrive\Coding\Syndicate\data\nfl_source\tracking\nflverse\roster\roster_2026.csv,2026-08-01,00-0032052,Dante Fowler Jr.,SEA
00-0031411,DeMarcus Lawrence,SEA,LB,2026,2026-08-01,SEA,Seattle Seahawks,DeMarcus Lawrence,LB,nflverse_roster,C:\Users\tempadmin\OneDrive\Coding\Syndicate\data\nfl_source\tracking\nflverse\roster\roster_2026.csv,2026-08-01,00-0031411,DeMarcus Lawrence,SEA
00-0039047,Derick Hall,SEA,LB,2026,2026-08-01,SEA,Seattle Seahawks,Derick Hall,LB,nflverse_roster,C:\Users\tempadmin\OneDrive\Coding\Syndicate\data\nfl_source\tracking\nflverse\roster\roster_2026.csv,2026-08-01,00-0039047,Derick Hall,SEA
00-0040904,Deven Eastern,SEA,DL,2026,2026-08-01,SEA,Seattle Seahawks,Deven Eastern,DL,nflverse_roster,C:\Users\tempadmin\OneDrive\Coding\Syndicate\data\nfl_source\tracking\nflverse\roster\roster_2026.csv,2026-08-01,00-0040904,Deven Eastern,SEA
00-0039169,Devon Witherspoon,SEA,DB,2026,2026-08-01,SEA,Seattle Seahawks,Devon Witherspoon,DB,nflverse_roster,C:\Users\tempadmin\OneDrive\Coding\Syndicate\data\nfl_source\tracking\nflverse\roster\roster_2026.csv,2026-08-01,00-0039169,Devon Witherspoon,SEA
00-0038922,Drake Thomas,SEA,LB,2026,2026-08-01,SEA,Seattle Seahawks,Drake Thomas,LB,nflverse_roster,C:\Users\tempadmin\OneDrive\Coding\Syndicate\data\nfl_source\tracking\nflverse\roster\roster_2026.csv,2026-08-01,00-0038922,Drake Thomas,SEA
00-0035704,Drew Lock,SEA,QB,2026,2026-08-01,SEA,Seattle Seahawks,Drew Lock,QB,nflverse_roster,C:\Users\tempadmin\OneDrive\Coding\Syndicate\data\nfl_source\tracking\nflverse\roster\roster_2026.csv,2026-08-01,00-0035704,Drew Lock,SEA
00-0040739,Elijah Arroyo,SEA,TE,2026,2026-08-01,SEA,Seattle Seahawks,Elijah Arroyo,TE,nflverse_roster,C:\Users\tempadmin\OneDrive\Coding\Syndicate\data\nfl_source\tracking\nflverse\roster\roster_2026.csv,2026-08-01,00-0040739,Elijah Arroyo,SEA
00-0038797,Emanuel Wilson,SEA,RB,2026,2026-08-01,SEA,Seattle Seahawks,Emanuel Wilson,RB,nflverse_roster,C:\Users\tempadmin\OneDrive\Coding\Syndicate\data\nfl_source\tracking\nflverse\roster\roster_2026.csv,2026-08-01,00-0038797,Emanuel Wilson,SEA
00-0040895,Emmanuel Henderson,SEA,WR,2026,2026-08-01,SEA,Seattle Seahawks,Emmanuel Henderson,WR,nflverse_roster,C:\Users\tempadmin\OneDrive\Coding\Syndicate\data\nfl_source\tracking\nflverse\roster\roster_2026.csv,2026-08-01,00-0040895,Emmanuel Henderson,SEA
00-0033576,Eric Saubert,SEA,TE,2026,2026-08-01,SEA,Seattle Seahawks,Eric Saubert,TE,nflverse_roster,C:\Users\tempadmin\OneDrive\Coding\Syndicate\data\nfl_source\tracking\nflverse\roster\roster_2026.csv,2026-08-01,00-0033576,Eric Saubert,SEA
00-0036994,Ernest Jones,SEA,LB,2026,2026-08-01,SEA,Seattle Seahawks,Ernest Jones,LB,nflverse_roster,C:\Users\tempadmin\OneDrive\Coding\Syndicate\data\nfl_source\tracking\nflverse\roster\roster_2026.csv,2026-08-01,00-0036994,Ernest Jones,SEA
00-0040764,Federico Maranges,SEA,OL,2026,2026-08-01,SEA,Seattle Seahawks,Federico Maranges,OL,nflverse_roster,C:\Users\tempadmin\OneDrive\Coding\Syndicate\data\nfl_source\tracking\nflverse\roster\roster_2026.csv,2026-08-01,00-0040764,Federico Maranges,SEA
00-0039299,George Holani,SEA,RB,2026,2026-08-01,SEA,Seattle Seahawks,George Holani,RB,nflverse_roster,C:\Users\tempadmin\OneDrive\Coding\Syndicate\data\nfl_source\tracking\nflverse\roster\roster_2026.csv,2026-08-01,00-0039299,George Holani,SEA
00-0040639,Grey Zabel,SEA,OL,2026,2026-08-01,SEA,Seattle Seahawks,Grey Zabel,OL,nflverse_roster,C:\Users\tempadmin\OneDrive\Coding\Syndicate\data\nfl_source\tracking\nflverse\roster\roster_2026.csv,2026-08-01,00-0040639,Grey Zabel,SEA
00-0036232,Harrison Bryant,SEA,TE,2026,2026-08-01,SEA,Seattle Seahawks,Harrison Bryant,TE,nflverse_roster,C:\Users\tempadmin\OneDrive\Coding\Syndicate\data\nfl_source\tracking\nflverse\roster\roster_2026.csv,2026-08-01,00-0036232,Harrison Bryant,SEA
00-0037156,Irvin Charles,SEA,WR,2026,2026-08-01,SEA,Seattle Seahawks,Irvin Charles,WR,nflverse_roster,C:\Users\tempadmin\OneDrive\Coding\Syndicate\data\nfl_source\tracking\nflverse\roster\roster_2026.csv,2026-08-01,00-0037156,Irvin Charles,SEA
00-0040063,J.R. Singleton,SEA,DL,2026,2026-08-01,SEA,Seattle Seahawks,J.R. Singleton,DL,nflverse_roster,C:\Users\tempadmin\OneDrive\Coding\Syndicate\data\nfl_source\tracking\nflverse\roster\roster_2026.csv,2026-08-01,00-0040063,J.R. Singleton,SEA
00-0040408,Ja'Markis Weston,SEA,LB,2026,2026-08-01,SEA,Seattle Seahawks,Ja'Markis Weston,LB,nflverse_roster,C:\Users\tempadmin\OneDrive\Coding\Syndicate\data\nfl_source\tracking\nflverse\roster\roster_2026.csv,2026-08-01,00-0040408,Ja'Markis Weston,SEA
00-0040067,Jacardia Wright,SEA,RB,2026,2026-08-01,SEA,Seattle Seahawks,Jacardia Wright,RB,nflverse_roster,C:\Users\tempadmin\OneDrive\Coding\Syndicate\data\nfl_source\tracking\nflverse\roster\roster_2026.csv,2026-08-01,00-0040067,Jacardia Wright,SEA
00-0041512,Jadarian Price,SEA,RB,2026,2026-08-01,SEA,Seattle Seahawks,Jadarian Price,RB,nflverse_roster,C:\Users\tempadmin\OneDrive\Coding\Syndicate\data\nfl_source\tracking\nflverse\roster\roster_2026.csv,2026-08-01,00-0041512,Jadarian Price,SEA
00-0038752,Jake Bobo,SEA,WR,2026,2026-08-01,SEA,Seattle Seahawks,Jake Bobo,WR,nflverse_roster,C:\Users\tempadmin\OneDrive\Coding\Syndicate\data\nfl_source\tracking\nflverse\roster\roster_2026.csv,2026-08-01,00-0038752,Jake Bobo,SEA
00-0040055,Jalan Gaines,SEA,DL,2026,2026-08-01,SEA,Seattle Seahawks,Jalan Gaines,DL,nflverse_roster,C:\Users\tempadmin\OneDrive\Coding\Syndicate\data\nfl_source\tracking\nflverse\roster\roster_2026.csv,2026-08-01,00-0040055,Jalan Gaines,SEA
00-0040673,Jalen Milroe,SEA,QB,2026,2026-08-01,SEA,Seattle Seahawks,Jalen Milroe,QB,nflverse_roster,C:\Users\tempadmin\OneDrive\Coding\Syndicate\data\nfl_source\tracking\nflverse\roster\roster_2026.csv,2026-08-01,00-0040673,Jalen Milroe,SEA
00-0039926,Jalen Sundell,SEA,OL,2026,2026-08-01,SEA,Seattle Seahawks,Jalen Sundell,OL,nflverse_roster,C:\Users\tempadmin\OneDrive\Coding\Syndicate\data\nfl_source\tracking\nflverse\roster\roster_2026.csv,2026-08-01,00-0039926,Jalen Sundell,SEA
00-0039944,Jamie Sheriff,SEA,LB,2026,2026-08-01,SEA,Seattle Seahawks,Jamie Sheriff,LB,nflverse_roster,C:\Users\tempadmin\OneDrive\Coding\Syndicate\data\nfl_source\tracking\nflverse\roster\roster_2026.csv,2026-08-01,00-0039944,Jamie Sheriff,SEA
00-0040056,Jared Ivey,SEA,LB,2026,2026-08-01,SEA,Seattle Seahawks,Jared Ivey,LB,nflverse_roster,C:\Users\tempadmin\OneDrive\Coding\Syndicate\data\nfl_source\tracking\nflverse\roster\roster_2026.csv,2026-08-01,00-0040056,Jared Ivey,SEA
00-0032387,Jarran Reed,SEA,DL,2026,2026-08-01,SEA,Seattle Seahawks,Jarran Reed,DL,nflverse_roster,C:\Users\tempadmin\OneDrive\Coding\Syndicate\data\nfl_source\tracking\nflverse\roster\roster_2026.csv,2026-08-01,00-0032387,Jarran Reed,SEA
00-0031492,Jason Myers,SEA,K,2026,2026-08-01,SEA,Seattle Seahawks,Jason Myers,K,nflverse_roster,C:\Users\tempadmin\OneDrive\Coding\Syndicate\data\nfl_source\tracking\nflverse\roster\roster_2026.csv,2026-08-01,00-0031492,Jason Myers,SEA
00-0038543,Jaxon Smith-Njigba,SEA,WR,2026,2026-08-01,SEA,Seattle Seahawks,Jaxon Smith-Njigba,WR,nflverse_roster,C:\Users\tempadmin\OneDrive\Coding\Syndicate\data\nfl_source\tracking\nflverse\roster\roster_2026.csv,2026-08-01,00-0038543,Jaxon Smith-Njigba,SEA
00-0037137,Josh Jobe,SEA,DB,2026,2026-08-01,SEA,Seattle Seahawks,Josh Jobe,DB,nflverse_roster,C:\Users\tempadmin\OneDrive\Coding\Syndicate\data\nfl_source\tracking\nflverse\roster\roster_2026.csv,2026-08-01,00-0037137,Josh Jobe,SEA
00-0036363,Josh Jones,SEA,OL,2026,2026-08-01,SEA,Seattle Seahawks,Josh Jones,OL,nflverse_roster,C:\Users\tempadmin\OneDrive\Coding\Syndicate\data\nfl_source\tracking\nflverse\roster\roster_2026.csv,2026-08-01,00-0036363,Josh Jones,SEA
00-0034974,Julian Love,SEA,DB,2026,2026-08-01,SEA,Seattle Seahawks,Julian Love,DB,nflverse_roster,C:\Users\tempadmin\OneDrive\Coding\Syndicate\data\nfl_source\tracking\nflverse\roster\roster_2026.csv,2026-08-01,00-0034974,Julian Love,SEA
00-0040873,Julian Neal,SEA,DB,2026,2026-08-01,SEA,Seattle Seahawks,Julian Neal,DB,nflverse_roster,C:\Users\tempadmin\OneDrive\Coding\Syndicate\data\nfl_source\tracking\nflverse\roster\roster_2026.csv,2026-08-01,00-0040873,Julian Neal,SEA
00-0038636,Kenny McIntosh,SEA,RB,2026,2026-08-01,SEA,Seattle Seahawks,Kenny McIntosh,RB,nflverse_roster,C:\Users\tempadmin\OneDrive\Coding\Syndicate\data\nfl_source\tracking\nflverse\roster\roster_2026.csv,2026-08-01,00-0038636,Kenny McIntosh,SEA
00-0040974,Lance Mason,SEA,TE,2026,2026-08-01,SEA,Seattle Seahawks,Lance Mason,TE,nflverse_roster,C:\Users\tempadmin\OneDrive\Coding\Syndicate\data\nfl_source\tracking\nflverse\roster\roster_2026.csv,2026-08-01,00-0040974,Lance Mason,SEA
00-0031933,Leonard Williams,SEA,DL,2026,2026-08-01,SEA,Seattle Seahawks,Leonard Williams,DL,nflverse_roster,C:\Users\tempadmin\OneDrive\Coding\Syndicate\data\nfl_source\tracking\nflverse\roster\roster_2026.csv,2026-08-01,00-0031933,Leonard Williams,SEA
00-0040495,Logan Brown,SEA,OL,2026,2026-08-01,SEA,Seattle Seahawks,Logan Brown,OL,nflverse_roster,C:\Users\tempadmin\OneDrive\Coding\Syndicate\data\nfl_source\tracking\nflverse\roster\roster_2026.csv,2026-08-01,00-0040495,Logan Brown,SEA
00-0040973,Marvin Jones,SEA,DL,2026,2026-08-01,SEA,Seattle Seahawks,Marvin Jones,DL,nflverse_roster,C:\Users\tempadmin\OneDrive\Coding\Syndicate\data\nfl_source\tracking\nflverse\roster\roster_2026.csv,2026-08-01,00-0040973,Marvin Jones,SEA
00-0040652,Mason Richman,SEA,OL,2026,2026-08-01,SEA,Seattle Seahawks,Mason Richman,OL,nflverse_roster,C:\Users\tempadmin\OneDrive\Coding\Syndicate\data\nfl_source\tracking\nflverse\roster\roster_2026.csv,2026-08-01,00-0040652,Mason Richman,SEA
00-0040026,Maxen Hook,SEA,DB,2026,2026-08-01,SEA,Seattle Seahawks,Maxen Hook,DB,nflverse_roster,C:\Users\tempadmin\OneDrive\Coding\Syndicate\data\nfl_source\tracking\nflverse\roster\roster_2026.csv,2026-08-01,00-0040026,Maxen Hook,SEA
00-0040910,Michael Dansby,SEA,DB,2026,2026-08-01,SEA,Seattle Seahawks,Michael Dansby,DB,nflverse_roster,C:\Users\tempadmin\OneDrive\Coding\Syndicate\data\nfl_source\tracking\nflverse\roster\roster_2026.csv,2026-08-01,00-0040910,Michael Dansby,SEA
00-0034160,Michael Dickson,SEA,P,2026,2026-08-01,SEA,Seattle Seahawks,Michael Dickson,P,nflverse_roster,C:\Users\tempadmin\OneDrive\Coding\Syndicate\data\nfl_source\tracking\nflverse\roster\roster_2026.csv,2026-08-01,00-0034160,Michael Dickson,SEA
00-0038591,Mike Morris,SEA,DL,2026,2026-08-01,SEA,Seattle Seahawks,Mike Morris,DL,nflverse_roster,C:\Users\tempadmin\OneDrive\Coding\Syndicate\data\nfl_source\tracking\nflverse\roster\roster_2026.csv,2026-08-01,00-0038591,Mike Morris,SEA
00-0040621,Montorie Foster Jr,SEA,WR,2026,2026-08-01,SEA,Seattle Seahawks,Montorie Foster Jr,WR,nflverse_roster,C:\Users\tempadmin\OneDrive\Coding\Syndicate\data\nfl_source\tracking\nflverse\roster\roster_2026.csv,2026-08-01,00-0040621,Montorie Foster Jr,SEA
00-0039795,Nehemiah Pritchett,SEA,DB,2026,2026-08-01,SEA,Seattle Seahawks,Nehemiah Pritchett,DB,nflverse_roster,C:\Users\tempadmin\OneDrive\Coding\Syndicate\data\nfl_source\tracking\nflverse\roster\roster_2026.csv,2026-08-01,00-0039795,Nehemiah Pritchett,SEA
00-0040733,Nick Emmanwori,SEA,DB,2026,2026-08-01,SEA,Seattle Seahawks,Nick Emmanwori,DB,nflverse_roster,C:\Users\tempadmin\OneDrive\Coding\Syndicate\data\nfl_source\tracking\nflverse\roster\roster_2026.csv,2026-08-01,00-0040733,Nick Emmanwori,SEA
00-0040058,Nick Kallerup,SEA,TE,2026,2026-08-01,SEA,Seattle Seahawks,Nick Kallerup,TE,nflverse_roster,C:\Users\tempadmin\OneDrive\Coding\Syndicate\data\nfl_source\tracking\nflverse\roster\roster_2026.csv,2026-08-01,00-0040058,Nick Kallerup,SEA
00-0036287,Noah Igbinoghene,SEA,DB,2026,2026-08-01,SEA,Seattle Seahawks,Noah Igbinoghene,DB,nflverse_roster,C:\Users\tempadmin\OneDrive\Coding\Syndicate\data\nfl_source\tracking\nflverse\roster\roster_2026.csv,2026-08-01,00-0036287,Noah Igbinoghene,SEA
00-0038593,Olu Oluwatimi,SEA,OL,2026,2026-08-01,SEA,Seattle Seahawks,Olu Oluwatimi,OL,nflverse_roster,C:\Users\tempadmin\OneDrive\Coding\Syndicate\data\nfl_source\tracking\nflverse\roster\roster_2026.csv,2026-08-01,00-0038593,Olu Oluwatimi,SEA
00-0038764,Patrick O'Connell,SEA,LB,2026,2026-08-01,SEA,Seattle Seahawks,Patrick O'Connell,LB,nflverse_roster,C:\Users\tempadmin\OneDrive\Coding\Syndicate\data\nfl_source\tracking\nflverse\roster\roster_2026.csv,2026-08-01,00-0038764,Patrick O'Connell,SEA
00-0040588,Pooh Paul Jr.,SEA,LB,2026,2026-08-01,SEA,Seattle Seahawks,Pooh Paul Jr.,LB,nflverse_roster,C:\Users\tempadmin\OneDrive\Coding\Syndicate\data\nfl_source\tracking\nflverse\roster\roster_2026.csv,2026-08-01,00-0040588,Pooh Paul Jr.,SEA
00-0041476,Rashad Rochelle,SEA,WR,2026,2026-08-01,SEA,Seattle Seahawks,Rashad Rochelle,WR,nflverse_roster,C:\Users\tempadmin\OneDrive\Coding\Syndicate\data\nfl_source\tracking\nflverse\roster\roster_2026.csv,2026-08-01,00-0041476,Rashad Rochelle,SEA
00-0037545,Rashid Shaheed,SEA,WR,2026,2026-08-01,SEA,Seattle Seahawks,Rashid Shaheed,WR,nflverse_roster,C:\Users\tempadmin\OneDrive\Coding\Syndicate\data\nfl_source\tracking\nflverse\roster\roster_2026.csv,2026-08-01,00-0037545,Rashid Shaheed,SEA
00-0040653,Ricky White III,SEA,WR,2026,2026-08-01,SEA,Seattle Seahawks,Ricky White III,WR,nflverse_roster,C:\Users\tempadmin\OneDrive\Coding\Syndicate\data\nfl_source\tracking\nflverse\roster\roster_2026.csv,2026-08-01,00-0040653,Ricky White III,SEA
00-0040649,Robbie Ouzts,SEA,RB,2026,2026-08-01,SEA,Seattle Seahawks,Robbie Ouzts,RB,nflverse_roster,C:\Users\tempadmin\OneDrive\Coding\Syndicate\data\nfl_source\tracking\nflverse\roster\roster_2026.csv,2026-08-01,00-0040649,Robbie Ouzts,SEA
00-0037323,Rodney Thomas,SEA,DB,2026,2026-08-01,SEA,Seattle Seahawks,Rodney Thomas,DB,nflverse_roster,C:\Users\tempadmin\OneDrive\Coding\Syndicate\data\nfl_source\tracking\nflverse\roster\roster_2026.csv,2026-08-01,00-0037323,Rodney Thomas,SEA
00-0040647,Rylie Mills,SEA,DL,2026,2026-08-01,SEA,Seattle Seahawks,Rylie Mills,DL,nflverse_roster,C:\Users\tempadmin\OneDrive\Coding\Syndicate\data\nfl_source\tracking\nflverse\roster\roster_2026.csv,2026-08-01,00-0040647,Rylie Mills,SEA
00-0034869,Sam Darnold,SEA,QB,2026,2026-08-01,SEA,Seattle Seahawks,Sam Darnold,QB,nflverse_roster,C:\Users\tempadmin\OneDrive\Coding\Syndicate\data\nfl_source\tracking\nflverse\roster\roster_2026.csv,2026-08-01,00-0034869,Sam Darnold,SEA
00-0036645,Shemar Jean-Charles,SEA,DB,2026,2026-08-01,SEA,Seattle Seahawks,Shemar Jean-Charles,DB,nflverse_roster,C:\Users\tempadmin\OneDrive\Coding\Syndicate\data\nfl_source\tracking\nflverse\roster\roster_2026.csv,2026-08-01,00-0036645,Shemar Jean-Charles,SEA
00-0040648,Tory Horton,SEA,WR,2026,2026-08-01,SEA,Seattle Seahawks,Tory Horton,WR,nflverse_roster,C:\Users\tempadmin\OneDrive\Coding\Syndicate\data\nfl_source\tracking\nflverse\roster\roster_2026.csv,2026-08-01,00-0040648,Tory Horton,SEA
00-0038765,Ty Okada,SEA,DB,2026,2026-08-01,SEA,Seattle Seahawks,Ty Okada,DB,nflverse_roster,C:\Users\tempadmin\OneDrive\Coding\Syndicate\data\nfl_source\tracking\nflverse\roster\roster_2026.csv,2026-08-01,00-0038765,Ty Okada,SEA
00-0039815,Tyrice Knight,SEA,LB,2026,2026-08-01,SEA,Seattle Seahawks,Tyrice Knight,LB,nflverse_roster,C:\Users\tempadmin\OneDrive\Coding\Syndicate\data\nfl_source\tracking\nflverse\roster\roster_2026.csv,2026-08-01,00-0039815,Tyrice Knight,SEA
00-0040053,Tyrone Broden,SEA,WR,2026,2026-08-01,SEA,Seattle Seahawks,Tyrone Broden,WR,nflverse_roster,C:\Users\tempadmin\OneDrive\Coding\Syndicate\data\nfl_source\tracking\nflverse\roster\roster_2026.csv,2026-08-01,00-0040053,Tyrone Broden,SEA
00-0034350,Uchenna Nwosu,SEA,LB,2026,2026-08-01,SEA,Seattle Seahawks,Uchenna Nwosu,LB,nflverse_roster,C:\Users\tempadmin\OneDrive\Coding\Syndicate\data\nfl_source\tracking\nflverse\roster\roster_2026.csv,2026-08-01,00-0034350,Uchenna Nwosu,SEA
00-0040975,Uso Seumalo,SEA,DL,2026,2026-08-01,SEA,Seattle Seahawks,Uso Seumalo,DL,nflverse_roster,C:\Users\tempadmin\OneDrive\Coding\Syndicate\data\nfl_source\tracking\nflverse\roster\roster_2026.csv,2026-08-01,00-0040975,Uso Seumalo,SEA
00-0037745,Velus Jones Jr.,SEA,RB,2026,2026-08-01,SEA,Seattle Seahawks,Velus Jones Jr.,RB,nflverse_roster,C:\Users\tempadmin\OneDrive\Coding\Syndicate\data\nfl_source\tracking\nflverse\roster\roster_2026.csv,2026-08-01,00-0037745,Velus Jones Jr.,SEA
00-0040064,Wy'Kevious Thomas,SEA,DL,2026,2026-08-01,SEA,Seattle Seahawks,Wy'Kevious Thomas,DL,nflverse_roster,C:\Users\tempadmin\OneDrive\Coding\Syndicate\data\nfl_source\tracking\nflverse\roster\roster_2026.csv,2026-08-01,00-0040064,Wy'Kevious Thomas,SEA
00-0039165,Zach Charbonnet,SEA,RB,2026,2026-08-01,SEA,Seattle Seahawks,Zach Charbonnet,RB,nflverse_roster,C:\Users\tempadmin\OneDrive\Coding\Syndicate\data\nfl_source\tracking\nflverse\roster\roster_2026.csv,2026-08-01,00-0039165,Zach Charbonnet,SEA
00-0038658,Adrian Martinez,SF,QB,2026,2026-08-01,SF,San Francisco 49ers,Adrian Martinez,QB,nflverse_roster,C:\Users\tempadmin\OneDrive\Coding\Syndicate\data\nfl_source\tracking\nflverse\roster\roster_2026.csv,2026-08-01,00-0038658,Adrian Martinez,SF
00-0040721,Alfred Collins,SF,DL,2026,2026-08-01,SF,San Francisco 49ers,Alfred Collins,DL,nflverse_roster,C:\Users\tempadmin\OneDrive\Coding\Syndicate\data\nfl_source\tracking\nflverse\roster\roster_2026.csv,2026-08-01,00-0040721,Alfred Collins,SF
00-0038865,Andrew Farmer,SF,LB,2026,2026-08-01,SF,San Francisco 49ers,Andrew Farmer,LB,nflverse_roster,C:\Users\tempadmin\OneDrive\Coding\Syndicate\data\nfl_source\tracking\nflverse\roster\roster_2026.csv,2026-08-01,00-0038865,Andrew Farmer,SF
00-0036329,Ashtyn Davis,SF,DB,2026,2026-08-01,SF,San Francisco 49ers,Ashtyn Davis,DB,nflverse_roster,C:\Users\tempadmin\OneDrive\Coding\Syndicate\data\nfl_source\tracking\nflverse\roster\roster_2026.csv,2026-08-01,00-0036329,Ashtyn Davis,SF
00-0035829,Austen Pleasants,SF,OL,2026,2026-08-01,SF,San Francisco 49ers,Austen Pleasants,OL,nflverse_roster,C:\Users\tempadmin\OneDrive\Coding\Syndicate\data\nfl_source\tracking\nflverse\roster\roster_2026.csv,2026-08-01,00-0035829,Austen Pleasants,SF
00-0034763,Brandon Parker,SF,OL,2026,2026-08-01,SF,San Francisco 49ers,Brandon Parker,OL,nflverse_roster,C:\Users\tempadmin\OneDrive\Coding\Syndicate\data\nfl_source\tracking\nflverse\roster\roster_2026.csv,2026-08-01,00-0034763,Brandon Parker,SF
00-0038643,Brayden Willis,SF,TE,2026,2026-08-01,SF,San Francisco 49ers,Brayden Willis,TE,nflverse_roster,C:\Users\tempadmin\OneDrive\Coding\Syndicate\data\nfl_source\tracking\nflverse\roster\roster_2026.csv,2026-08-01,00-0038643,Brayden Willis,SF
00-0035743,Brett Toth,SF,OL,2026,2026-08-01,SF,San Francisco 49ers,Brett Toth,OL,nflverse_roster,C:\Users\tempadmin\OneDrive\Coding\Syndicate\data\nfl_source\tracking\nflverse\roster\roster_2026.csv,2026-08-01,00-0035743,Brett Toth,SF
00-0037834,Brock Purdy,SF,QB,2026,2026-08-01,SF,San Francisco 49ers,Brock Purdy,QB,nflverse_roster,C:\Users\tempadmin\OneDrive\Coding\Syndicate\data\nfl_source\tracking\nflverse\roster\roster_2026.csv,2026-08-01,00-0037834,Brock Purdy,SF
00-0041358,Bryson Eason,SF,DL,2026,2026-08-01,SF,San Francisco 49ers,Bryson Eason,DL,nflverse_roster,C:\Users\tempadmin\OneDrive\Coding\Syndicate\data\nfl_source\tracking\nflverse\roster\roster_2026.csv,2026-08-01,00-0041358,Bryson Eason,SF
00-0040711,CJ West,SF,DL,2026,2026-08-01,SF,San Francisco 49ers,CJ West,DL,nflverse_roster,C:\Users\tempadmin\OneDrive\Coding\Syndicate\data\nfl_source\tracking\nflverse\roster\roster_2026.csv,2026-08-01,00-0040711,CJ West,SF
00-0036850,Cameron Sample,SF,DL,2026,2026-08-01,SF,San Francisco 49ers,Cameron Sample,DL,nflverse_roster,C:\Users\tempadmin\OneDrive\Coding\Syndicate\data\nfl_source\tracking\nflverse\roster\roster_2026.csv,2026-08-01,00-0036850,Cameron Sample,SF
00-0041061,Carver Willis,SF,OL,2026,2026-08-01,SF,San Francisco 49ers,Carver Willis,OL,nflverse_roster,C:\Users\tempadmin\OneDrive\Coding\Syndicate\data\nfl_source\tracking\nflverse\roster\roster_2026.csv,2026-08-01,00-0041061,Carver Willis,SF
00-0034775,Christian Kirk,SF,WR,2026,2026-08-01,SF,San Francisco 49ers,Christian Kirk,WR,nflverse_roster,C:\Users\tempadmin\OneDrive\Coding\Syndicate\data\nfl_source\tracking\nflverse\roster\roster_2026.csv,2026-08-01,00-0034775,Christian Kirk,SF
00-0033280,Christian McCaffrey,SF,RB,2026,2026-08-01,SF,San Francisco 49ers,Christian McCaffrey,RB,nflverse_roster,C:\Users\tempadmin\OneDrive\Coding\Syndicate\data\nfl_source\tracking\nflverse\roster\roster_2026.csv,2026-08-01,00-0033280,Christian McCaffrey,SF
00-0038632,Colton Dowell,SF,WR,2026,2026-08-01,SF,San Francisco 49ers,Colton Dowell,WR,nflverse_roster,C:\Users\tempadmin\OneDrive\Coding\Syndicate\data\nfl_source\tracking\nflverse\roster\roster_2026.csv,2026-08-01,00-0038632,Colton Dowell,SF
00-0036256,Colton McKivitz,SF,OL,2026,2026-08-01,SF,San Francisco 49ers,Colton McKivitz,OL,nflverse_roster,C:\Users\tempadmin\OneDrive\Coding\Syndicate\data\nfl_source\tracking\nflverse\roster\roster_2026.csv,2026-08-01,00-0036256,Colton McKivitz,SF
00-0040245,Connor Colby,SF,OL,2026,2026-08-01,SF,San Francisco 49ers,Connor Colby,OL,nflverse_roster,C:\Users\tempadmin\OneDrive\Coding\Syndicate\data\nfl_source\tracking\nflverse\roster\roster_2026.csv,2026-08-01,00-0040245,Connor Colby,SF
00-0035821,Corliss Waitman,SF,P,2026,2026-08-01,SF,San Francisco 49ers,Corliss Waitman,P,nflverse_roster,C:\Users\tempadmin\OneDrive\Coding\Syndicate\data\nfl_source\tracking\nflverse\roster\roster_2026.csv,2026-08-01,00-0035821,Corliss Waitman,SF
00-0038594,Darrell Luter Jr.,SF,DB,2026,2026-08-01,SF,San Francisco 49ers,Darrell Luter Jr.,DB,nflverse_roster,C:\Users\tempadmin\OneDrive\Coding\Syndicate\data\nfl_source\tracking\nflverse\roster\roster_2026.csv,2026-08-01,00-0038594,Darrell Luter Jr.,SF
00-0036638,Darrick Forrest,SF,DB,2026,2026-08-01,SF,San Francisco 49ers,Darrick Forrest,DB,nflverse_roster,C:\Users\tempadmin\OneDrive\Coding\Syndicate\data\nfl_source\tracking\nflverse\roster\roster_2026.csv,2026-08-01,00-0036638,Darrick Forrest,SF
00-0041035,De'Zhaun Stribling,SF,WR,2026,2026-08-01,SF,San Francisco 49ers,De'Zhaun Stribling,WR,nflverse_roster,C:\Users\tempadmin\OneDrive\Coding\Syndicate\data\nfl_source\tracking\nflverse\roster\roster_2026.csv,2026-08-01,00-0041035,De'Zhaun Stribling,SF
00-0032775,Demarcus Robinson,SF,WR,2026,2026-08-01,SF,San Francisco 49ers,Demarcus Robinson,WR,nflverse_roster,C:\Users\tempadmin\OneDrive\Coding\Syndicate\data\nfl_source\tracking\nflverse\roster\roster_2026.csv,2026-08-01,00-0032775,Demarcus Robinson,SF
00-0036563,Deommodore Lenoir,SF,DB,2026,2026-08-01,SF,San Francisco 49ers,Deommodore Lenoir,DB,nflverse_roster,C:\Users\tempadmin\OneDrive\Coding\Syndicate\data\nfl_source\tracking\nflverse\roster\roster_2026.csv,2026-08-01,00-0036563,Deommodore Lenoir,SF
00-0040659,Derrick Canteen,SF,DB,2026,2026-08-01,SF,San Francisco 49ers,Derrick Canteen,DB,nflverse_roster,C:\Users\tempadmin\OneDrive\Coding\Syndicate\data\nfl_source\tracking\nflverse\roster\roster_2026.csv,2026-08-01,00-0040659,Derrick Canteen,SF
00-0039351,Dominick Puni,SF,OL,2026,2026-08-01,SF,San Francisco 49ers,Dominick Puni,OL,nflverse_roster,C:\Users\tempadmin\OneDrive\Coding\Syndicate\data\nfl_source\tracking\nflverse\roster\roster_2026.csv,2026-08-01,00-0039351,Dominick Puni,SF
00-0039700,Drake Nugent,SF,OL,2026,2026-08-01,SF,San Francisco 49ers,Drake Nugent,OL,nflverse_roster,C:\Users\tempadmin\OneDrive\Coding\Syndicate\data\nfl_source\tracking\nflverse\roster\roster_2026.csv,2026-08-01,00-0039700,Drake Nugent,SF
00-0034982,Dre Greenlaw,SF,LB,2026,2026-08-01,SF,San Francisco 49ers,Dre Greenlaw,LB,nflverse_roster,C:\Users\tempadmin\OneDrive\Coding\Syndicate\data\nfl_source\tracking\nflverse\roster\roster_2026.csv,2026-08-01,00-0034982,Dre Greenlaw,SF
00-0034173,Eddy Pineiro,SF,K,2026,2026-08-01,SF,San Francisco 49ers,Eddy Pineiro,K,nflverse_roster,C:\Users\tempadmin\OneDrive\Coding\Syndicate\data\nfl_source\tracking\nflverse\roster\roster_2026.csv,2026-08-01,00-0034173,Eddy Pineiro,SF
00-0032379,Eli Apple,SF,DB,2026,2026-08-01,SF,San Francisco 49ers,Eli Apple,DB,nflverse_roster,C:\Users\tempadmin\OneDrive\Coding\Syndicate\data\nfl_source\tracking\nflverse\roster\roster_2026.csv,2026-08-01,00-0032379,Eli Apple,SF
00-0041090,Enrique Cruz,SF,OL,2026,2026-08-01,SF,San Francisco 49ers,Enrique Cruz,OL,nflverse_roster,C:\Users\tempadmin\OneDrive\Coding\Syndicate\data\nfl_source\tracking\nflverse\roster\roster_2026.csv,2026-08-01,00-0041090,Enrique Cruz,SF
00-0041068,Ephesians Prysock,SF,DB,2026,2026-08-01,SF,San Francisco 49ers,Ephesians Prysock,DB,nflverse_roster,C:\Users\tempadmin\OneDrive\Coding\Syndicate\data\nfl_source\tracking\nflverse\roster\roster_2026.csv,2026-08-01,00-0041068,Ephesians Prysock,SF
00-0039696,Evan Anderson,SF,DL,2026,2026-08-01,SF,San Francisco 49ers,Evan Anderson,DL,nflverse_roster,C:\Users\tempadmin\OneDrive\Coding\Syndicate\data\nfl_source\tracking\nflverse\roster\roster_2026.csv,2026-08-01,00-0039696,Evan Anderson,SF
00-0034815,Fred Warner,SF,LB,2026,2026-08-01,SF,San Francisco 49ers,Fred Warner,LB,nflverse_roster,C:\Users\tempadmin\OneDrive\Coding\Syndicate\data\nfl_source\tracking\nflverse\roster\roster_2026.csv,2026-08-01,00-0034815,Fred Warner,SF
00-0036844,Garret Wallow,SF,LB,2026,2026-08-01,SF,San Francisco 49ers,Garret Wallow,LB,nflverse_roster,C:\Users\tempadmin\OneDrive\Coding\Syndicate\data\nfl_source\tracking\nflverse\roster\roster_2026.csv,2026-08-01,00-0036844,Garret Wallow,SF
00-0033288,George Kittle,SF,TE,2026,2026-08-01,SF,San Francisco 49ers,George Kittle,TE,nflverse_roster,C:\Users\tempadmin\OneDrive\Coding\Syndicate\data\nfl_source\tracking\nflverse\roster\roster_2026.csv,2026-08-01,00-0033288,George Kittle,SF
00-0041557,Gracen Halton,SF,DL,2026,2026-08-01,SF,San Francisco 49ers,Gracen Halton,DL,nflverse_roster,C:\Users\tempadmin\OneDrive\Coding\Syndicate\data\nfl_source\tracking\nflverse\roster\roster_2026.csv,2026-08-01,00-0041557,Gracen Halton,SF
00-0039489,Hayden Rucci,SF,TE,2026,2026-08-01,SF,San Francisco 49ers,Hayden Rucci,TE,nflverse_roster,C:\Users\tempadmin\OneDrive\Coding\Syndicate\data\nfl_source\tracking\nflverse\roster\roster_2026.csv,2026-08-01,00-0039489,Hayden Rucci,SF
00-0036448,Isaac Alarcon,SF,OL,2026,2026-08-01,SF,San Francisco 49ers,Isaac Alarcon,OL,nflverse_roster,C:\Users\tempadmin\OneDrive\Coding\Syndicate\data\nfl_source\tracking\nflverse\roster\roster_2026.csv,2026-08-01,00-0036448,Isaac Alarcon,SF
00-0039363,Isaac Guerendo,SF,RB,2026,2026-08-01,SF,San Francisco 49ers,Isaac Guerendo,RB,nflverse_roster,C:\Users\tempadmin\OneDrive\Coding\Syndicate\data\nfl_source\tracking\nflverse\roster\roster_2026.csv,2026-08-01,00-0039363,Isaac Guerendo,SF
00-0038039,Jack Jones,SF,DB,2026,2026-08-01,SF,San Francisco 49ers,Jack Jones,DB,nflverse_roster,C:\Users\tempadmin\OneDrive\Coding\Syndicate\data\nfl_source\tracking\nflverse\roster\roster_2026.csv,2026-08-01,00-0038039,Jack Jones,SF
00-0039365,Jacob Cowing,SF,WR,2026,2026-08-01,SF,San Francisco 49ers,Jacob Cowing,WR,nflverse_roster,C:\Users\tempadmin\OneDrive\Coding\Syndicate\data\nfl_source\tracking\nflverse\roster\roster_2026.csv,2026-08-01,00-0039365,Jacob Cowing,SF
00-0041078,Jaden Dugger,SF,LB,2026,2026-08-01,SF,San Francisco 49ers,Jaden Dugger,LB,nflverse_roster,C:\Users\tempadmin\OneDrive\Coding\Syndicate\data\nfl_source\tracking\nflverse\roster\roster_2026.csv,2026-08-01,00-0041078,Jaden Dugger,SF
00-0032701,Jake Brendel,SF,OL,2026,2026-08-01,SF,San Francisco 49ers,Jake Brendel,OL,nflverse_roster,C:\Users\tempadmin\OneDrive\Coding\Syndicate\data\nfl_source\tracking\nflverse\roster\roster_2026.csv,2026-08-01,00-0032701,Jake Brendel,SF
00-0037112,Jake Tonges,SF,TE,2026,2026-08-01,SF,San Francisco 49ers,Jake Tonges,TE,nflverse_roster,C:\Users\tempadmin\OneDrive\Coding\Syndicate\data\nfl_source\tracking\nflverse\roster\roster_2026.csv,2026-08-01,00-0037112,Jake Tonges,SF
00-0040559,Jakob Robinson,SF,DB,2026,2026-08-01,SF,San Francisco 49ers,Jakob Robinson,DB,nflverse_roster,C:\Users\tempadmin\OneDrive\Coding\Syndicate\data\nfl_source\tracking\nflverse\roster\roster_2026.csv,2026-08-01,00-0040559,Jakob Robinson,SF
00-0038648,Jalen Graham,SF,LB,2026,2026-08-01,SF,San Francisco 49ers,Jalen Graham,LB,nflverse_roster,C:\Users\tempadmin\OneDrive\Coding\Syndicate\data\nfl_source\tracking\nflverse\roster\roster_2026.csv,2026-08-01,00-0038648,Jalen Graham,SF
00-0041362,Jalen Stroman,SF,DB,2026,2026-08-01,SF,San Francisco 49ers,Jalen Stroman,DB,nflverse_roster,C:\Users\tempadmin\OneDrive\Coding\Syndicate\data\nfl_source\tracking\nflverse\roster\roster_2026.csv,2026-08-01,00-0041362,Jalen Stroman,SF
00-0041363,James Thompson,SF,DL,2026,2026-08-01,SF,San Francisco 49ers,James Thompson,DL,nflverse_roster,C:\Users\tempadmin\OneDrive\Coding\Syndicate\data\nfl_source\tracking\nflverse\roster\roster_2026.csv,2026-08-01,00-0041363,James Thompson,SF
00-0038554,Ji'Ayir Brown,SF,DB,2026,2026-08-01,SF,San Francisco 49ers,Ji'Ayir Brown,DB,nflverse_roster,C:\Users\tempadmin\OneDrive\Coding\Syndicate\data\nfl_source\tracking\nflverse\roster\roster_2026.csv,2026-08-01,00-0038554,Ji'Ayir Brown,SF
00-0027224,Jon Weeks,SF,LS,2026,2026-08-01,SF,San Francisco 49ers,Jon Weeks,LS,nflverse_roster,C:\Users\tempadmin\OneDrive\Coding\Syndicate\data\nfl_source\tracking\nflverse\roster\roster_2026.csv,2026-08-01,00-0027224,Jon Weeks,SF
00-0040177,Jordan James,SF,RB,2026,2026-08-01,SF,San Francisco 49ers,Jordan James,RB,nflverse_roster,C:\Users\tempadmin\OneDrive\Coding\Syndicate\data\nfl_source\tracking\nflverse\roster\roster_2026.csv,2026-08-01,00-0040177,Jordan James,SF
00-0038678,Jordan Mims,SF,RB,2026,2026-08-01,SF,San Francisco 49ers,Jordan Mims,RB,nflverse_roster,C:\Users\tempadmin\OneDrive\Coding\Syndicate\data\nfl_source\tracking\nflverse\roster\roster_2026.csv,2026-08-01,00-0038678,Jordan Mims,SF
00-0040172,Jordan Watkins,SF,WR,2026,2026-08-01,SF,San Francisco 49ers,Jordan Watkins,WR,nflverse_roster,C:\Users\tempadmin\OneDrive\Coding\Syndicate\data\nfl_source\tracking\nflverse\roster\roster_2026.csv,2026-08-01,00-0040172,Jordan Watkins,SF
00-0040247,Junior Bergen,SF,WR,2026,2026-08-01,SF,San Francisco 49ers,Junior Bergen,WR,nflverse_roster,C:\Users\tempadmin\OneDrive\Coding\Syndicate\data\nfl_source\tracking\nflverse\roster\roster_2026.csv,2026-08-01,00-0040247,Junior Bergen,SF
00-0041052,Kaelon Black,SF,RB,2026,2026-08-01,SF,San Francisco 49ers,Kaelon Black,RB,nflverse_roster,C:\Users\tempadmin\OneDrive\Coding\Syndicate\data\nfl_source\tracking\nflverse\roster\roster_2026.csv,2026-08-01,00-0041052,Kaelon Black,SF
00-0039148,Keion White,SF,DL,2026,2026-08-01,SF,San Francisco 49ers,Keion White,DL,nflverse_roster,C:\Users\tempadmin\OneDrive\Coding\Syndicate\data\nfl_source\tracking\nflverse\roster\roster_2026.csv,2026-08-01,00-0039148,Keion White,SF
00-0041357,Khalil Dinkins,SF,TE,2026,2026-08-01,SF,San Francisco 49ers,Khalil Dinkins,TE,nflverse_roster,C:\Users\tempadmin\OneDrive\Coding\Syndicate\data\nfl_source\tracking\nflverse\roster\roster_2026.csv,2026-08-01,00-0041357,Khalil Dinkins,SF
00-0040589,Kurtis Rourke,SF,QB,2026,2026-08-01,SF,San Francisco 49ers,Kurtis Rourke,QB,nflverse_roster,C:\Users\tempadmin\OneDrive\Coding\Syndicate\data\nfl_source\tracking\nflverse\roster\roster_2026.csv,2026-08-01,00-0040589,Kurtis Rourke,SF
00-0029892,Kyle Juszczyk,SF,RB,2026,2026-08-01,SF,San Francisco 49ers,Kyle Juszczyk,RB,nflverse_roster,C:\Users\tempadmin\OneDrive\Coding\Syndicate\data\nfl_source\tracking\nflverse\roster\roster_2026.csv,2026-08-01,00-0029892,Kyle Juszczyk,SF
00-0041406,Larry Worth,SF,DB,2026,2026-08-01,SF,San Francisco 49ers,Larry Worth,DB,nflverse_roster,C:\Users\tempadmin\OneDrive\Coding\Syndicate\data\nfl_source\tracking\nflverse\roster\roster_2026.csv,2026-08-01,00-0041406,Larry Worth,SF
00-0036887,Luke Farrell,SF,TE,2026,2026-08-01,SF,San Francisco 49ers,Luke Farrell,TE,nflverse_roster,C:\Users\tempadmin\OneDrive\Coding\Syndicate\data\nfl_source\tracking\nflverse\roster\roster_2026.csv,2026-08-01,00-0036887,Luke Farrell,SF
00-0035413,Luke Gifford,SF,LB,2026,2026-08-01,SF,San Francisco 49ers,Luke Gifford,LB,nflverse_roster,C:\Users\tempadmin\OneDrive\Coding\Syndicate\data\nfl_source\tracking\nflverse\roster\roster_2026.csv,2026-08-01,00-0035413,Luke Gifford,SF
00-0036972,Mac Jones,SF,QB,2026,2026-08-01,SF,San Francisco 49ers,Mac Jones,QB,nflverse_roster,C:\Users\tempadmin\OneDrive\Coding\Syndicate\data\nfl_source\tracking\nflverse\roster\roster_2026.csv,2026-08-01,00-0036972,Mac Jones,SF
00-0039360,Malik Mustapha,SF,DB,2026,2026-08-01,SF,San Francisco 49ers,Malik Mustapha,DB,nflverse_roster,C:\Users\tempadmin\OneDrive\Coding\Syndicate\data\nfl_source\tracking\nflverse\roster\roster_2026.csv,2026-08-01,00-0039360,Malik Mustapha,SF
00-0034867,Malik Turner,SF,WR,2026,2026-08-01,SF,San Francisco 49ers,Malik Turner,WR,nflverse_roster,C:\Users\tempadmin\OneDrive\Coding\Syndicate\data\nfl_source\tracking\nflverse\roster\roster_2026.csv,2026-08-01,00-0034867,Malik Turner,SF
00-0040185,Marques Sigle,SF,DB,2026,2026-08-01,SF,San Francisco 49ers,Marques Sigle,DB,nflverse_roster,C:\Users\tempadmin\OneDrive\Coding\Syndicate\data\nfl_source\tracking\nflverse\roster\roster_2026.csv,2026-08-01,00-0040185,Marques Sigle,SF
00-0041360,Mikail Kamara,SF,DL,2026,2026-08-01,SF,San Francisco 49ers,Mikail Kamara,DL,nflverse_roster,C:\Users\tempadmin\OneDrive\Coding\Syndicate\data\nfl_source\tracking\nflverse\roster\roster_2026.csv,2026-08-01,00-0041360,Mikail Kamara,SF
00-0031408,Mike Evans,SF,WR,2026,2026-08-01,SF,San Francisco 49ers,Mike Evans,WR,nflverse_roster,C:\Users\tempadmin\OneDrive\Coding\Syndicate\data\nfl_source\tracking\nflverse\roster\roster_2026.csv,2026-08-01,00-0031408,Mike Evans,SF
00-0040660,Mykel Williams,SF,DL,2026,2026-08-01,SF,San Francisco 49ers,Mykel Williams,DL,nflverse_roster,C:\Users\tempadmin\OneDrive\Coding\Syndicate\data\nfl_source\tracking\nflverse\roster\roster_2026.csv,2026-08-01,00-0040660,Mykel Williams,SF
00-0036871,Nate Hobbs,SF,DB,2026,2026-08-01,SF,San Francisco 49ers,Nate Hobbs,DB,nflverse_roster,C:\Users\tempadmin\OneDrive\Coding\Syndicate\data\nfl_source\tracking\nflverse\roster\roster_2026.csv,2026-08-01,00-0036871,Nate Hobbs,SF
00-0035717,Nick Bosa,SF,DL,2026,2026-08-01,SF,San Francisco 49ers,Nick Bosa,DL,nflverse_roster,C:\Users\tempadmin\OneDrive\Coding\Syndicate\data\nfl_source\tracking\nflverse\roster\roster_2026.csv,2026-08-01,00-0035717,Nick Bosa,SF
00-0040135,Nick Martin,SF,LB,2026,2026-08-01,SF,San Francisco 49ers,Nick Martin,LB,nflverse_roster,C:\Users\tempadmin\OneDrive\Coding\Syndicate\data\nfl_source\tracking\nflverse\roster\roster_2026.csv,2026-08-01,00-0040135,Nick Martin,SF
00-0037831,Nick Zakelj,SF,OL,2026,2026-08-01,SF,San Francisco 49ers,Nick Zakelj,OL,nflverse_roster,C:\Users\tempadmin\OneDrive\Coding\Syndicate\data\nfl_source\tracking\nflverse\roster\roster_2026.csv,2026-08-01,00-0037831,Nick Zakelj,SF
00-0036942,Osa Odighizuwa,SF,DL,2026,2026-08-01,SF,San Francisco 49ers,Osa Odighizuwa,DL,nflverse_roster,C:\Users\tempadmin\OneDrive\Coding\Syndicate\data\nfl_source\tracking\nflverse\roster\roster_2026.csv,2026-08-01,00-0036942,Osa Odighizuwa,SF
00-0039881,Patrick McMorris,SF,DB,2026,2026-08-01,SF,San Francisco 49ers,Patrick McMorris,DB,nflverse_roster,C:\Users\tempadmin\OneDrive\Coding\Syndicate\data\nfl_source\tracking\nflverse\roster\roster_2026.csv,2026-08-01,00-0039881,Patrick McMorris,SF
00-0035973,Patrick Taylor,SF,RB,2026,2026-08-01,SF,San Francisco 49ers,Patrick Taylor,RB,nflverse_roster,C:\Users\tempadmin\OneDrive\Coding\Syndicate\data\nfl_source\tracking\nflverse\roster\roster_2026.csv,2026-08-01,00-0035973,Patrick Taylor,SF
00-0039345,Renardo Green,SF,DB,2026,2026-08-01,SF,San Francisco 49ers,Renardo Green,DB,nflverse_roster,C:\Users\tempadmin\OneDrive\Coding\Syndicate\data\nfl_source\tracking\nflverse\roster\roster_2026.csv,2026-08-01,00-0039345,Renardo Green,SF
00-0039916,Ricky Pearsall,SF,WR,2026,2026-08-01,SF,San Francisco 49ers,Ricky Pearsall,WR,nflverse_roster,C:\Users\tempadmin\OneDrive\Coding\Syndicate\data\nfl_source\tracking\nflverse\roster\roster_2026.csv,2026-08-01,00-0039916,Ricky Pearsall,SF
00-0036596,Robert Jones,SF,OL,2026,2026-08-01,SF,San Francisco 49ers,Robert Jones,OL,nflverse_roster,C:\Users\tempadmin\OneDrive\Coding\Syndicate\data\nfl_source\tracking\nflverse\roster\roster_2026.csv,2026-08-01,00-0036596,Robert Jones,SF
00-0041556,Romello Height,SF,DL,2026,2026-08-01,SF,San Francisco 49ers,Romello Height,DL,nflverse_roster,C:\Users\tempadmin\OneDrive\Coding\Syndicate\data\nfl_source\tracking\nflverse\roster\roster_2026.csv,2026-08-01,00-0041556,Romello Height,SF
00-0037602,Sam Okuayinonu,SF,DL,2026,2026-08-01,SF,San Francisco 49ers,Sam Okuayinonu,DL,nflverse_roster,C:\Users\tempadmin\OneDrive\Coding\Syndicate\data\nfl_source\tracking\nflverse\roster\roster_2026.csv,2026-08-01,00-0037602,Sam Okuayinonu,SF
00-0040560,Sebastian Valdez,SF,DL,2026,2026-08-01,SF,San Francisco 49ers,Sebastian Valdez,DL,nflverse_roster,C:\Users\tempadmin\OneDrive\Coding\Syndicate\data\nfl_source\tracking\nflverse\roster\roster_2026.csv,2026-08-01,00-0040560,Sebastian Valdez,SF
00-0037509,Sincere McCormick,SF,RB,2026,2026-08-01,SF,San Francisco 49ers,Sincere McCormick,RB,nflverse_roster,C:\Users\tempadmin\OneDrive\Coding\Syndicate\data\nfl_source\tracking\nflverse\roster\roster_2026.csv,2026-08-01,00-0037509,Sincere McCormick,SF
00-0034391,Siran Neal,SF,DB,2026,2026-08-01,SF,San Francisco 49ers,Siran Neal,DB,nflverse_roster,C:\Users\tempadmin\OneDrive\Coding\Syndicate\data\nfl_source\tracking\nflverse\roster\roster_2026.csv,2026-08-01,00-0034391,Siran Neal,SF
00-0039435,Tatum Bethune,SF,LB,2026,2026-08-01,SF,San Francisco 49ers,Tatum Bethune,LB,nflverse_roster,C:\Users\tempadmin\OneDrive\Coding\Syndicate\data\nfl_source\tracking\nflverse\roster\roster_2026.csv,2026-08-01,00-0039435,Tatum Bethune,SF
00-0027857,Trent Williams,SF,OL,2026,2026-08-01,SF,San Francisco 49ers,Trent Williams,OL,nflverse_roster,C:\Users\tempadmin\OneDrive\Coding\Syndicate\data\nfl_source\tracking\nflverse\roster\roster_2026.csv,2026-08-01,00-0027857,Trent Williams,SF
00-0040152,Upton Stout,SF,DB,2026,2026-08-01,SF,San Francisco 49ers,Upton Stout,DB,nflverse_roster,C:\Users\tempadmin\OneDrive\Coding\Syndicate\data\nfl_source\tracking\nflverse\roster\roster_2026.csv,2026-08-01,00-0040152,Upton Stout,SF
00-0037287,Vederian Lowe,SF,OL,2026,2026-08-01,SF,San Francisco 49ers,Vederian Lowe,OL,nflverse_roster,C:\Users\tempadmin\OneDrive\Coding\Syndicate\data\nfl_source\tracking\nflverse\roster\roster_2026.csv,2026-08-01,00-0037287,Vederian Lowe,SF
00-0041359,Wesley Grimes,SF,WR,2026,2026-08-01,SF,San Francisco 49ers,Wesley Grimes,WR,nflverse_roster,C:\Users\tempadmin\OneDrive\Coding\Syndicate\data\nfl_source\tracking\nflverse\roster\roster_2026.csv,2026-08-01,00-0041359,Wesley Grimes,SF
00-0036664,Will Bradley-King,SF,DL,2026,2026-08-01,SF,San Francisco 49ers,Will Bradley-King,DL,nflverse_roster,C:\Users\tempadmin\OneDrive\Coding\Syndicate\data\nfl_source\tracking\nflverse\roster\roster_2026.csv,2026-08-01,00-0036664,Will Bradley-King,SF
00-0041361,Will Pauling,SF,WR,2026,2026-08-01,SF,San Francisco 49ers,Will Pauling,WR,nflverse_roster,C:\Users\tempadmin\OneDrive\Coding\Syndicate\data\nfl_source\tracking\nflverse\roster\roster_2026.csv,2026-08-01,00-0041361,Will Pauling,SF
00-0037618,Zach Thomas,SF,OL,2026,2026-08-01,SF,San Francisco 49ers,Zach Thomas,OL,nflverse_roster,C:\Users\tempadmin\OneDrive\Coding\Syndicate\data\nfl_source\tracking\nflverse\roster\roster_2026.csv,2026-08-01,00-0037618,Zach Thomas,SF
00-0032889,A'Shawn Robinson,TB,DL,2026,2026-08-01,TB,Tampa Bay Buccaneers,A'Shawn Robinson,DL,nflverse_roster,C:\Users\tempadmin\OneDrive\Coding\Syndicate\data\nfl_source\tracking\nflverse\roster\roster_2026.csv,2026-08-01,00-0032889,A'Shawn Robinson,TB
00-0033964,Al-Quadin Muhammad,TB,DL,2026,2026-08-01,TB,Tampa Bay Buccaneers,Al-Quadin Muhammad,DL,nflverse_roster,C:\Users\tempadmin\OneDrive\Coding\Syndicate\data\nfl_source\tracking\nflverse\roster\roster_2026.csv,2026-08-01,00-0033964,Al-Quadin Muhammad,TB
00-0033914,Alex Anzalone,TB,LB,2026,2026-08-01,TB,Tampa Bay Buccaneers,Alex Anzalone,LB,nflverse_roster,C:\Users\tempadmin\OneDrive\Coding\Syndicate\data\nfl_source\tracking\nflverse\roster\roster_2026.csv,2026-08-01,00-0033914,Alex Anzalone,TB
00-0035254,Anthony Nelson,TB,LB,2026,2026-08-01,TB,Tampa Bay Buccaneers,Anthony Nelson,LB,nflverse_roster,C:\Users\tempadmin\OneDrive\Coding\Syndicate\data\nfl_source\tracking\nflverse\roster\roster_2026.csv,2026-08-01,00-0035254,Anthony Nelson,TB
00-0036411,Antoine Winfield Jr.,TB,DB,2026,2026-08-01,TB,Tampa Bay Buccaneers,Antoine Winfield Jr.,DB,nflverse_roster,C:\Users\tempadmin\OneDrive\Coding\Syndicate\data\nfl_source\tracking\nflverse\roster\roster_2026.csv,2026-08-01,00-0036411,Antoine Winfield Jr.,TB
00-0041253,Ayden Garnes,TB,DB,2026,2026-08-01,TB,Tampa Bay Buccaneers,Ayden Garnes,DB,nflverse_roster,C:\Users\tempadmin\OneDrive\Coding\Syndicate\data\nfl_source\tracking\nflverse\roster\roster_2026.csv,2026-08-01,00-0041253,Ayden Garnes,TB
00-0038748,B.T. Potter,TB,K,2026,2026-08-01,TB,Tampa Bay Buccaneers,B.T. Potter,K,nflverse_roster,C:\Users\tempadmin\OneDrive\Coding\Syndicate\data\nfl_source\tracking\nflverse\roster\roster_2026.csv,2026-08-01,00-0038748,B.T. Potter,TB
00-0034855,Baker Mayfield,TB,QB,2026,2026-08-01,TB,Tampa Bay Buccaneers,Baker Mayfield,QB,nflverse_roster,C:\Users\tempadmin\OneDrive\Coding\Syndicate\data\nfl_source\tracking\nflverse\roster\roster_2026.csv,2026-08-01,00-0034855,Baker Mayfield,TB
00-0041094,Bauer Sharp,TB,TE,2026,2026-08-01,TB,Tampa Bay Buccaneers,Bauer Sharp,TE,nflverse_roster,C:\Users\tempadmin\OneDrive\Coding\Syndicate\data\nfl_source\tracking\nflverse\roster\roster_2026.csv,2026-08-01,00-0041094,Bauer Sharp,TB
00-0036132,Ben Bredeson,TB,OL,2026,2026-08-01,TB,Tampa Bay Buccaneers,Ben Bredeson,OL,nflverse_roster,C:\Users\tempadmin\OneDrive\Coding\Syndicate\data\nfl_source\tracking\nflverse\roster\roster_2026.csv,2026-08-01,00-0036132,Ben Bredeson,TB
00-0040427,Ben Scott,TB,OL,2026,2026-08-01,TB,Tampa Bay Buccaneers,Ben Scott,OL,nflverse_roster,C:\Users\tempadmin\OneDrive\Coding\Syndicate\data\nfl_source\tracking\nflverse\roster\roster_2026.csv,2026-08-01,00-0040427,Ben Scott,TB
00-0040417,Benjamin Chukwuma,TB,OL,2026,2026-08-01,TB,Tampa Bay Buccaneers,Benjamin Chukwuma,OL,nflverse_roster,C:\Users\tempadmin\OneDrive\Coding\Syndicate\data\nfl_source\tracking\nflverse\roster\roster_2026.csv,2026-08-01,00-0040417,Benjamin Chukwuma,TB
00-0040747,Benjamin Morrison,TB,DB,2026,2026-08-01,TB,Tampa Bay Buccaneers,Benjamin Morrison,DB,nflverse_roster,C:\Users\tempadmin\OneDrive\Coding\Syndicate\data\nfl_source\tracking\nflverse\roster\roster_2026.csv,2026-08-01,00-0040747,Benjamin Morrison,TB
00-0041082,Billy Schrauth,TB,OL,2026,2026-08-01,TB,Tampa Bay Buccaneers,Billy Schrauth,OL,nflverse_roster,C:\Users\tempadmin\OneDrive\Coding\Syndicate\data\nfl_source\tracking\nflverse\roster\roster_2026.csv,2026-08-01,00-0041082,Billy Schrauth,TB
00-0039361,Bucky Irving,TB,RB,2026,2026-08-01,TB,Tampa Bay Buccaneers,Bucky Irving,RB,nflverse_roster,C:\Users\tempadmin\OneDrive\Coding\Syndicate\data\nfl_source\tracking\nflverse\roster\roster_2026.csv,2026-08-01,00-0039361,Bucky Irving,TB
00-0038129,Cade Otton,TB,TE,2026,2026-08-01,TB,Tampa Bay Buccaneers,Cade Otton,TE,nflverse_roster,C:\Users\tempadmin\OneDrive\Coding\Syndicate\data\nfl_source\tracking\nflverse\roster\roster_2026.csv,2026-08-01,00-0038129,Cade Otton,TB
00-0041338,Caden Fordham,TB,LB,2026,2026-08-01,TB,Tampa Bay Buccaneers,Caden Fordham,LB,nflverse_roster,C:\Users\tempadmin\OneDrive\Coding\Syndicate\data\nfl_source\tracking\nflverse\roster\roster_2026.csv,2026-08-01,00-0041338,Caden Fordham,TB
00-0039063,Calijah Kancey,TB,DL,2026,2026-08-01,TB,Tampa Bay Buccaneers,Calijah Kancey,DL,nflverse_roster,C:\Users\tempadmin\OneDrive\Coding\Syndicate\data\nfl_source\tracking\nflverse\roster\roster_2026.csv,2026-08-01,00-0039063,Calijah Kancey,TB
00-0037321,Chase Lucas,TB,DB,2026,2026-08-01,TB,Tampa Bay Buccaneers,Chase Lucas,DB,nflverse_roster,C:\Users\tempadmin\OneDrive\Coding\Syndicate\data\nfl_source\tracking\nflverse\roster\roster_2026.csv,2026-08-01,00-0037321,Chase Lucas,TB
00-0035358,Chase McLaughlin,TB,K,2026,2026-08-01,TB,Tampa Bay Buccaneers,Chase McLaughlin,K,nflverse_roster,C:\Users\tempadmin\OneDrive\Coding\Syndicate\data\nfl_source\tracking\nflverse\roster\roster_2026.csv,2026-08-01,00-0035358,Chase McLaughlin,TB
00-0039902,Chris Braswell,TB,LB,2026,2026-08-01,TB,Tampa Bay Buccaneers,Chris Braswell,LB,nflverse_roster,C:\Users\tempadmin\OneDrive\Coding\Syndicate\data\nfl_source\tracking\nflverse\roster\roster_2026.csv,2026-08-01,00-0039902,Chris Braswell,TB
00-0033921,Chris Godwin Jr.,TB,WR,2026,2026-08-01,TB,Tampa Bay Buccaneers,Chris Godwin Jr.,WR,nflverse_roster,C:\Users\tempadmin\OneDrive\Coding\Syndicate\data\nfl_source\tracking\nflverse\roster\roster_2026.csv,2026-08-01,00-0033921,Chris Godwin Jr.,TB
00-0035942,Christian Rozeboom,TB,LB,2026,2026-08-01,TB,Tampa Bay Buccaneers,Christian Rozeboom,LB,nflverse_roster,C:\Users\tempadmin\OneDrive\Coding\Syndicate\data\nfl_source\tracking\nflverse\roster\roster_2026.csv,2026-08-01,00-0035942,Christian Rozeboom,TB
00-0039157,Cody Mauch,TB,OL,2026,2026-08-01,TB,Tampa Bay Buccaneers,Cody Mauch,OL,nflverse_roster,C:\Users\tempadmin\OneDrive\Coding\Syndicate\data\nfl_source\tracking\nflverse\roster\roster_2026.csv,2026-08-01,00-0039157,Cody Mauch,TB
00-0040415,Connor Bazelak,TB,QB,2026,2026-08-01,TB,Tampa Bay Buccaneers,Connor Bazelak,QB,nflverse_roster,C:\Users\tempadmin\OneDrive\Coding\Syndicate\data\nfl_source\tracking\nflverse\roster\roster_2026.csv,2026-08-01,00-0040415,Connor Bazelak,TB
00-0037984,Damarion Williams,TB,DB,2026,2026-08-01,TB,Tampa Bay Buccaneers,Damarion Williams,DB,nflverse_roster,C:\Users\tempadmin\OneDrive\Coding\Syndicate\data\nfl_source\tracking\nflverse\roster\roster_2026.csv,2026-08-01,00-0037984,Damarion Williams,TB
00-0033910,Dan Feeney,TB,OL,2026,2026-08-01,TB,Tampa Bay Buccaneers,Dan Feeney,OL,nflverse_roster,C:\Users\tempadmin\OneDrive\Coding\Syndicate\data\nfl_source\tracking\nflverse\roster\roster_2026.csv,2026-08-01,00-0033910,Dan Feeney,TB
00-0035359,David Sills,TB,WR,2026,2026-08-01,TB,Tampa Bay Buccaneers,David Sills,WR,nflverse_roster,C:\Users\tempadmin\OneDrive\Coding\Syndicate\data\nfl_source\tracking\nflverse\roster\roster_2026.csv,2026-08-01,00-0035359,David Sills,TB
00-0040158,David Walker,TB,LB,2026,2026-08-01,TB,Tampa Bay Buccaneers,David Walker,LB,nflverse_roster,C:\Users\tempadmin\OneDrive\Coding\Syndicate\data\nfl_source\tracking\nflverse\roster\roster_2026.csv,2026-08-01,00-0040158,David Walker,TB
00-0041079,DeMonte Capehart,TB,DL,2026,2026-08-01,TB,Tampa Bay Buccaneers,DeMonte Capehart,DL,nflverse_roster,C:\Users\tempadmin\OneDrive\Coding\Syndicate\data\nfl_source\tracking\nflverse\roster\roster_2026.csv,2026-08-01,00-0041079,DeMonte Capehart,TB
00-0041339,DeShawn McKnight,TB,DL,2026,2026-08-01,TB,Tampa Bay Buccaneers,DeShawn McKnight,DL,nflverse_roster,C:\Users\tempadmin\OneDrive\Coding\Syndicate\data\nfl_source\tracking\nflverse\roster\roster_2026.csv,2026-08-01,00-0041339,DeShawn McKnight,TB
00-0041435,Dean Patterson,TB,WR,2026,2026-08-01,TB,Tampa Bay Buccaneers,Dean Patterson,WR,nflverse_roster,C:\Users\tempadmin\OneDrive\Coding\Syndicate\data\nfl_source\tracking\nflverse\roster\roster_2026.csv,2026-08-01,00-0041435,Dean Patterson,TB
00-0037570,Dennis Houston,TB,WR,2026,2026-08-01,TB,Tampa Bay Buccaneers,Dennis Houston,WR,nflverse_roster,C:\Users\tempadmin\OneDrive\Coding\Syndicate\data\nfl_source\tracking\nflverse\roster\roster_2026.csv,2026-08-01,00-0037570,Dennis Houston,TB
00-0039754,Devin Culp,TB,TE,2026,2026-08-01,TB,Tampa Bay Buccaneers,Devin Culp,TE,nflverse_roster,C:\Users\tempadmin\OneDrive\Coding\Syndicate\data\nfl_source\tracking\nflverse\roster\roster_2026.csv,2026-08-01,00-0039754,Devin Culp,TB
00-0039411,Elijah Klein,TB,OL,2026,2026-08-01,TB,Tampa Bay Buccaneers,Elijah Klein,OL,nflverse_roster,C:\Users\tempadmin\OneDrive\Coding\Syndicate\data\nfl_source\tracking\nflverse\roster\roster_2026.csv,2026-08-01,00-0039411,Elijah Klein,TB
00-0040183,Elijah Roberts,TB,DL,2026,2026-08-01,TB,Tampa Bay Buccaneers,Elijah Roberts,DL,nflverse_roster,C:\Users\tempadmin\OneDrive\Coding\Syndicate\data\nfl_source\tracking\nflverse\roster\roster_2026.csv,2026-08-01,00-0040183,Elijah Roberts,TB
00-0040384,Elijah Simmons,TB,DL,2026,2026-08-01,TB,Tampa Bay Buccaneers,Elijah Simmons,DL,nflverse_roster,C:\Users\tempadmin\OneDrive\Coding\Syndicate\data\nfl_source\tracking\nflverse\roster\roster_2026.csv,2026-08-01,00-0040384,Elijah Simmons,TB
00-0040129,Emeka Egbuka,TB,WR,2026,2026-08-01,TB,Tampa Bay Buccaneers,Emeka Egbuka,WR,nflverse_roster,C:\Users\tempadmin\OneDrive\Coding\Syndicate\data\nfl_source\tracking\nflverse\roster\roster_2026.csv,2026-08-01,00-0040129,Emeka Egbuka,TB
00-0041257,Eric Rivers,TB,WR,2026,2026-08-01,TB,Tampa Bay Buccaneers,Eric Rivers,WR,nflverse_roster,C:\Users\tempadmin\OneDrive\Coding\Syndicate\data\nfl_source\tracking\nflverse\roster\roster_2026.csv,2026-08-01,00-0041257,Eric Rivers,TB
00-0038817,Evan Deckers,TB,LS,2026,2026-08-01,TB,Tampa Bay Buccaneers,Evan Deckers,LS,nflverse_roster,C:\Users\tempadmin\OneDrive\Coding\Syndicate\data\nfl_source\tracking\nflverse\roster\roster_2026.csv,2026-08-01,00-0038817,Evan Deckers,TB
00-0040419,Garrett Greene,TB,WR,2026,2026-08-01,TB,Tampa Bay Buccaneers,Garrett Greene,WR,nflverse_roster,C:\Users\tempadmin\OneDrive\Coding\Syndicate\data\nfl_source\tracking\nflverse\roster\roster_2026.csv,2026-08-01,00-0040419,Garrett Greene,TB
00-0039905,Graham Barton,TB,OL,2026,2026-08-01,TB,Tampa Bay Buccaneers,Graham Barton,OL,nflverse_roster,C:\Users\tempadmin\OneDrive\Coding\Syndicate\data\nfl_source\tracking\nflverse\roster\roster_2026.csv,2026-08-01,00-0039905,Graham Barton,TB
00-0037041,Haggai Ndubuisi,TB,DL,2026,2026-08-01,TB,Tampa Bay Buccaneers,Haggai Ndubuisi,DL,nflverse_roster,C:\Users\tempadmin\OneDrive\Coding\Syndicate\data\nfl_source\tracking\nflverse\roster\roster_2026.csv,2026-08-01,00-0037041,Haggai Ndubuisi,TB
00-0041255,Henry Lutovsky,TB,OL,2026,2026-08-01,TB,Tampa Bay Buccaneers,Henry Lutovsky,OL,nflverse_roster,C:\Users\tempadmin\OneDrive\Coding\Syndicate\data\nfl_source\tracking\nflverse\roster\roster_2026.csv,2026-08-01,00-0041255,Henry Lutovsky,TB
00-0040425,JJ Roberts,TB,DB,2026,2026-08-01,TB,Tampa Bay Buccaneers,JJ Roberts,DB,nflverse_roster,C:\Users\tempadmin\OneDrive\Coding\Syndicate\data\nfl_source\tracking\nflverse\roster\roster_2026.csv,2026-08-01,00-0040425,JJ Roberts,TB
00-0041337,Ja'Qurious Conley,TB,DB,2026,2026-08-01,TB,Tampa Bay Buccaneers,Ja'Qurious Conley,DB,nflverse_roster,C:\Users\tempadmin\OneDrive\Coding\Syndicate\data\nfl_source\tracking\nflverse\roster\roster_2026.csv,2026-08-01,00-0041337,Ja'Qurious Conley,TB
00-0041256,Jack Pyburn,TB,DL,2026,2026-08-01,TB,Tampa Bay Buccaneers,Jack Pyburn,DL,nflverse_roster,C:\Users\tempadmin\OneDrive\Coding\Syndicate\data\nfl_source\tracking\nflverse\roster\roster_2026.csv,2026-08-01,00-0041256,Jack Pyburn,TB
00-0040143,Jacob Parrish,TB,DB,2026,2026-08-01,TB,Tampa Bay Buccaneers,Jacob Parrish,DB,nflverse_roster,C:\Users\tempadmin\OneDrive\Coding\Syndicate\data\nfl_source\tracking\nflverse\roster\roster_2026.csv,2026-08-01,00-0040143,Jacob Parrish,TB
00-0035100,Jake Browning,TB,QB,2026,2026-08-01,TB,Tampa Bay Buccaneers,Jake Browning,QB,nflverse_roster,C:\Users\tempadmin\OneDrive\Coding\Syndicate\data\nfl_source\tracking\nflverse\roster\roster_2026.csv,2026-08-01,00-0035100,Jake Browning,TB
00-0039855,Jalen McMillan,TB,WR,2026,2026-08-01,TB,Tampa Bay Buccaneers,Jalen McMillan,WR,nflverse_roster,C:\Users\tempadmin\OneDrive\Coding\Syndicate\data\nfl_source\tracking\nflverse\roster\roster_2026.csv,2026-08-01,00-0039855,Jalen McMillan,TB
00-0041251,Jalon Daniels,TB,QB,2026,2026-08-01,TB,Tampa Bay Buccaneers,Jalon Daniels,QB,nflverse_roster,C:\Users\tempadmin\OneDrive\Coding\Syndicate\data\nfl_source\tracking\nflverse\roster\roster_2026.csv,2026-08-01,00-0041251,Jalon Daniels,TB
00-0041424,Javin Wright,TB,LB,2026,2026-08-01,TB,Tampa Bay Buccaneers,Javin Wright,LB,nflverse_roster,C:\Users\tempadmin\OneDrive\Coding\Syndicate\data\nfl_source\tracking\nflverse\roster\roster_2026.csv,2026-08-01,00-0041424,Javin Wright,TB
00-0040105,Jayson Jones,TB,DL,2026,2026-08-01,TB,Tampa Bay Buccaneers,Jayson Jones,DL,nflverse_roster,C:\Users\tempadmin\OneDrive\Coding\Syndicate\data\nfl_source\tracking\nflverse\roster\roster_2026.csv,2026-08-01,00-0040105,Jayson Jones,TB
00-0040416,John Bullock,TB,LB,2026,2026-08-01,TB,Tampa Bay Buccaneers,John Bullock,LB,nflverse_roster,C:\Users\tempadmin\OneDrive\Coding\Syndicate\data\nfl_source\tracking\nflverse\roster\roster_2026.csv,2026-08-01,00-0040416,John Bullock,TB
00-0039051,Josh Hayes,TB,DB,2026,2026-08-01,TB,Tampa Bay Buccaneers,Josh Hayes,DB,nflverse_roster,C:\Users\tempadmin\OneDrive\Coding\Syndicate\data\nfl_source\tracking\nflverse\roster\roster_2026.csv,2026-08-01,00-0039051,Josh Hayes,TB
00-0040429,Josh Williams,TB,RB,2026,2026-08-01,TB,Tampa Bay Buccaneers,Josh Williams,RB,nflverse_roster,C:\Users\tempadmin\OneDrive\Coding\Syndicate\data\nfl_source\tracking\nflverse\roster\roster_2026.csv,2026-08-01,00-0040429,Josh Williams,TB
00-0041254,Josiah Green,TB,DL,2026,2026-08-01,TB,Tampa Bay Buccaneers,Josiah Green,DL,nflverse_roster,C:\Users\tempadmin\OneDrive\Coding\Syndicate\data\nfl_source\tracking\nflverse\roster\roster_2026.csv,2026-08-01,00-0041254,Josiah Green,TB
00-0041502,Josiah Trotter,TB,LB,2026,2026-08-01,TB,Tampa Bay Buccaneers,Josiah Trotter,LB,nflverse_roster,C:\Users\tempadmin\OneDrive\Coding\Syndicate\data\nfl_source\tracking\nflverse\roster\roster_2026.csv,2026-08-01,00-0041502,Josiah Trotter,TB
00-0034989,Justin Skule,TB,OL,2026,2026-08-01,TB,Tampa Bay Buccaneers,Justin Skule,OL,nflverse_roster,C:\Users\tempadmin\OneDrive\Coding\Syndicate\data\nfl_source\tracking\nflverse\roster\roster_2026.csv,2026-08-01,00-0034989,Justin Skule,TB
00-0041433,Kadarius Calloway,TB,RB,2026,2026-08-01,TB,Tampa Bay Buccaneers,Kadarius Calloway,RB,nflverse_roster,C:\Users\tempadmin\OneDrive\Coding\Syndicate\data\nfl_source\tracking\nflverse\roster\roster_2026.csv,2026-08-01,00-0041433,Kadarius Calloway,TB
00-0039589,Kameron Johnson,TB,WR,2026,2026-08-01,TB,Tampa Bay Buccaneers,Kameron Johnson,WR,nflverse_roster,C:\Users\tempadmin\OneDrive\Coding\Syndicate\data\nfl_source\tracking\nflverse\roster\roster_2026.csv,2026-08-01,00-0039589,Kameron Johnson,TB
00-0041057,Keionte Scott,TB,DB,2026,2026-08-01,TB,Tampa Bay Buccaneers,Keionte Scott,DB,nflverse_roster,C:\Users\tempadmin\OneDrive\Coding\Syndicate\data\nfl_source\tracking\nflverse\roster\roster_2026.csv,2026-08-01,00-0041057,Keionte Scott,TB
00-0035542,Kemon Hall,TB,DB,2026,2026-08-01,TB,Tampa Bay Buccaneers,Kemon Hall,DB,nflverse_roster,C:\Users\tempadmin\OneDrive\Coding\Syndicate\data\nfl_source\tracking\nflverse\roster\roster_2026.csv,2026-08-01,00-0035542,Kemon Hall,TB
00-0036919,Kenneth Gainwell,TB,RB,2026,2026-08-01,TB,Tampa Bay Buccaneers,Kenneth Gainwell,RB,nflverse_roster,C:\Users\tempadmin\OneDrive\Coding\Syndicate\data\nfl_source\tracking\nflverse\roster\roster_2026.csv,2026-08-01,00-0036919,Kenneth Gainwell,TB
00-0041252,Kenny Fletcher,TB,TE,2026,2026-08-01,TB,Tampa Bay Buccaneers,Kenny Fletcher,TE,nflverse_roster,C:\Users\tempadmin\OneDrive\Coding\Syndicate\data\nfl_source\tracking\nflverse\roster\roster_2026.csv,2026-08-01,00-0041252,Kenny Fletcher,TB
00-0037311,Ko Kieft,TB,TE,2026,2026-08-01,TB,Tampa Bay Buccaneers,Ko Kieft,TE,nflverse_roster,C:\Users\tempadmin\OneDrive\Coding\Syndicate\data\nfl_source\tracking\nflverse\roster\roster_2026.csv,2026-08-01,00-0037311,Ko Kieft,TB
00-0037835,Luke Goedeke,TB,OL,2026,2026-08-01,TB,Tampa Bay Buccaneers,Luke Goedeke,OL,nflverse_roster,C:\Users\tempadmin\OneDrive\Coding\Syndicate\data\nfl_source\tracking\nflverse\roster\roster_2026.csv,2026-08-01,00-0037835,Luke Goedeke,TB
00-0038818,Luke Haggard,TB,OL,2026,2026-08-01,TB,Tampa Bay Buccaneers,Luke Haggard,OL,nflverse_roster,C:\Users\tempadmin\OneDrive\Coding\Syndicate\data\nfl_source\tracking\nflverse\roster\roster_2026.csv,2026-08-01,00-0038818,Luke Haggard,TB
00-0039582,Marcus Banks,TB,DB,2026,2026-08-01,TB,Tampa Bay Buccaneers,Marcus Banks,DB,nflverse_roster,C:\Users\tempadmin\OneDrive\Coding\Syndicate\data\nfl_source\tracking\nflverse\roster\roster_2026.csv,2026-08-01,00-0039582,Marcus Banks,TB
00-0040349,Marshall Foerner,TB,OL,2026,2026-08-01,TB,Tampa Bay Buccaneers,Marshall Foerner,OL,nflverse_roster,C:\Users\tempadmin\OneDrive\Coding\Syndicate\data\nfl_source\tracking\nflverse\roster\roster_2026.csv,2026-08-01,00-0040349,Marshall Foerner,TB
00-0032399,Miles Killebrew,TB,DB,2026,2026-08-01,TB,Tampa Bay Buccaneers,Miles Killebrew,DB,nflverse_roster,C:\Users\tempadmin\OneDrive\Coding\Syndicate\data\nfl_source\tracking\nflverse\roster\roster_2026.csv,2026-08-01,00-0032399,Miles Killebrew,TB
00-0039877,Mohamed Kamara,TB,LB,2026,2026-08-01,TB,Tampa Bay Buccaneers,Mohamed Kamara,LB,nflverse_roster,C:\Users\tempadmin\OneDrive\Coding\Syndicate\data\nfl_source\tracking\nflverse\roster\roster_2026.csv,2026-08-01,00-0039877,Mohamed Kamara,TB
00-0040420,Nash Hutmacher,TB,DL,2026,2026-08-01,TB,Tampa Bay Buccaneers,Nash Hutmacher,DL,nflverse_roster,C:\Users\tempadmin\OneDrive\Coding\Syndicate\data\nfl_source\tracking\nflverse\roster\roster_2026.csv,2026-08-01,00-0040420,Nash Hutmacher,TB
00-0040625,Nick Jackson,TB,LB,2026,2026-08-01,TB,Tampa Bay Buccaneers,Nick Jackson,LB,nflverse_roster,C:\Users\tempadmin\OneDrive\Coding\Syndicate\data\nfl_source\tracking\nflverse\roster\roster_2026.csv,2026-08-01,00-0040625,Nick Jackson,TB
Paul Rubelt|TB|OL,Paul Rubelt,TB,OL,2026,2026-08-01,TB,Tampa Bay Buccaneers,Paul Rubelt,OL,nflverse_roster,C:\Users\tempadmin\OneDrive\Coding\Syndicate\data\nfl_source\tracking\nflverse\roster\roster_2026.csv,2026-08-01,Paul Rubelt|TB|OL,Paul Rubelt,TB
00-0039050,Payne Durham,TB,TE,2026,2026-08-01,TB,Tampa Bay Buccaneers,Payne Durham,TE,nflverse_roster,C:\Users\tempadmin\OneDrive\Coding\Syndicate\data\nfl_source\tracking\nflverse\roster\roster_2026.csv,2026-08-01,00-0039050,Payne Durham,TB
00-0031957,Rakeem Nunez-Roches,TB,DL,2026,2026-08-01,TB,Tampa Bay Buccaneers,Rakeem Nunez-Roches,DL,nflverse_roster,C:\Users\tempadmin\OneDrive\Coding\Syndicate\data\nfl_source\tracking\nflverse\roster\roster_2026.csv,2026-08-01,00-0031957,Rakeem Nunez-Roches,TB
00-0039596,Rashad Wisdom,TB,DB,2026,2026-08-01,TB,Tampa Bay Buccaneers,Rashad Wisdom,DB,nflverse_roster,C:\Users\tempadmin\OneDrive\Coding\Syndicate\data\nfl_source\tracking\nflverse\roster\roster_2026.csv,2026-08-01,00-0039596,Rashad Wisdom,TB
00-0032943,Riley Dixon,TB,P,2026,2026-08-01,TB,Tampa Bay Buccaneers,Riley Dixon,P,nflverse_roster,C:\Users\tempadmin\OneDrive\Coding\Syndicate\data\nfl_source\tracking\nflverse\roster\roster_2026.csv,2026-08-01,00-0032943,Riley Dixon,TB
00-0041031,Rueben Bain,TB,LB,2026,2026-08-01,TB,Tampa Bay Buccaneers,Rueben Bain,LB,nflverse_roster,C:\Users\tempadmin\OneDrive\Coding\Syndicate\data\nfl_source\tracking\nflverse\roster\roster_2026.csv,2026-08-01,00-0041031,Rueben Bain,TB
00-0034067,Scott Daly,TB,LS,2026,2026-08-01,TB,Tampa Bay Buccaneers,Scott Daly,LS,nflverse_roster,C:\Users\tempadmin\OneDrive\Coding\Syndicate\data\nfl_source\tracking\nflverse\roster\roster_2026.csv,2026-08-01,00-0034067,Scott Daly,TB
00-0038951,Sean Tucker,TB,RB,2026,2026-08-01,TB,Tampa Bay Buccaneers,Sean Tucker,RB,nflverse_roster,C:\Users\tempadmin\OneDrive\Coding\Syndicate\data\nfl_source\tracking\nflverse\roster\roster_2026.csv,2026-08-01,00-0038951,Sean Tucker,TB
00-0039049,SirVocea Dennis,TB,LB,2026,2026-08-01,TB,Tampa Bay Buccaneers,SirVocea Dennis,LB,nflverse_roster,C:\Users\tempadmin\OneDrive\Coding\Syndicate\data\nfl_source\tracking\nflverse\roster\roster_2026.csv,2026-08-01,00-0039049,SirVocea Dennis,TB
00-0041048,Ted Hurst,TB,WR,2026,2026-08-01,TB,Tampa Bay Buccaneers,Ted Hurst,WR,nflverse_roster,C:\Users\tempadmin\OneDrive\Coding\Syndicate\data\nfl_source\tracking\nflverse\roster\roster_2026.csv,2026-08-01,00-0041048,Ted Hurst,TB
00-0040237,Tez Johnson,TB,WR,2026,2026-08-01,TB,Tampa Bay Buccaneers,Tez Johnson,WR,nflverse_roster,C:\Users\tempadmin\OneDrive\Coding\Syndicate\data\nfl_source\tracking\nflverse\roster\roster_2026.csv,2026-08-01,00-0040237,Tez Johnson,TB
00-0036406,Tristan Wirfs,TB,OL,2026,2026-08-01,TB,Tampa Bay Buccaneers,Tristan Wirfs,OL,nflverse_roster,C:\Users\tempadmin\OneDrive\Coding\Syndicate\data\nfl_source\tracking\nflverse\roster\roster_2026.csv,2026-08-01,00-0036406,Tristan Wirfs,TB
00-0039846,Tykee Smith,TB,DB,2026,2026-08-01,TB,Tampa Bay Buccaneers,Tykee Smith,DB,nflverse_roster,C:\Users\tempadmin\OneDrive\Coding\Syndicate\data\nfl_source\tracking\nflverse\roster\roster_2026.csv,2026-08-01,00-0039846,Tykee Smith,TB
00-0034773,Vita Vea,TB,DL,2026,2026-08-01,TB,Tampa Bay Buccaneers,Vita Vea,DL,nflverse_roster,C:\Users\tempadmin\OneDrive\Coding\Syndicate\data\nfl_source\tracking\nflverse\roster\roster_2026.csv,2026-08-01,00-0034773,Vita Vea,TB
00-0041434,Yasir Holmes,TB,DL,2026,2026-08-01,TB,Tampa Bay Buccaneers,Yasir Holmes,DL,nflverse_roster,C:\Users\tempadmin\OneDrive\Coding\Syndicate\data\nfl_source\tracking\nflverse\roster\roster_2026.csv,2026-08-01,00-0041434,Yasir Holmes,TB
00-0039068,Yaya Diaby,TB,LB,2026,2026-08-01,TB,Tampa Bay Buccaneers,Yaya Diaby,LB,nflverse_roster,C:\Users\tempadmin\OneDrive\Coding\Syndicate\data\nfl_source\tracking\nflverse\roster\roster_2026.csv,2026-08-01,00-0039068,Yaya Diaby,TB
00-0037268,Zyon McCollum,TB,DB,2026,2026-08-01,TB,Tampa Bay Buccaneers,Zyon McCollum,DB,nflverse_roster,C:\Users\tempadmin\OneDrive\Coding\Syndicate\data\nfl_source\tracking\nflverse\roster\roster_2026.csv,2026-08-01,00-0037268,Zyon McCollum,TB
00-0040921,Aamil Wagner,TEN,OL,2026,2026-08-01,TEN,Tennessee Titans,Aamil Wagner,OL,nflverse_roster,C:\Users\tempadmin\OneDrive\Coding\Syndicate\data\nfl_source\tracking\nflverse\roster\roster_2026.csv,2026-08-01,00-0040921,Aamil Wagner,TEN
00-0038121,Alontae Taylor,TEN,DB,2026,2026-08-01,TEN,Tennessee Titans,Alontae Taylor,DB,nflverse_roster,C:\Users\tempadmin\OneDrive\Coding\Syndicate\data\nfl_source\tracking\nflverse\roster\roster_2026.csv,2026-08-01,00-0038121,Alontae Taylor,TEN
00-0035632,Amani Hooker,TEN,DB,2026,2026-08-01,TEN,Tennessee Titans,Amani Hooker,DB,nflverse_roster,C:\Users\tempadmin\OneDrive\Coding\Syndicate\data\nfl_source\tracking\nflverse\roster\roster_2026.csv,2026-08-01,00-0035632,Amani Hooker,TEN
00-0041479,Anthony Hill,TEN,LB,2026,2026-08-01,TEN,Tennessee Titans,Anthony Hill,LB,nflverse_roster,C:\Users\tempadmin\OneDrive\Coding\Syndicate\data\nfl_source\tracking\nflverse\roster\roster_2026.csv,2026-08-01,00-0041479,Anthony Hill,TEN
00-0037302,Austin Deculus,TEN,OL,2026,2026-08-01,TEN,Tennessee Titans,Austin Deculus,OL,nflverse_roster,C:\Users\tempadmin\OneDrive\Coding\Syndicate\data\nfl_source\tracking\nflverse\roster\roster_2026.csv,2026-08-01,00-0037302,Austin Deculus,TEN
00-0034112,Austin Schlottmann,TEN,OL,2026,2026-08-01,TEN,Tennessee Titans,Austin Schlottmann,OL,nflverse_roster,C:\Users\tempadmin\OneDrive\Coding\Syndicate\data\nfl_source\tracking\nflverse\roster\roster_2026.csv,2026-08-01,00-0034112,Austin Schlottmann,TEN
00-0040914,Bishop Fitzgerald,TEN,DB,2026,2026-08-01,TEN,Tennessee Titans,Bishop Fitzgerald,DB,nflverse_roster,C:\Users\tempadmin\OneDrive\Coding\Syndicate\data\nfl_source\tracking\nflverse\roster\roster_2026.csv,2026-08-01,00-0040914,Bishop Fitzgerald,TEN
00-0040512,Brandon Crenshaw-Dickson,TEN,OL,2026,2026-08-01,TEN,Tennessee Titans,Brandon Crenshaw-Dickson,OL,nflverse_roster,C:\Users\tempadmin\OneDrive\Coding\Syndicate\data\nfl_source\tracking\nflverse\roster\roster_2026.csv,2026-08-01,00-0040512,Brandon Crenshaw-Dickson,TEN
00-0039650,Bryce Oliver,TEN,WR,2026,2026-08-01,TEN,Tennessee Titans,Bryce Oliver,WR,nflverse_roster,C:\Users\tempadmin\OneDrive\Coding\Syndicate\data\nfl_source\tracking\nflverse\roster\roster_2026.csv,2026-08-01,00-0039650,Bryce Oliver,TEN
00-0039332,C.J. Ravenell,TEN,DL,2026,2026-08-01,TEN,Tennessee Titans,C.J. Ravenell,DL,nflverse_roster,C:\Users\tempadmin\OneDrive\Coding\Syndicate\data\nfl_source\tracking\nflverse\roster\roster_2026.csv,2026-08-01,00-0039332,C.J. Ravenell,TEN
00-0034837,Calvin Ridley,TEN,WR,2026,2026-08-01,TEN,Tennessee Titans,Calvin Ridley,WR,nflverse_roster,C:\Users\tempadmin\OneDrive\Coding\Syndicate\data\nfl_source\tracking\nflverse\roster\roster_2026.csv,2026-08-01,00-0034837,Calvin Ridley,TEN
00-0040517,Cam Horsley,TEN,DL,2026,2026-08-01,TEN,Tennessee Titans,Cam Horsley,DL,nflverse_roster,C:\Users\tempadmin\OneDrive\Coding\Syndicate\data\nfl_source\tracking\nflverse\roster\roster_2026.csv,2026-08-01,00-0040517,Cam Horsley,TEN
00-0040676,Cam Ward,TEN,QB,2026,2026-08-01,TEN,Tennessee Titans,Cam Ward,QB,nflverse_roster,C:\Users\tempadmin\OneDrive\Coding\Syndicate\data\nfl_source\tracking\nflverse\roster\roster_2026.csv,2026-08-01,00-0040676,Cam Ward,TEN
00-0041438,Carnell Tate,TEN,WR,2026,2026-08-01,TEN,Tennessee Titans,Carnell Tate,WR,nflverse_roster,C:\Users\tempadmin\OneDrive\Coding\Syndicate\data\nfl_source\tracking\nflverse\roster\roster_2026.csv,2026-08-01,00-0041438,Carnell Tate,TEN
00-0039858,Cedric Gray,TEN,LB,2026,2026-08-01,TEN,Tennessee Titans,Cedric Gray,LB,nflverse_roster,C:\Users\tempadmin\OneDrive\Coding\Syndicate\data\nfl_source\tracking\nflverse\roster\roster_2026.csv,2026-08-01,00-0039858,Cedric Gray,TEN
00-0040705,Chimere Dike,TEN,WR,2026,2026-08-01,TEN,Tennessee Titans,Chimere Dike,WR,nflverse_roster,C:\Users\tempadmin\OneDrive\Coding\Syndicate\data\nfl_source\tracking\nflverse\roster\roster_2026.csv,2026-08-01,00-0040705,Chimere Dike,TEN
00-0035672,Cody Barton,TEN,LB,2026,2026-08-01,TEN,Tennessee Titans,Cody Barton,LB,nflverse_roster,C:\Users\tempadmin\OneDrive\Coding\Syndicate\data\nfl_source\tracking\nflverse\roster\roster_2026.csv,2026-08-01,00-0035672,Cody Barton,TEN
00-0037758,Cordale Flott,TEN,DB,2026,2026-08-01,TEN,Tennessee Titans,Cordale Flott,DB,nflverse_roster,C:\Users\tempadmin\OneDrive\Coding\Syndicate\data\nfl_source\tracking\nflverse\roster\roster_2026.csv,2026-08-01,00-0037758,Cordale Flott,TEN
00-0038095,Cordell Volson,TEN,OL,2026,2026-08-01,TEN,Tennessee Titans,Cordell Volson,OL,nflverse_roster,C:\Users\tempadmin\OneDrive\Coding\Syndicate\data\nfl_source\tracking\nflverse\roster\roster_2026.csv,2026-08-01,00-0038095,Cordell Volson,TEN
00-0040445,Courtney Jackson,TEN,WR,2026,2026-08-01,TEN,Tennessee Titans,Courtney Jackson,WR,nflverse_roster,C:\Users\tempadmin\OneDrive\Coding\Syndicate\data\nfl_source\tracking\nflverse\roster\roster_2026.csv,2026-08-01,00-0040445,Courtney Jackson,TEN
00-0036869,Dan Moore Jr.,TEN,OL,2026,2026-08-01,TEN,Tennessee Titans,Dan Moore Jr.,OL,nflverse_roster,C:\Users\tempadmin\OneDrive\Coding\Syndicate\data\nfl_source\tracking\nflverse\roster\roster_2026.csv,2026-08-01,00-0036869,Dan Moore Jr.,TEN
00-0038115,Daniel Bellinger,TEN,TE,2026,2026-08-01,TEN,Tennessee Titans,Daniel Bellinger,TE,nflverse_roster,C:\Users\tempadmin\OneDrive\Coding\Syndicate\data\nfl_source\tracking\nflverse\roster\roster_2026.csv,2026-08-01,00-0038115,Daniel Bellinger,TEN
00-0039177,David Agoha,TEN,DL,2026,2026-08-01,TEN,Tennessee Titans,David Agoha,DL,nflverse_roster,C:\Users\tempadmin\OneDrive\Coding\Syndicate\data\nfl_source\tracking\nflverse\roster\roster_2026.csv,2026-08-01,00-0039177,David Agoha,TEN
00-0039648,David Martin-Robinson,TEN,TE,2026,2026-08-01,TEN,Tennessee Titans,David Martin-Robinson,TE,nflverse_roster,C:\Users\tempadmin\OneDrive\Coding\Syndicate\data\nfl_source\tracking\nflverse\roster\roster_2026.csv,2026-08-01,00-0039648,David Martin-Robinson,TEN
00-0040503,Dorian Mausi,TEN,LB,2026,2026-08-01,TEN,Tennessee Titans,Dorian Mausi,LB,nflverse_roster,C:\Users\tempadmin\OneDrive\Coding\Syndicate\data\nfl_source\tracking\nflverse\roster\roster_2026.csv,2026-08-01,00-0040503,Dorian Mausi,TEN
00-0040557,Drew Moss,TEN,OL,2026,2026-08-01,TEN,Tennessee Titans,Drew Moss,OL,nflverse_roster,C:\Users\tempadmin\OneDrive\Coding\Syndicate\data\nfl_source\tracking\nflverse\roster\roster_2026.csv,2026-08-01,00-0040557,Drew Moss,TEN
00-0036855,Earnest Brown IV,TEN,DL,2026,2026-08-01,TEN,Tennessee Titans,Earnest Brown IV,DL,nflverse_roster,C:\Users\tempadmin\OneDrive\Coding\Syndicate\data\nfl_source\tracking\nflverse\roster\roster_2026.csv,2026-08-01,00-0036855,Earnest Brown IV,TEN
00-0040170,Elic Ayomanor,TEN,WR,2026,2026-08-01,TEN,Tennessee Titans,Elic Ayomanor,WR,nflverse_roster,C:\Users\tempadmin\OneDrive\Coding\Syndicate\data\nfl_source\tracking\nflverse\roster\roster_2026.csv,2026-08-01,00-0040170,Elic Ayomanor,TEN
00-0038620,Erick Hallett,TEN,DB,2026,2026-08-01,TEN,Tennessee Titans,Erick Hallett,DB,nflverse_roster,C:\Users\tempadmin\OneDrive\Coding\Syndicate\data\nfl_source\tracking\nflverse\roster\roster_2026.csv,2026-08-01,00-0038620,Erick Hallett,TEN
00-0040881,Fernando Carmona,TEN,OL,2026,2026-08-01,TEN,Tennessee Titans,Fernando Carmona,OL,nflverse_roster,C:\Users\tempadmin\OneDrive\Coding\Syndicate\data\nfl_source\tracking\nflverse\roster\roster_2026.csv,2026-08-01,00-0040881,Fernando Carmona,TEN
00-0040079,Garrett Dellinger,TEN,OL,2026,2026-08-01,TEN,Tennessee Titans,Garrett Dellinger,OL,nflverse_roster,C:\Users\tempadmin\OneDrive\Coding\Syndicate\data\nfl_source\tracking\nflverse\roster\roster_2026.csv,2026-08-01,00-0040079,Garrett Dellinger,TEN
00-0040584,Gunnar Helm,TEN,TE,2026,2026-08-01,TEN,Tennessee Titans,Gunnar Helm,TE,nflverse_roster,C:\Users\tempadmin\OneDrive\Coding\Syndicate\data\nfl_source\tracking\nflverse\roster\roster_2026.csv,2026-08-01,00-0040584,Gunnar Helm,TEN
00-0040912,Hank Beatty,TEN,WR,2026,2026-08-01,TEN,Tennessee Titans,Hank Beatty,WR,nflverse_roster,C:\Users\tempadmin\OneDrive\Coding\Syndicate\data\nfl_source\tracking\nflverse\roster\roster_2026.csv,2026-08-01,00-0040912,Hank Beatty,TEN
00-0038550,Hendon Hooker,TEN,QB,2026,2026-08-01,TEN,Tennessee Titans,Hendon Hooker,QB,nflverse_roster,C:\Users\tempadmin\OneDrive\Coding\Syndicate\data\nfl_source\tracking\nflverse\roster\roster_2026.csv,2026-08-01,00-0038550,Hendon Hooker,TEN
00-0039731,JC Latham,TEN,OL,2026,2026-08-01,TEN,Tennessee Titans,JC Latham,OL,nflverse_roster,C:\Users\tempadmin\OneDrive\Coding\Syndicate\data\nfl_source\tracking\nflverse\roster\roster_2026.csv,2026-08-01,00-0039731,JC Latham,TEN
00-0040892,Jackie Marshall,TEN,DL,2026,2026-08-01,TEN,Tennessee Titans,Jackie Marshall,DL,nflverse_roster,C:\Users\tempadmin\OneDrive\Coding\Syndicate\data\nfl_source\tracking\nflverse\roster\roster_2026.csv,2026-08-01,00-0040892,Jackie Marshall,TEN
00-0040190,Jackson Slater,TEN,OL,2026,2026-08-01,TEN,Tennessee Titans,Jackson Slater,OL,nflverse_roster,C:\Users\tempadmin\OneDrive\Coding\Syndicate\data\nfl_source\tracking\nflverse\roster\roster_2026.csv,2026-08-01,00-0040190,Jackson Slater,TEN
00-0034163,Jacob Martin,TEN,DL,2026,2026-08-01,TEN,Tennessee Titans,Jacob Martin,DL,nflverse_roster,C:\Users\tempadmin\OneDrive\Coding\Syndicate\data\nfl_source\tracking\nflverse\roster\roster_2026.csv,2026-08-01,00-0034163,Jacob Martin,TEN
00-0040917,Jalen McMurray,TEN,DB,2026,2026-08-01,TEN,Tennessee Titans,Jalen McMurray,DB,nflverse_roster,C:\Users\tempadmin\OneDrive\Coding\Syndicate\data\nfl_source\tracking\nflverse\roster\roster_2026.csv,2026-08-01,00-0040917,Jalen McMurray,TEN
00-0039430,James Williams,TEN,LB,2026,2026-08-01,TEN,Tennessee Titans,James Williams,LB,nflverse_roster,C:\Users\tempadmin\OneDrive\Coding\Syndicate\data\nfl_source\tracking\nflverse\roster\roster_2026.csv,2026-08-01,00-0039430,James Williams,TEN
00-0040901,Jaren Kanak,TEN,TE,2026,2026-08-01,TEN,Tennessee Titans,Jaren Kanak,TE,nflverse_roster,C:\Users\tempadmin\OneDrive\Coding\Syndicate\data\nfl_source\tracking\nflverse\roster\roster_2026.csv,2026-08-01,00-0040901,Jaren Kanak,TEN
00-0039436,Jaylen Harrell,TEN,LB,2026,2026-08-01,TEN,Tennessee Titans,Jaylen Harrell,LB,nflverse_roster,C:\Users\tempadmin\OneDrive\Coding\Syndicate\data\nfl_source\tracking\nflverse\roster\roster_2026.csv,2026-08-01,00-0039436,Jaylen Harrell,TEN
00-0040915,Jeadyn Lukus,TEN,DB,2026,2026-08-01,TEN,Tennessee Titans,Jeadyn Lukus,DB,nflverse_roster,C:\Users\tempadmin\OneDrive\Coding\Syndicate\data\nfl_source\tracking\nflverse\roster\roster_2026.csv,2026-08-01,00-0040915,Jeadyn Lukus,TEN
00-0035643,Jeffery Simmons,TEN,DL,2026,2026-08-01,TEN,Tennessee Titans,Jeffery Simmons,DL,nflverse_roster,C:\Users\tempadmin\OneDrive\Coding\Syndicate\data\nfl_source\tracking\nflverse\roster\roster_2026.csv,2026-08-01,00-0035643,Jeffery Simmons,TEN
00-0037663,Jermaine Johnson II,TEN,LB,2026,2026-08-01,TEN,Tennessee Titans,Jermaine Johnson II,LB,nflverse_roster,C:\Users\tempadmin\OneDrive\Coding\Syndicate\data\nfl_source\tracking\nflverse\roster\roster_2026.csv,2026-08-01,00-0037663,Jermaine Johnson II,TEN
00-0038613,Jerrick Reed II,TEN,DB,2026,2026-08-01,TEN,Tennessee Titans,Jerrick Reed II,DB,nflverse_roster,C:\Users\tempadmin\OneDrive\Coding\Syndicate\data\nfl_source\tracking\nflverse\roster\roster_2026.csv,2026-08-01,00-0038613,Jerrick Reed II,TEN
00-0039023,Joel Wilson,TEN,TE,2026,2026-08-01,TEN,Tennessee Titans,Joel Wilson,TE,nflverse_roster,C:\Users\tempadmin\OneDrive\Coding\Syndicate\data\nfl_source\tracking\nflverse\roster\roster_2026.csv,2026-08-01,00-0039023,Joel Wilson,TEN
00-0035192,Joey Slye,TEN,K,2026,2026-08-01,TEN,Tennessee Titans,Joey Slye,K,nflverse_roster,C:\Users\tempadmin\OneDrive\Coding\Syndicate\data\nfl_source\tracking\nflverse\roster\roster_2026.csv,2026-08-01,00-0035192,Joey Slye,TEN
00-0034805,John Franklin-Myers,TEN,DL,2026,2026-08-01,TEN,Tennessee Titans,John Franklin-Myers,DL,nflverse_roster,C:\Users\tempadmin\OneDrive\Coding\Syndicate\data\nfl_source\tracking\nflverse\roster\roster_2026.csv,2026-08-01,00-0034805,John Franklin-Myers,TEN
00-0036266,Jordan Elliott,TEN,DL,2026,2026-08-01,TEN,Tennessee Titans,Jordan Elliott,DL,nflverse_roster,C:\Users\tempadmin\OneDrive\Coding\Syndicate\data\nfl_source\tracking\nflverse\roster\roster_2026.csv,2026-08-01,00-0036266,Jordan Elliott,TEN
00-0038043,Joshua Williams,TEN,DB,2026,2026-08-01,TEN,Tennessee Titans,Joshua Williams,DB,nflverse_roster,C:\Users\tempadmin\OneDrive\Coding\Syndicate\data\nfl_source\tracking\nflverse\roster\roster_2026.csv,2026-08-01,00-0038043,Joshua Williams,TEN
00-0037594,Julius Chestnut,TEN,RB,2026,2026-08-01,TEN,Tennessee Titans,Julius Chestnut,RB,nflverse_roster,C:\Users\tempadmin\OneDrive\Coding\Syndicate\data\nfl_source\tracking\nflverse\roster\roster_2026.csv,2026-08-01,00-0037594,Julius Chestnut,TEN
00-0036345,K.J. Osborn,TEN,WR,2026,2026-08-01,TEN,Tennessee Titans,K.J. Osborn,WR,nflverse_roster,C:\Users\tempadmin\OneDrive\Coding\Syndicate\data\nfl_source\tracking\nflverse\roster\roster_2026.csv,2026-08-01,00-0036345,K.J. Osborn,TEN
00-0040205,Kalel Mullings,TEN,RB,2026,2026-08-01,TEN,Tennessee Titans,Kalel Mullings,RB,nflverse_roster,C:\Users\tempadmin\OneDrive\Coding\Syndicate\data\nfl_source\tracking\nflverse\roster\roster_2026.csv,2026-08-01,00-0040205,Kalel Mullings,TEN
00-0041508,Keldric Faulk,TEN,DL,2026,2026-08-01,TEN,Tennessee Titans,Keldric Faulk,DL,nflverse_roster,C:\Users\tempadmin\OneDrive\Coding\Syndicate\data\nfl_source\tracking\nflverse\roster\roster_2026.csv,2026-08-01,00-0041508,Keldric Faulk,TEN
00-0038703,Kendell Brooks,TEN,DB,2026,2026-08-01,TEN,Tennessee Titans,Kendell Brooks,DB,nflverse_roster,C:\Users\tempadmin\OneDrive\Coding\Syndicate\data\nfl_source\tracking\nflverse\roster\roster_2026.csv,2026-08-01,00-0038703,Kendell Brooks,TEN
00-0040141,Kevin Winston Jr.,TEN,DB,2026,2026-08-01,TEN,Tennessee Titans,Kevin Winston Jr.,DB,nflverse_roster,C:\Users\tempadmin\OneDrive\Coding\Syndicate\data\nfl_source\tracking\nflverse\roster\roster_2026.csv,2026-08-01,00-0040141,Kevin Winston Jr.,TEN
00-0040674,Keydrain Calligan,TEN,DB,2026,2026-08-01,TEN,Tennessee Titans,Keydrain Calligan,DB,nflverse_roster,C:\Users\tempadmin\OneDrive\Coding\Syndicate\data\nfl_source\tracking\nflverse\roster\roster_2026.csv,2026-08-01,00-0040674,Keydrain Calligan,TEN
00-0036876,Kylen Granson,TEN,TE,2026,2026-08-01,TEN,Tennessee Titans,Kylen Granson,TE,nflverse_roster,C:\Users\tempadmin\OneDrive\Coding\Syndicate\data\nfl_source\tracking\nflverse\roster\roster_2026.csv,2026-08-01,00-0036876,Kylen Granson,TEN
00-0037055,Lance McCutcheon,TEN,WR,2026,2026-08-01,TEN,Tennessee Titans,Lance McCutcheon,WR,nflverse_roster,C:\Users\tempadmin\OneDrive\Coding\Syndicate\data\nfl_source\tracking\nflverse\roster\roster_2026.csv,2026-08-01,00-0037055,Lance McCutcheon,TEN
00-0040916,Latrell McCutchin,TEN,DB,2026,2026-08-01,TEN,Tennessee Titans,Latrell McCutchin,DB,nflverse_roster,C:\Users\tempadmin\OneDrive\Coding\Syndicate\data\nfl_source\tracking\nflverse\roster\roster_2026.csv,2026-08-01,00-0040916,Latrell McCutchin,TEN
00-0036682,Malik Herring,TEN,DL,2026,2026-08-01,TEN,Tennessee Titans,Malik Herring,DL,nflverse_roster,C:\Users\tempadmin\OneDrive\Coding\Syndicate\data\nfl_source\tracking\nflverse\roster\roster_2026.csv,2026-08-01,00-0036682,Malik Herring,TEN
00-0040920,Mani Powell,TEN,LB,2026,2026-08-01,TEN,Tennessee Titans,Mani Powell,LB,nflverse_roster,C:\Users\tempadmin\OneDrive\Coding\Syndicate\data\nfl_source\tracking\nflverse\roster\roster_2026.csv,2026-08-01,00-0040920,Mani Powell,TEN
00-0040201,Marcus Harris,TEN,DB,2026,2026-08-01,TEN,Tennessee Titans,Marcus Harris,DB,nflverse_roster,C:\Users\tempadmin\OneDrive\Coding\Syndicate\data\nfl_source\tracking\nflverse\roster\roster_2026.csv,2026-08-01,00-0040201,Marcus Harris,TEN
00-0036176,Mason Kinsey,TEN,WR,2026,2026-08-01,TEN,Tennessee Titans,Mason Kinsey,WR,nflverse_roster,C:\Users\tempadmin\OneDrive\Coding\Syndicate\data\nfl_source\tracking\nflverse\roster\roster_2026.csv,2026-08-01,00-0036176,Mason Kinsey,TEN
00-0040020,Micah Robinson,TEN,DB,2026,2026-08-01,TEN,Tennessee Titans,Micah Robinson,DB,nflverse_roster,C:\Users\tempadmin\OneDrive\Coding\Syndicate\data\nfl_source\tracking\nflverse\roster\roster_2026.csv,2026-08-01,00-0040020,Micah Robinson,TEN
00-0036924,Michael Carter,TEN,RB,2026,2026-08-01,TEN,Tennessee Titans,Michael Carter,RB,nflverse_roster,C:\Users\tempadmin\OneDrive\Coding\Syndicate\data\nfl_source\tracking\nflverse\roster\roster_2026.csv,2026-08-01,00-0036924,Michael Carter,TEN
00-0033869,Mitchell Trubisky,TEN,QB,2026,2026-08-01,TEN,Tennessee Titans,Mitchell Trubisky,QB,nflverse_roster,C:\Users\tempadmin\OneDrive\Coding\Syndicate\data\nfl_source\tracking\nflverse\roster\roster_2026.csv,2026-08-01,00-0033869,Mitchell Trubisky,TEN
00-0038711,Mohamoud Diabate,TEN,LB,2026,2026-08-01,TEN,Tennessee Titans,Mohamoud Diabate,LB,nflverse_roster,C:\Users\tempadmin\OneDrive\Coding\Syndicate\data\nfl_source\tracking\nflverse\roster\roster_2026.csv,2026-08-01,00-0038711,Mohamoud Diabate,TEN
00-0027557,Morgan Cox,TEN,LS,2026,2026-08-01,TEN,Tennessee Titans,Morgan Cox,LS,nflverse_roster,C:\Users\tempadmin\OneDrive\Coding\Syndicate\data\nfl_source\tracking\nflverse\roster\roster_2026.csv,2026-08-01,00-0027557,Morgan Cox,TEN
00-0040886,Nicholas Singleton,TEN,RB,2026,2026-08-01,TEN,Tennessee Titans,Nicholas Singleton,RB,nflverse_roster,C:\Users\tempadmin\OneDrive\Coding\Syndicate\data\nfl_source\tracking\nflverse\roster\roster_2026.csv,2026-08-01,00-0040886,Nicholas Singleton,TEN
00-0040752,Oluwafemi Oladejo,TEN,LB,2026,2026-08-01,TEN,Tennessee Titans,Oluwafemi Oladejo,LB,nflverse_roster,C:\Users\tempadmin\OneDrive\Coding\Syndicate\data\nfl_source\tracking\nflverse\roster\roster_2026.csv,2026-08-01,00-0040752,Oluwafemi Oladejo,TEN
00-0040893,Pat Coogan,TEN,OL,2026,2026-08-01,TEN,Tennessee Titans,Pat Coogan,OL,nflverse_roster,C:\Users\tempadmin\OneDrive\Coding\Syndicate\data\nfl_source\tracking\nflverse\roster\roster_2026.csv,2026-08-01,00-0040893,Pat Coogan,TEN
00-0039034,Peter Skoronski,TEN,OL,2026,2026-08-01,TEN,Tennessee Titans,Peter Skoronski,OL,nflverse_roster,C:\Users\tempadmin\OneDrive\Coding\Syndicate\data\nfl_source\tracking\nflverse\roster\roster_2026.csv,2026-08-01,00-0039034,Peter Skoronski,TEN
00-0040918,Rasheed Miller,TEN,OL,2026,2026-08-01,TEN,Tennessee Titans,Rasheed Miller,OL,nflverse_roster,C:\Users\tempadmin\OneDrive\Coding\Syndicate\data\nfl_source\tracking\nflverse\roster\roster_2026.csv,2026-08-01,00-0040918,Rasheed Miller,TEN
00-0039042,Ryan Hayes,TEN,OL,2026,2026-08-01,TEN,Tennessee Titans,Ryan Hayes,OL,nflverse_roster,C:\Users\tempadmin\OneDrive\Coding\Syndicate\data\nfl_source\tracking\nflverse\roster\roster_2026.csv,2026-08-01,00-0039042,Ryan Hayes,TEN
00-0039235,Sanoussi Kane,TEN,DB,2026,2026-08-01,TEN,Tennessee Titans,Sanoussi Kane,DB,nflverse_roster,C:\Users\tempadmin\OneDrive\Coding\Syndicate\data\nfl_source\tracking\nflverse\roster\roster_2026.csv,2026-08-01,00-0039235,Sanoussi Kane,TEN
00-0040913,Sean Brown,TEN,LB,2026,2026-08-01,TEN,Tennessee Titans,Sean Brown,LB,nflverse_roster,C:\Users\tempadmin\OneDrive\Coding\Syndicate\data\nfl_source\tracking\nflverse\roster\roster_2026.csv,2026-08-01,00-0040913,Sean Brown,TEN
00-0040911,Shad Banks,TEN,LB,2026,2026-08-01,TEN,Tennessee Titans,Shad Banks,LB,nflverse_roster,C:\Users\tempadmin\OneDrive\Coding\Syndicate\data\nfl_source\tracking\nflverse\roster\roster_2026.csv,2026-08-01,00-0040911,Shad Banks,TEN
00-0033870,Solomon Thomas,TEN,DL,2026,2026-08-01,TEN,Tennessee Titans,Solomon Thomas,DL,nflverse_roster,C:\Users\tempadmin\OneDrive\Coding\Syndicate\data\nfl_source\tracking\nflverse\roster\roster_2026.csv,2026-08-01,00-0033870,Solomon Thomas,TEN
00-0037585,Timmy Horne,TEN,DL,2026,2026-08-01,TEN,Tennessee Titans,Timmy Horne,DL,nflverse_roster,C:\Users\tempadmin\OneDrive\Coding\Syndicate\data\nfl_source\tracking\nflverse\roster\roster_2026.csv,2026-08-01,00-0037585,Timmy Horne,TEN
00-0035889,Tommy Townsend,TEN,P,2026,2026-08-01,TEN,Tennessee Titans,Tommy Townsend,P,nflverse_roster,C:\Users\tempadmin\OneDrive\Coding\Syndicate\data\nfl_source\tracking\nflverse\roster\roster_2026.csv,2026-08-01,00-0035889,Tommy Townsend,TEN
00-0037155,Tony Adams,TEN,DB,2026,2026-08-01,TEN,Tennessee Titans,Tony Adams,DB,nflverse_roster,C:\Users\tempadmin\OneDrive\Coding\Syndicate\data\nfl_source\tracking\nflverse\roster\roster_2026.csv,2026-08-01,00-0037155,Tony Adams,TEN
00-0035261,Tony Pollard,TEN,RB,2026,2026-08-01,TEN,Tennessee Titans,Tony Pollard,RB,nflverse_roster,C:\Users\tempadmin\OneDrive\Coding\Syndicate\data\nfl_source\tracking\nflverse\roster\roster_2026.csv,2026-08-01,00-0035261,Tony Pollard,TEN
00-0036856,Trey Hill,TEN,OL,2026,2026-08-01,TEN,Tennessee Titans,Trey Hill,OL,nflverse_roster,C:\Users\tempadmin\OneDrive\Coding\Syndicate\data\nfl_source\tracking\nflverse\roster\roster_2026.csv,2026-08-01,00-0036856,Trey Hill,TEN
00-0038514,Truman Jones,TEN,LB,2026,2026-08-01,TEN,Tennessee Titans,Truman Jones,LB,nflverse_roster,C:\Users\tempadmin\OneDrive\Coding\Syndicate\data\nfl_source\tracking\nflverse\roster\roster_2026.csv,2026-08-01,00-0038514,Truman Jones,TEN
00-0039032,Tyjae Spears,TEN,RB,2026,2026-08-01,TEN,Tennessee Titans,Tyjae Spears,RB,nflverse_roster,C:\Users\tempadmin\OneDrive\Coding\Syndicate\data\nfl_source\tracking\nflverse\roster\roster_2026.csv,2026-08-01,00-0039032,Tyjae Spears,TEN
00-0040919,Tyren Montgomery,TEN,WR,2026,2026-08-01,TEN,Tennessee Titans,Tyren Montgomery,WR,nflverse_roster,C:\Users\tempadmin\OneDrive\Coding\Syndicate\data\nfl_source\tracking\nflverse\roster\roster_2026.csv,2026-08-01,00-0040919,Tyren Montgomery,TEN
00-0038117,Wan'Dale Robinson,TEN,WR,2026,2026-08-01,TEN,Tennessee Titans,Wan'Dale Robinson,WR,nflverse_roster,C:\Users\tempadmin\OneDrive\Coding\Syndicate\data\nfl_source\tracking\nflverse\roster\roster_2026.csv,2026-08-01,00-0038117,Wan'Dale Robinson,TEN
00-0039152,Will Levis,TEN,QB,2026,2026-08-01,TEN,Tennessee Titans,Will Levis,QB,nflverse_roster,C:\Users\tempadmin\OneDrive\Coding\Syndicate\data\nfl_source\tracking\nflverse\roster\roster_2026.csv,2026-08-01,00-0039152,Will Levis,TEN
00-0040522,Xavier Restrepo,TEN,WR,2026,2026-08-01,TEN,Tennessee Titans,Xavier Restrepo,WR,nflverse_roster,C:\Users\tempadmin\OneDrive\Coding\Syndicate\data\nfl_source\tracking\nflverse\roster\roster_2026.csv,2026-08-01,00-0040522,Xavier Restrepo,TEN
00-0033783,Ahkello Witherspoon,WAS,DB,2026,2026-08-01,WAS,Washington Commanders,Ahkello Witherspoon,DB,nflverse_roster,C:\Users\tempadmin\OneDrive\Coding\Syndicate\data\nfl_source\tracking\nflverse\roster\roster_2026.csv,2026-08-01,00-0033783,Ahkello Witherspoon,WAS
00-0040318,Ale Kaho,WAS,LB,2026,2026-08-01,WAS,Washington Commanders,Ale Kaho,LB,nflverse_roster,C:\Users\tempadmin\OneDrive\Coding\Syndicate\data\nfl_source\tracking\nflverse\roster\roster_2026.csv,2026-08-01,00-0040318,Ale Kaho,WAS
00-0036375,Amik Robertson,WAS,DB,2026,2026-08-01,WAS,Washington Commanders,Amik Robertson,DB,nflverse_roster,C:\Users\tempadmin\OneDrive\Coding\Syndicate\data\nfl_source\tracking\nflverse\roster\roster_2026.csv,2026-08-01,00-0036375,Amik Robertson,WAS
00-0038801,Andre Carter II,WAS,LB,2026,2026-08-01,WAS,Washington Commanders,Andre Carter II,LB,nflverse_roster,C:\Users\tempadmin\OneDrive\Coding\Syndicate\data\nfl_source\tracking\nflverse\roster\roster_2026.csv,2026-08-01,00-0038801,Andre Carter II,WAS
00-0033831,Andrew Wylie,WAS,OL,2026,2026-08-01,WAS,Washington Commanders,Andrew Wylie,OL,nflverse_roster,C:\Users\tempadmin\OneDrive\Coding\Syndicate\data\nfl_source\tracking\nflverse\roster\roster_2026.csv,2026-08-01,00-0033831,Andrew Wylie,WAS
00-0033455,Anthony Firkser,WAS,TE,2026,2026-08-01,WAS,Washington Commanders,Anthony Firkser,TE,nflverse_roster,C:\Users\tempadmin\OneDrive\Coding\Syndicate\data\nfl_source\tracking\nflverse\roster\roster_2026.csv,2026-08-01,00-0033455,Anthony Firkser,WAS
00-0032933,Antonio Hamilton,WAS,DB,2026,2026-08-01,WAS,Washington Commanders,Antonio Hamilton,DB,nflverse_roster,C:\Users\tempadmin\OneDrive\Coding\Syndicate\data\nfl_source\tracking\nflverse\roster\roster_2026.csv,2026-08-01,00-0032933,Antonio Hamilton,WAS
00-0041040,Antonio Williams,WAS,WR,2026,2026-08-01,WAS,Washington Commanders,Antonio Williams,WR,nflverse_roster,C:\Users\tempadmin\OneDrive\Coding\Syndicate\data\nfl_source\tracking\nflverse\roster\roster_2026.csv,2026-08-01,00-0041040,Antonio Williams,WAS
00-0041117,Athan Kaliakmanis,WAS,QB,2026,2026-08-01,WAS,Washington Commanders,Athan Kaliakmanis,QB,nflverse_roster,C:\Users\tempadmin\OneDrive\Coding\Syndicate\data\nfl_source\tracking\nflverse\roster\roster_2026.csv,2026-08-01,00-0041117,Athan Kaliakmanis,WAS
00-0039912,Ben Sinnott,WAS,TE,2026,2026-08-01,WAS,Washington Commanders,Ben Sinnott,TE,nflverse_roster,C:\Users\tempadmin\OneDrive\Coding\Syndicate\data\nfl_source\tracking\nflverse\roster\roster_2026.csv,2026-08-01,00-0039912,Ben Sinnott,WAS
00-0039913,Brandon Coleman,WAS,OL,2026,2026-08-01,WAS,Washington Commanders,Brandon Coleman,OL,nflverse_roster,C:\Users\tempadmin\OneDrive\Coding\Syndicate\data\nfl_source\tracking\nflverse\roster\roster_2026.csv,2026-08-01,00-0039913,Brandon Coleman,WAS
00-0040322,Car'lin Vigers,WAS,DB,2026,2026-08-01,WAS,Washington Commanders,Car'lin Vigers,DB,nflverse_roster,C:\Users\tempadmin\OneDrive\Coding\Syndicate\data\nfl_source\tracking\nflverse\roster\roster_2026.csv,2026-08-01,00-0040322,Car'lin Vigers,WAS
00-0035279,Charles Omenihu,WAS,DL,2026,2026-08-01,WAS,Washington Commanders,Charles Omenihu,DL,nflverse_roster,C:\Users\tempadmin\OneDrive\Coding\Syndicate\data\nfl_source\tracking\nflverse\roster\roster_2026.csv,2026-08-01,00-0035279,Charles Omenihu,WAS
00-0037809,Chig Okonkwo,WAS,TE,2026,2026-08-01,WAS,Washington Commanders,Chig Okonkwo,TE,nflverse_roster,C:\Users\tempadmin\OneDrive\Coding\Syndicate\data\nfl_source\tracking\nflverse\roster\roster_2026.csv,2026-08-01,00-0037809,Chig Okonkwo,WAS
00-0041179,Chris Hilton,WAS,WR,2026,2026-08-01,WAS,Washington Commanders,Chris Hilton,WR,nflverse_roster,C:\Users\tempadmin\OneDrive\Coding\Syndicate\data\nfl_source\tracking\nflverse\roster\roster_2026.csv,2026-08-01,00-0041179,Chris Hilton,WAS
00-0037092,Chris Paul,WAS,OL,2026,2026-08-01,WAS,Washington Commanders,Chris Paul,OL,nflverse_roster,C:\Users\tempadmin\OneDrive\Coding\Syndicate\data\nfl_source\tracking\nflverse\roster\roster_2026.csv,2026-08-01,00-0037092,Chris Paul,WAS
00-0039686,Colson Yankoff,WAS,TE,2026,2026-08-01,WAS,Washington Commanders,Colson Yankoff,TE,nflverse_roster,C:\Users\tempadmin\OneDrive\Coding\Syndicate\data\nfl_source\tracking\nflverse\roster\roster_2026.csv,2026-08-01,00-0039686,Colson Yankoff,WAS
00-0037260,DJ Davidson,WAS,DL,2026,2026-08-01,WAS,Washington Commanders,DJ Davidson,DL,nflverse_roster,C:\Users\tempadmin\OneDrive\Coding\Syndicate\data\nfl_source\tracking\nflverse\roster\roster_2026.csv,2026-08-01,00-0037260,DJ Davidson,WAS
00-0038535,DJ Johnson,WAS,LB,2026,2026-08-01,WAS,Washington Commanders,DJ Johnson,LB,nflverse_roster,C:\Users\tempadmin\OneDrive\Coding\Syndicate\data\nfl_source\tracking\nflverse\roster\roster_2026.csv,2026-08-01,00-0038535,DJ Johnson,WAS
00-0038388,Darius Rush,WAS,DB,2026,2026-08-01,WAS,Washington Commanders,Darius Rush,DB,nflverse_roster,C:\Users\tempadmin\OneDrive\Coding\Syndicate\data\nfl_source\tracking\nflverse\roster\roster_2026.csv,2026-08-01,00-0038388,Darius Rush,WAS
00-0034333,Daron Payne,WAS,DL,2026,2026-08-01,WAS,Washington Commanders,Daron Payne,DL,nflverse_roster,C:\Users\tempadmin\OneDrive\Coding\Syndicate\data\nfl_source\tracking\nflverse\roster\roster_2026.csv,2026-08-01,00-0034333,Daron Payne,WAS
00-0033947,Deatrich Wise,WAS,DL,2026,2026-08-01,WAS,Washington Commanders,Deatrich Wise,DL,nflverse_roster,C:\Users\tempadmin\OneDrive\Coding\Syndicate\data\nfl_source\tracking\nflverse\roster\roster_2026.csv,2026-08-01,00-0033947,Deatrich Wise,WAS
00-0034373,Dorance Armstrong,WAS,DL,2026,2026-08-01,WAS,Washington Commanders,Dorance Armstrong,DL,nflverse_roster,C:\Users\tempadmin\OneDrive\Coding\Syndicate\data\nfl_source\tracking\nflverse\roster\roster_2026.csv,2026-08-01,00-0034373,Dorance Armstrong,WAS
00-0037826,Drake Jackson,WAS,DL,2026,2026-08-01,WAS,Washington Commanders,Drake Jackson,DL,nflverse_roster,C:\Users\tempadmin\OneDrive\Coding\Syndicate\data\nfl_source\tracking\nflverse\roster\roster_2026.csv,2026-08-01,00-0037826,Drake Jackson,WAS
00-0041182,Drew Stevens,WAS,K,2026,2026-08-01,WAS,Washington Commanders,Drew Stevens,K,nflverse_roster,C:\Users\tempadmin\OneDrive\Coding\Syndicate\data\nfl_source\tracking\nflverse\roster\roster_2026.csv,2026-08-01,00-0041182,Drew Stevens,WAS
00-0036626,Dyami Brown,WAS,WR,2026,2026-08-01,WAS,Washington Commanders,Dyami Brown,WR,nflverse_roster,C:\Users\tempadmin\OneDrive\Coding\Syndicate\data\nfl_source\tracking\nflverse\roster\roster_2026.csv,2026-08-01,00-0036626,Dyami Brown,WAS
00-0036584,Foster Sarell,WAS,OL,2026,2026-08-01,WAS,Washington Commanders,Foster Sarell,OL,nflverse_roster,C:\Users\tempadmin\OneDrive\Coding\Syndicate\data\nfl_source\tracking\nflverse\roster\roster_2026.csv,2026-08-01,00-0036584,Foster Sarell,WAS
00-0034302,Frankie Luvu,WAS,LB,2026,2026-08-01,WAS,Washington Commanders,Frankie Luvu,LB,nflverse_roster,C:\Users\tempadmin\OneDrive\Coding\Syndicate\data\nfl_source\tracking\nflverse\roster\roster_2026.csv,2026-08-01,00-0034302,Frankie Luvu,WAS
00-0041177,Fred Davis,WAS,DB,2026,2026-08-01,WAS,Washington Commanders,Fred Davis,DB,nflverse_roster,C:\Users\tempadmin\OneDrive\Coding\Syndicate\data\nfl_source\tracking\nflverse\roster\roster_2026.csv,2026-08-01,00-0041177,Fred Davis,WAS
00-0040317,Jacoby Jones,WAS,WR,2026,2026-08-01,WAS,Washington Commanders,Jacoby Jones,WR,nflverse_roster,C:\Users\tempadmin\OneDrive\Coding\Syndicate\data\nfl_source\tracking\nflverse\roster\roster_2026.csv,2026-08-01,00-0040317,Jacoby Jones,WAS
00-0040242,Jacory Croskey-Merritt,WAS,RB,2026,2026-08-01,WAS,Washington Commanders,Jacory Croskey-Merritt,RB,nflverse_roster,C:\Users\tempadmin\OneDrive\Coding\Syndicate\data\nfl_source\tracking\nflverse\roster\roster_2026.csv,2026-08-01,00-0040242,Jacory Croskey-Merritt,WAS
00-0041176,Jaden Bradley,WAS,WR,2026,2026-08-01,WAS,Washington Commanders,Jaden Bradley,WR,nflverse_roster,C:\Users\tempadmin\OneDrive\Coding\Syndicate\data\nfl_source\tracking\nflverse\roster\roster_2026.csv,2026-08-01,00-0041176,Jaden Bradley,WAS
00-0038562,Jake Moody,WAS,K,2026,2026-08-01,WAS,Washington Commanders,Jake Moody,K,nflverse_roster,C:\Users\tempadmin\OneDrive\Coding\Syndicate\data\nfl_source\tracking\nflverse\roster\roster_2026.csv,2026-08-01,00-0038562,Jake Moody,WAS
00-0036260,Javon Kinlaw,WAS,DL,2026,2026-08-01,WAS,Washington Commanders,Javon Kinlaw,DL,nflverse_roster,C:\Users\tempadmin\OneDrive\Coding\Syndicate\data\nfl_source\tracking\nflverse\roster\roster_2026.csv,2026-08-01,00-0036260,Javon Kinlaw,WAS
00-0039412,Javontae Jean-Baptiste,WAS,LB,2026,2026-08-01,WAS,Washington Commanders,Javontae Jean-Baptiste,LB,nflverse_roster,C:\Users\tempadmin\OneDrive\Coding\Syndicate\data\nfl_source\tracking\nflverse\roster\roster_2026.csv,2026-08-01,00-0039412,Javontae Jean-Baptiste,WAS
00-0039910,Jayden Daniels,WAS,QB,2026,2026-08-01,WAS,Washington Commanders,Jayden Daniels,QB,nflverse_roster,C:\Users\tempadmin\OneDrive\Coding\Syndicate\data\nfl_source\tracking\nflverse\roster\roster_2026.csv,2026-08-01,00-0039910,Jayden Daniels,WAS
00-0040164,Jaylin Lane,WAS,WR,2026,2026-08-01,WAS,Washington Commanders,Jaylin Lane,WR,nflverse_roster,C:\Users\tempadmin\OneDrive\Coding\Syndicate\data\nfl_source\tracking\nflverse\roster\roster_2026.csv,2026-08-01,00-0040164,Jaylin Lane,WAS
00-0040864,Jeffrey M'ba,WAS,DL,2026,2026-08-01,WAS,Washington Commanders,Jeffrey M'ba,DL,nflverse_roster,C:\Users\tempadmin\OneDrive\Coding\Syndicate\data\nfl_source\tracking\nflverse\roster\roster_2026.csv,2026-08-01,00-0040864,Jeffrey M'ba,WAS
00-0039906,Jer'Zhan Newton,WAS,DL,2026,2026-08-01,WAS,Washington Commanders,Jer'Zhan Newton,DL,nflverse_roster,C:\Users\tempadmin\OneDrive\Coding\Syndicate\data\nfl_source\tracking\nflverse\roster\roster_2026.csv,2026-08-01,00-0039906,Jer'Zhan Newton,WAS
00-0033955,Jeremy McNichols,WAS,RB,2026,2026-08-01,WAS,Washington Commanders,Jeremy McNichols,RB,nflverse_roster,C:\Users\tempadmin\OneDrive\Coding\Syndicate\data\nfl_source\tracking\nflverse\roster\roster_2026.csv,2026-08-01,00-0033955,Jeremy McNichols,WAS
00-0034465,Jeremy Reaves,WAS,DB,2026,2026-08-01,WAS,Washington Commanders,Jeremy Reaves,DB,nflverse_roster,C:\Users\tempadmin\OneDrive\Coding\Syndicate\data\nfl_source\tracking\nflverse\roster\roster_2026.csv,2026-08-01,00-0034465,Jeremy Reaves,WAS
00-0037267,Jerome Ford,WAS,RB,2026,2026-08-01,WAS,Washington Commanders,Jerome Ford,RB,nflverse_roster,C:\Users\tempadmin\OneDrive\Coding\Syndicate\data\nfl_source\tracking\nflverse\roster\roster_2026.csv,2026-08-01,00-0037267,Jerome Ford,WAS
00-0036628,John Bates,WAS,TE,2026,2026-08-01,WAS,Washington Commanders,John Bates,TE,nflverse_roster,C:\Users\tempadmin\OneDrive\Coding\Syndicate\data\nfl_source\tracking\nflverse\roster\roster_2026.csv,2026-08-01,00-0036628,John Bates,WAS
00-0039368,Jordan Magee,WAS,LB,2026,2026-08-01,WAS,Washington Commanders,Jordan Magee,LB,nflverse_roster,C:\Users\tempadmin\OneDrive\Coding\Syndicate\data\nfl_source\tracking\nflverse\roster\roster_2026.csv,2026-08-01,00-0039368,Jordan Magee,WAS
00-0040686,Josh Conerly Jr.,WAS,OL,2026,2026-08-01,WAS,Washington Commanders,Josh Conerly Jr.,OL,nflverse_roster,C:\Users\tempadmin\OneDrive\Coding\Syndicate\data\nfl_source\tracking\nflverse\roster\roster_2026.csv,2026-08-01,00-0040686,Josh Conerly Jr.,WAS
00-0041074,Joshua Josephs,WAS,LB,2026,2026-08-01,WAS,Washington Commanders,Joshua Josephs,LB,nflverse_roster,C:\Users\tempadmin\OneDrive\Coding\Syndicate\data\nfl_source\tracking\nflverse\roster\roster_2026.csv,2026-08-01,00-0041074,Joshua Josephs,WAS
00-0035997,Julian Good-Jones,WAS,OL,2026,2026-08-01,WAS,Washington Commanders,Julian Good-Jones,OL,nflverse_roster,C:\Users\tempadmin\OneDrive\Coding\Syndicate\data\nfl_source\tracking\nflverse\roster\roster_2026.csv,2026-08-01,00-0035997,Julian Good-Jones,WAS
00-0036286,K'Lavon Chaisson,WAS,LB,2026,2026-08-01,WAS,Washington Commanders,K'Lavon Chaisson,LB,nflverse_roster,C:\Users\tempadmin\OneDrive\Coding\Syndicate\data\nfl_source\tracking\nflverse\roster\roster_2026.csv,2026-08-01,00-0036286,K'Lavon Chaisson,WAS
00-0040216,Kain Medrano,WAS,LB,2026,2026-08-01,WAS,Washington Commanders,Kain Medrano,LB,nflverse_roster,C:\Users\tempadmin\OneDrive\Coding\Syndicate\data\nfl_source\tracking\nflverse\roster\roster_2026.csv,2026-08-01,00-0040216,Kain Medrano,WAS
00-0041096,Kaytron Allen,WAS,RB,2026,2026-08-01,WAS,Washington Commanders,Kaytron Allen,RB,nflverse_roster,C:\Users\tempadmin\OneDrive\Coding\Syndicate\data\nfl_source\tracking\nflverse\roster\roster_2026.csv,2026-08-01,00-0041096,Kaytron Allen,WAS
00-0032380,Laremy Tunsil,WAS,OL,2026,2026-08-01,WAS,Washington Commanders,Laremy Tunsil,OL,nflverse_roster,C:\Users\tempadmin\OneDrive\Coding\Syndicate\data\nfl_source\tracking\nflverse\roster\roster_2026.csv,2026-08-01,00-0032380,Laremy Tunsil,WAS
00-0036145,Lawrence Cager,WAS,TE,2026,2026-08-01,WAS,Washington Commanders,Lawrence Cager,TE,nflverse_roster,C:\Users\tempadmin\OneDrive\Coding\Syndicate\data\nfl_source\tracking\nflverse\roster\roster_2026.csv,2026-08-01,00-0036145,Lawrence Cager,WAS
00-0037819,Leo Chenal,WAS,LB,2026,2026-08-01,WAS,Washington Commanders,Leo Chenal,LB,nflverse_roster,C:\Users\tempadmin\OneDrive\Coding\Syndicate\data\nfl_source\tracking\nflverse\roster\roster_2026.csv,2026-08-01,00-0037819,Leo Chenal,WAS
00-0039355,Luke McCaffrey,WAS,WR,2026,2026-08-01,WAS,Washington Commanders,Luke McCaffrey,WR,nflverse_roster,C:\Users\tempadmin\OneDrive\Coding\Syndicate\data\nfl_source\tracking\nflverse\roster\roster_2026.csv,2026-08-01,00-0039355,Luke McCaffrey,WAS
00-0038382,Malaesala Aumavae-Laulu,WAS,OL,2026,2026-08-01,WAS,Washington Commanders,Malaesala Aumavae-Laulu,OL,nflverse_roster,C:\Users\tempadmin\OneDrive\Coding\Syndicate\data\nfl_source\tracking\nflverse\roster\roster_2026.csv,2026-08-01,00-0038382,Malaesala Aumavae-Laulu,WAS
00-0041181,Malik Spencer,WAS,DB,2026,2026-08-01,WAS,Washington Commanders,Malik Spencer,DB,nflverse_roster,C:\Users\tempadmin\OneDrive\Coding\Syndicate\data\nfl_source\tracking\nflverse\roster\roster_2026.csv,2026-08-01,00-0041181,Malik Spencer,WAS
00-0032268,Marcus Mariota,WAS,QB,2026,2026-08-01,WAS,Washington Commanders,Marcus Mariota,QB,nflverse_roster,C:\Users\tempadmin\OneDrive\Coding\Syndicate\data\nfl_source\tracking\nflverse\roster\roster_2026.csv,2026-08-01,00-0032268,Marcus Mariota,WAS
00-0041108,Matt Gulbin,WAS,OL,2026,2026-08-01,WAS,Washington Commanders,Matt Gulbin,OL,nflverse_roster,C:\Users\tempadmin\OneDrive\Coding\Syndicate\data\nfl_source\tracking\nflverse\roster\roster_2026.csv,2026-08-01,00-0041108,Matt Gulbin,WAS
00-0039898,Mike Sainristil,WAS,DB,2026,2026-08-01,WAS,Washington Commanders,Mike Sainristil,DB,nflverse_roster,C:\Users\tempadmin\OneDrive\Coding\Syndicate\data\nfl_source\tracking\nflverse\roster\roster_2026.csv,2026-08-01,00-0039898,Mike Sainristil,WAS
00-0035149,Nick Allegretti,WAS,OL,2026,2026-08-01,WAS,Washington Commanders,Nick Allegretti,OL,nflverse_roster,C:\Users\tempadmin\OneDrive\Coding\Syndicate\data\nfl_source\tracking\nflverse\roster\roster_2026.csv,2026-08-01,00-0035149,Nick Allegretti,WAS
00-0028292,Nick Bellore,WAS,LB,2026,2026-08-01,WAS,Washington Commanders,Nick Bellore,LB,nflverse_roster,C:\Users\tempadmin\OneDrive\Coding\Syndicate\data\nfl_source\tracking\nflverse\roster\roster_2026.csv,2026-08-01,00-0028292,Nick Bellore,WAS
00-0037616,Nick Cross,WAS,DB,2026,2026-08-01,WAS,Washington Commanders,Nick Cross,DB,nflverse_roster,C:\Users\tempadmin\OneDrive\Coding\Syndicate\data\nfl_source\tracking\nflverse\roster\roster_2026.csv,2026-08-01,00-0037616,Nick Cross,WAS
00-0040551,Nick Nash,WAS,WR,2026,2026-08-01,WAS,Washington Commanders,Nick Nash,WR,nflverse_roster,C:\Users\tempadmin\OneDrive\Coding\Syndicate\data\nfl_source\tracking\nflverse\roster\roster_2026.csv,2026-08-01,00-0040551,Nick Nash,WAS
00-0036940,Odafe Oweh,WAS,LB,2026,2026-08-01,WAS,Washington Commanders,Odafe Oweh,LB,nflverse_roster,C:\Users\tempadmin\OneDrive\Coding\Syndicate\data\nfl_source\tracking\nflverse\roster\roster_2026.csv,2026-08-01,00-0036940,Odafe Oweh,WAS
00-0038100,Percy Butler,WAS,DB,2026,2026-08-01,WAS,Washington Commanders,Percy Butler,DB,nflverse_roster,C:\Users\tempadmin\OneDrive\Coding\Syndicate\data\nfl_source\tracking\nflverse\roster\roster_2026.csv,2026-08-01,00-0038100,Percy Butler,WAS
00-0039149,Quan Martin,WAS,DB,2026,2026-08-01,WAS,Washington Commanders,Quan Martin,DB,nflverse_roster,C:\Users\tempadmin\OneDrive\Coding\Syndicate\data\nfl_source\tracking\nflverse\roster\roster_2026.csv,2026-08-01,00-0039149,Quan Martin,WAS
00-0041180,Quentin Moore,WAS,TE,2026,2026-08-01,WAS,Washington Commanders,Quentin Moore,TE,nflverse_roster,C:\Users\tempadmin\OneDrive\Coding\Syndicate\data\nfl_source\tracking\nflverse\roster\roster_2026.csv,2026-08-01,00-0041180,Quentin Moore,WAS
00-0037522,Qwuantrezz Knight,WAS,DB,2026,2026-08-01,WAS,Washington Commanders,Qwuantrezz Knight,DB,nflverse_roster,C:\Users\tempadmin\OneDrive\Coding\Syndicate\data\nfl_source\tracking\nflverse\roster\roster_2026.csv,2026-08-01,00-0037522,Qwuantrezz Knight,WAS
00-0037256,Rachaad White,WAS,RB,2026,2026-08-01,WAS,Washington Commanders,Rachaad White,RB,nflverse_roster,C:\Users\tempadmin\OneDrive\Coding\Syndicate\data\nfl_source\tracking\nflverse\roster\roster_2026.csv,2026-08-01,00-0037256,Rachaad White,WAS
00-0040314,Ricky Barber,WAS,DL,2026,2026-08-01,WAS,Washington Commanders,Ricky Barber,DL,nflverse_roster,C:\Users\tempadmin\OneDrive\Coding\Syndicate\data\nfl_source\tracking\nflverse\roster\roster_2026.csv,2026-08-01,00-0040314,Ricky Barber,WAS
00-0041178,Robert Henry,WAS,RB,2026,2026-08-01,WAS,Washington Commanders,Robert Henry,RB,nflverse_roster,C:\Users\tempadmin\OneDrive\Coding\Syndicate\data\nfl_source\tracking\nflverse\roster\roster_2026.csv,2026-08-01,00-0041178,Robert Henry,WAS
00-0040319,Robert McDaniel,WAS,DB,2026,2026-08-01,WAS,Washington Commanders,Robert McDaniel,DB,nflverse_roster,C:\Users\tempadmin\OneDrive\Coding\Syndicate\data\nfl_source\tracking\nflverse\roster\roster_2026.csv,2026-08-01,00-0040319,Robert McDaniel,WAS
00-0036618,Sam Cosmi,WAS,OL,2026,2026-08-01,WAS,Washington Commanders,Sam Cosmi,OL,nflverse_roster,C:\Users\tempadmin\OneDrive\Coding\Syndicate\data\nfl_source\tracking\nflverse\roster\roster_2026.csv,2026-08-01,00-0036618,Sam Cosmi,WAS
00-0039677,Sam Hartman,WAS,QB,2026,2026-08-01,WAS,Washington Commanders,Sam Hartman,QB,nflverse_roster,C:\Users\tempadmin\OneDrive\Coding\Syndicate\data\nfl_source\tracking\nflverse\roster\roster_2026.csv,2026-08-01,00-0039677,Sam Hartman,WAS
00-0035409,Shy Tuttle,WAS,DL,2026,2026-08-01,WAS,Washington Commanders,Shy Tuttle,DL,nflverse_roster,C:\Users\tempadmin\OneDrive\Coding\Syndicate\data\nfl_source\tracking\nflverse\roster\roster_2026.csv,2026-08-01,00-0035409,Shy Tuttle,WAS
00-0041028,Sonny Styles,WAS,LB,2026,2026-08-01,WAS,Washington Commanders,Sonny Styles,LB,nflverse_roster,C:\Users\tempadmin\OneDrive\Coding\Syndicate\data\nfl_source\tracking\nflverse\roster\roster_2026.csv,2026-08-01,00-0041028,Sonny Styles,WAS
00-0040004,T.J. Maguranyanga,WAS,DL,2026,2026-08-01,WAS,Washington Commanders,T.J. Maguranyanga,DL,nflverse_roster,C:\Users\tempadmin\OneDrive\Coding\Syndicate\data\nfl_source\tracking\nflverse\roster\roster_2026.csv,2026-08-01,00-0040004,T.J. Maguranyanga,WAS
00-0041183,Tanoa Togiai,WAS,DL,2026,2026-08-01,WAS,Washington Commanders,Tanoa Togiai,DL,nflverse_roster,C:\Users\tempadmin\OneDrive\Coding\Syndicate\data\nfl_source\tracking\nflverse\roster\roster_2026.csv,2026-08-01,00-0041183,Tanoa Togiai,WAS
00-0035659,Terry McLaurin,WAS,WR,2026,2026-08-01,WAS,Washington Commanders,Terry McLaurin,WR,nflverse_roster,C:\Users\tempadmin\OneDrive\Coding\Syndicate\data\nfl_source\tracking\nflverse\roster\roster_2026.csv,2026-08-01,00-0035659,Terry McLaurin,WAS
00-0034397,Tim Settle,WAS,DL,2026,2026-08-01,WAS,Washington Commanders,Tim Settle,DL,nflverse_roster,C:\Users\tempadmin\OneDrive\Coding\Syndicate\data\nfl_source\tracking\nflverse\roster\roster_2026.csv,2026-08-01,00-0034397,Tim Settle,WAS
00-0040320,Timothy McKay,WAS,OL,2026,2026-08-01,WAS,Washington Commanders,Timothy McKay,OL,nflverse_roster,C:\Users\tempadmin\OneDrive\Coding\Syndicate\data\nfl_source\tracking\nflverse\roster\roster_2026.csv,2026-08-01,00-0040320,Timothy McKay,WAS
00-0038403,Tre Hawkins III,WAS,DB,2026,2026-08-01,WAS,Washington Commanders,Tre Hawkins III,DB,nflverse_roster,C:\Users\tempadmin\OneDrive\Coding\Syndicate\data\nfl_source\tracking\nflverse\roster\roster_2026.csv,2026-08-01,00-0038403,Tre Hawkins III,WAS
00-0034571,Trent Scott,WAS,OL,2026,2026-08-01,WAS,Washington Commanders,Trent Scott,OL,nflverse_roster,C:\Users\tempadmin\OneDrive\Coding\Syndicate\data\nfl_source\tracking\nflverse\roster\roster_2026.csv,2026-08-01,00-0034571,Trent Scott,WAS
00-0030140,Tress Way,WAS,P,2026,2026-08-01,WAS,Washington Commanders,Tress Way,P,nflverse_roster,C:\Users\tempadmin\OneDrive\Coding\Syndicate\data\nfl_source\tracking\nflverse\roster\roster_2026.csv,2026-08-01,00-0030140,Tress Way,WAS
00-0040731,Trey Amos,WAS,DB,2026,2026-08-01,WAS,Washington Commanders,Trey Amos,DB,nflverse_roster,C:\Users\tempadmin\OneDrive\Coding\Syndicate\data\nfl_source\tracking\nflverse\roster\roster_2026.csv,2026-08-01,00-0040731,Trey Amos,WAS
00-0037742,Treylon Burks,WAS,WR,2026,2026-08-01,WAS,Washington Commanders,Treylon Burks,WR,nflverse_roster,C:\Users\tempadmin\OneDrive\Coding\Syndicate\data\nfl_source\tracking\nflverse\roster\roster_2026.csv,2026-08-01,00-0037742,Treylon Burks,WAS
00-0040036,Tyler Cooper,WAS,OL,2026,2026-08-01,WAS,Washington Commanders,Tyler Cooper,OL,nflverse_roster,C:\Users\tempadmin\OneDrive\Coding\Syndicate\data\nfl_source\tracking\nflverse\roster\roster_2026.csv,2026-08-01,00-0040036,Tyler Cooper,WAS
00-0031156,Tyler Ott,WAS,LS,2026,2026-08-01,WAS,Washington Commanders,Tyler Ott,LS,nflverse_roster,C:\Users\tempadmin\OneDrive\Coding\Syndicate\data\nfl_source\tracking\nflverse\roster\roster_2026.csv,2026-08-01,00-0031156,Tyler Ott,WAS
00-0039681,Tyler Owens,WAS,DB,2026,2026-08-01,WAS,Washington Commanders,Tyler Owens,DB,nflverse_roster,C:\Users\tempadmin\OneDrive\Coding\Syndicate\data\nfl_source\tracking\nflverse\roster\roster_2026.csv,2026-08-01,00-0039681,Tyler Owens,WAS
00-0036415,Van Jefferson,WAS,WR,2026,2026-08-01,WAS,Washington Commanders,Van Jefferson,WR,nflverse_roster,C:\Users\tempadmin\OneDrive\Coding\Syndicate\data\nfl_source\tracking\nflverse\roster\roster_2026.csv,2026-08-01,00-0036415,Van Jefferson,WAS
00-0035655,Will Harris,WAS,DB,2026,2026-08-01,WAS,Washington Commanders,Will Harris,DB,nflverse_roster,C:\Users\tempadmin\OneDrive\Coding\Syndicate\data\nfl_source\tracking\nflverse\roster\roster_2026.csv,2026-08-01,00-0035655,Will Harris,WAS
