snapshot_ts,event_id,commence_time,bookmaker,bookmaker_title,market,outcome_name,player_name,point,price,last_update,home_team,away_team
2026-06-24T01:09:42.673079+00:00,f150838f56bc7336247f553661f55a32,2026-06-24T23:30:00Z,fanatics,Fanatics,player_double_double,Yes,Caitlin Clark,,140,2026-06-24T01:09:15Z,Indiana Fever,Phoenix Mercury
2026-06-24T01:09:42.673079+00:00,f150838f56bc7336247f553661f55a32,2026-06-24T23:30:00Z,fanatics,Fanatics,player_double_double,Yes,Alyssa Thomas,,115,2026-06-24T01:09:15Z,Indiana Fever,Phoenix Mercury
2026-06-24T01:09:42.673079+00:00,f150838f56bc7336247f553661f55a32,2026-06-24T23:30:00Z,fanatics,Fanatics,player_double_double,Yes,Aliyah Boston,,140,2026-06-24T01:09:15Z,Indiana Fever,Phoenix Mercury
2026-06-24T01:09:42.673079+00:00,f150838f56bc7336247f553661f55a32,2026-06-24T23:30:00Z,fanatics,Fanatics,player_triple_double,Yes,Alyssa Thomas,,800,2026-06-24T01:09:15Z,Indiana Fever,Phoenix Mercury
2026-06-24T01:09:42.673079+00:00,f150838f56bc7336247f553661f55a32,2026-06-24T23:30:00Z,fanduel,FanDuel,player_assists,Over,Kelsey Mitchell,2.5,-128,2026-06-24T01:08:33Z,Indiana Fever,Phoenix Mercury
2026-06-24T01:09:42.673079+00:00,f150838f56bc7336247f553661f55a32,2026-06-24T23:30:00Z,fanduel,FanDuel,player_assists,Under,Kelsey Mitchell,2.5,-104,2026-06-24T01:08:33Z,Indiana Fever,Phoenix Mercury
2026-06-24T01:09:42.673079+00:00,f150838f56bc7336247f553661f55a32,2026-06-24T23:30:00Z,fanduel,FanDuel,player_assists,Over,Kahleah Copper,1.5,-154,2026-06-24T01:08:33Z,Indiana Fever,Phoenix Mercury
2026-06-24T01:09:42.673079+00:00,f150838f56bc7336247f553661f55a32,2026-06-24T23:30:00Z,fanduel,FanDuel,player_assists,Under,Kahleah Copper,1.5,116,2026-06-24T01:08:33Z,Indiana Fever,Phoenix Mercury
2026-06-24T01:09:42.673079+00:00,f150838f56bc7336247f553661f55a32,2026-06-24T23:30:00Z,fanduel,FanDuel,player_assists,Over,Caitlin Clark,8.5,-102,2026-06-24T01:08:33Z,Indiana Fever,Phoenix Mercury
2026-06-24T01:09:42.673079+00:00,f150838f56bc7336247f553661f55a32,2026-06-24T23:30:00Z,fanduel,FanDuel,player_assists,Under,Caitlin Clark,8.5,-130,2026-06-24T01:08:33Z,Indiana Fever,Phoenix Mercury
2026-06-24T01:09:42.673079+00:00,f150838f56bc7336247f553661f55a32,2026-06-24T23:30:00Z,fanduel,FanDuel,player_assists,Over,Alyssa Thomas,8.5,-130,2026-06-24T01:08:33Z,Indiana Fever,Phoenix Mercury
2026-06-24T01:09:42.673079+00:00,f150838f56bc7336247f553661f55a32,2026-06-24T23:30:00Z,fanduel,FanDuel,player_assists,Under,Alyssa Thomas,8.5,-102,2026-06-24T01:08:33Z,Indiana Fever,Phoenix Mercury
2026-06-24T01:09:42.673079+00:00,f150838f56bc7336247f553661f55a32,2026-06-24T23:30:00Z,fanduel,FanDuel,player_assists,Over,Aliyah Boston,3.5,124,2026-06-24T01:08:33Z,Indiana Fever,Phoenix Mercury
2026-06-24T01:09:42.673079+00:00,f150838f56bc7336247f553661f55a32,2026-06-24T23:30:00Z,fanduel,FanDuel,player_assists,Under,Aliyah Boston,3.5,-166,2026-06-24T01:08:33Z,Indiana Fever,Phoenix Mercury
2026-06-24T01:09:42.673079+00:00,f150838f56bc7336247f553661f55a32,2026-06-24T23:30:00Z,fanduel,FanDuel,player_double_double,Yes,Alyssa Thomas,,-105,2026-06-24T01:08:33Z,Indiana Fever,Phoenix Mercury
2026-06-24T01:09:42.673079+00:00,f150838f56bc7336247f553661f55a32,2026-06-24T23:30:00Z,fanduel,FanDuel,player_double_double,Yes,Aliyah Boston,,105,2026-06-24T01:08:33Z,Indiana Fever,Phoenix Mercury
2026-06-24T01:09:42.673079+00:00,f150838f56bc7336247f553661f55a32,2026-06-24T23:30:00Z,fanduel,FanDuel,player_double_double,Yes,Caitlin Clark,,135,2026-06-24T01:08:33Z,Indiana Fever,Phoenix Mercury
2026-06-24T01:09:42.673079+00:00,f150838f56bc7336247f553661f55a32,2026-06-24T23:30:00Z,fanduel,FanDuel,player_double_double,Yes,Natasha Mack,,410,2026-06-24T01:08:33Z,Indiana Fever,Phoenix Mercury
2026-06-24T01:09:42.673079+00:00,f150838f56bc7336247f553661f55a32,2026-06-24T23:30:00Z,fanduel,FanDuel,player_points,Over,Natasha Mack,8.5,-115,2026-06-24T01:08:33Z,Indiana Fever,Phoenix Mercury
2026-06-24T01:09:42.673079+00:00,f150838f56bc7336247f553661f55a32,2026-06-24T23:30:00Z,fanduel,FanDuel,player_points,Under,Natasha Mack,8.5,-113,2026-06-24T01:08:33Z,Indiana Fever,Phoenix Mercury
2026-06-24T01:09:42.673079+00:00,f150838f56bc7336247f553661f55a32,2026-06-24T23:30:00Z,fanduel,FanDuel,player_points,Over,Sophie Cunningham,9.5,100,2026-06-24T01:08:33Z,Indiana Fever,Phoenix Mercury
2026-06-24T01:09:42.673079+00:00,f150838f56bc7336247f553661f55a32,2026-06-24T23:30:00Z,fanduel,FanDuel,player_points,Under,Sophie Cunningham,9.5,-130,2026-06-24T01:08:33Z,Indiana Fever,Phoenix Mercury
2026-06-24T01:09:42.673079+00:00,f150838f56bc7336247f553661f55a32,2026-06-24T23:30:00Z,fanduel,FanDuel,player_points,Over,Kelsey Mitchell,19.5,-128,2026-06-24T01:08:33Z,Indiana Fever,Phoenix Mercury
2026-06-24T01:09:42.673079+00:00,f150838f56bc7336247f553661f55a32,2026-06-24T23:30:00Z,fanduel,FanDuel,player_points,Under,Kelsey Mitchell,19.5,-102,2026-06-24T01:08:33Z,Indiana Fever,Phoenix Mercury
2026-06-24T01:09:42.673079+00:00,f150838f56bc7336247f553661f55a32,2026-06-24T23:30:00Z,fanduel,FanDuel,player_points,Over,Lexi Held,8.5,100,2026-06-24T01:08:33Z,Indiana Fever,Phoenix Mercury
2026-06-24T01:09:42.673079+00:00,f150838f56bc7336247f553661f55a32,2026-06-24T23:30:00Z,fanduel,FanDuel,player_points,Under,Lexi Held,8.5,-130,2026-06-24T01:08:33Z,Indiana Fever,Phoenix Mercury
2026-06-24T01:09:42.673079+00:00,f150838f56bc7336247f553661f55a32,2026-06-24T23:30:00Z,fanduel,FanDuel,player_points,Over,Caitlin Clark,21.5,-115,2026-06-24T01:08:33Z,Indiana Fever,Phoenix Mercury
2026-06-24T01:09:42.673079+00:00,f150838f56bc7336247f553661f55a32,2026-06-24T23:30:00Z,fanduel,FanDuel,player_points,Under,Caitlin Clark,21.5,-113,2026-06-24T01:08:33Z,Indiana Fever,Phoenix Mercury
2026-06-24T01:09:42.673079+00:00,f150838f56bc7336247f553661f55a32,2026-06-24T23:30:00Z,fanduel,FanDuel,player_points,Over,Kahleah Copper,18.5,-130,2026-06-24T01:08:33Z,Indiana Fever,Phoenix Mercury
2026-06-24T01:09:42.673079+00:00,f150838f56bc7336247f553661f55a32,2026-06-24T23:30:00Z,fanduel,FanDuel,player_points,Under,Kahleah Copper,18.5,100,2026-06-24T01:08:33Z,Indiana Fever,Phoenix Mercury
2026-06-24T01:09:42.673079+00:00,f150838f56bc7336247f553661f55a32,2026-06-24T23:30:00Z,fanduel,FanDuel,player_points,Over,Alyssa Thomas,14.5,-110,2026-06-24T01:08:33Z,Indiana Fever,Phoenix Mercury
2026-06-24T01:09:42.673079+00:00,f150838f56bc7336247f553661f55a32,2026-06-24T23:30:00Z,fanduel,FanDuel,player_points,Under,Alyssa Thomas,14.5,-118,2026-06-24T01:08:33Z,Indiana Fever,Phoenix Mercury
2026-06-24T01:09:42.673079+00:00,f150838f56bc7336247f553661f55a32,2026-06-24T23:30:00Z,fanduel,FanDuel,player_points,Over,Aliyah Boston,16.5,-114,2026-06-24T01:08:33Z,Indiana Fever,Phoenix Mercury
2026-06-24T01:09:42.673079+00:00,f150838f56bc7336247f553661f55a32,2026-06-24T23:30:00Z,fanduel,FanDuel,player_points,Under,Aliyah Boston,16.5,-114,2026-06-24T01:08:33Z,Indiana Fever,Phoenix Mercury
2026-06-24T01:09:42.673079+00:00,f150838f56bc7336247f553661f55a32,2026-06-24T23:30:00Z,fanduel,FanDuel,player_points_assists,Over,Kelsey Mitchell,22.5,-120,2026-06-24T01:08:33Z,Indiana Fever,Phoenix Mercury
2026-06-24T01:09:42.673079+00:00,f150838f56bc7336247f553661f55a32,2026-06-24T23:30:00Z,fanduel,FanDuel,player_points_assists,Under,Kelsey Mitchell,22.5,-110,2026-06-24T01:08:33Z,Indiana Fever,Phoenix Mercury
2026-06-24T01:09:42.673079+00:00,f150838f56bc7336247f553661f55a32,2026-06-24T23:30:00Z,fanduel,FanDuel,player_points_assists,Over,Kahleah Copper,20.5,-130,2026-06-24T01:08:33Z,Indiana Fever,Phoenix Mercury
2026-06-24T01:09:42.673079+00:00,f150838f56bc7336247f553661f55a32,2026-06-24T23:30:00Z,fanduel,FanDuel,player_points_assists,Under,Kahleah Copper,20.5,-102,2026-06-24T01:08:33Z,Indiana Fever,Phoenix Mercury
2026-06-24T01:09:42.673079+00:00,f150838f56bc7336247f553661f55a32,2026-06-24T23:30:00Z,fanduel,FanDuel,player_points_assists,Over,Caitlin Clark,30.5,-108,2026-06-24T01:08:33Z,Indiana Fever,Phoenix Mercury
2026-06-24T01:09:42.673079+00:00,f150838f56bc7336247f553661f55a32,2026-06-24T23:30:00Z,fanduel,FanDuel,player_points_assists,Under,Caitlin Clark,30.5,-122,2026-06-24T01:08:33Z,Indiana Fever,Phoenix Mercury
2026-06-24T01:09:42.673079+00:00,f150838f56bc7336247f553661f55a32,2026-06-24T23:30:00Z,fanduel,FanDuel,player_points_assists,Over,Alyssa Thomas,23.5,-114,2026-06-24T01:08:33Z,Indiana Fever,Phoenix Mercury
2026-06-24T01:09:42.673079+00:00,f150838f56bc7336247f553661f55a32,2026-06-24T23:30:00Z,fanduel,FanDuel,player_points_assists,Under,Alyssa Thomas,23.5,-114,2026-06-24T01:08:33Z,Indiana Fever,Phoenix Mercury
2026-06-24T01:09:42.673079+00:00,f150838f56bc7336247f553661f55a32,2026-06-24T23:30:00Z,fanduel,FanDuel,player_points_assists,Over,Aliyah Boston,19.5,-125,2026-06-24T01:08:33Z,Indiana Fever,Phoenix Mercury
2026-06-24T01:09:42.673079+00:00,f150838f56bc7336247f553661f55a32,2026-06-24T23:30:00Z,fanduel,FanDuel,player_points_assists,Under,Aliyah Boston,19.5,-106,2026-06-24T01:08:33Z,Indiana Fever,Phoenix Mercury
2026-06-24T01:09:42.673079+00:00,f150838f56bc7336247f553661f55a32,2026-06-24T23:30:00Z,fanduel,FanDuel,player_points_rebounds,Over,Kahleah Copper,22.5,-112,2026-06-24T01:08:33Z,Indiana Fever,Phoenix Mercury
2026-06-24T01:09:42.673079+00:00,f150838f56bc7336247f553661f55a32,2026-06-24T23:30:00Z,fanduel,FanDuel,player_points_rebounds,Under,Kahleah Copper,22.5,-118,2026-06-24T01:08:33Z,Indiana Fever,Phoenix Mercury
2026-06-24T01:09:42.673079+00:00,f150838f56bc7336247f553661f55a32,2026-06-24T23:30:00Z,fanduel,FanDuel,player_points_rebounds,Over,Caitlin Clark,26.5,-104,2026-06-24T01:08:33Z,Indiana Fever,Phoenix Mercury
2026-06-24T01:09:42.673079+00:00,f150838f56bc7336247f553661f55a32,2026-06-24T23:30:00Z,fanduel,FanDuel,player_points_rebounds,Under,Caitlin Clark,26.5,-128,2026-06-24T01:08:33Z,Indiana Fever,Phoenix Mercury
2026-06-24T01:09:42.673079+00:00,f150838f56bc7336247f553661f55a32,2026-06-24T23:30:00Z,fanduel,FanDuel,player_points_rebounds,Over,Alyssa Thomas,21.5,-114,2026-06-24T01:08:33Z,Indiana Fever,Phoenix Mercury
2026-06-24T01:09:42.673079+00:00,f150838f56bc7336247f553661f55a32,2026-06-24T23:30:00Z,fanduel,FanDuel,player_points_rebounds,Under,Alyssa Thomas,21.5,-114,2026-06-24T01:08:33Z,Indiana Fever,Phoenix Mercury
2026-06-24T01:09:42.673079+00:00,f150838f56bc7336247f553661f55a32,2026-06-24T23:30:00Z,fanduel,FanDuel,player_points_rebounds,Over,Aliyah Boston,25.5,-130,2026-06-24T01:08:33Z,Indiana Fever,Phoenix Mercury
2026-06-24T01:09:42.673079+00:00,f150838f56bc7336247f553661f55a32,2026-06-24T23:30:00Z,fanduel,FanDuel,player_points_rebounds,Under,Aliyah Boston,25.5,-102,2026-06-24T01:08:33Z,Indiana Fever,Phoenix Mercury
2026-06-24T01:09:42.673079+00:00,f150838f56bc7336247f553661f55a32,2026-06-24T23:30:00Z,fanduel,FanDuel,player_points_rebounds_assists,Over,Kelsey Mitchell,24.5,-114,2026-06-24T01:08:33Z,Indiana Fever,Phoenix Mercury
2026-06-24T01:09:42.673079+00:00,f150838f56bc7336247f553661f55a32,2026-06-24T23:30:00Z,fanduel,FanDuel,player_points_rebounds_assists,Under,Kelsey Mitchell,24.5,-114,2026-06-24T01:08:33Z,Indiana Fever,Phoenix Mercury
2026-06-24T01:09:42.673079+00:00,f150838f56bc7336247f553661f55a32,2026-06-24T23:30:00Z,fanduel,FanDuel,player_points_rebounds_assists,Over,Natasha Mack,18.5,-106,2026-06-24T01:08:33Z,Indiana Fever,Phoenix Mercury
2026-06-24T01:09:42.673079+00:00,f150838f56bc7336247f553661f55a32,2026-06-24T23:30:00Z,fanduel,FanDuel,player_points_rebounds_assists,Under,Natasha Mack,18.5,-125,2026-06-24T01:08:33Z,Indiana Fever,Phoenix Mercury
2026-06-24T01:09:42.673079+00:00,f150838f56bc7336247f553661f55a32,2026-06-24T23:30:00Z,fanduel,FanDuel,player_points_rebounds_assists,Over,Kahleah Copper,24.5,-112,2026-06-24T01:08:33Z,Indiana Fever,Phoenix Mercury
2026-06-24T01:09:42.673079+00:00,f150838f56bc7336247f553661f55a32,2026-06-24T23:30:00Z,fanduel,FanDuel,player_points_rebounds_assists,Under,Kahleah Copper,24.5,-118,2026-06-24T01:08:33Z,Indiana Fever,Phoenix Mercury
2026-06-24T01:09:42.673079+00:00,f150838f56bc7336247f553661f55a32,2026-06-24T23:30:00Z,fanduel,FanDuel,player_points_rebounds_assists,Over,Caitlin Clark,34.5,-118,2026-06-24T01:08:33Z,Indiana Fever,Phoenix Mercury
2026-06-24T01:09:42.673079+00:00,f150838f56bc7336247f553661f55a32,2026-06-24T23:30:00Z,fanduel,FanDuel,player_points_rebounds_assists,Under,Caitlin Clark,34.5,-112,2026-06-24T01:08:33Z,Indiana Fever,Phoenix Mercury
2026-06-24T01:09:42.673079+00:00,f150838f56bc7336247f553661f55a32,2026-06-24T23:30:00Z,fanduel,FanDuel,player_points_rebounds_assists,Over,Lexi Held,12.5,-132,2026-06-24T01:08:33Z,Indiana Fever,Phoenix Mercury
2026-06-24T01:09:42.673079+00:00,f150838f56bc7336247f553661f55a32,2026-06-24T23:30:00Z,fanduel,FanDuel,player_points_rebounds_assists,Under,Lexi Held,12.5,100,2026-06-24T01:08:33Z,Indiana Fever,Phoenix Mercury
2026-06-24T01:09:42.673079+00:00,f150838f56bc7336247f553661f55a32,2026-06-24T23:30:00Z,fanduel,FanDuel,player_points_rebounds_assists,Over,Alyssa Thomas,30.5,-118,2026-06-24T01:08:33Z,Indiana Fever,Phoenix Mercury
2026-06-24T01:09:42.673079+00:00,f150838f56bc7336247f553661f55a32,2026-06-24T23:30:00Z,fanduel,FanDuel,player_points_rebounds_assists,Under,Alyssa Thomas,30.5,-112,2026-06-24T01:08:33Z,Indiana Fever,Phoenix Mercury
2026-06-24T01:09:42.673079+00:00,f150838f56bc7336247f553661f55a32,2026-06-24T23:30:00Z,fanduel,FanDuel,player_points_rebounds_assists,Over,Aliyah Boston,29.5,-106,2026-06-24T01:08:33Z,Indiana Fever,Phoenix Mercury
2026-06-24T01:09:42.673079+00:00,f150838f56bc7336247f553661f55a32,2026-06-24T23:30:00Z,fanduel,FanDuel,player_points_rebounds_assists,Under,Aliyah Boston,29.5,-122,2026-06-24T01:08:33Z,Indiana Fever,Phoenix Mercury
2026-06-24T01:09:42.673079+00:00,f150838f56bc7336247f553661f55a32,2026-06-24T23:30:00Z,fanduel,FanDuel,player_rebounds,Over,Natasha Mack,7.5,-128,2026-06-24T01:08:33Z,Indiana Fever,Phoenix Mercury
2026-06-24T01:09:42.673079+00:00,f150838f56bc7336247f553661f55a32,2026-06-24T23:30:00Z,fanduel,FanDuel,player_rebounds,Under,Natasha Mack,7.5,-104,2026-06-24T01:08:33Z,Indiana Fever,Phoenix Mercury
2026-06-24T01:09:42.673079+00:00,f150838f56bc7336247f553661f55a32,2026-06-24T23:30:00Z,fanduel,FanDuel,player_rebounds,Over,Monique Billings,4.5,-102,2026-06-24T01:08:33Z,Indiana Fever,Phoenix Mercury
2026-06-24T01:09:42.673079+00:00,f150838f56bc7336247f553661f55a32,2026-06-24T23:30:00Z,fanduel,FanDuel,player_rebounds,Under,Monique Billings,4.5,-130,2026-06-24T01:08:33Z,Indiana Fever,Phoenix Mercury
2026-06-24T01:09:42.673079+00:00,f150838f56bc7336247f553661f55a32,2026-06-24T23:30:00Z,fanduel,FanDuel,player_rebounds,Over,Kahleah Copper,3.5,104,2026-06-24T01:08:33Z,Indiana Fever,Phoenix Mercury
2026-06-24T01:09:42.673079+00:00,f150838f56bc7336247f553661f55a32,2026-06-24T23:30:00Z,fanduel,FanDuel,player_rebounds,Under,Kahleah Copper,3.5,-138,2026-06-24T01:08:33Z,Indiana Fever,Phoenix Mercury
2026-06-24T01:09:42.673079+00:00,f150838f56bc7336247f553661f55a32,2026-06-24T23:30:00Z,fanduel,FanDuel,player_rebounds,Over,Lexie Hull,3.5,-110,2026-06-24T01:08:33Z,Indiana Fever,Phoenix Mercury
2026-06-24T01:09:42.673079+00:00,f150838f56bc7336247f553661f55a32,2026-06-24T23:30:00Z,fanduel,FanDuel,player_rebounds,Under,Lexie Hull,3.5,-120,2026-06-24T01:08:33Z,Indiana Fever,Phoenix Mercury
2026-06-24T01:09:42.673079+00:00,f150838f56bc7336247f553661f55a32,2026-06-24T23:30:00Z,fanduel,FanDuel,player_rebounds,Over,Caitlin Clark,4.5,108,2026-06-24T01:08:33Z,Indiana Fever,Phoenix Mercury
2026-06-24T01:09:42.673079+00:00,f150838f56bc7336247f553661f55a32,2026-06-24T23:30:00Z,fanduel,FanDuel,player_rebounds,Under,Caitlin Clark,4.5,-144,2026-06-24T01:08:33Z,Indiana Fever,Phoenix Mercury
2026-06-24T01:09:42.673079+00:00,f150838f56bc7336247f553661f55a32,2026-06-24T23:30:00Z,fanduel,FanDuel,player_rebounds,Over,Alyssa Thomas,6.5,-136,2026-06-24T01:08:33Z,Indiana Fever,Phoenix Mercury
2026-06-24T01:09:42.673079+00:00,f150838f56bc7336247f553661f55a32,2026-06-24T23:30:00Z,fanduel,FanDuel,player_rebounds,Under,Alyssa Thomas,6.5,102,2026-06-24T01:08:33Z,Indiana Fever,Phoenix Mercury
2026-06-24T01:09:42.673079+00:00,f150838f56bc7336247f553661f55a32,2026-06-24T23:30:00Z,fanduel,FanDuel,player_rebounds,Over,Aliyah Boston,8.5,-146,2026-06-24T01:08:33Z,Indiana Fever,Phoenix Mercury
2026-06-24T01:09:42.673079+00:00,f150838f56bc7336247f553661f55a32,2026-06-24T23:30:00Z,fanduel,FanDuel,player_rebounds,Under,Aliyah Boston,8.5,110,2026-06-24T01:08:33Z,Indiana Fever,Phoenix Mercury
2026-06-24T01:09:42.673079+00:00,f150838f56bc7336247f553661f55a32,2026-06-24T23:30:00Z,fanduel,FanDuel,player_rebounds_assists,Over,Caitlin Clark,12.5,-136,2026-06-24T01:08:33Z,Indiana Fever,Phoenix Mercury
2026-06-24T01:09:42.673079+00:00,f150838f56bc7336247f553661f55a32,2026-06-24T23:30:00Z,fanduel,FanDuel,player_rebounds_assists,Under,Caitlin Clark,12.5,102,2026-06-24T01:08:33Z,Indiana Fever,Phoenix Mercury
2026-06-24T01:09:42.673079+00:00,f150838f56bc7336247f553661f55a32,2026-06-24T23:30:00Z,fanduel,FanDuel,player_rebounds_assists,Over,Alyssa Thomas,15.5,-132,2026-06-24T01:08:33Z,Indiana Fever,Phoenix Mercury
2026-06-24T01:09:42.673079+00:00,f150838f56bc7336247f553661f55a32,2026-06-24T23:30:00Z,fanduel,FanDuel,player_rebounds_assists,Under,Alyssa Thomas,15.5,100,2026-06-24T01:08:33Z,Indiana Fever,Phoenix Mercury
2026-06-24T01:09:42.673079+00:00,f150838f56bc7336247f553661f55a32,2026-06-24T23:30:00Z,fanduel,FanDuel,player_rebounds_assists,Over,Aliyah Boston,12.5,-108,2026-06-24T01:08:33Z,Indiana Fever,Phoenix Mercury
2026-06-24T01:09:42.673079+00:00,f150838f56bc7336247f553661f55a32,2026-06-24T23:30:00Z,fanduel,FanDuel,player_rebounds_assists,Under,Aliyah Boston,12.5,-122,2026-06-24T01:08:33Z,Indiana Fever,Phoenix Mercury
2026-06-24T01:09:42.673079+00:00,f150838f56bc7336247f553661f55a32,2026-06-24T23:30:00Z,fanduel,FanDuel,player_rebounds_assists,Over,Kahleah Copper,5.5,106,2026-06-24T01:08:33Z,Indiana Fever,Phoenix Mercury
2026-06-24T01:09:42.673079+00:00,f150838f56bc7336247f553661f55a32,2026-06-24T23:30:00Z,fanduel,FanDuel,player_rebounds_assists,Under,Kahleah Copper,5.5,-140,2026-06-24T01:08:33Z,Indiana Fever,Phoenix Mercury
2026-06-24T01:09:42.673079+00:00,f150838f56bc7336247f553661f55a32,2026-06-24T23:30:00Z,fanduel,FanDuel,player_threes,Over,Sophie Cunningham,1.5,102,2026-06-24T01:08:33Z,Indiana Fever,Phoenix Mercury
2026-06-24T01:09:42.673079+00:00,f150838f56bc7336247f553661f55a32,2026-06-24T23:30:00Z,fanduel,FanDuel,player_threes,Under,Sophie Cunningham,1.5,-136,2026-06-24T01:08:33Z,Indiana Fever,Phoenix Mercury
2026-06-24T01:09:42.673079+00:00,f150838f56bc7336247f553661f55a32,2026-06-24T23:30:00Z,fanduel,FanDuel,player_threes,Over,Kelsey Mitchell,2.5,124,2026-06-24T01:08:33Z,Indiana Fever,Phoenix Mercury
2026-06-24T01:09:42.673079+00:00,f150838f56bc7336247f553661f55a32,2026-06-24T23:30:00Z,fanduel,FanDuel,player_threes,Under,Kelsey Mitchell,2.5,-166,2026-06-24T01:08:33Z,Indiana Fever,Phoenix Mercury
2026-06-24T01:09:42.673079+00:00,f150838f56bc7336247f553661f55a32,2026-06-24T23:30:00Z,fanduel,FanDuel,player_threes,Over,Caitlin Clark,2.5,-125,2026-06-24T01:08:33Z,Indiana Fever,Phoenix Mercury
2026-06-24T01:09:42.673079+00:00,f150838f56bc7336247f553661f55a32,2026-06-24T23:30:00Z,fanduel,FanDuel,player_threes,Under,Caitlin Clark,2.5,-106,2026-06-24T01:08:33Z,Indiana Fever,Phoenix Mercury
2026-06-24T01:09:42.673079+00:00,f150838f56bc7336247f553661f55a32,2026-06-24T23:30:00Z,fanduel,FanDuel,player_threes,Over,Kahleah Copper,1.5,-138,2026-06-24T01:08:33Z,Indiana Fever,Phoenix Mercury
2026-06-24T01:09:42.673079+00:00,f150838f56bc7336247f553661f55a32,2026-06-24T23:30:00Z,fanduel,FanDuel,player_threes,Under,Kahleah Copper,1.5,104,2026-06-24T01:08:33Z,Indiana Fever,Phoenix Mercury
2026-06-24T01:09:42.673079+00:00,f150838f56bc7336247f553661f55a32,2026-06-24T23:30:00Z,fanduel,FanDuel,player_threes,Over,Aliyah Boston,1.5,178,2026-06-24T01:08:33Z,Indiana Fever,Phoenix Mercury
2026-06-24T01:09:42.673079+00:00,f150838f56bc7336247f553661f55a32,2026-06-24T23:30:00Z,fanduel,FanDuel,player_threes,Under,Aliyah Boston,1.5,-245,2026-06-24T01:08:33Z,Indiana Fever,Phoenix Mercury
2026-06-24T01:09:42.673079+00:00,f150838f56bc7336247f553661f55a32,2026-06-24T23:30:00Z,fanduel,FanDuel,player_triple_double,Yes,Alyssa Thomas,,700,2026-06-24T01:08:33Z,Indiana Fever,Phoenix Mercury
2026-06-24T01:09:42.673079+00:00,f150838f56bc7336247f553661f55a32,2026-06-24T23:30:00Z,fanduel,FanDuel,player_triple_double,Yes,Caitlin Clark,,4500,2026-06-24T01:08:33Z,Indiana Fever,Phoenix Mercury
2026-06-24T01:09:42.673079+00:00,f150838f56bc7336247f553661f55a32,2026-06-24T23:30:00Z,draftkings,DraftKings,player_assists,Over,Caitlin Clark,8.5,-118,2026-06-24T01:09:38Z,Indiana Fever,Phoenix Mercury
2026-06-24T01:09:42.673079+00:00,f150838f56bc7336247f553661f55a32,2026-06-24T23:30:00Z,draftkings,DraftKings,player_assists,Under,Caitlin Clark,8.5,-115,2026-06-24T01:09:38Z,Indiana Fever,Phoenix Mercury
2026-06-24T01:09:42.673079+00:00,f150838f56bc7336247f553661f55a32,2026-06-24T23:30:00Z,draftkings,DraftKings,player_assists,Over,Alyssa Thomas,8.5,-113,2026-06-24T01:09:38Z,Indiana Fever,Phoenix Mercury
2026-06-24T01:09:42.673079+00:00,f150838f56bc7336247f553661f55a32,2026-06-24T23:30:00Z,draftkings,DraftKings,player_assists,Under,Alyssa Thomas,8.5,-120,2026-06-24T01:09:38Z,Indiana Fever,Phoenix Mercury
2026-06-24T01:09:42.673079+00:00,f150838f56bc7336247f553661f55a32,2026-06-24T23:30:00Z,draftkings,DraftKings,player_assists,Over,Aliyah Boston,3.5,121,2026-06-24T01:09:38Z,Indiana Fever,Phoenix Mercury
2026-06-24T01:09:42.673079+00:00,f150838f56bc7336247f553661f55a32,2026-06-24T23:30:00Z,draftkings,DraftKings,player_assists,Under,Aliyah Boston,3.5,-165,2026-06-24T01:09:38Z,Indiana Fever,Phoenix Mercury
2026-06-24T01:09:42.673079+00:00,f150838f56bc7336247f553661f55a32,2026-06-24T23:30:00Z,draftkings,DraftKings,player_assists,Over,Kelsey Mitchell,2.5,-131,2026-06-24T01:09:38Z,Indiana Fever,Phoenix Mercury
2026-06-24T01:09:42.673079+00:00,f150838f56bc7336247f553661f55a32,2026-06-24T23:30:00Z,draftkings,DraftKings,player_assists,Under,Kelsey Mitchell,2.5,-104,2026-06-24T01:09:38Z,Indiana Fever,Phoenix Mercury
2026-06-24T01:09:42.673079+00:00,f150838f56bc7336247f553661f55a32,2026-06-24T23:30:00Z,draftkings,DraftKings,player_double_double,Yes,Alyssa Thomas,,111,2026-06-24T01:09:38Z,Indiana Fever,Phoenix Mercury
2026-06-24T01:09:42.673079+00:00,f150838f56bc7336247f553661f55a32,2026-06-24T23:30:00Z,draftkings,DraftKings,player_double_double,Yes,Aliyah Boston,,133,2026-06-24T01:09:38Z,Indiana Fever,Phoenix Mercury
2026-06-24T01:09:42.673079+00:00,f150838f56bc7336247f553661f55a32,2026-06-24T23:30:00Z,draftkings,DraftKings,player_double_double,Yes,Caitlin Clark,,141,2026-06-24T01:09:38Z,Indiana Fever,Phoenix Mercury
2026-06-24T01:09:42.673079+00:00,f150838f56bc7336247f553661f55a32,2026-06-24T23:30:00Z,draftkings,DraftKings,player_double_double,Yes,Natasha Mack,,433,2026-06-24T01:09:38Z,Indiana Fever,Phoenix Mercury
2026-06-24T01:09:42.673079+00:00,f150838f56bc7336247f553661f55a32,2026-06-24T23:30:00Z,draftkings,DraftKings,player_points,Over,Caitlin Clark,21.5,-110,2026-06-24T01:09:38Z,Indiana Fever,Phoenix Mercury
2026-06-24T01:09:42.673079+00:00,f150838f56bc7336247f553661f55a32,2026-06-24T23:30:00Z,draftkings,DraftKings,player_points,Under,Caitlin Clark,21.5,-120,2026-06-24T01:09:38Z,Indiana Fever,Phoenix Mercury
2026-06-24T01:09:42.673079+00:00,f150838f56bc7336247f553661f55a32,2026-06-24T23:30:00Z,draftkings,DraftKings,player_points,Over,Kahleah Copper,19.5,-110,2026-06-24T01:09:38Z,Indiana Fever,Phoenix Mercury
2026-06-24T01:09:42.673079+00:00,f150838f56bc7336247f553661f55a32,2026-06-24T23:30:00Z,draftkings,DraftKings,player_points,Under,Kahleah Copper,19.5,-121,2026-06-24T01:09:38Z,Indiana Fever,Phoenix Mercury
2026-06-24T01:09:42.673079+00:00,f150838f56bc7336247f553661f55a32,2026-06-24T23:30:00Z,draftkings,DraftKings,player_points,Over,Kelsey Mitchell,19.5,-109,2026-06-24T01:09:38Z,Indiana Fever,Phoenix Mercury
2026-06-24T01:09:42.673079+00:00,f150838f56bc7336247f553661f55a32,2026-06-24T23:30:00Z,draftkings,DraftKings,player_points,Under,Kelsey Mitchell,19.5,-122,2026-06-24T01:09:38Z,Indiana Fever,Phoenix Mercury
2026-06-24T01:09:42.673079+00:00,f150838f56bc7336247f553661f55a32,2026-06-24T23:30:00Z,draftkings,DraftKings,player_points,Over,Aliyah Boston,15.5,-128,2026-06-24T01:09:38Z,Indiana Fever,Phoenix Mercury
2026-06-24T01:09:42.673079+00:00,f150838f56bc7336247f553661f55a32,2026-06-24T23:30:00Z,draftkings,DraftKings,player_points,Under,Aliyah Boston,15.5,-103,2026-06-24T01:09:38Z,Indiana Fever,Phoenix Mercury
2026-06-24T01:09:42.673079+00:00,f150838f56bc7336247f553661f55a32,2026-06-24T23:30:00Z,draftkings,DraftKings,player_points,Over,Alyssa Thomas,14.5,-114,2026-06-24T01:09:38Z,Indiana Fever,Phoenix Mercury
2026-06-24T01:09:42.673079+00:00,f150838f56bc7336247f553661f55a32,2026-06-24T23:30:00Z,draftkings,DraftKings,player_points,Under,Alyssa Thomas,14.5,-116,2026-06-24T01:09:38Z,Indiana Fever,Phoenix Mercury
2026-06-24T01:09:42.673079+00:00,f150838f56bc7336247f553661f55a32,2026-06-24T23:30:00Z,draftkings,DraftKings,player_points,Over,Sophie Cunningham,9.5,-106,2026-06-24T01:09:38Z,Indiana Fever,Phoenix Mercury
2026-06-24T01:09:42.673079+00:00,f150838f56bc7336247f553661f55a32,2026-06-24T23:30:00Z,draftkings,DraftKings,player_points,Under,Sophie Cunningham,9.5,-125,2026-06-24T01:09:38Z,Indiana Fever,Phoenix Mercury
2026-06-24T01:09:42.673079+00:00,f150838f56bc7336247f553661f55a32,2026-06-24T23:30:00Z,draftkings,DraftKings,player_points,Over,Natasha Mack,8.5,-115,2026-06-24T01:09:38Z,Indiana Fever,Phoenix Mercury
2026-06-24T01:09:42.673079+00:00,f150838f56bc7336247f553661f55a32,2026-06-24T23:30:00Z,draftkings,DraftKings,player_points,Under,Natasha Mack,8.5,-116,2026-06-24T01:09:38Z,Indiana Fever,Phoenix Mercury
2026-06-24T01:09:42.673079+00:00,f150838f56bc7336247f553661f55a32,2026-06-24T23:30:00Z,draftkings,DraftKings,player_points,Over,Lexi Held,7.5,-130,2026-06-24T01:09:38Z,Indiana Fever,Phoenix Mercury
2026-06-24T01:09:42.673079+00:00,f150838f56bc7336247f553661f55a32,2026-06-24T23:30:00Z,draftkings,DraftKings,player_points,Under,Lexi Held,7.5,-102,2026-06-24T01:09:38Z,Indiana Fever,Phoenix Mercury
2026-06-24T01:09:42.673079+00:00,f150838f56bc7336247f553661f55a32,2026-06-24T23:30:00Z,draftkings,DraftKings,player_points,Over,Lexie Hull,5.5,103,2026-06-24T01:09:38Z,Indiana Fever,Phoenix Mercury
2026-06-24T01:09:42.673079+00:00,f150838f56bc7336247f553661f55a32,2026-06-24T23:30:00Z,draftkings,DraftKings,player_points,Under,Lexie Hull,5.5,-137,2026-06-24T01:09:38Z,Indiana Fever,Phoenix Mercury
2026-06-24T01:09:42.673079+00:00,f150838f56bc7336247f553661f55a32,2026-06-24T23:30:00Z,draftkings,DraftKings,player_points_assists,Over,Caitlin Clark,30.5,-110,2026-06-24T01:09:38Z,Indiana Fever,Phoenix Mercury
2026-06-24T01:09:42.673079+00:00,f150838f56bc7336247f553661f55a32,2026-06-24T23:30:00Z,draftkings,DraftKings,player_points_assists,Under,Caitlin Clark,30.5,-123,2026-06-24T01:09:38Z,Indiana Fever,Phoenix Mercury
2026-06-24T01:09:42.673079+00:00,f150838f56bc7336247f553661f55a32,2026-06-24T23:30:00Z,draftkings,DraftKings,player_points_assists,Over,Alyssa Thomas,23.5,-108,2026-06-24T01:09:38Z,Indiana Fever,Phoenix Mercury
2026-06-24T01:09:42.673079+00:00,f150838f56bc7336247f553661f55a32,2026-06-24T23:30:00Z,draftkings,DraftKings,player_points_assists,Under,Alyssa Thomas,23.5,-125,2026-06-24T01:09:38Z,Indiana Fever,Phoenix Mercury
2026-06-24T01:09:42.673079+00:00,f150838f56bc7336247f553661f55a32,2026-06-24T23:30:00Z,draftkings,DraftKings,player_points_assists,Over,Kelsey Mitchell,22.5,-107,2026-06-24T01:09:38Z,Indiana Fever,Phoenix Mercury
2026-06-24T01:09:42.673079+00:00,f150838f56bc7336247f553661f55a32,2026-06-24T23:30:00Z,draftkings,DraftKings,player_points_assists,Under,Kelsey Mitchell,22.5,-127,2026-06-24T01:09:38Z,Indiana Fever,Phoenix Mercury
2026-06-24T01:09:42.673079+00:00,f150838f56bc7336247f553661f55a32,2026-06-24T23:30:00Z,draftkings,DraftKings,player_points_assists,Over,Kahleah Copper,21.5,-116,2026-06-24T01:09:38Z,Indiana Fever,Phoenix Mercury
2026-06-24T01:09:42.673079+00:00,f150838f56bc7336247f553661f55a32,2026-06-24T23:30:00Z,draftkings,DraftKings,player_points_assists,Under,Kahleah Copper,21.5,-117,2026-06-24T01:09:38Z,Indiana Fever,Phoenix Mercury
2026-06-24T01:09:42.673079+00:00,f150838f56bc7336247f553661f55a32,2026-06-24T23:30:00Z,draftkings,DraftKings,player_points_assists,Over,Aliyah Boston,19.5,-109,2026-06-24T01:09:38Z,Indiana Fever,Phoenix Mercury
2026-06-24T01:09:42.673079+00:00,f150838f56bc7336247f553661f55a32,2026-06-24T23:30:00Z,draftkings,DraftKings,player_points_assists,Under,Aliyah Boston,19.5,-125,2026-06-24T01:09:38Z,Indiana Fever,Phoenix Mercury
2026-06-24T01:09:42.673079+00:00,f150838f56bc7336247f553661f55a32,2026-06-24T23:30:00Z,draftkings,DraftKings,player_points_rebounds,Over,Caitlin Clark,26.5,-108,2026-06-24T01:09:38Z,Indiana Fever,Phoenix Mercury
2026-06-24T01:09:42.673079+00:00,f150838f56bc7336247f553661f55a32,2026-06-24T23:30:00Z,draftkings,DraftKings,player_points_rebounds,Under,Caitlin Clark,26.5,-125,2026-06-24T01:09:38Z,Indiana Fever,Phoenix Mercury
2026-06-24T01:09:42.673079+00:00,f150838f56bc7336247f553661f55a32,2026-06-24T23:30:00Z,draftkings,DraftKings,player_points_rebounds,Over,Aliyah Boston,25.5,-107,2026-06-24T01:09:38Z,Indiana Fever,Phoenix Mercury
2026-06-24T01:09:42.673079+00:00,f150838f56bc7336247f553661f55a32,2026-06-24T23:30:00Z,draftkings,DraftKings,player_points_rebounds,Under,Aliyah Boston,25.5,-127,2026-06-24T01:09:38Z,Indiana Fever,Phoenix Mercury
2026-06-24T01:09:42.673079+00:00,f150838f56bc7336247f553661f55a32,2026-06-24T23:30:00Z,draftkings,DraftKings,player_points_rebounds,Over,Kahleah Copper,22.5,-123,2026-06-24T01:09:38Z,Indiana Fever,Phoenix Mercury
2026-06-24T01:09:42.673079+00:00,f150838f56bc7336247f553661f55a32,2026-06-24T23:30:00Z,draftkings,DraftKings,player_points_rebounds,Under,Kahleah Copper,22.5,-111,2026-06-24T01:09:38Z,Indiana Fever,Phoenix Mercury
2026-06-24T01:09:42.673079+00:00,f150838f56bc7336247f553661f55a32,2026-06-24T23:30:00Z,draftkings,DraftKings,player_points_rebounds,Over,Alyssa Thomas,21.5,-119,2026-06-24T01:09:38Z,Indiana Fever,Phoenix Mercury
2026-06-24T01:09:42.673079+00:00,f150838f56bc7336247f553661f55a32,2026-06-24T23:30:00Z,draftkings,DraftKings,player_points_rebounds,Under,Alyssa Thomas,21.5,-114,2026-06-24T01:09:38Z,Indiana Fever,Phoenix Mercury
2026-06-24T01:09:42.673079+00:00,f150838f56bc7336247f553661f55a32,2026-06-24T23:30:00Z,draftkings,DraftKings,player_points_rebounds,Over,Natasha Mack,16.5,-121,2026-06-24T01:09:38Z,Indiana Fever,Phoenix Mercury
2026-06-24T01:09:42.673079+00:00,f150838f56bc7336247f553661f55a32,2026-06-24T23:30:00Z,draftkings,DraftKings,player_points_rebounds,Under,Natasha Mack,16.5,-112,2026-06-24T01:09:38Z,Indiana Fever,Phoenix Mercury
2026-06-24T01:09:42.673079+00:00,f150838f56bc7336247f553661f55a32,2026-06-24T23:30:00Z,draftkings,DraftKings,player_points_rebounds_assists,Over,Caitlin Clark,35.5,-107,2026-06-24T01:09:38Z,Indiana Fever,Phoenix Mercury
2026-06-24T01:09:42.673079+00:00,f150838f56bc7336247f553661f55a32,2026-06-24T23:30:00Z,draftkings,DraftKings,player_points_rebounds_assists,Under,Caitlin Clark,35.5,-126,2026-06-24T01:09:38Z,Indiana Fever,Phoenix Mercury
2026-06-24T01:09:42.673079+00:00,f150838f56bc7336247f553661f55a32,2026-06-24T23:30:00Z,draftkings,DraftKings,player_points_rebounds_assists,Over,Alyssa Thomas,30.5,-114,2026-06-24T01:09:38Z,Indiana Fever,Phoenix Mercury
2026-06-24T01:09:42.673079+00:00,f150838f56bc7336247f553661f55a32,2026-06-24T23:30:00Z,draftkings,DraftKings,player_points_rebounds_assists,Under,Alyssa Thomas,30.5,-119,2026-06-24T01:09:38Z,Indiana Fever,Phoenix Mercury
2026-06-24T01:09:42.673079+00:00,f150838f56bc7336247f553661f55a32,2026-06-24T23:30:00Z,draftkings,DraftKings,player_points_rebounds_assists,Over,Aliyah Boston,28.5,-114,2026-06-24T01:09:38Z,Indiana Fever,Phoenix Mercury
2026-06-24T01:09:42.673079+00:00,f150838f56bc7336247f553661f55a32,2026-06-24T23:30:00Z,draftkings,DraftKings,player_points_rebounds_assists,Under,Aliyah Boston,28.5,-119,2026-06-24T01:09:38Z,Indiana Fever,Phoenix Mercury
2026-06-24T01:09:42.673079+00:00,f150838f56bc7336247f553661f55a32,2026-06-24T23:30:00Z,draftkings,DraftKings,player_points_rebounds_assists,Over,Kahleah Copper,24.5,-122,2026-06-24T01:09:38Z,Indiana Fever,Phoenix Mercury
2026-06-24T01:09:42.673079+00:00,f150838f56bc7336247f553661f55a32,2026-06-24T23:30:00Z,draftkings,DraftKings,player_points_rebounds_assists,Under,Kahleah Copper,24.5,-111,2026-06-24T01:09:38Z,Indiana Fever,Phoenix Mercury
2026-06-24T01:09:42.673079+00:00,f150838f56bc7336247f553661f55a32,2026-06-24T23:30:00Z,draftkings,DraftKings,player_points_rebounds_assists,Over,Kelsey Mitchell,24.5,-105,2026-06-24T01:09:38Z,Indiana Fever,Phoenix Mercury
2026-06-24T01:09:42.673079+00:00,f150838f56bc7336247f553661f55a32,2026-06-24T23:30:00Z,draftkings,DraftKings,player_points_rebounds_assists,Under,Kelsey Mitchell,24.5,-129,2026-06-24T01:09:38Z,Indiana Fever,Phoenix Mercury
2026-06-24T01:09:42.673079+00:00,f150838f56bc7336247f553661f55a32,2026-06-24T23:30:00Z,draftkings,DraftKings,player_points_rebounds_assists,Over,Natasha Mack,18.5,-107,2026-06-24T01:09:38Z,Indiana Fever,Phoenix Mercury
2026-06-24T01:09:42.673079+00:00,f150838f56bc7336247f553661f55a32,2026-06-24T23:30:00Z,draftkings,DraftKings,player_points_rebounds_assists,Under,Natasha Mack,18.5,-127,2026-06-24T01:09:38Z,Indiana Fever,Phoenix Mercury
2026-06-24T01:09:42.673079+00:00,f150838f56bc7336247f553661f55a32,2026-06-24T23:30:00Z,draftkings,DraftKings,player_rebounds,Over,Aliyah Boston,8.5,-148,2026-06-24T01:09:38Z,Indiana Fever,Phoenix Mercury
2026-06-24T01:09:42.673079+00:00,f150838f56bc7336247f553661f55a32,2026-06-24T23:30:00Z,draftkings,DraftKings,player_rebounds,Under,Aliyah Boston,8.5,109,2026-06-24T01:09:38Z,Indiana Fever,Phoenix Mercury
2026-06-24T01:09:42.673079+00:00,f150838f56bc7336247f553661f55a32,2026-06-24T23:30:00Z,draftkings,DraftKings,player_rebounds,Over,Natasha Mack,7.5,-137,2026-06-24T01:09:38Z,Indiana Fever,Phoenix Mercury
2026-06-24T01:09:42.673079+00:00,f150838f56bc7336247f553661f55a32,2026-06-24T23:30:00Z,draftkings,DraftKings,player_rebounds,Under,Natasha Mack,7.5,101,2026-06-24T01:09:38Z,Indiana Fever,Phoenix Mercury
2026-06-24T01:09:42.673079+00:00,f150838f56bc7336247f553661f55a32,2026-06-24T23:30:00Z,draftkings,DraftKings,player_rebounds,Over,Alyssa Thomas,6.5,-145,2026-06-24T01:09:38Z,Indiana Fever,Phoenix Mercury
2026-06-24T01:09:42.673079+00:00,f150838f56bc7336247f553661f55a32,2026-06-24T23:30:00Z,draftkings,DraftKings,player_rebounds,Under,Alyssa Thomas,6.5,106,2026-06-24T01:09:38Z,Indiana Fever,Phoenix Mercury
2026-06-24T01:09:42.673079+00:00,f150838f56bc7336247f553661f55a32,2026-06-24T23:30:00Z,draftkings,DraftKings,player_rebounds,Over,Monique Billings,4.5,-122,2026-06-24T01:09:38Z,Indiana Fever,Phoenix Mercury
2026-06-24T01:09:42.673079+00:00,f150838f56bc7336247f553661f55a32,2026-06-24T23:30:00Z,draftkings,DraftKings,player_rebounds,Under,Monique Billings,4.5,-111,2026-06-24T01:09:38Z,Indiana Fever,Phoenix Mercury
2026-06-24T01:09:42.673079+00:00,f150838f56bc7336247f553661f55a32,2026-06-24T23:30:00Z,draftkings,DraftKings,player_rebounds,Over,Caitlin Clark,4.5,-117,2026-06-24T01:09:38Z,Indiana Fever,Phoenix Mercury
2026-06-24T01:09:42.673079+00:00,f150838f56bc7336247f553661f55a32,2026-06-24T23:30:00Z,draftkings,DraftKings,player_rebounds,Under,Caitlin Clark,4.5,-116,2026-06-24T01:09:38Z,Indiana Fever,Phoenix Mercury
2026-06-24T01:09:42.673079+00:00,f150838f56bc7336247f553661f55a32,2026-06-24T23:30:00Z,draftkings,DraftKings,player_rebounds,Over,Lexie Hull,3.5,100,2026-06-24T01:09:38Z,Indiana Fever,Phoenix Mercury
2026-06-24T01:09:42.673079+00:00,f150838f56bc7336247f553661f55a32,2026-06-24T23:30:00Z,draftkings,DraftKings,player_rebounds,Under,Lexie Hull,3.5,-135,2026-06-24T01:09:38Z,Indiana Fever,Phoenix Mercury
2026-06-24T01:09:42.673079+00:00,f150838f56bc7336247f553661f55a32,2026-06-24T23:30:00Z,draftkings,DraftKings,player_rebounds,Over,Kahleah Copper,3.5,109,2026-06-24T01:09:38Z,Indiana Fever,Phoenix Mercury
2026-06-24T01:09:42.673079+00:00,f150838f56bc7336247f553661f55a32,2026-06-24T23:30:00Z,draftkings,DraftKings,player_rebounds,Under,Kahleah Copper,3.5,-149,2026-06-24T01:09:38Z,Indiana Fever,Phoenix Mercury
2026-06-24T01:09:42.673079+00:00,f150838f56bc7336247f553661f55a32,2026-06-24T23:30:00Z,draftkings,DraftKings,player_rebounds_assists,Over,Alyssa Thomas,15.5,-118,2026-06-24T01:09:38Z,Indiana Fever,Phoenix Mercury
2026-06-24T01:09:42.673079+00:00,f150838f56bc7336247f553661f55a32,2026-06-24T23:30:00Z,draftkings,DraftKings,player_rebounds_assists,Under,Alyssa Thomas,15.5,-115,2026-06-24T01:09:38Z,Indiana Fever,Phoenix Mercury
2026-06-24T01:09:42.673079+00:00,f150838f56bc7336247f553661f55a32,2026-06-24T23:30:00Z,draftkings,DraftKings,player_rebounds_assists,Over,Caitlin Clark,13.5,-105,2026-06-24T01:09:38Z,Indiana Fever,Phoenix Mercury
2026-06-24T01:09:42.673079+00:00,f150838f56bc7336247f553661f55a32,2026-06-24T23:30:00Z,draftkings,DraftKings,player_rebounds_assists,Under,Caitlin Clark,13.5,-129,2026-06-24T01:09:38Z,Indiana Fever,Phoenix Mercury
2026-06-24T01:09:42.673079+00:00,f150838f56bc7336247f553661f55a32,2026-06-24T23:30:00Z,draftkings,DraftKings,player_rebounds_assists,Over,Aliyah Boston,12.5,-106,2026-06-24T01:09:38Z,Indiana Fever,Phoenix Mercury
2026-06-24T01:09:42.673079+00:00,f150838f56bc7336247f553661f55a32,2026-06-24T23:30:00Z,draftkings,DraftKings,player_rebounds_assists,Under,Aliyah Boston,12.5,-129,2026-06-24T01:09:38Z,Indiana Fever,Phoenix Mercury
2026-06-24T01:09:42.673079+00:00,f150838f56bc7336247f553661f55a32,2026-06-24T23:30:00Z,draftkings,DraftKings,player_threes,Over,Caitlin Clark,2.5,-124,2026-06-24T01:09:38Z,Indiana Fever,Phoenix Mercury
2026-06-24T01:09:42.673079+00:00,f150838f56bc7336247f553661f55a32,2026-06-24T23:30:00Z,draftkings,DraftKings,player_threes,Under,Caitlin Clark,2.5,-109,2026-06-24T01:09:38Z,Indiana Fever,Phoenix Mercury
2026-06-24T01:09:42.673079+00:00,f150838f56bc7336247f553661f55a32,2026-06-24T23:30:00Z,draftkings,DraftKings,player_threes,Over,Kelsey Mitchell,2.5,141,2026-06-24T01:09:38Z,Indiana Fever,Phoenix Mercury
2026-06-24T01:09:42.673079+00:00,f150838f56bc7336247f553661f55a32,2026-06-24T23:30:00Z,draftkings,DraftKings,player_threes,Under,Kelsey Mitchell,2.5,-194,2026-06-24T01:09:38Z,Indiana Fever,Phoenix Mercury
2026-06-24T01:09:42.673079+00:00,f150838f56bc7336247f553661f55a32,2026-06-24T23:30:00Z,draftkings,DraftKings,player_threes,Over,Kahleah Copper,1.5,-128,2026-06-24T01:09:38Z,Indiana Fever,Phoenix Mercury
2026-06-24T01:09:42.673079+00:00,f150838f56bc7336247f553661f55a32,2026-06-24T23:30:00Z,draftkings,DraftKings,player_threes,Under,Kahleah Copper,1.5,-106,2026-06-24T01:09:38Z,Indiana Fever,Phoenix Mercury
2026-06-24T01:09:42.673079+00:00,f150838f56bc7336247f553661f55a32,2026-06-24T23:30:00Z,draftkings,DraftKings,player_threes,Over,Sophie Cunningham,1.5,103,2026-06-24T01:09:38Z,Indiana Fever,Phoenix Mercury
2026-06-24T01:09:42.673079+00:00,f150838f56bc7336247f553661f55a32,2026-06-24T23:30:00Z,draftkings,DraftKings,player_threes,Under,Sophie Cunningham,1.5,-140,2026-06-24T01:09:38Z,Indiana Fever,Phoenix Mercury
2026-06-24T01:09:42.673079+00:00,f150838f56bc7336247f553661f55a32,2026-06-24T23:30:00Z,draftkings,DraftKings,player_threes,Over,Aliyah Boston,0.5,-244,2026-06-24T01:09:38Z,Indiana Fever,Phoenix Mercury
2026-06-24T01:09:42.673079+00:00,f150838f56bc7336247f553661f55a32,2026-06-24T23:30:00Z,draftkings,DraftKings,player_threes,Under,Aliyah Boston,0.5,176,2026-06-24T01:09:38Z,Indiana Fever,Phoenix Mercury
2026-06-24T01:09:42.673079+00:00,f150838f56bc7336247f553661f55a32,2026-06-24T23:30:00Z,draftkings,DraftKings,player_triple_double,Yes,Alyssa Thomas,,700,2026-06-24T01:09:38Z,Indiana Fever,Phoenix Mercury
2026-06-24T01:09:42.673079+00:00,f150838f56bc7336247f553661f55a32,2026-06-24T23:30:00Z,draftkings,DraftKings,player_triple_double,Yes,Caitlin Clark,,3000,2026-06-24T01:09:38Z,Indiana Fever,Phoenix Mercury
2026-06-24T01:09:42.673079+00:00,f150838f56bc7336247f553661f55a32,2026-06-24T23:30:00Z,draftkings,DraftKings,player_triple_double,Yes,Aliyah Boston,,5300,2026-06-24T01:09:38Z,Indiana Fever,Phoenix Mercury
2026-06-24T01:09:42.673079+00:00,f150838f56bc7336247f553661f55a32,2026-06-24T23:30:00Z,williamhill_us,Caesars,player_assists,Over,Caitlin Clark,8.5,-113,2026-06-24T01:05:06Z,Indiana Fever,Phoenix Mercury
2026-06-24T01:09:42.673079+00:00,f150838f56bc7336247f553661f55a32,2026-06-24T23:30:00Z,williamhill_us,Caesars,player_assists,Under,Caitlin Clark,8.5,-118,2026-06-24T01:05:06Z,Indiana Fever,Phoenix Mercury
2026-06-24T01:09:42.673079+00:00,f150838f56bc7336247f553661f55a32,2026-06-24T23:30:00Z,williamhill_us,Caesars,player_assists,Over,Aliyah Boston,3.5,119,2026-06-24T01:05:06Z,Indiana Fever,Phoenix Mercury
2026-06-24T01:09:42.673079+00:00,f150838f56bc7336247f553661f55a32,2026-06-24T23:30:00Z,williamhill_us,Caesars,player_assists,Under,Aliyah Boston,3.5,-159,2026-06-24T01:05:06Z,Indiana Fever,Phoenix Mercury
2026-06-24T01:09:42.673079+00:00,f150838f56bc7336247f553661f55a32,2026-06-24T23:30:00Z,williamhill_us,Caesars,player_assists,Over,Alyssa Thomas,8.5,-118,2026-06-24T01:05:06Z,Indiana Fever,Phoenix Mercury
2026-06-24T01:09:42.673079+00:00,f150838f56bc7336247f553661f55a32,2026-06-24T23:30:00Z,williamhill_us,Caesars,player_assists,Under,Alyssa Thomas,8.5,-113,2026-06-24T01:05:06Z,Indiana Fever,Phoenix Mercury
2026-06-24T01:09:42.673079+00:00,f150838f56bc7336247f553661f55a32,2026-06-24T23:30:00Z,williamhill_us,Caesars,player_double_double,Yes,Alyssa Thomas,,109,2026-06-24T01:05:06Z,Indiana Fever,Phoenix Mercury
2026-06-24T01:09:42.673079+00:00,f150838f56bc7336247f553661f55a32,2026-06-24T23:30:00Z,williamhill_us,Caesars,player_double_double,Yes,Aliyah Boston,,121,2026-06-24T01:05:06Z,Indiana Fever,Phoenix Mercury
2026-06-24T01:09:42.673079+00:00,f150838f56bc7336247f553661f55a32,2026-06-24T23:30:00Z,williamhill_us,Caesars,player_double_double,Yes,Caitlin Clark,,140,2026-06-24T01:05:06Z,Indiana Fever,Phoenix Mercury
2026-06-24T01:09:42.673079+00:00,f150838f56bc7336247f553661f55a32,2026-06-24T23:30:00Z,williamhill_us,Caesars,player_double_double,Yes,Natasha Mack,,400,2026-06-24T01:05:06Z,Indiana Fever,Phoenix Mercury
2026-06-24T01:09:42.673079+00:00,f150838f56bc7336247f553661f55a32,2026-06-24T23:30:00Z,williamhill_us,Caesars,player_points,Over,Alyssa Thomas,14.5,-121,2026-06-24T01:05:06Z,Indiana Fever,Phoenix Mercury
2026-06-24T01:09:42.673079+00:00,f150838f56bc7336247f553661f55a32,2026-06-24T23:30:00Z,williamhill_us,Caesars,player_points,Under,Alyssa Thomas,14.5,-112,2026-06-24T01:05:06Z,Indiana Fever,Phoenix Mercury
2026-06-24T01:09:42.673079+00:00,f150838f56bc7336247f553661f55a32,2026-06-24T23:30:00Z,williamhill_us,Caesars,player_points,Over,Lexie Hull,5.5,101,2026-06-24T01:05:06Z,Indiana Fever,Phoenix Mercury
2026-06-24T01:09:42.673079+00:00,f150838f56bc7336247f553661f55a32,2026-06-24T23:30:00Z,williamhill_us,Caesars,player_points,Under,Lexie Hull,5.5,-134,2026-06-24T01:05:06Z,Indiana Fever,Phoenix Mercury
2026-06-24T01:09:42.673079+00:00,f150838f56bc7336247f553661f55a32,2026-06-24T23:30:00Z,williamhill_us,Caesars,player_points,Over,Sophie Cunningham,9.5,-105,2026-06-24T01:05:06Z,Indiana Fever,Phoenix Mercury
2026-06-24T01:09:42.673079+00:00,f150838f56bc7336247f553661f55a32,2026-06-24T23:30:00Z,williamhill_us,Caesars,player_points,Under,Sophie Cunningham,9.5,-127,2026-06-24T01:05:06Z,Indiana Fever,Phoenix Mercury
2026-06-24T01:09:42.673079+00:00,f150838f56bc7336247f553661f55a32,2026-06-24T23:30:00Z,williamhill_us,Caesars,player_points,Over,Natasha Mack,8.5,-117,2026-06-24T01:05:06Z,Indiana Fever,Phoenix Mercury
2026-06-24T01:09:42.673079+00:00,f150838f56bc7336247f553661f55a32,2026-06-24T23:30:00Z,williamhill_us,Caesars,player_points,Under,Natasha Mack,8.5,-114,2026-06-24T01:05:06Z,Indiana Fever,Phoenix Mercury
2026-06-24T01:09:42.673079+00:00,f150838f56bc7336247f553661f55a32,2026-06-24T23:30:00Z,williamhill_us,Caesars,player_points,Over,Caitlin Clark,21.5,-115,2026-06-24T01:05:06Z,Indiana Fever,Phoenix Mercury
2026-06-24T01:09:42.673079+00:00,f150838f56bc7336247f553661f55a32,2026-06-24T23:30:00Z,williamhill_us,Caesars,player_points,Under,Caitlin Clark,21.5,-115,2026-06-24T01:05:06Z,Indiana Fever,Phoenix Mercury
2026-06-24T01:09:42.673079+00:00,f150838f56bc7336247f553661f55a32,2026-06-24T23:30:00Z,williamhill_us,Caesars,player_points,Over,Kelsey Mitchell,19.5,-121,2026-06-24T01:05:06Z,Indiana Fever,Phoenix Mercury
2026-06-24T01:09:42.673079+00:00,f150838f56bc7336247f553661f55a32,2026-06-24T23:30:00Z,williamhill_us,Caesars,player_points,Under,Kelsey Mitchell,19.5,-110,2026-06-24T01:05:06Z,Indiana Fever,Phoenix Mercury
2026-06-24T01:09:42.673079+00:00,f150838f56bc7336247f553661f55a32,2026-06-24T23:30:00Z,williamhill_us,Caesars,player_points,Over,Aliyah Boston,16.5,-107,2026-06-24T01:05:06Z,Indiana Fever,Phoenix Mercury
2026-06-24T01:09:42.673079+00:00,f150838f56bc7336247f553661f55a32,2026-06-24T23:30:00Z,williamhill_us,Caesars,player_points,Under,Aliyah Boston,16.5,-125,2026-06-24T01:05:06Z,Indiana Fever,Phoenix Mercury
2026-06-24T01:09:42.673079+00:00,f150838f56bc7336247f553661f55a32,2026-06-24T23:30:00Z,williamhill_us,Caesars,player_points,Over,Kahleah Copper,19.5,-113,2026-06-24T01:05:06Z,Indiana Fever,Phoenix Mercury
2026-06-24T01:09:42.673079+00:00,f150838f56bc7336247f553661f55a32,2026-06-24T23:30:00Z,williamhill_us,Caesars,player_points,Under,Kahleah Copper,19.5,-118,2026-06-24T01:05:06Z,Indiana Fever,Phoenix Mercury
2026-06-24T01:09:42.673079+00:00,f150838f56bc7336247f553661f55a32,2026-06-24T23:30:00Z,williamhill_us,Caesars,player_points,Over,Lexi Held,8.5,-105,2026-06-24T01:05:06Z,Indiana Fever,Phoenix Mercury
2026-06-24T01:09:42.673079+00:00,f150838f56bc7336247f553661f55a32,2026-06-24T23:30:00Z,williamhill_us,Caesars,player_points,Under,Lexi Held,8.5,-127,2026-06-24T01:05:06Z,Indiana Fever,Phoenix Mercury
2026-06-24T01:09:42.673079+00:00,f150838f56bc7336247f553661f55a32,2026-06-24T23:30:00Z,williamhill_us,Caesars,player_rebounds,Over,Lexie Hull,3.5,-103,2026-06-24T01:05:06Z,Indiana Fever,Phoenix Mercury
2026-06-24T01:09:42.673079+00:00,f150838f56bc7336247f553661f55a32,2026-06-24T23:30:00Z,williamhill_us,Caesars,player_rebounds,Under,Lexie Hull,3.5,-130,2026-06-24T01:05:06Z,Indiana Fever,Phoenix Mercury
2026-06-24T01:09:42.673079+00:00,f150838f56bc7336247f553661f55a32,2026-06-24T23:30:00Z,williamhill_us,Caesars,player_rebounds,Over,Alyssa Thomas,6.5,-141,2026-06-24T01:05:06Z,Indiana Fever,Phoenix Mercury
2026-06-24T01:09:42.673079+00:00,f150838f56bc7336247f553661f55a32,2026-06-24T23:30:00Z,williamhill_us,Caesars,player_rebounds,Under,Alyssa Thomas,6.5,106,2026-06-24T01:05:06Z,Indiana Fever,Phoenix Mercury
2026-06-24T01:09:42.673079+00:00,f150838f56bc7336247f553661f55a32,2026-06-24T23:30:00Z,williamhill_us,Caesars,player_rebounds,Over,Caitlin Clark,4.5,-104,2026-06-24T01:05:06Z,Indiana Fever,Phoenix Mercury
2026-06-24T01:09:42.673079+00:00,f150838f56bc7336247f553661f55a32,2026-06-24T23:30:00Z,williamhill_us,Caesars,player_rebounds,Under,Caitlin Clark,4.5,-129,2026-06-24T01:05:06Z,Indiana Fever,Phoenix Mercury
2026-06-24T01:09:42.673079+00:00,f150838f56bc7336247f553661f55a32,2026-06-24T23:30:00Z,williamhill_us,Caesars,player_rebounds,Over,Kahleah Copper,3.5,107,2026-06-24T01:05:06Z,Indiana Fever,Phoenix Mercury
2026-06-24T01:09:42.673079+00:00,f150838f56bc7336247f553661f55a32,2026-06-24T23:30:00Z,williamhill_us,Caesars,player_rebounds,Under,Kahleah Copper,3.5,-141,2026-06-24T01:05:06Z,Indiana Fever,Phoenix Mercury
2026-06-24T01:09:42.673079+00:00,f150838f56bc7336247f553661f55a32,2026-06-24T23:30:00Z,williamhill_us,Caesars,player_rebounds,Over,Natasha Mack,7.5,-132,2026-06-24T01:05:06Z,Indiana Fever,Phoenix Mercury
2026-06-24T01:09:42.673079+00:00,f150838f56bc7336247f553661f55a32,2026-06-24T23:30:00Z,williamhill_us,Caesars,player_rebounds,Under,Natasha Mack,7.5,100,2026-06-24T01:05:06Z,Indiana Fever,Phoenix Mercury
2026-06-24T01:09:42.673079+00:00,f150838f56bc7336247f553661f55a32,2026-06-24T23:30:00Z,williamhill_us,Caesars,player_rebounds,Over,Monique Billings,4.5,-112,2026-06-24T01:05:06Z,Indiana Fever,Phoenix Mercury
2026-06-24T01:09:42.673079+00:00,f150838f56bc7336247f553661f55a32,2026-06-24T23:30:00Z,williamhill_us,Caesars,player_rebounds,Under,Monique Billings,4.5,-120,2026-06-24T01:05:06Z,Indiana Fever,Phoenix Mercury
2026-06-24T01:09:42.673079+00:00,f150838f56bc7336247f553661f55a32,2026-06-24T23:30:00Z,williamhill_us,Caesars,player_rebounds,Over,Aliyah Boston,8.5,-148,2026-06-24T01:05:06Z,Indiana Fever,Phoenix Mercury
2026-06-24T01:09:42.673079+00:00,f150838f56bc7336247f553661f55a32,2026-06-24T23:30:00Z,williamhill_us,Caesars,player_rebounds,Under,Aliyah Boston,8.5,111,2026-06-24T01:05:06Z,Indiana Fever,Phoenix Mercury
2026-06-24T01:09:42.673079+00:00,f150838f56bc7336247f553661f55a32,2026-06-24T23:30:00Z,williamhill_us,Caesars,player_threes,Over,Kelsey Mitchell,2.5,134,2026-06-24T01:05:06Z,Indiana Fever,Phoenix Mercury
2026-06-24T01:09:42.673079+00:00,f150838f56bc7336247f553661f55a32,2026-06-24T23:30:00Z,williamhill_us,Caesars,player_threes,Under,Kelsey Mitchell,2.5,-179,2026-06-24T01:05:06Z,Indiana Fever,Phoenix Mercury
2026-06-24T01:09:42.673079+00:00,f150838f56bc7336247f553661f55a32,2026-06-24T23:30:00Z,williamhill_us,Caesars,player_threes,Over,Kahleah Copper,1.5,-130,2026-06-24T01:05:06Z,Indiana Fever,Phoenix Mercury
2026-06-24T01:09:42.673079+00:00,f150838f56bc7336247f553661f55a32,2026-06-24T23:30:00Z,williamhill_us,Caesars,player_threes,Under,Kahleah Copper,1.5,-103,2026-06-24T01:05:06Z,Indiana Fever,Phoenix Mercury
2026-06-24T01:09:42.673079+00:00,f150838f56bc7336247f553661f55a32,2026-06-24T23:30:00Z,williamhill_us,Caesars,player_threes,Over,Caitlin Clark,2.5,-127,2026-06-24T01:05:06Z,Indiana Fever,Phoenix Mercury
2026-06-24T01:09:42.673079+00:00,f150838f56bc7336247f553661f55a32,2026-06-24T23:30:00Z,williamhill_us,Caesars,player_threes,Under,Caitlin Clark,2.5,-106,2026-06-24T01:05:06Z,Indiana Fever,Phoenix Mercury
2026-06-24T01:09:42.673079+00:00,f150838f56bc7336247f553661f55a32,2026-06-24T23:30:00Z,williamhill_us,Caesars,player_threes,Over,Aliyah Boston,1.5,170,2026-06-24T01:05:06Z,Indiana Fever,Phoenix Mercury
2026-06-24T01:09:42.673079+00:00,f150838f56bc7336247f553661f55a32,2026-06-24T23:30:00Z,williamhill_us,Caesars,player_threes,Under,Aliyah Boston,1.5,-235,2026-06-24T01:05:06Z,Indiana Fever,Phoenix Mercury
2026-06-24T01:09:42.673079+00:00,f150838f56bc7336247f553661f55a32,2026-06-24T23:30:00Z,williamhill_us,Caesars,player_threes,Over,Sophie Cunningham,1.5,104,2026-06-24T01:05:06Z,Indiana Fever,Phoenix Mercury
2026-06-24T01:09:42.673079+00:00,f150838f56bc7336247f553661f55a32,2026-06-24T23:30:00Z,williamhill_us,Caesars,player_threes,Under,Sophie Cunningham,1.5,-137,2026-06-24T01:05:06Z,Indiana Fever,Phoenix Mercury
2026-06-24T01:09:42.673079+00:00,f150838f56bc7336247f553661f55a32,2026-06-24T23:30:00Z,williamhill_us,Caesars,player_triple_double,Yes,Alyssa Thomas,,700,2026-06-24T01:05:06Z,Indiana Fever,Phoenix Mercury
2026-06-24T01:09:42.673079+00:00,f150838f56bc7336247f553661f55a32,2026-06-24T23:30:00Z,betonlineag,BetOnline.ag,player_assists,Over,Kelsey Mitchell,2.5,-128,2026-06-24T01:09:36Z,Indiana Fever,Phoenix Mercury
2026-06-24T01:09:42.673079+00:00,f150838f56bc7336247f553661f55a32,2026-06-24T23:30:00Z,betonlineag,BetOnline.ag,player_assists,Under,Kelsey Mitchell,2.5,-101,2026-06-24T01:09:36Z,Indiana Fever,Phoenix Mercury
2026-06-24T01:09:42.673079+00:00,f150838f56bc7336247f553661f55a32,2026-06-24T23:30:00Z,betonlineag,BetOnline.ag,player_assists,Over,Aliyah Boston,3.5,126,2026-06-24T01:09:36Z,Indiana Fever,Phoenix Mercury
2026-06-24T01:09:42.673079+00:00,f150838f56bc7336247f553661f55a32,2026-06-24T23:30:00Z,betonlineag,BetOnline.ag,player_assists,Under,Aliyah Boston,3.5,-164,2026-06-24T01:09:36Z,Indiana Fever,Phoenix Mercury
2026-06-24T01:09:42.673079+00:00,f150838f56bc7336247f553661f55a32,2026-06-24T23:30:00Z,betonlineag,BetOnline.ag,player_assists,Over,Alyssa Thomas,8.5,-123,2026-06-24T01:09:36Z,Indiana Fever,Phoenix Mercury
2026-06-24T01:09:42.673079+00:00,f150838f56bc7336247f553661f55a32,2026-06-24T23:30:00Z,betonlineag,BetOnline.ag,player_assists,Under,Alyssa Thomas,8.5,-105,2026-06-24T01:09:36Z,Indiana Fever,Phoenix Mercury
2026-06-24T01:09:42.673079+00:00,f150838f56bc7336247f553661f55a32,2026-06-24T23:30:00Z,betonlineag,BetOnline.ag,player_assists,Over,Caitlin Clark,8.5,-105,2026-06-24T01:09:36Z,Indiana Fever,Phoenix Mercury
2026-06-24T01:09:42.673079+00:00,f150838f56bc7336247f553661f55a32,2026-06-24T23:30:00Z,betonlineag,BetOnline.ag,player_assists,Under,Caitlin Clark,8.5,-123,2026-06-24T01:09:36Z,Indiana Fever,Phoenix Mercury
2026-06-24T01:09:42.673079+00:00,f150838f56bc7336247f553661f55a32,2026-06-24T23:30:00Z,betonlineag,BetOnline.ag,player_points,Over,Kelsey Mitchell,19.5,-120,2026-06-24T01:09:36Z,Indiana Fever,Phoenix Mercury
2026-06-24T01:09:42.673079+00:00,f150838f56bc7336247f553661f55a32,2026-06-24T23:30:00Z,betonlineag,BetOnline.ag,player_points,Under,Kelsey Mitchell,19.5,-108,2026-06-24T01:09:36Z,Indiana Fever,Phoenix Mercury
2026-06-24T01:09:42.673079+00:00,f150838f56bc7336247f553661f55a32,2026-06-24T23:30:00Z,betonlineag,BetOnline.ag,player_points,Over,Natasha Mack,8.5,-110,2026-06-24T01:09:36Z,Indiana Fever,Phoenix Mercury
2026-06-24T01:09:42.673079+00:00,f150838f56bc7336247f553661f55a32,2026-06-24T23:30:00Z,betonlineag,BetOnline.ag,player_points,Under,Natasha Mack,8.5,-118,2026-06-24T01:09:36Z,Indiana Fever,Phoenix Mercury
2026-06-24T01:09:42.673079+00:00,f150838f56bc7336247f553661f55a32,2026-06-24T23:30:00Z,betonlineag,BetOnline.ag,player_points,Over,Caitlin Clark,21.5,-111,2026-06-24T01:09:36Z,Indiana Fever,Phoenix Mercury
2026-06-24T01:09:42.673079+00:00,f150838f56bc7336247f553661f55a32,2026-06-24T23:30:00Z,betonlineag,BetOnline.ag,player_points,Under,Caitlin Clark,21.5,-116,2026-06-24T01:09:36Z,Indiana Fever,Phoenix Mercury
2026-06-24T01:09:42.673079+00:00,f150838f56bc7336247f553661f55a32,2026-06-24T23:30:00Z,betonlineag,BetOnline.ag,player_points,Over,Sophie Cunningham,9.5,-101,2026-06-24T01:09:36Z,Indiana Fever,Phoenix Mercury
2026-06-24T01:09:42.673079+00:00,f150838f56bc7336247f553661f55a32,2026-06-24T23:30:00Z,betonlineag,BetOnline.ag,player_points,Under,Sophie Cunningham,9.5,-128,2026-06-24T01:09:36Z,Indiana Fever,Phoenix Mercury
2026-06-24T01:09:42.673079+00:00,f150838f56bc7336247f553661f55a32,2026-06-24T23:30:00Z,betonlineag,BetOnline.ag,player_points,Over,Kahleah Copper,19.5,-108,2026-06-24T01:09:36Z,Indiana Fever,Phoenix Mercury
2026-06-24T01:09:42.673079+00:00,f150838f56bc7336247f553661f55a32,2026-06-24T23:30:00Z,betonlineag,BetOnline.ag,player_points,Under,Kahleah Copper,19.5,-120,2026-06-24T01:09:36Z,Indiana Fever,Phoenix Mercury
2026-06-24T01:09:42.673079+00:00,f150838f56bc7336247f553661f55a32,2026-06-24T23:30:00Z,betonlineag,BetOnline.ag,player_points,Over,Alyssa Thomas,14.5,-105,2026-06-24T01:09:36Z,Indiana Fever,Phoenix Mercury
2026-06-24T01:09:42.673079+00:00,f150838f56bc7336247f553661f55a32,2026-06-24T23:30:00Z,betonlineag,BetOnline.ag,player_points,Under,Alyssa Thomas,14.5,-123,2026-06-24T01:09:36Z,Indiana Fever,Phoenix Mercury
2026-06-24T01:09:42.673079+00:00,f150838f56bc7336247f553661f55a32,2026-06-24T23:30:00Z,betonlineag,BetOnline.ag,player_points,Over,Lexi Held,8.5,102,2026-06-24T01:09:36Z,Indiana Fever,Phoenix Mercury
2026-06-24T01:09:42.673079+00:00,f150838f56bc7336247f553661f55a32,2026-06-24T23:30:00Z,betonlineag,BetOnline.ag,player_points,Under,Lexi Held,8.5,-132,2026-06-24T01:09:36Z,Indiana Fever,Phoenix Mercury
2026-06-24T01:09:42.673079+00:00,f150838f56bc7336247f553661f55a32,2026-06-24T23:30:00Z,betonlineag,BetOnline.ag,player_points,Over,Lexie Hull,5.5,103,2026-06-24T01:09:36Z,Indiana Fever,Phoenix Mercury
2026-06-24T01:09:42.673079+00:00,f150838f56bc7336247f553661f55a32,2026-06-24T23:30:00Z,betonlineag,BetOnline.ag,player_points,Under,Lexie Hull,5.5,-133,2026-06-24T01:09:36Z,Indiana Fever,Phoenix Mercury
2026-06-24T01:09:42.673079+00:00,f150838f56bc7336247f553661f55a32,2026-06-24T23:30:00Z,betonlineag,BetOnline.ag,player_points,Over,Aliyah Boston,16.5,-110,2026-06-24T01:09:36Z,Indiana Fever,Phoenix Mercury
2026-06-24T01:09:42.673079+00:00,f150838f56bc7336247f553661f55a32,2026-06-24T23:30:00Z,betonlineag,BetOnline.ag,player_points,Under,Aliyah Boston,16.5,-118,2026-06-24T01:09:36Z,Indiana Fever,Phoenix Mercury
2026-06-24T01:09:42.673079+00:00,f150838f56bc7336247f553661f55a32,2026-06-24T23:30:00Z,betonlineag,BetOnline.ag,player_points_rebounds_assists,Over,Kelsey Mitchell,24.5,-109,2026-06-24T01:09:36Z,Indiana Fever,Phoenix Mercury
2026-06-24T01:09:42.673079+00:00,f150838f56bc7336247f553661f55a32,2026-06-24T23:30:00Z,betonlineag,BetOnline.ag,player_points_rebounds_assists,Under,Kelsey Mitchell,24.5,-119,2026-06-24T01:09:36Z,Indiana Fever,Phoenix Mercury
2026-06-24T01:09:42.673079+00:00,f150838f56bc7336247f553661f55a32,2026-06-24T23:30:00Z,betonlineag,BetOnline.ag,player_points_rebounds_assists,Over,Natasha Mack,18.5,-102,2026-06-24T01:09:36Z,Indiana Fever,Phoenix Mercury
2026-06-24T01:09:42.673079+00:00,f150838f56bc7336247f553661f55a32,2026-06-24T23:30:00Z,betonlineag,BetOnline.ag,player_points_rebounds_assists,Under,Natasha Mack,18.5,-127,2026-06-24T01:09:36Z,Indiana Fever,Phoenix Mercury
2026-06-24T01:09:42.673079+00:00,f150838f56bc7336247f553661f55a32,2026-06-24T23:30:00Z,betonlineag,BetOnline.ag,player_points_rebounds_assists,Over,Kahleah Copper,24.5,-112,2026-06-24T01:09:36Z,Indiana Fever,Phoenix Mercury
2026-06-24T01:09:42.673079+00:00,f150838f56bc7336247f553661f55a32,2026-06-24T23:30:00Z,betonlineag,BetOnline.ag,player_points_rebounds_assists,Under,Kahleah Copper,24.5,-115,2026-06-24T01:09:36Z,Indiana Fever,Phoenix Mercury
2026-06-24T01:09:42.673079+00:00,f150838f56bc7336247f553661f55a32,2026-06-24T23:30:00Z,betonlineag,BetOnline.ag,player_points_rebounds_assists,Over,Caitlin Clark,34.5,-114,2026-06-24T01:09:36Z,Indiana Fever,Phoenix Mercury
2026-06-24T01:09:42.673079+00:00,f150838f56bc7336247f553661f55a32,2026-06-24T23:30:00Z,betonlineag,BetOnline.ag,player_points_rebounds_assists,Under,Caitlin Clark,34.5,-114,2026-06-24T01:09:36Z,Indiana Fever,Phoenix Mercury
2026-06-24T01:09:42.673079+00:00,f150838f56bc7336247f553661f55a32,2026-06-24T23:30:00Z,betonlineag,BetOnline.ag,player_points_rebounds_assists,Over,Alyssa Thomas,30.5,-115,2026-06-24T01:09:36Z,Indiana Fever,Phoenix Mercury
2026-06-24T01:09:42.673079+00:00,f150838f56bc7336247f553661f55a32,2026-06-24T23:30:00Z,betonlineag,BetOnline.ag,player_points_rebounds_assists,Under,Alyssa Thomas,30.5,-112,2026-06-24T01:09:36Z,Indiana Fever,Phoenix Mercury
2026-06-24T01:09:42.673079+00:00,f150838f56bc7336247f553661f55a32,2026-06-24T23:30:00Z,betonlineag,BetOnline.ag,player_points_rebounds_assists,Over,Lexi Held,12.5,-132,2026-06-24T01:09:36Z,Indiana Fever,Phoenix Mercury
2026-06-24T01:09:42.673079+00:00,f150838f56bc7336247f553661f55a32,2026-06-24T23:30:00Z,betonlineag,BetOnline.ag,player_points_rebounds_assists,Under,Lexi Held,12.5,102,2026-06-24T01:09:36Z,Indiana Fever,Phoenix Mercury
2026-06-24T01:09:42.673079+00:00,f150838f56bc7336247f553661f55a32,2026-06-24T23:30:00Z,betonlineag,BetOnline.ag,player_points_rebounds_assists,Over,Aliyah Boston,29.5,-105,2026-06-24T01:09:36Z,Indiana Fever,Phoenix Mercury
2026-06-24T01:09:42.673079+00:00,f150838f56bc7336247f553661f55a32,2026-06-24T23:30:00Z,betonlineag,BetOnline.ag,player_points_rebounds_assists,Under,Aliyah Boston,29.5,-123,2026-06-24T01:09:36Z,Indiana Fever,Phoenix Mercury
2026-06-24T01:09:42.673079+00:00,f150838f56bc7336247f553661f55a32,2026-06-24T23:30:00Z,betonlineag,BetOnline.ag,player_rebounds,Over,Aliyah Boston,8.5,-141,2026-06-24T01:09:36Z,Indiana Fever,Phoenix Mercury
2026-06-24T01:09:42.673079+00:00,f150838f56bc7336247f553661f55a32,2026-06-24T23:30:00Z,betonlineag,BetOnline.ag,player_rebounds,Under,Aliyah Boston,8.5,108,2026-06-24T01:09:36Z,Indiana Fever,Phoenix Mercury
2026-06-24T01:09:42.673079+00:00,f150838f56bc7336247f553661f55a32,2026-06-24T23:30:00Z,betonlineag,BetOnline.ag,player_rebounds,Over,Alyssa Thomas,6.5,-137,2026-06-24T01:09:36Z,Indiana Fever,Phoenix Mercury
2026-06-24T01:09:42.673079+00:00,f150838f56bc7336247f553661f55a32,2026-06-24T23:30:00Z,betonlineag,BetOnline.ag,player_rebounds,Under,Alyssa Thomas,6.5,106,2026-06-24T01:09:36Z,Indiana Fever,Phoenix Mercury
2026-06-24T01:09:42.673079+00:00,f150838f56bc7336247f553661f55a32,2026-06-24T23:30:00Z,betonlineag,BetOnline.ag,player_rebounds,Over,Lexie Hull,3.5,-101,2026-06-24T01:09:36Z,Indiana Fever,Phoenix Mercury
2026-06-24T01:09:42.673079+00:00,f150838f56bc7336247f553661f55a32,2026-06-24T23:30:00Z,betonlineag,BetOnline.ag,player_rebounds,Under,Lexie Hull,3.5,-128,2026-06-24T01:09:36Z,Indiana Fever,Phoenix Mercury
2026-06-24T01:09:42.673079+00:00,f150838f56bc7336247f553661f55a32,2026-06-24T23:30:00Z,betonlineag,BetOnline.ag,player_rebounds,Over,Natasha Mack,7.5,-128,2026-06-24T01:09:36Z,Indiana Fever,Phoenix Mercury
2026-06-24T01:09:42.673079+00:00,f150838f56bc7336247f553661f55a32,2026-06-24T23:30:00Z,betonlineag,BetOnline.ag,player_rebounds,Under,Natasha Mack,7.5,-101,2026-06-24T01:09:36Z,Indiana Fever,Phoenix Mercury
2026-06-24T01:09:42.673079+00:00,f150838f56bc7336247f553661f55a32,2026-06-24T23:30:00Z,betonlineag,BetOnline.ag,player_rebounds,Over,Kahleah Copper,3.5,112,2026-06-24T01:09:36Z,Indiana Fever,Phoenix Mercury
2026-06-24T01:09:42.673079+00:00,f150838f56bc7336247f553661f55a32,2026-06-24T23:30:00Z,betonlineag,BetOnline.ag,player_rebounds,Under,Kahleah Copper,3.5,-145,2026-06-24T01:09:36Z,Indiana Fever,Phoenix Mercury
2026-06-24T01:09:42.673079+00:00,f150838f56bc7336247f553661f55a32,2026-06-24T23:30:00Z,betonlineag,BetOnline.ag,player_rebounds,Over,Caitlin Clark,4.5,103,2026-06-24T01:09:36Z,Indiana Fever,Phoenix Mercury
2026-06-24T01:09:42.673079+00:00,f150838f56bc7336247f553661f55a32,2026-06-24T23:30:00Z,betonlineag,BetOnline.ag,player_rebounds,Under,Caitlin Clark,4.5,-133,2026-06-24T01:09:36Z,Indiana Fever,Phoenix Mercury
2026-06-24T01:09:42.673079+00:00,f150838f56bc7336247f553661f55a32,2026-06-24T23:30:00Z,betonlineag,BetOnline.ag,player_rebounds,Over,Sophie Cunningham,3.5,158,2026-06-24T01:09:36Z,Indiana Fever,Phoenix Mercury
2026-06-24T01:09:42.673079+00:00,f150838f56bc7336247f553661f55a32,2026-06-24T23:30:00Z,betonlineag,BetOnline.ag,player_rebounds,Under,Sophie Cunningham,3.5,-208,2026-06-24T01:09:36Z,Indiana Fever,Phoenix Mercury
2026-06-24T01:09:42.673079+00:00,f150838f56bc7336247f553661f55a32,2026-06-24T23:30:00Z,betonlineag,BetOnline.ag,player_threes,Over,Kelsey Mitchell,2.5,134,2026-06-24T01:09:36Z,Indiana Fever,Phoenix Mercury
2026-06-24T01:09:42.673079+00:00,f150838f56bc7336247f553661f55a32,2026-06-24T23:30:00Z,betonlineag,BetOnline.ag,player_threes,Under,Kelsey Mitchell,2.5,-175,2026-06-24T01:09:36Z,Indiana Fever,Phoenix Mercury
2026-06-24T01:09:42.673079+00:00,f150838f56bc7336247f553661f55a32,2026-06-24T23:30:00Z,betonlineag,BetOnline.ag,player_threes,Over,Kahleah Copper,1.5,-130,2026-06-24T01:09:36Z,Indiana Fever,Phoenix Mercury
2026-06-24T01:09:42.673079+00:00,f150838f56bc7336247f553661f55a32,2026-06-24T23:30:00Z,betonlineag,BetOnline.ag,player_threes,Under,Kahleah Copper,1.5,100,2026-06-24T01:09:36Z,Indiana Fever,Phoenix Mercury
2026-06-24T01:09:42.673079+00:00,f150838f56bc7336247f553661f55a32,2026-06-24T23:30:00Z,betonlineag,BetOnline.ag,player_threes,Over,Aliyah Boston,1.5,182,2026-06-24T01:09:36Z,Indiana Fever,Phoenix Mercury
2026-06-24T01:09:42.673079+00:00,f150838f56bc7336247f553661f55a32,2026-06-24T23:30:00Z,betonlineag,BetOnline.ag,player_threes,Under,Aliyah Boston,1.5,-244,2026-06-24T01:09:36Z,Indiana Fever,Phoenix Mercury
2026-06-24T01:09:42.673079+00:00,f150838f56bc7336247f553661f55a32,2026-06-24T23:30:00Z,betonlineag,BetOnline.ag,player_threes,Over,Caitlin Clark,2.5,-122,2026-06-24T01:09:36Z,Indiana Fever,Phoenix Mercury
2026-06-24T01:09:42.673079+00:00,f150838f56bc7336247f553661f55a32,2026-06-24T23:30:00Z,betonlineag,BetOnline.ag,player_threes,Under,Caitlin Clark,2.5,-106,2026-06-24T01:09:36Z,Indiana Fever,Phoenix Mercury
2026-06-24T01:09:42.673079+00:00,f150838f56bc7336247f553661f55a32,2026-06-24T23:30:00Z,betonlineag,BetOnline.ag,player_threes,Over,Sophie Cunningham,1.5,109,2026-06-24T01:09:36Z,Indiana Fever,Phoenix Mercury
2026-06-24T01:09:42.673079+00:00,f150838f56bc7336247f553661f55a32,2026-06-24T23:30:00Z,betonlineag,BetOnline.ag,player_threes,Under,Sophie Cunningham,1.5,-141,2026-06-24T01:09:36Z,Indiana Fever,Phoenix Mercury
2026-06-24T01:09:42.673079+00:00,f150838f56bc7336247f553661f55a32,2026-06-24T23:30:00Z,betonlineag,BetOnline.ag,player_threes,Over,Lexi Held,1.5,139,2026-06-24T01:09:36Z,Indiana Fever,Phoenix Mercury
2026-06-24T01:09:42.673079+00:00,f150838f56bc7336247f553661f55a32,2026-06-24T23:30:00Z,betonlineag,BetOnline.ag,player_threes,Under,Lexi Held,1.5,-182,2026-06-24T01:09:36Z,Indiana Fever,Phoenix Mercury
2026-06-24T01:09:42.673079+00:00,e4cee4945c1e6df74d07a00971eecd19,2026-06-24T23:40:00Z,draftkings,DraftKings,player_assists,Over,Olivia Miles,5.5,-137,2026-06-24T01:09:09Z,Washington Mystics,Minnesota Lynx
2026-06-24T01:09:42.673079+00:00,e4cee4945c1e6df74d07a00971eecd19,2026-06-24T23:40:00Z,draftkings,DraftKings,player_assists,Under,Olivia Miles,5.5,101,2026-06-24T01:09:09Z,Washington Mystics,Minnesota Lynx
2026-06-24T01:09:42.673079+00:00,e4cee4945c1e6df74d07a00971eecd19,2026-06-24T23:40:00Z,draftkings,DraftKings,player_assists,Over,Georgia Amoore,4.5,121,2026-06-24T01:09:09Z,Washington Mystics,Minnesota Lynx
2026-06-24T01:09:42.673079+00:00,e4cee4945c1e6df74d07a00971eecd19,2026-06-24T23:40:00Z,draftkings,DraftKings,player_assists,Under,Georgia Amoore,4.5,-165,2026-06-24T01:09:09Z,Washington Mystics,Minnesota Lynx
2026-06-24T01:09:42.673079+00:00,e4cee4945c1e6df74d07a00971eecd19,2026-06-24T23:40:00Z,draftkings,DraftKings,player_assists,Over,Courtney Williams,4.5,123,2026-06-24T01:09:09Z,Washington Mystics,Minnesota Lynx
2026-06-24T01:09:42.673079+00:00,e4cee4945c1e6df74d07a00971eecd19,2026-06-24T23:40:00Z,draftkings,DraftKings,player_assists,Under,Courtney Williams,4.5,-168,2026-06-24T01:09:09Z,Washington Mystics,Minnesota Lynx
2026-06-24T01:09:42.673079+00:00,e4cee4945c1e6df74d07a00971eecd19,2026-06-24T23:40:00Z,draftkings,DraftKings,player_assists,Over,Sonia Citron,3.5,111,2026-06-24T01:09:09Z,Washington Mystics,Minnesota Lynx
2026-06-24T01:09:42.673079+00:00,e4cee4945c1e6df74d07a00971eecd19,2026-06-24T23:40:00Z,draftkings,DraftKings,player_assists,Under,Sonia Citron,3.5,-151,2026-06-24T01:09:09Z,Washington Mystics,Minnesota Lynx
2026-06-24T01:09:42.673079+00:00,e4cee4945c1e6df74d07a00971eecd19,2026-06-24T23:40:00Z,draftkings,DraftKings,player_assists,Over,Natasha Howard,2.5,-163,2026-06-24T01:09:09Z,Washington Mystics,Minnesota Lynx
2026-06-24T01:09:42.673079+00:00,e4cee4945c1e6df74d07a00971eecd19,2026-06-24T23:40:00Z,draftkings,DraftKings,player_assists,Under,Natasha Howard,2.5,120,2026-06-24T01:09:09Z,Washington Mystics,Minnesota Lynx
2026-06-24T01:09:42.673079+00:00,e4cee4945c1e6df74d07a00971eecd19,2026-06-24T23:40:00Z,draftkings,DraftKings,player_assists,Over,Kayla McBride,2.5,-151,2026-06-24T01:09:09Z,Washington Mystics,Minnesota Lynx
2026-06-24T01:09:42.673079+00:00,e4cee4945c1e6df74d07a00971eecd19,2026-06-24T23:40:00Z,draftkings,DraftKings,player_assists,Under,Kayla McBride,2.5,111,2026-06-24T01:09:09Z,Washington Mystics,Minnesota Lynx
2026-06-24T01:09:42.673079+00:00,e4cee4945c1e6df74d07a00971eecd19,2026-06-24T23:40:00Z,draftkings,DraftKings,player_double_double,Yes,Kiki Iriafen,,267,2026-06-24T01:09:09Z,Washington Mystics,Minnesota Lynx
2026-06-24T01:09:42.673079+00:00,e4cee4945c1e6df74d07a00971eecd19,2026-06-24T23:40:00Z,draftkings,DraftKings,player_double_double,Yes,Shakira Austin,,359,2026-06-24T01:09:09Z,Washington Mystics,Minnesota Lynx
2026-06-24T01:09:42.673079+00:00,e4cee4945c1e6df74d07a00971eecd19,2026-06-24T23:40:00Z,draftkings,DraftKings,player_double_double,Yes,Natasha Howard,,397,2026-06-24T01:09:09Z,Washington Mystics,Minnesota Lynx
2026-06-24T01:09:42.673079+00:00,e4cee4945c1e6df74d07a00971eecd19,2026-06-24T23:40:00Z,draftkings,DraftKings,player_double_double,Yes,Olivia Miles,,620,2026-06-24T01:09:09Z,Washington Mystics,Minnesota Lynx
2026-06-24T01:09:42.673079+00:00,e4cee4945c1e6df74d07a00971eecd19,2026-06-24T23:40:00Z,draftkings,DraftKings,player_double_double,Yes,Courtney Williams,,1480,2026-06-24T01:09:09Z,Washington Mystics,Minnesota Lynx
2026-06-24T01:09:42.673079+00:00,e4cee4945c1e6df74d07a00971eecd19,2026-06-24T23:40:00Z,draftkings,DraftKings,player_double_double,Yes,Nia Coffey,,1520,2026-06-24T01:09:09Z,Washington Mystics,Minnesota Lynx
2026-06-24T01:09:42.673079+00:00,e4cee4945c1e6df74d07a00971eecd19,2026-06-24T23:40:00Z,draftkings,DraftKings,player_points,Over,Olivia Miles,18.5,-109,2026-06-24T01:09:09Z,Washington Mystics,Minnesota Lynx
2026-06-24T01:09:42.673079+00:00,e4cee4945c1e6df74d07a00971eecd19,2026-06-24T23:40:00Z,draftkings,DraftKings,player_points,Under,Olivia Miles,18.5,-121,2026-06-24T01:09:09Z,Washington Mystics,Minnesota Lynx
2026-06-24T01:09:42.673079+00:00,e4cee4945c1e6df74d07a00971eecd19,2026-06-24T23:40:00Z,draftkings,DraftKings,player_points,Over,Sonia Citron,16.5,-108,2026-06-24T01:09:09Z,Washington Mystics,Minnesota Lynx
2026-06-24T01:09:42.673079+00:00,e4cee4945c1e6df74d07a00971eecd19,2026-06-24T23:40:00Z,draftkings,DraftKings,player_points,Under,Sonia Citron,16.5,-123,2026-06-24T01:09:09Z,Washington Mystics,Minnesota Lynx
2026-06-24T01:09:42.673079+00:00,e4cee4945c1e6df74d07a00971eecd19,2026-06-24T23:40:00Z,draftkings,DraftKings,player_points,Over,Courtney Williams,15.5,-119,2026-06-24T01:09:09Z,Washington Mystics,Minnesota Lynx
2026-06-24T01:09:42.673079+00:00,e4cee4945c1e6df74d07a00971eecd19,2026-06-24T23:40:00Z,draftkings,DraftKings,player_points,Under,Courtney Williams,15.5,-112,2026-06-24T01:09:09Z,Washington Mystics,Minnesota Lynx
2026-06-24T01:09:42.673079+00:00,e4cee4945c1e6df74d07a00971eecd19,2026-06-24T23:40:00Z,draftkings,DraftKings,player_points,Over,Natasha Howard,15.5,-109,2026-06-24T01:09:09Z,Washington Mystics,Minnesota Lynx
2026-06-24T01:09:42.673079+00:00,e4cee4945c1e6df74d07a00971eecd19,2026-06-24T23:40:00Z,draftkings,DraftKings,player_points,Under,Natasha Howard,15.5,-122,2026-06-24T01:09:09Z,Washington Mystics,Minnesota Lynx
2026-06-24T01:09:42.673079+00:00,e4cee4945c1e6df74d07a00971eecd19,2026-06-24T23:40:00Z,draftkings,DraftKings,player_points,Over,Kayla McBride,14.5,-113,2026-06-24T01:09:09Z,Washington Mystics,Minnesota Lynx
2026-06-24T01:09:42.673079+00:00,e4cee4945c1e6df74d07a00971eecd19,2026-06-24T23:40:00Z,draftkings,DraftKings,player_points,Under,Kayla McBride,14.5,-118,2026-06-24T01:09:09Z,Washington Mystics,Minnesota Lynx
2026-06-24T01:09:42.673079+00:00,e4cee4945c1e6df74d07a00971eecd19,2026-06-24T23:40:00Z,draftkings,DraftKings,player_points,Over,Kiki Iriafen,14.5,-111,2026-06-24T01:09:09Z,Washington Mystics,Minnesota Lynx
2026-06-24T01:09:42.673079+00:00,e4cee4945c1e6df74d07a00971eecd19,2026-06-24T23:40:00Z,draftkings,DraftKings,player_points,Under,Kiki Iriafen,14.5,-119,2026-06-24T01:09:09Z,Washington Mystics,Minnesota Lynx
2026-06-24T01:09:42.673079+00:00,e4cee4945c1e6df74d07a00971eecd19,2026-06-24T23:40:00Z,draftkings,DraftKings,player_points,Over,Shakira Austin,12.5,-106,2026-06-24T01:09:09Z,Washington Mystics,Minnesota Lynx
2026-06-24T01:09:42.673079+00:00,e4cee4945c1e6df74d07a00971eecd19,2026-06-24T23:40:00Z,draftkings,DraftKings,player_points,Under,Shakira Austin,12.5,-125,2026-06-24T01:09:09Z,Washington Mystics,Minnesota Lynx
2026-06-24T01:09:42.673079+00:00,e4cee4945c1e6df74d07a00971eecd19,2026-06-24T23:40:00Z,draftkings,DraftKings,player_points,Over,Michaela Onyenwere,9.5,100,2026-06-24T01:09:09Z,Washington Mystics,Minnesota Lynx
2026-06-24T01:09:42.673079+00:00,e4cee4945c1e6df74d07a00971eecd19,2026-06-24T23:40:00Z,draftkings,DraftKings,player_points,Under,Michaela Onyenwere,9.5,-132,2026-06-24T01:09:09Z,Washington Mystics,Minnesota Lynx
2026-06-24T01:09:42.673079+00:00,e4cee4945c1e6df74d07a00971eecd19,2026-06-24T23:40:00Z,draftkings,DraftKings,player_points,Over,Nia Coffey,8.5,102,2026-06-24T01:09:09Z,Washington Mystics,Minnesota Lynx
2026-06-24T01:09:42.673079+00:00,e4cee4945c1e6df74d07a00971eecd19,2026-06-24T23:40:00Z,draftkings,DraftKings,player_points,Under,Nia Coffey,8.5,-135,2026-06-24T01:09:09Z,Washington Mystics,Minnesota Lynx
2026-06-24T01:09:42.673079+00:00,e4cee4945c1e6df74d07a00971eecd19,2026-06-24T23:40:00Z,draftkings,DraftKings,player_points,Over,Lauren Betts,6.5,102,2026-06-24T01:09:09Z,Washington Mystics,Minnesota Lynx
2026-06-24T01:09:42.673079+00:00,e4cee4945c1e6df74d07a00971eecd19,2026-06-24T23:40:00Z,draftkings,DraftKings,player_points,Under,Lauren Betts,6.5,-136,2026-06-24T01:09:09Z,Washington Mystics,Minnesota Lynx
2026-06-24T01:09:42.673079+00:00,e4cee4945c1e6df74d07a00971eecd19,2026-06-24T23:40:00Z,draftkings,DraftKings,player_points_assists,Over,Olivia Miles,24.5,-110,2026-06-24T01:09:09Z,Washington Mystics,Minnesota Lynx
2026-06-24T01:09:42.673079+00:00,e4cee4945c1e6df74d07a00971eecd19,2026-06-24T23:40:00Z,draftkings,DraftKings,player_points_assists,Under,Olivia Miles,24.5,-124,2026-06-24T01:09:09Z,Washington Mystics,Minnesota Lynx
2026-06-24T01:09:42.673079+00:00,e4cee4945c1e6df74d07a00971eecd19,2026-06-24T23:40:00Z,draftkings,DraftKings,player_points_assists,Over,Courtney Williams,19.5,-128,2026-06-24T01:09:09Z,Washington Mystics,Minnesota Lynx
2026-06-24T01:09:42.673079+00:00,e4cee4945c1e6df74d07a00971eecd19,2026-06-24T23:40:00Z,draftkings,DraftKings,player_points_assists,Under,Courtney Williams,19.5,-107,2026-06-24T01:09:09Z,Washington Mystics,Minnesota Lynx
2026-06-24T01:09:42.673079+00:00,e4cee4945c1e6df74d07a00971eecd19,2026-06-24T23:40:00Z,draftkings,DraftKings,player_points_assists,Over,Sonia Citron,19.5,-121,2026-06-24T01:09:09Z,Washington Mystics,Minnesota Lynx
2026-06-24T01:09:42.673079+00:00,e4cee4945c1e6df74d07a00971eecd19,2026-06-24T23:40:00Z,draftkings,DraftKings,player_points_assists,Under,Sonia Citron,19.5,-112,2026-06-24T01:09:09Z,Washington Mystics,Minnesota Lynx
2026-06-24T01:09:42.673079+00:00,e4cee4945c1e6df74d07a00971eecd19,2026-06-24T23:40:00Z,draftkings,DraftKings,player_points_assists,Over,Natasha Howard,18.5,-111,2026-06-24T01:09:09Z,Washington Mystics,Minnesota Lynx
2026-06-24T01:09:42.673079+00:00,e4cee4945c1e6df74d07a00971eecd19,2026-06-24T23:40:00Z,draftkings,DraftKings,player_points_assists,Under,Natasha Howard,18.5,-122,2026-06-24T01:09:09Z,Washington Mystics,Minnesota Lynx
2026-06-24T01:09:42.673079+00:00,e4cee4945c1e6df74d07a00971eecd19,2026-06-24T23:40:00Z,draftkings,DraftKings,player_points_assists,Over,Kayla McBride,17.5,-113,2026-06-24T01:09:09Z,Washington Mystics,Minnesota Lynx
2026-06-24T01:09:42.673079+00:00,e4cee4945c1e6df74d07a00971eecd19,2026-06-24T23:40:00Z,draftkings,DraftKings,player_points_assists,Under,Kayla McBride,17.5,-120,2026-06-24T01:09:09Z,Washington Mystics,Minnesota Lynx
2026-06-24T01:09:42.673079+00:00,e4cee4945c1e6df74d07a00971eecd19,2026-06-24T23:40:00Z,draftkings,DraftKings,player_points_rebounds,Over,Olivia Miles,23.5,-109,2026-06-24T01:09:09Z,Washington Mystics,Minnesota Lynx
2026-06-24T01:09:42.673079+00:00,e4cee4945c1e6df74d07a00971eecd19,2026-06-24T23:40:00Z,draftkings,DraftKings,player_points_rebounds,Under,Olivia Miles,23.5,-124,2026-06-24T01:09:09Z,Washington Mystics,Minnesota Lynx
2026-06-24T01:09:42.673079+00:00,e4cee4945c1e6df74d07a00971eecd19,2026-06-24T23:40:00Z,draftkings,DraftKings,player_points_rebounds,Over,Natasha Howard,22.5,-112,2026-06-24T01:09:09Z,Washington Mystics,Minnesota Lynx
2026-06-24T01:09:42.673079+00:00,e4cee4945c1e6df74d07a00971eecd19,2026-06-24T23:40:00Z,draftkings,DraftKings,player_points_rebounds,Under,Natasha Howard,22.5,-121,2026-06-24T01:09:09Z,Washington Mystics,Minnesota Lynx
2026-06-24T01:09:42.673079+00:00,e4cee4945c1e6df74d07a00971eecd19,2026-06-24T23:40:00Z,draftkings,DraftKings,player_points_rebounds,Over,Kiki Iriafen,22.5,-106,2026-06-24T01:09:09Z,Washington Mystics,Minnesota Lynx
2026-06-24T01:09:42.673079+00:00,e4cee4945c1e6df74d07a00971eecd19,2026-06-24T23:40:00Z,draftkings,DraftKings,player_points_rebounds,Under,Kiki Iriafen,22.5,-128,2026-06-24T01:09:09Z,Washington Mystics,Minnesota Lynx
2026-06-24T01:09:42.673079+00:00,e4cee4945c1e6df74d07a00971eecd19,2026-06-24T23:40:00Z,draftkings,DraftKings,player_points_rebounds,Over,Courtney Williams,20.5,-112,2026-06-24T01:09:09Z,Washington Mystics,Minnesota Lynx
2026-06-24T01:09:42.673079+00:00,e4cee4945c1e6df74d07a00971eecd19,2026-06-24T23:40:00Z,draftkings,DraftKings,player_points_rebounds,Under,Courtney Williams,20.5,-121,2026-06-24T01:09:09Z,Washington Mystics,Minnesota Lynx
2026-06-24T01:09:42.673079+00:00,e4cee4945c1e6df74d07a00971eecd19,2026-06-24T23:40:00Z,draftkings,DraftKings,player_points_rebounds,Over,Sonia Citron,19.5,-118,2026-06-24T01:09:09Z,Washington Mystics,Minnesota Lynx
2026-06-24T01:09:42.673079+00:00,e4cee4945c1e6df74d07a00971eecd19,2026-06-24T23:40:00Z,draftkings,DraftKings,player_points_rebounds,Under,Sonia Citron,19.5,-115,2026-06-24T01:09:09Z,Washington Mystics,Minnesota Lynx
2026-06-24T01:09:42.673079+00:00,e4cee4945c1e6df74d07a00971eecd19,2026-06-24T23:40:00Z,draftkings,DraftKings,player_points_rebounds,Over,Shakira Austin,19.5,-114,2026-06-24T01:09:09Z,Washington Mystics,Minnesota Lynx
2026-06-24T01:09:42.673079+00:00,e4cee4945c1e6df74d07a00971eecd19,2026-06-24T23:40:00Z,draftkings,DraftKings,player_points_rebounds,Under,Shakira Austin,19.5,-119,2026-06-24T01:09:09Z,Washington Mystics,Minnesota Lynx
2026-06-24T01:09:42.673079+00:00,e4cee4945c1e6df74d07a00971eecd19,2026-06-24T23:40:00Z,draftkings,DraftKings,player_points_rebounds,Over,Kayla McBride,17.5,-114,2026-06-24T01:09:09Z,Washington Mystics,Minnesota Lynx
2026-06-24T01:09:42.673079+00:00,e4cee4945c1e6df74d07a00971eecd19,2026-06-24T23:40:00Z,draftkings,DraftKings,player_points_rebounds,Under,Kayla McBride,17.5,-119,2026-06-24T01:09:09Z,Washington Mystics,Minnesota Lynx
2026-06-24T01:09:42.673079+00:00,e4cee4945c1e6df74d07a00971eecd19,2026-06-24T23:40:00Z,draftkings,DraftKings,player_points_rebounds,Over,Nia Coffey,13.5,-134,2026-06-24T01:09:09Z,Washington Mystics,Minnesota Lynx
2026-06-24T01:09:42.673079+00:00,e4cee4945c1e6df74d07a00971eecd19,2026-06-24T23:40:00Z,draftkings,DraftKings,player_points_rebounds,Under,Nia Coffey,13.5,-101,2026-06-24T01:09:09Z,Washington Mystics,Minnesota Lynx
2026-06-24T01:09:42.673079+00:00,e4cee4945c1e6df74d07a00971eecd19,2026-06-24T23:40:00Z,draftkings,DraftKings,player_points_rebounds,Over,Michaela Onyenwere,12.5,-102,2026-06-24T01:09:09Z,Washington Mystics,Minnesota Lynx
2026-06-24T01:09:42.673079+00:00,e4cee4945c1e6df74d07a00971eecd19,2026-06-24T23:40:00Z,draftkings,DraftKings,player_points_rebounds,Under,Michaela Onyenwere,12.5,-133,2026-06-24T01:09:09Z,Washington Mystics,Minnesota Lynx
2026-06-24T01:09:42.673079+00:00,e4cee4945c1e6df74d07a00971eecd19,2026-06-24T23:40:00Z,draftkings,DraftKings,player_points_rebounds,Over,Lauren Betts,9.5,-121,2026-06-24T01:09:09Z,Washington Mystics,Minnesota Lynx
2026-06-24T01:09:42.673079+00:00,e4cee4945c1e6df74d07a00971eecd19,2026-06-24T23:40:00Z,draftkings,DraftKings,player_points_rebounds,Under,Lauren Betts,9.5,-113,2026-06-24T01:09:09Z,Washington Mystics,Minnesota Lynx
2026-06-24T01:09:42.673079+00:00,e4cee4945c1e6df74d07a00971eecd19,2026-06-24T23:40:00Z,draftkings,DraftKings,player_points_rebounds_assists,Over,Olivia Miles,29.5,-108,2026-06-24T01:09:09Z,Washington Mystics,Minnesota Lynx
2026-06-24T01:09:42.673079+00:00,e4cee4945c1e6df74d07a00971eecd19,2026-06-24T23:40:00Z,draftkings,DraftKings,player_points_rebounds_assists,Under,Olivia Miles,29.5,-125,2026-06-24T01:09:09Z,Washington Mystics,Minnesota Lynx
2026-06-24T01:09:42.673079+00:00,e4cee4945c1e6df74d07a00971eecd19,2026-06-24T23:40:00Z,draftkings,DraftKings,player_points_rebounds_assists,Over,Natasha Howard,25.5,-114,2026-06-24T01:09:09Z,Washington Mystics,Minnesota Lynx
2026-06-24T01:09:42.673079+00:00,e4cee4945c1e6df74d07a00971eecd19,2026-06-24T23:40:00Z,draftkings,DraftKings,player_points_rebounds_assists,Under,Natasha Howard,25.5,-119,2026-06-24T01:09:09Z,Washington Mystics,Minnesota Lynx
2026-06-24T01:09:42.673079+00:00,e4cee4945c1e6df74d07a00971eecd19,2026-06-24T23:40:00Z,draftkings,DraftKings,player_points_rebounds_assists,Over,Courtney Williams,24.5,-121,2026-06-24T01:09:09Z,Washington Mystics,Minnesota Lynx
2026-06-24T01:09:42.673079+00:00,e4cee4945c1e6df74d07a00971eecd19,2026-06-24T23:40:00Z,draftkings,DraftKings,player_points_rebounds_assists,Under,Courtney Williams,24.5,-112,2026-06-24T01:09:09Z,Washington Mystics,Minnesota Lynx
2026-06-24T01:09:42.673079+00:00,e4cee4945c1e6df74d07a00971eecd19,2026-06-24T23:40:00Z,draftkings,DraftKings,player_points_rebounds_assists,Over,Sonia Citron,23.5,-106,2026-06-24T01:09:09Z,Washington Mystics,Minnesota Lynx
2026-06-24T01:09:42.673079+00:00,e4cee4945c1e6df74d07a00971eecd19,2026-06-24T23:40:00Z,draftkings,DraftKings,player_points_rebounds_assists,Under,Sonia Citron,23.5,-128,2026-06-24T01:09:09Z,Washington Mystics,Minnesota Lynx
2026-06-24T01:09:42.673079+00:00,e4cee4945c1e6df74d07a00971eecd19,2026-06-24T23:40:00Z,draftkings,DraftKings,player_points_rebounds_assists,Over,Kayla McBride,20.5,-114,2026-06-24T01:09:09Z,Washington Mystics,Minnesota Lynx
2026-06-24T01:09:42.673079+00:00,e4cee4945c1e6df74d07a00971eecd19,2026-06-24T23:40:00Z,draftkings,DraftKings,player_points_rebounds_assists,Under,Kayla McBride,20.5,-120,2026-06-24T01:09:09Z,Washington Mystics,Minnesota Lynx
2026-06-24T01:09:42.673079+00:00,e4cee4945c1e6df74d07a00971eecd19,2026-06-24T23:40:00Z,draftkings,DraftKings,player_points_rebounds_assists,Over,Nia Coffey,16.5,-115,2026-06-24T01:09:09Z,Washington Mystics,Minnesota Lynx
2026-06-24T01:09:42.673079+00:00,e4cee4945c1e6df74d07a00971eecd19,2026-06-24T23:40:00Z,draftkings,DraftKings,player_points_rebounds_assists,Under,Nia Coffey,16.5,-118,2026-06-24T01:09:09Z,Washington Mystics,Minnesota Lynx
2026-06-24T01:09:42.673079+00:00,e4cee4945c1e6df74d07a00971eecd19,2026-06-24T23:40:00Z,draftkings,DraftKings,player_rebounds,Over,Kiki Iriafen,7.5,-120,2026-06-24T01:09:09Z,Washington Mystics,Minnesota Lynx
2026-06-24T01:09:42.673079+00:00,e4cee4945c1e6df74d07a00971eecd19,2026-06-24T23:40:00Z,draftkings,DraftKings,player_rebounds,Under,Kiki Iriafen,7.5,-113,2026-06-24T01:09:09Z,Washington Mystics,Minnesota Lynx
2026-06-24T01:09:42.673079+00:00,e4cee4945c1e6df74d07a00971eecd19,2026-06-24T23:40:00Z,draftkings,DraftKings,player_rebounds,Over,Shakira Austin,7.5,108,2026-06-24T01:09:09Z,Washington Mystics,Minnesota Lynx
2026-06-24T01:09:42.673079+00:00,e4cee4945c1e6df74d07a00971eecd19,2026-06-24T23:40:00Z,draftkings,DraftKings,player_rebounds,Under,Shakira Austin,7.5,-147,2026-06-24T01:09:09Z,Washington Mystics,Minnesota Lynx
2026-06-24T01:09:42.673079+00:00,e4cee4945c1e6df74d07a00971eecd19,2026-06-24T23:40:00Z,draftkings,DraftKings,player_rebounds,Over,Natasha Howard,6.5,-141,2026-06-24T01:09:09Z,Washington Mystics,Minnesota Lynx
2026-06-24T01:09:42.673079+00:00,e4cee4945c1e6df74d07a00971eecd19,2026-06-24T23:40:00Z,draftkings,DraftKings,player_rebounds,Under,Natasha Howard,6.5,104,2026-06-24T01:09:09Z,Washington Mystics,Minnesota Lynx
2026-06-24T01:09:42.673079+00:00,e4cee4945c1e6df74d07a00971eecd19,2026-06-24T23:40:00Z,draftkings,DraftKings,player_rebounds,Over,Nia Coffey,5.5,-126,2026-06-24T01:09:09Z,Washington Mystics,Minnesota Lynx
2026-06-24T01:09:42.673079+00:00,e4cee4945c1e6df74d07a00971eecd19,2026-06-24T23:40:00Z,draftkings,DraftKings,player_rebounds,Under,Nia Coffey,5.5,-108,2026-06-24T01:09:09Z,Washington Mystics,Minnesota Lynx
2026-06-24T01:09:42.673079+00:00,e4cee4945c1e6df74d07a00971eecd19,2026-06-24T23:40:00Z,draftkings,DraftKings,player_rebounds,Over,Olivia Miles,4.5,-120,2026-06-24T01:09:09Z,Washington Mystics,Minnesota Lynx
2026-06-24T01:09:42.673079+00:00,e4cee4945c1e6df74d07a00971eecd19,2026-06-24T23:40:00Z,draftkings,DraftKings,player_rebounds,Under,Olivia Miles,4.5,-113,2026-06-24T01:09:09Z,Washington Mystics,Minnesota Lynx
2026-06-24T01:09:42.673079+00:00,e4cee4945c1e6df74d07a00971eecd19,2026-06-24T23:40:00Z,draftkings,DraftKings,player_rebounds,Over,Courtney Williams,4.5,-119,2026-06-24T01:09:09Z,Washington Mystics,Minnesota Lynx
2026-06-24T01:09:42.673079+00:00,e4cee4945c1e6df74d07a00971eecd19,2026-06-24T23:40:00Z,draftkings,DraftKings,player_rebounds,Under,Courtney Williams,4.5,-114,2026-06-24T01:09:09Z,Washington Mystics,Minnesota Lynx
2026-06-24T01:09:42.673079+00:00,e4cee4945c1e6df74d07a00971eecd19,2026-06-24T23:40:00Z,draftkings,DraftKings,player_rebounds,Over,Lauren Betts,3.5,117,2026-06-24T01:09:09Z,Washington Mystics,Minnesota Lynx
2026-06-24T01:09:42.673079+00:00,e4cee4945c1e6df74d07a00971eecd19,2026-06-24T23:40:00Z,draftkings,DraftKings,player_rebounds,Under,Lauren Betts,3.5,-160,2026-06-24T01:09:09Z,Washington Mystics,Minnesota Lynx
2026-06-24T01:09:42.673079+00:00,e4cee4945c1e6df74d07a00971eecd19,2026-06-24T23:40:00Z,draftkings,DraftKings,player_rebounds,Over,Sonia Citron,3.5,121,2026-06-24T01:09:09Z,Washington Mystics,Minnesota Lynx
2026-06-24T01:09:42.673079+00:00,e4cee4945c1e6df74d07a00971eecd19,2026-06-24T23:40:00Z,draftkings,DraftKings,player_rebounds,Under,Sonia Citron,3.5,-165,2026-06-24T01:09:09Z,Washington Mystics,Minnesota Lynx
2026-06-24T01:09:42.673079+00:00,e4cee4945c1e6df74d07a00971eecd19,2026-06-24T23:40:00Z,draftkings,DraftKings,player_rebounds,Over,Michaela Onyenwere,2.5,-149,2026-06-24T01:09:09Z,Washington Mystics,Minnesota Lynx
2026-06-24T01:09:42.673079+00:00,e4cee4945c1e6df74d07a00971eecd19,2026-06-24T23:40:00Z,draftkings,DraftKings,player_rebounds,Under,Michaela Onyenwere,2.5,110,2026-06-24T01:09:09Z,Washington Mystics,Minnesota Lynx
2026-06-24T01:09:42.673079+00:00,e4cee4945c1e6df74d07a00971eecd19,2026-06-24T23:40:00Z,draftkings,DraftKings,player_rebounds,Over,Kayla McBride,2.5,-148,2026-06-24T01:09:09Z,Washington Mystics,Minnesota Lynx
2026-06-24T01:09:42.673079+00:00,e4cee4945c1e6df74d07a00971eecd19,2026-06-24T23:40:00Z,draftkings,DraftKings,player_rebounds,Under,Kayla McBride,2.5,109,2026-06-24T01:09:09Z,Washington Mystics,Minnesota Lynx
2026-06-24T01:09:42.673079+00:00,e4cee4945c1e6df74d07a00971eecd19,2026-06-24T23:40:00Z,draftkings,DraftKings,player_rebounds_assists,Over,Olivia Miles,10.5,-115,2026-06-24T01:09:09Z,Washington Mystics,Minnesota Lynx
2026-06-24T01:09:42.673079+00:00,e4cee4945c1e6df74d07a00971eecd19,2026-06-24T23:40:00Z,draftkings,DraftKings,player_rebounds_assists,Under,Olivia Miles,10.5,-118,2026-06-24T01:09:09Z,Washington Mystics,Minnesota Lynx
2026-06-24T01:09:42.673079+00:00,e4cee4945c1e6df74d07a00971eecd19,2026-06-24T23:40:00Z,draftkings,DraftKings,player_rebounds_assists,Over,Natasha Howard,9.5,-136,2026-06-24T01:09:09Z,Washington Mystics,Minnesota Lynx
2026-06-24T01:09:42.673079+00:00,e4cee4945c1e6df74d07a00971eecd19,2026-06-24T23:40:00Z,draftkings,DraftKings,player_rebounds_assists,Under,Natasha Howard,9.5,100,2026-06-24T01:09:09Z,Washington Mystics,Minnesota Lynx
2026-06-24T01:09:42.673079+00:00,e4cee4945c1e6df74d07a00971eecd19,2026-06-24T23:40:00Z,draftkings,DraftKings,player_rebounds_assists,Over,Shakira Austin,9.5,-124,2026-06-24T01:09:09Z,Washington Mystics,Minnesota Lynx
2026-06-24T01:09:42.673079+00:00,e4cee4945c1e6df74d07a00971eecd19,2026-06-24T23:40:00Z,draftkings,DraftKings,player_rebounds_assists,Under,Shakira Austin,9.5,-109,2026-06-24T01:09:09Z,Washington Mystics,Minnesota Lynx
2026-06-24T01:09:42.673079+00:00,e4cee4945c1e6df74d07a00971eecd19,2026-06-24T23:40:00Z,draftkings,DraftKings,player_rebounds_assists,Over,Kiki Iriafen,9.5,-109,2026-06-24T01:09:09Z,Washington Mystics,Minnesota Lynx
2026-06-24T01:09:42.673079+00:00,e4cee4945c1e6df74d07a00971eecd19,2026-06-24T23:40:00Z,draftkings,DraftKings,player_rebounds_assists,Under,Kiki Iriafen,9.5,-125,2026-06-24T01:09:09Z,Washington Mystics,Minnesota Lynx
2026-06-24T01:09:42.673079+00:00,e4cee4945c1e6df74d07a00971eecd19,2026-06-24T23:40:00Z,draftkings,DraftKings,player_rebounds_assists,Over,Courtney Williams,8.5,-133,2026-06-24T01:09:09Z,Washington Mystics,Minnesota Lynx
2026-06-24T01:09:42.673079+00:00,e4cee4945c1e6df74d07a00971eecd19,2026-06-24T23:40:00Z,draftkings,DraftKings,player_rebounds_assists,Under,Courtney Williams,8.5,-102,2026-06-24T01:09:09Z,Washington Mystics,Minnesota Lynx
2026-06-24T01:09:42.673079+00:00,e4cee4945c1e6df74d07a00971eecd19,2026-06-24T23:40:00Z,draftkings,DraftKings,player_rebounds_assists,Over,Nia Coffey,8.5,108,2026-06-24T01:09:09Z,Washington Mystics,Minnesota Lynx
2026-06-24T01:09:42.673079+00:00,e4cee4945c1e6df74d07a00971eecd19,2026-06-24T23:40:00Z,draftkings,DraftKings,player_rebounds_assists,Under,Nia Coffey,8.5,-147,2026-06-24T01:09:09Z,Washington Mystics,Minnesota Lynx
2026-06-24T01:09:42.673079+00:00,e4cee4945c1e6df74d07a00971eecd19,2026-06-24T23:40:00Z,draftkings,DraftKings,player_rebounds_assists,Over,Sonia Citron,6.5,-113,2026-06-24T01:09:09Z,Washington Mystics,Minnesota Lynx
2026-06-24T01:09:42.673079+00:00,e4cee4945c1e6df74d07a00971eecd19,2026-06-24T23:40:00Z,draftkings,DraftKings,player_rebounds_assists,Under,Sonia Citron,6.5,-120,2026-06-24T01:09:09Z,Washington Mystics,Minnesota Lynx
2026-06-24T01:09:42.673079+00:00,e4cee4945c1e6df74d07a00971eecd19,2026-06-24T23:40:00Z,draftkings,DraftKings,player_threes,Over,Kayla McBride,1.5,-181,2026-06-24T01:09:09Z,Washington Mystics,Minnesota Lynx
2026-06-24T01:09:42.673079+00:00,e4cee4945c1e6df74d07a00971eecd19,2026-06-24T23:40:00Z,draftkings,DraftKings,player_threes,Under,Kayla McBride,1.5,132,2026-06-24T01:09:09Z,Washington Mystics,Minnesota Lynx
2026-06-24T01:09:42.673079+00:00,e4cee4945c1e6df74d07a00971eecd19,2026-06-24T23:40:00Z,draftkings,DraftKings,player_threes,Over,Sonia Citron,1.5,-129,2026-06-24T01:09:09Z,Washington Mystics,Minnesota Lynx
2026-06-24T01:09:42.673079+00:00,e4cee4945c1e6df74d07a00971eecd19,2026-06-24T23:40:00Z,draftkings,DraftKings,player_threes,Under,Sonia Citron,1.5,-105,2026-06-24T01:09:09Z,Washington Mystics,Minnesota Lynx
2026-06-24T01:09:42.673079+00:00,e4cee4945c1e6df74d07a00971eecd19,2026-06-24T23:40:00Z,draftkings,DraftKings,player_threes,Over,Nia Coffey,1.5,123,2026-06-24T01:09:09Z,Washington Mystics,Minnesota Lynx
2026-06-24T01:09:42.673079+00:00,e4cee4945c1e6df74d07a00971eecd19,2026-06-24T23:40:00Z,draftkings,DraftKings,player_threes,Under,Nia Coffey,1.5,-167,2026-06-24T01:09:09Z,Washington Mystics,Minnesota Lynx
2026-06-24T01:09:42.673079+00:00,e4cee4945c1e6df74d07a00971eecd19,2026-06-24T23:40:00Z,draftkings,DraftKings,player_threes,Over,Courtney Williams,1.5,138,2026-06-24T01:09:09Z,Washington Mystics,Minnesota Lynx
2026-06-24T01:09:42.673079+00:00,e4cee4945c1e6df74d07a00971eecd19,2026-06-24T23:40:00Z,draftkings,DraftKings,player_threes,Under,Courtney Williams,1.5,-189,2026-06-24T01:09:09Z,Washington Mystics,Minnesota Lynx
2026-06-24T01:09:42.673079+00:00,e4cee4945c1e6df74d07a00971eecd19,2026-06-24T23:40:00Z,draftkings,DraftKings,player_threes,Over,Olivia Miles,1.5,154,2026-06-24T01:09:09Z,Washington Mystics,Minnesota Lynx
2026-06-24T01:09:42.673079+00:00,e4cee4945c1e6df74d07a00971eecd19,2026-06-24T23:40:00Z,draftkings,DraftKings,player_threes,Under,Olivia Miles,1.5,-212,2026-06-24T01:09:09Z,Washington Mystics,Minnesota Lynx
2026-06-24T01:09:42.673079+00:00,e4cee4945c1e6df74d07a00971eecd19,2026-06-24T23:40:00Z,draftkings,DraftKings,player_triple_double,Yes,Olivia Miles,,4000,2026-06-24T01:09:09Z,Washington Mystics,Minnesota Lynx
2026-06-24T01:09:42.673079+00:00,e4cee4945c1e6df74d07a00971eecd19,2026-06-24T23:40:00Z,fanatics,Fanatics,player_double_double,Yes,Olivia Miles,,600,2026-06-24T01:09:10Z,Washington Mystics,Minnesota Lynx
2026-06-24T01:09:42.673079+00:00,e4cee4945c1e6df74d07a00971eecd19,2026-06-24T23:40:00Z,fanatics,Fanatics,player_double_double,Yes,Courtney Williams,,1500,2026-06-24T01:09:10Z,Washington Mystics,Minnesota Lynx
2026-06-24T01:09:42.673079+00:00,e4cee4945c1e6df74d07a00971eecd19,2026-06-24T23:40:00Z,fanatics,Fanatics,player_double_double,Yes,Natasha Howard,,400,2026-06-24T01:09:10Z,Washington Mystics,Minnesota Lynx
2026-06-24T01:09:42.673079+00:00,e4cee4945c1e6df74d07a00971eecd19,2026-06-24T23:40:00Z,fanduel,FanDuel,player_assists,Over,Natasha Howard,2.5,-166,2026-06-24T01:08:57Z,Washington Mystics,Minnesota Lynx
2026-06-24T01:09:42.673079+00:00,e4cee4945c1e6df74d07a00971eecd19,2026-06-24T23:40:00Z,fanduel,FanDuel,player_assists,Under,Natasha Howard,2.5,124,2026-06-24T01:08:57Z,Washington Mystics,Minnesota Lynx
2026-06-24T01:09:42.673079+00:00,e4cee4945c1e6df74d07a00971eecd19,2026-06-24T23:40:00Z,fanduel,FanDuel,player_assists,Over,Olivia Miles,5.5,-136,2026-06-24T01:08:57Z,Washington Mystics,Minnesota Lynx
2026-06-24T01:09:42.673079+00:00,e4cee4945c1e6df74d07a00971eecd19,2026-06-24T23:40:00Z,fanduel,FanDuel,player_assists,Under,Olivia Miles,5.5,102,2026-06-24T01:08:57Z,Washington Mystics,Minnesota Lynx
2026-06-24T01:09:42.673079+00:00,e4cee4945c1e6df74d07a00971eecd19,2026-06-24T23:40:00Z,fanduel,FanDuel,player_assists,Over,Sonia Citron,3.5,128,2026-06-24T01:08:57Z,Washington Mystics,Minnesota Lynx
2026-06-24T01:09:42.673079+00:00,e4cee4945c1e6df74d07a00971eecd19,2026-06-24T23:40:00Z,fanduel,FanDuel,player_assists,Under,Sonia Citron,3.5,-172,2026-06-24T01:08:57Z,Washington Mystics,Minnesota Lynx
2026-06-24T01:09:42.673079+00:00,e4cee4945c1e6df74d07a00971eecd19,2026-06-24T23:40:00Z,fanduel,FanDuel,player_assists,Over,Georgia Amoore,3.5,-162,2026-06-24T01:08:57Z,Washington Mystics,Minnesota Lynx
2026-06-24T01:09:42.673079+00:00,e4cee4945c1e6df74d07a00971eecd19,2026-06-24T23:40:00Z,fanduel,FanDuel,player_assists,Under,Georgia Amoore,3.5,122,2026-06-24T01:08:57Z,Washington Mystics,Minnesota Lynx
2026-06-24T01:09:42.673079+00:00,e4cee4945c1e6df74d07a00971eecd19,2026-06-24T23:40:00Z,fanduel,FanDuel,player_assists,Over,Kayla McBride,2.5,-158,2026-06-24T01:08:57Z,Washington Mystics,Minnesota Lynx
2026-06-24T01:09:42.673079+00:00,e4cee4945c1e6df74d07a00971eecd19,2026-06-24T23:40:00Z,fanduel,FanDuel,player_assists,Under,Kayla McBride,2.5,118,2026-06-24T01:08:57Z,Washington Mystics,Minnesota Lynx
2026-06-24T01:09:42.673079+00:00,e4cee4945c1e6df74d07a00971eecd19,2026-06-24T23:40:00Z,fanduel,FanDuel,player_assists,Over,Courtney Williams,4.5,132,2026-06-24T01:08:57Z,Washington Mystics,Minnesota Lynx
2026-06-24T01:09:42.673079+00:00,e4cee4945c1e6df74d07a00971eecd19,2026-06-24T23:40:00Z,fanduel,FanDuel,player_assists,Under,Courtney Williams,4.5,-178,2026-06-24T01:08:57Z,Washington Mystics,Minnesota Lynx
2026-06-24T01:09:42.673079+00:00,e4cee4945c1e6df74d07a00971eecd19,2026-06-24T23:40:00Z,fanduel,FanDuel,player_double_double,Yes,Kiki Iriafen,,220,2026-06-24T01:08:57Z,Washington Mystics,Minnesota Lynx
2026-06-24T01:09:42.673079+00:00,e4cee4945c1e6df74d07a00971eecd19,2026-06-24T23:40:00Z,fanduel,FanDuel,player_double_double,Yes,Shakira Austin,,350,2026-06-24T01:08:57Z,Washington Mystics,Minnesota Lynx
2026-06-24T01:09:42.673079+00:00,e4cee4945c1e6df74d07a00971eecd19,2026-06-24T23:40:00Z,fanduel,FanDuel,player_double_double,Yes,Natasha Howard,,350,2026-06-24T01:08:57Z,Washington Mystics,Minnesota Lynx
2026-06-24T01:09:42.673079+00:00,e4cee4945c1e6df74d07a00971eecd19,2026-06-24T23:40:00Z,fanduel,FanDuel,player_double_double,Yes,Olivia Miles,,650,2026-06-24T01:08:57Z,Washington Mystics,Minnesota Lynx
2026-06-24T01:09:42.673079+00:00,e4cee4945c1e6df74d07a00971eecd19,2026-06-24T23:40:00Z,fanduel,FanDuel,player_double_double,Yes,Nia Coffey,,1600,2026-06-24T01:08:57Z,Washington Mystics,Minnesota Lynx
2026-06-24T01:09:42.673079+00:00,e4cee4945c1e6df74d07a00971eecd19,2026-06-24T23:40:00Z,fanduel,FanDuel,player_double_double,Yes,Courtney Williams,,1700,2026-06-24T01:08:57Z,Washington Mystics,Minnesota Lynx
2026-06-24T01:09:42.673079+00:00,e4cee4945c1e6df74d07a00971eecd19,2026-06-24T23:40:00Z,fanduel,FanDuel,player_points,Over,Michaela Onyenwere,8.5,-125,2026-06-24T01:08:57Z,Washington Mystics,Minnesota Lynx
2026-06-24T01:09:42.673079+00:00,e4cee4945c1e6df74d07a00971eecd19,2026-06-24T23:40:00Z,fanduel,FanDuel,player_points,Under,Michaela Onyenwere,8.5,-104,2026-06-24T01:08:57Z,Washington Mystics,Minnesota Lynx
2026-06-24T01:09:42.673079+00:00,e4cee4945c1e6df74d07a00971eecd19,2026-06-24T23:40:00Z,fanduel,FanDuel,player_points,Over,Shakira Austin,12.5,102,2026-06-24T01:08:57Z,Washington Mystics,Minnesota Lynx
2026-06-24T01:09:42.673079+00:00,e4cee4945c1e6df74d07a00971eecd19,2026-06-24T23:40:00Z,fanduel,FanDuel,player_points,Under,Shakira Austin,12.5,-132,2026-06-24T01:08:57Z,Washington Mystics,Minnesota Lynx
2026-06-24T01:09:42.673079+00:00,e4cee4945c1e6df74d07a00971eecd19,2026-06-24T23:40:00Z,fanduel,FanDuel,player_points,Over,Olivia Miles,18.5,-113,2026-06-24T01:08:57Z,Washington Mystics,Minnesota Lynx
2026-06-24T01:09:42.673079+00:00,e4cee4945c1e6df74d07a00971eecd19,2026-06-24T23:40:00Z,fanduel,FanDuel,player_points,Under,Olivia Miles,18.5,-115,2026-06-24T01:08:57Z,Washington Mystics,Minnesota Lynx
2026-06-24T01:09:42.673079+00:00,e4cee4945c1e6df74d07a00971eecd19,2026-06-24T23:40:00Z,fanduel,FanDuel,player_points,Over,Kiki Iriafen,14.5,100,2026-06-24T01:08:57Z,Washington Mystics,Minnesota Lynx
2026-06-24T01:09:42.673079+00:00,e4cee4945c1e6df74d07a00971eecd19,2026-06-24T23:40:00Z,fanduel,FanDuel,player_points,Under,Kiki Iriafen,14.5,-130,2026-06-24T01:08:57Z,Washington Mystics,Minnesota Lynx
2026-06-24T01:09:42.673079+00:00,e4cee4945c1e6df74d07a00971eecd19,2026-06-24T23:40:00Z,fanduel,FanDuel,player_points,Over,Sonia Citron,15.5,-106,2026-06-24T01:08:57Z,Washington Mystics,Minnesota Lynx
2026-06-24T01:09:42.673079+00:00,e4cee4945c1e6df74d07a00971eecd19,2026-06-24T23:40:00Z,fanduel,FanDuel,player_points,Under,Sonia Citron,15.5,-122,2026-06-24T01:08:57Z,Washington Mystics,Minnesota Lynx
2026-06-24T01:09:42.673079+00:00,e4cee4945c1e6df74d07a00971eecd19,2026-06-24T23:40:00Z,fanduel,FanDuel,player_points,Over,Nia Coffey,7.5,-128,2026-06-24T01:08:57Z,Washington Mystics,Minnesota Lynx
2026-06-24T01:09:42.673079+00:00,e4cee4945c1e6df74d07a00971eecd19,2026-06-24T23:40:00Z,fanduel,FanDuel,player_points,Under,Nia Coffey,7.5,-102,2026-06-24T01:08:57Z,Washington Mystics,Minnesota Lynx
2026-06-24T01:09:42.673079+00:00,e4cee4945c1e6df74d07a00971eecd19,2026-06-24T23:40:00Z,fanduel,FanDuel,player_points,Over,Courtney Williams,15.5,-120,2026-06-24T01:08:57Z,Washington Mystics,Minnesota Lynx
2026-06-24T01:09:42.673079+00:00,e4cee4945c1e6df74d07a00971eecd19,2026-06-24T23:40:00Z,fanduel,FanDuel,player_points,Under,Courtney Williams,15.5,-108,2026-06-24T01:08:57Z,Washington Mystics,Minnesota Lynx
2026-06-24T01:09:42.673079+00:00,e4cee4945c1e6df74d07a00971eecd19,2026-06-24T23:40:00Z,fanduel,FanDuel,player_points,Over,Kayla McBride,14.5,-110,2026-06-24T01:08:57Z,Washington Mystics,Minnesota Lynx
2026-06-24T01:09:42.673079+00:00,e4cee4945c1e6df74d07a00971eecd19,2026-06-24T23:40:00Z,fanduel,FanDuel,player_points,Under,Kayla McBride,14.5,-118,2026-06-24T01:08:57Z,Washington Mystics,Minnesota Lynx
2026-06-24T01:09:42.673079+00:00,e4cee4945c1e6df74d07a00971eecd19,2026-06-24T23:40:00Z,fanduel,FanDuel,player_points,Over,Natasha Howard,15.5,-106,2026-06-24T01:08:57Z,Washington Mystics,Minnesota Lynx
2026-06-24T01:09:42.673079+00:00,e4cee4945c1e6df74d07a00971eecd19,2026-06-24T23:40:00Z,fanduel,FanDuel,player_points,Under,Natasha Howard,15.5,-122,2026-06-24T01:08:57Z,Washington Mystics,Minnesota Lynx
2026-06-24T01:09:42.673079+00:00,e4cee4945c1e6df74d07a00971eecd19,2026-06-24T23:40:00Z,fanduel,FanDuel,player_points_assists,Over,Olivia Miles,24.5,-114,2026-06-24T01:08:57Z,Washington Mystics,Minnesota Lynx
2026-06-24T01:09:42.673079+00:00,e4cee4945c1e6df74d07a00971eecd19,2026-06-24T23:40:00Z,fanduel,FanDuel,player_points_assists,Under,Olivia Miles,24.5,-114,2026-06-24T01:08:57Z,Washington Mystics,Minnesota Lynx
2026-06-24T01:09:42.673079+00:00,e4cee4945c1e6df74d07a00971eecd19,2026-06-24T23:40:00Z,fanduel,FanDuel,player_points_assists,Over,Natasha Howard,18.5,-108,2026-06-24T01:08:57Z,Washington Mystics,Minnesota Lynx
2026-06-24T01:09:42.673079+00:00,e4cee4945c1e6df74d07a00971eecd19,2026-06-24T23:40:00Z,fanduel,FanDuel,player_points_assists,Under,Natasha Howard,18.5,-122,2026-06-24T01:08:57Z,Washington Mystics,Minnesota Lynx
2026-06-24T01:09:42.673079+00:00,e4cee4945c1e6df74d07a00971eecd19,2026-06-24T23:40:00Z,fanduel,FanDuel,player_points_assists,Over,Sonia Citron,18.5,-118,2026-06-24T01:08:57Z,Washington Mystics,Minnesota Lynx
2026-06-24T01:09:42.673079+00:00,e4cee4945c1e6df74d07a00971eecd19,2026-06-24T23:40:00Z,fanduel,FanDuel,player_points_assists,Under,Sonia Citron,18.5,-112,2026-06-24T01:08:57Z,Washington Mystics,Minnesota Lynx
2026-06-24T01:09:42.673079+00:00,e4cee4945c1e6df74d07a00971eecd19,2026-06-24T23:40:00Z,fanduel,FanDuel,player_points_assists,Over,Courtney Williams,19.5,-130,2026-06-24T01:08:57Z,Washington Mystics,Minnesota Lynx
2026-06-24T01:09:42.673079+00:00,e4cee4945c1e6df74d07a00971eecd19,2026-06-24T23:40:00Z,fanduel,FanDuel,player_points_assists,Under,Courtney Williams,19.5,-102,2026-06-24T01:08:57Z,Washington Mystics,Minnesota Lynx
2026-06-24T01:09:42.673079+00:00,e4cee4945c1e6df74d07a00971eecd19,2026-06-24T23:40:00Z,fanduel,FanDuel,player_points_assists,Over,Shakira Austin,14.5,-120,2026-06-24T01:08:57Z,Washington Mystics,Minnesota Lynx
2026-06-24T01:09:42.673079+00:00,e4cee4945c1e6df74d07a00971eecd19,2026-06-24T23:40:00Z,fanduel,FanDuel,player_points_assists,Under,Shakira Austin,14.5,-110,2026-06-24T01:08:57Z,Washington Mystics,Minnesota Lynx
2026-06-24T01:09:42.673079+00:00,e4cee4945c1e6df74d07a00971eecd19,2026-06-24T23:40:00Z,fanduel,FanDuel,player_points_assists,Over,Nia Coffey,10.5,-108,2026-06-24T01:08:57Z,Washington Mystics,Minnesota Lynx
2026-06-24T01:09:42.673079+00:00,e4cee4945c1e6df74d07a00971eecd19,2026-06-24T23:40:00Z,fanduel,FanDuel,player_points_assists,Under,Nia Coffey,10.5,-122,2026-06-24T01:08:57Z,Washington Mystics,Minnesota Lynx
2026-06-24T01:09:42.673079+00:00,e4cee4945c1e6df74d07a00971eecd19,2026-06-24T23:40:00Z,fanduel,FanDuel,player_points_assists,Over,Kayla McBride,17.5,-112,2026-06-24T01:08:57Z,Washington Mystics,Minnesota Lynx
2026-06-24T01:09:42.673079+00:00,e4cee4945c1e6df74d07a00971eecd19,2026-06-24T23:40:00Z,fanduel,FanDuel,player_points_assists,Under,Kayla McBride,17.5,-118,2026-06-24T01:08:57Z,Washington Mystics,Minnesota Lynx
2026-06-24T01:09:42.673079+00:00,e4cee4945c1e6df74d07a00971eecd19,2026-06-24T23:40:00Z,fanduel,FanDuel,player_points_rebounds,Over,Shakira Austin,19.5,-110,2026-06-24T01:08:57Z,Washington Mystics,Minnesota Lynx
2026-06-24T01:09:42.673079+00:00,e4cee4945c1e6df74d07a00971eecd19,2026-06-24T23:40:00Z,fanduel,FanDuel,player_points_rebounds,Under,Shakira Austin,19.5,-120,2026-06-24T01:08:57Z,Washington Mystics,Minnesota Lynx
2026-06-24T01:09:42.673079+00:00,e4cee4945c1e6df74d07a00971eecd19,2026-06-24T23:40:00Z,fanduel,FanDuel,player_points_rebounds,Over,Olivia Miles,23.5,-112,2026-06-24T01:08:57Z,Washington Mystics,Minnesota Lynx
2026-06-24T01:09:42.673079+00:00,e4cee4945c1e6df74d07a00971eecd19,2026-06-24T23:40:00Z,fanduel,FanDuel,player_points_rebounds,Under,Olivia Miles,23.5,-118,2026-06-24T01:08:57Z,Washington Mystics,Minnesota Lynx
2026-06-24T01:09:42.673079+00:00,e4cee4945c1e6df74d07a00971eecd19,2026-06-24T23:40:00Z,fanduel,FanDuel,player_points_rebounds,Over,Kiki Iriafen,22.5,-106,2026-06-24T01:08:57Z,Washington Mystics,Minnesota Lynx
2026-06-24T01:09:42.673079+00:00,e4cee4945c1e6df74d07a00971eecd19,2026-06-24T23:40:00Z,fanduel,FanDuel,player_points_rebounds,Under,Kiki Iriafen,22.5,-125,2026-06-24T01:08:57Z,Washington Mystics,Minnesota Lynx
2026-06-24T01:09:42.673079+00:00,e4cee4945c1e6df74d07a00971eecd19,2026-06-24T23:40:00Z,fanduel,FanDuel,player_points_rebounds,Over,Michaela Onyenwere,11.5,-125,2026-06-24T01:08:57Z,Washington Mystics,Minnesota Lynx
2026-06-24T01:09:42.673079+00:00,e4cee4945c1e6df74d07a00971eecd19,2026-06-24T23:40:00Z,fanduel,FanDuel,player_points_rebounds,Under,Michaela Onyenwere,11.5,-106,2026-06-24T01:08:57Z,Washington Mystics,Minnesota Lynx
2026-06-24T01:09:42.673079+00:00,e4cee4945c1e6df74d07a00971eecd19,2026-06-24T23:40:00Z,fanduel,FanDuel,player_points_rebounds,Over,Nia Coffey,13.5,-130,2026-06-24T01:08:57Z,Washington Mystics,Minnesota Lynx
2026-06-24T01:09:42.673079+00:00,e4cee4945c1e6df74d07a00971eecd19,2026-06-24T23:40:00Z,fanduel,FanDuel,player_points_rebounds,Under,Nia Coffey,13.5,-102,2026-06-24T01:08:57Z,Washington Mystics,Minnesota Lynx
2026-06-24T01:09:42.673079+00:00,e4cee4945c1e6df74d07a00971eecd19,2026-06-24T23:40:00Z,fanduel,FanDuel,player_points_rebounds,Over,Courtney Williams,20.5,-114,2026-06-24T01:08:57Z,Washington Mystics,Minnesota Lynx
2026-06-24T01:09:42.673079+00:00,e4cee4945c1e6df74d07a00971eecd19,2026-06-24T23:40:00Z,fanduel,FanDuel,player_points_rebounds,Under,Courtney Williams,20.5,-114,2026-06-24T01:08:57Z,Washington Mystics,Minnesota Lynx
2026-06-24T01:09:42.673079+00:00,e4cee4945c1e6df74d07a00971eecd19,2026-06-24T23:40:00Z,fanduel,FanDuel,player_points_rebounds,Over,Natasha Howard,22.5,-112,2026-06-24T01:08:57Z,Washington Mystics,Minnesota Lynx
2026-06-24T01:09:42.673079+00:00,e4cee4945c1e6df74d07a00971eecd19,2026-06-24T23:40:00Z,fanduel,FanDuel,player_points_rebounds,Under,Natasha Howard,22.5,-118,2026-06-24T01:08:57Z,Washington Mystics,Minnesota Lynx
2026-06-24T01:09:42.673079+00:00,e4cee4945c1e6df74d07a00971eecd19,2026-06-24T23:40:00Z,fanduel,FanDuel,player_points_rebounds,Over,Sonia Citron,18.5,-120,2026-06-24T01:08:57Z,Washington Mystics,Minnesota Lynx
2026-06-24T01:09:42.673079+00:00,e4cee4945c1e6df74d07a00971eecd19,2026-06-24T23:40:00Z,fanduel,FanDuel,player_points_rebounds,Under,Sonia Citron,18.5,-110,2026-06-24T01:08:57Z,Washington Mystics,Minnesota Lynx
2026-06-24T01:09:42.673079+00:00,e4cee4945c1e6df74d07a00971eecd19,2026-06-24T23:40:00Z,fanduel,FanDuel,player_points_rebounds_assists,Over,Sonia Citron,21.5,-130,2026-06-24T01:08:57Z,Washington Mystics,Minnesota Lynx
2026-06-24T01:09:42.673079+00:00,e4cee4945c1e6df74d07a00971eecd19,2026-06-24T23:40:00Z,fanduel,FanDuel,player_points_rebounds_assists,Under,Sonia Citron,21.5,-102,2026-06-24T01:08:57Z,Washington Mystics,Minnesota Lynx
2026-06-24T01:09:42.673079+00:00,e4cee4945c1e6df74d07a00971eecd19,2026-06-24T23:40:00Z,fanduel,FanDuel,player_points_rebounds_assists,Over,Olivia Miles,29.5,-110,2026-06-24T01:08:57Z,Washington Mystics,Minnesota Lynx
2026-06-24T01:09:42.673079+00:00,e4cee4945c1e6df74d07a00971eecd19,2026-06-24T23:40:00Z,fanduel,FanDuel,player_points_rebounds_assists,Under,Olivia Miles,29.5,-120,2026-06-24T01:08:57Z,Washington Mystics,Minnesota Lynx
2026-06-24T01:09:42.673079+00:00,e4cee4945c1e6df74d07a00971eecd19,2026-06-24T23:40:00Z,fanduel,FanDuel,player_points_rebounds_assists,Over,Shakira Austin,22.5,-102,2026-06-24T01:08:57Z,Washington Mystics,Minnesota Lynx
2026-06-24T01:09:42.673079+00:00,e4cee4945c1e6df74d07a00971eecd19,2026-06-24T23:40:00Z,fanduel,FanDuel,player_points_rebounds_assists,Under,Shakira Austin,22.5,-130,2026-06-24T01:08:57Z,Washington Mystics,Minnesota Lynx
2026-06-24T01:09:42.673079+00:00,e4cee4945c1e6df74d07a00971eecd19,2026-06-24T23:40:00Z,fanduel,FanDuel,player_points_rebounds_assists,Over,Nia Coffey,16.5,-106,2026-06-24T01:08:57Z,Washington Mystics,Minnesota Lynx
2026-06-24T01:09:42.673079+00:00,e4cee4945c1e6df74d07a00971eecd19,2026-06-24T23:40:00Z,fanduel,FanDuel,player_points_rebounds_assists,Under,Nia Coffey,16.5,-125,2026-06-24T01:08:57Z,Washington Mystics,Minnesota Lynx
2026-06-24T01:09:42.673079+00:00,e4cee4945c1e6df74d07a00971eecd19,2026-06-24T23:40:00Z,fanduel,FanDuel,player_points_rebounds_assists,Over,Natasha Howard,25.5,-114,2026-06-24T01:08:57Z,Washington Mystics,Minnesota Lynx
2026-06-24T01:09:42.673079+00:00,e4cee4945c1e6df74d07a00971eecd19,2026-06-24T23:40:00Z,fanduel,FanDuel,player_points_rebounds_assists,Under,Natasha Howard,25.5,-114,2026-06-24T01:08:57Z,Washington Mystics,Minnesota Lynx
2026-06-24T01:09:42.673079+00:00,e4cee4945c1e6df74d07a00971eecd19,2026-06-24T23:40:00Z,fanduel,FanDuel,player_points_rebounds_assists,Over,Kayla McBride,20.5,-112,2026-06-24T01:08:57Z,Washington Mystics,Minnesota Lynx
2026-06-24T01:09:42.673079+00:00,e4cee4945c1e6df74d07a00971eecd19,2026-06-24T23:40:00Z,fanduel,FanDuel,player_points_rebounds_assists,Under,Kayla McBride,20.5,-118,2026-06-24T01:08:57Z,Washington Mystics,Minnesota Lynx
2026-06-24T01:09:42.673079+00:00,e4cee4945c1e6df74d07a00971eecd19,2026-06-24T23:40:00Z,fanduel,FanDuel,player_points_rebounds_assists,Over,Courtney Williams,24.5,-125,2026-06-24T01:08:57Z,Washington Mystics,Minnesota Lynx
2026-06-24T01:09:42.673079+00:00,e4cee4945c1e6df74d07a00971eecd19,2026-06-24T23:40:00Z,fanduel,FanDuel,player_points_rebounds_assists,Under,Courtney Williams,24.5,-106,2026-06-24T01:08:57Z,Washington Mystics,Minnesota Lynx
2026-06-24T01:09:42.673079+00:00,e4cee4945c1e6df74d07a00971eecd19,2026-06-24T23:40:00Z,fanduel,FanDuel,player_points_rebounds_assists,Over,Kiki Iriafen,23.5,-125,2026-06-24T01:08:57Z,Washington Mystics,Minnesota Lynx
2026-06-24T01:09:42.673079+00:00,e4cee4945c1e6df74d07a00971eecd19,2026-06-24T23:40:00Z,fanduel,FanDuel,player_points_rebounds_assists,Under,Kiki Iriafen,23.5,-106,2026-06-24T01:08:57Z,Washington Mystics,Minnesota Lynx
2026-06-24T01:09:42.673079+00:00,e4cee4945c1e6df74d07a00971eecd19,2026-06-24T23:40:00Z,fanduel,FanDuel,player_rebounds,Over,Olivia Miles,4.5,-136,2026-06-24T01:08:57Z,Washington Mystics,Minnesota Lynx
2026-06-24T01:09:42.673079+00:00,e4cee4945c1e6df74d07a00971eecd19,2026-06-24T23:40:00Z,fanduel,FanDuel,player_rebounds,Under,Olivia Miles,4.5,102,2026-06-24T01:08:57Z,Washington Mystics,Minnesota Lynx
2026-06-24T01:09:42.673079+00:00,e4cee4945c1e6df74d07a00971eecd19,2026-06-24T23:40:00Z,fanduel,FanDuel,player_rebounds,Over,Michaela Onyenwere,2.5,-148,2026-06-24T01:08:57Z,Washington Mystics,Minnesota Lynx
2026-06-24T01:09:42.673079+00:00,e4cee4945c1e6df74d07a00971eecd19,2026-06-24T23:40:00Z,fanduel,FanDuel,player_rebounds,Under,Michaela Onyenwere,2.5,112,2026-06-24T01:08:57Z,Washington Mystics,Minnesota Lynx
2026-06-24T01:09:42.673079+00:00,e4cee4945c1e6df74d07a00971eecd19,2026-06-24T23:40:00Z,fanduel,FanDuel,player_rebounds,Over,Kayla McBride,2.5,-162,2026-06-24T01:08:57Z,Washington Mystics,Minnesota Lynx
2026-06-24T01:09:42.673079+00:00,e4cee4945c1e6df74d07a00971eecd19,2026-06-24T23:40:00Z,fanduel,FanDuel,player_rebounds,Under,Kayla McBride,2.5,122,2026-06-24T01:08:57Z,Washington Mystics,Minnesota Lynx
2026-06-24T01:09:42.673079+00:00,e4cee4945c1e6df74d07a00971eecd19,2026-06-24T23:40:00Z,fanduel,FanDuel,player_rebounds,Over,Nia Coffey,5.5,-144,2026-06-24T01:08:57Z,Washington Mystics,Minnesota Lynx
2026-06-24T01:09:42.673079+00:00,e4cee4945c1e6df74d07a00971eecd19,2026-06-24T23:40:00Z,fanduel,FanDuel,player_rebounds,Under,Nia Coffey,5.5,108,2026-06-24T01:08:57Z,Washington Mystics,Minnesota Lynx
2026-06-24T01:09:42.673079+00:00,e4cee4945c1e6df74d07a00971eecd19,2026-06-24T23:40:00Z,fanduel,FanDuel,player_rebounds,Over,Courtney Williams,4.5,-136,2026-06-24T01:08:57Z,Washington Mystics,Minnesota Lynx
2026-06-24T01:09:42.673079+00:00,e4cee4945c1e6df74d07a00971eecd19,2026-06-24T23:40:00Z,fanduel,FanDuel,player_rebounds,Under,Courtney Williams,4.5,102,2026-06-24T01:08:57Z,Washington Mystics,Minnesota Lynx
2026-06-24T01:09:42.673079+00:00,e4cee4945c1e6df74d07a00971eecd19,2026-06-24T23:40:00Z,fanduel,FanDuel,player_rebounds,Over,Natasha Howard,6.5,-154,2026-06-24T01:08:57Z,Washington Mystics,Minnesota Lynx
2026-06-24T01:09:42.673079+00:00,e4cee4945c1e6df74d07a00971eecd19,2026-06-24T23:40:00Z,fanduel,FanDuel,player_rebounds,Under,Natasha Howard,6.5,116,2026-06-24T01:08:57Z,Washington Mystics,Minnesota Lynx
2026-06-24T01:09:42.673079+00:00,e4cee4945c1e6df74d07a00971eecd19,2026-06-24T23:40:00Z,fanduel,FanDuel,player_rebounds,Over,Kiki Iriafen,7.5,-130,2026-06-24T01:08:57Z,Washington Mystics,Minnesota Lynx
2026-06-24T01:09:42.673079+00:00,e4cee4945c1e6df74d07a00971eecd19,2026-06-24T23:40:00Z,fanduel,FanDuel,player_rebounds,Under,Kiki Iriafen,7.5,-102,2026-06-24T01:08:57Z,Washington Mystics,Minnesota Lynx
2026-06-24T01:09:42.673079+00:00,e4cee4945c1e6df74d07a00971eecd19,2026-06-24T23:40:00Z,fanduel,FanDuel,player_rebounds,Over,Shakira Austin,7.5,110,2026-06-24T01:08:57Z,Washington Mystics,Minnesota Lynx
2026-06-24T01:09:42.673079+00:00,e4cee4945c1e6df74d07a00971eecd19,2026-06-24T23:40:00Z,fanduel,FanDuel,player_rebounds,Under,Shakira Austin,7.5,-146,2026-06-24T01:08:57Z,Washington Mystics,Minnesota Lynx
2026-06-24T01:09:42.673079+00:00,e4cee4945c1e6df74d07a00971eecd19,2026-06-24T23:40:00Z,fanduel,FanDuel,player_rebounds,Over,Sonia Citron,3.5,116,2026-06-24T01:08:57Z,Washington Mystics,Minnesota Lynx
2026-06-24T01:09:42.673079+00:00,e4cee4945c1e6df74d07a00971eecd19,2026-06-24T23:40:00Z,fanduel,FanDuel,player_rebounds,Under,Sonia Citron,3.5,-154,2026-06-24T01:08:57Z,Washington Mystics,Minnesota Lynx
2026-06-24T01:09:42.673079+00:00,e4cee4945c1e6df74d07a00971eecd19,2026-06-24T23:40:00Z,fanduel,FanDuel,player_rebounds_assists,Over,Kiki Iriafen,9.5,-112,2026-06-24T01:08:57Z,Washington Mystics,Minnesota Lynx
2026-06-24T01:09:42.673079+00:00,e4cee4945c1e6df74d07a00971eecd19,2026-06-24T23:40:00Z,fanduel,FanDuel,player_rebounds_assists,Under,Kiki Iriafen,9.5,-118,2026-06-24T01:08:57Z,Washington Mystics,Minnesota Lynx
2026-06-24T01:09:42.673079+00:00,e4cee4945c1e6df74d07a00971eecd19,2026-06-24T23:40:00Z,fanduel,FanDuel,player_rebounds_assists,Over,Natasha Howard,9.5,-146,2026-06-24T01:08:57Z,Washington Mystics,Minnesota Lynx
2026-06-24T01:09:42.673079+00:00,e4cee4945c1e6df74d07a00971eecd19,2026-06-24T23:40:00Z,fanduel,FanDuel,player_rebounds_assists,Under,Natasha Howard,9.5,110,2026-06-24T01:08:57Z,Washington Mystics,Minnesota Lynx
2026-06-24T01:09:42.673079+00:00,e4cee4945c1e6df74d07a00971eecd19,2026-06-24T23:40:00Z,fanduel,FanDuel,player_rebounds_assists,Over,Olivia Miles,10.5,-120,2026-06-24T01:08:57Z,Washington Mystics,Minnesota Lynx
2026-06-24T01:09:42.673079+00:00,e4cee4945c1e6df74d07a00971eecd19,2026-06-24T23:40:00Z,fanduel,FanDuel,player_rebounds_assists,Under,Olivia Miles,10.5,-110,2026-06-24T01:08:57Z,Washington Mystics,Minnesota Lynx
2026-06-24T01:09:42.673079+00:00,e4cee4945c1e6df74d07a00971eecd19,2026-06-24T23:40:00Z,fanduel,FanDuel,player_rebounds_assists,Over,Nia Coffey,8.5,102,2026-06-24T01:08:57Z,Washington Mystics,Minnesota Lynx
2026-06-24T01:09:42.673079+00:00,e4cee4945c1e6df74d07a00971eecd19,2026-06-24T23:40:00Z,fanduel,FanDuel,player_rebounds_assists,Under,Nia Coffey,8.5,-136,2026-06-24T01:08:57Z,Washington Mystics,Minnesota Lynx
2026-06-24T01:09:42.673079+00:00,e4cee4945c1e6df74d07a00971eecd19,2026-06-24T23:40:00Z,fanduel,FanDuel,player_rebounds_assists,Over,Shakira Austin,9.5,-130,2026-06-24T01:08:57Z,Washington Mystics,Minnesota Lynx
2026-06-24T01:09:42.673079+00:00,e4cee4945c1e6df74d07a00971eecd19,2026-06-24T23:40:00Z,fanduel,FanDuel,player_rebounds_assists,Under,Shakira Austin,9.5,-102,2026-06-24T01:08:57Z,Washington Mystics,Minnesota Lynx
2026-06-24T01:09:42.673079+00:00,e4cee4945c1e6df74d07a00971eecd19,2026-06-24T23:40:00Z,fanduel,FanDuel,player_rebounds_assists,Over,Kayla McBride,5.5,-144,2026-06-24T01:08:57Z,Washington Mystics,Minnesota Lynx
2026-06-24T01:09:42.673079+00:00,e4cee4945c1e6df74d07a00971eecd19,2026-06-24T23:40:00Z,fanduel,FanDuel,player_rebounds_assists,Under,Kayla McBride,5.5,108,2026-06-24T01:08:57Z,Washington Mystics,Minnesota Lynx
2026-06-24T01:09:42.673079+00:00,e4cee4945c1e6df74d07a00971eecd19,2026-06-24T23:40:00Z,fanduel,FanDuel,player_rebounds_assists,Over,Courtney Williams,8.5,-144,2026-06-24T01:08:57Z,Washington Mystics,Minnesota Lynx
2026-06-24T01:09:42.673079+00:00,e4cee4945c1e6df74d07a00971eecd19,2026-06-24T23:40:00Z,fanduel,FanDuel,player_rebounds_assists,Under,Courtney Williams,8.5,108,2026-06-24T01:08:57Z,Washington Mystics,Minnesota Lynx
2026-06-24T01:09:42.673079+00:00,e4cee4945c1e6df74d07a00971eecd19,2026-06-24T23:40:00Z,fanduel,FanDuel,player_rebounds_assists,Over,Sonia Citron,6.5,-112,2026-06-24T01:08:57Z,Washington Mystics,Minnesota Lynx
2026-06-24T01:09:42.673079+00:00,e4cee4945c1e6df74d07a00971eecd19,2026-06-24T23:40:00Z,fanduel,FanDuel,player_rebounds_assists,Under,Sonia Citron,6.5,-118,2026-06-24T01:08:57Z,Washington Mystics,Minnesota Lynx
2026-06-24T01:09:42.673079+00:00,e4cee4945c1e6df74d07a00971eecd19,2026-06-24T23:40:00Z,fanduel,FanDuel,player_threes,Over,Sonia Citron,1.5,-114,2026-06-24T01:08:57Z,Washington Mystics,Minnesota Lynx
2026-06-24T01:09:42.673079+00:00,e4cee4945c1e6df74d07a00971eecd19,2026-06-24T23:40:00Z,fanduel,FanDuel,player_threes,Under,Sonia Citron,1.5,-114,2026-06-24T01:08:57Z,Washington Mystics,Minnesota Lynx
2026-06-24T01:09:42.673079+00:00,e4cee4945c1e6df74d07a00971eecd19,2026-06-24T23:40:00Z,fanduel,FanDuel,player_threes,Over,Nia Coffey,1.5,136,2026-06-24T01:08:57Z,Washington Mystics,Minnesota Lynx
2026-06-24T01:09:42.673079+00:00,e4cee4945c1e6df74d07a00971eecd19,2026-06-24T23:40:00Z,fanduel,FanDuel,player_threes,Under,Nia Coffey,1.5,-182,2026-06-24T01:08:57Z,Washington Mystics,Minnesota Lynx
2026-06-24T01:09:42.673079+00:00,e4cee4945c1e6df74d07a00971eecd19,2026-06-24T23:40:00Z,fanduel,FanDuel,player_threes,Over,Kayla McBride,1.5,-192,2026-06-24T01:08:57Z,Washington Mystics,Minnesota Lynx
2026-06-24T01:09:42.673079+00:00,e4cee4945c1e6df74d07a00971eecd19,2026-06-24T23:40:00Z,fanduel,FanDuel,player_threes,Under,Kayla McBride,1.5,142,2026-06-24T01:08:57Z,Washington Mystics,Minnesota Lynx
2026-06-24T01:09:42.673079+00:00,e4cee4945c1e6df74d07a00971eecd19,2026-06-24T23:40:00Z,fanduel,FanDuel,player_threes,Over,Courtney Williams,1.5,148,2026-06-24T01:08:57Z,Washington Mystics,Minnesota Lynx
2026-06-24T01:09:42.673079+00:00,e4cee4945c1e6df74d07a00971eecd19,2026-06-24T23:40:00Z,fanduel,FanDuel,player_threes,Under,Courtney Williams,1.5,-200,2026-06-24T01:08:57Z,Washington Mystics,Minnesota Lynx
2026-06-24T01:09:42.673079+00:00,e4cee4945c1e6df74d07a00971eecd19,2026-06-24T23:40:00Z,fanduel,FanDuel,player_threes,Over,Olivia Miles,1.5,148,2026-06-24T01:08:57Z,Washington Mystics,Minnesota Lynx
2026-06-24T01:09:42.673079+00:00,e4cee4945c1e6df74d07a00971eecd19,2026-06-24T23:40:00Z,fanduel,FanDuel,player_threes,Under,Olivia Miles,1.5,-200,2026-06-24T01:08:57Z,Washington Mystics,Minnesota Lynx
2026-06-24T01:09:42.673079+00:00,e4cee4945c1e6df74d07a00971eecd19,2026-06-24T23:40:00Z,williamhill_us,Caesars,player_assists,Over,Courtney Williams,4.5,124,2026-06-24T01:05:06Z,Washington Mystics,Minnesota Lynx
2026-06-24T01:09:42.673079+00:00,e4cee4945c1e6df74d07a00971eecd19,2026-06-24T23:40:00Z,williamhill_us,Caesars,player_assists,Under,Courtney Williams,4.5,-170,2026-06-24T01:05:06Z,Washington Mystics,Minnesota Lynx
2026-06-24T01:09:42.673079+00:00,e4cee4945c1e6df74d07a00971eecd19,2026-06-24T23:40:00Z,williamhill_us,Caesars,player_assists,Over,Sonia Citron,3.5,121,2026-06-24T01:05:06Z,Washington Mystics,Minnesota Lynx
2026-06-24T01:09:42.673079+00:00,e4cee4945c1e6df74d07a00971eecd19,2026-06-24T23:40:00Z,williamhill_us,Caesars,player_assists,Under,Sonia Citron,3.5,-162,2026-06-24T01:05:06Z,Washington Mystics,Minnesota Lynx
2026-06-24T01:09:42.673079+00:00,e4cee4945c1e6df74d07a00971eecd19,2026-06-24T23:40:00Z,williamhill_us,Caesars,player_assists,Over,Olivia Miles,5.5,-137,2026-06-24T01:05:06Z,Washington Mystics,Minnesota Lynx
2026-06-24T01:09:42.673079+00:00,e4cee4945c1e6df74d07a00971eecd19,2026-06-24T23:40:00Z,williamhill_us,Caesars,player_assists,Under,Olivia Miles,5.5,103,2026-06-24T01:05:06Z,Washington Mystics,Minnesota Lynx
2026-06-24T01:09:42.673079+00:00,e4cee4945c1e6df74d07a00971eecd19,2026-06-24T23:40:00Z,williamhill_us,Caesars,player_assists,Over,Georgia Amoore,3.5,-164,2026-06-24T01:05:06Z,Washington Mystics,Minnesota Lynx
2026-06-24T01:09:42.673079+00:00,e4cee4945c1e6df74d07a00971eecd19,2026-06-24T23:40:00Z,williamhill_us,Caesars,player_assists,Under,Georgia Amoore,3.5,122,2026-06-24T01:05:06Z,Washington Mystics,Minnesota Lynx
2026-06-24T01:09:42.673079+00:00,e4cee4945c1e6df74d07a00971eecd19,2026-06-24T23:40:00Z,williamhill_us,Caesars,player_double_double,Yes,Shakira Austin,,350,2026-06-24T01:05:06Z,Washington Mystics,Minnesota Lynx
2026-06-24T01:09:42.673079+00:00,e4cee4945c1e6df74d07a00971eecd19,2026-06-24T23:40:00Z,williamhill_us,Caesars,player_double_double,Yes,Natasha Howard,,370,2026-06-24T01:05:06Z,Washington Mystics,Minnesota Lynx
2026-06-24T01:09:42.673079+00:00,e4cee4945c1e6df74d07a00971eecd19,2026-06-24T23:40:00Z,williamhill_us,Caesars,player_double_double,Yes,Olivia Miles,,625,2026-06-24T01:05:06Z,Washington Mystics,Minnesota Lynx
2026-06-24T01:09:42.673079+00:00,e4cee4945c1e6df74d07a00971eecd19,2026-06-24T23:40:00Z,williamhill_us,Caesars,player_double_double,Yes,Nia Coffey,,1500,2026-06-24T01:05:06Z,Washington Mystics,Minnesota Lynx
2026-06-24T01:09:42.673079+00:00,e4cee4945c1e6df74d07a00971eecd19,2026-06-24T23:40:00Z,williamhill_us,Caesars,player_double_double,Yes,Courtney Williams,,1500,2026-06-24T01:05:06Z,Washington Mystics,Minnesota Lynx
2026-06-24T01:09:42.673079+00:00,e4cee4945c1e6df74d07a00971eecd19,2026-06-24T23:40:00Z,williamhill_us,Caesars,player_points,Over,Kiki Iriafen,14.5,-112,2026-06-24T01:05:06Z,Washington Mystics,Minnesota Lynx
2026-06-24T01:09:42.673079+00:00,e4cee4945c1e6df74d07a00971eecd19,2026-06-24T23:40:00Z,williamhill_us,Caesars,player_points,Under,Kiki Iriafen,14.5,-120,2026-06-24T01:05:06Z,Washington Mystics,Minnesota Lynx
2026-06-24T01:09:42.673079+00:00,e4cee4945c1e6df74d07a00971eecd19,2026-06-24T23:40:00Z,williamhill_us,Caesars,player_points,Over,Michaela Onyenwere,8.5,-137,2026-06-24T01:05:06Z,Washington Mystics,Minnesota Lynx
2026-06-24T01:09:42.673079+00:00,e4cee4945c1e6df74d07a00971eecd19,2026-06-24T23:40:00Z,williamhill_us,Caesars,player_points,Under,Michaela Onyenwere,8.5,104,2026-06-24T01:05:06Z,Washington Mystics,Minnesota Lynx
2026-06-24T01:09:42.673079+00:00,e4cee4945c1e6df74d07a00971eecd19,2026-06-24T23:40:00Z,williamhill_us,Caesars,player_points,Over,Natasha Howard,15.5,-112,2026-06-24T01:05:06Z,Washington Mystics,Minnesota Lynx
2026-06-24T01:09:42.673079+00:00,e4cee4945c1e6df74d07a00971eecd19,2026-06-24T23:40:00Z,williamhill_us,Caesars,player_points,Under,Natasha Howard,15.5,-120,2026-06-24T01:05:06Z,Washington Mystics,Minnesota Lynx
2026-06-24T01:09:42.673079+00:00,e4cee4945c1e6df74d07a00971eecd19,2026-06-24T23:40:00Z,williamhill_us,Caesars,player_points,Over,Shakira Austin,12.5,-108,2026-06-24T01:05:06Z,Washington Mystics,Minnesota Lynx
2026-06-24T01:09:42.673079+00:00,e4cee4945c1e6df74d07a00971eecd19,2026-06-24T23:40:00Z,williamhill_us,Caesars,player_points,Under,Shakira Austin,12.5,-124,2026-06-24T01:05:06Z,Washington Mystics,Minnesota Lynx
2026-06-24T01:09:42.673079+00:00,e4cee4945c1e6df74d07a00971eecd19,2026-06-24T23:40:00Z,williamhill_us,Caesars,player_points,Over,Nia Coffey,8.5,-104,2026-06-24T01:05:06Z,Washington Mystics,Minnesota Lynx
2026-06-24T01:09:42.673079+00:00,e4cee4945c1e6df74d07a00971eecd19,2026-06-24T23:40:00Z,williamhill_us,Caesars,player_points,Under,Nia Coffey,8.5,-129,2026-06-24T01:05:06Z,Washington Mystics,Minnesota Lynx
2026-06-24T01:09:42.673079+00:00,e4cee4945c1e6df74d07a00971eecd19,2026-06-24T23:40:00Z,williamhill_us,Caesars,player_points,Over,Courtney Williams,15.5,-121,2026-06-24T01:05:06Z,Washington Mystics,Minnesota Lynx
2026-06-24T01:09:42.673079+00:00,e4cee4945c1e6df74d07a00971eecd19,2026-06-24T23:40:00Z,williamhill_us,Caesars,player_points,Under,Courtney Williams,15.5,-110,2026-06-24T01:05:06Z,Washington Mystics,Minnesota Lynx
2026-06-24T01:09:42.673079+00:00,e4cee4945c1e6df74d07a00971eecd19,2026-06-24T23:40:00Z,williamhill_us,Caesars,player_points,Over,Kayla McBride,14.5,-118,2026-06-24T01:05:06Z,Washington Mystics,Minnesota Lynx
2026-06-24T01:09:42.673079+00:00,e4cee4945c1e6df74d07a00971eecd19,2026-06-24T23:40:00Z,williamhill_us,Caesars,player_points,Under,Kayla McBride,14.5,-114,2026-06-24T01:05:06Z,Washington Mystics,Minnesota Lynx
2026-06-24T01:09:42.673079+00:00,e4cee4945c1e6df74d07a00971eecd19,2026-06-24T23:40:00Z,williamhill_us,Caesars,player_points,Over,Sonia Citron,15.5,-129,2026-06-24T01:05:06Z,Washington Mystics,Minnesota Lynx
2026-06-24T01:09:42.673079+00:00,e4cee4945c1e6df74d07a00971eecd19,2026-06-24T23:40:00Z,williamhill_us,Caesars,player_points,Under,Sonia Citron,15.5,-104,2026-06-24T01:05:06Z,Washington Mystics,Minnesota Lynx
2026-06-24T01:09:42.673079+00:00,e4cee4945c1e6df74d07a00971eecd19,2026-06-24T23:40:00Z,williamhill_us,Caesars,player_points,Over,Olivia Miles,18.5,-114,2026-06-24T01:05:06Z,Washington Mystics,Minnesota Lynx
2026-06-24T01:09:42.673079+00:00,e4cee4945c1e6df74d07a00971eecd19,2026-06-24T23:40:00Z,williamhill_us,Caesars,player_points,Under,Olivia Miles,18.5,-118,2026-06-24T01:05:06Z,Washington Mystics,Minnesota Lynx
2026-06-24T01:09:42.673079+00:00,e4cee4945c1e6df74d07a00971eecd19,2026-06-24T23:40:00Z,williamhill_us,Caesars,player_points,Over,Lauren Betts,6.5,108,2026-06-24T01:05:06Z,Washington Mystics,Minnesota Lynx
2026-06-24T01:09:42.673079+00:00,e4cee4945c1e6df74d07a00971eecd19,2026-06-24T23:40:00Z,williamhill_us,Caesars,player_points,Under,Lauren Betts,6.5,-140,2026-06-24T01:05:06Z,Washington Mystics,Minnesota Lynx
2026-06-24T01:09:42.673079+00:00,e4cee4945c1e6df74d07a00971eecd19,2026-06-24T23:40:00Z,williamhill_us,Caesars,player_rebounds,Over,Nia Coffey,5.5,-124,2026-06-24T01:05:06Z,Washington Mystics,Minnesota Lynx
2026-06-24T01:09:42.673079+00:00,e4cee4945c1e6df74d07a00971eecd19,2026-06-24T23:40:00Z,williamhill_us,Caesars,player_rebounds,Under,Nia Coffey,5.5,-108,2026-06-24T01:05:06Z,Washington Mystics,Minnesota Lynx
2026-06-24T01:09:42.673079+00:00,e4cee4945c1e6df74d07a00971eecd19,2026-06-24T23:40:00Z,williamhill_us,Caesars,player_rebounds,Over,Kiki Iriafen,7.5,-124,2026-06-24T01:05:06Z,Washington Mystics,Minnesota Lynx
2026-06-24T01:09:42.673079+00:00,e4cee4945c1e6df74d07a00971eecd19,2026-06-24T23:40:00Z,williamhill_us,Caesars,player_rebounds,Under,Kiki Iriafen,7.5,-108,2026-06-24T01:05:06Z,Washington Mystics,Minnesota Lynx
2026-06-24T01:09:42.673079+00:00,e4cee4945c1e6df74d07a00971eecd19,2026-06-24T23:40:00Z,williamhill_us,Caesars,player_rebounds,Over,Natasha Howard,6.5,-145,2026-06-24T01:05:06Z,Washington Mystics,Minnesota Lynx
2026-06-24T01:09:42.673079+00:00,e4cee4945c1e6df74d07a00971eecd19,2026-06-24T23:40:00Z,williamhill_us,Caesars,player_rebounds,Under,Natasha Howard,6.5,108,2026-06-24T01:05:06Z,Washington Mystics,Minnesota Lynx
2026-06-24T01:09:42.673079+00:00,e4cee4945c1e6df74d07a00971eecd19,2026-06-24T23:40:00Z,williamhill_us,Caesars,player_rebounds,Over,Olivia Miles,4.5,-124,2026-06-24T01:05:06Z,Washington Mystics,Minnesota Lynx
2026-06-24T01:09:42.673079+00:00,e4cee4945c1e6df74d07a00971eecd19,2026-06-24T23:40:00Z,williamhill_us,Caesars,player_rebounds,Under,Olivia Miles,4.5,-108,2026-06-24T01:05:06Z,Washington Mystics,Minnesota Lynx
2026-06-24T01:09:42.673079+00:00,e4cee4945c1e6df74d07a00971eecd19,2026-06-24T23:40:00Z,williamhill_us,Caesars,player_rebounds,Over,Sonia Citron,3.5,116,2026-06-24T01:05:06Z,Washington Mystics,Minnesota Lynx
2026-06-24T01:09:42.673079+00:00,e4cee4945c1e6df74d07a00971eecd19,2026-06-24T23:40:00Z,williamhill_us,Caesars,player_rebounds,Under,Sonia Citron,3.5,-154,2026-06-24T01:05:06Z,Washington Mystics,Minnesota Lynx
2026-06-24T01:09:42.673079+00:00,e4cee4945c1e6df74d07a00971eecd19,2026-06-24T23:40:00Z,williamhill_us,Caesars,player_rebounds,Over,Courtney Williams,4.5,-122,2026-06-24T01:05:06Z,Washington Mystics,Minnesota Lynx
2026-06-24T01:09:42.673079+00:00,e4cee4945c1e6df74d07a00971eecd19,2026-06-24T23:40:00Z,williamhill_us,Caesars,player_rebounds,Under,Courtney Williams,4.5,-108,2026-06-24T01:05:06Z,Washington Mystics,Minnesota Lynx
2026-06-24T01:09:42.673079+00:00,e4cee4945c1e6df74d07a00971eecd19,2026-06-24T23:40:00Z,williamhill_us,Caesars,player_rebounds,Over,Shakira Austin,7.5,108,2026-06-24T01:05:06Z,Washington Mystics,Minnesota Lynx
2026-06-24T01:09:42.673079+00:00,e4cee4945c1e6df74d07a00971eecd19,2026-06-24T23:40:00Z,williamhill_us,Caesars,player_rebounds,Under,Shakira Austin,7.5,-143,2026-06-24T01:05:06Z,Washington Mystics,Minnesota Lynx
2026-06-24T01:09:42.673079+00:00,e4cee4945c1e6df74d07a00971eecd19,2026-06-24T23:40:00Z,williamhill_us,Caesars,player_rebounds,Over,Lauren Betts,3.5,125,2026-06-24T01:05:06Z,Washington Mystics,Minnesota Lynx
2026-06-24T01:09:42.673079+00:00,e4cee4945c1e6df74d07a00971eecd19,2026-06-24T23:40:00Z,williamhill_us,Caesars,player_rebounds,Under,Lauren Betts,3.5,-170,2026-06-24T01:05:06Z,Washington Mystics,Minnesota Lynx
2026-06-24T01:09:42.673079+00:00,e4cee4945c1e6df74d07a00971eecd19,2026-06-24T23:40:00Z,williamhill_us,Caesars,player_threes,Over,Olivia Miles,1.5,151,2026-06-24T01:05:06Z,Washington Mystics,Minnesota Lynx
2026-06-24T01:09:42.673079+00:00,e4cee4945c1e6df74d07a00971eecd19,2026-06-24T23:40:00Z,williamhill_us,Caesars,player_threes,Under,Olivia Miles,1.5,-205,2026-06-24T01:05:06Z,Washington Mystics,Minnesota Lynx
2026-06-24T01:09:42.673079+00:00,e4cee4945c1e6df74d07a00971eecd19,2026-06-24T23:40:00Z,williamhill_us,Caesars,player_threes,Over,Nia Coffey,1.5,133,2026-06-24T01:05:06Z,Washington Mystics,Minnesota Lynx
2026-06-24T01:09:42.673079+00:00,e4cee4945c1e6df74d07a00971eecd19,2026-06-24T23:40:00Z,williamhill_us,Caesars,player_threes,Under,Nia Coffey,1.5,-179,2026-06-24T01:05:06Z,Washington Mystics,Minnesota Lynx
2026-06-24T01:09:42.673079+00:00,e4cee4945c1e6df74d07a00971eecd19,2026-06-24T23:40:00Z,williamhill_us,Caesars,player_threes,Over,Sonia Citron,1.5,-120,2026-06-24T01:05:06Z,Washington Mystics,Minnesota Lynx
2026-06-24T01:09:42.673079+00:00,e4cee4945c1e6df74d07a00971eecd19,2026-06-24T23:40:00Z,williamhill_us,Caesars,player_threes,Under,Sonia Citron,1.5,-112,2026-06-24T01:05:06Z,Washington Mystics,Minnesota Lynx
2026-06-24T01:09:42.673079+00:00,e4cee4945c1e6df74d07a00971eecd19,2026-06-24T23:40:00Z,williamhill_us,Caesars,player_threes,Over,Courtney Williams,1.5,144,2026-06-24T01:05:06Z,Washington Mystics,Minnesota Lynx
2026-06-24T01:09:42.673079+00:00,e4cee4945c1e6df74d07a00971eecd19,2026-06-24T23:40:00Z,williamhill_us,Caesars,player_threes,Under,Courtney Williams,1.5,-197,2026-06-24T01:05:06Z,Washington Mystics,Minnesota Lynx
2026-06-24T01:09:42.673079+00:00,e4cee4945c1e6df74d07a00971eecd19,2026-06-24T23:40:00Z,williamhill_us,Caesars,player_threes,Over,Kayla McBride,1.5,-182,2026-06-24T01:05:06Z,Washington Mystics,Minnesota Lynx
2026-06-24T01:09:42.673079+00:00,e4cee4945c1e6df74d07a00971eecd19,2026-06-24T23:40:00Z,williamhill_us,Caesars,player_threes,Under,Kayla McBride,1.5,135,2026-06-24T01:05:06Z,Washington Mystics,Minnesota Lynx
2026-06-24T01:09:42.673079+00:00,e4cee4945c1e6df74d07a00971eecd19,2026-06-24T23:40:00Z,betonlineag,BetOnline.ag,player_assists,Over,Courtney Williams,4.5,130,2026-06-24T01:09:32Z,Washington Mystics,Minnesota Lynx
2026-06-24T01:09:42.673079+00:00,e4cee4945c1e6df74d07a00971eecd19,2026-06-24T23:40:00Z,betonlineag,BetOnline.ag,player_assists,Under,Courtney Williams,4.5,-169,2026-06-24T01:09:32Z,Washington Mystics,Minnesota Lynx
2026-06-24T01:09:42.673079+00:00,e4cee4945c1e6df74d07a00971eecd19,2026-06-24T23:40:00Z,betonlineag,BetOnline.ag,player_assists,Over,Sonia Citron,3.5,126,2026-06-24T01:09:32Z,Washington Mystics,Minnesota Lynx
2026-06-24T01:09:42.673079+00:00,e4cee4945c1e6df74d07a00971eecd19,2026-06-24T23:40:00Z,betonlineag,BetOnline.ag,player_assists,Under,Sonia Citron,3.5,-164,2026-06-24T01:09:32Z,Washington Mystics,Minnesota Lynx
2026-06-24T01:09:42.673079+00:00,e4cee4945c1e6df74d07a00971eecd19,2026-06-24T23:40:00Z,betonlineag,BetOnline.ag,player_assists,Over,Georgia Amoore,3.5,-156,2026-06-24T01:09:32Z,Washington Mystics,Minnesota Lynx
2026-06-24T01:09:42.673079+00:00,e4cee4945c1e6df74d07a00971eecd19,2026-06-24T23:40:00Z,betonlineag,BetOnline.ag,player_assists,Under,Georgia Amoore,3.5,121,2026-06-24T01:09:32Z,Washington Mystics,Minnesota Lynx
2026-06-24T01:09:42.673079+00:00,e4cee4945c1e6df74d07a00971eecd19,2026-06-24T23:40:00Z,betonlineag,BetOnline.ag,player_assists,Over,Olivia Miles,5.5,-133,2026-06-24T01:09:32Z,Washington Mystics,Minnesota Lynx
2026-06-24T01:09:42.673079+00:00,e4cee4945c1e6df74d07a00971eecd19,2026-06-24T23:40:00Z,betonlineag,BetOnline.ag,player_assists,Under,Olivia Miles,5.5,103,2026-06-24T01:09:32Z,Washington Mystics,Minnesota Lynx
2026-06-24T01:09:42.673079+00:00,e4cee4945c1e6df74d07a00971eecd19,2026-06-24T23:40:00Z,betonlineag,BetOnline.ag,player_assists,Over,Kayla McBride,2.5,-152,2026-06-24T01:09:32Z,Washington Mystics,Minnesota Lynx
2026-06-24T01:09:42.673079+00:00,e4cee4945c1e6df74d07a00971eecd19,2026-06-24T23:40:00Z,betonlineag,BetOnline.ag,player_assists,Under,Kayla McBride,2.5,116,2026-06-24T01:09:32Z,Washington Mystics,Minnesota Lynx
2026-06-24T01:09:42.673079+00:00,e4cee4945c1e6df74d07a00971eecd19,2026-06-24T23:40:00Z,betonlineag,BetOnline.ag,player_assists,Over,Natasha Howard,2.5,-161,2026-06-24T01:09:32Z,Washington Mystics,Minnesota Lynx
2026-06-24T01:09:42.673079+00:00,e4cee4945c1e6df74d07a00971eecd19,2026-06-24T23:40:00Z,betonlineag,BetOnline.ag,player_assists,Under,Natasha Howard,2.5,124,2026-06-24T01:09:32Z,Washington Mystics,Minnesota Lynx
2026-06-24T01:09:42.673079+00:00,e4cee4945c1e6df74d07a00971eecd19,2026-06-24T23:40:00Z,betonlineag,BetOnline.ag,player_assists,Over,Shakira Austin,2.5,-115,2026-06-24T01:09:32Z,Washington Mystics,Minnesota Lynx
2026-06-24T01:09:42.673079+00:00,e4cee4945c1e6df74d07a00971eecd19,2026-06-24T23:40:00Z,betonlineag,BetOnline.ag,player_assists,Under,Shakira Austin,2.5,-112,2026-06-24T01:09:32Z,Washington Mystics,Minnesota Lynx
2026-06-24T01:09:42.673079+00:00,e4cee4945c1e6df74d07a00971eecd19,2026-06-24T23:40:00Z,betonlineag,BetOnline.ag,player_assists,Over,Nia Coffey,2.5,110,2026-06-24T01:09:32Z,Washington Mystics,Minnesota Lynx
2026-06-24T01:09:42.673079+00:00,e4cee4945c1e6df74d07a00971eecd19,2026-06-24T23:40:00Z,betonlineag,BetOnline.ag,player_assists,Under,Nia Coffey,2.5,-143,2026-06-24T01:09:32Z,Washington Mystics,Minnesota Lynx
2026-06-24T01:09:42.673079+00:00,e4cee4945c1e6df74d07a00971eecd19,2026-06-24T23:40:00Z,betonlineag,BetOnline.ag,player_points,Over,Kayla McBride,14.5,-109,2026-06-24T01:09:32Z,Washington Mystics,Minnesota Lynx
2026-06-24T01:09:42.673079+00:00,e4cee4945c1e6df74d07a00971eecd19,2026-06-24T23:40:00Z,betonlineag,BetOnline.ag,player_points,Under,Kayla McBride,14.5,-119,2026-06-24T01:09:32Z,Washington Mystics,Minnesota Lynx
2026-06-24T01:09:42.673079+00:00,e4cee4945c1e6df74d07a00971eecd19,2026-06-24T23:40:00Z,betonlineag,BetOnline.ag,player_points,Over,Courtney Williams,15.5,-116,2026-06-24T01:09:32Z,Washington Mystics,Minnesota Lynx
2026-06-24T01:09:42.673079+00:00,e4cee4945c1e6df74d07a00971eecd19,2026-06-24T23:40:00Z,betonlineag,BetOnline.ag,player_points,Under,Courtney Williams,15.5,-111,2026-06-24T01:09:32Z,Washington Mystics,Minnesota Lynx
2026-06-24T01:09:42.673079+00:00,e4cee4945c1e6df74d07a00971eecd19,2026-06-24T23:40:00Z,betonlineag,BetOnline.ag,player_points,Over,Shakira Austin,12.5,103,2026-06-24T01:09:32Z,Washington Mystics,Minnesota Lynx
2026-06-24T01:09:42.673079+00:00,e4cee4945c1e6df74d07a00971eecd19,2026-06-24T23:40:00Z,betonlineag,BetOnline.ag,player_points,Under,Shakira Austin,12.5,-133,2026-06-24T01:09:32Z,Washington Mystics,Minnesota Lynx
2026-06-24T01:09:42.673079+00:00,e4cee4945c1e6df74d07a00971eecd19,2026-06-24T23:40:00Z,betonlineag,BetOnline.ag,player_points,Over,Sonia Citron,15.5,-110,2026-06-24T01:09:32Z,Washington Mystics,Minnesota Lynx
2026-06-24T01:09:42.673079+00:00,e4cee4945c1e6df74d07a00971eecd19,2026-06-24T23:40:00Z,betonlineag,BetOnline.ag,player_points,Under,Sonia Citron,15.5,-118,2026-06-24T01:09:32Z,Washington Mystics,Minnesota Lynx
2026-06-24T01:09:42.673079+00:00,e4cee4945c1e6df74d07a00971eecd19,2026-06-24T23:40:00Z,betonlineag,BetOnline.ag,player_points,Over,Kiki Iriafen,14.5,-102,2026-06-24T01:09:32Z,Washington Mystics,Minnesota Lynx
2026-06-24T01:09:42.673079+00:00,e4cee4945c1e6df74d07a00971eecd19,2026-06-24T23:40:00Z,betonlineag,BetOnline.ag,player_points,Under,Kiki Iriafen,14.5,-127,2026-06-24T01:09:32Z,Washington Mystics,Minnesota Lynx
2026-06-24T01:09:42.673079+00:00,e4cee4945c1e6df74d07a00971eecd19,2026-06-24T23:40:00Z,betonlineag,BetOnline.ag,player_points,Over,Natasha Howard,15.5,-103,2026-06-24T01:09:32Z,Washington Mystics,Minnesota Lynx
2026-06-24T01:09:42.673079+00:00,e4cee4945c1e6df74d07a00971eecd19,2026-06-24T23:40:00Z,betonlineag,BetOnline.ag,player_points,Under,Natasha Howard,15.5,-125,2026-06-24T01:09:32Z,Washington Mystics,Minnesota Lynx
2026-06-24T01:09:42.673079+00:00,e4cee4945c1e6df74d07a00971eecd19,2026-06-24T23:40:00Z,betonlineag,BetOnline.ag,player_points,Over,Michaela Onyenwere,8.5,-130,2026-06-24T01:09:32Z,Washington Mystics,Minnesota Lynx
2026-06-24T01:09:42.673079+00:00,e4cee4945c1e6df74d07a00971eecd19,2026-06-24T23:40:00Z,betonlineag,BetOnline.ag,player_points,Under,Michaela Onyenwere,8.5,100,2026-06-24T01:09:32Z,Washington Mystics,Minnesota Lynx
2026-06-24T01:09:42.673079+00:00,e4cee4945c1e6df74d07a00971eecd19,2026-06-24T23:40:00Z,betonlineag,BetOnline.ag,player_points,Over,Olivia Miles,18.5,-109,2026-06-24T01:09:32Z,Washington Mystics,Minnesota Lynx
2026-06-24T01:09:42.673079+00:00,e4cee4945c1e6df74d07a00971eecd19,2026-06-24T23:40:00Z,betonlineag,BetOnline.ag,player_points,Under,Olivia Miles,18.5,-119,2026-06-24T01:09:32Z,Washington Mystics,Minnesota Lynx
2026-06-24T01:09:42.673079+00:00,e4cee4945c1e6df74d07a00971eecd19,2026-06-24T23:40:00Z,betonlineag,BetOnline.ag,player_points,Over,Lauren Betts,6.5,103,2026-06-24T01:09:32Z,Washington Mystics,Minnesota Lynx
2026-06-24T01:09:42.673079+00:00,e4cee4945c1e6df74d07a00971eecd19,2026-06-24T23:40:00Z,betonlineag,BetOnline.ag,player_points,Under,Lauren Betts,6.5,-133,2026-06-24T01:09:32Z,Washington Mystics,Minnesota Lynx
2026-06-24T01:09:42.673079+00:00,e4cee4945c1e6df74d07a00971eecd19,2026-06-24T23:40:00Z,betonlineag,BetOnline.ag,player_points,Over,Nia Coffey,8.5,103,2026-06-24T01:09:32Z,Washington Mystics,Minnesota Lynx
2026-06-24T01:09:42.673079+00:00,e4cee4945c1e6df74d07a00971eecd19,2026-06-24T23:40:00Z,betonlineag,BetOnline.ag,player_points,Under,Nia Coffey,8.5,-133,2026-06-24T01:09:32Z,Washington Mystics,Minnesota Lynx
2026-06-24T01:09:42.673079+00:00,e4cee4945c1e6df74d07a00971eecd19,2026-06-24T23:40:00Z,betonlineag,BetOnline.ag,player_points,Over,Georgia Amoore,7.5,115,2026-06-24T01:09:32Z,Washington Mystics,Minnesota Lynx
2026-06-24T01:09:42.673079+00:00,e4cee4945c1e6df74d07a00971eecd19,2026-06-24T23:40:00Z,betonlineag,BetOnline.ag,player_points,Under,Georgia Amoore,7.5,-149,2026-06-24T01:09:32Z,Washington Mystics,Minnesota Lynx
2026-06-24T01:09:42.673079+00:00,e4cee4945c1e6df74d07a00971eecd19,2026-06-24T23:40:00Z,betonlineag,BetOnline.ag,player_points_rebounds_assists,Over,Kayla McBride,20.5,-108,2026-06-24T01:09:32Z,Washington Mystics,Minnesota Lynx
2026-06-24T01:09:42.673079+00:00,e4cee4945c1e6df74d07a00971eecd19,2026-06-24T23:40:00Z,betonlineag,BetOnline.ag,player_points_rebounds_assists,Under,Kayla McBride,20.5,-120,2026-06-24T01:09:32Z,Washington Mystics,Minnesota Lynx
2026-06-24T01:09:42.673079+00:00,e4cee4945c1e6df74d07a00971eecd19,2026-06-24T23:40:00Z,betonlineag,BetOnline.ag,player_points_rebounds_assists,Over,Courtney Williams,24.5,-122,2026-06-24T01:09:32Z,Washington Mystics,Minnesota Lynx
2026-06-24T01:09:42.673079+00:00,e4cee4945c1e6df74d07a00971eecd19,2026-06-24T23:40:00Z,betonlineag,BetOnline.ag,player_points_rebounds_assists,Under,Courtney Williams,24.5,-106,2026-06-24T01:09:32Z,Washington Mystics,Minnesota Lynx
2026-06-24T01:09:42.673079+00:00,e4cee4945c1e6df74d07a00971eecd19,2026-06-24T23:40:00Z,betonlineag,BetOnline.ag,player_points_rebounds_assists,Over,Olivia Miles,29.5,-105,2026-06-24T01:09:32Z,Washington Mystics,Minnesota Lynx
2026-06-24T01:09:42.673079+00:00,e4cee4945c1e6df74d07a00971eecd19,2026-06-24T23:40:00Z,betonlineag,BetOnline.ag,player_points_rebounds_assists,Under,Olivia Miles,29.5,-123,2026-06-24T01:09:32Z,Washington Mystics,Minnesota Lynx
2026-06-24T01:09:42.673079+00:00,e4cee4945c1e6df74d07a00971eecd19,2026-06-24T23:40:00Z,betonlineag,BetOnline.ag,player_points_rebounds_assists,Over,Natasha Howard,25.5,-110,2026-06-24T01:09:32Z,Washington Mystics,Minnesota Lynx
2026-06-24T01:09:42.673079+00:00,e4cee4945c1e6df74d07a00971eecd19,2026-06-24T23:40:00Z,betonlineag,BetOnline.ag,player_points_rebounds_assists,Under,Natasha Howard,25.5,-118,2026-06-24T01:09:32Z,Washington Mystics,Minnesota Lynx
2026-06-24T01:09:42.673079+00:00,e4cee4945c1e6df74d07a00971eecd19,2026-06-24T23:40:00Z,betonlineag,BetOnline.ag,player_points_rebounds_assists,Over,Nia Coffey,16.5,-103,2026-06-24T01:09:32Z,Washington Mystics,Minnesota Lynx
2026-06-24T01:09:42.673079+00:00,e4cee4945c1e6df74d07a00971eecd19,2026-06-24T23:40:00Z,betonlineag,BetOnline.ag,player_points_rebounds_assists,Under,Nia Coffey,16.5,-125,2026-06-24T01:09:32Z,Washington Mystics,Minnesota Lynx
2026-06-24T01:09:42.673079+00:00,e4cee4945c1e6df74d07a00971eecd19,2026-06-24T23:40:00Z,betonlineag,BetOnline.ag,player_points_rebounds_assists,Over,Shakira Austin,22.5,-101,2026-06-24T01:09:32Z,Washington Mystics,Minnesota Lynx
2026-06-24T01:09:42.673079+00:00,e4cee4945c1e6df74d07a00971eecd19,2026-06-24T23:40:00Z,betonlineag,BetOnline.ag,player_points_rebounds_assists,Under,Shakira Austin,22.5,-128,2026-06-24T01:09:32Z,Washington Mystics,Minnesota Lynx
2026-06-24T01:09:42.673079+00:00,e4cee4945c1e6df74d07a00971eecd19,2026-06-24T23:40:00Z,betonlineag,BetOnline.ag,player_points_rebounds_assists,Over,Kiki Iriafen,23.5,-128,2026-06-24T01:09:32Z,Washington Mystics,Minnesota Lynx
2026-06-24T01:09:42.673079+00:00,e4cee4945c1e6df74d07a00971eecd19,2026-06-24T23:40:00Z,betonlineag,BetOnline.ag,player_points_rebounds_assists,Under,Kiki Iriafen,23.5,-101,2026-06-24T01:09:32Z,Washington Mystics,Minnesota Lynx
2026-06-24T01:09:42.673079+00:00,e4cee4945c1e6df74d07a00971eecd19,2026-06-24T23:40:00Z,betonlineag,BetOnline.ag,player_points_rebounds_assists,Over,Sonia Citron,22.5,-112,2026-06-24T01:09:32Z,Washington Mystics,Minnesota Lynx
2026-06-24T01:09:42.673079+00:00,e4cee4945c1e6df74d07a00971eecd19,2026-06-24T23:40:00Z,betonlineag,BetOnline.ag,player_points_rebounds_assists,Under,Sonia Citron,22.5,-115,2026-06-24T01:09:32Z,Washington Mystics,Minnesota Lynx
2026-06-24T01:09:42.673079+00:00,e4cee4945c1e6df74d07a00971eecd19,2026-06-24T23:40:00Z,betonlineag,BetOnline.ag,player_rebounds,Over,Courtney Williams,4.5,-123,2026-06-24T01:09:32Z,Washington Mystics,Minnesota Lynx
2026-06-24T01:09:42.673079+00:00,e4cee4945c1e6df74d07a00971eecd19,2026-06-24T23:40:00Z,betonlineag,BetOnline.ag,player_rebounds,Under,Courtney Williams,4.5,-104,2026-06-24T01:09:32Z,Washington Mystics,Minnesota Lynx
2026-06-24T01:09:42.673079+00:00,e4cee4945c1e6df74d07a00971eecd19,2026-06-24T23:40:00Z,betonlineag,BetOnline.ag,player_rebounds,Over,Kiki Iriafen,7.5,-122,2026-06-24T01:09:32Z,Washington Mystics,Minnesota Lynx
2026-06-24T01:09:42.673079+00:00,e4cee4945c1e6df74d07a00971eecd19,2026-06-24T23:40:00Z,betonlineag,BetOnline.ag,player_rebounds,Under,Kiki Iriafen,7.5,-106,2026-06-24T01:09:32Z,Washington Mystics,Minnesota Lynx
2026-06-24T01:09:42.673079+00:00,e4cee4945c1e6df74d07a00971eecd19,2026-06-24T23:40:00Z,betonlineag,BetOnline.ag,player_rebounds,Over,Shakira Austin,7.5,113,2026-06-24T01:09:32Z,Washington Mystics,Minnesota Lynx
2026-06-24T01:09:42.673079+00:00,e4cee4945c1e6df74d07a00971eecd19,2026-06-24T23:40:00Z,betonlineag,BetOnline.ag,player_rebounds,Under,Shakira Austin,7.5,-147,2026-06-24T01:09:32Z,Washington Mystics,Minnesota Lynx
2026-06-24T01:09:42.673079+00:00,e4cee4945c1e6df74d07a00971eecd19,2026-06-24T23:40:00Z,betonlineag,BetOnline.ag,player_rebounds,Over,Sonia Citron,3.5,122,2026-06-24T01:09:32Z,Washington Mystics,Minnesota Lynx
2026-06-24T01:09:42.673079+00:00,e4cee4945c1e6df74d07a00971eecd19,2026-06-24T23:40:00Z,betonlineag,BetOnline.ag,player_rebounds,Under,Sonia Citron,3.5,-159,2026-06-24T01:09:32Z,Washington Mystics,Minnesota Lynx
2026-06-24T01:09:42.673079+00:00,e4cee4945c1e6df74d07a00971eecd19,2026-06-24T23:40:00Z,betonlineag,BetOnline.ag,player_rebounds,Over,Natasha Howard,6.5,-145,2026-06-24T01:09:32Z,Washington Mystics,Minnesota Lynx
2026-06-24T01:09:42.673079+00:00,e4cee4945c1e6df74d07a00971eecd19,2026-06-24T23:40:00Z,betonlineag,BetOnline.ag,player_rebounds,Under,Natasha Howard,6.5,111,2026-06-24T01:09:32Z,Washington Mystics,Minnesota Lynx
2026-06-24T01:09:42.673079+00:00,e4cee4945c1e6df74d07a00971eecd19,2026-06-24T23:40:00Z,betonlineag,BetOnline.ag,player_rebounds,Over,Olivia Miles,4.5,-125,2026-06-24T01:09:32Z,Washington Mystics,Minnesota Lynx
2026-06-24T01:09:42.673079+00:00,e4cee4945c1e6df74d07a00971eecd19,2026-06-24T23:40:00Z,betonlineag,BetOnline.ag,player_rebounds,Under,Olivia Miles,4.5,-103,2026-06-24T01:09:32Z,Washington Mystics,Minnesota Lynx
2026-06-24T01:09:42.673079+00:00,e4cee4945c1e6df74d07a00971eecd19,2026-06-24T23:40:00Z,betonlineag,BetOnline.ag,player_rebounds,Over,Nia Coffey,5.5,-130,2026-06-24T01:09:32Z,Washington Mystics,Minnesota Lynx
2026-06-24T01:09:42.673079+00:00,e4cee4945c1e6df74d07a00971eecd19,2026-06-24T23:40:00Z,betonlineag,BetOnline.ag,player_rebounds,Under,Nia Coffey,5.5,100,2026-06-24T01:09:32Z,Washington Mystics,Minnesota Lynx
2026-06-24T01:09:42.673079+00:00,e4cee4945c1e6df74d07a00971eecd19,2026-06-24T23:40:00Z,betonlineag,BetOnline.ag,player_rebounds,Over,Kayla McBride,2.5,-149,2026-06-24T01:09:32Z,Washington Mystics,Minnesota Lynx
2026-06-24T01:09:42.673079+00:00,e4cee4945c1e6df74d07a00971eecd19,2026-06-24T23:40:00Z,betonlineag,BetOnline.ag,player_rebounds,Under,Kayla McBride,2.5,115,2026-06-24T01:09:32Z,Washington Mystics,Minnesota Lynx
2026-06-24T01:09:42.673079+00:00,e4cee4945c1e6df74d07a00971eecd19,2026-06-24T23:40:00Z,betonlineag,BetOnline.ag,player_rebounds,Over,Michaela Onyenwere,2.5,-141,2026-06-24T01:09:32Z,Washington Mystics,Minnesota Lynx
2026-06-24T01:09:42.673079+00:00,e4cee4945c1e6df74d07a00971eecd19,2026-06-24T23:40:00Z,betonlineag,BetOnline.ag,player_rebounds,Under,Michaela Onyenwere,2.5,108,2026-06-24T01:09:32Z,Washington Mystics,Minnesota Lynx
2026-06-24T01:09:42.673079+00:00,e4cee4945c1e6df74d07a00971eecd19,2026-06-24T23:40:00Z,betonlineag,BetOnline.ag,player_rebounds,Over,Lauren Betts,3.5,128,2026-06-24T01:09:32Z,Washington Mystics,Minnesota Lynx
2026-06-24T01:09:42.673079+00:00,e4cee4945c1e6df74d07a00971eecd19,2026-06-24T23:40:00Z,betonlineag,BetOnline.ag,player_rebounds,Under,Lauren Betts,3.5,-167,2026-06-24T01:09:32Z,Washington Mystics,Minnesota Lynx
2026-06-24T01:09:42.673079+00:00,e4cee4945c1e6df74d07a00971eecd19,2026-06-24T23:40:00Z,betonlineag,BetOnline.ag,player_threes,Over,Kayla McBride,1.5,-172,2026-06-24T01:09:32Z,Washington Mystics,Minnesota Lynx
2026-06-24T01:09:42.673079+00:00,e4cee4945c1e6df74d07a00971eecd19,2026-06-24T23:40:00Z,betonlineag,BetOnline.ag,player_threes,Under,Kayla McBride,1.5,133,2026-06-24T01:09:32Z,Washington Mystics,Minnesota Lynx
2026-06-24T01:09:42.673079+00:00,e4cee4945c1e6df74d07a00971eecd19,2026-06-24T23:40:00Z,betonlineag,BetOnline.ag,player_threes,Over,Courtney Williams,1.5,155,2026-06-24T01:09:32Z,Washington Mystics,Minnesota Lynx
2026-06-24T01:09:42.673079+00:00,e4cee4945c1e6df74d07a00971eecd19,2026-06-24T23:40:00Z,betonlineag,BetOnline.ag,player_threes,Under,Courtney Williams,1.5,-204,2026-06-24T01:09:32Z,Washington Mystics,Minnesota Lynx
2026-06-24T01:09:42.673079+00:00,e4cee4945c1e6df74d07a00971eecd19,2026-06-24T23:40:00Z,betonlineag,BetOnline.ag,player_threes,Over,Sonia Citron,1.5,-115,2026-06-24T01:09:32Z,Washington Mystics,Minnesota Lynx
2026-06-24T01:09:42.673079+00:00,e4cee4945c1e6df74d07a00971eecd19,2026-06-24T23:40:00Z,betonlineag,BetOnline.ag,player_threes,Under,Sonia Citron,1.5,-112,2026-06-24T01:09:32Z,Washington Mystics,Minnesota Lynx
2026-06-24T01:09:42.673079+00:00,e4cee4945c1e6df74d07a00971eecd19,2026-06-24T23:40:00Z,betonlineag,BetOnline.ag,player_threes,Over,Olivia Miles,1.5,158,2026-06-24T01:09:32Z,Washington Mystics,Minnesota Lynx
2026-06-24T01:09:42.673079+00:00,e4cee4945c1e6df74d07a00971eecd19,2026-06-24T23:40:00Z,betonlineag,BetOnline.ag,player_threes,Under,Olivia Miles,1.5,-208,2026-06-24T01:09:32Z,Washington Mystics,Minnesota Lynx
2026-06-24T01:09:42.673079+00:00,e4cee4945c1e6df74d07a00971eecd19,2026-06-24T23:40:00Z,betonlineag,BetOnline.ag,player_threes,Over,Nia Coffey,1.5,134,2026-06-24T01:09:32Z,Washington Mystics,Minnesota Lynx
2026-06-24T01:09:42.673079+00:00,e4cee4945c1e6df74d07a00971eecd19,2026-06-24T23:40:00Z,betonlineag,BetOnline.ag,player_threes,Under,Nia Coffey,1.5,-175,2026-06-24T01:09:32Z,Washington Mystics,Minnesota Lynx
2026-06-24T01:09:42.673079+00:00,e4cee4945c1e6df74d07a00971eecd19,2026-06-24T23:40:00Z,betonlineag,BetOnline.ag,player_threes,Over,Michaela Onyenwere,1.5,182,2026-06-24T01:09:32Z,Washington Mystics,Minnesota Lynx
2026-06-24T01:09:42.673079+00:00,e4cee4945c1e6df74d07a00971eecd19,2026-06-24T23:40:00Z,betonlineag,BetOnline.ag,player_threes,Under,Michaela Onyenwere,1.5,-244,2026-06-24T01:09:32Z,Washington Mystics,Minnesota Lynx
2026-06-24T01:09:42.673079+00:00,e4cee4945c1e6df74d07a00971eecd19,2026-06-24T23:40:00Z,betonlineag,BetOnline.ag,player_threes,Over,Georgia Amoore,1.5,164,2026-06-24T01:09:32Z,Washington Mystics,Minnesota Lynx
2026-06-24T01:09:42.673079+00:00,e4cee4945c1e6df74d07a00971eecd19,2026-06-24T23:40:00Z,betonlineag,BetOnline.ag,player_threes,Under,Georgia Amoore,1.5,-217,2026-06-24T01:09:32Z,Washington Mystics,Minnesota Lynx
2026-06-24T01:09:42.673079+00:00,ec33f8a44ddd8f268967a3035f6ade2c,2026-06-25T00:10:00Z,draftkings,DraftKings,player_assists,Over,Carla Leite,5.5,-157,2026-06-24T01:09:43Z,Chicago Sky,Portland Fire
2026-06-24T01:09:42.673079+00:00,ec33f8a44ddd8f268967a3035f6ade2c,2026-06-25T00:10:00Z,draftkings,DraftKings,player_assists,Under,Carla Leite,5.5,116,2026-06-24T01:09:43Z,Chicago Sky,Portland Fire
2026-06-24T01:09:42.673079+00:00,ec33f8a44ddd8f268967a3035f6ade2c,2026-06-25T00:10:00Z,draftkings,DraftKings,player_assists,Over,Skylar Diggins-Smith,5.5,111,2026-06-24T01:09:43Z,Chicago Sky,Portland Fire
2026-06-24T01:09:42.673079+00:00,ec33f8a44ddd8f268967a3035f6ade2c,2026-06-25T00:10:00Z,draftkings,DraftKings,player_assists,Under,Skylar Diggins-Smith,5.5,-151,2026-06-24T01:09:43Z,Chicago Sky,Portland Fire
2026-06-24T01:09:42.673079+00:00,ec33f8a44ddd8f268967a3035f6ade2c,2026-06-25T00:10:00Z,draftkings,DraftKings,player_assists,Over,Natasha Cloud,4.5,115,2026-06-24T01:09:43Z,Chicago Sky,Portland Fire
2026-06-24T01:09:42.673079+00:00,ec33f8a44ddd8f268967a3035f6ade2c,2026-06-25T00:10:00Z,draftkings,DraftKings,player_assists,Under,Natasha Cloud,4.5,-157,2026-06-24T01:09:43Z,Chicago Sky,Portland Fire
2026-06-24T01:09:42.673079+00:00,ec33f8a44ddd8f268967a3035f6ade2c,2026-06-25T00:10:00Z,draftkings,DraftKings,player_assists,Over,Sarah Ashlee Barker,3.5,128,2026-06-24T01:09:43Z,Chicago Sky,Portland Fire
2026-06-24T01:09:42.673079+00:00,ec33f8a44ddd8f268967a3035f6ade2c,2026-06-25T00:10:00Z,draftkings,DraftKings,player_assists,Under,Sarah Ashlee Barker,3.5,-175,2026-06-24T01:09:43Z,Chicago Sky,Portland Fire
2026-06-24T01:09:42.673079+00:00,ec33f8a44ddd8f268967a3035f6ade2c,2026-06-25T00:10:00Z,draftkings,DraftKings,player_assists,Over,Kamilla Cardoso,2.5,-120,2026-06-24T01:09:43Z,Chicago Sky,Portland Fire
2026-06-24T01:09:42.673079+00:00,ec33f8a44ddd8f268967a3035f6ade2c,2026-06-25T00:10:00Z,draftkings,DraftKings,player_assists,Under,Kamilla Cardoso,2.5,-114,2026-06-24T01:09:43Z,Chicago Sky,Portland Fire
2026-06-24T01:09:42.673079+00:00,ec33f8a44ddd8f268967a3035f6ade2c,2026-06-25T00:10:00Z,draftkings,DraftKings,player_double_double,Yes,Kamilla Cardoso,,202,2026-06-24T01:09:43Z,Chicago Sky,Portland Fire
2026-06-24T01:09:42.673079+00:00,ec33f8a44ddd8f268967a3035f6ade2c,2026-06-25T00:10:00Z,draftkings,DraftKings,player_double_double,Yes,Azura Stevens,,487,2026-06-24T01:09:43Z,Chicago Sky,Portland Fire
2026-06-24T01:09:42.673079+00:00,ec33f8a44ddd8f268967a3035f6ade2c,2026-06-25T00:10:00Z,draftkings,DraftKings,player_double_double,Yes,Carla Leite,,960,2026-06-24T01:09:43Z,Chicago Sky,Portland Fire
2026-06-24T01:09:42.673079+00:00,ec33f8a44ddd8f268967a3035f6ade2c,2026-06-25T00:10:00Z,draftkings,DraftKings,player_double_double,Yes,Skylar Diggins-Smith,,1500,2026-06-24T01:09:43Z,Chicago Sky,Portland Fire
2026-06-24T01:09:42.673079+00:00,ec33f8a44ddd8f268967a3035f6ade2c,2026-06-25T00:10:00Z,draftkings,DraftKings,player_double_double,Yes,Megan Gustafson,,1600,2026-06-24T01:09:43Z,Chicago Sky,Portland Fire
2026-06-24T01:09:42.673079+00:00,ec33f8a44ddd8f268967a3035f6ade2c,2026-06-25T00:10:00Z,draftkings,DraftKings,player_double_double,Yes,Sarah Ashlee Barker,,1980,2026-06-24T01:09:43Z,Chicago Sky,Portland Fire
2026-06-24T01:09:42.673079+00:00,ec33f8a44ddd8f268967a3035f6ade2c,2026-06-25T00:10:00Z,draftkings,DraftKings,player_points,Over,Sydney Taylor,16.5,-108,2026-06-24T01:09:43Z,Chicago Sky,Portland Fire
2026-06-24T01:09:42.673079+00:00,ec33f8a44ddd8f268967a3035f6ade2c,2026-06-25T00:10:00Z,draftkings,DraftKings,player_points,Under,Sydney Taylor,16.5,-123,2026-06-24T01:09:43Z,Chicago Sky,Portland Fire
2026-06-24T01:09:42.673079+00:00,ec33f8a44ddd8f268967a3035f6ade2c,2026-06-25T00:10:00Z,draftkings,DraftKings,player_points,Over,Skylar Diggins-Smith,15.5,-107,2026-06-24T01:09:43Z,Chicago Sky,Portland Fire
2026-06-24T01:09:42.673079+00:00,ec33f8a44ddd8f268967a3035f6ade2c,2026-06-25T00:10:00Z,draftkings,DraftKings,player_points,Under,Skylar Diggins-Smith,15.5,-124,2026-06-24T01:09:43Z,Chicago Sky,Portland Fire
2026-06-24T01:09:42.673079+00:00,ec33f8a44ddd8f268967a3035f6ade2c,2026-06-25T00:10:00Z,draftkings,DraftKings,player_points,Over,Carla Leite,14.5,-104,2026-06-24T01:09:43Z,Chicago Sky,Portland Fire
2026-06-24T01:09:42.673079+00:00,ec33f8a44ddd8f268967a3035f6ade2c,2026-06-25T00:10:00Z,draftkings,DraftKings,player_points,Under,Carla Leite,14.5,-128,2026-06-24T01:09:43Z,Chicago Sky,Portland Fire
2026-06-24T01:09:42.673079+00:00,ec33f8a44ddd8f268967a3035f6ade2c,2026-06-25T00:10:00Z,draftkings,DraftKings,player_points,Over,Megan Gustafson,14.5,-102,2026-06-24T01:09:43Z,Chicago Sky,Portland Fire
2026-06-24T01:09:42.673079+00:00,ec33f8a44ddd8f268967a3035f6ade2c,2026-06-25T00:10:00Z,draftkings,DraftKings,player_points,Under,Megan Gustafson,14.5,-130,2026-06-24T01:09:43Z,Chicago Sky,Portland Fire
2026-06-24T01:09:42.673079+00:00,ec33f8a44ddd8f268967a3035f6ade2c,2026-06-25T00:10:00Z,draftkings,DraftKings,player_points,Over,Kamilla Cardoso,13.5,-105,2026-06-24T01:09:43Z,Chicago Sky,Portland Fire
2026-06-24T01:09:42.673079+00:00,ec33f8a44ddd8f268967a3035f6ade2c,2026-06-25T00:10:00Z,draftkings,DraftKings,player_points,Under,Kamilla Cardoso,13.5,-126,2026-06-24T01:09:43Z,Chicago Sky,Portland Fire
2026-06-24T01:09:42.673079+00:00,ec33f8a44ddd8f268967a3035f6ade2c,2026-06-25T00:10:00Z,draftkings,DraftKings,player_points,Over,Bridget Carleton,12.5,-128,2026-06-24T01:09:43Z,Chicago Sky,Portland Fire
2026-06-24T01:09:42.673079+00:00,ec33f8a44ddd8f268967a3035f6ade2c,2026-06-25T00:10:00Z,draftkings,DraftKings,player_points,Under,Bridget Carleton,12.5,-104,2026-06-24T01:09:43Z,Chicago Sky,Portland Fire
2026-06-24T01:09:42.673079+00:00,ec33f8a44ddd8f268967a3035f6ade2c,2026-06-25T00:10:00Z,draftkings,DraftKings,player_points,Over,Sarah Ashlee Barker,11.5,-118,2026-06-24T01:09:43Z,Chicago Sky,Portland Fire
2026-06-24T01:09:42.673079+00:00,ec33f8a44ddd8f268967a3035f6ade2c,2026-06-25T00:10:00Z,draftkings,DraftKings,player_points,Under,Sarah Ashlee Barker,11.5,-112,2026-06-24T01:09:43Z,Chicago Sky,Portland Fire
2026-06-24T01:09:42.673079+00:00,ec33f8a44ddd8f268967a3035f6ade2c,2026-06-25T00:10:00Z,draftkings,DraftKings,player_points,Over,Azura Stevens,10.5,-114,2026-06-24T01:09:43Z,Chicago Sky,Portland Fire
2026-06-24T01:09:42.673079+00:00,ec33f8a44ddd8f268967a3035f6ade2c,2026-06-25T00:10:00Z,draftkings,DraftKings,player_points,Under,Azura Stevens,10.5,-116,2026-06-24T01:09:43Z,Chicago Sky,Portland Fire
2026-06-24T01:09:42.673079+00:00,ec33f8a44ddd8f268967a3035f6ade2c,2026-06-25T00:10:00Z,draftkings,DraftKings,player_points,Over,Gabriela Jaquez,9.5,-119,2026-06-24T01:09:43Z,Chicago Sky,Portland Fire
2026-06-24T01:09:42.673079+00:00,ec33f8a44ddd8f268967a3035f6ade2c,2026-06-25T00:10:00Z,draftkings,DraftKings,player_points,Under,Gabriela Jaquez,9.5,-111,2026-06-24T01:09:43Z,Chicago Sky,Portland Fire
2026-06-24T01:09:42.673079+00:00,ec33f8a44ddd8f268967a3035f6ade2c,2026-06-25T00:10:00Z,draftkings,DraftKings,player_points,Over,Emily Engstler,8.5,-132,2026-06-24T01:09:43Z,Chicago Sky,Portland Fire
2026-06-24T01:09:42.673079+00:00,ec33f8a44ddd8f268967a3035f6ade2c,2026-06-25T00:10:00Z,draftkings,DraftKings,player_points,Under,Emily Engstler,8.5,-101,2026-06-24T01:09:43Z,Chicago Sky,Portland Fire
2026-06-24T01:09:42.673079+00:00,ec33f8a44ddd8f268967a3035f6ade2c,2026-06-25T00:10:00Z,draftkings,DraftKings,player_points,Over,Natasha Cloud,8.5,-116,2026-06-24T01:09:43Z,Chicago Sky,Portland Fire
2026-06-24T01:09:42.673079+00:00,ec33f8a44ddd8f268967a3035f6ade2c,2026-06-25T00:10:00Z,draftkings,DraftKings,player_points,Under,Natasha Cloud,8.5,-115,2026-06-24T01:09:43Z,Chicago Sky,Portland Fire
2026-06-24T01:09:42.673079+00:00,ec33f8a44ddd8f268967a3035f6ade2c,2026-06-25T00:10:00Z,draftkings,DraftKings,player_points_assists,Over,Skylar Diggins-Smith,20.5,-119,2026-06-24T01:09:43Z,Chicago Sky,Portland Fire
2026-06-24T01:09:42.673079+00:00,ec33f8a44ddd8f268967a3035f6ade2c,2026-06-25T00:10:00Z,draftkings,DraftKings,player_points_assists,Under,Skylar Diggins-Smith,20.5,-114,2026-06-24T01:09:43Z,Chicago Sky,Portland Fire
2026-06-24T01:09:42.673079+00:00,ec33f8a44ddd8f268967a3035f6ade2c,2026-06-25T00:10:00Z,draftkings,DraftKings,player_points_assists,Over,Carla Leite,20.5,-113,2026-06-24T01:09:43Z,Chicago Sky,Portland Fire
2026-06-24T01:09:42.673079+00:00,ec33f8a44ddd8f268967a3035f6ade2c,2026-06-25T00:10:00Z,draftkings,DraftKings,player_points_assists,Under,Carla Leite,20.5,-120,2026-06-24T01:09:43Z,Chicago Sky,Portland Fire
2026-06-24T01:09:42.673079+00:00,ec33f8a44ddd8f268967a3035f6ade2c,2026-06-25T00:10:00Z,draftkings,DraftKings,player_points_assists,Over,Kamilla Cardoso,16.5,-101,2026-06-24T01:09:43Z,Chicago Sky,Portland Fire
2026-06-24T01:09:42.673079+00:00,ec33f8a44ddd8f268967a3035f6ade2c,2026-06-25T00:10:00Z,draftkings,DraftKings,player_points_assists,Under,Kamilla Cardoso,16.5,-134,2026-06-24T01:09:43Z,Chicago Sky,Portland Fire
2026-06-24T01:09:42.673079+00:00,ec33f8a44ddd8f268967a3035f6ade2c,2026-06-25T00:10:00Z,draftkings,DraftKings,player_points_assists,Over,Sarah Ashlee Barker,14.5,-127,2026-06-24T01:09:43Z,Chicago Sky,Portland Fire
2026-06-24T01:09:42.673079+00:00,ec33f8a44ddd8f268967a3035f6ade2c,2026-06-25T00:10:00Z,draftkings,DraftKings,player_points_assists,Under,Sarah Ashlee Barker,14.5,-107,2026-06-24T01:09:43Z,Chicago Sky,Portland Fire
2026-06-24T01:09:42.673079+00:00,ec33f8a44ddd8f268967a3035f6ade2c,2026-06-25T00:10:00Z,draftkings,DraftKings,player_points_assists,Over,Natasha Cloud,12.5,-129,2026-06-24T01:09:43Z,Chicago Sky,Portland Fire
2026-06-24T01:09:42.673079+00:00,ec33f8a44ddd8f268967a3035f6ade2c,2026-06-25T00:10:00Z,draftkings,DraftKings,player_points_assists,Under,Natasha Cloud,12.5,-105,2026-06-24T01:09:43Z,Chicago Sky,Portland Fire
2026-06-24T01:09:42.673079+00:00,ec33f8a44ddd8f268967a3035f6ade2c,2026-06-25T00:10:00Z,draftkings,DraftKings,player_points_rebounds,Over,Kamilla Cardoso,21.5,-121,2026-06-24T01:09:43Z,Chicago Sky,Portland Fire
2026-06-24T01:09:42.673079+00:00,ec33f8a44ddd8f268967a3035f6ade2c,2026-06-25T00:10:00Z,draftkings,DraftKings,player_points_rebounds,Under,Kamilla Cardoso,21.5,-112,2026-06-24T01:09:43Z,Chicago Sky,Portland Fire
2026-06-24T01:09:42.673079+00:00,ec33f8a44ddd8f268967a3035f6ade2c,2026-06-25T00:10:00Z,draftkings,DraftKings,player_points_rebounds,Over,Megan Gustafson,19.5,-108,2026-06-24T01:09:43Z,Chicago Sky,Portland Fire
2026-06-24T01:09:42.673079+00:00,ec33f8a44ddd8f268967a3035f6ade2c,2026-06-25T00:10:00Z,draftkings,DraftKings,player_points_rebounds,Under,Megan Gustafson,19.5,-126,2026-06-24T01:09:43Z,Chicago Sky,Portland Fire
2026-06-24T01:09:42.673079+00:00,ec33f8a44ddd8f268967a3035f6ade2c,2026-06-25T00:10:00Z,draftkings,DraftKings,player_points_rebounds,Over,Skylar Diggins-Smith,18.5,-108,2026-06-24T01:09:43Z,Chicago Sky,Portland Fire
2026-06-24T01:09:42.673079+00:00,ec33f8a44ddd8f268967a3035f6ade2c,2026-06-25T00:10:00Z,draftkings,DraftKings,player_points_rebounds,Under,Skylar Diggins-Smith,18.5,-125,2026-06-24T01:09:43Z,Chicago Sky,Portland Fire
2026-06-24T01:09:42.673079+00:00,ec33f8a44ddd8f268967a3035f6ade2c,2026-06-25T00:10:00Z,draftkings,DraftKings,player_points_rebounds,Over,Azura Stevens,17.5,-122,2026-06-24T01:09:43Z,Chicago Sky,Portland Fire
2026-06-24T01:09:42.673079+00:00,ec33f8a44ddd8f268967a3035f6ade2c,2026-06-25T00:10:00Z,draftkings,DraftKings,player_points_rebounds,Under,Azura Stevens,17.5,-111,2026-06-24T01:09:43Z,Chicago Sky,Portland Fire
2026-06-24T01:09:42.673079+00:00,ec33f8a44ddd8f268967a3035f6ade2c,2026-06-25T00:10:00Z,draftkings,DraftKings,player_points_rebounds,Over,Sarah Ashlee Barker,16.5,-123,2026-06-24T01:09:43Z,Chicago Sky,Portland Fire
2026-06-24T01:09:42.673079+00:00,ec33f8a44ddd8f268967a3035f6ade2c,2026-06-25T00:10:00Z,draftkings,DraftKings,player_points_rebounds,Under,Sarah Ashlee Barker,16.5,-110,2026-06-24T01:09:43Z,Chicago Sky,Portland Fire
2026-06-24T01:09:42.673079+00:00,ec33f8a44ddd8f268967a3035f6ade2c,2026-06-25T00:10:00Z,draftkings,DraftKings,player_points_rebounds,Over,Bridget Carleton,16.5,-116,2026-06-24T01:09:43Z,Chicago Sky,Portland Fire
2026-06-24T01:09:42.673079+00:00,ec33f8a44ddd8f268967a3035f6ade2c,2026-06-25T00:10:00Z,draftkings,DraftKings,player_points_rebounds,Under,Bridget Carleton,16.5,-117,2026-06-24T01:09:43Z,Chicago Sky,Portland Fire
2026-06-24T01:09:42.673079+00:00,ec33f8a44ddd8f268967a3035f6ade2c,2026-06-25T00:10:00Z,draftkings,DraftKings,player_points_rebounds,Over,Emily Engstler,14.5,-107,2026-06-24T01:09:43Z,Chicago Sky,Portland Fire
2026-06-24T01:09:42.673079+00:00,ec33f8a44ddd8f268967a3035f6ade2c,2026-06-25T00:10:00Z,draftkings,DraftKings,player_points_rebounds,Under,Emily Engstler,14.5,-127,2026-06-24T01:09:43Z,Chicago Sky,Portland Fire
2026-06-24T01:09:42.673079+00:00,ec33f8a44ddd8f268967a3035f6ade2c,2026-06-25T00:10:00Z,draftkings,DraftKings,player_points_rebounds,Over,Gabriela Jaquez,13.5,-128,2026-06-24T01:09:43Z,Chicago Sky,Portland Fire
2026-06-24T01:09:42.673079+00:00,ec33f8a44ddd8f268967a3035f6ade2c,2026-06-25T00:10:00Z,draftkings,DraftKings,player_points_rebounds,Under,Gabriela Jaquez,13.5,-106,2026-06-24T01:09:43Z,Chicago Sky,Portland Fire
2026-06-24T01:09:42.673079+00:00,ec33f8a44ddd8f268967a3035f6ade2c,2026-06-25T00:10:00Z,draftkings,DraftKings,player_points_rebounds,Over,Natasha Cloud,12.5,-102,2026-06-24T01:09:43Z,Chicago Sky,Portland Fire
2026-06-24T01:09:42.673079+00:00,ec33f8a44ddd8f268967a3035f6ade2c,2026-06-25T00:10:00Z,draftkings,DraftKings,player_points_rebounds,Under,Natasha Cloud,12.5,-133,2026-06-24T01:09:43Z,Chicago Sky,Portland Fire
2026-06-24T01:09:42.673079+00:00,ec33f8a44ddd8f268967a3035f6ade2c,2026-06-25T00:10:00Z,draftkings,DraftKings,player_points_rebounds_assists,Over,Kamilla Cardoso,24.5,-118,2026-06-24T01:09:43Z,Chicago Sky,Portland Fire
2026-06-24T01:09:42.673079+00:00,ec33f8a44ddd8f268967a3035f6ade2c,2026-06-25T00:10:00Z,draftkings,DraftKings,player_points_rebounds_assists,Under,Kamilla Cardoso,24.5,-115,2026-06-24T01:09:43Z,Chicago Sky,Portland Fire
2026-06-24T01:09:42.673079+00:00,ec33f8a44ddd8f268967a3035f6ade2c,2026-06-25T00:10:00Z,draftkings,DraftKings,player_points_rebounds_assists,Over,Skylar Diggins-Smith,23.5,-124,2026-06-24T01:09:43Z,Chicago Sky,Portland Fire
2026-06-24T01:09:42.673079+00:00,ec33f8a44ddd8f268967a3035f6ade2c,2026-06-25T00:10:00Z,draftkings,DraftKings,player_points_rebounds_assists,Under,Skylar Diggins-Smith,23.5,-110,2026-06-24T01:09:43Z,Chicago Sky,Portland Fire
2026-06-24T01:09:42.673079+00:00,ec33f8a44ddd8f268967a3035f6ade2c,2026-06-25T00:10:00Z,draftkings,DraftKings,player_points_rebounds_assists,Over,Sarah Ashlee Barker,19.5,-131,2026-06-24T01:09:43Z,Chicago Sky,Portland Fire
2026-06-24T01:09:42.673079+00:00,ec33f8a44ddd8f268967a3035f6ade2c,2026-06-25T00:10:00Z,draftkings,DraftKings,player_points_rebounds_assists,Under,Sarah Ashlee Barker,19.5,-104,2026-06-24T01:09:43Z,Chicago Sky,Portland Fire
2026-06-24T01:09:42.673079+00:00,ec33f8a44ddd8f268967a3035f6ade2c,2026-06-25T00:10:00Z,draftkings,DraftKings,player_points_rebounds_assists,Over,Natasha Cloud,16.5,-114,2026-06-24T01:09:43Z,Chicago Sky,Portland Fire
2026-06-24T01:09:42.673079+00:00,ec33f8a44ddd8f268967a3035f6ade2c,2026-06-25T00:10:00Z,draftkings,DraftKings,player_points_rebounds_assists,Under,Natasha Cloud,16.5,-119,2026-06-24T01:09:43Z,Chicago Sky,Portland Fire
2026-06-24T01:09:42.673079+00:00,ec33f8a44ddd8f268967a3035f6ade2c,2026-06-25T00:10:00Z,draftkings,DraftKings,player_rebounds,Over,Kamilla Cardoso,8.5,-104,2026-06-24T01:09:43Z,Chicago Sky,Portland Fire
2026-06-24T01:09:42.673079+00:00,ec33f8a44ddd8f268967a3035f6ade2c,2026-06-25T00:10:00Z,draftkings,DraftKings,player_rebounds,Under,Kamilla Cardoso,8.5,-130,2026-06-24T01:09:43Z,Chicago Sky,Portland Fire
2026-06-24T01:09:42.673079+00:00,ec33f8a44ddd8f268967a3035f6ade2c,2026-06-25T00:10:00Z,draftkings,DraftKings,player_rebounds,Over,Azura Stevens,6.5,-141,2026-06-24T01:09:43Z,Chicago Sky,Portland Fire
2026-06-24T01:09:42.673079+00:00,ec33f8a44ddd8f268967a3035f6ade2c,2026-06-25T00:10:00Z,draftkings,DraftKings,player_rebounds,Under,Azura Stevens,6.5,104,2026-06-24T01:09:43Z,Chicago Sky,Portland Fire
2026-06-24T01:09:42.673079+00:00,ec33f8a44ddd8f268967a3035f6ade2c,2026-06-25T00:10:00Z,draftkings,DraftKings,player_rebounds,Over,Emily Engstler,5.5,119,2026-06-24T01:09:43Z,Chicago Sky,Portland Fire
2026-06-24T01:09:42.673079+00:00,ec33f8a44ddd8f268967a3035f6ade2c,2026-06-25T00:10:00Z,draftkings,DraftKings,player_rebounds,Under,Emily Engstler,5.5,-163,2026-06-24T01:09:43Z,Chicago Sky,Portland Fire
2026-06-24T01:09:42.673079+00:00,ec33f8a44ddd8f268967a3035f6ade2c,2026-06-25T00:10:00Z,draftkings,DraftKings,player_rebounds,Over,Sarah Ashlee Barker,4.5,-154,2026-06-24T01:09:43Z,Chicago Sky,Portland Fire
2026-06-24T01:09:42.673079+00:00,ec33f8a44ddd8f268967a3035f6ade2c,2026-06-25T00:10:00Z,draftkings,DraftKings,player_rebounds,Under,Sarah Ashlee Barker,4.5,113,2026-06-24T01:09:43Z,Chicago Sky,Portland Fire
2026-06-24T01:09:42.673079+00:00,ec33f8a44ddd8f268967a3035f6ade2c,2026-06-25T00:10:00Z,draftkings,DraftKings,player_rebounds,Over,Megan Gustafson,4.5,-149,2026-06-24T01:09:43Z,Chicago Sky,Portland Fire
2026-06-24T01:09:42.673079+00:00,ec33f8a44ddd8f268967a3035f6ade2c,2026-06-25T00:10:00Z,draftkings,DraftKings,player_rebounds,Under,Megan Gustafson,4.5,110,2026-06-24T01:09:43Z,Chicago Sky,Portland Fire
2026-06-24T01:09:42.673079+00:00,ec33f8a44ddd8f268967a3035f6ade2c,2026-06-25T00:10:00Z,draftkings,DraftKings,player_rebounds,Over,Gabriela Jaquez,3.5,-166,2026-06-24T01:09:43Z,Chicago Sky,Portland Fire
2026-06-24T01:09:42.673079+00:00,ec33f8a44ddd8f268967a3035f6ade2c,2026-06-25T00:10:00Z,draftkings,DraftKings,player_rebounds,Under,Gabriela Jaquez,3.5,122,2026-06-24T01:09:43Z,Chicago Sky,Portland Fire
2026-06-24T01:09:42.673079+00:00,ec33f8a44ddd8f268967a3035f6ade2c,2026-06-25T00:10:00Z,draftkings,DraftKings,player_rebounds,Over,Natasha Cloud,3.5,-104,2026-06-24T01:09:43Z,Chicago Sky,Portland Fire
2026-06-24T01:09:42.673079+00:00,ec33f8a44ddd8f268967a3035f6ade2c,2026-06-25T00:10:00Z,draftkings,DraftKings,player_rebounds,Under,Natasha Cloud,3.5,-130,2026-06-24T01:09:43Z,Chicago Sky,Portland Fire
2026-06-24T01:09:42.673079+00:00,ec33f8a44ddd8f268967a3035f6ade2c,2026-06-25T00:10:00Z,draftkings,DraftKings,player_rebounds,Over,Bridget Carleton,3.5,103,2026-06-24T01:09:43Z,Chicago Sky,Portland Fire
2026-06-24T01:09:42.673079+00:00,ec33f8a44ddd8f268967a3035f6ade2c,2026-06-25T00:10:00Z,draftkings,DraftKings,player_rebounds,Under,Bridget Carleton,3.5,-139,2026-06-24T01:09:43Z,Chicago Sky,Portland Fire
2026-06-24T01:09:42.673079+00:00,ec33f8a44ddd8f268967a3035f6ade2c,2026-06-25T00:10:00Z,draftkings,DraftKings,player_rebounds,Over,Skylar Diggins-Smith,2.5,-161,2026-06-24T01:09:43Z,Chicago Sky,Portland Fire
2026-06-24T01:09:42.673079+00:00,ec33f8a44ddd8f268967a3035f6ade2c,2026-06-25T00:10:00Z,draftkings,DraftKings,player_rebounds,Under,Skylar Diggins-Smith,2.5,118,2026-06-24T01:09:43Z,Chicago Sky,Portland Fire
2026-06-24T01:09:42.673079+00:00,ec33f8a44ddd8f268967a3035f6ade2c,2026-06-25T00:10:00Z,draftkings,DraftKings,player_rebounds_assists,Over,Kamilla Cardoso,11.5,105,2026-06-24T01:09:43Z,Chicago Sky,Portland Fire
2026-06-24T01:09:42.673079+00:00,ec33f8a44ddd8f268967a3035f6ade2c,2026-06-25T00:10:00Z,draftkings,DraftKings,player_rebounds_assists,Under,Kamilla Cardoso,11.5,-143,2026-06-24T01:09:43Z,Chicago Sky,Portland Fire
2026-06-24T01:09:42.673079+00:00,ec33f8a44ddd8f268967a3035f6ade2c,2026-06-25T00:10:00Z,draftkings,DraftKings,player_rebounds_assists,Over,Skylar Diggins-Smith,8.5,104,2026-06-24T01:09:43Z,Chicago Sky,Portland Fire
2026-06-24T01:09:42.673079+00:00,ec33f8a44ddd8f268967a3035f6ade2c,2026-06-25T00:10:00Z,draftkings,DraftKings,player_rebounds_assists,Under,Skylar Diggins-Smith,8.5,-142,2026-06-24T01:09:43Z,Chicago Sky,Portland Fire
2026-06-24T01:09:42.673079+00:00,ec33f8a44ddd8f268967a3035f6ade2c,2026-06-25T00:10:00Z,draftkings,DraftKings,player_rebounds_assists,Over,Sarah Ashlee Barker,8.5,110,2026-06-24T01:09:43Z,Chicago Sky,Portland Fire
2026-06-24T01:09:42.673079+00:00,ec33f8a44ddd8f268967a3035f6ade2c,2026-06-25T00:10:00Z,draftkings,DraftKings,player_rebounds_assists,Under,Sarah Ashlee Barker,8.5,-150,2026-06-24T01:09:43Z,Chicago Sky,Portland Fire
2026-06-24T01:09:42.673079+00:00,ec33f8a44ddd8f268967a3035f6ade2c,2026-06-25T00:10:00Z,draftkings,DraftKings,player_rebounds_assists,Over,Natasha Cloud,7.5,-124,2026-06-24T01:09:43Z,Chicago Sky,Portland Fire
2026-06-24T01:09:42.673079+00:00,ec33f8a44ddd8f268967a3035f6ade2c,2026-06-25T00:10:00Z,draftkings,DraftKings,player_rebounds_assists,Under,Natasha Cloud,7.5,-109,2026-06-24T01:09:43Z,Chicago Sky,Portland Fire
2026-06-24T01:09:42.673079+00:00,ec33f8a44ddd8f268967a3035f6ade2c,2026-06-25T00:10:00Z,draftkings,DraftKings,player_threes,Over,Bridget Carleton,2.5,105,2026-06-24T01:09:43Z,Chicago Sky,Portland Fire
2026-06-24T01:09:42.673079+00:00,ec33f8a44ddd8f268967a3035f6ade2c,2026-06-25T00:10:00Z,draftkings,DraftKings,player_threes,Under,Bridget Carleton,2.5,-142,2026-06-24T01:09:43Z,Chicago Sky,Portland Fire
2026-06-24T01:09:42.673079+00:00,ec33f8a44ddd8f268967a3035f6ade2c,2026-06-25T00:10:00Z,draftkings,DraftKings,player_threes,Over,Sydney Taylor,1.5,-173,2026-06-24T01:09:43Z,Chicago Sky,Portland Fire
2026-06-24T01:09:42.673079+00:00,ec33f8a44ddd8f268967a3035f6ade2c,2026-06-25T00:10:00Z,draftkings,DraftKings,player_threes,Under,Sydney Taylor,1.5,126,2026-06-24T01:09:43Z,Chicago Sky,Portland Fire
2026-06-24T01:09:42.673079+00:00,ec33f8a44ddd8f268967a3035f6ade2c,2026-06-25T00:10:00Z,draftkings,DraftKings,player_threes,Over,Sarah Ashlee Barker,1.5,101,2026-06-24T01:09:43Z,Chicago Sky,Portland Fire
2026-06-24T01:09:42.673079+00:00,ec33f8a44ddd8f268967a3035f6ade2c,2026-06-25T00:10:00Z,draftkings,DraftKings,player_threes,Under,Sarah Ashlee Barker,1.5,-138,2026-06-24T01:09:43Z,Chicago Sky,Portland Fire
2026-06-24T01:09:42.673079+00:00,ec33f8a44ddd8f268967a3035f6ade2c,2026-06-25T00:10:00Z,draftkings,DraftKings,player_threes,Over,Skylar Diggins-Smith,1.5,104,2026-06-24T01:09:43Z,Chicago Sky,Portland Fire
2026-06-24T01:09:42.673079+00:00,ec33f8a44ddd8f268967a3035f6ade2c,2026-06-25T00:10:00Z,draftkings,DraftKings,player_threes,Under,Skylar Diggins-Smith,1.5,-141,2026-06-24T01:09:43Z,Chicago Sky,Portland Fire
2026-06-24T01:09:42.673079+00:00,ec33f8a44ddd8f268967a3035f6ade2c,2026-06-25T00:10:00Z,fanatics,Fanatics,player_double_double,Yes,Skylar Diggins-Smith,,1300,2026-06-24T01:08:59Z,Chicago Sky,Portland Fire
2026-06-24T01:09:42.673079+00:00,ec33f8a44ddd8f268967a3035f6ade2c,2026-06-25T00:10:00Z,fanatics,Fanatics,player_double_double,Yes,Kamilla Cardoso,,230,2026-06-24T01:08:59Z,Chicago Sky,Portland Fire
2026-06-24T01:09:42.673079+00:00,ec33f8a44ddd8f268967a3035f6ade2c,2026-06-25T00:10:00Z,fanatics,Fanatics,player_double_double,Yes,Sarah Ashlee Barker,,2000,2026-06-24T01:08:59Z,Chicago Sky,Portland Fire
2026-06-24T01:09:42.673079+00:00,ec33f8a44ddd8f268967a3035f6ade2c,2026-06-25T00:10:00Z,williamhill_us,Caesars,player_assists,Over,Carla Leite,5.5,-165,2026-06-24T01:05:12Z,Chicago Sky,Portland Fire
2026-06-24T01:09:42.673079+00:00,ec33f8a44ddd8f268967a3035f6ade2c,2026-06-25T00:10:00Z,williamhill_us,Caesars,player_assists,Under,Carla Leite,5.5,118,2026-06-24T01:05:12Z,Chicago Sky,Portland Fire
2026-06-24T01:09:42.673079+00:00,ec33f8a44ddd8f268967a3035f6ade2c,2026-06-25T00:10:00Z,williamhill_us,Caesars,player_assists,Over,Skylar Diggins-Smith,5.5,115,2026-06-24T01:05:12Z,Chicago Sky,Portland Fire
2026-06-24T01:09:42.673079+00:00,ec33f8a44ddd8f268967a3035f6ade2c,2026-06-25T00:10:00Z,williamhill_us,Caesars,player_assists,Under,Skylar Diggins-Smith,5.5,-154,2026-06-24T01:05:12Z,Chicago Sky,Portland Fire
2026-06-24T01:09:42.673079+00:00,ec33f8a44ddd8f268967a3035f6ade2c,2026-06-25T00:10:00Z,williamhill_us,Caesars,player_assists,Over,Natasha Cloud,4.5,118,2026-06-24T01:05:12Z,Chicago Sky,Portland Fire
2026-06-24T01:09:42.673079+00:00,ec33f8a44ddd8f268967a3035f6ade2c,2026-06-25T00:10:00Z,williamhill_us,Caesars,player_assists,Under,Natasha Cloud,4.5,-157,2026-06-24T01:05:12Z,Chicago Sky,Portland Fire
2026-06-24T01:09:42.673079+00:00,ec33f8a44ddd8f268967a3035f6ade2c,2026-06-25T00:10:00Z,williamhill_us,Caesars,player_double_double,Yes,Kamilla Cardoso,,205,2026-06-24T01:05:12Z,Chicago Sky,Portland Fire
2026-06-24T01:09:42.673079+00:00,ec33f8a44ddd8f268967a3035f6ade2c,2026-06-25T00:10:00Z,williamhill_us,Caesars,player_double_double,Yes,Azura Stevens,,450,2026-06-24T01:05:12Z,Chicago Sky,Portland Fire
2026-06-24T01:09:42.673079+00:00,ec33f8a44ddd8f268967a3035f6ade2c,2026-06-25T00:10:00Z,williamhill_us,Caesars,player_double_double,Yes,Carla Leite,,850,2026-06-24T01:05:12Z,Chicago Sky,Portland Fire
2026-06-24T01:09:42.673079+00:00,ec33f8a44ddd8f268967a3035f6ade2c,2026-06-25T00:10:00Z,williamhill_us,Caesars,player_double_double,Yes,Skylar Diggins-Smith,,1400,2026-06-24T01:05:12Z,Chicago Sky,Portland Fire
2026-06-24T01:09:42.673079+00:00,ec33f8a44ddd8f268967a3035f6ade2c,2026-06-25T00:10:00Z,williamhill_us,Caesars,player_double_double,Yes,Sarah Ashlee Barker,,1900,2026-06-24T01:05:12Z,Chicago Sky,Portland Fire
2026-06-24T01:09:42.673079+00:00,ec33f8a44ddd8f268967a3035f6ade2c,2026-06-25T00:10:00Z,williamhill_us,Caesars,player_points,Over,Natasha Cloud,8.5,-120,2026-06-24T01:05:12Z,Chicago Sky,Portland Fire
2026-06-24T01:09:42.673079+00:00,ec33f8a44ddd8f268967a3035f6ade2c,2026-06-25T00:10:00Z,williamhill_us,Caesars,player_points,Under,Natasha Cloud,8.5,-112,2026-06-24T01:05:12Z,Chicago Sky,Portland Fire
2026-06-24T01:09:42.673079+00:00,ec33f8a44ddd8f268967a3035f6ade2c,2026-06-25T00:10:00Z,williamhill_us,Caesars,player_points,Over,Sarah Ashlee Barker,11.5,-118,2026-06-24T01:05:12Z,Chicago Sky,Portland Fire
2026-06-24T01:09:42.673079+00:00,ec33f8a44ddd8f268967a3035f6ade2c,2026-06-25T00:10:00Z,williamhill_us,Caesars,player_points,Under,Sarah Ashlee Barker,11.5,-113,2026-06-24T01:05:12Z,Chicago Sky,Portland Fire
2026-06-24T01:09:42.673079+00:00,ec33f8a44ddd8f268967a3035f6ade2c,2026-06-25T00:10:00Z,williamhill_us,Caesars,player_points,Over,Sydney Taylor,16.5,100,2026-06-24T01:05:12Z,Chicago Sky,Portland Fire
2026-06-24T01:09:42.673079+00:00,ec33f8a44ddd8f268967a3035f6ade2c,2026-06-25T00:10:00Z,williamhill_us,Caesars,player_points,Under,Sydney Taylor,16.5,-130,2026-06-24T01:05:12Z,Chicago Sky,Portland Fire
2026-06-24T01:09:42.673079+00:00,ec33f8a44ddd8f268967a3035f6ade2c,2026-06-25T00:10:00Z,williamhill_us,Caesars,player_points,Over,Gabriela Jaquez,9.5,-121,2026-06-24T01:05:12Z,Chicago Sky,Portland Fire
2026-06-24T01:09:42.673079+00:00,ec33f8a44ddd8f268967a3035f6ade2c,2026-06-25T00:10:00Z,williamhill_us,Caesars,player_points,Under,Gabriela Jaquez,9.5,-110,2026-06-24T01:05:12Z,Chicago Sky,Portland Fire
2026-06-24T01:09:42.673079+00:00,ec33f8a44ddd8f268967a3035f6ade2c,2026-06-25T00:10:00Z,williamhill_us,Caesars,player_points,Over,Azura Stevens,10.5,-124,2026-06-24T01:05:12Z,Chicago Sky,Portland Fire
2026-06-24T01:09:42.673079+00:00,ec33f8a44ddd8f268967a3035f6ade2c,2026-06-25T00:10:00Z,williamhill_us,Caesars,player_points,Under,Azura Stevens,10.5,-108,2026-06-24T01:05:12Z,Chicago Sky,Portland Fire
2026-06-24T01:09:42.673079+00:00,ec33f8a44ddd8f268967a3035f6ade2c,2026-06-25T00:10:00Z,williamhill_us,Caesars,player_points,Over,Carla Leite,14.5,-107,2026-06-24T01:05:12Z,Chicago Sky,Portland Fire
2026-06-24T01:09:42.673079+00:00,ec33f8a44ddd8f268967a3035f6ade2c,2026-06-25T00:10:00Z,williamhill_us,Caesars,player_points,Under,Carla Leite,14.5,-124,2026-06-24T01:05:12Z,Chicago Sky,Portland Fire
2026-06-24T01:09:42.673079+00:00,ec33f8a44ddd8f268967a3035f6ade2c,2026-06-25T00:10:00Z,williamhill_us,Caesars,player_points,Over,Skylar Diggins-Smith,15.5,-109,2026-06-24T01:05:12Z,Chicago Sky,Portland Fire
2026-06-24T01:09:42.673079+00:00,ec33f8a44ddd8f268967a3035f6ade2c,2026-06-25T00:10:00Z,williamhill_us,Caesars,player_points,Under,Skylar Diggins-Smith,15.5,-122,2026-06-24T01:05:12Z,Chicago Sky,Portland Fire
2026-06-24T01:09:42.673079+00:00,ec33f8a44ddd8f268967a3035f6ade2c,2026-06-25T00:10:00Z,williamhill_us,Caesars,player_points,Over,Bridget Carleton,12.5,-132,2026-06-24T01:05:12Z,Chicago Sky,Portland Fire
2026-06-24T01:09:42.673079+00:00,ec33f8a44ddd8f268967a3035f6ade2c,2026-06-25T00:10:00Z,williamhill_us,Caesars,player_points,Under,Bridget Carleton,12.5,-102,2026-06-24T01:05:12Z,Chicago Sky,Portland Fire
2026-06-24T01:09:42.673079+00:00,ec33f8a44ddd8f268967a3035f6ade2c,2026-06-25T00:10:00Z,williamhill_us,Caesars,player_points,Over,Kamilla Cardoso,13.5,-108,2026-06-24T01:05:12Z,Chicago Sky,Portland Fire
2026-06-24T01:09:42.673079+00:00,ec33f8a44ddd8f268967a3035f6ade2c,2026-06-25T00:10:00Z,williamhill_us,Caesars,player_points,Under,Kamilla Cardoso,13.5,-124,2026-06-24T01:05:12Z,Chicago Sky,Portland Fire
2026-06-24T01:09:42.673079+00:00,ec33f8a44ddd8f268967a3035f6ade2c,2026-06-25T00:10:00Z,williamhill_us,Caesars,player_points,Over,Megan Gustafson,14.5,-108,2026-06-24T01:05:12Z,Chicago Sky,Portland Fire
2026-06-24T01:09:42.673079+00:00,ec33f8a44ddd8f268967a3035f6ade2c,2026-06-25T00:10:00Z,williamhill_us,Caesars,player_points,Under,Megan Gustafson,14.5,-124,2026-06-24T01:05:12Z,Chicago Sky,Portland Fire
2026-06-24T01:09:42.673079+00:00,ec33f8a44ddd8f268967a3035f6ade2c,2026-06-25T00:10:00Z,williamhill_us,Caesars,player_points,Over,Emily Engstler,8.5,-136,2026-06-24T01:05:12Z,Chicago Sky,Portland Fire
2026-06-24T01:09:42.673079+00:00,ec33f8a44ddd8f268967a3035f6ade2c,2026-06-25T00:10:00Z,williamhill_us,Caesars,player_points,Under,Emily Engstler,8.5,102,2026-06-24T01:05:12Z,Chicago Sky,Portland Fire
2026-06-24T01:09:42.673079+00:00,ec33f8a44ddd8f268967a3035f6ade2c,2026-06-25T00:10:00Z,williamhill_us,Caesars,player_rebounds,Over,Emily Engstler,4.5,-159,2026-06-24T01:05:12Z,Chicago Sky,Portland Fire
2026-06-24T01:09:42.673079+00:00,ec33f8a44ddd8f268967a3035f6ade2c,2026-06-25T00:10:00Z,williamhill_us,Caesars,player_rebounds,Under,Emily Engstler,4.5,119,2026-06-24T01:05:12Z,Chicago Sky,Portland Fire
2026-06-24T01:09:42.673079+00:00,ec33f8a44ddd8f268967a3035f6ade2c,2026-06-25T00:10:00Z,williamhill_us,Caesars,player_rebounds,Over,Gabriela Jaquez,3.5,-159,2026-06-24T01:05:12Z,Chicago Sky,Portland Fire
2026-06-24T01:09:42.673079+00:00,ec33f8a44ddd8f268967a3035f6ade2c,2026-06-25T00:10:00Z,williamhill_us,Caesars,player_rebounds,Under,Gabriela Jaquez,3.5,118,2026-06-24T01:05:12Z,Chicago Sky,Portland Fire
2026-06-24T01:09:42.673079+00:00,ec33f8a44ddd8f268967a3035f6ade2c,2026-06-25T00:10:00Z,williamhill_us,Caesars,player_rebounds,Over,Azura Stevens,6.5,-143,2026-06-24T01:05:12Z,Chicago Sky,Portland Fire
2026-06-24T01:09:42.673079+00:00,ec33f8a44ddd8f268967a3035f6ade2c,2026-06-25T00:10:00Z,williamhill_us,Caesars,player_rebounds,Under,Azura Stevens,6.5,107,2026-06-24T01:05:12Z,Chicago Sky,Portland Fire
2026-06-24T01:09:42.673079+00:00,ec33f8a44ddd8f268967a3035f6ade2c,2026-06-25T00:10:00Z,williamhill_us,Caesars,player_rebounds,Over,Natasha Cloud,3.5,102,2026-06-24T01:05:12Z,Chicago Sky,Portland Fire
2026-06-24T01:09:42.673079+00:00,ec33f8a44ddd8f268967a3035f6ade2c,2026-06-25T00:10:00Z,williamhill_us,Caesars,player_rebounds,Under,Natasha Cloud,3.5,-136,2026-06-24T01:05:12Z,Chicago Sky,Portland Fire
2026-06-24T01:09:42.673079+00:00,ec33f8a44ddd8f268967a3035f6ade2c,2026-06-25T00:10:00Z,williamhill_us,Caesars,player_rebounds,Over,Bridget Carleton,3.5,107,2026-06-24T01:05:12Z,Chicago Sky,Portland Fire
2026-06-24T01:09:42.673079+00:00,ec33f8a44ddd8f268967a3035f6ade2c,2026-06-25T00:10:00Z,williamhill_us,Caesars,player_rebounds,Under,Bridget Carleton,3.5,-141,2026-06-24T01:05:12Z,Chicago Sky,Portland Fire
2026-06-24T01:09:42.673079+00:00,ec33f8a44ddd8f268967a3035f6ade2c,2026-06-25T00:10:00Z,williamhill_us,Caesars,player_rebounds,Over,Kamilla Cardoso,8.5,102,2026-06-24T01:05:12Z,Chicago Sky,Portland Fire
2026-06-24T01:09:42.673079+00:00,ec33f8a44ddd8f268967a3035f6ade2c,2026-06-25T00:10:00Z,williamhill_us,Caesars,player_rebounds,Under,Kamilla Cardoso,8.5,-136,2026-06-24T01:05:12Z,Chicago Sky,Portland Fire
2026-06-24T01:09:42.673079+00:00,ec33f8a44ddd8f268967a3035f6ade2c,2026-06-25T00:10:00Z,williamhill_us,Caesars,player_rebounds,Over,Sarah Ashlee Barker,4.5,-139,2026-06-24T01:05:12Z,Chicago Sky,Portland Fire
2026-06-24T01:09:42.673079+00:00,ec33f8a44ddd8f268967a3035f6ade2c,2026-06-25T00:10:00Z,williamhill_us,Caesars,player_rebounds,Under,Sarah Ashlee Barker,4.5,104,2026-06-24T01:05:12Z,Chicago Sky,Portland Fire
2026-06-24T01:09:42.673079+00:00,ec33f8a44ddd8f268967a3035f6ade2c,2026-06-25T00:10:00Z,williamhill_us,Caesars,player_rebounds,Over,Megan Gustafson,5.5,119,2026-06-24T01:05:12Z,Chicago Sky,Portland Fire
2026-06-24T01:09:42.673079+00:00,ec33f8a44ddd8f268967a3035f6ade2c,2026-06-25T00:10:00Z,williamhill_us,Caesars,player_rebounds,Under,Megan Gustafson,5.5,-159,2026-06-24T01:05:12Z,Chicago Sky,Portland Fire
2026-06-24T01:09:42.673079+00:00,ec33f8a44ddd8f268967a3035f6ade2c,2026-06-25T00:10:00Z,williamhill_us,Caesars,player_threes,Over,Sydney Taylor,1.5,-182,2026-06-24T01:05:12Z,Chicago Sky,Portland Fire
2026-06-24T01:09:42.673079+00:00,ec33f8a44ddd8f268967a3035f6ade2c,2026-06-25T00:10:00Z,williamhill_us,Caesars,player_threes,Under,Sydney Taylor,1.5,136,2026-06-24T01:05:12Z,Chicago Sky,Portland Fire
2026-06-24T01:09:42.673079+00:00,ec33f8a44ddd8f268967a3035f6ade2c,2026-06-25T00:10:00Z,williamhill_us,Caesars,player_threes,Over,Skylar Diggins-Smith,1.5,109,2026-06-24T01:05:12Z,Chicago Sky,Portland Fire
2026-06-24T01:09:42.673079+00:00,ec33f8a44ddd8f268967a3035f6ade2c,2026-06-25T00:10:00Z,williamhill_us,Caesars,player_threes,Under,Skylar Diggins-Smith,1.5,-145,2026-06-24T01:05:12Z,Chicago Sky,Portland Fire
2026-06-24T01:09:42.673079+00:00,ec33f8a44ddd8f268967a3035f6ade2c,2026-06-25T00:10:00Z,williamhill_us,Caesars,player_threes,Over,Bridget Carleton,2.5,105,2026-06-24T01:05:12Z,Chicago Sky,Portland Fire
2026-06-24T01:09:42.673079+00:00,ec33f8a44ddd8f268967a3035f6ade2c,2026-06-25T00:10:00Z,williamhill_us,Caesars,player_threes,Under,Bridget Carleton,2.5,-139,2026-06-24T01:05:12Z,Chicago Sky,Portland Fire
2026-06-24T01:09:42.673079+00:00,ec33f8a44ddd8f268967a3035f6ade2c,2026-06-25T00:10:00Z,williamhill_us,Caesars,player_threes,Over,Sarah Ashlee Barker,1.5,103,2026-06-24T01:05:12Z,Chicago Sky,Portland Fire
2026-06-24T01:09:42.673079+00:00,ec33f8a44ddd8f268967a3035f6ade2c,2026-06-25T00:10:00Z,williamhill_us,Caesars,player_threes,Under,Sarah Ashlee Barker,1.5,-136,2026-06-24T01:05:12Z,Chicago Sky,Portland Fire
2026-06-24T01:09:42.673079+00:00,ec33f8a44ddd8f268967a3035f6ade2c,2026-06-25T00:10:00Z,fanduel,FanDuel,player_assists,Over,Skylar Diggins-Smith,5.5,122,2026-06-24T01:08:39Z,Chicago Sky,Portland Fire
2026-06-24T01:09:42.673079+00:00,ec33f8a44ddd8f268967a3035f6ade2c,2026-06-25T00:10:00Z,fanduel,FanDuel,player_assists,Under,Skylar Diggins-Smith,5.5,-162,2026-06-24T01:08:39Z,Chicago Sky,Portland Fire
2026-06-24T01:09:42.673079+00:00,ec33f8a44ddd8f268967a3035f6ade2c,2026-06-25T00:10:00Z,fanduel,FanDuel,player_assists,Over,Natasha Cloud,4.5,122,2026-06-24T01:08:39Z,Chicago Sky,Portland Fire
2026-06-24T01:09:42.673079+00:00,ec33f8a44ddd8f268967a3035f6ade2c,2026-06-25T00:10:00Z,fanduel,FanDuel,player_assists,Under,Natasha Cloud,4.5,-162,2026-06-24T01:08:39Z,Chicago Sky,Portland Fire
2026-06-24T01:09:42.673079+00:00,ec33f8a44ddd8f268967a3035f6ade2c,2026-06-25T00:10:00Z,fanduel,FanDuel,player_assists,Over,Carla Leite,5.5,-152,2026-06-24T01:08:39Z,Chicago Sky,Portland Fire
2026-06-24T01:09:42.673079+00:00,ec33f8a44ddd8f268967a3035f6ade2c,2026-06-25T00:10:00Z,fanduel,FanDuel,player_assists,Under,Carla Leite,5.5,114,2026-06-24T01:08:39Z,Chicago Sky,Portland Fire
2026-06-24T01:09:42.673079+00:00,ec33f8a44ddd8f268967a3035f6ade2c,2026-06-25T00:10:00Z,fanduel,FanDuel,player_assists,Over,Sarah Ashlee Barker,2.5,-158,2026-06-24T01:08:39Z,Chicago Sky,Portland Fire
2026-06-24T01:09:42.673079+00:00,ec33f8a44ddd8f268967a3035f6ade2c,2026-06-25T00:10:00Z,fanduel,FanDuel,player_assists,Under,Sarah Ashlee Barker,2.5,118,2026-06-24T01:08:39Z,Chicago Sky,Portland Fire
2026-06-24T01:09:42.673079+00:00,ec33f8a44ddd8f268967a3035f6ade2c,2026-06-25T00:10:00Z,fanduel,FanDuel,player_assists,Over,Kamilla Cardoso,2.5,-108,2026-06-24T01:08:39Z,Chicago Sky,Portland Fire
2026-06-24T01:09:42.673079+00:00,ec33f8a44ddd8f268967a3035f6ade2c,2026-06-25T00:10:00Z,fanduel,FanDuel,player_assists,Under,Kamilla Cardoso,2.5,-122,2026-06-24T01:08:39Z,Chicago Sky,Portland Fire
2026-06-24T01:09:42.673079+00:00,ec33f8a44ddd8f268967a3035f6ade2c,2026-06-25T00:10:00Z,fanduel,FanDuel,player_double_double,Yes,Kamilla Cardoso,,200,2026-06-24T01:08:39Z,Chicago Sky,Portland Fire
2026-06-24T01:09:42.673079+00:00,ec33f8a44ddd8f268967a3035f6ade2c,2026-06-25T00:10:00Z,fanduel,FanDuel,player_double_double,Yes,Azura Stevens,,430,2026-06-24T01:08:39Z,Chicago Sky,Portland Fire
2026-06-24T01:09:42.673079+00:00,ec33f8a44ddd8f268967a3035f6ade2c,2026-06-25T00:10:00Z,fanduel,FanDuel,player_double_double,Yes,Carla Leite,,800,2026-06-24T01:08:39Z,Chicago Sky,Portland Fire
2026-06-24T01:09:42.673079+00:00,ec33f8a44ddd8f268967a3035f6ade2c,2026-06-25T00:10:00Z,fanduel,FanDuel,player_double_double,Yes,Megan Gustafson,,1500,2026-06-24T01:08:39Z,Chicago Sky,Portland Fire
2026-06-24T01:09:42.673079+00:00,ec33f8a44ddd8f268967a3035f6ade2c,2026-06-25T00:10:00Z,fanduel,FanDuel,player_double_double,Yes,Skylar Diggins-Smith,,1800,2026-06-24T01:08:39Z,Chicago Sky,Portland Fire
2026-06-24T01:09:42.673079+00:00,ec33f8a44ddd8f268967a3035f6ade2c,2026-06-25T00:10:00Z,fanduel,FanDuel,player_double_double,Yes,Emily Engstler,,1900,2026-06-24T01:08:39Z,Chicago Sky,Portland Fire
2026-06-24T01:09:42.673079+00:00,ec33f8a44ddd8f268967a3035f6ade2c,2026-06-25T00:10:00Z,fanduel,FanDuel,player_double_double,Yes,Sarah Ashlee Barker,,2000,2026-06-24T01:08:39Z,Chicago Sky,Portland Fire
2026-06-24T01:09:42.673079+00:00,ec33f8a44ddd8f268967a3035f6ade2c,2026-06-25T00:10:00Z,fanduel,FanDuel,player_points,Over,Azura Stevens,10.5,-130,2026-06-24T01:08:39Z,Chicago Sky,Portland Fire
2026-06-24T01:09:42.673079+00:00,ec33f8a44ddd8f268967a3035f6ade2c,2026-06-25T00:10:00Z,fanduel,FanDuel,player_points,Under,Azura Stevens,10.5,100,2026-06-24T01:08:39Z,Chicago Sky,Portland Fire
2026-06-24T01:09:42.673079+00:00,ec33f8a44ddd8f268967a3035f6ade2c,2026-06-25T00:10:00Z,fanduel,FanDuel,player_points,Over,Sydney Taylor,16.5,-106,2026-06-24T01:08:39Z,Chicago Sky,Portland Fire
2026-06-24T01:09:42.673079+00:00,ec33f8a44ddd8f268967a3035f6ade2c,2026-06-25T00:10:00Z,fanduel,FanDuel,player_points,Under,Sydney Taylor,16.5,-122,2026-06-24T01:08:39Z,Chicago Sky,Portland Fire
2026-06-24T01:09:42.673079+00:00,ec33f8a44ddd8f268967a3035f6ade2c,2026-06-25T00:10:00Z,fanduel,FanDuel,player_points,Over,Natasha Cloud,8.5,-118,2026-06-24T01:08:39Z,Chicago Sky,Portland Fire
2026-06-24T01:09:42.673079+00:00,ec33f8a44ddd8f268967a3035f6ade2c,2026-06-25T00:10:00Z,fanduel,FanDuel,player_points,Under,Natasha Cloud,8.5,-110,2026-06-24T01:08:39Z,Chicago Sky,Portland Fire
2026-06-24T01:09:42.673079+00:00,ec33f8a44ddd8f268967a3035f6ade2c,2026-06-25T00:10:00Z,fanduel,FanDuel,player_points,Over,Skylar Diggins-Smith,15.5,-102,2026-06-24T01:08:39Z,Chicago Sky,Portland Fire
2026-06-24T01:09:42.673079+00:00,ec33f8a44ddd8f268967a3035f6ade2c,2026-06-25T00:10:00Z,fanduel,FanDuel,player_points,Under,Skylar Diggins-Smith,15.5,-128,2026-06-24T01:08:39Z,Chicago Sky,Portland Fire
2026-06-24T01:09:42.673079+00:00,ec33f8a44ddd8f268967a3035f6ade2c,2026-06-25T00:10:00Z,fanduel,FanDuel,player_points,Over,Gabriela Jaquez,9.5,-118,2026-06-24T01:08:39Z,Chicago Sky,Portland Fire
2026-06-24T01:09:42.673079+00:00,ec33f8a44ddd8f268967a3035f6ade2c,2026-06-25T00:10:00Z,fanduel,FanDuel,player_points,Under,Gabriela Jaquez,9.5,-110,2026-06-24T01:08:39Z,Chicago Sky,Portland Fire
2026-06-24T01:09:42.673079+00:00,ec33f8a44ddd8f268967a3035f6ade2c,2026-06-25T00:10:00Z,fanduel,FanDuel,player_points,Over,Bridget Carleton,12.5,-125,2026-06-24T01:08:39Z,Chicago Sky,Portland Fire
2026-06-24T01:09:42.673079+00:00,ec33f8a44ddd8f268967a3035f6ade2c,2026-06-25T00:10:00Z,fanduel,FanDuel,player_points,Under,Bridget Carleton,12.5,-104,2026-06-24T01:08:39Z,Chicago Sky,Portland Fire
2026-06-24T01:09:42.673079+00:00,ec33f8a44ddd8f268967a3035f6ade2c,2026-06-25T00:10:00Z,fanduel,FanDuel,player_points,Over,Megan Gustafson,14.5,-106,2026-06-24T01:08:39Z,Chicago Sky,Portland Fire
2026-06-24T01:09:42.673079+00:00,ec33f8a44ddd8f268967a3035f6ade2c,2026-06-25T00:10:00Z,fanduel,FanDuel,player_points,Under,Megan Gustafson,14.5,-122,2026-06-24T01:08:39Z,Chicago Sky,Portland Fire
2026-06-24T01:09:42.673079+00:00,ec33f8a44ddd8f268967a3035f6ade2c,2026-06-25T00:10:00Z,fanduel,FanDuel,player_points,Over,Sarah Ashlee Barker,11.5,-110,2026-06-24T01:08:39Z,Chicago Sky,Portland Fire
2026-06-24T01:09:42.673079+00:00,ec33f8a44ddd8f268967a3035f6ade2c,2026-06-25T00:10:00Z,fanduel,FanDuel,player_points,Under,Sarah Ashlee Barker,11.5,-118,2026-06-24T01:08:39Z,Chicago Sky,Portland Fire
2026-06-24T01:09:42.673079+00:00,ec33f8a44ddd8f268967a3035f6ade2c,2026-06-25T00:10:00Z,fanduel,FanDuel,player_points,Over,Emily Engstler,8.5,-135,2026-06-24T01:08:39Z,Chicago Sky,Portland Fire
2026-06-24T01:09:42.673079+00:00,ec33f8a44ddd8f268967a3035f6ade2c,2026-06-25T00:10:00Z,fanduel,FanDuel,player_points,Under,Emily Engstler,8.5,104,2026-06-24T01:08:39Z,Chicago Sky,Portland Fire
2026-06-24T01:09:42.673079+00:00,ec33f8a44ddd8f268967a3035f6ade2c,2026-06-25T00:10:00Z,fanduel,FanDuel,player_points,Over,Carla Leite,14.5,-104,2026-06-24T01:08:39Z,Chicago Sky,Portland Fire
2026-06-24T01:09:42.673079+00:00,ec33f8a44ddd8f268967a3035f6ade2c,2026-06-25T00:10:00Z,fanduel,FanDuel,player_points,Under,Carla Leite,14.5,-125,2026-06-24T01:08:39Z,Chicago Sky,Portland Fire
2026-06-24T01:09:42.673079+00:00,ec33f8a44ddd8f268967a3035f6ade2c,2026-06-25T00:10:00Z,fanduel,FanDuel,player_points,Over,Kamilla Cardoso,13.5,-102,2026-06-24T01:08:39Z,Chicago Sky,Portland Fire
2026-06-24T01:09:42.673079+00:00,ec33f8a44ddd8f268967a3035f6ade2c,2026-06-25T00:10:00Z,fanduel,FanDuel,player_points,Under,Kamilla Cardoso,13.5,-128,2026-06-24T01:08:39Z,Chicago Sky,Portland Fire
2026-06-24T01:09:42.673079+00:00,ec33f8a44ddd8f268967a3035f6ade2c,2026-06-25T00:10:00Z,fanduel,FanDuel,player_points_assists,Over,Azura Stevens,13.5,-112,2026-06-24T01:08:39Z,Chicago Sky,Portland Fire
2026-06-24T01:09:42.673079+00:00,ec33f8a44ddd8f268967a3035f6ade2c,2026-06-25T00:10:00Z,fanduel,FanDuel,player_points_assists,Under,Azura Stevens,13.5,-118,2026-06-24T01:08:39Z,Chicago Sky,Portland Fire
2026-06-24T01:09:42.673079+00:00,ec33f8a44ddd8f268967a3035f6ade2c,2026-06-25T00:10:00Z,fanduel,FanDuel,player_points_assists,Over,Natasha Cloud,12.5,-132,2026-06-24T01:08:39Z,Chicago Sky,Portland Fire
2026-06-24T01:09:42.673079+00:00,ec33f8a44ddd8f268967a3035f6ade2c,2026-06-25T00:10:00Z,fanduel,FanDuel,player_points_assists,Under,Natasha Cloud,12.5,100,2026-06-24T01:08:39Z,Chicago Sky,Portland Fire
2026-06-24T01:09:42.673079+00:00,ec33f8a44ddd8f268967a3035f6ade2c,2026-06-25T00:10:00Z,fanduel,FanDuel,player_points_assists,Over,Carla Leite,20.5,-112,2026-06-24T01:08:39Z,Chicago Sky,Portland Fire
2026-06-24T01:09:42.673079+00:00,ec33f8a44ddd8f268967a3035f6ade2c,2026-06-25T00:10:00Z,fanduel,FanDuel,player_points_assists,Under,Carla Leite,20.5,-118,2026-06-24T01:08:39Z,Chicago Sky,Portland Fire
2026-06-24T01:09:42.673079+00:00,ec33f8a44ddd8f268967a3035f6ade2c,2026-06-25T00:10:00Z,fanduel,FanDuel,player_points_assists,Over,Skylar Diggins-Smith,20.5,-112,2026-06-24T01:08:39Z,Chicago Sky,Portland Fire
2026-06-24T01:09:42.673079+00:00,ec33f8a44ddd8f268967a3035f6ade2c,2026-06-25T00:10:00Z,fanduel,FanDuel,player_points_assists,Under,Skylar Diggins-Smith,20.5,-118,2026-06-24T01:08:39Z,Chicago Sky,Portland Fire
2026-06-24T01:09:42.673079+00:00,ec33f8a44ddd8f268967a3035f6ade2c,2026-06-25T00:10:00Z,fanduel,FanDuel,player_points_assists,Over,Sarah Ashlee Barker,14.5,-112,2026-06-24T01:08:39Z,Chicago Sky,Portland Fire
2026-06-24T01:09:42.673079+00:00,ec33f8a44ddd8f268967a3035f6ade2c,2026-06-25T00:10:00Z,fanduel,FanDuel,player_points_assists,Under,Sarah Ashlee Barker,14.5,-118,2026-06-24T01:08:39Z,Chicago Sky,Portland Fire
2026-06-24T01:09:42.673079+00:00,ec33f8a44ddd8f268967a3035f6ade2c,2026-06-25T00:10:00Z,fanduel,FanDuel,player_points_assists,Over,Kamilla Cardoso,15.5,-122,2026-06-24T01:08:39Z,Chicago Sky,Portland Fire
2026-06-24T01:09:42.673079+00:00,ec33f8a44ddd8f268967a3035f6ade2c,2026-06-25T00:10:00Z,fanduel,FanDuel,player_points_assists,Under,Kamilla Cardoso,15.5,-108,2026-06-24T01:08:39Z,Chicago Sky,Portland Fire
2026-06-24T01:09:42.673079+00:00,ec33f8a44ddd8f268967a3035f6ade2c,2026-06-25T00:10:00Z,fanduel,FanDuel,player_points_rebounds,Over,Azura Stevens,18.5,-106,2026-06-24T01:08:39Z,Chicago Sky,Portland Fire
2026-06-24T01:09:42.673079+00:00,ec33f8a44ddd8f268967a3035f6ade2c,2026-06-25T00:10:00Z,fanduel,FanDuel,player_points_rebounds,Under,Azura Stevens,18.5,-125,2026-06-24T01:08:39Z,Chicago Sky,Portland Fire
2026-06-24T01:09:42.673079+00:00,ec33f8a44ddd8f268967a3035f6ade2c,2026-06-25T00:10:00Z,fanduel,FanDuel,player_points_rebounds,Over,Natasha Cloud,12.5,-102,2026-06-24T01:08:39Z,Chicago Sky,Portland Fire
2026-06-24T01:09:42.673079+00:00,ec33f8a44ddd8f268967a3035f6ade2c,2026-06-25T00:10:00Z,fanduel,FanDuel,player_points_rebounds,Under,Natasha Cloud,12.5,-130,2026-06-24T01:08:39Z,Chicago Sky,Portland Fire
2026-06-24T01:09:42.673079+00:00,ec33f8a44ddd8f268967a3035f6ade2c,2026-06-25T00:10:00Z,fanduel,FanDuel,player_points_rebounds,Over,Gabriela Jaquez,13.5,-120,2026-06-24T01:08:39Z,Chicago Sky,Portland Fire
2026-06-24T01:09:42.673079+00:00,ec33f8a44ddd8f268967a3035f6ade2c,2026-06-25T00:10:00Z,fanduel,FanDuel,player_points_rebounds,Under,Gabriela Jaquez,13.5,-110,2026-06-24T01:08:39Z,Chicago Sky,Portland Fire
2026-06-24T01:09:42.673079+00:00,ec33f8a44ddd8f268967a3035f6ade2c,2026-06-25T00:10:00Z,fanduel,FanDuel,player_points_rebounds,Over,Bridget Carleton,16.5,-106,2026-06-24T01:08:39Z,Chicago Sky,Portland Fire
2026-06-24T01:09:42.673079+00:00,ec33f8a44ddd8f268967a3035f6ade2c,2026-06-25T00:10:00Z,fanduel,FanDuel,player_points_rebounds,Under,Bridget Carleton,16.5,-125,2026-06-24T01:08:39Z,Chicago Sky,Portland Fire
2026-06-24T01:09:42.673079+00:00,ec33f8a44ddd8f268967a3035f6ade2c,2026-06-25T00:10:00Z,fanduel,FanDuel,player_points_rebounds,Over,Megan Gustafson,19.5,-118,2026-06-24T01:08:39Z,Chicago Sky,Portland Fire
2026-06-24T01:09:42.673079+00:00,ec33f8a44ddd8f268967a3035f6ade2c,2026-06-25T00:10:00Z,fanduel,FanDuel,player_points_rebounds,Under,Megan Gustafson,19.5,-112,2026-06-24T01:08:39Z,Chicago Sky,Portland Fire
2026-06-24T01:09:42.673079+00:00,ec33f8a44ddd8f268967a3035f6ade2c,2026-06-25T00:10:00Z,fanduel,FanDuel,player_points_rebounds,Over,Emily Engstler,14.5,-102,2026-06-24T01:08:39Z,Chicago Sky,Portland Fire
2026-06-24T01:09:42.673079+00:00,ec33f8a44ddd8f268967a3035f6ade2c,2026-06-25T00:10:00Z,fanduel,FanDuel,player_points_rebounds,Under,Emily Engstler,14.5,-130,2026-06-24T01:08:39Z,Chicago Sky,Portland Fire
2026-06-24T01:09:42.673079+00:00,ec33f8a44ddd8f268967a3035f6ade2c,2026-06-25T00:10:00Z,fanduel,FanDuel,player_points_rebounds,Over,Carla Leite,16.5,-125,2026-06-24T01:08:39Z,Chicago Sky,Portland Fire
2026-06-24T01:09:42.673079+00:00,ec33f8a44ddd8f268967a3035f6ade2c,2026-06-25T00:10:00Z,fanduel,FanDuel,player_points_rebounds,Under,Carla Leite,16.5,-106,2026-06-24T01:08:39Z,Chicago Sky,Portland Fire
2026-06-24T01:09:42.673079+00:00,ec33f8a44ddd8f268967a3035f6ade2c,2026-06-25T00:10:00Z,fanduel,FanDuel,player_points_rebounds,Over,Skylar Diggins-Smith,18.5,100,2026-06-24T01:08:39Z,Chicago Sky,Portland Fire
2026-06-24T01:09:42.673079+00:00,ec33f8a44ddd8f268967a3035f6ade2c,2026-06-25T00:10:00Z,fanduel,FanDuel,player_points_rebounds,Under,Skylar Diggins-Smith,18.5,-132,2026-06-24T01:08:39Z,Chicago Sky,Portland Fire
2026-06-24T01:09:42.673079+00:00,ec33f8a44ddd8f268967a3035f6ade2c,2026-06-25T00:10:00Z,fanduel,FanDuel,player_points_rebounds,Over,Kamilla Cardoso,21.5,-114,2026-06-24T01:08:39Z,Chicago Sky,Portland Fire
2026-06-24T01:09:42.673079+00:00,ec33f8a44ddd8f268967a3035f6ade2c,2026-06-25T00:10:00Z,fanduel,FanDuel,player_points_rebounds,Under,Kamilla Cardoso,21.5,-114,2026-06-24T01:08:39Z,Chicago Sky,Portland Fire
2026-06-24T01:09:42.673079+00:00,ec33f8a44ddd8f268967a3035f6ade2c,2026-06-25T00:10:00Z,fanduel,FanDuel,player_points_rebounds_assists,Over,Azura Stevens,20.5,-114,2026-06-24T01:08:39Z,Chicago Sky,Portland Fire
2026-06-24T01:09:42.673079+00:00,ec33f8a44ddd8f268967a3035f6ade2c,2026-06-25T00:10:00Z,fanduel,FanDuel,player_points_rebounds_assists,Under,Azura Stevens,20.5,-114,2026-06-24T01:08:39Z,Chicago Sky,Portland Fire
2026-06-24T01:09:42.673079+00:00,ec33f8a44ddd8f268967a3035f6ade2c,2026-06-25T00:10:00Z,fanduel,FanDuel,player_points_rebounds_assists,Over,Natasha Cloud,16.5,-112,2026-06-24T01:08:39Z,Chicago Sky,Portland Fire
2026-06-24T01:09:42.673079+00:00,ec33f8a44ddd8f268967a3035f6ade2c,2026-06-25T00:10:00Z,fanduel,FanDuel,player_points_rebounds_assists,Under,Natasha Cloud,16.5,-118,2026-06-24T01:08:39Z,Chicago Sky,Portland Fire
2026-06-24T01:09:42.673079+00:00,ec33f8a44ddd8f268967a3035f6ade2c,2026-06-25T00:10:00Z,fanduel,FanDuel,player_points_rebounds_assists,Over,Bridget Carleton,18.5,-114,2026-06-24T01:08:39Z,Chicago Sky,Portland Fire
2026-06-24T01:09:42.673079+00:00,ec33f8a44ddd8f268967a3035f6ade2c,2026-06-25T00:10:00Z,fanduel,FanDuel,player_points_rebounds_assists,Under,Bridget Carleton,18.5,-114,2026-06-24T01:08:39Z,Chicago Sky,Portland Fire
2026-06-24T01:09:42.673079+00:00,ec33f8a44ddd8f268967a3035f6ade2c,2026-06-25T00:10:00Z,fanduel,FanDuel,player_points_rebounds_assists,Over,Sarah Ashlee Barker,19.5,-110,2026-06-24T01:08:39Z,Chicago Sky,Portland Fire
2026-06-24T01:09:42.673079+00:00,ec33f8a44ddd8f268967a3035f6ade2c,2026-06-25T00:10:00Z,fanduel,FanDuel,player_points_rebounds_assists,Under,Sarah Ashlee Barker,19.5,-120,2026-06-24T01:08:39Z,Chicago Sky,Portland Fire
2026-06-24T01:09:42.673079+00:00,ec33f8a44ddd8f268967a3035f6ade2c,2026-06-25T00:10:00Z,fanduel,FanDuel,player_points_rebounds_assists,Over,Skylar Diggins-Smith,23.5,-110,2026-06-24T01:08:39Z,Chicago Sky,Portland Fire
2026-06-24T01:09:42.673079+00:00,ec33f8a44ddd8f268967a3035f6ade2c,2026-06-25T00:10:00Z,fanduel,FanDuel,player_points_rebounds_assists,Under,Skylar Diggins-Smith,23.5,-120,2026-06-24T01:08:39Z,Chicago Sky,Portland Fire
2026-06-24T01:09:42.673079+00:00,ec33f8a44ddd8f268967a3035f6ade2c,2026-06-25T00:10:00Z,fanduel,FanDuel,player_points_rebounds_assists,Over,Carla Leite,22.5,-130,2026-06-24T01:08:39Z,Chicago Sky,Portland Fire
2026-06-24T01:09:42.673079+00:00,ec33f8a44ddd8f268967a3035f6ade2c,2026-06-25T00:10:00Z,fanduel,FanDuel,player_points_rebounds_assists,Under,Carla Leite,22.5,-102,2026-06-24T01:08:39Z,Chicago Sky,Portland Fire
2026-06-24T01:09:42.673079+00:00,ec33f8a44ddd8f268967a3035f6ade2c,2026-06-25T00:10:00Z,fanduel,FanDuel,player_points_rebounds_assists,Over,Kamilla Cardoso,24.5,-106,2026-06-24T01:08:39Z,Chicago Sky,Portland Fire
2026-06-24T01:09:42.673079+00:00,ec33f8a44ddd8f268967a3035f6ade2c,2026-06-25T00:10:00Z,fanduel,FanDuel,player_points_rebounds_assists,Under,Kamilla Cardoso,24.5,-125,2026-06-24T01:08:39Z,Chicago Sky,Portland Fire
2026-06-24T01:09:42.673079+00:00,ec33f8a44ddd8f268967a3035f6ade2c,2026-06-25T00:10:00Z,fanduel,FanDuel,player_rebounds,Over,Azura Stevens,6.5,-146,2026-06-24T01:08:39Z,Chicago Sky,Portland Fire
2026-06-24T01:09:42.673079+00:00,ec33f8a44ddd8f268967a3035f6ade2c,2026-06-25T00:10:00Z,fanduel,FanDuel,player_rebounds,Under,Azura Stevens,6.5,110,2026-06-24T01:08:39Z,Chicago Sky,Portland Fire
2026-06-24T01:09:42.673079+00:00,ec33f8a44ddd8f268967a3035f6ade2c,2026-06-25T00:10:00Z,fanduel,FanDuel,player_rebounds,Over,Skylar Diggins-Smith,2.5,-148,2026-06-24T01:08:39Z,Chicago Sky,Portland Fire
2026-06-24T01:09:42.673079+00:00,ec33f8a44ddd8f268967a3035f6ade2c,2026-06-25T00:10:00Z,fanduel,FanDuel,player_rebounds,Under,Skylar Diggins-Smith,2.5,112,2026-06-24T01:08:39Z,Chicago Sky,Portland Fire
2026-06-24T01:09:42.673079+00:00,ec33f8a44ddd8f268967a3035f6ade2c,2026-06-25T00:10:00Z,fanduel,FanDuel,player_rebounds,Over,Natasha Cloud,3.5,112,2026-06-24T01:08:39Z,Chicago Sky,Portland Fire
2026-06-24T01:09:42.673079+00:00,ec33f8a44ddd8f268967a3035f6ade2c,2026-06-25T00:10:00Z,fanduel,FanDuel,player_rebounds,Under,Natasha Cloud,3.5,-148,2026-06-24T01:08:39Z,Chicago Sky,Portland Fire
2026-06-24T01:09:42.673079+00:00,ec33f8a44ddd8f268967a3035f6ade2c,2026-06-25T00:10:00Z,fanduel,FanDuel,player_rebounds,Over,Gabriela Jaquez,3.5,-158,2026-06-24T01:08:39Z,Chicago Sky,Portland Fire
2026-06-24T01:09:42.673079+00:00,ec33f8a44ddd8f268967a3035f6ade2c,2026-06-25T00:10:00Z,fanduel,FanDuel,player_rebounds,Under,Gabriela Jaquez,3.5,118,2026-06-24T01:08:39Z,Chicago Sky,Portland Fire
2026-06-24T01:09:42.673079+00:00,ec33f8a44ddd8f268967a3035f6ade2c,2026-06-25T00:10:00Z,fanduel,FanDuel,player_rebounds,Over,Bridget Carleton,3.5,116,2026-06-24T01:08:39Z,Chicago Sky,Portland Fire
2026-06-24T01:09:42.673079+00:00,ec33f8a44ddd8f268967a3035f6ade2c,2026-06-25T00:10:00Z,fanduel,FanDuel,player_rebounds,Under,Bridget Carleton,3.5,-154,2026-06-24T01:08:39Z,Chicago Sky,Portland Fire
2026-06-24T01:09:42.673079+00:00,ec33f8a44ddd8f268967a3035f6ade2c,2026-06-25T00:10:00Z,fanduel,FanDuel,player_rebounds,Over,Megan Gustafson,5.5,122,2026-06-24T01:08:39Z,Chicago Sky,Portland Fire
2026-06-24T01:09:42.673079+00:00,ec33f8a44ddd8f268967a3035f6ade2c,2026-06-25T00:10:00Z,fanduel,FanDuel,player_rebounds,Under,Megan Gustafson,5.5,-162,2026-06-24T01:08:39Z,Chicago Sky,Portland Fire
2026-06-24T01:09:42.673079+00:00,ec33f8a44ddd8f268967a3035f6ade2c,2026-06-25T00:10:00Z,fanduel,FanDuel,player_rebounds,Over,Sarah Ashlee Barker,4.5,-130,2026-06-24T01:08:39Z,Chicago Sky,Portland Fire
2026-06-24T01:09:42.673079+00:00,ec33f8a44ddd8f268967a3035f6ade2c,2026-06-25T00:10:00Z,fanduel,FanDuel,player_rebounds,Under,Sarah Ashlee Barker,4.5,-102,2026-06-24T01:08:39Z,Chicago Sky,Portland Fire
2026-06-24T01:09:42.673079+00:00,ec33f8a44ddd8f268967a3035f6ade2c,2026-06-25T00:10:00Z,fanduel,FanDuel,player_rebounds,Over,Emily Engstler,4.5,-162,2026-06-24T01:08:39Z,Chicago Sky,Portland Fire
2026-06-24T01:09:42.673079+00:00,ec33f8a44ddd8f268967a3035f6ade2c,2026-06-25T00:10:00Z,fanduel,FanDuel,player_rebounds,Under,Emily Engstler,4.5,122,2026-06-24T01:08:39Z,Chicago Sky,Portland Fire
2026-06-24T01:09:42.673079+00:00,ec33f8a44ddd8f268967a3035f6ade2c,2026-06-25T00:10:00Z,fanduel,FanDuel,player_rebounds,Over,Kamilla Cardoso,8.5,108,2026-06-24T01:08:39Z,Chicago Sky,Portland Fire
2026-06-24T01:09:42.673079+00:00,ec33f8a44ddd8f268967a3035f6ade2c,2026-06-25T00:10:00Z,fanduel,FanDuel,player_rebounds,Under,Kamilla Cardoso,8.5,-144,2026-06-24T01:08:39Z,Chicago Sky,Portland Fire
2026-06-24T01:09:42.673079+00:00,ec33f8a44ddd8f268967a3035f6ade2c,2026-06-25T00:10:00Z,fanduel,FanDuel,player_rebounds_assists,Over,Azura Stevens,9.5,-106,2026-06-24T01:08:39Z,Chicago Sky,Portland Fire
2026-06-24T01:09:42.673079+00:00,ec33f8a44ddd8f268967a3035f6ade2c,2026-06-25T00:10:00Z,fanduel,FanDuel,player_rebounds_assists,Under,Azura Stevens,9.5,-125,2026-06-24T01:08:39Z,Chicago Sky,Portland Fire
2026-06-24T01:09:42.673079+00:00,ec33f8a44ddd8f268967a3035f6ade2c,2026-06-25T00:10:00Z,fanduel,FanDuel,player_rebounds_assists,Over,Natasha Cloud,7.5,-114,2026-06-24T01:08:39Z,Chicago Sky,Portland Fire
2026-06-24T01:09:42.673079+00:00,ec33f8a44ddd8f268967a3035f6ade2c,2026-06-25T00:10:00Z,fanduel,FanDuel,player_rebounds_assists,Under,Natasha Cloud,7.5,-114,2026-06-24T01:08:39Z,Chicago Sky,Portland Fire
2026-06-24T01:09:42.673079+00:00,ec33f8a44ddd8f268967a3035f6ade2c,2026-06-25T00:10:00Z,fanduel,FanDuel,player_rebounds_assists,Over,Skylar Diggins-Smith,8.5,118,2026-06-24T01:08:39Z,Chicago Sky,Portland Fire
2026-06-24T01:09:42.673079+00:00,ec33f8a44ddd8f268967a3035f6ade2c,2026-06-25T00:10:00Z,fanduel,FanDuel,player_rebounds_assists,Under,Skylar Diggins-Smith,8.5,-158,2026-06-24T01:08:39Z,Chicago Sky,Portland Fire
2026-06-24T01:09:42.673079+00:00,ec33f8a44ddd8f268967a3035f6ade2c,2026-06-25T00:10:00Z,fanduel,FanDuel,player_rebounds_assists,Over,Sarah Ashlee Barker,7.5,-125,2026-06-24T01:08:39Z,Chicago Sky,Portland Fire
2026-06-24T01:09:42.673079+00:00,ec33f8a44ddd8f268967a3035f6ade2c,2026-06-25T00:10:00Z,fanduel,FanDuel,player_rebounds_assists,Under,Sarah Ashlee Barker,7.5,-106,2026-06-24T01:08:39Z,Chicago Sky,Portland Fire
2026-06-24T01:09:42.673079+00:00,ec33f8a44ddd8f268967a3035f6ade2c,2026-06-25T00:10:00Z,fanduel,FanDuel,player_rebounds_assists,Over,Carla Leite,8.5,-112,2026-06-24T01:08:39Z,Chicago Sky,Portland Fire
2026-06-24T01:09:42.673079+00:00,ec33f8a44ddd8f268967a3035f6ade2c,2026-06-25T00:10:00Z,fanduel,FanDuel,player_rebounds_assists,Under,Carla Leite,8.5,-118,2026-06-24T01:08:39Z,Chicago Sky,Portland Fire
2026-06-24T01:09:42.673079+00:00,ec33f8a44ddd8f268967a3035f6ade2c,2026-06-25T00:10:00Z,fanduel,FanDuel,player_rebounds_assists,Over,Kamilla Cardoso,10.5,-132,2026-06-24T01:08:39Z,Chicago Sky,Portland Fire
2026-06-24T01:09:42.673079+00:00,ec33f8a44ddd8f268967a3035f6ade2c,2026-06-25T00:10:00Z,fanduel,FanDuel,player_rebounds_assists,Under,Kamilla Cardoso,10.5,100,2026-06-24T01:08:39Z,Chicago Sky,Portland Fire
2026-06-24T01:09:42.673079+00:00,ec33f8a44ddd8f268967a3035f6ade2c,2026-06-25T00:10:00Z,fanduel,FanDuel,player_threes,Over,Skylar Diggins-Smith,1.5,108,2026-06-24T01:08:39Z,Chicago Sky,Portland Fire
2026-06-24T01:09:42.673079+00:00,ec33f8a44ddd8f268967a3035f6ade2c,2026-06-25T00:10:00Z,fanduel,FanDuel,player_threes,Under,Skylar Diggins-Smith,1.5,-144,2026-06-24T01:08:39Z,Chicago Sky,Portland Fire
2026-06-24T01:09:42.673079+00:00,ec33f8a44ddd8f268967a3035f6ade2c,2026-06-25T00:10:00Z,fanduel,FanDuel,player_threes,Over,Sydney Taylor,1.5,-188,2026-06-24T01:08:39Z,Chicago Sky,Portland Fire
2026-06-24T01:09:42.673079+00:00,ec33f8a44ddd8f268967a3035f6ade2c,2026-06-25T00:10:00Z,fanduel,FanDuel,player_threes,Under,Sydney Taylor,1.5,140,2026-06-24T01:08:39Z,Chicago Sky,Portland Fire
2026-06-24T01:09:42.673079+00:00,ec33f8a44ddd8f268967a3035f6ade2c,2026-06-25T00:10:00Z,fanduel,FanDuel,player_threes,Over,Bridget Carleton,2.5,-102,2026-06-24T01:08:39Z,Chicago Sky,Portland Fire
2026-06-24T01:09:42.673079+00:00,ec33f8a44ddd8f268967a3035f6ade2c,2026-06-25T00:10:00Z,fanduel,FanDuel,player_threes,Under,Bridget Carleton,2.5,-130,2026-06-24T01:08:39Z,Chicago Sky,Portland Fire
2026-06-24T01:09:42.673079+00:00,ec33f8a44ddd8f268967a3035f6ade2c,2026-06-25T00:10:00Z,fanduel,FanDuel,player_threes,Over,Sarah Ashlee Barker,1.5,100,2026-06-24T01:08:39Z,Chicago Sky,Portland Fire
2026-06-24T01:09:42.673079+00:00,ec33f8a44ddd8f268967a3035f6ade2c,2026-06-25T00:10:00Z,fanduel,FanDuel,player_threes,Under,Sarah Ashlee Barker,1.5,-132,2026-06-24T01:08:39Z,Chicago Sky,Portland Fire
2026-06-24T01:09:42.673079+00:00,ec33f8a44ddd8f268967a3035f6ade2c,2026-06-25T00:10:00Z,betonlineag,BetOnline.ag,player_assists,Over,Kamilla Cardoso,2.5,-110,2026-06-24T01:09:09Z,Chicago Sky,Portland Fire
2026-06-24T01:09:42.673079+00:00,ec33f8a44ddd8f268967a3035f6ade2c,2026-06-25T00:10:00Z,betonlineag,BetOnline.ag,player_assists,Under,Kamilla Cardoso,2.5,-118,2026-06-24T01:09:09Z,Chicago Sky,Portland Fire
2026-06-24T01:09:42.673079+00:00,ec33f8a44ddd8f268967a3035f6ade2c,2026-06-25T00:10:00Z,betonlineag,BetOnline.ag,player_assists,Over,Azura Stevens,2.5,103,2026-06-24T01:09:09Z,Chicago Sky,Portland Fire
2026-06-24T01:09:42.673079+00:00,ec33f8a44ddd8f268967a3035f6ade2c,2026-06-25T00:10:00Z,betonlineag,BetOnline.ag,player_assists,Under,Azura Stevens,2.5,-133,2026-06-24T01:09:09Z,Chicago Sky,Portland Fire
2026-06-24T01:09:42.673079+00:00,ec33f8a44ddd8f268967a3035f6ade2c,2026-06-25T00:10:00Z,betonlineag,BetOnline.ag,player_assists,Over,Skylar Diggins-Smith,5.5,118,2026-06-24T01:09:09Z,Chicago Sky,Portland Fire
2026-06-24T01:09:42.673079+00:00,ec33f8a44ddd8f268967a3035f6ade2c,2026-06-25T00:10:00Z,betonlineag,BetOnline.ag,player_assists,Under,Skylar Diggins-Smith,5.5,-154,2026-06-24T01:09:09Z,Chicago Sky,Portland Fire
2026-06-24T01:09:42.673079+00:00,ec33f8a44ddd8f268967a3035f6ade2c,2026-06-25T00:10:00Z,betonlineag,BetOnline.ag,player_assists,Over,Carla Leite,5.5,-149,2026-06-24T01:09:09Z,Chicago Sky,Portland Fire
2026-06-24T01:09:42.673079+00:00,ec33f8a44ddd8f268967a3035f6ade2c,2026-06-25T00:10:00Z,betonlineag,BetOnline.ag,player_assists,Under,Carla Leite,5.5,115,2026-06-24T01:09:09Z,Chicago Sky,Portland Fire
2026-06-24T01:09:42.673079+00:00,ec33f8a44ddd8f268967a3035f6ade2c,2026-06-25T00:10:00Z,betonlineag,BetOnline.ag,player_assists,Over,Sarah Ashlee Barker,2.5,-156,2026-06-24T01:09:09Z,Chicago Sky,Portland Fire
2026-06-24T01:09:42.673079+00:00,ec33f8a44ddd8f268967a3035f6ade2c,2026-06-25T00:10:00Z,betonlineag,BetOnline.ag,player_assists,Under,Sarah Ashlee Barker,2.5,121,2026-06-24T01:09:09Z,Chicago Sky,Portland Fire
2026-06-24T01:09:42.673079+00:00,ec33f8a44ddd8f268967a3035f6ade2c,2026-06-25T00:10:00Z,betonlineag,BetOnline.ag,player_assists,Over,Bridget Carleton,2.5,144,2026-06-24T01:09:09Z,Chicago Sky,Portland Fire
2026-06-24T01:09:42.673079+00:00,ec33f8a44ddd8f268967a3035f6ade2c,2026-06-25T00:10:00Z,betonlineag,BetOnline.ag,player_assists,Under,Bridget Carleton,2.5,-189,2026-06-24T01:09:09Z,Chicago Sky,Portland Fire
2026-06-24T01:09:42.673079+00:00,ec33f8a44ddd8f268967a3035f6ade2c,2026-06-25T00:10:00Z,betonlineag,BetOnline.ag,player_assists,Over,Natasha Cloud,4.5,120,2026-06-24T01:09:09Z,Chicago Sky,Portland Fire
2026-06-24T01:09:42.673079+00:00,ec33f8a44ddd8f268967a3035f6ade2c,2026-06-25T00:10:00Z,betonlineag,BetOnline.ag,player_assists,Under,Natasha Cloud,4.5,-156,2026-06-24T01:09:09Z,Chicago Sky,Portland Fire
2026-06-24T01:09:42.673079+00:00,ec33f8a44ddd8f268967a3035f6ade2c,2026-06-25T00:10:00Z,betonlineag,BetOnline.ag,player_points,Over,Azura Stevens,10.5,-119,2026-06-24T01:09:09Z,Chicago Sky,Portland Fire
2026-06-24T01:09:42.673079+00:00,ec33f8a44ddd8f268967a3035f6ade2c,2026-06-25T00:10:00Z,betonlineag,BetOnline.ag,player_points,Under,Azura Stevens,10.5,-109,2026-06-24T01:09:09Z,Chicago Sky,Portland Fire
2026-06-24T01:09:42.673079+00:00,ec33f8a44ddd8f268967a3035f6ade2c,2026-06-25T00:10:00Z,betonlineag,BetOnline.ag,player_points,Over,Kamilla Cardoso,13.5,100,2026-06-24T01:09:09Z,Chicago Sky,Portland Fire
2026-06-24T01:09:42.673079+00:00,ec33f8a44ddd8f268967a3035f6ade2c,2026-06-25T00:10:00Z,betonlineag,BetOnline.ag,player_points,Under,Kamilla Cardoso,13.5,-130,2026-06-24T01:09:09Z,Chicago Sky,Portland Fire
2026-06-24T01:09:42.673079+00:00,ec33f8a44ddd8f268967a3035f6ade2c,2026-06-25T00:10:00Z,betonlineag,BetOnline.ag,player_points,Over,Skylar Diggins-Smith,15.5,-101,2026-06-24T01:09:09Z,Chicago Sky,Portland Fire
2026-06-24T01:09:42.673079+00:00,ec33f8a44ddd8f268967a3035f6ade2c,2026-06-25T00:10:00Z,betonlineag,BetOnline.ag,player_points,Under,Skylar Diggins-Smith,15.5,-128,2026-06-24T01:09:09Z,Chicago Sky,Portland Fire
2026-06-24T01:09:42.673079+00:00,ec33f8a44ddd8f268967a3035f6ade2c,2026-06-25T00:10:00Z,betonlineag,BetOnline.ag,player_points,Over,Carla Leite,14.5,100,2026-06-24T01:09:09Z,Chicago Sky,Portland Fire
2026-06-24T01:09:42.673079+00:00,ec33f8a44ddd8f268967a3035f6ade2c,2026-06-25T00:10:00Z,betonlineag,BetOnline.ag,player_points,Under,Carla Leite,14.5,-130,2026-06-24T01:09:09Z,Chicago Sky,Portland Fire
2026-06-24T01:09:42.673079+00:00,ec33f8a44ddd8f268967a3035f6ade2c,2026-06-25T00:10:00Z,betonlineag,BetOnline.ag,player_points,Over,Gabriela Jaquez,9.5,-116,2026-06-24T01:09:09Z,Chicago Sky,Portland Fire
2026-06-24T01:09:42.673079+00:00,ec33f8a44ddd8f268967a3035f6ade2c,2026-06-25T00:10:00Z,betonlineag,BetOnline.ag,player_points,Under,Gabriela Jaquez,9.5,-111,2026-06-24T01:09:09Z,Chicago Sky,Portland Fire
2026-06-24T01:09:42.673079+00:00,ec33f8a44ddd8f268967a3035f6ade2c,2026-06-25T00:10:00Z,betonlineag,BetOnline.ag,player_points,Over,Sydney Taylor,16.5,-103,2026-06-24T01:09:09Z,Chicago Sky,Portland Fire
2026-06-24T01:09:42.673079+00:00,ec33f8a44ddd8f268967a3035f6ade2c,2026-06-25T00:10:00Z,betonlineag,BetOnline.ag,player_points,Under,Sydney Taylor,16.5,-125,2026-06-24T01:09:09Z,Chicago Sky,Portland Fire
2026-06-24T01:09:42.673079+00:00,ec33f8a44ddd8f268967a3035f6ade2c,2026-06-25T00:10:00Z,betonlineag,BetOnline.ag,player_points,Over,Emily Engstler,8.5,-133,2026-06-24T01:09:09Z,Chicago Sky,Portland Fire
2026-06-24T01:09:42.673079+00:00,ec33f8a44ddd8f268967a3035f6ade2c,2026-06-25T00:10:00Z,betonlineag,BetOnline.ag,player_points,Under,Emily Engstler,8.5,103,2026-06-24T01:09:09Z,Chicago Sky,Portland Fire
2026-06-24T01:09:42.673079+00:00,ec33f8a44ddd8f268967a3035f6ade2c,2026-06-25T00:10:00Z,betonlineag,BetOnline.ag,player_points,Over,Sarah Ashlee Barker,11.5,-111,2026-06-24T01:09:09Z,Chicago Sky,Portland Fire
2026-06-24T01:09:42.673079+00:00,ec33f8a44ddd8f268967a3035f6ade2c,2026-06-25T00:10:00Z,betonlineag,BetOnline.ag,player_points,Under,Sarah Ashlee Barker,11.5,-116,2026-06-24T01:09:09Z,Chicago Sky,Portland Fire
2026-06-24T01:09:42.673079+00:00,ec33f8a44ddd8f268967a3035f6ade2c,2026-06-25T00:10:00Z,betonlineag,BetOnline.ag,player_points,Over,Bridget Carleton,12.5,-128,2026-06-24T01:09:09Z,Chicago Sky,Portland Fire
2026-06-24T01:09:42.673079+00:00,ec33f8a44ddd8f268967a3035f6ade2c,2026-06-25T00:10:00Z,betonlineag,BetOnline.ag,player_points,Under,Bridget Carleton,12.5,-101,2026-06-24T01:09:09Z,Chicago Sky,Portland Fire
2026-06-24T01:09:42.673079+00:00,ec33f8a44ddd8f268967a3035f6ade2c,2026-06-25T00:10:00Z,betonlineag,BetOnline.ag,player_points,Over,Natasha Cloud,8.5,-115,2026-06-24T01:09:09Z,Chicago Sky,Portland Fire
2026-06-24T01:09:42.673079+00:00,ec33f8a44ddd8f268967a3035f6ade2c,2026-06-25T00:10:00Z,betonlineag,BetOnline.ag,player_points,Under,Natasha Cloud,8.5,-112,2026-06-24T01:09:09Z,Chicago Sky,Portland Fire
2026-06-24T01:09:42.673079+00:00,ec33f8a44ddd8f268967a3035f6ade2c,2026-06-25T00:10:00Z,betonlineag,BetOnline.ag,player_points,Over,Megan Gustafson,14.5,-101,2026-06-24T01:09:09Z,Chicago Sky,Portland Fire
2026-06-24T01:09:42.673079+00:00,ec33f8a44ddd8f268967a3035f6ade2c,2026-06-25T00:10:00Z,betonlineag,BetOnline.ag,player_points,Under,Megan Gustafson,14.5,-128,2026-06-24T01:09:09Z,Chicago Sky,Portland Fire
2026-06-24T01:09:42.673079+00:00,ec33f8a44ddd8f268967a3035f6ade2c,2026-06-25T00:10:00Z,betonlineag,BetOnline.ag,player_points_rebounds_assists,Over,Kamilla Cardoso,24.5,-103,2026-06-24T01:09:09Z,Chicago Sky,Portland Fire
2026-06-24T01:09:42.673079+00:00,ec33f8a44ddd8f268967a3035f6ade2c,2026-06-25T00:10:00Z,betonlineag,BetOnline.ag,player_points_rebounds_assists,Under,Kamilla Cardoso,24.5,-125,2026-06-24T01:09:09Z,Chicago Sky,Portland Fire
2026-06-24T01:09:42.673079+00:00,ec33f8a44ddd8f268967a3035f6ade2c,2026-06-25T00:10:00Z,betonlineag,BetOnline.ag,player_points_rebounds_assists,Over,Azura Stevens,20.5,-111,2026-06-24T01:09:09Z,Chicago Sky,Portland Fire
2026-06-24T01:09:42.673079+00:00,ec33f8a44ddd8f268967a3035f6ade2c,2026-06-25T00:10:00Z,betonlineag,BetOnline.ag,player_points_rebounds_assists,Under,Azura Stevens,20.5,-116,2026-06-24T01:09:09Z,Chicago Sky,Portland Fire
2026-06-24T01:09:42.673079+00:00,ec33f8a44ddd8f268967a3035f6ade2c,2026-06-25T00:10:00Z,betonlineag,BetOnline.ag,player_points_rebounds_assists,Over,Skylar Diggins-Smith,23.5,-112,2026-06-24T01:09:09Z,Chicago Sky,Portland Fire
2026-06-24T01:09:42.673079+00:00,ec33f8a44ddd8f268967a3035f6ade2c,2026-06-25T00:10:00Z,betonlineag,BetOnline.ag,player_points_rebounds_assists,Under,Skylar Diggins-Smith,23.5,-115,2026-06-24T01:09:09Z,Chicago Sky,Portland Fire
2026-06-24T01:09:42.673079+00:00,ec33f8a44ddd8f268967a3035f6ade2c,2026-06-25T00:10:00Z,betonlineag,BetOnline.ag,player_points_rebounds_assists,Over,Carla Leite,22.5,-130,2026-06-24T01:09:09Z,Chicago Sky,Portland Fire
2026-06-24T01:09:42.673079+00:00,ec33f8a44ddd8f268967a3035f6ade2c,2026-06-25T00:10:00Z,betonlineag,BetOnline.ag,player_points_rebounds_assists,Under,Carla Leite,22.5,101,2026-06-24T01:09:09Z,Chicago Sky,Portland Fire
2026-06-24T01:09:42.673079+00:00,ec33f8a44ddd8f268967a3035f6ade2c,2026-06-25T00:10:00Z,betonlineag,BetOnline.ag,player_points_rebounds_assists,Over,Sarah Ashlee Barker,19.5,-112,2026-06-24T01:09:09Z,Chicago Sky,Portland Fire
2026-06-24T01:09:42.673079+00:00,ec33f8a44ddd8f268967a3035f6ade2c,2026-06-25T00:10:00Z,betonlineag,BetOnline.ag,player_points_rebounds_assists,Under,Sarah Ashlee Barker,19.5,-115,2026-06-24T01:09:09Z,Chicago Sky,Portland Fire
2026-06-24T01:09:42.673079+00:00,ec33f8a44ddd8f268967a3035f6ade2c,2026-06-25T00:10:00Z,betonlineag,BetOnline.ag,player_points_rebounds_assists,Over,Bridget Carleton,18.5,-114,2026-06-24T01:09:09Z,Chicago Sky,Portland Fire
2026-06-24T01:09:42.673079+00:00,ec33f8a44ddd8f268967a3035f6ade2c,2026-06-25T00:10:00Z,betonlineag,BetOnline.ag,player_points_rebounds_assists,Under,Bridget Carleton,18.5,-114,2026-06-24T01:09:09Z,Chicago Sky,Portland Fire
2026-06-24T01:09:42.673079+00:00,ec33f8a44ddd8f268967a3035f6ade2c,2026-06-25T00:10:00Z,betonlineag,BetOnline.ag,player_points_rebounds_assists,Over,Natasha Cloud,16.5,-110,2026-06-24T01:09:09Z,Chicago Sky,Portland Fire
2026-06-24T01:09:42.673079+00:00,ec33f8a44ddd8f268967a3035f6ade2c,2026-06-25T00:10:00Z,betonlineag,BetOnline.ag,player_points_rebounds_assists,Under,Natasha Cloud,16.5,-118,2026-06-24T01:09:09Z,Chicago Sky,Portland Fire
2026-06-24T01:09:42.673079+00:00,ec33f8a44ddd8f268967a3035f6ade2c,2026-06-25T00:10:00Z,betonlineag,BetOnline.ag,player_rebounds,Over,Kamilla Cardoso,8.5,109,2026-06-24T01:09:09Z,Chicago Sky,Portland Fire
2026-06-24T01:09:42.673079+00:00,ec33f8a44ddd8f268967a3035f6ade2c,2026-06-25T00:10:00Z,betonlineag,BetOnline.ag,player_rebounds,Under,Kamilla Cardoso,8.5,-141,2026-06-24T01:09:09Z,Chicago Sky,Portland Fire
2026-06-24T01:09:42.673079+00:00,ec33f8a44ddd8f268967a3035f6ade2c,2026-06-25T00:10:00Z,betonlineag,BetOnline.ag,player_rebounds,Over,Azura Stevens,6.5,-137,2026-06-24T01:09:09Z,Chicago Sky,Portland Fire
2026-06-24T01:09:42.673079+00:00,ec33f8a44ddd8f268967a3035f6ade2c,2026-06-25T00:10:00Z,betonlineag,BetOnline.ag,player_rebounds,Under,Azura Stevens,6.5,106,2026-06-24T01:09:09Z,Chicago Sky,Portland Fire
2026-06-24T01:09:42.673079+00:00,ec33f8a44ddd8f268967a3035f6ade2c,2026-06-25T00:10:00Z,betonlineag,BetOnline.ag,player_rebounds,Over,Skylar Diggins-Smith,2.5,-147,2026-06-24T01:09:09Z,Chicago Sky,Portland Fire
2026-06-24T01:09:42.673079+00:00,ec33f8a44ddd8f268967a3035f6ade2c,2026-06-25T00:10:00Z,betonlineag,BetOnline.ag,player_rebounds,Under,Skylar Diggins-Smith,2.5,114,2026-06-24T01:09:09Z,Chicago Sky,Portland Fire
2026-06-24T01:09:42.673079+00:00,ec33f8a44ddd8f268967a3035f6ade2c,2026-06-25T00:10:00Z,betonlineag,BetOnline.ag,player_rebounds,Over,Gabriela Jaquez,3.5,-154,2026-06-24T01:09:09Z,Chicago Sky,Portland Fire
2026-06-24T01:09:42.673079+00:00,ec33f8a44ddd8f268967a3035f6ade2c,2026-06-25T00:10:00Z,betonlineag,BetOnline.ag,player_rebounds,Under,Gabriela Jaquez,3.5,119,2026-06-24T01:09:09Z,Chicago Sky,Portland Fire
2026-06-24T01:09:42.673079+00:00,ec33f8a44ddd8f268967a3035f6ade2c,2026-06-25T00:10:00Z,betonlineag,BetOnline.ag,player_rebounds,Over,Emily Engstler,4.5,-154,2026-06-24T01:09:09Z,Chicago Sky,Portland Fire
2026-06-24T01:09:42.673079+00:00,ec33f8a44ddd8f268967a3035f6ade2c,2026-06-25T00:10:00Z,betonlineag,BetOnline.ag,player_rebounds,Under,Emily Engstler,4.5,119,2026-06-24T01:09:09Z,Chicago Sky,Portland Fire
2026-06-24T01:09:42.673079+00:00,ec33f8a44ddd8f268967a3035f6ade2c,2026-06-25T00:10:00Z,betonlineag,BetOnline.ag,player_rebounds,Over,Sarah Ashlee Barker,4.5,-133,2026-06-24T01:09:09Z,Chicago Sky,Portland Fire
2026-06-24T01:09:42.673079+00:00,ec33f8a44ddd8f268967a3035f6ade2c,2026-06-25T00:10:00Z,betonlineag,BetOnline.ag,player_rebounds,Under,Sarah Ashlee Barker,4.5,103,2026-06-24T01:09:09Z,Chicago Sky,Portland Fire
2026-06-24T01:09:42.673079+00:00,ec33f8a44ddd8f268967a3035f6ade2c,2026-06-25T00:10:00Z,betonlineag,BetOnline.ag,player_rebounds,Over,Bridget Carleton,3.5,115,2026-06-24T01:09:09Z,Chicago Sky,Portland Fire
2026-06-24T01:09:42.673079+00:00,ec33f8a44ddd8f268967a3035f6ade2c,2026-06-25T00:10:00Z,betonlineag,BetOnline.ag,player_rebounds,Under,Bridget Carleton,3.5,-149,2026-06-24T01:09:09Z,Chicago Sky,Portland Fire
2026-06-24T01:09:42.673079+00:00,ec33f8a44ddd8f268967a3035f6ade2c,2026-06-25T00:10:00Z,betonlineag,BetOnline.ag,player_rebounds,Over,Natasha Cloud,3.5,107,2026-06-24T01:09:09Z,Chicago Sky,Portland Fire
2026-06-24T01:09:42.673079+00:00,ec33f8a44ddd8f268967a3035f6ade2c,2026-06-25T00:10:00Z,betonlineag,BetOnline.ag,player_rebounds,Under,Natasha Cloud,3.5,-139,2026-06-24T01:09:09Z,Chicago Sky,Portland Fire
2026-06-24T01:09:42.673079+00:00,ec33f8a44ddd8f268967a3035f6ade2c,2026-06-25T00:10:00Z,betonlineag,BetOnline.ag,player_rebounds,Over,Megan Gustafson,5.5,122,2026-06-24T01:09:09Z,Chicago Sky,Portland Fire
2026-06-24T01:09:42.673079+00:00,ec33f8a44ddd8f268967a3035f6ade2c,2026-06-25T00:10:00Z,betonlineag,BetOnline.ag,player_rebounds,Under,Megan Gustafson,5.5,-159,2026-06-24T01:09:09Z,Chicago Sky,Portland Fire
2026-06-24T01:09:42.673079+00:00,ec33f8a44ddd8f268967a3035f6ade2c,2026-06-25T00:10:00Z,betonlineag,BetOnline.ag,player_threes,Over,Skylar Diggins-Smith,1.5,115,2026-06-24T01:09:09Z,Chicago Sky,Portland Fire
2026-06-24T01:09:42.673079+00:00,ec33f8a44ddd8f268967a3035f6ade2c,2026-06-25T00:10:00Z,betonlineag,BetOnline.ag,player_threes,Under,Skylar Diggins-Smith,1.5,-149,2026-06-24T01:09:09Z,Chicago Sky,Portland Fire
2026-06-24T01:09:42.673079+00:00,ec33f8a44ddd8f268967a3035f6ade2c,2026-06-25T00:10:00Z,betonlineag,BetOnline.ag,player_threes,Over,Sydney Taylor,1.5,-172,2026-06-24T01:09:09Z,Chicago Sky,Portland Fire
2026-06-24T01:09:42.673079+00:00,ec33f8a44ddd8f268967a3035f6ade2c,2026-06-25T00:10:00Z,betonlineag,BetOnline.ag,player_threes,Under,Sydney Taylor,1.5,133,2026-06-24T01:09:09Z,Chicago Sky,Portland Fire
2026-06-24T01:09:42.673079+00:00,ec33f8a44ddd8f268967a3035f6ade2c,2026-06-25T00:10:00Z,betonlineag,BetOnline.ag,player_threes,Over,Sarah Ashlee Barker,1.5,106,2026-06-24T01:09:09Z,Chicago Sky,Portland Fire
2026-06-24T01:09:42.673079+00:00,ec33f8a44ddd8f268967a3035f6ade2c,2026-06-25T00:10:00Z,betonlineag,BetOnline.ag,player_threes,Under,Sarah Ashlee Barker,1.5,-137,2026-06-24T01:09:09Z,Chicago Sky,Portland Fire
2026-06-24T01:09:42.673079+00:00,ec33f8a44ddd8f268967a3035f6ade2c,2026-06-25T00:10:00Z,betonlineag,BetOnline.ag,player_threes,Over,Bridget Carleton,2.5,106,2026-06-24T01:09:09Z,Chicago Sky,Portland Fire
2026-06-24T01:09:42.673079+00:00,ec33f8a44ddd8f268967a3035f6ade2c,2026-06-25T00:10:00Z,betonlineag,BetOnline.ag,player_threes,Under,Bridget Carleton,2.5,-137,2026-06-24T01:09:09Z,Chicago Sky,Portland Fire
2026-06-24T01:09:42.673079+00:00,ec33f8a44ddd8f268967a3035f6ade2c,2026-06-25T00:10:00Z,betonlineag,BetOnline.ag,player_threes,Over,Gabriela Jaquez,0.5,-175,2026-06-24T01:09:09Z,Chicago Sky,Portland Fire
2026-06-24T01:09:42.673079+00:00,ec33f8a44ddd8f268967a3035f6ade2c,2026-06-25T00:10:00Z,betonlineag,BetOnline.ag,player_threes,Under,Gabriela Jaquez,0.5,134,2026-06-24T01:09:09Z,Chicago Sky,Portland Fire
2026-06-24T01:09:42.673079+00:00,ec33f8a44ddd8f268967a3035f6ade2c,2026-06-25T00:10:00Z,betonlineag,BetOnline.ag,player_threes,Over,Carla Leite,0.5,-192,2026-06-24T01:09:09Z,Chicago Sky,Portland Fire
2026-06-24T01:09:42.673079+00:00,ec33f8a44ddd8f268967a3035f6ade2c,2026-06-25T00:10:00Z,betonlineag,BetOnline.ag,player_threes,Under,Carla Leite,0.5,146,2026-06-24T01:09:09Z,Chicago Sky,Portland Fire
2026-06-24T01:09:42.673079+00:00,ec33f8a44ddd8f268967a3035f6ade2c,2026-06-25T00:10:00Z,betonlineag,BetOnline.ag,player_threes,Over,Natasha Cloud,0.5,-175,2026-06-24T01:09:09Z,Chicago Sky,Portland Fire
2026-06-24T01:09:42.673079+00:00,ec33f8a44ddd8f268967a3035f6ade2c,2026-06-25T00:10:00Z,betonlineag,BetOnline.ag,player_threes,Under,Natasha Cloud,0.5,134,2026-06-24T01:09:09Z,Chicago Sky,Portland Fire
2026-06-24T01:09:42.673079+00:00,ec33f8a44ddd8f268967a3035f6ade2c,2026-06-25T00:10:00Z,betonlineag,BetOnline.ag,player_threes,Over,Megan Gustafson,0.5,-208,2026-06-24T01:09:09Z,Chicago Sky,Portland Fire
2026-06-24T01:09:42.673079+00:00,ec33f8a44ddd8f268967a3035f6ade2c,2026-06-25T00:10:00Z,betonlineag,BetOnline.ag,player_threes,Under,Megan Gustafson,0.5,157,2026-06-24T01:09:09Z,Chicago Sky,Portland Fire
2026-06-24T01:09:42.673079+00:00,ec33f8a44ddd8f268967a3035f6ade2c,2026-06-25T00:10:00Z,betonlineag,BetOnline.ag,player_threes,Over,Emily Engstler,1.5,199,2026-06-24T01:09:09Z,Chicago Sky,Portland Fire
2026-06-24T01:09:42.673079+00:00,ec33f8a44ddd8f268967a3035f6ade2c,2026-06-25T00:10:00Z,betonlineag,BetOnline.ag,player_threes,Under,Emily Engstler,1.5,-270,2026-06-24T01:09:09Z,Chicago Sky,Portland Fire
2026-06-24T01:09:42.673079+00:00,b70a3ec7f76076acec4fad6176089bf5,2026-06-25T02:10:00Z,draftkings,DraftKings,player_assists,Over,Jordin Canada,6.5,110,2026-06-24T01:09:11Z,Golden State Valkyries,Atlanta Dream
2026-06-24T01:09:42.673079+00:00,b70a3ec7f76076acec4fad6176089bf5,2026-06-25T02:10:00Z,draftkings,DraftKings,player_assists,Under,Jordin Canada,6.5,-150,2026-06-24T01:09:11Z,Golden State Valkyries,Atlanta Dream
2026-06-24T01:09:42.673079+00:00,b70a3ec7f76076acec4fad6176089bf5,2026-06-25T02:10:00Z,draftkings,DraftKings,player_assists,Over,Veronica Burton,5.5,-106,2026-06-24T01:09:11Z,Golden State Valkyries,Atlanta Dream
2026-06-24T01:09:42.673079+00:00,b70a3ec7f76076acec4fad6176089bf5,2026-06-25T02:10:00Z,draftkings,DraftKings,player_assists,Under,Veronica Burton,5.5,-128,2026-06-24T01:09:11Z,Golden State Valkyries,Atlanta Dream
2026-06-24T01:09:42.673079+00:00,b70a3ec7f76076acec4fad6176089bf5,2026-06-25T02:10:00Z,draftkings,DraftKings,player_assists,Over,Rhyne Howard,3.5,-119,2026-06-24T01:09:11Z,Golden State Valkyries,Atlanta Dream
2026-06-24T01:09:42.673079+00:00,b70a3ec7f76076acec4fad6176089bf5,2026-06-25T02:10:00Z,draftkings,DraftKings,player_assists,Under,Rhyne Howard,3.5,-114,2026-06-24T01:09:11Z,Golden State Valkyries,Atlanta Dream
2026-06-24T01:09:42.673079+00:00,b70a3ec7f76076acec4fad6176089bf5,2026-06-25T02:10:00Z,draftkings,DraftKings,player_assists,Over,Angel Reese,2.5,-150,2026-06-24T01:09:11Z,Golden State Valkyries,Atlanta Dream
2026-06-24T01:09:42.673079+00:00,b70a3ec7f76076acec4fad6176089bf5,2026-06-25T02:10:00Z,draftkings,DraftKings,player_assists,Under,Angel Reese,2.5,110,2026-06-24T01:09:11Z,Golden State Valkyries,Atlanta Dream
2026-06-24T01:09:42.673079+00:00,b70a3ec7f76076acec4fad6176089bf5,2026-06-25T02:10:00Z,draftkings,DraftKings,player_double_double,Yes,Angel Reese,,-153,2026-06-24T01:09:11Z,Golden State Valkyries,Atlanta Dream
2026-06-24T01:09:42.673079+00:00,b70a3ec7f76076acec4fad6176089bf5,2026-06-25T02:10:00Z,draftkings,DraftKings,player_double_double,Yes,Jordin Canada,,1160,2026-06-24T01:09:11Z,Golden State Valkyries,Atlanta Dream
2026-06-24T01:09:42.673079+00:00,b70a3ec7f76076acec4fad6176089bf5,2026-06-25T02:10:00Z,draftkings,DraftKings,player_double_double,Yes,Naz Hillmon,,1380,2026-06-24T01:09:11Z,Golden State Valkyries,Atlanta Dream
2026-06-24T01:09:42.673079+00:00,b70a3ec7f76076acec4fad6176089bf5,2026-06-25T02:10:00Z,draftkings,DraftKings,player_double_double,Yes,Veronica Burton,,1540,2026-06-24T01:09:11Z,Golden State Valkyries,Atlanta Dream
2026-06-24T01:09:42.673079+00:00,b70a3ec7f76076acec4fad6176089bf5,2026-06-25T02:10:00Z,draftkings,DraftKings,player_double_double,Yes,Kayla Thornton,,2100,2026-06-24T01:09:11Z,Golden State Valkyries,Atlanta Dream
2026-06-24T01:09:42.673079+00:00,b70a3ec7f76076acec4fad6176089bf5,2026-06-25T02:10:00Z,draftkings,DraftKings,player_double_double,Yes,Rhyne Howard,,2900,2026-06-24T01:09:11Z,Golden State Valkyries,Atlanta Dream
2026-06-24T01:09:42.673079+00:00,b70a3ec7f76076acec4fad6176089bf5,2026-06-25T02:10:00Z,draftkings,DraftKings,player_double_double,Yes,Gabby Williams,,3900,2026-06-24T01:09:11Z,Golden State Valkyries,Atlanta Dream
2026-06-24T01:09:42.673079+00:00,b70a3ec7f76076acec4fad6176089bf5,2026-06-25T02:10:00Z,draftkings,DraftKings,player_double_double,Yes,Allisha Gray,,4300,2026-06-24T01:09:11Z,Golden State Valkyries,Atlanta Dream
2026-06-24T01:09:42.673079+00:00,b70a3ec7f76076acec4fad6176089bf5,2026-06-25T02:10:00Z,draftkings,DraftKings,player_points,Over,Allisha Gray,18.5,-104,2026-06-24T01:09:11Z,Golden State Valkyries,Atlanta Dream
2026-06-24T01:09:42.673079+00:00,b70a3ec7f76076acec4fad6176089bf5,2026-06-25T02:10:00Z,draftkings,DraftKings,player_points,Under,Allisha Gray,18.5,-128,2026-06-24T01:09:11Z,Golden State Valkyries,Atlanta Dream
2026-06-24T01:09:42.673079+00:00,b70a3ec7f76076acec4fad6176089bf5,2026-06-25T02:10:00Z,draftkings,DraftKings,player_points,Over,Rhyne Howard,18.5,-104,2026-06-24T01:09:11Z,Golden State Valkyries,Atlanta Dream
2026-06-24T01:09:42.673079+00:00,b70a3ec7f76076acec4fad6176089bf5,2026-06-25T02:10:00Z,draftkings,DraftKings,player_points,Under,Rhyne Howard,18.5,-127,2026-06-24T01:09:11Z,Golden State Valkyries,Atlanta Dream
2026-06-24T01:09:42.673079+00:00,b70a3ec7f76076acec4fad6176089bf5,2026-06-25T02:10:00Z,draftkings,DraftKings,player_points,Over,Gabby Williams,14.5,-129,2026-06-24T01:09:11Z,Golden State Valkyries,Atlanta Dream
2026-06-24T01:09:42.673079+00:00,b70a3ec7f76076acec4fad6176089bf5,2026-06-25T02:10:00Z,draftkings,DraftKings,player_points,Under,Gabby Williams,14.5,-103,2026-06-24T01:09:11Z,Golden State Valkyries,Atlanta Dream
2026-06-24T01:09:42.673079+00:00,b70a3ec7f76076acec4fad6176089bf5,2026-06-25T02:10:00Z,draftkings,DraftKings,player_points,Over,Angel Reese,13.5,-109,2026-06-24T01:09:11Z,Golden State Valkyries,Atlanta Dream
2026-06-24T01:09:42.673079+00:00,b70a3ec7f76076acec4fad6176089bf5,2026-06-25T02:10:00Z,draftkings,DraftKings,player_points,Under,Angel Reese,13.5,-122,2026-06-24T01:09:11Z,Golden State Valkyries,Atlanta Dream
2026-06-24T01:09:42.673079+00:00,b70a3ec7f76076acec4fad6176089bf5,2026-06-25T02:10:00Z,draftkings,DraftKings,player_points,Over,Janelle Salaun,12.5,-131,2026-06-24T01:09:11Z,Golden State Valkyries,Atlanta Dream
2026-06-24T01:09:42.673079+00:00,b70a3ec7f76076acec4fad6176089bf5,2026-06-25T02:10:00Z,draftkings,DraftKings,player_points,Under,Janelle Salaun,12.5,-101,2026-06-24T01:09:11Z,Golden State Valkyries,Atlanta Dream
2026-06-24T01:09:42.673079+00:00,b70a3ec7f76076acec4fad6176089bf5,2026-06-25T02:10:00Z,draftkings,DraftKings,player_points,Over,Veronica Burton,11.5,-124,2026-06-24T01:09:11Z,Golden State Valkyries,Atlanta Dream
2026-06-24T01:09:42.673079+00:00,b70a3ec7f76076acec4fad6176089bf5,2026-06-25T02:10:00Z,draftkings,DraftKings,player_points,Under,Veronica Burton,11.5,-107,2026-06-24T01:09:11Z,Golden State Valkyries,Atlanta Dream
2026-06-24T01:09:42.673079+00:00,b70a3ec7f76076acec4fad6176089bf5,2026-06-25T02:10:00Z,draftkings,DraftKings,player_points,Over,Jordin Canada,10.5,-127,2026-06-24T01:09:11Z,Golden State Valkyries,Atlanta Dream
2026-06-24T01:09:42.673079+00:00,b70a3ec7f76076acec4fad6176089bf5,2026-06-25T02:10:00Z,draftkings,DraftKings,player_points,Under,Jordin Canada,10.5,-104,2026-06-24T01:09:11Z,Golden State Valkyries,Atlanta Dream
2026-06-24T01:09:42.673079+00:00,b70a3ec7f76076acec4fad6176089bf5,2026-06-25T02:10:00Z,draftkings,DraftKings,player_points,Over,Cecilia Zandalasini,8.5,-116,2026-06-24T01:09:11Z,Golden State Valkyries,Atlanta Dream
2026-06-24T01:09:42.673079+00:00,b70a3ec7f76076acec4fad6176089bf5,2026-06-25T02:10:00Z,draftkings,DraftKings,player_points,Under,Cecilia Zandalasini,8.5,-115,2026-06-24T01:09:11Z,Golden State Valkyries,Atlanta Dream
2026-06-24T01:09:42.673079+00:00,b70a3ec7f76076acec4fad6176089bf5,2026-06-25T02:10:00Z,draftkings,DraftKings,player_points,Over,Naz Hillmon,8.5,-114,2026-06-24T01:09:11Z,Golden State Valkyries,Atlanta Dream
2026-06-24T01:09:42.673079+00:00,b70a3ec7f76076acec4fad6176089bf5,2026-06-25T02:10:00Z,draftkings,DraftKings,player_points,Under,Naz Hillmon,8.5,-116,2026-06-24T01:09:11Z,Golden State Valkyries,Atlanta Dream
2026-06-24T01:09:42.673079+00:00,b70a3ec7f76076acec4fad6176089bf5,2026-06-25T02:10:00Z,draftkings,DraftKings,player_points,Over,Kayla Thornton,7.5,-123,2026-06-24T01:09:11Z,Golden State Valkyries,Atlanta Dream
2026-06-24T01:09:42.673079+00:00,b70a3ec7f76076acec4fad6176089bf5,2026-06-25T02:10:00Z,draftkings,DraftKings,player_points,Under,Kayla Thornton,7.5,-108,2026-06-24T01:09:11Z,Golden State Valkyries,Atlanta Dream
2026-06-24T01:09:42.673079+00:00,b70a3ec7f76076acec4fad6176089bf5,2026-06-25T02:10:00Z,draftkings,DraftKings,player_points_assists,Over,Rhyne Howard,21.5,-120,2026-06-24T01:09:11Z,Golden State Valkyries,Atlanta Dream
2026-06-24T01:09:42.673079+00:00,b70a3ec7f76076acec4fad6176089bf5,2026-06-25T02:10:00Z,draftkings,DraftKings,player_points_assists,Under,Rhyne Howard,21.5,-113,2026-06-24T01:09:11Z,Golden State Valkyries,Atlanta Dream
2026-06-24T01:09:42.673079+00:00,b70a3ec7f76076acec4fad6176089bf5,2026-06-25T02:10:00Z,draftkings,DraftKings,player_points_assists,Over,Gabby Williams,17.5,-117,2026-06-24T01:09:11Z,Golden State Valkyries,Atlanta Dream
2026-06-24T01:09:42.673079+00:00,b70a3ec7f76076acec4fad6176089bf5,2026-06-25T02:10:00Z,draftkings,DraftKings,player_points_assists,Under,Gabby Williams,17.5,-116,2026-06-24T01:09:11Z,Golden State Valkyries,Atlanta Dream
2026-06-24T01:09:42.673079+00:00,b70a3ec7f76076acec4fad6176089bf5,2026-06-25T02:10:00Z,draftkings,DraftKings,player_points_assists,Over,Veronica Burton,17.5,-112,2026-06-24T01:09:11Z,Golden State Valkyries,Atlanta Dream
2026-06-24T01:09:42.673079+00:00,b70a3ec7f76076acec4fad6176089bf5,2026-06-25T02:10:00Z,draftkings,DraftKings,player_points_assists,Under,Veronica Burton,17.5,-122,2026-06-24T01:09:11Z,Golden State Valkyries,Atlanta Dream
2026-06-24T01:09:42.673079+00:00,b70a3ec7f76076acec4fad6176089bf5,2026-06-25T02:10:00Z,draftkings,DraftKings,player_points_assists,Over,Jordin Canada,17.5,-106,2026-06-24T01:09:11Z,Golden State Valkyries,Atlanta Dream
2026-06-24T01:09:42.673079+00:00,b70a3ec7f76076acec4fad6176089bf5,2026-06-25T02:10:00Z,draftkings,DraftKings,player_points_assists,Under,Jordin Canada,17.5,-128,2026-06-24T01:09:11Z,Golden State Valkyries,Atlanta Dream
2026-06-24T01:09:42.673079+00:00,b70a3ec7f76076acec4fad6176089bf5,2026-06-25T02:10:00Z,draftkings,DraftKings,player_points_assists,Over,Angel Reese,16.5,-108,2026-06-24T01:09:11Z,Golden State Valkyries,Atlanta Dream
2026-06-24T01:09:42.673079+00:00,b70a3ec7f76076acec4fad6176089bf5,2026-06-25T02:10:00Z,draftkings,DraftKings,player_points_assists,Under,Angel Reese,16.5,-126,2026-06-24T01:09:11Z,Golden State Valkyries,Atlanta Dream
2026-06-24T01:09:42.673079+00:00,b70a3ec7f76076acec4fad6176089bf5,2026-06-25T02:10:00Z,draftkings,DraftKings,player_points_rebounds,Over,Angel Reese,25.5,-104,2026-06-24T01:09:11Z,Golden State Valkyries,Atlanta Dream
2026-06-24T01:09:42.673079+00:00,b70a3ec7f76076acec4fad6176089bf5,2026-06-25T02:10:00Z,draftkings,DraftKings,player_points_rebounds,Under,Angel Reese,25.5,-131,2026-06-24T01:09:11Z,Golden State Valkyries,Atlanta Dream
2026-06-24T01:09:42.673079+00:00,b70a3ec7f76076acec4fad6176089bf5,2026-06-25T02:10:00Z,draftkings,DraftKings,player_points_rebounds,Over,Rhyne Howard,21.5,-129,2026-06-24T01:09:11Z,Golden State Valkyries,Atlanta Dream
2026-06-24T01:09:42.673079+00:00,b70a3ec7f76076acec4fad6176089bf5,2026-06-25T02:10:00Z,draftkings,DraftKings,player_points_rebounds,Under,Rhyne Howard,21.5,-105,2026-06-24T01:09:11Z,Golden State Valkyries,Atlanta Dream
2026-06-24T01:09:42.673079+00:00,b70a3ec7f76076acec4fad6176089bf5,2026-06-25T02:10:00Z,draftkings,DraftKings,player_points_rebounds,Over,Allisha Gray,21.5,-117,2026-06-24T01:09:11Z,Golden State Valkyries,Atlanta Dream
2026-06-24T01:09:42.673079+00:00,b70a3ec7f76076acec4fad6176089bf5,2026-06-25T02:10:00Z,draftkings,DraftKings,player_points_rebounds,Under,Allisha Gray,21.5,-116,2026-06-24T01:09:11Z,Golden State Valkyries,Atlanta Dream
2026-06-24T01:09:42.673079+00:00,b70a3ec7f76076acec4fad6176089bf5,2026-06-25T02:10:00Z,draftkings,DraftKings,player_points_rebounds,Over,Gabby Williams,18.5,-118,2026-06-24T01:09:11Z,Golden State Valkyries,Atlanta Dream
2026-06-24T01:09:42.673079+00:00,b70a3ec7f76076acec4fad6176089bf5,2026-06-25T02:10:00Z,draftkings,DraftKings,player_points_rebounds,Under,Gabby Williams,18.5,-115,2026-06-24T01:09:11Z,Golden State Valkyries,Atlanta Dream
2026-06-24T01:09:42.673079+00:00,b70a3ec7f76076acec4fad6176089bf5,2026-06-25T02:10:00Z,draftkings,DraftKings,player_points_rebounds,Over,Janelle Salaun,17.5,-108,2026-06-24T01:09:11Z,Golden State Valkyries,Atlanta Dream
2026-06-24T01:09:42.673079+00:00,b70a3ec7f76076acec4fad6176089bf5,2026-06-25T02:10:00Z,draftkings,DraftKings,player_points_rebounds,Under,Janelle Salaun,17.5,-126,2026-06-24T01:09:11Z,Golden State Valkyries,Atlanta Dream
2026-06-24T01:09:42.673079+00:00,b70a3ec7f76076acec4fad6176089bf5,2026-06-25T02:10:00Z,draftkings,DraftKings,player_points_rebounds,Over,Veronica Burton,15.5,-104,2026-06-24T01:09:11Z,Golden State Valkyries,Atlanta Dream
2026-06-24T01:09:42.673079+00:00,b70a3ec7f76076acec4fad6176089bf5,2026-06-25T02:10:00Z,draftkings,DraftKings,player_points_rebounds,Under,Veronica Burton,15.5,-131,2026-06-24T01:09:11Z,Golden State Valkyries,Atlanta Dream
2026-06-24T01:09:42.673079+00:00,b70a3ec7f76076acec4fad6176089bf5,2026-06-25T02:10:00Z,draftkings,DraftKings,player_points_rebounds,Over,Naz Hillmon,14.5,-120,2026-06-24T01:09:11Z,Golden State Valkyries,Atlanta Dream
2026-06-24T01:09:42.673079+00:00,b70a3ec7f76076acec4fad6176089bf5,2026-06-25T02:10:00Z,draftkings,DraftKings,player_points_rebounds,Under,Naz Hillmon,14.5,-113,2026-06-24T01:09:11Z,Golden State Valkyries,Atlanta Dream
2026-06-24T01:09:42.673079+00:00,b70a3ec7f76076acec4fad6176089bf5,2026-06-25T02:10:00Z,draftkings,DraftKings,player_points_rebounds,Over,Jordin Canada,14.5,-108,2026-06-24T01:09:11Z,Golden State Valkyries,Atlanta Dream
2026-06-24T01:09:42.673079+00:00,b70a3ec7f76076acec4fad6176089bf5,2026-06-25T02:10:00Z,draftkings,DraftKings,player_points_rebounds,Under,Jordin Canada,14.5,-126,2026-06-24T01:09:11Z,Golden State Valkyries,Atlanta Dream
2026-06-24T01:09:42.673079+00:00,b70a3ec7f76076acec4fad6176089bf5,2026-06-25T02:10:00Z,draftkings,DraftKings,player_points_rebounds,Over,Kayla Thornton,12.5,-133,2026-06-24T01:09:11Z,Golden State Valkyries,Atlanta Dream
2026-06-24T01:09:42.673079+00:00,b70a3ec7f76076acec4fad6176089bf5,2026-06-25T02:10:00Z,draftkings,DraftKings,player_points_rebounds,Under,Kayla Thornton,12.5,-102,2026-06-24T01:09:11Z,Golden State Valkyries,Atlanta Dream
2026-06-24T01:09:42.673079+00:00,b70a3ec7f76076acec4fad6176089bf5,2026-06-25T02:10:00Z,draftkings,DraftKings,player_points_rebounds_assists,Over,Angel Reese,28.5,-107,2026-06-24T01:09:11Z,Golden State Valkyries,Atlanta Dream
2026-06-24T01:09:42.673079+00:00,b70a3ec7f76076acec4fad6176089bf5,2026-06-25T02:10:00Z,draftkings,DraftKings,player_points_rebounds_assists,Under,Angel Reese,28.5,-127,2026-06-24T01:09:11Z,Golden State Valkyries,Atlanta Dream
2026-06-24T01:09:42.673079+00:00,b70a3ec7f76076acec4fad6176089bf5,2026-06-25T02:10:00Z,draftkings,DraftKings,player_points_rebounds_assists,Over,Rhyne Howard,25.5,-122,2026-06-24T01:09:11Z,Golden State Valkyries,Atlanta Dream
2026-06-24T01:09:42.673079+00:00,b70a3ec7f76076acec4fad6176089bf5,2026-06-25T02:10:00Z,draftkings,DraftKings,player_points_rebounds_assists,Under,Rhyne Howard,25.5,-111,2026-06-24T01:09:11Z,Golden State Valkyries,Atlanta Dream
2026-06-24T01:09:42.673079+00:00,b70a3ec7f76076acec4fad6176089bf5,2026-06-25T02:10:00Z,draftkings,DraftKings,player_points_rebounds_assists,Over,Gabby Williams,20.5,-128,2026-06-24T01:09:11Z,Golden State Valkyries,Atlanta Dream
2026-06-24T01:09:42.673079+00:00,b70a3ec7f76076acec4fad6176089bf5,2026-06-25T02:10:00Z,draftkings,DraftKings,player_points_rebounds_assists,Under,Gabby Williams,20.5,-106,2026-06-24T01:09:11Z,Golden State Valkyries,Atlanta Dream
2026-06-24T01:09:42.673079+00:00,b70a3ec7f76076acec4fad6176089bf5,2026-06-25T02:10:00Z,draftkings,DraftKings,player_points_rebounds_assists,Over,Veronica Burton,20.5,-121,2026-06-24T01:09:11Z,Golden State Valkyries,Atlanta Dream
2026-06-24T01:09:42.673079+00:00,b70a3ec7f76076acec4fad6176089bf5,2026-06-25T02:10:00Z,draftkings,DraftKings,player_points_rebounds_assists,Under,Veronica Burton,20.5,-112,2026-06-24T01:09:11Z,Golden State Valkyries,Atlanta Dream
2026-06-24T01:09:42.673079+00:00,b70a3ec7f76076acec4fad6176089bf5,2026-06-25T02:10:00Z,draftkings,DraftKings,player_points_rebounds_assists,Over,Jordin Canada,20.5,-119,2026-06-24T01:09:11Z,Golden State Valkyries,Atlanta Dream
2026-06-24T01:09:42.673079+00:00,b70a3ec7f76076acec4fad6176089bf5,2026-06-25T02:10:00Z,draftkings,DraftKings,player_points_rebounds_assists,Under,Jordin Canada,20.5,-114,2026-06-24T01:09:11Z,Golden State Valkyries,Atlanta Dream
2026-06-24T01:09:42.673079+00:00,b70a3ec7f76076acec4fad6176089bf5,2026-06-25T02:10:00Z,draftkings,DraftKings,player_rebounds,Over,Angel Reese,11.5,-117,2026-06-24T01:09:11Z,Golden State Valkyries,Atlanta Dream
2026-06-24T01:09:42.673079+00:00,b70a3ec7f76076acec4fad6176089bf5,2026-06-25T02:10:00Z,draftkings,DraftKings,player_rebounds,Under,Angel Reese,11.5,-116,2026-06-24T01:09:11Z,Golden State Valkyries,Atlanta Dream
2026-06-24T01:09:42.673079+00:00,b70a3ec7f76076acec4fad6176089bf5,2026-06-25T02:10:00Z,draftkings,DraftKings,player_rebounds,Over,Naz Hillmon,5.5,-141,2026-06-24T01:09:11Z,Golden State Valkyries,Atlanta Dream
2026-06-24T01:09:42.673079+00:00,b70a3ec7f76076acec4fad6176089bf5,2026-06-25T02:10:00Z,draftkings,DraftKings,player_rebounds,Under,Naz Hillmon,5.5,104,2026-06-24T01:09:11Z,Golden State Valkyries,Atlanta Dream
2026-06-24T01:09:42.673079+00:00,b70a3ec7f76076acec4fad6176089bf5,2026-06-25T02:10:00Z,draftkings,DraftKings,player_rebounds,Over,Kayla Thornton,5.5,113,2026-06-24T01:09:11Z,Golden State Valkyries,Atlanta Dream
2026-06-24T01:09:42.673079+00:00,b70a3ec7f76076acec4fad6176089bf5,2026-06-25T02:10:00Z,draftkings,DraftKings,player_rebounds,Under,Kayla Thornton,5.5,-154,2026-06-24T01:09:11Z,Golden State Valkyries,Atlanta Dream
2026-06-24T01:09:42.673079+00:00,b70a3ec7f76076acec4fad6176089bf5,2026-06-25T02:10:00Z,draftkings,DraftKings,player_rebounds,Over,Janelle Salaun,4.5,121,2026-06-24T01:09:11Z,Golden State Valkyries,Atlanta Dream
2026-06-24T01:09:42.673079+00:00,b70a3ec7f76076acec4fad6176089bf5,2026-06-25T02:10:00Z,draftkings,DraftKings,player_rebounds,Under,Janelle Salaun,4.5,-165,2026-06-24T01:09:11Z,Golden State Valkyries,Atlanta Dream
2026-06-24T01:09:42.673079+00:00,b70a3ec7f76076acec4fad6176089bf5,2026-06-25T02:10:00Z,draftkings,DraftKings,player_rebounds,Over,Rhyne Howard,3.5,-128,2026-06-24T01:09:11Z,Golden State Valkyries,Atlanta Dream
2026-06-24T01:09:42.673079+00:00,b70a3ec7f76076acec4fad6176089bf5,2026-06-25T02:10:00Z,draftkings,DraftKings,player_rebounds,Under,Rhyne Howard,3.5,-106,2026-06-24T01:09:11Z,Golden State Valkyries,Atlanta Dream
2026-06-24T01:09:42.673079+00:00,b70a3ec7f76076acec4fad6176089bf5,2026-06-25T02:10:00Z,draftkings,DraftKings,player_rebounds,Over,Gabby Williams,3.5,-104,2026-06-24T01:09:11Z,Golden State Valkyries,Atlanta Dream
2026-06-24T01:09:42.673079+00:00,b70a3ec7f76076acec4fad6176089bf5,2026-06-25T02:10:00Z,draftkings,DraftKings,player_rebounds,Under,Gabby Williams,3.5,-131,2026-06-24T01:09:11Z,Golden State Valkyries,Atlanta Dream
2026-06-24T01:09:42.673079+00:00,b70a3ec7f76076acec4fad6176089bf5,2026-06-25T02:10:00Z,draftkings,DraftKings,player_rebounds,Over,Jordin Canada,3.5,100,2026-06-24T01:09:11Z,Golden State Valkyries,Atlanta Dream
2026-06-24T01:09:42.673079+00:00,b70a3ec7f76076acec4fad6176089bf5,2026-06-25T02:10:00Z,draftkings,DraftKings,player_rebounds,Under,Jordin Canada,3.5,-136,2026-06-24T01:09:11Z,Golden State Valkyries,Atlanta Dream
2026-06-24T01:09:42.673079+00:00,b70a3ec7f76076acec4fad6176089bf5,2026-06-25T02:10:00Z,draftkings,DraftKings,player_rebounds,Over,Veronica Burton,3.5,107,2026-06-24T01:09:11Z,Golden State Valkyries,Atlanta Dream
2026-06-24T01:09:42.673079+00:00,b70a3ec7f76076acec4fad6176089bf5,2026-06-25T02:10:00Z,draftkings,DraftKings,player_rebounds,Under,Veronica Burton,3.5,-146,2026-06-24T01:09:11Z,Golden State Valkyries,Atlanta Dream
2026-06-24T01:09:42.673079+00:00,b70a3ec7f76076acec4fad6176089bf5,2026-06-25T02:10:00Z,draftkings,DraftKings,player_rebounds,Over,Allisha Gray,3.5,109,2026-06-24T01:09:11Z,Golden State Valkyries,Atlanta Dream
2026-06-24T01:09:42.673079+00:00,b70a3ec7f76076acec4fad6176089bf5,2026-06-25T02:10:00Z,draftkings,DraftKings,player_rebounds,Under,Allisha Gray,3.5,-149,2026-06-24T01:09:11Z,Golden State Valkyries,Atlanta Dream
2026-06-24T01:09:42.673079+00:00,b70a3ec7f76076acec4fad6176089bf5,2026-06-25T02:10:00Z,draftkings,DraftKings,player_rebounds_assists,Over,Angel Reese,14.5,-111,2026-06-24T01:09:11Z,Golden State Valkyries,Atlanta Dream
2026-06-24T01:09:42.673079+00:00,b70a3ec7f76076acec4fad6176089bf5,2026-06-25T02:10:00Z,draftkings,DraftKings,player_rebounds_assists,Under,Angel Reese,14.5,-122,2026-06-24T01:09:11Z,Golden State Valkyries,Atlanta Dream
2026-06-24T01:09:42.673079+00:00,b70a3ec7f76076acec4fad6176089bf5,2026-06-25T02:10:00Z,draftkings,DraftKings,player_rebounds_assists,Over,Jordin Canada,9.5,-120,2026-06-24T01:09:11Z,Golden State Valkyries,Atlanta Dream
2026-06-24T01:09:42.673079+00:00,b70a3ec7f76076acec4fad6176089bf5,2026-06-25T02:10:00Z,draftkings,DraftKings,player_rebounds_assists,Under,Jordin Canada,9.5,-113,2026-06-24T01:09:11Z,Golden State Valkyries,Atlanta Dream
2026-06-24T01:09:42.673079+00:00,b70a3ec7f76076acec4fad6176089bf5,2026-06-25T02:10:00Z,draftkings,DraftKings,player_rebounds_assists,Over,Veronica Burton,8.5,-133,2026-06-24T01:09:11Z,Golden State Valkyries,Atlanta Dream
2026-06-24T01:09:42.673079+00:00,b70a3ec7f76076acec4fad6176089bf5,2026-06-25T02:10:00Z,draftkings,DraftKings,player_rebounds_assists,Under,Veronica Burton,8.5,-102,2026-06-24T01:09:11Z,Golden State Valkyries,Atlanta Dream
2026-06-24T01:09:42.673079+00:00,b70a3ec7f76076acec4fad6176089bf5,2026-06-25T02:10:00Z,draftkings,DraftKings,player_rebounds_assists,Over,Rhyne Howard,7.5,-109,2026-06-24T01:09:11Z,Golden State Valkyries,Atlanta Dream
2026-06-24T01:09:42.673079+00:00,b70a3ec7f76076acec4fad6176089bf5,2026-06-25T02:10:00Z,draftkings,DraftKings,player_rebounds_assists,Under,Rhyne Howard,7.5,-125,2026-06-24T01:09:11Z,Golden State Valkyries,Atlanta Dream
2026-06-24T01:09:42.673079+00:00,b70a3ec7f76076acec4fad6176089bf5,2026-06-25T02:10:00Z,draftkings,DraftKings,player_threes,Over,Rhyne Howard,2.5,-164,2026-06-24T01:09:11Z,Golden State Valkyries,Atlanta Dream
2026-06-24T01:09:42.673079+00:00,b70a3ec7f76076acec4fad6176089bf5,2026-06-25T02:10:00Z,draftkings,DraftKings,player_threes,Under,Rhyne Howard,2.5,121,2026-06-24T01:09:11Z,Golden State Valkyries,Atlanta Dream
2026-06-24T01:09:42.673079+00:00,b70a3ec7f76076acec4fad6176089bf5,2026-06-25T02:10:00Z,draftkings,DraftKings,player_threes,Over,Janelle Salaun,2.5,135,2026-06-24T01:09:11Z,Golden State Valkyries,Atlanta Dream
2026-06-24T01:09:42.673079+00:00,b70a3ec7f76076acec4fad6176089bf5,2026-06-25T02:10:00Z,draftkings,DraftKings,player_threes,Under,Janelle Salaun,2.5,-184,2026-06-24T01:09:11Z,Golden State Valkyries,Atlanta Dream
2026-06-24T01:09:42.673079+00:00,b70a3ec7f76076acec4fad6176089bf5,2026-06-25T02:10:00Z,draftkings,DraftKings,player_threes,Over,Gabby Williams,1.5,-154,2026-06-24T01:09:11Z,Golden State Valkyries,Atlanta Dream
2026-06-24T01:09:42.673079+00:00,b70a3ec7f76076acec4fad6176089bf5,2026-06-25T02:10:00Z,draftkings,DraftKings,player_threes,Under,Gabby Williams,1.5,113,2026-06-24T01:09:11Z,Golden State Valkyries,Atlanta Dream
2026-06-24T01:09:42.673079+00:00,b70a3ec7f76076acec4fad6176089bf5,2026-06-25T02:10:00Z,draftkings,DraftKings,player_threes,Over,Allisha Gray,1.5,-130,2026-06-24T01:09:11Z,Golden State Valkyries,Atlanta Dream
2026-06-24T01:09:42.673079+00:00,b70a3ec7f76076acec4fad6176089bf5,2026-06-25T02:10:00Z,draftkings,DraftKings,player_threes,Under,Allisha Gray,1.5,-105,2026-06-24T01:09:11Z,Golden State Valkyries,Atlanta Dream
2026-06-24T01:09:42.673079+00:00,b70a3ec7f76076acec4fad6176089bf5,2026-06-25T02:10:00Z,draftkings,DraftKings,player_threes,Over,Veronica Burton,1.5,131,2026-06-24T01:09:11Z,Golden State Valkyries,Atlanta Dream
2026-06-24T01:09:42.673079+00:00,b70a3ec7f76076acec4fad6176089bf5,2026-06-25T02:10:00Z,draftkings,DraftKings,player_threes,Under,Veronica Burton,1.5,-179,2026-06-24T01:09:11Z,Golden State Valkyries,Atlanta Dream
2026-06-24T01:09:42.673079+00:00,b70a3ec7f76076acec4fad6176089bf5,2026-06-25T02:10:00Z,draftkings,DraftKings,player_threes,Over,Kayla Thornton,1.5,133,2026-06-24T01:09:11Z,Golden State Valkyries,Atlanta Dream
2026-06-24T01:09:42.673079+00:00,b70a3ec7f76076acec4fad6176089bf5,2026-06-25T02:10:00Z,draftkings,DraftKings,player_threes,Under,Kayla Thornton,1.5,-182,2026-06-24T01:09:11Z,Golden State Valkyries,Atlanta Dream
2026-06-24T01:09:42.673079+00:00,b70a3ec7f76076acec4fad6176089bf5,2026-06-25T02:10:00Z,draftkings,DraftKings,player_threes,Over,Cecilia Zandalasini,1.5,141,2026-06-24T01:09:11Z,Golden State Valkyries,Atlanta Dream
2026-06-24T01:09:42.673079+00:00,b70a3ec7f76076acec4fad6176089bf5,2026-06-25T02:10:00Z,draftkings,DraftKings,player_threes,Under,Cecilia Zandalasini,1.5,-194,2026-06-24T01:09:11Z,Golden State Valkyries,Atlanta Dream
2026-06-24T01:09:42.673079+00:00,b70a3ec7f76076acec4fad6176089bf5,2026-06-25T02:10:00Z,fanatics,Fanatics,player_double_double,Yes,Angel Reese,,-145,2026-06-24T01:09:10Z,Golden State Valkyries,Atlanta Dream
2026-06-24T01:09:42.673079+00:00,b70a3ec7f76076acec4fad6176089bf5,2026-06-25T02:10:00Z,fanatics,Fanatics,player_double_double,Yes,Rhyne Howard,,3500,2026-06-24T01:09:10Z,Golden State Valkyries,Atlanta Dream
2026-06-24T01:09:42.673079+00:00,b70a3ec7f76076acec4fad6176089bf5,2026-06-25T02:10:00Z,fanatics,Fanatics,player_double_double,Yes,Veronica Burton,,1200,2026-06-24T01:09:10Z,Golden State Valkyries,Atlanta Dream
2026-06-24T01:09:42.673079+00:00,b70a3ec7f76076acec4fad6176089bf5,2026-06-25T02:10:00Z,fanatics,Fanatics,player_double_double,Yes,Jordin Canada,,850,2026-06-24T01:09:10Z,Golden State Valkyries,Atlanta Dream
2026-06-24T01:09:42.673079+00:00,b70a3ec7f76076acec4fad6176089bf5,2026-06-25T02:10:00Z,williamhill_us,Caesars,player_assists,Over,Jordin Canada,6.5,110,2026-06-24T01:05:09Z,Golden State Valkyries,Atlanta Dream
2026-06-24T01:09:42.673079+00:00,b70a3ec7f76076acec4fad6176089bf5,2026-06-25T02:10:00Z,williamhill_us,Caesars,player_assists,Under,Jordin Canada,6.5,-148,2026-06-24T01:05:09Z,Golden State Valkyries,Atlanta Dream
2026-06-24T01:09:42.673079+00:00,b70a3ec7f76076acec4fad6176089bf5,2026-06-25T02:10:00Z,williamhill_us,Caesars,player_assists,Over,Rhyne Howard,3.5,-122,2026-06-24T01:05:09Z,Golden State Valkyries,Atlanta Dream
2026-06-24T01:09:42.673079+00:00,b70a3ec7f76076acec4fad6176089bf5,2026-06-25T02:10:00Z,williamhill_us,Caesars,player_assists,Under,Rhyne Howard,3.5,-108,2026-06-24T01:05:09Z,Golden State Valkyries,Atlanta Dream
2026-06-24T01:09:42.673079+00:00,b70a3ec7f76076acec4fad6176089bf5,2026-06-25T02:10:00Z,williamhill_us,Caesars,player_assists,Over,Veronica Burton,5.5,-106,2026-06-24T01:05:09Z,Golden State Valkyries,Atlanta Dream
2026-06-24T01:09:42.673079+00:00,b70a3ec7f76076acec4fad6176089bf5,2026-06-25T02:10:00Z,williamhill_us,Caesars,player_assists,Under,Veronica Burton,5.5,-125,2026-06-24T01:05:09Z,Golden State Valkyries,Atlanta Dream
2026-06-24T01:09:42.673079+00:00,b70a3ec7f76076acec4fad6176089bf5,2026-06-25T02:10:00Z,williamhill_us,Caesars,player_double_double,Yes,Angel Reese,,-170,2026-06-24T01:05:09Z,Golden State Valkyries,Atlanta Dream
2026-06-24T01:09:42.673079+00:00,b70a3ec7f76076acec4fad6176089bf5,2026-06-25T02:10:00Z,williamhill_us,Caesars,player_double_double,Yes,Jordin Canada,,950,2026-06-24T01:05:09Z,Golden State Valkyries,Atlanta Dream
2026-06-24T01:09:42.673079+00:00,b70a3ec7f76076acec4fad6176089bf5,2026-06-25T02:10:00Z,williamhill_us,Caesars,player_double_double,Yes,Veronica Burton,,1300,2026-06-24T01:05:09Z,Golden State Valkyries,Atlanta Dream
2026-06-24T01:09:42.673079+00:00,b70a3ec7f76076acec4fad6176089bf5,2026-06-25T02:10:00Z,williamhill_us,Caesars,player_points,Over,Angel Reese,14.5,108,2026-06-24T01:05:09Z,Golden State Valkyries,Atlanta Dream
2026-06-24T01:09:42.673079+00:00,b70a3ec7f76076acec4fad6176089bf5,2026-06-25T02:10:00Z,williamhill_us,Caesars,player_points,Under,Angel Reese,14.5,-143,2026-06-24T01:05:09Z,Golden State Valkyries,Atlanta Dream
2026-06-24T01:09:42.673079+00:00,b70a3ec7f76076acec4fad6176089bf5,2026-06-25T02:10:00Z,williamhill_us,Caesars,player_points,Over,Rhyne Howard,17.5,-127,2026-06-24T01:05:09Z,Golden State Valkyries,Atlanta Dream
2026-06-24T01:09:42.673079+00:00,b70a3ec7f76076acec4fad6176089bf5,2026-06-25T02:10:00Z,williamhill_us,Caesars,player_points,Under,Rhyne Howard,17.5,-105,2026-06-24T01:05:09Z,Golden State Valkyries,Atlanta Dream
2026-06-24T01:09:42.673079+00:00,b70a3ec7f76076acec4fad6176089bf5,2026-06-25T02:10:00Z,williamhill_us,Caesars,player_points,Over,Cecilia Zandalasini,8.5,-120,2026-06-24T01:05:09Z,Golden State Valkyries,Atlanta Dream
2026-06-24T01:09:42.673079+00:00,b70a3ec7f76076acec4fad6176089bf5,2026-06-25T02:10:00Z,williamhill_us,Caesars,player_points,Under,Cecilia Zandalasini,8.5,-112,2026-06-24T01:05:09Z,Golden State Valkyries,Atlanta Dream
2026-06-24T01:09:42.673079+00:00,b70a3ec7f76076acec4fad6176089bf5,2026-06-25T02:10:00Z,williamhill_us,Caesars,player_points,Over,Veronica Burton,11.5,-125,2026-06-24T01:05:09Z,Golden State Valkyries,Atlanta Dream
2026-06-24T01:09:42.673079+00:00,b70a3ec7f76076acec4fad6176089bf5,2026-06-25T02:10:00Z,williamhill_us,Caesars,player_points,Under,Veronica Burton,11.5,-106,2026-06-24T01:05:09Z,Golden State Valkyries,Atlanta Dream
2026-06-24T01:09:42.673079+00:00,b70a3ec7f76076acec4fad6176089bf5,2026-06-25T02:10:00Z,williamhill_us,Caesars,player_points,Over,Jordin Canada,10.5,-129,2026-06-24T01:05:09Z,Golden State Valkyries,Atlanta Dream
2026-06-24T01:09:42.673079+00:00,b70a3ec7f76076acec4fad6176089bf5,2026-06-25T02:10:00Z,williamhill_us,Caesars,player_points,Under,Jordin Canada,10.5,-104,2026-06-24T01:05:09Z,Golden State Valkyries,Atlanta Dream
2026-06-24T01:09:42.673079+00:00,b70a3ec7f76076acec4fad6176089bf5,2026-06-25T02:10:00Z,williamhill_us,Caesars,player_points,Over,Gabby Williams,14.5,-130,2026-06-24T01:05:09Z,Golden State Valkyries,Atlanta Dream
2026-06-24T01:09:42.673079+00:00,b70a3ec7f76076acec4fad6176089bf5,2026-06-25T02:10:00Z,williamhill_us,Caesars,player_points,Under,Gabby Williams,14.5,-103,2026-06-24T01:05:09Z,Golden State Valkyries,Atlanta Dream
2026-06-24T01:09:42.673079+00:00,b70a3ec7f76076acec4fad6176089bf5,2026-06-25T02:10:00Z,williamhill_us,Caesars,player_points,Over,Janelle Salaun,12.5,-132,2026-06-24T01:05:09Z,Golden State Valkyries,Atlanta Dream
2026-06-24T01:09:42.673079+00:00,b70a3ec7f76076acec4fad6176089bf5,2026-06-25T02:10:00Z,williamhill_us,Caesars,player_points,Under,Janelle Salaun,12.5,100,2026-06-24T01:05:09Z,Golden State Valkyries,Atlanta Dream
2026-06-24T01:09:42.673079+00:00,b70a3ec7f76076acec4fad6176089bf5,2026-06-25T02:10:00Z,williamhill_us,Caesars,player_points,Over,Kayla Thornton,7.5,-130,2026-06-24T01:05:09Z,Golden State Valkyries,Atlanta Dream
2026-06-24T01:09:42.673079+00:00,b70a3ec7f76076acec4fad6176089bf5,2026-06-25T02:10:00Z,williamhill_us,Caesars,player_points,Under,Kayla Thornton,7.5,-103,2026-06-24T01:05:09Z,Golden State Valkyries,Atlanta Dream
2026-06-24T01:09:42.673079+00:00,b70a3ec7f76076acec4fad6176089bf5,2026-06-25T02:10:00Z,williamhill_us,Caesars,player_points,Over,Allisha Gray,17.5,-130,2026-06-24T01:05:09Z,Golden State Valkyries,Atlanta Dream
2026-06-24T01:09:42.673079+00:00,b70a3ec7f76076acec4fad6176089bf5,2026-06-25T02:10:00Z,williamhill_us,Caesars,player_points,Under,Allisha Gray,17.5,-103,2026-06-24T01:05:09Z,Golden State Valkyries,Atlanta Dream
2026-06-24T01:09:42.673079+00:00,b70a3ec7f76076acec4fad6176089bf5,2026-06-25T02:10:00Z,williamhill_us,Caesars,player_points,Over,Naz Hillmon,8.5,-121,2026-06-24T01:05:09Z,Golden State Valkyries,Atlanta Dream
2026-06-24T01:09:42.673079+00:00,b70a3ec7f76076acec4fad6176089bf5,2026-06-25T02:10:00Z,williamhill_us,Caesars,player_points,Under,Naz Hillmon,8.5,-110,2026-06-24T01:05:09Z,Golden State Valkyries,Atlanta Dream
2026-06-24T01:09:42.673079+00:00,b70a3ec7f76076acec4fad6176089bf5,2026-06-25T02:10:00Z,williamhill_us,Caesars,player_rebounds,Over,Rhyne Howard,3.5,-138,2026-06-24T01:05:09Z,Golden State Valkyries,Atlanta Dream
2026-06-24T01:09:42.673079+00:00,b70a3ec7f76076acec4fad6176089bf5,2026-06-25T02:10:00Z,williamhill_us,Caesars,player_rebounds,Under,Rhyne Howard,3.5,102,2026-06-24T01:05:09Z,Golden State Valkyries,Atlanta Dream
2026-06-24T01:09:42.673079+00:00,b70a3ec7f76076acec4fad6176089bf5,2026-06-25T02:10:00Z,williamhill_us,Caesars,player_rebounds,Over,Veronica Burton,3.5,108,2026-06-24T01:05:09Z,Golden State Valkyries,Atlanta Dream
2026-06-24T01:09:42.673079+00:00,b70a3ec7f76076acec4fad6176089bf5,2026-06-25T02:10:00Z,williamhill_us,Caesars,player_rebounds,Under,Veronica Burton,3.5,-143,2026-06-24T01:05:09Z,Golden State Valkyries,Atlanta Dream
2026-06-24T01:09:42.673079+00:00,b70a3ec7f76076acec4fad6176089bf5,2026-06-25T02:10:00Z,williamhill_us,Caesars,player_rebounds,Over,Kayla Thornton,5.5,117,2026-06-24T01:05:09Z,Golden State Valkyries,Atlanta Dream
2026-06-24T01:09:42.673079+00:00,b70a3ec7f76076acec4fad6176089bf5,2026-06-25T02:10:00Z,williamhill_us,Caesars,player_rebounds,Under,Kayla Thornton,5.5,-157,2026-06-24T01:05:09Z,Golden State Valkyries,Atlanta Dream
2026-06-24T01:09:42.673079+00:00,b70a3ec7f76076acec4fad6176089bf5,2026-06-25T02:10:00Z,williamhill_us,Caesars,player_rebounds,Over,Janelle Salaun,3.5,-164,2026-06-24T01:05:09Z,Golden State Valkyries,Atlanta Dream
2026-06-24T01:09:42.673079+00:00,b70a3ec7f76076acec4fad6176089bf5,2026-06-25T02:10:00Z,williamhill_us,Caesars,player_rebounds,Under,Janelle Salaun,3.5,123,2026-06-24T01:05:09Z,Golden State Valkyries,Atlanta Dream
2026-06-24T01:09:42.673079+00:00,b70a3ec7f76076acec4fad6176089bf5,2026-06-25T02:10:00Z,williamhill_us,Caesars,player_rebounds,Over,Gabby Williams,3.5,-104,2026-06-24T01:05:09Z,Golden State Valkyries,Atlanta Dream
2026-06-24T01:09:42.673079+00:00,b70a3ec7f76076acec4fad6176089bf5,2026-06-25T02:10:00Z,williamhill_us,Caesars,player_rebounds,Under,Gabby Williams,3.5,-129,2026-06-24T01:05:09Z,Golden State Valkyries,Atlanta Dream
2026-06-24T01:09:42.673079+00:00,b70a3ec7f76076acec4fad6176089bf5,2026-06-25T02:10:00Z,williamhill_us,Caesars,player_rebounds,Over,Naz Hillmon,5.5,-137,2026-06-24T01:05:09Z,Golden State Valkyries,Atlanta Dream
2026-06-24T01:09:42.673079+00:00,b70a3ec7f76076acec4fad6176089bf5,2026-06-25T02:10:00Z,williamhill_us,Caesars,player_rebounds,Under,Naz Hillmon,5.5,103,2026-06-24T01:05:09Z,Golden State Valkyries,Atlanta Dream
2026-06-24T01:09:42.673079+00:00,b70a3ec7f76076acec4fad6176089bf5,2026-06-25T02:10:00Z,williamhill_us,Caesars,player_rebounds,Over,Angel Reese,11.5,-117,2026-06-24T01:05:09Z,Golden State Valkyries,Atlanta Dream
2026-06-24T01:09:42.673079+00:00,b70a3ec7f76076acec4fad6176089bf5,2026-06-25T02:10:00Z,williamhill_us,Caesars,player_rebounds,Under,Angel Reese,11.5,-114,2026-06-24T01:05:09Z,Golden State Valkyries,Atlanta Dream
2026-06-24T01:09:42.673079+00:00,b70a3ec7f76076acec4fad6176089bf5,2026-06-25T02:10:00Z,williamhill_us,Caesars,player_rebounds,Over,Allisha Gray,3.5,110,2026-06-24T01:05:09Z,Golden State Valkyries,Atlanta Dream
2026-06-24T01:09:42.673079+00:00,b70a3ec7f76076acec4fad6176089bf5,2026-06-25T02:10:00Z,williamhill_us,Caesars,player_rebounds,Under,Allisha Gray,3.5,-148,2026-06-24T01:05:09Z,Golden State Valkyries,Atlanta Dream
2026-06-24T01:09:42.673079+00:00,b70a3ec7f76076acec4fad6176089bf5,2026-06-25T02:10:00Z,williamhill_us,Caesars,player_rebounds,Over,Jordin Canada,3.5,-102,2026-06-24T01:05:09Z,Golden State Valkyries,Atlanta Dream
2026-06-24T01:09:42.673079+00:00,b70a3ec7f76076acec4fad6176089bf5,2026-06-25T02:10:00Z,williamhill_us,Caesars,player_rebounds,Under,Jordin Canada,3.5,-132,2026-06-24T01:05:09Z,Golden State Valkyries,Atlanta Dream
2026-06-24T01:09:42.673079+00:00,b70a3ec7f76076acec4fad6176089bf5,2026-06-25T02:10:00Z,williamhill_us,Caesars,player_threes,Over,Rhyne Howard,2.5,-157,2026-06-24T01:05:09Z,Golden State Valkyries,Atlanta Dream
2026-06-24T01:09:42.673079+00:00,b70a3ec7f76076acec4fad6176089bf5,2026-06-25T02:10:00Z,williamhill_us,Caesars,player_threes,Under,Rhyne Howard,2.5,117,2026-06-24T01:05:09Z,Golden State Valkyries,Atlanta Dream
2026-06-24T01:09:42.673079+00:00,b70a3ec7f76076acec4fad6176089bf5,2026-06-25T02:10:00Z,williamhill_us,Caesars,player_threes,Over,Kayla Thornton,1.5,138,2026-06-24T01:05:09Z,Golden State Valkyries,Atlanta Dream
2026-06-24T01:09:42.673079+00:00,b70a3ec7f76076acec4fad6176089bf5,2026-06-25T02:10:00Z,williamhill_us,Caesars,player_threes,Under,Kayla Thornton,1.5,-190,2026-06-24T01:05:09Z,Golden State Valkyries,Atlanta Dream
2026-06-24T01:09:42.673079+00:00,b70a3ec7f76076acec4fad6176089bf5,2026-06-25T02:10:00Z,williamhill_us,Caesars,player_threes,Over,Allisha Gray,1.5,-136,2026-06-24T01:05:09Z,Golden State Valkyries,Atlanta Dream
2026-06-24T01:09:42.673079+00:00,b70a3ec7f76076acec4fad6176089bf5,2026-06-25T02:10:00Z,williamhill_us,Caesars,player_threes,Under,Allisha Gray,1.5,101,2026-06-24T01:05:09Z,Golden State Valkyries,Atlanta Dream
2026-06-24T01:09:42.673079+00:00,b70a3ec7f76076acec4fad6176089bf5,2026-06-25T02:10:00Z,williamhill_us,Caesars,player_threes,Over,Janelle Salaun,2.5,137,2026-06-24T01:05:09Z,Golden State Valkyries,Atlanta Dream
2026-06-24T01:09:42.673079+00:00,b70a3ec7f76076acec4fad6176089bf5,2026-06-25T02:10:00Z,williamhill_us,Caesars,player_threes,Under,Janelle Salaun,2.5,-190,2026-06-24T01:05:09Z,Golden State Valkyries,Atlanta Dream
2026-06-24T01:09:42.673079+00:00,b70a3ec7f76076acec4fad6176089bf5,2026-06-25T02:10:00Z,williamhill_us,Caesars,player_threes,Over,Gabby Williams,1.5,-154,2026-06-24T01:05:09Z,Golden State Valkyries,Atlanta Dream
2026-06-24T01:09:42.673079+00:00,b70a3ec7f76076acec4fad6176089bf5,2026-06-25T02:10:00Z,williamhill_us,Caesars,player_threes,Under,Gabby Williams,1.5,115,2026-06-24T01:05:09Z,Golden State Valkyries,Atlanta Dream
2026-06-24T01:09:42.673079+00:00,b70a3ec7f76076acec4fad6176089bf5,2026-06-25T02:10:00Z,williamhill_us,Caesars,player_threes,Over,Cecilia Zandalasini,1.5,139,2026-06-24T01:05:09Z,Golden State Valkyries,Atlanta Dream
2026-06-24T01:09:42.673079+00:00,b70a3ec7f76076acec4fad6176089bf5,2026-06-25T02:10:00Z,williamhill_us,Caesars,player_threes,Under,Cecilia Zandalasini,1.5,-190,2026-06-24T01:05:09Z,Golden State Valkyries,Atlanta Dream
2026-06-24T01:09:42.673079+00:00,b70a3ec7f76076acec4fad6176089bf5,2026-06-25T02:10:00Z,williamhill_us,Caesars,player_threes,Over,Veronica Burton,1.5,144,2026-06-24T01:05:09Z,Golden State Valkyries,Atlanta Dream
2026-06-24T01:09:42.673079+00:00,b70a3ec7f76076acec4fad6176089bf5,2026-06-25T02:10:00Z,williamhill_us,Caesars,player_threes,Under,Veronica Burton,1.5,-197,2026-06-24T01:05:09Z,Golden State Valkyries,Atlanta Dream
2026-06-24T01:09:42.673079+00:00,b70a3ec7f76076acec4fad6176089bf5,2026-06-25T02:10:00Z,fanduel,FanDuel,player_assists,Over,Angel Reese,2.5,-146,2026-06-24T01:09:34Z,Golden State Valkyries,Atlanta Dream
2026-06-24T01:09:42.673079+00:00,b70a3ec7f76076acec4fad6176089bf5,2026-06-25T02:10:00Z,fanduel,FanDuel,player_assists,Under,Angel Reese,2.5,110,2026-06-24T01:09:34Z,Golden State Valkyries,Atlanta Dream
2026-06-24T01:09:42.673079+00:00,b70a3ec7f76076acec4fad6176089bf5,2026-06-25T02:10:00Z,fanduel,FanDuel,player_assists,Over,Jordin Canada,6.5,108,2026-06-24T01:09:34Z,Golden State Valkyries,Atlanta Dream
2026-06-24T01:09:42.673079+00:00,b70a3ec7f76076acec4fad6176089bf5,2026-06-25T02:10:00Z,fanduel,FanDuel,player_assists,Under,Jordin Canada,6.5,-144,2026-06-24T01:09:34Z,Golden State Valkyries,Atlanta Dream
2026-06-24T01:09:42.673079+00:00,b70a3ec7f76076acec4fad6176089bf5,2026-06-25T02:10:00Z,fanduel,FanDuel,player_assists,Over,Veronica Burton,5.5,-106,2026-06-24T01:09:34Z,Golden State Valkyries,Atlanta Dream
2026-06-24T01:09:42.673079+00:00,b70a3ec7f76076acec4fad6176089bf5,2026-06-25T02:10:00Z,fanduel,FanDuel,player_assists,Under,Veronica Burton,5.5,-125,2026-06-24T01:09:34Z,Golden State Valkyries,Atlanta Dream
2026-06-24T01:09:42.673079+00:00,b70a3ec7f76076acec4fad6176089bf5,2026-06-25T02:10:00Z,fanduel,FanDuel,player_assists,Over,Rhyne Howard,3.5,-125,2026-06-24T01:09:34Z,Golden State Valkyries,Atlanta Dream
2026-06-24T01:09:42.673079+00:00,b70a3ec7f76076acec4fad6176089bf5,2026-06-25T02:10:00Z,fanduel,FanDuel,player_assists,Under,Rhyne Howard,3.5,-106,2026-06-24T01:09:34Z,Golden State Valkyries,Atlanta Dream
2026-06-24T01:09:42.673079+00:00,b70a3ec7f76076acec4fad6176089bf5,2026-06-25T02:10:00Z,fanduel,FanDuel,player_double_double,Yes,Angel Reese,,-185,2026-06-24T01:09:34Z,Golden State Valkyries,Atlanta Dream
2026-06-24T01:09:42.673079+00:00,b70a3ec7f76076acec4fad6176089bf5,2026-06-25T02:10:00Z,fanduel,FanDuel,player_double_double,Yes,Jordin Canada,,950,2026-06-24T01:09:34Z,Golden State Valkyries,Atlanta Dream
2026-06-24T01:09:42.673079+00:00,b70a3ec7f76076acec4fad6176089bf5,2026-06-25T02:10:00Z,fanduel,FanDuel,player_double_double,Yes,Naz Hillmon,,1400,2026-06-24T01:09:34Z,Golden State Valkyries,Atlanta Dream
2026-06-24T01:09:42.673079+00:00,b70a3ec7f76076acec4fad6176089bf5,2026-06-25T02:10:00Z,fanduel,FanDuel,player_double_double,Yes,Veronica Burton,,1500,2026-06-24T01:09:34Z,Golden State Valkyries,Atlanta Dream
2026-06-24T01:09:42.673079+00:00,b70a3ec7f76076acec4fad6176089bf5,2026-06-25T02:10:00Z,fanduel,FanDuel,player_double_double,Yes,Kayla Thornton,,2000,2026-06-24T01:09:34Z,Golden State Valkyries,Atlanta Dream
2026-06-24T01:09:42.673079+00:00,b70a3ec7f76076acec4fad6176089bf5,2026-06-25T02:10:00Z,fanduel,FanDuel,player_points,Over,Kayla Thornton,7.5,-128,2026-06-24T01:09:34Z,Golden State Valkyries,Atlanta Dream
2026-06-24T01:09:42.673079+00:00,b70a3ec7f76076acec4fad6176089bf5,2026-06-25T02:10:00Z,fanduel,FanDuel,player_points,Under,Kayla Thornton,7.5,-102,2026-06-24T01:09:34Z,Golden State Valkyries,Atlanta Dream
2026-06-24T01:09:42.673079+00:00,b70a3ec7f76076acec4fad6176089bf5,2026-06-25T02:10:00Z,fanduel,FanDuel,player_points,Over,Janelle Salaun,12.5,-128,2026-06-24T01:09:34Z,Golden State Valkyries,Atlanta Dream
2026-06-24T01:09:42.673079+00:00,b70a3ec7f76076acec4fad6176089bf5,2026-06-25T02:10:00Z,fanduel,FanDuel,player_points,Under,Janelle Salaun,12.5,-102,2026-06-24T01:09:34Z,Golden State Valkyries,Atlanta Dream
2026-06-24T01:09:42.673079+00:00,b70a3ec7f76076acec4fad6176089bf5,2026-06-25T02:10:00Z,fanduel,FanDuel,player_points,Over,Jordin Canada,10.5,-122,2026-06-24T01:09:34Z,Golden State Valkyries,Atlanta Dream
2026-06-24T01:09:42.673079+00:00,b70a3ec7f76076acec4fad6176089bf5,2026-06-25T02:10:00Z,fanduel,FanDuel,player_points,Under,Jordin Canada,10.5,-106,2026-06-24T01:09:34Z,Golden State Valkyries,Atlanta Dream
2026-06-24T01:09:42.673079+00:00,b70a3ec7f76076acec4fad6176089bf5,2026-06-25T02:10:00Z,fanduel,FanDuel,player_points,Over,Angel Reese,14.5,104,2026-06-24T01:09:34Z,Golden State Valkyries,Atlanta Dream
2026-06-24T01:09:42.673079+00:00,b70a3ec7f76076acec4fad6176089bf5,2026-06-25T02:10:00Z,fanduel,FanDuel,player_points,Under,Angel Reese,14.5,-138,2026-06-24T01:09:34Z,Golden State Valkyries,Atlanta Dream
2026-06-24T01:09:42.673079+00:00,b70a3ec7f76076acec4fad6176089bf5,2026-06-25T02:10:00Z,fanduel,FanDuel,player_points,Over,Allisha Gray,17.5,-120,2026-06-24T01:09:34Z,Golden State Valkyries,Atlanta Dream
2026-06-24T01:09:42.673079+00:00,b70a3ec7f76076acec4fad6176089bf5,2026-06-25T02:10:00Z,fanduel,FanDuel,player_points,Under,Allisha Gray,17.5,-108,2026-06-24T01:09:34Z,Golden State Valkyries,Atlanta Dream
2026-06-24T01:09:42.673079+00:00,b70a3ec7f76076acec4fad6176089bf5,2026-06-25T02:10:00Z,fanduel,FanDuel,player_points,Over,Rhyne Howard,17.5,-120,2026-06-24T01:09:34Z,Golden State Valkyries,Atlanta Dream
2026-06-24T01:09:42.673079+00:00,b70a3ec7f76076acec4fad6176089bf5,2026-06-25T02:10:00Z,fanduel,FanDuel,player_points,Under,Rhyne Howard,17.5,-108,2026-06-24T01:09:34Z,Golden State Valkyries,Atlanta Dream
2026-06-24T01:09:42.673079+00:00,b70a3ec7f76076acec4fad6176089bf5,2026-06-25T02:10:00Z,fanduel,FanDuel,player_points,Over,Veronica Burton,11.5,-122,2026-06-24T01:09:34Z,Golden State Valkyries,Atlanta Dream
2026-06-24T01:09:42.673079+00:00,b70a3ec7f76076acec4fad6176089bf5,2026-06-25T02:10:00Z,fanduel,FanDuel,player_points,Under,Veronica Burton,11.5,-106,2026-06-24T01:09:34Z,Golden State Valkyries,Atlanta Dream
2026-06-24T01:09:42.673079+00:00,b70a3ec7f76076acec4fad6176089bf5,2026-06-25T02:10:00Z,fanduel,FanDuel,player_points,Over,Naz Hillmon,8.5,-128,2026-06-24T01:09:34Z,Golden State Valkyries,Atlanta Dream
2026-06-24T01:09:42.673079+00:00,b70a3ec7f76076acec4fad6176089bf5,2026-06-25T02:10:00Z,fanduel,FanDuel,player_points,Under,Naz Hillmon,8.5,-102,2026-06-24T01:09:34Z,Golden State Valkyries,Atlanta Dream
2026-06-24T01:09:42.673079+00:00,b70a3ec7f76076acec4fad6176089bf5,2026-06-25T02:10:00Z,fanduel,FanDuel,player_points,Over,Gabby Williams,14.5,-128,2026-06-24T01:09:34Z,Golden State Valkyries,Atlanta Dream
2026-06-24T01:09:42.673079+00:00,b70a3ec7f76076acec4fad6176089bf5,2026-06-25T02:10:00Z,fanduel,FanDuel,player_points,Under,Gabby Williams,14.5,-102,2026-06-24T01:09:34Z,Golden State Valkyries,Atlanta Dream
2026-06-24T01:09:42.673079+00:00,b70a3ec7f76076acec4fad6176089bf5,2026-06-25T02:10:00Z,fanduel,FanDuel,player_points,Over,Cecilia Zandalasini,8.5,-114,2026-06-24T01:09:34Z,Golden State Valkyries,Atlanta Dream
2026-06-24T01:09:42.673079+00:00,b70a3ec7f76076acec4fad6176089bf5,2026-06-25T02:10:00Z,fanduel,FanDuel,player_points,Under,Cecilia Zandalasini,8.5,-114,2026-06-24T01:09:34Z,Golden State Valkyries,Atlanta Dream
2026-06-24T01:09:42.673079+00:00,b70a3ec7f76076acec4fad6176089bf5,2026-06-25T02:10:00Z,fanduel,FanDuel,player_points_assists,Over,Angel Reese,16.5,-130,2026-06-24T01:09:34Z,Golden State Valkyries,Atlanta Dream
2026-06-24T01:09:42.673079+00:00,b70a3ec7f76076acec4fad6176089bf5,2026-06-25T02:10:00Z,fanduel,FanDuel,player_points_assists,Under,Angel Reese,16.5,-102,2026-06-24T01:09:34Z,Golden State Valkyries,Atlanta Dream
2026-06-24T01:09:42.673079+00:00,b70a3ec7f76076acec4fad6176089bf5,2026-06-25T02:10:00Z,fanduel,FanDuel,player_points_assists,Over,Jordin Canada,17.5,-110,2026-06-24T01:09:34Z,Golden State Valkyries,Atlanta Dream
2026-06-24T01:09:42.673079+00:00,b70a3ec7f76076acec4fad6176089bf5,2026-06-25T02:10:00Z,fanduel,FanDuel,player_points_assists,Under,Jordin Canada,17.5,-120,2026-06-24T01:09:34Z,Golden State Valkyries,Atlanta Dream
2026-06-24T01:09:42.673079+00:00,b70a3ec7f76076acec4fad6176089bf5,2026-06-25T02:10:00Z,fanduel,FanDuel,player_points_assists,Over,Veronica Burton,17.5,-114,2026-06-24T01:09:34Z,Golden State Valkyries,Atlanta Dream
2026-06-24T01:09:42.673079+00:00,b70a3ec7f76076acec4fad6176089bf5,2026-06-25T02:10:00Z,fanduel,FanDuel,player_points_assists,Under,Veronica Burton,17.5,-114,2026-06-24T01:09:34Z,Golden State Valkyries,Atlanta Dream
2026-06-24T01:09:42.673079+00:00,b70a3ec7f76076acec4fad6176089bf5,2026-06-25T02:10:00Z,fanduel,FanDuel,player_points_assists,Over,Rhyne Howard,21.5,-114,2026-06-24T01:09:34Z,Golden State Valkyries,Atlanta Dream
2026-06-24T01:09:42.673079+00:00,b70a3ec7f76076acec4fad6176089bf5,2026-06-25T02:10:00Z,fanduel,FanDuel,player_points_assists,Under,Rhyne Howard,21.5,-114,2026-06-24T01:09:34Z,Golden State Valkyries,Atlanta Dream
2026-06-24T01:09:42.673079+00:00,b70a3ec7f76076acec4fad6176089bf5,2026-06-25T02:10:00Z,fanduel,FanDuel,player_points_rebounds,Over,Kayla Thornton,13.5,-102,2026-06-24T01:09:34Z,Golden State Valkyries,Atlanta Dream
2026-06-24T01:09:42.673079+00:00,b70a3ec7f76076acec4fad6176089bf5,2026-06-25T02:10:00Z,fanduel,FanDuel,player_points_rebounds,Under,Kayla Thornton,13.5,-130,2026-06-24T01:09:34Z,Golden State Valkyries,Atlanta Dream
2026-06-24T01:09:42.673079+00:00,b70a3ec7f76076acec4fad6176089bf5,2026-06-25T02:10:00Z,fanduel,FanDuel,player_points_rebounds,Over,Angel Reese,25.5,-118,2026-06-24T01:09:34Z,Golden State Valkyries,Atlanta Dream
2026-06-24T01:09:42.673079+00:00,b70a3ec7f76076acec4fad6176089bf5,2026-06-25T02:10:00Z,fanduel,FanDuel,player_points_rebounds,Under,Angel Reese,25.5,-112,2026-06-24T01:09:34Z,Golden State Valkyries,Atlanta Dream
2026-06-24T01:09:42.673079+00:00,b70a3ec7f76076acec4fad6176089bf5,2026-06-25T02:10:00Z,fanduel,FanDuel,player_points_rebounds,Over,Gabby Williams,18.5,-118,2026-06-24T01:09:34Z,Golden State Valkyries,Atlanta Dream
2026-06-24T01:09:42.673079+00:00,b70a3ec7f76076acec4fad6176089bf5,2026-06-25T02:10:00Z,fanduel,FanDuel,player_points_rebounds,Under,Gabby Williams,18.5,-112,2026-06-24T01:09:34Z,Golden State Valkyries,Atlanta Dream
2026-06-24T01:09:42.673079+00:00,b70a3ec7f76076acec4fad6176089bf5,2026-06-25T02:10:00Z,fanduel,FanDuel,player_points_rebounds,Over,Jordin Canada,14.5,-104,2026-06-24T01:09:34Z,Golden State Valkyries,Atlanta Dream
2026-06-24T01:09:42.673079+00:00,b70a3ec7f76076acec4fad6176089bf5,2026-06-25T02:10:00Z,fanduel,FanDuel,player_points_rebounds,Under,Jordin Canada,14.5,-128,2026-06-24T01:09:34Z,Golden State Valkyries,Atlanta Dream
2026-06-24T01:09:42.673079+00:00,b70a3ec7f76076acec4fad6176089bf5,2026-06-25T02:10:00Z,fanduel,FanDuel,player_points_rebounds,Over,Veronica Burton,15.5,-104,2026-06-24T01:09:34Z,Golden State Valkyries,Atlanta Dream
2026-06-24T01:09:42.673079+00:00,b70a3ec7f76076acec4fad6176089bf5,2026-06-25T02:10:00Z,fanduel,FanDuel,player_points_rebounds,Under,Veronica Burton,15.5,-128,2026-06-24T01:09:34Z,Golden State Valkyries,Atlanta Dream
2026-06-24T01:09:42.673079+00:00,b70a3ec7f76076acec4fad6176089bf5,2026-06-25T02:10:00Z,fanduel,FanDuel,player_points_rebounds,Over,Naz Hillmon,14.5,-130,2026-06-24T01:09:34Z,Golden State Valkyries,Atlanta Dream
2026-06-24T01:09:42.673079+00:00,b70a3ec7f76076acec4fad6176089bf5,2026-06-25T02:10:00Z,fanduel,FanDuel,player_points_rebounds,Under,Naz Hillmon,14.5,-102,2026-06-24T01:09:34Z,Golden State Valkyries,Atlanta Dream
2026-06-24T01:09:42.673079+00:00,b70a3ec7f76076acec4fad6176089bf5,2026-06-25T02:10:00Z,fanduel,FanDuel,player_points_rebounds,Over,Rhyne Howard,21.5,-118,2026-06-24T01:09:34Z,Golden State Valkyries,Atlanta Dream
2026-06-24T01:09:42.673079+00:00,b70a3ec7f76076acec4fad6176089bf5,2026-06-25T02:10:00Z,fanduel,FanDuel,player_points_rebounds,Under,Rhyne Howard,21.5,-112,2026-06-24T01:09:34Z,Golden State Valkyries,Atlanta Dream
2026-06-24T01:09:42.673079+00:00,b70a3ec7f76076acec4fad6176089bf5,2026-06-25T02:10:00Z,fanduel,FanDuel,player_points_rebounds,Over,Allisha Gray,21.5,-104,2026-06-24T01:09:34Z,Golden State Valkyries,Atlanta Dream
2026-06-24T01:09:42.673079+00:00,b70a3ec7f76076acec4fad6176089bf5,2026-06-25T02:10:00Z,fanduel,FanDuel,player_points_rebounds,Under,Allisha Gray,21.5,-128,2026-06-24T01:09:34Z,Golden State Valkyries,Atlanta Dream
2026-06-24T01:09:42.673079+00:00,b70a3ec7f76076acec4fad6176089bf5,2026-06-25T02:10:00Z,fanduel,FanDuel,player_points_rebounds_assists,Over,Angel Reese,28.5,-114,2026-06-24T01:09:34Z,Golden State Valkyries,Atlanta Dream
2026-06-24T01:09:42.673079+00:00,b70a3ec7f76076acec4fad6176089bf5,2026-06-25T02:10:00Z,fanduel,FanDuel,player_points_rebounds_assists,Under,Angel Reese,28.5,-114,2026-06-24T01:09:34Z,Golden State Valkyries,Atlanta Dream
2026-06-24T01:09:42.673079+00:00,b70a3ec7f76076acec4fad6176089bf5,2026-06-25T02:10:00Z,fanduel,FanDuel,player_points_rebounds_assists,Over,Jordin Canada,20.5,-122,2026-06-24T01:09:34Z,Golden State Valkyries,Atlanta Dream
2026-06-24T01:09:42.673079+00:00,b70a3ec7f76076acec4fad6176089bf5,2026-06-25T02:10:00Z,fanduel,FanDuel,player_points_rebounds_assists,Under,Jordin Canada,20.5,-108,2026-06-24T01:09:34Z,Golden State Valkyries,Atlanta Dream
2026-06-24T01:09:42.673079+00:00,b70a3ec7f76076acec4fad6176089bf5,2026-06-25T02:10:00Z,fanduel,FanDuel,player_points_rebounds_assists,Over,Veronica Burton,20.5,-125,2026-06-24T01:09:34Z,Golden State Valkyries,Atlanta Dream
2026-06-24T01:09:42.673079+00:00,b70a3ec7f76076acec4fad6176089bf5,2026-06-25T02:10:00Z,fanduel,FanDuel,player_points_rebounds_assists,Under,Veronica Burton,20.5,-106,2026-06-24T01:09:34Z,Golden State Valkyries,Atlanta Dream
2026-06-24T01:09:42.673079+00:00,b70a3ec7f76076acec4fad6176089bf5,2026-06-25T02:10:00Z,fanduel,FanDuel,player_points_rebounds_assists,Over,Rhyne Howard,25.5,-114,2026-06-24T01:09:34Z,Golden State Valkyries,Atlanta Dream
2026-06-24T01:09:42.673079+00:00,b70a3ec7f76076acec4fad6176089bf5,2026-06-25T02:10:00Z,fanduel,FanDuel,player_points_rebounds_assists,Under,Rhyne Howard,25.5,-114,2026-06-24T01:09:34Z,Golden State Valkyries,Atlanta Dream
2026-06-24T01:09:42.673079+00:00,b70a3ec7f76076acec4fad6176089bf5,2026-06-25T02:10:00Z,fanduel,FanDuel,player_points_rebounds_assists,Over,Gabby Williams,21.5,-102,2026-06-24T01:09:34Z,Golden State Valkyries,Atlanta Dream
2026-06-24T01:09:42.673079+00:00,b70a3ec7f76076acec4fad6176089bf5,2026-06-25T02:10:00Z,fanduel,FanDuel,player_points_rebounds_assists,Under,Gabby Williams,21.5,-130,2026-06-24T01:09:34Z,Golden State Valkyries,Atlanta Dream
2026-06-24T01:09:42.673079+00:00,b70a3ec7f76076acec4fad6176089bf5,2026-06-25T02:10:00Z,fanduel,FanDuel,player_points_rebounds_assists,Over,Janelle Salaun,18.5,-120,2026-06-24T01:09:34Z,Golden State Valkyries,Atlanta Dream
2026-06-24T01:09:42.673079+00:00,b70a3ec7f76076acec4fad6176089bf5,2026-06-25T02:10:00Z,fanduel,FanDuel,player_points_rebounds_assists,Under,Janelle Salaun,18.5,-110,2026-06-24T01:09:34Z,Golden State Valkyries,Atlanta Dream
2026-06-24T01:09:42.673079+00:00,b70a3ec7f76076acec4fad6176089bf5,2026-06-25T02:10:00Z,fanduel,FanDuel,player_points_rebounds_assists,Over,Allisha Gray,23.5,-118,2026-06-24T01:09:34Z,Golden State Valkyries,Atlanta Dream
2026-06-24T01:09:42.673079+00:00,b70a3ec7f76076acec4fad6176089bf5,2026-06-25T02:10:00Z,fanduel,FanDuel,player_points_rebounds_assists,Under,Allisha Gray,23.5,-112,2026-06-24T01:09:34Z,Golden State Valkyries,Atlanta Dream
2026-06-24T01:09:42.673079+00:00,b70a3ec7f76076acec4fad6176089bf5,2026-06-25T02:10:00Z,fanduel,FanDuel,player_points_rebounds_assists,Over,Cecilia Zandalasini,12.5,-114,2026-06-24T01:09:34Z,Golden State Valkyries,Atlanta Dream
2026-06-24T01:09:42.673079+00:00,b70a3ec7f76076acec4fad6176089bf5,2026-06-25T02:10:00Z,fanduel,FanDuel,player_points_rebounds_assists,Under,Cecilia Zandalasini,12.5,-114,2026-06-24T01:09:34Z,Golden State Valkyries,Atlanta Dream
2026-06-24T01:09:42.673079+00:00,b70a3ec7f76076acec4fad6176089bf5,2026-06-25T02:10:00Z,fanduel,FanDuel,player_rebounds,Over,Kayla Thornton,5.5,118,2026-06-24T01:09:34Z,Golden State Valkyries,Atlanta Dream
2026-06-24T01:09:42.673079+00:00,b70a3ec7f76076acec4fad6176089bf5,2026-06-25T02:10:00Z,fanduel,FanDuel,player_rebounds,Under,Kayla Thornton,5.5,-158,2026-06-24T01:09:34Z,Golden State Valkyries,Atlanta Dream
2026-06-24T01:09:42.673079+00:00,b70a3ec7f76076acec4fad6176089bf5,2026-06-25T02:10:00Z,fanduel,FanDuel,player_rebounds,Over,Angel Reese,11.5,-114,2026-06-24T01:09:34Z,Golden State Valkyries,Atlanta Dream
2026-06-24T01:09:42.673079+00:00,b70a3ec7f76076acec4fad6176089bf5,2026-06-25T02:10:00Z,fanduel,FanDuel,player_rebounds,Under,Angel Reese,11.5,-114,2026-06-24T01:09:34Z,Golden State Valkyries,Atlanta Dream
2026-06-24T01:09:42.673079+00:00,b70a3ec7f76076acec4fad6176089bf5,2026-06-25T02:10:00Z,fanduel,FanDuel,player_rebounds,Over,Janelle Salaun,4.5,134,2026-06-24T01:09:34Z,Golden State Valkyries,Atlanta Dream
2026-06-24T01:09:42.673079+00:00,b70a3ec7f76076acec4fad6176089bf5,2026-06-25T02:10:00Z,fanduel,FanDuel,player_rebounds,Under,Janelle Salaun,4.5,-180,2026-06-24T01:09:34Z,Golden State Valkyries,Atlanta Dream
2026-06-24T01:09:42.673079+00:00,b70a3ec7f76076acec4fad6176089bf5,2026-06-25T02:10:00Z,fanduel,FanDuel,player_rebounds,Over,Jordin Canada,3.5,110,2026-06-24T01:09:34Z,Golden State Valkyries,Atlanta Dream
2026-06-24T01:09:42.673079+00:00,b70a3ec7f76076acec4fad6176089bf5,2026-06-25T02:10:00Z,fanduel,FanDuel,player_rebounds,Under,Jordin Canada,3.5,-146,2026-06-24T01:09:34Z,Golden State Valkyries,Atlanta Dream
2026-06-24T01:09:42.673079+00:00,b70a3ec7f76076acec4fad6176089bf5,2026-06-25T02:10:00Z,fanduel,FanDuel,player_rebounds,Over,Naz Hillmon,5.5,-144,2026-06-24T01:09:34Z,Golden State Valkyries,Atlanta Dream
2026-06-24T01:09:42.673079+00:00,b70a3ec7f76076acec4fad6176089bf5,2026-06-25T02:10:00Z,fanduel,FanDuel,player_rebounds,Under,Naz Hillmon,5.5,108,2026-06-24T01:09:34Z,Golden State Valkyries,Atlanta Dream
2026-06-24T01:09:42.673079+00:00,b70a3ec7f76076acec4fad6176089bf5,2026-06-25T02:10:00Z,fanduel,FanDuel,player_rebounds,Over,Veronica Burton,3.5,116,2026-06-24T01:09:34Z,Golden State Valkyries,Atlanta Dream
2026-06-24T01:09:42.673079+00:00,b70a3ec7f76076acec4fad6176089bf5,2026-06-25T02:10:00Z,fanduel,FanDuel,player_rebounds,Under,Veronica Burton,3.5,-154,2026-06-24T01:09:34Z,Golden State Valkyries,Atlanta Dream
2026-06-24T01:09:42.673079+00:00,b70a3ec7f76076acec4fad6176089bf5,2026-06-25T02:10:00Z,fanduel,FanDuel,player_rebounds,Over,Rhyne Howard,3.5,-136,2026-06-24T01:09:34Z,Golden State Valkyries,Atlanta Dream
2026-06-24T01:09:42.673079+00:00,b70a3ec7f76076acec4fad6176089bf5,2026-06-25T02:10:00Z,fanduel,FanDuel,player_rebounds,Under,Rhyne Howard,3.5,102,2026-06-24T01:09:34Z,Golden State Valkyries,Atlanta Dream
2026-06-24T01:09:42.673079+00:00,b70a3ec7f76076acec4fad6176089bf5,2026-06-25T02:10:00Z,fanduel,FanDuel,player_rebounds,Over,Allisha Gray,3.5,116,2026-06-24T01:09:34Z,Golden State Valkyries,Atlanta Dream
2026-06-24T01:09:42.673079+00:00,b70a3ec7f76076acec4fad6176089bf5,2026-06-25T02:10:00Z,fanduel,FanDuel,player_rebounds,Under,Allisha Gray,3.5,-154,2026-06-24T01:09:34Z,Golden State Valkyries,Atlanta Dream
2026-06-24T01:09:42.673079+00:00,b70a3ec7f76076acec4fad6176089bf5,2026-06-25T02:10:00Z,fanduel,FanDuel,player_rebounds,Over,Gabby Williams,3.5,100,2026-06-24T01:09:34Z,Golden State Valkyries,Atlanta Dream
2026-06-24T01:09:42.673079+00:00,b70a3ec7f76076acec4fad6176089bf5,2026-06-25T02:10:00Z,fanduel,FanDuel,player_rebounds,Under,Gabby Williams,3.5,-132,2026-06-24T01:09:34Z,Golden State Valkyries,Atlanta Dream
2026-06-24T01:09:42.673079+00:00,b70a3ec7f76076acec4fad6176089bf5,2026-06-25T02:10:00Z,fanduel,FanDuel,player_rebounds_assists,Over,Jordin Canada,9.5,-122,2026-06-24T01:09:34Z,Golden State Valkyries,Atlanta Dream
2026-06-24T01:09:42.673079+00:00,b70a3ec7f76076acec4fad6176089bf5,2026-06-25T02:10:00Z,fanduel,FanDuel,player_rebounds_assists,Under,Jordin Canada,9.5,-108,2026-06-24T01:09:34Z,Golden State Valkyries,Atlanta Dream
2026-06-24T01:09:42.673079+00:00,b70a3ec7f76076acec4fad6176089bf5,2026-06-25T02:10:00Z,fanduel,FanDuel,player_rebounds_assists,Over,Veronica Burton,8.5,-132,2026-06-24T01:09:34Z,Golden State Valkyries,Atlanta Dream
2026-06-24T01:09:42.673079+00:00,b70a3ec7f76076acec4fad6176089bf5,2026-06-25T02:10:00Z,fanduel,FanDuel,player_rebounds_assists,Under,Veronica Burton,8.5,100,2026-06-24T01:09:34Z,Golden State Valkyries,Atlanta Dream
2026-06-24T01:09:42.673079+00:00,b70a3ec7f76076acec4fad6176089bf5,2026-06-25T02:10:00Z,fanduel,FanDuel,player_rebounds_assists,Over,Rhyne Howard,7.5,-112,2026-06-24T01:09:34Z,Golden State Valkyries,Atlanta Dream
2026-06-24T01:09:42.673079+00:00,b70a3ec7f76076acec4fad6176089bf5,2026-06-25T02:10:00Z,fanduel,FanDuel,player_rebounds_assists,Under,Rhyne Howard,7.5,-118,2026-06-24T01:09:34Z,Golden State Valkyries,Atlanta Dream
2026-06-24T01:09:42.673079+00:00,b70a3ec7f76076acec4fad6176089bf5,2026-06-25T02:10:00Z,fanduel,FanDuel,player_rebounds_assists,Over,Angel Reese,14.5,-110,2026-06-24T01:09:34Z,Golden State Valkyries,Atlanta Dream
2026-06-24T01:09:42.673079+00:00,b70a3ec7f76076acec4fad6176089bf5,2026-06-25T02:10:00Z,fanduel,FanDuel,player_rebounds_assists,Under,Angel Reese,14.5,-120,2026-06-24T01:09:34Z,Golden State Valkyries,Atlanta Dream
2026-06-24T01:09:42.673079+00:00,b70a3ec7f76076acec4fad6176089bf5,2026-06-25T02:10:00Z,fanduel,FanDuel,player_threes,Over,Gabby Williams,1.5,-154,2026-06-24T01:09:34Z,Golden State Valkyries,Atlanta Dream
2026-06-24T01:09:42.673079+00:00,b70a3ec7f76076acec4fad6176089bf5,2026-06-25T02:10:00Z,fanduel,FanDuel,player_threes,Under,Gabby Williams,1.5,116,2026-06-24T01:09:34Z,Golden State Valkyries,Atlanta Dream
2026-06-24T01:09:42.673079+00:00,b70a3ec7f76076acec4fad6176089bf5,2026-06-25T02:10:00Z,fanduel,FanDuel,player_threes,Over,Kayla Thornton,1.5,138,2026-06-24T01:09:34Z,Golden State Valkyries,Atlanta Dream
2026-06-24T01:09:42.673079+00:00,b70a3ec7f76076acec4fad6176089bf5,2026-06-25T02:10:00Z,fanduel,FanDuel,player_threes,Under,Kayla Thornton,1.5,-186,2026-06-24T01:09:34Z,Golden State Valkyries,Atlanta Dream
2026-06-24T01:09:42.673079+00:00,b70a3ec7f76076acec4fad6176089bf5,2026-06-25T02:10:00Z,fanduel,FanDuel,player_threes,Over,Veronica Burton,1.5,148,2026-06-24T01:09:34Z,Golden State Valkyries,Atlanta Dream
2026-06-24T01:09:42.673079+00:00,b70a3ec7f76076acec4fad6176089bf5,2026-06-25T02:10:00Z,fanduel,FanDuel,player_threes,Under,Veronica Burton,1.5,-200,2026-06-24T01:09:34Z,Golden State Valkyries,Atlanta Dream
2026-06-24T01:09:42.673079+00:00,b70a3ec7f76076acec4fad6176089bf5,2026-06-25T02:10:00Z,fanduel,FanDuel,player_threes,Over,Rhyne Howard,2.5,-154,2026-06-24T01:09:34Z,Golden State Valkyries,Atlanta Dream
2026-06-24T01:09:42.673079+00:00,b70a3ec7f76076acec4fad6176089bf5,2026-06-25T02:10:00Z,fanduel,FanDuel,player_threes,Under,Rhyne Howard,2.5,116,2026-06-24T01:09:34Z,Golden State Valkyries,Atlanta Dream
2026-06-24T01:09:42.673079+00:00,b70a3ec7f76076acec4fad6176089bf5,2026-06-25T02:10:00Z,fanduel,FanDuel,player_threes,Over,Cecilia Zandalasini,1.5,138,2026-06-24T01:09:34Z,Golden State Valkyries,Atlanta Dream
2026-06-24T01:09:42.673079+00:00,b70a3ec7f76076acec4fad6176089bf5,2026-06-25T02:10:00Z,fanduel,FanDuel,player_threes,Under,Cecilia Zandalasini,1.5,-186,2026-06-24T01:09:34Z,Golden State Valkyries,Atlanta Dream
2026-06-24T01:09:42.673079+00:00,b70a3ec7f76076acec4fad6176089bf5,2026-06-25T02:10:00Z,fanduel,FanDuel,player_threes,Over,Allisha Gray,1.5,-136,2026-06-24T01:09:34Z,Golden State Valkyries,Atlanta Dream
2026-06-24T01:09:42.673079+00:00,b70a3ec7f76076acec4fad6176089bf5,2026-06-25T02:10:00Z,fanduel,FanDuel,player_threes,Under,Allisha Gray,1.5,102,2026-06-24T01:09:34Z,Golden State Valkyries,Atlanta Dream
2026-06-24T01:09:42.673079+00:00,b70a3ec7f76076acec4fad6176089bf5,2026-06-25T02:10:00Z,fanduel,FanDuel,player_threes,Over,Janelle Salaun,2.5,140,2026-06-24T01:09:34Z,Golden State Valkyries,Atlanta Dream
2026-06-24T01:09:42.673079+00:00,b70a3ec7f76076acec4fad6176089bf5,2026-06-25T02:10:00Z,fanduel,FanDuel,player_threes,Under,Janelle Salaun,2.5,-188,2026-06-24T01:09:34Z,Golden State Valkyries,Atlanta Dream
2026-06-24T01:09:42.673079+00:00,b70a3ec7f76076acec4fad6176089bf5,2026-06-25T02:10:00Z,betonlineag,BetOnline.ag,player_assists,Over,Allisha Gray,2.5,103,2026-06-24T01:09:41Z,Golden State Valkyries,Atlanta Dream
2026-06-24T01:09:42.673079+00:00,b70a3ec7f76076acec4fad6176089bf5,2026-06-25T02:10:00Z,betonlineag,BetOnline.ag,player_assists,Under,Allisha Gray,2.5,-133,2026-06-24T01:09:41Z,Golden State Valkyries,Atlanta Dream
2026-06-24T01:09:42.673079+00:00,b70a3ec7f76076acec4fad6176089bf5,2026-06-25T02:10:00Z,betonlineag,BetOnline.ag,player_assists,Over,Jordin Canada,6.5,112,2026-06-24T01:09:41Z,Golden State Valkyries,Atlanta Dream
2026-06-24T01:09:42.673079+00:00,b70a3ec7f76076acec4fad6176089bf5,2026-06-25T02:10:00Z,betonlineag,BetOnline.ag,player_assists,Under,Jordin Canada,6.5,-145,2026-06-24T01:09:41Z,Golden State Valkyries,Atlanta Dream
2026-06-24T01:09:42.673079+00:00,b70a3ec7f76076acec4fad6176089bf5,2026-06-25T02:10:00Z,betonlineag,BetOnline.ag,player_assists,Over,Rhyne Howard,3.5,-119,2026-06-24T01:09:41Z,Golden State Valkyries,Atlanta Dream
2026-06-24T01:09:42.673079+00:00,b70a3ec7f76076acec4fad6176089bf5,2026-06-25T02:10:00Z,betonlineag,BetOnline.ag,player_assists,Under,Rhyne Howard,3.5,-109,2026-06-24T01:09:41Z,Golden State Valkyries,Atlanta Dream
2026-06-24T01:09:42.673079+00:00,b70a3ec7f76076acec4fad6176089bf5,2026-06-25T02:10:00Z,betonlineag,BetOnline.ag,player_assists,Over,Veronica Burton,5.5,-101,2026-06-24T01:09:41Z,Golden State Valkyries,Atlanta Dream
2026-06-24T01:09:42.673079+00:00,b70a3ec7f76076acec4fad6176089bf5,2026-06-25T02:10:00Z,betonlineag,BetOnline.ag,player_assists,Under,Veronica Burton,5.5,-128,2026-06-24T01:09:41Z,Golden State Valkyries,Atlanta Dream
2026-06-24T01:09:42.673079+00:00,b70a3ec7f76076acec4fad6176089bf5,2026-06-25T02:10:00Z,betonlineag,BetOnline.ag,player_assists,Over,Angel Reese,2.5,-145,2026-06-24T01:09:41Z,Golden State Valkyries,Atlanta Dream
2026-06-24T01:09:42.673079+00:00,b70a3ec7f76076acec4fad6176089bf5,2026-06-25T02:10:00Z,betonlineag,BetOnline.ag,player_assists,Under,Angel Reese,2.5,111,2026-06-24T01:09:41Z,Golden State Valkyries,Atlanta Dream
2026-06-24T01:09:42.673079+00:00,b70a3ec7f76076acec4fad6176089bf5,2026-06-25T02:10:00Z,betonlineag,BetOnline.ag,player_assists,Over,Gabby Williams,2.5,107,2026-06-24T01:09:41Z,Golden State Valkyries,Atlanta Dream
2026-06-24T01:09:42.673079+00:00,b70a3ec7f76076acec4fad6176089bf5,2026-06-25T02:10:00Z,betonlineag,BetOnline.ag,player_assists,Under,Gabby Williams,2.5,-139,2026-06-24T01:09:41Z,Golden State Valkyries,Atlanta Dream
2026-06-24T01:09:42.673079+00:00,b70a3ec7f76076acec4fad6176089bf5,2026-06-25T02:10:00Z,betonlineag,BetOnline.ag,player_assists,Over,Cecilia Zandalasini,2.5,164,2026-06-24T01:09:41Z,Golden State Valkyries,Atlanta Dream
2026-06-24T01:09:42.673079+00:00,b70a3ec7f76076acec4fad6176089bf5,2026-06-25T02:10:00Z,betonlineag,BetOnline.ag,player_assists,Under,Cecilia Zandalasini,2.5,-217,2026-06-24T01:09:41Z,Golden State Valkyries,Atlanta Dream
2026-06-24T01:09:42.673079+00:00,b70a3ec7f76076acec4fad6176089bf5,2026-06-25T02:10:00Z,betonlineag,BetOnline.ag,player_points,Over,Rhyne Howard,17.5,-120,2026-06-24T01:09:41Z,Golden State Valkyries,Atlanta Dream
2026-06-24T01:09:42.673079+00:00,b70a3ec7f76076acec4fad6176089bf5,2026-06-25T02:10:00Z,betonlineag,BetOnline.ag,player_points,Under,Rhyne Howard,17.5,-108,2026-06-24T01:09:41Z,Golden State Valkyries,Atlanta Dream
2026-06-24T01:09:42.673079+00:00,b70a3ec7f76076acec4fad6176089bf5,2026-06-25T02:10:00Z,betonlineag,BetOnline.ag,player_points,Over,Allisha Gray,17.5,-120,2026-06-24T01:09:41Z,Golden State Valkyries,Atlanta Dream
2026-06-24T01:09:42.673079+00:00,b70a3ec7f76076acec4fad6176089bf5,2026-06-25T02:10:00Z,betonlineag,BetOnline.ag,player_points,Under,Allisha Gray,17.5,-108,2026-06-24T01:09:41Z,Golden State Valkyries,Atlanta Dream
2026-06-24T01:09:42.673079+00:00,b70a3ec7f76076acec4fad6176089bf5,2026-06-25T02:10:00Z,betonlineag,BetOnline.ag,player_points,Over,Jordin Canada,10.5,-127,2026-06-24T01:09:41Z,Golden State Valkyries,Atlanta Dream
2026-06-24T01:09:42.673079+00:00,b70a3ec7f76076acec4fad6176089bf5,2026-06-25T02:10:00Z,betonlineag,BetOnline.ag,player_points,Under,Jordin Canada,10.5,-102,2026-06-24T01:09:41Z,Golden State Valkyries,Atlanta Dream
2026-06-24T01:09:42.673079+00:00,b70a3ec7f76076acec4fad6176089bf5,2026-06-25T02:10:00Z,betonlineag,BetOnline.ag,player_points,Over,Kayla Thornton,7.5,-128,2026-06-24T01:09:41Z,Golden State Valkyries,Atlanta Dream
2026-06-24T01:09:42.673079+00:00,b70a3ec7f76076acec4fad6176089bf5,2026-06-25T02:10:00Z,betonlineag,BetOnline.ag,player_points,Under,Kayla Thornton,7.5,-101,2026-06-24T01:09:41Z,Golden State Valkyries,Atlanta Dream
2026-06-24T01:09:42.673079+00:00,b70a3ec7f76076acec4fad6176089bf5,2026-06-25T02:10:00Z,betonlineag,BetOnline.ag,player_points,Over,Veronica Burton,11.5,-123,2026-06-24T01:09:41Z,Golden State Valkyries,Atlanta Dream
2026-06-24T01:09:42.673079+00:00,b70a3ec7f76076acec4fad6176089bf5,2026-06-25T02:10:00Z,betonlineag,BetOnline.ag,player_points,Under,Veronica Burton,11.5,-105,2026-06-24T01:09:41Z,Golden State Valkyries,Atlanta Dream
2026-06-24T01:09:42.673079+00:00,b70a3ec7f76076acec4fad6176089bf5,2026-06-25T02:10:00Z,betonlineag,BetOnline.ag,player_points,Over,Naz Hillmon,8.5,-119,2026-06-24T01:09:41Z,Golden State Valkyries,Atlanta Dream
2026-06-24T01:09:42.673079+00:00,b70a3ec7f76076acec4fad6176089bf5,2026-06-25T02:10:00Z,betonlineag,BetOnline.ag,player_points,Under,Naz Hillmon,8.5,-109,2026-06-24T01:09:41Z,Golden State Valkyries,Atlanta Dream
2026-06-24T01:09:42.673079+00:00,b70a3ec7f76076acec4fad6176089bf5,2026-06-25T02:10:00Z,betonlineag,BetOnline.ag,player_points,Over,Cecilia Zandalasini,8.5,-112,2026-06-24T01:09:41Z,Golden State Valkyries,Atlanta Dream
2026-06-24T01:09:42.673079+00:00,b70a3ec7f76076acec4fad6176089bf5,2026-06-25T02:10:00Z,betonlineag,BetOnline.ag,player_points,Under,Cecilia Zandalasini,8.5,-115,2026-06-24T01:09:41Z,Golden State Valkyries,Atlanta Dream
2026-06-24T01:09:42.673079+00:00,b70a3ec7f76076acec4fad6176089bf5,2026-06-25T02:10:00Z,betonlineag,BetOnline.ag,player_points,Over,Janelle Salaun,12.5,-128,2026-06-24T01:09:41Z,Golden State Valkyries,Atlanta Dream
2026-06-24T01:09:42.673079+00:00,b70a3ec7f76076acec4fad6176089bf5,2026-06-25T02:10:00Z,betonlineag,BetOnline.ag,player_points,Under,Janelle Salaun,12.5,-101,2026-06-24T01:09:41Z,Golden State Valkyries,Atlanta Dream
2026-06-24T01:09:42.673079+00:00,b70a3ec7f76076acec4fad6176089bf5,2026-06-25T02:10:00Z,betonlineag,BetOnline.ag,player_points,Over,Gabby Williams,14.5,-128,2026-06-24T01:09:41Z,Golden State Valkyries,Atlanta Dream
2026-06-24T01:09:42.673079+00:00,b70a3ec7f76076acec4fad6176089bf5,2026-06-25T02:10:00Z,betonlineag,BetOnline.ag,player_points,Under,Gabby Williams,14.5,-101,2026-06-24T01:09:41Z,Golden State Valkyries,Atlanta Dream
2026-06-24T01:09:42.673079+00:00,b70a3ec7f76076acec4fad6176089bf5,2026-06-25T02:10:00Z,betonlineag,BetOnline.ag,player_points,Over,Angel Reese,14.5,109,2026-06-24T01:09:41Z,Golden State Valkyries,Atlanta Dream
2026-06-24T01:09:42.673079+00:00,b70a3ec7f76076acec4fad6176089bf5,2026-06-25T02:10:00Z,betonlineag,BetOnline.ag,player_points,Under,Angel Reese,14.5,-141,2026-06-24T01:09:41Z,Golden State Valkyries,Atlanta Dream
2026-06-24T01:09:42.673079+00:00,b70a3ec7f76076acec4fad6176089bf5,2026-06-25T02:10:00Z,betonlineag,BetOnline.ag,player_points_rebounds_assists,Over,Jordin Canada,20.5,-116,2026-06-24T01:09:41Z,Golden State Valkyries,Atlanta Dream
2026-06-24T01:09:42.673079+00:00,b70a3ec7f76076acec4fad6176089bf5,2026-06-25T02:10:00Z,betonlineag,BetOnline.ag,player_points_rebounds_assists,Under,Jordin Canada,20.5,-111,2026-06-24T01:09:41Z,Golden State Valkyries,Atlanta Dream
2026-06-24T01:09:42.673079+00:00,b70a3ec7f76076acec4fad6176089bf5,2026-06-25T02:10:00Z,betonlineag,BetOnline.ag,player_points_rebounds_assists,Over,Allisha Gray,23.5,-116,2026-06-24T01:09:41Z,Golden State Valkyries,Atlanta Dream
2026-06-24T01:09:42.673079+00:00,b70a3ec7f76076acec4fad6176089bf5,2026-06-25T02:10:00Z,betonlineag,BetOnline.ag,player_points_rebounds_assists,Under,Allisha Gray,23.5,-111,2026-06-24T01:09:41Z,Golden State Valkyries,Atlanta Dream
2026-06-24T01:09:42.673079+00:00,b70a3ec7f76076acec4fad6176089bf5,2026-06-25T02:10:00Z,betonlineag,BetOnline.ag,player_points_rebounds_assists,Over,Rhyne Howard,25.5,-112,2026-06-24T01:09:41Z,Golden State Valkyries,Atlanta Dream
2026-06-24T01:09:42.673079+00:00,b70a3ec7f76076acec4fad6176089bf5,2026-06-25T02:10:00Z,betonlineag,BetOnline.ag,player_points_rebounds_assists,Under,Rhyne Howard,25.5,-115,2026-06-24T01:09:41Z,Golden State Valkyries,Atlanta Dream
2026-06-24T01:09:42.673079+00:00,b70a3ec7f76076acec4fad6176089bf5,2026-06-25T02:10:00Z,betonlineag,BetOnline.ag,player_points_rebounds_assists,Over,Cecilia Zandalasini,12.5,-114,2026-06-24T01:09:41Z,Golden State Valkyries,Atlanta Dream
2026-06-24T01:09:42.673079+00:00,b70a3ec7f76076acec4fad6176089bf5,2026-06-25T02:10:00Z,betonlineag,BetOnline.ag,player_points_rebounds_assists,Under,Cecilia Zandalasini,12.5,-114,2026-06-24T01:09:41Z,Golden State Valkyries,Atlanta Dream
2026-06-24T01:09:42.673079+00:00,b70a3ec7f76076acec4fad6176089bf5,2026-06-25T02:10:00Z,betonlineag,BetOnline.ag,player_points_rebounds_assists,Over,Veronica Burton,20.5,-122,2026-06-24T01:09:41Z,Golden State Valkyries,Atlanta Dream
2026-06-24T01:09:42.673079+00:00,b70a3ec7f76076acec4fad6176089bf5,2026-06-25T02:10:00Z,betonlineag,BetOnline.ag,player_points_rebounds_assists,Under,Veronica Burton,20.5,-106,2026-06-24T01:09:41Z,Golden State Valkyries,Atlanta Dream
2026-06-24T01:09:42.673079+00:00,b70a3ec7f76076acec4fad6176089bf5,2026-06-25T02:10:00Z,betonlineag,BetOnline.ag,player_points_rebounds_assists,Over,Janelle Salaun,18.5,-118,2026-06-24T01:09:41Z,Golden State Valkyries,Atlanta Dream
2026-06-24T01:09:42.673079+00:00,b70a3ec7f76076acec4fad6176089bf5,2026-06-25T02:10:00Z,betonlineag,BetOnline.ag,player_points_rebounds_assists,Under,Janelle Salaun,18.5,-110,2026-06-24T01:09:41Z,Golden State Valkyries,Atlanta Dream
2026-06-24T01:09:42.673079+00:00,b70a3ec7f76076acec4fad6176089bf5,2026-06-25T02:10:00Z,betonlineag,BetOnline.ag,player_points_rebounds_assists,Over,Angel Reese,28.5,-106,2026-06-24T01:09:41Z,Golden State Valkyries,Atlanta Dream
2026-06-24T01:09:42.673079+00:00,b70a3ec7f76076acec4fad6176089bf5,2026-06-25T02:10:00Z,betonlineag,BetOnline.ag,player_points_rebounds_assists,Under,Angel Reese,28.5,-122,2026-06-24T01:09:41Z,Golden State Valkyries,Atlanta Dream
2026-06-24T01:09:42.673079+00:00,b70a3ec7f76076acec4fad6176089bf5,2026-06-25T02:10:00Z,betonlineag,BetOnline.ag,player_points_rebounds_assists,Over,Gabby Williams,21.5,103,2026-06-24T01:09:41Z,Golden State Valkyries,Atlanta Dream
2026-06-24T01:09:42.673079+00:00,b70a3ec7f76076acec4fad6176089bf5,2026-06-25T02:10:00Z,betonlineag,BetOnline.ag,player_points_rebounds_assists,Under,Gabby Williams,21.5,-133,2026-06-24T01:09:41Z,Golden State Valkyries,Atlanta Dream
2026-06-24T01:09:42.673079+00:00,b70a3ec7f76076acec4fad6176089bf5,2026-06-25T02:10:00Z,betonlineag,BetOnline.ag,player_points_rebounds_assists,Over,Naz Hillmon,16.5,-116,2026-06-24T01:09:41Z,Golden State Valkyries,Atlanta Dream
2026-06-24T01:09:42.673079+00:00,b70a3ec7f76076acec4fad6176089bf5,2026-06-25T02:10:00Z,betonlineag,BetOnline.ag,player_points_rebounds_assists,Under,Naz Hillmon,16.5,-111,2026-06-24T01:09:41Z,Golden State Valkyries,Atlanta Dream
2026-06-24T01:09:42.673079+00:00,b70a3ec7f76076acec4fad6176089bf5,2026-06-25T02:10:00Z,betonlineag,BetOnline.ag,player_rebounds,Over,Rhyne Howard,3.5,-130,2026-06-24T01:09:41Z,Golden State Valkyries,Atlanta Dream
2026-06-24T01:09:42.673079+00:00,b70a3ec7f76076acec4fad6176089bf5,2026-06-25T02:10:00Z,betonlineag,BetOnline.ag,player_rebounds,Under,Rhyne Howard,3.5,100,2026-06-24T01:09:41Z,Golden State Valkyries,Atlanta Dream
2026-06-24T01:09:42.673079+00:00,b70a3ec7f76076acec4fad6176089bf5,2026-06-25T02:10:00Z,betonlineag,BetOnline.ag,player_rebounds,Over,Allisha Gray,3.5,118,2026-06-24T01:09:41Z,Golden State Valkyries,Atlanta Dream
2026-06-24T01:09:42.673079+00:00,b70a3ec7f76076acec4fad6176089bf5,2026-06-25T02:10:00Z,betonlineag,BetOnline.ag,player_rebounds,Under,Allisha Gray,3.5,-154,2026-06-24T01:09:41Z,Golden State Valkyries,Atlanta Dream
2026-06-24T01:09:42.673079+00:00,b70a3ec7f76076acec4fad6176089bf5,2026-06-25T02:10:00Z,betonlineag,BetOnline.ag,player_rebounds,Over,Jordin Canada,3.5,110,2026-06-24T01:09:41Z,Golden State Valkyries,Atlanta Dream
2026-06-24T01:09:42.673079+00:00,b70a3ec7f76076acec4fad6176089bf5,2026-06-25T02:10:00Z,betonlineag,BetOnline.ag,player_rebounds,Under,Jordin Canada,3.5,-143,2026-06-24T01:09:41Z,Golden State Valkyries,Atlanta Dream
2026-06-24T01:09:42.673079+00:00,b70a3ec7f76076acec4fad6176089bf5,2026-06-25T02:10:00Z,betonlineag,BetOnline.ag,player_rebounds,Over,Veronica Burton,3.5,120,2026-06-24T01:09:41Z,Golden State Valkyries,Atlanta Dream
2026-06-24T01:09:42.673079+00:00,b70a3ec7f76076acec4fad6176089bf5,2026-06-25T02:10:00Z,betonlineag,BetOnline.ag,player_rebounds,Under,Veronica Burton,3.5,-156,2026-06-24T01:09:41Z,Golden State Valkyries,Atlanta Dream
2026-06-24T01:09:42.673079+00:00,b70a3ec7f76076acec4fad6176089bf5,2026-06-25T02:10:00Z,betonlineag,BetOnline.ag,player_rebounds,Over,Naz Hillmon,5.5,-137,2026-06-24T01:09:41Z,Golden State Valkyries,Atlanta Dream
2026-06-24T01:09:42.673079+00:00,b70a3ec7f76076acec4fad6176089bf5,2026-06-25T02:10:00Z,betonlineag,BetOnline.ag,player_rebounds,Under,Naz Hillmon,5.5,106,2026-06-24T01:09:41Z,Golden State Valkyries,Atlanta Dream
2026-06-24T01:09:42.673079+00:00,b70a3ec7f76076acec4fad6176089bf5,2026-06-25T02:10:00Z,betonlineag,BetOnline.ag,player_rebounds,Over,Kayla Thornton,5.5,122,2026-06-24T01:09:41Z,Golden State Valkyries,Atlanta Dream
2026-06-24T01:09:42.673079+00:00,b70a3ec7f76076acec4fad6176089bf5,2026-06-25T02:10:00Z,betonlineag,BetOnline.ag,player_rebounds,Under,Kayla Thornton,5.5,-159,2026-06-24T01:09:41Z,Golden State Valkyries,Atlanta Dream
2026-06-24T01:09:42.673079+00:00,b70a3ec7f76076acec4fad6176089bf5,2026-06-25T02:10:00Z,betonlineag,BetOnline.ag,player_rebounds,Over,Janelle Salaun,4.5,130,2026-06-24T01:09:41Z,Golden State Valkyries,Atlanta Dream
2026-06-24T01:09:42.673079+00:00,b70a3ec7f76076acec4fad6176089bf5,2026-06-25T02:10:00Z,betonlineag,BetOnline.ag,player_rebounds,Under,Janelle Salaun,4.5,-169,2026-06-24T01:09:41Z,Golden State Valkyries,Atlanta Dream
2026-06-24T01:09:42.673079+00:00,b70a3ec7f76076acec4fad6176089bf5,2026-06-25T02:10:00Z,betonlineag,BetOnline.ag,player_rebounds,Over,Gabby Williams,3.5,102,2026-06-24T01:09:41Z,Golden State Valkyries,Atlanta Dream
2026-06-24T01:09:42.673079+00:00,b70a3ec7f76076acec4fad6176089bf5,2026-06-25T02:10:00Z,betonlineag,BetOnline.ag,player_rebounds,Under,Gabby Williams,3.5,-132,2026-06-24T01:09:41Z,Golden State Valkyries,Atlanta Dream
2026-06-24T01:09:42.673079+00:00,b70a3ec7f76076acec4fad6176089bf5,2026-06-25T02:10:00Z,betonlineag,BetOnline.ag,player_rebounds,Over,Angel Reese,11.5,-111,2026-06-24T01:09:41Z,Golden State Valkyries,Atlanta Dream
2026-06-24T01:09:42.673079+00:00,b70a3ec7f76076acec4fad6176089bf5,2026-06-25T02:10:00Z,betonlineag,BetOnline.ag,player_rebounds,Under,Angel Reese,11.5,-116,2026-06-24T01:09:41Z,Golden State Valkyries,Atlanta Dream
2026-06-24T01:09:42.673079+00:00,b70a3ec7f76076acec4fad6176089bf5,2026-06-25T02:10:00Z,betonlineag,BetOnline.ag,player_threes,Over,Rhyne Howard,2.5,-152,2026-06-24T01:09:41Z,Golden State Valkyries,Atlanta Dream
2026-06-24T01:09:42.673079+00:00,b70a3ec7f76076acec4fad6176089bf5,2026-06-25T02:10:00Z,betonlineag,BetOnline.ag,player_threes,Under,Rhyne Howard,2.5,116,2026-06-24T01:09:41Z,Golden State Valkyries,Atlanta Dream
2026-06-24T01:09:42.673079+00:00,b70a3ec7f76076acec4fad6176089bf5,2026-06-25T02:10:00Z,betonlineag,BetOnline.ag,player_threes,Over,Allisha Gray,1.5,-130,2026-06-24T01:09:41Z,Golden State Valkyries,Atlanta Dream
2026-06-24T01:09:42.673079+00:00,b70a3ec7f76076acec4fad6176089bf5,2026-06-25T02:10:00Z,betonlineag,BetOnline.ag,player_threes,Under,Allisha Gray,1.5,100,2026-06-24T01:09:41Z,Golden State Valkyries,Atlanta Dream
2026-06-24T01:09:42.673079+00:00,b70a3ec7f76076acec4fad6176089bf5,2026-06-25T02:10:00Z,betonlineag,BetOnline.ag,player_threes,Over,Kayla Thornton,1.5,141,2026-06-24T01:09:41Z,Golden State Valkyries,Atlanta Dream
2026-06-24T01:09:42.673079+00:00,b70a3ec7f76076acec4fad6176089bf5,2026-06-25T02:10:00Z,betonlineag,BetOnline.ag,player_threes,Under,Kayla Thornton,1.5,-185,2026-06-24T01:09:41Z,Golden State Valkyries,Atlanta Dream
2026-06-24T01:09:42.673079+00:00,b70a3ec7f76076acec4fad6176089bf5,2026-06-25T02:10:00Z,betonlineag,BetOnline.ag,player_threes,Over,Cecilia Zandalasini,1.5,146,2026-06-24T01:09:41Z,Golden State Valkyries,Atlanta Dream
2026-06-24T01:09:42.673079+00:00,b70a3ec7f76076acec4fad6176089bf5,2026-06-25T02:10:00Z,betonlineag,BetOnline.ag,player_threes,Under,Cecilia Zandalasini,1.5,-192,2026-06-24T01:09:41Z,Golden State Valkyries,Atlanta Dream
2026-06-24T01:09:42.673079+00:00,b70a3ec7f76076acec4fad6176089bf5,2026-06-25T02:10:00Z,betonlineag,BetOnline.ag,player_threes,Over,Veronica Burton,1.5,152,2026-06-24T01:09:41Z,Golden State Valkyries,Atlanta Dream
2026-06-24T01:09:42.673079+00:00,b70a3ec7f76076acec4fad6176089bf5,2026-06-25T02:10:00Z,betonlineag,BetOnline.ag,player_threes,Under,Veronica Burton,1.5,-200,2026-06-24T01:09:41Z,Golden State Valkyries,Atlanta Dream
2026-06-24T01:09:42.673079+00:00,b70a3ec7f76076acec4fad6176089bf5,2026-06-25T02:10:00Z,betonlineag,BetOnline.ag,player_threes,Over,Janelle Salaun,2.5,141,2026-06-24T01:09:41Z,Golden State Valkyries,Atlanta Dream
2026-06-24T01:09:42.673079+00:00,b70a3ec7f76076acec4fad6176089bf5,2026-06-25T02:10:00Z,betonlineag,BetOnline.ag,player_threes,Under,Janelle Salaun,2.5,-185,2026-06-24T01:09:41Z,Golden State Valkyries,Atlanta Dream
2026-06-24T01:09:42.673079+00:00,b70a3ec7f76076acec4fad6176089bf5,2026-06-25T02:10:00Z,betonlineag,BetOnline.ag,player_threes,Over,Gabby Williams,1.5,-147,2026-06-24T01:09:41Z,Golden State Valkyries,Atlanta Dream
2026-06-24T01:09:42.673079+00:00,b70a3ec7f76076acec4fad6176089bf5,2026-06-25T02:10:00Z,betonlineag,BetOnline.ag,player_threes,Under,Gabby Williams,1.5,113,2026-06-24T01:09:41Z,Golden State Valkyries,Atlanta Dream
2026-06-24T01:09:42.673079+00:00,b70a3ec7f76076acec4fad6176089bf5,2026-06-25T02:10:00Z,betonlineag,BetOnline.ag,player_threes,Over,Naz Hillmon,1.5,178,2026-06-24T01:09:41Z,Golden State Valkyries,Atlanta Dream
2026-06-24T01:09:42.673079+00:00,b70a3ec7f76076acec4fad6176089bf5,2026-06-25T02:10:00Z,betonlineag,BetOnline.ag,player_threes,Under,Naz Hillmon,1.5,-238,2026-06-24T01:09:41Z,Golden State Valkyries,Atlanta Dream
2026-06-24T01:09:42.673079+00:00,b70a3ec7f76076acec4fad6176089bf5,2026-06-25T02:10:00Z,betonlineag,BetOnline.ag,player_threes,Over,Jordin Canada,0.5,-204,2026-06-24T01:09:41Z,Golden State Valkyries,Atlanta Dream
2026-06-24T01:09:42.673079+00:00,b70a3ec7f76076acec4fad6176089bf5,2026-06-25T02:10:00Z,betonlineag,BetOnline.ag,player_threes,Under,Jordin Canada,0.5,154,2026-06-24T01:09:41Z,Golden State Valkyries,Atlanta Dream
